o leg_left
v 0.02676 0.76276 0.02240
v -0.02628 0.76309 0.16563
v -0.02699 0.76270 0.03838
v 0.02418 0.76227 -0.05771
v -0.02606 0.76279 -0.05851
v -0.02996 0.78547 -0.08746
v 0.02676 0.76276 0.02240
v -0.02699 0.76270 0.03838
v -0.02606 0.76279 -0.05851
v 0.03590 0.81224 -0.10896
v -0.02996 0.78547 -0.08746
v -0.03611 0.81617 -0.11108
v -0.02713 0.69882 0.11624
v -0.01455 0.75690 0.03377
v -0.01483 0.75715 0.09695
v -0.01835 0.69438 0.10676
v -0.02010 0.69918 0.03137
v -0.02713 0.69882 0.11624
v -0.02713 0.69882 0.11624
v -0.02010 0.69918 0.03137
v -0.02680 0.70121 0.03604
v -0.02628 0.76309 0.16563
v 0.02615 0.76350 0.16770
v -0.03143 0.78600 0.19557
v -0.02699 0.76270 0.03838
v -0.03308 0.77473 -0.00659
v -0.02606 0.76279 -0.05851
v -0.02680 0.70121 0.03604
v -0.01455 0.75690 0.03377
v -0.02713 0.69882 0.11624
v -0.01835 0.69438 0.10676
v -0.02713 0.69882 0.11624
v -0.04478 0.70086 0.14270
v -0.01483 0.75715 0.09695
v -0.03277 0.76100 0.09451
v -0.04118 0.76039 0.13177
v -0.03308 0.77473 -0.00659
v -0.02699 0.76270 0.03838
v -0.03633 0.78144 0.01166
v -0.02628 0.76309 0.16563
v -0.03008 0.76941 0.09138
v -0.02699 0.76270 0.03838
v -0.03658 0.61952 0.10758
v -0.02010 0.69918 0.03137
v -0.01835 0.69438 0.10676
v -0.02680 0.70121 0.03604
v -0.05351 0.70684 -0.02678
v -0.01455 0.75690 0.03377
v -0.03277 0.76100 0.09451
v -0.01483 0.75715 0.09695
v -0.01455 0.75690 0.03377
v -0.02010 0.69918 0.03137
v -0.05351 0.70684 -0.02678
v -0.02680 0.70121 0.03604
v -0.01455 0.75690 0.03377
v -0.04956 0.76553 -0.04169
v -0.03825 0.76279 -0.00268
v -0.01455 0.75690 0.03377
v -0.03990 0.76557 0.03232
v -0.03277 0.76100 0.09451
v -0.03008 0.76941 0.09138
v -0.03493 0.77838 0.08301
v -0.02699 0.76270 0.03838
v -0.03493 0.77838 0.08301
v -0.03633 0.78144 0.01166
v -0.02699 0.76270 0.03838
v -0.03368 0.62691 0.03642
v -0.02010 0.69918 0.03137
v -0.03658 0.61952 0.10758
v -0.02628 0.76309 0.16563
v -0.03793 0.78408 0.13535
v -0.03008 0.76941 0.09138
v -0.03008 0.76941 0.09138
v -0.03277 0.76100 0.09451
v -0.03909 0.76489 0.08215
v -0.03008 0.76941 0.09138
v -0.03909 0.76489 0.08215
v -0.03493 0.77838 0.08301
v -0.01483 0.75715 0.09695
v -0.04118 0.76039 0.13177
v -0.02713 0.69882 0.11624
v -0.02628 0.76309 0.16563
v -0.03143 0.78600 0.19557
v -0.03793 0.78408 0.13535
v -0.03493 0.77838 0.08301
v -0.03990 0.76557 0.03232
v -0.03633 0.78144 0.01166
v -0.03909 0.76489 0.08215
v -0.03277 0.76100 0.09451
v -0.03990 0.76557 0.03232
v -0.05351 0.70684 -0.02678
v -0.04956 0.76553 -0.04169
v -0.01455 0.75690 0.03377
v -0.03008 0.76941 0.09138
v -0.03793 0.78408 0.13535
v -0.03858 0.78606 0.12776
v -0.04478 0.70086 0.14270
v -0.02713 0.69882 0.11624
v -0.05669 0.70535 0.13613
v -0.03368 0.62691 0.03642
v -0.04161 0.70464 -0.03548
v -0.02010 0.69918 0.03137
v -0.03633 0.78144 0.01166
v -0.03825 0.76279 -0.00268
v -0.03308 0.77473 -0.00659
v -0.03990 0.76557 0.03232
v -0.03493 0.77838 0.08301
v -0.03909 0.76489 0.08215
v -0.04118 0.76039 0.13177
v -0.03858 0.78606 0.12776
v -0.03793 0.78408 0.13535
v -0.03008 0.76941 0.09138
v -0.03858 0.78606 0.12776
v -0.03277 0.76100 0.09451
v -0.03990 0.76557 0.03232
v -0.01455 0.75690 0.03377
v -0.03825 0.76279 -0.00268
v -0.02996 0.78547 -0.08746
v -0.02606 0.76279 -0.05851
v -0.04511 0.79800 -0.04278
v -0.03633 0.78144 0.01166
v -0.03990 0.76557 0.03232
v -0.03825 0.76279 -0.00268
v -0.03658 0.61952 0.10758
v -0.05288 0.61974 0.08441
v -0.03368 0.62691 0.03642
v -0.03277 0.76100 0.09451
v -0.04522 0.76276 0.12412
v -0.04118 0.76039 0.13177
v -0.03858 0.78606 0.12776
v -0.04118 0.76039 0.13177
v -0.04522 0.76276 0.12412
v -0.03308 0.77473 -0.00659
v -0.03825 0.76279 -0.00268
v -0.05350 0.76601 -0.03514
v -0.05622 0.61804 0.13180
v -0.01835 0.69438 0.10676
v -0.04478 0.70086 0.14270
v -0.02606 0.76279 -0.05851
v -0.03308 0.77473 -0.00659
v -0.04511 0.79800 -0.04278
v -0.03277 0.76100 0.09451
v -0.03858 0.78606 0.12776
v -0.04522 0.76276 0.12412
v -0.03825 0.76279 -0.00268
v -0.04956 0.76553 -0.04169
v -0.05350 0.76601 -0.03514
v -0.02010 0.69918 0.03137
v -0.04161 0.70464 -0.03548
v -0.05351 0.70684 -0.02678
v -0.03611 0.81617 -0.11108
v -0.02996 0.78547 -0.08746
v -0.05677 0.84923 -0.07661
v -0.05669 0.70535 0.13613
v -0.02713 0.69882 0.11624
v -0.04118 0.76039 0.13177
v -0.02996 0.78547 -0.08746
v -0.04511 0.79800 -0.04278
v -0.05677 0.84923 -0.07661
v -0.03658 0.61952 0.10758
v -0.01835 0.69438 0.10676
v -0.05622 0.61804 0.13180
v -0.03368 0.62691 0.03642
v -0.06720 0.62382 -0.00992
v -0.05444 0.62749 -0.02472
v -0.04584 0.79778 -0.04789
v -0.05350 0.76601 -0.03514
v -0.04956 0.76553 -0.04169
v -0.04584 0.79778 -0.04789
v -0.04511 0.79800 -0.04278
v -0.05350 0.76601 -0.03514
v -0.05017 0.81357 0.15476
v -0.03793 0.78408 0.13535
v -0.03143 0.78600 0.19557
v -0.03368 0.62691 0.03642
v -0.05288 0.61974 0.08441
v -0.05105 0.62293 0.03921
v -0.04511 0.79800 -0.04278
v -0.03308 0.77473 -0.00659
v -0.05350 0.76601 -0.03514
v -0.04161 0.70464 -0.03548
v -0.03368 0.62691 0.03642
v -0.05444 0.62749 -0.02472
v -0.03143 0.78600 0.19557
v -0.05856 0.83800 0.16312
v -0.05017 0.81357 0.15476
v -0.05017 0.81357 0.15476
v -0.04118 0.76039 0.13177
v -0.03793 0.78408 0.13535
v -0.05105 0.62293 0.03921
v -0.05288 0.61974 0.08441
v -0.07193 0.53808 0.04576
v -0.04511 0.79800 -0.04278
v -0.04584 0.79778 -0.04789
v -0.06770 0.80815 -0.06326
v -0.06977 0.71063 -0.06063
v -0.04161 0.70464 -0.03548
v -0.09227 0.62217 -0.05154
v -0.04161 0.70464 -0.03548
v -0.05444 0.62749 -0.02472
v -0.09227 0.62217 -0.05154
v -0.05085 0.70372 0.16765
v -0.06519 0.61543 0.15423
v -0.04478 0.70086 0.14270
v -0.05085 0.70372 0.16765
v -0.04478 0.70086 0.14270
v -0.06666 0.70863 0.17963
v -0.05105 0.62293 0.03921
v -0.06720 0.62382 -0.00992
v -0.03368 0.62691 0.03642
v -0.05622 0.61804 0.13180
v -0.04478 0.70086 0.14270
v -0.06519 0.61543 0.15423
v -0.03658 0.61952 0.10758
v -0.05622 0.61804 0.13180
v -0.05288 0.61974 0.08441
v -0.04478 0.70086 0.14270
v -0.07873 0.71115 0.15842
v -0.06666 0.70863 0.17963
v -0.05348 0.83712 0.19616
v -0.05866 0.79806 0.18829
v -0.07113 0.78812 0.16355
v -0.06770 0.80815 -0.06326
v -0.04584 0.79778 -0.04789
v -0.06052 0.80411 -0.07102
v -0.05989 0.85340 -0.06234
v -0.04511 0.79800 -0.04278
v -0.06770 0.80815 -0.06326
v -0.05822 0.47282 0.07328
v -0.06308 0.44364 0.07713
v -0.06784 0.47506 0.03330
v -0.04478 0.70086 0.14270
v -0.05669 0.70535 0.13613
v -0.07873 0.71115 0.15842
v -0.06977 0.71063 -0.06063
v -0.05351 0.70684 -0.02678
v -0.04161 0.70464 -0.03548
v -0.06720 0.62382 -0.00992
v -0.05105 0.62293 0.03921
v -0.08671 0.53882 0.00140
v -0.07193 0.53808 0.04576
v -0.05288 0.61974 0.08441
v -0.07271 0.53249 0.09896
v -0.05856 0.83800 0.16312
v -0.07113 0.78812 0.16355
v -0.05017 0.81357 0.15476
v -0.07906 0.71368 -0.06273
v -0.04584 0.79778 -0.04789
v -0.04956 0.76553 -0.04169
v -0.05105 0.62293 0.03921
v -0.07193 0.53808 0.04576
v -0.08671 0.53882 0.00140
v -0.07906 0.71368 -0.06273
v -0.06052 0.80411 -0.07102
v -0.04584 0.79778 -0.04789
v -0.06977 0.71063 -0.06063
v -0.07906 0.71368 -0.06273
v -0.05351 0.70684 -0.02678
v -0.08828 0.47865 0.05192
v -0.05822 0.47282 0.07328
v -0.06784 0.47506 0.03330
v -0.05669 0.70535 0.13613
v -0.05017 0.81357 0.15476
v -0.07873 0.71115 0.15842
v -0.05288 0.61974 0.08441
v -0.05622 0.61804 0.13180
v -0.07588 0.61609 0.12831
v -0.05017 0.81357 0.15476
v -0.05669 0.70535 0.13613
v -0.04118 0.76039 0.13177
v -0.05622 0.61804 0.13180
v -0.06519 0.61543 0.15423
v -0.07588 0.61609 0.12831
v -0.05866 0.79806 0.18829
v -0.06945 0.71428 0.18202
v -0.07113 0.78812 0.16355
v -0.04956 0.76553 -0.04169
v -0.05351 0.70684 -0.02678
v -0.07906 0.71368 -0.06273
v -0.05444 0.62749 -0.02472
v -0.06720 0.62382 -0.00992
v -0.09227 0.62217 -0.05154
v -0.07588 0.61609 0.12831
v -0.07271 0.53249 0.09896
v -0.05288 0.61974 0.08441
v -0.08204 0.37374 0.03988
v -0.06308 0.44364 0.07713
v -0.07395 0.37180 0.07070
v -0.06982 0.46188 0.13650
v -0.06398 0.46263 0.11752
v -0.08367 0.46523 0.14867
v -0.06052 0.80411 -0.07102
v -0.08324 0.81520 -0.05853
v -0.06770 0.80815 -0.06326
v -0.07588 0.61609 0.12831
v -0.08888 0.53092 0.12486
v -0.07271 0.53249 0.09896
v -0.07113 0.78812 0.16355
v -0.06945 0.71428 0.18202
v -0.06666 0.70863 0.17963
v -0.08324 0.81520 -0.05853
v -0.06052 0.80411 -0.07102
v -0.08232 0.81596 -0.07967
v -0.06308 0.44364 0.07713
v -0.08204 0.37374 0.03988
v -0.06784 0.47506 0.03330
v -0.07649 0.36623 0.12490
v -0.06398 0.46263 0.11752
v -0.06982 0.46188 0.13650
v -0.05017 0.81357 0.15476
v -0.07113 0.78812 0.16355
v -0.07873 0.71115 0.15842
v -0.07649 0.36623 0.12490
v -0.06749 0.44209 0.11651
v -0.06398 0.46263 0.11752
v -0.06519 0.61543 0.15423
v -0.05085 0.70372 0.16765
v -0.06666 0.70863 0.17963
v -0.07540 0.44095 0.08771
v -0.06749 0.44209 0.11651
v -0.07649 0.36623 0.12490
v -0.08828 0.47865 0.05192
v -0.08583 0.47595 0.07738
v -0.05822 0.47282 0.07328
v -0.06945 0.71428 0.18202
v -0.05866 0.79806 0.18829
v -0.10318 0.72138 0.19674
v -0.06770 0.80815 -0.06326
v -0.08324 0.81520 -0.05853
v -0.08359 0.83032 -0.05809
v -0.07113 0.78812 0.16355
v -0.06666 0.70863 0.17963
v -0.07873 0.71115 0.15842
v -0.06308 0.44364 0.07713
v -0.07540 0.44095 0.08771
v -0.07395 0.37180 0.07070
v -0.06398 0.46263 0.11752
v -0.06749 0.44209 0.11651
v -0.11447 0.47086 0.10407
v -0.06977 0.71063 -0.06063
v -0.09227 0.62217 -0.05154
v -0.08324 0.71214 -0.08214
v -0.07906 0.71368 -0.06273
v -0.06977 0.71063 -0.06063
v -0.08324 0.71214 -0.08214
v -0.06519 0.61543 0.15423
v -0.08224 0.61604 0.16426
v -0.09247 0.61725 0.14282
v -0.09630 0.59283 -0.03001
v -0.06720 0.62382 -0.00992
v -0.08671 0.53882 0.00140
v -0.07649 0.36623 0.12490
v -0.06982 0.46188 0.13650
v -0.08320 0.36368 0.14534
v -0.11447 0.47086 0.10407
v -0.11614 0.47234 0.12077
v -0.08367 0.46523 0.14867
v -0.07540 0.44095 0.08771
v -0.07649 0.36623 0.12490
v -0.08674 0.37062 0.08810
v -0.08583 0.47595 0.07738
v -0.06308 0.44364 0.07713
v -0.05822 0.47282 0.07328
v -0.06519 0.61543 0.15423
v -0.09247 0.61725 0.14282
v -0.07588 0.61609 0.12831
v -0.08324 0.71214 -0.08214
v -0.10164 0.71677 -0.09251
v -0.07906 0.71368 -0.06273
v -0.09660 0.71673 -0.06991
v -0.06052 0.80411 -0.07102
v -0.07906 0.71368 -0.06273
v -0.06982 0.46188 0.13650
v -0.08367 0.46523 0.14867
v -0.08320 0.36368 0.14534
v -0.07540 0.44095 0.08771
v -0.08674 0.37062 0.08810
v -0.07395 0.37180 0.07070
v -0.06666 0.70863 0.17963
v -0.06945 0.71428 0.18202
v -0.10772 0.71891 0.20625
v -0.08320 0.36368 0.14534
v -0.08674 0.37062 0.08810
v -0.07649 0.36623 0.12490
v -0.06945 0.71428 0.18202
v -0.10318 0.72138 0.19674
v -0.10772 0.71891 0.20625
v -0.06052 0.80411 -0.07102
v -0.09660 0.71673 -0.06991
v -0.08232 0.81596 -0.07967
v -0.06784 0.47506 0.03330
v -0.10153 0.37437 0.00784
v -0.09026 0.47981 -0.00844
v -0.07540 0.44095 0.08771
v -0.12322 0.44675 0.08404
v -0.06749 0.44209 0.11651
v -0.06666 0.70863 0.17963
v -0.10772 0.71891 0.20625
v -0.12479 0.59751 0.18573
v -0.10153 0.37437 0.00784
v -0.06784 0.47506 0.03330
v -0.08204 0.37374 0.03988
v -0.07271 0.53249 0.09896
v -0.08874 0.53316 0.07646
v -0.08969 0.53657 0.03650
v -0.08207 0.84631 0.20835
v -0.10318 0.72138 0.19674
v -0.05866 0.79806 0.18829
v -0.08969 0.53657 0.03650
v -0.07193 0.53808 0.04576
v -0.07271 0.53249 0.09896
v -0.09077 0.36566 0.12525
v -0.08674 0.37062 0.08810
v -0.08320 0.36368 0.14534
v -0.08367 0.46523 0.14867
v -0.07726 0.46373 0.16875
v -0.08636 0.40422 0.17188
v -0.08320 0.36368 0.14534
v -0.08367 0.46523 0.14867
v -0.10030 0.36264 0.16326
v -0.08367 0.46523 0.14867
v -0.06398 0.46263 0.11752
v -0.11447 0.47086 0.10407
v -0.08671 0.53882 0.00140
v -0.07193 0.53808 0.04576
v -0.08969 0.53657 0.03650
v -0.08583 0.47595 0.07738
v -0.08828 0.47865 0.05192
v -0.08874 0.53316 0.07646
v -0.08828 0.47865 0.05192
v -0.08969 0.53657 0.03650
v -0.08874 0.53316 0.07646
v -0.07395 0.37180 0.07070
v -0.09235 0.37139 0.07373
v -0.08204 0.37374 0.03988
v -0.10113 0.59491 0.14348
v -0.09247 0.61725 0.14282
v -0.08224 0.61604 0.16426
v -0.08636 0.40422 0.17188
v -0.10030 0.36264 0.16326
v -0.08367 0.46523 0.14867
v -0.08583 0.47595 0.07738
v -0.08874 0.53316 0.07646
v -0.09348 0.53306 0.07987
v -0.06784 0.47506 0.03330
v -0.09026 0.47981 -0.00844
v -0.10326 0.48135 0.01278
v -0.08232 0.81596 -0.07967
v -0.09660 0.71673 -0.06991
v -0.08643 0.83288 -0.09083
v -0.07540 0.44095 0.08771
v -0.06308 0.44364 0.07713
v -0.12322 0.44675 0.08404
v -0.07726 0.46373 0.16875
v -0.08367 0.46523 0.14867
v -0.09533 0.46746 0.18174
v -0.07271 0.53249 0.09896
v -0.08888 0.53092 0.12486
v -0.10774 0.53042 0.12724
v -0.09348 0.53306 0.07987
v -0.08874 0.53316 0.07646
v -0.09299 0.53133 0.10506
v -0.08671 0.53882 0.00140
v -0.08969 0.53657 0.03650
v -0.10648 0.53892 -0.02077
v -0.07395 0.37180 0.07070
v -0.08674 0.37062 0.08810
v -0.09235 0.37139 0.07373
v -0.09348 0.53306 0.07987
v -0.09393 0.47607 0.08038
v -0.08583 0.47595 0.07738
v -0.09299 0.53133 0.10506
v -0.08874 0.53316 0.07646
v -0.07271 0.53249 0.09896
v -0.06666 0.70863 0.17963
v -0.08224 0.61604 0.16426
v -0.06519 0.61543 0.15423
v -0.10113 0.59491 0.14348
v -0.08224 0.61604 0.16426
v -0.09201 0.59531 0.16362
v -0.09227 0.62217 -0.05154
v -0.10256 0.62226 -0.06376
v -0.08324 0.71214 -0.08214
v -0.08674 0.37062 0.08810
v -0.09077 0.36566 0.12525
v -0.10070 0.37098 0.09301
v -0.06666 0.70863 0.17963
v -0.12479 0.59751 0.18573
v -0.08224 0.61604 0.16426
v -0.10030 0.36264 0.16326
v -0.09989 0.36198 0.14514
v -0.08320 0.36368 0.14534
v -0.10070 0.37098 0.09301
v -0.09235 0.37139 0.07373
v -0.08674 0.37062 0.08810
v -0.07588 0.61609 0.12831
v -0.09247 0.61725 0.14282
v -0.10113 0.59491 0.14348
v -0.10030 0.36264 0.16326
v -0.08636 0.40422 0.17188
v -0.09443 0.36358 0.18259
v -0.09348 0.53306 0.07987
v -0.09299 0.53133 0.10506
v -0.09021 0.47618 0.10510
v -0.10774 0.53042 0.12724
v -0.09299 0.53133 0.10506
v -0.07271 0.53249 0.09896
v -0.09348 0.53306 0.07987
v -0.09021 0.47618 0.10510
v -0.09393 0.47607 0.08038
v -0.09021 0.47618 0.10510
v -0.09299 0.53133 0.10506
v -0.10774 0.53042 0.12724
v -0.08828 0.47865 0.05192
v -0.10326 0.48135 0.01278
v -0.08969 0.53657 0.03650
v -0.10134 0.61897 -0.04547
v -0.06720 0.62382 -0.00992
v -0.09630 0.59283 -0.03001
v -0.10326 0.48135 0.01278
v -0.08828 0.47865 0.05192
v -0.06784 0.47506 0.03330
v -0.08888 0.53092 0.12486
v -0.07588 0.61609 0.12831
v -0.10777 0.53202 0.13949
v -0.09227 0.62217 -0.05154
v -0.06720 0.62382 -0.00992
v -0.10134 0.61897 -0.04547
v -0.09533 0.46746 0.18174
v -0.08367 0.46523 0.14867
v -0.13012 0.47149 0.20215
v -0.09077 0.36566 0.12525
v -0.08320 0.36368 0.14534
v -0.09989 0.36198 0.14514
v -0.08671 0.53882 0.00140
v -0.10648 0.53892 -0.02077
v -0.09630 0.59283 -0.03001
v -0.10134 0.61897 -0.04547
v -0.10256 0.62226 -0.06376
v -0.09227 0.62217 -0.05154
v -0.11593 0.27633 0.13426
v -0.09077 0.36566 0.12525
v -0.09989 0.36198 0.14514
v -0.09660 0.71673 -0.06991
v -0.07906 0.71368 -0.06273
v -0.10927 0.72065 -0.08275
v -0.08583 0.47595 0.07738
v -0.09393 0.47607 0.08038
v -0.11936 0.47880 0.08272
v -0.10318 0.72138 0.19674
v -0.08207 0.84631 0.20835
v -0.12087 0.77642 0.19772
v -0.11593 0.27633 0.13426
v -0.10070 0.37098 0.09301
v -0.09077 0.36566 0.12525
v -0.12437 0.46661 0.20123
v -0.08636 0.40422 0.17188
v -0.07726 0.46373 0.16875
v -0.09201 0.59531 0.16362
v -0.12479 0.59751 0.18573
v -0.10113 0.59491 0.14348
v -0.10164 0.71677 -0.09251
v -0.10927 0.72065 -0.08275
v -0.07906 0.71368 -0.06273
v -0.09026 0.47981 -0.00844
v -0.10153 0.37437 0.00784
v -0.12019 0.46111 -0.03808
v -0.08636 0.40422 0.17188
v -0.13821 0.42208 0.19956
v -0.09443 0.36358 0.18259
v -0.10113 0.59491 0.14348
v -0.10777 0.53202 0.13949
v -0.07588 0.61609 0.12831
v -0.10774 0.53042 0.12724
v -0.09872 0.47766 0.11806
v -0.09021 0.47618 0.10510
v -0.11706 0.36058 0.15951
v -0.10030 0.36264 0.16326
v -0.09443 0.36358 0.18259
v -0.07726 0.46373 0.16875
v -0.09533 0.46746 0.18174
v -0.12437 0.46661 0.20123
v -0.11012 0.48163 -0.02993
v -0.10326 0.48135 0.01278
v -0.09026 0.47981 -0.00844
v -0.08888 0.53092 0.12486
v -0.10777 0.53202 0.13949
v -0.10774 0.53042 0.12724
v -0.08969 0.53657 0.03650
v -0.10566 0.53614 -0.00005
v -0.10648 0.53892 -0.02077
v -0.09630 0.59283 -0.03001
v -0.11250 0.59513 -0.04266
v -0.10134 0.61897 -0.04547
v -0.09201 0.59531 0.16362
v -0.08224 0.61604 0.16426
v -0.12479 0.59751 0.18573
v -0.12322 0.44675 0.08404
v -0.11719 0.44568 0.10572
v -0.06749 0.44209 0.11651
v -0.09443 0.36358 0.18259
v -0.10681 0.36266 0.18690
v -0.11706 0.36058 0.15951
v -0.09021 0.47618 0.10510
v -0.11936 0.47880 0.08272
v -0.09393 0.47607 0.08038
v -0.09235 0.37139 0.07373
v -0.10070 0.37098 0.09301
v -0.11705 0.28359 0.08916
v -0.10774 0.53042 0.12724
v -0.10702 0.48017 0.13022
v -0.09872 0.47766 0.11806
v -0.11322 0.37199 0.01887
v -0.10153 0.37437 0.00784
v -0.09235 0.37139 0.07373
v -0.09660 0.71673 -0.06991
v -0.10927 0.72065 -0.08275
v -0.08643 0.83288 -0.09083
v -0.13821 0.42208 0.19956
v -0.08636 0.40422 0.17188
v -0.12437 0.46661 0.20123
v -0.11936 0.47880 0.08272
v -0.06308 0.44364 0.07713
v -0.08583 0.47595 0.07738
v -0.10566 0.53614 -0.00005
v -0.08969 0.53657 0.03650
v -0.10326 0.48135 0.01278
v -0.11719 0.44568 0.10572
v -0.11447 0.47086 0.10407
v -0.06749 0.44209 0.11651
v -0.11706 0.36058 0.15951
v -0.09989 0.36198 0.14514
v -0.10030 0.36264 0.16326
v -0.08204 0.37374 0.03988
v -0.09235 0.37139 0.07373
v -0.10153 0.37437 0.00784
v -0.10164 0.71677 -0.09251
v -0.08324 0.71214 -0.08214
v -0.10256 0.62226 -0.06376
v -0.06308 0.44364 0.07713
v -0.11936 0.47880 0.08272
v -0.12322 0.44675 0.08404
v -0.09443 0.36358 0.18259
v -0.10966 0.34696 0.19105
v -0.10681 0.36266 0.18690
v -0.09021 0.47618 0.10510
v -0.11418 0.47566 0.10284
v -0.11936 0.47880 0.08272
v -0.10777 0.53202 0.13949
v -0.13860 0.53405 0.14258
v -0.10774 0.53042 0.12724
v -0.10566 0.53614 -0.00005
v -0.12228 0.53735 0.00523
v -0.10648 0.53892 -0.02077
v -0.11198 0.59272 -0.01848
v -0.11250 0.59513 -0.04266
v -0.09630 0.59283 -0.03001
v -0.10702 0.48017 0.13022
v -0.10774 0.53042 0.12724
v -0.14109 0.51031 0.14517
v -0.12217 0.53816 -0.00947
v -0.09630 0.59283 -0.03001
v -0.10648 0.53892 -0.02077
v -0.12678 0.27196 0.15849
v -0.11593 0.27633 0.13426
v -0.09989 0.36198 0.14514
v -0.09630 0.59283 -0.03001
v -0.12217 0.53816 -0.00947
v -0.11198 0.59272 -0.01848
v -0.11594 0.48069 -0.00026
v -0.10566 0.53614 -0.00005
v -0.10326 0.48135 0.01278
v -0.11705 0.28359 0.08916
v -0.13217 0.28408 0.04864
v -0.09235 0.37139 0.07373
v -0.11012 0.48163 -0.02993
v -0.11594 0.48069 -0.00026
v -0.10326 0.48135 0.01278
v -0.10134 0.61897 -0.04547
v -0.12425 0.61726 -0.05245
v -0.10256 0.62226 -0.06376
v -0.10134 0.61897 -0.04547
v -0.11250 0.59513 -0.04266
v -0.11286 0.60359 -0.04701
v -0.11012 0.48163 -0.02993
v -0.09026 0.47981 -0.00844
v -0.12019 0.46111 -0.03808
v -0.12237 0.32206 0.16063
v -0.12678 0.27196 0.15849
v -0.09989 0.36198 0.14514
v -0.11001 0.71850 -0.10167
v -0.10164 0.71677 -0.09251
v -0.12994 0.61879 -0.08139
v -0.09021 0.47618 0.10510
v -0.09872 0.47766 0.11806
v -0.11418 0.47566 0.10284
v -0.08643 0.83288 -0.09083
v -0.10927 0.72065 -0.08275
v -0.13495 0.73161 -0.08106
v -0.10774 0.53042 0.12724
v -0.13860 0.53405 0.14258
v -0.14109 0.51031 0.14517
v -0.10681 0.36266 0.18690
v -0.10966 0.34696 0.19105
v -0.11706 0.36058 0.15951
v -0.12237 0.32206 0.16063
v -0.09989 0.36198 0.14514
v -0.11706 0.36058 0.15951
v -0.11695 0.34402 0.17248
v -0.11706 0.36058 0.15951
v -0.10966 0.34696 0.19105
v -0.09872 0.47766 0.11806
v -0.10702 0.48017 0.13022
v -0.11614 0.47234 0.12077
v -0.09872 0.47766 0.11806
v -0.11614 0.47234 0.12077
v -0.11418 0.47566 0.10284
v -0.12747 0.48191 -0.02385
v -0.11594 0.48069 -0.00026
v -0.11012 0.48163 -0.02993
v -0.10113 0.59491 0.14348
v -0.12547 0.59875 0.15175
v -0.12832 0.58119 0.15084
v -0.11286 0.60359 -0.04701
v -0.11250 0.59513 -0.04266
v -0.11499 0.60493 -0.07409
v -0.12481 0.62173 -0.07701
v -0.12994 0.61879 -0.08139
v -0.10164 0.71677 -0.09251
v -0.11614 0.47234 0.12077
v -0.11447 0.47086 0.10407
v -0.11418 0.47566 0.10284
v -0.10648 0.53892 -0.02077
v -0.12228 0.53735 0.00523
v -0.12217 0.53816 -0.00947
v -0.11499 0.60493 -0.07409
v -0.12853 0.61557 -0.07969
v -0.12422 0.61307 -0.05252
v -0.11250 0.59513 -0.04266
v -0.11198 0.59272 -0.01848
v -0.12217 0.53816 -0.00947
v -0.11001 0.71850 -0.10167
v -0.10927 0.72065 -0.08275
v -0.10164 0.71677 -0.09251
v -0.11012 0.48163 -0.02993
v -0.12019 0.46111 -0.03808
v -0.12747 0.48191 -0.02385
v -0.13217 0.28408 0.04864
v -0.11322 0.37199 0.01887
v -0.09235 0.37139 0.07373
v -0.10566 0.53614 -0.00005
v -0.11594 0.48069 -0.00026
v -0.12228 0.53735 0.00523
v -0.12422 0.61307 -0.05252
v -0.11286 0.60359 -0.04701
v -0.11499 0.60493 -0.07409
v -0.15180 0.35226 0.21244
v -0.10966 0.34696 0.19105
v -0.09443 0.36358 0.18259
v -0.12481 0.62173 -0.07701
v -0.10164 0.71677 -0.09251
v -0.10256 0.62226 -0.06376
v -0.11418 0.47566 0.10284
v -0.11447 0.47086 0.10407
v -0.11719 0.44568 0.10572
v -0.10134 0.61897 -0.04547
v -0.11286 0.60359 -0.04701
v -0.12422 0.61307 -0.05252
v -0.11755 0.59626 0.16772
v -0.10113 0.59491 0.14348
v -0.12479 0.59751 0.18573
v -0.12547 0.59875 0.15175
v -0.10113 0.59491 0.14348
v -0.11755 0.59626 0.16772
v -0.10134 0.61897 -0.04547
v -0.12422 0.61307 -0.05252
v -0.12425 0.61726 -0.05245
v -0.12437 0.46661 0.20123
v -0.09533 0.46746 0.18174
v -0.13012 0.47149 0.20215
v -0.12087 0.77642 0.19772
v -0.14684 0.73419 0.18770
v -0.10318 0.72138 0.19674
v -0.12828 0.52062 -0.05871
v -0.11250 0.59513 -0.04266
v -0.12217 0.53816 -0.00947
v -0.10256 0.62226 -0.06376
v -0.12425 0.61726 -0.05245
v -0.12481 0.62173 -0.07701
v -0.10318 0.72138 0.19674
v -0.12789 0.72549 0.20340
v -0.10772 0.71891 0.20625
v -0.10702 0.48017 0.13022
v -0.12845 0.47340 0.13532
v -0.11614 0.47234 0.12077
v -0.10070 0.37098 0.09301
v -0.11593 0.27633 0.13426
v -0.12470 0.28136 0.10613
v -0.11594 0.48069 -0.00026
v -0.12747 0.48191 -0.02385
v -0.13354 0.47887 0.00613
v -0.11001 0.71850 -0.10167
v -0.13495 0.73161 -0.08106
v -0.10927 0.72065 -0.08275
v -0.11695 0.34402 0.17248
v -0.12237 0.32206 0.16063
v -0.11706 0.36058 0.15951
v -0.11719 0.44568 0.10572
v -0.12322 0.44675 0.08404
v -0.11936 0.47880 0.08272
v -0.11499 0.60493 -0.07409
v -0.11250 0.59513 -0.04266
v -0.12828 0.52062 -0.05871
v -0.08367 0.46523 0.14867
v -0.12845 0.47340 0.13532
v -0.13012 0.47149 0.20215
v -0.11418 0.47566 0.10284
v -0.11719 0.44568 0.10572
v -0.11936 0.47880 0.08272
v -0.12380 0.28009 0.09877
v -0.11705 0.28359 0.08916
v -0.12470 0.28136 0.10613
v -0.12845 0.47340 0.13532
v -0.08367 0.46523 0.14867
v -0.11614 0.47234 0.12077
v -0.11695 0.34402 0.17248
v -0.12908 0.27612 0.17799
v -0.12237 0.32206 0.16063
v -0.12470 0.28136 0.10613
v -0.11705 0.28359 0.08916
v -0.10070 0.37098 0.09301
v -0.13217 0.28408 0.04864
v -0.12619 0.28477 0.03412
v -0.11322 0.37199 0.01887
v -0.12686 0.59797 0.17076
v -0.13125 0.51032 0.16419
v -0.11755 0.59626 0.16772
v -0.10153 0.37437 0.00784
v -0.13437 0.37280 -0.02482
v -0.12019 0.46111 -0.03808
v -0.13204 0.27371 0.16388
v -0.12678 0.27196 0.15849
v -0.12237 0.32206 0.16063
v -0.12217 0.53816 -0.00947
v -0.12228 0.53735 0.00523
v -0.12489 0.51793 0.00516
v -0.12087 0.77642 0.19772
v -0.14389 0.86181 0.20001
v -0.14063 0.81574 0.19805
v -0.10966 0.34696 0.19105
v -0.15180 0.35226 0.21244
v -0.11695 0.34402 0.17248
v -0.12228 0.53735 0.00523
v -0.11594 0.48069 -0.00026
v -0.12489 0.51793 0.00516
v -0.12019 0.46111 -0.03808
v -0.13602 0.46306 -0.02634
v -0.12747 0.48191 -0.02385
v -0.12434 0.00178 0.18784
v -0.12095 0.00178 0.21777
v -0.13604 0.00039 0.18303
v -0.12908 0.27612 0.17799
v -0.13204 0.27371 0.16388
v -0.12237 0.32206 0.16063
v -0.11499 0.60493 -0.07409
v -0.12828 0.52062 -0.05871
v -0.13090 0.61463 -0.09115
v -0.13437 0.37280 -0.02482
v -0.10153 0.37437 0.00784
v -0.11322 0.37199 0.01887
v -0.13364 0.53528 0.14860
v -0.10777 0.53202 0.13949
v -0.12832 0.58119 0.15084
v -0.12619 0.28477 0.03412
v -0.15304 0.27124 0.00907
v -0.11322 0.37199 0.01887
v -0.11499 0.60493 -0.07409
v -0.13090 0.61463 -0.09115
v -0.12853 0.61557 -0.07969
v -0.11594 0.48069 -0.00026
v -0.12935 0.51558 0.00607
v -0.12489 0.51793 0.00516
v -0.12095 0.00178 0.21777
v -0.14266 0.00123 0.22780
v -0.13604 0.00039 0.18303
v -0.13602 0.46306 -0.02634
v -0.12019 0.46111 -0.03808
v -0.13432 0.46120 -0.03611
v -0.12470 0.28136 0.10613
v -0.13253 0.27849 0.11492
v -0.12380 0.28009 0.09877
v -0.12479 0.59751 0.18573
v -0.10772 0.71891 0.20625
v -0.14402 0.60172 0.18475
v -0.12425 0.61726 -0.05245
v -0.12422 0.61307 -0.05252
v -0.12481 0.62173 -0.07701
v -0.15180 0.35226 0.21244
v -0.09443 0.36358 0.18259
v -0.13821 0.42208 0.19956
v -0.12019 0.46111 -0.03808
v -0.13437 0.37280 -0.02482
v -0.13432 0.46120 -0.03611
v -0.12832 0.58119 0.15084
v -0.10777 0.53202 0.13949
v -0.10113 0.59491 0.14348
v -0.12095 0.00178 0.21777
v -0.12434 0.00178 0.18784
v -0.12933 0.06211 0.18668
v -0.11594 0.48069 -0.00026
v -0.13354 0.47887 0.00613
v -0.12935 0.51558 0.00607
v -0.12828 0.52062 -0.05871
v -0.12217 0.53816 -0.00947
v -0.12489 0.51793 0.00516
v -0.11755 0.59626 0.16772
v -0.12832 0.58119 0.15084
v -0.12547 0.59875 0.15175
v -0.12481 0.62173 -0.07701
v -0.12853 0.61557 -0.07969
v -0.12994 0.61879 -0.08139
v -0.12481 0.62173 -0.07701
v -0.12422 0.61307 -0.05252
v -0.12853 0.61557 -0.07969
v -0.11593 0.27633 0.13426
v -0.13459 0.27115 0.15366
v -0.12672 0.27446 0.13386
v -0.12470 0.28136 0.10613
v -0.11593 0.27633 0.13426
v -0.13253 0.27849 0.11492
v -0.12095 0.00178 0.21777
v -0.14732 0.03521 0.22614
v -0.14266 0.00123 0.22780
v -0.14063 0.81574 0.19805
v -0.14684 0.73419 0.18770
v -0.12087 0.77642 0.19772
v -0.11755 0.59626 0.16772
v -0.13125 0.51032 0.16419
v -0.12832 0.58119 0.15084
v -0.13648 0.00115 0.09733
v -0.13220 0.06709 0.12871
v -0.12410 0.00184 0.15545
v -0.12933 0.06211 0.18668
v -0.12434 0.00178 0.18784
v -0.13604 0.00039 0.18303
v -0.13821 0.42208 0.19956
v -0.12437 0.46661 0.20123
v -0.13012 0.47149 0.20215
v -0.11322 0.37199 0.01887
v -0.14065 0.37083 -0.00837
v -0.13437 0.37280 -0.02482
v -0.11593 0.27633 0.13426
v -0.12678 0.27196 0.15849
v -0.13459 0.27115 0.15366
v -0.10702 0.48017 0.13022
v -0.14649 0.47589 0.14136
v -0.12845 0.47340 0.13532
v -0.13253 0.27849 0.11492
v -0.11593 0.27633 0.13426
v -0.12672 0.27446 0.13386
v -0.13217 0.28408 0.04864
v -0.11705 0.28359 0.08916
v -0.12380 0.28009 0.09877
v -0.15704 0.35131 0.19181
v -0.11695 0.34402 0.17248
v -0.15180 0.35226 0.21244
v -0.12686 0.59797 0.17076
v -0.15998 0.60387 0.17231
v -0.13125 0.51032 0.16419
v -0.13217 0.28408 0.04864
v -0.13042 0.27230 0.03427
v -0.12619 0.28477 0.03412
v -0.12933 0.06211 0.18668
v -0.13541 0.13271 0.21040
v -0.12095 0.00178 0.21777
v -0.12489 0.51793 0.00516
v -0.13911 0.51924 -0.03656
v -0.12828 0.52062 -0.05871
v -0.16549 0.47652 0.20412
v -0.13821 0.42208 0.19956
v -0.13012 0.47149 0.20215
v -0.13090 0.61463 -0.09115
v -0.12994 0.61879 -0.08139
v -0.12853 0.61557 -0.07969
v -0.11001 0.71850 -0.10167
v -0.14599 0.73019 -0.09669
v -0.13495 0.73161 -0.08106
v -0.10777 0.53202 0.13949
v -0.13364 0.53528 0.14860
v -0.13860 0.53405 0.14258
v -0.10318 0.72138 0.19674
v -0.14684 0.73419 0.18770
v -0.12789 0.72549 0.20340
v -0.15304 0.27124 0.00907
v -0.12619 0.28477 0.03412
v -0.13042 0.27230 0.03427
v -0.12832 0.58119 0.15084
v -0.13125 0.51032 0.16419
v -0.13102 0.50913 0.16156
v -0.13911 0.51924 -0.03656
v -0.12489 0.51793 0.00516
v -0.12935 0.51558 0.00607
v -0.12747 0.48191 -0.02385
v -0.14158 0.46214 0.00916
v -0.13354 0.47887 0.00613
v -0.13220 0.06709 0.12871
v -0.14071 0.14388 0.14556
v -0.12410 0.00184 0.15545
v -0.14071 0.14388 0.14556
v -0.13611 0.00107 0.16781
v -0.12410 0.00184 0.15545
v -0.13541 0.13271 0.21040
v -0.12933 0.06211 0.18668
v -0.13769 0.13151 0.18370
v -0.12678 0.27196 0.15849
v -0.14895 0.27226 0.16212
v -0.13459 0.27115 0.15366
v -0.15998 0.60387 0.17231
v -0.12686 0.59797 0.17076
v -0.12479 0.59751 0.18573
v -0.12686 0.59797 0.17076
v -0.11755 0.59626 0.16772
v -0.12479 0.59751 0.18573
v -0.13102 0.50913 0.16156
v -0.13364 0.53528 0.14860
v -0.12832 0.58119 0.15084
v -0.14065 0.37083 -0.00837
v -0.11322 0.37199 0.01887
v -0.15304 0.27124 0.00907
v -0.13042 0.27230 0.03427
v -0.13217 0.28408 0.04864
v -0.13962 0.27123 0.04708
v -0.12678 0.27196 0.15849
v -0.13204 0.27371 0.16388
v -0.14895 0.27226 0.16212
v -0.13845 0.48502 -0.02895
v -0.12935 0.51558 0.00607
v -0.13354 0.47887 0.00613
v -0.12908 0.27612 0.17799
v -0.14895 0.27226 0.16212
v -0.13204 0.27371 0.16388
v -0.12789 0.72549 0.20340
v -0.14402 0.60172 0.18475
v -0.10772 0.71891 0.20625
v -0.13604 0.00039 0.18303
v -0.14677 0.10614 0.17846
v -0.12933 0.06211 0.18668
v -0.13962 0.27123 0.04708
v -0.12380 0.28009 0.09877
v -0.14585 0.17380 0.11126
v -0.12672 0.27446 0.13386
v -0.14698 0.21033 0.12734
v -0.13253 0.27849 0.11492
v -0.14071 0.14388 0.14556
v -0.15081 0.11889 0.16248
v -0.13611 0.00107 0.16781
v -0.13220 0.06709 0.12871
v -0.13754 0.03850 0.09839
v -0.13859 0.14500 0.13344
v -0.13602 0.46306 -0.02634
v -0.14158 0.46214 0.00916
v -0.12747 0.48191 -0.02385
v -0.13364 0.53528 0.14860
v -0.13102 0.50913 0.16156
v -0.14109 0.51031 0.14517
v -0.13754 0.03850 0.09839
v -0.13220 0.06709 0.12871
v -0.13648 0.00115 0.09733
v -0.12908 0.27612 0.17799
v -0.11695 0.34402 0.17248
v -0.15704 0.35131 0.19181
v -0.13962 0.27123 0.04708
v -0.13217 0.28408 0.04864
v -0.12380 0.28009 0.09877
v -0.13459 0.27115 0.15366
v -0.15071 0.17356 0.15377
v -0.12672 0.27446 0.13386
v -0.14585 0.17380 0.11126
v -0.12380 0.28009 0.09877
v -0.14698 0.21033 0.12734
v -0.13432 0.46120 -0.03611
v -0.13437 0.37280 -0.02482
v -0.14732 0.37275 -0.02287
v -0.13911 0.51924 -0.03656
v -0.12935 0.51558 0.00607
v -0.13845 0.48502 -0.02895
v -0.13354 0.47887 0.00613
v -0.14158 0.46214 0.00916
v -0.13845 0.48502 -0.02895
v -0.14698 0.21033 0.12734
v -0.12380 0.28009 0.09877
v -0.13253 0.27849 0.11492
v -0.14109 0.51031 0.14517
v -0.13860 0.53405 0.14258
v -0.13364 0.53528 0.14860
v -0.13220 0.06709 0.12871
v -0.13859 0.14500 0.13344
v -0.14071 0.14388 0.14556
v -0.13604 0.00039 0.18303
v -0.13611 0.00107 0.16781
v -0.14677 0.10614 0.17846
v -0.12828 0.52062 -0.05871
v -0.14359 0.52372 -0.07506
v -0.13090 0.61463 -0.09115
v -0.13769 0.13151 0.18370
v -0.14263 0.13375 0.19908
v -0.13541 0.13271 0.21040
v -0.13962 0.27123 0.04708
v -0.15862 0.26988 0.02401
v -0.13042 0.27230 0.03427
v -0.10702 0.48017 0.13022
v -0.14377 0.48064 0.14668
v -0.14649 0.47589 0.14136
v -0.14698 0.21033 0.12734
v -0.12672 0.27446 0.13386
v -0.15071 0.17356 0.15377
v -0.13459 0.27115 0.15366
v -0.15784 0.17453 0.16732
v -0.15071 0.17356 0.15377
v -0.12845 0.47340 0.13532
v -0.16549 0.47652 0.20412
v -0.13012 0.47149 0.20215
v -0.16067 0.52121 -0.04399
v -0.14359 0.52372 -0.07506
v -0.12828 0.52062 -0.05871
v -0.14109 0.51031 0.14517
v -0.14377 0.48064 0.14668
v -0.10702 0.48017 0.13022
v -0.14585 0.17380 0.11126
v -0.15652 0.17329 0.07230
v -0.13962 0.27123 0.04708
v -0.14959 0.46475 -0.03238
v -0.14158 0.46214 0.00916
v -0.13602 0.46306 -0.02634
v -0.13432 0.46120 -0.03611
v -0.14732 0.37275 -0.02287
v -0.14150 0.46342 -0.06698
v -0.13769 0.13151 0.18370
v -0.12933 0.06211 0.18668
v -0.14677 0.10614 0.17846
v -0.13769 0.13151 0.18370
v -0.14778 0.13086 0.17941
v -0.14263 0.13375 0.19908
v -0.12908 0.27612 0.17799
v -0.15416 0.27848 0.17951
v -0.14895 0.27226 0.16212
v -0.14402 0.60172 0.18475
v -0.15998 0.60387 0.17231
v -0.12479 0.59751 0.18573
v -0.16415 0.62350 -0.07666
v -0.12994 0.61879 -0.08139
v -0.13090 0.61463 -0.09115
v -0.13648 0.00115 0.09733
v -0.16478 0.00108 0.10336
v -0.13754 0.03850 0.09839
v -0.13602 0.46306 -0.02634
v -0.13432 0.46120 -0.03611
v -0.14959 0.46475 -0.03238
v -0.13859 0.14500 0.13344
v -0.13754 0.03850 0.09839
v -0.14878 0.14708 0.10149
v -0.13611 0.00107 0.16781
v -0.15081 0.11889 0.16248
v -0.14677 0.10614 0.17846
v -0.13648 0.00115 0.09733
v -0.12410 0.00184 0.15545
v -0.16478 0.00108 0.10336
v -0.14065 0.37083 -0.00837
v -0.15549 0.37089 -0.00786
v -0.13437 0.37280 -0.02482
v -0.14959 0.46475 -0.03238
v -0.13432 0.46120 -0.03611
v -0.14150 0.46342 -0.06698
v -0.14150 0.46342 -0.06698
v -0.14732 0.37275 -0.02287
v -0.15649 0.38150 -0.05281
v -0.13769 0.13151 0.18370
v -0.14677 0.10614 0.17846
v -0.14778 0.13086 0.17941
v -0.14263 0.13375 0.19908
v -0.15630 0.13184 0.22057
v -0.13541 0.13271 0.21040
v -0.14959 0.46475 -0.03238
v -0.13845 0.48502 -0.02895
v -0.14158 0.46214 0.00916
v -0.13541 0.13271 0.21040
v -0.15630 0.13184 0.22057
v -0.12095 0.00178 0.21777
v -0.13495 0.73161 -0.08106
v -0.16207 0.74127 -0.07903
v -0.08643 0.83288 -0.09083
v -0.14266 0.00123 0.22780
v -0.13611 0.00107 0.16781
v -0.13604 0.00039 0.18303
v -0.13754 0.03850 0.09839
v -0.16580 0.08390 0.10516
v -0.14878 0.14708 0.10149
v -0.13459 0.27115 0.15366
v -0.14895 0.27226 0.16212
v -0.15784 0.17453 0.16732
v -0.15304 0.27124 0.00907
v -0.15549 0.37089 -0.00786
v -0.14065 0.37083 -0.00837
v -0.16067 0.52121 -0.04399
v -0.12828 0.52062 -0.05871
v -0.13911 0.51924 -0.03656
v -0.14778 0.13086 0.17941
v -0.14459 0.15429 0.20240
v -0.14263 0.13375 0.19908
v -0.13090 0.61463 -0.09115
v -0.14359 0.52372 -0.07506
v -0.16229 0.55430 -0.07620
v -0.13042 0.27230 0.03427
v -0.17585 0.26981 0.01075
v -0.15304 0.27124 0.00907
v -0.13845 0.48502 -0.02895
v -0.16067 0.52121 -0.04399
v -0.13911 0.51924 -0.03656
v -0.15106 0.14772 0.15661
v -0.14071 0.14388 0.14556
v -0.13859 0.14500 0.13344
v -0.15704 0.35131 0.19181
v -0.15180 0.35226 0.21244
v -0.19730 0.35630 0.21050
v -0.14732 0.03521 0.22614
v -0.19910 0.03414 0.23701
v -0.14266 0.00123 0.22780
v -0.17585 0.26981 0.01075
v -0.13042 0.27230 0.03427
v -0.15862 0.26988 0.02401
v -0.14649 0.47589 0.14136
v -0.16549 0.47652 0.20412
v -0.12845 0.47340 0.13532
v -0.14585 0.17380 0.11126
v -0.14698 0.21033 0.12734
v -0.15735 0.17300 0.12564
v -0.15081 0.11889 0.16248
v -0.15106 0.14772 0.15661
v -0.14778 0.13086 0.17941
v -0.13090 0.61463 -0.09115
v -0.19755 0.62770 -0.08283
v -0.16415 0.62350 -0.07666
v -0.14684 0.73419 0.18770
v -0.17700 0.73960 0.20786
v -0.12789 0.72549 0.20340
v -0.14778 0.13086 0.17941
v -0.15106 0.14772 0.15661
v -0.14459 0.15429 0.20240
v -0.13859 0.14500 0.13344
v -0.14878 0.14708 0.10149
v -0.15771 0.15380 0.12246
v -0.15081 0.11889 0.16248
v -0.14778 0.13086 0.17941
v -0.14677 0.10614 0.17846
v -0.15106 0.14772 0.15661
v -0.15081 0.11889 0.16248
v -0.14071 0.14388 0.14556
v -0.14150 0.46342 -0.06698
v -0.15649 0.38150 -0.05281
v -0.16438 0.46635 -0.06487
v -0.15071 0.17356 0.15377
v -0.15735 0.17300 0.12564
v -0.14698 0.21033 0.12734
v -0.15106 0.14772 0.15661
v -0.15771 0.15380 0.12246
v -0.14459 0.15429 0.20240
v -0.16537 0.52363 -0.07044
v -0.14359 0.52372 -0.07506
v -0.16067 0.52121 -0.04399
v -0.13437 0.37280 -0.02482
v -0.15549 0.37089 -0.00786
v -0.14732 0.37275 -0.02287
v -0.15630 0.13184 0.22057
v -0.14732 0.03521 0.22614
v -0.12095 0.00178 0.21777
v -0.14732 0.37275 -0.02287
v -0.15242 0.37469 -0.03558
v -0.15649 0.38150 -0.05281
v -0.14895 0.27226 0.16212
v -0.15416 0.27848 0.17951
v -0.16627 0.20550 0.18473
v -0.15652 0.17329 0.07230
v -0.14585 0.17380 0.11126
v -0.16094 0.17477 0.09952
v -0.13821 0.42208 0.19956
v -0.19730 0.35630 0.21050
v -0.15180 0.35226 0.21244
v -0.13090 0.61463 -0.09115
v -0.16229 0.55430 -0.07620
v -0.19755 0.62770 -0.08283
v -0.11001 0.71850 -0.10167
v -0.12994 0.61879 -0.08139
v -0.14599 0.73019 -0.09669
v -0.15106 0.14772 0.15661
v -0.13859 0.14500 0.13344
v -0.15771 0.15380 0.12246
v -0.14402 0.60172 0.18475
v -0.16839 0.60484 0.18871
v -0.15998 0.60387 0.17231
v -0.18774 0.67678 0.20222
v -0.14402 0.60172 0.18475
v -0.12789 0.72549 0.20340
v -0.15549 0.37089 -0.00786
v -0.15304 0.27124 0.00907
v -0.16991 0.27181 0.00747
v -0.16305 0.37262 -0.02901
v -0.14732 0.37275 -0.02287
v -0.15549 0.37089 -0.00786
v -0.15649 0.38150 -0.05281
v -0.16849 0.43703 -0.05974
v -0.16438 0.46635 -0.06487
v -0.14959 0.46475 -0.03238
v -0.16164 0.46574 -0.03771
v -0.13845 0.48502 -0.02895
v -0.13962 0.27123 0.04708
v -0.17676 0.17162 0.04704
v -0.15862 0.26988 0.02401
v -0.16681 0.17623 0.17208
v -0.15784 0.17453 0.16732
v -0.16475 0.20084 0.17178
v -0.15784 0.17453 0.16732
v -0.14895 0.27226 0.16212
v -0.16475 0.20084 0.17178
v -0.16475 0.13318 0.20864
v -0.14263 0.13375 0.19908
v -0.14459 0.15429 0.20240
v -0.14459 0.15429 0.20240
v -0.15771 0.15380 0.12246
v -0.18762 0.15334 0.21243
v -0.16549 0.47652 0.20412
v -0.17686 0.43040 0.19838
v -0.13821 0.42208 0.19956
v -0.14402 0.60172 0.18475
v -0.18774 0.67678 0.20222
v -0.16839 0.60484 0.18871
v -0.17700 0.73960 0.20786
v -0.18774 0.67678 0.20222
v -0.12789 0.72549 0.20340
v -0.12908 0.27612 0.17799
v -0.16717 0.28272 0.19583
v -0.15416 0.27848 0.17951
v -0.15242 0.37469 -0.03558
v -0.14732 0.37275 -0.02287
v -0.16305 0.37262 -0.02901
v -0.13845 0.48502 -0.02895
v -0.16164 0.46574 -0.03771
v -0.16067 0.52121 -0.04399
v -0.15652 0.17329 0.07230
v -0.17676 0.17162 0.04704
v -0.13962 0.27123 0.04708
v -0.12410 0.00184 0.15545
v -0.13611 0.00107 0.16781
v -0.16478 0.00108 0.10336
v -0.14263 0.13375 0.19908
v -0.16475 0.13318 0.20864
v -0.15630 0.13184 0.22057
v -0.14878 0.14708 0.10149
v -0.16310 0.14960 0.10440
v -0.15771 0.15380 0.12246
v -0.14585 0.17380 0.11126
v -0.15735 0.17300 0.12564
v -0.16094 0.17477 0.09952
v -0.15242 0.37469 -0.03558
v -0.17093 0.38013 -0.05034
v -0.15649 0.38150 -0.05281
v -0.15618 0.03517 0.21114
v -0.14732 0.03521 0.22614
v -0.16787 0.11575 0.20580
v -0.16475 0.13318 0.20864
v -0.14459 0.15429 0.20240
v -0.18762 0.15334 0.21243
v -0.14377 0.48064 0.14668
v -0.14109 0.51031 0.14517
v -0.19351 0.51720 0.15160
v -0.15416 0.27848 0.17951
v -0.16717 0.28272 0.19583
v -0.16988 0.28209 0.19039
v -0.18774 0.67678 0.20222
v -0.17700 0.73960 0.20786
v -0.18170 0.73849 0.20924
v -0.14959 0.46475 -0.03238
v -0.16438 0.46635 -0.06487
v -0.16164 0.46574 -0.03771
v -0.16585 0.12087 0.20849
v -0.14732 0.03521 0.22614
v -0.15630 0.13184 0.22057
v -0.15704 0.35131 0.19181
v -0.16404 0.31327 0.19499
v -0.12908 0.27612 0.17799
v -0.15771 0.15380 0.12246
v -0.16310 0.14960 0.10440
v -0.15735 0.17300 0.12564
v -0.15369 0.04010 0.08645
v -0.16033 0.09195 0.05034
v -0.15690 0.09579 0.08136
v -0.15735 0.17300 0.12564
v -0.15784 0.17453 0.16732
v -0.17812 0.17763 0.16020
v -0.15784 0.17453 0.16732
v -0.15735 0.17300 0.12564
v -0.15071 0.17356 0.15377
v -0.16438 0.46635 -0.06487
v -0.14959 0.46475 -0.03238
v -0.14150 0.46342 -0.06698
v -0.15998 0.60387 0.17231
v -0.18612 0.52021 0.16619
v -0.13125 0.51032 0.16419
v -0.16229 0.55430 -0.07620
v -0.14359 0.52372 -0.07506
v -0.16537 0.52363 -0.07044
v -0.16585 0.12087 0.20849
v -0.16787 0.11575 0.20580
v -0.14732 0.03521 0.22614
v -0.15735 0.17300 0.12564
v -0.17812 0.17763 0.16020
v -0.15771 0.15380 0.12246
v -0.16033 0.09195 0.05034
v -0.15369 0.04010 0.08645
v -0.16929 0.05240 -0.00942
v -0.16627 0.20550 0.18473
v -0.15416 0.27848 0.17951
v -0.16988 0.28209 0.19039
v -0.17093 0.38013 -0.05034
v -0.15242 0.37469 -0.03558
v -0.17047 0.37397 -0.03083
v -0.16310 0.14960 0.10440
v -0.16094 0.17477 0.09952
v -0.15735 0.17300 0.12564
v -0.16627 0.20550 0.18473
v -0.16475 0.20084 0.17178
v -0.14895 0.27226 0.16212
v -0.15897 0.01310 0.04967
v -0.16929 0.05240 -0.00942
v -0.15369 0.04010 0.08645
v -0.15897 0.01310 0.04967
v -0.16745 0.01157 0.01121
v -0.16929 0.05240 -0.00942
v -0.15304 0.27124 0.00907
v -0.17585 0.26981 0.01075
v -0.16991 0.27181 0.00747
v -0.15733 0.55397 -0.04590
v -0.16537 0.52363 -0.07044
v -0.16067 0.52121 -0.04399
v -0.15630 0.13184 0.22057
v -0.16475 0.13318 0.20864
v -0.16585 0.12087 0.20849
v -0.16478 0.00108 0.10336
v -0.16580 0.08390 0.10516
v -0.13754 0.03850 0.09839
v -0.16310 0.14960 0.10440
v -0.14878 0.14708 0.10149
v -0.18788 0.12551 0.11285
v -0.16229 0.55430 -0.07620
v -0.16537 0.52363 -0.07044
v -0.15733 0.55397 -0.04590
v -0.16404 0.31327 0.19499
v -0.16717 0.28272 0.19583
v -0.12908 0.27612 0.17799
v -0.18409 0.74396 0.19546
v -0.14684 0.73419 0.18770
v -0.14063 0.81574 0.19805
v -0.16849 0.43703 -0.05974
v -0.16521 0.43808 -0.02385
v -0.16164 0.46574 -0.03771
v -0.16838 0.03519 0.08918
v -0.15369 0.04010 0.08645
v -0.16945 0.05259 0.09020
v -0.16580 0.08390 0.10516
v -0.16838 0.03519 0.08918
v -0.16945 0.05259 0.09020
v -0.16849 0.43703 -0.05974
v -0.16164 0.46574 -0.03771
v -0.16438 0.46635 -0.06487
v -0.13821 0.42208 0.19956
v -0.17686 0.43040 0.19838
v -0.19730 0.35630 0.21050
v -0.16580 0.08390 0.10516
v -0.16478 0.00108 0.10336
v -0.16838 0.03519 0.08918
v -0.16094 0.17477 0.09952
v -0.16310 0.14960 0.10440
v -0.16826 0.14700 0.09912
v -0.14878 0.14708 0.10149
v -0.16580 0.08390 0.10516
v -0.17456 0.10135 0.10770
v -0.17469 0.00977 0.05994
v -0.15897 0.01310 0.04967
v -0.15369 0.04010 0.08645
v -0.15690 0.09579 0.08136
v -0.16033 0.09195 0.05034
v -0.17871 0.09565 0.06234
v -0.16310 0.14960 0.10440
v -0.18281 0.14919 0.10996
v -0.16826 0.14700 0.09912
v -0.18762 0.15334 0.21243
v -0.15771 0.15380 0.12246
v -0.17653 0.15480 0.15782
v -0.17812 0.17763 0.16020
v -0.15784 0.17453 0.16732
v -0.16681 0.17623 0.17208
v -0.17047 0.37397 -0.03083
v -0.15242 0.37469 -0.03558
v -0.16305 0.37262 -0.02901
v -0.14377 0.48064 0.14668
v -0.19940 0.48737 0.15467
v -0.14649 0.47589 0.14136
v -0.08643 0.83288 -0.09083
v -0.16207 0.74127 -0.07903
v -0.18470 0.78892 -0.08029
v -0.14599 0.73019 -0.09669
v -0.18824 0.74624 -0.08891
v -0.13495 0.73161 -0.08106
v -0.16838 0.03519 0.08918
v -0.17469 0.00977 0.05994
v -0.15369 0.04010 0.08645
v -0.16681 0.17623 0.17208
v -0.16475 0.20084 0.17178
v -0.17812 0.17763 0.16020
v -0.17700 0.73960 0.20786
v -0.14684 0.73419 0.18770
v -0.18409 0.74396 0.19546
v -0.19910 0.03414 0.23701
v -0.14732 0.03521 0.22614
v -0.15618 0.03517 0.21114
v -0.16207 0.74127 -0.07903
v -0.13495 0.73161 -0.08106
v -0.18824 0.74624 -0.08891
v -0.15897 0.01310 0.04967
v -0.18496 0.01108 0.01513
v -0.16745 0.01157 0.01121
v -0.16580 0.08390 0.10516
v -0.17263 0.08528 0.10677
v -0.17456 0.10135 0.10770
v -0.16094 0.17477 0.09952
v -0.17977 0.17690 0.07813
v -0.15652 0.17329 0.07230
v -0.17585 0.26981 0.01075
v -0.15862 0.26988 0.02401
v -0.17151 0.27024 0.02660
v -0.17561 0.34507 -0.02577
v -0.16305 0.37262 -0.02901
v -0.17812 0.27997 -0.01611
v -0.17561 0.34507 -0.02577
v -0.17047 0.37397 -0.03083
v -0.16305 0.37262 -0.02901
v -0.15549 0.37089 -0.00786
v -0.16991 0.27181 0.00747
v -0.17442 0.27627 -0.00549
v -0.16988 0.28209 0.19039
v -0.16717 0.28272 0.19583
v -0.16404 0.31327 0.19499
v -0.16826 0.14700 0.09912
v -0.17977 0.17690 0.07813
v -0.16094 0.17477 0.09952
v -0.17151 0.27024 0.02660
v -0.15862 0.26988 0.02401
v -0.17676 0.17162 0.04704
v -0.17591 0.09725 0.08971
v -0.15369 0.04010 0.08645
v -0.15690 0.09579 0.08136
v -0.15549 0.37089 -0.00786
v -0.17442 0.27627 -0.00549
v -0.17812 0.27997 -0.01611
v -0.16988 0.28209 0.19039
v -0.16404 0.31327 0.19499
v -0.17356 0.30882 0.18758
v -0.23620 0.68270 -0.07124
v -0.12994 0.61879 -0.08139
v -0.16415 0.62350 -0.07666
v -0.16945 0.11983 0.02869
v -0.16033 0.09195 0.05034
v -0.16929 0.05240 -0.00942
v -0.15369 0.04010 0.08645
v -0.17591 0.09725 0.08971
v -0.16945 0.05259 0.09020
v -0.16839 0.60484 0.18871
v -0.20011 0.61324 0.15989
v -0.15998 0.60387 0.17231
v -0.13611 0.00107 0.16781
v -0.14266 0.00123 0.22780
v -0.27152 0.00011 0.25260
v -0.15690 0.09579 0.08136
v -0.17871 0.09565 0.06234
v -0.17591 0.09725 0.08971
v -0.15704 0.35131 0.19181
v -0.19730 0.35630 0.21050
v -0.19614 0.35523 0.19285
v -0.19351 0.51720 0.15160
v -0.14109 0.51031 0.14517
v -0.13102 0.50913 0.16156
v -0.17812 0.17763 0.16020
v -0.17653 0.15480 0.15782
v -0.15771 0.15380 0.12246
v -0.16580 0.08390 0.10516
v -0.16945 0.05259 0.09020
v -0.17559 0.07000 0.09229
v -0.16478 0.00108 0.10336
v -0.17469 0.00977 0.05994
v -0.16838 0.03519 0.08918
v -0.16745 0.01157 0.01121
v -0.18496 0.01108 0.01513
v -0.16929 0.05240 -0.00942
v -0.15549 0.37089 -0.00786
v -0.17812 0.27997 -0.01611
v -0.16305 0.37262 -0.02901
v -0.14377 0.48064 0.14668
v -0.19351 0.51720 0.15160
v -0.19940 0.48737 0.15467
v -0.17854 0.35341 0.19079
v -0.15704 0.35131 0.19181
v -0.19614 0.35523 0.19285
v -0.15998 0.60387 0.17231
v -0.18888 0.53801 0.16741
v -0.18612 0.52021 0.16619
v -0.17047 0.37397 -0.03083
v -0.17561 0.34507 -0.02577
v -0.17676 0.34734 -0.04302
v -0.17924 0.20199 0.15911
v -0.17812 0.17763 0.16020
v -0.16475 0.20084 0.17178
v -0.17047 0.37397 -0.03083
v -0.17676 0.34734 -0.04302
v -0.17093 0.38013 -0.05034
v -0.17714 0.27277 0.00137
v -0.16991 0.27181 0.00747
v -0.17585 0.26981 0.01075
v -0.16627 0.20550 0.18473
v -0.17924 0.20199 0.15911
v -0.16475 0.20084 0.17178
v -0.16849 0.43703 -0.05974
v -0.15649 0.38150 -0.05281
v -0.23668 0.44208 -0.05155
v -0.17591 0.09725 0.08971
v -0.17559 0.07000 0.09229
v -0.16945 0.05259 0.09020
v -0.16580 0.08390 0.10516
v -0.17559 0.07000 0.09229
v -0.17263 0.08528 0.10677
v -0.18281 0.14919 0.10996
v -0.16310 0.14960 0.10440
v -0.18788 0.12551 0.11285
v -0.15649 0.38150 -0.05281
v -0.17093 0.38013 -0.05034
v -0.23668 0.44208 -0.05155
v -0.18612 0.52021 0.16619
v -0.13102 0.50913 0.16156
v -0.13125 0.51032 0.16419
v -0.17442 0.27627 -0.00549
v -0.16991 0.27181 0.00747
v -0.17714 0.27277 0.00137
v -0.17859 0.09369 -0.02375
v -0.16945 0.11983 0.02869
v -0.16929 0.05240 -0.00942
v -0.16478 0.00108 0.10336
v -0.18387 0.00030 0.02792
v -0.17469 0.00977 0.05994
v -0.18300 0.20439 0.04289
v -0.17151 0.27024 0.02660
v -0.17676 0.17162 0.04704
v -0.18302 0.14738 0.08149
v -0.16826 0.14700 0.09912
v -0.18281 0.14919 0.10996
v -0.17356 0.30882 0.18758
v -0.16404 0.31327 0.19499
v -0.18550 0.30925 0.18464
v -0.18539 0.48128 0.14813
v -0.16549 0.47652 0.20412
v -0.14649 0.47589 0.14136
v -0.17977 0.17690 0.07813
v -0.16826 0.14700 0.09912
v -0.18302 0.14738 0.08149
v -0.17559 0.07000 0.09229
v -0.17591 0.09725 0.08971
v -0.17263 0.08528 0.10677
v -0.16988 0.28209 0.19039
v -0.18598 0.20962 0.19804
v -0.16627 0.20550 0.18473
v -0.16988 0.28209 0.19039
v -0.18550 0.30925 0.18464
v -0.18598 0.20962 0.19804
v -0.14649 0.47589 0.14136
v -0.19940 0.48737 0.15467
v -0.18539 0.48128 0.14813
v -0.15733 0.55397 -0.04590
v -0.21762 0.55967 -0.03924
v -0.16229 0.55430 -0.07620
v -0.14878 0.14708 0.10149
v -0.17456 0.10135 0.10770
v -0.18788 0.12551 0.11285
v -0.17263 0.08528 0.10677
v -0.17591 0.09725 0.08971
v -0.17456 0.10135 0.10770
v -0.18799 0.21584 0.01015
v -0.17585 0.26981 0.01075
v -0.17151 0.27024 0.02660
v -0.16033 0.09195 0.05034
v -0.18741 0.13712 0.05085
v -0.18910 0.11261 0.06199
v -0.16585 0.12087 0.20849
v -0.16475 0.13318 0.20864
v -0.18762 0.15334 0.21243
v -0.16033 0.09195 0.05034
v -0.16945 0.11983 0.02869
v -0.18741 0.13712 0.05085
v -0.18612 0.52021 0.16619
v -0.19351 0.51720 0.15160
v -0.13102 0.50913 0.16156
v -0.16839 0.60484 0.18871
v -0.18774 0.67678 0.20222
v -0.19503 0.60997 0.19087
v -0.18910 0.11261 0.06199
v -0.17456 0.10135 0.10770
v -0.17591 0.09725 0.08971
v -0.18799 0.21584 0.01015
v -0.17714 0.27277 0.00137
v -0.17585 0.26981 0.01075
v -0.17871 0.09565 0.06234
v -0.16033 0.09195 0.05034
v -0.18910 0.11261 0.06199
v -0.17676 0.17162 0.04704
v -0.15652 0.17329 0.07230
v -0.17977 0.17690 0.07813
v -0.16988 0.28209 0.19039
v -0.17356 0.30882 0.18758
v -0.18550 0.30925 0.18464
v -0.17854 0.35341 0.19079
v -0.19614 0.35523 0.19285
v -0.18994 0.31484 0.19394
v -0.20011 0.61324 0.15989
v -0.16839 0.60484 0.18871
v -0.19503 0.60997 0.19087
v -0.18409 0.74396 0.19546
v -0.14063 0.81574 0.19805
v -0.16988 0.87511 0.20730
v -0.16945 0.11983 0.02869
v -0.17859 0.09369 -0.02375
v -0.17963 0.13198 0.03506
v -0.17270 0.00178 -0.02116
v -0.17758 0.00120 -0.05252
v -0.18373 0.08651 -0.04677
v -0.18496 0.01108 0.01513
v -0.15897 0.01310 0.04967
v -0.17469 0.00977 0.05994
v -0.16945 0.11983 0.02869
v -0.17963 0.13198 0.03506
v -0.18741 0.13712 0.05085
v -0.18910 0.11261 0.06199
v -0.17591 0.09725 0.08971
v -0.17871 0.09565 0.06234
v -0.17977 0.17690 0.07813
v -0.18899 0.17597 0.05350
v -0.17676 0.17162 0.04704
v -0.18470 0.78892 -0.08029
v -0.16207 0.74127 -0.07903
v -0.18591 0.74750 -0.07800
v -0.17812 0.17763 0.16020
v -0.21692 0.15499 0.18353
v -0.17653 0.15480 0.15782
v -0.17151 0.27024 0.02660
v -0.18300 0.20439 0.04289
v -0.18799 0.21584 0.01015
v -0.20011 0.61324 0.15989
v -0.20024 0.60605 0.17240
v -0.15998 0.60387 0.17231
v -0.18741 0.13712 0.05085
v -0.17963 0.13198 0.03506
v -0.18317 0.13652 0.03697
v -0.17270 0.00178 -0.02116
v -0.31363 0.00038 0.02109
v -0.17758 0.00120 -0.05252
v -0.18899 0.17597 0.05350
v -0.18300 0.20439 0.04289
v -0.17676 0.17162 0.04704
v -0.18598 0.20962 0.19804
v -0.20454 0.20967 0.17840
v -0.17924 0.20199 0.15911
v -0.18550 0.30925 0.18464
v -0.16404 0.31327 0.19499
v -0.18994 0.31484 0.19394
v -0.18994 0.31484 0.19394
v -0.16404 0.31327 0.19499
v -0.15704 0.35131 0.19181
v -0.18496 0.01108 0.01513
v -0.17859 0.09369 -0.02375
v -0.16929 0.05240 -0.00942
v -0.17469 0.00977 0.05994
v -0.18387 0.00030 0.02792
v -0.18496 0.01108 0.01513
v -0.17456 0.10135 0.10770
v -0.18910 0.11261 0.06199
v -0.18788 0.12551 0.11285
v -0.18496 0.01108 0.01513
v -0.18387 0.00030 0.02792
v -0.18884 0.00112 0.00044
v -0.17963 0.13198 0.03506
v -0.19302 0.16861 -0.00117
v -0.18317 0.13652 0.03697
v -0.18899 0.17597 0.05350
v -0.18791 0.20356 0.04610
v -0.18300 0.20439 0.04289
v -0.18496 0.01108 0.01513
v -0.19303 0.06912 -0.00934
v -0.17859 0.09369 -0.02375
v -0.17758 0.00120 -0.05252
v -0.18585 0.04914 -0.05837
v -0.18373 0.08651 -0.04677
v -0.17977 0.17690 0.07813
v -0.18302 0.14738 0.08149
v -0.18910 0.11261 0.06199
v -0.18788 0.12551 0.11285
v -0.18910 0.11261 0.06199
v -0.18302 0.14738 0.08149
v -0.18302 0.14738 0.08149
v -0.18281 0.14919 0.10996
v -0.18788 0.12551 0.11285
v -0.16521 0.43808 -0.02385
v -0.16849 0.43703 -0.05974
v -0.23668 0.44208 -0.05155
v -0.18591 0.74750 -0.07800
v -0.18824 0.74624 -0.08891
v -0.18470 0.78892 -0.08029
v -0.18591 0.74750 -0.07800
v -0.16207 0.74127 -0.07903
v -0.18824 0.74624 -0.08891
v -0.18824 0.74624 -0.08891
v -0.14599 0.73019 -0.09669
v -0.12994 0.61879 -0.08139
v -0.20124 0.05346 -0.06785
v -0.18585 0.04914 -0.05837
v -0.17758 0.00120 -0.05252
v -0.17924 0.20199 0.15911
v -0.21692 0.15499 0.18353
v -0.17812 0.17763 0.16020
v -0.18799 0.21584 0.01015
v -0.21348 0.28359 0.00198
v -0.17714 0.27277 0.00137
v -0.18994 0.31484 0.19394
v -0.15704 0.35131 0.19181
v -0.17854 0.35341 0.19079
v -0.18888 0.53801 0.16741
v -0.15998 0.60387 0.17231
v -0.20939 0.53920 0.16719
v -0.18373 0.08651 -0.04677
v -0.19558 0.08289 -0.02222
v -0.17270 0.00178 -0.02116
v -0.19558 0.08289 -0.02222
v -0.18884 0.00112 0.00044
v -0.17270 0.00178 -0.02116
v -0.17977 0.17690 0.07813
v -0.18910 0.11261 0.06199
v -0.19175 0.14158 0.05566
v -0.18675 0.78991 -0.08956
v -0.18470 0.78892 -0.08029
v -0.18824 0.74624 -0.08891
v -0.17859 0.09369 -0.02375
v -0.19163 0.10141 -0.02530
v -0.17963 0.13198 0.03506
v -0.31363 0.00038 0.02109
v -0.18884 0.00112 0.00044
v -0.18387 0.00030 0.02792
v -0.17859 0.09369 -0.02375
v -0.19722 0.08427 -0.01542
v -0.19163 0.10141 -0.02530
v -0.18612 0.52021 0.16619
v -0.18888 0.53801 0.16741
v -0.19506 0.53507 0.16311
v -0.18585 0.04914 -0.05837
v -0.18991 0.08650 -0.06994
v -0.18373 0.08651 -0.04677
v -0.19338 0.08857 -0.09811
v -0.18361 0.00099 -0.08807
v -0.19714 0.00026 -0.15814
v -0.18899 0.17597 0.05350
v -0.17977 0.17690 0.07813
v -0.19175 0.14158 0.05566
v -0.27152 0.00011 0.25260
v -0.16478 0.00108 0.10336
v -0.13611 0.00107 0.16781
v -0.19317 0.00020 -0.06061
v -0.20124 0.05346 -0.06785
v -0.17758 0.00120 -0.05252
v -0.18910 0.11261 0.06199
v -0.18741 0.13712 0.05085
v -0.19175 0.14158 0.05566
v -0.18496 0.01108 0.01513
v -0.18884 0.00112 0.00044
v -0.19558 0.08289 -0.02222
v -0.19722 0.08427 -0.01542
v -0.17859 0.09369 -0.02375
v -0.19303 0.06912 -0.00934
v -0.19940 0.48737 0.15467
v -0.21240 0.48576 0.14765
v -0.18539 0.48128 0.14813
v -0.17924 0.20199 0.15911
v -0.20454 0.20967 0.17840
v -0.21692 0.15499 0.18353
v -0.18881 0.11426 -0.08319
v -0.19338 0.08857 -0.09811
v -0.20464 0.09888 -0.15592
v -0.19039 0.79286 -0.07858
v -0.18470 0.78892 -0.08029
v -0.18675 0.78991 -0.08956
v -0.20024 0.60605 0.17240
v -0.20939 0.53920 0.16719
v -0.15998 0.60387 0.17231
v -0.18496 0.01108 0.01513
v -0.19558 0.08289 -0.02222
v -0.19303 0.06912 -0.00934
v -0.20464 0.09888 -0.15592
v -0.21858 0.11398 -0.07826
v -0.18881 0.11426 -0.08319
v -0.20374 0.20966 0.03293
v -0.18799 0.21584 0.01015
v -0.18300 0.20439 0.04289
v -0.18361 0.00099 -0.08807
v -0.20616 0.08386 -0.09106
v -0.19188 0.00020 -0.08017
v -0.31363 0.00038 0.02109
v -0.17270 0.00178 -0.02116
v -0.18884 0.00112 0.00044
v -0.17812 0.27997 -0.01611
v -0.17442 0.27627 -0.00549
v -0.20512 0.27829 -0.01051
v -0.18373 0.08651 -0.04677
v -0.19912 0.08756 -0.02780
v -0.19558 0.08289 -0.02222
v -0.19714 0.00026 -0.15814
v -0.20188 0.00177 -0.17639
v -0.19338 0.08857 -0.09811
v -0.19188 0.00020 -0.08017
v -0.20124 0.05346 -0.06785
v -0.19317 0.00020 -0.06061
v -0.20222 0.21221 0.19575
v -0.18598 0.20962 0.19804
v -0.18550 0.30925 0.18464
v -0.18899 0.17597 0.05350
v -0.19175 0.14158 0.05566
v -0.18791 0.20356 0.04610
v -0.18373 0.08651 -0.04677
v -0.18991 0.08650 -0.06994
v -0.21455 0.08795 -0.06688
v -0.21455 0.08795 -0.06688
v -0.19912 0.08756 -0.02780
v -0.18373 0.08651 -0.04677
v -0.15618 0.03517 0.21114
v -0.16787 0.11575 0.20580
v -0.24359 0.11655 0.22179
v -0.17686 0.43040 0.19838
v -0.21093 0.43810 0.20334
v -0.19730 0.35630 0.21050
v -0.21093 0.43810 0.20334
v -0.17686 0.43040 0.19838
v -0.16549 0.47652 0.20412
v -0.19506 0.53507 0.16311
v -0.18888 0.53801 0.16741
v -0.20939 0.53920 0.16719
v -0.20374 0.20966 0.03293
v -0.18300 0.20439 0.04289
v -0.18791 0.20356 0.04610
v -0.19722 0.08427 -0.01542
v -0.19303 0.06912 -0.00934
v -0.19558 0.08289 -0.02222
v -0.17963 0.13198 0.03506
v -0.19163 0.10141 -0.02530
v -0.20044 0.13107 -0.05006
v -0.18675 0.78991 -0.08956
v -0.20966 0.79802 -0.08462
v -0.19039 0.79286 -0.07858
v -0.18585 0.04914 -0.05837
v -0.20596 0.08667 -0.07965
v -0.18991 0.08650 -0.06994
v -0.18612 0.52021 0.16619
v -0.20259 0.52121 0.14819
v -0.19351 0.51720 0.15160
v -0.19503 0.60997 0.19087
v -0.18774 0.67678 0.20222
v -0.21766 0.61922 0.18160
v -0.18598 0.20962 0.19804
v -0.17924 0.20199 0.15911
v -0.16627 0.20550 0.18473
v -0.19338 0.08857 -0.09811
v -0.18881 0.11426 -0.08319
v -0.20616 0.08386 -0.09106
v -0.17442 0.27627 -0.00549
v -0.17714 0.27277 0.00137
v -0.20153 0.27601 0.00032
v -0.17442 0.27627 -0.00549
v -0.20153 0.27601 0.00032
v -0.20512 0.27829 -0.01051
v -0.21093 0.43810 0.20334
v -0.16549 0.47652 0.20412
v -0.21267 0.48298 0.20433
v -0.18539 0.48128 0.14813
v -0.21240 0.48576 0.14765
v -0.16549 0.47652 0.20412
v -0.17963 0.13198 0.03506
v -0.20044 0.13107 -0.05006
v -0.19302 0.16861 -0.00117
v -0.18317 0.13652 0.03697
v -0.21728 0.14820 0.03256
v -0.18741 0.13712 0.05085
v -0.19910 0.03414 0.23701
v -0.27152 0.00011 0.25260
v -0.14266 0.00123 0.22780
v -0.17714 0.27277 0.00137
v -0.21348 0.28359 0.00198
v -0.20153 0.27601 0.00032
v -0.17700 0.73960 0.20786
v -0.18409 0.74396 0.19546
v -0.18170 0.73849 0.20924
v -0.19039 0.79286 -0.07858
v -0.21145 0.79681 -0.07606
v -0.20938 0.79682 -0.05451
v -0.20938 0.79682 -0.05451
v -0.19044 0.79266 -0.06060
v -0.19039 0.79286 -0.07858
v -0.20628 0.53718 0.15484
v -0.18612 0.52021 0.16619
v -0.19506 0.53507 0.16311
v -0.19558 0.08289 -0.02222
v -0.19912 0.08756 -0.02780
v -0.20080 0.08386 -0.02433
v -0.19317 0.00020 -0.06061
v -0.17758 0.00120 -0.05252
v -0.31363 0.00038 0.02109
v -0.19714 0.00026 -0.15814
v -0.18361 0.00099 -0.08807
v -0.24397 0.00014 -0.16880
v -0.18550 0.30925 0.18464
v -0.18994 0.31484 0.19394
v -0.22788 0.31739 0.20009
v -0.19163 0.10141 -0.02530
v -0.19722 0.08427 -0.01542
v -0.20892 0.10854 -0.03259
v -0.20124 0.05346 -0.06785
v -0.20596 0.08667 -0.07965
v -0.18585 0.04914 -0.05837
v -0.20124 0.05346 -0.06785
v -0.19188 0.00020 -0.08017
v -0.20616 0.08386 -0.09106
v -0.20966 0.79802 -0.08462
v -0.21145 0.79681 -0.07606
v -0.19039 0.79286 -0.07858
v -0.19338 0.08857 -0.09811
v -0.20616 0.08386 -0.09106
v -0.18361 0.00099 -0.08807
v -0.19175 0.14158 0.05566
v -0.21427 0.14788 0.04013
v -0.20374 0.20966 0.03293
v -0.18741 0.13712 0.05085
v -0.21427 0.14788 0.04013
v -0.19175 0.14158 0.05566
v -0.19558 0.08289 -0.02222
v -0.20080 0.08386 -0.02433
v -0.19722 0.08427 -0.01542
v -0.18612 0.52021 0.16619
v -0.20628 0.53718 0.15484
v -0.20259 0.52121 0.14819
v -0.23620 0.68270 -0.07124
v -0.18824 0.74624 -0.08891
v -0.12994 0.61879 -0.08139
v -0.19614 0.35523 0.19285
v -0.19730 0.35630 0.21050
v -0.21251 0.37800 0.19800
v -0.23311 0.47047 -0.02991
v -0.16067 0.52121 -0.04399
v -0.16164 0.46574 -0.03771
v -0.16521 0.43808 -0.02385
v -0.23311 0.47047 -0.02991
v -0.16164 0.46574 -0.03771
v -0.19910 0.03414 0.23701
v -0.15618 0.03517 0.21114
v -0.24860 0.03500 0.23063
v -0.18550 0.30925 0.18464
v -0.22788 0.31739 0.20009
v -0.22842 0.31594 0.19544
v -0.23102 0.67874 0.18469
v -0.22640 0.67610 0.18300
v -0.18774 0.67678 0.20222
v -0.19302 0.16861 -0.00117
v -0.20044 0.13107 -0.05006
v -0.30568 0.16764 0.02541
v -0.19912 0.08756 -0.02780
v -0.21455 0.08795 -0.06688
v -0.20892 0.10854 -0.03259
v -0.19722 0.08427 -0.01542
v -0.19912 0.08756 -0.02780
v -0.20892 0.10854 -0.03259
v -0.19175 0.14158 0.05566
v -0.20374 0.20966 0.03293
v -0.18791 0.20356 0.04610
v -0.19722 0.08427 -0.01542
v -0.20080 0.08386 -0.02433
v -0.19912 0.08756 -0.02780
v -0.20188 0.00177 -0.17639
v -0.19714 0.00026 -0.15814
v -0.24397 0.00014 -0.16880
v -0.19338 0.08857 -0.09811
v -0.20188 0.00177 -0.17639
v -0.20322 0.08902 -0.15110
v -0.16067 0.52121 -0.04399
v -0.22426 0.52950 -0.03766
v -0.15733 0.55397 -0.04590
v -0.18994 0.31484 0.19394
v -0.19614 0.35523 0.19285
v -0.22788 0.31739 0.20009
v -0.20464 0.09888 -0.15592
v -0.19338 0.08857 -0.09811
v -0.20322 0.08902 -0.15110
v -0.20939 0.53920 0.16719
v -0.20628 0.53718 0.15484
v -0.19506 0.53507 0.16311
v -0.20259 0.52121 0.14819
v -0.19940 0.48737 0.15467
v -0.19351 0.51720 0.15160
v -0.21762 0.55967 -0.03924
v -0.15733 0.55397 -0.04590
v -0.22426 0.52950 -0.03766
v -0.20153 0.27601 0.00032
v -0.21348 0.28359 0.00198
v -0.20512 0.27829 -0.01051
v -0.16585 0.12087 0.20849
v -0.24359 0.11655 0.22179
v -0.16787 0.11575 0.20580
v -0.21427 0.14788 0.04013
v -0.18741 0.13712 0.05085
v -0.21728 0.14820 0.03256
v -0.16521 0.43808 -0.02385
v -0.23090 0.44270 -0.01769
v -0.23311 0.47047 -0.02991
v -0.19621 0.88415 0.19912
v -0.21775 0.75044 0.18798
v -0.18409 0.74396 0.19546
v -0.18881 0.11426 -0.08319
v -0.21858 0.11398 -0.07826
v -0.20616 0.08386 -0.09106
v -0.20259 0.52121 0.14819
v -0.20628 0.53718 0.15484
v -0.21048 0.52785 0.14364
v -0.19920 0.84009 0.16831
v -0.21444 0.75154 0.16662
v -0.21775 0.75044 0.18798
v -0.20011 0.61324 0.15989
v -0.20939 0.53920 0.16719
v -0.20024 0.60605 0.17240
v -0.16521 0.43808 -0.02385
v -0.23668 0.44208 -0.05155
v -0.23090 0.44270 -0.01769
v -0.20322 0.08902 -0.15110
v -0.20188 0.00177 -0.17639
v -0.20897 0.08070 -0.15460
v -0.16585 0.12087 0.20849
v -0.21577 0.12031 0.21962
v -0.24359 0.11655 0.22179
v -0.20124 0.05346 -0.06785
v -0.20616 0.08386 -0.09106
v -0.20596 0.08667 -0.07965
v -0.20897 0.08070 -0.15460
v -0.20188 0.00177 -0.17639
v -0.21357 0.00134 -0.17971
v -0.19163 0.10141 -0.02530
v -0.20892 0.10854 -0.03259
v -0.20044 0.13107 -0.05006
v -0.18774 0.67678 0.20222
v -0.18170 0.73849 0.20924
v -0.23102 0.67874 0.18469
v -0.17812 0.27997 -0.01611
v -0.20512 0.27829 -0.01051
v -0.21267 0.28518 -0.01263
v -0.21348 0.28359 0.00198
v -0.21267 0.28518 -0.01263
v -0.20512 0.27829 -0.01051
v -0.21093 0.43810 0.20334
v -0.21972 0.38621 0.21138
v -0.19730 0.35630 0.21050
v -0.16585 0.12087 0.20849
v -0.18762 0.15334 0.21243
v -0.21752 0.15423 0.21855
v -0.20454 0.20967 0.17840
v -0.23488 0.21173 0.18669
v -0.21692 0.15499 0.18353
v -0.22551 0.74977 0.19291
v -0.18170 0.73849 0.20924
v -0.18409 0.74396 0.19546
v -0.20939 0.53920 0.16719
v -0.20011 0.61324 0.15989
v -0.21145 0.54135 0.15480
v -0.21728 0.14820 0.03256
v -0.18317 0.13652 0.03697
v -0.19302 0.16861 -0.00117
v -0.22788 0.31739 0.20009
v -0.19614 0.35523 0.19285
v -0.21251 0.37800 0.19800
v -0.23668 0.44208 -0.05155
v -0.17093 0.38013 -0.05034
v -0.26193 0.47261 -0.05058
v -0.20628 0.53718 0.15484
v -0.21200 0.52914 0.15364
v -0.21048 0.52785 0.14364
v -0.21251 0.37800 0.19800
v -0.19730 0.35630 0.21050
v -0.21972 0.38621 0.21138
v -0.23355 0.21203 0.03406
v -0.20374 0.20966 0.03293
v -0.21427 0.14788 0.04013
v -0.21145 0.54135 0.15480
v -0.20628 0.53718 0.15484
v -0.20939 0.53920 0.16719
v -0.20897 0.08070 -0.15460
v -0.21753 0.08137 -0.19109
v -0.21430 0.08424 -0.15087
v -0.21240 0.48576 0.14765
v -0.24485 0.48801 0.18800
v -0.21267 0.48298 0.20433
v -0.24397 0.00014 -0.16880
v -0.21357 0.00134 -0.17971
v -0.20188 0.00177 -0.17639
v -0.20322 0.08902 -0.15110
v -0.20897 0.08070 -0.15460
v -0.21430 0.08424 -0.15087
v -0.20892 0.10854 -0.03259
v -0.25301 0.13015 -0.03924
v -0.20044 0.13107 -0.05006
v -0.21240 0.48576 0.14765
v -0.21267 0.48298 0.20433
v -0.16549 0.47652 0.20412
v -0.21532 0.75427 -0.08630
v -0.18675 0.78991 -0.08956
v -0.18824 0.74624 -0.08891
v -0.22659 0.62056 0.15027
v -0.23127 0.53183 0.14684
v -0.21145 0.54135 0.15480
v -0.21048 0.52785 0.14364
v -0.19940 0.48737 0.15467
v -0.20259 0.52121 0.14819
v -0.21048 0.52785 0.14364
v -0.21200 0.52914 0.15364
v -0.23127 0.53183 0.14684
v -0.16229 0.55430 -0.07620
v -0.21762 0.55967 -0.03924
v -0.22029 0.56013 -0.06931
v -0.21455 0.08795 -0.06688
v -0.20596 0.08667 -0.07965
v -0.23165 0.08731 -0.08993
v -0.30568 0.16764 0.02541
v -0.20044 0.13107 -0.05006
v -0.25301 0.13015 -0.03924
v -0.21532 0.75427 -0.08630
v -0.20966 0.79802 -0.08462
v -0.18675 0.78991 -0.08956
v -0.26385 0.21887 0.01835
v -0.18799 0.21584 0.01015
v -0.20374 0.20966 0.03293
v -0.21455 0.08795 -0.06688
v -0.18991 0.08650 -0.06994
v -0.20596 0.08667 -0.07965
v -0.20616 0.08386 -0.09106
v -0.21858 0.11398 -0.07826
v -0.22415 0.09006 -0.08797
v -0.21430 0.08424 -0.15087
v -0.21753 0.08137 -0.19109
v -0.24293 0.08327 -0.18336
v -0.21752 0.15423 0.21855
v -0.17653 0.15480 0.15782
v -0.21692 0.15499 0.18353
v -0.21752 0.15423 0.21855
v -0.18762 0.15334 0.21243
v -0.17653 0.15480 0.15782
v -0.22029 0.56013 -0.06931
v -0.19755 0.62770 -0.08283
v -0.16229 0.55430 -0.07620
v -0.22895 0.75788 0.14977
v -0.21444 0.75154 0.16662
v -0.19920 0.84009 0.16831
v -0.22802 0.62308 0.17159
v -0.20011 0.61324 0.15989
v -0.19503 0.60997 0.19087
v -0.21145 0.79681 -0.07606
v -0.20966 0.79802 -0.08462
v -0.21532 0.75427 -0.08630
v -0.20454 0.20967 0.17840
v -0.18598 0.20962 0.19804
v -0.20222 0.21221 0.19575
v -0.22551 0.74977 0.19291
v -0.18409 0.74396 0.19546
v -0.21775 0.75044 0.18798
v -0.21739 0.75459 -0.07557
v -0.21145 0.79681 -0.07606
v -0.21532 0.75427 -0.08630
v -0.21145 0.54135 0.15480
v -0.21200 0.52914 0.15364
v -0.20628 0.53718 0.15484
v -0.21752 0.15423 0.21855
v -0.25885 0.15343 0.22898
v -0.16585 0.12087 0.20849
v -0.21357 0.00134 -0.17971
v -0.22168 0.00119 -0.20650
v -0.22326 0.03109 -0.20941
v -0.20892 0.10854 -0.03259
v -0.24492 0.10744 -0.02644
v -0.25301 0.13015 -0.03924
v -0.22802 0.62308 0.17159
v -0.19503 0.60997 0.19087
v -0.21766 0.61922 0.18160
v -0.21941 0.38238 0.19786
v -0.21251 0.37800 0.19800
v -0.21972 0.38621 0.21138
v -0.20897 0.08070 -0.15460
v -0.21357 0.00134 -0.17971
v -0.22326 0.03109 -0.20941
v -0.22326 0.03109 -0.20941
v -0.21753 0.08137 -0.19109
v -0.20897 0.08070 -0.15460
v -0.26385 0.21887 0.01835
v -0.21348 0.28359 0.00198
v -0.18799 0.21584 0.01015
v -0.21766 0.61922 0.18160
v -0.18774 0.67678 0.20222
v -0.22640 0.67610 0.18300
v -0.16415 0.62350 -0.07666
v -0.23368 0.63613 -0.06021
v -0.23620 0.68270 -0.07124
v -0.20454 0.20967 0.17840
v -0.24138 0.21470 0.20526
v -0.23488 0.21173 0.18669
v -0.21775 0.75044 0.18798
v -0.21444 0.75154 0.16662
v -0.22551 0.74977 0.19291
v -0.20616 0.08386 -0.09106
v -0.22415 0.09006 -0.08797
v -0.23165 0.08731 -0.08993
v -0.20596 0.08667 -0.07965
v -0.20616 0.08386 -0.09106
v -0.23165 0.08731 -0.08993
v -0.20454 0.20967 0.17840
v -0.20222 0.21221 0.19575
v -0.24138 0.21470 0.20526
v -0.25372 0.28440 -0.00656
v -0.21348 0.28359 0.00198
v -0.24147 0.28256 0.00608
v -0.21941 0.38238 0.19786
v -0.22788 0.31739 0.20009
v -0.21251 0.37800 0.19800
v -0.22426 0.52950 -0.03766
v -0.22029 0.56013 -0.06931
v -0.21762 0.55967 -0.03924
v -0.26385 0.21887 0.01835
v -0.20374 0.20966 0.03293
v -0.23355 0.21203 0.03406
v -0.21739 0.75459 -0.07557
v -0.22573 0.75236 -0.07071
v -0.21145 0.79681 -0.07606
v -0.21093 0.43810 0.20334
v -0.25466 0.43167 0.18883
v -0.21972 0.38621 0.21138
v -0.20322 0.08902 -0.15110
v -0.23625 0.09723 -0.15015
v -0.20464 0.09888 -0.15592
v -0.23806 0.63458 -0.07807
v -0.16415 0.62350 -0.07666
v -0.19755 0.62770 -0.08283
v -0.21739 0.75459 -0.07557
v -0.21532 0.75427 -0.08630
v -0.22753 0.75231 -0.08391
v -0.21145 0.54135 0.15480
v -0.23127 0.53183 0.14684
v -0.21200 0.52914 0.15364
v -0.20011 0.61324 0.15989
v -0.22802 0.62308 0.17159
v -0.22659 0.62056 0.15027
v -0.23202 0.71568 -0.07814
v -0.22753 0.75231 -0.08391
v -0.18824 0.74624 -0.08891
v -0.21048 0.52785 0.14364
v -0.21240 0.48576 0.14765
v -0.19940 0.48737 0.15467
v -0.22029 0.56013 -0.06931
v -0.22426 0.52950 -0.03766
v -0.22595 0.53106 -0.06368
v -0.23249 0.80443 -0.04270
v -0.20938 0.79682 -0.05451
v -0.21145 0.79681 -0.07606
v -0.23842 0.08739 -0.08447
v -0.21455 0.08795 -0.06688
v -0.23165 0.08731 -0.08993
v -0.20892 0.10854 -0.03259
v -0.23009 0.10725 -0.03003
v -0.24492 0.10744 -0.02644
v -0.21267 0.28518 -0.01263
v -0.25372 0.28440 -0.00656
v -0.25519 0.29341 -0.00845
v -0.24860 0.03500 0.23063
v -0.24484 0.03364 0.24760
v -0.19910 0.03414 0.23701
v -0.25885 0.15343 0.22898
v -0.21577 0.12031 0.21962
v -0.16585 0.12087 0.20849
v -0.22753 0.75231 -0.08391
v -0.21532 0.75427 -0.08630
v -0.18824 0.74624 -0.08891
v -0.22640 0.67610 0.18300
v -0.22802 0.62308 0.17159
v -0.21766 0.61922 0.18160
v -0.22326 0.03109 -0.20941
v -0.22168 0.00119 -0.20650
v -0.24792 0.00097 -0.19975
v -0.22551 0.74977 0.19291
v -0.21444 0.75154 0.16662
v -0.22631 0.75257 0.16989
v -0.24546 0.76348 -0.05604
v -0.21145 0.79681 -0.07606
v -0.22573 0.75236 -0.07071
v -0.23488 0.21173 0.18669
v -0.25764 0.15538 0.19702
v -0.21692 0.15499 0.18353
v -0.23718 0.09899 -0.14807
v -0.21858 0.11398 -0.07826
v -0.20464 0.09888 -0.15592
v -0.25372 0.28440 -0.00656
v -0.21267 0.28518 -0.01263
v -0.21348 0.28359 0.00198
v -0.17676 0.34734 -0.04302
v -0.25776 0.35419 -0.03515
v -0.17093 0.38013 -0.05034
v -0.21444 0.75154 0.16662
v -0.24335 0.75785 0.15903
v -0.22631 0.75257 0.16989
v -0.21739 0.75459 -0.07557
v -0.22753 0.75231 -0.08391
v -0.22573 0.75236 -0.07071
v -0.21753 0.08137 -0.19109
v -0.22326 0.03109 -0.20941
v -0.24929 0.03097 -0.20339
v -0.19302 0.16861 -0.00117
v -0.30568 0.16764 0.02541
v -0.21728 0.14820 0.03256
v -0.20464 0.09888 -0.15592
v -0.23625 0.09723 -0.15015
v -0.23718 0.09899 -0.14807
v -0.25383 0.53618 -0.05952
v -0.23806 0.63458 -0.07807
v -0.19755 0.62770 -0.08283
v -0.22640 0.67610 0.18300
v -0.22363 0.67286 0.15471
v -0.22659 0.62056 0.15027
v -0.20011 0.61324 0.15989
v -0.22659 0.62056 0.15027
v -0.21145 0.54135 0.15480
v -0.25469 0.68437 -0.02025
v -0.22481 0.63562 -0.02985
v -0.23248 0.63341 -0.02587
v -0.20322 0.08902 -0.15110
v -0.21430 0.08424 -0.15087
v -0.23625 0.09723 -0.15015
v -0.21048 0.52785 0.14364
v -0.23127 0.53183 0.14684
v -0.23348 0.53157 0.13072
v -0.22151 0.68399 -0.03810
v -0.23368 0.63613 -0.06021
v -0.22481 0.63562 -0.02985
v -0.23102 0.67874 0.18469
v -0.18170 0.73849 0.20924
v -0.22551 0.74977 0.19291
v -0.23102 0.67874 0.18469
v -0.22363 0.67286 0.15471
v -0.22640 0.67610 0.18300
v -0.23620 0.68270 -0.07124
v -0.23368 0.63613 -0.06021
v -0.22151 0.68399 -0.03810
v -0.25383 0.53618 -0.05952
v -0.19755 0.62770 -0.08283
v -0.22029 0.56013 -0.06931
v -0.19188 0.00020 -0.08017
v -0.24397 0.00014 -0.16880
v -0.18361 0.00099 -0.08807
v -0.22573 0.75236 -0.07071
v -0.23465 0.68447 -0.06013
v -0.24546 0.76348 -0.05604
v -0.21048 0.52785 0.14364
v -0.23735 0.49051 0.13342
v -0.21240 0.48576 0.14765
v -0.22659 0.62056 0.15027
v -0.22802 0.62308 0.17159
v -0.22640 0.67610 0.18300
v -0.23249 0.80443 -0.04270
v -0.21145 0.79681 -0.07606
v -0.24137 0.80422 -0.05674
v -0.21858 0.11398 -0.07826
v -0.23718 0.09899 -0.14807
v -0.22415 0.09006 -0.08797
v -0.18824 0.74624 -0.08891
v -0.23620 0.68270 -0.07124
v -0.23202 0.71568 -0.07814
v -0.24293 0.08327 -0.18336
v -0.23563 0.08371 -0.14950
v -0.21430 0.08424 -0.15087
v -0.23842 0.08739 -0.08447
v -0.23789 0.08824 -0.06120
v -0.21455 0.08795 -0.06688
v -0.23102 0.67874 0.18469
v -0.23528 0.68160 0.15849
v -0.22363 0.67286 0.15471
v -0.22912 0.11367 -0.07514
v -0.22814 0.11162 -0.07865
v -0.23506 0.11011 -0.09973
v -0.23202 0.71568 -0.07814
v -0.23465 0.68447 -0.06013
v -0.22573 0.75236 -0.07071
v -0.23718 0.09899 -0.14807
v -0.23871 0.09114 -0.14626
v -0.22415 0.09006 -0.08797
v -0.22573 0.75236 -0.07071
v -0.22753 0.75231 -0.08391
v -0.23202 0.71568 -0.07814
v -0.25466 0.43167 0.18883
v -0.24432 0.38829 0.20006
v -0.21972 0.38621 0.21138
v -0.23920 0.84925 0.14157
v -0.24743 0.76397 0.13842
v -0.22895 0.75788 0.14977
v -0.23311 0.47047 -0.02991
v -0.22426 0.52950 -0.03766
v -0.16067 0.52121 -0.04399
v -0.16415 0.62350 -0.07666
v -0.23806 0.63458 -0.07807
v -0.23368 0.63613 -0.06021
v -0.23620 0.68270 -0.07124
v -0.22151 0.68399 -0.03810
v -0.23465 0.68447 -0.06013
v -0.23009 0.10725 -0.03003
v -0.20892 0.10854 -0.03259
v -0.21455 0.08795 -0.06688
v -0.22659 0.62056 0.15027
v -0.22363 0.67286 0.15471
v -0.24326 0.59946 0.13498
v -0.23102 0.67874 0.18469
v -0.22551 0.74977 0.19291
v -0.22631 0.75257 0.16989
v -0.24138 0.21470 0.20526
v -0.18550 0.30925 0.18464
v -0.22842 0.31594 0.19544
v -0.22895 0.75788 0.14977
v -0.24335 0.75785 0.15903
v -0.21444 0.75154 0.16662
v -0.22326 0.03109 -0.20941
v -0.24792 0.00097 -0.19975
v -0.24929 0.03097 -0.20339
v -0.22481 0.63562 -0.02985
v -0.23368 0.63613 -0.06021
v -0.23248 0.63341 -0.02587
v -0.22814 0.11162 -0.07865
v -0.22912 0.11367 -0.07514
v -0.23165 0.08731 -0.08993
v -0.21048 0.52785 0.14364
v -0.23348 0.53157 0.13072
v -0.23735 0.49051 0.13342
v -0.21430 0.08424 -0.15087
v -0.23871 0.09114 -0.14626
v -0.23625 0.09723 -0.15015
v -0.23009 0.10725 -0.03003
v -0.21455 0.08795 -0.06688
v -0.23789 0.08824 -0.06120
v -0.23511 0.67875 0.14876
v -0.22363 0.67286 0.15471
v -0.23528 0.68160 0.15849
v -0.27152 0.00011 0.25260
v -0.19910 0.03414 0.23701
v -0.24484 0.03364 0.24760
v -0.21972 0.38621 0.21138
v -0.24432 0.38829 0.20006
v -0.21941 0.38238 0.19786
v -0.22481 0.63562 -0.02985
v -0.25469 0.68437 -0.02025
v -0.22151 0.68399 -0.03810
v -0.24094 0.13110 0.22522
v -0.21577 0.12031 0.21962
v -0.25885 0.15343 0.22898
v -0.23102 0.67874 0.18469
v -0.22631 0.75257 0.16989
v -0.23528 0.68160 0.15849
v -0.23009 0.10725 -0.03003
v -0.23789 0.08824 -0.06120
v -0.23508 0.08848 -0.02780
v -0.21430 0.08424 -0.15087
v -0.23563 0.08371 -0.14950
v -0.24382 0.08390 -0.14709
v -0.21430 0.08424 -0.15087
v -0.24382 0.08390 -0.14709
v -0.23871 0.09114 -0.14626
v -0.25369 0.68594 -0.04523
v -0.23465 0.68447 -0.06013
v -0.22151 0.68399 -0.03810
v -0.23668 0.44208 -0.05155
v -0.23311 0.47047 -0.02991
v -0.23090 0.44270 -0.01769
v -0.25200 0.31473 0.18104
v -0.24138 0.21470 0.20526
v -0.22842 0.31594 0.19544
v -0.23465 0.68447 -0.06013
v -0.23202 0.71568 -0.07814
v -0.23620 0.68270 -0.07124
v -0.24138 0.21470 0.20526
v -0.20222 0.21221 0.19575
v -0.18550 0.30925 0.18464
v -0.15618 0.03517 0.21114
v -0.24359 0.11655 0.22179
v -0.24860 0.03500 0.23063
v -0.17676 0.34734 -0.04302
v -0.25436 0.35385 -0.01802
v -0.25776 0.35419 -0.03515
v -0.22631 0.75257 0.16989
v -0.24335 0.75785 0.15903
v -0.24797 0.69052 0.15139
v -0.23528 0.68160 0.15849
v -0.22631 0.75257 0.16989
v -0.24797 0.69052 0.15139
v -0.25383 0.53618 -0.05952
v -0.22029 0.56013 -0.06931
v -0.22595 0.53106 -0.06368
v -0.23668 0.44208 -0.05155
v -0.23589 0.47058 -0.05476
v -0.23311 0.47047 -0.02991
v -0.17676 0.34734 -0.04302
v -0.17561 0.34507 -0.02577
v -0.25436 0.35385 -0.01802
v -0.24636 0.09775 -0.14896
v -0.22814 0.11162 -0.07865
v -0.23165 0.08731 -0.08993
v -0.23165 0.08731 -0.08993
v -0.22415 0.09006 -0.08797
v -0.23871 0.09114 -0.14626
v -0.24492 0.10744 -0.02644
v -0.23009 0.10725 -0.03003
v -0.23508 0.08848 -0.02780
v -0.23506 0.11011 -0.09973
v -0.25771 0.11321 -0.06887
v -0.22912 0.11367 -0.07514
v -0.21577 0.12031 0.21962
v -0.24094 0.13110 0.22522
v -0.24359 0.11655 0.22179
v -0.24038 0.14717 0.04579
v -0.21427 0.14788 0.04013
v -0.21728 0.14820 0.03256
v -0.17812 0.27997 -0.01611
v -0.25436 0.35385 -0.01802
v -0.17561 0.34507 -0.02577
v -0.23368 0.63613 -0.06021
v -0.23806 0.63458 -0.07807
v -0.23248 0.63341 -0.02587
v -0.22814 0.11162 -0.07865
v -0.24636 0.09775 -0.14896
v -0.23506 0.11011 -0.09973
v -0.24147 0.28256 0.00608
v -0.21348 0.28359 0.00198
v -0.26385 0.21887 0.01835
v -0.23511 0.67875 0.14876
v -0.23528 0.68160 0.15849
v -0.24797 0.69052 0.15139
v -0.21427 0.14788 0.04013
v -0.24038 0.14717 0.04579
v -0.23355 0.21203 0.03406
v -0.23871 0.09114 -0.14626
v -0.23718 0.09899 -0.14807
v -0.23625 0.09723 -0.15015
v -0.31424 0.13995 -0.01064
v -0.30568 0.16764 0.02541
v -0.25301 0.13015 -0.03924
v -0.24546 0.76348 -0.05604
v -0.24137 0.80422 -0.05674
v -0.21145 0.79681 -0.07606
v -0.23508 0.08848 -0.02780
v -0.23789 0.08824 -0.06120
v -0.25608 0.08851 -0.06653
v -0.24485 0.48801 0.18800
v -0.21093 0.43810 0.20334
v -0.21267 0.48298 0.20433
v -0.23311 0.47047 -0.02991
v -0.24248 0.53283 -0.02424
v -0.22426 0.52950 -0.03766
v -0.25048 0.53605 -0.02783
v -0.22595 0.53106 -0.06368
v -0.22426 0.52950 -0.03766
v -0.21357 0.00134 -0.17971
v -0.24792 0.00097 -0.19975
v -0.22168 0.00119 -0.20650
v -0.23165 0.08731 -0.08993
v -0.23871 0.09114 -0.14626
v -0.24599 0.09317 -0.14646
v -0.25048 0.53605 -0.02783
v -0.23938 0.58737 -0.01818
v -0.23248 0.63341 -0.02587
v -0.25048 0.53605 -0.02783
v -0.23248 0.63341 -0.02587
v -0.23806 0.63458 -0.07807
v -0.23311 0.47047 -0.02991
v -0.25623 0.47243 -0.02920
v -0.23968 0.47098 -0.02323
v -0.23249 0.80443 -0.04270
v -0.24137 0.80422 -0.05674
v -0.24713 0.80592 -0.03692
v -0.23589 0.47058 -0.05476
v -0.23668 0.44208 -0.05155
v -0.26193 0.47261 -0.05058
v -0.21357 0.00134 -0.17971
v -0.24397 0.00014 -0.16880
v -0.24792 0.00097 -0.19975
v -0.21267 0.28518 -0.01263
v -0.25519 0.29341 -0.00845
v -0.25436 0.35385 -0.01802
v -0.24432 0.38829 0.20006
v -0.24484 0.38577 0.18621
v -0.21941 0.38238 0.19786
v -0.25048 0.53605 -0.02783
v -0.22426 0.52950 -0.03766
v -0.24248 0.53283 -0.02424
v -0.23348 0.53157 0.13072
v -0.25157 0.53605 0.13032
v -0.23814 0.53311 0.11782
v -0.23511 0.67875 0.14876
v -0.24326 0.59946 0.13498
v -0.22363 0.67286 0.15471
v -0.24335 0.75785 0.15903
v -0.22895 0.75788 0.14977
v -0.24743 0.76397 0.13842
v -0.23348 0.53157 0.13072
v -0.24352 0.48807 0.12290
v -0.23735 0.49051 0.13342
v -0.23348 0.53157 0.13072
v -0.23127 0.53183 0.14684
v -0.25157 0.53605 0.13032
v -0.23707 0.13079 0.23813
v -0.24094 0.13110 0.22522
v -0.26173 0.13155 0.24312
v -0.24138 0.21470 0.20526
v -0.25875 0.21167 0.19496
v -0.23488 0.21173 0.18669
v -0.22912 0.11367 -0.07514
v -0.23842 0.08739 -0.08447
v -0.23165 0.08731 -0.08993
v -0.21093 0.43810 0.20334
v -0.24485 0.48801 0.18800
v -0.25466 0.43167 0.18883
v -0.23563 0.08371 -0.14950
v -0.24279 0.07056 -0.14748
v -0.24382 0.08390 -0.14709
v -0.23701 0.47157 0.02214
v -0.24748 0.49629 -0.01854
v -0.23968 0.47098 -0.02323
v -0.23563 0.08371 -0.14950
v -0.24225 0.03294 -0.15817
v -0.24279 0.07056 -0.14748
v -0.25157 0.53605 0.13032
v -0.22659 0.62056 0.15027
v -0.24326 0.59946 0.13498
v -0.16478 0.00108 0.10336
v -0.29668 0.00023 0.09847
v -0.18387 0.00030 0.02792
v -0.17812 0.27997 -0.01611
v -0.21267 0.28518 -0.01263
v -0.25436 0.35385 -0.01802
v -0.23589 0.47058 -0.05476
v -0.25623 0.47243 -0.02920
v -0.23311 0.47047 -0.02991
v -0.24094 0.13110 0.22522
v -0.23707 0.13079 0.23813
v -0.24359 0.11655 0.22179
v -0.24523 0.53422 -0.00207
v -0.24010 0.53216 -0.00403
v -0.24253 0.51608 -0.00166
v -0.23511 0.67875 0.14876
v -0.27119 0.69538 0.10106
v -0.24326 0.59946 0.13498
v -0.25157 0.53605 0.13032
v -0.24124 0.53506 0.08713
v -0.23814 0.53311 0.11782
v -0.25157 0.53605 0.13032
v -0.23127 0.53183 0.14684
v -0.22659 0.62056 0.15027
v -0.24248 0.53283 -0.02424
v -0.24748 0.49629 -0.01854
v -0.24010 0.53216 -0.00403
v -0.24224 0.51866 0.02044
v -0.24253 0.51608 -0.00166
v -0.24328 0.49193 0.02249
v -0.23311 0.47047 -0.02991
v -0.24748 0.49629 -0.01854
v -0.24248 0.53283 -0.02424
v -0.23871 0.09114 -0.14626
v -0.24382 0.08390 -0.14709
v -0.24599 0.09317 -0.14646
v -0.24253 0.51608 -0.00166
v -0.24010 0.53216 -0.00403
v -0.24748 0.49629 -0.01854
v -0.23814 0.53311 0.11782
v -0.24352 0.48807 0.12290
v -0.23348 0.53157 0.13072
v -0.21753 0.08137 -0.19109
v -0.24929 0.03097 -0.20339
v -0.24293 0.08327 -0.18336
v -0.24328 0.49193 0.02249
v -0.24253 0.51608 -0.00166
v -0.24748 0.49629 -0.01854
v -0.24523 0.53422 -0.00207
v -0.23938 0.58737 -0.01818
v -0.25048 0.53605 -0.02783
v -0.23165 0.08731 -0.08993
v -0.24599 0.09317 -0.14646
v -0.24636 0.09775 -0.14896
v -0.24523 0.53422 -0.00207
v -0.23784 0.58691 -0.00474
v -0.23938 0.58737 -0.01818
v -0.23938 0.58737 -0.01818
v -0.25469 0.68437 -0.02025
v -0.23248 0.63341 -0.02587
v -0.21692 0.15499 0.18353
v -0.25885 0.15343 0.22898
v -0.21752 0.15423 0.21855
v -0.21240 0.48576 0.14765
v -0.24696 0.48880 0.16852
v -0.24485 0.48801 0.18800
v -0.25157 0.53605 0.13032
v -0.26392 0.53995 0.11403
v -0.24124 0.53506 0.08713
v -0.23814 0.53311 0.11782
v -0.24613 0.46598 0.12224
v -0.24352 0.48807 0.12290
v -0.24636 0.09775 -0.14896
v -0.24895 0.09994 -0.14819
v -0.23506 0.11011 -0.09973
v -0.24748 0.49629 -0.01854
v -0.23311 0.47047 -0.02991
v -0.23968 0.47098 -0.02323
v -0.24279 0.07056 -0.14748
v -0.24225 0.03294 -0.15817
v -0.24382 0.08390 -0.14709
v -0.22842 0.31594 0.19544
v -0.22788 0.31739 0.20009
v -0.25200 0.31473 0.18104
v -0.28396 0.00000 0.14694
v -0.29668 0.00023 0.09847
v -0.16478 0.00108 0.10336
v -0.24010 0.53216 -0.00403
v -0.24523 0.53422 -0.00207
v -0.24248 0.53283 -0.02424
v -0.24448 0.50682 0.09895
v -0.23814 0.53311 0.11782
v -0.24124 0.53506 0.08713
v -0.23784 0.58691 -0.00474
v -0.25922 0.52118 0.01066
v -0.25608 0.58979 0.01170
v -0.24328 0.49193 0.02249
v -0.24748 0.49629 -0.01854
v -0.23701 0.47157 0.02214
v -0.24359 0.11655 0.22179
v -0.23707 0.13079 0.23813
v -0.24484 0.03364 0.24760
v -0.23735 0.49051 0.13342
v -0.27418 0.49303 0.13844
v -0.21240 0.48576 0.14765
v -0.23968 0.47098 -0.02323
v -0.25182 0.47288 -0.00674
v -0.23701 0.47157 0.02214
v -0.25369 0.68594 -0.04523
v -0.22151 0.68399 -0.03810
v -0.25781 0.68577 -0.02732
v -0.23506 0.11011 -0.09973
v -0.24895 0.09994 -0.14819
v -0.25983 0.11319 -0.08255
v -0.24792 0.00097 -0.19975
v -0.24397 0.00014 -0.16880
v -0.24744 0.00121 -0.18373
v -0.25369 0.68594 -0.04523
v -0.24546 0.76348 -0.05604
v -0.23465 0.68447 -0.06013
v -0.24225 0.03294 -0.15817
v -0.24929 0.03097 -0.20339
v -0.24744 0.00121 -0.18373
v -0.24225 0.03294 -0.15817
v -0.24744 0.00121 -0.18373
v -0.24778 0.00178 -0.17429
v -0.24523 0.53422 -0.00207
v -0.25048 0.53605 -0.02783
v -0.24248 0.53283 -0.02424
v -0.23938 0.58737 -0.01818
v -0.26085 0.59552 -0.01358
v -0.25469 0.68437 -0.02025
v -0.24397 0.00014 -0.16880
v -0.24778 0.00178 -0.17429
v -0.24744 0.00121 -0.18373
v -0.23842 0.08739 -0.08447
v -0.25608 0.08851 -0.06653
v -0.23789 0.08824 -0.06120
v -0.25764 0.15538 0.19702
v -0.23488 0.21173 0.18669
v -0.26018 0.20919 0.19292
v -0.24484 0.38577 0.18621
v -0.22788 0.31739 0.20009
v -0.21941 0.38238 0.19786
v -0.26006 0.53865 0.08658
v -0.24124 0.53506 0.08713
v -0.26392 0.53995 0.11403
v -0.24448 0.50682 0.09895
v -0.24613 0.46598 0.12224
v -0.23814 0.53311 0.11782
v -0.24929 0.03097 -0.20339
v -0.23563 0.08371 -0.14950
v -0.24293 0.08327 -0.18336
v -0.23938 0.58737 -0.01818
v -0.23784 0.58691 -0.00474
v -0.26085 0.59552 -0.01358
v -0.24359 0.11655 0.22179
v -0.24484 0.03364 0.24760
v -0.24860 0.03500 0.23063
v -0.24484 0.03364 0.24760
v -0.23707 0.13079 0.23813
v -0.26436 0.09209 0.24754
v -0.24397 0.00014 -0.16880
v -0.19188 0.00020 -0.08017
v -0.30277 0.00022 -0.19210
v -0.26436 0.09209 0.24754
v -0.23707 0.13079 0.23813
v -0.26173 0.13155 0.24312
v -0.25884 0.13523 0.22890
v -0.24094 0.13110 0.22522
v -0.25885 0.15343 0.22898
v -0.21692 0.15499 0.18353
v -0.25764 0.15538 0.19702
v -0.25885 0.15343 0.22898
v -0.26018 0.20919 0.19292
v -0.23488 0.21173 0.18669
v -0.25875 0.21167 0.19496
v -0.24432 0.38829 0.20006
v -0.25249 0.38438 0.16715
v -0.24484 0.38577 0.18621
v -0.26640 0.49783 0.09279
v -0.24448 0.50682 0.09895
v -0.24124 0.53506 0.08713
v -0.23784 0.58691 -0.00474
v -0.24523 0.53422 -0.00207
v -0.25922 0.52118 0.01066
v -0.23563 0.08371 -0.14950
v -0.24929 0.03097 -0.20339
v -0.24225 0.03294 -0.15817
v -0.24546 0.76348 -0.05604
v -0.25369 0.68594 -0.04523
v -0.24137 0.80422 -0.05674
v -0.25581 0.31804 0.18623
v -0.22788 0.31739 0.20009
v -0.24484 0.38577 0.18621
v -0.24253 0.51608 -0.00166
v -0.25922 0.52118 0.01066
v -0.24523 0.53422 -0.00207
v -0.26385 0.21887 0.01835
v -0.25616 0.28405 0.00828
v -0.24147 0.28256 0.00608
v -0.27747 0.14658 0.04565
v -0.24038 0.14717 0.04579
v -0.21728 0.14820 0.03256
v -0.23355 0.21203 0.03406
v -0.25369 0.21383 0.04722
v -0.26094 0.21573 0.03656
v -0.24492 0.10744 -0.02644
v -0.23508 0.08848 -0.02780
v -0.25608 0.08851 -0.06653
v -0.24613 0.46598 0.12224
v -0.24448 0.50682 0.09895
v -0.25040 0.46720 0.09629
v -0.23701 0.47157 0.02214
v -0.25635 0.49401 -0.00007
v -0.24328 0.49193 0.02249
v -0.22912 0.11367 -0.07514
v -0.26057 0.08847 -0.07923
v -0.23842 0.08739 -0.08447
v -0.25372 0.28440 -0.00656
v -0.24147 0.28256 0.00608
v -0.25616 0.28405 0.00828
v -0.25048 0.53605 -0.02783
v -0.25383 0.53618 -0.05952
v -0.22595 0.53106 -0.06368
v -0.25581 0.31804 0.18623
v -0.24484 0.38577 0.18621
v -0.25249 0.38438 0.16715
v -0.24448 0.50682 0.09895
v -0.26640 0.49783 0.09279
v -0.25729 0.49555 0.09518
v -0.25383 0.53618 -0.05952
v -0.25048 0.53605 -0.02783
v -0.23806 0.63458 -0.07807
v -0.23701 0.47157 0.02214
v -0.25182 0.47288 -0.00674
v -0.25635 0.49401 -0.00007
v -0.25369 0.68594 -0.04523
v -0.24713 0.80592 -0.03692
v -0.24137 0.80422 -0.05674
v -0.24225 0.03294 -0.15817
v -0.24778 0.00178 -0.17429
v -0.24382 0.08390 -0.14709
v -0.24929 0.03097 -0.20339
v -0.24792 0.00097 -0.19975
v -0.24744 0.00121 -0.18373
v -0.25884 0.13523 0.22890
v -0.26173 0.13155 0.24312
v -0.24094 0.13110 0.22522
v -0.22788 0.31739 0.20009
v -0.25581 0.31804 0.18623
v -0.25200 0.31473 0.18104
v -0.24253 0.51608 -0.00166
v -0.24224 0.51866 0.02044
v -0.25496 0.51912 0.01890
v -0.24696 0.48880 0.16852
v -0.25574 0.43881 0.17028
v -0.24485 0.48801 0.18800
v -0.24352 0.48807 0.12290
v -0.27418 0.49303 0.13844
v -0.23735 0.49051 0.13342
v -0.31363 0.00038 0.02109
v -0.33112 0.00091 -0.03056
v -0.19317 0.00020 -0.06061
v -0.26473 0.15426 0.19883
v -0.25885 0.15343 0.22898
v -0.25764 0.15538 0.19702
v -0.23355 0.21203 0.03406
v -0.26094 0.21573 0.03656
v -0.26385 0.21887 0.01835
v -0.25702 0.38883 -0.04135
v -0.17093 0.38013 -0.05034
v -0.25776 0.35419 -0.03515
v -0.24432 0.38829 0.20006
v -0.26087 0.38972 0.19090
v -0.25249 0.38438 0.16715
v -0.25781 0.68577 -0.02732
v -0.22151 0.68399 -0.03810
v -0.25469 0.68437 -0.02025
v -0.26068 0.00116 -0.20346
v -0.24382 0.08390 -0.14709
v -0.24778 0.00178 -0.17429
v -0.25892 0.25738 0.18621
v -0.25875 0.21167 0.19496
v -0.24138 0.21470 0.20526
v -0.24743 0.76397 0.13842
v -0.25442 0.79633 0.12492
v -0.25667 0.77116 0.12509
v -0.25581 0.31804 0.18623
v -0.25249 0.38438 0.16715
v -0.26132 0.31583 0.16982
v -0.25282 0.08043 -0.17769
v -0.25823 0.08323 -0.18700
v -0.24382 0.08390 -0.14709
v -0.24224 0.51866 0.02044
v -0.24328 0.49193 0.02249
v -0.25496 0.51912 0.01890
v -0.24713 0.80592 -0.03692
v -0.25369 0.68594 -0.04523
v -0.25675 0.70495 -0.02829
v -0.24613 0.46598 0.12224
v -0.25040 0.46720 0.09629
v -0.27764 0.47175 0.13788
v -0.25496 0.51912 0.01890
v -0.24328 0.49193 0.02249
v -0.25493 0.49501 0.01953
v -0.25442 0.79633 0.12492
v -0.24743 0.76397 0.13842
v -0.23920 0.84925 0.14157
v -0.23920 0.84925 0.14157
v -0.25819 0.80110 0.11742
v -0.25442 0.79633 0.12492
v -0.25567 0.58773 0.11589
v -0.25157 0.53605 0.13032
v -0.24326 0.59946 0.13498
v -0.25493 0.49501 0.01953
v -0.24328 0.49193 0.02249
v -0.25635 0.49401 -0.00007
v -0.24599 0.09317 -0.14646
v -0.24382 0.08390 -0.14709
v -0.27713 0.09257 -0.13967
v -0.27713 0.09257 -0.13967
v -0.24636 0.09775 -0.14896
v -0.24599 0.09317 -0.14646
v -0.25301 0.13015 -0.03924
v -0.24492 0.10744 -0.02644
v -0.26673 0.10773 -0.02048
v -0.24448 0.50682 0.09895
v -0.25729 0.49555 0.09518
v -0.25040 0.46720 0.09629
v -0.25200 0.31473 0.18104
v -0.25892 0.25738 0.18621
v -0.24138 0.21470 0.20526
v -0.24485 0.48801 0.18800
v -0.25574 0.43881 0.17028
v -0.25466 0.43167 0.18883
v -0.25372 0.28440 -0.00656
v -0.25616 0.28405 0.00828
v -0.25858 0.29298 0.00466
v -0.23784 0.58691 -0.00474
v -0.25608 0.58979 0.01170
v -0.26085 0.59552 -0.01358
v -0.23589 0.47058 -0.05476
v -0.26193 0.47261 -0.05058
v -0.25623 0.47243 -0.02920
v -0.24326 0.59946 0.13498
v -0.26758 0.59007 0.09687
v -0.25567 0.58773 0.11589
v -0.25479 0.38300 -0.02424
v -0.25776 0.35419 -0.03515
v -0.25436 0.35385 -0.01802
v -0.25436 0.35385 -0.01802
v -0.25742 0.38058 -0.01920
v -0.25479 0.38300 -0.02424
v -0.25372 0.28440 -0.00656
v -0.25858 0.29298 0.00466
v -0.25519 0.29341 -0.00845
v -0.26068 0.00116 -0.20346
v -0.25282 0.08043 -0.17769
v -0.24382 0.08390 -0.14709
v -0.26057 0.08847 -0.07923
v -0.22912 0.11367 -0.07514
v -0.25771 0.11321 -0.06887
v -0.25702 0.38883 -0.04135
v -0.25776 0.35419 -0.03515
v -0.25479 0.38300 -0.02424
v -0.25623 0.47243 -0.02920
v -0.25182 0.47288 -0.00674
v -0.23968 0.47098 -0.02323
v -0.25369 0.21383 0.04722
v -0.23355 0.21203 0.03406
v -0.26337 0.18139 0.05900
v -0.25781 0.68577 -0.02732
v -0.25469 0.68437 -0.02025
v -0.25459 0.70294 -0.02018
v -0.26740 0.31480 0.16051
v -0.26157 0.23489 0.17902
v -0.25200 0.31473 0.18104
v -0.30277 0.00022 -0.19210
v -0.24778 0.00178 -0.17429
v -0.24397 0.00014 -0.16880
v -0.25282 0.08043 -0.17769
v -0.26336 0.03011 -0.20616
v -0.25823 0.08323 -0.18700
v -0.26758 0.59007 0.09687
v -0.24326 0.59946 0.13498
v -0.27119 0.69538 0.10106
v -0.25496 0.51912 0.01890
v -0.25922 0.52118 0.01066
v -0.24253 0.51608 -0.00166
v -0.25983 0.11319 -0.08255
v -0.25771 0.11321 -0.06887
v -0.23506 0.11011 -0.09973
v -0.25200 0.31473 0.18104
v -0.26132 0.31583 0.16982
v -0.26740 0.31480 0.16051
v -0.25200 0.31473 0.18104
v -0.25581 0.31804 0.18623
v -0.26132 0.31583 0.16982
v -0.26070 0.38734 0.17417
v -0.25249 0.38438 0.16715
v -0.26087 0.38972 0.19090
v -0.25623 0.47243 -0.02920
v -0.27409 0.47449 -0.01036
v -0.25182 0.47288 -0.00674
v -0.26332 0.77102 0.12694
v -0.24743 0.76397 0.13842
v -0.25667 0.77116 0.12509
v -0.25442 0.79633 0.12492
v -0.25819 0.80110 0.11742
v -0.25922 0.79918 0.12544
v -0.25616 0.28405 0.00828
v -0.25871 0.29689 0.00915
v -0.25858 0.29298 0.00466
v -0.25781 0.68577 -0.02732
v -0.25459 0.70294 -0.02018
v -0.25675 0.70495 -0.02829
v -0.25892 0.25738 0.18621
v -0.25200 0.31473 0.18104
v -0.26157 0.23489 0.17902
v -0.24335 0.75785 0.15903
v -0.24743 0.76397 0.13842
v -0.26332 0.77102 0.12694
v -0.24038 0.14717 0.04579
v -0.27292 0.14577 0.07102
v -0.23355 0.21203 0.03406
v -0.26068 0.00116 -0.20346
v -0.26336 0.03011 -0.20616
v -0.25282 0.08043 -0.17769
v -0.25675 0.70495 -0.02829
v -0.25369 0.68594 -0.04523
v -0.25781 0.68577 -0.02732
v -0.24432 0.38829 0.20006
v -0.25466 0.43167 0.18883
v -0.26087 0.38972 0.19090
v -0.26640 0.49783 0.09279
v -0.24124 0.53506 0.08713
v -0.26006 0.53865 0.08658
v -0.27119 0.69538 0.10106
v -0.23511 0.67875 0.14876
v -0.24797 0.69052 0.15139
v -0.21240 0.48576 0.14765
v -0.27418 0.49303 0.13844
v -0.24696 0.48880 0.16852
v -0.26000 0.38466 -0.02073
v -0.25479 0.38300 -0.02424
v -0.25742 0.38058 -0.01920
v -0.25702 0.38883 -0.04135
v -0.25479 0.38300 -0.02424
v -0.26593 0.39312 -0.03888
v -0.26493 0.30001 -0.00839
v -0.25760 0.32348 0.00292
v -0.25346 0.37841 -0.00589
v -0.25442 0.79633 0.12492
v -0.25922 0.79918 0.12544
v -0.25667 0.77116 0.12509
v -0.25369 0.21383 0.04722
v -0.26230 0.21515 0.04236
v -0.26094 0.21573 0.03656
v -0.27764 0.47175 0.13788
v -0.25040 0.46720 0.09629
v -0.27461 0.47047 0.09998
v -0.25245 0.58749 0.07980
v -0.26763 0.58896 0.07841
v -0.25761 0.55941 0.08192
v -0.25574 0.43881 0.17028
v -0.26070 0.38734 0.17417
v -0.25466 0.43167 0.18883
v -0.25245 0.58749 0.07980
v -0.25761 0.55941 0.08192
v -0.26006 0.53865 0.08658
v -0.26493 0.30001 -0.00839
v -0.25346 0.37841 -0.00589
v -0.25742 0.38058 -0.01920
v -0.27747 0.14658 0.04565
v -0.27292 0.14577 0.07102
v -0.24038 0.14717 0.04579
v -0.25567 0.58773 0.11589
v -0.26392 0.53995 0.11403
v -0.25157 0.53605 0.13032
v -0.25346 0.37841 -0.00589
v -0.25760 0.32348 0.00292
v -0.26994 0.39036 0.00918
v -0.26000 0.38466 -0.02073
v -0.26593 0.39312 -0.03888
v -0.25479 0.38300 -0.02424
v -0.25892 0.25738 0.18621
v -0.26400 0.21126 0.18721
v -0.25875 0.21167 0.19496
v -0.27430 0.49716 -0.00228
v -0.25493 0.49501 0.01953
v -0.25635 0.49401 -0.00007
v -0.25819 0.80110 0.11742
v -0.27115 0.80409 0.11385
v -0.25922 0.79918 0.12544
v -0.26157 0.23489 0.17902
v -0.26400 0.21126 0.18721
v -0.25892 0.25738 0.18621
v -0.25245 0.58749 0.07980
v -0.26392 0.53995 0.11403
v -0.25567 0.58773 0.11589
v -0.26493 0.30001 -0.00839
v -0.25436 0.35385 -0.01802
v -0.25519 0.29341 -0.00845
v -0.25947 0.22977 0.16970
v -0.26010 0.21277 0.16990
v -0.26400 0.21126 0.18721
v -0.25742 0.38058 -0.01920
v -0.25436 0.35385 -0.01802
v -0.26493 0.30001 -0.00839
v -0.26473 0.15426 0.19883
v -0.25884 0.13523 0.22890
v -0.25885 0.15343 0.22898
v -0.25616 0.28405 0.00828
v -0.26385 0.21887 0.01835
v -0.25871 0.29689 0.00915
v -0.26336 0.03011 -0.20616
v -0.29084 0.02905 -0.19855
v -0.25823 0.08323 -0.18700
v -0.23842 0.08739 -0.08447
v -0.26057 0.08847 -0.07923
v -0.25608 0.08851 -0.06653
v -0.25567 0.58773 0.11589
v -0.26758 0.59007 0.09687
v -0.25245 0.58749 0.07980
v -0.25667 0.77116 0.12509
v -0.25922 0.79918 0.12544
v -0.26332 0.77102 0.12694
v -0.25369 0.21383 0.04722
v -0.26337 0.18139 0.05900
v -0.26881 0.18201 0.05437
v -0.27070 0.52815 0.04360
v -0.25496 0.51912 0.01890
v -0.25493 0.49501 0.01953
v -0.25858 0.29298 0.00466
v -0.26493 0.30001 -0.00839
v -0.25519 0.29341 -0.00845
v -0.23355 0.21203 0.03406
v -0.27292 0.14577 0.07102
v -0.26337 0.18139 0.05900
v -0.26087 0.38972 0.19090
v -0.25466 0.43167 0.18883
v -0.26070 0.38734 0.17417
v -0.26473 0.15426 0.19883
v -0.26354 0.13224 0.21182
v -0.25884 0.13523 0.22890
v -0.26018 0.20919 0.19292
v -0.27177 0.21119 0.17712
v -0.27752 0.15370 0.18203
v -0.25499 0.29745 0.01979
v -0.26385 0.21887 0.01835
v -0.26094 0.21573 0.03656
v -0.25499 0.29745 0.01979
v -0.27780 0.22454 0.04917
v -0.27103 0.30786 0.03339
v -0.26763 0.58896 0.07841
v -0.27207 0.53937 0.08409
v -0.25761 0.55941 0.08192
v -0.26881 0.18201 0.05437
v -0.26230 0.21515 0.04236
v -0.25369 0.21383 0.04722
v -0.33112 0.00091 -0.03056
v -0.19188 0.00020 -0.08017
v -0.19317 0.00020 -0.06061
v -0.26392 0.53995 0.11403
v -0.25245 0.58749 0.07980
v -0.26006 0.53865 0.08658
v -0.25947 0.22977 0.16970
v -0.26400 0.21126 0.18721
v -0.26157 0.23489 0.17902
v -0.25499 0.29745 0.01979
v -0.25871 0.29689 0.00915
v -0.26385 0.21887 0.01835
v -0.25871 0.29689 0.00915
v -0.26493 0.30001 -0.00839
v -0.25858 0.29298 0.00466
v -0.26436 0.09209 0.24754
v -0.27152 0.00011 0.25260
v -0.24484 0.03364 0.24760
v -0.25922 0.52118 0.01066
v -0.25496 0.51912 0.01890
v -0.27620 0.53189 0.04043
v -0.25760 0.32348 0.00292
v -0.26493 0.30001 -0.00839
v -0.25871 0.29689 0.00915
v -0.26157 0.23489 0.17902
v -0.27089 0.23438 0.17012
v -0.25947 0.22977 0.16970
v -0.30277 0.00022 -0.19210
v -0.26068 0.00116 -0.20346
v -0.24778 0.00178 -0.17429
v -0.28331 0.08338 -0.17847
v -0.24382 0.08390 -0.14709
v -0.25823 0.08323 -0.18700
v -0.26173 0.13155 0.24312
v -0.25884 0.13523 0.22890
v -0.26354 0.13224 0.21182
v -0.25702 0.38883 -0.04135
v -0.26193 0.47261 -0.05058
v -0.17093 0.38013 -0.05034
v -0.25819 0.80110 0.11742
v -0.26023 0.80469 0.08770
v -0.26897 0.80710 0.07070
v -0.26673 0.10773 -0.02048
v -0.24492 0.10744 -0.02644
v -0.25608 0.08851 -0.06653
v -0.26354 0.13224 0.21182
v -0.26473 0.15426 0.19883
v -0.26386 0.12156 0.20010
v -0.27119 0.69538 0.10106
v -0.24797 0.69052 0.15139
v -0.27920 0.70358 0.10958
v -0.27752 0.15370 0.18203
v -0.25764 0.15538 0.19702
v -0.26018 0.20919 0.19292
v -0.26193 0.47261 -0.05058
v -0.26593 0.39312 -0.03888
v -0.25623 0.47243 -0.02920
v -0.26882 0.11470 0.13857
v -0.26174 0.13690 0.13238
v -0.26691 0.12546 0.11793
v -0.25623 0.47243 -0.02920
v -0.26593 0.39312 -0.03888
v -0.26000 0.38466 -0.02073
v -0.24613 0.46598 0.12224
v -0.27764 0.47175 0.13788
v -0.24352 0.48807 0.12290
v -0.25245 0.58749 0.07980
v -0.26758 0.59007 0.09687
v -0.26763 0.58896 0.07841
v -0.27713 0.09257 -0.13967
v -0.27517 0.09984 -0.14285
v -0.24636 0.09775 -0.14896
v -0.25702 0.38883 -0.04135
v -0.26593 0.39312 -0.03888
v -0.26193 0.47261 -0.05058
v -0.16478 0.00108 0.10336
v -0.27641 0.00105 0.21700
v -0.27970 0.00018 0.20256
v -0.26376 0.10158 0.21039
v -0.26354 0.13224 0.21182
v -0.26386 0.12156 0.20010
v -0.26018 0.20919 0.19292
v -0.25875 0.21167 0.19496
v -0.26400 0.21126 0.18721
v -0.26324 0.80779 0.05581
v -0.26327 0.81070 0.01374
v -0.26897 0.80710 0.07070
v -0.26173 0.13155 0.24312
v -0.27894 0.08492 0.21912
v -0.26436 0.09209 0.24754
v -0.26640 0.49783 0.09279
v -0.26006 0.53865 0.08658
v -0.26852 0.52935 0.08436
v -0.25346 0.37841 -0.00589
v -0.28624 0.39849 0.00609
v -0.25742 0.38058 -0.01920
v -0.26010 0.21277 0.16990
v -0.25947 0.22977 0.16970
v -0.26790 0.23003 0.12298
v -0.26463 0.80762 0.07330
v -0.26897 0.80710 0.07070
v -0.26023 0.80469 0.08770
v -0.25301 0.13015 -0.03924
v -0.26673 0.10773 -0.02048
v -0.28694 0.12902 -0.03184
v -0.25249 0.38438 0.16715
v -0.26070 0.38734 0.17417
v -0.27151 0.38830 0.15789
v -0.26006 0.53865 0.08658
v -0.25761 0.55941 0.08192
v -0.26852 0.52935 0.08436
v -0.27292 0.14577 0.07102
v -0.27352 0.18538 0.06713
v -0.26337 0.18139 0.05900
v -0.26000 0.38466 -0.02073
v -0.27409 0.47449 -0.01036
v -0.25623 0.47243 -0.02920
v -0.25871 0.29689 0.00915
v -0.28132 0.31334 0.02561
v -0.25760 0.32348 0.00292
v -0.24797 0.69052 0.15139
v -0.24335 0.75785 0.15903
v -0.27920 0.70358 0.10958
v -0.27089 0.23438 0.17012
v -0.27771 0.23583 0.14719
v -0.25947 0.22977 0.16970
v -0.24335 0.75785 0.15903
v -0.26332 0.77102 0.12694
v -0.27511 0.77091 0.11574
v -0.24352 0.48807 0.12290
v -0.27764 0.47175 0.13788
v -0.27418 0.49303 0.13844
v -0.25983 0.11319 -0.08255
v -0.26057 0.08847 -0.07923
v -0.25771 0.11321 -0.06887
v -0.26018 0.20919 0.19292
v -0.26400 0.21126 0.18721
v -0.27177 0.21119 0.17712
v -0.24696 0.48880 0.16852
v -0.26907 0.49100 0.15809
v -0.25574 0.43881 0.17028
v -0.24636 0.09775 -0.14896
v -0.27517 0.09984 -0.14285
v -0.24895 0.09994 -0.14819
v -0.16478 0.00108 0.10336
v -0.27152 0.00011 0.25260
v -0.27641 0.00105 0.21700
v -0.27327 0.13091 0.21432
v -0.26173 0.13155 0.24312
v -0.26354 0.13224 0.21182
v -0.26324 0.80779 0.05581
v -0.26897 0.80710 0.07070
v -0.26463 0.80762 0.07330
v -0.26376 0.10158 0.21039
v -0.26386 0.12156 0.20010
v -0.27202 0.07300 0.20107
v -0.27154 0.49817 0.04381
v -0.27070 0.52815 0.04360
v -0.25493 0.49501 0.01953
v -0.26790 0.23003 0.12298
v -0.25947 0.22977 0.16970
v -0.27771 0.23583 0.14719
v -0.25182 0.47288 -0.00674
v -0.27430 0.49716 -0.00228
v -0.25635 0.49401 -0.00007
v -0.26740 0.31480 0.16051
v -0.26132 0.31583 0.16982
v -0.27829 0.31935 0.16018
v -0.26157 0.23489 0.17902
v -0.26740 0.31480 0.16051
v -0.27089 0.23438 0.17012
v -0.25922 0.79918 0.12544
v -0.27115 0.80409 0.11385
v -0.27511 0.77091 0.11574
v -0.26882 0.11470 0.13857
v -0.26691 0.12546 0.11793
v -0.27683 0.10025 0.14082
v -0.27511 0.77091 0.11574
v -0.26332 0.77102 0.12694
v -0.25922 0.79918 0.12544
v -0.25742 0.38058 -0.01920
v -0.28624 0.39849 0.00609
v -0.26000 0.38466 -0.02073
v -0.25608 0.08851 -0.06653
v -0.26057 0.08847 -0.07923
v -0.27051 0.08601 -0.08275
v -0.25819 0.80110 0.11742
v -0.26897 0.80710 0.07070
v -0.27115 0.80409 0.11385
v -0.26354 0.13224 0.21182
v -0.26376 0.10158 0.21039
v -0.27327 0.13091 0.21432
v -0.26790 0.23003 0.12298
v -0.26915 0.21281 0.12842
v -0.26010 0.21277 0.16990
v -0.27418 0.49303 0.13844
v -0.26907 0.49100 0.15809
v -0.24696 0.48880 0.16852
v -0.27202 0.07300 0.20107
v -0.27198 0.03788 0.21557
v -0.26376 0.10158 0.21039
v -0.25729 0.49555 0.09518
v -0.29538 0.46576 0.10064
v -0.27461 0.47047 0.09998
v -0.16478 0.00108 0.10336
v -0.27970 0.00018 0.20256
v -0.28396 0.00000 0.14694
v -0.26057 0.08847 -0.07923
v -0.27324 0.09033 -0.09058
v -0.27051 0.08601 -0.08275
v -0.24382 0.08390 -0.14709
v -0.27360 0.08393 -0.14227
v -0.27713 0.09257 -0.13967
v -0.26473 0.15426 0.19883
v -0.27188 0.15326 0.19912
v -0.28344 0.14202 0.20012
v -0.26473 0.15426 0.19883
v -0.27752 0.15370 0.18203
v -0.27188 0.15326 0.19912
v -0.25346 0.37841 -0.00589
v -0.26994 0.39036 0.00918
v -0.28624 0.39849 0.00609
v -0.25729 0.49555 0.09518
v -0.27461 0.47047 0.09998
v -0.25040 0.46720 0.09629
v -0.26852 0.52935 0.08436
v -0.25761 0.55941 0.08192
v -0.27207 0.53937 0.08409
v -0.25764 0.15538 0.19702
v -0.27752 0.15370 0.18203
v -0.26473 0.15426 0.19883
v -0.26400 0.21126 0.18721
v -0.26010 0.21277 0.16990
v -0.27620 0.21385 0.16220
v -0.26763 0.58896 0.07841
v -0.27103 0.69849 0.06129
v -0.27133 0.58833 0.03684
v -0.27620 0.53189 0.04043
v -0.26763 0.58896 0.07841
v -0.27133 0.58833 0.03684
v -0.26758 0.59007 0.09687
v -0.27103 0.69849 0.06129
v -0.26763 0.58896 0.07841
v -0.26673 0.10773 -0.02048
v -0.26898 0.10187 -0.01756
v -0.28058 0.10691 -0.01747
v -0.26758 0.59007 0.09687
v -0.27119 0.69538 0.10106
v -0.27103 0.69849 0.06129
v -0.27894 0.08492 0.21912
v -0.27152 0.00011 0.25260
v -0.26436 0.09209 0.24754
v -0.26907 0.49100 0.15809
v -0.28049 0.39282 0.16222
v -0.25574 0.43881 0.17028
v -0.25983 0.11319 -0.08255
v -0.27517 0.09984 -0.14285
v -0.26057 0.08847 -0.07923
v -0.26640 0.49783 0.09279
v -0.26852 0.52935 0.08436
v -0.26995 0.49901 0.07965
v -0.26772 0.11264 -0.06865
v -0.26808 0.11514 -0.07044
v -0.29569 0.11477 -0.06087
v -0.29668 0.00023 0.09847
v -0.30906 0.00053 0.04456
v -0.18387 0.00030 0.02792
v -0.25983 0.11319 -0.08255
v -0.24895 0.09994 -0.14819
v -0.27517 0.09984 -0.14285
v -0.27352 0.18538 0.06713
v -0.26881 0.18201 0.05437
v -0.26337 0.18139 0.05900
v -0.27103 0.30786 0.03339
v -0.25871 0.29689 0.00915
v -0.25499 0.29745 0.01979
v -0.26327 0.81070 0.01374
v -0.27934 0.81234 0.00758
v -0.26897 0.80710 0.07070
v -0.27620 0.53189 0.04043
v -0.27133 0.58833 0.03684
v -0.25608 0.58979 0.01170
v -0.27780 0.22454 0.04917
v -0.25499 0.29745 0.01979
v -0.26094 0.21573 0.03656
v -0.27070 0.52815 0.04360
v -0.26995 0.49901 0.07965
v -0.26852 0.52935 0.08436
v -0.27070 0.52815 0.04360
v -0.27620 0.53189 0.04043
v -0.25496 0.51912 0.01890
v -0.27352 0.18538 0.06713
v -0.27858 0.18654 0.06396
v -0.26881 0.18201 0.05437
v -0.31363 0.00038 0.02109
v -0.18387 0.00030 0.02792
v -0.30906 0.00053 0.04456
v -0.25608 0.58979 0.01170
v -0.27133 0.58833 0.03684
v -0.26085 0.59552 -0.01358
v -0.27103 0.69849 0.06129
v -0.27537 0.59096 0.03740
v -0.27133 0.58833 0.03684
v -0.25675 0.70495 -0.02829
v -0.27863 0.70188 0.01816
v -0.28765 0.70828 0.01169
v -0.27517 0.09984 -0.14285
v -0.27713 0.09257 -0.13967
v -0.26057 0.08847 -0.07923
v -0.25249 0.38438 0.16715
v -0.27151 0.38830 0.15789
v -0.27829 0.31935 0.16018
v -0.26070 0.38734 0.17417
v -0.25574 0.43881 0.17028
v -0.28049 0.39282 0.16222
v -0.27070 0.52815 0.04360
v -0.27154 0.49817 0.04381
v -0.26995 0.49901 0.07965
v -0.26808 0.11514 -0.07044
v -0.26772 0.11264 -0.06865
v -0.28679 0.09827 -0.14160
v -0.26790 0.23003 0.12298
v -0.27771 0.23583 0.14719
v -0.27460 0.23378 0.12463
v -0.27051 0.08601 -0.08275
v -0.27919 0.08659 -0.06343
v -0.25608 0.08851 -0.06653
v -0.26400 0.21126 0.18721
v -0.27620 0.21385 0.16220
v -0.27177 0.21119 0.17712
v -0.27829 0.31935 0.16018
v -0.27491 0.31552 0.14096
v -0.26740 0.31480 0.16051
v -0.25182 0.47288 -0.00674
v -0.27409 0.47449 -0.01036
v -0.27430 0.49716 -0.00228
v -0.26907 0.49100 0.15809
v -0.27418 0.49303 0.13844
v -0.27615 0.49219 0.14206
v -0.28132 0.31334 0.02561
v -0.25871 0.29689 0.00915
v -0.27103 0.30786 0.03339
v -0.27070 0.52815 0.04360
v -0.27414 0.52987 0.08209
v -0.27620 0.53189 0.04043
v -0.27926 0.59352 0.02260
v -0.25469 0.68437 -0.02025
v -0.26085 0.59552 -0.01358
v -0.27324 0.09033 -0.09058
v -0.26772 0.11264 -0.06865
v -0.27051 0.08601 -0.08275
v -0.26763 0.58896 0.07841
v -0.27620 0.53189 0.04043
v -0.27414 0.52987 0.08209
v -0.26897 0.80710 0.07070
v -0.27934 0.81234 0.00758
v -0.28765 0.70828 0.01169
v -0.27070 0.52815 0.04360
v -0.26852 0.52935 0.08436
v -0.27414 0.52987 0.08209
v -0.28565 0.00178 0.22235
v -0.27894 0.08492 0.21912
v -0.26376 0.10158 0.21039
v -0.26174 0.13690 0.13238
v -0.26882 0.11470 0.13857
v -0.27683 0.10025 0.14082
v -0.27620 0.21385 0.16220
v -0.26010 0.21277 0.16990
v -0.26915 0.21281 0.12842
v -0.26673 0.10773 -0.02048
v -0.25608 0.08851 -0.06653
v -0.27919 0.08659 -0.06343
v -0.26057 0.08847 -0.07923
v -0.28487 0.09304 -0.13892
v -0.27324 0.09033 -0.09058
v -0.28058 0.10691 -0.01747
v -0.26898 0.10187 -0.01756
v -0.27614 0.08845 -0.01855
v -0.28228 0.21375 0.12925
v -0.27620 0.21385 0.16220
v -0.26915 0.21281 0.12842
v -0.26852 0.52935 0.08436
v -0.27207 0.53937 0.08409
v -0.27414 0.52987 0.08209
v -0.26673 0.10773 -0.02048
v -0.27714 0.08541 -0.03621
v -0.26898 0.10187 -0.01756
v -0.27780 0.22454 0.04917
v -0.28911 0.31869 0.07113
v -0.27103 0.30786 0.03339
v -0.27324 0.09033 -0.09058
v -0.28679 0.09827 -0.14160
v -0.26772 0.11264 -0.06865
v -0.27189 0.31241 0.11151
v -0.27192 0.29212 0.11392
v -0.27491 0.31552 0.14096
v -0.27511 0.77091 0.11574
v -0.27115 0.80409 0.11385
v -0.26897 0.80710 0.07070
v -0.25469 0.68437 -0.02025
v -0.27863 0.70188 0.01816
v -0.25459 0.70294 -0.02018
v -0.26897 0.80710 0.07070
v -0.27103 0.69849 0.06129
v -0.27920 0.70358 0.10958
v -0.27920 0.70358 0.10958
v -0.24335 0.75785 0.15903
v -0.27511 0.77091 0.11574
v -0.27620 0.53189 0.04043
v -0.25608 0.58979 0.01170
v -0.25922 0.52118 0.01066
v -0.27829 0.31935 0.16018
v -0.27151 0.38830 0.15789
v -0.28112 0.38986 0.13386
v -0.27119 0.69538 0.10106
v -0.27920 0.70358 0.10958
v -0.27103 0.69849 0.06129
v -0.26881 0.18201 0.05437
v -0.27858 0.18654 0.06396
v -0.26230 0.21515 0.04236
v -0.27829 0.31935 0.16018
v -0.26132 0.31583 0.16982
v -0.25249 0.38438 0.16715
v -0.27713 0.09257 -0.13967
v -0.28487 0.09304 -0.13892
v -0.26057 0.08847 -0.07923
v -0.26386 0.12156 0.20010
v -0.26473 0.15426 0.19883
v -0.28344 0.14202 0.20012
v -0.27154 0.49817 0.04381
v -0.28426 0.49908 0.04427
v -0.26995 0.49901 0.07965
v -0.27133 0.58833 0.03684
v -0.27926 0.59352 0.02260
v -0.26085 0.59552 -0.01358
v -0.24713 0.80592 -0.03692
v -0.27934 0.81234 0.00758
v -0.26327 0.81070 0.01374
v -0.26230 0.21515 0.04236
v -0.27858 0.18654 0.06396
v -0.27484 0.22354 0.06000
v -0.26763 0.58896 0.07841
v -0.27414 0.52987 0.08209
v -0.27207 0.53937 0.08409
v -0.27771 0.23583 0.14719
v -0.27089 0.23438 0.17012
v -0.26740 0.31480 0.16051
v -0.26691 0.12546 0.11793
v -0.27503 0.11877 0.10436
v -0.27683 0.10025 0.14082
v -0.26173 0.13155 0.24312
v -0.27327 0.13091 0.21432
v -0.27894 0.08492 0.21912
v -0.27537 0.59096 0.03740
v -0.27103 0.69849 0.06129
v -0.27863 0.70188 0.01816
v -0.27192 0.29212 0.11392
v -0.27460 0.23378 0.12463
v -0.27771 0.23583 0.14719
v -0.29073 0.13880 0.11486
v -0.27503 0.11877 0.10436
v -0.26691 0.12546 0.11793
v -0.26995 0.49901 0.07965
v -0.28946 0.50015 0.09739
v -0.26640 0.49783 0.09279
v -0.27683 0.10025 0.14082
v -0.30773 0.08912 0.14928
v -0.26174 0.13690 0.13238
v -0.27714 0.08541 -0.03621
v -0.27614 0.08845 -0.01855
v -0.26898 0.10187 -0.01756
v -0.27202 0.07300 0.20107
v -0.27714 0.02664 0.20411
v -0.27198 0.03788 0.21557
v -0.26640 0.49783 0.09279
v -0.28946 0.50015 0.09739
v -0.25729 0.49555 0.09518
v -0.28487 0.09304 -0.13892
v -0.28679 0.09827 -0.14160
v -0.27324 0.09033 -0.09058
v -0.26897 0.80710 0.07070
v -0.27920 0.70358 0.10958
v -0.27511 0.77091 0.11574
v -0.28343 0.15086 0.16882
v -0.27177 0.21119 0.17712
v -0.27620 0.21385 0.16220
v -0.27192 0.29212 0.11392
v -0.27189 0.31241 0.11151
v -0.28353 0.31682 0.11241
v -0.27771 0.23583 0.14719
v -0.27491 0.31552 0.14096
v -0.27192 0.29212 0.11392
v -0.28787 0.15160 0.12848
v -0.26691 0.12546 0.11793
v -0.26174 0.13690 0.13238
v -0.27198 0.03788 0.21557
v -0.27641 0.00105 0.21700
v -0.28565 0.00178 0.22235
v -0.27051 0.08601 -0.08275
v -0.28070 0.08595 -0.07722
v -0.27919 0.08659 -0.06343
v -0.26230 0.21515 0.04236
v -0.28155 0.22568 0.06087
v -0.26094 0.21573 0.03656
v -0.26915 0.21281 0.12842
v -0.26790 0.23003 0.12298
v -0.28470 0.23070 0.12536
v -0.27491 0.31552 0.14096
v -0.28542 0.31843 0.13938
v -0.27189 0.31241 0.11151
v -0.27829 0.31935 0.16018
v -0.28112 0.38986 0.13386
v -0.28542 0.31843 0.13938
v -0.27503 0.11877 0.10436
v -0.28935 0.09358 0.09713
v -0.27683 0.10025 0.14082
v -0.30568 0.16764 0.02541
v -0.27747 0.14658 0.04565
v -0.21728 0.14820 0.03256
v -0.25760 0.32348 0.00292
v -0.28132 0.31334 0.02561
v -0.26994 0.39036 0.00918
v -0.27764 0.47175 0.13788
v -0.27615 0.49219 0.14206
v -0.27418 0.49303 0.13844
v -0.27641 0.00105 0.21700
v -0.27198 0.03788 0.21557
v -0.27970 0.00018 0.20256
v -0.27491 0.31552 0.14096
v -0.27771 0.23583 0.14719
v -0.26740 0.31480 0.16051
v -0.27133 0.58833 0.03684
v -0.27537 0.59096 0.03740
v -0.27926 0.59352 0.02260
v -0.29084 0.02905 -0.19855
v -0.26336 0.03011 -0.20616
v -0.26068 0.00116 -0.20346
v -0.27460 0.23378 0.12463
v -0.28470 0.23070 0.12536
v -0.26790 0.23003 0.12298
v -0.29264 0.28170 0.11696
v -0.27460 0.23378 0.12463
v -0.27192 0.29212 0.11392
v -0.27491 0.31552 0.14096
v -0.27829 0.31935 0.16018
v -0.28542 0.31843 0.13938
v -0.27764 0.47175 0.13788
v -0.27461 0.47047 0.09998
v -0.28068 0.47084 0.13476
v -0.27154 0.49817 0.04381
v -0.25493 0.49501 0.01953
v -0.28426 0.49908 0.04427
v -0.27714 0.08541 -0.03621
v -0.28332 0.08542 -0.03124
v -0.27614 0.08845 -0.01855
v -0.27894 0.08492 0.21912
v -0.28565 0.00178 0.22235
v -0.27152 0.00011 0.25260
v -0.25675 0.70495 -0.02829
v -0.28765 0.70828 0.01169
v -0.24713 0.80592 -0.03692
v -0.29160 0.39428 0.13865
v -0.27151 0.38830 0.15789
v -0.26070 0.38734 0.17417
v -0.27714 0.02664 0.20411
v -0.27970 0.00018 0.20256
v -0.27198 0.03788 0.21557
v -0.26691 0.12546 0.11793
v -0.28787 0.15160 0.12848
v -0.29073 0.13880 0.11486
v -0.27615 0.49219 0.14206
v -0.28068 0.47084 0.13476
v -0.26907 0.49100 0.15809
v -0.27430 0.49716 -0.00228
v -0.27409 0.47449 -0.01036
v -0.28624 0.39849 0.00609
v -0.27202 0.07300 0.20107
v -0.28344 0.14202 0.20012
v -0.27714 0.02664 0.20411
v -0.27292 0.14577 0.07102
v -0.28038 0.11842 0.08724
v -0.27352 0.18538 0.06713
v -0.25675 0.70495 -0.02829
v -0.25459 0.70294 -0.02018
v -0.27863 0.70188 0.01816
v -0.28331 0.08338 -0.17847
v -0.25823 0.08323 -0.18700
v -0.29084 0.02905 -0.19855
v -0.26230 0.21515 0.04236
v -0.27484 0.22354 0.06000
v -0.28155 0.22568 0.06087
v -0.26094 0.21573 0.03656
v -0.28155 0.22568 0.06087
v -0.27780 0.22454 0.04917
v -0.27863 0.70188 0.01816
v -0.27103 0.69849 0.06129
v -0.28765 0.70828 0.01169
v -0.26376 0.10158 0.21039
v -0.27894 0.08492 0.21912
v -0.27327 0.13091 0.21432
v -0.27360 0.08393 -0.14227
v -0.28276 0.05100 -0.14764
v -0.28076 0.07162 -0.14135
v -0.27103 0.69849 0.06129
v -0.26897 0.80710 0.07070
v -0.28765 0.70828 0.01169
v -0.28331 0.08338 -0.17847
v -0.27360 0.08393 -0.14227
v -0.24382 0.08390 -0.14709
v -0.27764 0.47175 0.13788
v -0.28068 0.47084 0.13476
v -0.27615 0.49219 0.14206
v -0.27926 0.59352 0.02260
v -0.27863 0.70188 0.01816
v -0.25469 0.68437 -0.02025
v -0.27715 0.08535 0.14056
v -0.28037 0.09063 0.12128
v -0.28108 0.07302 0.12325
v -0.28045 0.44803 0.10162
v -0.28068 0.47084 0.13476
v -0.27461 0.47047 0.09998
v -0.27715 0.08535 0.14056
v -0.27683 0.10025 0.14082
v -0.28037 0.09063 0.12128
v -0.27620 0.21385 0.16220
v -0.28228 0.21375 0.12925
v -0.28343 0.15086 0.16882
v -0.27641 0.00105 0.21700
v -0.27152 0.00011 0.25260
v -0.28565 0.00178 0.22235
v -0.27360 0.08393 -0.14227
v -0.28076 0.07162 -0.14135
v -0.28786 0.08195 -0.14126
v -0.28786 0.08195 -0.14126
v -0.27713 0.09257 -0.13967
v -0.27360 0.08393 -0.14227
v -0.27863 0.70188 0.01816
v -0.27926 0.59352 0.02260
v -0.27537 0.59096 0.03740
v -0.26673 0.10773 -0.02048
v -0.27919 0.08659 -0.06343
v -0.27714 0.08541 -0.03621
v -0.28045 0.44803 0.10162
v -0.29160 0.39428 0.13865
v -0.28068 0.47084 0.13476
v -0.28565 0.00178 0.22235
v -0.26376 0.10158 0.21039
v -0.27198 0.03788 0.21557
v -0.27177 0.21119 0.17712
v -0.28343 0.15086 0.16882
v -0.27752 0.15370 0.18203
v -0.28112 0.38986 0.13386
v -0.27684 0.39034 0.10110
v -0.28353 0.31682 0.11241
v -0.27484 0.22354 0.06000
v -0.28546 0.20434 0.09332
v -0.28107 0.22923 0.07821
v -0.28112 0.38986 0.13386
v -0.27151 0.38830 0.15789
v -0.29160 0.39428 0.13865
v -0.28107 0.22923 0.07821
v -0.28155 0.22568 0.06087
v -0.27484 0.22354 0.06000
v -0.28058 0.10691 -0.01747
v -0.27614 0.08845 -0.01855
v -0.28332 0.08542 -0.03124
v -0.28396 0.00000 0.14694
v -0.27970 0.00018 0.20256
v -0.30169 0.00158 0.19884
v -0.28426 0.49908 0.04427
v -0.25493 0.49501 0.01953
v -0.27430 0.49716 -0.00228
v -0.27051 0.08601 -0.08275
v -0.26772 0.11264 -0.06865
v -0.28070 0.08595 -0.07722
v -0.28546 0.20434 0.09332
v -0.27484 0.22354 0.06000
v -0.27858 0.18654 0.06396
v -0.27409 0.47449 -0.01036
v -0.26000 0.38466 -0.02073
v -0.28624 0.39849 0.00609
v -0.28276 0.05100 -0.14764
v -0.27360 0.08393 -0.14227
v -0.28283 0.04331 -0.16392
v -0.28542 0.31843 0.13938
v -0.28353 0.31682 0.11241
v -0.27189 0.31241 0.11151
v -0.26070 0.38734 0.17417
v -0.28049 0.39282 0.16222
v -0.29160 0.39428 0.13865
v -0.28742 0.06792 0.12510
v -0.27715 0.08535 0.14056
v -0.28108 0.07302 0.12325
v -0.30773 0.08912 0.14928
v -0.27683 0.10025 0.14082
v -0.27715 0.08535 0.14056
v -0.28679 0.09827 -0.14160
v -0.30896 0.10476 -0.10694
v -0.26808 0.11514 -0.07044
v -0.28470 0.23070 0.12536
v -0.28628 0.21530 0.12806
v -0.26915 0.21281 0.12842
v -0.27103 0.30786 0.03339
v -0.29564 0.32147 0.06695
v -0.28132 0.31334 0.02561
v -0.28654 0.21076 0.10997
v -0.28546 0.20434 0.09332
v -0.27352 0.18538 0.06713
v -0.29073 0.13880 0.11486
v -0.28038 0.11842 0.08724
v -0.27503 0.11877 0.10436
v -0.28037 0.09063 0.12128
v -0.27683 0.10025 0.14082
v -0.28226 0.09460 0.11567
v -0.28343 0.15086 0.16882
v -0.28228 0.21375 0.12925
v -0.29093 0.16843 0.11073
v -0.26907 0.49100 0.15809
v -0.29160 0.39428 0.13865
v -0.28049 0.39282 0.16222
v -0.27352 0.18538 0.06713
v -0.28546 0.20434 0.09332
v -0.27858 0.18654 0.06396
v -0.28276 0.05100 -0.14764
v -0.28786 0.08195 -0.14126
v -0.28076 0.07162 -0.14135
v -0.28487 0.09304 -0.13892
v -0.27713 0.09257 -0.13967
v -0.28786 0.08195 -0.14126
v -0.28694 0.12902 -0.03184
v -0.28058 0.10691 -0.01747
v -0.30020 0.10846 -0.01408
v -0.28628 0.21530 0.12806
v -0.28228 0.21375 0.12925
v -0.26915 0.21281 0.12842
v -0.27780 0.22454 0.04917
v -0.29156 0.23223 0.08596
v -0.28911 0.31869 0.07113
v -0.26174 0.13690 0.13238
v -0.30773 0.08912 0.14928
v -0.30030 0.14344 0.14925
v -0.29538 0.46576 0.10064
v -0.25729 0.49555 0.09518
v -0.28946 0.50015 0.09739
v -0.26907 0.49100 0.15809
v -0.28068 0.47084 0.13476
v -0.29160 0.39428 0.13865
v -0.27752 0.15370 0.18203
v -0.28344 0.14202 0.20012
v -0.27188 0.15326 0.19912
v -0.27683 0.10025 0.14082
v -0.28935 0.09358 0.09713
v -0.28226 0.09460 0.11567
v -0.29293 0.39719 0.09997
v -0.29472 0.36692 0.10370
v -0.27684 0.39034 0.10110
v -0.28787 0.15160 0.12848
v -0.26174 0.13690 0.13238
v -0.28811 0.14751 0.14312
v -0.28038 0.11842 0.08724
v -0.28935 0.09358 0.09713
v -0.27503 0.11877 0.10436
v -0.29211 0.31870 0.11132
v -0.29264 0.28170 0.11696
v -0.28353 0.31682 0.11241
v -0.27780 0.22454 0.04917
v -0.28155 0.22568 0.06087
v -0.29156 0.23223 0.08596
v -0.28070 0.08595 -0.07722
v -0.26772 0.11264 -0.06865
v -0.29569 0.11477 -0.06087
v -0.30849 0.09558 0.09913
v -0.28038 0.11842 0.08724
v -0.27292 0.14577 0.07102
v -0.29264 0.28170 0.11696
v -0.27192 0.29212 0.11392
v -0.28353 0.31682 0.11241
v -0.28624 0.39849 0.00609
v -0.26994 0.39036 0.00918
v -0.27717 0.39345 0.02040
v -0.29892 0.13218 0.06516
v -0.27747 0.14658 0.04565
v -0.30568 0.16764 0.02541
v -0.27934 0.81234 0.00758
v -0.24713 0.80592 -0.03692
v -0.28765 0.70828 0.01169
v -0.29093 0.16843 0.11073
v -0.28654 0.21076 0.10997
v -0.27352 0.18538 0.06713
v -0.28112 0.38986 0.13386
v -0.29160 0.39428 0.13865
v -0.27684 0.39034 0.10110
v -0.28946 0.50015 0.09739
v -0.26995 0.49901 0.07965
v -0.28426 0.49908 0.04427
v -0.27747 0.14658 0.04565
v -0.29892 0.13218 0.06516
v -0.27292 0.14577 0.07102
v -0.28283 0.04331 -0.16392
v -0.28653 0.02873 -0.15295
v -0.28276 0.05100 -0.14764
v -0.28470 0.23070 0.12536
v -0.28546 0.20434 0.09332
v -0.28654 0.21076 0.10997
v -0.29073 0.13880 0.11486
v -0.27352 0.18538 0.06713
v -0.28038 0.11842 0.08724
v -0.28112 0.38986 0.13386
v -0.28353 0.31682 0.11241
v -0.28542 0.31843 0.13938
v -0.29564 0.32147 0.06695
v -0.27103 0.30786 0.03339
v -0.28911 0.31869 0.07113
v -0.29467 0.06410 0.20009
v -0.27970 0.00018 0.20256
v -0.27714 0.02664 0.20411
v -0.28344 0.14202 0.20012
v -0.27202 0.07300 0.20107
v -0.26386 0.12156 0.20010
v -0.28283 0.04331 -0.16392
v -0.28331 0.08338 -0.17847
v -0.29084 0.02905 -0.19855
v -0.29160 0.39428 0.13865
v -0.28045 0.44803 0.10162
v -0.28641 0.40670 0.10661
v -0.28470 0.23070 0.12536
v -0.28107 0.22923 0.07821
v -0.28546 0.20434 0.09332
v -0.27360 0.08393 -0.14227
v -0.28331 0.08338 -0.17847
v -0.28283 0.04331 -0.16392
v -0.28228 0.21375 0.12925
v -0.28628 0.21530 0.12806
v -0.28654 0.21076 0.10997
v -0.28654 0.21076 0.10997
v -0.29093 0.16843 0.11073
v -0.28228 0.21375 0.12925
v -0.27717 0.39345 0.02040
v -0.26994 0.39036 0.00918
v -0.28132 0.31334 0.02561
v -0.28107 0.22923 0.07821
v -0.29156 0.23223 0.08596
v -0.28155 0.22568 0.06087
v -0.27684 0.39034 0.10110
v -0.28817 0.39498 0.10511
v -0.29293 0.39719 0.09997
v -0.28276 0.05100 -0.14764
v -0.28653 0.02873 -0.15295
v -0.28786 0.08195 -0.14126
v -0.27714 0.08541 -0.03621
v -0.29339 0.08572 -0.05080
v -0.28332 0.08542 -0.03124
v -0.28487 0.09304 -0.13892
v -0.28786 0.08195 -0.14126
v -0.28679 0.09827 -0.14160
v -0.28470 0.23070 0.12536
v -0.28654 0.21076 0.10997
v -0.28628 0.21530 0.12806
v -0.28343 0.15086 0.16882
v -0.29093 0.16843 0.11073
v -0.28811 0.14751 0.14312
v -0.27430 0.49716 -0.00228
v -0.28624 0.39849 0.00609
v -0.29789 0.40227 0.05994
v -0.28787 0.15160 0.12848
v -0.28811 0.14751 0.14312
v -0.29093 0.16843 0.11073
v -0.28877 0.00601 -0.16207
v -0.28653 0.02873 -0.15295
v -0.28283 0.04331 -0.16392
v -0.28058 0.10691 -0.01747
v -0.28332 0.08542 -0.03124
v -0.29339 0.08572 -0.05080
v -0.30277 0.00022 -0.19210
v -0.28283 0.04331 -0.16392
v -0.29084 0.02905 -0.19855
v -0.27752 0.15370 0.18203
v -0.29559 0.14379 0.17323
v -0.28344 0.14202 0.20012
v -0.29668 0.00023 0.09847
v -0.28396 0.00000 0.14694
v -0.29023 0.00045 0.13166
v -0.29339 0.08572 -0.05080
v -0.27714 0.08541 -0.03621
v -0.27919 0.08659 -0.06343
v -0.27919 0.08659 -0.06343
v -0.28070 0.08595 -0.07722
v -0.30056 0.08591 -0.07186
v -0.29569 0.11477 -0.06087
v -0.30056 0.08591 -0.07186
v -0.28070 0.08595 -0.07722
v -0.29472 0.36692 0.10370
v -0.28353 0.31682 0.11241
v -0.27684 0.39034 0.10110
v -0.28641 0.40670 0.10661
v -0.28817 0.39498 0.10511
v -0.29160 0.39428 0.13865
v -0.28283 0.04331 -0.16392
v -0.30277 0.00022 -0.19210
v -0.28877 0.00601 -0.16207
v -0.28396 0.00000 0.14694
v -0.28845 0.00288 0.14404
v -0.29023 0.00045 0.13166
v -0.26673 0.10773 -0.02048
v -0.28058 0.10691 -0.01747
v -0.28694 0.12902 -0.03184
v -0.27684 0.39034 0.10110
v -0.29160 0.39428 0.13865
v -0.28817 0.39498 0.10511
v -0.28845 0.00288 0.14404
v -0.27715 0.08535 0.14056
v -0.28742 0.06792 0.12510
v -0.28624 0.39849 0.00609
v -0.27717 0.39345 0.02040
v -0.28949 0.39704 0.05995
v -0.28845 0.00288 0.14404
v -0.28742 0.06792 0.12510
v -0.29001 0.03950 0.12602
v -0.28811 0.14751 0.14312
v -0.29559 0.14379 0.17323
v -0.28343 0.15086 0.16882
v -0.29538 0.46576 0.10064
v -0.28045 0.44803 0.10162
v -0.27461 0.47047 0.09998
v -0.28037 0.09063 0.12128
v -0.28226 0.09460 0.11567
v -0.30507 0.09500 0.12530
v -0.30030 0.14344 0.14925
v -0.28811 0.14751 0.14312
v -0.26174 0.13690 0.13238
v -0.28641 0.40670 0.10661
v -0.30383 0.40164 0.10455
v -0.28817 0.39498 0.10511
v -0.29564 0.32147 0.06695
v -0.27717 0.39345 0.02040
v -0.28132 0.31334 0.02561
v -0.29564 0.32147 0.06695
v -0.28949 0.39704 0.05995
v -0.27717 0.39345 0.02040
v -0.29073 0.13880 0.11486
v -0.28787 0.15160 0.12848
v -0.29093 0.16843 0.11073
v -0.29381 0.23417 0.12430
v -0.28470 0.23070 0.12536
v -0.27460 0.23378 0.12463
v -0.29256 0.02582 0.11585
v -0.28845 0.00288 0.14404
v -0.29001 0.03950 0.12602
v -0.30277 0.00022 -0.19210
v -0.29084 0.02905 -0.19855
v -0.26068 0.00116 -0.20346
v -0.29538 0.46576 0.10064
v -0.28641 0.40670 0.10661
v -0.28045 0.44803 0.10162
v -0.29925 0.08295 -0.17720
v -0.28786 0.08195 -0.14126
v -0.28653 0.02873 -0.15295
v -0.29472 0.36692 0.10370
v -0.29772 0.32154 0.11178
v -0.28353 0.31682 0.11241
v -0.29789 0.40227 0.05994
v -0.28426 0.49908 0.04427
v -0.27430 0.49716 -0.00228
v -0.29559 0.14379 0.17323
v -0.27752 0.15370 0.18203
v -0.28343 0.15086 0.16882
v -0.28742 0.06792 0.12510
v -0.28108 0.07302 0.12325
v -0.30507 0.09500 0.12530
v -0.28935 0.09358 0.09713
v -0.28038 0.11842 0.08724
v -0.30849 0.09558 0.09913
v -0.29093 0.16843 0.11073
v -0.27352 0.18538 0.06713
v -0.29073 0.13880 0.11486
v -0.28653 0.02873 -0.15295
v -0.30188 0.03187 -0.19407
v -0.29925 0.08295 -0.17720
v -0.29467 0.06410 0.20009
v -0.28344 0.14202 0.20012
v -0.29559 0.14379 0.17323
v -0.28946 0.50015 0.09739
v -0.28426 0.49908 0.04427
v -0.29538 0.46576 0.10064
v -0.28470 0.23070 0.12536
v -0.29381 0.23417 0.12430
v -0.29156 0.23223 0.08596
v -0.30600 0.04121 0.13135
v -0.29001 0.03950 0.12602
v -0.28742 0.06792 0.12510
v -0.28470 0.23070 0.12536
v -0.29156 0.23223 0.08596
v -0.28107 0.22923 0.07821
v -0.29467 0.06410 0.20009
v -0.30169 0.00158 0.19884
v -0.27970 0.00018 0.20256
v -0.30507 0.09500 0.12530
v -0.28108 0.07302 0.12325
v -0.28037 0.09063 0.12128
v -0.29381 0.23417 0.12430
v -0.27460 0.23378 0.12463
v -0.29264 0.28170 0.11696
v -0.29211 0.31870 0.11132
v -0.29772 0.32154 0.11178
v -0.28911 0.31869 0.07113
v -0.28817 0.39498 0.10511
v -0.30383 0.40164 0.10455
v -0.29293 0.39719 0.09997
v -0.27292 0.14577 0.07102
v -0.29892 0.13218 0.06516
v -0.30849 0.09558 0.09913
v -0.28653 0.02873 -0.15295
v -0.28877 0.00601 -0.16207
v -0.30188 0.03187 -0.19407
v -0.29256 0.02582 0.11585
v -0.29668 0.00023 0.09847
v -0.28845 0.00288 0.14404
v -0.29467 0.06410 0.20009
v -0.27714 0.02664 0.20411
v -0.28344 0.14202 0.20012
v -0.29772 0.32154 0.11178
v -0.29564 0.32147 0.06695
v -0.28911 0.31869 0.07113
v -0.29264 0.28170 0.11696
v -0.29211 0.31870 0.11132
v -0.28911 0.31869 0.07113
v -0.30383 0.40164 0.10455
v -0.28949 0.39704 0.05995
v -0.29293 0.39719 0.09997
v -0.28845 0.00288 0.14404
v -0.29668 0.00023 0.09847
v -0.29023 0.00045 0.13166
v -0.29381 0.23417 0.12430
v -0.28911 0.31869 0.07113
v -0.29156 0.23223 0.08596
v -0.29381 0.23417 0.12430
v -0.29264 0.28170 0.11696
v -0.28911 0.31869 0.07113
v -0.28949 0.39704 0.05995
v -0.29472 0.36692 0.10370
v -0.29293 0.39719 0.09997
v -0.29339 0.08572 -0.05080
v -0.30056 0.08591 -0.07186
v -0.30149 0.08389 -0.07049
v -0.19188 0.00020 -0.08017
v -0.32800 0.00112 -0.15121
v -0.30277 0.00022 -0.19210
v -0.30600 0.04121 0.13135
v -0.29256 0.02582 0.11585
v -0.29001 0.03950 0.12602
v -0.29211 0.31870 0.11132
v -0.28353 0.31682 0.11241
v -0.29772 0.32154 0.11178
v -0.29538 0.46576 0.10064
v -0.30383 0.40164 0.10455
v -0.28641 0.40670 0.10661
v -0.29538 0.46576 0.10064
v -0.28426 0.49908 0.04427
v -0.29789 0.40227 0.05994
v -0.30188 0.03187 -0.19407
v -0.28877 0.00601 -0.16207
v -0.30277 0.00022 -0.19210
v -0.29339 0.08572 -0.05080
v -0.27919 0.08659 -0.06343
v -0.30056 0.08591 -0.07186
v -0.29559 0.14379 0.17323
v -0.28811 0.14751 0.14312
v -0.30030 0.14344 0.14925
v -0.28949 0.39704 0.05995
v -0.30383 0.40164 0.10455
v -0.28624 0.39849 0.00609
v -0.29772 0.32154 0.11178
v -0.29472 0.36692 0.10370
v -0.28949 0.39704 0.05995
v -0.29564 0.32147 0.06695
v -0.29772 0.32154 0.11178
v -0.28949 0.39704 0.05995
v -0.28226 0.09460 0.11567
v -0.28935 0.09358 0.09713
v -0.30507 0.09500 0.12530
v -0.31260 0.08912 -0.03964
v -0.28058 0.10691 -0.01747
v -0.29339 0.08572 -0.05080
v -0.31576 0.12907 -0.02443
v -0.31424 0.13995 -0.01064
v -0.28694 0.12902 -0.03184
v -0.28786 0.08195 -0.14126
v -0.30469 0.08427 -0.13454
v -0.28679 0.09827 -0.14160
v -0.31260 0.08912 -0.03964
v -0.30020 0.10846 -0.01408
v -0.28058 0.10691 -0.01747
v -0.29256 0.02582 0.11585
v -0.29843 0.00943 0.09640
v -0.29668 0.00023 0.09847
v -0.29789 0.40227 0.05994
v -0.28624 0.39849 0.00609
v -0.30383 0.40164 0.10455
v -0.29843 0.00943 0.09640
v -0.29256 0.02582 0.11585
v -0.31730 0.01145 0.09234
v -0.28935 0.09358 0.09713
v -0.30849 0.09558 0.09913
v -0.30507 0.09500 0.12530
v -0.29467 0.06410 0.20009
v -0.29559 0.14379 0.17323
v -0.30169 0.00158 0.19884
v -0.29843 0.00943 0.09640
v -0.30906 0.00053 0.04456
v -0.29668 0.00023 0.09847
v -0.30149 0.08389 -0.07049
v -0.31260 0.08912 -0.03964
v -0.29339 0.08572 -0.05080
v -0.29569 0.11477 -0.06087
v -0.26808 0.11514 -0.07044
v -0.30896 0.10476 -0.10694
v -0.30849 0.09558 0.09913
v -0.29892 0.13218 0.06516
v -0.31118 0.12268 0.06619
v -0.28845 0.00288 0.14404
v -0.31415 0.03110 0.15179
v -0.30773 0.08912 0.14928
v -0.29892 0.13218 0.06516
v -0.30340 0.12851 0.06395
v -0.31118 0.12268 0.06619
v -0.30600 0.04121 0.13135
v -0.28742 0.06792 0.12510
v -0.30507 0.09500 0.12530
v -0.29892 0.13218 0.06516
v -0.30568 0.16764 0.02541
v -0.30340 0.12851 0.06395
v -0.29569 0.11477 -0.06087
v -0.31401 0.08951 -0.11435
v -0.30056 0.08591 -0.07186
v -0.30469 0.08427 -0.13454
v -0.31627 0.09006 -0.13258
v -0.28679 0.09827 -0.14160
v -0.29559 0.14379 0.17323
v -0.31415 0.03110 0.15179
v -0.30169 0.00158 0.19884
v -0.31401 0.08951 -0.11435
v -0.29569 0.11477 -0.06087
v -0.30896 0.10476 -0.10694
v -0.29789 0.40227 0.05994
v -0.30383 0.40164 0.10455
v -0.29538 0.46576 0.10064
v -0.31424 0.13995 -0.01064
v -0.25301 0.13015 -0.03924
v -0.28694 0.12902 -0.03184
v -0.31449 0.00186 0.15552
v -0.28845 0.00288 0.14404
v -0.28396 0.00000 0.14694
v -0.28679 0.09827 -0.14160
v -0.31627 0.09006 -0.13258
v -0.31648 0.09827 -0.13600
v -0.30490 0.09878 -0.00115
v -0.30489 0.08230 0.00394
v -0.30378 0.08450 0.01125
v -0.30906 0.00053 0.04456
v -0.29843 0.00943 0.09640
v -0.30828 0.00994 0.05269
v -0.31087 0.03052 0.11664
v -0.29256 0.02582 0.11585
v -0.30600 0.04121 0.13135
v -0.29559 0.14379 0.17323
v -0.30030 0.14344 0.14925
v -0.30773 0.08912 0.14928
v -0.30188 0.03187 -0.19407
v -0.30277 0.00022 -0.19210
v -0.32959 0.00120 -0.18599
v -0.30828 0.00994 0.05269
v -0.29843 0.00943 0.09640
v -0.31730 0.01145 0.09234
v -0.30056 0.08591 -0.07186
v -0.31401 0.08951 -0.11435
v -0.31103 0.09109 -0.07092
v -0.31648 0.09827 -0.13600
v -0.30896 0.10476 -0.10694
v -0.28679 0.09827 -0.14160
v -0.30490 0.09878 -0.00115
v -0.30981 0.08698 -0.00452
v -0.30489 0.08230 0.00394
v -0.31449 0.00186 0.15552
v -0.28396 0.00000 0.14694
v -0.30169 0.00158 0.19884
v -0.30378 0.08450 0.01125
v -0.30489 0.08230 0.00394
v -0.30949 0.08290 0.01270
v -0.31087 0.03052 0.11664
v -0.30600 0.04121 0.13135
v -0.30507 0.09500 0.12530
v -0.30489 0.08230 0.00394
v -0.31259 0.08168 -0.00064
v -0.30949 0.08290 0.01270
v -0.28786 0.08195 -0.14126
v -0.31465 0.08357 -0.13373
v -0.30469 0.08427 -0.13454
v -0.30469 0.08427 -0.13454
v -0.31465 0.08357 -0.13373
v -0.31627 0.09006 -0.13258
v -0.32647 0.09164 0.01216
v -0.30490 0.09878 -0.00115
v -0.30378 0.08450 0.01125
v -0.30020 0.10846 -0.01408
v -0.30490 0.09878 -0.00115
v -0.31437 0.10785 -0.00849
v -0.30020 0.10846 -0.01408
v -0.31437 0.10785 -0.00849
v -0.28694 0.12902 -0.03184
v -0.30056 0.08591 -0.07186
v -0.31103 0.09109 -0.07092
v -0.30149 0.08389 -0.07049
v -0.31087 0.03052 0.11664
v -0.30507 0.09500 0.12530
v -0.30849 0.09558 0.09913
v -0.31118 0.12268 0.06619
v -0.30340 0.12851 0.06395
v -0.31572 0.09930 0.00348
v -0.30981 0.08698 -0.00452
v -0.31259 0.08168 -0.00064
v -0.30489 0.08230 0.00394
v -0.28786 0.08195 -0.14126
v -0.32337 0.08116 -0.17256
v -0.31465 0.08357 -0.13373
v -0.32647 0.09164 0.01216
v -0.30378 0.08450 0.01125
v -0.30949 0.08290 0.01270
v -0.31391 0.01431 0.01827
v -0.30828 0.00994 0.05269
v -0.30961 0.05087 0.02980
v -0.31087 0.03052 0.11664
v -0.31730 0.01145 0.09234
v -0.29256 0.02582 0.11585
v -0.28845 0.00288 0.14404
v -0.30773 0.08912 0.14928
v -0.27715 0.08535 0.14056
v -0.30490 0.09878 -0.00115
v -0.31572 0.09930 0.00348
v -0.31437 0.10785 -0.00849
v -0.30981 0.08698 -0.00452
v -0.30490 0.09878 -0.00115
v -0.30020 0.10846 -0.01408
v -0.31391 0.01431 0.01827
v -0.30906 0.00053 0.04456
v -0.30828 0.00994 0.05269
v -0.29559 0.14379 0.17323
v -0.30773 0.08912 0.14928
v -0.31415 0.03110 0.15179
v -0.30961 0.05087 0.02980
v -0.30949 0.08290 0.01270
v -0.31410 0.03708 0.01114
v -0.30340 0.12851 0.06395
v -0.30568 0.16764 0.02541
v -0.31572 0.09930 0.00348
v -0.31415 0.03110 0.15179
v -0.31449 0.00186 0.15552
v -0.30169 0.00158 0.19884
v -0.31415 0.03110 0.15179
v -0.28845 0.00288 0.14404
v -0.31449 0.00186 0.15552
v -0.32554 0.01142 0.05618
v -0.30961 0.05087 0.02980
v -0.30828 0.00994 0.05269
v -0.30149 0.08389 -0.07049
v -0.31103 0.09109 -0.07092
v -0.32451 0.08829 -0.06707
v -0.32647 0.09164 0.01216
v -0.31572 0.09930 0.00348
v -0.30490 0.09878 -0.00115
v -0.30906 0.00053 0.04456
v -0.31391 0.01431 0.01827
v -0.31363 0.00038 0.02109
v -0.32590 0.09933 -0.13105
v -0.30939 0.11435 -0.06040
v -0.31103 0.09109 -0.07092
v -0.30896 0.10476 -0.10694
v -0.31627 0.09006 -0.13258
v -0.31401 0.08951 -0.11435
v -0.30981 0.08698 -0.00452
v -0.30020 0.10846 -0.01408
v -0.31260 0.08912 -0.03964
v -0.32428 0.08844 -0.05333
v -0.31260 0.08912 -0.03964
v -0.32451 0.08829 -0.06707
v -0.30961 0.05087 0.02980
v -0.31410 0.03708 0.01114
v -0.31391 0.01431 0.01827
v -0.31118 0.12268 0.06619
v -0.32647 0.09164 0.01216
v -0.30849 0.09558 0.09913
v -0.31410 0.03708 0.01114
v -0.30949 0.08290 0.01270
v -0.31259 0.08168 -0.00064
v -0.28694 0.12902 -0.03184
v -0.31437 0.10785 -0.00849
v -0.31576 0.12907 -0.02443
v -0.31259 0.08168 -0.00064
v -0.30981 0.08698 -0.00452
v -0.32584 0.08740 -0.00287
v -0.31424 0.13995 -0.01064
v -0.31572 0.09930 0.00348
v -0.30568 0.16764 0.02541
v -0.32451 0.08829 -0.06707
v -0.31260 0.08912 -0.03964
v -0.30149 0.08389 -0.07049
v -0.30981 0.08698 -0.00452
v -0.31260 0.08912 -0.03964
v -0.33575 0.08861 -0.04025
v -0.31103 0.09109 -0.07092
v -0.30939 0.11435 -0.06040
v -0.32451 0.08829 -0.06707
v -0.33575 0.08861 -0.04025
v -0.32584 0.08740 -0.00287
v -0.30981 0.08698 -0.00452
v -0.31437 0.10785 -0.00849
v -0.31572 0.09930 0.00348
v -0.31576 0.12907 -0.02443
v -0.30896 0.10476 -0.10694
v -0.31648 0.09827 -0.13600
v -0.31627 0.09006 -0.13258
v -0.32584 0.08740 -0.00287
v -0.31410 0.03708 0.01114
v -0.31259 0.08168 -0.00064
v -0.32337 0.08116 -0.17256
v -0.28786 0.08195 -0.14126
v -0.29925 0.08295 -0.17720
v -0.31118 0.12268 0.06619
v -0.31572 0.09930 0.00348
v -0.32647 0.09164 0.01216
v -0.31576 0.12907 -0.02443
v -0.31572 0.09930 0.00348
v -0.31424 0.13995 -0.01064
v -0.30961 0.05087 0.02980
v -0.32839 0.05516 0.03089
v -0.32647 0.09164 0.01216
v -0.31103 0.09109 -0.07092
v -0.31401 0.08951 -0.11435
v -0.32594 0.09006 -0.13110
v -0.33125 0.03113 -0.18646
v -0.30188 0.03187 -0.19407
v -0.32959 0.00120 -0.18599
v -0.31087 0.03052 0.11664
v -0.32554 0.01142 0.05618
v -0.31730 0.01145 0.09234
v -0.32647 0.09164 0.01216
v -0.32839 0.05516 0.03089
v -0.30849 0.09558 0.09913
v -0.31103 0.09109 -0.07092
v -0.32594 0.09006 -0.13110
v -0.32590 0.09933 -0.13105
v -0.31757 0.07565 -0.13845
v -0.32027 0.06678 -0.13251
v -0.31465 0.08357 -0.13373
v -0.30849 0.09558 0.09913
v -0.32554 0.01142 0.05618
v -0.31087 0.03052 0.11664
v -0.34079 0.00136 -0.01603
v -0.33112 0.00091 -0.03056
v -0.31363 0.00038 0.02109
v -0.32594 0.09006 -0.13110
v -0.31401 0.08951 -0.11435
v -0.31627 0.09006 -0.13258
v -0.32447 0.02941 -0.13949
v -0.32027 0.06678 -0.13251
v -0.31757 0.07565 -0.13845
v -0.32800 0.00112 -0.15121
v -0.19188 0.00020 -0.08017
v -0.36435 0.00033 -0.11738
v -0.32554 0.01142 0.05618
v -0.30828 0.00994 0.05269
v -0.31730 0.01145 0.09234
v -0.31363 0.00038 0.02109
v -0.31391 0.01431 0.01827
v -0.33052 0.00026 0.01934
v -0.32839 0.05516 0.03089
v -0.30961 0.05087 0.02980
v -0.32554 0.01142 0.05618
v -0.32520 0.08287 -0.13270
v -0.31627 0.09006 -0.13258
v -0.31465 0.08357 -0.13373
v -0.32520 0.08287 -0.13270
v -0.31465 0.08357 -0.13373
v -0.32027 0.06678 -0.13251
v -0.32337 0.08116 -0.17256
v -0.31757 0.07565 -0.13845
v -0.31465 0.08357 -0.13373
v -0.32447 0.02941 -0.13949
v -0.31757 0.07565 -0.13845
v -0.32604 0.00177 -0.16274
v -0.32554 0.01142 0.05618
v -0.30849 0.09558 0.09913
v -0.32839 0.05516 0.03089
v -0.32959 0.00120 -0.18599
v -0.30277 0.00022 -0.19210
v -0.32800 0.00112 -0.15121
v -0.30961 0.05087 0.02980
v -0.32647 0.09164 0.01216
v -0.30949 0.08290 0.01270
v -0.32594 0.09006 -0.13110
v -0.31627 0.09006 -0.13258
v -0.32520 0.08287 -0.13270
v -0.32584 0.08740 -0.00287
v -0.32858 0.07027 0.00200
v -0.31410 0.03708 0.01114
v -0.31260 0.08912 -0.03964
v -0.32428 0.08844 -0.05333
v -0.33575 0.08861 -0.04025
v -0.32520 0.08287 -0.13270
v -0.32027 0.06678 -0.13251
v -0.32447 0.02941 -0.13949
v -0.30939 0.11435 -0.06040
v -0.32590 0.09933 -0.13105
v -0.34113 0.11370 -0.05554
v -0.29925 0.08295 -0.17720
v -0.33125 0.03113 -0.18646
v -0.32337 0.08116 -0.17256
v -0.31757 0.07565 -0.13845
v -0.33125 0.03113 -0.18646
v -0.32604 0.00177 -0.16274
v -0.32800 0.00112 -0.15121
v -0.32604 0.00177 -0.16274
v -0.32959 0.00120 -0.18599
v -0.33052 0.00026 0.01934
v -0.31391 0.01431 0.01827
v -0.31410 0.03708 0.01114
v -0.31410 0.03708 0.01114
v -0.32858 0.07027 0.00200
v -0.33052 0.00026 0.01934
v -0.33125 0.03113 -0.18646
v -0.29925 0.08295 -0.17720
v -0.30188 0.03187 -0.19407
v -0.32604 0.00177 -0.16274
v -0.32800 0.00112 -0.15121
v -0.32447 0.02941 -0.13949
v -0.32594 0.09006 -0.13110
v -0.33686 0.09887 -0.13154
v -0.32590 0.09933 -0.13105
v -0.31757 0.07565 -0.13845
v -0.32337 0.08116 -0.17256
v -0.33125 0.03113 -0.18646
v -0.33112 0.00091 -0.03056
v -0.33874 0.00141 -0.04533
v -0.19188 0.00020 -0.08017
v -0.32451 0.08829 -0.06707
v -0.30939 0.11435 -0.06040
v -0.34241 0.08946 -0.06445
v -0.32800 0.00112 -0.15121
v -0.34165 0.00111 -0.17885
v -0.32447 0.02941 -0.13949
v -0.32428 0.08844 -0.05333
v -0.32451 0.08829 -0.06707
v -0.33210 0.08287 -0.06508
v -0.32959 0.00120 -0.18599
v -0.32604 0.00177 -0.16274
v -0.33125 0.03113 -0.18646
v -0.34241 0.08946 -0.06445
v -0.30939 0.11435 -0.06040
v -0.34113 0.11370 -0.05554
v -0.33575 0.08861 -0.04025
v -0.33112 0.00091 -0.03056
v -0.34079 0.00136 -0.01603
v -0.33112 0.00091 -0.03056
v -0.32428 0.08844 -0.05333
v -0.33653 0.04410 -0.05664
v -0.32584 0.08740 -0.00287
v -0.33575 0.08861 -0.04025
v -0.33256 0.08852 -0.02066
v -0.33653 0.04410 -0.05664
v -0.33874 0.00141 -0.04533
v -0.33112 0.00091 -0.03056
v -0.33653 0.04410 -0.05664
v -0.32428 0.08844 -0.05333
v -0.33210 0.08287 -0.06508
v -0.34165 0.00111 -0.17885
v -0.32520 0.08287 -0.13270
v -0.32447 0.02941 -0.13949
v -0.32858 0.07027 0.00200
v -0.33256 0.08852 -0.02066
v -0.33575 0.08861 -0.04025
v -0.33052 0.00026 0.01934
v -0.34079 0.00136 -0.01603
v -0.31363 0.00038 0.02109
v -0.33575 0.08861 -0.04025
v -0.32428 0.08844 -0.05333
v -0.33112 0.00091 -0.03056
v -0.35603 0.09827 -0.12625
v -0.34113 0.11370 -0.05554
v -0.32590 0.09933 -0.13105
v -0.34086 0.03102 -0.18186
v -0.32520 0.08287 -0.13270
v -0.34165 0.00111 -0.17885
v -0.34241 0.08946 -0.06445
v -0.33653 0.04410 -0.05664
v -0.33210 0.08287 -0.06508
v -0.35370 0.08293 -0.12482
v -0.32520 0.08287 -0.13270
v -0.33552 0.08235 -0.16439
v -0.32520 0.08287 -0.13270
v -0.34086 0.03102 -0.18186
v -0.33552 0.08235 -0.16439
v -0.33210 0.08287 -0.06508
v -0.32451 0.08829 -0.06707
v -0.34241 0.08946 -0.06445
v -0.32858 0.07027 0.00200
v -0.32584 0.08740 -0.00287
v -0.33256 0.08852 -0.02066
v -0.33052 0.00026 0.01934
v -0.32858 0.07027 0.00200
v -0.34079 0.00136 -0.01603
v -0.34241 0.08946 -0.06445
v -0.34599 0.05694 -0.05962
v -0.33653 0.04410 -0.05664
v -0.35623 0.08950 -0.12229
v -0.33686 0.09887 -0.13154
v -0.32594 0.09006 -0.13110
v -0.36435 0.00033 -0.11738
v -0.34165 0.00111 -0.17885
v -0.32800 0.00112 -0.15121
v -0.32858 0.07027 0.00200
v -0.33575 0.08861 -0.04025
v -0.34079 0.00136 -0.01603
v -0.33653 0.04410 -0.05664
v -0.34599 0.05694 -0.05962
v -0.33874 0.00141 -0.04533
v -0.36552 0.03314 -0.17363
v -0.34086 0.03102 -0.18186
v -0.34165 0.00111 -0.17885
v -0.32594 0.09006 -0.13110
v -0.32520 0.08287 -0.13270
v -0.35623 0.08950 -0.12229
v -0.32590 0.09933 -0.13105
v -0.33686 0.09887 -0.13154
v -0.35603 0.09827 -0.12625
v -0.33874 0.00141 -0.04533
v -0.34599 0.05694 -0.05962
v -0.34909 0.00118 -0.04829
v -0.34086 0.03102 -0.18186
v -0.36552 0.03314 -0.17363
v -0.33552 0.08235 -0.16439
v -0.34241 0.08946 -0.06445
v -0.36435 0.00033 -0.11738
v -0.34599 0.05694 -0.05962
v -0.19188 0.00020 -0.08017
v -0.33874 0.00141 -0.04533
v -0.34909 0.00118 -0.04829
v -0.35603 0.09827 -0.12625
v -0.33686 0.09887 -0.13154
v -0.35623 0.08950 -0.12229
v -0.36435 0.00033 -0.11738
v -0.34909 0.00118 -0.04829
v -0.34599 0.05694 -0.05962
v -0.35370 0.08293 -0.12482
v -0.33552 0.08235 -0.16439
v -0.36139 0.08344 -0.15718
v -0.32520 0.08287 -0.13270
v -0.35370 0.08293 -0.12482
v -0.35623 0.08950 -0.12229
v -0.35623 0.08950 -0.12229
v -0.34241 0.08946 -0.06445
v -0.34113 0.11370 -0.05554
v -0.36139 0.08344 -0.15718
v -0.33552 0.08235 -0.16439
v -0.36552 0.03314 -0.17363
v -0.34241 0.08946 -0.06445
v -0.36980 0.00280 -0.14024
v -0.36435 0.00033 -0.11738
v -0.35603 0.09827 -0.12625
v -0.35623 0.08950 -0.12229
v -0.34113 0.11370 -0.05554
v -0.36656 0.00116 -0.17031
v -0.34165 0.00111 -0.17885
v -0.36190 0.00092 -0.14641
v -0.35623 0.08950 -0.12229
v -0.36980 0.00280 -0.14024
v -0.34241 0.08946 -0.06445
v -0.36435 0.00033 -0.11738
v -0.19188 0.00020 -0.08017
v -0.34909 0.00118 -0.04829
v -0.35370 0.08293 -0.12482
v -0.36980 0.00280 -0.14024
v -0.35623 0.08950 -0.12229
v -0.35370 0.08293 -0.12482
v -0.36139 0.08344 -0.15718
v -0.36190 0.00092 -0.14641
v -0.34165 0.00111 -0.17885
v -0.36435 0.00033 -0.11738
v -0.36190 0.00092 -0.14641
v -0.36980 0.00280 -0.14024
v -0.35370 0.08293 -0.12482
v -0.36190 0.00092 -0.14641
v -0.36656 0.00116 -0.17031
v -0.36552 0.03314 -0.17363
v -0.34165 0.00111 -0.17885
v -0.36980 0.00280 -0.14024
v -0.36190 0.00092 -0.14641
v -0.36435 0.00033 -0.11738
v -0.36552 0.03314 -0.17363
v -0.36190 0.00092 -0.14641
v -0.36139 0.08344 -0.15718
v -0.36552 0.03314 -0.17363
v -0.36656 0.00116 -0.17031
v -0.36190 0.00092 -0.14641
v -0.12397 0.80682 0.05476
v -0.02628 0.76309 0.16563
v 0.02676 0.76276 0.02240
v -0.02606 0.76279 -0.05851
v 0.02418 0.76227 -0.05771
v -0.02996 0.78547 -0.08746
v 0.03590 0.81224 -0.10896
v -0.03611 0.81617 -0.11108
v -0.05677 0.84923 -0.07661
v -0.04511 0.79800 -0.04278
v -0.05989 0.85340 -0.06234
v -0.06770 0.80815 -0.06326
v -0.08359 0.83032 -0.05809
v -0.08324 0.81520 -0.05853
v -0.08232 0.81596 -0.07967
v -0.08643 0.83288 -0.09083
v -0.18470 0.78892 -0.08029
v -0.19039 0.79286 -0.07858
v -0.19044 0.79266 -0.06060
v -0.20938 0.79682 -0.05451
v -0.23249 0.80443 -0.04270
v -0.24713 0.80592 -0.03692
v -0.26327 0.81070 0.01374
v -0.26324 0.80779 0.05581
v -0.26463 0.80762 0.07330
v -0.26023 0.80469 0.08770
v -0.25819 0.80110 0.11742
v -0.23920 0.84925 0.14157
v -0.22895 0.75788 0.14977
v -0.19920 0.84009 0.16831
v -0.21775 0.75044 0.18798
v -0.19621 0.88415 0.19912
v -0.18409 0.74396 0.19546
v -0.16988 0.87511 0.20730
v -0.14063 0.81574 0.19805
v -0.14389 0.86181 0.20001
v -0.12087 0.77642 0.19772
v -0.08207 0.84631 0.20835
v -0.05866 0.79806 0.18829
v -0.05348 0.83712 0.19616
v -0.07113 0.78812 0.16355
v -0.05856 0.83800 0.16312
v -0.03143 0.78600 0.19557
v 0.02615 0.76350 0.16770
vt 0.41586 0.36683
vt 0.43339 0.32339
vt 0.43248 0.36241
vt 0.42483 0.91628
vt 0.42456 0.93168
vt 0.41328 0.93290
vt 0.41586 0.36683
vt 0.43248 0.36241
vt 0.43133 0.39210
vt 0.14908 0.13031
vt 0.12755 0.13774
vt 0.12744 0.12571
vt 0.85384 0.70748
vt 0.82593 0.68878
vt 0.84680 0.68801
vt 0.59908 0.64613
vt 0.57411 0.64626
vt 0.60202 0.64271
vt 0.60200 0.64262
vt 0.57411 0.64630
vt 0.57553 0.64391
vt 0.09763 0.42804
vt 0.10697 0.41495
vt 0.10640 0.43573
vt 0.80535 0.45949
vt 0.80032 0.44601
vt 0.80350 0.42984
vt 0.82733 0.70759
vt 0.82593 0.68878
vt 0.85383 0.70748
vt 0.04597 0.03629
vt 0.04699 0.04069
vt 0.04616 0.05119
vt 0.42689 0.65222
vt 0.42128 0.65313
vt 0.41846 0.64176
vt 0.80030 0.44601
vt 0.80535 0.45949
vt 0.79840 0.45175
vt 0.80796 0.49843
vt 0.80418 0.47586
vt 0.80535 0.45949
vt 0.38580 0.70171
vt 0.41283 0.67670
vt 0.41126 0.70161
vt 0.82733 0.70759
vt 0.80471 0.70850
vt 0.82594 0.68878
vt 0.42128 0.65313
vt 0.42689 0.65222
vt 0.42756 0.67158
vt 0.57411 0.64630
vt 0.55431 0.63602
vt 0.57553 0.64391
vt 0.42754 0.67157
vt 0.41729 0.69509
vt 0.42044 0.68301
vt 0.42753 0.67159
vt 0.41934 0.67229
vt 0.42128 0.65313
vt 0.80418 0.47586
vt 0.80089 0.47351
vt 0.80535 0.45949
vt 0.80089 0.47351
vt 0.79840 0.45175
vt 0.80535 0.45949
vt 0.38851 0.67821
vt 0.41282 0.67668
vt 0.38580 0.70171
vt 0.80796 0.49843
vt 0.80000 0.48966
vt 0.80418 0.47586
vt 0.56685 0.99816
vt 0.56579 0.99549
vt 0.57020 0.99566
vt 0.56685 0.99817
vt 0.57020 0.99566
vt 0.57046 0.99998
vt 0.94826 0.90003
vt 0.96251 0.90254
vt 0.95082 0.92057
vt 0.80795 0.49845
vt 0.80154 0.50819
vt 0.79999 0.48968
vt 0.75072 0.84531
vt 0.75441 0.86098
vt 0.74923 0.86716
vt 0.41914 0.65700
vt 0.42128 0.65313
vt 0.41934 0.67229
vt 0.80471 0.70850
vt 0.79831 0.68950
vt 0.82593 0.68877
vt 0.80418 0.47586
vt 0.80000 0.48966
vt 0.79921 0.48738
vt 0.15992 0.55001
vt 0.16040 0.56053
vt 0.15519 0.54975
vt 0.38851 0.67821
vt 0.41326 0.65334
vt 0.41282 0.67661
vt 0.74923 0.86716
vt 0.75482 0.87176
vt 0.75085 0.87298
vt 0.75441 0.86098
vt 0.75072 0.84531
vt 0.75504 0.84571
vt 0.66100 0.99328
vt 0.65874 0.98560
vt 0.66113 0.98587
vt 0.04071 0.48349
vt 0.04109 0.49602
vt 0.03785 0.48355
vt 0.41934 0.67229
vt 0.42754 0.67158
vt 0.42044 0.68301
vt 0.79615 0.42120
vt 0.80350 0.42984
vt 0.79156 0.43544
vt 0.74923 0.86716
vt 0.75441 0.86098
vt 0.75482 0.87176
vt 0.71523 0.33533
vt 0.72205 0.32891
vt 0.73878 0.33306
vt 0.42128 0.65313
vt 0.41714 0.64418
vt 0.41846 0.64176
vt 0.65874 0.98560
vt 0.66100 0.99328
vt 0.65826 0.99310
vt 0.96072 0.02180
vt 0.95829 0.01843
vt 0.96825 0.01366
vt 0.64097 0.83776
vt 0.66638 0.82306
vt 0.66884 0.83776
vt 0.80350 0.42984
vt 0.80031 0.44600
vt 0.79157 0.43546
vt 0.03785 0.48355
vt 0.04109 0.49602
vt 0.03432 0.49276
vt 0.42044 0.68301
vt 0.41729 0.69509
vt 0.41601 0.69312
vt 0.57411 0.64630
vt 0.55166 0.64017
vt 0.55431 0.63603
vt 0.78635 0.41422
vt 0.79615 0.42120
vt 0.77513 0.42557
vt 0.96275 0.92149
vt 0.95082 0.92057
vt 0.96251 0.90254
vt 0.79615 0.42120
vt 0.79156 0.43544
vt 0.77513 0.42557
vt 0.64130 0.82745
vt 0.66638 0.82306
vt 0.64097 0.83776
vt 0.73879 0.33305
vt 0.75225 0.31974
vt 0.75777 0.32330
vt 0.02648 0.01423
vt 0.02648 0.02499
vt 0.02430 0.02413
vt 0.97585 0.02128
vt 0.97445 0.02202
vt 0.96825 0.01366
vt 0.79065 0.49626
vt 0.79999 0.48968
vt 0.80154 0.50819
vt 0.73879 0.33305
vt 0.72205 0.32891
vt 0.73695 0.32737
vt 0.97437 0.02204
vt 0.96072 0.02180
vt 0.96825 0.01366
vt 0.41326 0.65334
vt 0.38851 0.67821
vt 0.38742 0.65690
vt 0.80154 0.50819
vt 0.78294 0.49943
vt 0.79064 0.49626
vt 0.66182 0.52898
vt 0.63846 0.53236
vt 0.64680 0.52763
vt 0.78080 0.74093
vt 0.76588 0.73958
vt 0.77899 0.71203
vt 0.78172 0.93345
vt 0.78311 0.93420
vt 0.78464 0.94286
vt 0.26746 0.30078
vt 0.27997 0.30255
vt 0.26430 0.33093
vt 0.27997 0.30255
vt 0.27957 0.32863
vt 0.26432 0.33093
vt 0.67058 0.84612
vt 0.64069 0.84581
vt 0.66884 0.83776
vt 0.16223 0.54179
vt 0.15992 0.55001
vt 0.15953 0.53560
vt 0.73696 0.32737
vt 0.75225 0.31974
vt 0.73879 0.33305
vt 0.64097 0.83776
vt 0.66884 0.83776
vt 0.64068 0.84578
vt 0.71524 0.33534
vt 0.70638 0.33006
vt 0.72205 0.32891
vt 0.15992 0.55001
vt 0.15247 0.53958
vt 0.15953 0.53560
vt 0.32665 0.16549
vt 0.32541 0.17775
vt 0.31740 0.18191
vt 0.78464 0.94286
vt 0.78311 0.93420
vt 0.78781 0.94144
vt 0.65396 0.92284
vt 0.66548 0.93741
vt 0.65565 0.93683
vt 0.27130 0.45446
vt 0.26324 0.45466
vt 0.27259 0.44340
vt 0.15992 0.55001
vt 0.15519 0.54975
vt 0.15247 0.53958
vt 0.54284 0.63112
vt 0.55431 0.63603
vt 0.55166 0.64017
vt 0.79787 0.74008
vt 0.78080 0.74093
vt 0.79442 0.71123
vt 0.77890 0.71201
vt 0.76588 0.73958
vt 0.76141 0.70996
vt 0.67065 0.52663
vt 0.65518 0.53571
vt 0.66005 0.52880
vt 0.21694 0.60947
vt 0.20862 0.63631
vt 0.20724 0.62627
vt 0.78080 0.74093
vt 0.77899 0.71203
vt 0.79442 0.71123
vt 0.21694 0.60947
vt 0.21710 0.63789
vt 0.20862 0.63631
vt 0.54284 0.63112
vt 0.54198 0.62793
vt 0.55431 0.63603
vt 0.42533 0.80383
vt 0.42044 0.79501
vt 0.43091 0.79877
vt 0.62047 0.54119
vt 0.66005 0.52880
vt 0.62680 0.54486
vt 0.72205 0.32891
vt 0.70638 0.33006
vt 0.70657 0.32344
vt 0.66005 0.52880
vt 0.62047 0.54119
vt 0.63846 0.53236
vt 0.70638 0.33006
vt 0.69858 0.32814
vt 0.70657 0.32344
vt 0.32541 0.17775
vt 0.32572 0.20373
vt 0.31740 0.18191
vt 0.79831 0.68950
vt 0.80472 0.70849
vt 0.78998 0.70867
vt 0.75777 0.32330
vt 0.75225 0.31974
vt 0.76461 0.30948
vt 0.23905 0.36953
vt 0.26834 0.37006
vt 0.24269 0.38554
vt 0.24489 0.44251
vt 0.26324 0.45466
vt 0.24386 0.45108
vt 0.86649 0.74034
vt 0.86116 0.74099
vt 0.87033 0.73703
vt 0.78781 0.94144
vt 0.78132 0.94716
vt 0.78464 0.94286
vt 0.23905 0.36953
vt 0.26598 0.36022
vt 0.26834 0.37005
vt 0.19103 0.23715
vt 0.18960 0.21203
vt 0.19099 0.21031
vt 0.78132 0.94716
vt 0.78781 0.94144
vt 0.78738 0.94949
vt 0.26324 0.45467
vt 0.24489 0.44251
vt 0.27259 0.44340
vt 0.97060 0.22479
vt 0.99691 0.22628
vt 0.99581 0.23154
vt 0.66005 0.52880
vt 0.65518 0.53571
vt 0.62664 0.54464
vt 0.27234 0.88850
vt 0.25163 0.89013
vt 0.24601 0.88964
vt 0.63226 0.10601
vt 0.66213 0.10521
vt 0.66365 0.11179
vt 0.25197 0.89820
vt 0.25163 0.89013
vt 0.27234 0.88850
vt 0.42533 0.80383
vt 0.41854 0.80236
vt 0.42044 0.79501
vt 0.09261 0.26880
vt 0.06463 0.26897
vt 0.09128 0.25649
vt 0.83206 0.67538
vt 0.82679 0.67666
vt 0.82387 0.67305
vt 0.82336 0.07399
vt 0.79655 0.07530
vt 0.79859 0.06745
vt 0.09833 0.06104
vt 0.10263 0.06214
vt 0.09765 0.08074
vt 0.47356 0.96164
vt 0.46794 0.96114
vt 0.47452 0.94737
vt 0.26746 0.30078
vt 0.26429 0.33093
vt 0.25912 0.29981
vt 0.54198 0.62793
vt 0.54284 0.63112
vt 0.53545 0.62713
vt 0.69858 0.32814
vt 0.69451 0.32303
vt 0.70104 0.31867
vt 0.80725 0.72771
vt 0.79786 0.74009
vt 0.79442 0.71123
vt 0.97060 0.22479
vt 0.99581 0.23154
vt 0.96894 0.23041
vt 0.85976 0.72676
vt 0.86431 0.72696
vt 0.87033 0.73703
vt 0.25197 0.89820
vt 0.27234 0.88850
vt 0.27121 0.89883
vt 0.07780 0.58751
vt 0.06960 0.58067
vt 0.07763 0.57992
vt 0.69858 0.32814
vt 0.70104 0.31867
vt 0.70657 0.32344
vt 0.53545 0.62713
vt 0.53166 0.62107
vt 0.54198 0.62793
vt 0.29742 0.83192
vt 0.26618 0.83192
vt 0.29617 0.82570
vt 0.99581 0.23154
vt 0.99570 0.23660
vt 0.96894 0.23041
vt 0.10263 0.06214
vt 0.10346 0.08138
vt 0.09765 0.08074
vt 0.66365 0.11179
vt 0.66535 0.11308
vt 0.66656 0.12806
vt 0.91963 0.60574
vt 0.92326 0.59055
vt 0.92299 0.60094
vt 0.68488 0.23427
vt 0.69428 0.24234
vt 0.69441 0.24592
vt 0.45851 0.79739
vt 0.45101 0.82540
vt 0.45099 0.79451
vt 0.27259 0.44340
vt 0.24521 0.43238
vt 0.27415 0.43063
vt 0.44934 0.94205
vt 0.43867 0.94958
vt 0.44714 0.93428
vt 0.66365 0.11179
vt 0.66656 0.12806
vt 0.62549 0.12807
vt 0.24521 0.43238
vt 0.27259 0.44340
vt 0.24489 0.44251
vt 0.95596 0.73289
vt 0.95493 0.72382
vt 0.96110 0.71208
vt 0.70426 0.08688
vt 0.66527 0.08530
vt 0.69081 0.07560
vt 0.96111 0.71208
vt 0.96482 0.71759
vt 0.95597 0.73289
vt 0.91926 0.59992
vt 0.92326 0.59055
vt 0.91963 0.60574
vt 0.38526 0.10232
vt 0.37964 0.10135
vt 0.38121 0.08513
vt 0.96894 0.23041
vt 0.99570 0.23659
vt 0.96733 0.23691
vt 0.87033 0.73703
vt 0.86116 0.74099
vt 0.85976 0.72676
vt 0.96759 0.70239
vt 0.96482 0.71759
vt 0.96111 0.71208
vt 0.69248 0.95100
vt 0.68839 0.94538
vt 0.70377 0.94040
vt 0.10025 0.39693
vt 0.09364 0.37826
vt 0.10690 0.37833
vt 0.92796 0.58709
vt 0.92297 0.58638
vt 0.92838 0.57847
vt 0.01063 0.31374
vt 0.01853 0.31440
vt 0.01853 0.32226
vt 0.38121 0.08513
vt 0.38579 0.07394
vt 0.38528 0.10231
vt 0.10766 0.03021
vt 0.12660 0.03021
vt 0.12663 0.03214
vt 0.43091 0.79877
vt 0.44150 0.80609
vt 0.43543 0.80902
vt 0.38238 0.77744
vt 0.41327 0.77744
vt 0.37712 0.78098
vt 0.44934 0.94205
vt 0.45368 0.94302
vt 0.43867 0.94958
vt 0.87539 0.73966
vt 0.87033 0.73703
vt 0.87967 0.73531
vt 0.95596 0.73289
vt 0.94713 0.73780
vt 0.94130 0.73548
vt 0.95301 0.72404
vt 0.95493 0.72382
vt 0.94911 0.73141
vt 0.96759 0.70239
vt 0.96111 0.71209
vt 0.96539 0.69282
vt 0.92796 0.58709
vt 0.92326 0.59055
vt 0.92297 0.58639
vt 0.11857 0.95265
vt 0.10316 0.95265
vt 0.10315 0.95032
vt 0.94911 0.73141
vt 0.95493 0.72382
vt 0.95596 0.73289
vt 0.66365 0.11179
vt 0.63222 0.11257
vt 0.63225 0.10604
vt 0.01063 0.31374
vt 0.01853 0.32226
vt 0.01105 0.32104
vt 0.26429 0.33092
vt 0.25901 0.33079
vt 0.25912 0.29981
vt 0.92326 0.59055
vt 0.91926 0.59992
vt 0.91926 0.59069
vt 0.66365 0.11179
vt 0.62549 0.12807
vt 0.63222 0.11257
vt 0.91383 0.60910
vt 0.91529 0.60442
vt 0.91963 0.60574
vt 0.91926 0.59069
vt 0.92296 0.58639
vt 0.92326 0.59055
vt 0.23905 0.36953
vt 0.23688 0.36256
vt 0.24366 0.35846
vt 0.38582 0.07395
vt 0.38127 0.08510
vt 0.38037 0.07359
vt 0.14956 0.91204
vt 0.15712 0.91557
vt 0.15059 0.93261
vt 0.94130 0.73548
vt 0.94911 0.73141
vt 0.95596 0.73289
vt 0.06448 0.79354
vt 0.08132 0.79354
vt 0.07859 0.79972
vt 0.08635 0.19424
vt 0.08635 0.21249
vt 0.07755 0.21243
vt 0.62489 0.94578
vt 0.62138 0.95658
vt 0.60868 0.94580
vt 0.81362 0.73564
vt 0.79788 0.74010
vt 0.80725 0.72771
vt 0.43543 0.80902
vt 0.42533 0.80383
vt 0.43091 0.79877
vt 0.26598 0.36022
vt 0.23905 0.36953
vt 0.26377 0.35264
vt 0.76461 0.30948
vt 0.75224 0.31973
vt 0.76210 0.30667
vt 0.87967 0.73531
vt 0.87033 0.73703
vt 0.88664 0.72686
vt 0.91926 0.59992
vt 0.91963 0.60574
vt 0.91529 0.60442
vt 0.79442 0.71123
vt 0.80410 0.70960
vt 0.80725 0.72771
vt 0.76210 0.30667
vt 0.76816 0.30557
vt 0.76461 0.30948
vt 0.18920 0.27481
vt 0.19081 0.29996
vt 0.18508 0.29818
vt 0.53930 0.62218
vt 0.54198 0.62793
vt 0.53476 0.61810
vt 0.02287 0.97242
vt 0.02351 0.97467
vt 0.02351 0.98161
vt 0.38509 0.64406
vt 0.38692 0.68303
vt 0.37759 0.66013
vt 0.49801 0.87352
vt 0.47132 0.88263
vt 0.47281 0.87352
vt 0.91577 0.65389
vt 0.92109 0.67316
vt 0.89952 0.66066
vt 0.37579 0.22075
vt 0.38233 0.23208
vt 0.36894 0.22329
vt 0.53166 0.62107
vt 0.53476 0.61810
vt 0.54198 0.62793
vt 0.27415 0.43063
vt 0.24521 0.43238
vt 0.26886 0.41935
vt 0.92109 0.67316
vt 0.92984 0.65827
vt 0.93173 0.68142
vt 0.24366 0.35846
vt 0.26377 0.35264
vt 0.23905 0.36953
vt 0.80086 0.93398
vt 0.78646 0.93681
vt 0.78435 0.93316
vt 0.90973 0.60685
vt 0.91383 0.60910
vt 0.91391 0.61457
vt 0.89952 0.66066
vt 0.90497 0.65760
vt 0.91577 0.65389
vt 0.44672 0.81205
vt 0.43543 0.80902
vt 0.44150 0.80609
vt 0.94713 0.73780
vt 0.93933 0.73906
vt 0.94130 0.73548
vt 0.96108 0.71208
vt 0.96219 0.69894
vt 0.96539 0.69282
vt 0.80725 0.72771
vt 0.81404 0.72691
vt 0.81362 0.73564
vt 0.62504 0.11499
vt 0.63222 0.11257
vt 0.62549 0.12807
vt 0.43867 0.94958
vt 0.43707 0.94370
vt 0.44714 0.93428
vt 0.91391 0.61457
vt 0.91036 0.61475
vt 0.90973 0.60685
vt 0.03026 0.97429
vt 0.02351 0.98161
vt 0.02351 0.97467
vt 0.17509 0.73509
vt 0.16956 0.73381
vt 0.17373 0.71013
vt 0.80086 0.93398
vt 0.78873 0.94014
vt 0.78646 0.93681
vt 0.92198 0.57054
vt 0.92593 0.56863
vt 0.92294 0.58637
vt 0.41327 0.77744
vt 0.41227 0.78301
vt 0.37712 0.78096
vt 0.92984 0.65827
vt 0.92109 0.67316
vt 0.91577 0.65389
vt 0.07774 0.59672
vt 0.06960 0.58066
vt 0.07780 0.58751
vt 0.30871 0.02333
vt 0.31025 0.03642
vt 0.29113 0.02943
vt 0.46766 0.94736
vt 0.47452 0.94737
vt 0.46794 0.96114
vt 0.90973 0.60685
vt 0.91529 0.60442
vt 0.91383 0.60910
vt 0.92838 0.57847
vt 0.92297 0.58638
vt 0.92593 0.56863
vt 0.25203 0.29890
vt 0.25912 0.29981
vt 0.25901 0.33079
vt 0.06958 0.58068
vt 0.07774 0.59672
vt 0.06901 0.59705
vt 0.17891 0.00369
vt 0.18092 0.00988
vt 0.17755 0.00697
vt 0.03026 0.97429
vt 0.02912 0.98069
vt 0.02351 0.98161
vt 0.93933 0.73906
vt 0.92985 0.73513
vt 0.94130 0.73548
vt 0.96219 0.69894
vt 0.95656 0.69765
vt 0.96539 0.69282
vt 0.01495 0.63098
vt 0.01495 0.63901
vt 0.00968 0.63466
vt 0.06798 0.02590
vt 0.06879 0.00928
vt 0.08085 0.01670
vt 0.48361 0.03801
vt 0.46359 0.03135
vt 0.48196 0.03183
vt 0.18224 0.27269
vt 0.18920 0.27481
vt 0.18508 0.29818
vt 0.46359 0.03135
vt 0.48361 0.03801
vt 0.46504 0.03761
vt 0.31565 0.93833
vt 0.31565 0.95357
vt 0.31080 0.93914
vt 0.30031 0.89891
vt 0.30132 0.88726
vt 0.32531 0.89925
vt 0.44672 0.81205
vt 0.43858 0.81280
vt 0.43543 0.80902
vt 0.76210 0.30667
vt 0.76338 0.29884
vt 0.76816 0.30557
vt 0.81362 0.73564
vt 0.81404 0.72691
vt 0.81565 0.72961
vt 0.27449 0.42271
vt 0.27415 0.43063
vt 0.26886 0.41935
vt 0.18005 0.28612
vt 0.18224 0.27269
vt 0.18508 0.29818
vt 0.24793 0.29833
vt 0.25203 0.29890
vt 0.24827 0.33259
vt 0.03026 0.97429
vt 0.03359 0.97686
vt 0.02912 0.98069
vt 0.37712 0.78096
vt 0.41227 0.78301
vt 0.41023 0.78837
vt 0.06879 0.00928
vt 0.08023 0.00879
vt 0.08085 0.01670
vt 0.18138 0.68074
vt 0.17699 0.68152
vt 0.18085 0.67284
vt 0.18005 0.28612
vt 0.18508 0.29818
vt 0.17923 0.29660
vt 0.17621 0.67612
vt 0.18085 0.67284
vt 0.17699 0.68152
vt 0.75550 0.98099
vt 0.75763 0.98442
vt 0.75368 0.98562
vt 0.03359 0.97686
vt 0.03394 0.98182
vt 0.02912 0.98069
vt 0.44461 0.81655
vt 0.43858 0.81280
vt 0.44672 0.81205
vt 0.24366 0.35846
vt 0.24071 0.35039
vt 0.24626 0.34844
vt 0.90619 0.80494
vt 0.90914 0.80387
vt 0.90462 0.81379
vt 0.25049 0.33159
vt 0.24827 0.33259
vt 0.25203 0.29890
vt 0.21999 0.97816
vt 0.21551 0.97898
vt 0.21505 0.97772
vt 0.96539 0.69282
vt 0.95656 0.69765
vt 0.95903 0.69345
vt 0.06338 0.77029
vt 0.06591 0.77571
vt 0.05680 0.77519
vt 0.90914 0.80387
vt 0.91106 0.79607
vt 0.92964 0.79580
vt 0.52847 0.61843
vt 0.53476 0.61810
vt 0.53166 0.62107
vt 0.59331 0.99205
vt 0.59987 0.99205
vt 0.59464 0.99684
vt 0.30132 0.88726
vt 0.32664 0.88344
vt 0.32531 0.89925
vt 0.51057 0.02702
vt 0.49194 0.02702
vt 0.50997 0.02128
vt 0.05680 0.77519
vt 0.05440 0.77055
vt 0.06338 0.77029
vt 0.94679 0.67336
vt 0.93900 0.68411
vt 0.93173 0.68142
vt 0.25049 0.33159
vt 0.25203 0.29890
vt 0.25901 0.33079
vt 0.21505 0.97772
vt 0.21551 0.97898
vt 0.21659 0.98576
vt 0.81362 0.73564
vt 0.81565 0.72961
vt 0.82056 0.73137
vt 0.37655 0.22928
vt 0.36894 0.22329
vt 0.38233 0.23208
vt 0.37108 0.23161
vt 0.36894 0.22329
vt 0.37655 0.22928
vt 0.81362 0.73564
vt 0.82056 0.73137
vt 0.82099 0.73269
vt 0.87237 0.98146
vt 0.88179 0.98229
vt 0.87085 0.98284
vt 0.06915 0.06365
vt 0.06398 0.04775
vt 0.07931 0.04747
vt 0.93326 0.81281
vt 0.90914 0.80387
vt 0.92964 0.79580
vt 0.76816 0.30557
vt 0.76338 0.29884
vt 0.77156 0.29772
vt 0.69428 0.24234
vt 0.70138 0.24713
vt 0.69441 0.24592
vt 0.75763 0.98442
vt 0.75574 0.99035
vt 0.75368 0.98562
vt 0.47132 0.88263
vt 0.49801 0.87352
vt 0.49662 0.88148
vt 0.43858 0.81280
vt 0.44461 0.81655
vt 0.43634 0.81736
vt 0.52847 0.61843
vt 0.53491 0.60886
vt 0.53476 0.61810
vt 0.17621 0.67612
vt 0.17034 0.67249
vt 0.18085 0.67284
vt 0.21659 0.98576
vt 0.21052 0.98623
vt 0.20937 0.97757
vt 0.90462 0.81379
vt 0.90914 0.80387
vt 0.93326 0.81281
vt 0.87033 0.73703
vt 0.86874 0.72431
vt 0.88664 0.72686
vt 0.21505 0.97772
vt 0.21659 0.98576
vt 0.20937 0.97757
vt 0.01158 0.90839
vt 0.01216 0.90513
vt 0.01255 0.91018
vt 0.86874 0.72431
vt 0.87033 0.73703
vt 0.86431 0.72696
vt 0.17621 0.67612
vt 0.15751 0.67635
vt 0.17034 0.67249
vt 0.16893 0.70849
vt 0.17373 0.71013
vt 0.16956 0.73381
vt 0.21122 0.30485
vt 0.21533 0.30594
vt 0.21533 0.33013
vt 0.79483 0.83538
vt 0.76607 0.83110
vt 0.79483 0.83210
vt 0.24521 0.43238
vt 0.24443 0.41988
vt 0.26886 0.41935
vt 0.18016 0.27276
vt 0.18224 0.27269
vt 0.18005 0.28612
vt 0.92964 0.79580
vt 0.93061 0.79103
vt 0.93701 0.79199
vt 0.37759 0.66013
vt 0.36690 0.68507
vt 0.36988 0.67121
vt 0.55182 0.89419
vt 0.54047 0.90022
vt 0.54981 0.88912
vt 0.50997 0.02128
vt 0.49194 0.02702
vt 0.50350 0.02158
vt 0.59987 0.99205
vt 0.60025 0.99739
vt 0.59464 0.99684
vt 0.75851 0.53435
vt 0.76618 0.53403
vt 0.75626 0.53738
vt 0.15751 0.67635
vt 0.15698 0.67243
vt 0.17034 0.67249
vt 0.41036 0.81831
vt 0.38170 0.81831
vt 0.41367 0.81065
vt 0.92006 0.55756
vt 0.92593 0.56863
vt 0.92198 0.57054
vt 0.26089 0.34398
vt 0.26377 0.35264
vt 0.24626 0.34844
vt 0.19418 0.51310
vt 0.20412 0.50948
vt 0.19456 0.53728
vt 0.06338 0.77029
vt 0.06979 0.77564
vt 0.06591 0.77571
vt 0.49194 0.02702
vt 0.50247 0.02024
vt 0.50350 0.02158
vt 0.76618 0.53403
vt 0.76588 0.53712
vt 0.75626 0.53738
vt 0.57486 0.92029
vt 0.57379 0.92554
vt 0.57263 0.92186
vt 0.01255 0.91018
vt 0.01179 0.91337
vt 0.01158 0.90839
vt 0.57017 0.14094
vt 0.61124 0.14094
vt 0.57060 0.14744
vt 0.96095 0.00621
vt 0.96107 0.00759
vt 0.95272 0.00558
vt 0.94679 0.67336
vt 0.93173 0.68142
vt 0.92984 0.65827
vt 0.15871 0.14130
vt 0.15881 0.16574
vt 0.15491 0.14197
vt 0.24626 0.34844
vt 0.26377 0.35264
vt 0.24366 0.35846
vt 0.22533 0.43148
vt 0.23274 0.43169
vt 0.23274 0.44660
vt 0.50543 0.97954
vt 0.51027 0.98111
vt 0.50532 0.98979
vt 0.93326 0.81281
vt 0.92964 0.79580
vt 0.93701 0.79199
vt 0.21177 0.21044
vt 0.21809 0.20508
vt 0.21770 0.21096
vt 0.25049 0.33159
vt 0.24901 0.33365
vt 0.24827 0.33259
vt 0.95272 0.00558
vt 0.96107 0.00759
vt 0.95195 0.00800
vt 0.18583 0.67267
vt 0.18359 0.67973
vt 0.18314 0.67392
vt 0.18042 0.66667
vt 0.18583 0.67267
vt 0.17953 0.66982
vt 0.28067 0.29569
vt 0.28910 0.30226
vt 0.28067 0.30158
vt 0.36988 0.67121
vt 0.37128 0.64596
vt 0.37759 0.66013
vt 0.21177 0.21044
vt 0.21339 0.18170
vt 0.21809 0.20508
vt 0.26669 0.76767
vt 0.27466 0.75151
vt 0.28132 0.76767
vt 0.77852 0.79339
vt 0.77890 0.77849
vt 0.78204 0.77849
vt 0.92984 0.65827
vt 0.91577 0.65389
vt 0.91569 0.65158
vt 0.92198 0.57054
vt 0.91708 0.56130
vt 0.92006 0.55756
vt 0.18583 0.67267
vt 0.18607 0.67994
vt 0.18359 0.67973
vt 0.93158 0.97876
vt 0.92043 0.97870
vt 0.92548 0.97750
vt 0.17953 0.66982
vt 0.18583 0.67267
vt 0.18314 0.67392
vt 0.67185 0.96990
vt 0.68336 0.96787
vt 0.68562 0.97029
vt 0.53895 0.89466
vt 0.54981 0.88912
vt 0.54047 0.90022
vt 0.79483 0.83538
vt 0.79462 0.84651
vt 0.76607 0.83110
vt 0.21122 0.30485
vt 0.21563 0.30239
vt 0.21533 0.30594
vt 0.23274 0.44660
vt 0.22659 0.46394
vt 0.22533 0.43148
vt 0.18069 0.37483
vt 0.18318 0.38918
vt 0.17850 0.39587
vt 0.92283 0.64299
vt 0.92984 0.65827
vt 0.91569 0.65158
vt 0.85375 0.99942
vt 0.85284 0.99602
vt 0.85405 0.99555
vt 0.52847 0.61843
vt 0.52933 0.60585
vt 0.53491 0.60886
vt 0.93933 0.73906
vt 0.93031 0.73770
vt 0.92985 0.73513
vt 0.69428 0.24234
vt 0.70950 0.24420
vt 0.70138 0.24713
vt 0.20412 0.50948
vt 0.19418 0.51310
vt 0.19497 0.50962
vt 0.15508 0.10158
vt 0.15570 0.12542
vt 0.15478 0.12567
vt 0.18318 0.38918
vt 0.18069 0.37483
vt 0.18237 0.37470
vt 0.67909 0.98825
vt 0.68862 0.98259
vt 0.68737 0.98752
vt 0.27466 0.75151
vt 0.27871 0.73247
vt 0.28132 0.76767
vt 0.48648 0.77883
vt 0.45113 0.78308
vt 0.45119 0.77883
vt 0.22659 0.46394
vt 0.23274 0.44660
vt 0.23319 0.46382
vt 0.18607 0.67994
vt 0.18120 0.68356
vt 0.18359 0.67973
vt 0.37714 0.24359
vt 0.37735 0.23246
vt 0.38233 0.23208
vt 0.37735 0.23246
vt 0.37655 0.22928
vt 0.38233 0.23208
vt 0.15478 0.12567
vt 0.15170 0.11649
vt 0.15508 0.10158
vt 0.20501 0.53700
vt 0.19456 0.53728
vt 0.20412 0.50948
vt 0.21563 0.30239
vt 0.21122 0.30485
vt 0.21165 0.30084
vt 0.18607 0.67994
vt 0.18552 0.68195
vt 0.18120 0.68356
vt 0.06031 0.86650
vt 0.05056 0.87480
vt 0.05074 0.86481
vt 0.18800 0.68503
vt 0.18120 0.68356
vt 0.18552 0.68195
vt 0.61230 0.14793
vt 0.57060 0.14744
vt 0.61124 0.14094
vt 0.78204 0.77849
vt 0.78206 0.80468
vt 0.77852 0.79339
vt 0.76008 0.80461
vt 0.76168 0.81933
vt 0.73214 0.81933
vt 0.99690 0.50030
vt 0.99218 0.51794
vt 0.99164 0.49882
vt 0.48648 0.77883
vt 0.48039 0.78376
vt 0.45113 0.78308
vt 0.27466 0.75151
vt 0.26700 0.75847
vt 0.27566 0.73225
vt 0.67890 0.98261
vt 0.68862 0.98259
vt 0.67909 0.98825
vt 0.15170 0.11649
vt 0.15478 0.12567
vt 0.14851 0.12457
vt 0.26700 0.75847
vt 0.27466 0.75151
vt 0.26669 0.76767
vt 0.33197 0.51775
vt 0.35041 0.51457
vt 0.35210 0.52664
vt 0.76008 0.80461
vt 0.76396 0.80574
vt 0.76168 0.81933
vt 0.21713 0.24371
vt 0.21248 0.27004
vt 0.21173 0.24150
vt 0.21787 0.63692
vt 0.21888 0.60740
vt 0.22406 0.62808
vt 0.15491 0.14197
vt 0.15881 0.16574
vt 0.15533 0.16639
vt 0.05758 0.87955
vt 0.05310 0.89335
vt 0.04599 0.87940
vt 0.05074 0.86481
vt 0.05034 0.85974
vt 0.06031 0.86650
vt 0.22406 0.62808
vt 0.21888 0.60740
vt 0.22361 0.60895
vt 0.14850 0.12457
vt 0.14909 0.11665
vt 0.15170 0.11649
vt 0.27466 0.75151
vt 0.27566 0.73225
vt 0.27871 0.73247
vt 0.70804 0.78464
vt 0.70849 0.78091
vt 0.73423 0.78545
vt 0.38170 0.81831
vt 0.38288 0.81093
vt 0.41367 0.81065
vt 0.94301 0.99328
vt 0.94642 0.99117
vt 0.94954 0.99230
vt 0.52096 0.06622
vt 0.51313 0.06185
vt 0.52112 0.06226
vt 0.21350 0.30047
vt 0.21188 0.28970
vt 0.21391 0.28933
vt 0.99218 0.51794
vt 0.99690 0.50030
vt 0.99786 0.52883
vt 0.21713 0.24371
vt 0.21656 0.27082
vt 0.21248 0.27004
vt 0.86874 0.72431
vt 0.88872 0.71741
vt 0.88664 0.72686
vt 0.18984 0.39276
vt 0.18268 0.40207
vt 0.17850 0.39587
vt 0.36241 0.00764
vt 0.37047 0.00765
vt 0.36946 0.01849
vt 0.73214 0.81933
vt 0.73263 0.80842
vt 0.76008 0.80461
vt 0.57188 0.91756
vt 0.58307 0.91509
vt 0.57486 0.92029
vt 0.16948 0.20099
vt 0.16948 0.17656
vt 0.17793 0.20252
vt 0.77882 0.81061
vt 0.77852 0.79339
vt 0.78206 0.80468
vt 0.94301 0.99328
vt 0.94136 0.99113
vt 0.94642 0.99117
vt 0.18800 0.68503
vt 0.18221 0.68865
vt 0.18120 0.68356
vt 0.38160 0.23856
vt 0.37714 0.24359
vt 0.38233 0.23208
vt 0.42580 0.78154
vt 0.41429 0.78152
vt 0.41399 0.77801
vt 0.53880 0.76429
vt 0.53818 0.77138
vt 0.52961 0.76377
vt 0.57486 0.92029
vt 0.57263 0.92186
vt 0.57188 0.91756
vt 0.27566 0.73225
vt 0.26700 0.75847
vt 0.26742 0.73158
vt 0.70849 0.78091
vt 0.73774 0.78171
vt 0.73423 0.78545
vt 0.74087 0.54156
vt 0.75077 0.53792
vt 0.74006 0.55008
vt 0.91708 0.56130
vt 0.91322 0.56021
vt 0.92006 0.55756
vt 0.57188 0.91756
vt 0.57263 0.92186
vt 0.56416 0.92329
vt 0.17793 0.20252
vt 0.16948 0.17656
vt 0.17770 0.17969
vt 0.77882 0.81061
vt 0.78206 0.80468
vt 0.78152 0.81075
vt 0.00445 0.79304
vt 0.01042 0.79651
vt 0.00413 0.79666
vt 0.06178 0.86035
vt 0.06031 0.86650
vt 0.05034 0.85974
vt 0.31312 0.29742
vt 0.31302 0.30315
vt 0.28067 0.29569
vt 0.31767 0.50055
vt 0.30891 0.49930
vt 0.32629 0.46709
vt 0.76588 0.53712
vt 0.75374 0.53865
vt 0.75626 0.53738
vt 0.52961 0.76377
vt 0.51784 0.76989
vt 0.50273 0.76423
vt 0.18411 0.45841
vt 0.17969 0.45746
vt 0.18431 0.43130
vt 0.38705 0.87143
vt 0.41419 0.86822
vt 0.41457 0.87221
vt 0.18984 0.39276
vt 0.17850 0.39587
vt 0.18318 0.38918
vt 0.13333 0.18927
vt 0.12732 0.19585
vt 0.12786 0.19023
vt 0.27553 0.10931
vt 0.30632 0.10967
vt 0.29715 0.11718
vt 0.52112 0.06226
vt 0.50948 0.05898
vt 0.51528 0.05444
vt 0.70416 0.94239
vt 0.69956 0.95655
vt 0.69554 0.95014
vt 0.12754 0.96525
vt 0.12426 0.96322
vt 0.12322 0.96036
vt 0.53895 0.89466
vt 0.54047 0.90022
vt 0.52812 0.89999
vt 0.28910 0.30226
vt 0.28940 0.31528
vt 0.28067 0.30158
vt 0.50948 0.05898
vt 0.52112 0.06226
vt 0.51313 0.06185
vt 0.87115 0.71971
vt 0.88872 0.71741
vt 0.86874 0.72431
vt 0.21787 0.63692
vt 0.22406 0.62808
vt 0.22261 0.63846
vt 0.73774 0.78171
vt 0.74495 0.78095
vt 0.74028 0.78621
vt 0.41399 0.77801
vt 0.43660 0.77811
vt 0.42581 0.78152
vt 0.70950 0.24420
vt 0.71700 0.25372
vt 0.70138 0.24713
vt 0.13333 0.18927
vt 0.13974 0.19356
vt 0.12732 0.19585
vt 0.12322 0.96036
vt 0.12384 0.95211
vt 0.12766 0.95655
vt 0.73774 0.78171
vt 0.74028 0.78621
vt 0.73423 0.78545
vt 0.48753 0.78254
vt 0.48039 0.78376
vt 0.48648 0.77883
vt 0.14593 0.23121
vt 0.14593 0.20837
vt 0.15217 0.23078
vt 0.99786 0.52883
vt 0.99007 0.52821
vt 0.99218 0.51794
vt 0.13974 0.19356
vt 0.14920 0.19486
vt 0.12732 0.19585
vt 0.19002 0.40167
vt 0.18268 0.40207
vt 0.18984 0.39276
vt 0.92006 0.55756
vt 0.91322 0.56021
vt 0.91657 0.55699
vt 0.31302 0.30315
vt 0.28910 0.30226
vt 0.28067 0.29569
vt 0.16948 0.17656
vt 0.17314 0.17734
vt 0.17770 0.17969
vt 0.10235 0.50122
vt 0.09724 0.50212
vt 0.09800 0.48209
vt 0.40269 0.02350
vt 0.39275 0.02309
vt 0.39663 0.02042
vt 0.92984 0.65827
vt 0.95485 0.66085
vt 0.94679 0.67336
vt 0.27553 0.10931
vt 0.29715 0.11718
vt 0.27452 0.13190
vt 0.45426 0.49107
vt 0.45128 0.52520
vt 0.44185 0.48887
vt 0.12754 0.96525
vt 0.12322 0.96036
vt 0.12766 0.95655
vt 0.38160 0.23856
vt 0.38236 0.24675
vt 0.37714 0.24359
vt 0.59372 0.16540
vt 0.57060 0.14744
vt 0.61230 0.14793
vt 0.41418 0.86821
vt 0.38705 0.87143
vt 0.38684 0.86685
vt 0.91302 0.55412
vt 0.91657 0.55699
vt 0.91322 0.56021
vt 0.14593 0.20837
vt 0.15184 0.22267
vt 0.15217 0.23078
vt 0.05501 0.91738
vt 0.05807 0.91554
vt 0.05563 0.92368
vt 0.76008 0.80461
vt 0.73177 0.79970
vt 0.75931 0.79656
vt 0.18154 0.43098
vt 0.18431 0.43130
vt 0.18021 0.43752
vt 0.18431 0.43130
vt 0.17969 0.45746
vt 0.18021 0.43752
vt 0.30013 0.96988
vt 0.29988 0.96337
vt 0.30551 0.96386
vt 0.32911 0.88755
vt 0.35085 0.89021
vt 0.32688 0.89928
vt 0.92283 0.64299
vt 0.93727 0.64778
vt 0.92984 0.65827
vt 0.57060 0.14744
vt 0.59372 0.16540
vt 0.57068 0.15566
vt 0.61485 0.16469
vt 0.59372 0.16540
vt 0.61230 0.14793
vt 0.18800 0.68503
vt 0.18119 0.69432
vt 0.18221 0.68865
vt 0.91633 0.55326
vt 0.91657 0.55699
vt 0.91302 0.55412
vt 0.05563 0.92368
vt 0.05807 0.91554
vt 0.06716 0.92759
vt 0.73263 0.80842
vt 0.73177 0.79970
vt 0.76008 0.80461
vt 0.75077 0.53792
vt 0.75374 0.53865
vt 0.74006 0.55008
vt 0.00445 0.79304
vt 0.01095 0.79258
vt 0.01042 0.79651
vt 0.12384 0.95211
vt 0.12748 0.95180
vt 0.12766 0.95655
vt 0.79171 0.00075
vt 0.79464 0.00478
vt 0.78756 0.00384
vt 0.91633 0.55326
vt 0.91293 0.54764
vt 0.91687 0.54816
vt 0.59375 0.90007
vt 0.58948 0.90045
vt 0.59453 0.87999
vt 0.30013 0.96988
vt 0.30551 0.96386
vt 0.30595 0.97580
vt 0.44743 0.92658
vt 0.44652 0.91676
vt 0.46398 0.91455
vt 0.18221 0.68865
vt 0.18119 0.69432
vt 0.17985 0.69335
vt 0.59372 0.16540
vt 0.61485 0.16469
vt 0.61432 0.16626
vt 0.57188 0.91756
vt 0.56223 0.91734
vt 0.56927 0.91513
vt 0.59358 0.87882
vt 0.58948 0.90045
vt 0.58954 0.87651
vt 0.35210 0.52664
vt 0.34177 0.52848
vt 0.33197 0.51775
vt 0.00815 0.41437
vt 0.00938 0.41896
vt 0.00339 0.41379
vt 0.41402 0.87760
vt 0.39860 0.88023
vt 0.40106 0.87288
vt 0.03766 0.21009
vt 0.02921 0.20263
vt 0.03427 0.19966
vt 0.02921 0.20263
vt 0.03766 0.21009
vt 0.03072 0.20649
vt 0.56223 0.91734
vt 0.57188 0.91756
vt 0.56416 0.92329
vt 0.79462 0.84651
vt 0.76575 0.84954
vt 0.76607 0.83110
vt 0.29715 0.11718
vt 0.30632 0.10967
vt 0.30751 0.11694
vt 0.59358 0.87882
vt 0.59453 0.87999
vt 0.58948 0.90045
vt 0.35939 0.95735
vt 0.35564 0.96766
vt 0.35503 0.95441
vt 0.39860 0.88023
vt 0.41402 0.87760
vt 0.40094 0.89785
vt 0.30366 0.91587
vt 0.30344 0.93591
vt 0.29818 0.93591
vt 0.91293 0.54764
vt 0.91633 0.55326
vt 0.91130 0.55293
vt 0.00938 0.41896
vt 0.00319 0.42029
vt 0.00339 0.41379
vt 0.09800 0.48209
vt 0.10165 0.48129
vt 0.10235 0.50122
vt 0.41606 0.88873
vt 0.40094 0.89785
vt 0.41402 0.87760
vt 0.41606 0.88873
vt 0.41221 0.89764
vt 0.40094 0.89785
vt 0.51528 0.05444
vt 0.50948 0.05898
vt 0.51008 0.05698
vt 0.02485 0.77385
vt 0.03369 0.78360
vt 0.02485 0.78475
vt 0.58954 0.87651
vt 0.59309 0.87582
vt 0.59358 0.87882
vt 0.53818 0.77138
vt 0.51784 0.76989
vt 0.52961 0.76377
vt 0.50177 0.76775
vt 0.50273 0.76423
vt 0.50711 0.77469
vt 0.03498 0.77332
vt 0.03369 0.78360
vt 0.02485 0.77385
vt 0.34177 0.52848
vt 0.33350 0.52916
vt 0.33197 0.51775
vt 0.35998 0.64744
vt 0.37128 0.64596
vt 0.36988 0.67121
vt 0.02162 0.64135
vt 0.02170 0.63160
vt 0.02936 0.63509
vt 0.05597 0.02172
vt 0.05971 0.02273
vt 0.05591 0.02602
vt 0.87261 0.81797
vt 0.87631 0.80589
vt 0.87625 0.81019
vt 0.02162 0.64135
vt 0.02936 0.63509
vt 0.02966 0.64246
vt 0.92984 0.65827
vt 0.93727 0.64778
vt 0.95485 0.66085
vt 0.87261 0.81797
vt 0.87252 0.79757
vt 0.87631 0.80589
vt 0.00605 0.55385
vt 0.01236 0.55326
vt 0.01302 0.55506
vt 0.50273 0.76423
vt 0.51784 0.76989
vt 0.51336 0.77174
vt 0.62499 0.00875
vt 0.62581 0.01337
vt 0.61452 0.01267
vt 0.02087 0.63325
vt 0.02060 0.64099
vt 0.01583 0.63829
vt 0.34880 0.99050
vt 0.34992 0.99542
vt 0.34733 0.99174
vt 0.62558 0.91171
vt 0.64893 0.91171
vt 0.63920 0.91339
vt 0.03427 0.19966
vt 0.02921 0.20263
vt 0.02983 0.19992
vt 0.91130 0.55293
vt 0.91633 0.55326
vt 0.91302 0.55412
vt 0.21188 0.28970
vt 0.21172 0.27440
vt 0.21391 0.28931
vt 0.32629 0.46709
vt 0.30891 0.49930
vt 0.29926 0.48631
vt 0.52933 0.60585
vt 0.53114 0.59081
vt 0.53491 0.60886
vt 0.61533 0.00889
vt 0.62499 0.00875
vt 0.61452 0.01267
vt 0.00990 0.31439
vt 0.00990 0.32107
vt 0.00545 0.31455
vt 0.71700 0.25372
vt 0.70950 0.24420
vt 0.72080 0.25058
vt 0.15599 0.08360
vt 0.15641 0.07058
vt 0.16042 0.07208
vt 0.53508 0.59933
vt 0.53491 0.60886
vt 0.53114 0.59081
vt 0.99794 0.97915
vt 0.99352 0.96946
vt 0.99794 0.96945
vt 0.51784 0.76989
vt 0.51735 0.77158
vt 0.51336 0.77174
vt 0.39663 0.02042
vt 0.40305 0.01755
vt 0.40269 0.02350
vt 0.50948 0.05898
vt 0.51313 0.06185
vt 0.51100 0.06343
vt 0.91213 0.86978
vt 0.92004 0.86751
vt 0.89815 0.88080
vt 0.91213 0.86978
vt 0.91905 0.86566
vt 0.92004 0.86751
vt 0.21822 0.54923
vt 0.21767 0.57661
vt 0.21412 0.57500
vt 0.21050 0.75262
vt 0.20887 0.75242
vt 0.20887 0.74411
vt 0.01302 0.55506
vt 0.00559 0.56087
vt 0.00605 0.55385
vt 0.47293 0.87243
vt 0.47232 0.86893
vt 0.50003 0.86944
vt 0.05503 0.03710
vt 0.05971 0.02273
vt 0.06012 0.03651
vt 0.21821 0.54923
vt 0.21412 0.57500
vt 0.21121 0.57367
vt 0.21050 0.75262
vt 0.20887 0.74411
vt 0.21207 0.74546
vt 0.41351 0.50897
vt 0.45128 0.52520
vt 0.43976 0.52519
vt 0.38987 0.88232
vt 0.39860 0.88023
vt 0.40094 0.89785
vt 0.05971 0.02273
vt 0.05503 0.03710
vt 0.05591 0.02602
vt 0.38236 0.24675
vt 0.37208 0.25688
vt 0.37714 0.24359
vt 0.75374 0.53865
vt 0.76588 0.53712
vt 0.76649 0.57940
vt 0.02087 0.63325
vt 0.01583 0.63829
vt 0.01605 0.63151
vt 0.53895 0.89466
vt 0.52812 0.89999
vt 0.52834 0.89521
vt 0.20969 0.28183
vt 0.21139 0.29934
vt 0.20591 0.30256
vt 0.02890 0.76759
vt 0.03227 0.76304
vt 0.04098 0.76766
vt 0.99474 0.92200
vt 0.98615 0.92200
vt 0.99006 0.91963
vt 0.87252 0.79757
vt 0.88353 0.79946
vt 0.87631 0.80589
vt 0.25552 0.72622
vt 0.25596 0.72182
vt 0.26660 0.72829
vt 0.21821 0.54923
vt 0.21121 0.57367
vt 0.21223 0.54808
vt 0.07138 0.10073
vt 0.07138 0.11747
vt 0.06386 0.11406
vt 0.53311 0.89453
vt 0.53895 0.89466
vt 0.52834 0.89521
vt 0.79462 0.84651
vt 0.77135 0.85159
vt 0.76575 0.84954
vt 0.02167 0.06547
vt 0.02217 0.05743
vt 0.02660 0.05905
vt 0.00468 0.32111
vt 0.00545 0.31455
vt 0.00990 0.32107
vt 0.02167 0.06547
vt 0.02660 0.05905
vt 0.02644 0.06826
vt 0.50726 0.05801
vt 0.51008 0.05698
vt 0.50948 0.05898
vt 0.17256 0.46453
vt 0.18035 0.46386
vt 0.17580 0.46640
vt 0.15184 0.22267
vt 0.14593 0.20837
vt 0.17031 0.22035
vt 0.05503 0.03710
vt 0.05451 0.03038
vt 0.05591 0.02602
vt 0.00014 0.03053
vt 0.00014 0.02528
vt 0.00187 0.03022
vt 0.50142 0.77278
vt 0.50177 0.76775
vt 0.50711 0.77469
vt 0.14593 0.20837
vt 0.14973 0.20720
vt 0.17031 0.22035
vt 0.20463 0.28397
vt 0.20591 0.30256
vt 0.20496 0.30241
vt 0.50665 0.05564
vt 0.51008 0.05698
vt 0.50726 0.05801
vt 0.38998 0.89692
vt 0.38987 0.88232
vt 0.40094 0.89785
vt 0.87252 0.79757
vt 0.89167 0.79691
vt 0.88353 0.79946
vt 0.49153 0.87265
vt 0.47293 0.87243
vt 0.50003 0.86944
vt 0.34289 0.99526
vt 0.34733 0.99174
vt 0.34992 0.99542
vt 0.47539 0.13785
vt 0.47289 0.14027
vt 0.47618 0.13462
vt 0.87467 0.70953
vt 0.88872 0.71741
vt 0.87115 0.71971
vt 0.00559 0.56087
vt 0.01302 0.55506
vt 0.01295 0.56073
vt 0.04262 0.72525
vt 0.04584 0.71933
vt 0.04774 0.72416
vt 0.29818 0.93591
vt 0.29714 0.91577
vt 0.30366 0.91587
vt 0.21050 0.75262
vt 0.21540 0.74553
vt 0.21317 0.77262
vt 0.21391 0.28931
vt 0.21172 0.27440
vt 0.21344 0.27855
vt 0.90874 0.92480
vt 0.92887 0.92480
vt 0.90927 0.93493
vt 0.50273 0.76423
vt 0.51336 0.77174
vt 0.50711 0.77469
vt 0.04774 0.72416
vt 0.04584 0.71933
vt 0.05010 0.72094
vt 0.58701 0.04019
vt 0.57230 0.03750
vt 0.57268 0.03307
vt 0.05981 0.54579
vt 0.04684 0.54555
vt 0.05186 0.54119
vt 0.01561 0.93835
vt 0.01757 0.94068
vt 0.01575 0.94802
vt 0.16172 0.62896
vt 0.16284 0.63787
vt 0.15491 0.63999
vt 0.20463 0.28397
vt 0.20969 0.28183
vt 0.20591 0.30256
vt 0.57068 0.15566
vt 0.59372 0.16540
vt 0.57121 0.16464
vt 0.04229 0.71166
vt 0.05010 0.72094
vt 0.04584 0.71933
vt 0.58701 0.04019
vt 0.57116 0.03992
vt 0.57230 0.03750
vt 0.05675 0.54123
vt 0.05981 0.54579
vt 0.05186 0.54119
vt 0.41017 0.02073
vt 0.40269 0.02350
vt 0.40305 0.01755
vt 0.21050 0.75262
vt 0.21207 0.74546
vt 0.21540 0.74553
vt 0.35267 0.53246
vt 0.35310 0.53725
vt 0.34219 0.53549
vt 0.37208 0.25688
vt 0.38236 0.24675
vt 0.38245 0.25574
vt 0.35998 0.64744
vt 0.36988 0.67121
vt 0.35816 0.68801
vt 0.50893 0.93827
vt 0.50893 0.92367
vt 0.51244 0.94059
vt 0.15732 0.55977
vt 0.14951 0.56007
vt 0.15024 0.53898
vt 0.99352 0.96946
vt 0.99794 0.97915
vt 0.99354 0.98078
vt 0.16284 0.63787
vt 0.15941 0.64031
vt 0.15491 0.63999
vt 0.04229 0.71166
vt 0.04584 0.71933
vt 0.03995 0.71596
vt 0.40305 0.01755
vt 0.40952 0.01722
vt 0.41017 0.02073
vt 0.28997 0.78032
vt 0.27954 0.79430
vt 0.27766 0.78637
vt 0.48287 0.06765
vt 0.49513 0.07373
vt 0.48219 0.07383
vt 0.57268 0.03307
vt 0.59123 0.03171
vt 0.58701 0.04019
vt 0.42781 0.95830
vt 0.42322 0.95962
vt 0.41935 0.94687
vt 0.15491 0.63999
vt 0.15941 0.64031
vt 0.15826 0.64125
vt 0.70527 0.54485
vt 0.71010 0.58061
vt 0.69720 0.54578
vt 0.53248 0.98531
vt 0.53156 0.99286
vt 0.52893 0.98501
vt 0.17108 0.45818
vt 0.17783 0.45538
vt 0.18035 0.46386
vt 0.47618 0.13462
vt 0.47289 0.14027
vt 0.47331 0.13326
vt 0.34219 0.53549
vt 0.34177 0.52848
vt 0.35210 0.52664
vt 0.25597 0.72183
vt 0.27760 0.72811
vt 0.26660 0.72829
vt 0.88353 0.79946
vt 0.89167 0.79691
vt 0.89485 0.79953
vt 0.05010 0.72094
vt 0.04229 0.71166
vt 0.05457 0.71567
vt 0.89485 0.79953
vt 0.89167 0.79691
vt 0.89855 0.79700
vt 0.15941 0.64031
vt 0.16229 0.65309
vt 0.15826 0.64125
vt 0.53248 0.98531
vt 0.53291 0.99233
vt 0.53156 0.99286
vt 0.25596 0.72184
vt 0.27154 0.72310
vt 0.27760 0.72811
vt 0.14951 0.56007
vt 0.14739 0.54819
vt 0.15024 0.53898
vt 0.13267 0.36052
vt 0.13324 0.35318
vt 0.13962 0.34558
vt 0.12672 0.34629
vt 0.13962 0.34558
vt 0.13324 0.35318
vt 0.13324 0.35318
vt 0.12627 0.35228
vt 0.12672 0.34629
vt 0.71017 0.03200
vt 0.71015 0.02225
vt 0.72876 0.02279
vt 0.05363 0.15647
vt 0.04994 0.15679
vt 0.05331 0.14276
vt 0.53483 0.59118
vt 0.53508 0.59933
vt 0.53114 0.59081
vt 0.42704 0.48566
vt 0.44185 0.48887
vt 0.45128 0.52520
vt 0.41542 0.91129
vt 0.41346 0.91543
vt 0.40139 0.91543
vt 0.48296 0.06106
vt 0.49513 0.07373
vt 0.48287 0.06765
vt 0.49821 0.05332
vt 0.48448 0.03920
vt 0.49464 0.03788
vt 0.34219 0.53549
vt 0.35210 0.52664
vt 0.35267 0.53246
vt 0.77135 0.85159
vt 0.79462 0.84651
vt 0.77040 0.85831
vt 0.13938 0.43992
vt 0.14183 0.43361
vt 0.16133 0.44070
vt 0.14183 0.43361
vt 0.16278 0.43422
vt 0.16133 0.44070
vt 0.13267 0.36052
vt 0.13962 0.34558
vt 0.14019 0.35289
vt 0.05019 0.14235
vt 0.05331 0.14276
vt 0.04994 0.15679
vt 0.50893 0.92367
vt 0.51268 0.92367
vt 0.51244 0.94059
vt 0.71010 0.58061
vt 0.71136 0.54769
vt 0.71836 0.54818
vt 0.27760 0.72811
vt 0.27569 0.72292
vt 0.28013 0.72535
vt 0.20463 0.28397
vt 0.20084 0.27937
vt 0.20329 0.27831
vt 0.14739 0.54819
vt 0.14434 0.53900
vt 0.15024 0.53898
vt 0.99272 0.14395
vt 0.99726 0.16531
vt 0.97975 0.16684
vt 0.13910 0.36133
vt 0.13267 0.36052
vt 0.14019 0.35289
vt 0.76649 0.57939
vt 0.74006 0.55008
vt 0.75374 0.53865
vt 0.40203 0.91114
vt 0.41542 0.91129
vt 0.40139 0.91543
vt 0.05186 0.54119
vt 0.04684 0.54555
vt 0.04527 0.54441
vt 0.89485 0.79953
vt 0.89855 0.79700
vt 0.90476 0.81702
vt 0.27569 0.72292
vt 0.27760 0.72811
vt 0.27154 0.72310
vt 0.21172 0.27440
vt 0.21412 0.27118
vt 0.21345 0.27855
vt 0.48296 0.06106
vt 0.49155 0.05894
vt 0.49513 0.07373
vt 0.99604 0.13733
vt 0.99272 0.14395
vt 0.97807 0.14254
vt 0.80010 0.05369
vt 0.79794 0.05338
vt 0.79835 0.05048
vt 0.79272 0.85970
vt 0.77040 0.85831
vt 0.79462 0.84651
vt 0.89485 0.79954
vt 0.90476 0.81702
vt 0.90144 0.81371
vt 0.28929 0.02381
vt 0.27093 0.03117
vt 0.27058 0.02375
vt 0.75695 0.92377
vt 0.75123 0.91976
vt 0.75979 0.91870
vt 0.11720 0.64880
vt 0.12111 0.62801
vt 0.12002 0.64905
vt 0.71010 0.58061
vt 0.70527 0.54485
vt 0.71136 0.54769
vt 0.50608 0.05243
vt 0.50665 0.05564
vt 0.49949 0.05386
vt 0.00667 0.42099
vt 0.01249 0.41944
vt 0.01344 0.42119
vt 0.97975 0.16684
vt 0.97510 0.16679
vt 0.99272 0.14395
vt 0.14124 0.88219
vt 0.12829 0.87786
vt 0.14166 0.87738
vt 0.21764 0.77223
vt 0.21317 0.77262
vt 0.21540 0.74553
vt 0.13910 0.36133
vt 0.14019 0.35289
vt 0.13962 0.36835
vt 0.76462 0.82407
vt 0.76326 0.83027
vt 0.75820 0.83280
vt 0.75820 0.83280
vt 0.76298 0.82212
vt 0.76462 0.82407
vt 0.15338 0.47039
vt 0.13347 0.46768
vt 0.13343 0.44862
vt 0.93727 0.64778
vt 0.94528 0.63803
vt 0.95485 0.66085
vt 0.94528 0.63803
vt 0.93727 0.64778
vt 0.92283 0.64299
vt 0.00987 0.24725
vt 0.00865 0.24487
vt 0.01498 0.24734
vt 0.75695 0.92377
vt 0.75979 0.91870
vt 0.76058 0.91992
vt 0.90308 0.81753
vt 0.90144 0.81371
vt 0.90476 0.81702
vt 0.07325 0.31683
vt 0.06914 0.33325
vt 0.05939 0.33337
vt 0.79835 0.05048
vt 0.80593 0.05107
vt 0.80010 0.05369
vt 0.41346 0.91543
vt 0.42415 0.91062
vt 0.42314 0.91512
vt 0.20463 0.28397
vt 0.21052 0.27846
vt 0.20969 0.28183
vt 0.57121 0.16464
vt 0.59372 0.16540
vt 0.57261 0.17316
vt 0.17108 0.45818
vt 0.18035 0.46386
vt 0.17256 0.46453
vt 0.01722 0.74612
vt 0.02462 0.74612
vt 0.01661 0.74985
vt 0.50665 0.05564
vt 0.50726 0.05801
vt 0.50062 0.05612
vt 0.50665 0.05564
vt 0.50062 0.05612
vt 0.49949 0.05386
vt 0.94528 0.63803
vt 0.92283 0.64299
vt 0.92900 0.63181
vt 0.87467 0.70953
vt 0.87573 0.70221
vt 0.88872 0.71741
vt 0.07325 0.31683
vt 0.05939 0.33336
vt 0.06021 0.31810
vt 0.96424 0.13271
vt 0.95530 0.13256
vt 0.96369 0.12918
vt 0.28940 0.31528
vt 0.28181 0.33387
vt 0.28067 0.30158
vt 0.29698 0.98975
vt 0.28673 0.98975
vt 0.29042 0.98863
vt 0.71700 0.25372
vt 0.72080 0.25058
vt 0.71823 0.25483
vt 0.80010 0.05369
vt 0.80672 0.05366
vt 0.80690 0.06030
vt 0.80690 0.06030
vt 0.80077 0.05917
vt 0.80010 0.05369
vt 0.20612 0.27461
vt 0.20463 0.28397
vt 0.20329 0.27831
vt 0.00351 0.33430
vt 0.00152 0.33430
vt 0.00245 0.33337
vt 0.69386 0.54901
vt 0.69720 0.54578
vt 0.71010 0.58061
vt 0.67026 0.54192
vt 0.68621 0.54695
vt 0.66411 0.54700
vt 0.47618 0.13462
vt 0.47331 0.13326
vt 0.47210 0.12292
vt 0.28013 0.72535
vt 0.27569 0.72292
vt 0.28346 0.72169
vt 0.41542 0.91129
vt 0.42415 0.91062
vt 0.41346 0.91543
vt 0.12829 0.87786
vt 0.14124 0.88219
vt 0.12018 0.88280
vt 0.80593 0.05107
vt 0.80672 0.05366
vt 0.80010 0.05369
vt 0.11748 0.62697
vt 0.12111 0.62801
vt 0.11720 0.64880
vt 0.06446 0.77628
vt 0.07129 0.77732
vt 0.07129 0.79285
vt 0.96369 0.12918
vt 0.95626 0.13080
vt 0.96244 0.12770
vt 0.99781 0.64866
vt 0.99791 0.65006
vt 0.99606 0.64859
vt 0.20463 0.28397
vt 0.20612 0.27461
vt 0.21052 0.27846
vt 0.41351 0.50897
vt 0.42704 0.48566
vt 0.45128 0.52520
vt 0.90496 0.39754
vt 0.90480 0.40233
vt 0.89747 0.39933
vt 0.15461 0.16875
vt 0.15569 0.19294
vt 0.14317 0.18451
vt 0.13690 0.17888
vt 0.15461 0.16875
vt 0.14317 0.18451
vt 0.15599 0.08360
vt 0.16042 0.07208
vt 0.15968 0.09533
vt 0.47618 0.13462
vt 0.47210 0.12292
vt 0.47342 0.12284
vt 0.93774 0.01101
vt 0.93892 0.00960
vt 0.95316 0.01038
vt 0.21260 0.21209
vt 0.22789 0.21190
vt 0.21126 0.24056
vt 0.04960 0.38862
vt 0.03925 0.38854
vt 0.04761 0.38315
vt 0.05275 0.38910
vt 0.04960 0.38862
vt 0.04761 0.38315
vt 0.06446 0.77628
vt 0.07129 0.79285
vt 0.06614 0.79166
vt 0.00486 0.23141
vt 0.00264 0.23222
vt 0.00167 0.23133
vt 0.66581 0.54090
vt 0.67026 0.54192
vt 0.66411 0.54700
vt 0.99272 0.14395
vt 0.97510 0.16680
vt 0.97948 0.14486
vt 0.97030 0.19246
vt 0.97030 0.17116
vt 0.98120 0.19222
vt 0.34219 0.53549
vt 0.35310 0.53725
vt 0.34273 0.54589
vt 0.97807 0.14253
vt 0.99272 0.14395
vt 0.97948 0.14486
vt 0.68901 0.00487
vt 0.69112 0.00117
vt 0.69412 0.00474
vt 0.04992 0.51558
vt 0.06121 0.51379
vt 0.05215 0.51824
vt 0.98048 0.17210
vt 0.98120 0.19222
vt 0.97030 0.17116
vt 0.03007 0.00077
vt 0.02888 0.00443
vt 0.02693 0.00059
vt 0.20223 0.02660
vt 0.22167 0.02735
vt 0.20262 0.02805
vt 0.95626 0.13080
vt 0.96369 0.12918
vt 0.95530 0.13256
vt 0.13690 0.17889
vt 0.14756 0.16453
vt 0.15461 0.16875
vt 0.34935 0.68928
vt 0.34923 0.64760
vt 0.35998 0.64744
vt 0.02462 0.74612
vt 0.02440 0.75354
vt 0.01661 0.74985
vt 0.21052 0.27846
vt 0.20612 0.27461
vt 0.21113 0.27479
vt 0.34778 0.31408
vt 0.34687 0.34162
vt 0.34023 0.34179
vt 0.62389 0.05041
vt 0.61945 0.07478
vt 0.61956 0.05242
vt 0.71017 0.03200
vt 0.72876 0.02279
vt 0.72804 0.03205
vt 0.37782 0.91221
vt 0.40019 0.91235
vt 0.38000 0.91370
vt 0.20223 0.02660
vt 0.21482 0.02624
vt 0.22167 0.02735
vt 0.12829 0.87786
vt 0.12018 0.88280
vt 0.11978 0.87994
vt 0.38000 0.91370
vt 0.40019 0.91236
vt 0.40046 0.91534
vt 0.28013 0.72535
vt 0.28346 0.72169
vt 0.28989 0.72519
vt 0.67209 0.90785
vt 0.65147 0.90785
vt 0.67349 0.89247
vt 0.89815 0.88080
vt 0.89275 0.87563
vt 0.89300 0.87282
vt 0.02888 0.00443
vt 0.02523 0.00285
vt 0.02693 0.00059
vt 0.94528 0.63803
vt 0.95518 0.64921
vt 0.95485 0.66085
vt 0.18246 0.76447
vt 0.17864 0.75456
vt 0.18314 0.74764
vt 0.49155 0.05894
vt 0.50005 0.05839
vt 0.49513 0.07373
vt 0.73412 0.25437
vt 0.71823 0.25483
vt 0.72080 0.25058
vt 0.61945 0.07478
vt 0.62389 0.05041
vt 0.62365 0.07451
vt 0.99080 0.19330
vt 0.99527 0.20105
vt 0.98277 0.20138
vt 0.34273 0.54589
vt 0.35310 0.53725
vt 0.35918 0.54198
vt 0.97191 0.61876
vt 0.97191 0.59434
vt 0.97329 0.62939
vt 0.45226 0.00152
vt 0.45437 0.00403
vt 0.45211 0.00653
vt 0.89747 0.39933
vt 0.90480 0.40233
vt 0.89472 0.40311
vt 0.46643 0.81185
vt 0.45917 0.81062
vt 0.46319 0.79562
vt 0.68899 0.00066
vt 0.69112 0.00117
vt 0.68901 0.00487
vt 0.07723 0.98992
vt 0.06800 0.98992
vt 0.07780 0.98819
vt 0.87573 0.70221
vt 0.88793 0.69532
vt 0.89087 0.70472
vt 0.66411 0.54700
vt 0.66386 0.54180
vt 0.66581 0.54090
vt 0.37782 0.91221
vt 0.38000 0.91370
vt 0.37876 0.91503
vt 0.95782 0.89911
vt 0.96407 0.88979
vt 0.96544 0.90274
vt 0.87573 0.70221
vt 0.89087 0.70472
vt 0.88872 0.71741
vt 0.41778 0.48419
vt 0.42568 0.47128
vt 0.42704 0.48566
vt 0.43749 0.23515
vt 0.42848 0.20718
vt 0.43610 0.20849
vt 0.04688 0.51344
vt 0.06121 0.51379
vt 0.04992 0.51558
vt 0.18018 0.33152
vt 0.18236 0.32896
vt 0.18674 0.33418
vt 0.90927 0.93493
vt 0.92887 0.92480
vt 0.92867 0.93477
vt 0.75820 0.83280
vt 0.76131 0.83333
vt 0.76459 0.84144
vt 0.21126 0.24056
vt 0.22789 0.21190
vt 0.22763 0.22512
vt 0.05376 0.18054
vt 0.04281 0.18849
vt 0.03975 0.18153
vt 0.75254 0.93852
vt 0.75123 0.91976
vt 0.75695 0.92377
vt 0.75820 0.83280
vt 0.76326 0.83027
vt 0.76131 0.83333
vt 0.01661 0.74985
vt 0.02440 0.75354
vt 0.01795 0.75440
vt 0.07780 0.98819
vt 0.06800 0.98992
vt 0.06829 0.98337
vt 0.66949 0.84741
vt 0.68789 0.85472
vt 0.67496 0.85514
vt 0.66949 0.84741
vt 0.67710 0.84421
vt 0.68789 0.85472
vt 0.29804 0.13656
vt 0.27452 0.13190
vt 0.29715 0.11718
vt 0.90679 0.55869
vt 0.90843 0.56559
vt 0.88096 0.56789
vt 0.37518 0.26693
vt 0.37208 0.25688
vt 0.38245 0.25574
vt 0.03535 0.22581
vt 0.03806 0.22581
vt 0.03636 0.23924
vt 0.17783 0.45538
vt 0.17108 0.45818
vt 0.17319 0.45422
vt 0.73412 0.25437
vt 0.72080 0.25058
vt 0.73232 0.25191
vt 0.89936 0.01471
vt 0.89501 0.02811
vt 0.89591 0.01362
vt 0.43610 0.20849
vt 0.43480 0.20465
vt 0.43736 0.20670
vt 0.18314 0.74764
vt 0.18989 0.73830
vt 0.18246 0.76447
vt 0.13755 0.31280
vt 0.13104 0.31506
vt 0.12791 0.30834
vt 0.95782 0.89911
vt 0.95745 0.89019
vt 0.96407 0.88979
vt 0.37518 0.26693
vt 0.38245 0.25574
vt 0.37876 0.26355
vt 0.89526 0.39935
vt 0.89747 0.39933
vt 0.89472 0.40311
vt 0.13716 0.29228
vt 0.13755 0.31280
vt 0.12791 0.30834
vt 0.12791 0.30834
vt 0.12837 0.29510
vt 0.13716 0.29228
vt 0.47912 0.06116
vt 0.48448 0.03920
vt 0.49821 0.05332
vt 0.57261 0.17316
vt 0.59372 0.16540
vt 0.59061 0.17932
vt 0.43976 0.52520
vt 0.41579 0.52464
vt 0.41351 0.50897
vt 0.17783 0.45538
vt 0.17464 0.44340
vt 0.17871 0.44691
vt 0.73232 0.25191
vt 0.73385 0.24493
vt 0.73412 0.25437
vt 0.01661 0.74985
vt 0.01795 0.75440
vt 0.01697 0.75617
vt 0.76131 0.83333
vt 0.76446 0.83447
vt 0.76459 0.84145
vt 0.17783 0.45538
vt 0.17319 0.45422
vt 0.17464 0.44340
vt 0.03473 0.67641
vt 0.03868 0.66601
vt 0.03865 0.67366
vt 0.36034 0.54386
vt 0.34273 0.54589
vt 0.35918 0.54198
vt 0.96562 0.97692
vt 0.95494 0.98688
vt 0.95540 0.97692
vt 0.75254 0.93852
vt 0.75695 0.92377
vt 0.75689 0.93114
vt 0.89972 0.09892
vt 0.90012 0.10217
vt 0.88600 0.09570
vt 0.94528 0.63803
vt 0.94489 0.62605
vt 0.95143 0.62737
vt 0.01772 0.24677
vt 0.00979 0.24404
vt 0.01771 0.24405
vt 0.45027 0.77802
vt 0.42582 0.78153
vt 0.43660 0.77811
vt 0.00160 0.76205
vt 0.00496 0.76073
vt 0.00496 0.76489
vt 0.43610 0.20849
vt 0.42848 0.20718
vt 0.43480 0.20465
vt 0.37208 0.25688
vt 0.37518 0.26693
vt 0.36818 0.26567
vt 0.41370 0.49775
vt 0.41380 0.48540
vt 0.42704 0.48566
vt 0.37516 0.96538
vt 0.37574 0.97680
vt 0.37173 0.97659
vt 0.95494 0.98688
vt 0.96562 0.97692
vt 0.96481 0.98551
vt 0.81474 0.06301
vt 0.80690 0.06030
vt 0.80672 0.05366
vt 0.76313 0.84335
vt 0.75820 0.83280
vt 0.76459 0.84146
vt 0.74376 0.83458
vt 0.74290 0.83954
vt 0.74166 0.84240
vt 0.89300 0.87282
vt 0.88539 0.86458
vt 0.88704 0.86268
vt 0.15968 0.09533
vt 0.15539 0.09515
vt 0.15599 0.08360
vt 0.46616 0.05566
vt 0.47708 0.06373
vt 0.48055 0.07583
vt 0.41380 0.48540
vt 0.41778 0.48419
vt 0.42704 0.48566
vt 0.59061 0.17932
vt 0.57272 0.17809
vt 0.57261 0.17316
vt 0.97337 0.91782
vt 0.96596 0.91796
vt 0.96596 0.91129
vt 0.73412 0.25437
vt 0.73385 0.24493
vt 0.73715 0.24733
vt 0.89556 0.10983
vt 0.88600 0.09570
vt 0.90012 0.10217
vt 0.50005 0.05839
vt 0.50673 0.07365
vt 0.49513 0.07373
vt 0.28908 0.03206
vt 0.27093 0.03117
vt 0.28929 0.02381
vt 0.03473 0.67641
vt 0.03478 0.66519
vt 0.03868 0.66601
vt 0.86775 0.79445
vt 0.86775 0.81652
vt 0.85859 0.79344
vt 0.73385 0.24493
vt 0.74390 0.24587
vt 0.73715 0.24733
vt 0.00160 0.76205
vt 0.00496 0.76489
vt 0.00057 0.76516
vt 0.98661 0.91832
vt 0.97337 0.91782
vt 0.97341 0.91124
vt 0.98277 0.20138
vt 0.98165 0.17291
vt 0.99080 0.19330
vt 0.00654 0.74452
vt 0.00572 0.73664
vt 0.00633 0.73628
vt 0.30770 0.14668
vt 0.27422 0.14557
vt 0.27452 0.13190
vt 0.36824 0.04009
vt 0.37005 0.03080
vt 0.38742 0.03080
vt 0.44592 0.23051
vt 0.43749 0.23515
vt 0.43610 0.20849
vt 0.77629 0.78642
vt 0.76135 0.79841
vt 0.76030 0.79565
vt 0.09996 0.99100
vt 0.09769 0.99291
vt 0.09159 0.99140
vt 0.18018 0.33152
vt 0.18674 0.33418
vt 0.18463 0.33912
vt 0.06744 0.55630
vt 0.07776 0.57090
vt 0.06744 0.57255
vt 0.67349 0.89247
vt 0.65147 0.90785
vt 0.64979 0.89205
vt 0.35206 0.21833
vt 0.34958 0.22841
vt 0.35034 0.21899
vt 0.07937 0.55515
vt 0.07776 0.57090
vt 0.06744 0.55630
vt 0.30770 0.14668
vt 0.27452 0.13190
vt 0.29804 0.13656
vt 0.68733 0.54882
vt 0.66411 0.54700
vt 0.68621 0.54695
vt 0.90012 0.10217
vt 0.92194 0.10909
vt 0.89556 0.10983
vt 0.37516 0.96538
vt 0.38342 0.97508
vt 0.37574 0.97680
vt 0.38742 0.03080
vt 0.38602 0.03777
vt 0.36824 0.04009
vt 0.81474 0.06301
vt 0.80672 0.05366
vt 0.81684 0.05836
vt 0.48527 0.03801
vt 0.48553 0.01985
vt 0.49060 0.03428
vt 0.42704 0.48566
vt 0.41351 0.50897
vt 0.41370 0.49775
vt 0.06829 0.98337
vt 0.07681 0.98302
vt 0.07780 0.98819
vt 0.76313 0.84335
vt 0.75565 0.84483
vt 0.75820 0.83280
vt 0.35206 0.21833
vt 0.35430 0.22686
vt 0.34958 0.22841
vt 0.87502 0.91910
vt 0.87562 0.91993
vt 0.87514 0.92539
vt 0.13798 0.23549
vt 0.14206 0.22427
vt 0.14257 0.24716
vt 0.48553 0.01985
vt 0.48754 0.01981
vt 0.49060 0.03428
vt 0.14257 0.24716
vt 0.13822 0.24783
vt 0.13798 0.23549
vt 0.94489 0.62605
vt 0.95038 0.61976
vt 0.95143 0.62737
vt 0.87910 0.55280
vt 0.90537 0.55193
vt 0.90679 0.55869
vt 0.95042 0.17054
vt 0.97030 0.17116
vt 0.97030 0.19246
vt 0.42582 0.78153
vt 0.45027 0.77802
vt 0.44966 0.78408
vt 0.04508 0.40713
vt 0.03572 0.39964
vt 0.04299 0.40402
vt 0.74290 0.83954
vt 0.74376 0.83458
vt 0.75820 0.83280
vt 0.43749 0.23515
vt 0.44339 0.25149
vt 0.42854 0.23022
vt 0.16077 0.59208
vt 0.16070 0.61578
vt 0.15303 0.61578
vt 0.22854 0.77273
vt 0.21540 0.74553
vt 0.22749 0.74503
vt 0.74057 0.24130
vt 0.74390 0.24587
vt 0.73385 0.24493
vt 0.97337 0.91782
vt 0.96596 0.91129
vt 0.97341 0.91124
vt 0.07030 0.73399
vt 0.06938 0.74441
vt 0.06746 0.73318
vt 0.01223 0.27410
vt 0.01302 0.27476
vt 0.00558 0.27415
vt 0.03928 0.27613
vt 0.04445 0.26901
vt 0.05474 0.27800
vt 0.56268 0.01147
vt 0.56268 0.00512
vt 0.56452 0.00546
vt 0.74290 0.83954
vt 0.75820 0.83280
vt 0.75565 0.84483
vt 0.35392 0.23019
vt 0.34958 0.22841
vt 0.35430 0.22686
vt 0.28181 0.33387
vt 0.28940 0.31528
vt 0.28978 0.32684
vt 0.89472 0.40311
vt 0.88831 0.39952
vt 0.89526 0.39935
vt 0.76135 0.79841
vt 0.77629 0.78642
vt 0.77760 0.79880
vt 0.47271 0.05840
vt 0.47708 0.06373
vt 0.46616 0.05566
vt 0.16077 0.59208
vt 0.15303 0.61578
vt 0.15195 0.59187
vt 0.01469 0.98524
vt 0.01469 0.97605
vt 0.01900 0.98309
vt 0.07780 0.98819
vt 0.07681 0.98302
vt 0.07689 0.98092
vt 0.14659 0.61933
vt 0.14255 0.61322
vt 0.14474 0.61326
vt 0.04623 0.39670
vt 0.04299 0.40402
vt 0.03572 0.39964
vt 0.47640 0.97298
vt 0.47916 0.98228
vt 0.47111 0.98061
vt 0.37196 0.35880
vt 0.38217 0.33300
vt 0.38246 0.36140
vt 0.14206 0.22427
vt 0.13798 0.23549
vt 0.13831 0.22427
vt 0.22854 0.77273
vt 0.21764 0.77223
vt 0.21540 0.74553
vt 0.15338 0.47038
vt 0.13343 0.44862
vt 0.15361 0.44713
vt 0.12151 0.67167
vt 0.11682 0.65007
vt 0.12151 0.64960
vt 0.59218 0.05475
vt 0.59908 0.05441
vt 0.59712 0.07677
vt 0.59182 0.07869
vt 0.59218 0.05475
vt 0.59712 0.07677
vt 0.30770 0.14668
vt 0.29804 0.13656
vt 0.30798 0.13722
vt 0.47640 0.97298
vt 0.48314 0.97681
vt 0.47916 0.98228
vt 0.12151 0.67167
vt 0.11680 0.67159
vt 0.11682 0.65007
vt 0.87651 0.93812
vt 0.87562 0.91993
vt 0.88114 0.92364
vt 0.04532 0.06786
vt 0.04716 0.06701
vt 0.04668 0.08180
vt 0.49059 0.99823
vt 0.48702 0.99939
vt 0.48679 0.99458
vt 0.08916 0.91811
vt 0.09636 0.92423
vt 0.08916 0.92440
vt 0.47708 0.06373
vt 0.47271 0.05840
vt 0.47612 0.05686
vt 0.95006 0.12861
vt 0.95626 0.13080
vt 0.95530 0.13256
vt 0.89815 0.88080
vt 0.89980 0.85214
vt 0.91213 0.86978
vt 0.06938 0.74441
vt 0.06882 0.75048
vt 0.06746 0.73318
vt 0.87562 0.91993
vt 0.87651 0.93812
vt 0.87514 0.92539
vt 0.47766 0.04268
vt 0.48448 0.03920
vt 0.47912 0.06116
vt 0.35392 0.23019
vt 0.35430 0.22686
vt 0.35958 0.22882
vt 0.46319 0.79562
vt 0.46976 0.79588
vt 0.46643 0.81185
vt 0.99472 0.78046
vt 0.99674 0.78046
vt 0.99648 0.78113
vt 0.22263 0.24117
vt 0.21126 0.24056
vt 0.22763 0.22512
vt 0.03392 0.39165
vt 0.03392 0.37909
vt 0.04501 0.38033
vt 0.75917 0.85410
vt 0.75565 0.84483
vt 0.76090 0.84692
vt 0.93386 0.62355
vt 0.94528 0.63803
vt 0.92900 0.63181
vt 0.10424 0.61578
vt 0.09778 0.59588
vt 0.10534 0.59592
vt 0.10689 0.39798
vt 0.09763 0.40907
vt 0.09771 0.40044
vt 0.66386 0.54180
vt 0.65710 0.54389
vt 0.65759 0.53998
vt 0.61697 0.96264
vt 0.63093 0.96139
vt 0.63139 0.96319
vt 0.82143 0.77122
vt 0.83799 0.76514
vt 0.85358 0.76514
vt 0.82143 0.77122
vt 0.85358 0.76514
vt 0.85651 0.78224
vt 0.10820 0.17835
vt 0.10356 0.17412
vt 0.10802 0.17582
vt 0.81474 0.06301
vt 0.81684 0.05836
vt 0.81946 0.06415
vt 0.00762 0.85523
vt 0.01500 0.85283
vt 0.00962 0.86210
vt 0.66386 0.54180
vt 0.66411 0.54700
vt 0.65710 0.54389
vt 0.89300 0.87282
vt 0.88704 0.86268
vt 0.89980 0.85214
vt 0.88831 0.39952
vt 0.88856 0.39572
vt 0.89526 0.39935
vt 0.10689 0.39798
vt 0.09771 0.40044
vt 0.10418 0.39652
vt 0.18463 0.33912
vt 0.18987 0.34236
vt 0.18386 0.34361
vt 0.43977 0.25448
vt 0.42854 0.23022
vt 0.44339 0.25149
vt 0.74390 0.24587
vt 0.74057 0.24130
vt 0.74787 0.23983
vt 0.06370 0.77980
vt 0.04927 0.78384
vt 0.05004 0.77980
vt 0.18463 0.33912
vt 0.18674 0.33418
vt 0.18987 0.34236
vt 0.99313 0.44945
vt 0.99342 0.44615
vt 0.99933 0.44942
vt 0.17464 0.44340
vt 0.17905 0.44008
vt 0.17871 0.44691
vt 0.01302 0.27476
vt 0.00594 0.27624
vt 0.00558 0.27413
vt 0.94528 0.63803
vt 0.93386 0.62355
vt 0.94489 0.62605
vt 0.17567 0.96466
vt 0.17743 0.96138
vt 0.17777 0.96466
vt 0.84661 0.96347
vt 0.85000 0.97620
vt 0.84281 0.97515
vt 0.17567 0.96466
vt 0.17589 0.95188
vt 0.17743 0.96138
vt 0.42043 0.21064
vt 0.43749 0.23515
vt 0.42854 0.23022
vt 0.74006 0.55008
vt 0.73273 0.58249
vt 0.71836 0.54818
vt 0.89815 0.88080
vt 0.89300 0.87282
vt 0.89980 0.85214
vt 0.10326 0.18296
vt 0.10356 0.17412
vt 0.10820 0.17835
vt 0.96593 0.90004
vt 0.96622 0.89674
vt 0.96946 0.90127
vt 0.59822 0.91342
vt 0.59773 0.91529
vt 0.59232 0.91482
vt 0.43977 0.25448
vt 0.42183 0.26443
vt 0.42854 0.23022
vt 0.18987 0.34236
vt 0.17971 0.35295
vt 0.18386 0.34361
vt 0.42043 0.21064
vt 0.42848 0.20718
vt 0.43749 0.23515
vt 0.03029 0.63419
vt 0.04262 0.63419
vt 0.03142 0.64082
vt 0.17204 0.01197
vt 0.17204 0.00462
vt 0.18090 0.01162
vt 0.07031 0.19382
vt 0.06644 0.18619
vt 0.06989 0.17671
vt 0.14474 0.61326
vt 0.14255 0.61322
vt 0.14414 0.61149
vt 0.03685 0.64077
vt 0.03142 0.64082
vt 0.04262 0.63419
vt 0.06435 0.78431
vt 0.04927 0.78384
vt 0.06370 0.77980
vt 0.98661 0.91832
vt 0.97341 0.91124
vt 0.98728 0.91180
vt 0.85210 0.96519
vt 0.85654 0.97328
vt 0.85000 0.97620
vt 0.81970 0.76268
vt 0.83799 0.76514
vt 0.82143 0.77122
vt 0.88114 0.92364
vt 0.87772 0.93766
vt 0.87651 0.93812
vt 0.81970 0.76268
vt 0.83720 0.76074
vt 0.83799 0.76514
vt 0.74478 0.79419
vt 0.77629 0.78642
vt 0.76030 0.79565
vt 0.67496 0.85514
vt 0.65867 0.85137
vt 0.66949 0.84741
vt 0.87573 0.70221
vt 0.88283 0.69388
vt 0.88793 0.69532
vt 0.18987 0.34236
vt 0.19083 0.34917
vt 0.17971 0.35295
vt 0.09745 0.27456
vt 0.07929 0.27221
vt 0.08530 0.27241
vt 0.87651 0.93812
vt 0.87566 0.93804
vt 0.87514 0.92539
vt 0.06644 0.18619
vt 0.07031 0.19382
vt 0.06783 0.19333
vt 0.64179 0.05829
vt 0.63963 0.06767
vt 0.64170 0.05499
vt 0.47342 0.12284
vt 0.47210 0.12292
vt 0.47754 0.11660
vt 0.74151 0.58323
vt 0.73273 0.58249
vt 0.74006 0.55008
vt 0.10403 0.38979
vt 0.10591 0.38932
vt 0.10418 0.39652
vt 0.50522 0.97682
vt 0.49641 0.98323
vt 0.49578 0.97303
vt 0.61582 0.91342
vt 0.59311 0.90781
vt 0.61566 0.90525
vt 0.85210 0.96519
vt 0.85000 0.97620
vt 0.84661 0.96347
vt 0.96946 0.90127
vt 0.96622 0.89674
vt 0.99033 0.89659
vt 0.87301 0.69482
vt 0.87602 0.68521
vt 0.87573 0.70221
vt 0.10802 0.17582
vt 0.10841 0.17027
vt 0.11655 0.16697
vt 0.04623 0.39670
vt 0.03572 0.39964
vt 0.04464 0.39084
vt 0.08916 0.91811
vt 0.08959 0.90545
vt 0.09611 0.92083
vt 0.65710 0.54389
vt 0.66411 0.54700
vt 0.66034 0.54562
vt 0.92058 0.11698
vt 0.89556 0.10983
vt 0.92194 0.10909
vt 0.44482 0.89949
vt 0.44062 0.90996
vt 0.43531 0.90295
vt 0.44482 0.89949
vt 0.43531 0.90295
vt 0.43617 0.90078
vt 0.10591 0.38932
vt 0.10689 0.39798
vt 0.10418 0.39652
vt 0.74478 0.79419
vt 0.74678 0.78672
vt 0.77629 0.78642
vt 0.66411 0.54700
vt 0.66259 0.54683
vt 0.66034 0.54562
vt 0.76313 0.84335
vt 0.76090 0.84692
vt 0.75565 0.84483
vt 0.50673 0.07365
vt 0.50005 0.05839
vt 0.50710 0.05905
vt 0.36134 0.55141
vt 0.34273 0.54589
vt 0.36034 0.54386
vt 0.18508 0.35631
vt 0.17971 0.35295
vt 0.19083 0.34917
vt 0.08987 0.27926
vt 0.07929 0.27221
vt 0.09745 0.27456
vt 0.44062 0.90996
vt 0.45745 0.90143
vt 0.45449 0.90943
vt 0.24079 0.03571
vt 0.24111 0.04018
vt 0.23314 0.03686
vt 0.96947 0.90127
vt 0.99033 0.89659
vt 0.98970 0.90083
vt 0.28978 0.32684
vt 0.31366 0.32353
vt 0.30438 0.33096
vt 0.66411 0.54700
vt 0.68733 0.54882
vt 0.65635 0.56367
vt 0.30438 0.33096
vt 0.31366 0.32353
vt 0.31410 0.32971
vt 0.47045 0.05438
vt 0.47271 0.05840
vt 0.46616 0.05566
vt 0.06619 0.38423
vt 0.05700 0.38944
vt 0.05096 0.38437
vt 0.75309 0.97912
vt 0.75309 0.98619
vt 0.75219 0.97942
vt 0.88831 0.39952
vt 0.88694 0.39039
vt 0.88856 0.39572
vt 0.10484 0.48099
vt 0.09721 0.47829
vt 0.09721 0.46812
vt 0.61582 0.91342
vt 0.59822 0.91342
vt 0.59311 0.90781
vt 0.45745 0.90143
vt 0.44062 0.90996
vt 0.44482 0.89949
vt 0.74867 0.10612
vt 0.77459 0.10839
vt 0.73515 0.10657
vt 0.34302 0.55431
vt 0.34273 0.54589
vt 0.36134 0.55141
vt 0.59232 0.91482
vt 0.59311 0.90781
vt 0.59822 0.91342
vt 0.47912 0.06116
vt 0.47385 0.04400
vt 0.47766 0.04268
vt 0.94099 0.12749
vt 0.95006 0.12861
vt 0.95530 0.13256
vt 0.75689 0.93114
vt 0.75985 0.93629
vt 0.75711 0.93797
vt 0.78213 0.97899
vt 0.77903 0.98325
vt 0.77142 0.97552
vt 0.07929 0.27221
vt 0.08987 0.27926
vt 0.07902 0.27932
vt 0.01244 0.76507
vt 0.01837 0.75701
vt 0.01812 0.76407
vt 0.01302 0.27476
vt 0.00601 0.28185
vt 0.00594 0.27624
vt 0.03473 0.67641
vt 0.03865 0.67366
vt 0.03859 0.67770
vt 0.10689 0.39798
vt 0.10708 0.40851
vt 0.09763 0.40907
vt 0.90092 0.04941
vt 0.90020 0.03088
vt 0.90574 0.03137
vt 0.23788 0.51617
vt 0.24132 0.51051
vt 0.24150 0.51313
vt 0.82303 0.78163
vt 0.82143 0.77122
vt 0.85651 0.78224
vt 0.01244 0.76507
vt 0.01230 0.75629
vt 0.01837 0.75701
vt 0.77459 0.10839
vt 0.73511 0.11342
vt 0.73515 0.10657
vt 0.63963 0.06767
vt 0.63556 0.07541
vt 0.64170 0.05499
vt 0.44062 0.90996
vt 0.43395 0.90665
vt 0.43531 0.90295
vt 0.99803 0.44597
vt 0.99933 0.44942
vt 0.99342 0.44615
vt 0.47210 0.12292
vt 0.47597 0.11543
vt 0.47754 0.11660
vt 0.98477 0.73008
vt 0.98953 0.73568
vt 0.98598 0.73799
vt 0.41550 0.86739
vt 0.42922 0.86739
vt 0.41579 0.87268
vt 0.87039 0.69272
vt 0.87602 0.68521
vt 0.87301 0.69482
vt 0.71010 0.58061
vt 0.69729 0.58507
vt 0.69386 0.54901
vt 0.05548 0.39044
vt 0.05096 0.38437
vt 0.05700 0.38944
vt 0.75689 0.93114
vt 0.75711 0.93797
vt 0.75254 0.93852
vt 0.85825 0.81695
vt 0.85859 0.79344
vt 0.86775 0.81652
vt 0.88831 0.39952
vt 0.88402 0.39671
vt 0.88694 0.39039
vt 0.04464 0.39084
vt 0.03572 0.39964
vt 0.04258 0.38925
vt 0.62771 0.07571
vt 0.64170 0.05499
vt 0.63556 0.07541
vt 0.37068 0.34212
vt 0.37487 0.33019
vt 0.38217 0.33300
vt 0.90537 0.55193
vt 0.89569 0.54679
vt 0.90344 0.54684
vt 0.90092 0.04941
vt 0.90574 0.03137
vt 0.90559 0.05006
vt 0.63387 0.05604
vt 0.63121 0.05539
vt 0.64162 0.05451
vt 0.45648 0.00855
vt 0.46491 0.01129
vt 0.45515 0.01257
vt 0.73511 0.11342
vt 0.77459 0.10839
vt 0.76873 0.11451
vt 0.02457 0.79546
vt 0.02237 0.80223
vt 0.01661 0.79003
vt 0.98466 0.99115
vt 0.99272 0.99115
vt 0.99063 0.99377
vt 0.89569 0.54679
vt 0.90537 0.55193
vt 0.87910 0.55280
vt 0.87910 0.55280
vt 0.89433 0.54416
vt 0.89569 0.54679
vt 0.42027 0.22842
vt 0.42043 0.21064
vt 0.42854 0.23022
vt 0.18606 0.42504
vt 0.18941 0.42475
vt 0.18496 0.43024
vt 0.14414 0.61149
vt 0.14255 0.61322
vt 0.13968 0.60503
vt 0.13968 0.60503
vt 0.14524 0.61081
vt 0.14414 0.61149
vt 0.96407 0.88979
vt 0.95745 0.89019
vt 0.95816 0.88473
vt 0.23788 0.51617
vt 0.24150 0.51313
vt 0.24873 0.51629
vt 0.37196 0.35880
vt 0.37068 0.34212
vt 0.38217 0.33300
vt 0.41579 0.87268
vt 0.42922 0.86739
vt 0.43125 0.87237
vt 0.18453 0.81307
vt 0.18860 0.81316
vt 0.18763 0.81567
vt 0.24111 0.04018
vt 0.23483 0.04540
vt 0.23314 0.03686
vt 0.10326 0.18296
vt 0.09863 0.17750
vt 0.10356 0.17412
vt 0.42854 0.23022
vt 0.41330 0.23109
vt 0.42027 0.22842
vt 0.54873 0.97662
vt 0.55333 0.98361
vt 0.54873 0.98467
vt 0.02188 0.35414
vt 0.01471 0.35541
vt 0.01382 0.35399
vt 0.18453 0.81307
vt 0.18763 0.81567
vt 0.18397 0.81552
vt 0.62771 0.07571
vt 0.63387 0.05604
vt 0.64170 0.05499
vt 0.00601 0.28185
vt 0.01302 0.27476
vt 0.01265 0.28196
vt 0.55296 0.97410
vt 0.55333 0.98361
vt 0.54873 0.97662
vt 0.10356 0.17412
vt 0.10841 0.17027
vt 0.10802 0.17582
vt 0.47234 0.81243
vt 0.46643 0.81185
vt 0.47611 0.80445
vt 0.77508 0.11444
vt 0.77565 0.11698
vt 0.76951 0.11725
vt 0.33413 0.05256
vt 0.35627 0.05063
vt 0.33627 0.05916
vt 0.65635 0.56367
vt 0.66204 0.54818
vt 0.66411 0.54700
vt 0.63387 0.05604
vt 0.62668 0.06859
vt 0.63121 0.05539
vt 0.41330 0.23109
vt 0.42854 0.23022
vt 0.42183 0.26443
vt 0.98598 0.73799
vt 0.98303 0.73691
vt 0.98477 0.73008
vt 0.09611 0.92083
vt 0.09636 0.92423
vt 0.08916 0.91811
vt 0.47754 0.11660
vt 0.48044 0.11391
vt 0.48302 0.11234
vt 0.47754 0.11660
vt 0.47597 0.11543
vt 0.48044 0.11391
vt 0.88449 0.39217
vt 0.88694 0.39039
vt 0.88402 0.39671
vt 0.10356 0.17412
vt 0.10319 0.16709
vt 0.10841 0.17027
vt 0.75450 0.23796
vt 0.74787 0.23983
vt 0.75272 0.23653
vt 0.83685 0.75408
vt 0.83431 0.75256
vt 0.83685 0.75237
vt 0.18860 0.81316
vt 0.18886 0.81670
vt 0.18763 0.81567
vt 0.77508 0.11444
vt 0.76951 0.11725
vt 0.76873 0.11451
vt 0.46307 0.08569
vt 0.46171 0.10131
vt 0.46112 0.07958
vt 0.74390 0.24587
vt 0.74787 0.23983
vt 0.75450 0.23796
vt 0.46976 0.79588
vt 0.47990 0.79568
vt 0.46643 0.81185
vt 0.62771 0.07571
vt 0.62668 0.06859
vt 0.63387 0.05604
vt 0.76873 0.11451
vt 0.77459 0.10839
vt 0.77508 0.11444
vt 0.95038 0.61976
vt 0.94489 0.62605
vt 0.94974 0.61654
vt 0.10484 0.48099
vt 0.09721 0.46812
vt 0.10349 0.46726
vt 0.36786 0.24524
vt 0.35392 0.23019
vt 0.35958 0.22882
vt 0.87573 0.70221
vt 0.87602 0.68521
vt 0.88283 0.69388
vt 0.88636 0.33918
vt 0.88773 0.33807
vt 0.88761 0.33974
vt 0.88605 0.33344
vt 0.88773 0.33807
vt 0.88345 0.33434
vt 0.18392 0.81795
vt 0.18799 0.82404
vt 0.18737 0.83910
vt 0.01183 0.11200
vt 0.01339 0.11127
vt 0.01177 0.11975
vt 0.75985 0.93629
vt 0.75853 0.93836
vt 0.75711 0.93797
vt 0.01661 0.79003
vt 0.02237 0.80223
vt 0.01598 0.80029
vt 0.60160 0.91424
vt 0.60664 0.91468
vt 0.60150 0.92370
vt 0.42922 0.86739
vt 0.44323 0.86807
vt 0.43125 0.87237
vt 0.06276 0.07084
vt 0.06193 0.06141
vt 0.06243 0.05435
vt 0.18392 0.81795
vt 0.18737 0.83910
vt 0.18369 0.84002
vt 0.94099 0.12749
vt 0.94288 0.12144
vt 0.95006 0.12861
vt 0.42027 0.22842
vt 0.41421 0.21358
vt 0.42043 0.21064
vt 0.22551 0.78777
vt 0.23985 0.78311
vt 0.22541 0.79461
vt 0.88636 0.33918
vt 0.88345 0.33434
vt 0.88773 0.33807
vt 0.37068 0.34212
vt 0.37322 0.32939
vt 0.37487 0.33019
vt 0.18000 0.43011
vt 0.18606 0.42504
vt 0.18496 0.43024
vt 0.83431 0.75256
vt 0.83322 0.74848
vt 0.83685 0.75237
vt 0.46112 0.07958
vt 0.46332 0.07315
vt 0.46307 0.08569
vt 0.86311 0.94566
vt 0.84709 0.93415
vt 0.86311 0.93368
vt 0.88667 0.85953
vt 0.89980 0.85214
vt 0.88704 0.86268
vt 0.45851 0.07823
vt 0.45853 0.07363
vt 0.46332 0.07315
vt 0.90463 0.84670
vt 0.89980 0.85214
vt 0.88667 0.85953
vt 0.30700 0.64857
vt 0.29933 0.65305
vt 0.29943 0.64857
vt 0.47385 0.04400
vt 0.47912 0.06116
vt 0.47162 0.04124
vt 0.13274 0.10558
vt 0.12574 0.10619
vt 0.13196 0.09164
vt 0.76313 0.84335
vt 0.76391 0.85036
vt 0.76090 0.84692
vt 0.04220 0.40750
vt 0.03474 0.40730
vt 0.03291 0.39994
vt 0.01177 0.11975
vt 0.01339 0.11127
vt 0.01387 0.12000
vt 0.61837 0.97856
vt 0.61835 0.98738
vt 0.61660 0.98723
vt 0.80368 0.98442
vt 0.79356 0.98479
vt 0.79109 0.97721
vt 0.00121 0.54974
vt 0.00474 0.54718
vt 0.00482 0.55036
vt 0.46643 0.81185
vt 0.47990 0.79568
vt 0.47611 0.80445
vt 0.44272 0.87261
vt 0.43125 0.87237
vt 0.44323 0.86807
vt 0.30700 0.64857
vt 0.30367 0.65392
vt 0.29933 0.65305
vt 0.37441 0.32913
vt 0.37082 0.32796
vt 0.37239 0.31432
vt 0.78630 0.96124
vt 0.78880 0.98055
vt 0.78435 0.98174
vt 0.73802 0.83865
vt 0.73232 0.86003
vt 0.73189 0.83704
vt 0.60664 0.91468
vt 0.60492 0.93115
vt 0.60150 0.92370
vt 0.61660 0.98723
vt 0.61592 0.97843
vt 0.61837 0.97856
vt 0.69727 0.58507
vt 0.68733 0.54882
vt 0.69386 0.54901
vt 0.84709 0.93415
vt 0.86311 0.94566
vt 0.84679 0.94332
vt 0.45851 0.07823
vt 0.46332 0.07315
vt 0.46112 0.07958
vt 0.99174 0.89711
vt 0.99478 0.89711
vt 0.99392 0.91837
vt 0.18886 0.81670
vt 0.18392 0.81795
vt 0.18763 0.81567
vt 0.30438 0.33096
vt 0.28181 0.33387
vt 0.28978 0.32684
vt 0.98303 0.73691
vt 0.98598 0.73799
vt 0.98433 0.74871
vt 0.18799 0.82404
vt 0.18392 0.81795
vt 0.18886 0.81670
vt 0.48803 0.93717
vt 0.49070 0.93942
vt 0.48742 0.94004
vt 0.65635 0.56367
vt 0.65583 0.55403
vt 0.66204 0.54818
vt 0.04922 0.98571
vt 0.03877 0.97899
vt 0.04922 0.97919
vt 0.00565 0.59091
vt 0.00691 0.59437
vt 0.00572 0.59863
vt 0.85825 0.81695
vt 0.83562 0.81994
vt 0.85859 0.79344
vt 0.83431 0.75256
vt 0.82515 0.75173
vt 0.81995 0.74894
vt 0.67399 0.05404
vt 0.66830 0.05456
vt 0.67205 0.04154
vt 0.30367 0.65392
vt 0.30700 0.64857
vt 0.30650 0.65662
vt 0.36786 0.24524
vt 0.35958 0.22882
vt 0.37139 0.24211
vt 0.37239 0.31432
vt 0.37576 0.31521
vt 0.37441 0.32913
vt 0.79951 0.06000
vt 0.82019 0.06672
vt 0.79845 0.06589
vt 0.28600 0.96978
vt 0.28573 0.96385
vt 0.29006 0.96571
vt 0.79845 0.06589
vt 0.82019 0.06672
vt 0.82146 0.07222
vt 0.22989 0.98242
vt 0.23952 0.98242
vt 0.23031 0.98842
vt 0.03291 0.39994
vt 0.03474 0.40730
vt 0.02970 0.40385
vt 0.13968 0.60503
vt 0.14162 0.60451
vt 0.14524 0.61081
vt 0.85825 0.81695
vt 0.85736 0.81956
vt 0.83562 0.81994
vt 0.74006 0.55008
vt 0.75818 0.58143
vt 0.75445 0.58058
vt 0.30385 0.66148
vt 0.30367 0.65392
vt 0.30650 0.65662
vt 0.37441 0.32913
vt 0.37487 0.33019
vt 0.37322 0.32939
vt 0.81528 0.75044
vt 0.80237 0.74970
vt 0.81995 0.74894
vt 0.22750 0.36511
vt 0.23448 0.37677
vt 0.22665 0.37487
vt 0.10484 0.48099
vt 0.10349 0.46726
vt 0.10640 0.47030
vt 0.88875 0.34336
vt 0.87828 0.34636
vt 0.88761 0.33974
vt 0.45853 0.07363
vt 0.45851 0.07823
vt 0.44568 0.07832
vt 0.82066 0.75032
vt 0.81995 0.74894
vt 0.82515 0.75173
vt 0.96407 0.88979
vt 0.95816 0.88473
vt 0.96572 0.88123
vt 0.88694 0.39039
vt 0.88449 0.39217
vt 0.88185 0.38758
vt 0.10349 0.46726
vt 0.10326 0.46018
vt 0.10640 0.47030
vt 0.47991 0.79568
vt 0.47930 0.80547
vt 0.47611 0.80445
vt 0.31583 0.74535
vt 0.32287 0.76906
vt 0.31583 0.76920
vt 0.24692 0.78098
vt 0.24636 0.78973
vt 0.23985 0.78311
vt 0.59712 0.07677
vt 0.59908 0.05441
vt 0.61489 0.07629
vt 0.49070 0.93942
vt 0.49347 0.94528
vt 0.48742 0.94004
vt 0.51817 0.01431
vt 0.50500 0.01547
vt 0.49993 0.01369
vt 0.23031 0.98842
vt 0.23952 0.98242
vt 0.23969 0.98825
vt 0.80284 0.01390
vt 0.80177 0.01995
vt 0.79943 0.01373
vt 0.37441 0.32913
vt 0.37322 0.32939
vt 0.37082 0.32796
vt 0.44416 0.87360
vt 0.44416 0.86697
vt 0.45787 0.87288
vt 0.14524 0.61081
vt 0.14162 0.60451
vt 0.14532 0.60996
vt 0.74006 0.55008
vt 0.76648 0.57938
vt 0.75818 0.58143
vt 0.00802 0.14450
vt 0.00802 0.15214
vt 0.00555 0.14482
vt 0.81528 0.75044
vt 0.81995 0.74894
vt 0.82066 0.75032
vt 0.30385 0.66148
vt 0.30650 0.65662
vt 0.30633 0.66874
vt 0.80062 0.97499
vt 0.80368 0.98442
vt 0.79109 0.97721
vt 0.49145 0.95222
vt 0.48742 0.94004
vt 0.49347 0.94528
vt 0.01034 0.50515
vt 0.00438 0.49837
vt 0.00928 0.49913
vt 0.48302 0.11234
vt 0.48044 0.11391
vt 0.48291 0.10914
vt 0.35627 0.05063
vt 0.33413 0.05256
vt 0.35539 0.04726
vt 0.02130 0.26033
vt 0.02646 0.25907
vt 0.02646 0.26934
vt 0.28600 0.96978
vt 0.29006 0.96571
vt 0.28679 0.97381
vt 0.02646 0.26934
vt 0.02149 0.26907
vt 0.02130 0.26033
vt 0.88761 0.33974
vt 0.87828 0.34636
vt 0.88636 0.33918
vt 0.67205 0.04154
vt 0.66977 0.03772
vt 0.67132 0.03567
vt 0.83431 0.75256
vt 0.81995 0.74894
vt 0.83322 0.74848
vt 0.23393 0.33191
vt 0.23459 0.33943
vt 0.23149 0.33243
vt 0.44568 0.07832
vt 0.44705 0.07362
vt 0.45853 0.07363
vt 0.87602 0.68521
vt 0.88104 0.68749
vt 0.88283 0.69388
vt 0.30633 0.66874
vt 0.30252 0.67729
vt 0.30385 0.66148
vt 0.24150 0.51313
vt 0.25123 0.50428
vt 0.24906 0.50962
vt 0.74006 0.55008
vt 0.75445 0.58058
vt 0.74151 0.58323
vt 0.66977 0.03772
vt 0.66885 0.03343
vt 0.67132 0.03567
vt 0.14255 0.61322
vt 0.13840 0.60705
vt 0.13968 0.60503
vt 0.30092 0.50145
vt 0.30265 0.50188
vt 0.30520 0.50492
vt 0.05548 0.39044
vt 0.05640 0.39556
vt 0.05422 0.39170
vt 0.88875 0.34336
vt 0.88318 0.34735
vt 0.87828 0.34636
vt 0.24150 0.51313
vt 0.24906 0.50962
vt 0.24873 0.51629
vt 0.60312 0.93417
vt 0.60150 0.92370
vt 0.60492 0.93115
vt 0.05700 0.38944
vt 0.05640 0.39556
vt 0.05548 0.39044
vt 0.05983 0.47949
vt 0.05803 0.47502
vt 0.06199 0.47225
vt 0.46802 0.73456
vt 0.49876 0.75452
vt 0.46222 0.74707
vt 0.44553 0.73851
vt 0.46802 0.73456
vt 0.46222 0.74707
vt 0.47084 0.72914
vt 0.49876 0.75452
vt 0.46802 0.73456
vt 0.95816 0.88473
vt 0.95703 0.88347
vt 0.95807 0.88132
vt 0.47084 0.72914
vt 0.50319 0.74210
vt 0.49876 0.75452
vt 0.23448 0.37677
vt 0.22593 0.39761
vt 0.22665 0.37487
vt 0.44416 0.86697
vt 0.47090 0.86703
vt 0.45787 0.87288
vt 0.80284 0.01390
vt 0.81796 0.01798
vt 0.80177 0.01995
vt 0.06090 0.12078
vt 0.07132 0.12365
vt 0.06130 0.12528
vt 0.00618 0.96799
vt 0.00694 0.96799
vt 0.00629 0.97515
vt 0.73273 0.58249
vt 0.71541 0.58422
vt 0.71836 0.54818
vt 0.09611 0.92083
vt 0.08959 0.90545
vt 0.09617 0.90516
vt 0.87384 0.02154
vt 0.87354 0.01811
vt 0.87526 0.01850
vt 0.22602 0.08234
vt 0.22717 0.07450
vt 0.22915 0.07682
vt 0.80237 0.74970
vt 0.80073 0.74466
vt 0.81995 0.74894
vt 0.59523 0.89613
vt 0.61399 0.89567
vt 0.61566 0.90525
vt 0.73232 0.86003
vt 0.73803 0.83865
vt 0.73837 0.86125
vt 0.07100 0.13714
vt 0.06130 0.12528
vt 0.07132 0.12365
vt 0.98669 0.74809
vt 0.98433 0.74871
vt 0.98598 0.73799
vt 0.87384 0.02154
vt 0.87235 0.02145
vt 0.87354 0.01811
vt 0.71010 0.58061
vt 0.71836 0.54818
vt 0.71658 0.58200
vt 0.23483 0.04540
vt 0.22976 0.05371
vt 0.23314 0.03686
vt 0.41154 0.75860
vt 0.37512 0.75860
vt 0.37428 0.75723
vt 0.22249 0.78849
vt 0.22468 0.80535
vt 0.22045 0.80510
vt 0.81796 0.01798
vt 0.81723 0.01985
vt 0.80177 0.01995
vt 0.08675 0.41566
vt 0.08611 0.40988
vt 0.10485 0.40988
vt 0.47188 0.87338
vt 0.45787 0.87288
vt 0.47090 0.86703
vt 0.07100 0.13714
vt 0.06109 0.13713
vt 0.06130 0.12528
vt 0.76369 0.04066
vt 0.76313 0.04118
vt 0.75739 0.02317
vt 0.49145 0.95222
vt 0.49347 0.94528
vt 0.49343 0.95146
vt 0.67132 0.03567
vt 0.67796 0.03998
vt 0.67205 0.04154
vt 0.05983 0.47949
vt 0.06199 0.47225
vt 0.06152 0.47649
vt 0.48291 0.10914
vt 0.48820 0.11006
vt 0.48302 0.11234
vt 0.01034 0.50515
vt 0.00424 0.50488
vt 0.00438 0.49837
vt 0.88104 0.68749
vt 0.87602 0.68521
vt 0.87709 0.68485
vt 0.22228 0.08177
vt 0.22717 0.07450
vt 0.22602 0.08234
vt 0.98669 0.74809
vt 0.99394 0.75861
vt 0.98433 0.74871
vt 0.89319 0.78157
vt 0.86256 0.76642
vt 0.89202 0.76819
vt 0.75701 0.03631
vt 0.76313 0.04118
vt 0.75619 0.03846
vt 0.46802 0.73456
vt 0.44553 0.73851
vt 0.45048 0.72562
vt 0.79868 0.75168
vt 0.81989 0.75126
vt 0.81688 0.78565
vt 0.98669 0.74809
vt 0.99585 0.75799
vt 0.99394 0.75861
vt 0.23047 0.36443
vt 0.23063 0.34387
vt 0.23459 0.33943
vt 0.35499 0.98967
vt 0.36090 0.98915
vt 0.36497 0.98973
vt 0.06199 0.47225
vt 0.05803 0.47502
vt 0.05859 0.46356
vt 0.67399 0.05404
vt 0.67205 0.04154
vt 0.67796 0.03998
vt 0.15755 0.94973
vt 0.17326 0.95223
vt 0.16101 0.95215
vt 0.95807 0.88132
vt 0.95703 0.88347
vt 0.95485 0.88073
vt 0.06213 0.46319
vt 0.06199 0.47225
vt 0.05859 0.46356
vt 0.60312 0.93417
vt 0.60492 0.93115
vt 0.60512 0.93443
vt 0.04031 0.59816
vt 0.03525 0.59304
vt 0.04069 0.59650
vt 0.73232 0.86003
vt 0.72021 0.83667
vt 0.73189 0.83704
vt 0.75701 0.03631
vt 0.75739 0.02317
vt 0.76313 0.04118
vt 0.33000 0.03951
vt 0.33536 0.03818
vt 0.33205 0.04729
vt 0.86469 0.01279
vt 0.87013 0.02149
vt 0.85989 0.02995
vt 0.86256 0.76642
vt 0.85735 0.78159
vt 0.85643 0.76666
vt 0.79868 0.75168
vt 0.79942 0.78771
vt 0.78337 0.78503
vt 0.61489 0.07629
vt 0.59908 0.05441
vt 0.61733 0.05404
vt 0.59523 0.89613
vt 0.61566 0.90525
vt 0.59311 0.90781
vt 0.25169 0.92183
vt 0.27042 0.92120
vt 0.27103 0.92818
vt 0.36786 0.24524
vt 0.37139 0.24211
vt 0.36970 0.25829
vt 0.02840 0.10409
vt 0.03194 0.10378
vt 0.02868 0.11291
vt 0.10485 0.40988
vt 0.10544 0.41521
vt 0.08675 0.41566
vt 0.17301 0.95033
vt 0.17326 0.95223
vt 0.15755 0.94973
vt 0.29990 0.50945
vt 0.30092 0.50145
vt 0.30520 0.50492
vt 0.18252 0.41787
vt 0.17912 0.41726
vt 0.18431 0.40834
vt 0.22976 0.05371
vt 0.22697 0.04879
vt 0.23314 0.03686
vt 0.78658 0.75400
vt 0.80073 0.74466
vt 0.80237 0.74970
vt 0.02868 0.11291
vt 0.03194 0.10378
vt 0.03439 0.11265
vt 0.46802 0.73456
vt 0.45048 0.72562
vt 0.45370 0.72623
vt 0.35283 0.04131
vt 0.35539 0.04726
vt 0.33413 0.05256
vt 0.29006 0.96571
vt 0.29412 0.96690
vt 0.28679 0.97381
vt 0.22750 0.36511
vt 0.23514 0.36532
vt 0.23448 0.37677
vt 0.27175 0.40918
vt 0.26650 0.37313
vt 0.28101 0.37313
vt 0.33536 0.03818
vt 0.35116 0.03536
vt 0.35283 0.04131
vt 0.17179 0.96390
vt 0.17581 0.96936
vt 0.17179 0.97066
vt 0.18431 0.40834
vt 0.17977 0.40284
vt 0.18579 0.40496
vt 0.62454 0.78497
vt 0.62036 0.77773
vt 0.63424 0.78729
vt 0.03525 0.59304
vt 0.03967 0.59289
vt 0.04069 0.59650
vt 0.30633 0.66874
vt 0.30546 0.68022
vt 0.30252 0.67729
vt 0.18579 0.40496
vt 0.17977 0.40284
vt 0.18839 0.40462
vt 0.75617 0.02408
vt 0.75739 0.02317
vt 0.75701 0.03631
vt 0.79868 0.75168
vt 0.78337 0.78503
vt 0.78293 0.76265
vt 0.06353 0.52293
vt 0.07724 0.53257
vt 0.07473 0.53602
vt 0.21541 0.15782
vt 0.21537 0.15229
vt 0.21854 0.15112
vt 0.35283 0.04131
vt 0.33205 0.04729
vt 0.33536 0.03818
vt 0.16716 0.96336
vt 0.17179 0.97066
vt 0.16708 0.97080
vt 0.23349 0.35526
vt 0.23311 0.36439
vt 0.23047 0.36443
vt 0.67132 0.03567
vt 0.67394 0.03591
vt 0.67796 0.03998
vt 0.95699 0.99326
vt 0.94992 0.99326
vt 0.95808 0.99228
vt 0.21500 0.17975
vt 0.21443 0.17489
vt 0.21901 0.17468
vt 0.48820 0.11006
vt 0.48849 0.10709
vt 0.49622 0.11069
vt 0.25169 0.92183
vt 0.27103 0.92818
vt 0.25164 0.92777
vt 0.29412 0.96690
vt 0.29808 0.97310
vt 0.28679 0.97381
vt 0.98166 0.17290
vt 0.99017 0.17814
vt 0.99080 0.19330
vt 0.23985 0.78311
vt 0.24636 0.78973
vt 0.22541 0.79461
vt 0.18922 0.00995
vt 0.18823 0.00438
vt 0.18934 0.00412
vt 0.30206 0.68642
vt 0.30252 0.67729
vt 0.30570 0.68677
vt 0.33205 0.04729
vt 0.35283 0.04131
vt 0.33413 0.05256
vt 0.22976 0.05371
vt 0.22816 0.05378
vt 0.22697 0.04879
vt 0.12574 0.10619
vt 0.13274 0.10558
vt 0.13356 0.11272
vt 0.21628 0.17384
vt 0.21901 0.17468
vt 0.21443 0.17489
vt 0.22104 0.16069
vt 0.21628 0.17384
vt 0.21541 0.15782
vt 0.48820 0.11006
vt 0.48291 0.10914
vt 0.48849 0.10709
vt 0.01661 0.79003
vt 0.01598 0.80029
vt 0.01565 0.79075
vt 0.18252 0.41787
vt 0.18606 0.42504
vt 0.17912 0.41726
vt 0.68530 0.03674
vt 0.68644 0.03476
vt 0.68967 0.03407
vt 0.23448 0.37677
vt 0.23416 0.39732
vt 0.22594 0.39761
vt 0.76873 0.11451
vt 0.76918 0.13123
vt 0.73511 0.11342
vt 0.87637 0.38219
vt 0.88185 0.38758
vt 0.88449 0.39217
vt 0.30546 0.68022
vt 0.30570 0.68677
vt 0.30252 0.67729
vt 0.17179 0.97066
vt 0.16716 0.96336
vt 0.17179 0.96390
vt 0.94760 0.87067
vt 0.94175 0.87280
vt 0.94741 0.86592
vt 0.32549 0.77502
vt 0.32287 0.76906
vt 0.32629 0.74807
vt 0.30069 0.52155
vt 0.30520 0.50492
vt 0.30084 0.53305
vt 0.47992 0.79569
vt 0.48420 0.78888
vt 0.47930 0.80547
vt 0.22249 0.78849
vt 0.22462 0.79039
vt 0.22468 0.80535
vt 0.12544 0.09182
vt 0.13196 0.09164
vt 0.12574 0.10619
vt 0.51281 0.98921
vt 0.51182 0.98358
vt 0.51281 0.98214
vt 0.95808 0.99228
vt 0.94992 0.99326
vt 0.95249 0.99165
vt 0.22468 0.80535
vt 0.23355 0.81684
vt 0.22045 0.80510
vt 0.23459 0.33943
vt 0.23063 0.34387
vt 0.23149 0.33243
vt 0.01240 0.79438
vt 0.01240 0.80290
vt 0.01123 0.79770
vt 0.79942 0.78771
vt 0.79868 0.75168
vt 0.81688 0.78565
vt 0.04922 0.98571
vt 0.04001 0.98632
vt 0.03877 0.97899
vt 0.11940 0.00224
vt 0.12000 0.00329
vt 0.11379 0.00294
vt 0.89319 0.78157
vt 0.85735 0.78159
vt 0.86256 0.76642
vt 0.53605 0.00662
vt 0.54032 0.00405
vt 0.54108 0.00835
vt 0.93591 0.88197
vt 0.94175 0.87280
vt 0.94218 0.88233
vt 0.53605 0.00662
vt 0.53497 0.00311
vt 0.54032 0.00405
vt 0.07473 0.53602
vt 0.06833 0.54243
vt 0.06353 0.52293
vt 0.75818 0.58143
vt 0.76666 0.58047
vt 0.75941 0.58374
vt 0.13840 0.60705
vt 0.13490 0.60733
vt 0.13599 0.60445
vt 0.13599 0.60445
vt 0.13968 0.60503
vt 0.13840 0.60705
vt 0.28101 0.37313
vt 0.27686 0.40873
vt 0.27175 0.40918
vt 0.04031 0.59816
vt 0.02869 0.59452
vt 0.03525 0.59304
vt 0.93591 0.88197
vt 0.92082 0.87234
vt 0.94175 0.87280
vt 0.23047 0.36443
vt 0.23459 0.33943
vt 0.23349 0.35526
vt 0.05371 0.65677
vt 0.05371 0.67204
vt 0.05036 0.67065
vt 0.27103 0.92818
vt 0.27173 0.93709
vt 0.25164 0.93509
vt 0.03439 0.11265
vt 0.04048 0.10495
vt 0.03930 0.11210
vt 0.87948 0.38099
vt 0.88185 0.38758
vt 0.87637 0.38219
vt 0.24058 0.01525
vt 0.24534 0.01473
vt 0.24584 0.01659
vt 0.02128 0.22354
vt 0.02345 0.21939
vt 0.02690 0.22065
vt 0.74151 0.58323
vt 0.75445 0.58058
vt 0.75555 0.58506
vt 0.17912 0.41726
vt 0.18606 0.42504
vt 0.18000 0.43011
vt 0.45256 0.99615
vt 0.45320 0.98872
vt 0.45541 0.99600
vt 0.04048 0.10495
vt 0.03439 0.11265
vt 0.03194 0.10378
vt 0.32287 0.76906
vt 0.31583 0.74535
vt 0.32629 0.74807
vt 0.90858 0.06918
vt 0.90019 0.06770
vt 0.91161 0.06595
vt 0.48849 0.10709
vt 0.49581 0.10735
vt 0.49622 0.11069
vt 0.88449 0.39217
vt 0.87908 0.38870
vt 0.87637 0.38219
vt 0.54432 0.00466
vt 0.54432 0.01093
vt 0.54266 0.00587
vt 0.62036 0.77773
vt 0.62454 0.78497
vt 0.62092 0.78560
vt 0.08939 0.57807
vt 0.09657 0.58539
vt 0.08869 0.59664
vt 0.21901 0.17468
vt 0.21960 0.17889
vt 0.21500 0.17975
vt 0.22602 0.08234
vt 0.22299 0.09378
vt 0.22228 0.08177
vt 0.87477 0.03418
vt 0.87335 0.03001
vt 0.87384 0.02154
vt 0.17179 0.96390
vt 0.17983 0.96753
vt 0.17581 0.96936
vt 0.54032 0.00405
vt 0.53497 0.00311
vt 0.54145 0.00271
vt 0.44225 0.02502
vt 0.42488 0.01926
vt 0.43472 0.01198
vt 0.94741 0.86592
vt 0.92082 0.87234
vt 0.92068 0.86528
vt 0.87384 0.02154
vt 0.87335 0.03001
vt 0.87235 0.02145
vt 0.13014 0.60973
vt 0.13599 0.60445
vt 0.13490 0.60733
vt 0.13868 0.60340
vt 0.13968 0.60503
vt 0.13599 0.60445
vt 0.96572 0.88123
vt 0.95807 0.88132
vt 0.95956 0.87688
vt 0.28712 0.99062
vt 0.28754 0.99175
vt 0.28720 0.99530
vt 0.73232 0.86003
vt 0.72151 0.86036
vt 0.72021 0.83667
vt 0.63424 0.78729
vt 0.62036 0.77773
vt 0.63383 0.77681
vt 0.25124 0.50429
vt 0.24150 0.51313
vt 0.24177 0.50433
vt 0.94741 0.86592
vt 0.94175 0.87280
vt 0.92082 0.87234
vt 0.99350 0.13615
vt 0.99735 0.13222
vt 0.99794 0.13615
vt 0.02483 0.70726
vt 0.02483 0.69595
vt 0.02545 0.70081
vt 0.11303 0.34189
vt 0.11265 0.35014
vt 0.10851 0.34330
vt 0.01296 0.68262
vt 0.00562 0.68137
vt 0.01268 0.67888
vt 0.29848 0.96616
vt 0.29808 0.97310
vt 0.29412 0.96690
vt 0.22086 0.15057
vt 0.22104 0.16069
vt 0.21853 0.15113
vt 0.73232 0.86003
vt 0.72902 0.86050
vt 0.72151 0.86036
vt 0.45541 0.99600
vt 0.45320 0.98872
vt 0.46037 0.98855
vt 0.93068 0.11014
vt 0.93905 0.11439
vt 0.94291 0.12145
vt 0.22104 0.16069
vt 0.21541 0.15782
vt 0.21853 0.15112
vt 0.87828 0.34636
vt 0.88318 0.34735
vt 0.88096 0.35032
vt 0.99482 0.17167
vt 0.99017 0.17814
vt 0.98166 0.17290
vt 0.73466 0.13169
vt 0.73511 0.11342
vt 0.76918 0.13123
vt 0.49078 0.80107
vt 0.49042 0.81155
vt 0.47930 0.80547
vt 0.87948 0.38099
vt 0.87637 0.38219
vt 0.88075 0.37215
vt 0.17977 0.40284
vt 0.18431 0.40834
vt 0.17912 0.41726
vt 0.94099 0.12749
vt 0.93555 0.12168
vt 0.94291 0.12144
vt 0.91161 0.06595
vt 0.91427 0.06969
vt 0.90858 0.06918
vt 0.82182 0.96816
vt 0.82853 0.95917
vt 0.82705 0.96377
vt 0.49156 0.79375
vt 0.47930 0.80547
vt 0.48420 0.78888
vt 0.27103 0.92818
vt 0.25164 0.93509
vt 0.25164 0.92777
vt 0.22299 0.09378
vt 0.22602 0.08234
vt 0.22521 0.09399
vt 0.30611 0.52429
vt 0.30094 0.53961
vt 0.30084 0.53305
vt 0.30520 0.50492
vt 0.30069 0.52155
vt 0.29990 0.50945
vt 0.91161 0.06595
vt 0.90363 0.05914
vt 0.91801 0.05902
vt 0.92082 0.87234
vt 0.93591 0.88197
vt 0.92459 0.88094
vt 0.82182 0.96816
vt 0.82154 0.95537
vt 0.82853 0.95917
vt 0.90019 0.06770
vt 0.90363 0.05914
vt 0.91161 0.06595
vt 0.96136 0.99931
vt 0.96177 0.99818
vt 0.96675 0.99899
vt 0.42452 0.01436
vt 0.43472 0.01198
vt 0.42488 0.01926
vt 0.22635 0.79820
vt 0.22541 0.79461
vt 0.24636 0.78973
vt 0.24058 0.01525
vt 0.23815 0.01257
vt 0.24534 0.01473
vt 0.88075 0.37215
vt 0.87741 0.37314
vt 0.87603 0.37170
vt 0.13014 0.60973
vt 0.12490 0.61200
vt 0.13599 0.60445
vt 0.68530 0.03674
vt 0.68061 0.03608
vt 0.68644 0.03476
vt 0.64310 0.99751
vt 0.64385 0.99472
vt 0.64398 0.99875
vt 0.82182 0.96816
vt 0.82705 0.96377
vt 0.82603 0.96871
vt 0.44225 0.02502
vt 0.43472 0.01198
vt 0.44159 0.01857
vt 0.32549 0.77502
vt 0.32629 0.74807
vt 0.34122 0.74792
vt 0.43982 0.01527
vt 0.44159 0.01857
vt 0.43472 0.01198
vt 0.92030 0.06928
vt 0.91427 0.06969
vt 0.91161 0.06595
vt 0.02128 0.22354
vt 0.02690 0.22065
vt 0.03151 0.22350
vt 0.92485 0.06286
vt 0.91161 0.06595
vt 0.91801 0.05902
vt 0.99350 0.13615
vt 0.99008 0.13182
vt 0.99735 0.13222
vt 0.73273 0.58249
vt 0.74151 0.58323
vt 0.73865 0.58350
vt 0.68061 0.03608
vt 0.68530 0.03674
vt 0.67796 0.03998
vt 0.67796 0.03998
vt 0.67394 0.03591
vt 0.67673 0.03436
vt 0.46037 0.98855
vt 0.46047 0.99625
vt 0.45541 0.99600
vt 0.11265 0.35014
vt 0.10818 0.36349
vt 0.10851 0.34330
vt 0.92459 0.88094
vt 0.92140 0.88143
vt 0.92082 0.87234
vt 0.91161 0.06595
vt 0.92485 0.06286
vt 0.92031 0.06922
vt 0.57370 0.00212
vt 0.57503 0.00279
vt 0.57512 0.00593
vt 0.95816 0.88473
vt 0.95807 0.88132
vt 0.96572 0.88123
vt 0.88075 0.37215
vt 0.87637 0.38219
vt 0.87741 0.37314
vt 0.91469 0.26802
vt 0.92105 0.28734
vt 0.91582 0.28182
vt 0.87828 0.34636
vt 0.88096 0.35032
vt 0.87722 0.36091
vt 0.91469 0.26802
vt 0.91582 0.28182
vt 0.91270 0.27532
vt 0.98346 0.13575
vt 0.99008 0.13182
vt 0.98994 0.13545
vt 0.25124 0.50429
vt 0.25532 0.50905
vt 0.24906 0.50962
vt 0.06350 0.00284
vt 0.06404 0.00117
vt 0.06973 0.00336
vt 0.63383 0.77681
vt 0.63547 0.77991
vt 0.63424 0.78729
vt 0.26668 0.50929
vt 0.26875 0.50481
vt 0.26991 0.50926
vt 0.24985 0.80124
vt 0.22635 0.79820
vt 0.24636 0.78973
vt 0.24985 0.80124
vt 0.23063 0.80859
vt 0.22635 0.79820
vt 0.44205 0.01118
vt 0.43982 0.01527
vt 0.43472 0.01198
vt 0.22147 0.17368
vt 0.21901 0.17468
vt 0.21628 0.17384
vt 0.90774 0.27117
vt 0.91469 0.26802
vt 0.91270 0.27532
vt 0.12285 0.11349
vt 0.12574 0.10619
vt 0.13356 0.11272
vt 0.25125 0.50429
vt 0.26668 0.50929
vt 0.25532 0.50905
vt 0.72000 0.04701
vt 0.72132 0.03782
vt 0.73408 0.04197
vt 0.11265 0.35014
vt 0.11213 0.36261
vt 0.10818 0.36349
vt 0.34122 0.74792
vt 0.33836 0.77453
vt 0.32549 0.77502
vt 0.99008 0.13182
vt 0.99350 0.13615
vt 0.98994 0.13545
vt 0.04105 0.59077
vt 0.03948 0.58945
vt 0.04556 0.58421
vt 0.93519 0.10861
vt 0.93905 0.11439
vt 0.93068 0.11014
vt 0.49078 0.80107
vt 0.47930 0.80547
vt 0.49156 0.79375
vt 0.73408 0.04197
vt 0.73202 0.05260
vt 0.72000 0.04701
vt 0.90953 0.78144
vt 0.92892 0.78144
vt 0.92892 0.78872
vt 0.35278 0.77389
vt 0.33836 0.77453
vt 0.35321 0.76443
vt 0.22780 0.01574
vt 0.22776 0.01309
vt 0.23815 0.01257
vt 0.04560 0.59754
vt 0.04144 0.59779
vt 0.04105 0.59077
vt 0.22780 0.01574
vt 0.23815 0.01257
vt 0.24058 0.01525
vt 0.30611 0.52429
vt 0.30644 0.53978
vt 0.30094 0.53961
vt 0.04556 0.58421
vt 0.03948 0.58945
vt 0.03937 0.58508
vt 0.22147 0.17368
vt 0.21628 0.17384
vt 0.22104 0.16069
vt 0.22912 0.10416
vt 0.22763 0.10499
vt 0.22521 0.09399
vt 0.87741 0.37314
vt 0.87282 0.37285
vt 0.87603 0.37170
vt 0.94291 0.12145
vt 0.93555 0.12168
vt 0.93068 0.11014
vt 0.73408 0.04197
vt 0.73936 0.04491
vt 0.73202 0.05260
vt 0.90774 0.27117
vt 0.90428 0.26382
vt 0.91469 0.26802
vt 0.30611 0.52429
vt 0.30084 0.53305
vt 0.30520 0.50492
vt 0.22763 0.10499
vt 0.22299 0.09378
vt 0.22521 0.09399
vt 0.71035 0.84920
vt 0.70959 0.83911
vt 0.72021 0.83667
vt 0.87282 0.37285
vt 0.87722 0.36091
vt 0.87603 0.37170
vt 0.91469 0.26802
vt 0.90428 0.26382
vt 0.91246 0.26656
vt 0.71127 0.86217
vt 0.72021 0.83667
vt 0.72151 0.86036
vt 0.71127 0.86217
vt 0.71035 0.84920
vt 0.72021 0.83667
vt 0.23063 0.80859
vt 0.24324 0.81559
vt 0.23545 0.81832
vt 0.05332 0.99870
vt 0.05880 0.99870
vt 0.05855 0.99929
vt 0.68733 0.54882
vt 0.66613 0.57839
vt 0.65635 0.56367
vt 0.89938 0.96389
vt 0.89506 0.96849
vt 0.89523 0.96425
vt 0.99956 0.91485
vt 0.99979 0.91247
vt 0.99994 0.91651
vt 0.25124 0.50430
vt 0.26875 0.50481
vt 0.26668 0.50929
vt 0.35320 0.76443
vt 0.33836 0.77453
vt 0.34122 0.74792
vt 0.73202 0.05260
vt 0.73936 0.04491
vt 0.73981 0.05318
vt 0.68061 0.03608
vt 0.67796 0.03998
vt 0.67673 0.03436
vt 0.99008 0.13182
vt 0.98346 0.13575
vt 0.98408 0.13230
vt 0.87722 0.36091
vt 0.87282 0.37285
vt 0.87828 0.34636
vt 0.25523 0.81211
vt 0.24324 0.81559
vt 0.23063 0.80859
vt 0.24985 0.80124
vt 0.25523 0.81211
vt 0.23063 0.80859
vt 0.99928 0.23762
vt 0.99928 0.24251
vt 0.99318 0.23741
vt 0.77513 0.06061
vt 0.76526 0.05375
vt 0.77578 0.05557
vt 0.22697 0.24098
vt 0.22263 0.24117
vt 0.22747 0.23367
vt 0.56440 0.97394
vt 0.55983 0.97414
vt 0.56403 0.97010
vt 0.77513 0.06061
vt 0.76613 0.05855
vt 0.76526 0.05375
vt 0.90774 0.27117
vt 0.90243 0.26547
vt 0.90428 0.26382
vt 0.87451 0.36080
vt 0.87828 0.34636
vt 0.87282 0.37285
vt 0.89523 0.97492
vt 0.89506 0.96849
vt 0.89981 0.97628
vt 0.99928 0.24251
vt 0.99467 0.24374
vt 0.99318 0.23741
vt 0.90953 0.78144
vt 0.92892 0.78872
vt 0.89404 0.78154
vt 0.90247 0.26546
vt 0.88908 0.25486
vt 0.90414 0.26445
vt 0.78155 0.05296
vt 0.77513 0.06061
vt 0.77578 0.05557
vt 0.09584 0.59743
vt 0.08869 0.59664
vt 0.09657 0.58539
vt 0.93068 0.11014
vt 0.93555 0.12168
vt 0.93187 0.12060
vt 0.60043 0.78656
vt 0.60601 0.77876
vt 0.62036 0.77773
vt 0.08164 0.01470
vt 0.08258 0.01582
vt 0.08322 0.01819
vt 0.04560 0.59754
vt 0.04105 0.59077
vt 0.04556 0.58421
vt 0.62635 0.96777
vt 0.61317 0.96670
vt 0.62670 0.96636
vt 0.97706 0.43167
vt 0.99035 0.43914
vt 0.97934 0.43902
vt 0.55983 0.97414
vt 0.55676 0.97256
vt 0.56403 0.97010
vt 0.92892 0.78872
vt 0.90077 0.79384
vt 0.89404 0.78154
vt 0.99035 0.43914
vt 0.97706 0.43167
vt 0.98861 0.43515
vt 0.34122 0.74792
vt 0.35335 0.74691
vt 0.35321 0.76443
vt 0.22263 0.24117
vt 0.22763 0.22512
vt 0.22747 0.23367
vt 0.00790 0.17937
vt 0.00668 0.17247
vt 0.00786 0.17155
vt 0.56403 0.97010
vt 0.55676 0.97256
vt 0.55650 0.97001
vt 0.22016 0.00535
vt 0.21840 0.00149
vt 0.22012 0.00068
vt 0.89116 0.25251
vt 0.90099 0.26713
vt 0.89213 0.25558
vt 0.89972 0.96851
vt 0.89506 0.96849
vt 0.89938 0.96389
vt 0.92892 0.78872
vt 0.92863 0.79473
vt 0.91513 0.79462
vt 0.11065 0.48950
vt 0.11070 0.48169
vt 0.11747 0.48169
vt 0.57715 0.98119
vt 0.57690 0.97016
vt 0.58128 0.97207
vt 0.05492 0.23764
vt 0.05553 0.22665
vt 0.05776 0.23714
vt 0.09683 0.57784
vt 0.09657 0.58539
vt 0.08939 0.57807
vt 0.22016 0.00535
vt 0.21725 0.00390
vt 0.21840 0.00149
vt 0.74655 0.58911
vt 0.74151 0.58323
vt 0.75555 0.58506
vt 0.39047 0.00060
vt 0.39047 0.00250
vt 0.38897 0.00057
vt 0.20518 0.86362
vt 0.20549 0.85899
vt 0.21757 0.85336
vt 0.39047 0.00250
vt 0.38881 0.00395
vt 0.38897 0.00057
vt 0.74129 0.99187
vt 0.74129 0.98500
vt 0.74186 0.98741
vt 0.55983 0.97414
vt 0.55730 0.97442
vt 0.55676 0.97256
vt 0.59182 0.76701
vt 0.58798 0.76335
vt 0.59193 0.76125
vt 0.58354 0.76106
vt 0.58798 0.76335
vt 0.58486 0.76468
vt 0.58354 0.76106
vt 0.58486 0.76468
vt 0.57636 0.76036
vt 0.75695 0.99496
vt 0.75620 0.99217
vt 0.75757 0.99478
vt 0.20518 0.86362
vt 0.21757 0.85336
vt 0.22108 0.85883
vt 0.08322 0.01819
vt 0.08258 0.01582
vt 0.09935 0.01465
vt 0.04258 0.00164
vt 0.04258 0.00339
vt 0.04038 0.00315
vt 0.86086 0.98299
vt 0.87066 0.98930
vt 0.86086 0.98986
vt 0.59182 0.76701
vt 0.59193 0.76125
vt 0.59326 0.76221
vt 0.88946 0.24806
vt 0.89213 0.25558
vt 0.87892 0.25332
vt 0.89972 0.96851
vt 0.89981 0.97628
vt 0.89506 0.96849
vt 0.60043 0.78656
vt 0.62036 0.77773
vt 0.62092 0.78560
vt 0.58798 0.76335
vt 0.58847 0.76567
vt 0.58486 0.76468
vt 0.60448 0.00709
vt 0.60715 0.00895
vt 0.60643 0.01303
vt 0.88946 0.24806
vt 0.89657 0.25042
vt 0.89213 0.25558
vt 0.92892 0.78872
vt 0.91513 0.79462
vt 0.90077 0.79384
vt 0.87874 0.25278
vt 0.86781 0.25045
vt 0.87988 0.24720
vt 0.07773 0.62529
vt 0.06424 0.62421
vt 0.07358 0.60900
vt 0.90077 0.79384
vt 0.89361 0.79265
vt 0.89404 0.78154
vt 0.60601 0.77876
vt 0.60043 0.78656
vt 0.59882 0.77974
vt 0.61368 0.76515
vt 0.60209 0.76225
vt 0.61316 0.76032
vt 0.75757 0.99478
vt 0.75620 0.99217
vt 0.75762 0.98895
vt 0.59182 0.76701
vt 0.58847 0.76567
vt 0.58798 0.76335
vt 0.89596 0.25062
vt 0.88946 0.24806
vt 0.89154 0.24579
vt 0.70680 0.01513
vt 0.72503 0.01428
vt 0.72155 0.01953
vt 0.98861 0.43515
vt 0.99487 0.43927
vt 0.99035 0.43914
vt 0.60448 0.00709
vt 0.60643 0.01303
vt 0.59798 0.01284
vt 0.77980 0.06006
vt 0.77513 0.06061
vt 0.78376 0.05691
vt 0.87981 0.25296
vt 0.87988 0.24720
vt 0.88946 0.24806
vt 0.23103 0.86226
vt 0.23156 0.87805
vt 0.22108 0.85883
vt 0.87988 0.24720
vt 0.86781 0.25045
vt 0.86528 0.24825
vt 0.57636 0.76036
vt 0.58486 0.76468
vt 0.57874 0.76564
vt 0.35615 0.91439
vt 0.35450 0.91499
vt 0.35485 0.91103
vt 0.06369 0.61283
vt 0.07358 0.60900
vt 0.06424 0.62421
vt 0.78376 0.05691
vt 0.77513 0.06061
vt 0.78155 0.05296
vt 0.77569 0.07048
vt 0.77513 0.06061
vt 0.78196 0.06532
vt 0.94071 0.83310
vt 0.94120 0.82682
vt 0.94415 0.83382
vt 0.78196 0.06532
vt 0.77848 0.07424
vt 0.77569 0.07048
vt 0.29965 0.98941
vt 0.29614 0.98847
vt 0.30617 0.98891
vt 0.98861 0.43515
vt 0.99585 0.43731
vt 0.99487 0.43927
vt 0.35485 0.91103
vt 0.36751 0.91471
vt 0.35615 0.91439
vt 0.87066 0.98930
vt 0.86086 0.98299
vt 0.87014 0.98326
vt 0.08322 0.01819
vt 0.09935 0.01465
vt 0.09901 0.01853
vt 0.06355 0.60849
vt 0.07358 0.60900
vt 0.06369 0.61283
vt 0.60204 0.76214
vt 0.60173 0.76758
vt 0.59182 0.76701
vt 0.05776 0.23714
vt 0.05553 0.22665
vt 0.05725 0.22188
vt 0.11811 0.48904
vt 0.11065 0.48950
vt 0.11747 0.48169
vt 0.20518 0.86362
vt 0.20903 0.87917
vt 0.20434 0.87134
vt 0.23156 0.87805
vt 0.22149 0.87896
vt 0.22108 0.85883
vt 0.72155 0.01953
vt 0.70643 0.01738
vt 0.70680 0.01513
vt 0.13663 0.33790
vt 0.13854 0.33598
vt 0.13732 0.34018
vt 0.22108 0.85883
vt 0.20903 0.87917
vt 0.20518 0.86362
vt 0.70060 0.58603
vt 0.69729 0.58505
vt 0.71010 0.58061
vt 0.05725 0.22188
vt 0.05553 0.22665
vt 0.05486 0.22218
vt 0.13865 0.32657
vt 0.13854 0.33598
vt 0.13663 0.33790
vt 0.66613 0.57839
vt 0.68733 0.54882
vt 0.67456 0.58808
vt 0.58150 0.98120
vt 0.57715 0.98119
vt 0.58128 0.97207
vt 0.37686 0.91541
vt 0.37337 0.91516
vt 0.37702 0.91123
vt 0.60173 0.76758
vt 0.60207 0.76225
vt 0.61368 0.76515
vt 0.55484 0.97453
vt 0.55676 0.97256
vt 0.55730 0.97442
vt 0.55484 0.97453
vt 0.55730 0.97442
vt 0.55425 0.97770
vt 0.12805 0.33694
vt 0.13663 0.33790
vt 0.13732 0.34018
vt 0.13865 0.32657
vt 0.13663 0.33790
vt 0.13434 0.31877
vt 0.20903 0.87917
vt 0.22108 0.85883
vt 0.22149 0.87896
vt 0.65778 0.57641
vt 0.65635 0.56367
vt 0.66613 0.57839
vt 0.60205 0.76209
vt 0.59182 0.76701
vt 0.59326 0.76221
vt 0.55458 0.97287
vt 0.55676 0.97256
vt 0.55484 0.97453
vt 0.35485 0.91103
vt 0.35927 0.91063
vt 0.36751 0.91471
vt 0.77513 0.06061
vt 0.77980 0.06006
vt 0.78196 0.06532
vt 0.66449 0.05887
vt 0.66045 0.05976
vt 0.65129 0.05756
vt 0.83514 0.02067
vt 0.85336 0.02160
vt 0.83537 0.02857
vt 0.11157 0.50273
vt 0.11811 0.48904
vt 0.11758 0.50196
vt 0.13663 0.33790
vt 0.12777 0.32401
vt 0.13434 0.31877
vt 0.67093 0.99183
vt 0.67372 0.99108
vt 0.67950 0.99147
vt 0.37702 0.91123
vt 0.37337 0.91516
vt 0.36751 0.91471
vt 0.36751 0.91471
vt 0.35927 0.91063
vt 0.37702 0.91123
vt 0.11811 0.48904
vt 0.11157 0.50273
vt 0.11065 0.48950
vt 0.13434 0.31877
vt 0.13721 0.31911
vt 0.13865 0.32657
vt 0.00999 0.22246
vt 0.00761 0.22496
vt 0.00772 0.22226
vt 0.13663 0.33790
vt 0.12805 0.33694
vt 0.12777 0.32401
vt 0.69728 0.58505
vt 0.69237 0.58561
vt 0.68733 0.54882
vt 0.94415 0.83382
vt 0.94123 0.82681
vt 0.94861 0.83389
vt 0.64428 0.05467
vt 0.64420 0.04708
vt 0.65128 0.05757
vt 0.86415 0.00057
vt 0.86415 0.00395
vt 0.86184 0.00351
vt 0.12870 0.31744
vt 0.13434 0.31877
vt 0.12777 0.32401
vt 0.94861 0.83389
vt 0.94123 0.82681
vt 0.94910 0.82754
vt 0.52107 0.91543
vt 0.54228 0.91062
vt 0.54339 0.91477
vt 0.11825 0.55792
vt 0.11863 0.53559
vt 0.12263 0.54622
vt 0.77848 0.07424
vt 0.78196 0.06532
vt 0.78054 0.07041
vt 0.12263 0.54622
vt 0.12226 0.55710
vt 0.11825 0.55792
vt 0.12263 0.54622
vt 0.11863 0.53559
vt 0.12228 0.53639
vt 0.64420 0.04708
vt 0.66449 0.05887
vt 0.65129 0.05757
vt 0.66039 0.06151
vt 0.66455 0.06742
vt 0.66430 0.07231
vt 0.70998 0.58590
vt 0.70060 0.58603
vt 0.71010 0.58061
vt 0.52107 0.91543
vt 0.51996 0.91129
vt 0.54228 0.91061
vt 0.85356 0.02911
vt 0.83537 0.02857
vt 0.85336 0.02160
vt 0.65157 0.04633
vt 0.66449 0.05887
vt 0.64420 0.04708
vt 0.94861 0.83389
vt 0.94658 0.84513
vt 0.94596 0.83532
vt 0.01069 0.22509
vt 0.01797 0.22476
vt 0.01797 0.23297
vt 0.66449 0.05887
vt 0.65157 0.04633
vt 0.66426 0.05067
vt 0.94596 0.83532
vt 0.94415 0.83382
vt 0.94861 0.83389
vt 0.66039 0.06151
vt 0.66465 0.06274
vt 0.66455 0.06742
vt 0.64337 0.05640
vt 0.66039 0.06151
vt 0.64304 0.06547
vt 0.94861 0.83389
vt 0.94908 0.84202
vt 0.94658 0.84513
vt 0.00996 0.23023
vt 0.00761 0.22496
vt 0.00999 0.22246
vt 0.67443 0.58790
vt 0.66185 0.58510
vt 0.66613 0.57839
vt 0.66039 0.06151
vt 0.66430 0.07231
vt 0.64304 0.06547
vt 0.94658 0.84513
vt 0.94908 0.84202
vt 0.94654 0.85602
vt 0.11759 0.51142
vt 0.11117 0.51126
vt 0.11117 0.50386
vt 0.90776 0.82929
vt 0.90934 0.83007
vt 0.90464 0.83610
vt 0.85336 0.02160
vt 0.85397 0.02423
vt 0.85356 0.02911
vt 0.94654 0.85602
vt 0.94908 0.84202
vt 0.94919 0.85605
vt 0.11117 0.51126
vt 0.11759 0.51142
vt 0.11198 0.52465
vt 0.36638 0.84852
vt 0.38012 0.87069
vt 0.36536 0.85660
vt 0.68733 0.54882
vt 0.69237 0.58561
vt 0.69099 0.58791
vt 0.00762 0.22986
vt 0.00761 0.22496
vt 0.00996 0.23023
vt 0.38012 0.87069
vt 0.36270 0.87038
vt 0.36535 0.85660
vt 0.01069 0.22509
vt 0.01797 0.23297
vt 0.01135 0.23326
vt 0.90934 0.83007
vt 0.90623 0.83734
vt 0.90464 0.83610
vt 0.38102 0.84864
vt 0.36638 0.84852
vt 0.36422 0.84253
vt 0.11860 0.52445
vt 0.11198 0.52465
vt 0.11759 0.51142
vt 0.36638 0.84852
vt 0.38591 0.87014
vt 0.38012 0.87069
vt 0.38198 0.84647
vt 0.38102 0.84864
vt 0.36422 0.84252
vt 0.66356 0.58950
vt 0.66185 0.58510
vt 0.66895 0.58927
vt 0.38102 0.84864
vt 0.38591 0.87014
vt 0.36638 0.84852
vt 0.67536 0.58894
vt 0.68733 0.54882
vt 0.69099 0.58791
vt 0.90623 0.83734
vt 0.90684 0.85767
vt 0.90464 0.83610
vt 0.13181 0.08880
vt 0.12397 0.08640
vt 0.13263 0.06783
vt 0.66185 0.58510
vt 0.67443 0.58791
vt 0.66895 0.58927
vt 0.90684 0.85767
vt 0.90623 0.83734
vt 0.90896 0.85799
vt 0.11764 0.50350
vt 0.11759 0.51142
vt 0.11117 0.50386
vt 0.67021 0.59065
vt 0.66895 0.58927
vt 0.67444 0.58795
vt 0.12378 0.07333
vt 0.13263 0.06783
vt 0.12397 0.08640
vt 0.12378 0.07333
vt 0.12690 0.06606
vt 0.13263 0.06783
vt 0.02088 0.00264
vt 0.02088 0.00264
vt 0.02088 0.00264
vt 0.02088 0.00264
vt 0.02088 0.00264
vt 0.02088 0.00264
vt 0.02088 0.00264
vt 0.02088 0.00264
vt 0.02088 0.00264
vt 0.02088 0.00264
vt 0.02088 0.00264
vt 0.02088 0.00264
vt 0.02088 0.00264
vt 0.02088 0.00264
vt 0.02088 0.00264
vt 0.02088 0.00264
vt 0.02088 0.00264
vt 0.02088 0.00264
vt 0.02088 0.00264
vt 0.02088 0.00264
vt 0.02088 0.00264
vt 0.02088 0.00264
vt 0.02088 0.00264
vt 0.02088 0.00264
vt 0.02088 0.00264
vt 0.02088 0.00264
vt 0.02088 0.00264
vt 0.02088 0.00264
vt 0.02088 0.00264
vt 0.02088 0.00264
vt 0.02088 0.00264
vt 0.02088 0.00264
vt 0.02088 0.00264
vt 0.02088 0.00264
vt 0.02088 0.00264
vt 0.02088 0.00264
vt 0.02088 0.00264
vt 0.02088 0.00264
vt 0.02088 0.00264
vt 0.02088 0.00264
vt 0.02088 0.00264
vt 0.02088 0.00264
vt 0.02088 0.00264
vt 0.02088 0.00264
vn 0.5338 -0.8456 -0.0015
vn -0.4893 -0.8322 0.2608
vn -0.5242 -0.8516 0.0004
vn 0.4542 -0.8506 -0.2648
vn -0.4692 -0.8394 -0.2744
vn -0.5171 -0.6448 -0.5628
vn 0.5338 -0.8456 -0.0015
vn -0.5242 -0.8516 0.0004
vn -0.4692 -0.8394 -0.2744
vn 0.5304 -0.5136 -0.6744
vn -0.5171 -0.6448 -0.5628
vn -0.5387 -0.5007 -0.6775
vn 0.8196 0.3582 0.4471
vn 0.8792 0.4491 -0.1588
vn 0.8312 0.5164 0.2059
vn 0.9158 0.3193 0.2437
vn 0.8657 0.4846 -0.1255
vn 0.8196 0.3582 0.4471
vn 0.8196 0.3582 0.4471
vn 0.8657 0.4846 -0.1255
vn 0.8229 0.5550 -0.1215
vn -0.4893 -0.8322 0.2608
vn 0.4759 -0.8255 0.3033
vn -0.5237 -0.6736 0.5216
vn -0.5242 -0.8516 0.0004
vn -0.1476 -0.9746 -0.1682
vn -0.4692 -0.8394 -0.2744
vn 0.8229 0.5550 -0.1215
vn 0.8792 0.4491 -0.1588
vn 0.8196 0.3582 0.4471
vn 0.9158 0.3193 0.2437
vn 0.8196 0.3582 0.4471
vn 0.7718 0.5500 0.3191
vn 0.8312 0.5164 0.2059
vn 0.7774 0.6278 0.0379
vn 0.8900 0.0694 0.4507
vn -0.1476 -0.9746 -0.1682
vn -0.5242 -0.8516 0.0004
vn 0.1555 -0.9785 0.1354
vn -0.4893 -0.8322 0.2608
vn -0.2130 -0.9413 -0.2617
vn -0.5242 -0.8516 0.0004
vn 0.6678 -0.7122 0.2164
vn 0.8657 0.4846 -0.1255
vn 0.9158 0.3193 0.2437
vn 0.8229 0.5550 -0.1215
vn 0.7331 0.5960 -0.3275
vn 0.8792 0.4491 -0.1588
vn 0.7774 0.6278 0.0379
vn 0.8312 0.5164 0.2059
vn 0.8792 0.4491 -0.1588
vn 0.8657 0.4846 -0.1255
vn 0.7331 0.5960 -0.3275
vn 0.8229 0.5550 -0.1215
vn 0.8792 0.4491 -0.1588
vn 0.9599 0.0189 -0.2799
vn 0.8360 0.5446 -0.0667
vn 0.8792 0.4491 -0.1588
vn 0.8898 0.4561 -0.0163
vn 0.7774 0.6278 0.0379
vn -0.2130 -0.9413 -0.2617
vn 0.1192 -0.9223 -0.3677
vn -0.5242 -0.8516 0.0004
vn 0.1192 -0.9223 -0.3677
vn 0.1555 -0.9785 0.1354
vn -0.5242 -0.8516 0.0004
vn 0.7381 -0.6616 -0.1327
vn 0.8657 0.4846 -0.1255
vn 0.6678 -0.7122 0.2164
vn -0.4893 -0.8322 0.2608
vn -0.1997 -0.8118 0.5488
vn -0.2130 -0.9413 -0.2617
vn -0.2130 -0.9413 -0.2617
vn 0.7774 0.6278 0.0379
vn 0.9309 0.2883 -0.2244
vn -0.2130 -0.9413 -0.2617
vn 0.9309 0.2883 -0.2244
vn 0.1192 -0.9223 -0.3677
vn 0.8312 0.5164 0.2059
vn 0.8900 0.0694 0.4507
vn 0.8196 0.3582 0.4471
vn -0.4893 -0.8322 0.2608
vn -0.5237 -0.6736 0.5216
vn -0.1997 -0.8118 0.5488
vn 0.1192 -0.9223 -0.3677
vn 0.8898 0.4561 -0.0163
vn 0.1555 -0.9785 0.1354
vn 0.9309 0.2883 -0.2244
vn 0.7774 0.6278 0.0379
vn 0.8898 0.4561 -0.0163
vn 0.7331 0.5960 -0.3275
vn 0.9599 0.0189 -0.2799
vn 0.8792 0.4491 -0.1588
vn -0.2130 -0.9413 -0.2617
vn -0.1997 -0.8118 0.5488
vn 0.1517 -0.9883 0.0164
vn 0.7718 0.5500 0.3191
vn 0.8196 0.3582 0.4471
vn 0.6232 0.5257 0.5790
vn 0.7381 -0.6616 -0.1327
vn 0.7470 0.4964 -0.4423
vn 0.8657 0.4846 -0.1255
vn 0.1555 -0.9785 0.1354
vn 0.8360 0.5446 -0.0667
vn -0.1476 -0.9746 -0.1682
vn 0.8898 0.4561 -0.0163
vn 0.1192 -0.9223 -0.3677
vn 0.9309 0.2883 -0.2244
vn 0.8900 0.0694 0.4507
vn 0.1517 -0.9883 0.0164
vn -0.1997 -0.8118 0.5488
vn -0.2130 -0.9413 -0.2617
vn 0.1517 -0.9883 0.0164
vn 0.7774 0.6278 0.0379
vn 0.8898 0.4561 -0.0163
vn 0.8792 0.4491 -0.1588
vn 0.8360 0.5446 -0.0667
vn -0.5171 -0.6448 -0.5628
vn -0.4692 -0.8394 -0.2744
vn -0.0208 -0.6702 -0.7419
vn 0.1555 -0.9785 0.1354
vn 0.8898 0.4561 -0.0163
vn 0.8360 0.5446 -0.0667
vn 0.6678 -0.7122 0.2164
vn 0.6204 -0.7819 0.0614
vn 0.7381 -0.6616 -0.1327
vn 0.7774 0.6278 0.0379
vn 0.9412 0.3374 0.0165
vn 0.8900 0.0694 0.4507
vn 0.1517 -0.9883 0.0164
vn 0.8900 0.0694 0.4507
vn 0.9412 0.3374 0.0165
vn -0.1476 -0.9746 -0.1682
vn 0.8360 0.5446 -0.0667
vn 0.8944 0.4442 -0.0527
vn 0.5804 -0.7717 0.2601
vn 0.9158 0.3193 0.2437
vn 0.7718 0.5500 0.3191
vn -0.4692 -0.8394 -0.2744
vn -0.1476 -0.9746 -0.1682
vn -0.0208 -0.6702 -0.7419
vn 0.7774 0.6278 0.0379
vn 0.1517 -0.9883 0.0164
vn 0.9412 0.3374 0.0165
vn 0.8360 0.5446 -0.0667
vn 0.9599 0.0189 -0.2799
vn 0.8944 0.4442 -0.0527
vn 0.8657 0.4846 -0.1255
vn 0.7470 0.4964 -0.4423
vn 0.7331 0.5960 -0.3275
vn -0.5387 -0.5007 -0.6775
vn -0.5171 -0.6448 -0.5628
vn -0.9552 -0.2702 -0.1207
vn 0.6232 0.5257 0.5790
vn 0.8196 0.3582 0.4471
vn 0.8900 0.0694 0.4507
vn -0.5171 -0.6448 -0.5628
vn -0.0208 -0.6702 -0.7419
vn -0.9552 -0.2702 -0.1207
vn 0.6678 -0.7122 0.2164
vn 0.9158 0.3193 0.2437
vn 0.5804 -0.7717 0.2601
vn 0.7381 -0.6616 -0.1327
vn 0.5626 -0.7696 -0.3020
vn 0.6278 -0.6490 -0.4296
vn 0.8957 0.3316 -0.2962
vn 0.8944 0.4442 -0.0527
vn 0.9599 0.0189 -0.2799
vn 0.8957 0.3316 -0.2962
vn -0.0208 -0.6702 -0.7419
vn 0.8944 0.4442 -0.0527
vn -0.3143 -0.4645 0.8279
vn -0.1997 -0.8118 0.5488
vn -0.5237 -0.6736 0.5216
vn 0.7381 -0.6616 -0.1327
vn 0.6204 -0.7819 0.0614
vn 0.6470 -0.7516 -0.1287
vn -0.0208 -0.6702 -0.7419
vn -0.1476 -0.9746 -0.1682
vn 0.8944 0.4442 -0.0527
vn 0.7470 0.4964 -0.4423
vn 0.7381 -0.6616 -0.1327
vn 0.6278 -0.6490 -0.4296
vn -0.5237 -0.6736 0.5216
vn -0.4390 -0.2440 0.8647
vn -0.3143 -0.4645 0.8279
vn -0.3143 -0.4645 0.8279
vn 0.8900 0.0694 0.4507
vn -0.1997 -0.8118 0.5488
vn 0.6470 -0.7516 -0.1287
vn 0.6204 -0.7819 0.0614
vn 0.6949 -0.7044 -0.1450
vn -0.0208 -0.6702 -0.7419
vn 0.8957 0.3316 -0.2962
vn 0.4630 0.6797 -0.5689
vn 0.7050 0.5310 -0.4702
vn 0.7470 0.4964 -0.4423
vn 0.5085 -0.7316 -0.4540
vn 0.7470 0.4964 -0.4423
vn 0.6278 -0.6490 -0.4296
vn 0.5085 -0.7316 -0.4540
vn 0.7708 0.4595 0.4413
vn 0.5261 -0.7382 0.4223
vn 0.7718 0.5500 0.3191
vn 0.7708 0.4595 0.4413
vn 0.7718 0.5500 0.3191
vn 0.8029 0.1416 0.5790
vn 0.6470 -0.7516 -0.1287
vn 0.5626 -0.7696 -0.3020
vn 0.7381 -0.6616 -0.1327
vn 0.5804 -0.7717 0.2601
vn 0.7718 0.5500 0.3191
vn 0.5261 -0.7382 0.4223
vn 0.6678 -0.7122 0.2164
vn 0.5804 -0.7717 0.2601
vn 0.6204 -0.7819 0.0614
vn 0.7718 0.5500 0.3191
vn 0.8995 0.4153 0.1359
vn 0.8029 0.1416 0.5790
vn -0.5737 -0.5025 0.6469
vn 0.9400 -0.1498 0.3065
vn 0.9457 -0.1124 0.3048
vn 0.4630 0.6797 -0.5689
vn 0.8957 0.3316 -0.2962
vn 0.6692 0.4031 -0.6242
vn 0.2411 0.7289 -0.6407
vn -0.0208 -0.6702 -0.7419
vn 0.4630 0.6797 -0.5689
vn 0.7726 0.4749 0.4214
vn 0.8761 0.0096 0.4821
vn 0.7935 0.5486 -0.2635
vn 0.7718 0.5500 0.3191
vn 0.6232 0.5257 0.5790
vn 0.8995 0.4153 0.1359
vn 0.7050 0.5310 -0.4702
vn 0.7331 0.5960 -0.3275
vn 0.7470 0.4964 -0.4423
vn 0.5626 -0.7696 -0.3020
vn 0.6470 -0.7516 -0.1287
vn 0.5882 -0.7279 -0.3524
vn 0.6949 -0.7044 -0.1450
vn 0.6204 -0.7819 0.0614
vn 0.6815 -0.7107 0.1745
vn -0.4390 -0.2440 0.8647
vn 0.9457 -0.1124 0.3048
vn -0.3143 -0.4645 0.8279
vn 0.6008 0.5700 -0.5605
vn 0.8957 0.3316 -0.2962
vn 0.9599 0.0189 -0.2799
vn 0.6470 -0.7516 -0.1287
vn 0.6949 -0.7044 -0.1450
vn 0.5882 -0.7279 -0.3524
vn 0.6008 0.5700 -0.5605
vn 0.6692 0.4031 -0.6242
vn 0.8957 0.3316 -0.2962
vn 0.7050 0.5310 -0.4702
vn 0.6008 0.5700 -0.5605
vn 0.7331 0.5960 -0.3275
vn 0.7361 0.6697 -0.0978
vn 0.7726 0.4749 0.4214
vn 0.7935 0.5486 -0.2635
vn 0.6232 0.5257 0.5790
vn -0.3143 -0.4645 0.8279
vn 0.8995 0.4153 0.1359
vn 0.6204 -0.7819 0.0614
vn 0.5804 -0.7717 0.2601
vn 0.5045 -0.7810 0.3680
vn -0.3143 -0.4645 0.8279
vn 0.6232 0.5257 0.5790
vn 0.8900 0.0694 0.4507
vn 0.5804 -0.7717 0.2601
vn 0.5261 -0.7382 0.4223
vn 0.5045 -0.7810 0.3680
vn 0.9400 -0.1498 0.3065
vn 0.6666 0.0178 0.7452
vn 0.9457 -0.1124 0.3048
vn 0.9599 0.0189 -0.2799
vn 0.7331 0.5960 -0.3275
vn 0.6008 0.5700 -0.5605
vn 0.6278 -0.6490 -0.4296
vn 0.5626 -0.7696 -0.3020
vn 0.5085 -0.7316 -0.4540
vn 0.5045 -0.7810 0.3680
vn 0.6815 -0.7107 0.1745
vn 0.6204 -0.7819 0.0614
vn 0.6492 -0.7023 -0.2919
vn 0.8761 0.0096 0.4821
vn 0.7300 -0.6748 0.1080
vn 0.7691 0.4601 0.4436
vn 0.7842 0.4874 -0.3840
vn 0.6163 0.7711 0.1601
vn 0.6692 0.4031 -0.6242
vn 0.5816 0.4510 -0.6771
vn 0.4630 0.6797 -0.5689
vn 0.5045 -0.7810 0.3680
vn 0.5178 -0.7258 0.4529
vn 0.6815 -0.7107 0.1745
vn 0.9457 -0.1124 0.3048
vn 0.6666 0.0178 0.7452
vn 0.8029 0.1416 0.5790
vn 0.5816 0.4510 -0.6771
vn 0.6692 0.4031 -0.6242
vn 0.8854 0.1414 -0.4429
vn 0.8761 0.0096 0.4821
vn 0.6492 -0.7023 -0.2919
vn 0.7935 0.5486 -0.2635
vn 0.7231 -0.6896 -0.0389
vn 0.7842 0.4874 -0.3840
vn 0.7691 0.4601 0.4436
vn -0.3143 -0.4645 0.8279
vn 0.9457 -0.1124 0.3048
vn 0.8995 0.4153 0.1359
vn 0.7231 -0.6896 -0.0389
vn 0.8491 0.0680 -0.5238
vn 0.7842 0.4874 -0.3840
vn 0.5261 -0.7382 0.4223
vn 0.7708 0.4595 0.4413
vn 0.8029 0.1416 0.5790
vn 0.6515 0.6959 0.3021
vn 0.8491 0.0680 -0.5238
vn 0.7231 -0.6896 -0.0389
vn 0.7361 0.6697 -0.0978
vn 0.4897 0.3190 0.8114
vn 0.7726 0.4749 0.4214
vn 0.6666 0.0178 0.7452
vn 0.9400 -0.1498 0.3065
vn 0.2756 0.5441 0.7925
vn 0.4630 0.6797 -0.5689
vn 0.5816 0.4510 -0.6771
vn 0.2449 0.4528 -0.8573
vn 0.9457 -0.1124 0.3048
vn 0.8029 0.1416 0.5790
vn 0.8995 0.4153 0.1359
vn 0.8761 0.0096 0.4821
vn 0.6515 0.6959 0.3021
vn 0.7300 -0.6748 0.1080
vn 0.7842 0.4874 -0.3840
vn 0.8491 0.0680 -0.5238
vn 0.9210 0.1566 -0.3566
vn 0.7050 0.5310 -0.4702
vn 0.5085 -0.7316 -0.4540
vn 0.6611 0.3940 -0.6385
vn 0.6008 0.5700 -0.5605
vn 0.7050 0.5310 -0.4702
vn 0.6611 0.3940 -0.6385
vn 0.5261 -0.7382 0.4223
vn 0.6154 -0.5560 0.5588
vn 0.6452 -0.7455 0.1672
vn 0.4155 -0.4655 -0.7814
vn 0.5626 -0.7696 -0.3020
vn 0.5882 -0.7279 -0.3524
vn 0.7231 -0.6896 -0.0389
vn 0.7691 0.4601 0.4436
vn 0.6552 -0.6767 0.3359
vn 0.9210 0.1566 -0.3566
vn 0.9415 0.1598 0.2967
vn 0.6163 0.7711 0.1601
vn 0.6515 0.6959 0.3021
vn 0.7231 -0.6896 -0.0389
vn 0.5009 -0.8655 0.0075
vn 0.4897 0.3190 0.8114
vn 0.8761 0.0096 0.4821
vn 0.7726 0.4749 0.4214
vn 0.5261 -0.7382 0.4223
vn 0.6452 -0.7455 0.1672
vn 0.5045 -0.7810 0.3680
vn 0.6611 0.3940 -0.6385
vn 0.6119 0.5102 -0.6044
vn 0.6008 0.5700 -0.5605
vn 0.5148 0.6426 -0.5676
vn 0.6692 0.4031 -0.6242
vn 0.6008 0.5700 -0.5605
vn 0.7691 0.4601 0.4436
vn 0.6163 0.7711 0.1601
vn 0.6552 -0.6767 0.3359
vn 0.6515 0.6959 0.3021
vn 0.5009 -0.8655 0.0075
vn 0.7300 -0.6748 0.1080
vn 0.8029 0.1416 0.5790
vn 0.6666 0.0178 0.7452
vn 0.2586 0.3804 0.8879
vn 0.6552 -0.6767 0.3359
vn 0.5009 -0.8655 0.0075
vn 0.7231 -0.6896 -0.0389
vn 0.6666 0.0178 0.7452
vn 0.2756 0.5441 0.7925
vn 0.2586 0.3804 0.8879
vn 0.6692 0.4031 -0.6242
vn 0.5148 0.6426 -0.5676
vn 0.8854 0.1414 -0.4429
vn 0.7935 0.5486 -0.2635
vn 0.5797 -0.6951 -0.4251
vn 0.6862 0.5865 -0.4303
vn 0.6515 0.6959 0.3021
vn 0.7436 0.4990 0.4450
vn 0.8491 0.0680 -0.5238
vn 0.8029 0.1416 0.5790
vn 0.2586 0.3804 0.8879
vn 0.0787 -0.7302 0.6787
vn 0.5797 -0.6951 -0.4251
vn 0.7935 0.5486 -0.2635
vn 0.6492 -0.7023 -0.2919
vn 0.6815 -0.7107 0.1745
vn 0.5669 -0.8035 0.1817
vn 0.6650 -0.7208 -0.1955
vn 0.1370 0.5188 0.8438
vn 0.2756 0.5441 0.7925
vn 0.9400 -0.1498 0.3065
vn 0.6650 -0.7208 -0.1955
vn 0.6949 -0.7044 -0.1450
vn 0.6815 -0.7107 0.1745
vn 0.5306 -0.8402 -0.1117
vn 0.5009 -0.8655 0.0075
vn 0.6552 -0.6767 0.3359
vn 0.6163 0.7711 0.1601
vn 0.8584 0.4506 0.2452
vn 0.9538 -0.1336 0.2690
vn 0.6552 -0.6767 0.3359
vn 0.6163 0.7711 0.1601
vn 0.5335 -0.8405 0.0949
vn 0.6163 0.7711 0.1601
vn 0.7842 0.4874 -0.3840
vn 0.9210 0.1566 -0.3566
vn 0.5882 -0.7279 -0.3524
vn 0.6949 -0.7044 -0.1450
vn 0.6650 -0.7208 -0.1955
vn 0.4897 0.3190 0.8114
vn 0.7361 0.6697 -0.0978
vn 0.5669 -0.8035 0.1817
vn 0.7361 0.6697 -0.0978
vn 0.6650 -0.7208 -0.1955
vn 0.5669 -0.8035 0.1817
vn 0.7300 -0.6748 0.1080
vn 0.4982 -0.8655 -0.0518
vn 0.6492 -0.7023 -0.2919
vn 0.6077 -0.5087 0.6099
vn 0.6452 -0.7455 0.1672
vn 0.6154 -0.5560 0.5588
vn 0.9538 -0.1336 0.2690
vn 0.5335 -0.8405 0.0949
vn 0.6163 0.7711 0.1601
vn 0.4897 0.3190 0.8114
vn 0.5669 -0.8035 0.1817
vn 0.7077 -0.6234 0.3324
vn 0.7935 0.5486 -0.2635
vn 0.6862 0.5865 -0.4303
vn 0.6568 0.6724 -0.3414
vn 0.8854 0.1414 -0.4429
vn 0.5148 0.6426 -0.5676
vn 0.5499 0.5060 -0.6645
vn 0.6515 0.6959 0.3021
vn 0.8761 0.0096 0.4821
vn 0.7436 0.4990 0.4450
vn 0.8584 0.4506 0.2452
vn 0.6163 0.7711 0.1601
vn 0.4999 0.6328 0.5913
vn 0.6815 -0.7107 0.1745
vn 0.5178 -0.7258 0.4529
vn 0.4392 -0.7053 0.5564
vn 0.7077 -0.6234 0.3324
vn 0.5669 -0.8035 0.1817
vn 0.6474 -0.7459 0.1569
vn 0.5882 -0.7279 -0.3524
vn 0.6650 -0.7208 -0.1955
vn 0.0321 -0.6175 -0.7859
vn 0.7300 -0.6748 0.1080
vn 0.5009 -0.8655 0.0075
vn 0.4982 -0.8655 -0.0518
vn 0.7077 -0.6234 0.3324
vn 0.3386 -0.9374 0.0819
vn 0.4897 0.3190 0.8114
vn 0.6474 -0.7459 0.1569
vn 0.5669 -0.8035 0.1817
vn 0.6815 -0.7107 0.1745
vn 0.8029 0.1416 0.5790
vn 0.6154 -0.5560 0.5588
vn 0.5261 -0.7382 0.4223
vn 0.6077 -0.5087 0.6099
vn 0.6154 -0.5560 0.5588
vn 0.6186 -0.7513 0.2298
vn 0.5085 -0.7316 -0.4540
vn 0.4606 -0.6931 -0.5545
vn 0.6611 0.3940 -0.6385
vn 0.5009 -0.8655 0.0075
vn 0.5306 -0.8402 -0.1117
vn 0.6551 -0.7555 0.0009
vn 0.8029 0.1416 0.5790
vn 0.0787 -0.7302 0.6787
vn 0.6154 -0.5560 0.5588
vn 0.5335 -0.8405 0.0949
vn 0.5589 -0.7726 0.3010
vn 0.6552 -0.6767 0.3359
vn 0.6551 -0.7555 0.0009
vn 0.4982 -0.8655 -0.0518
vn 0.5009 -0.8655 0.0075
vn 0.5045 -0.7810 0.3680
vn 0.6452 -0.7455 0.1672
vn 0.6077 -0.5087 0.6099
vn 0.5335 -0.8405 0.0949
vn 0.9538 -0.1336 0.2690
vn 0.7374 -0.5538 0.3867
vn 0.7077 -0.6234 0.3324
vn 0.6474 -0.7459 0.1569
vn 0.7466 -0.6395 0.1836
vn 0.4392 -0.7053 0.5564
vn 0.6474 -0.7459 0.1569
vn 0.6815 -0.7107 0.1745
vn 0.7077 -0.6234 0.3324
vn 0.7466 -0.6395 0.1836
vn 0.3386 -0.9374 0.0819
vn 0.7466 -0.6395 0.1836
vn 0.6474 -0.7459 0.1569
vn 0.4392 -0.7053 0.5564
vn 0.7361 0.6697 -0.0978
vn 0.6568 0.6724 -0.3414
vn 0.6650 -0.7208 -0.1955
vn 0.4230 -0.7468 -0.5132
vn 0.5626 -0.7696 -0.3020
vn 0.4155 -0.4655 -0.7814
vn 0.6568 0.6724 -0.3414
vn 0.7361 0.6697 -0.0978
vn 0.7935 0.5486 -0.2635
vn 0.5178 -0.7258 0.4529
vn 0.5045 -0.7810 0.3680
vn 0.2968 -0.6799 0.6706
vn 0.5085 -0.7316 -0.4540
vn 0.5626 -0.7696 -0.3020
vn 0.4230 -0.7468 -0.5132
vn 0.4999 0.6328 0.5913
vn 0.6163 0.7711 0.1601
vn 0.2092 0.6467 0.7334
vn 0.5306 -0.8402 -0.1117
vn 0.6552 -0.6767 0.3359
vn 0.5589 -0.7726 0.3010
vn 0.5882 -0.7279 -0.3524
vn 0.0321 -0.6175 -0.7859
vn 0.4155 -0.4655 -0.7814
vn 0.4230 -0.7468 -0.5132
vn 0.4606 -0.6931 -0.5545
vn 0.5085 -0.7316 -0.4540
vn 0.7296 -0.6829 -0.0371
vn 0.5306 -0.8402 -0.1117
vn 0.5589 -0.7726 0.3010
vn 0.5148 0.6426 -0.5676
vn 0.6008 0.5700 -0.5605
vn 0.4603 0.6590 -0.5948
vn 0.4897 0.3190 0.8114
vn 0.3386 -0.9374 0.0819
vn 0.6179 -0.6411 0.4553
vn 0.2756 0.5441 0.7925
vn 0.1370 0.5188 0.8438
vn -0.1742 -0.0733 0.9820
vn 0.7296 -0.6829 -0.0371
vn 0.6551 -0.7555 0.0009
vn 0.5306 -0.8402 -0.1117
vn 0.3892 0.1186 0.9135
vn 0.9538 -0.1336 0.2690
vn 0.8584 0.4506 0.2452
vn 0.6186 -0.7513 0.2298
vn 0.0787 -0.7302 0.6787
vn 0.6077 -0.5087 0.6099
vn 0.6119 0.5102 -0.6044
vn 0.4603 0.6590 -0.5948
vn 0.6008 0.5700 -0.5605
vn 0.6862 0.5865 -0.4303
vn 0.5797 -0.6951 -0.4251
vn 0.2153 0.1201 -0.9691
vn 0.9538 -0.1336 0.2690
vn 0.2240 0.0010 0.9746
vn 0.7374 -0.5538 0.3867
vn 0.6077 -0.5087 0.6099
vn 0.2968 -0.6799 0.6706
vn 0.5045 -0.7810 0.3680
vn 0.4392 -0.7053 0.5564
vn 0.6585 -0.6114 0.4388
vn 0.7466 -0.6395 0.1836
vn 0.7532 -0.6099 0.2464
vn 0.5335 -0.8405 0.0949
vn 0.7374 -0.5538 0.3867
vn 0.8584 0.4506 0.2452
vn 0.4999 0.6328 0.5913
vn 0.3892 0.1186 0.9135
vn 0.3294 0.6622 -0.6731
vn 0.6568 0.6724 -0.3414
vn 0.6862 0.5865 -0.4303
vn 0.5178 -0.7258 0.4529
vn 0.2968 -0.6799 0.6706
vn 0.4392 -0.7053 0.5564
vn 0.6650 -0.7208 -0.1955
vn 0.3220 -0.7999 -0.5064
vn 0.0321 -0.6175 -0.7859
vn 0.4155 -0.4655 -0.7814
vn 0.8671 -0.3719 -0.3315
vn 0.4230 -0.7468 -0.5132
vn 0.6186 -0.7513 0.2298
vn 0.6154 -0.5560 0.5588
vn 0.0787 -0.7302 0.6787
vn 0.7436 0.4990 0.4450
vn 0.5951 0.5497 -0.5862
vn 0.8491 0.0680 -0.5238
vn 0.7374 -0.5538 0.3867
vn 0.3167 -0.6904 -0.6504
vn 0.7532 -0.6099 0.2464
vn 0.7466 -0.6395 0.1836
vn 0.6179 -0.6411 0.4553
vn 0.3386 -0.9374 0.0819
vn 0.4982 -0.8655 -0.0518
vn 0.6551 -0.7555 0.0009
vn 0.7916 -0.6110 0.0052
vn 0.4392 -0.7053 0.5564
vn 0.5888 -0.3989 0.7030
vn 0.6585 -0.6114 0.4388
vn 0.5333 -0.7854 -0.3142
vn 0.5797 -0.6951 -0.4251
vn 0.4982 -0.8655 -0.0518
vn 0.5148 0.6426 -0.5676
vn 0.4603 0.6590 -0.5948
vn 0.5499 0.5060 -0.6645
vn 0.2240 0.0010 0.9746
vn 0.9538 -0.1336 0.2690
vn 0.3892 0.1186 0.9135
vn 0.6179 -0.6411 0.4553
vn 0.8761 0.0096 0.4821
vn 0.4897 0.3190 0.8114
vn 0.3220 -0.7999 -0.5064
vn 0.6650 -0.7208 -0.1955
vn 0.6568 0.6724 -0.3414
vn 0.5951 0.5497 -0.5862
vn 0.9210 0.1566 -0.3566
vn 0.8491 0.0680 -0.5238
vn 0.7532 -0.6099 0.2464
vn 0.5589 -0.7726 0.3010
vn 0.5335 -0.8405 0.0949
vn 0.6492 -0.7023 -0.2919
vn 0.4982 -0.8655 -0.0518
vn 0.5797 -0.6951 -0.4251
vn 0.6119 0.5102 -0.6044
vn 0.6611 0.3940 -0.6385
vn 0.4606 -0.6931 -0.5545
vn 0.8761 0.0096 0.4821
vn 0.6179 -0.6411 0.4553
vn 0.7436 0.4990 0.4450
vn 0.7374 -0.5538 0.3867
vn 0.6713 -0.6271 0.3951
vn 0.3167 -0.6904 -0.6504
vn 0.7466 -0.6395 0.1836
vn 0.6566 -0.7390 -0.1510
vn 0.6179 -0.6411 0.4553
vn 0.2968 -0.6799 0.6706
vn 0.7703 -0.5828 0.2588
vn 0.4392 -0.7053 0.5564
vn 0.3220 -0.7999 -0.5064
vn 0.4303 -0.5741 -0.6966
vn 0.0321 -0.6175 -0.7859
vn 0.2940 -0.6068 -0.7385
vn 0.8671 -0.3719 -0.3315
vn 0.4155 -0.4655 -0.7814
vn 0.5888 -0.3989 0.7030
vn 0.4392 -0.7053 0.5564
vn 0.5483 -0.4282 0.7183
vn 0.7436 -0.6095 -0.2749
vn 0.4155 -0.4655 -0.7814
vn 0.0321 -0.6175 -0.7859
vn 0.5619 -0.7198 0.4075
vn 0.7296 -0.6829 -0.0371
vn 0.5589 -0.7726 0.3010
vn 0.4155 -0.4655 -0.7814
vn 0.7436 -0.6095 -0.2749
vn 0.2940 -0.6068 -0.7385
vn 0.0324 0.8567 -0.5148
vn 0.3220 -0.7999 -0.5064
vn 0.6568 0.6724 -0.3414
vn 0.7916 -0.6110 0.0052
vn 0.9221 -0.3852 0.0371
vn 0.4982 -0.8655 -0.0518
vn 0.3294 0.6622 -0.6731
vn 0.0324 0.8567 -0.5148
vn 0.6568 0.6724 -0.3414
vn 0.4230 -0.7468 -0.5132
vn 0.6815 -0.4939 -0.5400
vn 0.4606 -0.6931 -0.5545
vn 0.4230 -0.7468 -0.5132
vn 0.8671 -0.3719 -0.3315
vn 0.8128 -0.0323 -0.5816
vn 0.3294 0.6622 -0.6731
vn 0.6862 0.5865 -0.4303
vn 0.2153 0.1201 -0.9691
vn 0.9234 -0.1486 0.3539
vn 0.5619 -0.7198 0.4075
vn 0.5589 -0.7726 0.3010
vn 0.3984 0.3919 -0.8293
vn 0.6119 0.5102 -0.6044
vn 0.5633 0.2402 -0.7905
vn 0.7466 -0.6395 0.1836
vn 0.6585 -0.6114 0.4388
vn 0.6566 -0.7390 -0.1510
vn 0.5499 0.5060 -0.6645
vn 0.4603 0.6590 -0.5948
vn 0.1315 0.5590 -0.8187
vn 0.4392 -0.7053 0.5564
vn 0.7703 -0.5828 0.2588
vn 0.5483 -0.4282 0.7183
vn 0.3167 -0.6904 -0.6504
vn 0.6713 -0.6271 0.3951
vn 0.7532 -0.6099 0.2464
vn 0.9234 -0.1486 0.3539
vn 0.5589 -0.7726 0.3010
vn 0.7532 -0.6099 0.2464
vn 0.8986 -0.4284 0.0954
vn 0.7532 -0.6099 0.2464
vn 0.6713 -0.6271 0.3951
vn 0.6585 -0.6114 0.4388
vn 0.5888 -0.3989 0.7030
vn 0.9415 0.1598 0.2967
vn 0.6585 -0.6114 0.4388
vn 0.9415 0.1598 0.2967
vn 0.6566 -0.7390 -0.1510
vn -0.4775 0.7958 -0.3725
vn 0.0324 0.8567 -0.5148
vn 0.3294 0.6622 -0.6731
vn 0.6077 -0.5087 0.6099
vn 0.6503 -0.7078 0.2760
vn 0.9109 -0.1604 0.3802
vn 0.8128 -0.0323 -0.5816
vn 0.8671 -0.3719 -0.3315
vn 0.8905 0.2571 -0.3755
vn 0.7003 -0.4485 -0.5553
vn 0.5633 0.2402 -0.7905
vn 0.6119 0.5102 -0.6044
vn 0.9415 0.1598 0.2967
vn 0.9210 0.1566 -0.3566
vn 0.6566 -0.7390 -0.1510
vn 0.0321 -0.6175 -0.7859
vn 0.4303 -0.5741 -0.6966
vn 0.7436 -0.6095 -0.2749
vn 0.8905 0.2571 -0.3755
vn 0.8804 0.3512 -0.3187
vn 0.8011 0.3179 -0.5072
vn 0.8671 -0.3719 -0.3315
vn 0.2940 -0.6068 -0.7385
vn 0.7436 -0.6095 -0.2749
vn 0.3984 0.3919 -0.8293
vn 0.4603 0.6590 -0.5948
vn 0.6119 0.5102 -0.6044
vn 0.3294 0.6622 -0.6731
vn 0.2153 0.1201 -0.9691
vn -0.4775 0.7958 -0.3725
vn 0.9221 -0.3852 0.0371
vn 0.5333 -0.7854 -0.3142
vn 0.4982 -0.8655 -0.0518
vn 0.3220 -0.7999 -0.5064
vn 0.0324 0.8567 -0.5148
vn 0.4303 -0.5741 -0.6966
vn 0.8011 0.3179 -0.5072
vn 0.8128 -0.0323 -0.5816
vn 0.8905 0.2571 -0.3755
vn 0.0869 -0.5711 0.8163
vn 0.6713 -0.6271 0.3951
vn 0.7374 -0.5538 0.3867
vn 0.7003 -0.4485 -0.5553
vn 0.6119 0.5102 -0.6044
vn 0.4606 -0.6931 -0.5545
vn 0.6566 -0.7390 -0.1510
vn 0.9210 0.1566 -0.3566
vn 0.5951 0.5497 -0.5862
vn 0.4230 -0.7468 -0.5132
vn 0.8128 -0.0323 -0.5816
vn 0.8011 0.3179 -0.5072
vn 0.3049 -0.9355 0.1787
vn 0.6077 -0.5087 0.6099
vn 0.0787 -0.7302 0.6787
vn 0.6503 -0.7078 0.2760
vn 0.6077 -0.5087 0.6099
vn 0.3049 -0.9355 0.1787
vn 0.4230 -0.7468 -0.5132
vn 0.8011 0.3179 -0.5072
vn 0.6815 -0.4939 -0.5400
vn 0.3892 0.1186 0.9135
vn 0.4999 0.6328 0.5913
vn 0.2092 0.6467 0.7334
vn -0.1742 -0.0733 0.9820
vn 0.1420 0.5272 0.8378
vn 0.2756 0.5441 0.7925
vn 0.6121 -0.7246 -0.3166
vn 0.8671 -0.3719 -0.3315
vn 0.7436 -0.6095 -0.2749
vn 0.4606 -0.6931 -0.5545
vn 0.6815 -0.4939 -0.5400
vn 0.7003 -0.4485 -0.5553
vn 0.2756 0.5441 0.7925
vn 0.1456 0.5699 0.8087
vn 0.2586 0.3804 0.8879
vn 0.5888 -0.3989 0.7030
vn 0.3866 0.5932 0.7062
vn 0.9415 0.1598 0.2967
vn 0.6551 -0.7555 0.0009
vn 0.7296 -0.6829 -0.0371
vn 0.7380 -0.6735 0.0410
vn 0.0324 0.8567 -0.5148
vn -0.4775 0.7958 -0.3725
vn 0.3035 0.3661 -0.8797
vn 0.3984 0.3919 -0.8293
vn 0.1315 0.5590 -0.8187
vn 0.4603 0.6590 -0.5948
vn 0.8986 -0.4284 0.0954
vn 0.9234 -0.1486 0.3539
vn 0.7532 -0.6099 0.2464
vn 0.5951 0.5497 -0.5862
vn 0.7436 0.4990 0.4450
vn 0.6179 -0.6411 0.4553
vn 0.8905 0.2571 -0.3755
vn 0.8671 -0.3719 -0.3315
vn 0.6121 -0.7246 -0.3166
vn 0.6163 0.7711 0.1601
vn 0.3866 0.5932 0.7062
vn 0.2092 0.6467 0.7334
vn 0.6566 -0.7390 -0.1510
vn 0.5951 0.5497 -0.5862
vn 0.6179 -0.6411 0.4553
vn 0.8078 -0.5792 0.1095
vn 0.7916 -0.6110 0.0052
vn 0.7380 -0.6735 0.0410
vn 0.3866 0.5932 0.7062
vn 0.6163 0.7711 0.1601
vn 0.9415 0.1598 0.2967
vn 0.8986 -0.4284 0.0954
vn 0.6510 -0.6055 0.4578
vn 0.9234 -0.1486 0.3539
vn 0.7380 -0.6735 0.0410
vn 0.7916 -0.6110 0.0052
vn 0.6551 -0.7555 0.0009
vn 0.9221 -0.3852 0.0371
vn 0.9628 -0.2339 -0.1352
vn 0.5333 -0.7854 -0.3142
vn -0.0284 -0.7650 0.6434
vn 0.5321 -0.5188 0.6691
vn 0.3049 -0.9355 0.1787
vn 0.5797 -0.6951 -0.4251
vn 0.2231 -0.6590 -0.7183
vn 0.2153 0.1201 -0.9691
vn 0.4964 -0.7915 0.3565
vn 0.5619 -0.7198 0.4075
vn 0.9234 -0.1486 0.3539
vn 0.7436 -0.6095 -0.2749
vn 0.4303 -0.5741 -0.6966
vn 0.1892 -0.3438 -0.9198
vn -0.1742 -0.0733 0.9820
vn 0.4432 0.2472 0.8617
vn 0.0137 -0.0771 0.9969
vn 0.6713 -0.6271 0.3951
vn 0.0869 -0.5711 0.8163
vn 0.8986 -0.4284 0.0954
vn 0.4303 -0.5741 -0.6966
vn 0.0324 0.8567 -0.5148
vn 0.1892 -0.3438 -0.9198
vn 0.2153 0.1201 -0.9691
vn -0.3071 0.9088 -0.2824
vn -0.4775 0.7958 -0.3725
vn 0.6930 -0.5400 -0.4777
vn 0.7345 -0.5343 0.4184
vn 0.2436 -0.9002 -0.3609
vn 0.6510 -0.6055 0.4578
vn 0.4964 -0.7915 0.3565
vn 0.9234 -0.1486 0.3539
vn 0.8905 0.2571 -0.3755
vn 0.6121 -0.7246 -0.3166
vn 0.3761 0.3912 -0.8400
vn 0.2231 -0.6590 -0.7183
vn 0.5797 -0.6951 -0.4251
vn 0.5333 -0.7854 -0.3142
vn 0.8646 -0.5022 -0.0138
vn 0.2968 -0.6799 0.6706
vn 0.9109 -0.1604 0.3802
vn 0.9628 -0.2339 -0.1352
vn 0.3232 -0.6955 -0.6417
vn 0.5333 -0.7854 -0.3142
vn 0.8905 0.2571 -0.3755
vn 0.3761 0.3912 -0.8400
vn 0.8804 0.3512 -0.3187
vn 0.0324 0.8567 -0.5148
vn 0.4941 -0.3912 -0.7764
vn 0.1892 -0.3438 -0.9198
vn 0.7345 -0.5343 0.4184
vn 0.2479 -0.6461 0.7219
vn 0.2436 -0.9002 -0.3609
vn -0.3071 0.9088 -0.2824
vn 0.2153 0.1201 -0.9691
vn 0.3843 0.7695 -0.5101
vn 0.7380 -0.6735 0.0410
vn 0.7569 -0.6534 0.0125
vn 0.8078 -0.5792 0.1095
vn 0.0787 -0.7302 0.6787
vn 0.2586 0.3804 0.8879
vn -0.1193 -0.7336 0.6690
vn 0.6815 -0.4939 -0.5400
vn 0.8011 0.3179 -0.5072
vn 0.7003 -0.4485 -0.5553
vn 0.0869 -0.5711 0.8163
vn 0.7374 -0.5538 0.3867
vn 0.2240 0.0010 0.9746
vn 0.2153 0.1201 -0.9691
vn 0.2231 -0.6590 -0.7183
vn 0.3843 0.7695 -0.5101
vn 0.9109 -0.1604 0.3802
vn 0.2968 -0.6799 0.6706
vn 0.6077 -0.5087 0.6099
vn 0.7345 -0.5343 0.4184
vn 0.6930 -0.5400 -0.4777
vn 0.8286 0.0646 -0.5561
vn 0.0324 0.8567 -0.5148
vn 0.3035 0.3661 -0.8797
vn 0.4941 -0.3912 -0.7764
vn 0.6121 -0.7246 -0.3166
vn 0.7436 -0.6095 -0.2749
vn 0.1892 -0.3438 -0.9198
vn 0.3049 -0.9355 0.1787
vn 0.9109 -0.1604 0.3802
vn 0.6503 -0.7078 0.2760
vn 0.7003 -0.4485 -0.5553
vn 0.8804 0.3512 -0.3187
vn 0.5633 0.2402 -0.7905
vn 0.7003 -0.4485 -0.5553
vn 0.8011 0.3179 -0.5072
vn 0.8804 0.3512 -0.3187
vn 0.7296 -0.6829 -0.0371
vn 0.5288 -0.7606 0.3766
vn 0.6165 -0.7722 -0.1539
vn 0.7380 -0.6735 0.0410
vn 0.7296 -0.6829 -0.0371
vn 0.7569 -0.6534 0.0125
vn 0.7345 -0.5343 0.4184
vn 0.0594 0.2805 0.9580
vn 0.2479 -0.6461 0.7219
vn 0.0137 -0.0771 0.9969
vn 0.1420 0.5272 0.8378
vn -0.1742 -0.0733 0.9820
vn 0.3049 -0.9355 0.1787
vn 0.5321 -0.5188 0.6691
vn 0.9109 -0.1604 0.3802
vn 0.4536 -0.5653 -0.6889
vn 0.9856 0.0912 -0.1427
vn 0.7936 -0.5574 0.2441
vn 0.8286 0.0646 -0.5561
vn 0.6930 -0.5400 -0.4777
vn 0.2436 -0.9002 -0.3609
vn 0.2240 0.0010 0.9746
vn 0.3892 0.1186 0.9135
vn 0.2092 0.6467 0.7334
vn 0.5333 -0.7854 -0.3142
vn 0.2280 -0.8180 -0.5282
vn 0.2231 -0.6590 -0.7183
vn 0.7296 -0.6829 -0.0371
vn 0.5619 -0.7198 0.4075
vn 0.5288 -0.7606 0.3766
vn 0.5888 -0.3989 0.7030
vn 0.3467 0.3374 0.8752
vn 0.3866 0.5932 0.7062
vn 0.7569 -0.6534 0.0125
vn 0.7296 -0.6829 -0.0371
vn 0.6165 -0.7722 -0.1539
vn 0.9221 -0.3852 0.0371
vn 0.7916 -0.6110 0.0052
vn 0.8078 -0.5792 0.1095
vn 0.0467 -0.7349 0.6766
vn 0.8986 -0.4284 0.0954
vn 0.0869 -0.5711 0.8163
vn -0.0284 -0.7650 0.6434
vn -0.1190 -0.7266 0.6767
vn 0.5321 -0.5188 0.6691
vn 0.9221 -0.3852 0.0371
vn 0.7072 -0.6992 -0.1043
vn 0.9628 -0.2339 -0.1352
vn 0.8286 0.0646 -0.5561
vn 0.6668 0.6336 0.3923
vn 0.7345 -0.5343 0.4184
vn 0.1892 -0.3438 -0.9198
vn 0.3372 -0.8475 -0.4098
vn 0.6121 -0.7246 -0.3166
vn 0.1208 0.6509 0.7495
vn 0.2240 0.0010 0.9746
vn 0.2092 0.6467 0.7334
vn 0.3761 0.3912 -0.8400
vn 0.5633 0.2402 -0.7905
vn 0.8804 0.3512 -0.3187
vn 0.3984 0.3919 -0.8293
vn 0.0375 0.5065 -0.8614
vn 0.1315 0.5590 -0.8187
vn 0.2968 -0.6799 0.6706
vn 0.8646 -0.5022 -0.0138
vn 0.7703 -0.5828 0.2588
vn 0.2756 0.5441 0.7925
vn 0.1420 0.5272 0.8378
vn 0.1456 0.5699 0.8087
vn 0.3232 -0.6955 -0.6417
vn 0.9628 -0.2339 -0.1352
vn 0.7072 -0.6992 -0.1043
vn 0.9109 -0.1604 0.3802
vn 0.5321 -0.5188 0.6691
vn 0.6440 -0.7649 0.0144
vn 0.3372 -0.8475 -0.4098
vn 0.1892 -0.3438 -0.9198
vn 0.4941 -0.3912 -0.7764
vn -0.4775 0.7958 -0.3725
vn 0.1912 0.4650 -0.8644
vn 0.3035 0.3661 -0.8797
vn 0.9856 0.0912 -0.1427
vn 0.8096 0.4709 0.3505
vn 0.7936 -0.5574 0.2441
vn 0.8096 0.4709 0.3505
vn 0.6045 -0.7644 0.2242
vn 0.7936 -0.5574 0.2441
vn 0.6668 0.6336 0.3923
vn 0.8286 0.0646 -0.5561
vn 0.6138 0.6077 -0.5039
vn 0.5619 -0.7198 0.4075
vn 0.5594 -0.5722 0.5997
vn 0.5288 -0.7606 0.3766
vn -0.1190 -0.7266 0.6767
vn -0.0284 -0.7650 0.6434
vn 0.0787 -0.7302 0.6787
vn -0.0284 -0.7650 0.6434
vn 0.3049 -0.9355 0.1787
vn 0.0787 -0.7302 0.6787
vn 0.6440 -0.7649 0.0144
vn 0.8646 -0.5022 -0.0138
vn 0.9109 -0.1604 0.3802
vn 0.2280 -0.8180 -0.5282
vn 0.5333 -0.7854 -0.3142
vn 0.3232 -0.6955 -0.6417
vn 0.7072 -0.6992 -0.1043
vn 0.9221 -0.3852 0.0371
vn 0.8103 -0.5629 -0.1633
vn 0.5619 -0.7198 0.4075
vn 0.4964 -0.7915 0.3565
vn 0.5594 -0.5722 0.5997
vn 0.8043 -0.2165 -0.5534
vn 0.4941 -0.3912 -0.7764
vn 0.3035 0.3661 -0.8797
vn 0.6510 -0.6055 0.4578
vn 0.5594 -0.5722 0.5997
vn 0.4964 -0.7915 0.3565
vn 0.1456 0.5699 0.8087
vn -0.1193 -0.7336 0.6690
vn 0.2586 0.3804 0.8879
vn 0.2436 -0.9002 -0.3609
vn 0.8112 0.0664 -0.5809
vn 0.8286 0.0646 -0.5561
vn 0.8103 -0.5629 -0.1633
vn 0.8078 -0.5792 0.1095
vn 0.6917 -0.7109 0.1269
vn 0.6165 -0.7722 -0.1539
vn 0.9709 -0.2277 0.0748
vn 0.7569 -0.6534 0.0125
vn 0.8096 0.4709 0.3505
vn 0.9687 0.0894 0.2316
vn 0.6045 -0.7644 0.2242
vn 0.9856 0.0912 -0.1427
vn 0.5488 0.0480 -0.8346
vn 0.8368 0.5474 -0.0102
vn -0.3071 0.9088 -0.2824
vn 0.1912 0.4650 -0.8644
vn -0.4775 0.7958 -0.3725
vn 0.8646 -0.5022 -0.0138
vn 0.6440 -0.7649 0.0144
vn 0.5483 -0.4282 0.7183
vn 0.5488 0.0480 -0.8346
vn 0.9856 0.0912 -0.1427
vn 0.4536 -0.5653 -0.6889
vn 0.6510 -0.6055 0.4578
vn 0.8986 -0.4284 0.0954
vn 0.0467 -0.7349 0.6766
vn 0.8103 -0.5629 -0.1633
vn 0.9221 -0.3852 0.0371
vn 0.8078 -0.5792 0.1095
vn 0.5288 -0.7606 0.3766
vn 0.6668 -0.7326 0.1370
vn 0.6165 -0.7722 -0.1539
vn 0.6917 -0.7109 0.1269
vn 0.8078 -0.5792 0.1095
vn 0.9709 -0.2277 0.0748
vn 0.3843 0.7695 -0.5101
vn 0.2231 -0.6590 -0.7183
vn 0.2001 -0.8818 -0.4270
vn 0.3372 -0.8475 -0.4098
vn 0.4941 -0.3912 -0.7764
vn 0.8043 -0.2165 -0.5534
vn 0.3035 0.3661 -0.8797
vn 0.1912 0.4650 -0.8644
vn 0.8043 -0.2165 -0.5534
vn 0.9709 -0.2277 0.0748
vn 0.8078 -0.5792 0.1095
vn 0.7569 -0.6534 0.0125
vn 0.5483 -0.4282 0.7183
vn 0.7703 -0.5828 0.2588
vn 0.8646 -0.5022 -0.0138
vn 0.9856 0.0912 -0.1427
vn 0.8368 0.5474 -0.0102
vn 0.8096 0.4709 0.3505
vn 0.2436 -0.9002 -0.3609
vn 0.6045 -0.7644 0.2242
vn 0.8112 0.0664 -0.5809
vn 0.6121 -0.7246 -0.3166
vn 0.1797 -0.6506 -0.7378
vn 0.3761 0.3912 -0.8400
vn 0.6138 0.6077 -0.5039
vn 0.5305 0.8361 0.1396
vn 0.6668 0.6336 0.3923
vn 0.8103 -0.5629 -0.1633
vn 0.2367 -0.8407 -0.4869
vn 0.7072 -0.6992 -0.1043
vn 0.5888 -0.3989 0.7030
vn 0.2270 -0.4116 0.8827
vn 0.3467 0.3374 0.8752
vn 0.9709 -0.2277 0.0748
vn 0.6165 -0.7722 -0.1539
vn 0.6668 -0.7326 0.1370
vn 0.5288 -0.7606 0.3766
vn 0.4268 -0.7037 0.5680
vn 0.6668 -0.7326 0.1370
vn 0.3866 0.5932 0.7062
vn 0.1208 0.6509 0.7495
vn 0.2092 0.6467 0.7334
vn -0.2554 -0.4584 -0.8513
vn 0.1797 -0.6506 -0.7378
vn 0.6121 -0.7246 -0.3166
vn 0.5483 -0.4282 0.7183
vn 0.2270 -0.4116 0.8827
vn 0.5888 -0.3989 0.7030
vn 0.6917 -0.7109 0.1269
vn 0.5536 -0.7943 -0.2503
vn 0.8103 -0.5629 -0.1633
vn 0.5565 0.6958 -0.4540
vn 0.1912 0.4650 -0.8644
vn -0.3071 0.9088 -0.2824
vn 0.3843 0.7695 -0.5101
vn 0.2001 -0.8818 -0.4270
vn 0.5387 0.4637 -0.7034
vn 0.6138 0.6077 -0.5039
vn 0.8286 0.0646 -0.5561
vn 0.8112 0.0664 -0.5809
vn 0.6138 0.6077 -0.5039
vn 0.8863 0.1904 -0.4222
vn 0.5305 0.8361 0.1396
vn 0.6510 -0.6055 0.4578
vn 0.3676 -0.7729 0.5173
vn 0.5594 -0.5722 0.5997
vn -0.1193 -0.7336 0.6690
vn -0.1190 -0.7266 0.6767
vn 0.0787 -0.7302 0.6787
vn -0.0069 0.5905 -0.8070
vn 0.5633 0.2402 -0.7905
vn 0.3761 0.3912 -0.8400
vn 0.4536 -0.5653 -0.6889
vn 0.2453 -0.8981 -0.3650
vn 0.5488 0.0480 -0.8346
vn -0.3071 0.9088 -0.2824
vn 0.3843 0.7695 -0.5101
vn 0.5565 0.6958 -0.4540
vn 0.8368 0.5474 -0.0102
vn 0.5488 0.0480 -0.8346
vn 0.4238 0.5051 -0.7518
vn 0.6045 -0.7644 0.2242
vn 0.9687 0.0894 0.2316
vn 0.8112 0.0664 -0.5809
vn 0.4536 -0.5653 -0.6889
vn 0.7936 -0.5574 0.2441
vn 0.2453 -0.8981 -0.3650
vn 0.2280 -0.8180 -0.5282
vn 0.4080 -0.6436 -0.6476
vn 0.2231 -0.6590 -0.7183
vn 0.5565 0.6958 -0.4540
vn 0.3843 0.7695 -0.5101
vn 0.5387 0.4637 -0.7034
vn 0.5387 0.4637 -0.7034
vn 0.2001 -0.8818 -0.4270
vn 0.3906 -0.5413 -0.7446
vn 0.6138 0.6077 -0.5039
vn 0.8112 0.0664 -0.5809
vn 0.8863 0.1904 -0.4222
vn 0.5305 0.8361 0.1396
vn -0.2111 0.5665 0.7966
vn 0.6668 0.6336 0.3923
vn 0.5565 0.6958 -0.4540
vn 0.8043 -0.2165 -0.5534
vn 0.1912 0.4650 -0.8644
vn 0.6668 0.6336 0.3923
vn -0.2111 0.5665 0.7966
vn 0.7345 -0.5343 0.4184
vn 0.1315 0.5590 -0.8187
vn 0.1289 0.5276 -0.8396
vn 0.5499 0.5060 -0.6645
vn 0.2479 -0.6461 0.7219
vn 0.6045 -0.7644 0.2242
vn 0.2436 -0.9002 -0.3609
vn 0.5488 0.0480 -0.8346
vn -0.0624 0.1958 -0.9787
vn 0.4238 0.5051 -0.7518
vn 0.5288 -0.7606 0.3766
vn 0.5594 -0.5722 0.5997
vn 0.4268 -0.7037 0.5680
vn 0.3232 -0.6955 -0.6417
vn 0.4080 -0.6436 -0.6476
vn 0.2280 -0.8180 -0.5282
vn -0.2554 -0.4584 -0.8513
vn 0.6121 -0.7246 -0.3166
vn 0.3372 -0.8475 -0.4098
vn 0.8863 0.1904 -0.4222
vn 0.6625 0.5949 0.4552
vn 0.5305 0.8361 0.1396
vn 0.3761 0.3912 -0.8400
vn 0.1797 -0.6506 -0.7378
vn -0.4284 -0.3983 -0.8111
vn 0.7072 -0.6992 -0.1043
vn 0.6751 -0.6872 -0.2682
vn 0.3232 -0.6955 -0.6417
vn 0.8043 -0.2165 -0.5534
vn -0.2554 -0.4584 -0.8513
vn 0.3372 -0.8475 -0.4098
vn 0.9625 0.2635 0.0651
vn 0.8096 0.4709 0.3505
vn 0.8368 0.5474 -0.0102
vn 0.0467 -0.7349 0.6766
vn 0.0869 -0.5711 0.8163
vn -0.3950 -0.6264 0.6720
vn 0.0594 0.2805 0.9580
vn 0.1367 0.7039 0.6970
vn 0.2479 -0.6461 0.7219
vn 0.6751 -0.6872 -0.2682
vn 0.7072 -0.6992 -0.1043
vn 0.2367 -0.8407 -0.4869
vn 0.3467 0.3374 0.8752
vn 0.1208 0.6509 0.7495
vn 0.3866 0.5932 0.7062
vn 0.6917 -0.7109 0.1269
vn 0.9709 -0.2277 0.0748
vn 0.8848 -0.4252 0.1907
vn 0.9687 0.0894 0.2316
vn 0.9625 0.2635 0.0651
vn 0.8863 0.1904 -0.4222
vn 0.3761 0.3912 -0.8400
vn 0.0041 0.5928 -0.8053
vn -0.0069 0.5905 -0.8070
vn 0.1420 0.5272 0.8378
vn 0.1942 0.6314 0.7508
vn 0.1456 0.5699 0.8087
vn 0.8863 0.1904 -0.4222
vn 0.9625 0.2635 0.0651
vn 0.6625 0.5949 0.4552
vn 0.8368 0.5474 -0.0102
vn 0.4238 0.5051 -0.7518
vn 0.7844 0.6199 -0.0200
vn 0.9687 0.0894 0.2316
vn 0.8863 0.1904 -0.4222
vn 0.8112 0.0664 -0.5809
vn 0.9625 0.2635 0.0651
vn 0.9687 0.0894 0.2316
vn 0.8096 0.4709 0.3505
vn 0.5387 0.4637 -0.7034
vn 0.3906 -0.5413 -0.7446
vn -0.5474 0.6102 -0.5727
vn 0.6668 -0.7326 0.1370
vn 0.8848 -0.4252 0.1907
vn 0.9709 -0.2277 0.0748
vn 0.9625 0.2635 0.0651
vn 0.7844 0.6199 -0.0200
vn 0.6625 0.5949 0.4552
vn -0.7217 -0.5537 -0.4153
vn 0.1797 -0.6506 -0.7378
vn -0.2554 -0.4584 -0.8513
vn 0.2231 -0.6590 -0.7183
vn 0.4080 -0.6436 -0.6476
vn 0.2001 -0.8818 -0.4270
vn -0.2111 0.5665 0.7966
vn 0.0594 0.2805 0.9580
vn 0.7345 -0.5343 0.4184
vn 0.2001 -0.8818 -0.4270
vn 0.4075 -0.8379 -0.3631
vn 0.3906 -0.5413 -0.7446
vn 0.5594 -0.5722 0.5997
vn 0.3676 -0.7729 0.5173
vn 0.5589 -0.6399 0.5274
vn 0.5536 -0.7943 -0.2503
vn 0.6917 -0.7109 0.1269
vn 0.4563 -0.8513 -0.2590
vn 0.2240 0.0010 0.9746
vn -0.3950 -0.6264 0.6720
vn 0.0869 -0.5711 0.8163
vn 0.3761 0.3912 -0.8400
vn -0.4284 -0.3983 -0.8111
vn 0.0041 0.5928 -0.8053
vn 0.3984 0.3919 -0.8293
vn 0.5633 0.2402 -0.7905
vn 0.0375 0.5065 -0.8614
vn 0.9625 0.2635 0.0651
vn 0.8368 0.5474 -0.0102
vn 0.7844 0.6199 -0.0200
vn -0.1193 -0.7336 0.6690
vn -0.0499 -0.7674 0.6392
vn -0.1190 -0.7266 0.6767
vn -0.1549 -0.1298 0.9794
vn -0.1193 -0.7336 0.6690
vn 0.1456 0.5699 0.8087
vn 0.4080 -0.6436 -0.6476
vn 0.3232 -0.6955 -0.6417
vn 0.2579 -0.7291 -0.6340
vn 0.2712 -0.7799 -0.5641
vn 0.2001 -0.8818 -0.4270
vn 0.4080 -0.6436 -0.6476
vn 0.3906 -0.5413 -0.7446
vn -0.4311 0.2199 -0.8751
vn -0.5474 0.6102 -0.5727
vn 0.5565 0.6958 -0.4540
vn -0.3262 0.3162 -0.8909
vn 0.8043 -0.2165 -0.5534
vn 0.8103 -0.5629 -0.1633
vn 0.0480 -0.7697 -0.6366
vn 0.2367 -0.8407 -0.4869
vn -0.1990 -0.5500 0.8111
vn 0.4268 -0.7037 0.5680
vn 0.2223 -0.4163 0.8816
vn 0.4268 -0.7037 0.5680
vn 0.5594 -0.5722 0.5997
vn 0.2223 -0.4163 0.8816
vn -0.0425 0.2528 0.9666
vn 0.5305 0.8361 0.1396
vn 0.6625 0.5949 0.4552
vn 0.6625 0.5949 0.4552
vn 0.7844 0.6199 -0.0200
vn 0.1560 0.6979 0.6990
vn 0.1208 0.6509 0.7495
vn 0.0568 0.0043 0.9984
vn 0.2240 0.0010 0.9746
vn -0.1193 -0.7336 0.6690
vn -0.1549 -0.1298 0.9794
vn -0.0499 -0.7674 0.6392
vn 0.1942 0.6314 0.7508
vn -0.1549 -0.1298 0.9794
vn 0.1456 0.5699 0.8087
vn 0.6510 -0.6055 0.4578
vn -0.3292 -0.4642 0.8223
vn 0.3676 -0.7729 0.5173
vn 0.4075 -0.8379 -0.3631
vn 0.2001 -0.8818 -0.4270
vn 0.2712 -0.7799 -0.5641
vn 0.8043 -0.2165 -0.5534
vn -0.3262 0.3162 -0.8909
vn -0.2554 -0.4584 -0.8513
vn 0.5536 -0.7943 -0.2503
vn 0.0480 -0.7697 -0.6366
vn 0.8103 -0.5629 -0.1633
vn 0.7936 -0.5574 0.2441
vn 0.6045 -0.7644 0.2242
vn 0.2453 -0.8981 -0.3650
vn 0.5305 0.8361 0.1396
vn -0.0425 0.2528 0.9666
vn -0.2111 0.5665 0.7966
vn 0.4238 0.5051 -0.7518
vn 0.4943 -0.0578 -0.8674
vn 0.7844 0.6199 -0.0200
vn 0.6917 -0.7109 0.1269
vn 0.8848 -0.4252 0.1907
vn 0.4563 -0.8513 -0.2590
vn 0.4075 -0.8379 -0.3631
vn 0.0754 -0.4637 -0.8828
vn 0.3906 -0.5413 -0.7446
vn -0.3706 0.5871 0.7197
vn 0.0594 0.2805 0.9580
vn -0.2464 -0.1724 0.9537
vn -0.0425 0.2528 0.9666
vn 0.6625 0.5949 0.4552
vn 0.1560 0.6979 0.6990
vn 0.2270 -0.4116 0.8827
vn 0.5483 -0.4282 0.7183
vn -0.2911 -0.4674 0.8348
vn 0.3676 -0.7729 0.5173
vn -0.3292 -0.4642 0.8223
vn -0.1928 -0.2324 0.9533
vn -0.1549 -0.1298 0.9794
vn 0.1942 0.6314 0.7508
vn -0.0180 0.3997 0.9165
vn 0.5565 0.6958 -0.4540
vn -0.5474 0.6102 -0.5727
vn -0.3262 0.3162 -0.8909
vn -0.4131 -0.1297 0.9014
vn 0.0594 0.2805 0.9580
vn -0.2111 0.5665 0.7966
vn 0.0467 -0.7349 0.6766
vn 0.0681 -0.0800 0.9945
vn 0.6510 -0.6055 0.4578
vn 0.7844 0.6199 -0.0200
vn 0.4943 -0.0578 -0.8674
vn 0.8848 -0.4252 0.1907
vn 0.7845 -0.2483 0.5683
vn 0.9350 0.3546 0.0106
vn 0.6973 0.6295 0.3427
vn 0.8848 -0.4252 0.1907
vn 0.4268 -0.7037 0.5680
vn 0.2518 -0.3265 0.9110
vn 0.4268 -0.7037 0.5680
vn 0.8848 -0.4252 0.1907
vn 0.6668 -0.7326 0.1370
vn -0.5474 0.6102 -0.5727
vn 0.5565 0.6958 -0.4540
vn 0.5387 0.4637 -0.7034
vn -0.1190 -0.7266 0.6767
vn -0.2934 -0.5626 0.7729
vn 0.5321 -0.5188 0.6691
vn -0.4284 -0.3983 -0.8111
vn 0.1797 -0.6506 -0.7378
vn -0.7217 -0.5537 -0.4153
vn -0.4131 -0.1297 0.9014
vn -0.2464 -0.1724 0.9537
vn 0.0594 0.2805 0.9580
vn 0.8848 -0.4252 0.1907
vn 0.2518 -0.3265 0.9110
vn 0.7844 0.6199 -0.0200
vn 0.9350 0.3546 0.0106
vn 0.7845 -0.2483 0.5683
vn 0.5177 -0.2510 -0.8179
vn 0.5589 -0.6399 0.5274
vn 0.3676 -0.7729 0.5173
vn -0.1928 -0.2324 0.9533
vn 0.0754 -0.4637 -0.8828
vn 0.4075 -0.8379 -0.3631
vn 0.5499 -0.6166 -0.5633
vn 0.4943 -0.0578 -0.8674
vn 0.4563 -0.8513 -0.2590
vn 0.8848 -0.4252 0.1907
vn 0.5589 -0.6399 0.5274
vn 0.2223 -0.4163 0.8816
vn 0.5594 -0.5722 0.5997
vn 0.7619 -0.6472 0.0258
vn 0.5177 -0.2510 -0.8179
vn 0.7845 -0.2483 0.5683
vn 0.7619 -0.6472 0.0258
vn 0.4876 -0.6995 -0.5223
vn 0.5177 -0.2510 -0.8179
vn 0.3232 -0.6955 -0.6417
vn 0.6751 -0.6872 -0.2682
vn 0.2579 -0.7291 -0.6340
vn -0.7117 -0.5185 -0.4739
vn -0.7217 -0.5537 -0.4153
vn -0.2554 -0.4584 -0.8513
vn -0.2111 0.5665 0.7966
vn -0.0425 0.2528 0.9666
vn -0.4131 -0.1297 0.9014
vn 0.2453 -0.8981 -0.3650
vn -0.0624 0.1958 -0.9787
vn 0.5488 0.0480 -0.8346
vn 0.4943 -0.0578 -0.8674
vn 0.4238 0.5051 -0.7518
vn 0.6351 0.0800 -0.7683
vn -0.4284 -0.3983 -0.8111
vn -0.7217 -0.5537 -0.4153
vn -0.7117 -0.5185 -0.4739
vn 0.0681 -0.0800 0.9945
vn -0.3292 -0.4642 0.8223
vn 0.6510 -0.6055 0.4578
vn 0.0832 0.5822 0.8088
vn 0.1420 0.5272 0.8378
vn 0.0137 -0.0771 0.9969
vn -0.4311 0.2199 -0.8751
vn -0.5649 0.4866 -0.6664
vn -0.3262 0.3162 -0.8909
vn 0.9260 -0.2562 0.2774
vn 0.7845 -0.2483 0.5683
vn 0.8933 0.1137 0.4349
vn -0.0624 0.1958 -0.9787
vn 0.9260 -0.2562 0.2774
vn 0.8933 0.1137 0.4349
vn -0.4311 0.2199 -0.8751
vn -0.3262 0.3162 -0.8909
vn -0.5474 0.6102 -0.5727
vn 0.2240 0.0010 0.9746
vn 0.0568 0.0043 0.9984
vn -0.3950 -0.6264 0.6720
vn -0.0624 0.1958 -0.9787
vn 0.2453 -0.8981 -0.3650
vn 0.9260 -0.2562 0.2774
vn 0.4563 -0.8513 -0.2590
vn 0.4943 -0.0578 -0.8674
vn 0.4946 -0.8283 -0.2633
vn 0.4238 0.5051 -0.7518
vn -0.0624 0.1958 -0.9787
vn 0.4438 0.2618 -0.8570
vn 0.8573 -0.5142 -0.0251
vn 0.7619 -0.6472 0.0258
vn 0.7845 -0.2483 0.5683
vn 0.6973 0.6295 0.3427
vn 0.9350 0.3546 0.0106
vn 0.5826 0.7709 0.2575
vn 0.4943 -0.0578 -0.8674
vn 0.4102 -0.6810 -0.6066
vn 0.4946 -0.8283 -0.2633
vn 0.1560 0.6979 0.6990
vn 0.7844 0.6199 -0.0200
vn 0.5535 0.7061 0.4417
vn 0.2518 -0.3265 0.9110
vn 0.4268 -0.7037 0.5680
vn -0.1990 -0.5500 0.8111
vn 0.5499 -0.6166 -0.5633
vn 0.4075 -0.8379 -0.3631
vn 0.2712 -0.7799 -0.5641
vn 0.2270 -0.4116 0.8827
vn -0.1863 -0.3730 0.9089
vn 0.3467 0.3374 0.8752
vn 0.5499 0.5060 -0.6645
vn 0.1289 0.5276 -0.8396
vn 0.3940 0.2249 -0.8912
vn 0.0375 0.5065 -0.8614
vn 0.2261 0.1830 -0.9568
vn 0.1315 0.5590 -0.8187
vn 0.9260 -0.2562 0.2774
vn 0.8573 -0.5142 -0.0251
vn 0.7845 -0.2483 0.5683
vn -0.1990 -0.5500 0.8111
vn 0.2223 -0.4163 0.8816
vn 0.2518 -0.3265 0.9110
vn 0.1942 0.6314 0.7508
vn 0.1420 0.5272 0.8378
vn 0.0832 0.5822 0.8088
vn 0.1367 0.7039 0.6970
vn 0.0594 0.2805 0.9580
vn -0.3706 0.5871 0.7197
vn 0.1289 0.5276 -0.8396
vn 0.1315 0.5590 -0.8187
vn 0.2261 0.1830 -0.9568
vn 0.7619 -0.6472 0.0258
vn 0.7506 -0.4909 -0.4422
vn 0.4876 -0.6995 -0.5223
vn -0.0624 0.1958 -0.9787
vn 0.4847 0.2918 -0.8246
vn 0.4438 0.2618 -0.8570
vn 0.4563 -0.8513 -0.2590
vn 0.5507 -0.7799 -0.2974
vn 0.5536 -0.7943 -0.2503
vn 0.6751 -0.6872 -0.2682
vn 0.2367 -0.8407 -0.4869
vn 0.3706 -0.6975 -0.6134
vn 0.2016 -0.4472 -0.8714
vn 0.2712 -0.7799 -0.5641
vn 0.3776 -0.5554 -0.7409
vn 0.2016 -0.4472 -0.8714
vn 0.5499 -0.6166 -0.5633
vn 0.2712 -0.7799 -0.5641
vn 0.4080 -0.6436 -0.6476
vn 0.2579 -0.7291 -0.6340
vn 0.5589 -0.6860 -0.4658
vn -0.1928 -0.2324 0.9533
vn -0.3292 -0.4642 0.8223
vn 0.0681 -0.0800 0.9945
vn 0.4946 -0.8283 -0.2633
vn 0.5507 -0.7799 -0.2974
vn 0.4563 -0.8513 -0.2590
vn 0.3706 -0.6975 -0.6134
vn 0.2367 -0.8407 -0.4869
vn 0.0480 -0.7697 -0.6366
vn 0.8598 0.5003 0.1024
vn 0.7845 -0.2483 0.5683
vn 0.6973 0.6295 0.3427
vn 0.4080 -0.6436 -0.6476
vn 0.5589 -0.6860 -0.4658
vn 0.3776 -0.5554 -0.7409
vn -0.1928 -0.2324 0.9533
vn 0.0681 -0.0800 0.9945
vn -0.3612 -0.3123 0.8786
vn -0.8536 -0.1201 -0.5069
vn 0.5633 0.2402 -0.7905
vn -0.0069 0.5905 -0.8070
vn 0.8466 0.5106 -0.1503
vn 0.9350 0.3546 0.0106
vn 0.5177 -0.2510 -0.8179
vn 0.7845 -0.2483 0.5683
vn 0.8598 0.5003 0.1024
vn 0.8933 0.1137 0.4349
vn -0.0499 -0.7674 0.6392
vn -0.6609 -0.4875 0.5706
vn -0.1190 -0.7266 0.6767
vn 0.6045 -0.7644 0.2242
vn 0.2479 -0.6461 0.7219
vn -0.3922 -0.5726 0.7199
vn 0.6973 0.6295 0.3427
vn 0.5826 0.7709 0.2575
vn 0.8598 0.5003 0.1024
vn 0.0467 -0.7349 0.6766
vn -0.3950 -0.6264 0.6720
vn -0.1008 -0.5259 0.8445
vn -0.2911 -0.4674 0.8348
vn 0.5483 -0.4282 0.7183
vn 0.6440 -0.7649 0.0144
vn 0.2518 -0.3265 0.9110
vn 0.5535 0.7061 0.4417
vn 0.7844 0.6199 -0.0200
vn -0.0624 0.1958 -0.9787
vn 0.8933 0.1137 0.4349
vn 0.9523 0.2946 0.0794
vn 0.2453 -0.8981 -0.3650
vn 0.8573 -0.5142 -0.0251
vn 0.9260 -0.2562 0.2774
vn 0.4876 -0.6995 -0.5223
vn 0.7506 -0.4909 -0.4422
vn 0.5177 -0.2510 -0.8179
vn 0.4080 -0.6436 -0.6476
vn 0.3776 -0.5554 -0.7409
vn 0.2712 -0.7799 -0.5641
vn 0.2270 -0.4116 0.8827
vn -0.2911 -0.4674 0.8348
vn -0.1863 -0.3730 0.9089
vn -0.0460 -0.6478 0.7605
vn 0.0467 -0.7349 0.6766
vn -0.1008 -0.5259 0.8445
vn -0.1190 -0.7266 0.6767
vn -0.1238 -0.1724 0.9772
vn -0.2934 -0.5626 0.7729
vn 0.5499 -0.6166 -0.5633
vn 0.2016 -0.4472 -0.8714
vn 0.4487 -0.6698 -0.5916
vn -0.0777 -0.5023 0.8612
vn 0.2518 -0.3265 0.9110
vn 0.2223 -0.4163 0.8816
vn 0.5499 -0.6166 -0.5633
vn 0.4487 -0.6698 -0.5916
vn 0.0754 -0.4637 -0.8828
vn 0.2209 -0.7676 -0.6016
vn 0.2579 -0.7291 -0.6340
vn 0.6751 -0.6872 -0.2682
vn 0.5589 -0.6399 0.5274
vn -0.0777 -0.5023 0.8612
vn 0.2223 -0.4163 0.8816
vn -0.4311 0.2199 -0.8751
vn 0.3906 -0.5413 -0.7446
vn 0.5444 0.4187 0.7269
vn 0.8598 0.5003 0.1024
vn 0.9523 0.2946 0.0794
vn 0.8933 0.1137 0.4349
vn -0.0624 0.1958 -0.9787
vn 0.9523 0.2946 0.0794
vn 0.4847 0.2918 -0.8246
vn 0.4102 -0.6810 -0.6066
vn 0.4943 -0.0578 -0.8674
vn 0.6351 0.0800 -0.7683
vn 0.3906 -0.5413 -0.7446
vn 0.0754 -0.4637 -0.8828
vn 0.5444 0.4187 0.7269
vn -0.2934 -0.5626 0.7729
vn 0.6440 -0.7649 0.0144
vn 0.5321 -0.5188 0.6691
vn 0.5589 -0.6860 -0.4658
vn 0.2579 -0.7291 -0.6340
vn 0.2209 -0.7676 -0.6016
vn 0.5146 0.1026 -0.8513
vn 0.8466 0.5106 -0.1503
vn 0.5177 -0.2510 -0.8179
vn 0.2453 -0.8981 -0.3650
vn 0.6232 -0.7683 -0.1460
vn 0.8573 -0.5142 -0.0251
vn -0.1430 -0.5182 -0.8432
vn 0.3706 -0.6975 -0.6134
vn 0.0480 -0.7697 -0.6366
vn 0.9427 -0.2717 -0.1936
vn 0.4946 -0.8283 -0.2633
vn 0.4102 -0.6810 -0.6066
vn -0.3612 -0.3123 0.8786
vn 0.0681 -0.0800 0.9945
vn -0.0182 -0.4105 0.9117
vn 0.2027 0.3572 0.9118
vn 0.1208 0.6509 0.7495
vn 0.3467 0.3374 0.8752
vn 0.5507 -0.7799 -0.2974
vn 0.4946 -0.8283 -0.2633
vn 0.9427 -0.2717 -0.1936
vn 0.9523 0.2946 0.0794
vn 0.8598 0.5003 0.1024
vn 0.4847 0.2918 -0.8246
vn -0.1928 -0.2324 0.9533
vn 0.0730 -0.5592 0.8258
vn 0.5589 -0.6399 0.5274
vn -0.1928 -0.2324 0.9533
vn -0.0182 -0.4105 0.9117
vn 0.0730 -0.5592 0.8258
vn 0.3467 0.3374 0.8752
vn -0.1863 -0.3730 0.9089
vn 0.2027 0.3572 0.9118
vn -0.7117 -0.5185 -0.4739
vn 0.4176 -0.6604 -0.6241
vn -0.4284 -0.3983 -0.8111
vn 0.4238 0.5051 -0.7518
vn 0.4438 0.2618 -0.8570
vn 0.6351 0.0800 -0.7683
vn 0.4847 0.2918 -0.8246
vn 0.8598 0.5003 0.1024
vn 0.4438 0.2618 -0.8570
vn 0.4220 -0.5848 -0.6927
vn 0.6751 -0.6872 -0.2682
vn 0.3706 -0.6975 -0.6134
vn 0.9350 0.3546 0.0106
vn 0.7099 0.6437 0.2857
vn 0.9029 0.3028 0.3051
vn -0.4131 -0.1297 0.9014
vn -0.0425 0.2528 0.9666
vn 0.1560 0.6979 0.6990
vn 0.9350 0.3546 0.0106
vn 0.8466 0.5106 -0.1503
vn 0.7099 0.6437 0.2857
vn -0.2934 -0.5626 0.7729
vn -0.2911 -0.4674 0.8348
vn 0.6440 -0.7649 0.0144
vn -0.0499 -0.7674 0.6392
vn -0.1549 -0.1298 0.9794
vn -0.2778 -0.7129 0.6439
vn 0.9029 0.3028 0.3051
vn 0.4438 0.2618 -0.8570
vn 0.8598 0.5003 0.1024
vn 0.4220 -0.5848 -0.6927
vn 0.2209 -0.7676 -0.6016
vn 0.6751 -0.6872 -0.2682
vn 0.5826 0.7709 0.2575
vn 0.9350 0.3546 0.0106
vn 0.9029 0.3028 0.3051
vn 0.0480 -0.7697 -0.6366
vn 0.5536 -0.7943 -0.2503
vn 0.5507 -0.7799 -0.2974
vn -0.1928 -0.2324 0.9533
vn -0.3612 -0.3123 0.8786
vn -0.0182 -0.4105 0.9117
vn -0.0460 -0.6478 0.7605
vn -0.1008 -0.5259 0.8445
vn 0.0363 -0.4794 0.8768
vn -0.6609 -0.4875 0.5706
vn -0.0499 -0.7674 0.6392
vn -0.2778 -0.7129 0.6439
vn 0.0832 0.5822 0.8088
vn 0.0137 -0.0771 0.9969
vn 0.0742 0.5394 0.8388
vn 0.8466 0.5106 -0.1503
vn 0.5146 0.1026 -0.8513
vn 0.8505 0.5248 0.0344
vn 0.8008 -0.5493 0.2388
vn 0.6761 -0.6007 -0.4266
vn 0.7435 0.6681 0.0298
vn 0.7506 -0.4909 -0.4422
vn 0.7619 -0.6472 0.0258
vn 0.8573 -0.5142 -0.0251
vn 0.8466 0.5106 -0.1503
vn 0.8505 0.5248 0.0344
vn 0.7099 0.6437 0.2857
vn 0.9029 0.3028 0.3051
vn 0.8598 0.5003 0.1024
vn 0.5826 0.7709 0.2575
vn 0.5507 -0.7799 -0.2974
vn 0.6701 -0.5332 -0.5164
vn 0.0480 -0.7697 -0.6366
vn 0.3940 0.2249 -0.8912
vn 0.1289 0.5276 -0.8396
vn 0.5620 0.4320 -0.7054
vn 0.2518 -0.3265 0.9110
vn 0.2806 0.7295 0.6238
vn 0.5535 0.7061 0.4417
vn 0.3706 -0.6975 -0.6134
vn -0.1430 -0.5182 -0.8432
vn 0.4220 -0.5848 -0.6927
vn -0.6609 -0.4875 0.5706
vn -0.5416 0.4257 0.7249
vn -0.1190 -0.7266 0.6767
vn 0.7099 0.6437 0.2857
vn 0.8505 0.5248 0.0344
vn 0.6462 0.7124 0.2735
vn 0.8008 -0.5493 0.2388
vn -0.3909 -0.8418 0.3722
vn 0.6761 -0.6007 -0.4266
vn 0.6701 -0.5332 -0.5164
vn -0.1430 -0.5182 -0.8432
vn 0.0480 -0.7697 -0.6366
vn 0.0730 -0.5592 0.8258
vn 0.1864 -0.7304 0.6571
vn -0.0777 -0.5023 0.8612
vn -0.0182 -0.4105 0.9117
vn 0.0681 -0.0800 0.9945
vn 0.0363 -0.4794 0.8768
vn 0.0363 -0.4794 0.8768
vn 0.0681 -0.0800 0.9945
vn 0.0467 -0.7349 0.6766
vn 0.7506 -0.4909 -0.4422
vn 0.5146 0.1026 -0.8513
vn 0.5177 -0.2510 -0.8179
vn 0.8573 -0.5142 -0.0251
vn 0.6232 -0.7683 -0.1460
vn 0.7506 -0.4909 -0.4422
vn 0.4438 0.2618 -0.8570
vn 0.9029 0.3028 0.3051
vn 0.6351 0.0800 -0.7683
vn 0.7506 -0.4909 -0.4422
vn 0.6232 -0.7683 -0.1460
vn 0.6157 -0.7862 0.0532
vn 0.8505 0.5248 0.0344
vn 0.5269 0.8412 -0.1216
vn 0.6462 0.7124 0.2735
vn 0.6701 -0.5332 -0.5164
vn 0.0347 -0.5394 -0.8413
vn -0.1430 -0.5182 -0.8432
vn 0.7506 -0.4909 -0.4422
vn 0.6068 -0.2267 -0.7619
vn 0.5146 0.1026 -0.8513
vn 0.6761 -0.6007 -0.4266
vn 0.7443 -0.0014 -0.6679
vn 0.7435 0.6681 0.0298
vn 0.5507 -0.7799 -0.2974
vn 0.9427 -0.2717 -0.1936
vn 0.9029 0.3028 0.3051
vn 0.6351 0.0800 -0.7683
vn 0.9029 0.3028 0.3051
vn 0.9427 -0.2717 -0.1936
vn 0.9427 -0.2717 -0.1936
vn 0.4102 -0.6810 -0.6066
vn 0.6351 0.0800 -0.7683
vn -0.5649 0.4866 -0.6664
vn -0.4311 0.2199 -0.8751
vn 0.5444 0.4187 0.7269
vn 0.5620 0.4320 -0.7054
vn 0.2261 0.1830 -0.9568
vn 0.3940 0.2249 -0.8912
vn 0.5620 0.4320 -0.7054
vn 0.1289 0.5276 -0.8396
vn 0.2261 0.1830 -0.9568
vn 0.2261 0.1830 -0.9568
vn 0.0375 0.5065 -0.8614
vn 0.5633 0.2402 -0.7905
vn 0.8516 -0.0085 -0.5242
vn 0.7443 -0.0014 -0.6679
vn 0.6761 -0.6007 -0.4266
vn -0.0777 -0.5023 0.8612
vn 0.2806 0.7295 0.6238
vn 0.2518 -0.3265 0.9110
vn 0.4220 -0.5848 -0.6927
vn -0.2560 -0.7543 -0.6045
vn 0.2209 -0.7676 -0.6016
vn 0.0363 -0.4794 0.8768
vn 0.0467 -0.7349 0.6766
vn -0.0460 -0.6478 0.7605
vn -0.1238 -0.1724 0.9772
vn -0.1190 -0.7266 0.6767
vn -0.6285 -0.4741 0.6166
vn 0.7435 0.6681 0.0298
vn 0.6860 0.6689 0.2864
vn 0.8008 -0.5493 0.2388
vn 0.6860 0.6689 0.2864
vn 0.6157 -0.7862 0.0532
vn 0.8008 -0.5493 0.2388
vn 0.5507 -0.7799 -0.2974
vn 0.9029 0.3028 0.3051
vn 0.8843 0.2305 -0.4060
vn 0.5421 0.4493 -0.7101
vn 0.3940 0.2249 -0.8912
vn 0.2261 0.1830 -0.9568
vn 0.5146 0.1026 -0.8513
vn 0.4991 -0.1453 -0.8543
vn 0.8505 0.5248 0.0344
vn -0.3909 -0.8418 0.3722
vn 0.6157 -0.7862 0.0532
vn 0.6232 -0.7683 -0.1460
vn 0.5146 0.1026 -0.8513
vn 0.6267 -0.0623 -0.7767
vn 0.4991 -0.1453 -0.8543
vn -0.2934 -0.5626 0.7729
vn -0.1238 -0.1724 0.9772
vn -0.4166 -0.5398 0.7315
vn 0.7443 -0.0014 -0.6679
vn 0.6292 0.5642 -0.5346
vn 0.7435 0.6681 0.0298
vn 0.9516 -0.1116 0.2863
vn 0.8054 -0.5253 0.2747
vn 0.7229 -0.6658 -0.1846
vn 0.6701 -0.5332 -0.5164
vn 0.5507 -0.7799 -0.2974
vn 0.8843 0.2305 -0.4060
vn -0.3922 -0.5726 0.7199
vn 0.2453 -0.8981 -0.3650
vn 0.6045 -0.7644 0.2242
vn 0.4637 -0.8450 -0.2664
vn 0.8516 -0.0085 -0.5242
vn 0.6761 -0.6007 -0.4266
vn 0.9029 0.3028 0.3051
vn 0.7099 0.6437 0.2857
vn 0.8843 0.2305 -0.4060
vn 0.7506 -0.4909 -0.4422
vn 0.6157 -0.7862 0.0532
vn 0.6860 0.6689 0.2864
vn 0.6267 -0.0623 -0.7767
vn 0.5146 0.1026 -0.8513
vn 0.6068 -0.2267 -0.7619
vn -0.1863 -0.3730 0.9089
vn -0.2142 0.7402 0.6374
vn 0.2027 0.3572 0.9118
vn -0.0777 -0.5023 0.8612
vn 0.1864 -0.7304 0.6571
vn 0.2806 0.7295 0.6238
vn 0.6893 0.5143 0.5103
vn 0.9516 -0.1116 0.2863
vn 0.4113 0.3719 -0.8322
vn -0.1434 0.8986 -0.4147
vn 0.3940 0.2249 -0.8912
vn 0.5421 0.4493 -0.7101
vn -0.5416 0.4257 0.7249
vn -0.6285 -0.4741 0.6166
vn -0.1190 -0.7266 0.6767
vn 0.7506 -0.4909 -0.4422
vn 0.6860 0.6689 0.2864
vn 0.6068 -0.2267 -0.7619
vn 0.4113 0.3719 -0.8322
vn -0.3840 0.5646 0.7306
vn 0.6893 0.5143 0.5103
vn 0.0717 -0.7337 -0.6757
vn 0.4220 -0.5848 -0.6927
vn -0.1430 -0.5182 -0.8432
vn 0.8054 -0.5253 0.2747
vn 0.6719 0.1526 0.7247
vn 0.6200 -0.7409 0.2584
vn -0.3909 -0.8418 0.3722
vn 0.8008 -0.5493 0.2388
vn 0.6157 -0.7862 0.0532
vn 0.3776 -0.5554 -0.7409
vn 0.5589 -0.6860 -0.4658
vn -0.3285 -0.8127 -0.4813
vn 0.7435 0.6681 0.0298
vn 0.7410 0.6662 0.0843
vn 0.6860 0.6689 0.2864
vn 0.7229 -0.6658 -0.1846
vn 0.5884 -0.4819 -0.6493
vn 0.9516 -0.1116 0.2863
vn 0.6200 -0.7409 0.2584
vn 0.8516 -0.0085 -0.5242
vn 0.4637 -0.8450 -0.2664
vn -0.0301 -0.6368 0.7704
vn 0.0730 -0.5592 0.8258
vn -0.0182 -0.4105 0.9117
vn 0.6701 -0.5332 -0.5164
vn 0.8843 0.2305 -0.4060
vn 0.0347 -0.5394 -0.8413
vn 0.7435 0.6681 0.0298
vn 0.6292 0.5642 -0.5346
vn 0.0849 0.9792 -0.1844
vn 0.0849 0.9792 -0.1844
vn 0.7410 0.6662 0.0843
vn 0.7435 0.6681 0.0298
vn -0.3706 0.5871 0.7197
vn -0.2464 -0.1724 0.9537
vn 0.8136 -0.1490 0.5620
vn 0.0568 0.0043 0.9984
vn -0.1137 0.0542 0.9920
vn -0.3950 -0.6264 0.6720
vn -0.1137 0.0542 0.9920
vn 0.0568 0.0043 0.9984
vn 0.1208 0.6509 0.7495
vn -0.4166 -0.5398 0.7315
vn -0.1238 -0.1724 0.9772
vn -0.6285 -0.4741 0.6166
vn 0.0717 -0.7337 -0.6757
vn -0.1430 -0.5182 -0.8432
vn 0.0347 -0.5394 -0.8413
vn 0.6267 -0.0623 -0.7767
vn 0.6068 -0.2267 -0.7619
vn 0.6860 0.6689 0.2864
vn 0.8505 0.5248 0.0344
vn 0.4991 -0.1453 -0.8543
vn 0.3852 0.1442 -0.9115
vn 0.5421 0.4493 -0.7101
vn -0.4307 0.7526 -0.4981
vn -0.1434 0.8986 -0.4147
vn 0.7443 -0.0014 -0.6679
vn 0.5083 0.7987 -0.3220
vn 0.6292 0.5642 -0.5346
vn -0.2934 -0.5626 0.7729
vn -0.5493 -0.1660 0.8190
vn -0.2911 -0.4674 0.8348
vn -0.2778 -0.7129 0.6439
vn -0.1549 -0.1298 0.9794
vn -0.5728 -0.5836 0.5757
vn 0.0730 -0.5592 0.8258
vn -0.0777 -0.5023 0.8612
vn 0.5589 -0.6399 0.5274
vn 0.9516 -0.1116 0.2863
vn 0.6893 0.5143 0.5103
vn 0.6719 0.1526 0.7247
vn 0.5589 -0.6860 -0.4658
vn 0.2209 -0.7676 -0.6016
vn -0.2239 -0.8640 0.4509
vn 0.5589 -0.6860 -0.4658
vn -0.2239 -0.8640 0.4509
vn -0.3285 -0.8127 -0.4813
vn -0.1137 0.0542 0.9920
vn 0.1208 0.6509 0.7495
vn -0.1080 0.6355 0.7645
vn 0.2027 0.3572 0.9118
vn -0.2142 0.7402 0.6374
vn 0.1208 0.6509 0.7495
vn 0.8505 0.5248 0.0344
vn 0.3852 0.1442 -0.9115
vn 0.5269 0.8412 -0.1216
vn 0.6462 0.7124 0.2735
vn 0.1518 0.9212 0.3582
vn 0.7099 0.6437 0.2857
vn 0.1367 0.7039 0.6970
vn -0.3922 -0.5726 0.7199
vn 0.2479 -0.6461 0.7219
vn 0.2209 -0.7676 -0.6016
vn -0.2560 -0.7543 -0.6045
vn -0.2239 -0.8640 0.4509
vn 0.1942 0.6314 0.7508
vn 0.0832 0.5822 0.8088
vn -0.0180 0.3997 0.9165
vn -0.1434 0.8986 -0.4147
vn -0.3681 0.8702 -0.3275
vn -0.0492 0.7429 -0.6676
vn -0.0492 0.7429 -0.6676
vn -0.5052 0.7204 -0.4751
vn -0.1434 0.8986 -0.4147
vn -0.4064 -0.6746 0.6162
vn -0.2934 -0.5626 0.7729
vn -0.4166 -0.5398 0.7315
vn 0.6860 0.6689 0.2864
vn 0.7410 0.6662 0.0843
vn 0.8648 0.4284 0.2619
vn 0.4637 -0.8450 -0.2664
vn 0.6761 -0.6007 -0.4266
vn -0.3909 -0.8418 0.3722
vn 0.7229 -0.6658 -0.1846
vn 0.8054 -0.5253 0.2747
vn -0.0121 -0.9989 -0.0457
vn -0.0182 -0.4105 0.9117
vn 0.0363 -0.4794 0.8768
vn -0.1557 -0.4963 0.8541
vn 0.4991 -0.1453 -0.8543
vn 0.6267 -0.0623 -0.7767
vn 0.2493 -0.1291 -0.9598
vn 0.8516 -0.0085 -0.5242
vn 0.5083 0.7987 -0.3220
vn 0.7443 -0.0014 -0.6679
vn 0.8516 -0.0085 -0.5242
vn 0.6200 -0.7409 0.2584
vn 0.6719 0.1526 0.7247
vn -0.4307 0.7526 -0.4981
vn -0.3681 0.8702 -0.3275
vn -0.1434 0.8986 -0.4147
vn 0.9516 -0.1116 0.2863
vn 0.6719 0.1526 0.7247
vn 0.8054 -0.5253 0.2747
vn 0.8843 0.2305 -0.4060
vn 0.3314 0.6278 -0.7043
vn 0.0717 -0.7337 -0.6757
vn 0.7099 0.6437 0.2857
vn 0.3314 0.6278 -0.7043
vn 0.8843 0.2305 -0.4060
vn 0.6860 0.6689 0.2864
vn 0.8648 0.4284 0.2619
vn 0.6267 -0.0623 -0.7767
vn -0.2934 -0.5626 0.7729
vn -0.4064 -0.6746 0.6162
vn -0.5493 -0.1660 0.8190
vn -0.8536 -0.1201 -0.5069
vn 0.2261 0.1830 -0.9568
vn 0.5633 0.2402 -0.7905
vn -0.1008 -0.5259 0.8445
vn -0.3950 -0.6264 0.6720
vn -0.5268 -0.5180 0.6738
vn 0.1456 0.2899 -0.9459
vn -0.2554 -0.4584 -0.8513
vn -0.3262 0.3162 -0.8909
vn -0.5649 0.4866 -0.6664
vn 0.1456 0.2899 -0.9459
vn -0.3262 0.3162 -0.8909
vn 0.1367 0.7039 0.6970
vn -0.3706 0.5871 0.7197
vn 0.7182 0.5540 0.4210
vn -0.0182 -0.4105 0.9117
vn -0.1557 -0.4963 0.8541
vn -0.1521 -0.6457 0.7483
vn -0.7380 -0.4458 0.5066
vn -0.6248 -0.6284 0.4635
vn -0.1549 -0.1298 0.9794
vn 0.5269 0.8412 -0.1216
vn 0.3852 0.1442 -0.9115
vn -0.5416 0.8302 0.1319
vn 0.7410 0.6662 0.0843
vn 0.0849 0.9792 -0.1844
vn 0.2493 -0.1291 -0.9598
vn 0.6267 -0.0623 -0.7767
vn 0.7410 0.6662 0.0843
vn 0.2493 -0.1291 -0.9598
vn 0.8843 0.2305 -0.4060
vn 0.0717 -0.7337 -0.6757
vn 0.0347 -0.5394 -0.8413
vn 0.6267 -0.0623 -0.7767
vn 0.8648 0.4284 0.2619
vn 0.7410 0.6662 0.0843
vn 0.5884 -0.4819 -0.6493
vn 0.7229 -0.6658 -0.1846
vn -0.0121 -0.9989 -0.0457
vn 0.9516 -0.1116 0.2863
vn 0.5884 -0.4819 -0.6493
vn 0.7094 0.0354 -0.7039
vn -0.2554 -0.4584 -0.8513
vn -0.0706 -0.4991 -0.8637
vn -0.7117 -0.5185 -0.4739
vn 0.0363 -0.4794 0.8768
vn -0.1008 -0.5259 0.8445
vn -0.1557 -0.4963 0.8541
vn 0.4113 0.3719 -0.8322
vn 0.9516 -0.1116 0.2863
vn 0.7094 0.0354 -0.7039
vn -0.6285 -0.4741 0.6166
vn -0.4064 -0.6746 0.6162
vn -0.4166 -0.5398 0.7315
vn -0.5493 -0.1660 0.8190
vn -0.1863 -0.3730 0.9089
vn -0.2911 -0.4674 0.8348
vn 0.4176 -0.6604 -0.6241
vn -0.7117 -0.5185 -0.4739
vn -0.0706 -0.4991 -0.8637
vn -0.2239 -0.8640 0.4509
vn -0.2560 -0.7543 -0.6045
vn -0.3285 -0.8127 -0.4813
vn -0.4131 -0.1297 0.9014
vn 0.8136 -0.1490 0.5620
vn -0.2464 -0.1724 0.9537
vn 0.3314 0.6278 -0.7043
vn 0.7099 0.6437 0.2857
vn 0.1518 0.9212 0.3582
vn -0.5649 0.4866 -0.6664
vn 0.4717 0.4244 -0.7729
vn 0.1456 0.2899 -0.9459
vn -0.5485 0.6815 0.4844
vn -0.3252 0.8609 0.3912
vn 0.0832 0.5822 0.8088
vn 0.6893 0.5143 0.5103
vn -0.3840 0.5646 0.7306
vn 0.6719 0.1526 0.7247
vn -0.5493 -0.1660 0.8190
vn -0.4064 -0.6746 0.6162
vn -0.4180 -0.5405 0.7302
vn -0.9256 0.1367 0.3530
vn -0.6347 0.7140 0.2956
vn -0.3252 0.8609 0.3912
vn -0.6609 -0.4875 0.5706
vn -0.6285 -0.4741 0.6166
vn -0.5416 0.4257 0.7249
vn -0.5649 0.4866 -0.6664
vn 0.5444 0.4187 0.7269
vn 0.4717 0.4244 -0.7729
vn 0.7094 0.0354 -0.7039
vn 0.5884 -0.4819 -0.6493
vn 0.4085 0.5425 -0.7340
vn -0.4131 -0.1297 0.9014
vn 0.1933 -0.4081 0.8922
vn 0.8136 -0.1490 0.5620
vn 0.8516 -0.0085 -0.5242
vn 0.6719 0.1526 0.7247
vn 0.5083 0.7987 -0.3220
vn 0.4085 0.5425 -0.7340
vn 0.5884 -0.4819 -0.6493
vn 0.4839 -0.7810 -0.3948
vn 0.4991 -0.1453 -0.8543
vn 0.2493 -0.1291 -0.9598
vn 0.3852 0.1442 -0.9115
vn -0.1549 -0.1298 0.9794
vn -0.0180 0.3997 0.9165
vn -0.7380 -0.4458 0.5066
vn 0.3776 -0.5554 -0.7409
vn -0.3285 -0.8127 -0.4813
vn -0.2557 -0.5882 -0.7672
vn -0.2560 -0.7543 -0.6045
vn -0.2557 -0.5882 -0.7672
vn -0.3285 -0.8127 -0.4813
vn -0.1137 0.0542 0.9920
vn -0.2911 -0.3327 0.8970
vn -0.3950 -0.6264 0.6720
vn -0.4131 -0.1297 0.9014
vn 0.1560 0.6979 0.6990
vn 0.1594 0.7331 0.6612
vn 0.1864 -0.7304 0.6571
vn 0.1777 -0.6433 0.7447
vn 0.2806 0.7295 0.6238
vn -0.5982 0.5882 0.5442
vn -0.0180 0.3997 0.9165
vn 0.0832 0.5822 0.8088
vn -0.6285 -0.4741 0.6166
vn -0.6609 -0.4875 0.5706
vn -0.6448 -0.1769 0.7436
vn 0.1518 0.9212 0.3582
vn 0.6462 0.7124 0.2735
vn 0.5269 0.8412 -0.1216
vn -0.1557 -0.4963 0.8541
vn -0.1008 -0.5259 0.8445
vn -0.5268 -0.5180 0.6738
vn 0.5444 0.4187 0.7269
vn 0.0754 -0.4637 -0.8828
vn -0.6464 0.5815 -0.4939
vn -0.4064 -0.6746 0.6162
vn 0.1503 -0.7105 0.6875
vn -0.4180 -0.5405 0.7302
vn -0.5268 -0.5180 0.6738
vn -0.3950 -0.6264 0.6720
vn -0.2911 -0.3327 0.8970
vn -0.2471 -0.7171 -0.6517
vn 0.0717 -0.7337 -0.6757
vn 0.3314 0.6278 -0.7043
vn -0.6448 -0.1769 0.7436
vn -0.4064 -0.6746 0.6162
vn -0.6285 -0.4741 0.6166
vn 0.4085 0.5425 -0.7340
vn 0.4941 0.6172 -0.6123
vn 0.0235 0.6251 -0.7802
vn -0.2142 0.7402 0.6374
vn -0.5424 0.6851 0.4862
vn -0.1080 0.6355 0.7645
vn -0.0121 -0.9989 -0.0457
vn 0.4839 -0.7810 -0.3948
vn 0.5884 -0.4819 -0.6493
vn 0.7094 0.0354 -0.7039
vn 0.4085 0.5425 -0.7340
vn 0.0235 0.6251 -0.7802
vn 0.2493 -0.1291 -0.9598
vn -0.2090 0.1765 -0.9619
vn 0.3852 0.1442 -0.9115
vn -0.2142 0.7402 0.6374
vn -0.1080 0.6355 0.7645
vn 0.1208 0.6509 0.7495
vn -0.4403 0.1582 -0.8838
vn 0.5421 0.4493 -0.7101
vn 0.2261 0.1830 -0.9568
vn -0.7449 -0.2155 0.6315
vn -0.4613 -0.6250 0.6297
vn -0.6448 -0.1769 0.7436
vn -0.4180 -0.5405 0.7302
vn -0.1863 -0.3730 0.9089
vn -0.5493 -0.1660 0.8190
vn -0.4180 -0.5405 0.7302
vn 0.1503 -0.7105 0.6875
vn -0.4613 -0.6250 0.6297
vn -0.4284 -0.3983 -0.8111
vn 0.4176 -0.6604 -0.6241
vn 0.0764 -0.4800 -0.8739
vn 0.0849 0.9792 -0.1844
vn 0.5083 0.7987 -0.3220
vn 0.5006 0.8310 0.2427
vn -0.5416 0.8302 0.1319
vn 0.3852 0.1442 -0.9115
vn -0.2090 0.1765 -0.9619
vn -0.4403 0.1582 -0.8838
vn -0.4307 0.7526 -0.4981
vn 0.5421 0.4493 -0.7101
vn -0.7240 -0.4948 -0.4806
vn 0.4220 -0.5848 -0.6927
vn 0.0717 -0.7337 -0.6757
vn 0.0849 0.9792 -0.1844
vn 0.6292 0.5642 -0.5346
vn 0.5083 0.7987 -0.3220
vn 0.6719 0.1526 0.7247
vn -0.3840 0.5646 0.7306
vn -0.4850 -0.1216 0.8660
vn 0.0235 0.6251 -0.7802
vn 0.4941 0.6172 -0.6123
vn -0.6661 0.6804 -0.3055
vn 0.1594 0.7331 0.6612
vn 0.5535 0.7061 0.4417
vn 0.2806 0.7295 0.6238
vn 0.1594 0.7331 0.6612
vn 0.1560 0.6979 0.6990
vn 0.5535 0.7061 0.4417
vn 0.0764 -0.4800 -0.8739
vn 0.0041 0.5928 -0.8053
vn -0.4284 -0.3983 -0.8111
vn -0.3370 0.6470 0.6839
vn -0.6347 0.7140 0.2956
vn -0.9256 0.1367 0.3530
vn -0.8399 -0.4867 0.2403
vn -0.6609 -0.4875 0.5706
vn -0.2778 -0.7129 0.6439
vn -0.3681 0.8702 -0.3275
vn -0.4307 0.7526 -0.4981
vn -0.4403 0.1582 -0.8838
vn 0.1864 -0.7304 0.6571
vn 0.0730 -0.5592 0.8258
vn -0.0301 -0.6368 0.7704
vn -0.5982 0.5882 0.5442
vn 0.0832 0.5822 0.8088
vn -0.3252 0.8609 0.3912
vn -0.6791 0.5796 -0.4504
vn -0.3681 0.8702 -0.3275
vn -0.4403 0.1582 -0.8838
vn -0.6448 -0.1769 0.7436
vn 0.1503 -0.7105 0.6875
vn -0.4064 -0.6746 0.6162
vn 0.1594 0.7331 0.6612
vn -0.4491 0.5591 0.6969
vn -0.4131 -0.1297 0.9014
vn 0.4839 -0.7810 -0.3948
vn 0.4239 -0.5991 -0.6793
vn 0.4428 0.1034 -0.8906
vn 0.2493 -0.1291 -0.9598
vn 0.0058 0.0666 -0.9978
vn -0.2090 0.1765 -0.9619
vn -0.8399 -0.4867 0.2403
vn -0.2778 -0.7129 0.6439
vn -0.5728 -0.5836 0.5757
vn -0.3889 -0.6147 0.6862
vn -0.5268 -0.5180 0.6738
vn -0.2911 -0.3327 0.8970
vn 0.4085 0.5425 -0.7340
vn 0.4839 -0.7810 -0.3948
vn 0.4428 0.1034 -0.8906
vn 0.4428 0.1034 -0.8906
vn 0.4941 0.6172 -0.6123
vn 0.4085 0.5425 -0.7340
vn -0.7240 -0.4948 -0.4806
vn -0.2560 -0.7543 -0.6045
vn 0.4220 -0.5848 -0.6927
vn -0.5728 -0.5836 0.5757
vn -0.1549 -0.1298 0.9794
vn -0.6248 -0.6284 0.4635
vn -0.0069 0.5905 -0.8070
vn -0.6957 0.6966 -0.1754
vn -0.8536 -0.1201 -0.5069
vn 0.1864 -0.7304 0.6571
vn -0.1332 -0.5004 0.8555
vn 0.1777 -0.6433 0.7447
vn -0.3252 0.8609 0.3912
vn -0.6347 0.7140 0.2956
vn -0.5982 0.5882 0.5442
vn 0.6719 0.1526 0.7247
vn -0.4850 -0.1216 0.8660
vn 0.5006 0.8310 0.2427
vn 0.5083 0.7987 -0.3220
vn 0.6719 0.1526 0.7247
vn 0.5006 0.8310 0.2427
vn 0.1864 -0.7304 0.6571
vn -0.0301 -0.6368 0.7704
vn -0.1332 -0.5004 0.8555
vn -0.4990 -0.6742 -0.5445
vn -0.2560 -0.7543 -0.6045
vn -0.1092 -0.6983 -0.7074
vn -0.3889 -0.6147 0.6862
vn -0.1557 -0.4963 0.8541
vn -0.5268 -0.5180 0.6738
vn -0.0706 -0.4991 -0.8637
vn 0.0764 -0.4800 -0.8739
vn 0.4176 -0.6604 -0.6241
vn -0.7240 -0.4948 -0.4806
vn 0.0717 -0.7337 -0.6757
vn -0.2471 -0.7171 -0.6517
vn -0.6791 0.5796 -0.4504
vn -0.7768 0.2649 -0.5713
vn -0.3681 0.8702 -0.3275
vn -0.1137 0.0542 0.9920
vn -0.7930 0.1529 0.5897
vn -0.2911 -0.3327 0.8970
vn 0.7094 0.0354 -0.7039
vn -0.4836 0.1692 -0.8588
vn 0.4113 0.3719 -0.8322
vn -0.5525 0.5888 -0.5900
vn -0.0069 0.5905 -0.8070
vn 0.0041 0.5928 -0.8053
vn -0.6791 0.5796 -0.4504
vn -0.4403 0.1582 -0.8838
vn -0.6663 0.5012 -0.5522
vn -0.6448 -0.1769 0.7436
vn -0.4613 -0.6250 0.6297
vn 0.1503 -0.7105 0.6875
vn -0.6609 -0.4875 0.5706
vn -0.8399 -0.4867 0.2403
vn -0.7449 -0.2155 0.6315
vn -0.7804 -0.0241 -0.6249
vn -0.6663 0.5012 -0.5522
vn 0.2261 0.1830 -0.9568
vn -0.4180 -0.5405 0.7302
vn -0.2142 0.7402 0.6374
vn -0.1863 -0.3730 0.9089
vn 0.0764 -0.4800 -0.8739
vn -0.0706 -0.4991 -0.8637
vn 0.3949 -0.7089 -0.5844
vn -0.2063 0.6630 -0.7196
vn -0.0492 0.7429 -0.6676
vn -0.3681 0.8702 -0.3275
vn 0.3438 0.6152 0.7095
vn 0.0849 0.9792 -0.1844
vn 0.5006 0.8310 0.2427
vn 0.2493 -0.1291 -0.9598
vn -0.3246 0.7245 -0.6081
vn 0.0058 0.0666 -0.9978
vn -0.2557 -0.5882 -0.7672
vn -0.4990 -0.6742 -0.5445
vn -0.4620 -0.3790 -0.8018
vn 0.7182 0.5540 0.4210
vn 0.4301 0.2814 0.8578
vn 0.1367 0.7039 0.6970
vn -0.4491 0.5591 0.6969
vn 0.1933 -0.4081 0.8922
vn -0.4131 -0.1297 0.9014
vn -0.6663 0.5012 -0.5522
vn -0.4403 0.1582 -0.8838
vn 0.2261 0.1830 -0.9568
vn -0.6248 -0.6284 0.4635
vn -0.8399 -0.4867 0.2403
vn -0.5728 -0.5836 0.5757
vn 0.4428 0.1034 -0.8906
vn 0.4239 -0.5991 -0.6793
vn -0.6301 -0.6273 -0.4577
vn -0.5982 0.5882 0.5442
vn -0.6347 0.7140 0.2956
vn -0.3907 0.8041 0.4480
vn -0.8676 0.0653 -0.4929
vn -0.3681 0.8702 -0.3275
vn -0.7768 0.2649 -0.5713
vn 0.1777 -0.6433 0.7447
vn -0.1376 0.8046 0.5777
vn 0.2806 0.7295 0.6238
vn -0.6908 0.6619 -0.2911
vn -0.3840 0.5646 0.7306
vn 0.4113 0.3719 -0.8322
vn -0.4990 -0.6742 -0.5445
vn -0.2557 -0.5882 -0.7672
vn -0.2560 -0.7543 -0.6045
vn 0.4487 -0.6698 -0.5916
vn -0.6950 -0.5761 -0.4302
vn 0.0754 -0.4637 -0.8828
vn -0.6347 0.7140 0.2956
vn -0.4117 0.6021 0.6841
vn -0.3907 0.8041 0.4480
vn -0.6791 0.5796 -0.4504
vn -0.6663 0.5012 -0.5522
vn -0.7768 0.2649 -0.5713
vn 0.4941 0.6172 -0.6123
vn 0.4428 0.1034 -0.8906
vn -0.7883 0.1118 -0.6050
vn 0.5269 0.8412 -0.1216
vn -0.5416 0.8302 0.1319
vn 0.1518 0.9212 0.3582
vn 0.4113 0.3719 -0.8322
vn -0.4836 0.1692 -0.8588
vn -0.6908 0.6619 -0.2911
vn -0.7472 -0.5008 -0.4369
vn -0.5525 0.5888 -0.5900
vn 0.0041 0.5928 -0.8053
vn -0.6248 -0.6284 0.4635
vn -0.8596 -0.3571 0.3655
vn -0.7449 -0.2155 0.6315
vn -0.6609 -0.4875 0.5706
vn -0.7449 -0.2155 0.6315
vn -0.6448 -0.1769 0.7436
vn -0.8296 -0.2878 -0.4784
vn -0.7899 0.4991 -0.3563
vn -0.7231 0.2047 -0.6597
vn 0.7094 0.0354 -0.7039
vn 0.0235 0.6251 -0.7802
vn -0.4836 0.1692 -0.8588
vn -0.4180 -0.5405 0.7302
vn -0.4613 -0.6250 0.6297
vn -0.6272 -0.6664 0.4032
vn -0.7936 -0.5662 -0.2230
vn -0.6957 0.6966 -0.1754
vn -0.7899 0.4991 -0.3563
vn -0.7380 -0.4458 0.5066
vn -0.0180 0.3997 0.9165
vn -0.5982 0.5882 0.5442
vn -0.7380 -0.4458 0.5066
vn -0.8596 -0.3571 0.3655
vn -0.6248 -0.6284 0.4635
vn -0.8536 -0.1201 -0.5069
vn -0.6957 0.6966 -0.1754
vn -0.7936 -0.5662 -0.2230
vn -0.7472 -0.5008 -0.4369
vn 0.0041 0.5928 -0.8053
vn 0.0764 -0.4800 -0.8739
vn 0.6200 -0.7409 0.2584
vn -0.0121 -0.9989 -0.0457
vn 0.8054 -0.5253 0.2747
vn -0.7768 0.2649 -0.5713
vn -0.6964 -0.7084 -0.1152
vn -0.8676 0.0653 -0.4929
vn -0.4180 -0.5405 0.7302
vn -0.4045 0.7788 0.4794
vn -0.2142 0.7402 0.6374
vn -0.7449 -0.2155 0.6315
vn -0.8399 -0.4867 0.2403
vn -0.6248 -0.6284 0.4635
vn -0.2063 0.6630 -0.7196
vn -0.3681 0.8702 -0.3275
vn -0.5293 0.6804 -0.5068
vn -0.3840 0.5646 0.7306
vn -0.6908 0.6619 -0.2911
vn -0.4850 -0.1216 0.8660
vn 0.2261 0.1830 -0.9568
vn -0.8536 -0.1201 -0.5069
vn -0.7804 -0.0241 -0.6249
vn -0.6661 0.6804 -0.3055
vn -0.3794 0.8684 -0.3192
vn 0.0235 0.6251 -0.7802
vn 0.3438 0.6152 0.7095
vn -0.1027 0.9850 -0.1385
vn 0.0849 0.9792 -0.1844
vn -0.7380 -0.4458 0.5066
vn -0.7791 -0.5424 0.3144
vn -0.8596 -0.3571 0.3655
vn 0.5905 0.5357 0.6036
vn 0.9742 0.2237 0.0294
vn 0.4681 0.8415 -0.2699
vn -0.7804 -0.0241 -0.6249
vn -0.6964 -0.7084 -0.1152
vn -0.7768 0.2649 -0.5713
vn -0.6908 0.6619 -0.2911
vn -0.4321 0.4276 -0.7940
vn -0.4850 -0.1216 0.8660
vn -0.7768 0.2649 -0.5713
vn -0.6663 0.5012 -0.5522
vn -0.7804 -0.0241 -0.6249
vn -0.7930 0.1529 0.5897
vn -0.4228 -0.5453 0.7238
vn -0.2911 -0.3327 0.8970
vn -0.6623 0.0776 0.7452
vn -0.2385 0.7216 0.6500
vn -0.3370 0.6470 0.6839
vn 0.1456 0.2899 -0.9459
vn -0.0706 -0.4991 -0.8637
vn -0.2554 -0.4584 -0.8513
vn -0.0069 0.5905 -0.8070
vn -0.5525 0.5888 -0.5900
vn -0.6957 0.6966 -0.1754
vn -0.8536 -0.1201 -0.5069
vn -0.7936 -0.5662 -0.2230
vn -0.6964 -0.7084 -0.1152
vn -0.3246 0.7245 -0.6081
vn 0.2493 -0.1291 -0.9598
vn 0.0849 0.9792 -0.1844
vn -0.7449 -0.2155 0.6315
vn -0.8596 -0.3571 0.3655
vn -0.7688 0.0107 0.6394
vn -0.7380 -0.4458 0.5066
vn -0.5982 0.5882 0.5442
vn -0.3907 0.8041 0.4480
vn -0.1332 -0.5004 0.8555
vn -0.0182 -0.4105 0.9117
vn -0.1521 -0.6457 0.7483
vn -0.3370 0.6470 0.6839
vn -0.4117 0.6021 0.6841
vn -0.6347 0.7140 0.2956
vn 0.4428 0.1034 -0.8906
vn -0.6301 -0.6273 -0.4577
vn -0.7883 0.1118 -0.6050
vn -0.7899 0.4991 -0.3563
vn -0.6957 0.6966 -0.1754
vn -0.7231 0.2047 -0.6597
vn 0.9742 0.2237 0.0294
vn 0.5905 0.5357 0.6036
vn 0.5006 0.8310 0.2427
vn -0.4180 -0.5405 0.7302
vn -0.6272 -0.6664 0.4032
vn -0.4045 0.7788 0.4794
vn 0.0235 0.6251 -0.7802
vn -0.4321 0.4276 -0.7940
vn -0.4836 0.1692 -0.8588
vn -0.3246 0.7245 -0.6081
vn 0.0849 0.9792 -0.1844
vn -0.1027 0.9850 -0.1385
vn -0.7076 -0.5008 0.4985
vn -0.8596 -0.3571 0.3655
vn -0.7791 -0.5424 0.3144
vn -0.3922 -0.5726 0.7199
vn 0.1367 0.7039 0.6970
vn 0.4301 0.2814 0.8578
vn -0.2911 -0.3327 0.8970
vn -0.4228 -0.5453 0.7238
vn -0.3889 -0.6147 0.6862
vn -0.7899 0.4991 -0.3563
vn -0.8296 -0.2878 -0.4784
vn -0.7936 -0.5662 -0.2230
vn 0.5425 0.2286 0.8084
vn 0.1933 -0.4081 0.8922
vn -0.4491 0.5591 0.6969
vn -0.7380 -0.4458 0.5066
vn -0.3907 0.8041 0.4480
vn -0.7791 -0.5424 0.3144
vn -0.3246 0.7245 -0.6081
vn -0.1027 0.9850 -0.1385
vn -0.2558 0.7245 -0.6400
vn 0.0235 0.6251 -0.7802
vn -0.3794 0.8684 -0.3192
vn 0.1254 0.3661 -0.9221
vn 0.0235 0.6251 -0.7802
vn 0.1254 0.3661 -0.9221
vn -0.4321 0.4276 -0.7940
vn -0.6872 -0.6080 -0.3976
vn -0.6964 -0.7084 -0.1152
vn -0.7936 -0.5662 -0.2230
vn 0.5444 0.4187 0.7269
vn 0.1456 0.2899 -0.9459
vn 0.4717 0.4244 -0.7729
vn -0.6060 -0.4878 0.6283
vn -0.1332 -0.5004 0.8555
vn -0.1521 -0.6457 0.7483
vn -0.6964 -0.7084 -0.1152
vn -0.7804 -0.0241 -0.6249
vn -0.8536 -0.1201 -0.5069
vn -0.1332 -0.5004 0.8555
vn -0.0301 -0.6368 0.7704
vn -0.0182 -0.4105 0.9117
vn -0.3706 0.5871 0.7197
vn 0.8136 -0.1490 0.5620
vn 0.7182 0.5540 0.4210
vn 0.4487 -0.6698 -0.5916
vn -0.5388 -0.3919 -0.7458
vn -0.6950 -0.5761 -0.4302
vn -0.3907 0.8041 0.4480
vn -0.4117 0.6021 0.6841
vn -0.7168 -0.3920 0.5766
vn -0.7791 -0.5424 0.3144
vn -0.3907 0.8041 0.4480
vn -0.7168 -0.3920 0.5766
vn -0.7472 -0.5008 -0.4369
vn 0.0764 -0.4800 -0.8739
vn 0.3949 -0.7089 -0.5844
vn 0.5444 0.4187 0.7269
vn 0.5150 0.5096 -0.6892
vn 0.1456 0.2899 -0.9459
vn 0.4487 -0.6698 -0.5916
vn 0.2016 -0.4472 -0.8714
vn -0.5388 -0.3919 -0.7458
vn 0.5003 0.1068 -0.8592
vn 0.9742 0.2237 0.0294
vn 0.5006 0.8310 0.2427
vn 0.5006 0.8310 0.2427
vn -0.4850 -0.1216 0.8660
vn -0.4321 0.4276 -0.7940
vn 0.0058 0.0666 -0.9978
vn -0.3246 0.7245 -0.6081
vn -0.2558 0.7245 -0.6400
vn 0.4681 0.8415 -0.2699
vn -0.3984 0.4801 0.7815
vn 0.5905 0.5357 0.6036
vn 0.1933 -0.4081 0.8922
vn 0.5425 0.2286 0.8084
vn 0.8136 -0.1490 0.5620
vn -0.3279 0.7345 -0.5941
vn 0.3314 0.6278 -0.7043
vn 0.1518 0.9212 0.3582
vn 0.3776 -0.5554 -0.7409
vn -0.5388 -0.3919 -0.7458
vn 0.2016 -0.4472 -0.8714
vn -0.6957 0.6966 -0.1754
vn -0.5525 0.5888 -0.5900
vn -0.7231 0.2047 -0.6597
vn 0.9742 0.2237 0.0294
vn 0.5003 0.1068 -0.8592
vn 0.4681 0.8415 -0.2699
vn -0.1092 -0.6983 -0.7074
vn -0.2560 -0.7543 -0.6045
vn -0.7240 -0.4948 -0.4806
vn -0.7076 -0.5008 0.4985
vn -0.7791 -0.5424 0.3144
vn -0.7168 -0.3920 0.5766
vn 0.3314 0.6278 -0.7043
vn -0.3279 0.7345 -0.5941
vn -0.2471 -0.7171 -0.6517
vn -0.4321 0.4276 -0.7940
vn -0.6908 0.6619 -0.2911
vn -0.4836 0.1692 -0.8588
vn -0.7614 0.5730 -0.3032
vn -0.5416 0.8302 0.1319
vn -0.2090 0.1765 -0.9619
vn -0.8676 0.0653 -0.4929
vn -0.5293 0.6804 -0.5068
vn -0.3681 0.8702 -0.3275
vn -0.2558 0.7245 -0.6400
vn -0.1027 0.9850 -0.1385
vn 0.0099 0.9867 -0.1625
vn -0.5424 0.6851 0.4862
vn -0.1137 0.0542 0.9920
vn -0.1080 0.6355 0.7645
vn 0.1456 0.2899 -0.9459
vn -0.6865 -0.6769 -0.2655
vn -0.0706 -0.4991 -0.8637
vn -0.8587 -0.5065 0.0778
vn 0.3949 -0.7089 -0.5844
vn -0.0706 -0.4991 -0.8637
vn 0.4839 -0.7810 -0.3948
vn -0.6301 -0.6273 -0.4577
vn 0.4239 -0.5991 -0.6793
vn 0.5006 0.8310 0.2427
vn -0.4321 0.4276 -0.7940
vn 0.3596 0.0850 -0.9292
vn -0.8587 -0.5065 0.0778
vn -0.9850 -0.1358 -0.1061
vn -0.7231 0.2047 -0.6597
vn -0.8587 -0.5065 0.0778
vn -0.7231 0.2047 -0.6597
vn -0.5525 0.5888 -0.5900
vn 0.1456 0.2899 -0.9459
vn -0.4830 0.8638 -0.1436
vn -0.5444 0.7798 -0.3091
vn -0.2063 0.6630 -0.7196
vn -0.5293 0.6804 -0.5068
vn -0.7840 0.2654 -0.5612
vn 0.5150 0.5096 -0.6892
vn 0.5444 0.4187 0.7269
vn -0.6464 0.5815 -0.4939
vn 0.4839 -0.7810 -0.3948
vn -0.0121 -0.9989 -0.0457
vn -0.6301 -0.6273 -0.4577
vn -0.2557 -0.5882 -0.7672
vn -0.4620 -0.3790 -0.8018
vn -0.5388 -0.3919 -0.7458
vn -0.4228 -0.5453 0.7238
vn -0.5739 -0.6412 0.5094
vn -0.3889 -0.6147 0.6862
vn -0.8587 -0.5065 0.0778
vn -0.0706 -0.4991 -0.8637
vn -0.6865 -0.6769 -0.2655
vn -0.6272 -0.6664 0.4032
vn -0.6590 -0.5938 0.4616
vn -0.7974 -0.5907 0.1230
vn -0.7076 -0.5008 0.4985
vn -0.7688 0.0107 0.6394
vn -0.8596 -0.3571 0.3655
vn -0.4117 0.6021 0.6841
vn -0.3370 0.6470 0.6839
vn -0.2385 0.7216 0.6500
vn -0.6272 -0.6664 0.4032
vn -0.8873 0.4027 -0.2250
vn -0.4045 0.7788 0.4794
vn -0.6272 -0.6664 0.4032
vn -0.4613 -0.6250 0.6297
vn -0.6590 -0.5938 0.4616
vn 0.7434 0.5481 0.3834
vn 0.5425 0.2286 0.8084
vn -0.3519 0.6083 0.7114
vn -0.1332 -0.5004 0.8555
vn -0.4532 -0.3581 0.8163
vn 0.1777 -0.6433 0.7447
vn 0.5905 0.5357 0.6036
vn 0.3438 0.6152 0.7095
vn 0.5006 0.8310 0.2427
vn -0.1137 0.0542 0.9920
vn -0.5424 0.6851 0.4862
vn -0.7930 0.1529 0.5897
vn -0.3794 0.8684 -0.3192
vn 0.3263 0.2207 -0.9191
vn 0.1254 0.3661 -0.9221
vn -0.3720 0.5103 -0.7754
vn -0.9487 -0.0577 -0.3107
vn -0.5444 0.7798 -0.3091
vn -0.3794 0.8684 -0.3192
vn -0.3378 0.4396 -0.8323
vn 0.3263 0.2207 -0.9191
vn -0.6590 -0.5938 0.4616
vn -0.7449 -0.2155 0.6315
vn -0.7688 0.0107 0.6394
vn 0.2453 -0.8981 -0.3650
vn -0.6537 -0.7384 0.1659
vn 0.6232 -0.7683 -0.1460
vn 0.3776 -0.5554 -0.7409
vn -0.2557 -0.5882 -0.7672
vn -0.5388 -0.3919 -0.7458
vn 0.5150 0.5096 -0.6892
vn -0.4830 0.8638 -0.1436
vn 0.1456 0.2899 -0.9459
vn 0.5425 0.2286 0.8084
vn 0.7434 0.5481 0.3834
vn 0.8136 -0.1490 0.5620
vn -0.8104 -0.2003 -0.5506
vn -0.8261 -0.4182 -0.3777
vn -0.9867 -0.0795 -0.1419
vn -0.7076 -0.5008 0.4985
vn -0.8724 -0.4622 0.1590
vn -0.7688 0.0107 0.6394
vn -0.6590 -0.5938 0.4616
vn -0.6386 -0.4170 0.6468
vn -0.7974 -0.5907 0.1230
vn -0.6590 -0.5938 0.4616
vn -0.4613 -0.6250 0.6297
vn -0.7449 -0.2155 0.6315
vn -0.6865 -0.6769 -0.2655
vn -0.9487 -0.0577 -0.3107
vn -0.8261 -0.4182 -0.3777
vn -0.5714 -0.6033 -0.5563
vn -0.9867 -0.0795 -0.1419
vn -0.4212 0.3454 -0.8386
vn 0.1456 0.2899 -0.9459
vn -0.9487 -0.0577 -0.3107
vn -0.6865 -0.6769 -0.2655
vn -0.4321 0.4276 -0.7940
vn 0.1254 0.3661 -0.9221
vn 0.3596 0.0850 -0.9292
vn -0.9867 -0.0795 -0.1419
vn -0.8261 -0.4182 -0.3777
vn -0.9487 -0.0577 -0.3107
vn -0.7974 -0.5907 0.1230
vn -0.8873 0.4027 -0.2250
vn -0.6272 -0.6664 0.4032
vn 0.4941 0.6172 -0.6123
vn -0.7883 0.1118 -0.6050
vn -0.6661 0.6804 -0.3055
vn -0.4212 0.3454 -0.8386
vn -0.9867 -0.0795 -0.1419
vn -0.9487 -0.0577 -0.3107
vn -0.8104 -0.2003 -0.5506
vn -0.9850 -0.1358 -0.1061
vn -0.8587 -0.5065 0.0778
vn 0.5006 0.8310 0.2427
vn 0.3596 0.0850 -0.9292
vn 0.5003 0.1068 -0.8592
vn -0.8104 -0.2003 -0.5506
vn -0.8499 -0.4446 -0.2828
vn -0.9850 -0.1358 -0.1061
vn -0.9850 -0.1358 -0.1061
vn -0.8296 -0.2878 -0.4784
vn -0.7231 0.2047 -0.6597
vn 0.2806 0.7295 0.6238
vn -0.4491 0.5591 0.6969
vn 0.1594 0.7331 0.6612
vn -0.2142 0.7402 0.6374
vn -0.3269 0.8853 0.3308
vn -0.5424 0.6851 0.4862
vn -0.6590 -0.5938 0.4616
vn -0.8654 -0.4640 0.1890
vn -0.6386 -0.4170 0.6468
vn -0.7974 -0.5907 0.1230
vn -0.6080 0.7092 -0.3569
vn -0.8873 0.4027 -0.2250
vn 0.5003 0.1068 -0.8592
vn 0.0861 0.6954 -0.7134
vn 0.4681 0.8415 -0.2699
vn -0.9487 -0.0577 -0.3107
vn 0.1456 0.2899 -0.9459
vn -0.5444 0.7798 -0.3091
vn 0.3263 0.2207 -0.9191
vn -0.3378 0.4396 -0.8323
vn 0.1254 0.3661 -0.9221
vn -0.1521 -0.6457 0.7483
vn -0.1557 -0.4963 0.8541
vn -0.6060 -0.4878 0.6283
vn -0.1170 -0.9920 -0.0464
vn -0.6537 -0.7384 0.1659
vn 0.2453 -0.8981 -0.3650
vn -0.8261 -0.4182 -0.3777
vn -0.8104 -0.2003 -0.5506
vn -0.6865 -0.6769 -0.2655
vn -0.8071 0.2157 0.5497
vn -0.7974 -0.5907 0.1230
vn -0.6386 -0.4170 0.6468
vn -0.8499 -0.4446 -0.2828
vn -0.7192 -0.5375 -0.4402
vn -0.6063 -0.6282 -0.4877
vn -0.4212 0.3454 -0.8386
vn -0.9487 -0.0577 -0.3107
vn -0.3720 0.5103 -0.7754
vn 0.8136 -0.1490 0.5620
vn 0.7434 0.5481 0.3834
vn 0.4301 0.2814 0.8578
vn -0.4045 0.7788 0.4794
vn -0.4732 0.7401 -0.4779
vn -0.2142 0.7402 0.6374
vn -0.5444 0.7798 -0.3091
vn 0.3349 0.8750 -0.3497
vn -0.3720 0.5103 -0.7754
vn -0.6872 -0.6080 -0.3976
vn -0.7936 -0.5662 -0.2230
vn -0.8124 -0.5828 0.0195
vn 0.4681 0.8415 -0.2699
vn 0.0861 0.6954 -0.7134
vn -0.6227 0.7796 0.0671
vn -0.6301 -0.6273 -0.4577
vn -0.0121 -0.9989 -0.0457
vn -0.8417 -0.5374 0.0521
vn -0.6872 -0.6080 -0.3976
vn -0.8676 0.0653 -0.4929
vn -0.6964 -0.7084 -0.1152
vn -0.3378 0.4396 -0.8323
vn -0.7883 0.1118 -0.6050
vn -0.8417 -0.5374 0.0521
vn -0.3378 0.4396 -0.8323
vn -0.8417 -0.5374 0.0521
vn -0.1698 -0.9198 -0.3536
vn -0.8104 -0.2003 -0.5506
vn -0.8587 -0.5065 0.0778
vn -0.6865 -0.6769 -0.2655
vn -0.9850 -0.1358 -0.1061
vn -0.5890 -0.4851 -0.6464
vn -0.8296 -0.2878 -0.4784
vn -0.0121 -0.9989 -0.0457
vn -0.1698 -0.9198 -0.3536
vn -0.8417 -0.5374 0.0521
vn 0.3438 0.6152 0.7095
vn 0.0099 0.9867 -0.1625
vn -0.1027 0.9850 -0.1385
vn -0.1376 0.8046 0.5777
vn 0.1777 -0.6433 0.7447
vn -0.4590 -0.0843 0.8844
vn -0.5739 -0.6412 0.5094
vn -0.1557 -0.4963 0.8541
vn -0.3889 -0.6147 0.6862
vn -0.6650 -0.0866 0.7418
vn -0.6386 -0.4170 0.6468
vn -0.8654 -0.4640 0.1890
vn -0.8071 0.2157 0.5497
vn -0.6080 0.7092 -0.3569
vn -0.7974 -0.5907 0.1230
vn -0.7883 0.1118 -0.6050
vn -0.3794 0.8684 -0.3192
vn -0.6661 0.6804 -0.3055
vn -0.9850 -0.1358 -0.1061
vn -0.8499 -0.4446 -0.2828
vn -0.5890 -0.4851 -0.6464
vn 0.8136 -0.1490 0.5620
vn 0.4301 0.2814 0.8578
vn 0.7182 0.5540 0.4210
vn 0.4301 0.2814 0.8578
vn 0.7434 0.5481 0.3834
vn -0.4288 0.1125 0.8964
vn -0.0121 -0.9989 -0.0457
vn 0.6200 -0.7409 0.2584
vn -0.1647 -0.7166 -0.6778
vn -0.4288 0.1125 0.8964
vn 0.7434 0.5481 0.3834
vn -0.3519 0.6083 0.7114
vn -0.4789 0.6946 0.5368
vn 0.5425 0.2286 0.8084
vn -0.4491 0.5591 0.6969
vn 0.2806 0.7295 0.6238
vn -0.1376 0.8046 0.5777
vn -0.4491 0.5591 0.6969
vn -0.4590 -0.0843 0.8844
vn 0.1777 -0.6433 0.7447
vn -0.4532 -0.3581 0.8163
vn -0.4228 -0.5453 0.7238
vn -0.6746 -0.4632 0.5748
vn -0.5739 -0.6412 0.5094
vn -0.2086 0.8038 0.5572
vn -0.8071 0.2157 0.5497
vn -0.6386 -0.4170 0.6468
vn -0.8499 -0.4446 -0.2828
vn -0.8104 -0.2003 -0.5506
vn -0.7192 -0.5375 -0.4402
vn -0.3794 0.8684 -0.3192
vn -0.7883 0.1118 -0.6050
vn -0.3378 0.4396 -0.8323
vn -0.8676 0.0653 -0.4929
vn -0.6872 -0.6080 -0.3976
vn -0.5293 0.6804 -0.5068
vn -0.6854 -0.4020 0.6072
vn -0.1557 -0.4963 0.8541
vn -0.5739 -0.6412 0.5094
vn -0.9867 -0.0795 -0.1419
vn -0.7192 -0.5375 -0.4402
vn -0.8104 -0.2003 -0.5506
vn -0.7240 -0.4948 -0.4806
vn -0.6157 -0.3664 -0.6976
vn -0.1092 -0.6983 -0.7074
vn -0.0219 0.8997 0.4359
vn -0.3279 0.7345 -0.5941
vn 0.1518 0.9212 0.3582
vn -0.2471 -0.7171 -0.6517
vn -0.1456 -0.6798 -0.7188
vn -0.5651 -0.7815 -0.2643
vn 0.0058 0.0666 -0.9978
vn -0.2558 0.7245 -0.6400
vn 0.0099 0.9867 -0.1625
vn -0.6080 0.7092 -0.3569
vn -0.8071 0.2157 0.5497
vn -0.4048 0.6527 0.6404
vn -0.3720 0.5103 -0.7754
vn 0.4582 0.6949 -0.5542
vn -0.4212 0.3454 -0.8386
vn 0.5905 0.5357 0.6036
vn -0.4282 0.7845 0.4485
vn 0.3438 0.6152 0.7095
vn -0.4990 -0.6742 -0.5445
vn -0.1092 -0.6983 -0.7074
vn -0.6157 -0.3664 -0.6976
vn -0.8587 -0.5065 0.0778
vn -0.7472 -0.5008 -0.4369
vn 0.3949 -0.7089 -0.5844
vn -0.6854 -0.4020 0.6072
vn -0.5739 -0.6412 0.5094
vn -0.6746 -0.4632 0.5748
vn -0.8071 0.2157 0.5497
vn -0.2086 0.8038 0.5572
vn -0.1385 0.0634 0.9883
vn -0.7472 -0.5008 -0.4369
vn -0.8587 -0.5065 0.0778
vn -0.5525 0.5888 -0.5900
vn -0.3720 0.5103 -0.7754
vn 0.3349 0.8750 -0.3497
vn 0.4582 0.6949 -0.5542
vn -0.6872 -0.6080 -0.3976
vn -0.7840 0.2654 -0.5612
vn -0.5293 0.6804 -0.5068
vn -0.3378 0.4396 -0.8323
vn -0.1698 -0.9198 -0.3536
vn 0.1254 0.3661 -0.9221
vn -0.7883 0.1118 -0.6050
vn -0.6301 -0.6273 -0.4577
vn -0.8417 -0.5374 0.0521
vn -0.4789 0.6946 0.5368
vn -0.3519 0.6083 0.7114
vn 0.5425 0.2286 0.8084
vn -0.1557 -0.4963 0.8541
vn -0.6854 -0.4020 0.6072
vn -0.6060 -0.4878 0.6283
vn -0.9867 -0.0795 -0.1419
vn -0.5714 -0.6033 -0.5563
vn -0.5066 -0.7411 -0.4406
vn -0.3269 0.8853 0.3308
vn -0.8073 0.1367 0.5740
vn -0.5424 0.6851 0.4862
vn -0.8873 0.4027 -0.2250
vn -0.4732 0.7401 -0.4779
vn -0.4045 0.7788 0.4794
vn -0.3909 -0.8418 0.3722
vn -0.5455 -0.8336 -0.0862
vn 0.4637 -0.8450 -0.2664
vn -0.3792 0.8488 0.3684
vn -0.4491 0.5591 0.6969
vn -0.1376 0.8046 0.5777
vn -0.2471 -0.7171 -0.6517
vn -0.5651 -0.7815 -0.2643
vn -0.7240 -0.4948 -0.4806
vn -0.4674 -0.3477 -0.8128
vn 0.0754 -0.4637 -0.8828
vn -0.6950 -0.5761 -0.4302
vn -0.4228 -0.5453 0.7238
vn -0.7730 -0.4431 0.4540
vn -0.6746 -0.4632 0.5748
vn -0.8124 -0.5828 0.0195
vn -0.7936 -0.5662 -0.2230
vn -0.8296 -0.2878 -0.4784
vn 0.3955 -0.5963 -0.6985
vn 0.1254 0.3661 -0.9221
vn -0.1698 -0.9198 -0.3536
vn -0.8749 0.1463 0.4616
vn -0.4532 -0.3581 0.8163
vn -0.1332 -0.5004 0.8555
vn -0.2385 0.7216 0.6500
vn -0.5085 0.2085 0.8354
vn -0.2300 0.4487 0.8635
vn -0.6854 -0.4020 0.6072
vn -0.6746 -0.4632 0.5748
vn -0.7311 -0.3614 0.5787
vn 0.8996 0.2662 -0.3462
vn 0.3423 0.6853 -0.6428
vn 0.1254 0.3661 -0.9221
vn -0.5714 -0.6033 -0.5563
vn -0.4212 0.3454 -0.8386
vn -0.5066 -0.7411 -0.4406
vn -0.7840 0.2654 -0.5612
vn -0.6872 -0.6080 -0.3976
vn -0.9599 -0.0958 -0.2635
vn -0.6080 0.7092 -0.3569
vn -0.4048 0.6527 0.6404
vn 0.1252 0.5934 -0.7951
vn -0.5066 -0.7411 -0.4406
vn -0.4212 0.3454 -0.8386
vn 0.0073 0.8314 -0.5556
vn -0.5085 0.2085 0.8354
vn -0.2385 0.7216 0.6500
vn -0.6623 0.0776 0.7452
vn -0.6623 0.0776 0.7452
vn -0.4935 0.7885 0.3671
vn -0.5085 0.2085 0.8354
vn -0.9211 -0.0214 0.3888
vn -0.6590 -0.5938 0.4616
vn -0.7688 0.0107 0.6394
vn 0.0073 0.8314 -0.5556
vn -0.4212 0.3454 -0.8386
vn 0.4582 0.6949 -0.5542
vn 0.3596 0.0850 -0.9292
vn 0.1254 0.3661 -0.9221
vn -0.4525 0.5342 -0.7141
vn -0.4525 0.5342 -0.7141
vn 0.5003 0.1068 -0.8592
vn 0.3596 0.0850 -0.9292
vn -0.2090 0.1765 -0.9619
vn 0.0058 0.0666 -0.9978
vn -0.4881 -0.0427 -0.8718
vn -0.8071 0.2157 0.5497
vn -0.1385 0.0634 0.9883
vn -0.4048 0.6527 0.6404
vn -0.6060 -0.4878 0.6283
vn -0.8749 0.1463 0.4616
vn -0.1332 -0.5004 0.8555
vn -0.5424 0.6851 0.4862
vn -0.8073 0.1367 0.5740
vn -0.7930 0.1529 0.5897
vn -0.4990 -0.6742 -0.5445
vn -0.6157 -0.3664 -0.6976
vn -0.9338 -0.3550 0.0441
vn -0.8499 -0.4446 -0.2828
vn -0.6063 -0.6282 -0.4877
vn -0.5890 -0.4851 -0.6464
vn 0.5150 0.5096 -0.6892
vn -0.6464 0.5815 -0.4939
vn -0.4830 0.8638 -0.1436
vn -0.7688 0.0107 0.6394
vn -0.7772 -0.5935 0.2093
vn -0.9211 -0.0214 0.3888
vn -0.8704 -0.4371 -0.2268
vn -0.6950 -0.5761 -0.4302
vn -0.5388 -0.3919 -0.7458
vn -0.5388 -0.3919 -0.7458
vn -0.8532 -0.4160 -0.3147
vn -0.8704 -0.4371 -0.2268
vn -0.4990 -0.6742 -0.5445
vn -0.9338 -0.3550 0.0441
vn -0.4620 -0.3790 -0.8018
vn 0.3955 -0.5963 -0.6985
vn 0.8996 0.2662 -0.3462
vn 0.1254 0.3661 -0.9221
vn -0.4282 0.7845 0.4485
vn 0.5905 0.5357 0.6036
vn -0.3984 0.4801 0.7815
vn -0.4674 -0.3477 -0.8128
vn -0.6950 -0.5761 -0.4302
vn -0.8704 -0.4371 -0.2268
vn -0.4830 0.8638 -0.1436
vn 0.3349 0.8750 -0.3497
vn -0.5444 0.7798 -0.3091
vn -0.1456 -0.6798 -0.7188
vn -0.2471 -0.7171 -0.6517
vn -0.3899 -0.4406 -0.8086
vn -0.8124 -0.5828 0.0195
vn -0.8296 -0.2878 -0.4784
vn -0.8506 -0.5006 -0.1608
vn -0.7468 -0.4987 0.4401
vn -0.9713 -0.0675 0.2279
vn -0.6060 -0.4878 0.6283
vn -0.1647 -0.7166 -0.6778
vn -0.1698 -0.9198 -0.3536
vn -0.0121 -0.9989 -0.0457
vn 0.8996 0.2662 -0.3462
vn 0.3574 0.1149 -0.9269
vn 0.3423 0.6853 -0.6428
vn -0.7772 -0.5935 0.2093
vn -0.7688 0.0107 0.6394
vn -0.8724 -0.4622 0.1590
vn -0.5066 -0.7411 -0.4406
vn -0.7192 -0.5375 -0.4402
vn -0.9867 -0.0795 -0.1419
vn -0.6227 0.7796 0.0671
vn -0.3984 0.4801 0.7815
vn 0.4681 0.8415 -0.2699
vn -0.6060 -0.4878 0.6283
vn -0.7311 -0.3614 0.5787
vn -0.7468 -0.4987 0.4401
vn -0.6060 -0.4878 0.6283
vn -0.6854 -0.4020 0.6072
vn -0.7311 -0.3614 0.5787
vn -0.6237 -0.7066 0.3342
vn -0.6746 -0.4632 0.5748
vn -0.7730 -0.4431 0.4540
vn -0.4830 0.8638 -0.1436
vn -0.6612 0.3277 -0.6748
vn 0.3349 0.8750 -0.3497
vn -0.3564 0.5117 0.7818
vn -0.2385 0.7216 0.6500
vn -0.2300 0.4487 0.8635
vn -0.5085 0.2085 0.8354
vn -0.4935 0.7885 0.3671
vn -0.0337 0.5961 0.8022
vn -0.6157 -0.3664 -0.6976
vn -0.9658 -0.2532 0.0554
vn -0.9338 -0.3550 0.0441
vn -0.8124 -0.5828 0.0195
vn -0.8506 -0.5006 -0.1608
vn -0.9599 -0.0958 -0.2635
vn -0.8749 0.1463 0.4616
vn -0.6060 -0.4878 0.6283
vn -0.9713 -0.0675 0.2279
vn -0.4117 0.6021 0.6841
vn -0.2385 0.7216 0.6500
vn -0.3564 0.5117 0.7818
vn -0.3279 0.7345 -0.5941
vn -0.8123 0.4940 -0.3100
vn -0.2471 -0.7171 -0.6517
vn 0.3955 -0.5963 -0.6985
vn 0.3574 0.1149 -0.9269
vn 0.8996 0.2662 -0.3462
vn -0.9599 -0.0958 -0.2635
vn -0.6872 -0.6080 -0.3976
vn -0.8124 -0.5828 0.0195
vn -0.4228 -0.5453 0.7238
vn -0.7930 0.1529 0.5897
vn -0.7730 -0.4431 0.4540
vn -0.2086 0.8038 0.5572
vn -0.6386 -0.4170 0.6468
vn -0.6650 -0.0866 0.7418
vn -0.8724 -0.4622 0.1590
vn -0.7076 -0.5008 0.4985
vn -0.7168 -0.3920 0.5766
vn -0.2142 0.7402 0.6374
vn -0.4732 0.7401 -0.4779
vn -0.3269 0.8853 0.3308
vn -0.7738 -0.5029 -0.3853
vn -0.8704 -0.4371 -0.2268
vn -0.8532 -0.4160 -0.3147
vn -0.4674 -0.3477 -0.8128
vn -0.8704 -0.4371 -0.2268
vn -0.8640 -0.3304 -0.3800
vn -0.8422 -0.2969 -0.4501
vn -0.9736 0.0236 -0.2270
vn -0.9253 -0.3434 -0.1613
vn -0.5085 0.2085 0.8354
vn -0.0337 0.5961 0.8022
vn -0.2300 0.4487 0.8635
vn -0.1456 -0.6798 -0.7188
vn -0.4090 -0.7646 -0.4980
vn -0.5651 -0.7815 -0.2643
vn 0.1252 0.5934 -0.7951
vn -0.4048 0.6527 0.6404
vn -0.1988 0.5506 0.8108
vn -0.6987 -0.4605 0.5475
vn -0.9102 -0.2247 0.3480
vn -0.5382 0.1810 0.8231
vn -0.8073 0.1367 0.5740
vn -0.6237 -0.7066 0.3342
vn -0.7930 0.1529 0.5897
vn -0.6987 -0.4605 0.5475
vn -0.5382 0.1810 0.8231
vn -0.6650 -0.0866 0.7418
vn -0.8422 -0.2969 -0.4501
vn -0.9253 -0.3434 -0.1613
vn -0.8532 -0.4160 -0.3147
vn -0.0219 0.8997 0.4359
vn -0.8123 0.4940 -0.3100
vn -0.3279 0.7345 -0.5941
vn -0.9211 -0.0214 0.3888
vn -0.8654 -0.4640 0.1890
vn -0.6590 -0.5938 0.4616
vn -0.9253 -0.3434 -0.1613
vn -0.9736 0.0236 -0.2270
vn -0.7442 -0.6067 -0.2795
vn -0.7738 -0.5029 -0.3853
vn -0.8640 -0.3304 -0.3800
vn -0.8704 -0.4371 -0.2268
vn -0.8749 0.1463 0.4616
vn -0.8593 0.2823 0.4266
vn -0.4532 -0.3581 0.8163
vn -0.4245 0.7085 -0.5638
vn 0.0073 0.8314 -0.5556
vn 0.4582 0.6949 -0.5542
vn -0.4935 0.7885 0.3671
vn -0.6013 0.7276 0.3303
vn -0.0337 0.5961 0.8022
vn -0.9713 -0.0675 0.2279
vn -0.8593 0.2823 0.4266
vn -0.8749 0.1463 0.4616
vn -0.6987 -0.4605 0.5475
vn -0.8654 -0.4640 0.1890
vn -0.9211 -0.0214 0.3888
vn -0.8422 -0.2969 -0.4501
vn -0.5388 -0.3919 -0.7458
vn -0.4620 -0.3790 -0.8018
vn -0.8932 -0.4435 0.0735
vn -0.7319 0.6811 0.0189
vn -0.8593 0.2823 0.4266
vn -0.8532 -0.4160 -0.3147
vn -0.5388 -0.3919 -0.7458
vn -0.8422 -0.2969 -0.4501
vn -0.3792 0.8488 0.3684
vn -0.4789 0.6946 0.5368
vn -0.4491 0.5591 0.6969
vn -0.6157 -0.3664 -0.6976
vn -0.7240 -0.4948 -0.4806
vn -0.9658 -0.2532 0.0554
vn 0.3574 0.1149 -0.9269
vn -0.7250 0.2277 -0.6501
vn 0.3423 0.6853 -0.6428
vn 0.3438 0.6152 0.7095
vn -0.4282 0.7845 0.4485
vn 0.0099 0.9867 -0.1625
vn -0.9211 -0.0214 0.3888
vn -0.7772 -0.5935 0.2093
vn -0.6987 -0.4605 0.5475
vn -0.2300 0.4487 0.8635
vn -0.0337 0.5961 0.8022
vn -0.3564 0.5117 0.7818
vn -0.1456 -0.6798 -0.7188
vn -0.3899 -0.4406 -0.8086
vn -0.2046 -0.7468 -0.6328
vn -0.8244 -0.5514 -0.1277
vn -0.5066 -0.7411 -0.4406
vn 0.0073 0.8314 -0.5556
vn -0.9338 -0.3550 0.0441
vn -0.8422 -0.2969 -0.4501
vn -0.4620 -0.3790 -0.8018
vn -0.2471 -0.7171 -0.6517
vn -0.8123 0.4940 -0.3100
vn -0.3899 -0.4406 -0.8086
vn -0.7730 -0.4431 0.4540
vn -0.7930 0.1529 0.5897
vn -0.6237 -0.7066 0.3342
vn -0.3792 0.8488 0.3684
vn -0.9360 0.3240 -0.1372
vn -0.4789 0.6946 0.5368
vn -0.4590 -0.0843 0.8844
vn -0.7266 0.5464 0.4164
vn -0.7314 0.5378 0.4193
vn -0.8993 -0.4210 -0.1182
vn -0.7240 -0.4948 -0.4806
vn -0.5651 -0.7815 -0.2643
vn -0.8993 -0.4210 -0.1182
vn -0.7746 -0.4695 -0.4238
vn -0.7597 -0.5979 -0.2556
vn -0.9102 -0.2247 0.3480
vn -0.5263 0.0912 0.8454
vn -0.5382 0.1810 0.8231
vn -0.2046 -0.7468 -0.6328
vn -0.4090 -0.7646 -0.4980
vn -0.1456 -0.6798 -0.7188
vn -0.5455 -0.8336 -0.0862
vn 0.6200 -0.7409 0.2584
vn 0.4637 -0.8450 -0.2664
vn -0.8654 -0.4640 0.1890
vn -0.6987 -0.4605 0.5475
vn -0.6650 -0.0866 0.7418
vn -0.8932 -0.4435 0.0735
vn -0.8593 0.2823 0.4266
vn -0.9713 -0.0675 0.2279
vn -0.8993 -0.4210 -0.1182
vn -0.9658 -0.2532 0.0554
vn -0.7240 -0.4948 -0.4806
vn -0.9658 -0.2532 0.0554
vn -0.8422 -0.2969 -0.4501
vn -0.9338 -0.3550 0.0441
vn -0.4288 0.1125 0.8964
vn -0.3922 -0.5726 0.7199
vn 0.4301 0.2814 0.8578
vn -0.7192 -0.5375 -0.4402
vn -0.5066 -0.7411 -0.4406
vn -0.9144 -0.3674 -0.1701
vn -0.9736 0.0236 -0.2270
vn -0.8422 -0.2969 -0.4501
vn -0.9658 -0.2532 0.0554
vn -0.9713 -0.0675 0.2279
vn -0.7578 -0.4808 0.4411
vn -0.8932 -0.4435 0.0735
vn -0.1647 -0.7166 -0.6778
vn 0.3955 -0.5963 -0.6985
vn -0.1698 -0.9198 -0.3536
vn -0.6811 0.6790 -0.2739
vn 0.1254 0.3661 -0.9221
vn 0.3423 0.6853 -0.6428
vn -0.3519 0.6083 0.7114
vn -0.4789 0.6946 0.5368
vn -0.9360 0.3240 -0.1372
vn -0.4674 -0.3477 -0.8128
vn -0.6464 0.5815 -0.4939
vn 0.0754 -0.4637 -0.8828
vn -0.4935 0.7885 0.3671
vn -0.6410 0.7351 0.2206
vn -0.6865 0.7216 0.0897
vn -0.4881 -0.0427 -0.8718
vn 0.0058 0.0666 -0.9978
vn 0.0099 0.9867 -0.1625
vn -0.9360 0.3240 -0.1372
vn -0.3792 0.8488 0.3684
vn -0.6947 0.0306 0.7186
vn -0.8724 -0.4622 0.1590
vn -0.7168 -0.3920 0.5766
vn -0.9200 -0.3340 0.2053
vn -0.7314 0.5378 0.4193
vn -0.1376 0.8046 0.5777
vn -0.4590 -0.0843 0.8844
vn -0.6464 0.5815 -0.4939
vn -0.8640 -0.3304 -0.3800
vn -0.4830 0.8638 -0.1436
vn -0.5705 0.1161 -0.8131
vn -0.8991 -0.3955 -0.1879
vn -0.8653 -0.0743 0.4958
vn -0.4830 0.8638 -0.1436
vn -0.8640 -0.3304 -0.3800
vn -0.7738 -0.5029 -0.3853
vn -0.6080 0.7092 -0.3569
vn 0.1252 0.5934 -0.7951
vn -0.8873 0.4027 -0.2250
vn -0.6987 -0.4605 0.5475
vn -0.7772 -0.5935 0.2093
vn -0.9102 -0.2247 0.3480
vn -0.4525 0.5342 -0.7141
vn -0.6530 0.4611 -0.6008
vn 0.5003 0.1068 -0.8592
vn -0.4674 -0.3477 -0.8128
vn -0.8640 -0.3304 -0.3800
vn -0.6464 0.5815 -0.4939
vn 0.2453 -0.8981 -0.3650
vn -0.5003 -0.8380 -0.2179
vn -0.3380 -0.8447 0.4150
vn -0.9268 0.0824 -0.3663
vn -0.9360 0.3240 -0.1372
vn -0.6947 0.0306 0.7186
vn -0.4590 -0.0843 0.8844
vn -0.4532 -0.3581 0.8163
vn -0.8593 0.2823 0.4266
vn -0.6548 0.7555 0.0207
vn -0.5983 0.7959 -0.0929
vn -0.6865 0.7216 0.0897
vn -0.3519 0.6083 0.7114
vn -0.9547 0.0733 -0.2885
vn -0.4288 0.1125 0.8964
vn -0.2086 0.8038 0.5572
vn -0.6650 -0.0866 0.7418
vn -0.6316 -0.1073 0.7678
vn -0.9253 -0.3434 -0.1613
vn -0.8418 -0.4337 -0.3215
vn -0.8532 -0.4160 -0.3147
vn -0.7319 0.6811 0.0189
vn -0.8932 -0.4435 0.0735
vn -0.5730 -0.3052 0.7606
vn -0.7173 0.6694 0.1932
vn -0.6865 0.7216 0.0897
vn -0.6410 0.7351 0.2206
vn -0.2090 0.1765 -0.9619
vn -0.4881 -0.0427 -0.8718
vn -0.2331 0.1340 -0.9632
vn -0.6746 -0.4632 0.5748
vn -0.6237 -0.7066 0.3342
vn -0.6886 -0.5178 0.5077
vn -0.6650 -0.0866 0.7418
vn -0.5382 0.1810 0.8231
vn -0.6316 -0.1073 0.7678
vn -0.8123 0.4940 -0.3100
vn -0.7651 -0.6247 -0.1561
vn -0.3899 -0.4406 -0.8086
vn -0.7738 -0.5029 -0.3853
vn -0.6612 0.3277 -0.6748
vn -0.4830 0.8638 -0.1436
vn -0.9658 -0.2532 0.0554
vn -0.8082 -0.4607 -0.3668
vn -0.9736 0.0236 -0.2270
vn -0.7168 -0.3920 0.5766
vn -0.4117 0.6021 0.6841
vn -0.9200 -0.3340 0.2053
vn -0.7578 -0.4808 0.4411
vn -0.8743 -0.4765 0.0923
vn -0.8932 -0.4435 0.0735
vn -0.4117 0.6021 0.6841
vn -0.3564 0.5117 0.7818
vn -0.9356 0.1071 0.3363
vn -0.8873 0.4027 -0.2250
vn 0.1252 0.5934 -0.7951
vn -0.4732 0.7401 -0.4779
vn -0.6227 0.7796 0.0671
vn -0.4282 0.7845 0.4485
vn -0.3984 0.4801 0.7815
vn -0.4590 -0.0843 0.8844
vn -0.8593 0.2823 0.4266
vn -0.7266 0.5464 0.4164
vn -0.3269 0.8853 0.3308
vn -0.5017 0.6684 0.5491
vn -0.8073 0.1367 0.5740
vn 0.5003 0.1068 -0.8592
vn -0.6530 0.4611 -0.6008
vn 0.0861 0.6954 -0.7134
vn 0.2453 -0.8981 -0.3650
vn -0.3922 -0.5726 0.7199
vn -0.5003 -0.8380 -0.2179
vn -0.7266 0.5697 -0.3840
vn -0.3519 0.6083 0.7114
vn -0.9360 0.3240 -0.1372
vn -0.6548 0.7555 0.0207
vn -0.6865 0.7216 0.0897
vn -0.7173 0.6694 0.1932
vn -0.9268 0.0824 -0.3663
vn -0.6947 0.0306 0.7186
vn -0.4771 0.1205 0.8706
vn -0.5533 0.8011 -0.2282
vn -0.8244 -0.5514 -0.1277
vn 0.0073 0.8314 -0.5556
vn -0.5730 -0.3052 0.7606
vn -0.8932 -0.4435 0.0735
vn -0.8743 -0.4765 0.0923
vn 0.3349 0.8750 -0.3497
vn -0.4245 0.7085 -0.5638
vn 0.4582 0.6949 -0.5542
vn -0.7468 -0.4987 0.4401
vn -0.7311 -0.3614 0.5787
vn -0.7176 -0.4303 0.5477
vn -0.9713 -0.0675 0.2279
vn -0.7468 -0.4987 0.4401
vn -0.7578 -0.4808 0.4411
vn -0.0337 0.5961 0.8022
vn -0.6013 0.7276 0.3303
vn -0.9356 0.1071 0.3363
vn -0.5705 0.1161 -0.8131
vn -0.8653 -0.0743 0.4958
vn -0.7720 0.0897 -0.6292
vn -0.9356 0.1071 0.3363
vn -0.3564 0.5117 0.7818
vn -0.0337 0.5961 0.8022
vn -0.8532 -0.4160 -0.3147
vn -0.8418 -0.4337 -0.3215
vn -0.7738 -0.5029 -0.3853
vn 0.0099 0.9867 -0.1625
vn -0.4282 0.7845 0.4485
vn 0.2867 0.8494 0.4431
vn -0.4935 0.7885 0.3671
vn -0.6865 0.7216 0.0897
vn -0.6013 0.7276 0.3303
vn -0.9360 0.3240 -0.1372
vn -0.9268 0.0824 -0.3663
vn -0.7266 0.5697 -0.3840
vn -0.5730 -0.3052 0.7606
vn -0.4505 0.7022 0.5513
vn -0.7319 0.6811 0.0189
vn -0.4732 0.7401 -0.4779
vn -0.5017 0.6684 0.5491
vn -0.3269 0.8853 0.3308
vn -0.4771 0.1205 0.8706
vn -0.9056 0.0660 -0.4191
vn -0.9268 0.0824 -0.3663
vn -0.1385 0.0634 0.9883
vn -0.7282 0.1738 0.6629
vn -0.1988 0.5506 0.8108
vn 0.2453 -0.8981 -0.3650
vn -0.3380 -0.8447 0.4150
vn -0.1170 -0.9920 -0.0464
vn -0.4282 0.7845 0.4485
vn 0.7450 0.6562 -0.1199
vn 0.2867 0.8494 0.4431
vn 0.1254 0.3661 -0.9221
vn -0.3780 0.5050 -0.7759
vn -0.4525 0.5342 -0.7141
vn -0.3792 0.8488 0.3684
vn -0.2567 0.6825 0.6844
vn -0.5270 0.3424 0.7778
vn -0.3792 0.8488 0.3684
vn -0.7314 0.5378 0.4193
vn -0.2567 0.6825 0.6844
vn -0.9253 -0.3434 -0.1613
vn -0.7442 -0.6067 -0.2795
vn -0.8418 -0.4337 -0.3215
vn -0.1385 0.0634 0.9883
vn -0.1988 0.5506 0.8108
vn -0.4048 0.6527 0.6404
vn -0.6316 -0.1073 0.7678
vn -0.5382 0.1810 0.8231
vn -0.5263 0.0912 0.8454
vn -0.1376 0.8046 0.5777
vn -0.7314 0.5378 0.4193
vn -0.3792 0.8488 0.3684
vn -0.8593 0.2823 0.4266
vn -0.7319 0.6811 0.0189
vn -0.6171 0.7673 0.1744
vn -0.9102 -0.2247 0.3480
vn -0.9948 -0.0539 0.0862
vn -0.9354 -0.3528 0.0227
vn -0.9144 -0.3674 -0.1701
vn -0.9102 -0.2247 0.3480
vn -0.9354 -0.3528 0.0227
vn -0.7772 -0.5935 0.2093
vn -0.9948 -0.0539 0.0862
vn -0.9102 -0.2247 0.3480
vn -0.4881 -0.0427 -0.8718
vn -0.6803 0.1502 -0.7174
vn 0.0497 -0.0838 -0.9952
vn -0.7772 -0.5935 0.2093
vn -0.8724 -0.4622 0.1590
vn -0.9948 -0.0539 0.0862
vn -0.9547 0.0733 -0.2885
vn -0.3922 -0.5726 0.7199
vn -0.4288 0.1125 0.8964
vn -0.5017 0.6684 0.5491
vn -0.6922 -0.4669 0.5504
vn -0.8073 0.1367 0.5740
vn -0.6227 0.7796 0.0671
vn -0.6530 0.4611 -0.6008
vn -0.4282 0.7845 0.4485
vn -0.2086 0.8038 0.5572
vn -0.6316 -0.1073 0.7678
vn -0.6501 0.7519 0.1101
vn 0.7934 0.0594 0.6058
vn 0.6690 0.7366 0.0991
vn -0.3500 0.5363 0.7680
vn -0.6537 -0.7384 0.1659
vn -0.6811 -0.7217 0.1238
vn 0.6232 -0.7683 -0.1460
vn -0.6227 0.7796 0.0671
vn 0.0861 0.6954 -0.7134
vn -0.6530 0.4611 -0.6008
vn -0.7651 -0.6247 -0.1561
vn -0.2046 -0.7468 -0.6328
vn -0.3899 -0.4406 -0.8086
vn -0.7597 -0.5979 -0.2556
vn -0.9658 -0.2532 0.0554
vn -0.8993 -0.4210 -0.1182
vn -0.5983 0.7959 -0.0929
vn -0.6847 0.7051 -0.1842
vn -0.6865 0.7216 0.0897
vn -0.9144 -0.3674 -0.1701
vn -0.9354 -0.3528 0.0227
vn -0.6063 -0.6282 -0.4877
vn -0.7746 -0.4695 -0.4238
vn -0.8993 -0.4210 -0.1182
vn -0.5651 -0.7815 -0.2643
vn -0.8244 -0.5514 -0.1277
vn -0.6501 0.7519 0.1101
vn -0.6316 -0.1073 0.7678
vn -0.8244 -0.5514 -0.1277
vn -0.9144 -0.3674 -0.1701
vn -0.5066 -0.7411 -0.4406
vn -0.7651 -0.6247 -0.1561
vn -0.8097 -0.5611 -0.1718
vn -0.2046 -0.7468 -0.6328
vn -0.3909 -0.8418 0.3722
vn 0.6232 -0.7683 -0.1460
vn -0.6811 -0.7217 0.1238
vn -0.6063 -0.6282 -0.4877
vn -0.9354 -0.3528 0.0227
vn -0.5890 -0.4851 -0.6464
vn -0.9948 -0.0539 0.0862
vn -0.6343 -0.4759 0.6093
vn -0.9354 -0.3528 0.0227
vn -0.9599 -0.0958 -0.2635
vn -0.8259 -0.5433 -0.1506
vn -0.8988 -0.3966 -0.1867
vn -0.6530 0.4611 -0.6008
vn -0.4525 0.5342 -0.7141
vn -0.4282 0.7845 0.4485
vn -0.6746 -0.4632 0.5748
vn -0.6886 -0.5178 0.5077
vn -0.7176 -0.4303 0.5477
vn -0.6237 -0.7066 0.3342
vn -0.8073 0.1367 0.5740
vn -0.6922 -0.4669 0.5504
vn -0.8244 -0.5514 -0.1277
vn -0.5533 0.8011 -0.2282
vn -0.6501 0.7519 0.1101
vn 0.6690 0.7366 0.0991
vn 0.7934 0.0594 0.6058
vn 0.3564 0.5140 -0.7803
vn -0.5730 -0.3052 0.7606
vn -0.8743 -0.4765 0.0923
vn -0.4677 -0.3631 0.8059
vn 0.2867 0.8494 0.4431
vn -0.1382 0.9856 -0.0974
vn 0.0099 0.9867 -0.1625
vn -0.8593 0.2823 0.4266
vn -0.6171 0.7673 0.1744
vn -0.7266 0.5464 0.4164
vn -0.7176 -0.4303 0.5477
vn -0.7596 -0.6352 0.1400
vn -0.7468 -0.4987 0.4401
vn 0.3349 0.8750 -0.3497
vn -0.6612 0.3277 -0.6748
vn -0.4245 0.7085 -0.5638
vn -0.5017 0.6684 0.5491
vn -0.4732 0.7401 -0.4779
vn -0.7961 0.6027 0.0545
vn -0.8082 -0.4607 -0.3668
vn -0.9658 -0.2532 0.0554
vn -0.7597 -0.5979 -0.2556
vn -0.8244 -0.5514 -0.1277
vn -0.7171 -0.5490 0.4293
vn -0.9144 -0.3674 -0.1701
vn -0.8523 -0.5013 -0.1493
vn -0.8296 -0.2878 -0.4784
vn -0.5890 -0.4851 -0.6464
vn 0.7450 0.6562 -0.1199
vn 0.7934 0.0594 0.6058
vn 0.2867 0.8494 0.4431
vn -0.9102 -0.2247 0.3480
vn -0.9144 -0.3674 -0.1701
vn -0.7171 -0.5490 0.4293
vn -0.6865 0.7216 0.0897
vn -0.6847 0.7051 -0.1842
vn -0.8988 -0.3966 -0.1867
vn -0.8244 -0.5514 -0.1277
vn -0.6316 -0.1073 0.7678
vn -0.7171 -0.5490 0.4293
vn -0.8239 -0.5140 -0.2387
vn -0.9547 0.0733 -0.2885
vn -0.9268 0.0824 -0.3663
vn -0.8991 -0.3955 -0.1879
vn -0.5705 0.1161 -0.8131
vn -0.7720 0.0897 -0.6292
vn -0.6171 0.7673 0.1744
vn -0.7319 0.6811 0.0189
vn -0.4505 0.7022 0.5513
vn -0.4881 -0.0427 -0.8718
vn 0.0099 0.9867 -0.1625
vn -0.1382 0.9856 -0.0974
vn -0.4282 0.7845 0.4485
vn 0.6602 0.3911 -0.6412
vn 0.7450 0.6562 -0.1199
vn 0.0497 -0.0838 -0.9952
vn -0.6803 0.1502 -0.7174
vn -0.0959 0.7024 -0.7053
vn -0.6257 0.5753 0.5268
vn -0.6171 0.7673 0.1744
vn -0.4505 0.7022 0.5513
vn -0.6316 -0.1073 0.7678
vn -0.5263 0.0912 0.8454
vn -0.7171 -0.5490 0.4293
vn -0.4881 -0.0427 -0.8718
vn -0.5523 0.8335 0.0139
vn -0.6803 0.1502 -0.7174
vn -0.7746 -0.4695 -0.4238
vn -0.7820 -0.6116 -0.1202
vn -0.7597 -0.5979 -0.2556
vn 0.7450 0.6562 -0.1199
vn 0.3564 0.5140 -0.7803
vn 0.7934 0.0594 0.6058
vn -0.6467 -0.3936 0.6533
vn -0.7169 0.1142 0.6878
vn -0.7596 -0.6352 0.1400
vn -0.9356 0.1071 0.3363
vn -0.6013 0.7276 0.3303
vn -0.6865 0.7216 0.0897
vn -0.8296 -0.2878 -0.4784
vn -0.8259 -0.5433 -0.1506
vn -0.8506 -0.5006 -0.1608
vn -0.6865 0.7216 0.0897
vn -0.9948 -0.0539 0.0862
vn -0.9200 -0.3340 0.2053
vn -0.9200 -0.3340 0.2053
vn -0.4117 0.6021 0.6841
vn -0.9356 0.1071 0.3363
vn -0.9144 -0.3674 -0.1701
vn -0.6063 -0.6282 -0.4877
vn -0.7192 -0.5375 -0.4402
vn -0.7176 -0.4303 0.5477
vn -0.6886 -0.5178 0.5077
vn -0.8195 -0.5700 0.0602
vn -0.8724 -0.4622 0.1590
vn -0.9200 -0.3340 0.2053
vn -0.9948 -0.0539 0.0862
vn -0.2046 -0.7468 -0.6328
vn -0.8097 -0.5611 -0.1718
vn -0.4090 -0.7646 -0.4980
vn -0.7176 -0.4303 0.5477
vn -0.7311 -0.3614 0.5787
vn -0.6746 -0.4632 0.5748
vn -0.4525 0.5342 -0.7141
vn 0.6602 0.3911 -0.6412
vn -0.4282 0.7845 0.4485
vn -0.6947 0.0306 0.7186
vn -0.3792 0.8488 0.3684
vn -0.5270 0.3424 0.7778
vn -0.5533 0.8011 -0.2282
vn -0.6351 0.7593 -0.1417
vn -0.6501 0.7519 0.1101
vn -0.9354 -0.3528 0.0227
vn -0.8523 -0.5013 -0.1493
vn -0.5890 -0.4851 -0.6464
vn -0.7840 0.2654 -0.5612
vn -0.6847 0.7051 -0.1842
vn -0.5983 0.7959 -0.0929
vn -0.4090 -0.7646 -0.4980
vn -0.8097 -0.5611 -0.1718
vn -0.7569 -0.6460 -0.0988
vn -0.9102 -0.2247 0.3480
vn -0.7171 -0.5490 0.4293
vn -0.5263 0.0912 0.8454
vn -0.8743 -0.4765 0.0923
vn -0.7578 -0.4808 0.4411
vn -0.7468 -0.4987 0.4401
vn -0.8653 -0.0743 0.4958
vn -0.9259 -0.0706 0.3712
vn -0.7720 0.0897 -0.6292
vn -0.3519 0.6083 0.7114
vn -0.7266 0.5697 -0.3840
vn -0.9547 0.0733 -0.2885
vn -0.6343 -0.4759 0.6093
vn -0.9948 -0.0539 0.0862
vn -0.8259 -0.5433 -0.1506
vn -0.7169 0.1142 0.6878
vn -0.4677 -0.3631 0.8059
vn -0.8743 -0.4765 0.0923
vn -0.8938 -0.3880 0.2248
vn -0.9259 -0.0706 0.3712
vn -0.8653 -0.0743 0.4958
vn -0.6501 0.7519 0.1101
vn -0.5117 0.6605 0.5495
vn -0.2086 0.8038 0.5572
vn -0.7720 0.0897 -0.6292
vn -0.8591 0.0763 -0.5061
vn -0.8991 -0.3955 -0.1879
vn -0.5523 0.8335 0.0139
vn -0.0959 0.7024 -0.7053
vn -0.6803 0.1502 -0.7174
vn -0.4771 0.1205 0.8706
vn -0.6779 0.0385 0.7342
vn -0.9056 0.0660 -0.4191
vn -0.2086 0.8038 0.5572
vn -0.5117 0.6605 0.5495
vn -0.1385 0.0634 0.9883
vn 0.6602 0.3911 -0.6412
vn 0.3564 0.5140 -0.7803
vn 0.7450 0.6562 -0.1199
vn -0.6865 0.7216 0.0897
vn -0.9200 -0.3340 0.2053
vn -0.9356 0.1071 0.3363
vn -0.8027 0.5786 0.1444
vn -0.7266 0.5464 0.4164
vn -0.6171 0.7673 0.1744
vn -0.7169 0.1142 0.6878
vn -0.6467 -0.3936 0.6533
vn -0.4600 -0.1951 0.8662
vn -0.8743 -0.4765 0.0923
vn -0.7596 -0.6352 0.1400
vn -0.7169 0.1142 0.6878
vn -0.8807 -0.4598 0.1139
vn -0.8653 -0.0743 0.4958
vn -0.8991 -0.3955 -0.1879
vn -0.9056 0.0660 -0.4191
vn -0.5003 -0.8380 -0.2179
vn -0.8239 -0.5140 -0.2387
vn 0.2867 0.8494 0.4431
vn 0.2721 0.5917 0.7588
vn -0.1382 0.9856 -0.0974
vn -0.4090 -0.7646 -0.4980
vn -0.6404 -0.7673 -0.0345
vn -0.5651 -0.7815 -0.2643
vn -0.4505 0.7022 0.5513
vn -0.5730 -0.3052 0.7606
vn -0.4405 -0.0560 0.8960
vn -0.7596 -0.6352 0.1400
vn -0.8385 -0.5260 0.1423
vn -0.6467 -0.3936 0.6533
vn -0.7176 -0.4303 0.5477
vn -0.8195 -0.5700 0.0602
vn -0.8385 -0.5260 0.1423
vn -0.9259 -0.0706 0.3712
vn -0.3141 0.7865 0.5318
vn -0.7720 0.0897 -0.6292
vn -0.5416 0.8302 0.1319
vn -0.0219 0.8997 0.4359
vn 0.1518 0.9212 0.3582
vn -0.9736 0.0236 -0.2270
vn -0.8082 -0.4607 -0.3668
vn -0.7442 -0.6067 -0.2795
vn 0.1252 0.5934 -0.7951
vn -0.7961 0.6027 0.0545
vn -0.4732 0.7401 -0.4779
vn -0.5003 -0.8380 -0.2179
vn -0.9056 0.0660 -0.4191
vn -0.3380 -0.8447 0.4150
vn -0.7596 -0.6352 0.1400
vn -0.8743 -0.4765 0.0923
vn -0.7468 -0.4987 0.4401
vn -0.9354 -0.3528 0.0227
vn -0.6343 -0.4759 0.6093
vn -0.8523 -0.5013 -0.1493
vn -0.7250 0.2277 -0.6501
vn 0.3574 0.1149 -0.9269
vn 0.3955 -0.5963 -0.6985
vn -0.4677 -0.3631 0.8059
vn -0.4405 -0.0560 0.8960
vn -0.5730 -0.3052 0.7606
vn -0.7129 0.1239 0.6902
vn -0.4677 -0.3631 0.8059
vn -0.7169 0.1142 0.6878
vn -0.7596 -0.6352 0.1400
vn -0.7176 -0.4303 0.5477
vn -0.8385 -0.5260 0.1423
vn 0.1252 0.5934 -0.7951
vn -0.1988 0.5506 0.8108
vn -0.8129 0.5823 -0.0121
vn -0.5533 0.8011 -0.2282
vn 0.0073 0.8314 -0.5556
vn -0.6351 0.7593 -0.1417
vn -0.5523 0.8335 0.0139
vn 0.5044 0.7864 -0.3565
vn -0.0959 0.7024 -0.7053
vn -0.9547 0.0733 -0.2885
vn -0.8239 -0.5140 -0.2387
vn -0.3922 -0.5726 0.7199
vn -0.9599 -0.0958 -0.2635
vn -0.8988 -0.3966 -0.1867
vn -0.7840 0.2654 -0.5612
vn -0.8820 -0.4517 0.1344
vn -0.6886 -0.5178 0.5077
vn -0.6237 -0.7066 0.3342
vn -0.6779 0.0385 0.7342
vn -0.3380 -0.8447 0.4150
vn -0.9056 0.0660 -0.4191
vn -0.8653 -0.0743 0.4958
vn -0.8807 -0.4598 0.1139
vn -0.8938 -0.3880 0.2248
vn -0.7961 0.6027 0.0545
vn -0.8129 0.5823 -0.0121
vn -0.5017 0.6684 0.5491
vn -0.4245 0.7085 -0.5638
vn -0.6612 0.3277 -0.6748
vn -0.8418 -0.4337 -0.3215
vn -0.4771 0.1205 0.8706
vn -0.5270 0.3424 0.7778
vn -0.6779 0.0385 0.7342
vn -0.8123 0.4940 -0.3100
vn -0.7401 0.3275 0.5874
vn -0.7651 -0.6247 -0.1561
vn -0.9599 -0.0958 -0.2635
vn -0.8506 -0.5006 -0.1608
vn -0.8259 -0.5433 -0.1506
vn -0.6811 0.6790 -0.2739
vn 0.3423 0.6853 -0.6428
vn -0.7250 0.2277 -0.6501
vn -0.4090 -0.7646 -0.4980
vn -0.7569 -0.6460 -0.0988
vn -0.6404 -0.7673 -0.0345
vn -0.5651 -0.7815 -0.2643
vn -0.6404 -0.7673 -0.0345
vn -0.7746 -0.4695 -0.4238
vn -0.8259 -0.5433 -0.1506
vn -0.9948 -0.0539 0.0862
vn -0.8988 -0.3966 -0.1867
vn -0.9268 0.0824 -0.3663
vn -0.9547 0.0733 -0.2885
vn -0.7266 0.5697 -0.3840
vn -0.3780 0.5050 -0.7759
vn -0.5779 0.3245 -0.7489
vn -0.1431 0.2352 -0.9614
vn -0.9948 -0.0539 0.0862
vn -0.6865 0.7216 0.0897
vn -0.8988 -0.3966 -0.1867
vn -0.6811 0.6790 -0.2739
vn -0.3780 0.5050 -0.7759
vn 0.1254 0.3661 -0.9221
vn 0.1252 0.5934 -0.7951
vn -0.8129 0.5823 -0.0121
vn -0.7961 0.6027 0.0545
vn -0.8523 -0.5013 -0.1493
vn -0.8259 -0.5433 -0.1506
vn -0.8296 -0.2878 -0.4784
vn -0.8585 0.0952 -0.5039
vn -0.7011 0.2355 0.6731
vn -0.6075 0.5299 0.5917
vn -0.6951 0.2048 0.6891
vn -0.8129 0.5823 -0.0121
vn -0.1988 0.5506 0.8108
vn -0.8585 0.0952 -0.5039
vn -0.7720 0.0897 -0.6292
vn -0.7011 0.2355 0.6731
vn -0.6171 0.7673 0.1744
vn -0.6257 0.5753 0.5268
vn -0.8027 0.5786 0.1444
vn -0.5003 -0.8380 -0.2179
vn -0.3922 -0.5726 0.7199
vn -0.8239 -0.5140 -0.2387
vn -0.3780 0.5050 -0.7759
vn -0.1431 0.2352 -0.9614
vn 0.1779 0.3912 -0.9029
vn 0.1779 0.3912 -0.9029
vn -0.4525 0.5342 -0.7141
vn -0.3780 0.5050 -0.7759
vn -0.8259 -0.5433 -0.1506
vn -0.8523 -0.5013 -0.1493
vn -0.6343 -0.4759 0.6093
vn -0.4881 -0.0427 -0.8718
vn -0.1382 0.9856 -0.0974
vn -0.5523 0.8335 0.0139
vn -0.6951 0.2048 0.6891
vn -0.8820 -0.4517 0.1344
vn -0.8129 0.5823 -0.0121
vn -0.8239 -0.5140 -0.2387
vn -0.9268 0.0824 -0.3663
vn -0.9056 0.0660 -0.4191
vn -0.7266 0.5464 0.4164
vn -0.8027 0.5786 0.1444
vn -0.7314 0.5378 0.4193
vn -0.8195 -0.5700 0.0602
vn -0.7289 -0.3724 0.5745
vn -0.4600 -0.1951 0.8662
vn -0.7569 -0.6460 -0.0988
vn -0.9377 -0.3464 0.0254
vn -0.7255 -0.6875 -0.0309
vn -0.8195 -0.5700 0.0602
vn -0.6886 -0.5178 0.5077
vn -0.8820 -0.4517 0.1344
vn -0.7255 -0.6875 -0.0309
vn -0.6404 -0.7673 -0.0345
vn -0.7569 -0.6460 -0.0988
vn 0.0497 -0.0838 -0.9952
vn -0.0959 0.7024 -0.7053
vn 0.5044 0.7864 -0.3565
vn -0.1170 -0.9920 -0.0464
vn -0.3380 -0.8447 0.4150
vn -0.5701 -0.5636 0.5978
vn -0.6351 0.7593 -0.1417
vn 0.0073 0.8314 -0.5556
vn -0.4245 0.7085 -0.5638
vn 0.2867 0.8494 0.4431
vn 0.7934 0.0594 0.6058
vn 0.2721 0.5917 0.7588
vn -0.9377 -0.3464 0.0254
vn -0.7569 -0.6460 -0.0988
vn -0.8097 -0.5611 -0.1718
vn -0.6612 0.3277 -0.6748
vn -0.7738 -0.5029 -0.3853
vn -0.8418 -0.4337 -0.3215
vn -0.5779 0.3245 -0.7489
vn -0.3780 0.5050 -0.7759
vn -0.9818 0.1678 0.0884
vn -0.8385 -0.5260 0.1423
vn -0.4600 -0.1951 0.8662
vn -0.6467 -0.3936 0.6533
vn -0.6237 -0.7066 0.3342
vn -0.6922 -0.4669 0.5504
vn -0.8820 -0.4517 0.1344
vn -0.3784 0.2637 0.8873
vn -0.8585 0.0952 -0.5039
vn -0.6075 0.5299 0.5917
vn -0.8591 0.0763 -0.5061
vn -0.7720 0.0897 -0.6292
vn -0.8585 0.0952 -0.5039
vn 0.3564 0.5140 -0.7803
vn -0.6536 0.7568 0.0023
vn 0.6690 0.7366 0.0991
vn -0.4405 -0.0560 0.8960
vn -0.7009 -0.2607 0.6639
vn -0.4505 0.7022 0.5513
vn -0.7597 -0.5979 -0.2556
vn -0.8739 -0.4740 -0.1081
vn -0.8082 -0.4607 -0.3668
vn -0.9960 0.0770 -0.0461
vn -0.9377 -0.3464 0.0254
vn -0.7651 -0.6247 -0.1561
vn -0.8938 -0.3880 0.2248
vn -0.7401 0.3275 0.5874
vn -0.9259 -0.0706 0.3712
vn -0.7011 0.2355 0.6731
vn -0.7720 0.0897 -0.6292
vn -0.7838 0.2609 0.5635
vn -0.8027 0.5786 0.1444
vn -0.6257 0.5753 0.5268
vn -0.9922 0.0329 -0.1202
vn -0.5017 0.6684 0.5491
vn -0.8820 -0.4517 0.1344
vn -0.6922 -0.4669 0.5504
vn -0.7651 -0.6247 -0.1561
vn -0.9377 -0.3464 0.0254
vn -0.8097 -0.5611 -0.1718
vn -0.5779 0.3245 -0.7489
vn 0.1779 0.3912 -0.9029
vn -0.1431 0.2352 -0.9614
vn 0.6602 0.3911 -0.6412
vn -0.4525 0.5342 -0.7141
vn 0.1779 0.3912 -0.9029
vn -0.2331 0.1340 -0.9632
vn 0.0497 -0.0838 -0.9952
vn -0.5353 -0.0664 -0.8421
vn -0.7009 -0.2607 0.6639
vn -0.6257 0.5753 0.5268
vn -0.4505 0.7022 0.5513
vn -0.7746 -0.4695 -0.4238
vn -0.8156 -0.5682 -0.1094
vn -0.7820 -0.6116 -0.1202
vn -0.8991 -0.3955 -0.1879
vn -0.8591 0.0763 -0.5061
vn -0.7637 0.5235 -0.3777
vn -0.7282 0.1738 0.6629
vn -0.1385 0.0634 0.9883
vn -0.5117 0.6605 0.5495
vn -0.5017 0.6684 0.5491
vn -0.8129 0.5823 -0.0121
vn -0.8820 -0.4517 0.1344
vn -0.7314 0.5378 0.4193
vn -0.5270 0.3424 0.7778
vn -0.2567 0.6825 0.6844
vn -0.7720 0.0897 -0.6292
vn -0.3141 0.7865 0.5318
vn -0.7838 0.2609 0.5635
vn -0.6434 -0.7474 0.1657
vn -0.7532 0.1448 0.6417
vn -0.7289 -0.3724 0.5745
vn -0.8807 -0.4598 0.1139
vn -0.8991 -0.3955 -0.1879
vn -0.9111 0.0057 -0.4122
vn -0.7401 0.3275 0.5874
vn -0.3141 0.7865 0.5318
vn -0.9259 -0.0706 0.3712
vn -0.5891 -0.5293 0.6105
vn -0.7129 0.1239 0.6902
vn -0.4600 -0.1951 0.8662
vn -0.7746 -0.4695 -0.4238
vn -0.6404 -0.7673 -0.0345
vn -0.8156 -0.5682 -0.1094
vn 0.2721 0.5917 0.7588
vn 0.7934 0.0594 0.6058
vn -0.3500 0.5363 0.7680
vn -0.7375 0.5394 0.4064
vn -0.7401 0.3275 0.5874
vn -0.8123 0.4940 -0.3100
vn -0.7129 0.1239 0.6902
vn -0.7169 0.1142 0.6878
vn -0.4600 -0.1951 0.8662
vn -0.8418 -0.4337 -0.3215
vn -0.7442 -0.6067 -0.2795
vn -0.7807 -0.5654 -0.2660
vn -0.4640 0.7102 0.5295
vn -0.0219 0.8997 0.4359
vn -0.5416 0.8302 0.1319
vn -0.6847 0.7051 -0.1842
vn -0.7840 0.2654 -0.5612
vn -0.8988 -0.3966 -0.1867
vn -0.9922 0.0329 -0.1202
vn -0.9960 0.0770 -0.0461
vn -0.7651 -0.6247 -0.1561
vn -0.8195 -0.5700 0.0602
vn -0.8820 -0.4517 0.1344
vn -0.7289 -0.3724 0.5745
vn -0.5117 0.6605 0.5495
vn -0.6501 0.7519 0.1101
vn -0.6351 0.7593 -0.1417
vn -0.0219 0.8997 0.4359
vn -0.4640 0.7102 0.5295
vn -0.8123 0.4940 -0.3100
vn -0.9818 0.1678 0.0884
vn -0.0820 0.4181 -0.9047
vn -0.5779 0.3245 -0.7489
vn -0.4405 -0.0560 0.8960
vn -0.9377 -0.3464 0.0254
vn -0.9960 0.0770 -0.0461
vn -0.8938 -0.3880 0.2248
vn -0.7651 -0.6247 -0.1561
vn -0.7401 0.3275 0.5874
vn -0.8195 -0.5700 0.0602
vn -0.4600 -0.1951 0.8662
vn -0.8385 -0.5260 0.1423
vn -0.8739 -0.4740 -0.1081
vn -0.7597 -0.5979 -0.2556
vn -0.7820 -0.6116 -0.1202
vn -0.6455 0.0698 0.7606
vn -0.3380 -0.8447 0.4150
vn -0.6779 0.0385 0.7342
vn -0.5270 0.3424 0.7778
vn -0.4771 0.1205 0.8706
vn -0.6947 0.0306 0.7186
vn -0.9818 0.1678 0.0884
vn -0.6811 0.6790 -0.2739
vn -0.7250 0.2277 -0.6501
vn -0.8820 -0.4517 0.1344
vn -0.6951 0.2048 0.6891
vn -0.7961 0.1120 0.5947
vn -0.4405 -0.0560 0.8960
vn -0.7255 -0.6875 -0.0309
vn -0.9377 -0.3464 0.0254
vn -0.3780 0.5050 -0.7759
vn -0.6811 0.6790 -0.2739
vn -0.9818 0.1678 0.0884
vn -0.6257 0.5753 0.5268
vn -0.7009 -0.2607 0.6639
vn -0.9960 0.0770 -0.0461
vn -0.9960 0.0770 -0.0461
vn -0.9922 0.0329 -0.1202
vn -0.6257 0.5753 0.5268
vn -0.7807 -0.5654 -0.2660
vn -0.7442 -0.6067 -0.2795
vn -0.8082 -0.4607 -0.3668
vn -0.7255 -0.6875 -0.0309
vn -0.8156 -0.5682 -0.1094
vn -0.6404 -0.7673 -0.0345
vn -0.7289 -0.3724 0.5745
vn -0.6159 -0.7691 0.1707
vn -0.6434 -0.7474 0.1657
vn -0.5779 0.3245 -0.7489
vn -0.0820 0.4181 -0.9047
vn 0.1779 0.3912 -0.9029
vn -0.5523 0.8335 0.0139
vn 0.0508 0.9846 -0.1672
vn 0.5044 0.7864 -0.3565
vn 0.6602 0.3911 -0.6412
vn 0.1779 0.3912 -0.9029
vn 0.3564 0.5140 -0.7803
vn -0.4405 -0.0560 0.8960
vn -0.9960 0.0770 -0.0461
vn -0.7009 -0.2607 0.6639
vn -0.8027 0.5786 0.1444
vn -0.9922 0.0329 -0.1202
vn -0.9111 0.0057 -0.4122
vn -0.4245 0.7085 -0.5638
vn -0.8418 -0.4337 -0.3215
vn -0.9383 -0.3109 -0.1514
vn -0.8807 -0.4598 0.1139
vn -0.9111 0.0057 -0.4122
vn -0.9922 0.0329 -0.1202
vn -0.1113 0.9118 -0.3953
vn -0.0820 0.4181 -0.9047
vn -0.9818 0.1678 0.0884
vn 0.0497 -0.0838 -0.9952
vn 0.5044 0.7864 -0.3565
vn 0.0508 0.9846 -0.1672
vn -0.1647 -0.7166 -0.6778
vn -0.9818 0.1678 0.0884
vn -0.7250 0.2277 -0.6501
vn -0.7314 0.5378 0.4193
vn -0.8088 0.5432 0.2254
vn -0.5270 0.3424 0.7778
vn -0.6537 -0.7384 0.1659
vn -0.1170 -0.9920 -0.0464
vn -0.6620 -0.7363 0.1404
vn 0.0508 0.9846 -0.1672
vn -0.5523 0.8335 0.0139
vn -0.1382 0.9856 -0.0974
vn -0.1382 0.9856 -0.0974
vn 0.2721 0.5917 0.7588
vn -0.2632 0.6895 0.6747
vn -0.3500 0.5363 0.7680
vn -0.2632 0.6895 0.6747
vn 0.2721 0.5917 0.7588
vn -0.7532 0.1448 0.6417
vn -0.4600 -0.1951 0.8662
vn -0.7289 -0.3724 0.5745
vn -0.7961 0.1120 0.5947
vn -0.6159 -0.7691 0.1707
vn -0.8820 -0.4517 0.1344
vn -0.9818 0.1678 0.0884
vn -0.1647 -0.7166 -0.6778
vn -0.1113 0.9118 -0.3953
vn -0.1170 -0.9920 -0.0464
vn -0.7302 -0.5973 -0.3319
vn -0.6620 -0.7363 0.1404
vn -0.4881 -0.0427 -0.8718
vn 0.0497 -0.0838 -0.9952
vn -0.2331 0.1340 -0.9632
vn -0.7289 -0.3724 0.5745
vn -0.8820 -0.4517 0.1344
vn -0.6159 -0.7691 0.1707
vn -0.7302 -0.5973 -0.3319
vn -0.8585 0.0952 -0.5039
vn -0.3784 0.2637 0.8873
vn -0.8418 -0.4337 -0.3215
vn -0.7807 -0.5654 -0.2660
vn -0.8340 -0.5335 -0.1405
vn -0.7302 -0.5973 -0.3319
vn -0.3784 0.2637 0.8873
vn -0.5978 -0.1506 0.7874
vn -0.9111 0.0057 -0.4122
vn -0.8088 0.5432 0.2254
vn -0.8027 0.5786 0.1444
vn -0.7282 0.1738 0.6629
vn -0.6951 0.2048 0.6891
vn -0.1988 0.5506 0.8108
vn -0.7011 0.2355 0.6731
vn -0.7838 0.2609 0.5635
vn -0.4542 0.6344 0.6254
vn -0.7637 0.5235 -0.3777
vn -0.9111 0.0057 -0.4122
vn -0.8991 -0.3955 -0.1879
vn -0.7961 0.1120 0.5947
vn -0.7580 -0.3855 0.5262
vn -0.6159 -0.7691 0.1707
vn -0.8739 -0.4740 -0.1081
vn -0.7807 -0.5654 -0.2660
vn -0.8082 -0.4607 -0.3668
vn -0.8739 -0.4740 -0.1081
vn -0.8340 -0.5335 -0.1405
vn -0.7807 -0.5654 -0.2660
vn -0.8938 -0.3880 0.2248
vn -0.8807 -0.4598 0.1139
vn -0.9922 0.0329 -0.1202
vn -0.6897 -0.3804 0.6162
vn -0.4405 -0.0560 0.8960
vn -0.4677 -0.3631 0.8059
vn -0.7240 -0.4225 0.5452
vn -0.7302 -0.5973 -0.3319
vn -0.5978 -0.1506 0.7874
vn -0.1647 -0.7166 -0.6778
vn -0.7250 0.2277 -0.6501
vn 0.3955 -0.5963 -0.6985
vn -0.7282 0.1738 0.6629
vn -0.7961 0.1120 0.5947
vn -0.6951 0.2048 0.6891
vn 0.4059 0.6997 -0.5879
vn 0.1779 0.3912 -0.9029
vn -0.0820 0.4181 -0.9047
vn -0.7532 0.1448 0.6417
vn -0.7031 -0.3405 0.6242
vn -0.4600 -0.1951 0.8662
vn -0.9383 -0.3109 -0.1514
vn -0.6351 0.7593 -0.1417
vn -0.4245 0.7085 -0.5638
vn -0.8088 0.5432 0.2254
vn -0.7314 0.5378 0.4193
vn -0.8027 0.5786 0.1444
vn -0.3784 0.2637 0.8873
vn -0.6075 0.5299 0.5917
vn -0.4542 0.6344 0.6254
vn -0.3141 0.7865 0.5318
vn -0.7401 0.3275 0.5874
vn -0.7375 0.5394 0.4064
vn -0.9922 0.0329 -0.1202
vn -0.7651 -0.6247 -0.1561
vn -0.8938 -0.3880 0.2248
vn -0.0820 0.4181 -0.9047
vn 0.4228 0.1148 -0.8989
vn 0.4059 0.6997 -0.5879
vn -0.6455 0.0698 0.7606
vn -0.5270 0.3424 0.7778
vn -0.8088 0.5432 0.2254
vn -0.5117 0.6605 0.5495
vn -0.6351 0.7593 -0.1417
vn -0.7282 0.1738 0.6629
vn -0.4405 -0.0560 0.8960
vn -0.6897 -0.3804 0.6162
vn -0.8156 -0.5682 -0.1094
vn -0.4216 -0.2481 0.8722
vn -0.5978 -0.1506 0.7874
vn -0.3784 0.2637 0.8873
vn -0.4405 -0.0560 0.8960
vn -0.8156 -0.5682 -0.1094
vn -0.7255 -0.6875 -0.0309
vn -0.6455 0.0698 0.7606
vn -0.5701 -0.5636 0.5978
vn -0.3380 -0.8447 0.4150
vn -0.4542 0.6344 0.6254
vn -0.6075 0.5299 0.5917
vn -0.7011 0.2355 0.6731
vn -0.6897 -0.3804 0.6162
vn -0.4677 -0.3631 0.8059
vn -0.7129 0.1239 0.6902
vn -0.5891 -0.5293 0.6105
vn -0.7031 -0.3405 0.6242
vn -0.7820 -0.6116 -0.1202
vn -0.6159 -0.7691 0.1707
vn -0.7580 -0.3855 0.5262
vn -0.6434 -0.7474 0.1657
vn -0.8123 0.4940 -0.3100
vn -0.4640 0.7102 0.5295
vn -0.7375 0.5394 0.4064
vn -0.0820 0.4181 -0.9047
vn -0.1113 0.9118 -0.3953
vn 0.4228 0.1148 -0.8989
vn -0.7240 -0.4225 0.5452
vn -0.6537 -0.7384 0.1659
vn -0.7302 -0.5973 -0.3319
vn -0.6455 0.0698 0.7606
vn -0.6779 0.0385 0.7342
vn -0.5270 0.3424 0.7778
vn -0.7031 -0.3405 0.6242
vn -0.8739 -0.4740 -0.1081
vn -0.7820 -0.6116 -0.1202
vn -0.7129 0.1239 0.6902
vn -0.5891 -0.5293 0.6105
vn -0.7820 -0.6116 -0.1202
vn -0.7580 -0.3855 0.5262
vn -0.8340 -0.5335 -0.1405
vn -0.6434 -0.7474 0.1657
vn -0.7302 -0.5973 -0.3319
vn -0.6537 -0.7384 0.1659
vn -0.6620 -0.7363 0.1404
vn -0.6897 -0.3804 0.6162
vn -0.7820 -0.6116 -0.1202
vn -0.8156 -0.5682 -0.1094
vn -0.6897 -0.3804 0.6162
vn -0.7129 0.1239 0.6902
vn -0.7820 -0.6116 -0.1202
vn -0.8340 -0.5335 -0.1405
vn -0.7532 0.1448 0.6417
vn -0.6434 -0.7474 0.1657
vn 0.0508 0.9846 -0.1672
vn -0.2632 0.6895 0.6747
vn -0.1739 0.8659 0.4690
vn 0.6200 -0.7409 0.2584
vn -0.0230 -0.9742 -0.2244
vn -0.1647 -0.7166 -0.6778
vn -0.4216 -0.2481 0.8722
vn -0.7240 -0.4225 0.5452
vn -0.5978 -0.1506 0.7874
vn -0.5891 -0.5293 0.6105
vn -0.4600 -0.1951 0.8662
vn -0.7031 -0.3405 0.6242
vn -0.7282 0.1738 0.6629
vn -0.7580 -0.3855 0.5262
vn -0.7961 0.1120 0.5947
vn -0.7282 0.1738 0.6629
vn -0.6351 0.7593 -0.1417
vn -0.9383 -0.3109 -0.1514
vn 0.4228 0.1148 -0.8989
vn -0.1113 0.9118 -0.3953
vn -0.1647 -0.7166 -0.6778
vn 0.0508 0.9846 -0.1672
vn -0.1382 0.9856 -0.0974
vn -0.2632 0.6895 0.6747
vn -0.8088 0.5432 0.2254
vn -0.9111 0.0057 -0.4122
vn -0.7637 0.5235 -0.3777
vn -0.8340 -0.5335 -0.1405
vn -0.7580 -0.3855 0.5262
vn -0.8418 -0.4337 -0.3215
vn -0.7031 -0.3405 0.6242
vn -0.7532 0.1448 0.6417
vn -0.8340 -0.5335 -0.1405
vn -0.8739 -0.4740 -0.1081
vn -0.7031 -0.3405 0.6242
vn -0.8340 -0.5335 -0.1405
vn -0.7838 0.2609 0.5635
vn -0.3141 0.7865 0.5318
vn -0.4542 0.6344 0.6254
vn -0.1181 0.9816 -0.1500
vn 0.0497 -0.0838 -0.9952
vn 0.0508 0.9846 -0.1672
vn -0.6911 0.1189 -0.7129
vn -0.7614 0.5730 -0.3032
vn -0.2331 0.1340 -0.9632
vn 0.1779 0.3912 -0.9029
vn -0.2128 0.3920 -0.8950
vn 0.3564 0.5140 -0.7803
vn -0.1181 0.9816 -0.1500
vn -0.5353 -0.0664 -0.8421
vn 0.0497 -0.0838 -0.9952
vn -0.7240 -0.4225 0.5452
vn -0.7413 -0.5181 0.4266
vn -0.6537 -0.7384 0.1659
vn -0.9383 -0.3109 -0.1514
vn -0.8418 -0.4337 -0.3215
vn -0.7580 -0.3855 0.5262
vn -0.7413 -0.5181 0.4266
vn -0.7240 -0.4225 0.5452
vn -0.6762 -0.6580 0.3313
vn -0.3141 0.7865 0.5318
vn -0.7375 0.5394 0.4064
vn -0.4542 0.6344 0.6254
vn -0.6455 0.0698 0.7606
vn -0.8088 0.5432 0.2254
vn -0.5701 -0.5636 0.5978
vn -0.7413 -0.5181 0.4266
vn -0.6811 -0.7217 0.1238
vn -0.6537 -0.7384 0.1659
vn -0.1739 0.8659 0.4690
vn -0.1181 0.9816 -0.1500
vn 0.0508 0.9846 -0.1672
vn -0.3500 0.5363 0.7680
vn 0.6690 0.7366 0.0991
vn -0.6536 0.7568 0.0023
vn -0.7375 0.5394 0.4064
vn -0.4640 0.7102 0.5295
vn -0.7799 0.5903 0.2083
vn -0.7302 -0.5973 -0.3319
vn -0.8879 0.0327 -0.4589
vn -0.8591 0.0763 -0.5061
vn -0.4640 0.7102 0.5295
vn -0.7506 0.6578 0.0622
vn -0.7799 0.5903 0.2083
vn -0.4216 -0.2481 0.8722
vn -0.3784 0.2637 0.8873
vn -0.4542 0.6344 0.6254
vn -0.4640 0.7102 0.5295
vn -0.5416 0.8302 0.1319
vn -0.7506 0.6578 0.0622
vn -0.3500 0.5363 0.7680
vn -0.5493 0.8305 0.0926
vn -0.2632 0.6895 0.6747
vn -0.2128 0.3920 -0.8950
vn -0.5195 0.3224 -0.7913
vn 0.3564 0.5140 -0.7803
vn -0.8088 0.5432 0.2254
vn -0.8879 0.0327 -0.4589
vn -0.5701 -0.5636 0.5978
vn -0.5493 0.8305 0.0926
vn -0.3500 0.5363 0.7680
vn -0.6536 0.7568 0.0023
vn -0.9383 -0.3109 -0.1514
vn -0.7580 -0.3855 0.5262
vn -0.7282 0.1738 0.6629
vn -0.7614 0.5730 -0.3032
vn -0.2090 0.1765 -0.9619
vn -0.2331 0.1340 -0.9632
vn -0.7575 -0.5781 -0.3033
vn -0.7302 -0.5973 -0.3319
vn -0.1170 -0.9920 -0.0464
vn 0.3564 0.5140 -0.7803
vn -0.5195 0.3224 -0.7913
vn -0.6962 0.3935 -0.6004
vn -0.8299 -0.3388 -0.4432
vn -0.6795 0.7039 0.2070
vn -0.7512 0.1699 -0.6379
vn -0.6811 -0.7217 0.1238
vn -0.7413 -0.5181 0.4266
vn -0.8672 -0.4888 -0.0947
vn -0.7315 -0.4277 0.5311
vn -0.7240 -0.4225 0.5452
vn -0.4216 -0.2481 0.8722
vn -0.8088 0.5432 0.2254
vn -0.7637 0.5235 -0.3777
vn -0.8591 0.0763 -0.5061
vn 0.4228 0.1148 -0.8989
vn -0.1647 -0.7166 -0.6778
vn -0.6691 -0.5907 -0.4509
vn -0.8672 -0.4888 -0.0947
vn -0.7413 -0.5181 0.4266
vn -0.6762 -0.6580 0.3313
vn -0.2632 0.6895 0.6747
vn -0.5493 0.8305 0.0926
vn 0.7197 0.3370 0.6070
vn -0.6962 0.3935 -0.6004
vn -0.6536 0.7568 0.0023
vn 0.3564 0.5140 -0.7803
vn -0.8299 -0.3388 -0.4432
vn -0.5624 0.6906 0.4547
vn -0.6795 0.7039 0.2070
vn -0.7575 -0.5781 -0.3033
vn -0.1170 -0.9920 -0.0464
vn -0.5701 -0.5636 0.5978
vn -0.7512 0.1699 -0.6379
vn -0.6795 0.7039 0.2070
vn -0.6177 0.0002 -0.7864
vn -0.7315 -0.4277 0.5311
vn -0.4216 -0.2481 0.8722
vn -0.4542 0.6344 0.6254
vn -0.6795 0.7039 0.2070
vn -0.3402 0.5678 0.7496
vn -0.6177 0.0002 -0.7864
vn 0.1779 0.3912 -0.9029
vn -0.3444 0.4777 -0.8082
vn -0.2128 0.3920 -0.8950
vn -0.2128 0.3920 -0.8950
vn -0.3444 0.4777 -0.8082
vn -0.5195 0.3224 -0.7913
vn -0.8469 0.0501 -0.5293
vn -0.8299 -0.3388 -0.4432
vn -0.7512 0.1699 -0.6379
vn -0.5353 -0.0664 -0.8421
vn -0.8299 -0.3388 -0.4432
vn -0.6041 -0.5553 -0.5716
vn -0.5353 -0.0664 -0.8421
vn -0.6041 -0.5553 -0.5716
vn -0.2331 0.1340 -0.9632
vn -0.2632 0.6895 0.6747
vn 0.7197 0.3370 0.6070
vn -0.1739 0.8659 0.4690
vn -0.7315 -0.4277 0.5311
vn -0.4542 0.6344 0.6254
vn -0.7375 0.5394 0.4064
vn -0.7799 0.5903 0.2083
vn -0.7506 0.6578 0.0622
vn -0.8161 -0.1639 -0.5542
vn -0.5624 0.6906 0.4547
vn -0.3402 0.5678 0.7496
vn -0.6795 0.7039 0.2070
vn 0.1779 0.3912 -0.9029
vn -0.6564 0.6586 -0.3680
vn -0.3444 0.4777 -0.8082
vn -0.8469 0.0501 -0.5293
vn -0.7512 0.1699 -0.6379
vn -0.6177 0.0002 -0.7864
vn -0.7087 0.1817 0.6817
vn -0.8672 -0.4888 -0.0947
vn -0.8229 -0.2851 -0.4916
vn -0.7315 -0.4277 0.5311
vn -0.6762 -0.6580 0.3313
vn -0.7240 -0.4225 0.5452
vn -0.7302 -0.5973 -0.3319
vn -0.8591 0.0763 -0.5061
vn -0.8585 0.0952 -0.5039
vn -0.8299 -0.3388 -0.4432
vn -0.8161 -0.1639 -0.5542
vn -0.6041 -0.5553 -0.5716
vn -0.5624 0.6906 0.4547
vn -0.8299 -0.3388 -0.4432
vn -0.5353 -0.0664 -0.8421
vn -0.7087 0.1817 0.6817
vn -0.6811 -0.7217 0.1238
vn -0.8672 -0.4888 -0.0947
vn -0.8088 0.5432 0.2254
vn -0.8591 0.0763 -0.5061
vn -0.8879 0.0327 -0.4589
vn -0.8229 -0.2851 -0.4916
vn -0.6177 0.0002 -0.7864
vn -0.6501 0.2024 0.7324
vn -0.7506 0.6578 0.0622
vn -0.5416 0.8302 0.1319
vn -0.8161 -0.1639 -0.5542
vn -0.8879 0.0327 -0.4589
vn -0.7575 -0.5781 -0.3033
vn -0.5701 -0.5636 0.5978
vn -0.8879 0.0327 -0.4589
vn -0.7302 -0.5973 -0.3319
vn -0.7575 -0.5781 -0.3033
vn -0.7300 -0.6350 -0.2527
vn -0.8229 -0.2851 -0.4916
vn -0.8672 -0.4888 -0.0947
vn -0.1739 0.8659 0.4690
vn 0.7197 0.3370 0.6070
vn 0.0343 0.4921 0.8698
vn -0.8469 0.0501 -0.5293
vn -0.8161 -0.1639 -0.5542
vn -0.8299 -0.3388 -0.4432
vn -0.6811 -0.7217 0.1238
vn -0.7087 0.1817 0.6817
vn -0.3909 -0.8418 0.3722
vn 0.4991 0.5417 -0.6763
vn 0.6592 0.5419 0.5214
vn 0.7197 0.3370 0.6070
vn -0.6536 0.7568 0.0023
vn -0.5195 0.3224 -0.7913
vn -0.5493 0.8305 0.0926
vn -0.5624 0.6906 0.4547
vn -0.5353 -0.0664 -0.8421
vn -0.1181 0.9816 -0.1500
vn -0.5104 0.8582 -0.0541
vn -0.1181 0.9816 -0.1500
vn 0.0343 0.4921 0.8698
vn -0.8229 -0.2851 -0.4916
vn -0.6501 0.2024 0.7324
vn -0.7087 0.1817 0.6817
vn -0.7799 0.5903 0.2083
vn -0.8469 0.0501 -0.5293
vn -0.7375 0.5394 0.4064
vn -0.6501 0.2024 0.7324
vn -0.6177 0.0002 -0.7864
vn -0.3402 0.5678 0.7496
vn -0.2331 0.1340 -0.9632
vn -0.6041 -0.5553 -0.5716
vn -0.6911 0.1189 -0.7129
vn -0.3402 0.5678 0.7496
vn -0.5624 0.6906 0.4547
vn -0.3914 0.7162 0.5778
vn -0.7614 0.5730 -0.3032
vn -0.8161 -0.1639 -0.5542
vn -0.5416 0.8302 0.1319
vn 0.0343 0.4921 0.8698
vn -0.1181 0.9816 -0.1500
vn -0.1739 0.8659 0.4690
vn -0.5624 0.6906 0.4547
vn -0.1181 0.9816 -0.1500
vn -0.7513 0.6127 -0.2453
vn 0.7197 0.3370 0.6070
vn 0.6592 0.5419 0.5214
vn 0.0343 0.4921 0.8698
vn -0.7513 0.6127 -0.2453
vn -0.3914 0.7162 0.5778
vn -0.5624 0.6906 0.4547
vn -0.6041 -0.5553 -0.5716
vn -0.8161 -0.1639 -0.5542
vn -0.6911 0.1189 -0.7129
vn -0.6536 0.7568 0.0023
vn -0.6962 0.3935 -0.6004
vn -0.5195 0.3224 -0.7913
vn -0.3914 0.7162 0.5778
vn -0.6501 0.2024 0.7324
vn -0.3402 0.5678 0.7496
vn -0.6564 0.6586 -0.3680
vn 0.1779 0.3912 -0.9029
vn 0.4059 0.6997 -0.5879
vn -0.7799 0.5903 0.2083
vn -0.8161 -0.1639 -0.5542
vn -0.8469 0.0501 -0.5293
vn -0.6911 0.1189 -0.7129
vn -0.8161 -0.1639 -0.5542
vn -0.7614 0.5730 -0.3032
vn -0.8229 -0.2851 -0.4916
vn -0.8366 -0.2641 -0.4799
vn -0.8469 0.0501 -0.5293
vn 0.7197 0.3370 0.6070
vn -0.5493 0.8305 0.0926
vn 0.1332 0.3400 -0.9309
vn -0.8342 0.1145 -0.5394
vn 0.4228 0.1148 -0.8989
vn -0.6691 -0.5907 -0.4509
vn -0.7315 -0.4277 0.5311
vn -0.7300 -0.6350 -0.2527
vn -0.6762 -0.6580 0.3313
vn -0.8469 0.0501 -0.5293
vn -0.8366 -0.2641 -0.4799
vn -0.7375 0.5394 0.4064
vn 0.7197 0.3370 0.6070
vn 0.1332 0.3400 -0.9309
vn 0.4991 0.5417 -0.6763
vn -0.9710 0.2175 0.0991
vn -0.4208 0.2035 -0.8840
vn -0.3444 0.4777 -0.8082
vn -0.7375 0.5394 0.4064
vn -0.7300 -0.6350 -0.2527
vn -0.7315 -0.4277 0.5311
vn -0.7975 -0.5993 -0.0697
vn -0.5455 -0.8336 -0.0862
vn -0.3909 -0.8418 0.3722
vn 0.1332 0.3400 -0.9309
vn -0.5493 0.8305 0.0926
vn -0.5195 0.3224 -0.7913
vn -0.1469 0.3528 -0.9241
vn -0.4208 0.2035 -0.8840
vn -0.9710 0.2175 0.0991
vn -0.0230 -0.9742 -0.2244
vn 0.6200 -0.7409 0.2584
vn -0.7170 -0.6789 0.1581
vn -0.7300 -0.6350 -0.2527
vn -0.8672 -0.4888 -0.0947
vn -0.6762 -0.6580 0.3313
vn -0.3909 -0.8418 0.3722
vn -0.7087 0.1817 0.6817
vn -0.5212 -0.5360 0.6642
vn -0.8366 -0.2641 -0.4799
vn -0.8229 -0.2851 -0.4916
vn -0.7300 -0.6350 -0.2527
vn 0.1363 0.3799 -0.9149
vn -0.5195 0.3224 -0.7913
vn -0.3444 0.4777 -0.8082
vn 0.1363 0.3799 -0.9149
vn -0.3444 0.4777 -0.8082
vn -0.4208 0.2035 -0.8840
vn -0.6564 0.6586 -0.3680
vn -0.9710 0.2175 0.0991
vn -0.3444 0.4777 -0.8082
vn -0.1469 0.3528 -0.9241
vn -0.9710 0.2175 0.0991
vn -0.7949 0.6047 0.0496
vn -0.7300 -0.6350 -0.2527
vn -0.7375 0.5394 0.4064
vn -0.8366 -0.2641 -0.4799
vn -0.6691 -0.5907 -0.4509
vn -0.1647 -0.7166 -0.6778
vn -0.0230 -0.9742 -0.2244
vn -0.8229 -0.2851 -0.4916
vn -0.8469 0.0501 -0.5293
vn -0.6177 0.0002 -0.7864
vn 0.1332 0.3400 -0.9309
vn -0.5195 0.3224 -0.7913
vn 0.1363 0.3799 -0.9149
vn -0.3914 0.7162 0.5778
vn -0.6103 0.2469 0.7527
vn -0.6501 0.2024 0.7324
vn -0.1181 0.9816 -0.1500
vn -0.5104 0.8582 -0.0541
vn -0.7513 0.6127 -0.2453
vn 0.1363 0.3799 -0.9149
vn -0.4208 0.2035 -0.8840
vn -0.1469 0.3528 -0.9241
vn 0.6592 0.5419 0.5214
vn 0.4991 0.5417 -0.6763
vn -0.4362 0.5384 0.7210
vn 0.4059 0.6997 -0.5879
vn -0.8342 0.1145 -0.5394
vn -0.6564 0.6586 -0.3680
vn -0.9710 0.2175 0.0991
vn -0.8342 0.1145 -0.5394
vn -0.7949 0.6047 0.0496
vn -0.0230 -0.9742 -0.2244
vn -0.7949 0.6047 0.0496
vn -0.6691 -0.5907 -0.4509
vn -0.5212 -0.5360 0.6642
vn -0.7087 0.1817 0.6817
vn -0.6501 0.2024 0.7324
vn -0.6501 0.2024 0.7324
vn -0.6103 0.2469 0.7527
vn -0.5212 -0.5360 0.6642
vn -0.8342 0.1145 -0.5394
vn 0.4059 0.6997 -0.5879
vn 0.4228 0.1148 -0.8989
vn -0.7949 0.6047 0.0496
vn -0.0230 -0.9742 -0.2244
vn -0.1469 0.3528 -0.9241
vn 0.1332 0.3400 -0.9309
vn -0.1885 0.5431 -0.8182
vn 0.4991 0.5417 -0.6763
vn -0.9710 0.2175 0.0991
vn -0.6564 0.6586 -0.3680
vn -0.8342 0.1145 -0.5394
vn -0.5455 -0.8336 -0.0862
vn -0.4301 -0.7279 0.5340
vn 0.6200 -0.7409 0.2584
vn 0.0343 0.4921 0.8698
vn 0.6592 0.5419 0.5214
vn -0.6162 -0.0263 0.7871
vn -0.0230 -0.9742 -0.2244
vn 0.3378 -0.6017 -0.7237
vn -0.1469 0.3528 -0.9241
vn -0.5104 0.8582 -0.0541
vn 0.0343 0.4921 0.8698
vn -0.2896 0.3615 0.8863
vn -0.6691 -0.5907 -0.4509
vn -0.7949 0.6047 0.0496
vn -0.8342 0.1145 -0.5394
vn -0.6162 -0.0263 0.7871
vn 0.6592 0.5419 0.5214
vn -0.4362 0.5384 0.7210
vn -0.7513 0.6127 -0.2453
vn -0.5455 -0.8336 -0.0862
vn -0.7975 -0.5993 -0.0697
vn -0.5455 -0.8336 -0.0862
vn -0.5104 0.8582 -0.0541
vn -0.4624 0.2477 0.8513
vn -0.3914 0.7162 0.5778
vn -0.7513 0.6127 -0.2453
vn -0.6016 0.7870 0.1370
vn -0.4624 0.2477 0.8513
vn -0.4301 -0.7279 0.5340
vn -0.5455 -0.8336 -0.0862
vn -0.4624 0.2477 0.8513
vn -0.5104 0.8582 -0.0541
vn -0.2896 0.3615 0.8863
vn 0.3378 -0.6017 -0.7237
vn 0.1363 0.3799 -0.9149
vn -0.1469 0.3528 -0.9241
vn -0.6103 0.2469 0.7527
vn -0.6016 0.7870 0.1370
vn -0.7513 0.6127 -0.2453
vn -0.5212 -0.5360 0.6642
vn -0.7975 -0.5993 -0.0697
vn -0.3909 -0.8418 0.3722
vn -0.7513 0.6127 -0.2453
vn -0.5104 0.8582 -0.0541
vn -0.5455 -0.8336 -0.0862
vn -0.6957 0.3964 -0.5991
vn -0.4362 0.5384 0.7210
vn 0.4991 0.5417 -0.6763
vn 0.4292 0.0626 -0.9010
vn 0.1363 0.3799 -0.9149
vn 0.3378 -0.6017 -0.7237
vn -0.6162 -0.0263 0.7871
vn -0.4624 0.2477 0.8513
vn -0.2896 0.3615 0.8863
vn -0.4720 0.4963 -0.7287
vn 0.1363 0.3799 -0.9149
vn 0.4424 0.6460 -0.6220
vn 0.1363 0.3799 -0.9149
vn 0.4292 0.0626 -0.9010
vn 0.4424 0.6460 -0.6220
vn -0.2896 0.3615 0.8863
vn 0.0343 0.4921 0.8698
vn -0.6162 -0.0263 0.7871
vn -0.6103 0.2469 0.7527
vn -0.3914 0.7162 0.5778
vn -0.6016 0.7870 0.1370
vn -0.5212 -0.5360 0.6642
vn -0.6103 0.2469 0.7527
vn -0.7975 -0.5993 -0.0697
vn -0.6162 -0.0263 0.7871
vn -0.6704 0.1851 0.7186
vn -0.4624 0.2477 0.8513
vn -0.9101 0.0424 -0.4123
vn -0.1885 0.5431 -0.8182
vn 0.1332 0.3400 -0.9309
vn -0.7170 -0.6789 0.1581
vn 0.3378 -0.6017 -0.7237
vn -0.0230 -0.9742 -0.2244
vn -0.6103 0.2469 0.7527
vn -0.7513 0.6127 -0.2453
vn -0.7975 -0.5993 -0.0697
vn -0.4624 0.2477 0.8513
vn -0.6704 0.1851 0.7186
vn -0.4301 -0.7279 0.5340
vn -0.8158 0.1144 -0.5669
vn 0.4292 0.0626 -0.9010
vn 0.3378 -0.6017 -0.7237
vn 0.1332 0.3400 -0.9309
vn 0.1363 0.3799 -0.9149
vn -0.9101 0.0424 -0.4123
vn 0.4991 0.5417 -0.6763
vn -0.1885 0.5431 -0.8182
vn -0.6957 0.3964 -0.5991
vn -0.4301 -0.7279 0.5340
vn -0.6704 0.1851 0.7186
vn -0.5943 -0.5353 0.6002
vn 0.4292 0.0626 -0.9010
vn -0.8158 0.1144 -0.5669
vn 0.4424 0.6460 -0.6220
vn -0.6162 -0.0263 0.7871
vn -0.7170 -0.6789 0.1581
vn -0.6704 0.1851 0.7186
vn 0.6200 -0.7409 0.2584
vn -0.4301 -0.7279 0.5340
vn -0.5943 -0.5353 0.6002
vn -0.6957 0.3964 -0.5991
vn -0.1885 0.5431 -0.8182
vn -0.9101 0.0424 -0.4123
vn -0.7170 -0.6789 0.1581
vn -0.5943 -0.5353 0.6002
vn -0.6704 0.1851 0.7186
vn -0.4720 0.4963 -0.7287
vn 0.4424 0.6460 -0.6220
vn -0.6689 0.6765 -0.3080
vn 0.1363 0.3799 -0.9149
vn -0.4720 0.4963 -0.7287
vn -0.9101 0.0424 -0.4123
vn -0.9101 0.0424 -0.4123
vn -0.6162 -0.0263 0.7871
vn -0.4362 0.5384 0.7210
vn -0.6689 0.6765 -0.3080
vn 0.4424 0.6460 -0.6220
vn -0.8158 0.1144 -0.5669
vn -0.6162 -0.0263 0.7871
vn -0.8578 -0.3870 -0.3383
vn -0.7170 -0.6789 0.1581
vn -0.6957 0.3964 -0.5991
vn -0.9101 0.0424 -0.4123
vn -0.4362 0.5384 0.7210
vn -0.7170 -0.5882 -0.3740
vn 0.3378 -0.6017 -0.7237
vn -0.5866 -0.7931 -0.1639
vn -0.9101 0.0424 -0.4123
vn -0.8578 -0.3870 -0.3383
vn -0.6162 -0.0263 0.7871
vn -0.7170 -0.6789 0.1581
vn 0.6200 -0.7409 0.2584
vn -0.5943 -0.5353 0.6002
vn -0.4720 0.4963 -0.7287
vn -0.8578 -0.3870 -0.3383
vn -0.9101 0.0424 -0.4123
vn -0.4720 0.4963 -0.7287
vn -0.6689 0.6765 -0.3080
vn -0.5866 -0.7931 -0.1639
vn 0.3378 -0.6017 -0.7237
vn -0.7170 -0.6789 0.1581
vn -0.5866 -0.7931 -0.1639
vn -0.8578 -0.3870 -0.3383
vn -0.4720 0.4963 -0.7287
vn -0.5866 -0.7931 -0.1639
vn -0.7170 -0.5882 -0.3740
vn -0.8158 0.1144 -0.5669
vn 0.3378 -0.6017 -0.7237
vn -0.8578 -0.3870 -0.3383
vn -0.5866 -0.7931 -0.1639
vn -0.7170 -0.6789 0.1581
vn -0.8158 0.1144 -0.5669
vn -0.5866 -0.7931 -0.1639
vn -0.6689 0.6765 -0.3080
vn -0.8158 0.1144 -0.5669
vn -0.7170 -0.5882 -0.3740
vn -0.5866 -0.7931 -0.1639
vn 0.0000 1.0000 0.0000
vn 0.0000 1.0000 0.0000
vn 0.0000 1.0000 0.0000
vn 0.0000 1.0000 0.0000
vn 0.0000 1.0000 0.0000
vn 0.0000 1.0000 0.0000
vn 0.0000 1.0000 0.0000
vn 0.0000 1.0000 0.0000
vn 0.0000 1.0000 0.0000
vn 0.0000 1.0000 0.0000
vn 0.0000 1.0000 0.0000
vn 0.0000 1.0000 0.0000
vn 0.0000 1.0000 0.0000
vn 0.0000 1.0000 0.0000
vn 0.0000 1.0000 0.0000
vn 0.0000 1.0000 0.0000
vn 0.0000 1.0000 0.0000
vn 0.0000 1.0000 0.0000
vn 0.0000 1.0000 0.0000
vn 0.0000 1.0000 0.0000
vn 0.0000 1.0000 0.0000
vn 0.0000 1.0000 0.0000
vn 0.0000 1.0000 0.0000
vn 0.0000 1.0000 0.0000
vn 0.0000 1.0000 0.0000
vn 0.0000 1.0000 0.0000
vn 0.0000 1.0000 0.0000
vn 0.0000 1.0000 0.0000
vn 0.0000 1.0000 0.0000
vn 0.0000 1.0000 0.0000
vn 0.0000 1.0000 0.0000
vn 0.0000 1.0000 0.0000
vn 0.0000 1.0000 0.0000
vn 0.0000 1.0000 0.0000
vn 0.0000 1.0000 0.0000
vn 0.0000 1.0000 0.0000
vn 0.0000 1.0000 0.0000
vn 0.0000 1.0000 0.0000
vn 0.0000 1.0000 0.0000
vn 0.0000 1.0000 0.0000
vn 0.0000 1.0000 0.0000
vn 0.0000 1.0000 0.0000
vn 0.0000 1.0000 0.0000
vn 0.0000 1.0000 0.0000
f 1/1/1 2/2/2 3/3/3
f 4/4/4 5/5/5 6/6/6
f 7/7/7 8/8/8 9/9/9
f 10/10/10 11/11/11 12/12/12
f 13/13/13 14/14/14 15/15/15
f 16/16/16 17/17/17 18/18/18
f 19/19/19 20/20/20 21/21/21
f 22/22/22 23/23/23 24/24/24
f 25/25/25 26/26/26 27/27/27
f 28/28/28 29/29/29 30/30/30
f 31/31/31 32/32/32 33/33/33
f 34/34/34 35/35/35 36/36/36
f 37/37/37 38/38/38 39/39/39
f 40/40/40 41/41/41 42/42/42
f 43/43/43 44/44/44 45/45/45
f 46/46/46 47/47/47 48/48/48
f 49/49/49 50/50/50 51/51/51
f 52/52/52 53/53/53 54/54/54
f 55/55/55 56/56/56 57/57/57
f 58/58/58 59/59/59 60/60/60
f 61/61/61 62/62/62 63/63/63
f 64/64/64 65/65/65 66/66/66
f 67/67/67 68/68/68 69/69/69
f 70/70/70 71/71/71 72/72/72
f 73/73/73 74/74/74 75/75/75
f 76/76/76 77/77/77 78/78/78
f 79/79/79 80/80/80 81/81/81
f 82/82/82 83/83/83 84/84/84
f 85/85/85 86/86/86 87/87/87
f 88/88/88 89/89/89 90/90/90
f 91/91/91 92/92/92 93/93/93
f 94/94/94 95/95/95 96/96/96
f 97/97/97 98/98/98 99/99/99
f 100/100/100 101/101/101 102/102/102
f 103/103/103 104/104/104 105/105/105
f 106/106/106 107/107/107 108/108/108
f 109/109/109 110/110/110 111/111/111
f 112/112/112 113/113/113 114/114/114
f 115/115/115 116/116/116 117/117/117
f 118/118/118 119/119/119 120/120/120
f 121/121/121 122/122/122 123/123/123
f 124/124/124 125/125/125 126/126/126
f 127/127/127 128/128/128 129/129/129
f 130/130/130 131/131/131 132/132/132
f 133/133/133 134/134/134 135/135/135
f 136/136/136 137/137/137 138/138/138
f 139/139/139 140/140/140 141/141/141
f 142/142/142 143/143/143 144/144/144
f 145/145/145 146/146/146 147/147/147
f 148/148/148 149/149/149 150/150/150
f 151/151/151 152/152/152 153/153/153
f 154/154/154 155/155/155 156/156/156
f 157/157/157 158/158/158 159/159/159
f 160/160/160 161/161/161 162/162/162
f 163/163/163 164/164/164 165/165/165
f 166/166/166 167/167/167 168/168/168
f 169/169/169 170/170/170 171/171/171
f 172/172/172 173/173/173 174/174/174
f 175/175/175 176/176/176 177/177/177
f 178/178/178 179/179/179 180/180/180
f 181/181/181 182/182/182 183/183/183
f 184/184/184 185/185/185 186/186/186
f 187/187/187 188/188/188 189/189/189
f 190/190/190 191/191/191 192/192/192
f 193/193/193 194/194/194 195/195/195
f 196/196/196 197/197/197 198/198/198
f 199/199/199 200/200/200 201/201/201
f 202/202/202 203/203/203 204/204/204
f 205/205/205 206/206/206 207/207/207
f 208/208/208 209/209/209 210/210/210
f 211/211/211 212/212/212 213/213/213
f 214/214/214 215/215/215 216/216/216
f 217/217/217 218/218/218 219/219/219
f 220/220/220 221/221/221 222/222/222
f 223/223/223 224/224/224 225/225/225
f 226/226/226 227/227/227 228/228/228
f 229/229/229 230/230/230 231/231/231
f 232/232/232 233/233/233 234/234/234
f 235/235/235 236/236/236 237/237/237
f 238/238/238 239/239/239 240/240/240
f 241/241/241 242/242/242 243/243/243
f 244/244/244 245/245/245 246/246/246
f 247/247/247 248/248/248 249/249/249
f 250/250/250 251/251/251 252/252/252
f 253/253/253 254/254/254 255/255/255
f 256/256/256 257/257/257 258/258/258
f 259/259/259 260/260/260 261/261/261
f 262/262/262 263/263/263 264/264/264
f 265/265/265 266/266/266 267/267/267
f 268/268/268 269/269/269 270/270/270
f 271/271/271 272/272/272 273/273/273
f 274/274/274 275/275/275 276/276/276
f 277/277/277 278/278/278 279/279/279
f 280/280/280 281/281/281 282/282/282
f 283/283/283 284/284/284 285/285/285
f 286/286/286 287/287/287 288/288/288
f 289/289/289 290/290/290 291/291/291
f 292/292/292 293/293/293 294/294/294
f 295/295/295 296/296/296 297/297/297
f 298/298/298 299/299/299 300/300/300
f 301/301/301 302/302/302 303/303/303
f 304/304/304 305/305/305 306/306/306
f 307/307/307 308/308/308 309/309/309
f 310/310/310 311/311/311 312/312/312
f 313/313/313 314/314/314 315/315/315
f 316/316/316 317/317/317 318/318/318
f 319/319/319 320/320/320 321/321/321
f 322/322/322 323/323/323 324/324/324
f 325/325/325 326/326/326 327/327/327
f 328/328/328 329/329/329 330/330/330
f 331/331/331 332/332/332 333/333/333
f 334/334/334 335/335/335 336/336/336
f 337/337/337 338/338/338 339/339/339
f 340/340/340 341/341/341 342/342/342
f 343/343/343 344/344/344 345/345/345
f 346/346/346 347/347/347 348/348/348
f 349/349/349 350/350/350 351/351/351
f 352/352/352 353/353/353 354/354/354
f 355/355/355 356/356/356 357/357/357
f 358/358/358 359/359/359 360/360/360
f 361/361/361 362/362/362 363/363/363
f 364/364/364 365/365/365 366/366/366
f 367/367/367 368/368/368 369/369/369
f 370/370/370 371/371/371 372/372/372
f 373/373/373 374/374/374 375/375/375
f 376/376/376 377/377/377 378/378/378
f 379/379/379 380/380/380 381/381/381
f 382/382/382 383/383/383 384/384/384
f 385/385/385 386/386/386 387/387/387
f 388/388/388 389/389/389 390/390/390
f 391/391/391 392/392/392 393/393/393
f 394/394/394 395/395/395 396/396/396
f 397/397/397 398/398/398 399/399/399
f 400/400/400 401/401/401 402/402/402
f 403/403/403 404/404/404 405/405/405
f 406/406/406 407/407/407 408/408/408
f 409/409/409 410/410/410 411/411/411
f 412/412/412 413/413/413 414/414/414
f 415/415/415 416/416/416 417/417/417
f 418/418/418 419/419/419 420/420/420
f 421/421/421 422/422/422 423/423/423
f 424/424/424 425/425/425 426/426/426
f 427/427/427 428/428/428 429/429/429
f 430/430/430 431/431/431 432/432/432
f 433/433/433 434/434/434 435/435/435
f 436/436/436 437/437/437 438/438/438
f 439/439/439 440/440/440 441/441/441
f 442/442/442 443/443/443 444/444/444
f 445/445/445 446/446/446 447/447/447
f 448/448/448 449/449/449 450/450/450
f 451/451/451 452/452/452 453/453/453
f 454/454/454 455/455/455 456/456/456
f 457/457/457 458/458/458 459/459/459
f 460/460/460 461/461/461 462/462/462
f 463/463/463 464/464/464 465/465/465
f 466/466/466 467/467/467 468/468/468
f 469/469/469 470/470/470 471/471/471
f 472/472/472 473/473/473 474/474/474
f 475/475/475 476/476/476 477/477/477
f 478/478/478 479/479/479 480/480/480
f 481/481/481 482/482/482 483/483/483
f 484/484/484 485/485/485 486/486/486
f 487/487/487 488/488/488 489/489/489
f 490/490/490 491/491/491 492/492/492
f 493/493/493 494/494/494 495/495/495
f 496/496/496 497/497/497 498/498/498
f 499/499/499 500/500/500 501/501/501
f 502/502/502 503/503/503 504/504/504
f 505/505/505 506/506/506 507/507/507
f 508/508/508 509/509/509 510/510/510
f 511/511/511 512/512/512 513/513/513
f 514/514/514 515/515/515 516/516/516
f 517/517/517 518/518/518 519/519/519
f 520/520/520 521/521/521 522/522/522
f 523/523/523 524/524/524 525/525/525
f 526/526/526 527/527/527 528/528/528
f 529/529/529 530/530/530 531/531/531
f 532/532/532 533/533/533 534/534/534
f 535/535/535 536/536/536 537/537/537
f 538/538/538 539/539/539 540/540/540
f 541/541/541 542/542/542 543/543/543
f 544/544/544 545/545/545 546/546/546
f 547/547/547 548/548/548 549/549/549
f 550/550/550 551/551/551 552/552/552
f 553/553/553 554/554/554 555/555/555
f 556/556/556 557/557/557 558/558/558
f 559/559/559 560/560/560 561/561/561
f 562/562/562 563/563/563 564/564/564
f 565/565/565 566/566/566 567/567/567
f 568/568/568 569/569/569 570/570/570
f 571/571/571 572/572/572 573/573/573
f 574/574/574 575/575/575 576/576/576
f 577/577/577 578/578/578 579/579/579
f 580/580/580 581/581/581 582/582/582
f 583/583/583 584/584/584 585/585/585
f 586/586/586 587/587/587 588/588/588
f 589/589/589 590/590/590 591/591/591
f 592/592/592 593/593/593 594/594/594
f 595/595/595 596/596/596 597/597/597
f 598/598/598 599/599/599 600/600/600
f 601/601/601 602/602/602 603/603/603
f 604/604/604 605/605/605 606/606/606
f 607/607/607 608/608/608 609/609/609
f 610/610/610 611/611/611 612/612/612
f 613/613/613 614/614/614 615/615/615
f 616/616/616 617/617/617 618/618/618
f 619/619/619 620/620/620 621/621/621
f 622/622/622 623/623/623 624/624/624
f 625/625/625 626/626/626 627/627/627
f 628/628/628 629/629/629 630/630/630
f 631/631/631 632/632/632 633/633/633
f 634/634/634 635/635/635 636/636/636
f 637/637/637 638/638/638 639/639/639
f 640/640/640 641/641/641 642/642/642
f 643/643/643 644/644/644 645/645/645
f 646/646/646 647/647/647 648/648/648
f 649/649/649 650/650/650 651/651/651
f 652/652/652 653/653/653 654/654/654
f 655/655/655 656/656/656 657/657/657
f 658/658/658 659/659/659 660/660/660
f 661/661/661 662/662/662 663/663/663
f 664/664/664 665/665/665 666/666/666
f 667/667/667 668/668/668 669/669/669
f 670/670/670 671/671/671 672/672/672
f 673/673/673 674/674/674 675/675/675
f 676/676/676 677/677/677 678/678/678
f 679/679/679 680/680/680 681/681/681
f 682/682/682 683/683/683 684/684/684
f 685/685/685 686/686/686 687/687/687
f 688/688/688 689/689/689 690/690/690
f 691/691/691 692/692/692 693/693/693
f 694/694/694 695/695/695 696/696/696
f 697/697/697 698/698/698 699/699/699
f 700/700/700 701/701/701 702/702/702
f 703/703/703 704/704/704 705/705/705
f 706/706/706 707/707/707 708/708/708
f 709/709/709 710/710/710 711/711/711
f 712/712/712 713/713/713 714/714/714
f 715/715/715 716/716/716 717/717/717
f 718/718/718 719/719/719 720/720/720
f 721/721/721 722/722/722 723/723/723
f 724/724/724 725/725/725 726/726/726
f 727/727/727 728/728/728 729/729/729
f 730/730/730 731/731/731 732/732/732
f 733/733/733 734/734/734 735/735/735
f 736/736/736 737/737/737 738/738/738
f 739/739/739 740/740/740 741/741/741
f 742/742/742 743/743/743 744/744/744
f 745/745/745 746/746/746 747/747/747
f 748/748/748 749/749/749 750/750/750
f 751/751/751 752/752/752 753/753/753
f 754/754/754 755/755/755 756/756/756
f 757/757/757 758/758/758 759/759/759
f 760/760/760 761/761/761 762/762/762
f 763/763/763 764/764/764 765/765/765
f 766/766/766 767/767/767 768/768/768
f 769/769/769 770/770/770 771/771/771
f 772/772/772 773/773/773 774/774/774
f 775/775/775 776/776/776 777/777/777
f 778/778/778 779/779/779 780/780/780
f 781/781/781 782/782/782 783/783/783
f 784/784/784 785/785/785 786/786/786
f 787/787/787 788/788/788 789/789/789
f 790/790/790 791/791/791 792/792/792
f 793/793/793 794/794/794 795/795/795
f 796/796/796 797/797/797 798/798/798
f 799/799/799 800/800/800 801/801/801
f 802/802/802 803/803/803 804/804/804
f 805/805/805 806/806/806 807/807/807
f 808/808/808 809/809/809 810/810/810
f 811/811/811 812/812/812 813/813/813
f 814/814/814 815/815/815 816/816/816
f 817/817/817 818/818/818 819/819/819
f 820/820/820 821/821/821 822/822/822
f 823/823/823 824/824/824 825/825/825
f 826/826/826 827/827/827 828/828/828
f 829/829/829 830/830/830 831/831/831
f 832/832/832 833/833/833 834/834/834
f 835/835/835 836/836/836 837/837/837
f 838/838/838 839/839/839 840/840/840
f 841/841/841 842/842/842 843/843/843
f 844/844/844 845/845/845 846/846/846
f 847/847/847 848/848/848 849/849/849
f 850/850/850 851/851/851 852/852/852
f 853/853/853 854/854/854 855/855/855
f 856/856/856 857/857/857 858/858/858
f 859/859/859 860/860/860 861/861/861
f 862/862/862 863/863/863 864/864/864
f 865/865/865 866/866/866 867/867/867
f 868/868/868 869/869/869 870/870/870
f 871/871/871 872/872/872 873/873/873
f 874/874/874 875/875/875 876/876/876
f 877/877/877 878/878/878 879/879/879
f 880/880/880 881/881/881 882/882/882
f 883/883/883 884/884/884 885/885/885
f 886/886/886 887/887/887 888/888/888
f 889/889/889 890/890/890 891/891/891
f 892/892/892 893/893/893 894/894/894
f 895/895/895 896/896/896 897/897/897
f 898/898/898 899/899/899 900/900/900
f 901/901/901 902/902/902 903/903/903
f 904/904/904 905/905/905 906/906/906
f 907/907/907 908/908/908 909/909/909
f 910/910/910 911/911/911 912/912/912
f 913/913/913 914/914/914 915/915/915
f 916/916/916 917/917/917 918/918/918
f 919/919/919 920/920/920 921/921/921
f 922/922/922 923/923/923 924/924/924
f 925/925/925 926/926/926 927/927/927
f 928/928/928 929/929/929 930/930/930
f 931/931/931 932/932/932 933/933/933
f 934/934/934 935/935/935 936/936/936
f 937/937/937 938/938/938 939/939/939
f 940/940/940 941/941/941 942/942/942
f 943/943/943 944/944/944 945/945/945
f 946/946/946 947/947/947 948/948/948
f 949/949/949 950/950/950 951/951/951
f 952/952/952 953/953/953 954/954/954
f 955/955/955 956/956/956 957/957/957
f 958/958/958 959/959/959 960/960/960
f 961/961/961 962/962/962 963/963/963
f 964/964/964 965/965/965 966/966/966
f 967/967/967 968/968/968 969/969/969
f 970/970/970 971/971/971 972/972/972
f 973/973/973 974/974/974 975/975/975
f 976/976/976 977/977/977 978/978/978
f 979/979/979 980/980/980 981/981/981
f 982/982/982 983/983/983 984/984/984
f 985/985/985 986/986/986 987/987/987
f 988/988/988 989/989/989 990/990/990
f 991/991/991 992/992/992 993/993/993
f 994/994/994 995/995/995 996/996/996
f 997/997/997 998/998/998 999/999/999
f 1000/1000/1000 1001/1001/1001 1002/1002/1002
f 1003/1003/1003 1004/1004/1004 1005/1005/1005
f 1006/1006/1006 1007/1007/1007 1008/1008/1008
f 1009/1009/1009 1010/1010/1010 1011/1011/1011
f 1012/1012/1012 1013/1013/1013 1014/1014/1014
f 1015/1015/1015 1016/1016/1016 1017/1017/1017
f 1018/1018/1018 1019/1019/1019 1020/1020/1020
f 1021/1021/1021 1022/1022/1022 1023/1023/1023
f 1024/1024/1024 1025/1025/1025 1026/1026/1026
f 1027/1027/1027 1028/1028/1028 1029/1029/1029
f 1030/1030/1030 1031/1031/1031 1032/1032/1032
f 1033/1033/1033 1034/1034/1034 1035/1035/1035
f 1036/1036/1036 1037/1037/1037 1038/1038/1038
f 1039/1039/1039 1040/1040/1040 1041/1041/1041
f 1042/1042/1042 1043/1043/1043 1044/1044/1044
f 1045/1045/1045 1046/1046/1046 1047/1047/1047
f 1048/1048/1048 1049/1049/1049 1050/1050/1050
f 1051/1051/1051 1052/1052/1052 1053/1053/1053
f 1054/1054/1054 1055/1055/1055 1056/1056/1056
f 1057/1057/1057 1058/1058/1058 1059/1059/1059
f 1060/1060/1060 1061/1061/1061 1062/1062/1062
f 1063/1063/1063 1064/1064/1064 1065/1065/1065
f 1066/1066/1066 1067/1067/1067 1068/1068/1068
f 1069/1069/1069 1070/1070/1070 1071/1071/1071
f 1072/1072/1072 1073/1073/1073 1074/1074/1074
f 1075/1075/1075 1076/1076/1076 1077/1077/1077
f 1078/1078/1078 1079/1079/1079 1080/1080/1080
f 1081/1081/1081 1082/1082/1082 1083/1083/1083
f 1084/1084/1084 1085/1085/1085 1086/1086/1086
f 1087/1087/1087 1088/1088/1088 1089/1089/1089
f 1090/1090/1090 1091/1091/1091 1092/1092/1092
f 1093/1093/1093 1094/1094/1094 1095/1095/1095
f 1096/1096/1096 1097/1097/1097 1098/1098/1098
f 1099/1099/1099 1100/1100/1100 1101/1101/1101
f 1102/1102/1102 1103/1103/1103 1104/1104/1104
f 1105/1105/1105 1106/1106/1106 1107/1107/1107
f 1108/1108/1108 1109/1109/1109 1110/1110/1110
f 1111/1111/1111 1112/1112/1112 1113/1113/1113
f 1114/1114/1114 1115/1115/1115 1116/1116/1116
f 1117/1117/1117 1118/1118/1118 1119/1119/1119
f 1120/1120/1120 1121/1121/1121 1122/1122/1122
f 1123/1123/1123 1124/1124/1124 1125/1125/1125
f 1126/1126/1126 1127/1127/1127 1128/1128/1128
f 1129/1129/1129 1130/1130/1130 1131/1131/1131
f 1132/1132/1132 1133/1133/1133 1134/1134/1134
f 1135/1135/1135 1136/1136/1136 1137/1137/1137
f 1138/1138/1138 1139/1139/1139 1140/1140/1140
f 1141/1141/1141 1142/1142/1142 1143/1143/1143
f 1144/1144/1144 1145/1145/1145 1146/1146/1146
f 1147/1147/1147 1148/1148/1148 1149/1149/1149
f 1150/1150/1150 1151/1151/1151 1152/1152/1152
f 1153/1153/1153 1154/1154/1154 1155/1155/1155
f 1156/1156/1156 1157/1157/1157 1158/1158/1158
f 1159/1159/1159 1160/1160/1160 1161/1161/1161
f 1162/1162/1162 1163/1163/1163 1164/1164/1164
f 1165/1165/1165 1166/1166/1166 1167/1167/1167
f 1168/1168/1168 1169/1169/1169 1170/1170/1170
f 1171/1171/1171 1172/1172/1172 1173/1173/1173
f 1174/1174/1174 1175/1175/1175 1176/1176/1176
f 1177/1177/1177 1178/1178/1178 1179/1179/1179
f 1180/1180/1180 1181/1181/1181 1182/1182/1182
f 1183/1183/1183 1184/1184/1184 1185/1185/1185
f 1186/1186/1186 1187/1187/1187 1188/1188/1188
f 1189/1189/1189 1190/1190/1190 1191/1191/1191
f 1192/1192/1192 1193/1193/1193 1194/1194/1194
f 1195/1195/1195 1196/1196/1196 1197/1197/1197
f 1198/1198/1198 1199/1199/1199 1200/1200/1200
f 1201/1201/1201 1202/1202/1202 1203/1203/1203
f 1204/1204/1204 1205/1205/1205 1206/1206/1206
f 1207/1207/1207 1208/1208/1208 1209/1209/1209
f 1210/1210/1210 1211/1211/1211 1212/1212/1212
f 1213/1213/1213 1214/1214/1214 1215/1215/1215
f 1216/1216/1216 1217/1217/1217 1218/1218/1218
f 1219/1219/1219 1220/1220/1220 1221/1221/1221
f 1222/1222/1222 1223/1223/1223 1224/1224/1224
f 1225/1225/1225 1226/1226/1226 1227/1227/1227
f 1228/1228/1228 1229/1229/1229 1230/1230/1230
f 1231/1231/1231 1232/1232/1232 1233/1233/1233
f 1234/1234/1234 1235/1235/1235 1236/1236/1236
f 1237/1237/1237 1238/1238/1238 1239/1239/1239
f 1240/1240/1240 1241/1241/1241 1242/1242/1242
f 1243/1243/1243 1244/1244/1244 1245/1245/1245
f 1246/1246/1246 1247/1247/1247 1248/1248/1248
f 1249/1249/1249 1250/1250/1250 1251/1251/1251
f 1252/1252/1252 1253/1253/1253 1254/1254/1254
f 1255/1255/1255 1256/1256/1256 1257/1257/1257
f 1258/1258/1258 1259/1259/1259 1260/1260/1260
f 1261/1261/1261 1262/1262/1262 1263/1263/1263
f 1264/1264/1264 1265/1265/1265 1266/1266/1266
f 1267/1267/1267 1268/1268/1268 1269/1269/1269
f 1270/1270/1270 1271/1271/1271 1272/1272/1272
f 1273/1273/1273 1274/1274/1274 1275/1275/1275
f 1276/1276/1276 1277/1277/1277 1278/1278/1278
f 1279/1279/1279 1280/1280/1280 1281/1281/1281
f 1282/1282/1282 1283/1283/1283 1284/1284/1284
f 1285/1285/1285 1286/1286/1286 1287/1287/1287
f 1288/1288/1288 1289/1289/1289 1290/1290/1290
f 1291/1291/1291 1292/1292/1292 1293/1293/1293
f 1294/1294/1294 1295/1295/1295 1296/1296/1296
f 1297/1297/1297 1298/1298/1298 1299/1299/1299
f 1300/1300/1300 1301/1301/1301 1302/1302/1302
f 1303/1303/1303 1304/1304/1304 1305/1305/1305
f 1306/1306/1306 1307/1307/1307 1308/1308/1308
f 1309/1309/1309 1310/1310/1310 1311/1311/1311
f 1312/1312/1312 1313/1313/1313 1314/1314/1314
f 1315/1315/1315 1316/1316/1316 1317/1317/1317
f 1318/1318/1318 1319/1319/1319 1320/1320/1320
f 1321/1321/1321 1322/1322/1322 1323/1323/1323
f 1324/1324/1324 1325/1325/1325 1326/1326/1326
f 1327/1327/1327 1328/1328/1328 1329/1329/1329
f 1330/1330/1330 1331/1331/1331 1332/1332/1332
f 1333/1333/1333 1334/1334/1334 1335/1335/1335
f 1336/1336/1336 1337/1337/1337 1338/1338/1338
f 1339/1339/1339 1340/1340/1340 1341/1341/1341
f 1342/1342/1342 1343/1343/1343 1344/1344/1344
f 1345/1345/1345 1346/1346/1346 1347/1347/1347
f 1348/1348/1348 1349/1349/1349 1350/1350/1350
f 1351/1351/1351 1352/1352/1352 1353/1353/1353
f 1354/1354/1354 1355/1355/1355 1356/1356/1356
f 1357/1357/1357 1358/1358/1358 1359/1359/1359
f 1360/1360/1360 1361/1361/1361 1362/1362/1362
f 1363/1363/1363 1364/1364/1364 1365/1365/1365
f 1366/1366/1366 1367/1367/1367 1368/1368/1368
f 1369/1369/1369 1370/1370/1370 1371/1371/1371
f 1372/1372/1372 1373/1373/1373 1374/1374/1374
f 1375/1375/1375 1376/1376/1376 1377/1377/1377
f 1378/1378/1378 1379/1379/1379 1380/1380/1380
f 1381/1381/1381 1382/1382/1382 1383/1383/1383
f 1384/1384/1384 1385/1385/1385 1386/1386/1386
f 1387/1387/1387 1388/1388/1388 1389/1389/1389
f 1390/1390/1390 1391/1391/1391 1392/1392/1392
f 1393/1393/1393 1394/1394/1394 1395/1395/1395
f 1396/1396/1396 1397/1397/1397 1398/1398/1398
f 1399/1399/1399 1400/1400/1400 1401/1401/1401
f 1402/1402/1402 1403/1403/1403 1404/1404/1404
f 1405/1405/1405 1406/1406/1406 1407/1407/1407
f 1408/1408/1408 1409/1409/1409 1410/1410/1410
f 1411/1411/1411 1412/1412/1412 1413/1413/1413
f 1414/1414/1414 1415/1415/1415 1416/1416/1416
f 1417/1417/1417 1418/1418/1418 1419/1419/1419
f 1420/1420/1420 1421/1421/1421 1422/1422/1422
f 1423/1423/1423 1424/1424/1424 1425/1425/1425
f 1426/1426/1426 1427/1427/1427 1428/1428/1428
f 1429/1429/1429 1430/1430/1430 1431/1431/1431
f 1432/1432/1432 1433/1433/1433 1434/1434/1434
f 1435/1435/1435 1436/1436/1436 1437/1437/1437
f 1438/1438/1438 1439/1439/1439 1440/1440/1440
f 1441/1441/1441 1442/1442/1442 1443/1443/1443
f 1444/1444/1444 1445/1445/1445 1446/1446/1446
f 1447/1447/1447 1448/1448/1448 1449/1449/1449
f 1450/1450/1450 1451/1451/1451 1452/1452/1452
f 1453/1453/1453 1454/1454/1454 1455/1455/1455
f 1456/1456/1456 1457/1457/1457 1458/1458/1458
f 1459/1459/1459 1460/1460/1460 1461/1461/1461
f 1462/1462/1462 1463/1463/1463 1464/1464/1464
f 1465/1465/1465 1466/1466/1466 1467/1467/1467
f 1468/1468/1468 1469/1469/1469 1470/1470/1470
f 1471/1471/1471 1472/1472/1472 1473/1473/1473
f 1474/1474/1474 1475/1475/1475 1476/1476/1476
f 1477/1477/1477 1478/1478/1478 1479/1479/1479
f 1480/1480/1480 1481/1481/1481 1482/1482/1482
f 1483/1483/1483 1484/1484/1484 1485/1485/1485
f 1486/1486/1486 1487/1487/1487 1488/1488/1488
f 1489/1489/1489 1490/1490/1490 1491/1491/1491
f 1492/1492/1492 1493/1493/1493 1494/1494/1494
f 1495/1495/1495 1496/1496/1496 1497/1497/1497
f 1498/1498/1498 1499/1499/1499 1500/1500/1500
f 1501/1501/1501 1502/1502/1502 1503/1503/1503
f 1504/1504/1504 1505/1505/1505 1506/1506/1506
f 1507/1507/1507 1508/1508/1508 1509/1509/1509
f 1510/1510/1510 1511/1511/1511 1512/1512/1512
f 1513/1513/1513 1514/1514/1514 1515/1515/1515
f 1516/1516/1516 1517/1517/1517 1518/1518/1518
f 1519/1519/1519 1520/1520/1520 1521/1521/1521
f 1522/1522/1522 1523/1523/1523 1524/1524/1524
f 1525/1525/1525 1526/1526/1526 1527/1527/1527
f 1528/1528/1528 1529/1529/1529 1530/1530/1530
f 1531/1531/1531 1532/1532/1532 1533/1533/1533
f 1534/1534/1534 1535/1535/1535 1536/1536/1536
f 1537/1537/1537 1538/1538/1538 1539/1539/1539
f 1540/1540/1540 1541/1541/1541 1542/1542/1542
f 1543/1543/1543 1544/1544/1544 1545/1545/1545
f 1546/1546/1546 1547/1547/1547 1548/1548/1548
f 1549/1549/1549 1550/1550/1550 1551/1551/1551
f 1552/1552/1552 1553/1553/1553 1554/1554/1554
f 1555/1555/1555 1556/1556/1556 1557/1557/1557
f 1558/1558/1558 1559/1559/1559 1560/1560/1560
f 1561/1561/1561 1562/1562/1562 1563/1563/1563
f 1564/1564/1564 1565/1565/1565 1566/1566/1566
f 1567/1567/1567 1568/1568/1568 1569/1569/1569
f 1570/1570/1570 1571/1571/1571 1572/1572/1572
f 1573/1573/1573 1574/1574/1574 1575/1575/1575
f 1576/1576/1576 1577/1577/1577 1578/1578/1578
f 1579/1579/1579 1580/1580/1580 1581/1581/1581
f 1582/1582/1582 1583/1583/1583 1584/1584/1584
f 1585/1585/1585 1586/1586/1586 1587/1587/1587
f 1588/1588/1588 1589/1589/1589 1590/1590/1590
f 1591/1591/1591 1592/1592/1592 1593/1593/1593
f 1594/1594/1594 1595/1595/1595 1596/1596/1596
f 1597/1597/1597 1598/1598/1598 1599/1599/1599
f 1600/1600/1600 1601/1601/1601 1602/1602/1602
f 1603/1603/1603 1604/1604/1604 1605/1605/1605
f 1606/1606/1606 1607/1607/1607 1608/1608/1608
f 1609/1609/1609 1610/1610/1610 1611/1611/1611
f 1612/1612/1612 1613/1613/1613 1614/1614/1614
f 1615/1615/1615 1616/1616/1616 1617/1617/1617
f 1618/1618/1618 1619/1619/1619 1620/1620/1620
f 1621/1621/1621 1622/1622/1622 1623/1623/1623
f 1624/1624/1624 1625/1625/1625 1626/1626/1626
f 1627/1627/1627 1628/1628/1628 1629/1629/1629
f 1630/1630/1630 1631/1631/1631 1632/1632/1632
f 1633/1633/1633 1634/1634/1634 1635/1635/1635
f 1636/1636/1636 1637/1637/1637 1638/1638/1638
f 1639/1639/1639 1640/1640/1640 1641/1641/1641
f 1642/1642/1642 1643/1643/1643 1644/1644/1644
f 1645/1645/1645 1646/1646/1646 1647/1647/1647
f 1648/1648/1648 1649/1649/1649 1650/1650/1650
f 1651/1651/1651 1652/1652/1652 1653/1653/1653
f 1654/1654/1654 1655/1655/1655 1656/1656/1656
f 1657/1657/1657 1658/1658/1658 1659/1659/1659
f 1660/1660/1660 1661/1661/1661 1662/1662/1662
f 1663/1663/1663 1664/1664/1664 1665/1665/1665
f 1666/1666/1666 1667/1667/1667 1668/1668/1668
f 1669/1669/1669 1670/1670/1670 1671/1671/1671
f 1672/1672/1672 1673/1673/1673 1674/1674/1674
f 1675/1675/1675 1676/1676/1676 1677/1677/1677
f 1678/1678/1678 1679/1679/1679 1680/1680/1680
f 1681/1681/1681 1682/1682/1682 1683/1683/1683
f 1684/1684/1684 1685/1685/1685 1686/1686/1686
f 1687/1687/1687 1688/1688/1688 1689/1689/1689
f 1690/1690/1690 1691/1691/1691 1692/1692/1692
f 1693/1693/1693 1694/1694/1694 1695/1695/1695
f 1696/1696/1696 1697/1697/1697 1698/1698/1698
f 1699/1699/1699 1700/1700/1700 1701/1701/1701
f 1702/1702/1702 1703/1703/1703 1704/1704/1704
f 1705/1705/1705 1706/1706/1706 1707/1707/1707
f 1708/1708/1708 1709/1709/1709 1710/1710/1710
f 1711/1711/1711 1712/1712/1712 1713/1713/1713
f 1714/1714/1714 1715/1715/1715 1716/1716/1716
f 1717/1717/1717 1718/1718/1718 1719/1719/1719
f 1720/1720/1720 1721/1721/1721 1722/1722/1722
f 1723/1723/1723 1724/1724/1724 1725/1725/1725
f 1726/1726/1726 1727/1727/1727 1728/1728/1728
f 1729/1729/1729 1730/1730/1730 1731/1731/1731
f 1732/1732/1732 1733/1733/1733 1734/1734/1734
f 1735/1735/1735 1736/1736/1736 1737/1737/1737
f 1738/1738/1738 1739/1739/1739 1740/1740/1740
f 1741/1741/1741 1742/1742/1742 1743/1743/1743
f 1744/1744/1744 1745/1745/1745 1746/1746/1746
f 1747/1747/1747 1748/1748/1748 1749/1749/1749
f 1750/1750/1750 1751/1751/1751 1752/1752/1752
f 1753/1753/1753 1754/1754/1754 1755/1755/1755
f 1756/1756/1756 1757/1757/1757 1758/1758/1758
f 1759/1759/1759 1760/1760/1760 1761/1761/1761
f 1762/1762/1762 1763/1763/1763 1764/1764/1764
f 1765/1765/1765 1766/1766/1766 1767/1767/1767
f 1768/1768/1768 1769/1769/1769 1770/1770/1770
f 1771/1771/1771 1772/1772/1772 1773/1773/1773
f 1774/1774/1774 1775/1775/1775 1776/1776/1776
f 1777/1777/1777 1778/1778/1778 1779/1779/1779
f 1780/1780/1780 1781/1781/1781 1782/1782/1782
f 1783/1783/1783 1784/1784/1784 1785/1785/1785
f 1786/1786/1786 1787/1787/1787 1788/1788/1788
f 1789/1789/1789 1790/1790/1790 1791/1791/1791
f 1792/1792/1792 1793/1793/1793 1794/1794/1794
f 1795/1795/1795 1796/1796/1796 1797/1797/1797
f 1798/1798/1798 1799/1799/1799 1800/1800/1800
f 1801/1801/1801 1802/1802/1802 1803/1803/1803
f 1804/1804/1804 1805/1805/1805 1806/1806/1806
f 1807/1807/1807 1808/1808/1808 1809/1809/1809
f 1810/1810/1810 1811/1811/1811 1812/1812/1812
f 1813/1813/1813 1814/1814/1814 1815/1815/1815
f 1816/1816/1816 1817/1817/1817 1818/1818/1818
f 1819/1819/1819 1820/1820/1820 1821/1821/1821
f 1822/1822/1822 1823/1823/1823 1824/1824/1824
f 1825/1825/1825 1826/1826/1826 1827/1827/1827
f 1828/1828/1828 1829/1829/1829 1830/1830/1830
f 1831/1831/1831 1832/1832/1832 1833/1833/1833
f 1834/1834/1834 1835/1835/1835 1836/1836/1836
f 1837/1837/1837 1838/1838/1838 1839/1839/1839
f 1840/1840/1840 1841/1841/1841 1842/1842/1842
f 1843/1843/1843 1844/1844/1844 1845/1845/1845
f 1846/1846/1846 1847/1847/1847 1848/1848/1848
f 1849/1849/1849 1850/1850/1850 1851/1851/1851
f 1852/1852/1852 1853/1853/1853 1854/1854/1854
f 1855/1855/1855 1856/1856/1856 1857/1857/1857
f 1858/1858/1858 1859/1859/1859 1860/1860/1860
f 1861/1861/1861 1862/1862/1862 1863/1863/1863
f 1864/1864/1864 1865/1865/1865 1866/1866/1866
f 1867/1867/1867 1868/1868/1868 1869/1869/1869
f 1870/1870/1870 1871/1871/1871 1872/1872/1872
f 1873/1873/1873 1874/1874/1874 1875/1875/1875
f 1876/1876/1876 1877/1877/1877 1878/1878/1878
f 1879/1879/1879 1880/1880/1880 1881/1881/1881
f 1882/1882/1882 1883/1883/1883 1884/1884/1884
f 1885/1885/1885 1886/1886/1886 1887/1887/1887
f 1888/1888/1888 1889/1889/1889 1890/1890/1890
f 1891/1891/1891 1892/1892/1892 1893/1893/1893
f 1894/1894/1894 1895/1895/1895 1896/1896/1896
f 1897/1897/1897 1898/1898/1898 1899/1899/1899
f 1900/1900/1900 1901/1901/1901 1902/1902/1902
f 1903/1903/1903 1904/1904/1904 1905/1905/1905
f 1906/1906/1906 1907/1907/1907 1908/1908/1908
f 1909/1909/1909 1910/1910/1910 1911/1911/1911
f 1912/1912/1912 1913/1913/1913 1914/1914/1914
f 1915/1915/1915 1916/1916/1916 1917/1917/1917
f 1918/1918/1918 1919/1919/1919 1920/1920/1920
f 1921/1921/1921 1922/1922/1922 1923/1923/1923
f 1924/1924/1924 1925/1925/1925 1926/1926/1926
f 1927/1927/1927 1928/1928/1928 1929/1929/1929
f 1930/1930/1930 1931/1931/1931 1932/1932/1932
f 1933/1933/1933 1934/1934/1934 1935/1935/1935
f 1936/1936/1936 1937/1937/1937 1938/1938/1938
f 1939/1939/1939 1940/1940/1940 1941/1941/1941
f 1942/1942/1942 1943/1943/1943 1944/1944/1944
f 1945/1945/1945 1946/1946/1946 1947/1947/1947
f 1948/1948/1948 1949/1949/1949 1950/1950/1950
f 1951/1951/1951 1952/1952/1952 1953/1953/1953
f 1954/1954/1954 1955/1955/1955 1956/1956/1956
f 1957/1957/1957 1958/1958/1958 1959/1959/1959
f 1960/1960/1960 1961/1961/1961 1962/1962/1962
f 1963/1963/1963 1964/1964/1964 1965/1965/1965
f 1966/1966/1966 1967/1967/1967 1968/1968/1968
f 1969/1969/1969 1970/1970/1970 1971/1971/1971
f 1972/1972/1972 1973/1973/1973 1974/1974/1974
f 1975/1975/1975 1976/1976/1976 1977/1977/1977
f 1978/1978/1978 1979/1979/1979 1980/1980/1980
f 1981/1981/1981 1982/1982/1982 1983/1983/1983
f 1984/1984/1984 1985/1985/1985 1986/1986/1986
f 1987/1987/1987 1988/1988/1988 1989/1989/1989
f 1990/1990/1990 1991/1991/1991 1992/1992/1992
f 1993/1993/1993 1994/1994/1994 1995/1995/1995
f 1996/1996/1996 1997/1997/1997 1998/1998/1998
f 1999/1999/1999 2000/2000/2000 2001/2001/2001
f 2002/2002/2002 2003/2003/2003 2004/2004/2004
f 2005/2005/2005 2006/2006/2006 2007/2007/2007
f 2008/2008/2008 2009/2009/2009 2010/2010/2010
f 2011/2011/2011 2012/2012/2012 2013/2013/2013
f 2014/2014/2014 2015/2015/2015 2016/2016/2016
f 2017/2017/2017 2018/2018/2018 2019/2019/2019
f 2020/2020/2020 2021/2021/2021 2022/2022/2022
f 2023/2023/2023 2024/2024/2024 2025/2025/2025
f 2026/2026/2026 2027/2027/2027 2028/2028/2028
f 2029/2029/2029 2030/2030/2030 2031/2031/2031
f 2032/2032/2032 2033/2033/2033 2034/2034/2034
f 2035/2035/2035 2036/2036/2036 2037/2037/2037
f 2038/2038/2038 2039/2039/2039 2040/2040/2040
f 2041/2041/2041 2042/2042/2042 2043/2043/2043
f 2044/2044/2044 2045/2045/2045 2046/2046/2046
f 2047/2047/2047 2048/2048/2048 2049/2049/2049
f 2050/2050/2050 2051/2051/2051 2052/2052/2052
f 2053/2053/2053 2054/2054/2054 2055/2055/2055
f 2056/2056/2056 2057/2057/2057 2058/2058/2058
f 2059/2059/2059 2060/2060/2060 2061/2061/2061
f 2062/2062/2062 2063/2063/2063 2064/2064/2064
f 2065/2065/2065 2066/2066/2066 2067/2067/2067
f 2068/2068/2068 2069/2069/2069 2070/2070/2070
f 2071/2071/2071 2072/2072/2072 2073/2073/2073
f 2074/2074/2074 2075/2075/2075 2076/2076/2076
f 2077/2077/2077 2078/2078/2078 2079/2079/2079
f 2080/2080/2080 2081/2081/2081 2082/2082/2082
f 2083/2083/2083 2084/2084/2084 2085/2085/2085
f 2086/2086/2086 2087/2087/2087 2088/2088/2088
f 2089/2089/2089 2090/2090/2090 2091/2091/2091
f 2092/2092/2092 2093/2093/2093 2094/2094/2094
f 2095/2095/2095 2096/2096/2096 2097/2097/2097
f 2098/2098/2098 2099/2099/2099 2100/2100/2100
f 2101/2101/2101 2102/2102/2102 2103/2103/2103
f 2104/2104/2104 2105/2105/2105 2106/2106/2106
f 2107/2107/2107 2108/2108/2108 2109/2109/2109
f 2110/2110/2110 2111/2111/2111 2112/2112/2112
f 2113/2113/2113 2114/2114/2114 2115/2115/2115
f 2116/2116/2116 2117/2117/2117 2118/2118/2118
f 2119/2119/2119 2120/2120/2120 2121/2121/2121
f 2122/2122/2122 2123/2123/2123 2124/2124/2124
f 2125/2125/2125 2126/2126/2126 2127/2127/2127
f 2128/2128/2128 2129/2129/2129 2130/2130/2130
f 2131/2131/2131 2132/2132/2132 2133/2133/2133
f 2134/2134/2134 2135/2135/2135 2136/2136/2136
f 2137/2137/2137 2138/2138/2138 2139/2139/2139
f 2140/2140/2140 2141/2141/2141 2142/2142/2142
f 2143/2143/2143 2144/2144/2144 2145/2145/2145
f 2146/2146/2146 2147/2147/2147 2148/2148/2148
f 2149/2149/2149 2150/2150/2150 2151/2151/2151
f 2152/2152/2152 2153/2153/2153 2154/2154/2154
f 2155/2155/2155 2156/2156/2156 2157/2157/2157
f 2158/2158/2158 2159/2159/2159 2160/2160/2160
f 2161/2161/2161 2162/2162/2162 2163/2163/2163
f 2164/2164/2164 2165/2165/2165 2166/2166/2166
f 2167/2167/2167 2168/2168/2168 2169/2169/2169
f 2170/2170/2170 2171/2171/2171 2172/2172/2172
f 2173/2173/2173 2174/2174/2174 2175/2175/2175
f 2176/2176/2176 2177/2177/2177 2178/2178/2178
f 2179/2179/2179 2180/2180/2180 2181/2181/2181
f 2182/2182/2182 2183/2183/2183 2184/2184/2184
f 2185/2185/2185 2186/2186/2186 2187/2187/2187
f 2188/2188/2188 2189/2189/2189 2190/2190/2190
f 2191/2191/2191 2192/2192/2192 2193/2193/2193
f 2194/2194/2194 2195/2195/2195 2196/2196/2196
f 2197/2197/2197 2198/2198/2198 2199/2199/2199
f 2200/2200/2200 2201/2201/2201 2202/2202/2202
f 2203/2203/2203 2204/2204/2204 2205/2205/2205
f 2206/2206/2206 2207/2207/2207 2208/2208/2208
f 2209/2209/2209 2210/2210/2210 2211/2211/2211
f 2212/2212/2212 2213/2213/2213 2214/2214/2214
f 2215/2215/2215 2216/2216/2216 2217/2217/2217
f 2218/2218/2218 2219/2219/2219 2220/2220/2220
f 2221/2221/2221 2222/2222/2222 2223/2223/2223
f 2224/2224/2224 2225/2225/2225 2226/2226/2226
f 2227/2227/2227 2228/2228/2228 2229/2229/2229
f 2230/2230/2230 2231/2231/2231 2232/2232/2232
f 2233/2233/2233 2234/2234/2234 2235/2235/2235
f 2236/2236/2236 2237/2237/2237 2238/2238/2238
f 2239/2239/2239 2240/2240/2240 2241/2241/2241
f 2242/2242/2242 2243/2243/2243 2244/2244/2244
f 2245/2245/2245 2246/2246/2246 2247/2247/2247
f 2248/2248/2248 2249/2249/2249 2250/2250/2250
f 2251/2251/2251 2252/2252/2252 2253/2253/2253
f 2254/2254/2254 2255/2255/2255 2256/2256/2256
f 2257/2257/2257 2258/2258/2258 2259/2259/2259
f 2260/2260/2260 2261/2261/2261 2262/2262/2262
f 2263/2263/2263 2264/2264/2264 2265/2265/2265
f 2266/2266/2266 2267/2267/2267 2268/2268/2268
f 2269/2269/2269 2270/2270/2270 2271/2271/2271
f 2272/2272/2272 2273/2273/2273 2274/2274/2274
f 2275/2275/2275 2276/2276/2276 2277/2277/2277
f 2278/2278/2278 2279/2279/2279 2280/2280/2280
f 2281/2281/2281 2282/2282/2282 2283/2283/2283
f 2284/2284/2284 2285/2285/2285 2286/2286/2286
f 2287/2287/2287 2288/2288/2288 2289/2289/2289
f 2290/2290/2290 2291/2291/2291 2292/2292/2292
f 2293/2293/2293 2294/2294/2294 2295/2295/2295
f 2296/2296/2296 2297/2297/2297 2298/2298/2298
f 2299/2299/2299 2300/2300/2300 2301/2301/2301
f 2302/2302/2302 2303/2303/2303 2304/2304/2304
f 2305/2305/2305 2306/2306/2306 2307/2307/2307
f 2308/2308/2308 2309/2309/2309 2310/2310/2310
f 2311/2311/2311 2312/2312/2312 2313/2313/2313
f 2314/2314/2314 2315/2315/2315 2316/2316/2316
f 2317/2317/2317 2318/2318/2318 2319/2319/2319
f 2320/2320/2320 2321/2321/2321 2322/2322/2322
f 2323/2323/2323 2324/2324/2324 2325/2325/2325
f 2326/2326/2326 2327/2327/2327 2328/2328/2328
f 2329/2329/2329 2330/2330/2330 2331/2331/2331
f 2332/2332/2332 2333/2333/2333 2334/2334/2334
f 2335/2335/2335 2336/2336/2336 2337/2337/2337
f 2338/2338/2338 2339/2339/2339 2340/2340/2340
f 2341/2341/2341 2342/2342/2342 2343/2343/2343
f 2344/2344/2344 2345/2345/2345 2346/2346/2346
f 2347/2347/2347 2348/2348/2348 2349/2349/2349
f 2350/2350/2350 2351/2351/2351 2352/2352/2352
f 2353/2353/2353 2354/2354/2354 2355/2355/2355
f 2356/2356/2356 2357/2357/2357 2358/2358/2358
f 2359/2359/2359 2360/2360/2360 2361/2361/2361
f 2362/2362/2362 2363/2363/2363 2364/2364/2364
f 2365/2365/2365 2366/2366/2366 2367/2367/2367
f 2368/2368/2368 2369/2369/2369 2370/2370/2370
f 2371/2371/2371 2372/2372/2372 2373/2373/2373
f 2374/2374/2374 2375/2375/2375 2376/2376/2376
f 2377/2377/2377 2378/2378/2378 2379/2379/2379
f 2380/2380/2380 2381/2381/2381 2382/2382/2382
f 2383/2383/2383 2384/2384/2384 2385/2385/2385
f 2386/2386/2386 2387/2387/2387 2388/2388/2388
f 2389/2389/2389 2390/2390/2390 2391/2391/2391
f 2392/2392/2392 2393/2393/2393 2394/2394/2394
f 2395/2395/2395 2396/2396/2396 2397/2397/2397
f 2398/2398/2398 2399/2399/2399 2400/2400/2400
f 2401/2401/2401 2402/2402/2402 2403/2403/2403
f 2404/2404/2404 2405/2405/2405 2406/2406/2406
f 2407/2407/2407 2408/2408/2408 2409/2409/2409
f 2410/2410/2410 2411/2411/2411 2412/2412/2412
f 2413/2413/2413 2414/2414/2414 2415/2415/2415
f 2416/2416/2416 2417/2417/2417 2418/2418/2418
f 2419/2419/2419 2420/2420/2420 2421/2421/2421
f 2422/2422/2422 2423/2423/2423 2424/2424/2424
f 2425/2425/2425 2426/2426/2426 2427/2427/2427
f 2428/2428/2428 2429/2429/2429 2430/2430/2430
f 2431/2431/2431 2432/2432/2432 2433/2433/2433
f 2434/2434/2434 2435/2435/2435 2436/2436/2436
f 2437/2437/2437 2438/2438/2438 2439/2439/2439
f 2440/2440/2440 2441/2441/2441 2442/2442/2442
f 2443/2443/2443 2444/2444/2444 2445/2445/2445
f 2446/2446/2446 2447/2447/2447 2448/2448/2448
f 2449/2449/2449 2450/2450/2450 2451/2451/2451
f 2452/2452/2452 2453/2453/2453 2454/2454/2454
f 2455/2455/2455 2456/2456/2456 2457/2457/2457
f 2458/2458/2458 2459/2459/2459 2460/2460/2460
f 2461/2461/2461 2462/2462/2462 2463/2463/2463
f 2464/2464/2464 2465/2465/2465 2466/2466/2466
f 2467/2467/2467 2468/2468/2468 2469/2469/2469
f 2470/2470/2470 2471/2471/2471 2472/2472/2472
f 2473/2473/2473 2474/2474/2474 2475/2475/2475
f 2476/2476/2476 2477/2477/2477 2478/2478/2478
f 2479/2479/2479 2480/2480/2480 2481/2481/2481
f 2482/2482/2482 2483/2483/2483 2484/2484/2484
f 2485/2485/2485 2486/2486/2486 2487/2487/2487
f 2488/2488/2488 2489/2489/2489 2490/2490/2490
f 2491/2491/2491 2492/2492/2492 2493/2493/2493
f 2494/2494/2494 2495/2495/2495 2496/2496/2496
f 2497/2497/2497 2498/2498/2498 2499/2499/2499
f 2500/2500/2500 2501/2501/2501 2502/2502/2502
f 2503/2503/2503 2504/2504/2504 2505/2505/2505
f 2506/2506/2506 2507/2507/2507 2508/2508/2508
f 2509/2509/2509 2510/2510/2510 2511/2511/2511
f 2512/2512/2512 2513/2513/2513 2514/2514/2514
f 2515/2515/2515 2516/2516/2516 2517/2517/2517
f 2518/2518/2518 2519/2519/2519 2520/2520/2520
f 2521/2521/2521 2522/2522/2522 2523/2523/2523
f 2524/2524/2524 2525/2525/2525 2526/2526/2526
f 2527/2527/2527 2528/2528/2528 2529/2529/2529
f 2530/2530/2530 2531/2531/2531 2532/2532/2532
f 2533/2533/2533 2534/2534/2534 2535/2535/2535
f 2536/2536/2536 2537/2537/2537 2538/2538/2538
f 2539/2539/2539 2540/2540/2540 2541/2541/2541
f 2542/2542/2542 2543/2543/2543 2544/2544/2544
f 2545/2545/2545 2546/2546/2546 2547/2547/2547
f 2548/2548/2548 2549/2549/2549 2550/2550/2550
f 2551/2551/2551 2552/2552/2552 2553/2553/2553
f 2554/2554/2554 2555/2555/2555 2556/2556/2556
f 2557/2557/2557 2558/2558/2558 2559/2559/2559
f 2560/2560/2560 2561/2561/2561 2562/2562/2562
f 2563/2563/2563 2564/2564/2564 2565/2565/2565
f 2566/2566/2566 2567/2567/2567 2568/2568/2568
f 2569/2569/2569 2570/2570/2570 2571/2571/2571
f 2572/2572/2572 2573/2573/2573 2574/2574/2574
f 2575/2575/2575 2576/2576/2576 2577/2577/2577
f 2578/2578/2578 2579/2579/2579 2580/2580/2580
f 2581/2581/2581 2582/2582/2582 2583/2583/2583
f 2584/2584/2584 2585/2585/2585 2586/2586/2586
f 2587/2587/2587 2588/2588/2588 2589/2589/2589
f 2590/2590/2590 2591/2591/2591 2592/2592/2592
f 2593/2593/2593 2594/2594/2594 2595/2595/2595
f 2596/2596/2596 2597/2597/2597 2598/2598/2598
f 2599/2599/2599 2600/2600/2600 2601/2601/2601
f 2602/2602/2602 2603/2603/2603 2604/2604/2604
f 2605/2605/2605 2606/2606/2606 2607/2607/2607
f 2608/2608/2608 2609/2609/2609 2610/2610/2610
f 2611/2611/2611 2612/2612/2612 2613/2613/2613
f 2614/2614/2614 2615/2615/2615 2616/2616/2616
f 2617/2617/2617 2618/2618/2618 2619/2619/2619
f 2620/2620/2620 2621/2621/2621 2622/2622/2622
f 2623/2623/2623 2624/2624/2624 2625/2625/2625
f 2626/2626/2626 2627/2627/2627 2628/2628/2628
f 2629/2629/2629 2630/2630/2630 2631/2631/2631
f 2632/2632/2632 2633/2633/2633 2634/2634/2634
f 2635/2635/2635 2636/2636/2636 2637/2637/2637
f 2638/2638/2638 2639/2639/2639 2640/2640/2640
f 2641/2641/2641 2642/2642/2642 2643/2643/2643
f 2644/2644/2644 2645/2645/2645 2646/2646/2646
f 2647/2647/2647 2648/2648/2648 2649/2649/2649
f 2650/2650/2650 2651/2651/2651 2652/2652/2652
f 2653/2653/2653 2654/2654/2654 2655/2655/2655
f 2656/2656/2656 2657/2657/2657 2658/2658/2658
f 2659/2659/2659 2660/2660/2660 2661/2661/2661
f 2662/2662/2662 2663/2663/2663 2664/2664/2664
f 2665/2665/2665 2666/2666/2666 2667/2667/2667
f 2668/2668/2668 2669/2669/2669 2670/2670/2670
f 2671/2671/2671 2672/2672/2672 2673/2673/2673
f 2674/2674/2674 2675/2675/2675 2676/2676/2676
f 2677/2677/2677 2678/2678/2678 2679/2679/2679
f 2680/2680/2680 2681/2681/2681 2682/2682/2682
f 2683/2683/2683 2684/2684/2684 2685/2685/2685
f 2686/2686/2686 2687/2687/2687 2688/2688/2688
f 2689/2689/2689 2690/2690/2690 2691/2691/2691
f 2692/2692/2692 2693/2693/2693 2694/2694/2694
f 2695/2695/2695 2696/2696/2696 2697/2697/2697
f 2698/2698/2698 2699/2699/2699 2700/2700/2700
f 2701/2701/2701 2702/2702/2702 2703/2703/2703
f 2704/2704/2704 2705/2705/2705 2706/2706/2706
f 2707/2707/2707 2708/2708/2708 2709/2709/2709
f 2710/2710/2710 2711/2711/2711 2712/2712/2712
f 2713/2713/2713 2714/2714/2714 2715/2715/2715
f 2716/2716/2716 2717/2717/2717 2718/2718/2718
f 2719/2719/2719 2720/2720/2720 2721/2721/2721
f 2722/2722/2722 2723/2723/2723 2724/2724/2724
f 2725/2725/2725 2726/2726/2726 2727/2727/2727
f 2728/2728/2728 2729/2729/2729 2730/2730/2730
f 2731/2731/2731 2732/2732/2732 2733/2733/2733
f 2734/2734/2734 2735/2735/2735 2736/2736/2736
f 2737/2737/2737 2738/2738/2738 2739/2739/2739
f 2740/2740/2740 2741/2741/2741 2742/2742/2742
f 2743/2743/2743 2744/2744/2744 2745/2745/2745
f 2746/2746/2746 2747/2747/2747 2748/2748/2748
f 2749/2749/2749 2750/2750/2750 2751/2751/2751
f 2752/2752/2752 2753/2753/2753 2754/2754/2754
f 2755/2755/2755 2756/2756/2756 2757/2757/2757
f 2758/2758/2758 2759/2759/2759 2760/2760/2760
f 2761/2761/2761 2762/2762/2762 2763/2763/2763
f 2764/2764/2764 2765/2765/2765 2766/2766/2766
f 2767/2767/2767 2768/2768/2768 2769/2769/2769
f 2770/2770/2770 2771/2771/2771 2772/2772/2772
f 2773/2773/2773 2774/2774/2774 2775/2775/2775
f 2776/2776/2776 2777/2777/2777 2778/2778/2778
f 2779/2779/2779 2780/2780/2780 2781/2781/2781
f 2782/2782/2782 2783/2783/2783 2784/2784/2784
f 2785/2785/2785 2786/2786/2786 2787/2787/2787
f 2788/2788/2788 2789/2789/2789 2790/2790/2790
f 2791/2791/2791 2792/2792/2792 2793/2793/2793
f 2794/2794/2794 2795/2795/2795 2796/2796/2796
f 2797/2797/2797 2798/2798/2798 2799/2799/2799
f 2800/2800/2800 2801/2801/2801 2802/2802/2802
f 2803/2803/2803 2804/2804/2804 2805/2805/2805
f 2806/2806/2806 2807/2807/2807 2808/2808/2808
f 2809/2809/2809 2810/2810/2810 2811/2811/2811
f 2812/2812/2812 2813/2813/2813 2814/2814/2814
f 2815/2815/2815 2816/2816/2816 2817/2817/2817
f 2818/2818/2818 2819/2819/2819 2820/2820/2820
f 2821/2821/2821 2822/2822/2822 2823/2823/2823
f 2824/2824/2824 2825/2825/2825 2826/2826/2826
f 2827/2827/2827 2828/2828/2828 2829/2829/2829
f 2830/2830/2830 2831/2831/2831 2832/2832/2832
f 2833/2833/2833 2834/2834/2834 2835/2835/2835
f 2836/2836/2836 2837/2837/2837 2838/2838/2838
f 2839/2839/2839 2840/2840/2840 2841/2841/2841
f 2842/2842/2842 2843/2843/2843 2844/2844/2844
f 2845/2845/2845 2846/2846/2846 2847/2847/2847
f 2848/2848/2848 2849/2849/2849 2850/2850/2850
f 2851/2851/2851 2852/2852/2852 2853/2853/2853
f 2854/2854/2854 2855/2855/2855 2856/2856/2856
f 2857/2857/2857 2858/2858/2858 2859/2859/2859
f 2860/2860/2860 2861/2861/2861 2862/2862/2862
f 2863/2863/2863 2864/2864/2864 2865/2865/2865
f 2866/2866/2866 2867/2867/2867 2868/2868/2868
f 2869/2869/2869 2870/2870/2870 2871/2871/2871
f 2872/2872/2872 2873/2873/2873 2874/2874/2874
f 2875/2875/2875 2876/2876/2876 2877/2877/2877
f 2878/2878/2878 2879/2879/2879 2880/2880/2880
f 2881/2881/2881 2882/2882/2882 2883/2883/2883
f 2884/2884/2884 2885/2885/2885 2886/2886/2886
f 2887/2887/2887 2888/2888/2888 2889/2889/2889
f 2890/2890/2890 2891/2891/2891 2892/2892/2892
f 2893/2893/2893 2894/2894/2894 2895/2895/2895
f 2896/2896/2896 2897/2897/2897 2898/2898/2898
f 2899/2899/2899 2900/2900/2900 2901/2901/2901
f 2902/2902/2902 2903/2903/2903 2904/2904/2904
f 2905/2905/2905 2906/2906/2906 2907/2907/2907
f 2908/2908/2908 2909/2909/2909 2910/2910/2910
f 2911/2911/2911 2912/2912/2912 2913/2913/2913
f 2914/2914/2914 2915/2915/2915 2916/2916/2916
f 2917/2917/2917 2918/2918/2918 2919/2919/2919
f 2920/2920/2920 2921/2921/2921 2922/2922/2922
f 2923/2923/2923 2924/2924/2924 2925/2925/2925
f 2926/2926/2926 2927/2927/2927 2928/2928/2928
f 2929/2929/2929 2930/2930/2930 2931/2931/2931
f 2932/2932/2932 2933/2933/2933 2934/2934/2934
f 2935/2935/2935 2936/2936/2936 2937/2937/2937
f 2938/2938/2938 2939/2939/2939 2940/2940/2940
f 2941/2941/2941 2942/2942/2942 2943/2943/2943
f 2944/2944/2944 2945/2945/2945 2946/2946/2946
f 2947/2947/2947 2948/2948/2948 2949/2949/2949
f 2950/2950/2950 2951/2951/2951 2952/2952/2952
f 2953/2953/2953 2954/2954/2954 2955/2955/2955
f 2956/2956/2956 2957/2957/2957 2958/2958/2958
f 2959/2959/2959 2960/2960/2960 2961/2961/2961
f 2962/2962/2962 2963/2963/2963 2964/2964/2964
f 2965/2965/2965 2966/2966/2966 2967/2967/2967
f 2968/2968/2968 2969/2969/2969 2970/2970/2970
f 2971/2971/2971 2972/2972/2972 2973/2973/2973
f 2974/2974/2974 2975/2975/2975 2976/2976/2976
f 2977/2977/2977 2978/2978/2978 2979/2979/2979
f 2980/2980/2980 2981/2981/2981 2982/2982/2982
f 2983/2983/2983 2984/2984/2984 2985/2985/2985
f 2986/2986/2986 2987/2987/2987 2988/2988/2988
f 2989/2989/2989 2990/2990/2990 2991/2991/2991
f 2992/2992/2992 2993/2993/2993 2994/2994/2994
f 2995/2995/2995 2996/2996/2996 2997/2997/2997
f 2998/2998/2998 2999/2999/2999 3000/3000/3000
f 3001/3001/3001 3002/3002/3002 3003/3003/3003
f 3004/3004/3004 3005/3005/3005 3006/3006/3006
f 3007/3007/3007 3008/3008/3008 3009/3009/3009
f 3010/3010/3010 3011/3011/3011 3012/3012/3012
f 3013/3013/3013 3014/3014/3014 3015/3015/3015
f 3016/3016/3016 3017/3017/3017 3018/3018/3018
f 3019/3019/3019 3020/3020/3020 3021/3021/3021
f 3022/3022/3022 3023/3023/3023 3024/3024/3024
f 3025/3025/3025 3026/3026/3026 3027/3027/3027
f 3028/3028/3028 3029/3029/3029 3030/3030/3030
f 3031/3031/3031 3032/3032/3032 3033/3033/3033
f 3034/3034/3034 3035/3035/3035 3036/3036/3036
f 3037/3037/3037 3038/3038/3038 3039/3039/3039
f 3040/3040/3040 3041/3041/3041 3042/3042/3042
f 3043/3043/3043 3044/3044/3044 3045/3045/3045
f 3046/3046/3046 3047/3047/3047 3048/3048/3048
f 3049/3049/3049 3050/3050/3050 3051/3051/3051
f 3052/3052/3052 3053/3053/3053 3054/3054/3054
f 3055/3055/3055 3056/3056/3056 3057/3057/3057
f 3058/3058/3058 3059/3059/3059 3060/3060/3060
f 3061/3061/3061 3062/3062/3062 3063/3063/3063
f 3064/3064/3064 3065/3065/3065 3066/3066/3066
f 3067/3067/3067 3068/3068/3068 3069/3069/3069
f 3070/3070/3070 3071/3071/3071 3072/3072/3072
f 3073/3073/3073 3074/3074/3074 3075/3075/3075
f 3076/3076/3076 3077/3077/3077 3078/3078/3078
f 3079/3079/3079 3080/3080/3080 3081/3081/3081
f 3082/3082/3082 3083/3083/3083 3084/3084/3084
f 3085/3085/3085 3086/3086/3086 3087/3087/3087
f 3088/3088/3088 3089/3089/3089 3090/3090/3090
f 3091/3091/3091 3092/3092/3092 3093/3093/3093
f 3094/3094/3094 3095/3095/3095 3096/3096/3096
f 3097/3097/3097 3098/3098/3098 3099/3099/3099
f 3100/3100/3100 3101/3101/3101 3102/3102/3102
f 3103/3103/3103 3104/3104/3104 3105/3105/3105
f 3106/3106/3106 3107/3107/3107 3108/3108/3108
f 3109/3109/3109 3110/3110/3110 3111/3111/3111
f 3112/3112/3112 3113/3113/3113 3114/3114/3114
f 3115/3115/3115 3116/3116/3116 3117/3117/3117
f 3118/3118/3118 3119/3119/3119 3120/3120/3120
f 3121/3121/3121 3122/3122/3122 3123/3123/3123
f 3124/3124/3124 3125/3125/3125 3126/3126/3126
f 3127/3127/3127 3128/3128/3128 3129/3129/3129
f 3130/3130/3130 3131/3131/3131 3132/3132/3132
f 3133/3133/3133 3134/3134/3134 3135/3135/3135
f 3136/3136/3136 3137/3137/3137 3138/3138/3138
f 3139/3139/3139 3140/3140/3140 3141/3141/3141
f 3142/3142/3142 3143/3143/3143 3144/3144/3144
f 3145/3145/3145 3146/3146/3146 3147/3147/3147
f 3148/3148/3148 3149/3149/3149 3150/3150/3150
f 3151/3151/3151 3152/3152/3152 3153/3153/3153
f 3154/3154/3154 3155/3155/3155 3156/3156/3156
f 3157/3157/3157 3158/3158/3158 3159/3159/3159
f 3160/3160/3160 3161/3161/3161 3162/3162/3162
f 3163/3163/3163 3164/3164/3164 3165/3165/3165
f 3166/3166/3166 3167/3167/3167 3168/3168/3168
f 3169/3169/3169 3170/3170/3170 3171/3171/3171
f 3172/3172/3172 3173/3173/3173 3174/3174/3174
f 3175/3175/3175 3176/3176/3176 3177/3177/3177
f 3178/3178/3178 3179/3179/3179 3180/3180/3180
f 3181/3181/3181 3182/3182/3182 3183/3183/3183
f 3184/3184/3184 3185/3185/3185 3186/3186/3186
f 3187/3187/3187 3188/3188/3188 3189/3189/3189
f 3190/3190/3190 3191/3191/3191 3192/3192/3192
f 3193/3193/3193 3194/3194/3194 3195/3195/3195
f 3196/3196/3196 3197/3197/3197 3198/3198/3198
f 3199/3199/3199 3200/3200/3200 3201/3201/3201
f 3202/3202/3202 3203/3203/3203 3204/3204/3204
f 3205/3205/3205 3206/3206/3206 3207/3207/3207
f 3208/3208/3208 3209/3209/3209 3210/3210/3210
f 3211/3211/3211 3212/3212/3212 3213/3213/3213
f 3214/3214/3214 3215/3215/3215 3216/3216/3216
f 3217/3217/3217 3218/3218/3218 3219/3219/3219
f 3220/3220/3220 3221/3221/3221 3222/3222/3222
f 3223/3223/3223 3224/3224/3224 3225/3225/3225
f 3226/3226/3226 3227/3227/3227 3228/3228/3228
f 3229/3229/3229 3230/3230/3230 3231/3231/3231
f 3232/3232/3232 3233/3233/3233 3234/3234/3234
f 3235/3235/3235 3236/3236/3236 3237/3237/3237
f 3238/3238/3238 3239/3239/3239 3240/3240/3240
f 3241/3241/3241 3242/3242/3242 3243/3243/3243
f 3244/3244/3244 3245/3245/3245 3246/3246/3246
f 3247/3247/3247 3248/3248/3248 3249/3249/3249
f 3250/3250/3250 3251/3251/3251 3252/3252/3252
f 3253/3253/3253 3254/3254/3254 3255/3255/3255
f 3256/3256/3256 3257/3257/3257 3258/3258/3258
f 3259/3259/3259 3260/3260/3260 3261/3261/3261
f 3262/3262/3262 3263/3263/3263 3264/3264/3264
f 3265/3265/3265 3266/3266/3266 3267/3267/3267
f 3268/3268/3268 3269/3269/3269 3270/3270/3270
f 3271/3271/3271 3272/3272/3272 3273/3273/3273
f 3274/3274/3274 3275/3275/3275 3276/3276/3276
f 3277/3277/3277 3278/3278/3278 3279/3279/3279
f 3280/3280/3280 3281/3281/3281 3282/3282/3282
f 3283/3283/3283 3284/3284/3284 3285/3285/3285
f 3286/3286/3286 3287/3287/3287 3288/3288/3288
f 3289/3289/3289 3290/3290/3290 3291/3291/3291
f 3292/3292/3292 3293/3293/3293 3294/3294/3294
f 3295/3295/3295 3296/3296/3296 3297/3297/3297
f 3298/3298/3298 3299/3299/3299 3300/3300/3300
f 3301/3301/3301 3302/3302/3302 3303/3303/3303
f 3304/3304/3304 3305/3305/3305 3306/3306/3306
f 3307/3307/3307 3308/3308/3308 3309/3309/3309
f 3310/3310/3310 3311/3311/3311 3312/3312/3312
f 3313/3313/3313 3314/3314/3314 3315/3315/3315
f 3316/3316/3316 3317/3317/3317 3318/3318/3318
f 3319/3319/3319 3320/3320/3320 3321/3321/3321
f 3322/3322/3322 3323/3323/3323 3324/3324/3324
f 3325/3325/3325 3326/3326/3326 3327/3327/3327
f 3328/3328/3328 3329/3329/3329 3330/3330/3330
f 3331/3331/3331 3332/3332/3332 3333/3333/3333
f 3334/3334/3334 3335/3335/3335 3336/3336/3336
f 3337/3337/3337 3338/3338/3338 3339/3339/3339
f 3340/3340/3340 3341/3341/3341 3342/3342/3342
f 3343/3343/3343 3344/3344/3344 3345/3345/3345
f 3346/3346/3346 3347/3347/3347 3348/3348/3348
f 3349/3349/3349 3350/3350/3350 3351/3351/3351
f 3352/3352/3352 3353/3353/3353 3354/3354/3354
f 3355/3355/3355 3356/3356/3356 3357/3357/3357
f 3358/3358/3358 3359/3359/3359 3360/3360/3360
f 3361/3361/3361 3362/3362/3362 3363/3363/3363
f 3364/3364/3364 3365/3365/3365 3366/3366/3366
f 3367/3367/3367 3368/3368/3368 3369/3369/3369
f 3370/3370/3370 3371/3371/3371 3372/3372/3372
f 3373/3373/3373 3374/3374/3374 3375/3375/3375
f 3376/3376/3376 3377/3377/3377 3378/3378/3378
f 3379/3379/3379 3380/3380/3380 3381/3381/3381
f 3382/3382/3382 3383/3383/3383 3384/3384/3384
f 3385/3385/3385 3386/3386/3386 3387/3387/3387
f 3388/3388/3388 3389/3389/3389 3390/3390/3390
f 3391/3391/3391 3392/3392/3392 3393/3393/3393
f 3394/3394/3394 3395/3395/3395 3396/3396/3396
f 3397/3397/3397 3398/3398/3398 3399/3399/3399
f 3400/3400/3400 3401/3401/3401 3402/3402/3402
f 3403/3403/3403 3404/3404/3404 3405/3405/3405
f 3406/3406/3406 3407/3407/3407 3408/3408/3408
f 3409/3409/3409 3410/3410/3410 3411/3411/3411
f 3412/3412/3412 3413/3413/3413 3414/3414/3414
f 3415/3415/3415 3416/3416/3416 3417/3417/3417
f 3418/3418/3418 3419/3419/3419 3420/3420/3420
f 3421/3421/3421 3422/3422/3422 3423/3423/3423
f 3424/3424/3424 3425/3425/3425 3426/3426/3426
f 3427/3427/3427 3428/3428/3428 3429/3429/3429
f 3430/3430/3430 3431/3431/3431 3432/3432/3432
f 3433/3433/3433 3434/3434/3434 3435/3435/3435
f 3436/3436/3436 3437/3437/3437 3438/3438/3438
f 3439/3439/3439 3440/3440/3440 3441/3441/3441
f 3442/3442/3442 3443/3443/3443 3444/3444/3444
f 3445/3445/3445 3446/3446/3446 3447/3447/3447
f 3448/3448/3448 3449/3449/3449 3450/3450/3450
f 3451/3451/3451 3452/3452/3452 3453/3453/3453
f 3454/3454/3454 3455/3455/3455 3456/3456/3456
f 3457/3457/3457 3458/3458/3458 3459/3459/3459
f 3460/3460/3460 3461/3461/3461 3462/3462/3462
f 3463/3463/3463 3464/3464/3464 3465/3465/3465
f 3466/3466/3466 3467/3467/3467 3468/3468/3468
f 3469/3469/3469 3470/3470/3470 3471/3471/3471
f 3472/3472/3472 3473/3473/3473 3474/3474/3474
f 3475/3475/3475 3476/3476/3476 3477/3477/3477
f 3478/3478/3478 3479/3479/3479 3480/3480/3480
f 3481/3481/3481 3482/3482/3482 3483/3483/3483
f 3484/3484/3484 3485/3485/3485 3486/3486/3486
f 3487/3487/3487 3488/3488/3488 3489/3489/3489
f 3490/3490/3490 3491/3491/3491 3492/3492/3492
f 3493/3493/3493 3494/3494/3494 3495/3495/3495
f 3496/3496/3496 3497/3497/3497 3498/3498/3498
f 3499/3499/3499 3500/3500/3500 3501/3501/3501
f 3502/3502/3502 3503/3503/3503 3504/3504/3504
f 3505/3505/3505 3506/3506/3506 3507/3507/3507
f 3508/3508/3508 3509/3509/3509 3510/3510/3510
f 3511/3511/3511 3512/3512/3512 3513/3513/3513
f 3514/3514/3514 3515/3515/3515 3516/3516/3516
f 3517/3517/3517 3518/3518/3518 3519/3519/3519
f 3520/3520/3520 3521/3521/3521 3522/3522/3522
f 3523/3523/3523 3524/3524/3524 3525/3525/3525
f 3526/3526/3526 3527/3527/3527 3528/3528/3528
f 3529/3529/3529 3530/3530/3530 3531/3531/3531
f 3532/3532/3532 3533/3533/3533 3534/3534/3534
f 3535/3535/3535 3536/3536/3536 3537/3537/3537
f 3538/3538/3538 3539/3539/3539 3540/3540/3540
f 3541/3541/3541 3542/3542/3542 3543/3543/3543
f 3544/3544/3544 3545/3545/3545 3546/3546/3546
f 3547/3547/3547 3548/3548/3548 3549/3549/3549
f 3550/3550/3550 3551/3551/3551 3552/3552/3552
f 3553/3553/3553 3554/3554/3554 3555/3555/3555
f 3556/3556/3556 3557/3557/3557 3558/3558/3558
f 3559/3559/3559 3560/3560/3560 3561/3561/3561
f 3562/3562/3562 3563/3563/3563 3564/3564/3564
f 3565/3565/3565 3566/3566/3566 3567/3567/3567
f 3568/3568/3568 3569/3569/3569 3570/3570/3570
f 3571/3571/3571 3572/3572/3572 3573/3573/3573
f 3574/3574/3574 3575/3575/3575 3576/3576/3576
f 3577/3577/3577 3578/3578/3578 3579/3579/3579
f 3580/3580/3580 3581/3581/3581 3582/3582/3582
f 3583/3583/3583 3584/3584/3584 3585/3585/3585
f 3586/3586/3586 3587/3587/3587 3588/3588/3588
f 3589/3589/3589 3590/3590/3590 3591/3591/3591
f 3592/3592/3592 3593/3593/3593 3594/3594/3594
f 3595/3595/3595 3596/3596/3596 3597/3597/3597
f 3598/3598/3598 3599/3599/3599 3600/3600/3600
f 3601/3601/3601 3602/3602/3602 3603/3603/3603
f 3604/3604/3604 3605/3605/3605 3606/3606/3606
f 3607/3607/3607 3608/3608/3608 3609/3609/3609
f 3610/3610/3610 3611/3611/3611 3612/3612/3612
f 3613/3613/3613 3614/3614/3614 3615/3615/3615
f 3616/3616/3616 3617/3617/3617 3618/3618/3618
f 3619/3619/3619 3620/3620/3620 3621/3621/3621
f 3622/3622/3622 3623/3623/3623 3624/3624/3624
f 3625/3625/3625 3626/3626/3626 3627/3627/3627
f 3628/3628/3628 3629/3629/3629 3630/3630/3630
f 3631/3631/3631 3632/3632/3632 3633/3633/3633
f 3634/3634/3634 3635/3635/3635 3636/3636/3636
f 3637/3637/3637 3638/3638/3638 3639/3639/3639
f 3640/3640/3640 3641/3641/3641 3642/3642/3642
f 3643/3643/3643 3644/3644/3644 3645/3645/3645
f 3646/3646/3646 3647/3647/3647 3648/3648/3648
f 3649/3649/3649 3650/3650/3650 3651/3651/3651
f 3652/3652/3652 3653/3653/3653 3654/3654/3654
f 3655/3655/3655 3656/3656/3656 3657/3657/3657
f 3658/3658/3658 3659/3659/3659 3660/3660/3660
f 3661/3661/3661 3662/3662/3662 3663/3663/3663
f 3664/3664/3664 3665/3665/3665 3666/3666/3666
f 3667/3667/3667 3668/3668/3668 3669/3669/3669
f 3670/3670/3670 3671/3671/3671 3672/3672/3672
f 3673/3673/3673 3674/3674/3674 3675/3675/3675
f 3676/3676/3676 3677/3677/3677 3678/3678/3678
f 3679/3679/3679 3680/3680/3680 3681/3681/3681
f 3682/3682/3682 3683/3683/3683 3684/3684/3684
f 3685/3685/3685 3686/3686/3686 3687/3687/3687
f 3688/3688/3688 3689/3689/3689 3690/3690/3690
f 3691/3691/3691 3692/3692/3692 3693/3693/3693
f 3694/3694/3694 3695/3695/3695 3696/3696/3696
f 3697/3697/3697 3698/3698/3698 3699/3699/3699
f 3700/3700/3700 3701/3701/3701 3702/3702/3702
f 3703/3703/3703 3704/3704/3704 3705/3705/3705
f 3706/3706/3706 3707/3707/3707 3708/3708/3708
f 3709/3709/3709 3710/3710/3710 3711/3711/3711
f 3712/3712/3712 3713/3713/3713 3714/3714/3714
f 3715/3715/3715 3716/3716/3716 3717/3717/3717
f 3718/3718/3718 3719/3719/3719 3720/3720/3720
f 3721/3721/3721 3722/3722/3722 3723/3723/3723
f 3724/3724/3724 3725/3725/3725 3726/3726/3726
f 3727/3727/3727 3728/3728/3728 3729/3729/3729
f 3730/3730/3730 3731/3731/3731 3732/3732/3732
f 3733/3733/3733 3734/3734/3734 3735/3735/3735
f 3736/3736/3736 3737/3737/3737 3738/3738/3738
f 3739/3739/3739 3740/3740/3740 3741/3741/3741
f 3742/3742/3742 3743/3743/3743 3744/3744/3744
f 3745/3745/3745 3746/3746/3746 3747/3747/3747
f 3748/3748/3748 3749/3749/3749 3750/3750/3750
f 3751/3751/3751 3752/3752/3752 3753/3753/3753
f 3754/3754/3754 3755/3755/3755 3756/3756/3756
f 3757/3757/3757 3758/3758/3758 3759/3759/3759
f 3760/3760/3760 3761/3761/3761 3762/3762/3762
f 3763/3763/3763 3764/3764/3764 3765/3765/3765
f 3766/3766/3766 3767/3767/3767 3768/3768/3768
f 3769/3769/3769 3770/3770/3770 3771/3771/3771
f 3772/3772/3772 3773/3773/3773 3774/3774/3774
f 3775/3775/3775 3776/3776/3776 3777/3777/3777
f 3778/3778/3778 3779/3779/3779 3780/3780/3780
f 3781/3781/3781 3782/3782/3782 3783/3783/3783
f 3784/3784/3784 3785/3785/3785 3786/3786/3786
f 3787/3787/3787 3788/3788/3788 3789/3789/3789
f 3790/3790/3790 3791/3791/3791 3792/3792/3792
f 3793/3793/3793 3794/3794/3794 3795/3795/3795
f 3796/3796/3796 3797/3797/3797 3798/3798/3798
f 3799/3799/3799 3800/3800/3800 3801/3801/3801
f 3802/3802/3802 3803/3803/3803 3804/3804/3804
f 3805/3805/3805 3806/3806/3806 3807/3807/3807
f 3808/3808/3808 3809/3809/3809 3810/3810/3810
f 3811/3811/3811 3812/3812/3812 3813/3813/3813
f 3814/3814/3814 3815/3815/3815 3816/3816/3816
f 3817/3817/3817 3818/3818/3818 3819/3819/3819
f 3820/3820/3820 3821/3821/3821 3822/3822/3822
f 3823/3823/3823 3824/3824/3824 3825/3825/3825
f 3826/3826/3826 3827/3827/3827 3828/3828/3828
f 3829/3829/3829 3830/3830/3830 3831/3831/3831
f 3832/3832/3832 3833/3833/3833 3834/3834/3834
f 3835/3835/3835 3836/3836/3836 3837/3837/3837
f 3838/3838/3838 3839/3839/3839 3840/3840/3840
f 3841/3841/3841 3842/3842/3842 3843/3843/3843
f 3844/3844/3844 3845/3845/3845 3846/3846/3846
f 3847/3847/3847 3848/3848/3848 3849/3849/3849
f 3850/3850/3850 3851/3851/3851 3852/3852/3852
f 3853/3853/3853 3854/3854/3854 3855/3855/3855
f 3856/3856/3856 3857/3857/3857 3858/3858/3858
f 3859/3859/3859 3860/3860/3860 3861/3861/3861
f 3862/3862/3862 3863/3863/3863 3864/3864/3864
f 3865/3865/3865 3866/3866/3866 3867/3867/3867
f 3868/3868/3868 3869/3869/3869 3870/3870/3870
f 3871/3871/3871 3872/3872/3872 3873/3873/3873
f 3874/3874/3874 3875/3875/3875 3876/3876/3876
f 3877/3877/3877 3878/3878/3878 3879/3879/3879
f 3880/3880/3880 3881/3881/3881 3882/3882/3882
f 3883/3883/3883 3884/3884/3884 3885/3885/3885
f 3886/3886/3886 3887/3887/3887 3888/3888/3888
f 3889/3889/3889 3890/3890/3890 3891/3891/3891
f 3892/3892/3892 3893/3893/3893 3894/3894/3894
f 3895/3895/3895 3896/3896/3896 3897/3897/3897
f 3898/3898/3898 3899/3899/3899 3900/3900/3900
f 3901/3901/3901 3902/3902/3902 3903/3903/3903
f 3904/3904/3904 3905/3905/3905 3906/3906/3906
f 3907/3907/3907 3908/3908/3908 3909/3909/3909
f 3910/3910/3910 3911/3911/3911 3912/3912/3912
f 3913/3913/3913 3914/3914/3914 3915/3915/3915
f 3916/3916/3916 3917/3917/3917 3918/3918/3918
f 3919/3919/3919 3920/3920/3920 3921/3921/3921
f 3922/3922/3922 3923/3923/3923 3924/3924/3924
f 3925/3925/3925 3926/3926/3926 3927/3927/3927
f 3928/3928/3928 3929/3929/3929 3930/3930/3930
f 3931/3931/3931 3932/3932/3932 3933/3933/3933
f 3934/3934/3934 3935/3935/3935 3936/3936/3936
f 3937/3937/3937 3938/3938/3938 3939/3939/3939
f 3940/3940/3940 3941/3941/3941 3942/3942/3942
f 3943/3943/3943 3944/3944/3944 3945/3945/3945
f 3946/3946/3946 3947/3947/3947 3948/3948/3948
f 3949/3949/3949 3950/3950/3950 3951/3951/3951
f 3952/3952/3952 3953/3953/3953 3954/3954/3954
f 3955/3955/3955 3956/3956/3956 3957/3957/3957
f 3958/3958/3958 3959/3959/3959 3960/3960/3960
f 3961/3961/3961 3962/3962/3962 3963/3963/3963
f 3964/3964/3964 3965/3965/3965 3966/3966/3966
f 3967/3967/3967 3968/3968/3968 3969/3969/3969
f 3970/3970/3970 3971/3971/3971 3972/3972/3972
f 3973/3973/3973 3974/3974/3974 3975/3975/3975
f 3976/3976/3976 3977/3977/3977 3978/3978/3978
f 3979/3979/3979 3980/3980/3980 3981/3981/3981
f 3982/3982/3982 3983/3983/3983 3984/3984/3984
f 3985/3985/3985 3986/3986/3986 3987/3987/3987
f 3988/3988/3988 3989/3989/3989 3990/3990/3990
f 3991/3991/3991 3992/3992/3992 3993/3993/3993
f 3994/3994/3994 3995/3995/3995 3996/3996/3996
f 3997/3997/3997 3998/3998/3998 3999/3999/3999
f 4000/4000/4000 4001/4001/4001 4002/4002/4002
f 4003/4003/4003 4004/4004/4004 4005/4005/4005
f 4006/4006/4006 4007/4007/4007 4008/4008/4008
f 4009/4009/4009 4010/4010/4010 4011/4011/4011
f 4012/4012/4012 4013/4013/4013 4014/4014/4014
f 4015/4015/4015 4016/4016/4016 4017/4017/4017
f 4018/4018/4018 4019/4019/4019 4020/4020/4020
f 4021/4021/4021 4022/4022/4022 4023/4023/4023
f 4024/4024/4024 4025/4025/4025 4026/4026/4026
f 4027/4027/4027 4028/4028/4028 4029/4029/4029
f 4030/4030/4030 4031/4031/4031 4032/4032/4032
f 4033/4033/4033 4034/4034/4034 4035/4035/4035
f 4036/4036/4036 4037/4037/4037 4038/4038/4038
f 4039/4039/4039 4040/4040/4040 4041/4041/4041
f 4042/4042/4042 4043/4043/4043 4044/4044/4044
f 4045/4045/4045 4046/4046/4046 4047/4047/4047
f 4048/4048/4048 4049/4049/4049 4050/4050/4050
f 4051/4051/4051 4052/4052/4052 4053/4053/4053
f 4054/4054/4054 4055/4055/4055 4056/4056/4056
f 4057/4057/4057 4058/4058/4058 4059/4059/4059
f 4060/4060/4060 4061/4061/4061 4062/4062/4062
f 4063/4063/4063 4064/4064/4064 4065/4065/4065
f 4066/4066/4066 4067/4067/4067 4068/4068/4068
f 4069/4069/4069 4070/4070/4070 4071/4071/4071
f 4072/4072/4072 4073/4073/4073 4074/4074/4074
f 4075/4075/4075 4076/4076/4076 4077/4077/4077
f 4078/4078/4078 4079/4079/4079 4080/4080/4080
f 4081/4081/4081 4082/4082/4082 4083/4083/4083
f 4084/4084/4084 4085/4085/4085 4086/4086/4086
f 4087/4087/4087 4088/4088/4088 4089/4089/4089
f 4090/4090/4090 4091/4091/4091 4092/4092/4092
f 4093/4093/4093 4094/4094/4094 4095/4095/4095
f 4096/4096/4096 4097/4097/4097 4098/4098/4098
f 4099/4099/4099 4100/4100/4100 4101/4101/4101
f 4102/4102/4102 4103/4103/4103 4104/4104/4104
f 4105/4105/4105 4106/4106/4106 4107/4107/4107
f 4108/4108/4108 4109/4109/4109 4110/4110/4110
f 4111/4111/4111 4112/4112/4112 4113/4113/4113
f 4114/4114/4114 4115/4115/4115 4116/4116/4116
f 4117/4117/4117 4118/4118/4118 4119/4119/4119
f 4120/4120/4120 4121/4121/4121 4122/4122/4122
f 4123/4123/4123 4124/4124/4124 4125/4125/4125
f 4126/4126/4126 4127/4127/4127 4128/4128/4128
f 4129/4129/4129 4130/4130/4130 4131/4131/4131
f 4132/4132/4132 4133/4133/4133 4134/4134/4134
f 4135/4135/4135 4136/4136/4136 4137/4137/4137
f 4138/4138/4138 4139/4139/4139 4140/4140/4140
f 4141/4141/4141 4142/4142/4142 4143/4143/4143
f 4144/4144/4144 4145/4145/4145 4146/4146/4146
f 4147/4147/4147 4148/4148/4148 4149/4149/4149
f 4150/4150/4150 4151/4151/4151 4152/4152/4152
f 4153/4153/4153 4154/4154/4154 4155/4155/4155
f 4156/4156/4156 4157/4157/4157 4158/4158/4158
f 4159/4159/4159 4160/4160/4160 4161/4161/4161
f 4162/4162/4162 4163/4163/4163 4164/4164/4164
f 4165/4165/4165 4166/4166/4166 4167/4167/4167
f 4168/4168/4168 4169/4169/4169 4170/4170/4170
f 4171/4171/4171 4172/4172/4172 4173/4173/4173
f 4174/4174/4174 4175/4175/4175 4176/4176/4176
f 4177/4177/4177 4178/4178/4178 4179/4179/4179
f 4180/4180/4180 4181/4181/4181 4182/4182/4182
f 4183/4183/4183 4184/4184/4184 4185/4185/4185
f 4186/4186/4186 4187/4187/4187 4188/4188/4188
f 4189/4189/4189 4190/4190/4190 4191/4191/4191
f 4192/4192/4192 4193/4193/4193 4194/4194/4194
f 4195/4195/4195 4196/4196/4196 4197/4197/4197
f 4198/4198/4198 4199/4199/4199 4200/4200/4200
f 4201/4201/4201 4202/4202/4202 4203/4203/4203
f 4204/4204/4204 4205/4205/4205 4206/4206/4206
f 4207/4207/4207 4208/4208/4208 4209/4209/4209
f 4210/4210/4210 4211/4211/4211 4212/4212/4212
f 4213/4213/4213 4214/4214/4214 4215/4215/4215
f 4216/4216/4216 4217/4217/4217 4218/4218/4218
f 4219/4219/4219 4220/4220/4220 4221/4221/4221
f 4222/4222/4222 4223/4223/4223 4224/4224/4224
f 4225/4225/4225 4226/4226/4226 4227/4227/4227
f 4228/4228/4228 4229/4229/4229 4230/4230/4230
f 4231/4231/4231 4232/4232/4232 4233/4233/4233
f 4234/4234/4234 4235/4235/4235 4236/4236/4236
f 4237/4237/4237 4238/4238/4238 4239/4239/4239
f 4240/4240/4240 4241/4241/4241 4242/4242/4242
f 4243/4243/4243 4244/4244/4244 4245/4245/4245
f 4246/4246/4246 4247/4247/4247 4248/4248/4248
f 4249/4249/4249 4250/4250/4250 4251/4251/4251
f 4252/4252/4252 4253/4253/4253 4254/4254/4254
f 4255/4255/4255 4256/4256/4256 4257/4257/4257
f 4258/4258/4258 4259/4259/4259 4260/4260/4260
f 4261/4261/4261 4262/4262/4262 4263/4263/4263
f 4264/4264/4264 4265/4265/4265 4266/4266/4266
f 4267/4267/4267 4268/4268/4268 4269/4269/4269
f 4270/4270/4270 4271/4271/4271 4272/4272/4272
f 4273/4273/4273 4274/4274/4274 4275/4275/4275
f 4276/4276/4276 4277/4277/4277 4278/4278/4278
f 4279/4279/4279 4280/4280/4280 4281/4281/4281
f 4282/4282/4282 4283/4283/4283 4284/4284/4284
f 4285/4285/4285 4286/4286/4286 4287/4287/4287
f 4288/4288/4288 4289/4289/4289 4290/4290/4290
f 4291/4291/4291 4292/4292/4292 4293/4293/4293
f 4294/4294/4294 4295/4295/4295 4296/4296/4296
f 4297/4297/4297 4298/4298/4298 4299/4299/4299
f 4300/4300/4300 4301/4301/4301 4302/4302/4302
f 4303/4303/4303 4304/4304/4304 4305/4305/4305
f 4306/4306/4306 4307/4307/4307 4308/4308/4308
f 4309/4309/4309 4310/4310/4310 4311/4311/4311
f 4312/4312/4312 4313/4313/4313 4314/4314/4314
f 4315/4315/4315 4316/4316/4316 4317/4317/4317
f 4318/4318/4318 4319/4319/4319 4320/4320/4320
f 4321/4321/4321 4322/4322/4322 4323/4323/4323
f 4324/4324/4324 4325/4325/4325 4326/4326/4326
f 4327/4327/4327 4328/4328/4328 4329/4329/4329
f 4330/4330/4330 4331/4331/4331 4332/4332/4332
f 4333/4333/4333 4334/4334/4334 4335/4335/4335
f 4336/4336/4336 4337/4337/4337 4338/4338/4338
f 4339/4339/4339 4340/4340/4340 4341/4341/4341
f 4342/4342/4342 4343/4343/4343 4344/4344/4344
f 4345/4345/4345 4346/4346/4346 4347/4347/4347
f 4348/4348/4348 4349/4349/4349 4350/4350/4350
f 4351/4351/4351 4352/4352/4352 4353/4353/4353
f 4354/4354/4354 4355/4355/4355 4356/4356/4356
f 4357/4357/4357 4358/4358/4358 4359/4359/4359
f 4360/4360/4360 4361/4361/4361 4362/4362/4362
f 4363/4363/4363 4364/4364/4364 4365/4365/4365
f 4366/4366/4366 4367/4367/4367 4368/4368/4368
f 4369/4369/4369 4370/4370/4370 4371/4371/4371
f 4372/4372/4372 4373/4373/4373 4374/4374/4374
f 4375/4375/4375 4376/4376/4376 4377/4377/4377
f 4378/4378/4378 4379/4379/4379 4380/4380/4380
f 4381/4381/4381 4382/4382/4382 4383/4383/4383
f 4384/4384/4384 4385/4385/4385 4386/4386/4386
f 4387/4387/4387 4388/4388/4388 4389/4389/4389
f 4390/4390/4390 4391/4391/4391 4392/4392/4392
f 4393/4393/4393 4394/4394/4394 4395/4395/4395
f 4396/4396/4396 4397/4397/4397 4398/4398/4398
f 4399/4399/4399 4400/4400/4400 4401/4401/4401
f 4402/4402/4402 4403/4403/4403 4404/4404/4404
f 4405/4405/4405 4406/4406/4406 4407/4407/4407
f 4408/4408/4408 4409/4409/4409 4410/4410/4410
f 4411/4411/4411 4412/4412/4412 4413/4413/4413
f 4414/4414/4414 4415/4415/4415 4416/4416/4416
f 4417/4417/4417 4418/4418/4418 4419/4419/4419
f 4420/4420/4420 4421/4421/4421 4422/4422/4422
f 4423/4423/4423 4424/4424/4424 4425/4425/4425
f 4426/4426/4426 4427/4427/4427 4428/4428/4428
f 4429/4429/4429 4430/4430/4430 4431/4431/4431
f 4432/4432/4432 4433/4433/4433 4434/4434/4434
f 4435/4435/4435 4436/4436/4436 4437/4437/4437
f 4438/4438/4438 4439/4439/4439 4440/4440/4440
f 4441/4441/4441 4442/4442/4442 4443/4443/4443
f 4444/4444/4444 4445/4445/4445 4446/4446/4446
f 4447/4447/4447 4448/4448/4448 4449/4449/4449
f 4450/4450/4450 4451/4451/4451 4452/4452/4452
f 4453/4453/4453 4454/4454/4454 4455/4455/4455
f 4456/4456/4456 4457/4457/4457 4458/4458/4458
f 4459/4459/4459 4460/4460/4460 4461/4461/4461
f 4462/4462/4462 4463/4463/4463 4464/4464/4464
f 4465/4465/4465 4466/4466/4466 4467/4467/4467
f 4468/4468/4468 4469/4469/4469 4470/4470/4470
f 4471/4471/4471 4472/4472/4472 4473/4473/4473
f 4474/4474/4474 4475/4475/4475 4476/4476/4476
f 4477/4477/4477 4478/4478/4478 4479/4479/4479
f 4480/4480/4480 4481/4481/4481 4482/4482/4482
f 4483/4483/4483 4484/4484/4484 4485/4485/4485
f 4486/4486/4486 4487/4487/4487 4488/4488/4488
f 4489/4489/4489 4490/4490/4490 4491/4491/4491
f 4492/4492/4492 4493/4493/4493 4494/4494/4494
f 4495/4495/4495 4496/4496/4496 4497/4497/4497
f 4498/4498/4498 4499/4499/4499 4500/4500/4500
f 4501/4501/4501 4502/4502/4502 4503/4503/4503
f 4504/4504/4504 4505/4505/4505 4506/4506/4506
f 4507/4507/4507 4508/4508/4508 4509/4509/4509
f 4510/4510/4510 4511/4511/4511 4512/4512/4512
f 4513/4513/4513 4514/4514/4514 4515/4515/4515
f 4516/4516/4516 4517/4517/4517 4518/4518/4518
f 4519/4519/4519 4520/4520/4520 4521/4521/4521
f 4522/4522/4522 4523/4523/4523 4524/4524/4524
f 4525/4525/4525 4526/4526/4526 4527/4527/4527
f 4528/4528/4528 4529/4529/4529 4530/4530/4530
f 4531/4531/4531 4532/4532/4532 4533/4533/4533
f 4534/4534/4534 4535/4535/4535 4536/4536/4536
f 4537/4537/4537 4538/4538/4538 4539/4539/4539
f 4540/4540/4540 4541/4541/4541 4542/4542/4542
f 4543/4543/4543 4544/4544/4544 4545/4545/4545
f 4546/4546/4546 4547/4547/4547 4548/4548/4548
f 4549/4549/4549 4550/4550/4550 4551/4551/4551
f 4552/4552/4552 4553/4553/4553 4554/4554/4554
f 4555/4555/4555 4556/4556/4556 4557/4557/4557
f 4558/4558/4558 4559/4559/4559 4560/4560/4560
f 4561/4561/4561 4562/4562/4562 4563/4563/4563
f 4564/4564/4564 4565/4565/4565 4566/4566/4566
f 4567/4567/4567 4568/4568/4568 4569/4569/4569
f 4570/4570/4570 4571/4571/4571 4572/4572/4572
f 4573/4573/4573 4574/4574/4574 4575/4575/4575
f 4576/4576/4576 4577/4577/4577 4578/4578/4578
f 4579/4579/4579 4580/4580/4580 4581/4581/4581
f 4582/4582/4582 4583/4583/4583 4584/4584/4584
f 4585/4585/4585 4586/4586/4586 4587/4587/4587
f 4588/4588/4588 4589/4589/4589 4590/4590/4590
f 4591/4591/4591 4592/4592/4592 4593/4593/4593
f 4594/4594/4594 4595/4595/4595 4596/4596/4596
f 4597/4597/4597 4598/4598/4598 4599/4599/4599
f 4600/4600/4600 4601/4601/4601 4602/4602/4602
f 4603/4603/4603 4604/4604/4604 4605/4605/4605
f 4606/4606/4606 4607/4607/4607 4608/4608/4608
f 4609/4609/4609 4610/4610/4610 4611/4611/4611
f 4612/4612/4612 4613/4613/4613 4614/4614/4614
f 4615/4615/4615 4616/4616/4616 4617/4617/4617
f 4618/4618/4618 4619/4619/4619 4620/4620/4620
f 4621/4621/4621 4622/4622/4622 4623/4623/4623
f 4624/4624/4624 4625/4625/4625 4626/4626/4626
f 4627/4627/4627 4628/4628/4628 4629/4629/4629
f 4630/4630/4630 4631/4631/4631 4632/4632/4632
f 4633/4633/4633 4634/4634/4634 4635/4635/4635
f 4636/4636/4636 4637/4637/4637 4638/4638/4638
f 4639/4639/4639 4640/4640/4640 4641/4641/4641
f 4642/4642/4642 4643/4643/4643 4644/4644/4644
f 4645/4645/4645 4646/4646/4646 4647/4647/4647
f 4648/4648/4648 4649/4649/4649 4650/4650/4650
f 4651/4651/4651 4652/4652/4652 4653/4653/4653
f 4654/4654/4654 4655/4655/4655 4656/4656/4656
f 4657/4657/4657 4658/4658/4658 4659/4659/4659
f 4660/4660/4660 4661/4661/4661 4662/4662/4662
f 4663/4663/4663 4664/4664/4664 4665/4665/4665
f 4666/4666/4666 4667/4667/4667 4668/4668/4668
f 4669/4669/4669 4670/4670/4670 4671/4671/4671
f 4672/4672/4672 4673/4673/4673 4674/4674/4674
f 4675/4675/4675 4676/4676/4676 4677/4677/4677
f 4678/4678/4678 4679/4679/4679 4680/4680/4680
f 4681/4681/4681 4682/4682/4682 4683/4683/4683
f 4684/4684/4684 4685/4685/4685 4686/4686/4686
f 4687/4687/4687 4688/4688/4688 4689/4689/4689
f 4690/4690/4690 4691/4691/4691 4692/4692/4692
f 4693/4693/4693 4694/4694/4694 4695/4695/4695
f 4696/4696/4696 4697/4697/4697 4698/4698/4698
f 4699/4699/4699 4700/4700/4700 4701/4701/4701
f 4702/4702/4702 4703/4703/4703 4704/4704/4704
f 4705/4705/4705 4706/4706/4706 4707/4707/4707
f 4708/4708/4708 4709/4709/4709 4710/4710/4710
f 4711/4711/4711 4712/4712/4712 4713/4713/4713
f 4714/4714/4714 4715/4715/4715 4716/4716/4716
f 4717/4717/4717 4718/4718/4718 4719/4719/4719
f 4720/4720/4720 4721/4721/4721 4722/4722/4722
f 4723/4723/4723 4724/4724/4724 4725/4725/4725
f 4726/4726/4726 4727/4727/4727 4728/4728/4728
f 4729/4729/4729 4730/4730/4730 4731/4731/4731
f 4732/4732/4732 4733/4733/4733 4734/4734/4734
f 4735/4735/4735 4736/4736/4736 4737/4737/4737
f 4738/4738/4738 4739/4739/4739 4740/4740/4740
f 4741/4741/4741 4742/4742/4742 4743/4743/4743
f 4744/4744/4744 4745/4745/4745 4746/4746/4746
f 4747/4747/4747 4748/4748/4748 4749/4749/4749
f 4750/4750/4750 4751/4751/4751 4752/4752/4752
f 4753/4753/4753 4754/4754/4754 4755/4755/4755
f 4756/4756/4756 4757/4757/4757 4758/4758/4758
f 4759/4759/4759 4760/4760/4760 4761/4761/4761
f 4762/4762/4762 4763/4763/4763 4764/4764/4764
f 4765/4765/4765 4766/4766/4766 4767/4767/4767
f 4768/4768/4768 4769/4769/4769 4770/4770/4770
f 4771/4771/4771 4772/4772/4772 4773/4773/4773
f 4774/4774/4774 4775/4775/4775 4776/4776/4776
f 4777/4777/4777 4778/4778/4778 4779/4779/4779
f 4780/4780/4780 4781/4781/4781 4782/4782/4782
f 4783/4783/4783 4784/4784/4784 4785/4785/4785
f 4786/4786/4786 4787/4787/4787 4788/4788/4788
f 4789/4789/4789 4790/4790/4790 4791/4791/4791
f 4792/4792/4792 4793/4793/4793 4794/4794/4794
f 4795/4795/4795 4796/4796/4796 4797/4797/4797
f 4798/4798/4798 4799/4799/4799 4800/4800/4800
f 4801/4801/4801 4802/4802/4802 4803/4803/4803
f 4804/4804/4804 4805/4805/4805 4806/4806/4806
f 4807/4807/4807 4808/4808/4808 4809/4809/4809
f 4810/4810/4810 4811/4811/4811 4812/4812/4812
f 4813/4813/4813 4814/4814/4814 4815/4815/4815
f 4816/4816/4816 4817/4817/4817 4818/4818/4818
f 4819/4819/4819 4820/4820/4820 4821/4821/4821
f 4822/4822/4822 4823/4823/4823 4824/4824/4824
f 4825/4825/4825 4826/4826/4826 4827/4827/4827
f 4828/4828/4828 4829/4829/4829 4830/4830/4830
f 4831/4831/4831 4832/4832/4832 4833/4833/4833
f 4834/4834/4834 4835/4835/4835 4836/4836/4836
f 4837/4837/4837 4838/4838/4838 4839/4839/4839
f 4840/4840/4840 4841/4841/4841 4842/4842/4842
f 4843/4843/4843 4844/4844/4844 4845/4845/4845
f 4846/4846/4846 4847/4847/4847 4848/4848/4848
f 4849/4849/4849 4850/4850/4850 4851/4851/4851
f 4852/4852/4852 4853/4853/4853 4854/4854/4854
f 4855/4855/4855 4856/4856/4856 4857/4857/4857
f 4858/4858/4858 4859/4859/4859 4860/4860/4860
f 4861/4861/4861 4862/4862/4862 4863/4863/4863
f 4864/4864/4864 4865/4865/4865 4866/4866/4866
f 4867/4867/4867 4868/4868/4868 4869/4869/4869
f 4870/4870/4870 4871/4871/4871 4872/4872/4872
f 4873/4873/4873 4874/4874/4874 4875/4875/4875
f 4876/4876/4876 4877/4877/4877 4878/4878/4878
f 4879/4879/4879 4880/4880/4880 4881/4881/4881
f 4882/4882/4882 4883/4883/4883 4884/4884/4884
f 4885/4885/4885 4886/4886/4886 4887/4887/4887
f 4888/4888/4888 4889/4889/4889 4890/4890/4890
f 4891/4891/4891 4892/4892/4892 4893/4893/4893
f 4894/4894/4894 4895/4895/4895 4896/4896/4896
f 4897/4897/4897 4898/4898/4898 4899/4899/4899
f 4900/4900/4900 4901/4901/4901 4902/4902/4902
f 4903/4903/4903 4904/4904/4904 4905/4905/4905
f 4906/4906/4906 4907/4907/4907 4908/4908/4908
f 4909/4909/4909 4910/4910/4910 4911/4911/4911
f 4912/4912/4912 4913/4913/4913 4914/4914/4914
f 4915/4915/4915 4916/4916/4916 4917/4917/4917
f 4918/4918/4918 4919/4919/4919 4920/4920/4920
f 4918/4918/4918 4920/4920/4920 4919/4919/4919
f 4918/4918/4918 4920/4920/4920 4921/4921/4921
f 4918/4918/4918 4921/4921/4921 4920/4920/4920
f 4918/4918/4918 4921/4921/4921 4922/4922/4922
f 4918/4918/4918 4922/4922/4922 4921/4921/4921
f 4918/4918/4918 4922/4922/4922 4923/4923/4923
f 4918/4918/4918 4923/4923/4923 4922/4922/4922
f 4918/4918/4918 4923/4923/4923 4924/4924/4924
f 4918/4918/4918 4924/4924/4924 4923/4923/4923
f 4918/4918/4918 4924/4924/4924 4925/4925/4925
f 4918/4918/4918 4925/4925/4925 4924/4924/4924
f 4918/4918/4918 4925/4925/4925 4926/4926/4926
f 4918/4918/4918 4926/4926/4926 4925/4925/4925
f 4918/4918/4918 4926/4926/4926 4927/4927/4927
f 4918/4918/4918 4927/4927/4927 4926/4926/4926
f 4918/4918/4918 4927/4927/4927 4928/4928/4928
f 4918/4918/4918 4928/4928/4928 4927/4927/4927
f 4918/4918/4918 4928/4928/4928 4929/4929/4929
f 4918/4918/4918 4929/4929/4929 4928/4928/4928
f 4918/4918/4918 4929/4929/4929 4930/4930/4930
f 4918/4918/4918 4930/4930/4930 4929/4929/4929
f 4918/4918/4918 4930/4930/4930 4931/4931/4931
f 4918/4918/4918 4931/4931/4931 4930/4930/4930
f 4918/4918/4918 4931/4931/4931 4932/4932/4932
f 4918/4918/4918 4932/4932/4932 4931/4931/4931
f 4918/4918/4918 4932/4932/4932 4933/4933/4933
f 4918/4918/4918 4933/4933/4933 4932/4932/4932
f 4918/4918/4918 4933/4933/4933 4934/4934/4934
f 4918/4918/4918 4934/4934/4934 4933/4933/4933
f 4918/4918/4918 4934/4934/4934 4935/4935/4935
f 4918/4918/4918 4935/4935/4935 4934/4934/4934
f 4918/4918/4918 4935/4935/4935 4936/4936/4936
f 4918/4918/4918 4936/4936/4936 4935/4935/4935
f 4918/4918/4918 4936/4936/4936 4937/4937/4937
f 4918/4918/4918 4937/4937/4937 4936/4936/4936
f 4918/4918/4918 4937/4937/4937 4938/4938/4938
f 4918/4918/4918 4938/4938/4938 4937/4937/4937
f 4918/4918/4918 4938/4938/4938 4939/4939/4939
f 4918/4918/4918 4939/4939/4939 4938/4938/4938
f 4918/4918/4918 4939/4939/4939 4940/4940/4940
f 4918/4918/4918 4940/4940/4940 4939/4939/4939
f 4918/4918/4918 4940/4940/4940 4941/4941/4941
f 4918/4918/4918 4941/4941/4941 4940/4940/4940
f 4918/4918/4918 4941/4941/4941 4942/4942/4942
f 4918/4918/4918 4942/4942/4942 4941/4941/4941
f 4918/4918/4918 4942/4942/4942 4943/4943/4943
f 4918/4918/4918 4943/4943/4943 4942/4942/4942
f 4918/4918/4918 4943/4943/4943 4944/4944/4944
f 4918/4918/4918 4944/4944/4944 4943/4943/4943
f 4918/4918/4918 4944/4944/4944 4945/4945/4945
f 4918/4918/4918 4945/4945/4945 4944/4944/4944
f 4918/4918/4918 4945/4945/4945 4946/4946/4946
f 4918/4918/4918 4946/4946/4946 4945/4945/4945
f 4918/4918/4918 4946/4946/4946 4947/4947/4947
f 4918/4918/4918 4947/4947/4947 4946/4946/4946
f 4918/4918/4918 4947/4947/4947 4948/4948/4948
f 4918/4918/4918 4948/4948/4948 4947/4947/4947
f 4918/4918/4918 4948/4948/4948 4949/4949/4949
f 4918/4918/4918 4949/4949/4949 4948/4948/4948
f 4918/4918/4918 4949/4949/4949 4950/4950/4950
f 4918/4918/4918 4950/4950/4950 4949/4949/4949
f 4918/4918/4918 4950/4950/4950 4951/4951/4951
f 4918/4918/4918 4951/4951/4951 4950/4950/4950
f 4918/4918/4918 4951/4951/4951 4952/4952/4952
f 4918/4918/4918 4952/4952/4952 4951/4951/4951
f 4918/4918/4918 4952/4952/4952 4953/4953/4953
f 4918/4918/4918 4953/4953/4953 4952/4952/4952
f 4918/4918/4918 4953/4953/4953 4954/4954/4954
f 4918/4918/4918 4954/4954/4954 4953/4953/4953
f 4918/4918/4918 4954/4954/4954 4955/4955/4955
f 4918/4918/4918 4955/4955/4955 4954/4954/4954
f 4918/4918/4918 4955/4955/4955 4956/4956/4956
f 4918/4918/4918 4956/4956/4956 4955/4955/4955
f 4918/4918/4918 4956/4956/4956 4957/4957/4957
f 4918/4918/4918 4957/4957/4957 4956/4956/4956
f 4918/4918/4918 4957/4957/4957 4958/4958/4958
f 4918/4918/4918 4958/4958/4958 4957/4957/4957
f 4918/4918/4918 4958/4958/4958 4959/4959/4959
f 4918/4918/4918 4959/4959/4959 4958/4958/4958
f 4918/4918/4918 4959/4959/4959 4960/4960/4960
f 4918/4918/4918 4960/4960/4960 4959/4959/4959
f 4918/4918/4918 4960/4960/4960 4961/4961/4961
f 4918/4918/4918 4961/4961/4961 4960/4960/4960
f 4918/4918/4918 4961/4961/4961 4919/4919/4919
f 4918/4918/4918 4919/4919/4919 4961/4961/4961
