o arm_right
v 0.34555 1.20173 0.04740
v 0.34836 1.16896 0.04870
v 0.34849 1.16889 0.01613
v 0.34849 1.16889 0.01613
v 0.34836 1.16896 0.04870
v 0.33692 1.16653 0.01772
v 0.34467 1.20112 0.01467
v 0.33590 1.16658 0.04737
v 0.34555 1.20173 0.04740
v 0.33590 1.16658 0.04737
v 0.34836 1.16896 0.04870
v 0.34816 1.16996 -0.01285
v 0.34582 1.17138 -0.00358
v 0.34310 1.16982 -0.00368
v 0.33132 1.20074 0.04717
v 0.34582 1.17138 -0.00358
v 0.34491 1.20307 -0.01245
v 0.34008 1.20293 -0.00197
v 0.34047 1.20020 0.06709
v 0.34752 1.16809 0.08009
v 0.34495 1.16794 0.06950
v 0.34135 1.20029 0.07921
v 0.34816 1.16996 -0.01285
v 0.34849 1.16889 0.01613
v 0.33250 1.20116 0.01575
v 0.34467 1.20112 0.01467
v 0.34495 1.16794 0.06950
v 0.34169 1.16714 0.06868
v 0.34047 1.20020 0.06709
v 0.34582 1.17138 -0.00358
v 0.34008 1.20293 -0.00197
v 0.34310 1.16982 -0.00368
v 0.33692 1.16653 0.01772
v 0.33834 1.19974 0.06609
v 0.33655 1.18770 -0.01802
v 0.34491 1.20307 -0.01245
v 0.34816 1.16996 -0.01285
v 0.33635 1.18361 -0.01835
v 0.34135 1.20029 0.07921
v 0.34047 1.20020 0.06709
v 0.33834 1.20169 0.06842
v 0.34555 1.20173 0.04740
v 0.33011 1.20041 0.02607
v 0.33132 1.20074 0.04717
v 0.34008 1.20293 -0.00197
v 0.34491 1.20307 -0.01245
v 0.31411 1.19786 -0.02917
v 0.32351 1.19976 -0.00934
v 0.32001 1.16359 -0.03088
v 0.34047 1.20020 0.06709
v 0.33834 1.19974 0.06609
v 0.33834 1.20169 0.06842
v 0.31652 1.16261 0.09171
v 0.34495 1.16794 0.06950
v 0.34752 1.16809 0.08009
v 0.34752 1.16809 0.08009
v 0.34135 1.20029 0.07921
v 0.33310 1.17813 0.08480
v 0.34310 1.16982 -0.00368
v 0.33119 1.18589 -0.00936
v 0.32557 1.18113 -0.01334
v 0.34008 1.20293 -0.00197
v 0.34467 1.20112 0.01467
v 0.34135 1.20029 0.07921
v 0.33834 1.20169 0.06842
v 0.31069 1.19611 0.08977
v 0.34169 1.16714 0.06868
v 0.32841 1.18383 0.07269
v 0.33834 1.19974 0.06609
v 0.32885 1.18673 -0.02260
v 0.33250 1.20116 0.01575
v 0.32841 1.18383 0.07269
v 0.34169 1.16714 0.06868
v 0.33081 1.18174 0.07269
v 0.31411 1.19786 -0.02917
v 0.34169 1.16714 0.06868
v 0.34135 1.20029 0.07921
v 0.33286 1.18404 0.08251
v 0.31652 1.16261 0.09171
v 0.32934 1.18039 -0.02300
v 0.33655 1.18770 -0.01802
v 0.33635 1.18361 -0.01835
v 0.33119 1.18589 -0.00936
v 0.32553 1.18688 -0.00990
v 0.32001 1.16359 -0.03088
v 0.31445 1.16290 -0.01955
v 0.33286 1.18404 0.08251
v 0.34135 1.20029 0.07921
v 0.32529 1.18509 0.08653
v 0.32760 1.17684 0.08625
v 0.33286 1.18404 0.08251
v 0.33286 1.18404 0.08251
v 0.33081 1.18174 0.07269
v 0.32606 1.17721 0.07461
v 0.32760 1.17684 0.08625
v 0.33635 1.18361 -0.01835
v 0.32557 1.18113 -0.01334
v 0.33119 1.18589 -0.00936
v 0.31445 1.16290 -0.01955
v 0.32934 1.18039 -0.02300
v 0.33286 1.18404 0.08251
v 0.32529 1.18509 0.08653
v 0.32841 1.18383 0.07269
v 0.33250 1.20116 0.01575
v 0.32517 1.25145 0.01682
v 0.33011 1.20041 0.02607
v 0.33132 1.20074 0.04717
v 0.32410 1.25114 0.04534
v 0.30686 1.19737 0.07788
v 0.30960 1.19623 0.07527
v 0.33081 1.18174 0.07269
v 0.34169 1.16714 0.06868
v 0.32606 1.17721 0.07461
v 0.33655 1.18770 -0.01802
v 0.33119 1.18589 -0.00936
v 0.32885 1.18673 -0.02260
v 0.32221 1.25277 0.02869
v 0.33132 1.20074 0.04717
v 0.32410 1.25114 0.04534
v 0.32553 1.18688 -0.00990
v 0.32351 1.19976 -0.00934
v 0.30686 1.16152 -0.02415
v 0.33250 1.20116 0.01575
v 0.33692 1.16653 0.01772
v 0.31808 1.18141 0.07497
v 0.32885 1.18673 -0.02260
v 0.32553 1.18688 -0.00990
v 0.32934 1.18039 -0.02300
v 0.32436 1.18338 0.07452
v 0.32557 1.18113 -0.01334
v 0.31016 1.19727 -0.01460
v 0.32517 1.25145 0.01682
v 0.32606 1.17721 0.07461
v 0.32529 1.18509 0.08653
v 0.32760 1.17684 0.08625
v 0.31738 1.19717 0.07352
v 0.32436 1.18338 0.07452
v 0.31069 1.19611 0.08977
v 0.30548 1.16032 0.08526
v 0.31738 1.19717 0.07352
v 0.31738 1.19717 0.07352
v 0.31808 1.18141 0.07497
v 0.32436 1.18338 0.07452
v 0.32606 1.17721 0.07461
v 0.31808 1.18141 0.07497
v 0.31016 1.19727 -0.01460
v 0.32557 1.18113 -0.01334
v 0.32553 1.18688 -0.00990
v 0.31445 1.16290 -0.01955
v 0.30960 1.19623 0.07527
v 0.32606 1.17721 0.07461
v 0.34169 1.16714 0.06868
v 0.31808 1.18141 0.07497
v 0.30686 1.19737 0.07788
v 0.32221 1.25277 0.02869
v 0.31111 1.25626 0.02855
v 0.32410 1.25114 0.04534
v 0.29276 1.24328 0.08286
v 0.34169 1.16714 0.06868
v 0.30548 1.16032 0.08526
v 0.29501 1.24317 -0.02300
v 0.30996 1.18744 0.07578
v 0.31169 1.18059 -0.01768
v 0.31016 1.19727 -0.01460
v 0.31652 1.16261 0.09171
v 0.31215 1.16328 0.08752
v 0.30548 1.16032 0.08526
v 0.31235 1.16412 -0.02250
v 0.32001 1.16359 -0.03088
v 0.31445 1.16290 -0.01955
v 0.31445 1.16290 -0.01955
v 0.30960 1.19623 0.07527
v 0.31411 1.19786 -0.02917
v 0.32001 1.16359 -0.03088
v 0.31171 1.17508 -0.02372
v 0.31235 1.16412 -0.02250
v 0.33590 1.16658 0.04737
v 0.31652 1.16261 0.09171
v 0.31069 1.19611 0.08977
v 0.31215 1.16328 0.08752
v 0.30996 1.18744 0.07578
v 0.30548 1.16032 0.08526
v 0.31411 1.19786 -0.02917
v 0.30972 1.19209 -0.02429
v 0.31016 1.19727 -0.01460
v 0.30972 1.19209 -0.02429
v 0.30686 1.16152 -0.02415
v 0.31215 1.16328 0.08752
v 0.31004 1.16192 0.09241
v 0.30548 1.16032 0.08526
v 0.31235 1.16412 -0.02250
v 0.31262 1.16365 -0.03081
v 0.31171 1.17508 -0.02372
v 0.30972 1.19209 -0.02429
v 0.30874 1.19555 0.08571
v 0.31262 1.16365 -0.03081
v 0.30553 1.19619 -0.02827
v 0.30972 1.19209 -0.02429
v 0.28290 1.25607 -0.00062
v 0.31069 1.19611 0.08977
v 0.30686 1.19737 0.07788
v 0.30874 1.19555 0.08571
v 0.31445 1.16290 -0.01955
v 0.30686 1.16152 -0.02415
v 0.31235 1.16412 -0.02250
v 0.32517 1.25145 0.01682
v 0.31262 1.16365 -0.03081
v 0.31235 1.16412 -0.02250
v 0.30686 1.16152 -0.02415
v 0.31004 1.16192 0.09241
v 0.31215 1.16328 0.08752
v 0.30874 1.19555 0.08571
v 0.31016 1.19727 -0.01460
v 0.25105 1.25427 0.03628
v 0.29276 1.24328 0.08286
v 0.27895 1.25594 0.05922
v 0.27844 1.15926 -0.03785
v 0.30874 1.19555 0.08571
v 0.30686 1.19737 0.07788
v 0.29909 1.19730 0.08518
v 0.31016 1.19727 -0.01460
v 0.30553 1.19619 -0.02827
v 0.30081 1.19759 -0.02532
v 0.31004 1.16192 0.09241
v 0.30874 1.19555 0.08571
v 0.27462 1.19269 0.09247
v 0.27719 1.15812 -0.03166
v 0.30686 1.16152 -0.02415
v 0.31446 1.09432 -0.02477
v 0.30081 1.19759 -0.02532
v 0.27719 1.15812 -0.03166
v 0.29909 1.19730 0.08518
v 0.29501 1.24317 -0.02300
v 0.30874 1.19555 0.08571
v 0.29909 1.19730 0.08518
v 0.27462 1.19269 0.09247
v 0.29276 1.24328 0.08286
v 0.27549 1.19403 0.08953
v 0.29909 1.19730 0.08518
v 0.31215 1.09326 0.08809
v 0.27547 1.15884 0.09223
v 0.25277 1.11494 0.09759
v 0.27771 1.15845 0.09756
v 0.27442 1.19235 -0.03414
v 0.30553 1.19619 -0.02827
v 0.27844 1.15926 -0.03785
v 0.27442 1.19235 -0.03414
v 0.27549 1.19403 0.08953
v 0.27547 1.15884 0.09223
v 0.27771 1.15845 0.09756
v 0.25105 1.25356 0.02521
v 0.30081 1.19759 -0.02532
v 0.27526 1.19477 -0.02993
v 0.29501 1.24317 -0.02300
v 0.30548 1.16032 0.08526
v 0.23848 1.23531 0.09145
v 0.31262 1.16365 -0.03081
v 0.27526 1.19477 -0.02993
v 0.27246 1.19012 -0.03073
v 0.27844 1.15926 -0.03785
v 0.27719 1.15812 -0.03166
v 0.27442 1.19235 -0.03414
v 0.18053 1.22788 -0.04060
v 0.27442 1.19235 -0.03414
v 0.27246 1.19012 -0.03073
v 0.27526 1.19477 -0.02993
v 0.20744 1.11001 0.10533
v 0.27462 1.19269 0.09247
v 0.27549 1.19403 0.08953
v 0.27547 1.15884 0.09223
v 0.27462 1.19269 0.09247
v 0.27547 1.15884 0.09223
v 0.27771 1.15845 0.09756
v 0.18053 1.22788 -0.04060
v 0.27719 1.15812 -0.03166
v 0.27246 1.19012 -0.03073
v 0.23848 1.23531 0.09145
v 0.24183 1.25270 0.02432
v 0.25507 1.07979 0.10285
v 0.25277 1.11494 0.09759
v 0.25230 1.11402 0.10282
v 0.24230 1.25241 0.05956
v 0.25062 1.27284 0.03647
v 0.25105 1.25356 0.02521
v 0.25142 1.27142 0.02516
v 0.25105 1.25427 0.03628
v 0.24239 1.25236 0.00024
v 0.25062 1.27284 0.03647
v 0.24316 1.25314 0.03621
v 0.25105 1.25427 0.03628
v 0.23738 1.27121 0.02583
v 0.25062 1.27284 0.03647
v 0.25142 1.27142 0.02516
v 0.24316 1.25314 0.03621
v 0.23883 1.27151 0.03603
v 0.23883 1.27151 0.03603
v 0.25105 1.25356 0.02521
v 0.23971 1.26980 0.02390
v 0.25142 1.27142 0.02516
v 0.24183 1.25270 0.02432
v 0.25142 1.27142 0.02516
v 0.23971 1.26980 0.02390
v 0.23738 1.27121 0.02583
v 0.25229 1.11480 -0.04986
v 0.22297 1.11198 -0.04448
v 0.25228 1.11530 -0.03864
v 0.24109 1.26949 0.05872
v 0.24230 1.25241 0.05956
v 0.23883 1.27151 0.03603
v 0.24316 1.25314 0.03621
v 0.24239 1.25236 0.00024
v 0.23971 1.26980 0.02390
v 0.24183 1.25270 0.02432
v 0.23952 1.26945 -0.00203
v 0.23474 1.25099 -0.00193
v 0.20359 1.26629 -0.00277
v 0.23971 1.26980 0.02390
v 0.23952 1.26945 -0.00203
v 0.23451 1.26887 0.03280
v 0.25230 1.11402 0.10282
v 0.25277 1.11494 0.09759
v 0.20744 1.11001 0.10533
v 0.23572 1.25335 0.03201
v 0.23451 1.26887 0.03280
v 0.23738 1.27121 0.02583
v 0.23615 1.25328 0.02589
v 0.24109 1.26949 0.05872
v 0.23738 1.27121 0.02583
v 0.20348 1.26670 0.02427
v 0.23615 1.25328 0.02589
v 0.20408 1.25232 0.02451
v 0.23572 1.25335 0.03201
v 0.23615 1.25328 0.02589
v 0.23451 1.26887 0.03280
v 0.20240 1.26718 0.03432
v 0.24109 1.26949 0.05872
v 0.20348 1.26670 0.02427
v 0.25157 1.11396 -0.05088
v 0.20437 1.10967 -0.05159
v 0.25229 1.11480 -0.04986
v 0.18428 1.16729 0.10280
v 0.23451 1.26887 0.03280
v 0.23572 1.25335 0.03201
v 0.20883 1.25182 0.03300
v 0.25230 1.11402 0.10282
v 0.19170 1.07026 0.10724
v 0.25507 1.07979 0.10285
v 0.20408 1.25232 0.02451
v 0.23474 1.25099 -0.00193
v 0.23952 1.26945 -0.00203
v 0.24239 1.25236 0.00024
v 0.20883 1.25182 0.03300
v 0.18122 1.22942 0.09780
v 0.20437 1.10967 -0.05159
v 0.27719 1.15812 -0.03166
v 0.22297 1.11198 -0.04448
v 0.19257 1.06989 -0.05407
v 0.20335 1.26763 0.06011
v 0.20359 1.26629 -0.00277
v 0.20523 1.24839 -0.00194
v 0.20348 1.26670 0.02427
v 0.24230 1.25241 0.05956
v 0.20335 1.26763 0.06011
v 0.20472 1.24821 0.06050
v 0.20240 1.26718 0.03432
v 0.25228 1.11530 -0.03864
v 0.22297 1.11198 -0.04448
v 0.24109 1.26949 0.05872
v 0.17090 1.24264 -0.01024
v 0.20523 1.24839 -0.00194
v 0.20346 1.25449 0.03390
v 0.20883 1.25182 0.03300
v 0.20198 1.24645 0.02730
v 0.20346 1.25449 0.03390
v 0.20883 1.25182 0.03300
v 0.20408 1.25232 0.02451
v 0.20198 1.24645 0.02730
v 0.20472 1.24821 0.06050
v 0.17510 1.24476 0.05522
v 0.24230 1.25241 0.05956
v 0.17510 1.24476 0.05522
v 0.20346 1.25449 0.03390
v 0.20198 1.24645 0.02730
v 0.20240 1.26718 0.03432
v 0.20348 1.26670 0.02427
v 0.20523 1.24839 -0.00194
v 0.20408 1.25232 0.02451
v 0.20240 1.26718 0.03432
v 0.20198 1.24645 0.02730
v 0.17510 1.24476 0.05522
v 0.20359 1.26629 -0.00277
v 0.20240 1.26718 0.03432
v 0.17510 1.24476 0.05522
v 0.20335 1.26763 0.06011
v 0.20198 1.24645 0.02730
v 0.20437 1.10967 -0.05159
v 0.20437 1.10967 -0.05159
v 0.25157 1.11396 -0.05088
v 0.19257 1.06989 -0.05407
v 0.20130 1.24636 0.00373
v 0.20198 1.24645 0.02730
v 0.19914 1.25108 0.05657
v 0.20198 1.24645 0.02730
v 0.19868 1.25169 0.00460
v 0.20130 1.24636 0.00373
v 0.20198 1.24645 0.02730
v 0.19914 1.25108 0.05657
v 0.17510 1.24476 0.05522
v 0.18816 1.25151 0.02121
v 0.19914 1.25108 0.05657
v 0.19868 1.25169 0.00460
v 0.17115 1.24229 0.07141
v 0.18122 1.22942 0.09780
v 0.20130 1.24636 0.00373
v 0.19603 1.24644 0.00203
v 0.19868 1.25169 0.00460
v 0.18798 1.10700 0.10702
v 0.19603 1.24644 0.00203
v 0.19257 1.06989 -0.05407
v 0.18519 1.15918 -0.04648
v 0.17510 1.24476 0.05522
v 0.19914 1.25108 0.05657
v 0.17546 1.24774 0.05659
v 0.19380 1.06431 0.09433
v 0.19432 1.06889 0.09542
v 0.18347 1.06457 0.07713
v 0.18850 1.25173 0.02992
v 0.17510 1.24476 0.05522
v 0.18369 1.25076 0.03540
v 0.19516 1.06734 -0.04181
v 0.18444 1.06433 -0.02246
v 0.19257 1.06989 -0.05407
v 0.18850 1.25173 0.02992
v 0.18816 1.25151 0.02121
v 0.18873 1.25980 0.02512
v 0.19432 1.06889 0.09542
v 0.19170 1.07026 0.10724
v 0.18347 1.06457 0.07713
v 0.18873 1.25980 0.02512
v 0.18816 1.25151 0.02121
v 0.18456 1.25897 0.01890
v 0.18061 1.06662 0.07792
v 0.18798 1.10700 0.10702
v 0.18428 1.16729 0.10280
v 0.18369 1.25076 0.03540
v 0.18850 1.25173 0.02992
v 0.18873 1.25980 0.02512
v 0.17455 1.24940 0.00493
v 0.18039 1.25894 0.03478
v 0.18384 1.25183 0.01816
v 0.18384 1.25183 0.01816
v 0.18816 1.25151 0.02121
v 0.17455 1.24940 0.00493
v 0.17433 1.24541 0.00539
v 0.19170 1.07026 0.10724
v 0.18428 1.06422 0.00847
v 0.18154 1.06498 -0.02136
v 0.17455 1.24940 0.00493
v 0.17455 1.24940 0.00493
v 0.19603 1.24644 0.00203
v 0.17433 1.24541 0.00539
v 0.18456 1.25897 0.01890
v 0.16333 1.25799 0.02079
v 0.18873 1.25980 0.02512
v 0.18039 1.25894 0.03478
v 0.18154 1.06498 -0.02136
v 0.18053 1.22788 -0.04060
v 0.18519 1.15918 -0.04648
v 0.19257 1.06989 -0.05407
v 0.18061 1.06662 0.07792
v 0.18347 1.06457 0.07713
v 0.17601 1.24879 0.03598
v 0.17546 1.24774 0.05659
v 0.18384 1.25183 0.01816
v 0.17511 1.24938 0.01878
v 0.18456 1.25897 0.01890
v 0.17130 1.24265 0.03303
v 0.17455 1.24940 0.00493
v 0.17511 1.24938 0.01878
v 0.18384 1.25183 0.01816
v 0.17115 1.24229 0.07141
v 0.18122 1.22942 0.09780
v 0.17601 1.24879 0.03598
v 0.18369 1.25076 0.03540
v 0.16730 1.24978 0.03487
v 0.17090 1.24264 -0.01024
v 0.17601 1.24879 0.03598
v 0.17510 1.24476 0.05522
v 0.17546 1.24774 0.05659
v 0.18039 1.25894 0.03478
v 0.16742 1.24884 0.02033
v 0.34491 1.20307 -0.01245
v 0.33655 1.18770 -0.01802
v 0.31652 1.16261 0.09171
v 0.32760 1.17684 0.08625
v 0.27719 1.15812 -0.03166
v 0.18347 1.06457 0.07713
v 0.19170 1.07026 0.10724
v 0.18061 1.06662 0.07792
v 0.35975 1.06325 0.01896
v 0.35615 1.09814 0.01995
v 0.36064 1.06423 0.04872
v 0.35891 1.06461 -0.00946
v 0.35446 1.06441 0.00066
v 0.35739 1.06233 -0.00849
v 0.35621 1.09743 0.04868
v 0.35536 1.09916 -0.01071
v 0.35446 1.06441 0.00066
v 0.35891 1.06461 -0.00946
v 0.34851 1.06237 0.01807
v 0.35615 1.09814 0.01995
v 0.35975 1.06325 0.01896
v 0.35056 1.09935 0.00174
v 0.34881 1.09832 0.06868
v 0.35362 1.09827 0.08098
v 0.35730 1.06224 0.07880
v 0.35891 1.06461 -0.00946
v 0.35739 1.06233 -0.00849
v 0.33223 1.05942 -0.02611
v 0.35272 1.06850 0.06879
v 0.35730 1.06224 0.07880
v 0.35362 1.09827 0.08098
v 0.34613 1.08455 0.08465
v 0.35270 1.06162 0.06877
v 0.35536 1.09916 -0.01071
v 0.35891 1.06461 -0.00946
v 0.34619 1.08190 -0.01572
v 0.34648 1.09801 0.01923
v 0.34608 1.07329 -0.01743
v 0.35621 1.09743 0.04868
v 0.34472 1.09886 0.04752
v 0.36064 1.06423 0.04872
v 0.34035 1.08105 -0.01896
v 0.35446 1.06441 0.00066
v 0.35056 1.09935 0.00174
v 0.34707 1.06139 -0.00250
v 0.35615 1.09814 0.01995
v 0.34648 1.09801 0.01923
v 0.35621 1.09743 0.04868
v 0.35739 1.06233 -0.00849
v 0.35446 1.06441 0.00066
v 0.34707 1.06139 -0.00250
v 0.34472 1.07322 -0.00292
v 0.35270 1.06162 0.06877
v 0.33880 1.07204 0.07402
v 0.35272 1.06850 0.06879
v 0.34536 1.06196 0.05026
v 0.35252 0.99693 0.04847
v 0.35148 0.99663 0.02136
v 0.34243 1.05942 0.04723
v 0.36064 1.06423 0.04872
v 0.34243 1.05942 0.04723
v 0.34122 1.05909 0.02081
v 0.33223 1.05942 -0.02611
v 0.36064 1.06423 0.04872
v 0.34536 1.06196 0.05026
v 0.34243 1.05942 0.04723
v 0.34554 1.07405 0.08459
v 0.34472 1.09886 0.04752
v 0.35975 1.06325 0.01896
v 0.33223 1.05942 -0.02611
v 0.34035 1.08105 -0.01896
v 0.33896 1.08044 -0.02069
v 0.35536 1.09916 -0.01071
v 0.34187 1.07484 -0.00674
v 0.35206 0.99486 0.05870
v 0.33005 1.00400 0.08107
v 0.35230 1.00148 0.06070
v 0.35975 1.06325 0.01896
v 0.34122 1.05909 0.02081
v 0.34851 1.06237 0.01807
v 0.33572 1.08097 0.07499
v 0.34122 1.05909 0.02081
v 0.34881 1.09832 0.06868
v 0.34608 1.07329 -0.01743
v 0.34182 1.07317 -0.01898
v 0.34187 1.07484 -0.00674
v 0.35148 0.99663 0.02136
v 0.33310 0.99395 0.01948
v 0.32606 1.03146 0.01892
v 0.32525 1.09433 0.09197
v 0.35056 1.09935 0.00174
v 0.35536 1.09916 -0.01071
v 0.32642 1.09576 -0.02396
v 0.34619 1.08190 -0.01572
v 0.34608 1.07329 -0.01743
v 0.34264 1.08095 -0.00496
v 0.33780 1.07190 0.08752
v 0.33010 1.05891 0.09233
v 0.34619 1.08190 -0.01572
v 0.34264 1.08095 -0.00496
v 0.34035 1.08105 -0.01896
v 0.34187 1.07484 -0.00674
v 0.35544 1.00058 0.00947
v 0.35896 1.00154 -0.00304
v 0.33446 0.99703 -0.02032
v 0.34187 1.07484 -0.00674
v 0.35056 1.09935 0.00174
v 0.34264 1.08095 -0.00496
v 0.35270 1.06162 0.06877
v 0.35730 1.06224 0.07880
v 0.33010 1.05891 0.09233
v 0.33836 1.09606 0.07167
v 0.34613 1.08455 0.08465
v 0.33880 1.07204 0.07402
v 0.34554 1.07405 0.08459
v 0.34851 1.06237 0.01807
v 0.33920 1.06026 0.00632
v 0.34648 1.09801 0.01923
v 0.33981 1.08016 0.07443
v 0.35252 0.99693 0.04847
v 0.34243 1.05942 0.04723
v 0.32655 1.02930 0.05043
v 0.34613 1.08455 0.08465
v 0.33572 1.08097 0.07499
v 0.33981 1.08016 0.07443
v 0.34182 1.07317 -0.01898
v 0.33880 1.07204 0.07402
v 0.33981 1.08016 0.07443
v 0.33572 1.08097 0.07499
v 0.32593 1.09429 -0.00940
v 0.33780 1.07190 0.08752
v 0.34554 1.07405 0.08459
v 0.33880 1.07204 0.07402
v 0.33649 1.07323 -0.00717
v 0.33590 1.08260 0.08875
v 0.33692 1.16653 0.01772
v 0.34472 1.09886 0.04752
v 0.34648 1.09801 0.01923
v 0.31215 1.09326 0.08809
v 0.34536 1.06196 0.05026
v 0.34472 1.09886 0.04752
v 0.33896 1.08044 -0.02069
v 0.34035 1.08105 -0.01896
v 0.35614 1.00118 0.07212
v 0.35230 1.00148 0.06070
v 0.33005 1.00400 0.08107
v 0.34122 1.05909 0.02081
v 0.33223 1.05855 -0.00936
v 0.34472 1.07322 -0.00292
v 0.34187 1.07484 -0.00674
v 0.33649 1.07323 -0.00717
v 0.33692 1.16653 0.01772
v 0.35614 1.00118 0.07212
v 0.33005 1.00400 0.08107
v 0.33092 0.99784 0.08361
v 0.34035 1.08105 -0.01896
v 0.33649 1.07323 -0.00717
v 0.34182 1.07317 -0.01898
v 0.34122 1.05909 0.02081
v 0.33920 1.06026 0.00632
v 0.34851 1.06237 0.01807
v 0.33177 0.99789 -0.00292
v 0.33590 1.16658 0.04737
v 0.33572 1.07862 -0.00742
v 0.31001 1.05184 -0.01772
v 0.33649 1.07323 -0.00717
v 0.33223 1.05855 -0.00936
v 0.33572 1.07862 -0.00742
v 0.32676 1.05791 -0.02138
v 0.33131 0.99834 -0.01476
v 0.32787 1.05756 0.07618
v 0.33590 1.08260 0.08875
v 0.33572 1.07862 -0.00742
v 0.33880 1.07204 0.07402
v 0.33572 1.08097 0.07499
v 0.33780 1.07190 0.08752
v 0.32995 1.07269 -0.00898
v 0.33590 1.08260 0.08875
v 0.33223 1.05855 -0.00936
v 0.32995 1.07269 -0.00898
v 0.32787 1.05756 0.07618
v 0.35536 1.09916 -0.01071
v 0.32642 1.09576 -0.02396
v 0.34881 1.09832 0.06868
v 0.32525 1.09433 0.09197
v 0.35362 1.09827 0.08098
v 0.35544 1.00058 0.00947
v 0.33177 0.99789 -0.00292
v 0.33334 0.99327 -0.00127
v 0.32593 1.09429 -0.00940
v 0.32094 1.09539 -0.01643
v 0.31215 1.09326 0.08809
v 0.32593 1.09429 -0.00940
v 0.33005 1.00400 0.08107
v 0.33275 0.99358 0.06429
v 0.33264 0.99428 0.05040
v 0.33836 1.09606 0.07167
v 0.33177 0.99789 -0.00292
v 0.33131 0.99834 -0.01476
v 0.32654 1.02928 -0.01328
v 0.33264 0.99428 0.05040
v 0.32466 1.05674 0.08755
v 0.33310 0.99395 0.01948
v 0.32787 1.05756 0.07618
v 0.33223 1.05942 -0.02611
v 0.32676 1.05791 -0.02138
v 0.32656 1.07912 -0.02026
v 0.32655 1.02930 0.05043
v 0.31215 1.09326 0.08809
v 0.32606 1.03146 0.01892
v 0.33187 0.98316 -0.01499
v 0.32654 1.02928 -0.01328
v 0.33131 0.99834 -0.01476
v 0.32568 1.02930 0.07922
v 0.32642 1.09576 -0.02396
v 0.31083 1.05202 0.01814
v 0.32466 1.05674 0.08755
v 0.33010 1.05891 0.09233
v 0.32525 1.09433 0.09197
v 0.32205 1.09397 -0.01945
v 0.31253 1.02837 0.05126
v 0.32568 1.02930 0.07922
v 0.31253 1.02837 0.05126
v 0.31177 1.02964 0.08097
v 0.32654 1.02928 -0.01328
v 0.31336 1.03004 -0.01547
v 0.32606 1.03146 0.01892
v 0.32221 1.09259 0.08705
v 0.31336 1.03004 -0.01547
v 0.30994 1.05205 0.05040
v 0.31215 1.09326 0.08809
v 0.31979 1.09140 0.08633
v 0.32525 1.09433 0.09197
v 0.32525 1.09433 0.09197
v 0.31979 1.09140 0.08633
v 0.32221 1.09259 0.08705
v 0.32205 1.09397 -0.01945
v 0.32656 1.07912 -0.02026
v 0.32676 1.05791 -0.02138
v 0.31691 0.98618 0.08500
v 0.33005 1.00400 0.08107
v 0.32568 1.02930 0.07922
v 0.32205 1.09397 -0.01945
v 0.32094 1.09539 -0.01643
v 0.32642 1.09576 -0.02396
v 0.32047 1.05460 0.09319
v 0.32221 1.09259 0.08705
v 0.31979 1.09140 0.08633
v 0.32466 1.05674 0.08755
v 0.32047 1.05460 0.09319
v 0.32466 1.05674 0.08755
v 0.31716 1.09171 0.09162
v 0.32655 1.02930 0.05043
v 0.32676 1.05791 -0.02138
v 0.32225 1.05712 -0.03080
v 0.32205 1.09397 -0.01945
v 0.32225 1.05712 -0.03080
v 0.31979 1.09140 0.08633
v 0.30994 1.05205 0.05040
v 0.32205 1.09397 -0.01945
v 0.31607 1.09214 -0.02900
v 0.31446 1.09432 -0.02477
v 0.31607 1.09214 -0.02900
v 0.31336 1.03008 0.01822
v 0.32094 1.09539 -0.01643
v 0.30950 1.05211 0.08142
v 0.31177 1.02964 0.08097
v 0.31083 1.05202 0.01814
v 0.31716 1.09171 0.09162
v 0.31979 1.09140 0.08633
v 0.31215 1.09326 0.08809
v 0.31336 1.03008 0.01822
v 0.30686 1.16152 -0.02415
v 0.32094 1.09539 -0.01643
v 0.31446 1.09432 -0.02477
v 0.30277 1.05308 -0.03591
v 0.31607 1.09214 -0.02900
v 0.32225 1.05712 -0.03080
v 0.31336 1.03008 0.01822
v 0.31336 1.03004 -0.01547
v 0.31001 1.05184 -0.01772
v 0.31177 1.02964 0.08097
v 0.31253 1.02837 0.05126
v 0.30994 1.05205 0.05040
v 0.31083 1.05202 0.01814
v 0.30950 1.05211 0.08142
v 0.30277 1.05308 -0.03591
v 0.30548 1.16032 0.08526
v 0.29644 1.05039 -0.02274
v 0.33590 1.16658 0.04737
v 0.27265 0.98612 0.08615
v 0.30950 1.05211 0.08142
v 0.27731 1.04868 0.08921
v 0.31716 1.09171 0.09162
v 0.27811 1.04926 0.09858
v 0.32047 1.05460 0.09319
v 0.27671 1.08434 -0.03869
v 0.31716 1.09171 0.09162
v 0.31215 1.09326 0.08809
v 0.28805 1.08863 0.09317
v 0.29644 1.05039 -0.02274
v 0.31001 1.05184 -0.01772
v 0.27637 1.08679 0.09563
v 0.27830 1.04927 -0.04130
v 0.27731 1.04868 0.08921
v 0.27671 1.08434 -0.03869
v 0.25277 1.11494 0.09759
v 0.28805 1.08863 0.09317
v 0.31215 1.09326 0.08809
v 0.27830 1.04927 -0.04130
v 0.27811 1.04926 0.09858
v 0.26084 0.99162 0.08874
v 0.27550 1.04977 -0.02966
v 0.31446 1.09432 -0.02477
v 0.27549 1.08648 -0.03554
v 0.25228 1.11530 -0.03864
v 0.27549 1.08648 -0.03554
v 0.27637 1.08679 0.09563
v 0.27417 1.07885 -0.03949
v 0.27550 1.04977 -0.02966
v 0.27589 0.97685 -0.02459
v 0.31716 1.09171 0.09162
v 0.27637 1.08679 0.09563
v 0.27462 1.08358 0.09848
v 0.26703 0.98727 -0.02799
v 0.27719 1.15812 -0.03166
v 0.27671 1.08434 -0.03869
v 0.27203 1.08129 -0.03638
v 0.27549 1.08648 -0.03554
v 0.27242 1.07901 0.08624
v 0.27731 1.04868 0.08921
v 0.27811 1.04926 0.09858
v 0.27462 1.08358 0.09848
v 0.27830 1.04927 -0.04130
v 0.27550 1.04977 -0.02966
v 0.27253 1.07829 -0.02715
v 0.27417 1.07885 -0.03949
v 0.27811 1.04926 0.09858
v 0.27462 1.08358 0.09848
v 0.27224 1.08067 0.09602
v 0.27417 1.07885 -0.03949
v 0.27224 1.08067 0.09602
v 0.27462 1.08358 0.09848
v 0.27637 1.08679 0.09563
v 0.27224 1.08067 0.09602
v 0.27203 1.08129 -0.03638
v 0.27203 1.08129 -0.03638
v 0.25632 1.07786 -0.03989
v 0.27242 1.07901 0.08624
v 0.24621 1.07643 0.08884
v 0.27253 1.07829 -0.02715
v 0.24836 1.07576 -0.03285
v 0.27203 1.08129 -0.03638
v 0.27224 1.08067 0.09602
v 0.25720 1.07896 0.09863
v 0.24836 1.07576 -0.03285
v 0.27253 1.07829 -0.02715
v 0.27224 1.08067 0.09602
v 0.25720 1.07896 0.09863
v 0.27242 1.07901 0.08624
v 0.25632 1.07786 -0.03989
v 0.23170 1.07462 -0.05001
v 0.25720 1.07896 0.09863
v 0.25277 1.11494 0.09759
v 0.25507 1.07979 0.10285
v 0.25497 1.07916 -0.04819
v 0.25228 1.11530 -0.03864
v 0.25632 1.07786 -0.03989
v 0.25229 1.11480 -0.04986
v 0.24621 1.07643 0.08884
v 0.23712 1.01144 -0.03833
v 0.25157 1.11396 -0.05088
v 0.25229 1.11480 -0.04986
v 0.25497 1.07916 -0.04819
v 0.25497 1.07916 -0.04819
v 0.21616 1.02443 -0.04598
v 0.26703 0.98727 -0.02799
v 0.25799 0.99480 -0.04061
v 0.23712 1.01144 -0.03833
v 0.23855 1.01024 -0.04577
v 0.21958 1.07146 -0.03815
v 0.25497 1.07916 -0.04819
v 0.23170 1.07462 -0.05001
v 0.25157 1.11396 -0.05088
v 0.23311 1.01263 0.10364
v 0.24872 1.00037 0.10093
v 0.26084 0.99162 0.08874
v 0.23093 1.03526 0.09617
v 0.25507 1.07979 0.10285
v 0.21958 1.07146 -0.03815
v 0.23185 1.01431 0.09565
v 0.23185 1.01431 0.09565
v 0.19432 1.06889 0.09542
v 0.23855 1.01024 -0.04577
v 0.25799 0.99480 -0.04061
v 0.22266 0.97246 -0.04995
v 0.19257 1.06989 -0.05407
v 0.19257 1.06989 -0.05407
v 0.19170 1.07026 0.10724
v 0.21566 1.02326 0.10546
v 0.24872 1.00037 0.10093
v 0.23311 1.01263 0.10364
v 0.21616 1.02443 -0.04598
v 0.19432 1.06889 0.09542
v 0.21788 1.02537 0.09881
v 0.21644 1.02276 -0.05101
v 0.21566 1.02326 0.10546
v 0.21788 1.02537 0.09881
v 0.21788 1.02537 0.09881
v 0.19432 1.06889 0.09542
v 0.19380 1.06431 0.09433
v 0.21644 1.02276 -0.05101
v 0.21535 1.01753 -0.04611
v 0.20300 1.02152 -0.04847
v 0.21566 1.02326 0.10546
v 0.21788 1.02537 0.09881
v 0.21437 1.02280 0.09969
v 0.21437 1.02280 0.09969
v 0.21656 0.99949 0.10017
v 0.21566 1.02326 0.10546
v 0.21644 1.02276 -0.05101
v 0.22266 0.97246 -0.04995
v 0.21535 1.01753 -0.04611
v 0.21616 1.02443 -0.04598
v 0.21656 0.99949 0.10017
v 0.21437 1.02280 0.09969
v 0.19951 1.02290 0.10161
v 0.20260 1.01270 -0.04819
v 0.22356 0.94552 -0.04471
v 0.19516 1.06734 -0.04181
v 0.21788 1.02537 0.09881
v 0.19380 1.06431 0.09433
v 0.20300 1.02152 -0.04847
v 0.20260 1.01270 -0.04819
v 0.19516 1.06734 -0.04181
v 0.19516 1.06734 -0.04181
v 0.18863 1.01451 -0.02460
v 0.18428 1.06422 0.00847
v 0.18444 1.06433 -0.02246
v 0.18636 1.01670 0.07879
v 0.19380 1.06431 0.09433
v 0.18347 1.06457 0.07713
v 0.18636 1.01670 0.07879
v 0.18347 1.06457 0.07713
v 0.19951 1.02290 0.10161
v 0.33010 1.05891 0.09233
v 0.33780 1.07190 0.08752
v 0.38504 0.84710 -0.00647
v 0.38938 0.81792 -0.00623
v 0.34537 0.89789 -0.01616
v 0.37720 0.89923 0.02784
v 0.37530 0.89904 0.08338
v 0.39644 0.76177 0.05399
v 0.37633 0.90017 -0.00713
v 0.37720 0.89923 0.02784
v 0.37099 0.90008 0.01557
v 0.37530 0.89904 0.08338
v 0.37633 0.90017 -0.00713
v 0.36860 0.93097 0.03263
v 0.37530 0.89904 0.08338
v 0.37099 0.90008 0.01557
v 0.36849 0.92903 0.05044
v 0.36856 0.92906 0.01626
v 0.36860 0.93097 0.03263
v 0.36856 0.92906 0.01626
v 0.36314 0.93143 0.02518
v 0.36729 0.94854 0.03221
v 0.36860 0.93097 0.03263
v 0.36705 0.94675 0.02723
v 0.36314 0.93143 0.02518
v 0.36705 0.94675 0.02723
v 0.36860 0.93097 0.03263
v 0.36705 0.94675 0.02723
v 0.36314 0.93143 0.02518
v 0.36233 0.94552 0.02512
v 0.36229 0.92935 0.02055
v 0.36860 0.93097 0.03263
v 0.36409 0.93155 0.03473
v 0.36849 0.92903 0.05044
v 0.36860 0.93097 0.03263
v 0.36729 0.94854 0.03221
v 0.36302 0.94566 0.03457
v 0.36670 0.94723 0.01555
v 0.36705 0.94675 0.02723
v 0.36233 0.94552 0.02512
v 0.36670 0.94723 0.01555
v 0.35928 0.99746 0.05347
v 0.36498 0.96401 0.01459
v 0.36589 0.94805 0.05310
v 0.36302 0.94566 0.03457
v 0.36729 0.94854 0.03221
v 0.36589 0.94805 0.05310
v 0.36409 0.93155 0.03473
v 0.35986 0.99712 0.01529
v 0.36209 0.93065 0.04691
v 0.35978 0.94548 0.01952
v 0.36498 0.96401 0.01459
v 0.36670 0.94723 0.01555
v 0.34288 0.95444 0.00432
v 0.36045 0.95817 0.01129
v 0.36498 0.96401 0.01459
v 0.34288 0.95444 0.00432
v 0.35266 0.89819 0.00428
v 0.36856 0.92906 0.01626
v 0.37099 0.90008 0.01557
v 0.35266 0.89819 0.00428
v 0.35928 0.99746 0.05347
v 0.35206 0.99486 0.05870
v 0.36589 0.94805 0.05310
v 0.36409 0.93155 0.03473
v 0.36016 0.94569 0.04752
v 0.36209 0.93065 0.04691
v 0.36233 0.94552 0.02512
v 0.36314 0.93143 0.02518
v 0.36229 0.92935 0.02055
v 0.35309 0.89788 -0.00847
v 0.34537 0.89789 -0.01616
v 0.36016 0.94569 0.04752
v 0.37633 0.90017 -0.00713
v 0.36302 0.94566 0.03457
v 0.35978 0.94548 0.01952
v 0.36237 0.95853 0.07039
v 0.35384 0.98002 0.05878
v 0.35614 1.00118 0.07212
v 0.36498 0.96401 0.01459
v 0.35396 0.99250 0.00983
v 0.35986 0.99712 0.01529
v 0.35544 1.00058 0.00947
v 0.36045 0.95817 0.01129
v 0.36344 0.95904 -0.00306
v 0.35896 1.00154 -0.00304
v 0.35928 0.99746 0.05347
v 0.35986 0.99712 0.01529
v 0.35252 0.99693 0.04847
v 0.35384 0.98002 0.05878
v 0.36045 0.95817 0.01129
v 0.35507 0.95708 0.05901
v 0.35614 1.00118 0.07212
v 0.34619 0.98468 0.07672
v 0.36237 0.95853 0.07039
v 0.34321 0.96987 0.07928
v 0.33880 0.95508 0.08189
v 0.35009 0.92718 0.00671
v 0.33697 0.92973 0.04854
v 0.35507 0.95708 0.05901
v 0.36045 0.95817 0.01129
v 0.35544 1.00058 0.00947
v 0.35396 0.99250 0.00983
v 0.35896 1.00154 -0.00304
v 0.36344 0.95904 -0.00306
v 0.35060 0.98435 -0.00888
v 0.35230 1.00148 0.06070
v 0.35206 0.99486 0.05870
v 0.34619 0.98430 -0.01202
v 0.34280 0.94513 0.06392
v 0.35148 0.99663 0.02136
v 0.37530 0.89904 0.08338
v 0.35271 0.89746 0.06173
v 0.35056 0.89700 0.08054
v 0.34398 0.94486 0.00507
v 0.33697 0.92973 0.04854
v 0.36209 0.93065 0.04691
v 0.36016 0.94569 0.04752
v 0.35009 0.92718 0.00671
v 0.35507 0.95708 0.05901
v 0.36237 0.95853 0.07039
v 0.34134 0.95430 0.06430
v 0.35206 0.99486 0.05870
v 0.33216 0.94245 0.04825
v 0.36344 0.95904 -0.00306
v 0.36045 0.95817 0.01129
v 0.34288 0.95444 0.00432
v 0.34787 0.97041 0.07625
v 0.34722 0.96777 -0.01119
v 0.35092 0.97039 -0.00808
v 0.33446 0.99703 -0.02032
v 0.35271 0.89746 0.06173
v 0.36849 0.92903 0.05044
v 0.34900 0.92789 0.06134
v 0.34762 0.96890 0.00198
v 0.35067 0.96580 0.00708
v 0.35396 0.99250 0.00983
v 0.36849 0.92903 0.05044
v 0.35271 0.89746 0.06173
v 0.37530 0.89904 0.08338
v 0.34900 0.92789 0.06134
v 0.36229 0.92935 0.02055
v 0.33785 0.92890 0.02081
v 0.35978 0.94548 0.01952
v 0.34808 0.89712 -0.01207
v 0.35309 0.89788 -0.00847
v 0.35009 0.92718 0.00671
v 0.35266 0.89819 0.00428
v 0.34280 0.94513 0.06392
v 0.34658 0.98212 0.00058
v 0.35092 0.97039 -0.00808
v 0.34658 0.98212 0.00058
v 0.35060 0.98435 -0.00888
v 0.34912 0.92610 -0.01057
v 0.33785 0.92890 0.02081
v 0.34808 0.89712 -0.01207
v 0.34912 0.92610 -0.01057
v 0.35309 0.89788 -0.00847
v 0.34900 0.92789 0.06134
v 0.34852 0.92817 0.07857
v 0.35056 0.89700 0.08054
v 0.35271 0.89746 0.06173
v 0.33185 0.94374 0.02148
v 0.35184 0.95604 -0.00978
v 0.34658 0.98212 0.00058
v 0.35396 0.99250 0.00983
v 0.34448 0.99029 0.00453
v 0.35092 0.97039 -0.00808
v 0.34722 0.96777 -0.01119
v 0.34762 0.96890 0.00198
v 0.35067 0.96580 0.00708
v 0.33874 0.98314 0.00155
v 0.35067 0.96580 0.00708
v 0.34762 0.96890 0.00198
v 0.34358 0.96835 -0.00088
v 0.34398 0.94486 0.00507
v 0.33216 0.94245 0.04825
v 0.34762 0.96890 0.00198
v 0.34134 0.95430 0.06430
v 0.34341 0.89589 0.08808
v 0.34034 0.89907 0.08169
v 0.34912 0.92610 -0.01057
v 0.33599 0.92967 -0.01147
v 0.35184 0.95604 -0.00978
v 0.35396 0.99250 0.00983
v 0.35544 1.00058 0.00947
v 0.34448 0.99029 0.00453
v 0.34271 0.98356 0.07867
v 0.34619 0.98468 0.07672
v 0.34669 0.98489 0.06176
v 0.34842 0.96902 0.06174
v 0.34787 0.97041 0.07625
v 0.34448 0.99029 0.00453
v 0.35056 0.89700 0.08054
v 0.34852 0.92817 0.07857
v 0.32645 0.91655 0.08347
v 0.33334 0.99327 -0.00127
v 0.32989 0.91733 -0.01485
v 0.33185 0.94374 0.02148
v 0.34358 0.96835 -0.00088
v 0.33334 0.99327 -0.00127
v 0.34358 0.96835 -0.00088
v 0.33962 0.96731 0.00068
v 0.35067 0.96580 0.00708
v 0.33834 0.95331 -0.01770
v 0.34271 0.98356 0.07867
v 0.34669 0.98489 0.06176
v 0.34619 0.98468 0.07672
v 0.34787 0.97041 0.07625
v 0.34842 0.96902 0.06174
v 0.34376 0.96893 0.06839
v 0.34301 0.96538 0.00421
v 0.34321 0.96987 0.07928
v 0.34358 0.96835 -0.00088
v 0.34722 0.96777 -0.01119
v 0.34619 0.98430 -0.01202
v 0.33962 0.98482 0.06354
v 0.34852 0.92817 0.07857
v 0.34658 0.98212 0.00058
v 0.34276 0.98148 -0.00055
v 0.35060 0.98435 -0.00888
v 0.33334 0.99327 -0.00127
v 0.34619 0.98430 -0.01202
v 0.35206 0.99486 0.05870
v 0.34165 0.99164 0.06187
v 0.33005 1.00400 0.08107
v 0.34115 0.95264 -0.01024
v 0.33834 0.95331 -0.01770
v 0.34808 0.89712 -0.01207
v 0.34537 0.89789 -0.01616
v 0.32989 0.91733 -0.01485
v 0.34301 0.96538 0.00421
v 0.34153 0.95392 0.07704
v 0.33959 0.96734 0.06265
v 0.34398 0.94486 0.00507
v 0.34215 0.94471 -0.00867
v 0.34115 0.95264 -0.01024
v 0.34376 0.96893 0.06839
v 0.34271 0.98356 0.07867
v 0.34321 0.96987 0.07928
v 0.34276 0.98148 -0.00055
v 0.33962 0.98482 0.06354
v 0.34153 0.95392 0.07704
v 0.34280 0.94513 0.06392
v 0.34134 0.95430 0.06430
v 0.34154 0.94447 0.07933
v 0.33663 0.93053 0.07974
v 0.33959 0.96734 0.06265
v 0.34288 0.95444 0.00432
v 0.33880 0.95508 0.08189
v 0.34669 0.98489 0.06176
v 0.33959 0.96734 0.06265
v 0.34842 0.96902 0.06174
v 0.34276 0.98148 -0.00055
v 0.34658 0.98212 0.00058
v 0.33874 0.98314 0.00155
v 0.33874 0.98314 0.00155
v 0.33874 0.98314 0.00155
v 0.34358 0.96835 -0.00088
v 0.34276 0.98148 -0.00055
v 0.33962 0.96731 0.00068
v 0.33264 0.99428 0.05040
v 0.33962 0.96731 0.00068
v 0.33962 0.98482 0.06354
v 0.33092 0.99784 0.08361
v 0.34537 0.89789 -0.01616
v 0.29033 0.88424 -0.03176
v 0.33354 0.91234 -0.01940
v 0.34034 0.89907 0.08169
v 0.34153 0.95392 0.07704
v 0.33223 0.95433 0.08150
v 0.34154 0.94447 0.07933
v 0.33223 0.95433 0.08150
v 0.33354 0.91234 -0.01940
v 0.33663 0.93053 0.07974
v 0.34215 0.94471 -0.00867
v 0.34165 0.99164 0.06187
v 0.33834 0.95331 -0.01770
v 0.34115 0.95264 -0.01024
v 0.33453 0.95452 -0.01323
v 0.33599 0.92967 -0.01147
v 0.33453 0.95452 -0.01323
v 0.34115 0.95264 -0.01024
v 0.34215 0.94471 -0.00867
v 0.33193 0.94184 0.08022
v 0.33310 0.99395 0.01948
v 0.33275 0.99358 0.06429
v 0.33275 0.99358 0.06429
v 0.37530 0.89904 0.08338
v 0.34341 0.89589 0.08808
v 0.32543 0.80481 0.09330
v 0.33154 0.94230 -0.01111
v 0.32044 0.92368 0.09145
v 0.34341 0.89589 0.08808
v 0.34034 0.89907 0.08169
v 0.33193 0.94184 0.08022
v 0.33187 0.98316 -0.01499
v 0.33834 0.95331 -0.01770
v 0.33453 0.95452 -0.01323
v 0.33185 0.94374 0.02148
v 0.33599 0.92967 -0.01147
v 0.33154 0.94230 -0.01111
v 0.34154 0.94447 0.07933
v 0.33446 0.99703 -0.02032
v 0.33785 0.92890 0.02081
v 0.33663 0.93053 0.07974
v 0.33216 0.94245 0.04825
v 0.33193 0.94184 0.08022
v 0.33453 0.95452 -0.01323
v 0.33154 0.94230 -0.01111
v 0.33187 0.98316 -0.01499
v 0.33697 0.92973 0.04854
v 0.33154 0.94230 -0.01111
v 0.33223 0.95433 0.08150
v 0.33131 0.99834 -0.01476
v 0.33310 0.99395 0.01948
v 0.33334 0.99327 -0.00127
v 0.33177 0.99789 -0.00292
v 0.33223 0.95433 0.08150
v 0.33092 0.99784 0.08361
v 0.33005 1.00400 0.08107
v 0.33154 0.94230 -0.01111
v 0.32645 0.91655 0.08347
v 0.30911 0.94029 -0.02639
v 0.30700 0.94338 -0.01756
v 0.33187 0.98316 -0.01499
v 0.31691 0.98618 0.08500
v 0.32044 0.92368 0.09145
v 0.28942 0.88391 0.09690
v 0.30911 0.94029 -0.02639
v 0.33005 1.00400 0.08107
v 0.31172 0.93504 0.08360
v 0.30700 0.94338 -0.01756
v 0.31172 0.93504 0.08360
v 0.30549 0.94277 0.09308
v 0.30544 0.94365 0.08441
v 0.27265 0.98612 0.08615
v 0.27634 0.97994 0.08669
v 0.30544 0.94365 0.08441
v 0.29776 0.86786 -0.02985
v 0.30724 0.84579 -0.02736
v 0.28112 0.94195 -0.02194
v 0.30549 0.94277 0.09308
v 0.22312 0.87873 0.10333
v 0.31261 0.82769 0.09226
v 0.29695 0.86353 0.09314
v 0.30724 0.84579 -0.02736
v 0.30997 0.83644 -0.02460
v 0.29605 0.86791 -0.02721
v 0.28942 0.88391 0.09690
v 0.29695 0.86353 0.09314
v 0.31261 0.82769 0.09226
v 0.29776 0.86786 -0.02985
v 0.30700 0.94338 -0.01756
v 0.30911 0.94029 -0.02639
v 0.28236 0.94149 -0.03374
v 0.28027 0.94284 0.08532
v 0.30549 0.94277 0.09308
v 0.30544 0.94365 0.08441
v 0.28027 0.94284 0.08532
v 0.29033 0.88424 -0.03176
v 0.22674 0.87848 -0.04585
v 0.29605 0.86791 -0.02721
v 0.30997 0.83644 -0.02460
v 0.28236 0.94149 -0.03374
v 0.28970 0.88251 -0.02909
v 0.28659 0.88267 0.09406
v 0.25837 0.88168 -0.04044
v 0.28112 0.94195 -0.02194
v 0.27895 0.94247 0.09750
v 0.27228 0.88105 -0.03332
v 0.28970 0.88251 -0.02909
v 0.24756 0.93017 0.10257
v 0.27228 0.88105 -0.03332
v 0.29033 0.88424 -0.03176
v 0.28970 0.88251 -0.02909
v 0.28942 0.88391 0.09690
v 0.25560 0.88402 0.10138
v 0.28659 0.88267 0.09406
v 0.27589 0.97685 -0.02459
v 0.28112 0.94195 -0.02194
v 0.28236 0.94149 -0.03374
v 0.27654 0.98126 -0.03466
v 0.25560 0.88402 0.10138
v 0.27589 0.97685 -0.02459
v 0.28027 0.94284 0.08532
v 0.27634 0.97994 0.08669
v 0.27895 0.94247 0.09750
v 0.27606 0.97977 0.09543
v 0.24928 0.92933 -0.04315
v 0.27654 0.98126 -0.03466
v 0.27895 0.94247 0.09750
v 0.26703 0.98727 -0.02799
v 0.27589 0.97685 -0.02459
v 0.27654 0.98126 -0.03466
v 0.27606 0.97977 0.09543
v 0.22581 0.92870 0.10491
v 0.26084 0.99162 0.08874
v 0.27606 0.97977 0.09543
v 0.27634 0.97994 0.08669
v 0.26084 0.99162 0.08874
v 0.25799 0.99480 -0.04061
v 0.25837 0.88168 -0.04044
v 0.25542 0.88221 0.09914
v 0.28659 0.88267 0.09406
v 0.25542 0.88221 0.09914
v 0.24872 1.00037 0.10093
v 0.22266 0.97246 -0.04995
v 0.27228 0.88105 -0.03332
v 0.22674 0.87848 -0.04585
v 0.21828 0.87740 -0.04657
v 0.25560 0.88402 0.10138
v 0.24730 0.92849 0.09814
v 0.25542 0.88221 0.09914
v 0.25837 0.88168 -0.04044
v 0.27228 0.88105 -0.03332
v 0.25064 0.91676 -0.03942
v 0.25837 0.88168 -0.04044
v 0.25064 0.91676 -0.03942
v 0.24928 0.92933 -0.04315
v 0.24872 1.00037 0.10093
v 0.24817 0.92913 -0.03928
v 0.24756 0.93017 0.10257
v 0.24817 0.92913 -0.03928
v 0.25064 0.91676 -0.03942
v 0.21828 0.87740 -0.04657
v 0.25799 0.99480 -0.04061
v 0.24756 0.93017 0.10257
v 0.22581 0.92870 0.10491
v 0.24730 0.92849 0.09814
v 0.22836 0.92936 -0.04895
v 0.21566 1.02326 0.10546
v 0.24928 0.92933 -0.04315
v 0.24817 0.92913 -0.03928
v 0.22836 0.92936 -0.04895
v 0.27228 0.88105 -0.03332
v 0.25542 0.88221 0.09914
v 0.24730 0.92849 0.09814
v 0.21547 0.87995 0.10192
v 0.22749 0.92751 -0.04445
v 0.22749 0.92751 -0.04445
v 0.22314 0.92935 0.10069
v 0.22749 0.92751 -0.04445
v 0.22356 0.94552 -0.04471
v 0.22836 0.92936 -0.04895
v 0.25542 0.88221 0.09914
v 0.21547 0.87995 0.10192
v 0.22312 0.87873 0.10333
v 0.21257 0.93367 -0.04741
v 0.22356 0.94552 -0.04471
v 0.22266 0.97246 -0.04995
v 0.22314 0.92935 0.10069
v 0.22674 0.87848 -0.04585
v 0.21474 0.87425 -0.03785
v 0.21828 0.87740 -0.04657
v 0.21535 1.01753 -0.04611
v 0.22314 0.92935 0.10069
v 0.22581 0.92870 0.10491
v 0.21656 0.99949 0.10017
v 0.22674 0.87848 -0.04585
v 0.21210 0.85455 -0.03414
v 0.21474 0.87425 -0.03785
v 0.21566 1.02326 0.10546
v 0.19951 1.02290 0.10161
v 0.20608 0.87569 -0.02636
v 0.21257 0.93367 -0.04741
v 0.21828 0.87740 -0.04657
v 0.21656 0.99949 0.10017
v 0.21474 0.87425 -0.03785
v 0.21210 0.85455 -0.03414
v 0.20960 0.87392 -0.02815
v 0.21474 0.87425 -0.03785
v 0.20960 0.87392 -0.02815
v 0.19951 1.02290 0.10161
v 0.20416 0.87608 0.08053
v 0.21547 0.87995 0.10192
v 0.20260 1.01270 -0.04819
v 0.20608 0.87569 -0.02636
v 0.20416 0.87608 0.08053
v 0.18863 1.01451 -0.02460
v 0.19897 0.86736 0.02527
v 0.18636 1.01670 0.07879
v 0.18636 1.01670 0.07879
v 0.20260 1.01270 -0.04819
v 0.35184 0.95604 -0.00978
v 0.34722 0.96777 -0.01119
v 0.34321 0.96987 0.07928
v 0.33880 0.95508 0.08189
v 0.18863 1.01451 -0.02460
v 0.22312 0.87873 0.10333
v 0.20892 0.87443 0.08745
v 0.20947 0.85319 0.08962
v 0.20892 0.87443 0.08745
v 0.22312 0.87873 0.10333
v 0.21547 0.87995 0.10192
v 0.20960 0.87392 -0.02815
v 0.21210 0.85455 -0.03414
v 0.19920 0.84308 0.02460
v 0.21547 0.87995 0.10192
v 0.20416 0.87608 0.08053
v 0.20446 0.87081 0.02983
v 0.20608 0.87569 -0.02636
v 0.19897 0.86736 0.02527
v 0.20608 0.87569 -0.02636
v 0.20446 0.87081 0.02983
v 0.20416 0.87608 0.08053
v 0.20416 0.87608 0.08053
v 0.19897 0.86736 0.02527
v 0.20947 0.85319 0.08962
v 0.20416 0.87608 0.08053
v 0.21210 0.85455 -0.03414
v 0.22674 0.87848 -0.04585
v 0.22390 0.77838 -0.03111
v 0.22390 0.77838 -0.03111
v 0.21012 0.78297 0.02092
v 0.19920 0.84308 0.02460
v 0.21210 0.85455 -0.03414
v 0.22050 0.78593 0.08927
v 0.20947 0.85319 0.08962
v 0.19920 0.84308 0.02460
v 0.40170 0.68356 -0.00383
v 0.40172 0.68358 0.07914
v 0.38712 0.68054 0.07261
v 0.40148 0.72947 0.02473
v 0.40166 0.73057 0.05055
v 0.39965 0.72952 0.05256
v 0.40148 0.72947 0.02473
v 0.39965 0.72952 0.05256
v 0.40170 0.68356 -0.00383
v 0.39910 0.73174 -0.00348
v 0.40172 0.68358 0.07914
v 0.39769 0.73020 -0.00599
v 0.40072 0.73748 0.02254
v 0.40148 0.72947 0.02473
v 0.39620 0.73234 0.02170
v 0.40166 0.73057 0.05055
v 0.40148 0.72947 0.02473
v 0.40072 0.73748 0.02254
v 0.39811 0.73168 0.08098
v 0.39910 0.73174 -0.00348
v 0.39620 0.73234 0.02170
v 0.40148 0.72947 0.02473
v 0.39811 0.73168 0.08098
v 0.39965 0.72952 0.05256
v 0.39551 0.73253 0.05305
v 0.39638 0.76214 -0.00633
v 0.40072 0.73748 0.02254
v 0.39620 0.73234 0.02170
v 0.39965 0.72952 0.05256
v 0.40166 0.73057 0.05055
v 0.39644 0.76177 0.05399
v 0.39638 0.76214 -0.00633
v 0.39420 0.73294 0.08057
v 0.39644 0.76177 0.05399
v 0.39965 0.72952 0.05256
v 0.39644 0.76177 0.05399
v 0.39114 0.76047 0.05479
v 0.39366 0.76304 0.08449
v 0.39114 0.76047 0.05479
v 0.39644 0.76177 0.05399
v 0.40172 0.68358 0.07914
v 0.39811 0.73168 0.08098
v 0.36229 0.73538 0.08444
v 0.39551 0.73253 0.05305
v 0.37530 0.89904 0.08338
v 0.39366 0.76304 0.08449
v 0.39769 0.73020 -0.00599
v 0.39135 0.76004 -0.00329
v 0.39111 0.75965 0.02164
v 0.39769 0.73020 -0.00599
v 0.39620 0.73234 0.02170
v 0.39910 0.73174 -0.00348
v 0.39551 0.73253 0.05305
v 0.38944 0.76042 0.08013
v 0.39420 0.73294 0.08057
v 0.39620 0.73234 0.02170
v 0.39111 0.75965 0.02164
v 0.39638 0.76214 -0.00633
v 0.38944 0.76042 0.08013
v 0.39620 0.73234 0.02170
v 0.38840 0.68025 0.04888
v 0.39638 0.76214 -0.00633
v 0.39111 0.75965 0.02164
v 0.39135 0.76004 -0.00329
v 0.38635 0.67953 0.02057
v 0.38900 0.68035 0.00018
v 0.39420 0.73294 0.08057
v 0.36229 0.73538 0.08444
v 0.39811 0.73168 0.08098
v 0.39114 0.76047 0.05479
v 0.38938 0.81792 -0.00623
v 0.39638 0.76214 -0.00633
v 0.36627 0.75940 -0.01357
v 0.36365 0.77661 -0.01398
v 0.36459 0.72514 -0.01361
v 0.39769 0.73020 -0.00599
v 0.40170 0.68356 -0.00383
v 0.38840 0.68025 0.04888
v 0.38767 0.67665 0.07139
v 0.38853 0.67663 0.05130
v 0.38712 0.68054 0.07261
v 0.38663 0.67585 0.01863
v 0.38740 0.67572 0.00115
v 0.38900 0.68035 0.00018
v 0.38635 0.67953 0.02057
v 0.38740 0.67572 0.00115
v 0.37381 0.67148 -0.00105
v 0.38900 0.68035 0.00018
v 0.38938 0.81792 -0.00623
v 0.38504 0.84710 -0.00647
v 0.39135 0.76004 -0.00329
v 0.38663 0.67585 0.01863
v 0.37334 0.67031 0.01857
v 0.38740 0.67572 0.00115
v 0.37406 0.67179 0.07243
v 0.38767 0.67665 0.07139
v 0.38712 0.68054 0.07261
v 0.38853 0.67663 0.05130
v 0.37587 0.67110 0.04933
v 0.38840 0.68025 0.04888
v 0.38944 0.76042 0.08013
v 0.36229 0.73538 0.08444
v 0.39420 0.73294 0.08057
v 0.36620 0.67689 0.07703
v 0.36872 0.67939 0.08711
v 0.37209 0.67678 0.04980
v 0.36796 0.67749 0.03600
v 0.37158 0.67705 -0.00057
v 0.38767 0.67665 0.07139
v 0.37587 0.67110 0.04933
v 0.38853 0.67663 0.05130
v 0.37128 0.67710 0.01965
v 0.37381 0.67148 -0.00105
v 0.38840 0.68025 0.04888
v 0.37587 0.67110 0.04933
v 0.37209 0.67678 0.04980
v 0.39366 0.76304 0.08449
v 0.37530 0.89904 0.08338
v 0.32543 0.80481 0.09330
v 0.34537 0.89789 -0.01616
v 0.37158 0.67705 -0.00057
v 0.36287 0.75648 -0.01045
v 0.36627 0.75940 -0.01357
v 0.37633 0.90017 -0.00713
v 0.36757 0.67755 -0.01327
v 0.37072 0.67762 0.07260
v 0.37072 0.67762 0.07260
v 0.36872 0.67939 0.08711
v 0.37284 0.67062 0.05196
v 0.38944 0.76042 0.08013
v 0.39366 0.76304 0.08449
v 0.36226 0.75873 0.08445
v 0.38635 0.67953 0.02057
v 0.37128 0.67710 0.01965
v 0.38663 0.67585 0.01863
v 0.36937 0.75867 -0.00895
v 0.37406 0.67179 0.07243
v 0.37334 0.67031 0.01857
v 0.36141 0.76036 0.08889
v 0.37587 0.67110 0.04933
v 0.37284 0.67062 0.05196
v 0.37209 0.67678 0.04980
v 0.36937 0.75867 -0.00895
v 0.34445 0.79494 -0.01910
v 0.37406 0.67179 0.07243
v 0.37072 0.67762 0.07260
v 0.37284 0.67062 0.05196
v 0.37381 0.67148 -0.00105
v 0.37334 0.67031 0.01857
v 0.37158 0.67705 -0.00057
v 0.37128 0.67710 0.01965
v 0.37209 0.67678 0.04980
v 0.35533 0.78051 0.08972
v 0.36757 0.67755 -0.01327
v 0.36509 0.67629 -0.00581
v 0.36024 0.75901 0.08665
v 0.36088 0.73106 0.08721
v 0.36872 0.67939 0.08711
v 0.36229 0.73538 0.08444
v 0.36677 0.66694 0.07758
v 0.36504 0.66615 -0.00637
v 0.36796 0.67749 0.03600
v 0.36226 0.75873 0.08445
v 0.36620 0.67689 0.07703
v 0.36509 0.67629 -0.00581
v 0.36197 0.75909 -0.01265
v 0.34444 0.67531 -0.01958
v 0.36197 0.75909 -0.01265
v 0.36627 0.75940 -0.01357
v 0.36155 0.77531 -0.01237
v 0.36365 0.77661 -0.01398
v 0.36197 0.75909 -0.01265
v 0.33486 0.67279 -0.01125
v 0.36226 0.75873 0.08445
v 0.36287 0.75648 -0.01045
v 0.36459 0.72514 -0.01361
v 0.36197 0.75909 -0.01265
v 0.36024 0.75901 0.08665
v 0.36141 0.76036 0.08889
v 0.35533 0.78051 0.08972
v 0.36024 0.75901 0.08665
v 0.35056 0.78534 -0.01449
v 0.34445 0.79494 -0.01910
v 0.36141 0.76036 0.08889
v 0.36509 0.67629 -0.00581
v 0.36504 0.66615 -0.00637
v 0.33486 0.67279 -0.01125
v 0.34840 0.67494 0.08002
v 0.36677 0.66694 0.07758
v 0.36620 0.67689 0.07703
v 0.34840 0.67494 0.08002
v 0.36024 0.75901 0.08665
v 0.31760 0.72194 0.09396
v 0.36088 0.73106 0.08721
v 0.31651 0.73467 0.09385
v 0.32280 0.70242 -0.02534
v 0.32082 0.72077 -0.02530
v 0.35056 0.78534 -0.01449
v 0.36872 0.67939 0.08711
v 0.34444 0.67531 -0.01958
v 0.35533 0.78051 0.08972
v 0.33375 0.79550 0.08959
v 0.33921 0.79553 -0.01755
v 0.33921 0.79553 -0.01755
v 0.31921 0.73385 -0.02527
v 0.34537 0.89789 -0.01616
v 0.34445 0.79494 -0.01910
v 0.33921 0.79553 -0.01755
v 0.31477 0.75041 0.09451
v 0.33580 0.66305 -0.01007
v 0.29644 0.66753 0.08417
v 0.32344 0.67218 0.09277
v 0.36504 0.66615 -0.00637
v 0.29829 0.65837 0.08267
v 0.33580 0.66305 -0.01007
v 0.35533 0.78051 0.08972
v 0.32543 0.80481 0.09330
v 0.33375 0.79550 0.08959
v 0.36677 0.66694 0.07758
v 0.32361 0.69021 0.09306
v 0.32344 0.67218 0.09277
v 0.29723 0.66754 -0.01719
v 0.32080 0.70249 0.09368
v 0.32574 0.67309 -0.02484
v 0.31876 0.80950 0.09142
v 0.32574 0.67309 -0.02484
v 0.32448 0.68932 -0.02514
v 0.31876 0.80950 0.09142
v 0.32400 0.68981 -0.03256
v 0.32574 0.67309 -0.02484
v 0.32468 0.67332 -0.03330
v 0.33921 0.79553 -0.01755
v 0.30724 0.84579 -0.02736
v 0.34537 0.89789 -0.01616
v 0.32448 0.68932 -0.02514
v 0.29644 0.66753 0.08417
v 0.32238 0.68997 0.10035
v 0.32344 0.67218 0.09277
v 0.32361 0.69021 0.09306
v 0.32333 0.67380 0.10117
v 0.32315 0.70267 -0.03268
v 0.32082 0.72077 -0.02530
v 0.32280 0.70242 -0.02534
v 0.31908 0.72082 -0.03289
v 0.30836 0.66005 -0.01420
v 0.31871 0.72033 0.10106
v 0.31950 0.70282 0.10112
v 0.32080 0.70249 0.09368
v 0.31760 0.72194 0.09396
v 0.30836 0.66005 -0.01420
v 0.31956 0.73522 -0.03248
v 0.31735 0.74953 -0.02505
v 0.31921 0.73385 -0.02527
v 0.31735 0.74953 -0.02505
v 0.31793 0.74920 -0.03259
v 0.29356 0.73070 -0.03175
v 0.31651 0.73467 0.09385
v 0.31477 0.75041 0.09451
v 0.31607 0.73516 0.10105
v 0.28509 0.66852 0.10306
v 0.32333 0.67380 0.10117
v 0.28549 0.68628 0.10371
v 0.32333 0.67380 0.10117
v 0.32238 0.68997 0.10035
v 0.29723 0.66754 -0.01719
v 0.31481 0.74873 0.10097
v 0.30735 0.68883 -0.02899
v 0.31876 0.80950 0.09142
v 0.32543 0.80481 0.09330
v 0.31261 0.82769 0.09226
v 0.30724 0.84579 -0.02736
v 0.33921 0.79553 -0.01755
v 0.30997 0.83644 -0.02460
v 0.32400 0.68981 -0.03256
v 0.30735 0.68883 -0.02899
v 0.32448 0.68932 -0.02514
v 0.31261 0.82769 0.09226
v 0.29829 0.65837 0.08267
v 0.26166 0.66516 -0.04166
v 0.32468 0.67332 -0.03330
v 0.30233 0.73247 -0.03605
v 0.31956 0.73522 -0.03248
v 0.31921 0.73385 -0.02527
v 0.32315 0.70267 -0.03268
v 0.30451 0.69940 -0.03072
v 0.30648 0.70023 -0.03686
v 0.22674 0.87848 -0.04585
v 0.30997 0.83644 -0.02460
v 0.32361 0.69021 0.09306
v 0.28549 0.68628 0.10371
v 0.32238 0.68997 0.10035
v 0.32280 0.70242 -0.02534
v 0.31760 0.72194 0.09396
v 0.27105 0.71552 0.10602
v 0.31871 0.72033 0.10106
v 0.28220 0.65741 -0.01858
v 0.30451 0.69940 -0.03072
v 0.30648 0.70023 -0.03686
v 0.31908 0.72082 -0.03289
v 0.32315 0.70267 -0.03268
v 0.28942 0.88391 0.09690
v 0.31871 0.72033 0.10106
v 0.27105 0.71552 0.10602
v 0.31950 0.70282 0.10112
v 0.29356 0.73070 -0.03175
v 0.31481 0.74873 0.10097
v 0.31477 0.75041 0.09451
v 0.28130 0.74500 0.10474
v 0.28395 0.69759 -0.04125
v 0.28073 0.72973 0.09764
v 0.31956 0.73522 -0.03248
v 0.30233 0.73247 -0.03605
v 0.31793 0.74920 -0.03259
v 0.28684 0.68717 0.09764
v 0.28220 0.65741 -0.01858
v 0.26065 0.68511 -0.04091
v 0.28379 0.68546 -0.04126
v 0.31607 0.73516 0.10105
v 0.28073 0.72973 0.09764
v 0.31651 0.73467 0.09385
v 0.26542 0.65481 -0.02034
v 0.32468 0.67332 -0.03330
v 0.28669 0.66865 -0.04049
v 0.32400 0.68981 -0.03256
v 0.28669 0.66865 -0.04049
v 0.26065 0.68511 -0.04091
v 0.28379 0.68546 -0.04126
v 0.28005 0.69684 -0.03677
v 0.26368 0.69584 0.10016
v 0.27604 0.71675 -0.03592
v 0.32082 0.72077 -0.02530
v 0.31908 0.72082 -0.03289
v 0.31481 0.74873 0.10097
v 0.28130 0.74500 0.10474
v 0.31607 0.73516 0.10105
v 0.28005 0.69684 -0.03677
v 0.28684 0.68717 0.09764
v 0.31793 0.74920 -0.03259
v 0.27724 0.74491 -0.03534
v 0.31735 0.74953 -0.02505
v 0.28509 0.66852 0.10306
v 0.28454 0.74645 0.09756
v 0.28390 0.66613 -0.01953
v 0.28454 0.74645 0.09756
v 0.28390 0.66613 -0.01953
v 0.27724 0.74491 -0.03534
v 0.32080 0.70249 0.09368
v 0.31950 0.70282 0.10112
v 0.26368 0.69584 0.10016
v 0.24494 0.69480 0.10832
v 0.27604 0.71675 -0.03592
v 0.25558 0.72827 -0.04635
v 0.26107 0.66182 0.08448
v 0.28248 0.68498 0.10264
v 0.28289 0.66795 -0.04296
v 0.25519 0.68236 0.10239
v 0.26502 0.66279 -0.02188
v 0.25023 0.66249 0.10060
v 0.28289 0.66795 -0.04296
v 0.28248 0.68498 0.10264
v 0.25040 0.71342 -0.04747
v 0.28395 0.69759 -0.04125
v 0.25558 0.72827 -0.04635
v 0.26502 0.65407 0.08524
v 0.25519 0.68236 0.10239
v 0.24058 0.74012 0.10322
v 0.25040 0.71342 -0.04747
v 0.24494 0.73973 -0.04836
v 0.26764 0.71658 0.09923
v 0.26764 0.71658 0.09923
v 0.26279 0.72816 -0.03864
v 0.26502 0.65407 0.08524
v 0.26008 0.68234 -0.04660
v 0.26256 0.69512 -0.04029
v 0.26107 0.66182 0.08448
v 0.26542 0.65481 -0.02034
v 0.26279 0.72816 -0.03864
v 0.22312 0.87873 0.10333
v 0.26256 0.69512 -0.04029
v 0.25716 0.68306 0.10752
v 0.24497 0.74096 -0.04247
v 0.26260 0.66678 -0.04654
v 0.26502 0.66279 -0.02188
v 0.26260 0.66678 -0.04654
v 0.25716 0.68306 0.10752
v 0.24494 0.73973 -0.04836
v 0.25023 0.66249 0.10060
v 0.28509 0.66852 0.10306
v 0.25804 0.66453 0.10187
v 0.25137 0.69667 -0.04911
v 0.24232 0.72622 0.10993
v 0.25758 0.66615 0.10718
v 0.25145 0.71411 -0.04117
v 0.24092 0.73883 0.10984
v 0.26008 0.68234 -0.04660
v 0.24498 0.71217 0.10842
v 0.25137 0.69667 -0.04911
v 0.26542 0.65481 -0.02034
v 0.26193 0.66072 0.02853
v 0.26502 0.66279 -0.02188
v 0.26502 0.65407 0.08524
v 0.26107 0.66182 0.08448
v 0.25758 0.66615 0.10718
v 0.24232 0.72622 0.10993
v 0.26260 0.66678 -0.04654
v 0.26166 0.66516 -0.04166
v 0.26008 0.68234 -0.04660
v 0.25825 0.68234 -0.04157
v 0.26065 0.68511 -0.04091
v 0.26008 0.68234 -0.04660
v 0.25825 0.68234 -0.04157
v 0.26193 0.66072 0.02853
v 0.25540 0.66198 -0.02333
v 0.25825 0.68234 -0.04157
v 0.24494 0.69480 0.10832
v 0.25533 0.66125 0.03603
v 0.25368 0.66128 0.08577
v 0.25193 0.69428 -0.04108
v 0.24739 0.71239 0.10274
v 0.24498 0.71217 0.10842
v 0.24739 0.71239 0.10274
v 0.24669 0.69283 0.10042
v 0.24527 0.72806 -0.04827
v 0.25758 0.66615 0.10718
v 0.25716 0.68306 0.10752
v 0.25519 0.68236 0.10239
v 0.25804 0.66453 0.10187
v 0.25155 0.66274 -0.03942
v 0.25193 0.69428 -0.04108
v 0.25533 0.66125 0.03603
v 0.25396 0.65149 0.08521
v 0.25513 0.65125 -0.02246
v 0.25540 0.66198 -0.02333
v 0.25368 0.66128 0.08577
v 0.24497 0.74096 -0.04247
v 0.26166 0.66516 -0.04166
v 0.25155 0.66274 -0.03942
v 0.25804 0.66453 0.10187
v 0.25540 0.66198 -0.02333
v 0.25513 0.65125 -0.02246
v 0.24181 0.65040 -0.02474
v 0.25023 0.66249 0.10060
v 0.25145 0.71411 -0.04117
v 0.25396 0.65149 0.08521
v 0.25368 0.66128 0.08577
v 0.24849 0.66146 0.08761
v 0.25513 0.65125 -0.02246
v 0.25396 0.65149 0.08521
v 0.24181 0.65040 -0.02474
v 0.25022 0.66232 -0.02511
v 0.24669 0.69283 0.10042
v 0.24669 0.72511 -0.04096
v 0.24849 0.66146 0.08761
v 0.24407 0.72492 0.10248
v 0.24746 0.71123 -0.04166
v 0.24746 0.71123 -0.04166
v 0.25145 0.71411 -0.04117
v 0.25040 0.71342 -0.04747
v 0.24669 0.72511 -0.04096
v 0.24092 0.73883 0.10984
v 0.25022 0.66232 -0.02511
v 0.25022 0.66232 -0.02511
v 0.24582 0.67434 -0.02599
v 0.25155 0.66274 -0.03942
v 0.24058 0.74012 0.10322
v 0.24582 0.67434 -0.02599
v 0.25155 0.66274 -0.03942
v 0.24762 0.67624 -0.03640
v 0.25193 0.69428 -0.04108
v 0.23707 0.69111 -0.03289
v 0.23641 0.70504 0.09188
v 0.25023 0.66249 0.10060
v 0.24669 0.69283 0.10042
v 0.24562 0.67620 0.09717
v 0.24762 0.67624 -0.03640
v 0.23564 0.70570 -0.03963
v 0.23707 0.69111 -0.03289
v 0.24562 0.67620 0.09717
v 0.24400 0.67499 0.08847
v 0.25023 0.66249 0.10060
v 0.24849 0.66146 0.08761
v 0.23472 0.72321 -0.03816
v 0.24527 0.72806 -0.04827
v 0.24582 0.67434 -0.02599
v 0.23971 0.67261 -0.02526
v 0.24762 0.67624 -0.03640
v 0.24407 0.72492 0.10248
v 0.23469 0.69135 0.09713
v 0.25137 0.69667 -0.04911
v 0.23564 0.70570 -0.03963
v 0.25040 0.71342 -0.04747
v 0.24562 0.67620 0.09717
v 0.23401 0.67488 0.08973
v 0.24400 0.67499 0.08847
v 0.23932 0.65057 0.08702
v 0.23312 0.64870 0.04885
v 0.24746 0.71123 -0.04166
v 0.23712 0.72253 -0.03457
v 0.24669 0.72511 -0.04096
v 0.23932 0.65057 0.08702
v 0.24400 0.67499 0.08847
v 0.23879 0.66052 0.08578
v 0.23641 0.70504 0.09188
v 0.24739 0.71239 0.10274
v 0.24407 0.72492 0.10248
v 0.23310 0.70467 0.09510
v 0.23800 0.67277 0.08583
v 0.24494 0.69480 0.10832
v 0.24498 0.71217 0.10842
v 0.23469 0.69135 0.09713
v 0.23832 0.70576 -0.03357
v 0.23971 0.67261 -0.02526
v 0.23658 0.69058 -0.03868
v 0.24527 0.72806 -0.04827
v 0.23205 0.72508 -0.03823
v 0.24494 0.73973 -0.04836
v 0.22965 0.72287 0.09667
v 0.23844 0.69242 0.09317
v 0.23649 0.67473 -0.03090
v 0.23844 0.69242 0.09317
v 0.23059 0.73412 -0.03331
v 0.22783 0.73354 0.09586
v 0.23832 0.70576 -0.03357
v 0.23755 0.66002 -0.00526
v 0.24181 0.65040 -0.02474
v 0.23531 0.65863 -0.00412
v 0.23323 0.72208 0.09128
v 0.23971 0.67261 -0.02526
v 0.24181 0.65040 -0.02474
v 0.23755 0.66002 -0.00526
v 0.24058 0.74012 0.10322
v 0.22050 0.78593 0.08927
v 0.22531 0.73440 0.08966
v 0.23675 0.70184 -0.02769
v 0.23026 0.64770 0.02516
v 0.23800 0.67277 0.08583
v 0.24562 0.67620 0.09717
v 0.23310 0.70071 0.09102
v 0.23401 0.67488 0.08973
v 0.23649 0.67473 -0.03090
v 0.24562 0.67620 0.09717
v 0.23844 0.69242 0.09317
v 0.23310 0.70071 0.09102
v 0.23162 0.73468 -0.03815
v 0.23451 0.66994 0.00362
v 0.23658 0.69058 -0.03868
v 0.23451 0.66994 0.00362
v 0.23712 0.72253 -0.03457
v 0.23472 0.72321 -0.03816
v 0.23205 0.72508 -0.03823
v 0.24527 0.72806 -0.04827
v 0.23310 0.70467 0.09510
v 0.23425 0.67064 0.05925
v 0.23879 0.66052 0.08578
v 0.23800 0.67277 0.08583
v 0.23581 0.65996 0.05473
v 0.23162 0.73468 -0.03815
v 0.23844 0.69242 0.09317
v 0.23469 0.69135 0.09713
v 0.23310 0.70071 0.09102
v 0.24232 0.72622 0.10993
v 0.24092 0.73883 0.10984
v 0.22783 0.73354 0.09586
v 0.23476 0.70070 -0.03308
v 0.23879 0.66052 0.08578
v 0.23312 0.64870 0.04885
v 0.23932 0.65057 0.08702
v 0.23675 0.70184 -0.02769
v 0.23712 0.72253 -0.03457
v 0.23832 0.70576 -0.03357
v 0.23641 0.70504 0.09188
v 0.23424 0.70175 0.08548
v 0.23310 0.70071 0.09102
v 0.23707 0.69111 -0.03289
v 0.23476 0.70070 -0.03308
v 0.23658 0.69058 -0.03868
v 0.23564 0.70570 -0.03963
v 0.23231 0.65918 0.02758
v 0.22809 0.71865 -0.00500
v 0.23145 0.69928 -0.00792
v 0.23323 0.72208 0.09128
v 0.23476 0.70070 -0.03308
v 0.23641 0.70504 0.09188
v 0.23310 0.70071 0.09102
v 0.23310 0.70467 0.09510
v 0.23401 0.67488 0.08973
v 0.23425 0.67064 0.05925
v 0.23800 0.67277 0.08583
v 0.23231 0.65918 0.02758
v 0.23223 0.66875 0.04093
v 0.22832 0.65612 0.02357
v 0.23879 0.66052 0.08578
v 0.23581 0.65996 0.05473
v 0.23424 0.70175 0.08548
v 0.22832 0.65612 0.02357
v 0.22994 0.71995 0.07447
v 0.23026 0.64770 0.02516
v 0.23531 0.65863 -0.00412
v 0.24181 0.65040 -0.02474
v 0.22612 0.69680 0.00041
v 0.23476 0.70070 -0.03308
v 0.23649 0.67473 -0.03090
v 0.23469 0.69135 0.09713
v 0.23310 0.70467 0.09510
v 0.23310 0.70071 0.09102
v 0.22439 0.66890 0.02360
v 0.23145 0.69928 -0.00792
v 0.23675 0.70184 -0.02769
v 0.22612 0.69680 0.00041
v 0.23476 0.70070 -0.03308
v 0.23026 0.66764 0.02572
v 0.22531 0.73440 0.08966
v 0.23026 0.66764 0.02572
v 0.23223 0.66875 0.04093
v 0.22764 0.66946 0.04298
v 0.22699 0.72113 -0.01864
v 0.22965 0.72287 0.09667
v 0.22699 0.72113 -0.01864
v 0.22809 0.71865 -0.00500
v 0.23205 0.72508 -0.03823
v 0.23059 0.73412 -0.03331
v 0.23162 0.73468 -0.03815
v 0.22358 0.69669 0.02350
v 0.22358 0.69669 0.02350
v 0.22312 0.87873 0.10333
v 0.22668 0.71785 0.05605
v 0.22994 0.71995 0.07447
v 0.22086 0.69423 0.02228
v 0.22764 0.66946 0.04298
v 0.23401 0.67488 0.08973
v 0.22699 0.72113 -0.01864
v 0.22390 0.77838 -0.03111
v 0.24497 0.74096 -0.04247
v 0.22703 0.73674 -0.03078
v 0.23059 0.73412 -0.03331
v 0.22187 0.71252 0.02499
v 0.22175 0.71763 0.05151
v 0.22668 0.71785 0.05605
v 0.22086 0.69423 0.02228
v 0.23310 0.70071 0.09102
v 0.22674 0.87848 -0.04585
v 0.22187 0.71252 0.02499
v 0.22439 0.66890 0.02360
v 0.22175 0.71763 0.05151
v 0.22965 0.72287 0.09667
v 0.22783 0.73354 0.09586
v 0.22699 0.72113 -0.01864
v 0.22703 0.73674 -0.03078
v 0.23059 0.73412 -0.03331
v 0.21738 0.71412 0.02080
v 0.22390 0.77838 -0.03111
v 0.21738 0.71412 0.02080
v 0.22531 0.73440 0.08966
v 0.21012 0.78297 0.02092
v 0.22783 0.73354 0.09586
v 0.22050 0.78593 0.08927
v 0.21917 0.71505 0.03569
v 0.21738 0.71412 0.02080
v 0.21917 0.71505 0.03569
v 0.20947 0.85319 0.08962
v 0.19920 0.84308 0.02460
v 0.39644 0.76177 0.05399
v 0.37072 0.67762 0.07260
v 0.37158 0.67705 -0.00057
v 0.36620 0.67689 0.07703
v 0.36509 0.67629 -0.00581
v 0.36459 0.72514 -0.01361
v 0.32280 0.70242 -0.02534
v 0.36197 0.75909 -0.01265
v 0.33921 0.79553 -0.01755
v 0.32361 0.69021 0.09306
v 0.26368 0.69584 0.10016
v 0.26107 0.66182 0.08448
v 0.25368 0.66128 0.08577
v 0.17424 1.22476 0.02672
v 0.17115 1.24229 0.07141
v 0.17510 1.24476 0.05522
v 0.17601 1.24879 0.03598
v 0.16730 1.24978 0.03487
v 0.18039 1.25894 0.03478
v 0.16333 1.25799 0.02079
v 0.18456 1.25897 0.01890
v 0.16742 1.24884 0.02033
v 0.17511 1.24938 0.01878
v 0.17455 1.24940 0.00493
v 0.17433 1.24541 0.00539
v 0.17090 1.24264 -0.01024
v 0.18154 1.06498 -0.02136
v 0.17130 1.24265 0.03303
v 0.18061 1.06662 0.07792
vt 0.15785 0.96707
vt 0.16983 0.96663
vt 0.16983 0.97850
vt 0.97937 0.04145
vt 0.97937 0.05331
vt 0.97507 0.04204
vt 0.15800 0.97900
vt 0.97474 0.05285
vt 0.96673 0.96140
vt 0.97135 0.97385
vt 0.96673 0.97339
vt 0.04054 0.95547
vt 0.04387 0.95433
vt 0.04436 0.95537
vt 0.97193 0.96131
vt 0.96873 0.04695
vt 0.97291 0.05819
vt 0.96873 0.05865
vt 0.97902 0.29516
vt 0.97506 0.28290
vt 0.97902 0.28326
vt 0.97460 0.29484
vt 0.97215 0.04609
vt 0.96861 0.86833
vt 0.97303 0.88068
vt 0.96861 0.88016
vt 0.97967 0.61081
vt 0.98093 0.61070
vt 0.97973 0.62271
vt 0.54350 0.98082
vt 0.53184 0.97980
vt 0.54397 0.97978
vt 0.97294 0.86795
vt 0.98060 0.62268
vt 0.88384 0.43312
vt 0.88062 0.42562
vt 0.88968 0.42841
vt 0.88473 0.43393
vt 0.88079 0.99155
vt 0.88079 0.99598
vt 0.87981 0.99555
vt 0.98252 0.84922
vt 0.97436 0.84414
vt 0.98207 0.84404
vt 0.96373 0.74280
vt 0.96794 0.74270
vt 0.96906 0.75556
vt 0.96379 0.74951
vt 0.89665 0.43812
vt 0.00179 0.05492
vt 0.00229 0.05563
vt 0.00120 0.05580
vt 0.94995 0.05570
vt 0.94601 0.04301
vt 0.94995 0.04347
vt 0.13295 0.02033
vt 0.14399 0.02048
vt 0.13220 0.02592
vt 0.68662 0.03787
vt 0.69089 0.04380
vt 0.68550 0.04273
vt 0.69895 0.03652
vt 0.97060 0.84973
vt 0.08426 0.97445
vt 0.08015 0.97445
vt 0.08515 0.96257
vt 0.89598 0.23126
vt 0.89899 0.22312
vt 0.90558 0.22771
vt 0.88640 0.44104
vt 0.97067 0.84528
vt 0.99099 0.45882
vt 0.98308 0.45880
vt 0.98987 0.45852
vt 0.88900 0.44596
vt 0.94531 0.04405
vt 0.13041 0.03979
vt 0.13118 0.02919
vt 0.12035 0.01906
vt 0.88725 0.43754
vt 0.99588 0.25960
vt 0.99588 0.26110
vt 0.99215 0.26011
vt 0.69070 0.04634
vt 0.04010 0.96786
vt 0.04469 0.96756
vt 0.96466 0.01046
vt 0.96134 0.00570
vt 0.96818 0.01075
vt 0.12915 0.02515
vt 0.99082 0.45490
vt 0.32078 0.00074
vt 0.32453 0.00081
vt 0.32453 0.00330
vt 0.32036 0.00424
vt 0.22656 0.00107
vt 0.22955 0.00433
vt 0.22656 0.00493
vt 0.67804 0.03763
vt 0.22980 0.00055
vt 0.67485 0.00205
vt 0.67784 0.00108
vt 0.67581 0.00586
vt 0.29164 0.93047
vt 0.27312 0.93047
vt 0.29170 0.92660
vt 0.19965 0.87383
vt 0.18109 0.87383
vt 0.20001 0.85948
vt 0.20054 0.86082
vt 0.58599 0.98387
vt 0.58389 0.99033
vt 0.58359 0.98323
vt 0.42527 0.00164
vt 0.42891 0.00262
vt 0.42454 0.00484
vt 0.27239 0.92605
vt 0.29149 0.91890
vt 0.27296 0.91994
vt 0.42932 0.00468
vt 0.69912 0.04201
vt 0.62054 0.85996
vt 0.63327 0.87853
vt 0.62054 0.87883
vt 0.89733 0.21839
vt 0.77715 0.99954
vt 0.77715 0.99476
vt 0.77946 0.99975
vt 0.67740 0.00549
vt 0.77927 0.99597
vt 0.63320 0.86473
vt 0.65178 0.87906
vt 0.34508 0.00496
vt 0.34233 0.00053
vt 0.34545 0.00070
vt 0.00206 0.06379
vt 0.34274 0.00494
vt 0.97309 0.00559
vt 0.94633 0.05874
vt 0.90719 0.21967
vt 0.08002 0.96642
vt 0.67977 0.00590
vt 0.99751 0.71170
vt 0.99613 0.71358
vt 0.99551 0.71036
vt 0.96361 0.75481
vt 0.26617 0.98980
vt 0.26395 0.98877
vt 0.27420 0.98875
vt 0.07993 0.96349
vt 0.24520 0.98871
vt 0.25229 0.98933
vt 0.24198 0.98935
vt 0.08059 0.96221
vt 0.29500 0.48997
vt 0.29631 0.48594
vt 0.30049 0.49271
vt 0.18279 0.85587
vt 0.88994 0.21064
vt 0.90095 0.21112
vt 0.65060 0.86065
vt 0.90308 0.21664
vt 0.69677 0.05240
vt 0.70001 0.04715
vt 0.51638 0.99115
vt 0.51714 0.99323
vt 0.51628 0.99588
vt 0.23429 0.00229
vt 0.23322 0.00629
vt 0.23304 0.00169
vt 0.69404 0.05891
vt 0.90856 0.21774
vt 0.97231 0.11985
vt 0.97287 0.13252
vt 0.96938 0.12791
vt 0.96878 0.13189
vt 0.21221 0.87407
vt 0.97688 0.32172
vt 0.97674 0.33413
vt 0.97474 0.32230
vt 0.20374 0.86056
vt 0.21342 0.85626
vt 0.99609 0.97168
vt 0.99892 0.97313
vt 0.99770 0.97694
vt 0.96970 0.12167
vt 0.69554 0.06024
vt 0.96602 0.04555
vt 0.96756 0.04684
vt 0.96461 0.04795
vt 0.09915 0.98676
vt 0.09915 0.98980
vt 0.09513 0.98697
vt 0.08889 0.98682
vt 0.97509 0.33414
vt 0.23994 0.94769
vt 0.24423 0.95908
vt 0.24180 0.95821
vt 0.28894 0.47312
vt 0.61543 0.98524
vt 0.61543 0.98982
vt 0.61500 0.98684
vt 0.99590 0.99991
vt 0.99263 0.99991
vt 0.99477 0.99909
vt 0.29052 0.48979
vt 0.26836 0.95359
vt 0.27129 0.95281
vt 0.27129 0.95510
vt 0.71845 0.97750
vt 0.71913 0.97562
vt 0.73093 0.97670
vt 0.23956 0.96154
vt 0.30507 0.46568
vt 0.31775 0.48747
vt 0.31088 0.47888
vt 0.26895 0.96639
vt 0.99456 0.18829
vt 0.99456 0.18528
vt 0.99796 0.18716
vt 0.95508 0.05264
vt 0.95116 0.04912
vt 0.95289 0.04795
vt 0.34538 0.97521
vt 0.34437 0.96275
vt 0.35708 0.96275
vt 0.88965 0.52055
vt 0.87843 0.52055
vt 0.87853 0.49591
vt 0.63388 0.85959
vt 0.27129 0.96632
vt 0.19972 0.85561
vt 0.27882 0.47553
vt 0.97475 0.72881
vt 0.97588 0.73220
vt 0.97424 0.74151
vt 0.32436 0.32343
vt 0.34178 0.32329
vt 0.33551 0.32820
vt 0.37776 0.34313
vt 0.35726 0.32270
vt 0.37582 0.31838
vt 0.35738 0.97541
vt 0.95288 0.03763
vt 0.97593 0.78154
vt 0.96372 0.76965
vt 0.97593 0.76993
vt 0.97535 0.74101
vt 0.96484 0.05919
vt 0.96692 0.05882
vt 0.30119 0.46453
vt 0.26014 0.60883
vt 0.25063 0.60883
vt 0.26002 0.59207
vt 0.35854 0.33451
vt 0.32477 0.30796
vt 0.96380 0.78247
vt 0.95442 0.03856
vt 0.97503 0.33532
vt 0.97698 0.34690
vt 0.97465 0.34711
vt 0.97655 0.33469
vt 0.21746 0.59295
vt 0.99737 0.62353
vt 0.99640 0.62487
vt 0.99565 0.62301
vt 0.38289 0.29682
vt 0.44497 0.97437
vt 0.44445 0.97326
vt 0.45730 0.97389
vt 0.71746 0.97686
vt 0.70513 0.97686
vt 0.70498 0.97476
vt 0.27914 0.43296
vt 0.24975 0.62219
vt 0.24940 0.61040
vt 0.32962 0.47108
vt 0.30181 0.46120
vt 0.39926 0.97499
vt 0.38628 0.97499
vt 0.38688 0.97314
vt 0.31463 0.46600
vt 0.50966 0.99058
vt 0.50530 0.99745
vt 0.50552 0.99094
vt 0.50934 0.99734
vt 0.29333 0.45897
vt 0.99443 0.45180
vt 0.99094 0.44496
vt 0.99384 0.44506
vt 0.96404 0.83722
vt 0.96776 0.84220
vt 0.96360 0.84232
vt 0.30665 0.46301
vt 0.96774 0.83788
vt 0.99011 0.45179
vt 0.00434 0.92340
vt 0.00058 0.91721
vt 0.00490 0.91691
vt 0.00095 0.92348
vt 0.94209 0.47112
vt 0.94168 0.46681
vt 0.94261 0.46603
vt 0.93836 0.74127
vt 0.94118 0.73073
vt 0.94244 0.74162
vt 0.55272 0.99448
vt 0.55217 0.98826
vt 0.56104 0.99495
vt 0.56069 0.98809
vt 0.98945 0.38707
vt 0.98317 0.37834
vt 0.98945 0.37830
vt 0.98312 0.38779
vt 0.29122 0.45562
vt 0.96802 0.61145
vt 0.95857 0.59803
vt 0.96802 0.59830
vt 0.96664 0.83598
vt 0.94857 0.90468
vt 0.94669 0.90518
vt 0.94689 0.88833
vt 0.00232 0.90639
vt 0.00210 0.90072
vt 0.00488 0.89997
vt 0.00455 0.90651
vt 0.97606 0.83850
vt 0.97333 0.24291
vt 0.97224 0.25533
vt 0.96682 0.24365
vt 0.97729 0.96422
vt 0.97952 0.97586
vt 0.97729 0.97593
vt 0.20642 0.96487
vt 0.19469 0.96487
vt 0.20838 0.95533
vt 0.94206 0.45357
vt 0.94263 0.47231
vt 0.94263 0.48958
vt 0.94216 0.47202
vt 0.35932 0.28661
vt 0.98037 0.04071
vt 0.97469 0.04084
vt 0.97469 0.03102
vt 0.40109 0.29399
vt 0.39055 0.28180
vt 0.40382 0.28330
vt 0.96700 0.25535
vt 0.16487 0.96310
vt 0.17146 0.96532
vt 0.16513 0.96603
vt 0.98032 0.96608
vt 0.33210 0.28464
vt 0.93915 0.72372
vt 0.12481 0.84033
vt 0.12319 0.81403
vt 0.12653 0.79508
vt 0.19461 0.95547
vt 0.17126 0.95218
vt 0.16470 0.95231
vt 0.95817 0.61127
vt 0.64943 0.89995
vt 0.63595 0.90704
vt 0.63565 0.89995
vt 0.98042 0.02899
vt 0.38317 0.04268
vt 0.38907 0.03346
vt 0.64970 0.90619
vt 0.29189 0.43198
vt 0.29297 0.44497
vt 0.97578 0.02910
vt 0.99691 0.69358
vt 0.99312 0.69358
vt 0.99630 0.69146
vt 0.99790 0.76840
vt 0.99503 0.77048
vt 0.99412 0.76817
vt 0.83078 0.01768
vt 0.84177 0.01864
vt 0.81709 0.01923
vt 0.62462 0.89995
vt 0.11682 0.00277
vt 0.11322 0.00146
vt 0.12119 0.00122
vt 0.61089 0.98679
vt 0.60123 0.98026
vt 0.61089 0.98154
vt 0.76956 0.95531
vt 0.76709 0.96290
vt 0.75463 0.95623
vt 0.60104 0.98681
vt 0.68836 0.01714
vt 0.69715 0.00504
vt 0.69768 0.01840
vt 0.61192 0.97927
vt 0.11886 0.80814
vt 0.00304 0.07585
vt 0.01168 0.06089
vt 0.01242 0.08774
vt 0.29531 0.44378
vt 0.30369 0.44565
vt 0.93084 0.35152
vt 0.92882 0.34086
vt 0.93103 0.33258
vt 0.92887 0.33227
vt 0.97726 0.30867
vt 0.97726 0.29782
vt 0.98633 0.29782
vt 0.21766 0.92486
vt 0.20463 0.92137
vt 0.22356 0.92079
vt 0.33296 0.44557
vt 0.34113 0.45340
vt 0.00213 0.39110
vt 0.00230 0.39311
vt 0.00019 0.39211
vt 0.38119 0.29166
vt 0.29492 0.44181
vt 0.21467 0.65082
vt 0.21604 0.61809
vt 0.00231 0.20469
vt 0.00231 0.21376
vt 0.00118 0.20512
vt 0.08652 0.00121
vt 0.08724 0.00278
vt 0.07934 0.00261
vt 0.21449 0.92487
vt 0.32712 0.44368
vt 0.21254 0.92672
vt 0.85978 0.15564
vt 0.85700 0.16329
vt 0.85815 0.15128
vt 0.99785 0.26883
vt 0.99467 0.26883
vt 0.99618 0.26584
vt 0.12206 0.96403
vt 0.11984 0.96787
vt 0.12030 0.95632
vt 0.99464 0.57199
vt 0.99545 0.56875
vt 0.99729 0.57128
vt 0.32317 0.66809
vt 0.33406 0.68284
vt 0.33213 0.70481
vt 0.44682 0.00164
vt 0.44950 0.00167
vt 0.45121 0.00463
vt 0.22380 0.92962
vt 0.44655 0.00485
vt 0.99738 0.56866
vt 0.99468 0.89868
vt 0.99534 0.89687
vt 0.99500 0.90463
vt 0.29738 0.43418
vt 0.33459 0.66939
vt 0.85806 0.17451
vt 0.85596 0.16379
vt 0.00073 0.40092
vt 0.11271 0.00248
vt 0.10474 0.00248
vt 0.11262 0.00102
vt 0.27192 0.96055
vt 0.27259 0.95281
vt 0.27420 0.96208
vt 0.27771 0.95902
vt 0.28701 0.66687
vt 0.27855 0.72603
vt 0.27679 0.70091
vt 0.27438 0.66824
vt 0.85901 0.19984
vt 0.86025 0.19943
vt 0.21238 0.92961
vt 0.20488 0.93008
vt 0.83859 0.96940
vt 0.83539 0.97026
vt 0.83886 0.96679
vt 0.30574 0.73203
vt 0.66761 0.99314
vt 0.66917 0.99795
vt 0.66599 0.99888
vt 0.31972 0.73214
vt 0.33002 0.72745
vt 0.97237 0.16909
vt 0.97187 0.17194
vt 0.97161 0.16596
vt 0.28998 0.73177
vt 0.91148 0.00169
vt 0.90434 0.00232
vt 0.90398 0.00117
vt 0.96877 0.17104
vt 0.83253 0.97037
vt 0.87991 0.45019
vt 0.88311 0.44374
vt 0.97382 0.01785
vt 0.96868 0.01429
vt 0.38940 0.05981
vt 0.98318 0.04426
vt 0.98318 0.03355
vt 0.98440 0.04413
vt 0.53434 0.92228
vt 0.55239 0.92228
vt 0.53522 0.93757
vt 0.99889 0.89741
vt 0.99889 0.90309
vt 0.99762 0.89820
vt 0.55245 0.93706
vt 0.94209 0.79270
vt 0.93640 0.77476
vt 0.94209 0.77482
vt 0.93059 0.53470
vt 0.92517 0.55275
vt 0.92477 0.53470
vt 0.93522 0.79282
vt 0.81226 0.92858
vt 0.81215 0.92179
vt 0.83082 0.92179
vt 0.94858 0.67228
vt 0.94718 0.67177
vt 0.94770 0.65590
vt 0.82770 0.92751
vt 0.66148 0.08854
vt 0.64623 0.09558
vt 0.64992 0.08454
vt 0.83124 0.92746
vt 0.85129 0.39462
vt 0.85488 0.41002
vt 0.84787 0.40574
vt 0.93015 0.55308
vt 0.84633 0.41164
vt 0.64065 0.93076
vt 0.63961 0.92487
vt 0.65783 0.93216
vt 0.84541 0.40358
vt 0.53628 0.09784
vt 0.55428 0.08537
vt 0.53772 0.10268
vt 0.94375 0.36078
vt 0.94375 0.35579
vt 0.95849 0.36191
vt 0.51431 0.12677
vt 0.51438 0.12171
vt 0.51873 0.12248
vt 0.54526 0.10009
vt 0.90569 0.27386
vt 0.90994 0.28217
vt 0.90403 0.27699
vt 0.65864 0.92420
vt 0.44356 0.04669
vt 0.44356 0.03273
vt 0.47613 0.04622
vt 0.09270 0.94588
vt 0.09147 0.95553
vt 0.07786 0.95553
vt 0.52916 0.13239
vt 0.21702 0.86268
vt 0.22500 0.86224
vt 0.22663 0.86417
vt 0.65623 0.08430
vt 0.95834 0.35593
vt 0.07738 0.94572
vt 0.85636 0.42325
vt 0.96592 0.87176
vt 0.96525 0.87273
vt 0.96564 0.85894
vt 0.54771 0.10170
vt 0.95297 0.84695
vt 0.95297 0.86377
vt 0.94977 0.84852
vt 0.00190 0.38063
vt 0.00190 0.39045
vt 0.00059 0.38630
vt 0.90926 0.28701
vt 0.47614 0.03261
vt 0.89849 0.29144
vt 0.74763 0.99008
vt 0.74996 0.99028
vt 0.74725 0.99603
vt 0.37638 0.03619
vt 0.37598 0.04579
vt 0.35634 0.04579
vt 0.63851 0.08619
vt 0.94217 0.70469
vt 0.93531 0.70426
vt 0.93531 0.68779
vt 0.83739 0.99379
vt 0.83779 0.99829
vt 0.83154 0.99373
vt 0.66047 0.08036
vt 0.67023 0.08312
vt 0.99600 0.46518
vt 0.99600 0.47103
vt 0.99258 0.46458
vt 0.83196 0.99700
vt 0.02804 0.93372
vt 0.03017 0.92736
vt 0.04577 0.92736
vt 0.55233 0.11407
vt 0.55499 0.12560
vt 0.55193 0.11597
vt 0.22294 0.85257
vt 0.22127 0.84713
vt 0.23618 0.84212
vt 0.90396 0.29309
vt 0.98903 0.11622
vt 0.99650 0.12168
vt 0.98997 0.12155
vt 0.39864 0.16741
vt 0.39931 0.17517
vt 0.38028 0.16662
vt 0.99547 0.11759
vt 0.26252 0.03494
vt 0.29509 0.03505
vt 0.28103 0.04563
vt 0.99100 0.68579
vt 0.99203 0.69326
vt 0.99008 0.69231
vt 0.84564 0.41522
vt 0.55142 0.99270
vt 0.55193 0.99689
vt 0.54981 0.99732
vt 0.38127 0.18483
vt 0.39256 0.99259
vt 0.39696 0.99259
vt 0.39543 0.99894
vt 0.75000 0.99695
vt 0.99645 0.68766
vt 0.72384 0.06474
vt 0.75921 0.05015
vt 0.75945 0.06474
vt 0.76026 0.18502
vt 0.74145 0.16101
vt 0.76026 0.15809
vt 0.84213 0.41927
vt 0.84138 0.41835
vt 0.95378 0.65546
vt 0.95998 0.65546
vt 0.95373 0.66973
vt 0.34382 0.03543
vt 0.52713 0.12400
vt 0.22028 0.00687
vt 0.21899 0.00463
vt 0.22041 0.00210
vt 0.34471 0.16836
vt 0.95216 0.69134
vt 0.95657 0.70491
vt 0.95319 0.70567
vt 0.99483 0.31339
vt 0.99125 0.32003
vt 0.99071 0.31339
vt 0.51888 0.11005
vt 0.52153 0.11712
vt 0.51527 0.11247
vt 0.04175 0.93548
vt 0.72408 0.04947
vt 0.99203 0.47108
vt 0.53977 0.12516
vt 0.54752 0.10750
vt 0.53678 0.11052
vt 0.54871 0.11260
vt 0.53138 0.12931
vt 0.04553 0.93071
vt 0.91847 0.27821
vt 0.64456 0.08058
vt 0.99405 0.31986
vt 0.24430 0.99726
vt 0.23943 0.99684
vt 0.24409 0.99030
vt 0.54562 0.11094
vt 0.23849 0.98977
vt 0.39993 0.18402
vt 0.39256 0.18411
vt 0.23629 0.85054
vt 0.82693 0.42823
vt 0.84202 0.42832
vt 0.91368 0.17344
vt 0.89790 0.16669
vt 0.91368 0.16665
vt 0.31196 0.96451
vt 0.31196 0.95070
vt 0.31447 0.95156
vt 0.54667 0.12200
vt 0.94001 0.68683
vt 0.91842 0.29921
vt 0.94249 0.69054
vt 0.15934 0.92070
vt 0.16456 0.92953
vt 0.16394 0.93666
vt 0.90799 0.17400
vt 0.92047 0.20672
vt 0.92657 0.20670
vt 0.92657 0.22283
vt 0.26274 0.04530
vt 0.23880 0.84499
vt 0.90885 0.20516
vt 0.74077 0.17725
vt 0.93306 0.33129
vt 0.92928 0.33158
vt 0.93023 0.32069
vt 0.14566 0.93600
vt 0.89230 0.17098
vt 0.91007 0.22476
vt 0.78252 0.28463
vt 0.76602 0.26734
vt 0.77760 0.27856
vt 0.14611 0.92118
vt 0.93284 0.31231
vt 0.53477 0.10739
vt 0.92826 0.43160
vt 0.93209 0.43230
vt 0.93209 0.45070
vt 0.92951 0.31273
vt 0.28168 0.05284
vt 0.48135 0.94812
vt 0.46730 0.94066
vt 0.48260 0.94101
vt 0.94243 0.68501
vt 0.93564 0.68621
vt 0.94194 0.66841
vt 0.92905 0.45007
vt 0.76033 0.27121
vt 0.29393 0.05224
vt 0.99031 0.58809
vt 0.98691 0.59047
vt 0.98326 0.58818
vt 0.16226 0.00839
vt 0.16226 0.00408
vt 0.16293 0.00536
vt 0.19213 0.93611
vt 0.20000 0.93472
vt 0.21086 0.93593
vt 0.40490 0.36941
vt 0.41583 0.36560
vt 0.42763 0.37162
vt 0.49529 0.99269
vt 0.49620 0.99112
vt 0.49623 0.99591
vt 0.24164 0.84249
vt 0.34191 0.93374
vt 0.34142 0.93509
vt 0.32343 0.93414
vt 0.92835 0.37220
vt 0.93200 0.37315
vt 0.92879 0.39139
vt 0.46653 0.94786
vt 0.26923 0.92035
vt 0.26970 0.92572
vt 0.25050 0.92073
vt 0.53487 0.13342
vt 0.93182 0.39116
vt 0.24383 0.86511
vt 0.61876 0.87811
vt 0.62174 0.88317
vt 0.61918 0.88286
vt 0.25140 0.92653
vt 0.35582 0.05235
vt 0.61697 0.87786
vt 0.24644 0.84936
vt 0.42558 0.37854
vt 0.34448 0.05153
vt 0.99511 0.56324
vt 0.99800 0.56418
vt 0.99452 0.56643
vt 0.93538 0.66887
vt 0.34595 0.19497
vt 0.38049 0.18923
vt 0.38075 0.19469
vt 0.88302 0.89786
vt 0.90132 0.90918
vt 0.88302 0.90842
vt 0.93447 0.88716
vt 0.93425 0.90449
vt 0.92288 0.90549
vt 0.09541 0.93989
vt 0.11072 0.93975
vt 0.11072 0.95202
vt 0.92311 0.88703
vt 0.09477 0.95150
vt 0.54544 0.13351
vt 0.79486 0.18233
vt 0.54720 0.12607
vt 0.79539 0.15713
vt 0.39811 0.39115
vt 0.43626 0.38315
vt 0.42949 0.39890
vt 0.89344 0.56508
vt 0.91354 0.54296
vt 0.91263 0.56508
vt 0.61870 0.90418
vt 0.21485 0.91625
vt 0.21267 0.91866
vt 0.19983 0.91754
vt 0.74645 0.26862
vt 0.75191 0.26351
vt 0.19363 0.91707
vt 0.55847 0.13325
vt 0.26350 0.84784
vt 0.90152 0.88795
vt 0.70182 0.04281
vt 0.72008 0.05639
vt 0.72143 0.06922
vt 0.88368 0.88483
vt 0.26377 0.84301
vt 0.39895 0.39794
vt 0.73763 0.27577
vt 0.84128 0.06845
vt 0.83482 0.08863
vt 0.81600 0.09195
vt 0.61666 0.90390
vt 0.71923 0.05023
vt 0.89902 0.88604
vt 0.55851 0.12708
vt 0.76131 0.30500
vt 0.33585 0.00637
vt 0.35701 0.00452
vt 0.35841 0.00645
vt 0.75418 0.30371
vt 0.80311 0.06967
vt 0.99616 0.24904
vt 0.99377 0.24704
vt 0.99701 0.24716
vt 0.95294 0.70909
vt 0.95216 0.72495
vt 0.94731 0.72495
vt 0.89579 0.54264
vt 0.94180 0.15043
vt 0.93570 0.14951
vt 0.93570 0.13470
vt 0.99302 0.24922
vt 0.93523 0.65576
vt 0.93523 0.63801
vt 0.93709 0.63937
vt 0.94210 0.13504
vt 0.94787 0.70846
vt 0.99512 0.27714
vt 0.99273 0.27719
vt 0.99580 0.27493
vt 0.94052 0.13336
vt 0.83627 0.09153
vt 0.83380 0.09963
vt 0.44378 0.40584
vt 0.43847 0.41838
vt 0.09684 0.73655
vt 0.09764 0.72373
vt 0.10176 0.73568
vt 0.72162 0.04728
vt 0.72018 0.03951
vt 0.71835 0.27358
vt 0.72771 0.26478
vt 0.09190 0.79459
vt 0.09259 0.80247
vt 0.08681 0.79418
vt 0.10199 0.72722
vt 0.10480 0.71371
vt 0.22458 0.93370
vt 0.24325 0.93370
vt 0.22508 0.93612
vt 0.42006 0.90802
vt 0.41507 0.92665
vt 0.41575 0.90727
vt 0.42084 0.92641
vt 0.08706 0.80780
vt 0.73369 0.30376
vt 0.34672 0.93541
vt 0.34711 0.93608
vt 0.32870 0.93641
vt 0.10616 0.72586
vt 0.72051 0.30543
vt 0.04604 0.15213
vt 0.05074 0.15967
vt 0.04602 0.17262
vt 0.04997 0.17269
vt 0.70769 0.28444
vt 0.46515 0.06950
vt 0.47623 0.07467
vt 0.45610 0.08512
vt 0.81627 0.03020
vt 0.82658 0.02994
vt 0.83517 0.03490
vt 0.41561 0.41980
vt 0.09473 0.80369
vt 0.09760 0.70851
vt 0.81590 0.03443
vt 0.40548 0.41607
vt 0.42667 0.44287
vt 0.82005 0.89516
vt 0.82928 0.88594
vt 0.83823 0.90608
vt 0.10324 0.69338
vt 0.49402 0.08462
vt 0.09407 0.83674
vt 0.91987 0.87226
vt 0.91987 0.85143
vt 0.92053 0.86172
vt 0.04655 0.18590
vt 0.08805 0.83498
vt 0.80659 0.03430
vt 0.81214 0.90592
vt 0.80573 0.03064
vt 0.40870 0.42481
vt 0.72044 0.88807
vt 0.72044 0.86255
vt 0.72196 0.86445
vt 0.04927 0.18602
vt 0.72230 0.30852
vt 0.71591 0.31077
vt 0.99363 0.27788
vt 0.99739 0.27788
vt 0.99605 0.27973
vt 0.97478 0.23015
vt 0.97478 0.21811
vt 0.97783 0.23027
vt 0.01029 0.73182
vt 0.01015 0.75790
vt 0.00766 0.73445
vt 0.00773 0.73088
vt 0.87710 0.18603
vt 0.87211 0.17506
vt 0.87879 0.17120
vt 0.71850 0.31451
vt 0.74807 0.33550
vt 0.69878 0.29373
vt 0.86984 0.17480
vt 0.87018 0.15113
vt 0.44695 0.28690
vt 0.44734 0.28237
vt 0.45146 0.31064
vt 0.09707 0.69564
vt 0.46143 0.28364
vt 0.47879 0.30908
vt 0.46288 0.30934
vt 0.87893 0.07843
vt 0.88922 0.10236
vt 0.87893 0.10312
vt 0.51465 0.28413
vt 0.51412 0.30882
vt 0.89265 0.08080
vt 0.63450 0.07001
vt 0.64221 0.07467
vt 0.64064 0.11991
vt 0.63624 0.13201
vt 0.63546 0.09193
vt 0.50961 0.23323
vt 0.51711 0.25631
vt 0.45546 0.26274
vt 0.50535 0.21856
vt 0.42427 0.15139
vt 0.42532 0.14547
vt 0.43218 0.17433
vt 0.42019 0.13667
vt 0.80935 0.88572
vt 0.78654 0.87255
vt 0.81620 0.87188
vt 0.80154 0.88528
vt 0.81646 0.88458
vt 0.10574 0.92167
vt 0.10546 0.91448
vt 0.10806 0.91836
vt 0.78348 0.03673
vt 0.77580 0.03699
vt 0.78269 0.03456
vt 0.73568 0.99700
vt 0.73568 0.99003
vt 0.73963 0.99619
vt 0.59724 0.99351
vt 0.59724 0.98654
vt 0.59926 0.99236
vt 0.10834 0.91613
vt 0.68585 0.91899
vt 0.68670 0.91698
vt 0.69367 0.91885
vt 0.56951 0.98319
vt 0.56931 0.99088
vt 0.56715 0.98968
vt 0.78288 0.02945
vt 0.93343 0.61806
vt 0.93293 0.62032
vt 0.92843 0.61912
vt 0.80525 0.04574
vt 0.79024 0.02894
vt 0.12799 0.88663
vt 0.12576 0.87868
vt 0.12793 0.87748
vt 0.78348 0.04588
vt 0.56735 0.98351
vt 0.80486 0.02907
vt 0.69203 0.91602
vt 0.93072 0.62186
vt 0.73138 0.98549
vt 0.73138 0.97811
vt 0.74243 0.98257
vt 0.98366 0.85859
vt 0.98515 0.85538
vt 0.98542 0.86681
vt 0.62954 0.96468
vt 0.64224 0.97448
vt 0.62954 0.97411
vt 0.43157 0.13839
vt 0.84647 0.01679
vt 0.84711 0.01278
vt 0.86824 0.01651
vt 0.41778 0.99799
vt 0.41115 0.99267
vt 0.41778 0.99259
vt 0.98842 0.57871
vt 0.99457 0.57902
vt 0.99534 0.58114
vt 0.42977 0.13312
vt 0.43199 0.12891
vt 0.12509 0.88443
vt 0.64833 0.09772
vt 0.41162 0.99844
vt 0.98820 0.58139
vt 0.29366 0.90894
vt 0.29922 0.91878
vt 0.29293 0.92776
vt 0.93149 0.07857
vt 0.94441 0.07465
vt 0.94612 0.07833
vt 0.18520 0.92089
vt 0.20386 0.92110
vt 0.20330 0.92749
vt 0.18467 0.92656
vt 0.22508 0.87403
vt 0.24176 0.87420
vt 0.22719 0.87705
vt 0.85364 0.01258
vt 0.92919 0.07589
vt 0.29959 0.90876
vt 0.84189 0.93292
vt 0.84830 0.92712
vt 0.86073 0.93291
vt 0.85450 0.92450
vt 0.86057 0.92136
vt 0.11317 0.90962
vt 0.69305 0.90507
vt 0.86363 0.01169
vt 0.20513 0.93439
vt 0.22379 0.93439
vt 0.22036 0.93544
vt 0.57719 0.84705
vt 0.58670 0.83292
vt 0.58687 0.84680
vt 0.29817 0.92815
vt 0.22263 0.87727
vt 0.58860 0.84954
vt 0.11842 0.89245
vt 0.23901 0.87780
vt 0.22775 0.95377
vt 0.22402 0.96693
vt 0.21903 0.96033
vt 0.74235 0.97835
vt 0.78260 0.97694
vt 0.77165 0.97797
vt 0.77165 0.97134
vt 0.64228 0.96536
vt 0.96163 0.42224
vt 0.95572 0.42276
vt 0.96249 0.41576
vt 0.29918 0.92530
vt 0.78396 0.97116
vt 0.27159 0.95131
vt 0.26553 0.95339
vt 0.26407 0.94511
vt 0.85457 0.92693
vt 0.59101 0.83648
vt 0.58845 0.83929
vt 0.57986 0.85525
vt 0.39182 0.93630
vt 0.39182 0.95248
vt 0.38375 0.94698
vt 0.97934 0.95570
vt 0.98209 0.95470
vt 0.98230 0.96650
vt 0.39266 0.93737
vt 0.40884 0.93737
vt 0.40693 0.95091
vt 0.69860 0.91042
vt 0.24260 0.97194
vt 0.24260 0.96126
vt 0.24967 0.97097
vt 0.43149 0.13102
vt 0.69112 0.97177
vt 0.67845 0.96479
vt 0.69112 0.96620
vt 0.86808 0.00530
vt 0.97780 0.96131
vt 0.99538 0.37426
vt 0.99044 0.37871
vt 0.98927 0.37426
vt 0.67866 0.97236
vt 0.11898 0.91539
vt 0.86122 0.12678
vt 0.86459 0.11456
vt 0.86392 0.12702
vt 0.57130 0.96225
vt 0.57164 0.95473
vt 0.58530 0.95473
vt 0.58467 0.96298
vt 0.93344 0.63380
vt 0.58969 0.83060
vt 0.17238 0.98067
vt 0.17163 0.98751
vt 0.16927 0.98329
vt 0.00059 0.00271
vt 0.00291 0.00209
vt 0.00059 0.00738
vt 0.93310 0.07127
vt 0.94137 0.06661
vt 0.83812 0.00459
vt 0.83888 0.00742
vt 0.83793 0.00937
vt 0.92552 0.62970
vt 0.11290 0.88618
vt 0.99626 0.37885
vt 0.86402 0.00516
vt 0.21465 0.95909
vt 0.21498 0.96247
vt 0.11303 0.90205
vt 0.11893 0.90127
vt 0.27139 0.94532
vt 0.76766 0.97522
vt 0.77091 0.97370
vt 0.76815 0.98004
vt 0.84852 0.92532
vt 0.41952 0.99728
vt 0.41946 0.99075
vt 0.42643 0.99075
vt 0.42579 0.99708
vt 0.94409 0.06983
vt 0.39628 0.16247
vt 0.38296 0.16555
vt 0.38513 0.15466
vt 0.94612 0.06457
vt 0.85535 0.11639
vt 0.24912 0.95874
vt 0.00270 0.00687
vt 0.24872 0.88607
vt 0.67473 0.99741
vt 0.67289 0.99790
vt 0.67480 0.99262
vt 0.59834 0.86416
vt 0.98773 0.74612
vt 0.99532 0.74666
vt 0.98884 0.74754
vt 0.52209 0.00275
vt 0.52317 0.00903
vt 0.52074 0.00644
vt 0.93339 0.06771
vt 0.51986 0.00174
vt 0.05312 0.99546
vt 0.05299 0.99067
vt 0.06023 0.99067
vt 0.99406 0.74373
vt 0.70613 0.91024
vt 0.91757 0.99274
vt 0.91932 0.99258
vt 0.91731 0.99732
vt 0.77100 0.98490
vt 0.91960 0.99794
vt 0.94773 0.19867
vt 0.95148 0.19543
vt 0.96199 0.19926
vt 0.26905 0.94101
vt 0.27134 0.93838
vt 0.01243 0.20066
vt 0.01421 0.20189
vt 0.01233 0.21259
vt 0.67283 0.99560
vt 0.95755 0.41317
vt 0.51923 0.00923
vt 0.99687 0.35326
vt 0.99620 0.35927
vt 0.99266 0.35958
vt 0.97737 0.98942
vt 0.97344 0.99619
vt 0.97266 0.99025
vt 0.05885 0.99586
vt 0.98021 0.99634
vt 0.99481 0.44263
vt 0.99075 0.43702
vt 0.99481 0.43706
vt 0.99072 0.44378
vt 0.70667 0.90495
vt 0.98046 0.98870
vt 0.99265 0.35313
vt 0.95603 0.41121
vt 0.45752 0.00221
vt 0.46080 0.00980
vt 0.45691 0.00915
vt 0.99149 0.14719
vt 0.99301 0.14807
vt 0.98953 0.14799
vt 0.16929 0.97908
vt 0.76243 0.99648
vt 0.76423 0.98985
vt 0.76434 0.99559
vt 0.93450 0.06570
vt 0.22617 0.88578
vt 0.76234 0.98955
vt 0.46070 0.00217
vt 0.84152 0.92074
vt 0.31843 0.36822
vt 0.33656 0.35004
vt 0.32630 0.37078
vt 0.39416 0.15841
vt 0.37126 0.16608
vt 0.36992 0.16177
vt 0.37523 0.16457
vt 0.95740 0.40867
vt 0.01463 0.21016
vt 0.38049 0.16084
vt 0.91973 0.63145
vt 0.22097 0.88194
vt 0.99460 0.15980
vt 0.99792 0.16088
vt 0.99501 0.16239
vt 0.85938 0.11168
vt 0.57905 0.99830
vt 0.57578 0.99799
vt 0.57457 0.99464
vt 0.11428 0.90007
vt 0.23966 0.88593
vt 0.95524 0.19376
vt 0.22010 0.88595
vt 0.46913 0.70979
vt 0.47508 0.72261
vt 0.44491 0.74978
vt 0.57904 0.99273
vt 0.87983 0.75412
vt 0.88071 0.73834
vt 0.88357 0.74016
vt 0.37517 0.16020
vt 0.88552 0.92538
vt 0.89866 0.92282
vt 0.89810 0.92538
vt 0.95431 0.05752
vt 0.96140 0.07158
vt 0.95555 0.07171
vt 0.11856 0.89921
vt 0.87946 0.92279
vt 0.96131 0.05746
vt 0.96245 0.33981
vt 0.95625 0.35328
vt 0.95712 0.33934
vt 0.93663 0.74123
vt 0.93519 0.74661
vt 0.93557 0.72870
vt 0.96219 0.35343
vt 0.91942 0.63631
vt 0.86041 0.91845
vt 0.87889 0.92558
vt 0.98821 0.09428
vt 0.98978 0.10321
vt 0.98777 0.10422
vt 0.90612 0.86547
vt 0.90612 0.88450
vt 0.90485 0.88715
vt 0.85874 0.10587
vt 0.88316 0.74993
vt 0.34215 0.37534
vt 0.84800 0.10310
vt 0.86220 0.08828
vt 0.35466 0.15902
vt 0.49068 0.72519
vt 0.48268 0.74585
vt 0.01573 0.22662
vt 0.34883 0.16691
vt 0.88349 0.76025
vt 0.01170 0.22777
vt 0.37556 0.15078
vt 0.87952 0.76473
vt 0.88332 0.76491
vt 0.34942 0.14041
vt 0.35247 0.14121
vt 0.37119 0.14917
vt 0.32995 0.34571
vt 0.32125 0.33975
vt 0.83666 0.10139
vt 0.50120 0.72662
vt 0.37159 0.11940
vt 0.39689 0.15691
vt 0.38075 0.15133
vt 0.90229 0.44334
vt 0.90306 0.43898
vt 0.90402 0.45402
vt 0.88221 0.79235
vt 0.88068 0.78284
vt 0.88068 0.76576
vt 0.90266 0.45387
vt 0.81161 0.97643
vt 0.81168 0.97225
vt 0.82381 0.97225
vt 0.97996 0.01559
vt 0.97615 0.00471
vt 0.97996 0.00458
vt 0.36854 0.13848
vt 0.90299 0.46177
vt 0.10542 0.22287
vt 0.09590 0.19266
vt 0.10559 0.18112
vt 0.35273 0.36943
vt 0.90419 0.46102
vt 0.88038 0.79235
vt 0.34828 0.34149
vt 0.82304 0.97738
vt 0.97466 0.01636
vt 0.09541 0.20481
vt 0.09142 0.19804
vt 0.50945 0.75150
vt 0.96299 0.76624
vt 0.96157 0.75834
vt 0.96299 0.75839
vt 0.95836 0.26088
vt 0.95824 0.27578
vt 0.95686 0.26193
vt 0.83736 0.08595
vt 0.94050 0.47845
vt 0.93531 0.47860
vt 0.93531 0.46105
vt 0.49028 0.75866
vt 0.93971 0.46301
vt 0.95305 0.67286
vt 0.95305 0.68915
vt 0.94770 0.67295
vt 0.94923 0.68924
vt 0.36273 0.35703
vt 0.36403 0.38287
vt 0.50704 0.73681
vt 0.96927 0.46845
vt 0.97441 0.47183
vt 0.97017 0.47409
vt 0.52167 0.72949
vt 0.51377 0.76004
vt 0.01892 0.95062
vt 0.02662 0.94614
vt 0.02741 0.94988
vt 0.34587 0.13583
vt 0.96175 0.46805
vt 0.96120 0.77284
vt 0.95699 0.27572
vt 0.37206 0.14746
vt 0.37119 0.13370
vt 0.53560 0.73542
vt 0.38282 0.36676
vt 0.90161 0.86190
vt 0.90161 0.88256
vt 0.90088 0.88622
vt 0.20560 0.91996
vt 0.18587 0.91823
vt 0.20638 0.91897
vt 0.90819 0.93263
vt 0.90477 0.92672
vt 0.92316 0.92794
vt 0.20710 0.91972
vt 0.22275 0.91859
vt 0.22831 0.92008
vt 0.01149 0.94665
vt 0.22825 0.91832
vt 0.18514 0.92017
vt 0.60826 0.25948
vt 0.61360 0.26081
vt 0.62310 0.28117
vt 0.37437 0.38344
vt 0.15633 0.98725
vt 0.16591 0.98725
vt 0.15629 0.98931
vt 0.37080 0.35206
vt 0.55160 0.74290
vt 0.00012 0.31047
vt 0.00189 0.31047
vt 0.00022 0.31995
vt 0.63188 0.25848
vt 0.27833 0.42337
vt 0.27833 0.40285
vt 0.29573 0.42136
vt 0.00237 0.31979
vt 0.60498 0.26822
vt 0.16690 0.98920
vt 0.08317 0.11682
vt 0.08318 0.12487
vt 0.08114 0.11756
vt 0.93696 0.44311
vt 0.93696 0.46063
vt 0.93585 0.45737
vt 0.59975 0.27312
vt 0.59713 0.26645
vt 0.08041 0.13653
vt 0.28872 0.40068
vt 0.99430 0.99743
vt 0.98774 0.99743
vt 0.99139 0.99509
vt 0.08181 0.15649
vt 0.48835 0.09617
vt 0.48796 0.09401
vt 0.51910 0.09652
vt 0.89344 0.96668
vt 0.90606 0.97078
vt 0.89731 0.97197
vt 0.52949 0.09421
vt 0.29193 0.35867
vt 0.42135 0.57025
vt 0.40894 0.59432
vt 0.41103 0.56971
vt 0.28631 0.37001
vt 0.41524 0.56868
vt 0.97908 0.48698
vt 0.98800 0.48698
vt 0.98662 0.49157
vt 0.42003 0.56890
vt 0.31255 0.33744
vt 0.30191 0.27353
vt 0.31255 0.27464
vt 0.56662 0.26253
vt 0.70197 0.26374
vt 0.70197 0.21706
vt 0.76306 0.26261
vt 0.44330 0.56324
vt 0.30091 0.33541
vt 0.76386 0.21745
vt 0.40657 0.62902
vt 0.60037 0.86010
vt 0.59540 0.85615
vt 0.85445 0.92451
vt 0.86051 0.92134
vt 0.41836 0.63127
vt 0.44107 0.97917
vt 0.44933 0.97712
vt 0.45219 0.98498
vt 0.00020 0.03368
vt 0.00020 0.02517
vt 0.00229 0.02744
vt 0.41039 0.18013
vt 0.40276 0.18253
vt 0.39860 0.15892
vt 0.44277 0.97768
vt 0.45202 0.97512
vt 0.08855 0.50742
vt 0.09006 0.52947
vt 0.08600 0.50921
vt 0.08615 0.46136
vt 0.08807 0.48337
vt 0.08599 0.50322
vt 0.08954 0.48749
vt 0.40811 0.15877
vt 0.40282 0.13319
vt 0.41188 0.13710
vt 0.43994 0.08695
vt 0.45015 0.09410
vt 0.40870 0.09192
vt 0.06423 0.43776
vt 0.04220 0.43553
vt 0.04001 0.41053
vt 0.06473 0.40613
vt 0.35669 0.89510
vt 0.37312 0.87248
vt 0.39294 0.89127
vt 0.32503 0.58586
vt 0.28951 0.58651
vt 0.29219 0.58007
vt 0.49029 0.98053
vt 0.50131 0.97957
vt 0.50223 0.98049
vt 0.67072 0.07968
vt 0.65877 0.07968
vt 0.68296 0.06003
vt 0.68283 0.08069
vt 0.64744 0.05996
vt 0.68408 0.08006
vt 0.99406 0.69637
vt 0.99746 0.69748
vt 0.99510 0.69914
vt 0.76889 0.38624
vt 0.76551 0.39678
vt 0.76195 0.39647
vt 0.64659 0.08061
vt 0.97845 0.69410
vt 0.97656 0.68341
vt 0.97905 0.68196
vt 0.97681 0.26995
vt 0.97689 0.28217
vt 0.97473 0.28178
vt 0.93858 0.39276
vt 0.94001 0.40906
vt 0.93730 0.41023
vt 0.96598 0.91066
vt 0.96470 0.91044
vt 0.96489 0.89682
vt 0.74762 0.40436
vt 0.97505 0.26999
vt 0.75669 0.38018
vt 0.96603 0.91126
vt 0.96598 0.92515
vt 0.96364 0.92482
vt 0.13434 0.97147
vt 0.14684 0.96868
vt 0.14745 0.97096
vt 0.30717 0.01849
vt 0.32784 0.01862
vt 0.33053 0.03388
vt 0.96439 0.91272
vt 0.22808 0.23295
vt 0.24075 0.29032
vt 0.11252 0.97251
vt 0.09945 0.97152
vt 0.09945 0.96084
vt 0.98248 0.44741
vt 0.98248 0.45932
vt 0.98161 0.44850
vt 0.98051 0.59770
vt 0.96862 0.60964
vt 0.96871 0.59770
vt 0.94261 0.44666
vt 0.93420 0.43825
vt 0.94237 0.42915
vt 0.13598 0.96916
vt 0.11134 0.96066
vt 0.30236 0.58038
vt 0.92010 0.65757
vt 0.90789 0.65822
vt 0.91825 0.65565
vt 0.31447 0.57925
vt 0.32322 0.58028
vt 0.95384 0.44845
vt 0.95384 0.43466
vt 0.95439 0.45013
vt 0.97950 0.60978
vt 0.72504 0.39600
vt 0.35313 0.25801
vt 0.35398 0.24473
vt 0.36143 0.24473
vt 0.83842 0.44547
vt 0.83719 0.43337
vt 0.86241 0.42996
vt 0.89162 0.98611
vt 0.88194 0.98480
vt 0.89055 0.98458
vt 0.88145 0.98649
vt 0.98567 0.28114
vt 0.97819 0.28158
vt 0.97764 0.27952
vt 0.98645 0.27954
vt 0.70401 0.99332
vt 0.70347 0.98717
vt 0.70590 0.99432
vt 0.37719 0.25876
vt 0.71316 0.39173
vt 0.82375 0.42814
vt 0.19580 0.00103
vt 0.20196 0.00103
vt 0.19555 0.00852
vt 0.98750 0.24400
vt 0.99368 0.24452
vt 0.99383 0.24627
vt 0.55145 0.98807
vt 0.54990 0.99384
vt 0.54980 0.98720
vt 0.92432 0.95372
vt 0.93602 0.96452
vt 0.92225 0.96548
vt 0.29013 0.57102
vt 0.28576 0.57235
vt 0.30180 0.57326
vt 0.30771 0.57145
vt 0.32344 0.57269
vt 0.47802 0.99014
vt 0.48773 0.98502
vt 0.48660 0.99089
vt 0.31474 0.57271
vt 0.20165 0.00944
vt 0.57012 0.98777
vt 0.57402 0.99315
vt 0.57158 0.99477
vt 0.24251 0.77262
vt 0.24373 0.83137
vt 0.21612 0.79477
vt 0.41396 0.24485
vt 0.70601 0.98672
vt 0.82440 0.43694
vt 0.92054 0.64427
vt 0.69146 0.38402
vt 0.32889 0.57097
vt 0.98672 0.24677
vt 0.29206 0.57294
vt 0.30638 0.03312
vt 0.48665 0.98367
vt 0.96069 0.71437
vt 0.96301 0.71275
vt 0.96102 0.72617
vt 0.00590 0.11778
vt 0.00388 0.12400
vt 0.00416 0.11740
vt 0.91880 0.64592
vt 0.47786 0.98394
vt 0.00108 0.12274
vt 0.96300 0.72673
vt 0.60052 0.00321
vt 0.60192 0.00219
vt 0.60298 0.00479
vt 0.82311 0.43522
vt 0.37048 0.23750
vt 0.98624 0.96543
vt 0.98911 0.96518
vt 0.98661 0.97422
vt 0.98940 0.00726
vt 0.98099 0.00726
vt 0.98931 0.00469
vt 0.98067 0.00421
vt 0.98932 0.97497
vt 0.22728 0.78253
vt 0.86089 0.44675
vt 0.32558 0.56977
vt 0.96185 0.72715
vt 0.60690 0.03887
vt 0.58461 0.03692
vt 0.60877 0.03755
vt 0.53194 0.05125
vt 0.49599 0.05126
vt 0.51419 0.04649
vt 0.93610 0.95453
vt 0.53177 0.04698
vt 0.49625 0.04693
vt 0.91981 0.64253
vt 0.85963 0.45783
vt 0.82348 0.43733
vt 0.87655 0.27426
vt 0.86794 0.26141
vt 0.86943 0.26175
vt 0.87466 0.27381
vt 0.32792 0.55683
vt 0.61876 0.03762
vt 0.96179 0.79726
vt 0.96179 0.78375
vt 0.96289 0.79830
vt 0.61888 0.03889
vt 0.37030 0.99332
vt 0.36132 0.99253
vt 0.37085 0.99222
vt 0.87204 0.25103
vt 0.87580 0.24265
vt 0.22857 0.77360
vt 0.09769 0.54896
vt 0.09341 0.54821
vt 0.09832 0.53574
vt 0.12202 0.58746
vt 0.11775 0.57994
vt 0.12202 0.57968
vt 0.28862 0.56339
vt 0.61643 0.57451
vt 0.63544 0.59564
vt 0.61198 0.59392
vt 0.63930 0.58579
vt 0.84608 0.46893
vt 0.72967 0.61527
vt 0.85641 0.26531
vt 0.60181 0.61192
vt 0.33155 0.56102
vt 0.61608 0.55799
vt 0.62318 0.54718
vt 0.87670 0.23996
vt 0.84499 0.26926
vt 0.72493 0.61111
vt 0.08820 0.60962
vt 0.08820 0.65372
vt 0.08586 0.65347
vt 0.63509 0.57187
vt 0.09411 0.53553
vt 0.28629 0.54097
vt 0.28288 0.55278
vt 0.58921 0.13942
vt 0.61983 0.10276
vt 0.60171 0.14163
vt 0.45010 0.92549
vt 0.46665 0.92490
vt 0.46130 0.92647
vt 0.59021 0.10348
vt 0.61691 0.61419
vt 0.60890 0.62429
vt 0.09875 0.51929
vt 0.62527 0.60958
vt 0.33375 0.55294
vt 0.47010 0.92588
vt 0.86268 0.46403
vt 0.85320 0.46831
vt 0.62509 0.53619
vt 0.11451 0.99069
vt 0.10748 0.99434
vt 0.10744 0.99069
vt 0.08768 0.66484
vt 0.10250 0.68602
vt 0.08602 0.70872
vt 0.11444 0.99388
vt 0.12123 0.60999
vt 0.99167 0.98512
vt 0.99536 0.97769
vt 0.99483 0.98540
vt 0.99173 0.97818
vt 0.00586 0.81946
vt 0.00293 0.82736
vt 0.00272 0.81946
vt 0.00626 0.82742
vt 0.61343 0.14398
vt 0.15846 0.01030
vt 0.15816 0.00280
vt 0.16138 0.00252
vt 0.16154 0.01095
vt 0.09475 0.52360
vt 0.99535 0.54493
vt 0.98914 0.54177
vt 0.99590 0.54183
vt 0.72528 0.60398
vt 0.98933 0.54501
vt 0.72300 0.62374
vt 0.79381 0.99012
vt 0.79381 0.99691
vt 0.79073 0.99048
vt 0.27800 0.53643
vt 0.27922 0.55293
vt 0.03523 0.51924
vt 0.02829 0.50362
vt 0.03523 0.50330
vt 0.33033 0.54054
vt 0.79101 0.99631
vt 0.85193 0.47624
vt 0.06163 0.57204
vt 0.05957 0.57498
vt 0.06104 0.56384
vt 0.86280 0.91011
vt 0.83695 0.91011
vt 0.85865 0.90884
vt 0.02813 0.21962
vt 0.02952 0.22678
vt 0.02513 0.22068
vt 0.62397 0.52260
vt 0.11720 0.60957
vt 0.34076 0.52525
vt 0.33737 0.55247
vt 0.34844 0.54448
vt 0.34082 0.54421
vt 0.34055 0.54108
vt 0.06548 0.27717
vt 0.06758 0.28505
vt 0.06483 0.28458
vt 0.72296 0.53480
vt 0.75038 0.56498
vt 0.44724 0.84547
vt 0.44420 0.86223
vt 0.44418 0.84629
vt 0.06861 0.27684
vt 0.06742 0.23888
vt 0.06305 0.25918
vt 0.06427 0.23860
vt 0.62458 0.14640
vt 0.84747 0.47794
vt 0.06264 0.61757
vt 0.05470 0.61075
vt 0.06264 0.61014
vt 0.06011 0.53774
vt 0.72332 0.04103
vt 0.74394 0.04103
vt 0.72373 0.04853
vt 0.35191 0.54203
vt 0.11446 0.08210
vt 0.11446 0.07924
vt 0.12887 0.08397
vt 0.06446 0.29447
vt 0.66514 0.60316
vt 0.87184 0.07703
vt 0.87184 0.06940
vt 0.87786 0.07727
vt 0.44676 0.86138
vt 0.09549 0.51222
vt 0.04209 0.24323
vt 0.03845 0.23401
vt 0.33898 0.47922
vt 0.35426 0.48100
vt 0.33876 0.48231
vt 0.63181 0.14751
vt 0.22068 0.88787
vt 0.23736 0.88787
vt 0.22006 0.89492
vt 0.34034 0.53607
vt 0.85361 0.49986
vt 0.23777 0.89517
vt 0.06662 0.29585
vt 0.60170 0.63988
vt 0.11927 0.86541
vt 0.13905 0.86566
vt 0.13754 0.86863
vt 0.27894 0.86800
vt 0.29347 0.86800
vt 0.27905 0.87383
vt 0.84825 0.48766
vt 0.20614 0.10808
vt 0.06942 0.62292
vt 0.06789 0.64041
vt 0.06619 0.62266
vt 0.02767 0.52015
vt 0.12749 0.08083
vt 0.09911 0.51347
vt 0.64199 0.55491
vt 0.33131 0.53480
vt 0.70743 0.59406
vt 0.06471 0.20059
vt 0.06786 0.20135
vt 0.06576 0.22535
vt 0.75599 0.04874
vt 0.72590 0.63364
vt 0.36898 0.54567
vt 0.28581 0.52564
vt 0.03479 0.52065
vt 0.34139 0.53441
vt 0.20365 0.12350
vt 0.33221 0.52658
vt 0.27874 0.52126
vt 0.23932 0.88779
vt 0.44475 0.86360
vt 0.05357 0.64095
vt 0.06236 0.62746
vt 0.87322 0.04888
vt 0.11689 0.62397
vt 0.44632 0.87523
vt 0.14644 0.08371
vt 0.10734 0.86755
vt 0.07131 0.65509
vt 0.67298 0.61389
vt 0.06607 0.26047
vt 0.72324 0.63743
vt 0.63423 0.10237
vt 0.24826 0.89526
vt 0.06627 0.30351
vt 0.12038 0.62530
vt 0.09552 0.50490
vt 0.36543 0.54287
vt 0.63453 0.45189
vt 0.84901 0.49479
vt 0.03485 0.53172
vt 0.06878 0.65464
vt 0.34295 0.52571
vt 0.09899 0.50520
vt 0.24813 0.88851
vt 0.44403 0.87464
vt 0.87878 0.04505
vt 0.90758 0.95586
vt 0.89242 0.95503
vt 0.90414 0.95525
vt 0.06074 0.64173
vt 0.37085 0.47600
vt 0.02762 0.53211
vt 0.10845 0.86503
vt 0.31108 0.86872
vt 0.04470 0.24244
vt 0.75523 0.04134
vt 0.06307 0.30875
vt 0.13497 0.58156
vt 0.13130 0.60237
vt 0.13159 0.58073
vt 0.13358 0.62675
vt 0.12987 0.62629
vt 0.90417 0.95287
vt 0.31108 0.87415
vt 0.94182 0.00124
vt 0.94240 0.00340
vt 0.93508 0.00109
vt 0.93490 0.00337
vt 0.00485 0.91613
vt 0.00213 0.91613
vt 0.00399 0.91479
vt 0.31062 0.52524
vt 0.33283 0.52244
vt 0.85378 0.50261
vt 0.06872 0.23360
vt 0.30741 0.52241
vt 0.28611 0.52167
vt 0.06660 0.30808
vt 0.06477 0.26935
vt 0.06237 0.27046
vt 0.68738 0.62386
vt 0.21028 0.12388
vt 0.87383 0.04443
vt 0.98676 0.01051
vt 0.99399 0.01016
vt 0.99379 0.01252
vt 0.98606 0.01279
vt 0.33973 0.52081
vt 0.85025 0.50166
vt 0.11776 0.46527
vt 0.12149 0.44412
vt 0.12261 0.49021
vt 0.11802 0.49069
vt 0.11729 0.44397
vt 0.69750 0.58415
vt 0.85665 0.50708
vt 0.85243 0.51250
vt 0.19770 0.12812
vt 0.98786 0.60274
vt 0.98753 0.60734
vt 0.98173 0.60734
vt 0.19850 0.13165
vt 0.72450 0.64469
vt 0.98450 0.25655
vt 0.98491 0.26073
vt 0.98258 0.26114
vt 0.14456 0.46405
vt 0.19066 0.46405
vt 0.14364 0.46977
vt 0.33360 0.52022
vt 0.06527 0.23272
vt 0.37251 0.54264
vt 0.28428 0.52030
vt 0.69107 0.62086
vt 0.72382 0.64674
vt 0.98120 0.59064
vt 0.98277 0.58923
vt 0.98394 0.59172
vt 0.72056 0.64419
vt 0.14630 0.08660
vt 0.98554 0.60238
vt 0.36195 0.99368
vt 0.36742 0.99416
vt 0.36181 0.99984
vt 0.65419 0.55189
vt 0.98387 0.59715
vt 0.86890 0.94492
vt 0.86686 0.93911
vt 0.86966 0.93142
vt 0.86236 0.93256
vt 0.06980 0.27467
vt 0.95611 0.42510
vt 0.96006 0.43757
vt 0.95611 0.43146
vt 0.36787 0.99874
vt 0.97621 0.59332
vt 0.07109 0.31395
vt 0.59910 0.99783
vt 0.59910 0.99401
vt 0.60539 0.99882
vt 0.60516 0.99320
vt 0.37747 0.54071
vt 0.37346 0.54594
vt 0.17607 0.59629
vt 0.17864 0.59536
vt 0.17618 0.60089
vt 0.37012 0.47925
vt 0.06356 0.23781
vt 0.65545 0.98105
vt 0.66145 0.98744
vt 0.65358 0.98803
vt 0.99205 0.27005
vt 0.99798 0.26989
vt 0.99475 0.27275
vt 0.19152 0.47032
vt 0.17520 0.47323
vt 0.99296 0.74264
vt 0.98797 0.73741
vt 0.99296 0.73668
vt 0.97819 0.25691
vt 0.98141 0.26714
vt 0.97834 0.26121
vt 0.26663 0.57548
vt 0.26428 0.58241
vt 0.25874 0.58192
vt 0.06844 0.27611
vt 0.97853 0.26646
vt 0.89141 0.01031
vt 0.88736 0.00407
vt 0.89768 0.00805
vt 0.97547 0.59057
vt 0.98121 0.59779
vt 0.06871 0.31468
vt 0.98606 0.86830
vt 0.98606 0.86108
vt 0.99100 0.86910
vt 0.37633 0.48181
vt 0.06195 0.23606
vt 0.18045 0.59765
vt 0.95565 0.43924
vt 0.06435 0.66113
vt 0.15287 0.08120
vt 0.98759 0.74462
vt 0.44160 0.14280
vt 0.44243 0.13336
vt 0.44274 0.14326
vt 0.25921 0.57516
vt 0.49664 0.84210
vt 0.49672 0.85166
vt 0.48812 0.84765
vt 0.59121 0.22802
vt 0.57064 0.21960
vt 0.59279 0.21907
vt 0.97267 0.58925
vt 0.16507 0.47460
vt 0.99770 0.27243
vt 0.96678 0.42597
vt 0.97886 0.42597
vt 0.96919 0.43139
vt 0.86152 0.93958
vt 0.53945 0.98137
vt 0.53166 0.98137
vt 0.52739 0.98072
vt 0.06645 0.66081
vt 0.48409 0.84342
vt 0.66362 0.98132
vt 0.17926 0.58276
vt 0.37628 0.53927
vt 0.88654 0.95357
vt 0.88690 0.95492
vt 0.87999 0.95281
vt 0.89553 0.00265
vt 0.45995 0.84450
vt 0.44886 0.84986
vt 0.44842 0.84462
vt 0.46219 0.84898
vt 0.99014 0.86164
vt 0.58360 0.99560
vt 0.58598 0.99560
vt 0.58380 0.99991
vt 0.83664 0.00403
vt 0.83718 0.00943
vt 0.82871 0.00869
vt 0.97304 0.59173
vt 0.14019 0.71079
vt 0.14455 0.69459
vt 0.14448 0.71116
vt 0.26731 0.52287
vt 0.25848 0.51984
vt 0.26568 0.52023
vt 0.69237 0.15721
vt 0.69514 0.15884
vt 0.69278 0.15953
vt 0.99564 0.43533
vt 0.99141 0.43533
vt 0.99576 0.43284
vt 0.98927 0.43250
vt 0.44409 0.15683
vt 0.25989 0.53311
vt 0.26827 0.53165
vt 0.37481 0.48415
vt 0.86164 0.92839
vt 0.99552 0.74950
vt 0.99625 0.74726
vt 0.99750 0.74935
vt 0.17581 0.54574
vt 0.17683 0.55888
vt 0.17414 0.54767
vt 0.47389 0.84826
vt 0.46788 0.84461
vt 0.44618 0.15504
vt 0.44238 0.18185
vt 0.44309 0.16851
vt 0.26788 0.57251
vt 0.14089 0.68372
vt 0.25988 0.56780
vt 0.14459 0.68436
vt 0.14045 0.67146
vt 0.14447 0.66240
vt 0.81105 0.16913
vt 0.79621 0.17045
vt 0.79718 0.15931
vt 0.99701 0.84031
vt 0.99701 0.83450
vt 0.99900 0.83591
vt 0.18247 0.57371
vt 0.73526 0.16003
vt 0.74374 0.15756
vt 0.73168 0.16253
vt 0.74604 0.15855
vt 0.47447 0.84449
vt 0.15387 0.07849
vt 0.17982 0.57309
vt 0.17838 0.56666
vt 0.18027 0.56558
vt 0.89557 0.95325
vt 0.82866 0.00405
vt 0.37982 0.53199
vt 0.37866 0.52615
vt 0.98538 0.49911
vt 0.98672 0.49486
vt 0.98834 0.49625
vt 0.26920 0.54553
vt 0.72176 0.16342
vt 0.53140 0.22835
vt 0.26052 0.55976
vt 0.37626 0.49140
vt 0.82070 0.16824
vt 0.82955 0.15723
vt 0.84981 0.15891
vt 0.97824 0.49391
vt 0.68190 0.22633
vt 0.69851 0.21707
vt 0.69978 0.22633
vt 0.70101 0.22452
vt 0.26240 0.54624
vt 0.37984 0.50126
vt 0.37771 0.49933
vt 0.72230 0.16499
vt 0.85067 0.16995
vt 0.63914 0.21926
vt 0.37978 0.51282
vt 0.82113 0.15728
vt 0.04710 0.20688
vt 0.04557 0.18718
vt 0.05019 0.18677
vt 0.18049 0.55499
vt 0.18815 0.55861
vt 0.18703 0.56048
vt 0.17417 0.53853
vt 0.20565 0.55491
vt 0.38194 0.51448
vt 0.17566 0.50764
vt 0.20307 0.53193
vt 0.17442 0.50503
vt 0.19730 0.50286
vt 0.38096 0.50812
vt 0.04811 0.22021
vt 0.04727 0.21383
vt 0.54146 0.21903
vt 0.22832 0.52491
vt 0.22808 0.29373
vt 0.29204 0.57263
vt 0.32340 0.57262
vt 0.29014 0.57067
vt 0.32566 0.56987
vt 0.74934 0.61233
vt 0.73244 0.62120
vt 0.74804 0.60145
vt 0.74642 0.58803
vt 0.20882 0.09229
vt 0.20893 0.11822
vt 0.28666 0.52484
vt 0.28516 0.52249
vt 0.77232 0.01347
vt 0.77232 0.01347
vt 0.77232 0.01347
vt 0.77232 0.01347
vt 0.77232 0.01347
vt 0.77232 0.01347
vt 0.77232 0.01347
vt 0.77232 0.01347
vt 0.77232 0.01347
vt 0.77232 0.01347
vt 0.77232 0.01347
vt 0.77232 0.01347
vt 0.77232 0.01347
vt 0.77232 0.01347
vt 0.77232 0.01347
vt 0.77232 0.01347
vn 0.9948 0.1010 -0.0127
vn 0.9963 0.0855 0.0038
vn 0.9948 0.1010 -0.0126
vn 0.1999 -0.9798 0.0031
vn 0.1903 -0.9817 0.0068
vn 0.1970 -0.9804 0.0042
vn 0.9928 0.1165 -0.0291
vn 0.1871 -0.9823 0.0080
vn -0.0377 0.0095 0.9992
vn -0.0866 0.0230 0.9960
vn -0.1118 0.0299 0.9933
vn 0.2202 -0.9695 0.1072
vn 0.4733 -0.8452 0.2483
vn 0.3100 -0.9389 0.1494
vn -0.0163 0.0036 0.9999
vn 0.9583 0.1024 0.2669
vn 0.9141 0.1336 0.3830
vn 0.8984 0.1422 0.4154
vn 0.9794 0.1718 -0.1063
vn 0.9712 0.1329 -0.1980
vn 0.9650 0.1165 -0.2350
vn 0.9799 0.1857 -0.0721
vn 0.9689 0.0922 0.2296
vn -0.1143 -0.0685 -0.9911
vn -0.0962 -0.0595 -0.9936
vn -0.0886 -0.0557 -0.9945
vn 0.2517 -0.0372 -0.9671
vn 0.2608 -0.0368 -0.9647
vn 0.4179 -0.0283 -0.9081
vn -0.0057 -0.0521 0.9986
vn -0.0057 -0.0521 0.9986
vn -0.0057 -0.0521 0.9986
vn -0.1211 -0.0718 -0.9900
vn 0.4295 -0.0276 -0.9026
vn 0.4749 0.0549 -0.8783
vn 0.4781 0.0576 -0.8764
vn 0.5016 0.0865 -0.8607
vn 0.4900 0.0758 -0.8684
vn 0.5536 0.8315 -0.0458
vn 0.5536 0.8315 -0.0458
vn 0.5536 0.8315 -0.0458
vn -0.0665 0.9977 -0.0135
vn -0.0464 0.9989 0.0057
vn -0.0696 0.9975 -0.0113
vn -0.1506 0.9878 -0.0404
vn -0.1394 0.9889 -0.0514
vn -0.1717 0.9850 -0.0182
vn -0.1839 0.9829 -0.0071
vn 0.5064 0.1185 -0.8541
vn 0.1350 0.7587 -0.6373
vn -0.1130 0.7610 -0.6389
vn -0.1602 0.7560 -0.6347
vn 0.1905 -0.9816 0.0137
vn 0.1914 -0.9815 0.0095
vn 0.1644 -0.9860 -0.0262
vn 0.3565 0.0747 0.9313
vn 0.3691 0.0959 0.9244
vn 0.2503 0.1889 0.9496
vn -0.5090 -0.0540 0.8591
vn -0.4025 -0.1781 0.8979
vn -0.5009 -0.0375 0.8647
vn -0.4145 -0.1353 0.8999
vn -0.0346 0.9992 0.0177
vn -0.0820 0.9851 0.1512
vn -0.1178 0.9874 0.1054
vn -0.0665 0.9975 0.0246
vn -0.4159 -0.1145 -0.9022
vn -0.2615 -0.2259 -0.9384
vn -0.3350 -0.1432 -0.9313
vn 0.4684 0.0847 -0.8794
vn 0.0095 0.9972 0.0738
vn -0.6098 -0.6998 0.3719
vn -0.4728 -0.5426 0.6942
vn -0.5410 -0.6209 0.5673
vn 0.4756 0.1063 -0.8732
vn 0.2215 -0.9738 0.0507
vn -0.2941 0.3353 0.8950
vn -0.2105 0.3462 0.9142
vn 0.3137 0.0857 0.9457
vn 0.4991 0.1163 -0.8587
vn -0.8548 0.0830 -0.5122
vn -0.8548 0.0830 -0.5122
vn -0.8548 0.0830 -0.5122
vn -0.3389 -0.1844 0.9225
vn 0.2031 -0.9778 0.0518
vn 0.2110 -0.9765 0.0447
vn 0.4622 -0.0620 0.8846
vn 0.3677 0.0588 0.9281
vn 0.3360 0.0823 0.9382
vn 0.1933 0.2430 0.9506
vn -0.6268 -0.7194 0.2993
vn -0.7470 0.6610 0.0713
vn -0.6948 0.7188 -0.0235
vn -0.7325 0.6795 0.0429
vn -0.7701 0.6263 0.1213
vn -0.3423 0.8920 -0.2954
vn -0.3534 0.8765 -0.3270
vn -0.3869 0.8162 -0.4292
vn -0.4841 -0.0026 0.8750
vn -0.3030 0.9339 -0.1898
vn -0.1015 -0.9926 0.0669
vn -0.0320 -0.9961 0.0828
vn 0.0902 -0.9846 0.1499
vn 0.9631 0.1353 0.2325
vn 0.9646 0.1344 0.2269
vn 0.9863 0.1402 0.0867
vn 0.7726 0.1236 0.6228
vn 0.7534 0.1464 0.6410
vn 0.7249 0.1614 0.6696
vn 0.7447 0.2380 0.6235
vn -0.3631 -0.0150 -0.9316
vn -0.3631 -0.0150 -0.9316
vn -0.3631 -0.0150 -0.9316
vn 0.1795 -0.9792 -0.0942
vn -0.0444 -0.9975 -0.0558
vn 0.0641 -0.9951 -0.0748
vn 0.9875 0.1461 0.0583
vn 0.9885 0.1394 -0.0588
vn 0.9847 0.1501 -0.0880
vn -0.1700 -0.9849 -0.0328
vn -0.3695 -0.0975 0.9241
vn 0.8017 0.0780 -0.5926
vn 0.7972 0.1021 -0.5951
vn 0.8064 0.0697 -0.5873
vn -0.2890 -0.2048 -0.9352
vn 0.9660 0.0589 0.2519
vn 0.9401 -0.1035 0.3248
vn 0.9581 -0.0148 0.2861
vn 0.2479 -0.9140 0.3213
vn 0.9038 -0.2155 0.3698
vn 0.7807 0.1144 -0.6144
vn 0.7815 0.1366 -0.6088
vn 0.9572 0.2660 -0.1138
vn 0.9564 0.2684 -0.1154
vn 0.9554 0.2712 -0.1173
vn -0.3063 0.7292 -0.6120
vn 0.9584 0.2627 -0.1116
vn 0.2986 0.1177 0.9471
vn 0.1932 -0.9810 0.0183
vn -0.2614 -0.0917 -0.9609
vn -0.1867 0.9823 -0.0130
vn 0.2973 -0.8434 0.4476
vn -0.0616 -0.0313 -0.9976
vn -0.0616 -0.0313 -0.9976
vn -0.0616 -0.0313 -0.9976
vn -0.1795 0.9837 -0.0092
vn 0.3389 -0.4819 0.8081
vn 0.3389 -0.4819 0.8081
vn 0.3389 -0.4819 0.8081
vn 0.0540 0.9985 0.0037
vn 0.4327 0.8492 -0.3026
vn 0.4327 0.8492 -0.3026
vn 0.4327 0.8492 -0.3026
vn 0.3675 0.9298 -0.0204
vn 0.2474 0.9676 -0.0503
vn 0.1841 0.9812 -0.0582
vn 0.2056 0.9580 0.1999
vn 0.7336 0.1535 0.6620
vn -0.3720 -0.2177 -0.9023
vn -0.3474 -0.2351 -0.9078
vn 0.7702 0.1404 -0.6222
vn -0.2217 -0.1512 -0.9633
vn -0.4167 -0.1872 0.8896
vn -0.3854 -0.1603 0.9087
vn -0.4855 0.6298 0.6063
vn -0.4855 0.6298 0.6063
vn -0.4855 0.6298 0.6063
vn -0.2763 -0.9416 -0.1925
vn -0.2763 -0.9416 -0.1925
vn -0.2763 -0.9416 -0.1925
vn -0.4720 -0.1653 0.8659
vn -0.2114 -0.0653 -0.9752
vn -0.6923 -0.0981 -0.7149
vn -0.7288 -0.1049 -0.6767
vn -0.7192 -0.0975 -0.6879
vn -0.7365 -0.1170 -0.6662
vn 0.7728 0.0987 0.6269
vn -0.6964 -0.0798 0.7133
vn -0.8773 -0.0715 0.4746
vn -0.7144 -0.0793 0.6952
vn 0.7643 0.0791 0.6400
vn 0.7686 0.0943 0.6327
vn -0.8556 0.4717 -0.2129
vn -0.8556 0.4717 -0.2129
vn -0.8556 0.4717 -0.2129
vn -0.6750 -0.1037 -0.7305
vn -0.4773 -0.1716 0.8618
vn 0.4239 -0.9031 -0.0683
vn 0.2539 -0.9667 0.0337
vn 0.1779 -0.9784 0.1053
vn 0.9977 0.0612 0.0288
vn 0.9972 0.0749 0.0067
vn 0.9938 0.1035 -0.0399
vn 0.9918 0.1144 -0.0577
vn -0.8947 -0.0700 0.4411
vn 0.7748 0.2152 -0.5945
vn 0.8039 0.3693 -0.4663
vn 0.8032 0.3623 -0.4729
vn 0.0386 0.9636 -0.2646
vn -0.7952 0.5201 0.3116
vn -0.7952 0.5201 0.3116
vn -0.7952 0.5201 0.3116
vn 0.4817 -0.6344 -0.6046
vn 0.4817 -0.6344 -0.6046
vn 0.4817 -0.6344 -0.6046
vn 0.1704 0.9732 -0.1547
vn 0.2678 -0.9605 -0.0751
vn 0.4109 -0.9093 0.0651
vn 0.2504 -0.9640 -0.0891
vn 0.8990 0.1188 0.4214
vn 0.8990 0.1188 0.4214
vn 0.8990 0.1188 0.4214
vn 0.7989 0.5145 -0.3114
vn -0.0927 0.9957 0.0071
vn 0.0748 0.8965 0.4367
vn 0.0169 0.9674 0.2525
vn 0.1518 -0.9764 -0.1534
vn 0.1652 0.9688 0.1849
vn 0.1652 0.9688 0.1849
vn 0.1652 0.9688 0.1849
vn 0.1978 0.9696 -0.1440
vn 0.1153 0.9560 -0.2697
vn 0.0622 0.9353 -0.3483
vn 0.1566 0.1783 0.9714
vn 0.1744 0.1988 0.9644
vn 0.1570 0.1788 0.9713
vn 0.2414 0.0362 -0.9697
vn 0.2414 0.0362 -0.9697
vn 0.2414 0.0362 -0.9697
vn 0.7491 0.1284 -0.6499
vn 0.1502 -0.9772 -0.1500
vn 0.6783 0.1298 0.7232
vn 0.0974 0.8841 -0.4570
vn 0.0848 0.6889 0.7199
vn 0.0794 0.7006 0.7091
vn -0.0363 0.8953 0.4440
vn 0.1523 0.0801 0.9851
vn 0.1343 0.0740 0.9882
vn 0.1711 0.0731 0.9825
vn 0.1894 0.0442 0.9809
vn 0.1587 0.0638 0.9853
vn 0.1664 0.0345 0.9855
vn 0.1387 0.1576 0.9777
vn -0.0081 0.8702 -0.4926
vn 0.1776 0.1232 -0.9764
vn 0.1776 0.1232 -0.9764
vn 0.1684 0.1301 -0.9771
vn -0.0526 0.9144 0.4013
vn 0.0888 -0.9940 -0.0634
vn 0.0887 -0.9901 -0.1088
vn -0.1101 0.9931 -0.0391
vn 0.1697 0.0715 -0.9829
vn 0.1482 0.0809 -0.9856
vn 0.1502 0.0798 -0.9854
vn 0.2228 0.0634 0.9728
vn 0.1173 0.0590 0.9913
vn 0.1862 0.1167 -0.9756
vn -0.0060 0.8675 -0.4975
vn -0.8687 -0.0545 -0.4922
vn -0.9607 -0.1293 -0.2456
vn -0.9659 -0.1361 -0.2203
vn -0.8532 -0.0452 -0.5196
vn 0.1487 0.0847 -0.9853
vn -0.8382 0.5281 -0.1363
vn -0.8382 0.5281 -0.1363
vn -0.8382 0.5281 -0.1363
vn 0.0871 0.0499 0.9949
vn -0.9556 -0.0218 -0.2937
vn -0.9556 -0.0218 -0.2937
vn -0.9556 -0.0218 -0.2937
vn -0.9223 -0.0260 0.3856
vn -0.9223 -0.0260 0.3856
vn -0.9223 -0.0260 0.3856
vn -0.0584 0.8879 -0.4562
vn 0.1473 0.0784 -0.9860
vn 0.1326 0.0643 -0.9891
vn -0.0547 0.8815 0.4690
vn -0.0915 0.9957 -0.0160
vn 0.9913 0.0803 0.1043
vn 0.9913 0.0803 0.1043
vn 0.9913 0.0803 0.1043
vn -0.0837 0.9441 0.3189
vn 0.9989 -0.0046 0.0459
vn 0.9997 0.0078 0.0246
vn 0.9972 -0.0202 0.0725
vn 0.9997 0.0231 -0.0015
vn -0.0936 0.9785 -0.1839
vn -0.0295 -0.0016 0.9996
vn -0.0179 -0.0060 0.9998
vn -0.0069 -0.0102 0.9999
vn -0.2157 0.9759 -0.0336
vn -0.0571 0.9951 -0.0812
vn -0.0208 0.9918 -0.1260
vn -0.1426 0.9895 0.0256
vn -0.4184 0.9059 0.0656
vn -0.0375 0.0014 0.9993
vn 0.1013 -0.0094 -0.9948
vn 0.1044 -0.0072 -0.9945
vn 0.1075 -0.0050 -0.9942
vn 0.0976 -0.0120 -0.9952
vn -0.0414 0.7824 -0.6214
vn -0.0498 0.7769 -0.6276
vn -0.0638 0.7676 -0.6377
vn -0.1039 0.9936 -0.0454
vn -0.1045 0.9933 -0.0488
vn -0.1038 0.9936 -0.0448
vn 0.9935 0.0652 -0.0932
vn 0.9898 0.1388 -0.0330
vn 0.9864 0.1641 -0.0120
vn 0.9724 0.2294 0.0431
vn 0.9888 0.1495 0.0021
vn 0.9901 0.1400 0.0093
vn 0.9921 0.1238 0.0215
vn 0.9863 0.1645 -0.0092
vn -0.0807 0.9078 -0.4117
vn -0.0861 0.9962 -0.0147
vn -0.0865 0.9962 -0.0141
vn -0.0873 0.9961 -0.0129
vn -0.5609 0.8242 0.0781
vn -0.0786 0.9831 0.1652
vn -0.0786 0.9831 0.1652
vn -0.0786 0.9831 0.1652
vn -0.9872 0.0384 -0.1550
vn -0.9171 -0.0513 -0.3954
vn -0.9490 -0.0204 -0.3146
vn -0.9951 0.0679 -0.0719
vn -0.5848 0.8008 0.1294
vn -0.0471 0.0067 0.9989
vn -0.0446 0.0125 0.9989
vn -0.0462 0.0088 0.9989
vn -0.0489 0.9964 0.0692
vn -0.0332 0.9994 0.0027
vn -0.0293 0.9995 -0.0136
vn -0.0529 0.9985 -0.0105
vn -0.0510 0.9986 -0.0136
vn -0.0515 0.9986 -0.0128
vn -0.0716 0.7624 -0.6432
vn -0.0634 0.7959 -0.6021
vn -0.0634 0.7959 -0.6021
vn -0.0634 0.7959 -0.6021
vn 0.1179 0.0872 0.9892
vn -0.0432 0.0534 -0.9976
vn -0.0396 0.0480 -0.9981
vn -0.0766 0.0488 -0.9959
vn 0.0632 0.0134 0.9979
vn 0.0678 0.0166 0.9976
vn 0.0682 0.0064 0.9977
vn -0.0435 0.0152 0.9989
vn 0.1189 -0.0431 -0.9920
vn 0.0913 -0.0289 -0.9954
vn 0.2847 -0.0788 -0.9554
vn -0.0533 0.9947 0.0880
vn 0.1165 0.0733 0.9905
vn -0.1046 0.9933 -0.0494
vn -0.1082 -0.1460 0.9834
vn -0.1649 -0.1044 0.9808
vn -0.2948 -0.0049 0.9555
vn -0.0498 0.9986 -0.0156
vn 0.0105 -0.0337 -0.9994
vn 0.0045 -0.0458 -0.9989
vn -0.0852 0.9962 -0.0158
vn 0.0308 0.0426 0.9986
vn -0.0522 0.0214 0.9984
vn -0.0798 0.0146 0.9967
vn -0.0718 0.0550 -0.9959
vn 0.1898 0.0494 -0.9806
vn 0.1898 0.0494 -0.9806
vn 0.0342 0.0515 0.9981
vn -0.0744 0.9472 -0.3120
vn -0.1426 0.9772 -0.1570
vn -0.1549 0.0195 -0.9877
vn 0.1715 0.6059 -0.7769
vn 0.1715 0.6059 -0.7769
vn 0.1715 0.6059 -0.7769
vn -0.7522 0.4820 0.4494
vn -0.7522 0.4820 0.4494
vn -0.7522 0.4820 0.4494
vn 0.1116 -0.9934 0.0246
vn 0.1116 -0.9934 0.0246
vn 0.1116 -0.9934 0.0246
vn -0.1763 0.0075 0.9843
vn 0.9432 0.0891 -0.3200
vn 0.9432 0.0891 -0.3200
vn 0.9432 0.0891 -0.3200
vn -0.9979 -0.0608 -0.0242
vn -0.9994 -0.0266 -0.0233
vn -0.9883 0.1383 -0.0636
vn -0.7067 0.2397 -0.6657
vn -0.7067 0.2397 -0.6657
vn -0.7067 0.2397 -0.6657
vn -0.9958 -0.0915 -0.0026
vn -0.6303 0.7763 0.0097
vn -0.6303 0.7763 0.0097
vn -0.6303 0.7763 0.0097
vn -0.9504 0.2988 -0.0858
vn -0.3621 0.0494 0.9308
vn 0.0095 0.0594 -0.9982
vn 0.0095 0.0594 -0.9982
vn 0.0095 0.0594 -0.9982
vn -0.2968 0.9458 0.1320
vn -0.4467 0.8946 0.0098
vn 0.8489 0.5285 -0.0013
vn 0.8532 0.5215 -0.0036
vn 0.8888 0.4577 -0.0235
vn 0.8951 0.4450 -0.0273
vn 0.2412 -0.9547 0.1744
vn 0.2412 -0.9547 0.1744
vn 0.2412 -0.9547 0.1744
vn -0.0211 0.9997 -0.0116
vn -0.1097 0.9924 0.0561
vn -0.0598 0.9978 -0.0272
vn -0.0648 0.9487 0.3095
vn -0.0417 0.8917 0.4507
vn 0.2973 0.2952 -0.9080
vn 0.0741 0.4086 -0.9097
vn 0.1098 0.3923 -0.9132
vn 0.0799 0.0429 0.9959
vn -0.1429 0.9870 0.0736
vn 0.1594 0.0967 -0.9825
vn 0.1594 0.0957 -0.9826
vn 0.0602 -0.4217 0.9047
vn 0.0602 -0.4217 0.9047
vn 0.0602 -0.4217 0.9047
vn -0.8571 -0.0264 0.5145
vn -0.8571 -0.0264 0.5145
vn -0.8571 -0.0264 0.5145
vn 0.0665 0.9978 -0.0020
vn 0.1294 0.9751 0.1799
vn -0.1815 0.9763 0.1178
vn -0.0668 -0.9796 -0.1894
vn -0.2568 -0.9535 -0.1575
vn -0.1009 -0.9751 -0.1974
vn 0.9979 -0.0515 -0.0382
vn 0.9979 -0.0515 -0.0382
vn 0.9979 -0.0515 -0.0382
vn 0.1440 -0.9788 0.1456
vn 0.1440 -0.9788 0.1456
vn 0.1440 -0.9788 0.1456
vn 0.7981 0.2103 -0.5646
vn 0.6940 0.1147 -0.7108
vn 0.7325 0.1476 -0.6646
vn -0.9847 -0.0621 0.1629
vn -0.9495 -0.0498 0.3098
vn -0.9511 -0.0375 0.3067
vn 0.6877 0.3434 0.6397
vn 0.6656 0.3671 0.6498
vn 0.6859 0.3453 0.6405
vn -0.0950 0.9942 -0.0496
vn 0.6996 0.3300 0.6338
vn 0.5783 0.0263 -0.8154
vn 0.3455 0.8494 -0.3989
vn 0.3455 0.8494 -0.3989
vn 0.3455 0.8494 -0.3989
vn -0.0712 0.9847 -0.1590
vn -0.9275 -0.0916 0.3623
vn -0.3812 -0.9244 0.0109
vn -0.2532 -0.9640 -0.0814
vn -0.0561 0.4622 -0.8850
vn -0.1475 -0.1046 -0.9835
vn -0.1475 -0.1046 -0.9835
vn -0.1475 -0.1046 -0.9835
vn -0.0542 0.9938 -0.0971
vn -0.1198 0.9923 0.0328
vn -0.0660 0.9974 -0.0293
vn -0.0865 0.9955 0.0382
vn -0.9850 -0.0525 -0.1644
vn -0.9577 -0.0396 -0.2850
vn -0.9549 -0.0413 -0.2939
vn -0.9441 -0.0503 -0.3259
vn -0.5752 -0.8180 -0.0022
vn -0.5817 -0.8134 -0.0027
vn -0.1853 0.9776 0.0997
vn -0.1395 0.9891 0.0470
vn -0.1013 0.1120 -0.9885
vn -0.1885 0.1976 -0.9620
vn -0.1176 0.0975 -0.9883
vn -0.9984 -0.0567 0.0004
vn -0.2696 0.9629 0.0121
vn -0.2696 0.9629 0.0121
vn -0.2696 0.9629 0.0121
vn -0.9901 -0.0431 0.1334
vn -0.9370 -0.0180 0.3489
vn -0.0566 0.4792 0.8759
vn -0.0392 0.1245 0.9914
vn -0.0335 0.0811 0.9961
vn -0.9928 -0.0527 -0.1075
vn -0.9914 0.1296 -0.0196
vn -0.9914 0.1296 -0.0196
vn -0.9914 0.1296 -0.0196
vn -0.0343 0.0587 0.9977
vn -0.0738 0.0571 -0.9956
vn 0.4779 0.0738 -0.8753
vn 0.5071 0.0363 -0.8611
vn 0.3168 0.0936 0.9439
vn 0.3667 0.0704 0.9277
vn 0.1898 0.0494 -0.9806
vn -0.5015 -0.8147 0.2910
vn -0.5015 -0.8147 0.2910
vn -0.5015 -0.8147 0.2910
vn 0.9941 0.1035 -0.0333
vn 0.9928 0.1191 -0.0147
vn 0.9931 0.1161 -0.0182
vn 0.8394 -0.4067 0.3606
vn 0.8394 -0.4067 0.3606
vn 0.8394 -0.4067 0.3606
vn 0.9912 0.1324 0.0012
vn 0.9259 0.0957 0.3654
vn 0.9142 0.1046 0.3915
vn 0.9093 0.1081 0.4018
vn 0.0756 0.0362 -0.9965
vn 0.0744 0.0365 -0.9966
vn 0.0759 0.0361 -0.9965
vn 0.9297 0.0927 0.3565
vn 0.9260 0.1172 -0.3589
vn 0.9253 0.1165 -0.3610
vn 0.9232 0.0771 -0.3764
vn 0.5045 -0.5997 -0.6212
vn 0.5045 -0.5997 -0.6212
vn 0.5045 -0.5997 -0.6212
vn 0.9245 0.0802 -0.3728
vn 0.4252 0.0006 0.9051
vn 0.3961 0.0292 0.9178
vn 0.4038 0.0214 0.9146
vn 0.9089 -0.0020 -0.4171
vn 0.4648 0.0099 -0.8853
vn 0.5203 0.0402 -0.8530
vn 0.4939 0.0279 -0.8691
vn 0.0740 0.0366 -0.9966
vn 0.5301 0.1040 -0.8415
vn -0.1017 -0.0125 0.9947
vn -0.0466 0.0130 0.9988
vn 0.0531 0.0588 0.9969
vn 0.4858 -0.0045 -0.8740
vn -0.3679 -0.0697 0.9273
vn -0.5483 -0.0211 0.8360
vn -0.4001 -0.0577 0.9146
vn -0.0151 0.9996 0.0246
vn 0.0195 0.9997 0.0132
vn 0.0953 0.9954 -0.0119
vn 0.1656 -0.9773 0.1318
vn 0.2524 -0.9232 0.2899
vn 0.1693 -0.9815 0.0890
vn -0.5422 -0.0174 0.8400
vn -0.3274 0.0389 -0.9441
vn -0.2979 0.0233 -0.9543
vn -0.3587 -0.0151 -0.9333
vn 0.0888 0.0750 0.9932
vn 0.9866 0.1584 -0.0395
vn 0.9864 0.1592 -0.0415
vn 0.9860 0.1608 -0.0454
vn 0.2418 -0.9703 0.0103
vn 0.2553 -0.9669 0.0002
vn 0.2336 -0.9722 0.0163
vn 0.1936 -0.9804 -0.0352
vn 0.1764 -0.8313 0.5270
vn 0.3303 -0.8554 0.3989
vn 0.3486 -0.9068 0.2370
vn 0.3964 -0.0547 0.9164
vn 0.1255 0.9919 -0.0220
vn 0.2216 -0.9748 0.0252
vn 0.4708 0.0715 -0.8794
vn 0.7726 -0.4258 -0.4710
vn 0.7726 -0.4258 -0.4710
vn 0.7726 -0.4258 -0.4710
vn -0.7862 0.0660 0.6145
vn -0.6396 0.2435 -0.7291
vn -0.6396 0.2435 -0.7291
vn -0.6396 0.2435 -0.7291
vn 0.1101 -0.7690 -0.6297
vn 0.1101 -0.7690 -0.6297
vn 0.1101 -0.7690 -0.6297
vn -0.4015 -0.0177 -0.9157
vn 0.9857 0.1616 -0.0474
vn -0.3138 -0.1062 -0.9435
vn 0.0218 0.9906 -0.1350
vn -0.0582 0.9892 -0.1345
vn -0.2154 0.9677 -0.1310
vn 0.1029 0.0055 -0.9947
vn 0.1010 0.0041 -0.9949
vn 0.0803 0.0231 -0.9965
vn 0.3519 0.0604 0.9341
vn -0.1217 0.9925 -0.0078
vn -0.0931 0.9943 -0.0514
vn -0.1083 0.9934 -0.0370
vn -0.9487 0.0734 -0.3074
vn -0.9344 0.1233 -0.3341
vn -0.9218 0.1599 -0.3531
vn 0.4205 0.0294 0.9068
vn 0.4372 0.0726 0.8964
vn 0.1613 -0.9863 -0.0336
vn 0.2849 -0.9571 -0.0536
vn 0.2305 -0.9720 -0.0448
vn -0.8949 0.2248 -0.3856
vn -0.1560 0.9877 -0.0078
vn -0.1947 0.9806 0.0204
vn 0.0217 0.9995 -0.0225
vn -0.2251 -0.2465 0.9426
vn -0.3497 -0.1573 0.9235
vn -0.2389 -0.2400 0.9409
vn 0.1400 -0.9899 0.0205
vn 0.1238 -0.9923 0.0047
vn 0.2313 -0.9721 0.0385
vn -0.3490 -0.1428 -0.9262
vn -0.8525 0.0577 0.5195
vn -0.8555 0.0642 0.5138
vn -0.8463 0.0444 0.5308
vn 0.7765 0.0646 -0.6268
vn 0.8360 0.0934 -0.5407
vn 0.8018 0.0752 -0.5929
vn -0.8630 0.0817 0.4985
vn 0.1047 0.0238 0.9942
vn 0.0969 0.0491 0.9941
vn 0.0887 0.0546 0.9946
vn 0.1628 -0.9695 0.1833
vn 0.0414 -0.9508 0.3071
vn -0.1144 -0.8853 0.4507
vn 0.4662 0.1479 -0.8723
vn 0.1216 -0.0657 0.9904
vn 0.1216 -0.0657 0.9904
vn 0.1216 -0.0657 0.9904
vn 0.8189 0.0934 -0.5663
vn -0.2710 0.9625 -0.0107
vn -0.2710 0.9625 -0.0107
vn -0.2710 0.9625 -0.0107
vn -0.2747 0.9529 -0.1288
vn 0.2284 -0.9671 0.1118
vn 0.9905 0.1317 0.0399
vn 0.9893 0.1366 0.0514
vn 0.9886 0.1392 0.0574
vn 0.7779 0.1045 0.6196
vn 0.7879 0.1016 0.6073
vn 0.7713 0.0825 0.6311
vn 0.5113 0.1163 -0.8515
vn 0.7462 0.1409 -0.6507
vn 0.1046 0.9945 -0.0091
vn 0.1046 0.9945 -0.0091
vn 0.1046 0.9945 -0.0091
vn 0.0893 0.0134 -0.9959
vn 0.2650 -0.9630 -0.0481
vn -0.2800 0.7916 0.5431
vn -0.2800 0.7916 0.5431
vn -0.2800 0.7916 0.5431
vn 0.8026 0.0987 -0.5883
vn 0.3358 0.3999 0.8528
vn 0.3358 0.3999 0.8528
vn 0.3358 0.3999 0.8528
vn 0.9008 0.1627 0.4026
vn 0.9040 0.1549 0.3985
vn 0.8986 0.1680 0.4054
vn 0.3281 -0.9404 -0.0893
vn 0.3592 -0.9265 -0.1122
vn 0.3677 -0.9215 -0.1253
vn -0.0321 0.9980 -0.0541
vn 0.9910 0.1292 0.0340
vn 0.3384 -0.9389 -0.0622
vn 0.2541 -0.9621 -0.0985
vn -0.3468 -0.0153 0.9378
vn -0.3825 -0.0404 0.9231
vn -0.2881 -0.0735 0.9548
vn 0.2864 -0.9553 -0.0736
vn 0.4123 0.9109 0.0189
vn -0.3482 0.0820 -0.9338
vn 0.3718 0.0573 0.9265
vn 0.9070 0.1474 0.3945
vn 0.9452 0.3182 0.0734
vn 0.9650 0.2607 0.0285
vn 0.9724 0.2331 0.0073
vn -0.2551 -0.0385 0.9661
vn 0.9833 0.1789 -0.0337
vn 0.8963 0.1555 -0.4154
vn 0.8967 0.1581 -0.4135
vn 0.2588 -0.9654 0.0317
vn 0.3993 0.1335 -0.9070
vn 0.3921 0.1268 -0.9111
vn -0.1517 0.9883 0.0158
vn -0.1066 0.9940 0.0227
vn -0.1180 0.9917 0.0505
vn -0.4718 0.1503 0.8688
vn -0.4718 0.1503 0.8688
vn -0.4718 0.1503 0.8688
vn -0.3519 -0.1025 0.9304
vn -0.1729 0.9826 0.0678
vn -0.4802 0.0145 -0.8771
vn -0.3484 0.8563 0.3813
vn 0.9832 0.1806 0.0264
vn 0.9696 0.2446 0.0045
vn 0.9819 0.1879 0.0235
vn -0.2078 0.9768 -0.0510
vn 0.9876 0.1539 -0.0318
vn 0.9876 0.1538 -0.0321
vn 0.9853 0.1703 -0.0136
vn 0.0946 0.0157 0.9954
vn 0.4699 -0.8800 0.0691
vn 0.9853 0.1701 -0.0138
vn 0.8047 0.1636 0.5707
vn -0.6985 0.0114 -0.7155
vn -0.6588 0.0335 -0.7516
vn -0.8380 -0.1043 -0.5356
vn 0.9847 0.1716 0.0295
vn -0.0894 0.9956 0.0270
vn 0.9828 0.1846 0.0023
vn 0.1430 0.0522 -0.9883
vn 0.1578 0.0548 -0.9859
vn -0.2671 0.0049 -0.9636
vn 0.9846 0.1722 0.0299
vn -0.7238 -0.1555 -0.6723
vn 0.2267 -0.9740 -0.0005
vn -0.6664 -0.0767 0.7416
vn -0.6400 -0.0798 0.7643
vn -0.8175 -0.0546 0.5733
vn -0.6740 -0.1656 -0.7199
vn 0.0718 0.0602 0.9956
vn -0.0044 0.9995 -0.0313
vn -0.0426 0.9990 -0.0133
vn 0.0190 0.9989 -0.0422
vn 0.0683 0.9955 -0.0664
vn 0.0239 0.9985 -0.0501
vn -0.0659 0.9977 -0.0169
vn -0.8420 -0.0499 0.5372
vn 0.2452 -0.0069 -0.9694
vn 0.0869 0.0457 0.9952
vn -0.0859 -0.8471 0.5245
vn -0.0859 -0.8471 0.5245
vn -0.0859 -0.8471 0.5245
vn 0.4263 -0.9027 0.0576
vn 0.4263 -0.9027 0.0576
vn 0.4263 -0.9027 0.0576
vn -0.0067 0.0527 -0.9986
vn -0.0067 0.0527 -0.9986
vn -0.0067 0.0527 -0.9986
vn 0.0665 0.0979 0.9930
vn 0.1596 0.0993 0.9822
vn 0.1336 0.1050 0.9855
vn -0.7139 0.4954 -0.4949
vn -0.7139 0.4954 -0.4949
vn -0.7139 0.4954 -0.4949
vn 0.2487 -0.9684 0.0176
vn -0.2818 -0.0059 0.9595
vn -0.2818 -0.0059 0.9595
vn -0.2818 -0.0059 0.9595
vn 0.7817 0.0960 0.6162
vn 0.7930 0.1002 0.6009
vn 0.8778 0.1348 0.4597
vn -0.0667 0.9978 -0.0019
vn 0.8881 0.1397 -0.4379
vn 0.8759 0.1463 -0.4597
vn 0.8337 0.1667 -0.5265
vn 0.2868 -0.9510 -0.1153
vn 0.8895 0.1402 0.4349
vn 0.2487 -0.9680 0.0338
vn 0.2747 0.9023 -0.3323
vn 0.0726 0.8973 -0.4355
vn 0.1422 0.9005 -0.4109
vn 0.8195 0.1727 -0.5465
vn 0.0705 0.0213 -0.9973
vn 0.2716 0.9049 -0.3277
vn 0.2088 -0.9774 0.0321
vn 0.1137 0.0483 0.9923
vn 0.0858 0.0065 -0.9963
vn 0.2512 0.9656 0.0674
vn 0.2512 0.9656 0.0674
vn 0.2512 0.9656 0.0674
vn -0.1084 0.9941 -0.0011
vn 0.8017 0.0989 -0.5894
vn 0.8025 0.1022 -0.5878
vn 0.7802 0.0939 -0.6185
vn 0.2191 0.0901 -0.9715
vn 0.2249 0.0950 -0.9697
vn 0.2349 0.0913 -0.9677
vn 0.9917 0.1276 -0.0151
vn 0.9884 0.1516 -0.0003
vn 0.9904 0.1378 -0.0089
vn 0.9944 0.1040 0.0168
vn 0.9937 0.1097 0.0210
vn 0.9942 0.1057 0.0180
vn 0.9931 0.1146 -0.0232
vn 0.9949 0.1000 0.0138
vn 0.1905 -0.9727 -0.1325
vn 0.7680 0.1021 0.6323
vn 0.1418 -0.9852 -0.0966
vn 0.7675 0.1014 0.6330
vn 0.1427 -0.0094 0.9897
vn 0.2012 -0.0421 0.9786
vn 0.1714 0.0067 0.9852
vn 0.1352 0.0380 0.9901
vn 0.1395 0.0340 0.9896
vn 0.1193 0.0528 0.9914
vn -0.0137 0.8299 -0.5577
vn -0.0681 0.8798 0.4704
vn -0.0671 0.8747 0.4799
vn -0.0831 0.9441 0.3190
vn 0.3256 -0.0662 -0.9432
vn 0.3509 -0.0424 -0.9355
vn -0.0839 0.9472 0.3093
vn 0.0748 -0.9971 -0.0132
vn 0.1304 -0.9898 0.0574
vn 0.1968 0.0887 -0.9764
vn 0.1620 0.0667 0.9845
vn 0.1895 0.0897 0.9778
vn 0.1889 0.0890 0.9779
vn 0.1985 0.0818 -0.9767
vn 0.1312 -0.9901 0.0497
vn 0.1832 -0.0549 0.9815
vn 0.2663 -0.0069 -0.9639
vn 0.2352 0.0556 -0.9704
vn 0.2154 0.0688 -0.9741
vn 0.2250 0.0483 -0.9732
vn -0.0101 0.8255 -0.5643
vn 0.1718 0.0551 0.9836
vn 0.1368 0.0798 -0.9874
vn 0.0144 -0.9988 0.0460
vn 0.2516 -0.0115 -0.9678
vn -0.0072 0.6670 0.7451
vn -0.0072 0.6670 0.7451
vn -0.0072 0.6670 0.7451
vn 0.3001 -0.0463 -0.9528
vn 0.2263 0.0270 -0.9737
vn -0.6161 0.4648 -0.6359
vn -0.6081 0.4275 -0.6689
vn -0.6242 0.5122 -0.5899
vn -0.9838 -0.1770 0.0270
vn -0.9843 -0.1495 0.0936
vn -0.9847 -0.1563 0.0774
vn 0.1559 0.0186 0.9876
vn -0.9742 -0.0939 -0.2051
vn -0.9698 -0.0808 -0.2302
vn -0.9677 -0.1968 -0.1576
vn -0.5957 0.3787 -0.7083
vn -0.6755 -0.0667 0.7343
vn -0.6755 -0.0667 0.7343
vn -0.6755 -0.0667 0.7343
vn -0.9526 -0.2706 -0.1390
vn -0.9831 -0.1829 0.0126
vn -0.8179 0.5606 0.1297
vn -0.8179 0.5606 0.1297
vn -0.8179 0.5606 0.1297
vn -0.8242 -0.5500 -0.1345
vn 0.1937 0.0475 -0.9799
vn 0.2063 0.0550 -0.9769
vn 0.0871 0.1110 0.9900
vn 0.1017 0.1291 0.9864
vn 0.1716 -0.9342 -0.3127
vn 0.1788 -0.9771 -0.1150
vn 0.1829 -0.9484 -0.2591
vn 0.1765 -0.0556 0.9827
vn 0.1434 0.0278 0.9893
vn 0.1849 0.0730 -0.9800
vn 0.2174 0.1081 -0.9701
vn 0.1403 -0.9758 0.1678
vn 0.0807 -0.9818 0.1721
vn 0.1282 -0.9799 0.1529
vn 0.2043 -0.9748 -0.0898
vn 0.1600 -0.9806 -0.1131
vn 0.8956 0.1224 0.4277
vn 0.8956 0.1224 0.4277
vn 0.8956 0.1224 0.4277
vn 0.9872 0.1050 -0.1196
vn 0.9965 0.0804 -0.0237
vn 0.9834 0.1111 -0.1436
vn 0.9972 0.0747 -0.0022
vn 0.1341 -0.9807 0.1420
vn 0.2982 -0.0729 -0.9517
vn 0.8059 0.0329 -0.5911
vn 0.8059 0.0329 -0.5911
vn 0.8059 0.0329 -0.5911
vn 0.2018 -0.9621 -0.1833
vn 0.1979 0.0713 -0.9776
vn 0.6245 0.7808 0.0183
vn 0.6243 0.7810 0.0156
vn 0.5812 0.8136 -0.0162
vn 0.5810 0.8133 -0.0324
vn 0.1659 0.1383 -0.9764
vn 0.0910 -0.0680 -0.9935
vn 0.1060 -0.0756 -0.9915
vn 0.1006 -0.0729 -0.9923
vn 0.6163 0.7805 0.1043
vn 0.6231 0.7798 0.0602
vn 0.6237 0.7792 0.0622
vn 0.1435 0.0604 0.9878
vn 0.0980 -0.9800 0.1730
vn 0.1498 -0.9799 -0.1318
vn 0.6266 0.7767 0.0640
vn 0.2179 -0.0146 0.9759
vn 0.1039 0.1350 0.9854
vn 0.2443 0.0044 -0.9697
vn 0.2561 -0.0008 -0.9667
vn 0.2462 0.0036 -0.9692
vn 0.1750 -0.9636 -0.2021
vn 0.1123 -0.0787 -0.9905
vn 0.1599 -0.9762 0.1463
vn -0.1242 -0.3624 0.9237
vn -0.1242 -0.3624 0.9237
vn -0.1242 -0.3624 0.9237
vn 0.5251 0.8256 -0.2068
vn 0.1608 -0.9757 0.1489
vn 0.5400 0.7721 0.3350
vn 0.2350 0.0086 -0.9720
vn 0.5054 0.7592 0.4101
vn 0.1533 0.0615 0.9863
vn -0.4296 -0.1635 0.8881
vn -0.4296 -0.1635 0.8881
vn -0.4296 -0.1635 0.8881
vn 0.5208 0.8182 -0.2435
vn 0.1745 -0.0093 -0.9846
vn 0.1622 0.0548 -0.9852
vn -0.5805 0.8118 0.0636
vn -0.5805 0.8118 0.0636
vn -0.5805 0.8118 0.0636
vn -0.9708 -0.0867 0.2237
vn -0.9708 -0.0867 0.2237
vn -0.9708 -0.0867 0.2237
vn -0.9801 0.0207 -0.1973
vn -0.9326 -0.1225 -0.3394
vn -0.9578 -0.0621 -0.2806
vn -0.9884 0.1185 -0.0949
vn 0.1279 0.0324 0.9913
vn 0.1277 0.1102 0.9857
vn 0.1253 0.1317 0.9833
vn 0.1674 -0.0164 -0.9857
vn 0.1617 -0.0007 -0.9868
vn 0.1196 0.1627 -0.9794
vn 0.1242 0.1803 0.9757
vn 0.1229 0.1882 0.9744
vn -0.6308 0.0048 -0.7760
vn -0.8339 -0.0493 -0.5497
vn -0.8627 -0.0526 -0.5030
vn 0.1960 -0.9510 -0.2391
vn -0.9565 -0.0685 -0.2834
vn -0.9971 -0.0743 -0.0141
vn -0.9638 -0.0700 -0.2573
vn -0.8608 -0.0312 0.5079
vn -0.8587 -0.0327 0.5115
vn -0.8570 -0.0338 0.5143
vn -0.9977 -0.0658 -0.0150
vn -0.9981 -0.0605 -0.0115
vn -0.8624 -0.0301 0.5053
vn 0.4328 0.0303 0.9010
vn 0.5324 -0.0023 0.8465
vn 0.2768 0.0332 -0.9603
vn 0.2767 0.0331 -0.9604
vn 0.2774 0.0336 -0.9602
vn 0.9903 0.1392 0.0032
vn 0.9888 0.1449 0.0344
vn 0.9899 0.1412 0.0142
vn 0.9907 0.1346 -0.0211
vn 0.1157 0.9932 0.0100
vn 0.0364 0.9993 0.0099
vn 0.1204 0.9927 0.0076
vn -0.0699 0.9976 0.0000
vn 0.9917 0.1254 -0.0301
vn 0.9884 0.1472 -0.0379
vn 0.9937 0.1024 -0.0462
vn 0.9660 0.2563 0.0337
vn 0.9964 0.0836 -0.0117
vn 0.2356 0.9652 -0.1132
vn -0.0036 0.9842 -0.1772
vn 0.1191 0.9752 -0.1866
vn 0.9914 0.1283 -0.0251
vn 0.9947 0.0723 -0.0734
vn 0.9989 -0.0020 -0.0470
vn 0.7970 -0.1244 -0.5910
vn 0.7970 -0.1244 -0.5910
vn 0.7970 -0.1244 -0.5910
vn 0.4035 0.0192 -0.9148
vn 0.4035 0.0192 -0.9148
vn 0.4035 0.0192 -0.9148
vn -0.1102 0.9657 -0.2351
vn 0.1757 0.9785 0.1080
vn 0.1788 0.9780 0.1070
vn 0.0976 0.9775 0.1870
vn 0.4326 0.0454 0.9004
vn 0.4548 0.0554 0.8889
vn 0.4504 0.0534 0.8912
vn 0.9909 0.1342 -0.0042
vn 0.2733 -0.9608 -0.0473
vn 0.2463 -0.9673 -0.0608
vn 0.1594 -0.9823 -0.0986
vn 0.9891 0.1453 0.0241
vn 0.9921 0.1179 0.0440
vn 0.2908 -0.9475 0.1330
vn 0.5251 -0.8506 0.0285
vn 0.5663 -0.8240 0.0187
vn 0.9889 0.1317 0.0693
vn 0.4258 0.0424 0.9038
vn 0.9882 0.1525 0.0137
vn 0.0808 0.9530 0.2921
vn 0.0977 -0.9624 -0.2536
vn 0.4243 -0.0081 -0.9055
vn 0.4235 -0.0115 -0.9058
vn 0.4219 -0.0175 -0.9065
vn -0.3015 -0.2813 0.9110
vn -0.3015 -0.2813 0.9110
vn -0.3015 -0.2813 0.9110
vn 0.4907 0.0837 -0.8673
vn 0.4766 0.0935 -0.8741
vn 0.5187 0.0635 -0.8526
vn -0.0939 0.9953 -0.0229
vn 0.5684 0.0699 0.8197
vn 0.5695 0.0703 0.8190
vn 0.4818 -0.0098 0.8762
vn 0.9767 0.0994 0.1903
vn 0.9763 0.0958 0.1942
vn 0.9783 0.1186 0.1696
vn 0.9201 0.1043 -0.3775
vn 0.9773 0.0552 -0.2048
vn 0.9606 0.0732 -0.2681
vn -0.1176 0.9904 0.0720
vn -0.2199 0.9500 0.2216
vn 0.2462 -0.9620 0.1183
vn 0.2775 0.0337 -0.9601
vn 0.9737 0.0765 0.2148
vn 0.9033 0.1145 -0.4134
vn 0.8659 0.0768 -0.4943
vn 0.9042 0.1202 -0.4099
vn 0.9324 0.1146 -0.3429
vn 0.5438 0.0707 -0.8362
vn 0.5167 0.2080 -0.8305
vn 0.5830 0.1884 -0.7903
vn 0.9590 0.1054 0.2632
vn 0.9699 0.1235 0.2100
vn 0.9676 0.1193 0.2225
vn 0.9556 0.1006 0.2768
vn -0.1525 0.9830 0.1018
vn -0.0873 0.9954 -0.0398
vn -0.1140 0.9890 0.0940
vn 0.5693 0.0692 0.8192
vn 0.5318 0.0647 -0.8444
vn 0.8389 0.0398 -0.5428
vn 0.4099 0.0162 0.9120
vn 0.4489 -0.0226 0.8933
vn 0.4215 0.0434 0.9058
vn 0.4610 0.0866 0.8832
vn 0.4346 0.0288 0.9002
vn 0.0266 0.9950 -0.0959
vn 0.0896 0.9922 0.0869
vn 0.4580 -0.0083 0.8889
vn 0.0072 0.0437 0.9990
vn 0.0072 0.0437 0.9990
vn 0.0072 0.0437 0.9990
vn 0.5447 0.0203 -0.8384
vn 0.4649 0.0707 -0.8825
vn 0.5200 0.0169 -0.8540
vn 0.9381 0.0968 -0.3326
vn -0.1602 0.9594 0.2322
vn 0.5798 -0.0006 -0.8148
vn 0.2117 -0.9767 0.0353
vn -0.0917 0.9952 -0.0328
vn -0.0853 0.9960 0.0283
vn -0.0838 0.9964 0.0146
vn -0.0355 0.9949 0.0948
vn 0.4206 -0.0226 -0.9070
vn 0.0353 0.0128 0.9993
vn 0.0659 -0.0318 0.9973
vn 0.0525 -0.0123 0.9985
vn 0.4469 0.1140 -0.8873
vn 0.1977 -0.9803 -0.0025
vn 0.2160 -0.9760 0.0292
vn 0.2032 -0.9789 -0.0223
vn 0.8854 0.1038 -0.4530
vn 0.0223 0.0317 0.9992
vn 0.2213 -0.9752 0.0084
vn 0.2135 -0.9768 -0.0142
vn 0.2487 -0.9680 0.0346
vn 0.4538 0.1188 0.8831
vn 0.5113 0.1639 -0.8436
vn 0.4304 0.0770 -0.8993
vn 0.5780 0.0002 -0.8160
vn 0.4836 0.0703 0.8725
vn 0.4836 0.0703 0.8725
vn 0.4836 0.0703 0.8725
vn -0.8301 0.0380 0.5564
vn -0.8438 0.0490 0.5345
vn -0.8064 0.0201 0.5910
vn -0.6101 0.5191 0.5986
vn -0.6101 0.5191 0.5986
vn -0.6101 0.5191 0.5986
vn 0.0992 0.9938 0.0500
vn -0.0095 -0.0650 -0.9978
vn -0.0512 -0.0100 -0.9986
vn -0.0313 -0.0363 -0.9989
vn -0.4326 0.7894 0.4354
vn 0.9948 0.1023 -0.0008
vn 0.9919 0.1212 -0.0378
vn 0.9958 0.0855 0.0318
vn 0.3854 -0.0166 0.9226
vn -0.7837 0.0040 0.6212
vn -0.9308 -0.0817 -0.3563
vn -0.9265 -0.0703 -0.3696
vn -0.9154 -0.0436 -0.4001
vn 0.9888 0.1345 -0.0641
vn 0.0716 0.9938 -0.0855
vn 0.4521 0.0299 -0.8915
vn 0.2156 0.0986 -0.9715
vn 0.5809 0.0213 -0.8137
vn 0.9946 0.0860 0.0574
vn 0.9974 0.0669 0.0265
vn 0.9909 0.1038 0.0862
vn 0.9858 0.1217 0.1155
vn 0.1199 -0.9927 -0.0118
vn 0.4827 0.0847 -0.8717
vn -0.1025 -0.4542 0.8850
vn -0.3407 -0.4786 0.8092
vn -0.2138 -0.4692 0.8568
vn -0.5450 0.8366 -0.0554
vn -0.4190 0.9057 -0.0651
vn -0.2283 0.9706 -0.0764
vn 0.4032 -0.0145 -0.9150
vn 0.4843 0.0160 -0.8748
vn -0.5338 0.5416 0.6494
vn -0.5338 0.5416 0.6494
vn -0.5338 0.5416 0.6494
vn 0.0945 -0.9955 0.0022
vn 0.1752 -0.9833 0.0488
vn -0.9397 -0.1086 -0.3243
vn 0.3560 0.0184 0.9343
vn 0.1145 0.9613 0.2506
vn 0.2235 0.9110 0.3465
vn 0.2161 0.9763 -0.0097
vn 0.2623 0.9650 0.0079
vn 0.2660 -0.9639 0.0144
vn -0.5067 0.1313 0.8521
vn -0.4866 0.1025 0.8676
vn -0.4614 0.0675 0.8846
vn 0.4415 0.0299 0.8967
vn -0.9933 -0.1116 -0.0307
vn -0.9936 -0.1079 -0.0346
vn -0.9933 -0.1117 -0.0306
vn -0.9929 -0.1157 -0.0264
vn 0.4844 0.0185 -0.8746
vn 0.1534 0.0414 0.9873
vn 0.1605 0.1086 0.9810
vn 0.1648 0.0871 0.9825
vn 0.4694 0.2123 -0.8571
vn 0.2082 0.1104 -0.9718
vn -0.0711 0.0165 -0.9973
vn -0.0775 0.9935 -0.0829
vn -0.1287 0.9907 -0.0439
vn -0.0932 0.9210 0.3783
vn -0.1492 0.8733 0.4638
vn -0.1762 0.8457 0.5038
vn 0.5401 0.0443 -0.8404
vn 0.2003 -0.9793 -0.0302
vn 0.0406 -0.9968 -0.0692
vn 0.3050 -0.9524 -0.0035
vn -0.1719 0.9805 -0.0951
vn -0.1834 0.9762 -0.1156
vn -0.1755 0.9786 -0.1078
vn 0.4987 -0.0098 -0.8667
vn -0.1751 0.9801 -0.0934
vn 0.9464 0.0660 0.3162
vn 0.9415 0.0754 0.3285
vn 0.9482 0.0624 0.3115
vn -0.0098 -0.9967 -0.0810
vn 0.1858 0.9824 -0.0204
vn 0.2037 -0.9687 -0.1418
vn 0.1877 -0.9696 -0.1571
vn 0.1598 -0.9699 -0.1836
vn -0.4504 0.0525 0.8913
vn 0.1491 -0.9697 -0.1935
vn -0.3976 0.6432 -0.6544
vn -0.2859 0.7178 -0.6349
vn -0.1734 0.7771 -0.6050
vn 0.3054 -0.9486 -0.0824
vn 0.3049 -0.9314 -0.1987
vn 0.7164 0.5948 -0.3647
vn 0.7259 0.6004 -0.3355
vn 0.7631 0.6388 -0.0983
vn -0.2846 0.6989 0.6562
vn 0.2542 -0.9346 0.2487
vn -0.1977 0.9722 -0.1257
vn 0.9862 0.1016 -0.1305
vn 0.9863 0.0987 -0.1320
vn 0.9863 0.1004 -0.1311
vn 0.9455 0.0831 -0.3148
vn 0.9860 0.1373 -0.0949
vn 0.9982 0.0384 0.0469
vn 0.9534 0.0517 0.2973
vn 0.9421 0.1548 -0.2974
vn 0.9964 0.0675 0.0511
vn 0.9943 0.1029 0.0272
vn 0.9874 0.1576 -0.0101
vn 0.9964 0.0209 0.0824
vn 0.1926 0.9810 -0.0231
vn 0.8048 0.0288 -0.5928
vn 0.9862 0.1030 -0.1298
vn 0.1512 -0.9384 0.3106
vn 0.2020 -0.0320 0.9789
vn 0.1419 -0.0071 0.9899
vn 0.1010 0.0096 0.9948
vn -0.0359 -0.8156 0.5775
vn -0.0359 -0.8156 0.5775
vn -0.0359 -0.8156 0.5775
vn 0.0558 -0.4231 0.9044
vn 0.4424 -0.0022 0.8968
vn 0.3871 -0.0244 0.9217
vn 0.4644 0.0068 0.8856
vn 0.7394 0.0778 -0.6688
vn -0.0017 0.9816 0.1907
vn 0.3717 -0.0304 0.9279
vn 0.2437 -0.0494 0.9686
vn 0.3780 0.0259 0.9254
vn 0.2713 0.0074 -0.9625
vn 0.2677 0.0052 -0.9635
vn 0.2731 0.0035 -0.9620
vn 0.1083 -0.0153 0.9940
vn 0.4292 0.2126 0.8778
vn 0.1274 -0.0391 0.9911
vn 0.2631 0.0368 0.9641
vn 0.0934 -0.9549 0.2818
vn 0.7744 0.6289 -0.0692
vn 0.1968 0.1166 0.9735
vn 0.1831 -0.9826 0.0311
vn -0.0250 0.9698 0.2427
vn -0.2815 -0.9593 0.0197
vn -0.2815 -0.9593 0.0197
vn -0.2815 -0.9593 0.0197
vn 0.2108 0.1604 -0.9643
vn 0.3119 -0.1908 -0.9308
vn 0.3771 -0.1336 -0.9165
vn 0.3043 -0.1973 -0.9319
vn 0.2634 -0.9645 -0.0186
vn -0.1405 0.9895 -0.0342
vn 0.0440 0.8519 -0.5219
vn 0.2250 0.9732 0.0471
vn 0.1429 0.0285 0.9893
vn 0.1506 0.0233 0.9883
vn 0.1515 0.0267 0.9881
vn 0.2672 -0.2281 -0.9363
vn 0.7826 0.6221 0.0247
vn 0.7668 0.6399 -0.0500
vn 0.7689 0.6381 -0.0409
vn 0.1447 -0.0171 0.9893
vn -0.7767 -0.0952 -0.6226
vn -0.7691 -0.1094 -0.6296
vn -0.7709 -0.1100 -0.6274
vn 0.9300 0.3655 -0.0391
vn 0.9379 0.3456 -0.0296
vn 0.9427 0.3328 -0.0236
vn 0.2614 -0.9650 -0.0200
vn -0.8500 -0.0432 -0.5250
vn 0.9253 0.3765 -0.0444
vn 0.9267 0.3757 0.0107
vn 0.9327 0.3606 0.0041
vn 0.9236 0.3832 0.0140
vn -0.3154 -0.0872 -0.9449
vn -0.3154 -0.0872 -0.9449
vn -0.3154 -0.0872 -0.9449
vn 0.9355 0.3534 0.0010
vn 0.2122 -0.9763 0.0413
vn -0.0534 -0.0501 0.9973
vn -0.8726 -0.0247 -0.4877
vn 0.9469 0.3214 0.0002
vn 0.9469 0.3214 0.0002
vn 0.9469 0.3214 0.0002
vn -0.9708 -0.0406 0.2364
vn -0.9708 -0.0406 0.2364
vn -0.9708 -0.0406 0.2364
vn 0.2579 0.0299 -0.9657
vn 0.7837 0.6202 0.0358
vn 0.2698 0.0019 -0.9629
vn 0.2084 -0.0216 -0.9778
vn 0.2023 -0.0645 -0.9772
vn 0.1690 -0.0049 0.9856
vn 0.1486 0.0195 0.9887
vn 0.1504 0.0169 0.9885
vn 0.7538 0.6548 -0.0547
vn 0.2622 0.0198 0.9648
vn 0.7918 0.6101 0.0276
vn 0.7530 0.6561 -0.0505
vn 0.1477 0.0528 0.9876
vn 0.7999 0.5989 0.0378
vn 0.8088 0.5856 0.0545
vn 0.2409 0.2263 0.9438
vn 0.0652 0.0682 0.9955
vn 0.1033 -0.0270 0.9943
vn 0.2711 0.0091 -0.9625
vn 0.2717 0.0081 -0.9623
vn 0.1721 -0.0460 -0.9840
vn 0.1509 0.0200 0.9883
vn 0.1381 0.0066 0.9904
vn 0.1445 0.0389 0.9887
vn 0.1470 0.0343 0.9885
vn -0.7568 -0.3789 -0.5326
vn -0.7558 -0.3784 -0.5343
vn -0.7746 -0.3986 -0.4911
vn -0.6039 -0.3548 0.7137
vn -0.8411 -0.3816 0.3833
vn -0.8523 -0.3811 0.3583
vn -0.7745 -0.3974 -0.4922
vn 0.0825 0.9676 -0.2387
vn 0.1255 0.9452 -0.3015
vn -0.0077 0.9945 -0.1044
vn -0.0107 0.9990 0.0436
vn -0.0224 0.9964 0.0815
vn -0.0282 0.9945 0.1004
vn 0.0372 -0.0331 0.9988
vn -0.7918 -0.4049 -0.4573
vn 0.2644 0.0340 -0.9638
vn 0.2590 0.0240 -0.9656
vn 0.2648 0.0373 -0.9636
vn 0.2676 0.0076 -0.9635
vn -0.7957 -0.4045 -0.4508
vn -0.5815 -0.3503 0.7342
vn 0.2663 0.0012 -0.9639
vn -0.0479 0.9979 -0.0436
vn -0.0064 0.9995 0.0297
vn 0.2590 0.0197 -0.9657
vn 0.2372 -0.0223 -0.9712
vn 0.1160 0.1050 0.9877
vn 0.1928 -0.8686 -0.4565
vn 0.1923 -0.8467 -0.4962
vn 0.1922 -0.8430 -0.5025
vn 0.0450 -0.9310 0.3623
vn 0.1081 -0.7899 0.6037
vn 0.0479 -0.9263 0.3737
vn 0.1741 -0.0485 -0.9835
vn 0.9837 0.1479 0.1027
vn 0.9844 0.1463 0.0974
vn 0.9804 0.1541 0.1230
vn 0.1313 -0.0028 0.9913
vn 0.9788 0.1567 0.1316
vn 0.9888 0.1007 0.1102
vn 0.9953 0.0835 0.0490
vn 0.9903 0.0975 0.0987
vn 0.9963 0.0791 0.0336
vn 0.2709 0.0083 -0.9626
vn 0.2726 -0.0023 -0.9621
vn 0.1465 0.0209 0.9890
vn 0.6060 0.7788 0.1620
vn 0.6604 0.6714 0.3363
vn 0.6329 0.7366 0.2383
vn 0.1657 0.0199 0.9860
vn 0.1447 0.0408 0.9886
vn 0.6055 0.7952 0.0324
vn 0.6050 0.7955 0.0341
vn 0.6047 0.7957 0.0350
vn 0.3262 0.2738 0.9048
vn 0.5712 0.8171 0.0781
vn 0.1928 -0.8702 -0.4534
vn 0.1125 -0.7766 0.6199
vn 0.1601 0.0391 0.9863
vn 0.1355 -0.0171 0.9906
vn 0.1624 0.0029 0.9867
vn 0.2715 0.0040 -0.9624
vn -0.1479 0.9260 0.3472
vn -0.1479 0.9260 0.3472
vn -0.1479 0.9260 0.3472
vn -0.9642 -0.1648 0.2079
vn -0.9769 -0.1732 0.1251
vn -0.9634 -0.1644 0.2118
vn -0.4569 -0.1264 0.8805
vn -0.4569 -0.1264 0.8805
vn -0.4569 -0.1264 0.8805
vn -0.9269 -0.1951 -0.3207
vn -0.9285 -0.1941 -0.3167
vn -0.9396 -0.1864 -0.2870
vn 0.6057 0.7951 0.0318
vn -0.9419 -0.1847 -0.2805
vn -0.9772 -0.1734 0.1226
vn 0.2091 0.0170 -0.9778
vn 0.1917 0.0208 -0.9812
vn 0.2251 -0.0056 -0.9743
vn 0.2787 -0.0395 -0.9596
vn 0.1003 -0.9322 0.3478
vn -0.0333 -0.9966 -0.0747
vn 0.0820 -0.9534 0.2903
vn 0.2671 0.0130 -0.9636
vn 0.1424 0.0095 0.9898
vn 0.0118 -0.9988 -0.0476
vn 0.0326 -0.9954 -0.0901
vn 0.1422 -0.9390 -0.3132
vn 0.2397 -0.0206 -0.9706
vn 0.0674 0.0333 0.9972
vn 0.0891 0.0190 0.9958
vn 0.0802 0.0232 0.9965
vn 0.1593 -0.9239 -0.3479
vn 0.2174 0.0073 -0.9761
vn -0.0484 -0.9913 -0.1227
vn -0.9406 -0.2089 -0.2677
vn -0.8717 -0.1319 -0.4720
vn -0.9318 -0.1965 -0.3052
vn 0.0019 0.7623 0.6472
vn 0.0019 0.7623 0.6472
vn 0.0019 0.7623 0.6472
vn 0.2071 0.0185 -0.9782
vn 0.2156 0.0221 -0.9762
vn -0.9000 -0.1120 -0.4213
vn 0.0930 0.0106 0.9956
vn 0.1452 -0.9481 -0.2829
vn 0.1452 -0.9481 -0.2829
vn 0.1452 -0.9481 -0.2829
vn -0.9025 -0.1111 -0.4161
vn -0.8474 -0.0756 0.5255
vn -0.8542 -0.0772 0.5143
vn -0.9455 -0.1029 0.3089
vn -0.5308 -0.0878 -0.8429
vn -0.5308 -0.0878 -0.8429
vn -0.5308 -0.0878 -0.8429
vn -0.9472 -0.1035 0.3034
vn 0.1016 0.0159 0.9947
vn -0.7116 -0.5917 -0.3788
vn -0.8440 -0.0998 -0.5270
vn -0.8390 -0.1605 -0.5200
vn 0.1075 0.0174 0.9940
vn -0.7072 -0.5316 -0.4661
vn -0.8840 0.0303 -0.4666
vn -0.8840 0.0303 -0.4666
vn -0.8840 0.0303 -0.4666
vn -0.5425 -0.7904 -0.2846
vn -0.8526 -0.1006 0.5128
vn -0.8699 -0.0970 0.4835
vn -0.8726 -0.0964 0.4788
vn 0.2198 0.0180 -0.9754
vn -0.9921 -0.1245 -0.0174
vn -0.9920 -0.1250 -0.0181
vn -0.9920 -0.1253 -0.0185
vn -0.5213 -0.8283 -0.2054
vn -0.8498 -0.1012 0.5173
vn -0.9919 -0.1258 -0.0192
vn -0.8588 -0.1133 -0.4996
vn 0.4908 0.0885 -0.8667
vn 0.5646 0.0245 -0.8250
vn 0.4141 0.0411 0.9093
vn 0.0657 -0.0282 0.9974
vn -0.8553 -0.1103 -0.5063
vn -0.7510 0.0481 0.6585
vn -0.8139 -0.1085 0.5707
vn -0.7730 0.0449 0.6328
vn -0.2190 -0.8746 0.4326
vn -0.2190 -0.8746 0.4326
vn -0.2190 -0.8746 0.4326
vn -0.9749 -0.0441 -0.2182
vn -0.9728 -0.0560 -0.2247
vn -0.9996 -0.0150 -0.0238
vn -0.8159 -0.3107 0.4876
vn -0.8289 -0.0614 0.5561
vn -0.5026 0.8632 -0.0471
vn -0.5634 0.8244 0.0553
vn -0.5390 0.8422 0.0125
vn -0.9928 0.1186 -0.0183
vn -0.9928 0.1186 -0.0183
vn -0.9928 0.1186 -0.0183
vn -0.4719 0.8766 -0.0941
vn -0.9995 -0.0274 -0.0183
vn -0.9824 -0.1335 0.1308
vn -0.9765 -0.1789 0.1199
vn -0.5026 -0.1120 -0.8572
vn -0.5026 -0.1120 -0.8572
vn -0.5026 -0.1120 -0.8572
vn -0.9576 -0.1586 -0.2404
vn -0.9577 -0.1594 -0.2396
vn -0.9576 -0.1585 -0.2406
vn -0.9575 -0.1579 -0.2412
vn -0.9709 -0.1602 0.1783
vn -0.9709 -0.1602 0.1783
vn -0.9709 -0.1602 0.1783
vn 0.2321 -0.9719 -0.0395
vn 0.1945 -0.9800 0.0427
vn 0.1954 -0.9803 0.0293
vn 0.4894 -0.8714 0.0339
vn 0.4894 -0.8714 0.0339
vn 0.4894 -0.8714 0.0339
vn 0.9999 -0.0054 0.0163
vn 0.9988 0.0376 0.0308
vn 0.9989 0.0321 -0.0334
vn 0.9616 0.0539 -0.2690
vn 0.9984 0.0548 0.0167
vn 0.8587 0.0501 -0.5100
vn 0.4008 -0.2058 -0.8928
vn 0.4008 -0.2058 -0.8928
vn 0.4008 -0.2058 -0.8928
vn 0.9876 0.1567 0.0003
vn 0.9957 0.0918 -0.0109
vn 0.9869 0.1613 0.0066
vn 0.9962 0.0730 0.0483
vn 0.4633 0.8856 0.0322
vn 0.4633 0.8856 0.0322
vn 0.4633 0.8856 0.0322
vn 0.3414 0.9399 -0.0031
vn 0.5857 0.8100 -0.0298
vn 0.5640 0.8253 -0.0273
vn 0.6764 -0.5068 -0.5345
vn 0.6764 -0.5068 -0.5345
vn 0.6764 -0.5068 -0.5345
vn 0.6964 0.0375 0.7167
vn 0.6964 0.0375 0.7167
vn 0.6964 0.0375 0.7167
vn 0.9903 0.1393 0.0011
vn 0.3072 0.9516 0.0005
vn 0.9884 0.1520 0.0049
vn 0.0968 -0.0451 0.9943
vn 0.1557 -0.0284 0.9874
vn 0.1506 -0.0298 0.9881
vn 0.4566 -0.8888 0.0385
vn 0.2740 -0.9599 0.0601
vn 0.2479 -0.9667 0.0629
vn 0.1789 0.0355 0.9832
vn 0.0930 -0.0311 0.9952
vn 0.1470 0.0106 0.9891
vn 0.0818 -0.0493 0.9954
vn 0.9874 0.1340 0.0844
vn 0.9874 0.1340 0.0844
vn 0.9806 0.1944 0.0266
vn 0.9783 0.2068 0.0128
vn 0.9803 0.1958 0.0250
vn -0.6554 0.7495 -0.0933
vn -0.6554 0.7495 -0.0933
vn -0.6554 0.7495 -0.0933
vn 0.9854 0.1613 0.0549
vn 0.9855 0.1605 0.0557
vn 0.9842 0.1711 0.0445
vn -0.9636 -0.1802 -0.1976
vn -0.9636 -0.1802 -0.1976
vn -0.9636 -0.1802 -0.1976
vn 0.5045 -0.8628 0.0322
vn 0.9823 0.1834 0.0387
vn 0.2859 -0.9582 0.0106
vn 0.2843 -0.9415 -0.1809
vn 0.3805 -0.9247 -0.0104
vn 0.2735 -0.9426 -0.1915
vn 0.2223 -0.9750 0.0073
vn 0.2131 -0.9716 -0.1025
vn 0.1398 0.6674 0.7315
vn 0.1398 0.6674 0.7315
vn 0.1398 0.6674 0.7315
vn 0.9864 0.1501 0.0665
vn 0.9898 0.1414 0.0158
vn 0.2383 0.0257 -0.9709
vn 0.2327 0.0123 -0.9725
vn 0.2487 0.0235 -0.9683
vn 0.2402 0.0393 -0.9699
vn 0.2163 0.0534 -0.9749
vn 0.2504 -0.0044 -0.9681
vn 0.9961 0.0758 0.0443
vn 0.9914 0.1201 0.0512
vn 0.9969 0.0655 0.0426
vn 0.9908 0.1251 0.0520
vn 0.9923 -0.0313 0.1195
vn 0.9471 -0.3178 0.0438
vn 0.9611 -0.2703 0.0572
vn 0.9915 0.0095 0.1294
vn 0.2371 -0.2773 -0.9311
vn 0.0560 0.0422 -0.9975
vn 0.1744 -0.1645 -0.9708
vn 0.2528 0.0241 -0.9672
vn 0.9865 0.1594 0.0389
vn 0.2171 0.1138 -0.9695
vn 0.3842 -0.9230 0.0237
vn 0.3499 -0.9368 -0.0083
vn 0.3369 -0.9413 -0.0202
vn 0.0289 -0.0637 0.9975
vn 0.1698 -0.2729 0.9469
vn 0.1268 -0.2092 0.9696
vn 0.3459 -0.5127 -0.7858
vn 0.3459 -0.5127 -0.7858
vn 0.3459 -0.5127 -0.7858
vn 0.1368 0.0222 0.9903
vn 0.1402 0.0184 0.9899
vn 0.1231 0.0373 0.9917
vn 0.1589 -0.9737 0.1633
vn 0.1586 -0.9693 0.1881
vn -0.0678 -0.9972 -0.0309
vn 0.0991 -0.9951 0.0041
vn 0.1982 -0.9745 -0.1056
vn 0.3507 -0.9358 0.0354
vn 0.3078 -0.9486 0.0742
vn 0.3980 -0.9172 0.0180
vn -0.0201 -0.9997 0.0108
vn 0.3046 -0.9512 -0.0494
vn -0.0640 0.0382 -0.9972
vn -0.0640 0.0382 -0.9972
vn -0.0640 0.0382 -0.9972
vn 0.1424 0.0198 0.9896
vn 0.1446 0.0276 0.9891
vn 0.1455 0.0290 0.9889
vn 0.2640 0.0225 -0.9642
vn 0.0246 0.0956 -0.9951
vn 0.3090 -0.2194 -0.9254
vn 0.0605 -0.9781 -0.1992
vn 0.9858 0.1622 0.0431
vn 0.1682 -0.9792 -0.1133
vn 0.0043 -0.0270 0.9996
vn 0.1750 -0.9844 0.0171
vn 0.2255 0.0721 0.9716
vn 0.2729 -0.9579 0.0890
vn 0.1228 -0.8979 0.4227
vn 0.1234 -0.9019 0.4138
vn 0.1668 -0.9128 0.3728
vn 0.0205 -0.4653 0.8849
vn 0.0482 -0.2027 0.9780
vn 0.0294 -0.3866 0.9218
vn 0.1037 -0.9698 -0.2207
vn 0.3387 -0.9403 0.0334
vn 0.0540 -0.1404 0.9886
vn 0.1813 -0.9111 0.3701
vn -0.5879 -0.3314 -0.7379
vn -0.5879 -0.3314 -0.7379
vn -0.5879 -0.3314 -0.7379
vn 0.2706 -0.1505 -0.9509
vn 0.2798 0.0250 -0.9597
vn -0.8639 -0.4973 0.0797
vn -0.8995 -0.4335 0.0545
vn -0.9790 -0.2011 -0.0325
vn -0.9289 -0.3676 -0.0437
vn -0.9528 -0.3029 -0.0188
vn -0.9357 -0.3509 -0.0373
vn -0.9574 -0.2886 -0.0133
vn -0.9887 -0.1396 -0.0544
vn 0.1513 0.0359 0.9878
vn 0.2636 0.0095 -0.9646
vn 0.0989 -0.9949 0.0218
vn 0.2931 -0.8777 0.3791
vn 0.8117 0.0970 0.5759
vn 0.7954 0.1196 0.5942
vn 0.8731 0.0255 0.4868
vn 0.9993 0.0182 0.0331
vn 0.9977 -0.0315 -0.0602
vn 0.9883 -0.1518 -0.0176
vn 0.1569 -0.0000 0.9876
vn 0.9973 0.0598 0.0436
vn 0.9976 -0.0004 -0.0685
vn 0.0325 -0.9840 -0.1753
vn 0.2674 0.0086 -0.9635
vn 0.3562 -0.5285 -0.7706
vn -0.2521 -0.0015 -0.9677
vn -0.1955 -0.1804 -0.9640
vn -0.4413 -0.3407 -0.8302
vn -0.0937 0.0185 -0.9954
vn 0.1480 -0.9806 -0.1283
vn 0.7506 0.0285 0.6602
vn 0.9531 0.0818 -0.2914
vn 0.9531 0.0818 -0.2914
vn 0.9531 0.0818 -0.2914
vn 0.7388 0.0303 0.6732
vn -0.7821 -0.2594 0.5666
vn -0.7821 -0.2594 0.5666
vn -0.7821 -0.2594 0.5666
vn -0.3484 -0.5734 -0.7415
vn -0.3013 -0.5619 -0.7704
vn 0.1351 -0.0004 0.9908
vn 0.1708 0.0533 -0.9839
vn 0.1646 0.0231 -0.9861
vn 0.1562 -0.0876 -0.9838
vn 0.1034 -0.0651 0.9925
vn 0.1375 0.0097 0.9904
vn 0.1587 0.0642 0.9852
vn 0.1508 -0.9724 0.1779
vn 0.1205 -0.0023 0.9927
vn 0.1324 0.0184 0.9910
vn 0.1496 0.0221 0.9885
vn 0.1412 0.0094 0.9899
vn 0.2598 -0.0018 -0.9657
vn 0.2495 0.0293 -0.9679
vn 0.3057 0.0663 -0.9498
vn 0.1394 0.0039 0.9902
vn 0.1394 -0.9807 -0.1372
vn -0.1226 -0.1678 0.9782
vn 0.1315 0.0186 0.9911
vn -0.2928 -0.5590 -0.7757
vn 0.3206 0.0731 -0.9444
vn 0.2515 0.0381 -0.9671
vn -0.2805 0.0300 -0.9594
vn -0.2805 0.0300 -0.9594
vn -0.2805 0.0300 -0.9594
vn 0.1446 0.0152 0.9894
vn 0.1520 -0.1074 -0.9825
vn 0.1593 -0.9865 0.0378
vn 0.1550 -0.9840 0.0875
vn 0.1135 -0.9935 -0.0018
vn 0.1226 -0.9925 -0.0033
vn 0.1077 -0.9942 -0.0066
vn -0.4553 -0.6500 0.6085
vn -0.5893 -0.6928 0.4156
vn -0.4670 -0.6548 0.5943
vn 0.1247 -0.9922 0.0068
vn 0.1233 -0.0206 0.9922
vn 0.1268 -0.0173 0.9918
vn 0.1750 -0.1306 -0.9759
vn 0.1286 -0.0083 0.9917
vn 0.1494 -0.9833 -0.1038
vn -0.6005 -0.6949 0.3956
vn 0.2707 0.0031 -0.9627
vn 0.2604 0.0158 -0.9654
vn 0.2166 0.0363 0.9756
vn 0.9946 0.0669 -0.0796
vn 0.9929 0.0546 -0.1060
vn 0.9913 0.0465 -0.1231
vn 0.2872 -0.0042 -0.9579
vn 0.2872 -0.0042 -0.9579
vn 0.2872 -0.0042 -0.9579
vn 0.9953 0.0760 -0.0601
vn 0.0853 -0.1224 0.9888
vn 0.9926 0.0074 0.1216
vn 0.9981 0.0388 0.0488
vn 0.9860 -0.0121 0.1666
vn 0.9983 0.0590 0.0014
vn 0.9908 0.1341 -0.0164
vn 0.9699 0.1878 -0.1548
vn 0.9930 0.1070 0.0508
vn 0.9531 0.2110 -0.2172
vn 0.1054 -0.9944 -0.0063
vn 0.9890 0.1383 -0.0534
vn 0.9844 0.0452 0.1700
vn 0.9922 0.0756 0.0989
vn 0.9798 0.1630 -0.1157
vn 0.1658 -0.1425 -0.9758
vn 0.9907 0.1164 0.0709
vn 0.9907 0.1161 0.0714
vn 0.9907 0.1166 0.0705
vn 0.2579 0.0329 -0.9656
vn 0.9907 0.1159 0.0718
vn 0.2296 0.0094 -0.9732
vn 0.9927 0.1074 0.0539
vn 0.9948 0.0972 0.0296
vn 0.9936 0.1037 0.0451
vn 0.1504 -0.9644 0.2175
vn 0.1435 -0.9714 0.1893
vn -0.0962 -0.0204 0.9952
vn 0.0767 0.0299 0.9966
vn 0.0851 0.0556 0.9948
vn 0.1505 -0.9810 -0.1228
vn 0.9956 0.0921 0.0177
vn 0.2605 -0.0633 -0.9634
vn -0.3756 -0.1690 0.9113
vn -0.4274 -0.1994 0.8818
vn -0.6074 -0.3070 0.7326
vn -0.2617 -0.3425 -0.9023
vn -0.2617 -0.3425 -0.9023
vn -0.2617 -0.3425 -0.9023
vn -0.0476 0.9985 0.0266
vn -0.0648 0.9975 -0.0283
vn -0.0440 0.9967 0.0681
vn 0.1407 0.0226 0.9898
vn 0.0928 -0.1433 0.9853
vn 0.1588 -0.9708 -0.1800
vn 0.1341 -0.9899 -0.0455
vn 0.1470 -0.9814 -0.1236
vn 0.1902 -0.9662 -0.1743
vn 0.1804 -0.9708 -0.1583
vn 0.1688 -0.9850 -0.0364
vn 0.1477 -0.9860 -0.0776
vn 0.1496 -0.9850 -0.0859
vn 0.2467 0.0184 -0.9689
vn 0.2546 0.0154 -0.9669
vn -0.0943 0.9951 0.0294
vn -0.2594 0.9627 0.0765
vn -0.0980 0.9951 0.0160
vn 0.1700 -0.9851 -0.0254
vn -0.0747 0.9707 0.2284
vn -0.1110 0.9748 0.1937
vn -0.0738 0.9700 0.2318
vn 0.1332 -0.9910 -0.0118
vn 0.2706 -0.0827 -0.9591
vn 0.2095 0.0535 -0.9763
vn 0.2178 0.0545 -0.9745
vn 0.2374 0.0417 -0.9705
vn -0.6209 -0.3153 0.7177
vn 0.1027 0.0079 0.9947
vn 0.0972 -0.0090 0.9952
vn 0.1015 0.0034 0.9948
vn 0.1270 -0.9817 -0.1417
vn -0.0790 0.9646 0.2517
vn -0.0837 0.9677 0.2377
vn -0.1181 0.9811 0.1532
vn 0.1167 -0.9893 -0.0880
vn 0.1132 0.0138 0.9935
vn 0.2005 0.0158 -0.9796
vn 0.2119 0.0047 -0.9773
vn 0.2060 0.0122 -0.9785
vn -0.1296 0.9780 0.1632
vn 0.1475 -0.1335 -0.9800
vn -0.0230 0.9122 -0.4090
vn -0.0195 0.9251 -0.3792
vn 0.1433 -0.9860 0.0849
vn 0.1380 -0.9797 0.1454
vn 0.1443 -0.9866 0.0761
vn 0.1489 -0.9888 -0.0134
vn 0.1796 0.0515 -0.9824
vn 0.3744 0.0299 -0.9268
vn 0.1885 0.0354 -0.9814
vn 0.1416 -0.9861 -0.0870
vn 0.2409 0.0029 -0.9705
vn 0.2395 0.0375 -0.9702
vn 0.1143 -0.9912 -0.0668
vn 0.1155 -0.0234 0.9930
vn -0.0877 0.9924 -0.0860
vn -0.0960 0.9950 0.0288
vn -0.0955 0.9952 0.0205
vn 0.1101 0.0159 0.9938
vn 0.1172 0.0418 0.9922
vn 0.1120 0.0206 0.9935
vn 0.2393 -0.0540 -0.9694
vn 0.1233 0.0413 0.9915
vn -0.1005 0.9931 -0.0609
vn -0.0921 0.9832 -0.1576
vn -0.1012 0.9935 -0.0514
vn 0.0888 -0.0054 0.9960
vn -0.1168 0.9824 0.1456
vn 0.1646 -0.1439 -0.9758
vn 0.1172 0.0217 0.9929
vn 0.1330 -0.9870 -0.0905
vn 0.2335 0.0118 -0.9723
vn 0.1227 -0.9904 0.0643
vn 0.1225 -0.9900 0.0696
vn 0.1269 -0.9785 0.1626
vn 0.0945 -0.0087 0.9955
vn 0.2170 0.0137 -0.9761
vn 0.1590 -0.9581 -0.2381
vn 0.1304 -0.9838 0.1234
vn -0.0836 0.0118 0.9964
vn 0.1325 -0.9902 0.0434
vn -0.1585 0.0167 0.9872
vn 0.1409 -0.9853 -0.0968
vn 0.1039 -0.9864 0.1276
vn 0.3518 0.0598 -0.9342
vn -0.1956 0.9552 0.2223
vn 0.2192 0.0876 -0.9717
vn 0.1957 0.0293 -0.9802
vn 0.2021 0.0142 -0.9793
vn 0.0083 0.0600 0.9982
vn -0.0950 0.9944 -0.0462
vn -0.3707 0.9060 0.2044
vn -0.0868 0.9919 -0.0931
vn -0.2625 0.9481 -0.1793
vn 0.1664 -0.0463 0.9850
vn -0.1289 0.9677 0.2168
vn 0.1901 0.0252 -0.9815
vn 0.1276 -0.9918 -0.0065
vn 0.1885 0.0508 -0.9808
vn 0.0984 -0.9564 -0.2749
vn -0.0066 0.0944 0.9955
vn 0.1449 -0.1664 -0.9753
vn 0.1300 -0.9821 -0.1360
vn 0.1307 0.0174 0.9913
vn 0.1513 0.0421 -0.9876
vn 0.1618 0.0080 0.9868
vn -0.3115 0.9302 -0.1942
vn 0.1064 -0.9497 -0.2945
vn 0.1526 -0.1793 -0.9719
vn 0.1722 0.0240 -0.9848
vn -0.0942 0.9907 -0.0983
vn 0.1974 0.0118 -0.9802
vn 0.0763 -0.7224 0.6872
vn 0.1202 -0.9239 0.3632
vn 0.0957 -0.8181 0.5671
vn 0.2303 0.1078 -0.9671
vn 0.1133 -0.9749 0.1916
vn 0.1497 -0.0158 0.9886
vn -0.0867 0.9919 -0.0933
vn 0.1173 0.0235 0.9928
vn -0.0199 0.8996 -0.4362
vn 0.0926 -0.0063 0.9957
vn 0.1131 -0.9597 -0.2574
vn -0.9937 -0.0951 -0.0594
vn -0.8940 -0.4480 -0.0094
vn -0.9961 -0.0617 -0.0636
vn -0.8904 -0.4552 -0.0048
vn -0.8909 -0.4541 -0.0047
vn 0.1262 -0.9455 0.3001
vn 0.1171 0.0204 0.9929
vn -0.9589 -0.1565 -0.2368
vn -0.9518 -0.1626 -0.2603
vn -0.9307 -0.1777 -0.3197
vn -0.9238 -0.1820 -0.3369
vn -0.6992 0.6680 -0.2549
vn -0.6992 0.6680 -0.2549
vn -0.6992 0.6680 -0.2549
vn -0.0750 -0.9971 -0.0105
vn 0.0534 -0.9973 -0.0497
vn -0.0382 0.0049 -0.9993
vn 0.1137 -0.9623 0.2470
vn -0.0859 -0.9963 -0.0045
vn 0.0639 -0.9978 0.0190
vn 0.0687 -0.9549 -0.2890
vn -0.2828 0.9571 -0.0629
vn -0.2842 0.9538 -0.0976
vn 0.1340 0.0336 0.9904
vn -0.0970 0.0964 0.9906
vn 0.1833 -0.0018 -0.9830
vn -0.9901 -0.1364 0.0320
vn -0.9316 -0.0302 0.3621
vn -0.9548 -0.0543 0.2922
vn -0.9871 -0.1562 -0.0363
vn 0.1327 -0.9848 -0.1125
vn -0.0055 0.0421 -0.9991
vn 0.9972 -0.0742 0.0119
vn 0.9994 0.0133 0.0306
vn 0.9995 -0.0306 0.0018
vn 0.9997 -0.0245 0.0008
vn 0.9991 0.0269 0.0333
vn 0.2152 0.0045 -0.9766
vn -0.1968 -0.0463 -0.9794
vn -0.2043 -0.0488 -0.9777
vn -0.1800 -0.0218 0.9834
vn 0.2363 -0.1606 -0.9583
vn 0.1739 -0.0846 -0.9811
vn 0.1135 -0.0963 -0.9889
vn -0.1573 -0.0124 0.9875
vn 0.0329 0.1513 -0.9879
vn 0.1939 -0.1273 0.9727
vn 0.3326 -0.0439 0.9421
vn 0.0243 -0.0748 0.9969
vn 0.0633 -0.9980 0.0029
vn 0.0862 -0.9959 0.0273
vn 0.0887 -0.9961 0.0001
vn -0.0545 -0.9979 -0.0339
vn 0.1187 -0.9684 0.2191
vn 0.0703 -0.9122 -0.4037
vn -0.0064 -0.9968 0.0802
vn 0.1239 0.0532 0.9909
vn 0.1013 0.0853 -0.9912
vn -0.4552 0.8839 0.1070
vn -0.5867 0.8097 0.0094
vn -0.5096 0.8578 0.0666
vn 0.1317 0.0576 -0.9896
vn -0.2787 0.9397 0.1984
vn 0.1693 -0.1494 -0.9742
vn -0.9322 -0.3487 -0.0965
vn -0.9447 -0.2903 -0.1523
vn -0.9437 -0.2966 -0.1464
vn 0.1257 0.0151 0.9920
vn -0.0628 -0.0414 -0.9972
vn -0.6741 -0.0306 -0.7380
vn -0.5767 -0.0650 -0.8144
vn -0.5091 -0.1002 -0.8548
vn -0.3870 -0.1044 -0.9162
vn -0.3458 0.9134 -0.2148
vn -0.7416 -0.0824 0.6658
vn -0.6685 -0.1010 0.7368
vn -0.7250 -0.0869 0.6832
vn -0.9509 -0.2298 -0.2071
vn -0.5355 0.8204 0.2004
vn 0.3144 -0.9481 -0.0481
vn -0.9412 -0.2631 0.2122
vn -0.9393 -0.2896 0.1839
vn -0.9382 -0.2996 0.1730
vn -0.9354 -0.3199 0.1506
vn 0.0314 -0.9709 -0.2373
vn 0.0858 -0.9301 -0.3570
vn 0.2551 -0.9580 -0.1308
vn -0.1637 -0.9664 -0.1981
vn 0.1011 -0.9649 -0.2425
vn 0.1064 -0.9750 0.1949
vn 0.1199 -0.9927 0.0088
vn -0.5186 -0.0057 -0.8550
vn -0.5255 -0.0223 -0.8505
vn -0.4914 0.0567 -0.8691
vn 0.0274 -0.9908 0.1329
vn 0.0538 -0.9365 0.3465
vn 0.0416 -0.9680 0.2474
vn 0.0672 -0.9970 0.0379
vn 0.0753 -0.9966 0.0332
vn -0.6016 -0.0511 -0.7972
vn -0.5913 -0.0364 -0.8056
vn -0.5567 0.0110 -0.8307
vn -0.0267 -0.0313 0.9992
vn -0.2988 -0.0697 0.9518
vn -0.2165 0.0099 0.9762
vn -0.8324 -0.1473 0.5343
vn -0.6408 -0.1540 0.7521
vn -0.6723 -0.1295 0.7288
vn -0.3239 0.9182 -0.2282
vn -0.3932 -0.0296 0.9190
vn -0.7368 -0.0024 0.6761
vn -0.7426 0.0039 0.6697
vn -0.7435 0.0049 0.6687
vn -0.5732 0.7817 0.2458
vn -0.1094 -0.0334 -0.9934
vn 0.4091 -0.9112 0.0480
vn -0.6013 -0.0227 -0.7987
vn -0.6026 -0.0209 -0.7978
vn -0.6020 -0.0217 -0.7982
vn 0.0346 -0.9848 0.1700
vn 0.1535 -0.9809 -0.1191
vn -0.1293 -0.9523 -0.2765
vn -0.6532 -0.1046 0.7499
vn -0.3886 0.9210 -0.0276
vn -0.5742 0.7533 0.3208
vn -0.6288 -0.0917 -0.7721
vn -0.6138 0.7205 -0.3227
vn -0.6266 0.6356 -0.4510
vn -0.5909 0.7810 -0.2023
vn -0.8587 -0.1159 0.4991
vn -0.9790 -0.1075 -0.1734
vn -0.9812 -0.0967 -0.1668
vn -0.9764 -0.1269 -0.1750
vn -0.6618 -0.0625 0.7471
vn -0.6839 -0.0851 0.7246
vn -0.6514 -0.0550 0.7568
vn -0.7900 0.5581 0.2538
vn 0.1739 -0.9847 -0.0066
vn 0.0764 -0.8423 0.5335
vn -0.5334 -0.0608 0.8437
vn -0.5334 -0.0608 0.8437
vn -0.5334 -0.0608 0.8437
vn -0.4248 -0.0945 -0.9004
vn -0.0642 0.2118 0.9752
vn -0.0642 0.2118 0.9752
vn -0.0642 0.2118 0.9752
vn -0.3265 0.9443 0.0404
vn -0.9717 -0.1610 -0.1729
vn -0.5502 -0.0864 -0.8305
vn -0.1933 -0.9704 -0.1448
vn -0.0100 -0.9831 -0.1830
vn -0.4689 -0.6906 -0.5506
vn -0.4998 -0.7317 -0.4636
vn -0.3974 -0.5936 -0.6998
vn -0.7492 0.0112 0.6623
vn -0.9785 -0.1718 0.1144
vn -0.9866 -0.0938 0.1332
vn -0.9874 -0.0647 0.1444
vn -0.9747 -0.1907 0.1167
vn -0.6034 -0.0197 -0.7972
vn -0.5446 -0.5211 -0.6572
vn -0.5446 -0.5211 -0.6572
vn -0.5446 -0.5211 -0.6572
vn -0.7132 -0.0725 0.6972
vn -0.7136 -0.0744 0.6966
vn -0.7128 -0.0708 0.6977
vn -0.8657 0.4472 0.2250
vn -0.9860 -0.0364 0.1629
vn -0.9838 -0.0713 0.1646
vn -0.9863 -0.0326 0.1618
vn -0.9505 -0.0954 -0.2958
vn -0.9493 -0.0838 -0.3030
vn -0.9461 -0.0869 -0.3121
vn -0.7884 0.6132 -0.0479
vn -0.6327 0.7743 0.0143
vn -0.7462 0.6651 -0.0280
vn -0.9674 -0.2311 0.1037
vn -0.9866 -0.1109 -0.1197
vn -0.9844 -0.1757 -0.0020
vn -0.9797 -0.0727 -0.1866
vn -0.6225 0.7823 0.0222
vn -0.9592 -0.1190 -0.2563
vn -0.9596 -0.1210 -0.2539
vn 0.0091 -0.9885 0.1508
vn -0.3462 -0.1012 -0.9327
vn -0.6032 0.5728 -0.5551
vn -0.6032 0.5728 -0.5551
vn -0.6032 0.5728 -0.5551
vn -0.3348 -0.9336 0.1273
vn -0.1633 -0.9776 0.1326
vn -0.3658 -0.9222 0.1254
vn -0.9755 -0.2199 -0.0075
vn -0.9721 -0.1940 0.1318
vn -0.5853 0.8101 -0.0340
vn -0.5877 0.8080 0.0417
vn -0.5904 0.8060 0.0426
vn -0.9589 -0.1290 0.2528
vn -0.9708 -0.2247 -0.0845
vn -0.9748 -0.1196 0.1884
vn -0.9736 -0.2241 -0.0434
vn -0.9544 -0.1856 -0.2338
vn -0.9568 -0.1767 -0.2309
vn -0.9636 -0.1017 -0.2474
vn -0.9623 -0.0856 -0.2583
vn -0.9629 -0.1042 -0.2489
vn -0.9897 -0.1030 0.0991
vn -0.9897 -0.1030 0.0991
vn -0.9897 -0.1030 0.0991
vn -0.1940 -0.9793 -0.0574
vn -0.4221 0.9065 0.0032
vn -0.4607 0.8874 -0.0152
vn -0.4132 0.9106 0.0075
vn -0.4628 0.8863 -0.0162
vn -0.9672 -0.2473 -0.0585
vn -0.5785 0.7422 0.3383
vn -0.1964 -0.9804 -0.0132
vn -0.1098 -0.9891 0.0977
vn -0.1243 -0.9870 0.1023
vn -0.5417 -0.7859 -0.2983
vn -0.7124 -0.0687 0.6984
vn -0.1117 -0.9794 -0.1681
vn 0.0544 -0.9817 -0.1825
vn -0.9700 -0.0248 -0.2419
vn -0.9716 -0.0289 -0.2348
vn -0.9762 -0.0415 -0.2130
vn -0.9933 -0.1038 -0.0510
vn -0.6690 0.7432 -0.0105
vn -0.6304 -0.0988 0.7700
vn -0.9717 -0.1448 0.1867
vn -0.0782 -0.9885 0.1291
vn -0.9909 -0.1274 -0.0424
vn -0.9782 -0.1380 0.1550
vn -0.9828 -0.0661 0.1726
vn -0.9672 -0.0182 -0.2533
vn -0.5924 -0.0905 -0.8006
vn -0.5564 -0.0505 -0.8293
vn -0.5433 -0.0140 -0.8394
vn -0.5533 0.0502 -0.8315
vn -0.9932 -0.1131 -0.0257
vn -0.1193 -0.9775 0.1742
vn -0.0831 -0.9869 0.1385
vn -0.6540 0.7557 -0.0353
vn -0.9829 -0.0436 0.1791
vn -0.6032 -0.0994 -0.7914
vn -0.3100 -0.9504 0.0243
vn -0.9901 -0.1390 -0.0203
vn -0.9891 -0.0238 0.1456
vn -0.9705 -0.1517 0.1874
vn -0.9723 -0.1435 0.1847
vn -0.9272 -0.2286 -0.2967
vn -0.9034 -0.2320 -0.3606
vn -0.7111 -0.4306 -0.5557
vn -0.9918 -0.1159 -0.0533
vn -0.9682 -0.0903 -0.2334
vn -0.2252 -0.9661 -0.1265
vn -0.9038 -0.3697 0.2158
vn -0.9911 -0.1305 0.0245
vn -0.8031 -0.5401 0.2515
vn -0.9805 -0.1220 0.1542
vn -0.2046 -0.9629 0.1762
vn -0.9868 0.0975 0.1291
vn -0.9167 0.3903 0.0857
vn -0.6022 -0.1029 0.7917
vn -0.9702 -0.1859 0.1554
vn 0.9874 0.1340 0.0844
vn 0.1292 -0.9916 -0.0062
vn 0.0911 -0.9956 0.0211
vn 0.1512 -0.9885 -0.0079
vn 0.1671 -0.9797 -0.1106
vn 0.2563 0.0419 -0.9657
vn 0.2552 0.0293 -0.9664
vn 0.2590 0.0404 -0.9650
vn 0.2627 0.0301 -0.9644
vn 0.1208 0.0345 0.9921
vn 0.0911 0.1018 0.9906
vn 0.0768 -0.9968 0.0209
vn 0.0578 -0.9938 0.0949
vn 0.0000 1.0000 0.0000
vn 0.0000 1.0000 0.0000
vn 0.0000 1.0000 0.0000
vn 0.0000 1.0000 0.0000
vn 0.0000 1.0000 0.0000
vn 0.0000 1.0000 0.0000
vn 0.0000 1.0000 0.0000
vn 0.0000 1.0000 0.0000
vn 0.0000 1.0000 0.0000
vn 0.0000 1.0000 0.0000
vn 0.0000 1.0000 0.0000
vn 0.0000 1.0000 0.0000
vn 0.0000 1.0000 0.0000
vn 0.0000 1.0000 0.0000
vn 0.0000 1.0000 0.0000
vn 0.0000 1.0000 0.0000
f 1457/1457/1457 1458/1458/1458 1459/1459/1459
f 1460/1460/1460 1461/1461/1461 1462/1462/1462
f 1463/1463/1463 1464/1464/1464 1465/1465/1465
f 1465/1465/1465 1466/1466/1466 1463/1463/1463
f 1465/1465/1465 1464/1464/1464 1467/1467/1467
f 1466/1466/1466 1465/1465/1465 1468/1468/1468
f 1469/1469/1469 1470/1470/1470 1471/1471/1471
f 1472/1472/1472 1473/1473/1473 1474/1474/1474
f 1475/1475/1475 1467/1467/1467 1464/1464/1464
f 1476/1476/1476 1477/1477/1477 1478/1478/1478
f 1479/1479/1479 1480/1480/1480 1481/1481/1481
f 1482/1482/1482 1483/1483/1483 1484/1484/1484
f 1485/1485/1485 1486/1486/1486 1487/1487/1487
f 1472/1472/1472 1474/1474/1474 1488/1488/1488
f 1481/1481/1481 1489/1489/1489 1479/1479/1479
f 1490/1490/1490 1472/1472/1472 1488/1488/1488
f 1491/1491/1491 1492/1492/1492 1493/1493/1493
f 1494/1494/1494 1495/1495/1495 1496/1496/1496
f 1497/1497/1497 1498/1498/1498 1499/1499/1499
f 1493/1493/1493 1500/1500/1500 1491/1491/1491
f 2118/2118/2118 1501/1501/1501 1502/1502/1502
f 1503/1503/1503 1504/1504/1504 1505/1505/1505
f 1506/1506/1506 1507/1507/1507 1508/1508/1508
f 1509/1509/1509 1510/1510/1510 1511/1511/1511
f 1512/1512/1512 1513/1513/1513 1514/1514/1514
f 1515/1515/1515 1495/1495/1495 1494/1494/1494
f 1503/1503/1503 1505/1505/1505 1516/1516/1516
f 1517/1517/1517 1457/1457/1457 1459/1459/1459
f 1518/1518/1518 1519/1519/1519 1520/1520/1520
f 1521/1521/1521 1457/1457/1457 1517/1517/1517
f 1521/1521/1521 1522/1522/1522 1457/1457/1457
f 1523/1523/1523 1524/1524/1524 1525/1525/1525
f 1510/1510/1510 1509/1509/1509 1526/1526/1526
f 1490/1490/1490 1488/1488/1488 1527/1527/1527
f 1528/1528/1528 1529/1529/1529 1530/1530/1530
f 1531/1531/1531 1532/1532/1532 1533/1533/1533
f 1534/1534/1534 1535/1535/1535 1536/1536/1536
f 1534/1534/1534 1537/1537/1537 1535/1535/1535
f 1538/1538/1538 1539/1539/1539 1540/1540/1540
f 1540/1540/1540 1541/1541/1541 1538/1538/1538
f 1542/1542/1542 1543/1543/1543 1544/1544/1544
f 1545/1545/1545 1528/1528/1528 1530/1530/1530
f 1527/1527/1527 1546/1546/1546 1490/1490/1490
f 939/939/939 940/940/940 941/941/941
f 1532/1532/1532 1531/1531/1531 1547/1547/1547
f 1548/1548/1548 1549/1549/1549 1550/1550/1550
f 1551/1551/1551 1552/1552/1552 1553/1553/1553
f 1554/1554/1554 1555/1555/1555 1556/1556/1556
f 1557/1557/1557 1558/1558/1558 1559/1559/1559
f 1560/1560/1560 1459/1459/1459 1458/1458/1458
f 1458/1458/1458 1561/1561/1561 1560/1560/1560
f 1562/1562/1562 1563/1563/1563 1517/1517/1517
f 1522/1522/1522 1564/1564/1564 1457/1457/1457
f 942/942/942 943/943/943 944/944/944
f 1565/1565/1565 1566/1566/1566 1567/1567/1567
f 1517/1517/1517 1568/1568/1568 1521/1521/1521
f 1549/1549/1549 1569/1569/1569 1550/1550/1550
f 1568/1568/1568 1517/1517/1517 1563/1563/1563
f 1570/1570/1570 1571/1571/1571 1572/1572/1572
f 1573/1573/1573 1574/1574/1574 1575/1575/1575
f 1530/1530/1530 1576/1576/1576 1545/1545/1545
f 1577/1577/1577 1544/1544/1544 1543/1543/1543
f 945/945/945 942/942/942 944/944/944
f 1547/1547/1547 1531/1531/1531 1578/1578/1578
f 1520/1520/1520 1579/1579/1579 1518/1518/1518
f 1580/1580/1580 1490/1490/1490 1546/1546/1546
f 1457/1457/1457 1564/1564/1564 1581/1581/1581
f 1551/1551/1551 1553/1553/1553 1582/1582/1582
f 1560/1560/1560 1583/1583/1583 1459/1459/1459
f 1497/1497/1497 1499/1499/1499 1584/1584/1584
f 1566/1566/1566 1565/1565/1565 1585/1585/1585
f 1586/1586/1586 1587/1587/1587 1588/1588/1588
f 946/946/946 947/947/947 948/948/948
f 1589/1589/1589 1590/1590/1590 1591/1591/1591
f 949/949/949 947/947/947 946/946/946
f 1520/1520/1520 1592/1592/1592 1579/1579/1579
f 1585/1585/1585 1565/1565/1565 1593/1593/1593
f 1594/1594/1594 1591/1591/1591 1590/1590/1590
f 1587/1587/1587 1595/1595/1595 1588/1588/1588
f 1596/1596/1596 1597/1597/1597 1598/1598/1598
f 1578/1578/1578 1599/1599/1599 1547/1547/1547
f 1530/1530/1530 1600/1600/1600 1576/1576/1576
f 1601/1601/1601 1602/1602/1602 1603/1603/1603
f 1604/1604/1604 1605/1605/1605 1606/1606/1606
f 1605/1605/1605 1607/1607/1607 1606/1606/1606
f 950/950/950 951/951/951 952/952/952
f 1608/1608/1608 1603/1603/1603 1602/1602/1602
f 2119/2119/2119 1563/1563/1563 1562/1562/1562
f 1609/1609/1609 1573/1573/1573 1575/1575/1575
f 950/950/950 953/953/953 951/951/951
f 954/954/954 950/950/950 952/952/952
f 1531/1531/1531 1533/1533/1533 1610/1610/1610
f 955/955/955 956/956/956 957/957/957
f 1568/1568/1568 1563/1563/1563 2120/2120/2120
f 958/958/958 959/959/959 960/960/960
f 1563/1563/1563 1611/1611/1611 2120/2120/2120
f 1563/1563/1563 2119/2119/2119 2121/2121/2121
f 961/961/961 962/962/962 963/963/963
f 964/964/964 965/965/965 966/966/966
f 1588/1588/1588 1595/1595/1595 1612/1612/1612
f 956/956/956 967/967/967 957/957/957
f 968/968/968 969/969/969 970/970/970
f 971/971/971 972/972/972 973/973/973
f 1613/1613/1613 1614/1614/1614 1615/1615/1615
f 958/958/958 960/960/960 974/974/974
f 1616/1616/1616 1617/1617/1617 1618/1618/1618
f 2122/2122/2122 1581/1581/1581 1564/1564/1564
f 1558/1558/1558 1557/1557/1557 1619/1619/1619
f 975/975/975 976/976/976 977/977/977
f 1620/1620/1620 1616/1616/1616 1618/1618/1618
f 978/978/978 974/974/974 979/979/979
f 980/980/980 981/981/981 982/982/982
f 1618/1618/1618 1617/1617/1617 1621/1621/1621
f 978/978/978 983/983/983 958/958/958
f 978/978/978 958/958/958 974/974/974
f 973/973/973 984/984/984 971/971/971
f 1579/1579/1579 1592/1592/1592 1622/1622/1622
f 979/979/979 985/985/985 978/978/978
f 969/969/969 986/986/986 970/970/970
f 1531/1531/1531 1610/1610/1610 1623/1623/1623
f 1599/1599/1599 1578/1578/1578 1624/1624/1624
f 977/977/977 976/976/976 987/987/987
f 988/988/988 989/989/989 990/990/990
f 991/991/991 992/992/992 993/993/993
f 1625/1625/1625 1626/1626/1626 1627/1627/1627
f 1625/1625/1625 1628/1628/1628 1626/1626/1626
f 994/994/994 995/995/995 996/996/996
f 947/947/947 949/949/949 997/997/997
f 998/998/998 999/999/999 1000/1000/1000
f 1001/1001/1001 1002/1002/1002 1003/1003/1003
f 1004/1004/1004 1005/1005/1005 1006/1006/1006
f 1007/1007/1007 949/949/949 1008/1008/1008
f 980/980/980 1009/1009/1009 981/981/981
f 939/939/939 941/941/941 1010/1010/1010
f 1581/1581/1581 2122/2122/2122 1629/1629/1629
f 1001/1001/1001 1011/1011/1011 1002/1002/1002
f 1615/1615/1615 1630/1630/1630 1613/1613/1613
f 500/500/500 501/501/501 502/502/502
f 1012/1012/1012 1004/1004/1004 1006/1006/1006
f 1631/1631/1631 1632/1632/1632 1633/1633/1633
f 1013/1013/1013 1014/1014/1014 1015/1015/1015
f 1630/1630/1630 1634/1634/1634 1613/1613/1613
f 1016/1016/1016 1017/1017/1017 1018/1018/1018
f 1019/1019/1019 1020/1020/1020 1021/1021/1021
f 1021/1021/1021 1022/1022/1022 1019/1019/1019
f 1023/1023/1023 1024/1024/1024 1025/1025/1025
f 1000/1000/1000 999/999/999 1026/1026/1026
f 1635/1635/1635 1636/1636/1636 1637/1637/1637
f 1017/1017/1017 1016/1016/1016 1027/1027/1027
f 503/503/503 504/504/504 505/505/505
f 501/501/501 506/506/506 502/502/502
f 507/507/507 508/508/508 509/509/509
f 1014/1014/1014 1013/1013/1013 1028/1028/1028
f 1029/1029/1029 1030/1030/1030 1031/1031/1031
f 1031/1031/1031 1032/1032/1032 1033/1033/1033
f 956/956/956 1034/1034/1034 967/967/967
f 970/970/970 986/986/986 1035/1035/1035
f 1036/1036/1036 1000/1000/1000 1026/1026/1026
f 1037/1037/1037 1038/1038/1038 1039/1039/1039
f 1627/1627/1627 1626/1626/1626 1638/1638/1638
f 1627/1627/1627 1638/1638/1638 1639/1639/1639
f 1609/1609/1609 1640/1640/1640 1573/1573/1573
f 1040/1040/1040 1041/1041/1041 1042/1042/1042
f 510/510/510 511/511/511 512/512/512
f 1014/1014/1014 1043/1043/1043 1015/1015/1015
f 507/507/507 513/513/513 508/508/508
f 514/514/514 515/515/515 516/516/516
f 1641/1641/1641 1642/1642/1642 1643/1643/1643
f 517/517/517 518/518/518 519/519/519
f 1644/1644/1644 1645/1645/1645 1646/1646/1646
f 1023/1023/1023 1025/1025/1025 1044/1044/1044
f 1560/1560/1560 1561/1561/1561 1647/1647/1647
f 1040/1040/1040 1042/1042/1042 1045/1045/1045
f 1009/1009/1009 980/980/980 1046/1046/1046
f 1024/1024/1024 1047/1047/1047 1025/1025/1025
f 1048/1048/1048 1049/1049/1049 1050/1050/1050
f 514/514/514 516/516/516 520/520/520
f 521/521/521 522/522/522 523/523/523
f 989/989/989 1051/1051/1051 990/990/990
f 1007/1007/1007 997/997/997 949/949/949
f 1648/1648/1648 1649/1649/1649 1650/1650/1650
f 1649/1649/1649 1648/1648/1648 1651/1651/1651
f 1052/1052/1052 1053/1053/1053 1054/1054/1054
f 994/994/994 1055/1055/1055 995/995/995
f 516/516/516 524/524/524 520/520/520
f 1056/1056/1056 1057/1057/1057 1058/1058/1058
f 1043/1043/1043 1014/1014/1014 1059/1059/1059
f 1054/1054/1054 1060/1060/1060 1052/1052/1052
f 1061/1061/1061 1062/1062/1062 1063/1063/1063
f 1064/1064/1064 1031/1031/1031 1030/1030/1030
f 525/525/525 526/526/526 527/527/527
f 1041/1041/1041 1065/1065/1065 1066/1066/1066
f 1042/1042/1042 1041/1041/1041 1066/1066/1066
f 1040/1040/1040 1045/1045/1045 1067/1067/1067
f 511/511/511 510/510/510 528/528/528
f 526/526/526 529/529/529 527/527/527
f 1068/1068/1068 1069/1069/1069 1070/1070/1070
f 1071/1071/1071 1072/1072/1072 1073/1073/1073
f 1074/1074/1074 1075/1075/1075 1076/1076/1076
f 970/970/970 1035/1035/1035 1077/1077/1077
f 1078/1078/1078 1079/1079/1079 1080/1080/1080
f 530/530/530 531/531/531 532/532/532
f 525/525/525 527/527/527 533/533/533
f 1008/1008/1008 1081/1081/1081 1007/1007/1007
f 1082/1082/1082 1083/1083/1083 1084/1084/1084
f 1036/1036/1036 1085/1085/1085 1000/1000/1000
f 1071/1071/1071 1073/1073/1073 1086/1086/1086
f 534/534/534 535/535/535 536/536/536
f 1087/1087/1087 1088/1088/1088 1089/1089/1089
f 1082/1082/1082 1090/1090/1090 1083/1083/1083
f 1623/1623/1623 1652/1652/1652 1531/1531/1531
f 2123/2123/2123 2124/2124/2124 1653/1653/1653
f 967/967/967 1034/1034/1034 1091/1091/1091
f 537/537/537 538/538/538 539/539/539
f 540/540/540 541/541/541 542/542/542
f 536/536/536 535/535/535 543/543/543
f 1092/1092/1092 1093/1093/1093 1094/1094/1094
f 544/544/544 545/545/545 546/546/546
f 1095/1095/1095 1096/1096/1096 1097/1097/1097
f 1095/1095/1095 1097/1097/1097 1098/1098/1098
f 1626/1626/1626 1628/1628/1628 1654/1654/1654
f 1031/1031/1031 1064/1064/1064 1032/1032/1032
f 977/977/977 987/987/987 1099/1099/1099
f 1100/1100/1100 1065/1065/1065 1041/1041/1041
f 1101/1101/1101 1102/1102/1102 1103/1103/1103
f 531/531/531 547/547/547 532/532/532
f 548/548/548 549/549/549 550/550/550
f 1/1/1 2/2/2 3/3/3
f 1104/1104/1104 1105/1105/1105 1106/1106/1106
f 1107/1107/1107 1108/1108/1108 1017/1017/1017
f 4/4/4 5/5/5 6/6/6
f 551/551/551 552/552/552 553/553/553
f 3/3/3 7/7/7 1/1/1
f 5/5/5 8/8/8 6/6/6
f 1109/1109/1109 1110/1110/1110 1111/1111/1111
f 1112/1112/1112 977/977/977 1099/1099/1099
f 1046/1046/1046 1113/1113/1113 1009/1009/1009
f 554/554/554 540/540/540 542/542/542
f 555/555/555 556/556/556 557/557/557
f 558/558/558 521/521/521 523/523/523
f 539/539/539 538/538/538 559/559/559
f 1088/1088/1088 1087/1087/1087 1114/1114/1114
f 1085/1085/1085 1036/1036/1036 1115/1115/1115
f 1650/1650/1650 1649/1649/1649 1655/1655/1655
f 1116/1116/1116 1050/1050/1050 1117/1117/1117
f 1118/1118/1118 1119/1119/1119 1091/1091/1091
f 1063/1063/1063 1120/1120/1120 1061/1061/1061
f 560/560/560 551/551/551 553/553/553
f 1121/1121/1121 1122/1122/1122 1123/1123/1123
f 1050/1050/1050 1116/1116/1116 1048/1048/1048
f 1030/1030/1030 1029/1029/1029 1124/1124/1124
f 1125/1125/1125 1126/1126/1126 1127/1127/1127
f 1125/1125/1125 1127/1127/1127 1128/1128/1128
f 1017/1017/1017 1108/1108/1108 1129/1129/1129
f 1656/1656/1656 1581/1581/1581 1629/1629/1629
f 1130/1130/1130 1131/1131/1131 1132/1132/1132
f 1133/1133/1133 1018/1018/1018 1017/1017/1017
f 529/529/529 526/526/526 561/561/561
f 562/562/562 563/563/563 564/564/564
f 9/9/9 10/10/10 11/11/11
f 535/535/535 565/565/565 543/543/543
f 1093/1093/1093 1092/1092/1092 1134/1134/1134
f 566/566/566 567/567/567 568/568/568
f 12/12/12 13/13/13 14/14/14
f 1080/1080/1080 1079/1079/1079 1135/1135/1135
f 1106/1106/1106 1105/1105/1105 1136/1136/1136
f 1047/1047/1047 1024/1024/1024 1137/1137/1137
f 569/569/569 570/570/570 571/571/571
f 545/545/545 572/572/572 546/546/546
f 9/9/9 15/15/15 10/10/10
f 1138/1138/1138 1139/1139/1139 1140/1140/1140
f 549/549/549 573/573/573 550/550/550
f 1421/1421/1421 1141/1141/1141 1422/1422/1422
f 16/16/16 17/17/17 18/18/18
f 19/19/19 20/20/20 21/21/21
f 574/574/574 546/546/546 572/572/572
f 1142/1142/1142 1143/1143/1143 1144/1144/1144
f 20/20/20 19/19/19 22/22/22
f 23/23/23 17/17/17 16/16/16
f 1145/1145/1145 1146/1146/1146 1147/1147/1147
f 575/575/575 576/576/576 577/577/577
f 1657/1657/1657 1658/1658/1658 1648/1648/1648
f 578/578/578 579/579/579 580/580/580
f 522/522/522 581/581/581 523/523/523
f 582/582/582 583/583/583 584/584/584
f 24/24/24 25/25/25 26/26/26
f 1108/1108/1108 1107/1107/1107 1148/1148/1148
f 1147/1147/1147 1149/1149/1149 1145/1145/1145
f 1150/1150/1150 1151/1151/1151 1152/1152/1152
f 585/585/585 586/586/586 587/587/587
f 521/521/521 588/588/588 589/589/589
f 1143/1143/1143 1142/1142/1142 1153/1153/1153
f 1077/1077/1077 1035/1035/1035 1154/1154/1154
f 1155/1155/1155 1156/1156/1156 1157/1157/1157
f 590/590/590 591/591/591 592/592/592
f 1045/1045/1045 1422/1422/1422 1141/1141/1141
f 27/27/27 28/28/28 29/29/29
f 586/586/586 593/593/593 587/587/587
f 1158/1158/1158 1123/1123/1123 1122/1122/1122
f 1156/1156/1156 1159/1159/1159 1157/1157/1157
f 1129/1129/1129 1133/1133/1133 1017/1017/1017
f 1160/1160/1160 1161/1161/1161 1162/1162/1162
f 1639/1639/1639 1638/1638/1638 1659/1659/1659
f 1120/1120/1120 1163/1163/1163 1164/1164/1164
f 1165/1165/1165 1166/1166/1166 1167/1167/1167
f 1168/1168/1168 1140/1140/1140 1139/1139/1139
f 1057/1057/1057 1169/1169/1169 1058/1058/1058
f 1146/1146/1146 1170/1170/1170 1147/1147/1147
f 594/594/594 595/595/595 596/596/596
f 588/588/588 521/521/521 558/558/558
f 597/597/597 598/598/598 599/599/599
f 30/30/30 31/31/31 32/32/32
f 1171/1171/1171 1172/1172/1172 1173/1173/1173
f 1174/1174/1174 1175/1175/1175 1176/1176/1176
f 600/600/600 601/601/601 602/602/602
f 1150/1150/1150 1152/1152/1152 1177/1177/1177
f 1175/1175/1175 1174/1174/1174 1178/1178/1178
f 574/574/574 572/572/572 603/603/603
f 604/604/604 605/605/605 606/606/606
f 1660/1660/1660 1654/1654/1654 1628/1628/1628
f 607/607/607 608/608/608 609/609/609
f 1179/1179/1179 1180/1180/1180 1181/1181/1181
f 610/610/610 605/605/605 604/604/604
f 1180/1180/1180 1179/1179/1179 1182/1182/1182
f 1035/1035/1035 1183/1183/1183 1154/1154/1154
f 1178/1178/1178 1174/1174/1174 1184/1184/1184
f 1185/1185/1185 1171/1171/1171 1173/1173/1173
f 1120/1120/1120 1063/1063/1063 1163/1163/1163
f 1057/1057/1057 1186/1186/1186 1169/1169/1169
f 1653/1653/1653 1661/1661/1661 2123/2123/2123
f 1187/1187/1187 1188/1188/1188 1189/1189/1189
f 1190/1190/1190 1191/1191/1191 1192/1192/1192
f 1101/1101/1101 1103/1103/1103 1193/1193/1193
f 611/611/611 612/612/612 613/613/613
f 614/614/614 615/615/615 616/616/616
f 24/24/24 33/33/33 25/25/25
f 1194/1194/1194 1195/1195/1195 1196/1196/1196
f 1108/1108/1108 1148/1148/1148 1197/1197/1197
f 617/617/617 529/529/529 561/561/561
f 1091/1091/1091 1034/1034/1034 1118/1118/1118
f 618/618/618 619/619/619 620/620/620
f 29/29/29 28/28/28 34/34/34
f 35/35/35 36/36/36 37/37/37
f 608/608/608 621/621/621 609/609/609
f 1044/1044/1044 1025/1025/1025 1198/1198/1198
f 1662/1662/1662 1663/1663/1663 1664/1664/1664
f 622/622/622 623/623/623 624/624/624
f 577/577/577 576/576/576 625/625/625
f 615/615/615 614/614/614 626/626/626
f 1195/1195/1195 1194/1194/1194 1199/1199/1199
f 627/627/627 628/628/628 629/629/629
f 35/35/35 37/37/37 38/38/38
f 630/630/630 631/631/631 632/632/632
f 617/617/617 633/633/633 634/634/634
f 635/635/635 636/636/636 637/637/637
f 39/39/39 40/40/40 41/41/41
f 1658/1658/1658 1665/1665/1665 1648/1648/1648
f 1187/1187/1187 1200/1200/1200 1188/1188/1188
f 638/638/638 578/578/578 580/580/580
f 554/554/554 542/542/542 639/639/639
f 640/640/640 641/641/641 642/642/642
f 42/42/42 43/43/43 44/44/44
f 1124/1124/1124 1029/1029/1029 1201/1201/1201
f 609/609/609 621/621/621 643/643/643
f 644/644/644 645/645/645 646/646/646
f 647/647/647 648/648/648 649/649/649
f 650/650/650 651/651/651 652/652/652
f 594/594/594 596/596/596 653/653/653
f 45/45/45 46/46/46 47/47/47
f 45/45/45 47/47/47 48/48/48
f 49/49/49 38/38/38 37/37/37
f 654/654/654 628/628/628 627/627/627
f 50/50/50 51/51/51 52/52/52
f 1202/1202/1202 1203/1203/1203 1204/1204/1204
f 591/591/591 655/655/655 592/592/592
f 1130/1130/1130 1132/1132/1132 1205/1205/1205
f 1206/1206/1206 1207/1207/1207 1208/1208/1208
f 1169/1169/1169 1186/1186/1186 1209/1209/1209
f 656/656/656 651/651/651 650/650/650
f 53/53/53 54/54/54 55/55/55
f 543/543/543 657/657/657 658/658/658
f 536/536/536 543/543/543 658/658/658
f 56/56/56 57/57/57 58/58/58
f 1167/1167/1167 1166/1166/1166 1210/1210/1210
f 598/598/598 659/659/659 599/599/599
f 59/59/59 60/60/60 61/61/61
f 62/62/62 60/60/60 59/59/59
f 660/660/660 554/554/554 639/639/639
f 1666/1666/1666 1643/1643/1643 1642/1642/1642
f 1667/1667/1667 1561/1561/1561 1668/1668/1668
f 1131/1131/1131 1211/1211/1211 1132/1132/1132
f 1112/1112/1112 1099/1099/1099 1212/1212/1212
f 1213/1213/1213 1044/1044/1044 1198/1198/1198
f 653/653/653 596/596/596 661/661/661
f 545/545/545 544/544/544 662/662/662
f 42/42/42 63/63/63 43/43/43
f 64/64/64 65/65/65 66/66/66
f 67/67/67 68/68/68 69/69/69
f 1201/1201/1201 1423/1423/1423 1124/1124/1124
f 492/492/492 493/493/493 70/70/70
f 581/581/581 663/663/663 523/523/523
f 647/647/647 664/664/664 648/648/648
f 1141/1141/1141 1067/1067/1067 1045/1045/1045
f 665/665/665 666/666/666 667/667/667
f 1669/1669/1669 1670/1670/1670 1671/1671/1671
f 1672/1672/1672 1673/1673/1673 1674/1674/1674
f 1214/1214/1214 1215/1215/1215 1216/1216/1216
f 657/657/657 668/668/668 658/658/658
f 71/71/71 43/43/43 63/63/63
f 669/669/669 667/667/667 666/666/666
f 72/72/72 73/73/73 74/74/74
f 608/608/608 670/670/670 671/671/671
f 1093/1093/1093 1134/1134/1134 1217/1217/1217
f 602/602/602 672/672/672 600/600/600
f 673/673/673 633/633/633 674/674/674
f 675/675/675 676/676/676 677/677/677
f 678/678/678 679/679/679 680/680/680
f 561/561/561 633/633/633 617/617/617
f 621/621/621 608/608/608 671/671/671
f 1218/1218/1218 1219/1219/1219 1220/1220/1220
f 70/70/70 75/75/75 492/492/492
f 1046/1046/1046 1221/1221/1221 1113/1113/1113
f 1047/1047/1047 1137/1137/1137 1222/1222/1222
f 1162/1162/1162 1161/1161/1161 1223/1223/1223
f 557/557/557 556/556/556 672/672/672
f 598/598/598 681/681/681 659/659/659
f 54/54/54 53/53/53 76/76/76
f 58/58/58 77/77/77 78/78/78
f 1213/1213/1213 1198/1198/1198 1224/1224/1224
f 1225/1225/1225 1226/1226/1226 1227/1227/1227
f 58/58/58 79/79/79 56/56/56
f 1423/1423/1423 1201/1201/1201 1424/1424/1424
f 1670/1670/1670 1669/1669/1669 1675/1675/1675
f 1667/1667/1667 1647/1647/1647 1561/1561/1561
f 674/674/674 633/633/633 561/561/561
f 1218/1218/1218 1220/1220/1220 1228/1228/1228
f 1229/1229/1229 1230/1230/1230 1231/1231/1231
f 1208/1208/1208 1207/1207/1207 1232/1232/1232
f 1233/1233/1233 1234/1234/1234 1235/1235/1235
f 1236/1236/1236 1237/1237/1237 1238/1238/1238
f 1046/1046/1046 1239/1239/1239 1221/1221/1221
f 659/659/659 681/681/681 668/668/668
f 682/682/682 582/582/582 584/584/584
f 38/38/38 49/49/49 80/80/80
f 81/81/81 82/82/82 83/83/83
f 1240/1240/1240 1234/1234/1234 1233/1233/1233
f 1241/1241/1241 1237/1237/1237 1236/1236/1236
f 1651/1651/1651 1648/1648/1648 1665/1665/1665
f 1242/1242/1242 1243/1243/1243 1244/1244/1244
f 603/603/603 572/572/572 683/683/683
f 62/62/62 84/84/84 60/60/60
f 1245/1245/1245 1246/1246/1246 1247/1247/1247
f 937/937/937 938/938/938 663/663/663
f 85/85/85 14/14/14 86/86/86
f 1242/1242/1242 1248/1248/1248 1243/1243/1243
f 1249/1249/1249 1212/1212/1212 1099/1099/1099
f 87/87/87 88/88/88 89/89/89
f 662/662/662 572/572/572 545/545/545
f 657/657/657 659/659/659 668/668/668
f 582/582/582 682/682/682 684/684/684
f 58/58/58 78/78/78 90/90/90
f 639/639/639 651/651/651 656/656/656
f 685/685/685 686/686/686 687/687/687
f 74/74/74 91/91/91 72/72/72
f 92/92/92 93/93/93 94/94/94
f 92/92/92 94/94/94 95/95/95
f 85/85/85 12/12/12 14/14/14
f 1250/1250/1250 1424/1424/1424 1201/1201/1201
f 1655/1655/1655 1676/1676/1676 1677/1677/1677
f 96/96/96 97/97/97 98/98/98
f 1643/1643/1643 1666/1666/1666 1678/1678/1678
f 1655/1655/1655 1649/1649/1649 1679/1679/1679
f 675/675/675 688/688/688 676/676/676
f 1251/1251/1251 1240/1240/1240 1233/1233/1233
f 1680/1680/1680 1656/1656/1656 1629/1629/1629
f 1252/1252/1252 1253/1253/1253 1254/1254/1254
f 689/689/689 690/690/690 691/691/691
f 59/59/59 61/61/61 99/99/99
f 1255/1255/1255 1256/1256/1256 1257/1257/1257
f 611/611/611 613/613/613 692/692/692
f 672/672/672 602/602/602 693/693/693
f 937/937/937 663/663/663 581/581/581
f 96/96/96 100/100/100 97/97/97
f 101/101/101 102/102/102 103/103/103
f 104/104/104 105/105/105 106/106/106
f 107/107/107 108/108/108 109/109/109
f 689/689/689 691/691/691 694/694/694
f 1681/1681/1681 1674/1674/1674 1673/1673/1673
f 630/630/630 695/695/695 631/631/631
f 683/683/683 572/572/572 662/662/662
f 1134/1134/1134 1258/1258/1258 1217/1217/1217
f 107/107/107 109/109/109 110/110/110
f 111/111/111 112/112/112 113/113/113
f 114/114/114 115/115/115 116/116/116
f 117/117/117 106/106/106 105/105/105
f 1655/1655/1655 1679/1679/1679 1676/1676/1676
f 118/118/118 106/106/106 119/119/119
f 1229/1229/1229 1231/1231/1231 1259/1259/1259
f 79/79/79 58/58/58 90/90/90
f 696/696/696 697/697/697 698/698/698
f 699/699/699 685/685/685 687/687/687
f 676/676/676 688/688/688 700/700/700
f 1623/1623/1623 1682/1682/1682 1683/1683/1683
f 1652/1652/1652 1623/1623/1623 1683/1683/1683
f 1684/1684/1684 1665/1665/1665 1658/1658/1658
f 115/115/115 120/120/120 116/116/116
f 84/84/84 62/62/62 121/121/121
f 122/122/122 123/123/123 124/124/124
f 701/701/701 694/694/694 691/691/691
f 494/494/494 495/495/495 89/89/89
f 1203/1203/1203 1260/1260/1260 1204/1204/1204
f 702/702/702 703/703/703 704/704/704
f 699/699/699 705/705/705 685/685/685
f 106/106/106 117/117/117 119/119/119
f 698/698/698 706/706/706 696/696/696
f 656/656/656 650/650/650 707/707/707
f 125/125/125 69/69/69 68/68/68
f 126/126/126 127/127/127 128/128/128
f 708/708/708 709/709/709 710/710/710
f 1132/1132/1132 1211/1211/1211 1232/1232/1232
f 639/639/639 656/656/656 660/660/660
f 102/102/102 129/129/129 103/103/103
f 128/128/128 127/127/127 130/130/130
f 123/123/123 131/131/131 132/132/132
f 1685/1685/1685 1686/1686/1686 1687/1687/1687
f 133/133/133 134/134/134 135/135/135
f 698/698/698 711/711/711 706/706/706
f 612/612/612 712/712/712 613/613/613
f 1688/1688/1688 1689/1689/1689 1690/1690/1690
f 1258/1258/1258 1261/1261/1261 1262/1262/1262
f 713/713/713 714/714/714 715/715/715
f 716/716/716 717/717/717 718/718/718
f 75/75/75 70/70/70 80/80/80
f 122/122/122 131/131/131 123/123/123
f 52/52/52 51/51/51 136/136/136
f 134/134/134 133/133/133 137/137/137
f 1686/1686/1686 1685/1685/1685 1691/1691/1691
f 710/710/710 719/719/719 708/708/708
f 88/88/88 138/138/138 89/89/89
f 1645/1645/1645 1644/1644/1644 1692/1692/1692
f 1232/1232/1232 1207/1207/1207 1263/1263/1263
f 702/702/702 720/720/720 703/703/703
f 712/712/712 612/612/612 721/721/721
f 53/53/53 139/139/139 76/76/76
f 125/125/125 140/140/140 69/69/69
f 1693/1693/1693 1694/1694/1694 1695/1695/1695
f 1693/1693/1693 1696/1696/1696 1694/1694/1694
f 722/722/722 723/723/723 724/724/724
f 725/725/725 726/726/726 727/727/727
f 1226/1226/1226 1264/1264/1264 1265/1265/1265
f 728/728/728 729/729/729 730/730/730
f 731/731/731 732/732/732 733/733/733
f 734/734/734 735/735/735 736/736/736
f 66/66/66 65/65/65 141/141/141
f 1697/1697/1697 1698/1698/1698 1699/1699/1699
f 103/103/103 129/129/129 142/142/142
f 693/693/693 737/737/737 672/672/672
f 738/738/738 739/739/739 740/740/740
f 143/143/143 144/144/144 145/145/145
f 1697/1697/1697 1700/1700/1700 1698/1698/1698
f 741/741/741 742/742/742 743/743/743
f 713/713/713 744/744/744 714/714/714
f 47/47/47 146/146/146 48/48/48
f 147/147/147 148/148/148 149/149/149
f 1266/1266/1266 1167/1167/1167 1210/1210/1210
f 745/745/745 746/746/746 747/747/747
f 1263/1263/1263 1207/1207/1207 1267/1267/1267
f 660/660/660 656/656/656 748/748/748
f 66/66/66 141/141/141 150/150/150
f 1670/1670/1670 1701/1701/1701 1671/1671/1671
f 1226/1226/1226 1265/1265/1265 1227/1227/1227
f 89/89/89 138/138/138 494/494/494
f 1702/1702/1702 1703/1703/1703 1704/1704/1704
f 749/749/749 743/743/743 742/742/742
f 1705/1705/1705 1702/1702/1702 1704/1704/1704
f 1261/1261/1261 1258/1258/1258 1134/1134/1134
f 80/80/80 49/49/49 75/75/75
f 1666/1666/1666 1706/1706/1706 1678/1678/1678
f 2125/2125/2125 2123/2123/2123 1661/1661/1661
f 557/557/557 672/672/672 750/750/750
f 1707/1707/1707 1708/1708/1708 1709/1709/1709
f 1259/1259/1259 1268/1268/1268 1229/1229/1229
f 751/751/751 752/752/752 753/753/753
f 746/746/746 754/754/754 747/747/747
f 1167/1167/1167 1266/1266/1266 1269/1269/1269
f 2125/2125/2125 1661/1661/1661 1710/1710/1710
f 1132/1132/1132 1232/1232/1232 1270/1270/1270
f 638/638/638 580/580/580 755/755/755
f 151/151/151 152/152/152 153/153/153
f 1711/1711/1711 1708/1708/1708 1707/1707/1707
f 751/751/751 753/753/753 756/756/756
f 1661/1661/1661 1653/1653/1653 1712/1712/1712
f 737/737/737 757/757/757 672/672/672
f 154/154/154 66/66/66 150/150/150
f 155/155/155 156/156/156 157/157/157
f 108/108/108 158/158/158 109/109/109
f 1713/1713/1713 1714/1714/1714 1715/1715/1715
f 731/731/731 733/733/733 758/758/758
f 1716/1716/1716 1668/1668/1668 1717/1717/1717
f 1718/1718/1718 1719/1719/1719 1720/1720/1720
f 755/755/755 759/759/759 638/638/638
f 159/159/159 160/160/160 125/125/125
f 1721/1721/1721 1680/1680/1680 1629/1629/1629
f 132/132/132 131/131/131 161/161/161
f 1714/1714/1714 1722/1722/1722 1715/1715/1715
f 125/125/125 162/162/162 140/140/140
f 163/163/163 84/84/84 164/164/164
f 1723/1723/1723 1652/1652/1652 1683/1683/1683
f 1724/1724/1724 1725/1725/1725 1726/1726/1726
f 165/165/165 166/166/166 167/167/167
f 1727/1727/1727 1728/1728/1728 1729/1729/1729
f 168/168/168 169/169/169 170/170/170
f 1730/1730/1730 1731/1731/1731 1732/1732/1732
f 760/760/760 761/761/761 762/762/762
f 171/171/171 84/84/84 163/163/163
f 160/160/160 162/162/162 125/125/125
f 672/672/672 757/757/757 750/750/750
f 172/172/172 140/140/140 162/162/162
f 173/173/173 174/174/174 175/175/175
f 84/84/84 121/121/121 164/164/164
f 1684/1684/1684 1733/1733/1733 1665/1665/1665
f 717/717/717 763/763/763 718/718/718
f 764/764/764 765/765/765 766/766/766
f 174/174/174 176/176/176 175/175/175
f 177/177/177 107/107/107 110/110/110
f 767/767/767 768/768/768 769/769/769
f 178/178/178 179/179/179 180/180/180
f 2125/2125/2125 1710/1710/1710 2126/2126/2126
f 1734/1734/1734 1645/1645/1645 1692/1692/1692
f 1680/1680/1680 1735/1735/1735 1736/1736/1736
f 1737/1737/1737 1738/1738/1738 1739/1739/1739
f 764/764/764 621/621/621 765/765/765
f 181/181/181 177/177/177 110/110/110
f 182/182/182 177/177/177 181/181/181
f 1268/1268/1268 1271/1271/1271 1229/1229/1229
f 183/183/183 184/184/184 185/185/185
f 175/175/175 186/186/186 173/173/173
f 1740/1740/1740 1741/1741/1741 1742/1742/1742
f 164/164/164 187/187/187 163/163/163
f 188/188/188 189/189/189 190/190/190
f 770/770/770 771/771/771 772/772/772
f 773/773/773 774/774/774 775/775/775
f 191/191/191 192/192/192 193/193/193
f 192/192/192 194/194/194 193/193/193
f 179/179/179 195/195/195 180/180/180
f 1272/1272/1272 1271/1271/1271 1268/1268/1268
f 764/764/764 643/643/643 621/621/621
f 163/163/163 187/187/187 171/171/171
f 196/196/196 197/197/197 198/198/198
f 1743/1743/1743 1744/1744/1744 2126/2126/2126
f 1273/1273/1273 1274/1274/1274 1263/1263/1263
f 772/772/772 776/776/776 770/770/770
f 1745/1745/1745 1746/1746/1746 1747/1747/1747
f 773/773/773 775/775/775 777/777/777
f 1740/1740/1740 1748/1748/1748 1741/1741/1741
f 1275/1275/1275 1270/1270/1270 1232/1232/1232
f 199/199/199 156/156/156 155/155/155
f 200/200/200 201/201/201 202/202/202
f 203/203/203 204/204/204 205/205/205
f 199/199/199 155/155/155 206/206/206
f 656/656/656 778/778/778 748/748/748
f 1749/1749/1749 1750/1750/1750 1751/1751/1751
f 1263/1263/1263 1275/1275/1275 1232/1232/1232
f 207/207/207 208/208/208 209/209/209
f 210/210/210 211/211/211 212/212/212
f 198/198/198 197/197/197 213/213/213
f 779/779/779 630/630/630 632/632/632
f 1701/1701/1701 1670/1670/1670 1752/1752/1752
f 1263/1263/1263 1274/1274/1274 1275/1275/1275
f 1276/1276/1276 1202/1202/1202 1277/1277/1277
f 1203/1203/1203 1202/1202/1202 1276/1276/1276
f 656/656/656 780/780/780 778/778/778
f 156/156/156 199/199/199 214/214/214
f 781/781/781 779/779/779 632/632/632
f 1753/1753/1753 1652/1652/1652 1723/1723/1723
f 1754/1754/1754 1755/1755/1755 1756/1756/1756
f 1725/1725/1725 1757/1757/1757 1726/1726/1726
f 1262/1262/1262 1261/1261/1261 1278/1278/1278
f 1279/1279/1279 1265/1265/1265 1264/1264/1264
f 782/782/782 758/758/758 783/783/783
f 1758/1758/1758 1759/1759/1759 1760/1760/1760
f 1280/1280/1280 1281/1281/1281 1282/1282/1282
f 1283/1283/1283 1284/1284/1284 1285/1285/1285
f 1737/1737/1737 1739/1739/1739 1761/1761/1761
f 215/215/215 157/157/157 216/216/216
f 1286/1286/1286 1287/1287/1287 1288/1288/1288
f 1762/1762/1762 1763/1763/1763 1764/1764/1764
f 207/207/207 209/209/209 217/217/217
f 218/218/218 219/219/219 220/220/220
f 221/221/221 222/222/222 223/223/223
f 216/216/216 156/156/156 214/214/214
f 1283/1283/1283 1285/1285/1285 1289/1289/1289
f 1741/1741/1741 1765/1765/1765 1742/1742/1742
f 1651/1651/1651 1766/1766/1766 1649/1649/1649
f 1767/1767/1767 1768/1768/1768 1769/1769/1769
f 782/782/782 731/731/731 758/758/758
f 783/783/783 784/784/784 782/782/782
f 1290/1290/1290 1291/1291/1291 1292/1292/1292
f 224/224/224 225/225/225 226/226/226
f 1746/1746/1746 1745/1745/1745 1770/1770/1770
f 1293/1293/1293 1294/1294/1294 1295/1295/1295
f 1274/1274/1274 1296/1296/1296 1275/1275/1275
f 227/227/227 228/228/228 229/229/229
f 131/131/131 230/230/230 161/161/161
f 1680/1680/1680 1721/1721/1721 1735/1735/1735
f 1771/1771/1771 1678/1678/1678 1706/1706/1706
f 1772/1772/1772 1731/1731/1731 1730/1730/1730
f 1730/1730/1730 1773/1773/1773 1772/1772/1772
f 785/785/785 786/786/786 787/787/787
f 231/231/231 217/217/217 209/209/209
f 232/232/232 109/109/109 158/158/158
f 1774/1774/1774 1775/1775/1775 1776/1776/1776
f 752/752/752 788/788/788 753/753/753
f 789/789/789 790/790/790 791/791/791
f 1670/1670/1670 1777/1777/1777 1752/1752/1752
f 1778/1778/1778 1779/1779/1779 1780/1780/1780
f 1736/1736/1736 1735/1735/1735 1781/1781/1781
f 233/233/233 199/199/199 206/206/206
f 792/792/792 793/793/793 720/720/720
f 794/794/794 789/789/789 791/791/791
f 1289/1289/1289 1285/1285/1285 1297/1297/1297
f 1298/1298/1298 1299/1299/1299 1300/1300/1300
f 795/795/795 778/778/778 780/780/780
f 737/737/737 796/796/796 757/757/757
f 767/767/767 797/797/797 768/768/768
f 234/234/234 235/235/235 236/236/236
f 1723/1723/1723 1782/1782/1782 1753/1753/1753
f 1780/1780/1780 1779/1779/1779 1783/1783/1783
f 1741/1741/1741 1784/1784/1784 1765/1765/1765
f 798/798/798 799/799/799 800/800/800
f 237/237/237 238/238/238 239/239/239
f 240/240/240 241/241/241 242/242/242
f 1260/1260/1260 1203/1203/1203 1301/1301/1301
f 1676/1676/1676 1679/1679/1679 1785/1785/1785
f 1786/1786/1786 1787/1787/1787 1788/1788/1788
f 1789/1789/1789 1790/1790/1790 1791/1791/1791
f 1285/1285/1285 1302/1302/1302 1297/1297/1297
f 1286/1286/1286 1303/1303/1303 1287/1287/1287
f 1782/1782/1782 1792/1792/1792 1753/1753/1753
f 2127/2127/2127 2128/2128/2128 1793/1793/1793
f 1794/1794/1794 1795/1795/1795 1796/1796/1796
f 1301/1301/1301 1203/1203/1203 1304/1304/1304
f 1292/1292/1292 1305/1305/1305 1290/1290/1290
f 224/224/224 226/226/226 243/243/243
f 1797/1797/1797 1719/1719/1719 1718/1718/1718
f 1764/1764/1764 1763/1763/1763 1798/1798/1798
f 1306/1306/1306 1294/1294/1294 1293/1293/1293
f 222/222/222 244/244/244 223/223/223
f 1678/1678/1678 1771/1771/1771 1799/1799/1799
f 767/767/767 801/801/801 797/797/797
f 245/245/245 246/246/246 247/247/247
f 1733/1733/1733 1800/1800/1800 1665/1665/1665
f 1801/1801/1801 1735/1735/1735 1721/1721/1721
f 1743/1743/1743 1710/1710/1710 1802/1802/1802
f 1299/1299/1299 1307/1307/1307 1308/1308/1308
f 1803/1803/1803 1804/1804/1804 1805/1805/1805
f 737/737/737 802/802/802 796/796/796
f 236/236/236 235/235/235 248/248/248
f 803/803/803 782/782/782 784/784/784
f 1760/1760/1760 1759/1759/1759 1806/1806/1806
f 1712/1712/1712 1653/1653/1653 1807/1807/1807
f 1761/1761/1761 1808/1808/1808 1737/1737/1737
f 720/720/720 804/804/804 792/792/792
f 805/805/805 806/806/806 807/807/807
f 249/249/249 190/190/190 189/189/189
f 249/249/249 189/189/189 250/250/250
f 156/156/156 216/216/216 157/157/157
f 1668/1668/1668 1809/1809/1809 1667/1667/1667
f 753/753/753 788/788/788 808/808/808
f 1797/1797/1797 1718/1718/1718 1810/1810/1810
f 1781/1781/1781 1735/1735/1735 1811/1811/1811
f 1793/1793/1793 2128/2128/2128 1812/1812/1812
f 1265/1265/1265 1279/1279/1279 1309/1309/1309
f 1813/1813/1813 1735/1735/1735 1801/1801/1801
f 1809/1809/1809 1668/1668/1668 1814/1814/1814
f 1779/1779/1779 1815/1815/1815 1783/1783/1783
f 251/251/251 214/214/214 199/199/199
f 252/252/252 253/253/253 254/254/254
f 1770/1770/1770 1816/1816/1816 1746/1746/1746
f 1817/1817/1817 1754/1754/1754 1818/1818/1818
f 1310/1310/1310 1311/1311/1311 1312/1312/1312
f 1313/1313/1313 1314/1314/1314 1315/1315/1315
f 799/799/799 798/798/798 809/809/809
f 241/241/241 240/240/240 255/255/255
f 1768/1768/1768 1819/1819/1819 1769/1769/1769
f 1755/1755/1755 1754/1754/1754 1817/1817/1817
f 1316/1316/1316 1262/1262/1262 1278/1278/1278
f 1317/1317/1317 1318/1318/1318 1319/1319/1319
f 1320/1320/1320 1265/1265/1265 1309/1309/1309
f 1820/1820/1820 1734/1734/1734 1692/1692/1692
f 1770/1770/1770 1821/1821/1821 1816/1816/1816
f 1798/1798/1798 1822/1822/1822 1764/1764/1764
f 256/256/256 238/238/238 237/237/237
f 1788/1788/1788 1823/1823/1823 1786/1786/1786
f 1794/1794/1794 1824/1824/1824 1795/1795/1795
f 1319/1319/1319 1321/1321/1321 1317/1317/1317
f 801/801/801 810/810/810 797/797/797
f 1322/1322/1322 1323/1323/1323 1324/1324/1324
f 246/246/246 245/245/245 257/257/257
f 1825/1825/1825 1649/1649/1649 1766/1766/1766
f 811/811/811 795/795/795 780/780/780
f 1750/1750/1750 1749/1749/1749 1826/1826/1826
f 720/720/720 702/702/702 812/812/812
f 813/813/813 814/814/814 815/815/815
f 223/223/223 244/244/244 258/258/258
f 1325/1325/1325 1324/1324/1324 1323/1323/1323
f 1301/1301/1301 1326/1326/1326 1327/1327/1327
f 1743/1743/1743 2126/2126/2126 1710/1710/1710
f 1807/1807/1807 1827/1827/1827 1712/1712/1712
f 1828/1828/1828 1777/1777/1777 1670/1670/1670
f 1815/1815/1815 1829/1829/1829 1783/1783/1783
f 816/816/816 720/720/720 812/812/812
f 805/805/805 807/807/807 817/817/817
f 259/259/259 260/260/260 261/261/261
f 818/818/818 819/819/819 820/820/820
f 821/821/821 822/822/822 823/823/823
f 1784/1784/1784 1830/1830/1830 1765/1765/1765
f 786/786/786 785/785/785 824/824/824
f 825/825/825 826/826/826 827/827/827
f 262/262/262 260/260/260 259/259/259
f 263/263/263 254/254/254 253/253/253
f 828/828/828 819/819/819 818/818/818
f 1820/1820/1820 1692/1692/1692 1831/1831/1831
f 1832/1832/1832 1799/1799/1799 1771/1771/1771
f 1328/1328/1328 1309/1309/1309 1279/1279/1279
f 829/829/829 830/830/830 831/831/831
f 827/827/827 832/832/832 825/825/825
f 823/823/823 833/833/833 821/821/821
f 1329/1329/1329 1330/1330/1330 1331/1331/1331
f 264/264/264 265/265/265 266/266/266
f 1761/1761/1761 1833/1833/1833 1808/1808/1808
f 1733/1733/1733 1834/1834/1834 1800/1800/1800
f 1792/1792/1792 1782/1782/1782 1835/1835/1835
f 834/834/834 835/835/835 836/836/836
f 832/832/832 827/827/827 837/837/837
f 241/241/241 267/267/267 242/242/242
f 268/268/268 269/269/269 270/270/270
f 271/271/271 272/272/272 273/273/273
f 838/838/838 807/807/807 806/806/806
f 1810/1810/1810 1836/1836/1836 1797/1797/1797
f 1824/1824/1824 1837/1837/1837 1795/1795/1795
f 1328/1328/1328 1332/1332/1332 1333/1333/1333
f 1334/1334/1334 1335/1335/1335 1336/1336/1336
f 838/838/838 839/839/839 807/807/807
f 1274/1274/1274 1273/1273/1273 1337/1337/1337
f 1811/1811/1811 1735/1735/1735 1838/1838/1838
f 1832/1832/1832 1839/1839/1839 1799/1799/1799
f 1668/1668/1668 1716/1716/1716 1814/1814/1814
f 1840/1840/1840 1829/1829/1829 1815/1815/1815
f 1841/1841/1841 1816/1816/1816 1821/1821/1821
f 784/784/784 840/840/840 841/841/841
f 1329/1329/1329 1331/1331/1331 1338/1338/1338
f 1311/1311/1311 1310/1310/1310 1339/1339/1339
f 1315/1315/1315 1314/1314/1314 1340/1340/1340
f 199/199/199 233/233/233 274/274/274
f 1819/1819/1819 1842/1842/1842 1769/1769/1769
f 1843/1843/1843 1844/1844/1844 1845/1845/1845
f 842/842/842 843/843/843 844/844/844
f 1818/1818/1818 1846/1846/1846 1817/1817/1817
f 1775/1775/1775 1774/1774/1774 1847/1847/1847
f 1307/1307/1307 1299/1299/1299 1298/1298/1298
f 275/275/275 263/263/263 276/276/276
f 277/277/277 215/215/215 216/216/216
f 1836/1836/1836 1848/1848/1848 1797/1797/1797
f 1849/1849/1849 1786/1786/1786 1823/1823/1823
f 845/845/845 809/809/809 846/846/846
f 1790/1790/1790 1850/1850/1850 1791/1791/1791
f 804/804/804 847/847/847 848/848/848
f 849/849/849 850/850/850 851/851/851
f 844/844/844 843/843/843 852/852/852
f 1851/1851/1851 1772/1772/1772 1773/1773/1773
f 1806/1806/1806 1759/1759/1759 1852/1852/1852
f 1830/1830/1830 1853/1853/1853 1765/1765/1765
f 1854/1854/1854 1855/1855/1855 1856/1856/1856
f 263/263/263 253/253/253 276/276/276
f 1854/1854/1854 1857/1857/1857 1855/1855/1855
f 1858/1858/1858 1855/1855/1855 1857/1857/1857
f 1844/1844/1844 1859/1859/1859 1845/1845/1845
f 1860/1860/1860 1791/1791/1791 1850/1850/1850
f 846/846/846 809/809/809 798/798/798
f 1301/1301/1301 1304/1304/1304 1326/1326/1326
f 1861/1861/1861 1862/1862/1862 1863/1863/1863
f 1862/1862/1862 1864/1864/1864 1863/1863/1863
f 1865/1865/1865 1866/1866/1866 1867/1867/1867
f 1813/1813/1813 1868/1868/1868 1869/1869/1869
f 1835/1835/1835 1782/1782/1782 1870/1870/1870
f 199/199/199 278/278/278 251/251/251
f 1805/1805/1805 1804/1804/1804 1871/1871/1871
f 1282/1282/1282 1341/1341/1341 1342/1342/1342
f 1872/1872/1872 1869/1869/1869 1868/1868/1868
f 1873/1873/1873 1868/1868/1868 2129/2129/2129
f 1853/1853/1853 1830/1830/1830 1874/1874/1874
f 1750/1750/1750 1875/1875/1875 1876/1876/1876
f 1825/1825/1825 1766/1766/1766 1877/1877/1877
f 1873/1873/1873 1872/1872/1872 1868/1868/1868
f 1333/1333/1333 1332/1332/1332 1343/1343/1343
f 1878/1878/1878 1812/1812/1812 2128/2128/2128
f 1750/1750/1750 1826/1826/1826 1875/1875/1875
f 1842/1842/1842 1819/1819/1819 1879/1879/1879
f 1344/1344/1344 1327/1327/1327 1326/1326/1326
f 852/852/852 843/843/843 853/853/853
f 854/854/854 855/855/855 856/856/856
f 1880/1880/1880 1881/1881/1881 1882/1882/1882
f 1880/1880/1880 1882/1882/1882 1883/1883/1883
f 1884/1884/1884 1735/1735/1735 1813/1813/1813
f 857/857/857 858/858/858 859/859/859
f 1835/1835/1835 1870/1870/1870 1885/1885/1885
f 1886/1886/1886 1887/1887/1887 1888/1888/1888
f 1889/1889/1889 1886/1886/1886 1888/1888/1888
f 860/860/860 858/858/858 857/857/857
f 1890/1890/1890 1887/1887/1887 1886/1886/1886
f 1802/1802/1802 1891/1891/1891 1743/1743/1743
f 1884/1884/1884 1813/1813/1813 1869/1869/1869
f 1892/1892/1892 1893/1893/1893 1885/1885/1885
f 1878/1878/1878 1894/1894/1894 1812/1812/1812
f 1345/1345/1345 1346/1346/1346 1347/1347/1347
f 851/851/851 850/850/850 861/861/861
f 279/279/279 280/280/280 281/281/281
f 862/862/862 804/804/804 720/720/720
f 1895/1895/1895 1896/1896/1896 1897/1897/1897
f 1878/1878/1878 1898/1898/1898 1894/1894/1894
f 1280/1280/1280 1282/1282/1282 1342/1342/1342
f 1348/1348/1348 1349/1349/1349 1350/1350/1350
f 1827/1827/1827 1807/1807/1807 1899/1899/1899
f 1900/1900/1900 1901/1901/1901 1902/1902/1902
f 1351/1351/1351 1352/1352/1352 1353/1353/1353
f 1903/1903/1903 1904/1904/1904 1905/1905/1905
f 1884/1884/1884 1869/1869/1869 1906/1906/1906
f 1885/1885/1885 1870/1870/1870 1892/1892/1892
f 1907/1907/1907 1805/1805/1805 1871/1871/1871
f 1354/1354/1354 1355/1355/1355 1356/1356/1356
f 282/282/282 216/216/216 214/214/214
f 283/283/283 284/284/284 285/285/285
f 286/286/286 284/284/284 283/283/283
f 1814/1814/1814 2130/2130/2130 1809/1809/1809
f 863/863/863 864/864/864 865/865/865
f 852/852/852 853/853/853 866/866/866
f 1833/1833/1833 1908/1908/1908 1808/1808/1808
f 1814/1814/1814 1909/1909/1909 2130/2130/2130
f 1335/1335/1335 1334/1334/1334 1357/1357/1357
f 1766/1766/1766 1910/1910/1910 1877/1877/1877
f 1911/1911/1911 1827/1827/1827 1899/1899/1899
f 862/862/862 720/720/720 816/816/816
f 804/804/804 862/862/862 867/867/867
f 868/868/868 869/869/869 870/870/870
f 1912/1912/1912 1913/1913/1913 1914/1914/1914
f 1911/1911/1911 1915/1915/1915 1827/1827/1827
f 1916/1916/1916 1764/1764/1764 1822/1822/1822
f 1328/1328/1328 1333/1333/1333 1309/1309/1309
f 278/278/278 199/199/199 287/287/287
f 1917/1917/1917 1895/1895/1895 1897/1897/1897
f 1356/1356/1356 1355/1355/1355 1358/1358/1358
f 1918/1918/1918 1919/1919/1919 1920/1920/1920
f 1800/1800/1800 1834/1834/1834 1921/1921/1921
f 1917/1917/1917 1897/1897/1897 1922/1922/1922
f 277/277/277 216/216/216 282/282/282
f 1923/1923/1923 1924/1924/1924 1925/1925/1925
f 288/288/288 289/289/289 290/290/290
f 1924/1924/1924 1926/1926/1926 1925/1925/1925
f 1348/1348/1348 1359/1359/1359 1349/1349/1349
f 869/869/869 871/871/871 870/870/870
f 1875/1875/1875 1927/1927/1927 1876/1876/1876
f 1360/1360/1360 1361/1361/1361 1362/1362/1362
f 872/872/872 804/804/804 867/867/867
f 291/291/291 292/292/292 293/293/293
f 1928/1928/1928 1929/1929/1929 1930/1930/1930
f 1920/1920/1920 1919/1919/1919 1931/1931/1931
f 873/873/873 874/874/874 875/875/875
f 282/282/282 214/214/214 294/294/294
f 1914/1914/1914 1932/1932/1932 1912/1912/1912
f 1344/1344/1344 1363/1363/1363 1327/1327/1327
f 1874/1874/1874 1933/1933/1933 1853/1853/1853
f 1934/1934/1934 1935/1935/1935 1936/1936/1936
f 1935/1935/1935 1937/1937/1937 1936/1936/1936
f 876/876/876 877/877/877 878/878/878
f 1808/1808/1808 1938/1938/1938 1939/1939/1939
f 1940/1940/1940 1941/1941/1941 1942/1942/1942
f 1775/1775/1775 1847/1847/1847 1943/1943/1943
f 879/879/879 803/803/803 784/784/784
f 295/295/295 292/292/292 291/291/291
f 1944/1944/1944 1907/1907/1907 1871/1871/1871
f 1945/1945/1945 1946/1946/1946 1947/1947/1947
f 872/872/872 847/847/847 804/804/804
f 1948/1948/1948 1949/1949/1949 1950/1950/1950
f 879/879/879 784/784/784 841/841/841
f 289/289/289 288/288/288 296/296/296
f 297/297/297 298/298/298 299/299/299
f 297/297/297 300/300/300 298/298/298
f 1951/1951/1951 1952/1952/1952 1904/1904/1904
f 1953/1953/1953 1954/1954/1954 1955/1955/1955
f 1900/1900/1900 1902/1902/1902 1956/1956/1956
f 1902/1902/1902 1957/1957/1957 1958/1958/1958
f 1364/1364/1364 1365/1365/1365 1366/1366/1366
f 880/880/880 861/861/861 850/850/850
f 1959/1959/1959 1960/1960/1960 1961/1961/1961
f 1938/1938/1938 1808/1808/1808 1908/1908/1908
f 1876/1876/1876 1927/1927/1927 1962/1962/1962
f 1963/1963/1963 1958/1958/1958 1957/1957/1957
f 853/853/853 843/843/843 881/881/881
f 301/301/301 302/302/302 303/303/303
f 1964/1964/1964 1965/1965/1965 1966/1966/1966
f 876/876/876 878/878/878 882/882/882
f 1367/1367/1367 1344/1344/1344 1326/1326/1326
f 1912/1912/1912 1932/1932/1932 1967/1967/1967
f 1368/1368/1368 1333/1333/1333 1343/1343/1343
f 1968/1968/1968 1922/1922/1922 1897/1897/1897
f 1853/1853/1853 1933/1933/1933 1969/1969/1969
f 1369/1369/1369 1370/1370/1370 1371/1371/1371
f 304/304/304 305/305/305 306/306/306
f 307/307/307 308/308/308 309/309/309
f 309/309/309 308/308/308 310/310/310
f 1970/1970/1970 1971/1971/1971 1972/1972/1972
f 311/311/311 312/312/312 313/313/313
f 1958/1958/1958 1956/1956/1956 1902/1902/1902
f 1943/1943/1943 1847/1847/1847 1973/1973/1973
f 312/312/312 311/311/311 314/314/314
f 1907/1907/1907 1944/1944/1944 1974/1974/1974
f 1942/1942/1942 1941/1941/1941 1975/1975/1975
f 803/803/803 879/879/879 883/883/883
f 1362/1362/1362 1361/1361/1361 1372/1372/1372
f 1930/1930/1930 1929/1929/1929 1976/1976/1976
f 1824/1824/1824 1977/1977/1977 1837/1837/1837
f 841/841/841 884/884/884 879/879/879
f 1916/1916/1916 1822/1822/1822 1978/1978/1978
f 1953/1953/1953 1979/1979/1979 1954/1954/1954
f 1980/1980/1980 1981/1981/1981 1982/1982/1982
f 1961/1961/1961 1983/1983/1983 1959/1959/1959
f 885/885/885 886/886/886 887/887/887
f 1984/1984/1984 1985/1985/1985 1986/1986/1986
f 1987/1987/1987 1988/1988/1988 1989/1989/1989
f 287/287/287 199/199/199 315/315/315
f 316/316/316 317/317/317 318/318/318
f 1967/1967/1967 1932/1932/1932 1990/1990/1990
f 1904/1904/1904 1991/1991/1991 1905/1905/1905
f 1950/1950/1950 1949/1949/1949 1992/1992/1992
f 1993/1993/1993 1994/1994/1994 1995/1995/1995
f 1996/1996/1996 1926/1926/1926 1924/1924/1924
f 1997/1997/1997 1998/1998/1998 1999/1999/1999
f 1977/1977/1977 1824/1824/1824 2000/2000/2000
f 1984/1984/1984 1986/1986/1986 2001/2001/2001
f 1945/1945/1945 2002/2002/2002 1946/1946/1946
f 1941/1941/1941 2003/2003/2003 1975/1975/1975
f 1938/1938/1938 1908/1908/1908 2004/2004/2004
f 2005/2005/2005 2006/2006/2006 2007/2007/2007
f 1966/1966/1966 1965/1965/1965 2008/2008/2008
f 2009/2009/2009 2010/2010/2010 2011/2011/2011
f 2010/2010/2010 2009/2009/2009 2012/2012/2012
f 1972/1972/1972 1971/1971/1971 2013/2013/2013
f 291/291/291 319/319/319 295/295/295
f 2014/2014/2014 2015/2015/2015 2016/2016/2016
f 320/320/320 321/321/321 322/322/322
f 323/323/323 324/324/324 325/325/325
f 325/325/325 326/326/326 323/323/323
f 2017/2017/2017 2018/2018/2018 2019/2019/2019
f 1990/1990/1990 1932/1932/1932 2020/2020/2020
f 1373/1373/1373 1374/1374/1374 1375/1375/1375
f 1370/1370/1370 1376/1376/1376 1371/1371/1371
f 2021/2021/2021 2022/2022/2022 2023/2023/2023
f 2024/2024/2024 2025/2025/2025 2026/2026/2026
f 2027/2027/2027 2028/2028/2028 2029/2029/2029
f 2030/2030/2030 2031/2031/2031 2032/2032/2032
f 2033/2033/2033 2032/2032/2032 2031/2031/2031
f 1980/1980/1980 1982/1982/1982 2034/2034/2034
f 2035/2035/2035 2024/2024/2024 2036/2036/2036
f 1943/1943/1943 1973/1973/1973 2037/2037/2037
f 1926/1926/1926 1996/1996/1996 2038/2038/2038
f 2039/2039/2039 2040/2040/2040 2041/2041/2041
f 1991/1991/1991 1904/1904/1904 1952/1952/1952
f 2042/2042/2042 2043/2043/2043 2044/2044/2044
f 295/295/295 319/319/319 327/327/327
f 2045/2045/2045 2001/2001/2001 1986/1986/1986
f 2012/2012/2012 2046/2046/2046 2045/2045/2045
f 853/853/853 881/881/881 888/888/888
f 2047/2047/2047 2048/2048/2048 2049/2049/2049
f 1983/1983/1983 2050/2050/2050 1959/1959/1959
f 1362/1362/1362 1377/1377/1377 1360/1360/1360
f 328/328/328 329/329/329 330/330/330
f 2012/2012/2012 2009/2009/2009 2046/2046/2046
f 2051/2051/2051 2022/2022/2022 2021/2021/2021
f 2052/2052/2052 2050/2050/2050 1983/1983/1983
f 2053/2053/2053 2054/2054/2054 2055/2055/2055
f 2035/2035/2035 2025/2025/2025 2024/2024/2024
f 2056/2056/2056 2057/2057/2057 2058/2058/2058
f 2059/2059/2059 2060/2060/2060 2061/2061/2061
f 2003/2003/2003 2062/2062/2062 1975/1975/1975
f 889/889/889 875/875/875 874/874/874
f 2047/2047/2047 2049/2049/2049 2034/2034/2034
f 2063/2063/2063 2064/2064/2064 2065/2065/2065
f 2064/2064/2064 2066/2066/2066 2065/2065/2065
f 331/331/331 332/332/332 333/333/333
f 2067/2067/2067 2001/2001/2001 2045/2045/2045
f 2067/2067/2067 2045/2045/2045 2046/2046/2046
f 1822/1822/1822 2068/2068/2068 1978/1978/1978
f 2069/2069/2069 2062/2062/2062 2003/2003/2003
f 2070/2070/2070 2043/2043/2043 2071/2071/2071
f 2042/2042/2042 2071/2071/2071 2043/2043/2043
f 334/334/334 335/335/335 336/336/336
f 2005/2005/2005 2072/2072/2072 2006/2006/2006
f 2054/2054/2054 2053/2053/2053 2051/2051/2051
f 2019/2019/2019 2073/2073/2073 2017/2017/2017
f 2004/2004/2004 2074/2074/2074 1938/1938/1938
f 1366/1366/1366 1365/1365/1365 1378/1378/1378
f 303/303/303 302/302/302 337/337/337
f 2075/2075/2075 2074/2074/2074 2004/2004/2004
f 2076/2076/2076 2077/2077/2077 2078/2078/2078
f 2047/2047/2047 2034/2034/2034 1982/1982/1982
f 2069/2069/2069 2070/2070/2070 2071/2071/2071
f 890/890/890 861/861/861 880/880/880
f 338/338/338 339/339/339 340/340/340
f 891/891/891 892/892/892 893/893/893
f 2050/2050/2050 2052/2052/2052 2079/2079/2079
f 2080/2080/2080 2029/2029/2029 2028/2028/2028
f 1987/1987/1987 2081/2081/2081 1988/1988/1988
f 2051/2051/2051 2053/2053/2053 2022/2022/2022
f 2079/2079/2079 2052/2052/2052 2082/2082/2082
f 241/241/241 341/341/341 267/267/267
f 1973/1973/1973 2083/2083/2083 2037/2037/2037
f 2084/2084/2084 2085/2085/2085 2086/2086/2086
f 2087/2087/2087 2077/2077/2077 2076/2076/2076
f 2088/2088/2088 2089/2089/2089 2090/2090/2090
f 2089/2089/2089 2091/2091/2091 2090/2090/2090
f 199/199/199 274/274/274 315/315/315
f 2036/2036/2036 2092/2092/2092 2035/2035/2035
f 870/870/870 871/871/871 894/894/894
f 2058/2058/2058 2084/2084/2084 2056/2056/2056
f 2083/2083/2083 2093/2093/2093 2094/2094/2094
f 2062/2062/2062 2069/2069/2069 2071/2071/2071
f 2063/2063/2063 2095/2095/2095 2080/2080/2080
f 2095/2095/2095 2063/2063/2063 2065/2065/2065
f 2083/2083/2083 1973/1973/1973 2093/2093/2093
f 890/890/890 895/895/895 861/861/861
f 1379/1379/1379 1380/1380/1380 1381/1381/1381
f 1382/1382/1382 1383/1383/1383 1384/1384/1384
f 876/876/876 882/882/882 896/896/896
f 2084/2084/2084 2086/2086/2086 2096/2096/2096
f 2092/2092/2092 2036/2036/2036 2079/2079/2079
f 885/885/885 887/887/887 897/897/897
f 2097/2097/2097 2089/2089/2089 2088/2088/2088
f 342/342/342 343/343/343 344/344/344
f 2074/2074/2074 2075/2075/2075 2098/2098/2098
f 1377/1377/1377 1362/1362/1362 1385/1385/1385
f 345/345/345 346/346/346 347/347/347
f 329/329/329 348/348/348 330/330/330
f 349/349/349 350/350/350 351/351/351
f 896/896/896 898/898/898 876/876/876
f 2080/2080/2080 2095/2095/2095 2029/2029/2029
f 2084/2084/2084 2099/2099/2099 2085/2085/2085
f 2100/2100/2100 2101/2101/2101 2102/2102/2102
f 2058/2058/2058 2099/2099/2099 2084/2084/2084
f 1377/1377/1377 1385/1385/1385 1386/1386/1386
f 879/879/879 899/899/899 883/883/883
f 332/332/332 331/331/331 352/352/352
f 2079/2079/2079 2082/2082/2082 2092/2092/2092
f 2103/2103/2103 2104/2104/2104 2105/2105/2105
f 2094/2094/2094 2093/2093/2093 2098/2098/2098
f 2106/2106/2106 2107/2107/2107 2104/2104/2104
f 1447/1447/1447 1448/1448/1448 1449/1449/1449
f 2108/2108/2108 2074/2074/2074 2098/2098/2098
f 238/238/238 353/353/353 241/241/241
f 2109/2109/2109 2110/2110/2110 2106/2106/2106
f 1387/1387/1387 1381/1381/1381 1380/1380/1380
f 2106/2106/2106 2111/2111/2111 2109/2109/2109
f 2109/2109/2109 2112/2112/2112 2110/2110/2110
f 1375/1375/1375 1374/1374/1374 1388/1388/1388
f 2098/2098/2098 2093/2093/2093 2113/2113/2113
f 900/900/900 901/901/901 902/902/902
f 899/899/899 879/879/879 884/884/884
f 1450/1450/1450 1451/1451/1451 1452/1452/1452
f 1389/1389/1389 1390/1390/1390 1391/1391/1391
f 341/341/341 241/241/241 353/353/353
f 1426/1426/1426 1427/1427/1427 1428/1428/1428
f 1392/1392/1392 1387/1387/1387 1380/1380/1380
f 2114/2114/2114 2100/2100/2100 2102/2102/2102
f 2104/2104/2104 2103/2103/2103 2106/2106/2106
f 1393/1393/1393 1394/1394/1394 1395/1395/1395
f 1396/1396/1396 1397/1397/1397 1398/1398/1398
f 903/903/903 894/894/894 871/871/871
f 2098/2098/2098 2113/2113/2113 2108/2108/2108
f 345/345/345 267/267/267 346/346/346
f 304/304/304 354/354/354 305/305/305
f 355/355/355 356/356/356 357/357/357
f 1394/1394/1394 1399/1399/1399 1395/1395/1395
f 867/867/867 904/904/904 905/905/905
f 2114/2114/2114 2115/2115/2115 2100/2100/2100
f 906/906/906 907/907/907 908/908/908
f 358/358/358 336/336/336 335/335/335
f 909/909/909 910/910/910 911/911/911
f 1429/1429/1429 1430/1430/1430 1431/1431/1431
f 359/359/359 349/349/349 360/360/360
f 912/912/912 913/913/913 914/914/914
f 912/912/912 914/914/914 915/915/915
f 1388/1388/1388 1400/1400/1400 1375/1375/1375
f 916/916/916 917/917/917 918/918/918
f 1401/1401/1401 1402/1402/1402 1403/1403/1403
f 1400/1400/1400 1388/1388/1388 1404/1404/1404
f 361/361/361 317/317/317 316/316/316
f 2110/2110/2110 2107/2107/2107 2106/2106/2106
f 1988/1988/1988 2081/2081/2081 2116/2116/2116
f 905/905/905 872/872/872 867/867/867
f 919/919/919 904/904/904 920/920/920
f 872/872/872 905/905/905 921/921/921
f 1405/1405/1405 1401/1401/1401 1403/1403/1403
f 1406/1406/1406 1407/1407/1407 1408/1408/1408
f 1405/1405/1405 1409/1409/1409 1401/1401/1401
f 1410/1410/1410 1411/1411/1411 1412/1412/1412
f 1386/1386/1386 1385/1385/1385 1413/1413/1413
f 362/362/362 363/363/363 364/364/364
f 365/365/365 342/342/342 344/344/344
f 496/496/496 366/366/366 367/367/367
f 349/349/349 359/359/359 350/350/350
f 238/238/238 256/256/256 353/353/353
f 2110/2110/2110 2112/2112/2112 2117/2117/2117
f 922/922/922 923/923/923 918/918/918
f 917/917/917 922/922/922 918/918/918
f 368/368/368 363/363/363 362/362/362
f 1432/1432/1432 1433/1433/1433 1434/1434/1434
f 369/369/369 370/370/370 315/315/315
f 274/274/274 369/369/369 315/315/315
f 1427/1427/1427 1435/1435/1435 1436/1436/1436
f 919/919/919 905/905/905 904/904/904
f 371/371/371 365/365/365 344/344/344
f 1428/1428/1428 1427/1427/1427 1436/1436/1436
f 372/372/372 373/373/373 374/374/374
f 375/375/375 376/376/376 377/377/377
f 1414/1414/1414 1415/1415/1415 1416/1416/1416
f 1450/1450/1450 1452/1452/1452 1453/1453/1453
f 1409/1409/1409 1417/1417/1417 1401/1401/1401
f 378/378/378 379/379/379 380/380/380
f 1437/1437/1437 1438/1438/1438 1439/1439/1439
f 1454/1454/1454 1455/1455/1455 1456/1456/1456
f 1440/1440/1440 1441/1441/1441 1442/1442/1442
f 1443/1443/1443 1437/1437/1437 1439/1439/1439
f 364/364/364 363/363/363 381/381/381
f 382/382/382 383/383/383 384/384/384
f 385/385/385 386/386/386 387/387/387
f 388/388/388 389/389/389 390/390/390
f 385/385/385 391/391/391 386/386/386
f 392/392/392 393/393/393 394/394/394
f 1425/1425/1425 1402/1402/1402 1401/1401/1401
f 387/387/387 386/386/386 395/395/395
f 396/396/396 357/357/357 356/356/356
f 1444/1444/1444 1445/1445/1445 1446/1446/1446
f 1434/1434/1434 1444/1444/1444 1432/1432/1432
f 397/397/397 398/398/398 399/399/399
f 1410/1410/1410 1418/1418/1418 1411/1411/1411
f 370/370/370 400/400/400 401/401/401
f 924/924/924 925/925/925 926/926/926
f 881/881/881 927/927/927 888/888/888
f 402/402/402 403/403/403 404/404/404
f 405/405/405 404/404/404 403/403/403
f 406/406/406 407/407/407 408/408/408
f 409/409/409 410/410/410 411/411/411
f 1419/1419/1419 1416/1416/1416 1415/1415/1415
f 1434/1434/1434 1445/1445/1445 1444/1444/1444
f 277/277/277 412/412/412 413/413/413
f 282/282/282 412/412/412 277/277/277
f 414/414/414 415/415/415 416/416/416
f 417/417/417 346/346/346 267/267/267
f 341/341/341 417/417/417 267/267/267
f 400/400/400 370/370/370 418/418/418
f 1425/1425/1425 1420/1420/1420 1402/1402/1402
f 419/419/419 420/420/420 275/275/275
f 421/421/421 422/422/422 423/423/423
f 424/424/424 425/425/425 426/426/426
f 418/418/418 370/370/370 369/369/369
f 926/926/926 925/925/925 928/928/928
f 410/410/410 409/409/409 427/427/427
f 412/412/412 282/282/282 428/428/428
f 410/410/410 427/427/427 429/429/429
f 430/430/430 431/431/431 432/432/432
f 433/433/433 434/434/434 435/435/435
f 436/436/436 437/437/437 438/438/438
f 928/928/928 929/929/929 930/930/930
f 439/439/439 440/440/440 441/441/441
f 930/930/930 926/926/926 928/928/928
f 442/442/442 443/443/443 444/444/444
f 931/931/931 932/932/932 933/933/933
f 445/445/445 446/446/446 447/447/447
f 928/928/928 934/934/934 929/929/929
f 448/448/448 409/409/409 411/411/411
f 447/447/447 449/449/449 445/445/445
f 441/441/441 440/440/440 450/450/450
f 929/929/929 934/934/934 935/935/935
f 451/451/451 452/452/452 453/453/453
f 497/497/497 498/498/498 499/499/499
f 418/418/418 369/369/369 454/454/454
f 931/931/931 936/936/936 932/932/932
f 442/442/442 455/455/455 443/443/443
f 431/431/431 456/456/456 457/457/457
f 263/263/263 275/275/275 420/420/420
f 431/431/431 457/457/457 432/432/432
f 458/458/458 416/416/416 415/415/415
f 459/459/459 460/460/460 461/461/461
f 462/462/462 463/463/463 464/464/464
f 465/465/465 464/464/464 463/463/463
f 466/466/466 467/467/467 468/468/468
f 466/466/466 468/468/468 469/469/469
f 470/470/470 456/456/456 471/471/471
f 456/456/456 470/470/470 457/457/457
f 429/429/429 472/472/472 410/410/410
f 410/410/410 472/472/472 473/473/473
f 474/474/474 475/475/475 476/476/476
f 442/442/442 477/477/477 466/466/466
f 478/478/478 479/479/479 480/480/480
f 481/481/481 444/444/444 482/482/482
f 481/481/481 442/442/442 444/444/444
f 483/483/483 484/484/484 485/485/485
f 487/487/487 488/488/488 489/489/489
f 467/467/467 466/466/466 486/486/486
f 485/485/485 484/484/484 490/490/490
f 476/476/476 475/475/475 491/491/491
f 2131/2131/2131 2132/2132/2132 2133/2133/2133
f 2131/2131/2131 2133/2133/2133 2132/2132/2132
f 2131/2131/2131 2133/2133/2133 2134/2134/2134
f 2131/2131/2131 2134/2134/2134 2133/2133/2133
f 2131/2131/2131 2134/2134/2134 2135/2135/2135
f 2131/2131/2131 2135/2135/2135 2134/2134/2134
f 2131/2131/2131 2135/2135/2135 2136/2136/2136
f 2131/2131/2131 2136/2136/2136 2135/2135/2135
f 2131/2131/2131 2136/2136/2136 2137/2137/2137
f 2131/2131/2131 2137/2137/2137 2136/2136/2136
f 2131/2131/2131 2137/2137/2137 2138/2138/2138
f 2131/2131/2131 2138/2138/2138 2137/2137/2137
f 2131/2131/2131 2138/2138/2138 2139/2139/2139
f 2131/2131/2131 2139/2139/2139 2138/2138/2138
f 2131/2131/2131 2139/2139/2139 2140/2140/2140
f 2131/2131/2131 2140/2140/2140 2139/2139/2139
f 2131/2131/2131 2140/2140/2140 2141/2141/2141
f 2131/2131/2131 2141/2141/2141 2140/2140/2140
f 2131/2131/2131 2141/2141/2141 2142/2142/2142
f 2131/2131/2131 2142/2142/2142 2141/2141/2141
f 2131/2131/2131 2142/2142/2142 2143/2143/2143
f 2131/2131/2131 2143/2143/2143 2142/2142/2142
f 2131/2131/2131 2143/2143/2143 2144/2144/2144
f 2131/2131/2131 2144/2144/2144 2143/2143/2143
f 2131/2131/2131 2144/2144/2144 2145/2145/2145
f 2131/2131/2131 2145/2145/2145 2144/2144/2144
f 2131/2131/2131 2145/2145/2145 2146/2146/2146
f 2131/2131/2131 2146/2146/2146 2145/2145/2145
f 2131/2131/2131 2146/2146/2146 2132/2132/2132
f 2131/2131/2131 2132/2132/2132 2146/2146/2146
