o body
v -0.11083 1.27024 -0.03687
v -0.11731 1.27125 -0.03476
v -0.14985 1.26419 -0.03817
v 0.06775 1.26428 -0.03703
v 0.11593 1.27127 -0.03613
v 0.06822 1.27025 -0.03599
v 0.16004 1.26541 -0.14522
v 0.03756 1.26348 -0.08155
v -0.15013 1.26483 -0.14439
v -0.06492 1.26334 -0.06278
v -0.14985 1.26419 -0.03817
v -0.03664 1.26313 -0.08061
v -0.15013 1.26483 -0.14439
v -0.06715 1.26405 -0.03769
v -0.08538 1.19733 -0.07443
v -0.11578 1.23513 -0.07397
v -0.08538 1.23547 -0.07447
v -0.11579 1.16945 -0.07391
v -0.08675 1.23607 -0.02366
v -0.08589 1.23751 -0.04250
v -0.13474 1.23528 -0.03518
v -0.11023 1.23712 -0.07401
v -0.11827 1.23545 -0.02351
v -0.08707 1.25248 -0.02273
v -0.08675 1.23607 -0.02366
v -0.06715 1.26405 -0.03769
v -0.11083 1.27024 -0.03687
v -0.14985 1.26419 -0.03817
v -0.11336 1.23678 -0.03993
v -0.11023 1.23712 -0.07401
v -0.11827 1.23545 -0.02351
v -0.08538 1.23547 -0.07447
v -0.11625 1.25209 -0.02220
v -0.11578 1.23513 -0.07397
v -0.11643 1.23494 -0.04430
v -0.11643 1.23494 -0.04430
v -0.11578 1.23513 -0.07397
v -0.11598 1.19280 -0.04471
v -0.11579 1.16945 -0.07391
v -0.11600 1.17066 -0.04483
v -0.11686 1.25188 0.03646
v -0.08707 1.25248 -0.02273
v -0.11625 1.25209 -0.02220
v -0.11686 1.25188 0.03646
v -0.11827 1.23545 -0.02351
v -0.11773 1.23566 0.03734
v -0.11625 1.25209 -0.02220
v -0.11643 1.23494 -0.04430
v -0.13521 1.19408 -0.04470
v -0.13529 1.23576 -0.04433
v -0.13474 1.23528 -0.03518
v -0.11578 1.15438 -0.06852
v -0.12344 1.12536 -0.07047
v -0.13628 1.15469 -0.06920
v -0.13536 1.15558 -0.04451
v -0.11600 1.17066 -0.04483
v -0.11555 1.15541 -0.04447
v -0.11613 1.23456 0.08141
v -0.13390 1.23575 0.07876
v -0.13517 1.23399 0.08196
v -0.11555 1.15541 -0.04447
v -0.11578 1.15438 -0.06852
v -0.13628 1.15469 -0.06920
v -0.11598 1.19280 -0.04471
v -0.13390 1.23575 0.07876
v -0.11773 1.23566 0.03734
v -0.13529 1.23576 -0.04433
v -0.13241 1.11528 -0.06989
v -0.12407 1.12463 -0.08499
v -0.14149 1.10111 -0.08443
v -0.13536 1.15558 -0.04451
v -0.13241 1.11528 -0.06989
v -0.13517 1.23399 0.08196
v -0.13390 1.23575 0.07876
v -0.13610 1.24916 0.10799
v -0.14544 1.09517 -0.06977
v -0.13600 1.24595 -0.02806
v -0.13628 1.15469 -0.06920
v -0.13521 1.19408 -0.04470
v -0.13536 1.15558 -0.04451
v -0.13605 1.24579 -0.06830
v -0.13529 1.23576 -0.04433
v -0.13474 1.23528 -0.03518
v -0.16687 1.24957 0.10589
v -0.12079 1.12663 0.10925
v -0.13610 1.24916 0.10799
v -0.13605 1.24579 -0.06830
v -0.16644 1.24647 -0.06801
v -0.13600 1.24595 -0.02806
v -0.14544 1.09517 -0.06977
v -0.16658 1.05030 -0.06823
v -0.16717 1.24621 -0.03410
v -0.14872 1.24922 0.02094
v -0.14870 1.24960 0.03479
v -0.14510 1.09606 -0.08306
v -0.14149 1.10111 -0.08443
v -0.14508 1.08209 -0.09146
v -0.14510 1.09606 -0.08306
v -0.14510 1.09606 -0.08306
v -0.14508 1.08209 -0.09146
v -0.14544 1.09517 -0.06977
v -0.14476 1.06157 -0.07001
v -0.14523 1.05009 -0.06843
v -0.14870 1.24960 0.03479
v -0.14872 1.24922 0.02094
v -0.14959 1.25565 0.02206
v -0.15004 1.25458 0.03475
v -0.13610 1.24916 0.10799
v -0.15004 1.25458 0.03475
v -0.14959 1.25565 0.02206
v -0.16658 1.25884 0.01984
v -0.16611 1.24947 0.03595
v -0.14870 1.24960 0.03479
v -0.15004 1.25458 0.03475
v -0.13605 1.24579 -0.06830
v -0.16611 1.24947 0.03595
v -0.16687 1.24957 0.10589
v -0.16760 1.25921 0.03422
v -0.14872 1.24922 0.02094
v -0.16658 1.25884 0.01984
v -0.14959 1.25565 0.02206
v -0.14523 1.05009 -0.06843
v -0.16442 1.04947 -0.05916
v -0.16658 1.05030 -0.06823
v -0.16687 1.24957 0.10589
v -0.13610 1.24916 0.10799
v -0.16629 1.24883 0.10785
v -0.16644 1.24647 -0.06801
v -0.16701 1.24888 0.01944
v -0.16701 1.24888 0.01944
v -0.16686 1.05496 0.02636
v -0.16658 1.05030 -0.06823
v -0.16442 1.04947 -0.05916
v -0.17840 1.25004 0.03632
v -0.16687 1.24957 0.10589
v -0.16611 1.24947 0.03595
v -0.16642 1.05942 0.10875
v -0.16658 1.05030 -0.06823
v -0.16717 1.24621 -0.03410
v -0.16644 1.24647 -0.06801
v -0.16686 1.05496 0.02636
v -0.16701 1.24888 0.01944
v -0.16701 1.24888 0.01944
v -0.16611 1.24947 0.03595
v -0.17058 1.24624 0.03401
v -0.17281 1.24568 0.01998
v -0.17005 1.24325 0.07066
v -0.17058 1.24624 0.03401
v -0.17402 1.24529 0.05699
v -0.17403 1.24551 0.03534
v -0.17345 1.24948 0.01770
v -0.16760 1.25921 0.03422
v -0.18071 1.25902 0.03480
v -0.16701 1.24888 0.01944
v -0.17281 1.24568 0.01998
v -0.17345 1.24948 0.01770
v -0.18071 1.25902 0.03480
v -0.17005 1.24325 0.07066
v -0.17970 1.06675 0.07814
v -0.17451 1.18202 -0.01595
v -0.16611 1.24947 0.03595
v -0.17840 1.25004 0.03632
v -0.17058 1.24624 0.03401
v -0.18101 1.25161 0.01752
v -0.17081 1.24179 -0.01196
v -0.17058 1.24624 0.03401
v -0.17281 1.24568 0.01998
v -0.17058 1.24624 0.03401
v -0.17317 1.24548 0.00539
v -0.17345 1.24948 0.01770
v -0.17281 1.24568 0.01998
v -0.17438 1.24847 0.00413
v -0.17317 1.24548 0.00539
v -0.17058 1.24624 0.03401
v -0.17081 1.24179 -0.01196
v -0.17317 1.24548 0.00539
v -0.17403 1.24551 0.03534
v -0.17058 1.24624 0.03401
v -0.17840 1.25004 0.03632
v -0.17402 1.24529 0.05699
v -0.17403 1.24551 0.03534
v -0.17509 1.24943 0.05587
v -0.17692 1.24526 0.05960
v 0.08479 1.16636 -0.07702
v -0.08651 1.16471 -0.07650
v -0.05342 1.16855 -0.04340
v -0.02610 1.21083 0.10632
v -0.01538 1.17549 0.10766
v 0.02585 1.21188 0.10649
v 0.03887 1.22970 0.09540
v -0.03876 1.23134 0.10998
v -0.03953 1.22970 0.09537
v 0.03756 1.26348 -0.08155
v -0.03664 1.26313 -0.08061
v -0.15013 1.26483 -0.14439
v -0.03953 1.22970 0.09537
v -0.02647 1.21212 0.09627
v 0.03887 1.22970 0.09540
v -0.03407 1.20654 -0.07904
v -0.03657 1.20829 -0.07968
v -0.03664 1.26313 -0.08061
v -0.02610 1.21083 0.10632
v 0.02585 1.21188 0.10649
v -0.02647 1.21212 0.09627
v -0.01538 1.17549 0.10766
v -0.01622 1.17358 0.08080
v -0.01744 1.15599 0.08115
v -0.05342 1.16855 -0.04340
v -0.03525 1.20610 -0.04353
v 0.03635 1.20693 -0.04355
v -0.02573 1.17564 0.10681
v -0.03525 1.20610 -0.04353
v -0.03407 1.20654 -0.07904
v 0.03635 1.20693 -0.04355
v -0.01538 1.17549 0.10766
v -0.02778 1.17601 0.09318
v -0.01622 1.17358 0.08080
v -0.03319 1.17346 0.08094
v -0.03319 1.17346 0.08094
v -0.01744 1.15599 0.08115
v -0.01622 1.17358 0.08080
v -0.02573 1.17564 0.10681
v -0.03954 1.27407 0.11015
v -0.03876 1.23134 0.10998
v 0.03933 1.23108 0.10868
v -0.02573 1.17564 0.10681
v -0.02610 1.21083 0.10632
v -0.02706 1.19859 0.09597
v 0.02719 1.07866 -0.07773
v -0.02889 1.07594 -0.07786
v -0.05088 1.09261 -0.07849
v -0.04618 1.23288 0.09322
v -0.02647 1.21212 0.09627
v -0.03953 1.22970 0.09537
v -0.02647 1.21212 0.09627
v -0.02778 1.17601 0.09318
v -0.03311 1.15583 0.08091
v -0.03432 1.17616 0.09281
v -0.03264 1.19453 0.09363
v -0.02778 1.17601 0.09318
v -0.02706 1.19859 0.09597
v -0.03432 1.17616 0.09281
v -0.02706 1.19859 0.09597
v -0.04572 1.19646 0.09530
v -0.03264 1.19453 0.09363
v -0.06374 1.10339 -0.07784
v -0.08651 1.16471 -0.07650
v -0.04572 1.19646 0.09530
v -0.02706 1.19859 0.09597
v 0.03756 1.26348 -0.08155
v -0.03311 1.15583 0.08091
v -0.03432 1.17616 0.09281
v -0.03384 1.17463 0.11781
v -0.03319 1.17346 0.08094
v -0.03384 1.17463 0.11781
v -0.03432 1.17616 0.09281
v -0.05625 1.17660 0.11193
v -0.03437 1.19450 0.08170
v -0.03432 1.17616 0.09281
v -0.03264 1.19453 0.09363
v -0.03467 1.17638 0.08087
v -0.03407 1.20654 -0.07904
v -0.03525 1.20610 -0.04353
v -0.03657 1.20829 -0.07968
v -0.03657 1.20829 -0.07968
v -0.03740 1.22806 -0.06225
v -0.03664 1.26313 -0.08061
v -0.03807 1.26334 -0.06291
v -0.03525 1.20610 -0.04353
v -0.03739 1.22752 -0.04380
v -0.03740 1.22806 -0.06225
v -0.03739 1.22752 -0.04380
v -0.06497 1.22840 -0.06093
v -0.03954 1.27407 0.11015
v -0.03998 1.25582 0.08946
v -0.03876 1.23134 0.10998
v -0.04050 1.27381 0.07625
v -0.04002 1.25533 0.07571
v -0.04050 1.27381 0.07625
v -0.05968 1.25493 0.07520
v -0.04002 1.25533 0.07571
v -0.03953 1.22970 0.09537
v -0.05088 1.09261 -0.07849
v -0.02889 1.07594 -0.07786
v -0.03038 1.07550 -0.09109
v -0.03998 1.25582 0.08946
v -0.04834 1.19612 0.08094
v -0.03264 1.19453 0.09363
v -0.04572 1.19646 0.09530
v -0.05358 1.19733 -0.04318
v -0.08456 1.19777 -0.04295
v -0.06581 1.22789 -0.04366
v -0.04512 1.25192 0.09057
v -0.08805 1.12445 -0.07789
v -0.03437 1.19450 0.08170
v -0.03437 1.19450 0.08170
v -0.04834 1.19612 0.08094
v -0.03467 1.17638 0.08087
v -0.03998 1.25582 0.08946
v -0.04002 1.25533 0.07571
v -0.04512 1.25192 0.09057
v -0.06139 1.27392 0.07441
v -0.04618 1.23288 0.09322
v -0.04512 1.25192 0.09057
v -0.04701 1.23152 0.08882
v -0.04857 1.19993 0.08752
v -0.04834 1.19612 0.08094
v -0.04572 1.19646 0.09530
v -0.03739 1.22752 -0.04380
v -0.04857 1.19993 0.08752
v -0.04701 1.23152 0.08882
v -0.05664 1.20392 0.08794
v -0.08651 1.16471 -0.07650
v -0.05437 1.16880 -0.07486
v -0.05342 1.16855 -0.04340
v -0.05674 1.19798 0.08229
v -0.04857 1.19993 0.08752
v -0.05664 1.20392 0.08794
v -0.04834 1.19612 0.08094
v -0.08500 1.23990 0.08807
v -0.08429 1.21195 0.08892
v -0.03038 1.07550 -0.09109
v -0.03138 1.00839 -0.08660
v -0.05786 1.09727 -0.09323
v -0.03467 1.17638 0.08087
v -0.05676 1.17667 0.08090
v -0.05707 1.21071 0.08872
v -0.05676 1.17667 0.08090
v -0.03740 1.22806 -0.06225
v -0.06497 1.22840 -0.06093
v -0.06492 1.26334 -0.06278
v -0.03807 1.26334 -0.06291
v -0.06492 1.26334 -0.06278
v -0.05437 1.16880 -0.07486
v -0.05476 1.19610 -0.07447
v -0.05342 1.16855 -0.04340
v -0.05786 1.09727 -0.09323
v -0.05358 1.19733 -0.04318
v -0.05674 1.19798 0.08229
v -0.05476 1.19610 -0.07447
v -0.05437 1.16880 -0.07486
v -0.08679 1.16849 -0.07470
v -0.06581 1.22789 -0.04366
v -0.05625 1.17660 0.11193
v -0.05664 1.20392 0.08794
v -0.05746 1.21002 0.11243
v -0.05676 1.17667 0.08090
v -0.05707 1.21071 0.08872
v -0.05674 1.19798 0.08229
v -0.07870 1.11299 -0.08740
v -0.06025 1.25581 -0.03419
v -0.06148 1.25312 -0.01991
v -0.05953 1.26978 -0.03380
v -0.06345 1.27032 -0.01830
v -0.06098 1.23527 0.06439
v -0.06098 1.25366 0.05302
v -0.06136 1.23587 0.02034
v -0.06092 1.27294 0.05523
v -0.06092 1.25319 0.06461
v -0.06171 1.25284 0.02468
v -0.05968 1.25493 0.07520
v -0.06139 1.27392 0.07441
v -0.06178 1.25399 -0.01806
v -0.06136 1.23590 0.00718
v -0.06162 1.23661 -0.02043
v -0.06374 1.10339 -0.07784
v -0.04002 1.25533 0.07571
v -0.05968 1.25493 0.07520
v -0.08556 1.25283 0.08719
v -0.06098 1.25366 0.05302
v -0.08297 1.25214 0.03507
v -0.06171 1.25284 0.02468
v -0.03807 1.26334 -0.06291
v -0.08651 1.16471 -0.07650
v -0.04512 1.25192 0.09057
v -0.08467 1.25374 0.06604
v -0.06092 1.25319 0.06461
v -0.06025 1.25581 -0.03419
v -0.06715 1.26405 -0.03769
v -0.06752 1.25487 -0.03734
v -0.05953 1.26978 -0.03380
v -0.06684 1.25232 -0.04345
v -0.06492 1.26334 -0.06278
v -0.06497 1.22840 -0.06093
v -0.06581 1.22789 -0.04366
v -0.04512 1.25192 0.09057
v -0.08556 1.25283 0.08719
v -0.06752 1.25487 -0.03734
v -0.06715 1.26405 -0.03769
v -0.08467 1.25374 0.06604
v -0.06098 1.23527 0.06439
v -0.08670 1.23584 0.06572
v -0.06148 1.25312 -0.01991
v -0.06025 1.25581 -0.03419
v -0.06752 1.25487 -0.03734
v -0.08721 1.25360 0.05307
v -0.06715 1.26405 -0.03769
v -0.05953 1.26978 -0.03380
v -0.11083 1.27024 -0.03687
v -0.06162 1.23661 -0.02043
v -0.06148 1.25312 -0.01991
v -0.08198 1.23616 -0.02029
v -0.08238 1.11791 -0.07846
v -0.06136 1.23587 0.02034
v -0.08238 1.23566 0.03690
v -0.06098 1.23527 0.06439
v -0.08238 1.11791 -0.07846
v -0.14149 1.10111 -0.08443
v -0.07870 1.11299 -0.08740
v -0.05358 1.19733 -0.04318
v -0.05476 1.19610 -0.07447
v -0.08538 1.19733 -0.07443
v -0.08457 1.25280 -0.04298
v -0.06752 1.25487 -0.03734
v -0.06684 1.25232 -0.04345
v -0.08416 1.17636 0.11281
v -0.05625 1.17660 0.11193
v -0.05746 1.21002 0.11243
v -0.08056 1.25419 0.02734
v -0.06178 1.25399 -0.01806
v -0.08203 1.25319 -0.01403
v -0.06345 1.27032 -0.01830
v -0.08148 1.25304 -0.02064
v -0.08203 1.25319 -0.01403
v -0.06178 1.25399 -0.01806
v -0.08457 1.25280 -0.04298
v -0.08456 1.19777 -0.04295
v -0.06136 1.23590 0.00718
v -0.06162 1.23661 -0.02043
v -0.08198 1.23616 -0.02029
v -0.08622 1.27031 -0.01280
v -0.08500 1.21064 0.11224
v -0.05707 1.21071 0.08872
v -0.08429 1.21195 0.08892
v -0.08195 1.23617 -0.00196
v -0.08589 1.23751 -0.04250
v -0.06684 1.25232 -0.04345
v -0.08457 1.25280 -0.04298
v -0.09198 1.12458 -0.08500
v -0.05746 1.21002 0.11243
v -0.08148 1.25304 -0.02064
v -0.08203 1.25319 -0.01403
v -0.08198 1.23616 -0.02029
v -0.08195 1.23617 -0.00196
v -0.08056 1.25419 0.02734
v -0.08238 1.23566 0.03690
v -0.08500 1.21064 0.11224
v -0.08670 1.23584 0.06572
v -0.08148 1.25304 -0.02064
v -0.08297 1.25214 0.03507
v -0.06092 1.25319 0.06461
v -0.08735 1.25322 0.03775
v -0.08238 1.23566 0.03690
v -0.08297 1.25214 0.03507
v -0.08721 1.25360 0.05307
v -0.06092 1.27294 0.05523
v -0.08805 1.26847 0.05304
v -0.08622 1.27031 -0.01280
v -0.08203 1.25319 -0.01403
v -0.08707 1.25248 -0.02273
v -0.08538 1.19733 -0.07443
v -0.08589 1.23751 -0.04250
v -0.08456 1.19777 -0.04295
v -0.08416 1.17636 0.11281
v -0.08608 1.17463 0.11050
v -0.08461 1.17433 0.11770
v -0.08538 1.23547 -0.07447
v -0.08203 1.25319 -0.01403
v -0.08707 1.25248 -0.02273
v -0.06098 1.25366 0.05302
v -0.08500 1.23990 0.08807
v -0.08500 1.21064 0.11224
v -0.08429 1.21195 0.08892
v -0.08710 1.23973 0.11247
v -0.08735 1.25322 0.03775
v -0.08500 1.21064 0.11224
v -0.08608 1.17463 0.11050
v -0.08416 1.17636 0.11281
v -0.08457 1.25280 -0.04298
v -0.08589 1.23751 -0.04250
v -0.08675 1.23607 -0.02366
v -0.08707 1.25248 -0.02273
v -0.08500 1.23990 0.08807
v -0.08556 1.25283 0.08719
v -0.08467 1.25374 0.06604
v -0.08651 1.16471 -0.07650
v -0.08805 1.12445 -0.07789
v -0.08679 1.16849 -0.07470
v -0.08849 1.20606 0.11110
v -0.08608 1.17463 0.11050
v -0.08500 1.21064 0.11224
v -0.08670 1.23584 0.06572
v -0.08708 1.23598 0.08199
v -0.08622 1.27031 -0.01280
v -0.08727 1.25365 0.02817
v -0.08718 1.27109 0.02424
v -0.08708 1.23598 0.08199
v -0.08710 1.23946 0.08292
v -0.08500 1.23990 0.08807
v -0.08710 1.23973 0.11247
v -0.11396 1.23923 0.11109
v -0.08735 1.25322 0.03775
v -0.11773 1.23566 0.03734
v -0.08238 1.23566 0.03690
v -0.08707 1.25248 -0.02273
v -0.08805 1.12445 -0.07789
v -0.08775 1.16064 -0.06263
v -0.08808 1.12625 -0.06482
v -0.08763 1.16677 -0.04513
v -0.08827 1.16125 -0.04491
v -0.08735 1.25322 0.03775
v -0.08619 1.17249 0.10095
v -0.08608 1.17463 0.11050
v -0.10218 1.17239 0.09949
v -0.08805 1.26847 0.05304
v -0.08721 1.25360 0.05307
v -0.11517 1.17324 0.10899
v -0.09198 1.12458 -0.08500
v -0.09984 1.12582 -0.06435
v -0.08805 1.12445 -0.07789
v -0.09855 1.15938 -0.06394
v -0.08775 1.16064 -0.06263
v -0.08808 1.12625 -0.06482
v -0.11686 1.25188 0.03646
v -0.11600 1.17066 -0.04483
v -0.08679 1.16849 -0.07470
v -0.08763 1.16677 -0.04513
v -0.08805 1.26847 0.05304
v -0.12245 1.26989 0.05340
v -0.08718 1.27109 0.02424
v -0.08727 1.25365 0.02817
v -0.08707 1.25248 -0.02273
v -0.11686 1.25188 0.03646
v -0.08500 1.23990 0.08807
v -0.08710 1.23946 0.08292
v -0.11595 1.24048 0.08375
v -0.08808 1.12625 -0.06482
v -0.08538 1.19733 -0.07443
v -0.11089 1.24130 0.11220
v -0.10764 1.15975 -0.04429
v -0.08763 1.16677 -0.04513
v -0.08827 1.16125 -0.04491
v -0.08710 1.23973 0.11247
v -0.09984 1.12582 -0.06435
v -0.11579 1.16945 -0.07391
v -0.11773 1.23566 0.03734
v -0.08735 1.25322 0.03775
v -0.11089 1.24130 0.11220
v -0.11288 1.21247 0.11111
v -0.08827 1.16125 -0.04491
v -0.08775 1.16064 -0.06263
v -0.10764 1.15975 -0.04429
v -0.09855 1.15938 -0.06394
v -0.10033 1.15939 -0.05590
v -0.09198 1.12458 -0.08500
v -0.12407 1.12463 -0.08499
v -0.12344 1.12536 -0.07047
v -0.11514 1.12615 -0.06320
v -0.11517 1.17324 0.10899
v -0.09855 1.15938 -0.06394
v -0.09984 1.12582 -0.06435
v -0.10088 1.12607 -0.05580
v -0.10033 1.15939 -0.05590
v -0.10607 1.15712 -0.05513
v -0.10088 1.12607 -0.05580
v -0.10692 1.12662 -0.05487
v -0.10212 1.17114 0.08109
v -0.11469 1.17109 0.08110
v -0.10088 1.12607 -0.05580
v -0.10692 1.12662 -0.05487
v -0.11595 1.24048 0.08375
v -0.08710 1.23946 0.08292
v -0.11613 1.23456 0.08141
v -0.08708 1.23598 0.08199
v -0.10607 1.15712 -0.05513
v -0.10033 1.15939 -0.05590
v -0.10212 1.17114 0.08109
v -0.11469 1.17109 0.08110
v -0.10291 1.12703 0.08095
v -0.10724 1.12703 -0.04558
v -0.10764 1.15975 -0.04429
v -0.10692 1.12662 -0.05487
v -0.10607 1.15712 -0.05513
v -0.14508 1.08209 -0.09146
v -0.10724 1.12703 -0.04558
v -0.08708 1.23598 0.08199
v -0.13390 1.23575 0.07876
v -0.11600 1.17066 -0.04483
v -0.11578 1.16223 0.08105
v -0.13390 1.23575 0.07876
v -0.11613 1.23456 0.08141
v -0.08708 1.23598 0.08199
v -0.10724 1.12703 -0.04558
v -0.11431 1.12615 -0.04465
v -0.11579 1.16945 -0.07391
v -0.11555 1.15541 -0.04447
v -0.11431 1.12615 -0.04465
v -0.11595 1.24048 0.08375
v -0.11396 1.23923 0.11109
v -0.11089 1.24130 0.11220
v -0.11514 1.12615 -0.06320
v -0.11578 1.15438 -0.06852
v -0.11555 1.15541 -0.04447
v -0.11431 1.12615 -0.04465
v -0.12344 1.12536 -0.07047
v -0.11578 1.15438 -0.06852
v -0.11514 1.12615 -0.06320
v -0.11595 1.24048 0.08375
v -0.11517 1.17324 0.10899
v -0.11396 1.23923 0.11109
v -0.11613 1.23456 0.08141
v -0.11469 1.17109 0.08110
v -0.11613 1.23456 0.08141
v -0.13517 1.23399 0.08196
v -0.11679 1.16207 0.10811
v -0.11578 1.16223 0.08105
v -0.13506 1.16382 0.08104
v -0.12407 1.12463 -0.08499
v -0.13506 1.16382 0.08104
v -0.13241 1.11528 -0.06989
v -0.12344 1.12536 -0.07047
v -0.12407 1.12463 -0.08499
v -0.13506 1.16382 0.08104
v -0.13517 1.23399 0.08196
v -0.12079 1.12663 0.10925
v -0.13610 1.24916 0.10799
v -0.14508 1.08209 -0.09146
v -0.14523 1.05009 -0.06843
v -0.14476 1.06157 -0.07001
v -0.14455 1.04898 -0.06093
v -0.14523 1.05009 -0.06843
v -0.14508 1.08209 -0.09146
v -0.14544 1.09517 -0.06977
v -0.03664 1.26313 -0.08061
v 0.01585 1.09918 0.12462
v -0.01513 1.11425 0.12502
v -0.01517 1.09893 0.12511
v 0.01533 1.15644 0.12417
v -0.01303 1.17590 0.12467
v -0.01430 1.15632 0.12506
v -0.01511 0.95919 0.12334
v 0.01443 0.97808 0.12325
v -0.01312 0.97755 0.12466
v -0.01312 0.97755 0.12466
v 0.01443 0.97808 0.12325
v -0.02538 0.97945 0.13291
v -0.01430 1.15632 0.12506
v -0.02529 1.15591 0.13076
v 0.01533 1.15644 0.12417
v -0.02538 0.97945 0.13291
v 0.02638 0.98026 0.13265
v -0.02500 1.02866 0.13419
v -0.02430 1.11661 0.13252
v -0.01513 1.11425 0.12502
v 0.01536 1.11422 0.12425
v -0.01303 1.17590 0.12467
v 0.01511 1.17633 0.10841
v -0.01538 1.17549 0.10766
v -0.01517 1.03152 0.12418
v 0.01454 1.05559 0.12503
v -0.01377 1.05468 0.12459
v -0.01303 1.17590 0.12467
v -0.01538 1.17549 0.10766
v -0.01644 1.15405 0.09663
v -0.02606 1.05727 0.13160
v -0.01377 1.05468 0.12459
v 0.01454 1.05559 0.12503
v -0.02500 1.02866 0.13419
v 0.01541 1.03174 0.12338
v -0.01517 1.03152 0.12418
v -0.01559 1.02919 0.09839
v -0.01517 1.03152 0.12418
v -0.01377 1.05468 0.12459
v -0.01312 0.97755 0.12466
v -0.01552 0.98055 0.09835
v -0.01511 0.95919 0.12334
v -0.01430 1.15632 0.12506
v -0.01561 1.05462 0.10189
v -0.01561 1.05462 0.10189
v -0.01779 1.05546 0.09764
v -0.01554 1.04216 0.09757
v -0.01517 1.09893 0.12511
v -0.01513 1.11425 0.12502
v -0.01638 1.11703 0.09683
v -0.01656 1.09743 0.09693
v -0.01644 1.15405 0.09663
v -0.01744 1.15599 0.08115
v -0.01642 1.15164 0.09666
v -0.01783 1.12927 0.09591
v -0.01633 1.12925 0.09765
v -0.01779 1.05546 0.09764
v -0.01730 1.11496 0.08092
v -0.01728 1.09819 0.08185
v -0.01832 1.05283 0.08191
v -0.01736 1.04416 0.08186
v -0.02569 0.97998 0.09827
v -0.01552 0.98055 0.09835
v -0.02614 1.11574 0.09838
v -0.01638 1.11703 0.09683
v -0.01633 1.12925 0.09765
v -0.02614 1.11574 0.09838
v -0.01642 1.15164 0.09666
v -0.02474 1.15490 0.09630
v -0.02465 1.09809 0.13143
v -0.02606 1.05727 0.13160
v 0.02593 1.09810 0.13121
v -0.02614 1.11574 0.09838
v -0.01783 1.12927 0.09591
v -0.01642 1.15164 0.09666
v -0.02474 1.15490 0.09630
v -0.03088 1.04288 0.08229
v -0.02912 1.04280 0.09529
v -0.01554 1.04216 0.09757
v -0.02655 1.05671 0.09818
v -0.02954 1.09741 0.09478
v -0.01517 1.09893 0.12511
v -0.01656 1.09743 0.09693
v -0.02482 1.02718 0.09876
v -0.01559 1.02919 0.09839
v -0.03124 1.04021 0.09550
v -0.02622 1.02946 0.10170
v -0.01554 1.04216 0.09757
v -0.02912 1.04280 0.09529
v -0.03228 1.05298 0.08173
v -0.01736 1.04416 0.08186
v -0.01832 1.05283 0.08191
v 0.02593 1.09810 0.13121
v -0.02465 1.09809 0.13143
v -0.02474 1.15490 0.09630
v -0.01559 1.02919 0.09839
v -0.02482 1.02718 0.09876
v -0.02622 1.02946 0.10170
v -0.01736 1.04416 0.08186
v -0.01728 1.09819 0.08185
v -0.03395 1.09741 0.08099
v -0.01638 1.11703 0.09683
v -0.03368 1.11703 0.09625
v -0.01730 1.11496 0.08092
v -0.01783 1.12927 0.09591
v -0.01638 1.11703 0.09683
v -0.02614 1.11574 0.09838
v -0.03311 1.15583 0.08091
v -0.01744 1.15599 0.08115
v -0.03228 1.05298 0.08173
v -0.01832 1.05283 0.08191
v -0.01779 1.05546 0.09764
v -0.01559 1.02919 0.09839
v -0.03368 1.11703 0.09625
v -0.01638 1.11703 0.09683
v -0.02529 1.15591 0.13076
v -0.02430 1.11661 0.13252
v 0.02629 1.15499 0.13247
v -0.02606 1.05727 0.13160
v -0.02465 1.09809 0.13143
v -0.02657 1.09782 0.12942
v -0.02657 1.09782 0.12942
v -0.02550 1.01045 0.09871
v -0.03139 0.99638 0.09676
v -0.02569 0.97998 0.09827
v -0.02550 1.01045 0.09871
v -0.02622 1.02946 0.10170
v -0.02482 1.02718 0.09876
v -0.02569 0.97998 0.09827
v -0.02500 1.02866 0.13419
v -0.02538 0.97945 0.13291
v -0.03001 1.05358 0.09598
v -0.01779 1.05546 0.09764
v -0.02655 1.05671 0.09818
v -0.03001 1.05358 0.09598
v -0.02614 1.11574 0.09838
v -0.02430 1.11661 0.13252
v -0.02474 1.15490 0.09630
v -0.02529 1.15591 0.13076
v -0.02655 1.05671 0.09818
v -0.02606 1.05727 0.13160
v -0.02802 1.09436 0.09890
v -0.02657 1.09782 0.12942
v -0.02954 1.09741 0.09478
v -0.02926 1.00792 -0.07799
v -0.02889 1.07594 -0.07786
v 0.02719 1.07866 -0.07773
v -0.02802 1.09436 0.09890
v -0.03001 1.05358 0.09598
v -0.02655 1.05671 0.09818
v -0.03124 1.04021 0.09550
v -0.02912 1.04280 0.09529
v -0.03088 1.04288 0.08229
v -0.03088 1.04288 0.08229
v -0.03138 1.00839 -0.08660
v -0.03038 1.07550 -0.09109
v -0.02889 1.07594 -0.07786
v -0.01728 1.09819 0.08185
v -0.01730 1.11496 0.08092
v -0.03395 1.09741 0.08099
v -0.03400 1.11593 0.08082
v -0.03400 1.11593 0.08082
v -0.03263 1.15419 0.09500
v -0.02926 1.00792 -0.07799
v -0.03279 1.04109 0.08168
v -0.05791 0.98606 -0.07812
v 0.05873 0.98665 -0.07860
v -0.03263 1.15419 0.09500
v -0.02954 1.09741 0.09478
v -0.03330 1.09339 0.09530
v -0.02802 1.09436 0.09890
v -0.03395 1.05505 0.09488
v -0.03124 1.04021 0.09550
v -0.03279 1.04109 0.08168
v -0.03139 0.99638 0.09676
v -0.03301 0.99611 0.08096
v -0.03395 1.09741 0.08099
v -0.02802 1.09436 0.09890
v -0.03330 1.09339 0.09530
v -0.03300 1.07692 0.09447
v -0.03228 1.05298 0.08173
v -0.03001 1.05358 0.09598
v -0.03395 1.05505 0.09488
v -0.03279 1.04109 0.08168
v -0.03395 1.05505 0.09488
v -0.03301 0.99611 0.08096
v -0.03279 1.04109 0.08168
v -0.03494 1.00859 0.08174
v -0.03279 1.04109 0.08168
v -0.03228 1.05298 0.08173
v -0.03395 1.05505 0.09488
v -0.03368 1.11703 0.09625
v -0.03263 1.15419 0.09500
v -0.03384 1.17463 0.11781
v -0.03466 1.08676 0.11860
v -0.03330 1.09339 0.09530
v -0.03400 1.08652 0.10937
v -0.03300 1.07692 0.09447
v -0.03311 1.15583 0.08091
v -0.03395 1.09741 0.08099
v -0.03400 1.11593 0.08082
v -0.03628 1.00818 0.11006
v -0.03494 1.00859 0.08174
v -0.03301 0.99611 0.08096
v -0.04832 0.99480 0.08090
v -0.03139 0.99638 0.09676
v -0.05559 1.00788 0.11109
v -0.03628 1.00818 0.11006
v -0.03400 1.08652 0.10937
v -0.03466 1.08676 0.11860
v -0.05037 1.08664 0.11508
v -0.03400 1.08652 0.10937
v -0.03466 1.08676 0.11860
v -0.03384 1.17463 0.11781
v -0.08461 1.17433 0.11770
v -0.04698 0.99340 0.09752
v -0.03400 1.08652 0.10937
v -0.05037 1.08664 0.11508
v -0.04485 1.08539 0.11196
v -0.04832 0.99480 0.08090
v -0.04698 0.99340 0.09752
v -0.03138 1.00839 -0.08660
v -0.02926 1.00792 -0.07799
v -0.05688 1.00675 -0.07851
v -0.05507 1.00683 0.08163
v -0.04485 1.08539 0.11196
v -0.05794 1.00677 -0.08557
v -0.05037 1.08664 0.11508
v -0.05445 1.09068 0.11143
v -0.04485 1.08539 0.11196
v -0.05037 1.08664 0.11508
v -0.03466 1.08676 0.11860
v -0.05536 1.09342 0.11830
v -0.03494 1.00859 0.08174
v -0.03628 1.00818 0.11006
v -0.05559 1.00788 0.11109
v -0.05532 0.98522 0.08122
v -0.05688 1.00675 -0.07851
v -0.05507 1.00683 0.08163
v -0.05445 1.09068 0.11143
v -0.05445 1.09068 0.11143
v -0.05037 1.08664 0.11508
v -0.05536 1.09342 0.11830
v -0.05662 0.98478 0.13511
v -0.05532 0.98522 0.08122
v -0.05507 1.00683 0.08163
v -0.05559 1.00788 0.11109
v -0.05662 1.06241 0.14995
v -0.05445 1.09068 0.11143
v -0.05536 1.09342 0.11830
v -0.05661 1.09311 0.15609
v -0.05688 1.00675 -0.07851
v -0.05791 0.98606 -0.07812
v -0.05794 1.00677 -0.08557
v -0.05924 0.98650 -0.08400
v -0.03138 1.00839 -0.08660
v -0.05794 1.00677 -0.08557
v -0.14508 1.08209 -0.09146
v -0.08449 1.11855 0.11737
v -0.05536 1.09342 0.11830
v -0.05625 1.17660 0.11193
v -0.08416 1.17636 0.11281
v -0.03384 1.17463 0.11781
v -0.05536 1.09342 0.11830
v -0.08449 1.11855 0.11737
v -0.07109 1.10564 0.11704
v -0.05661 1.09311 0.15609
v -0.05536 1.09342 0.11830
v -0.08499 1.11269 0.14405
v -0.08201 1.11478 0.11686
v -0.07109 1.10564 0.11704
v -0.08546 1.11740 0.08895
v -0.08463 1.11498 0.12212
v -0.08217 1.01228 0.13943
v -0.05662 0.98478 0.13511
v -0.05662 1.06241 0.14995
v -0.05661 1.09311 0.15609
v -0.07453 1.10838 0.08025
v -0.07109 1.10564 0.11704
v -0.08546 1.11740 0.08895
v -0.08000 1.11303 0.08004
v -0.08201 1.11478 0.11686
v -0.08461 1.17433 0.11770
v -0.08449 1.11855 0.11737
v -0.08542 1.12606 0.11505
v -0.08449 1.11855 0.11737
v -0.08461 1.17433 0.11770
v -0.08558 1.11860 0.07997
v -0.08619 1.17249 0.10095
v -0.08539 1.12790 0.10015
v -0.08608 1.17463 0.11050
v -0.08633 1.12614 0.14380
v -0.08499 1.11269 0.14405
v -0.08463 1.11498 0.12212
v -0.08546 1.11740 0.08895
v -0.08449 1.11855 0.11737
v -0.08542 1.12606 0.11505
v -0.10162 1.12766 0.09893
v -0.08539 1.12790 0.10015
v -0.08619 1.17249 0.10095
v -0.12239 1.05678 0.14389
v -0.08542 1.12606 0.11505
v -0.08539 1.12790 0.10015
v -0.11599 1.12706 0.10716
v -0.08369 1.01072 0.14205
v -0.08217 1.01228 0.13943
v -0.10485 1.03433 0.14372
v -0.10162 1.12766 0.09893
v -0.12139 1.10187 0.14308
v -0.08499 1.11269 0.14405
v -0.10218 1.17239 0.09949
v -0.10212 1.17114 0.08109
v -0.10291 1.12703 0.08095
v -0.10218 1.17239 0.09949
v -0.10162 1.12766 0.09893
v -0.08633 1.12614 0.14380
v -0.12051 1.12583 0.14256
v -0.10291 1.12703 0.08095
v -0.10485 1.03433 0.14372
v -0.14222 1.02139 0.14122
v -0.08369 1.01072 0.14205
v -0.12051 1.12583 0.14256
v -0.08633 1.12614 0.14380
v -0.14134 1.00658 -0.08494
v -0.11602 1.12700 0.08179
v -0.12239 1.05678 0.14389
v -0.11602 1.12700 0.08179
v -0.10291 1.12703 0.08095
v -0.11578 1.16223 0.08105
v -0.11602 1.12700 0.08179
v -0.11578 1.16223 0.08105
v -0.11599 1.12706 0.10716
v -0.11679 1.16207 0.10811
v -0.11679 1.16207 0.10811
v -0.12079 1.12663 0.10925
v -0.11599 1.12706 0.10716
v -0.12079 1.12663 0.10925
v -0.12079 1.12663 0.10925
v -0.12139 1.10187 0.14308
v -0.12051 1.12583 0.14256
v -0.12117 1.10347 0.10967
v -0.12117 1.10347 0.10967
v -0.12261 1.10112 0.11189
v -0.12139 1.10187 0.14308
v -0.14468 1.08063 0.14635
v -0.12715 1.09205 0.11074
v -0.13738 1.08213 0.11159
v -0.12261 1.10112 0.11189
v -0.12715 1.09205 0.11074
v -0.14435 1.08124 0.10938
v -0.12715 1.09205 0.11074
v -0.12117 1.10347 0.10967
v -0.14382 1.09994 0.11338
v -0.14309 1.10005 0.14475
v -0.12261 1.10112 0.11189
v -0.13424 1.02127 0.11161
v -0.13427 1.07900 0.11154
v -0.13342 1.05999 0.09837
v -0.13434 1.07903 0.09845
v -0.13424 1.02127 0.11161
v -0.14443 1.07948 0.11211
v -0.13427 1.07900 0.11154
v -0.14309 1.10005 0.14475
v -0.13506 1.16382 0.08104
v -0.12079 1.12663 0.10925
v -0.11679 1.16207 0.10811
v -0.13427 1.07900 0.11154
v -0.13738 1.08213 0.11159
v -0.14435 1.08124 0.10938
v -0.13427 1.07900 0.11154
v -0.14435 1.08124 0.10938
v -0.13434 1.07903 0.09845
v -0.12139 1.10187 0.14308
v -0.14382 1.09994 0.11338
v -0.13738 1.08213 0.11159
v -0.14222 1.07887 0.09755
v -0.13342 1.05999 0.09837
v -0.13434 1.07903 0.09845
v -0.14324 1.01752 0.09746
v -0.13999 1.02014 0.11191
v -0.14222 1.07887 0.09755
v -0.14443 1.07948 0.11211
v -0.13999 1.02014 0.11191
v -0.14222 1.02139 0.14122
v -0.14222 1.07887 0.09755
v -0.14345 1.05767 0.10411
v -0.14324 1.01752 0.09746
v -0.14435 1.08124 0.10938
v -0.14480 1.05902 0.10895
v -0.12079 1.12663 0.10925
v -0.14508 1.08209 -0.09146
v -0.14290 1.00678 -0.05512
v -0.14455 1.04898 -0.06093
v -0.16687 1.24957 0.10589
v -0.14309 1.10005 0.14475
v -0.14382 1.09994 0.11338
v -0.14468 1.08063 0.14635
v -0.16642 1.05942 0.10875
v -0.14345 1.05767 0.10411
v -0.14480 1.05902 0.10895
v -0.16369 1.05680 0.10407
v -0.16442 1.04947 -0.05916
v -0.14523 1.05009 -0.06843
v -0.14455 1.04898 -0.06093
v -0.16642 1.05942 0.10875
v -0.16138 1.05374 0.01814
v -0.16686 1.05496 0.02636
v -0.16229 1.05112 -0.02724
v -0.16442 1.04947 -0.05916
v -0.16397 1.05638 0.06946
v -0.16369 1.05680 0.10407
v -0.16642 1.05942 0.10875
v -0.14480 1.05902 0.10895
v -0.02926 1.00792 -0.07799
v -0.14290 1.00678 -0.05512
v -0.14508 1.08209 -0.09146
v -0.14134 1.00658 -0.08494
v -0.14290 1.00678 -0.05512
v -0.16442 1.04947 -0.05916
v -0.14455 1.04898 -0.06093
v -0.16276 1.01764 0.10419
v -0.14345 1.05767 0.10411
v -0.16369 1.05680 0.10407
v -0.16751 0.98040 -0.05173
v -0.14320 0.98255 -0.05325
v -0.16460 1.01148 0.05432
v -0.16229 1.05112 -0.02724
v -0.16541 0.98273 -0.01362
v -0.16442 1.04947 -0.05916
v -0.16138 1.05374 0.01814
v -0.16397 1.05638 0.06946
v -0.16266 1.01730 0.09912
v -0.16276 1.01764 0.10419
v -0.16369 1.05680 0.10407
v -0.16751 0.98040 -0.05173
v -0.16347 0.98007 -0.01575
v -0.16751 0.98040 -0.05173
v -0.15046 0.98061 -0.01571
v -0.16571 0.97568 -0.01507
v -0.16347 0.98007 -0.01575
v -0.16571 0.97568 -0.01507
v -0.16541 0.98273 -0.01362
v -0.16347 0.98007 -0.01575
v -0.16541 0.98273 -0.01362
v -0.16751 0.98040 -0.05173
v -0.00114 0.84795 0.14519
v 0.00515 0.84861 0.11406
v -0.01116 0.84863 0.11323
v 0.00515 0.84861 0.11406
v -0.01997 0.85124 0.13335
v -0.01116 0.84863 0.11323
v 0.01539 0.91071 0.12419
v -0.01344 0.91014 0.12488
v -0.01487 0.88984 0.12399
v -0.02009 0.88880 0.13339
v 0.02118 0.88724 0.13351
v -0.01487 0.88984 0.12399
v 0.01969 0.85122 0.13330
v -0.02009 0.88880 0.13339
v -0.01997 0.85124 0.13335
v -0.01344 0.91014 0.12488
v 0.01539 0.91071 0.12419
v -0.02523 0.91145 0.13249
v -0.02547 0.95795 0.13204
v 0.02630 0.95774 0.13249
v -0.01511 0.95919 0.12334
v -0.01344 0.91014 0.12488
v -0.01557 0.91154 0.09843
v -0.01487 0.88984 0.12399
v -0.01557 0.84862 0.09826
v -0.01954 0.84926 0.10404
v -0.01545 0.88865 0.08091
v -0.01604 0.88661 0.09887
v -0.01551 0.90722 0.08168
v -0.01511 0.95919 0.12334
v -0.01552 0.98055 0.09835
v -0.01555 0.95848 0.09837
v -0.01604 0.88661 0.09887
v -0.01593 0.90838 0.09716
v -0.03485 0.84692 0.14735
v -0.02445 0.91226 0.09923
v -0.01557 0.91154 0.09843
v -0.03442 0.84786 0.12504
v -0.01954 0.84926 0.10404
v 0.06860 0.86996 -0.07811
v -0.03699 0.83791 -0.07847
v -0.06814 0.86985 -0.07796
v -0.02657 0.88568 0.09689
v -0.01735 0.87042 0.09843
v -0.01604 0.88661 0.09887
v -0.02009 0.88880 0.13339
v -0.01604 0.88661 0.09887
v -0.02011 0.88800 0.10091
v -0.03429 0.90675 0.08087
v -0.01551 0.90722 0.08168
v -0.01593 0.90838 0.09716
v -0.01604 0.88661 0.09887
v -0.01735 0.87042 0.09843
v -0.02011 0.88800 0.10091
v -0.02737 0.84844 0.09627
v -0.01604 0.88661 0.09887
v -0.02700 0.88789 0.09490
v -0.02657 0.88568 0.09689
v -0.02469 0.95808 0.09831
v -0.01557 0.84862 0.09826
v -0.02737 0.84844 0.09627
v -0.02700 0.88789 0.09490
v -0.01545 0.88865 0.08091
v -0.02710 0.88897 0.08109
v -0.01735 0.87042 0.09843
v -0.01557 0.84862 0.09826
v -0.02011 0.88800 0.10091
v -0.01954 0.84926 0.10404
v -0.01555 0.95848 0.09837
v -0.02011 0.88800 0.10091
v -0.01997 0.85124 0.13335
v -0.02009 0.88880 0.13339
v -0.01954 0.84926 0.10404
v -0.01551 0.90722 0.08168
v -0.03429 0.90675 0.08087
v -0.01545 0.88865 0.08091
v -0.01552 0.98055 0.09835
v -0.04776 0.94421 0.09633
v -0.02469 0.95808 0.09831
v -0.01593 0.90838 0.09716
v -0.01557 0.91154 0.09843
v -0.02445 0.91226 0.09923
v -0.02569 0.97998 0.09827
v -0.01604 0.88661 0.09887
v -0.02547 0.95795 0.13204
v -0.02523 0.91145 0.13249
v 0.02630 0.95774 0.13249
v -0.01555 0.95848 0.09837
v -0.03463 0.84788 0.09743
v -0.02710 0.88897 0.08109
v -0.02547 0.95795 0.13204
v -0.02469 0.95808 0.09831
v -0.02523 0.91145 0.13249
v -0.02445 0.91226 0.09923
v -0.03315 0.90790 0.09676
v -0.02657 0.88568 0.09689
v -0.02700 0.88789 0.09490
v -0.02737 0.84844 0.09627
v -0.03315 0.90790 0.09676
v -0.02710 0.88897 0.08109
v -0.02777 0.84773 0.08175
v -0.02777 0.84773 0.08175
v -0.03315 0.90790 0.09676
v -0.03410 0.84760 0.08077
v -0.03318 0.94331 0.09788
v -0.03574 0.87736 0.08095
v -0.02777 0.84773 0.08175
v -0.03410 0.84760 0.08077
v -0.03318 0.94331 0.09788
v -0.03472 0.94140 0.08167
v -0.03315 0.90790 0.09676
v -0.03429 0.90675 0.08087
v -0.03410 0.84760 0.08077
v -0.03574 0.87736 0.08095
v -0.03463 0.84788 0.09743
v -0.03567 0.87749 0.09492
v -0.03567 0.87749 0.09492
v -0.04200 0.87088 0.09660
v -0.03463 0.84788 0.09743
v -0.04200 0.87088 0.09660
v -0.03442 0.84786 0.12504
v -0.03463 0.84788 0.09743
v -0.04264 0.87979 0.09541
v -0.03567 0.87749 0.09492
v -0.03574 0.87736 0.08095
v -0.04264 0.87979 0.09541
v -0.04183 0.87827 0.08095
v -0.04270 0.92205 0.08094
v -0.03318 0.94331 0.09788
v -0.04776 0.94421 0.09633
v -0.03472 0.94140 0.08167
v -0.04183 0.87827 0.08095
v -0.03472 0.94140 0.08167
v -0.04698 0.99340 0.09752
v 0.05873 0.98665 -0.07860
v -0.05791 0.98606 -0.07812
v -0.04308 0.87179 0.12335
v -0.04803 0.94348 0.08105
v -0.04270 0.92205 0.08094
v -0.04386 0.92238 0.12244
v -0.04264 0.87979 0.09541
v -0.04183 0.87827 0.08095
v -0.04803 0.94348 0.08105
v -0.05689 0.87518 0.12398
v -0.04227 0.84298 0.12314
v -0.03442 0.84786 0.12504
v -0.04308 0.87179 0.12335
v -0.04386 0.92238 0.12244
v -0.06325 0.92262 0.12372
v -0.04803 0.94348 0.08105
v -0.04776 0.94421 0.09633
v -0.04832 0.99480 0.08090
v -0.04698 0.99340 0.09752
v -0.04832 0.99480 0.08090
v -0.06192 0.92366 0.08171
v -0.06710 0.84068 0.12104
v -0.06667 0.87159 0.12463
v -0.08766 0.98544 0.11056
v -0.05532 0.98522 0.08122
v -0.08670 0.98495 0.13294
v -0.06287 0.96415 0.08159
v -0.05532 0.98522 0.08122
v -0.05791 0.98606 -0.07812
v -0.09290 0.98578 -0.07830
v -0.05924 0.98650 -0.08400
v -0.04386 0.92238 0.12244
v -0.04270 0.92205 0.08094
v -0.06192 0.92366 0.08171
v -0.06325 0.92262 0.12372
v -0.05924 0.98650 -0.08400
v -0.12114 0.98651 -0.08317
v -0.05794 1.00677 -0.08557
v -0.06325 0.92262 0.12372
v -0.06192 0.92366 0.08171
v -0.06358 0.96390 0.12296
v -0.06287 0.96415 0.08159
v -0.09154 0.88997 0.12243
v -0.09196 0.87258 0.12447
v -0.06710 0.84068 0.12104
v -0.06667 0.87159 0.12463
v -0.06716 0.85952 0.12070
v -0.06748 0.86190 0.11371
v -0.06619 0.86127 0.08224
v -0.06748 0.86190 0.11371
v -0.07060 0.86173 0.10461
v -0.06619 0.86127 0.08224
v -0.09293 0.87118 -0.07750
v -0.08462 0.98400 0.08169
v -0.06852 0.87207 0.13979
v -0.06676 0.83946 0.12591
v -0.06710 0.84068 0.12104
v -0.06716 0.85952 0.12070
v -0.06667 0.87159 0.12463
v -0.06748 0.86190 0.11371
v -0.07055 0.85075 0.11047
v -0.07053 0.85990 0.08201
v -0.07044 0.86969 -0.10587
v -0.06814 0.86985 -0.07796
v -0.06889 0.81391 -0.07868
v -0.06619 0.86127 0.08224
v -0.07053 0.85990 0.08201
v -0.07153 0.84179 0.08232
v -0.09329 0.92559 0.12375
v -0.07060 0.86173 0.10461
v -0.07198 0.84044 0.10742
v -0.07153 0.84179 0.08232
v -0.07053 0.85990 0.08201
v -0.08462 0.98400 0.08169
v -0.05662 0.98478 0.13511
v -0.08217 1.01228 0.13943
v -0.08500 0.98765 0.13587
v -0.08500 0.98765 0.13587
v -0.08670 0.98495 0.13294
v -0.05662 0.98478 0.13511
v -0.06358 0.96390 0.12296
v -0.09315 0.96362 0.12367
v -0.05662 0.98478 0.13511
v -0.06667 0.87159 0.12463
v -0.09196 0.87258 0.12447
v -0.06852 0.87207 0.13979
v -0.07044 0.86969 -0.10587
v -0.14392 0.86871 -0.10405
v -0.09293 0.87118 -0.07750
v -0.12114 0.98651 -0.08317
v -0.08462 0.98400 0.08169
v -0.08766 0.98544 0.11056
v -0.08675 0.98647 0.09671
v -0.06814 0.86985 -0.07796
v -0.06358 0.96390 0.12296
v -0.06287 0.96415 0.08159
v -0.08584 0.96597 0.09545
v -0.08463 0.96634 0.08093
v -0.08369 1.01072 0.14205
v -0.08617 0.98904 0.14213
v -0.08217 1.01228 0.13943
v -0.08463 0.96634 0.08093
v -0.08500 0.98765 0.13587
v -0.08766 0.98544 0.11056
v -0.09233 0.98918 0.09753
v -0.08675 0.98647 0.09671
v -0.08462 0.98400 0.08169
v -0.08584 0.96597 0.09545
v -0.08463 0.96634 0.08093
v -0.08675 0.98647 0.09671
v -0.09290 0.98578 -0.07830
v -0.08500 0.98765 0.13587
v -0.08617 0.98904 0.14213
v -0.08928 0.98754 0.13025
v -0.08670 0.98495 0.13294
v -0.08500 0.98765 0.13587
v -0.08928 0.98754 0.13025
v -0.08766 0.98544 0.11056
v -0.08670 0.98495 0.13294
v -0.08928 0.98754 0.13025
v -0.10914 0.98915 0.10006
v -0.09454 0.96464 0.09668
v -0.09315 0.96362 0.12367
v -0.09460 0.87019 -0.07221
v -0.09329 0.92559 0.12375
v -0.09350 0.89086 0.11621
v -0.09154 0.88997 0.12243
v -0.09196 0.87258 0.12447
v -0.09404 0.86826 -0.06027
v -0.09431 0.98524 -0.06051
v -0.09290 0.98578 -0.07830
v -0.09293 0.87118 -0.07750
v -0.09404 0.86826 -0.06027
v -0.09416 0.94542 0.09668
v -0.09415 0.87219 0.09667
v -0.09454 0.96464 0.09668
v -0.09315 0.96362 0.12367
v -0.14134 1.00658 -0.08494
v -0.12174 0.98253 0.09621
v -0.08675 0.98647 0.09671
v -0.10773 0.99053 0.09744
v -0.14264 0.86981 -0.06874
v -0.10896 0.98906 0.14123
v -0.09404 0.86826 -0.06027
v -0.12079 0.98507 -0.06015
v -0.09431 0.98524 -0.06051
v -0.09491 0.99418 0.09659
v -0.10114 0.99615 0.09846
v -0.09959 0.99616 0.09490
v -0.12497 0.86747 -0.06610
v -0.09491 0.99418 0.09659
v -0.09959 0.99616 0.09490
v -0.09233 0.98918 0.09753
v -0.10114 0.99615 0.09846
v -0.09491 0.99418 0.09659
v -0.10773 0.99053 0.09744
v -0.12079 0.98507 -0.06015
v -0.09431 0.98524 -0.06051
v -0.10773 0.99053 0.09744
v -0.11194 0.99651 0.09631
v -0.08584 0.96597 0.09545
v -0.12139 0.86893 -0.05964
v -0.09454 0.96464 0.09668
v -0.09416 0.94542 0.09668
v -0.10114 0.99615 0.09846
v -0.10773 0.99053 0.09744
v -0.11194 0.99651 0.09631
v -0.09415 0.87219 0.09667
v -0.12476 0.87104 0.10861
v -0.10896 0.98906 0.14123
v -0.08617 0.98904 0.14213
v -0.08369 1.01072 0.14205
v -0.14222 1.02139 0.14122
v -0.11194 0.99651 0.09631
v -0.11194 0.99651 0.09631
v -0.10773 0.99053 0.09744
v -0.10914 0.98915 0.10006
v -0.11729 0.99483 0.09738
v -0.12138 0.87350 0.09520
v -0.09415 0.87219 0.09667
v -0.11194 0.99651 0.09631
v -0.11670 0.99649 0.09454
v -0.11729 0.99483 0.09738
v -0.12070 1.00396 0.09891
v -0.11670 0.99649 0.09454
v -0.11194 0.99651 0.09631
v -0.12070 1.00396 0.09891
v -0.11670 0.99649 0.09454
v -0.12070 1.00396 0.09891
v -0.11946 0.99874 0.08969
v -0.12138 0.87350 0.09520
v -0.12139 0.86893 -0.05964
v -0.11946 0.99874 0.08969
v -0.12201 1.00303 0.08965
v -0.10914 0.98915 0.10006
v -0.10896 0.98906 0.14123
v -0.13999 1.02014 0.11191
v -0.11946 0.99874 0.08969
v -0.12723 1.00728 0.09405
v -0.11729 0.99483 0.09738
v -0.12079 0.98507 -0.06015
v -0.12268 0.98247 -0.05123
v -0.12293 0.98590 -0.05427
v -0.12138 0.87350 0.09520
v -0.12174 0.98253 0.09621
v -0.12207 0.91927 0.08096
v -0.12194 0.96345 0.08162
v -0.12139 0.86893 -0.05964
v -0.12192 0.87294 0.08086
v -0.12293 0.98590 -0.05427
v -0.12539 0.98087 0.07878
v -0.13738 0.90317 0.08085
v -0.14673 0.90197 0.08085
v -0.12192 0.87294 0.08086
v -0.12264 0.86837 -0.05475
v -0.12208 0.91960 -0.03684
v -0.12237 0.98178 -0.03680
v -0.12254 0.86586 -0.03644
v -0.12201 1.00303 0.08965
v -0.13844 0.95437 0.08110
v -0.12207 0.91927 0.08096
v -0.12340 0.86550 -0.05126
v -0.12208 0.91960 -0.03684
v -0.12254 0.86586 -0.03644
v -0.13746 0.90326 -0.03641
v -0.12340 0.86550 -0.05126
v -0.14091 0.86575 -0.03613
v -0.12254 0.86586 -0.03644
v -0.13653 0.95435 -0.03607
v -0.12237 0.98178 -0.03680
v -0.12723 1.00728 0.09405
v -0.13078 1.01109 0.09963
v -0.12070 1.00396 0.09891
v -0.10914 0.98915 0.10006
v -0.13078 1.01109 0.09963
v -0.12773 0.96706 0.07962
v -0.12194 0.96345 0.08162
v -0.12539 0.98087 0.07878
v -0.12194 0.96345 0.08162
v -0.12268 0.98247 -0.05123
v -0.14320 0.98255 -0.05325
v -0.12293 0.98590 -0.05427
v -0.14264 0.86981 -0.06874
v -0.12237 0.98178 -0.03680
v -0.15042 0.97989 -0.03469
v -0.14290 1.00678 -0.05512
v -0.13078 1.01109 0.09963
v -0.12340 0.86550 -0.05126
v -0.12264 0.86837 -0.05475
v -0.14232 0.86794 -0.05332
v -0.14680 0.96428 0.08144
v -0.12264 0.86837 -0.05475
v -0.14232 0.86794 -0.05332
v -0.14230 0.86969 0.14301
v -0.12879 0.98063 0.05021
v -0.12884 0.96632 0.05086
v -0.12539 0.98087 0.07878
v -0.12773 0.96706 0.07962
v -0.14222 1.02139 0.14122
v -0.14301 0.87123 0.10563
v -0.15042 0.97989 -0.03469
v -0.14240 0.86654 -0.06525
v -0.14240 0.86654 -0.06525
v -0.15041 0.90203 -0.03551
v -0.14681 0.97880 0.04946
v -0.12879 0.98063 0.05021
v -0.12539 0.98087 0.07878
v -0.13078 1.01109 0.09963
v -0.14680 0.96428 0.08144
v -0.13342 1.05999 0.09837
v -0.13078 1.01109 0.09963
v -0.13424 1.02127 0.11161
v -0.13078 1.01109 0.09963
v -0.13342 1.05999 0.09837
v -0.14324 1.01752 0.09746
v -0.14240 0.86654 -0.06525
v -0.12192 0.87294 0.08086
v -0.13424 1.02127 0.11161
v -0.13078 1.01109 0.09963
v -0.13999 1.02014 0.11191
v -0.14134 1.00658 -0.08494
v -0.12884 0.96632 0.05086
v -0.14680 0.96428 0.08144
v -0.12773 0.96706 0.07962
v -0.13768 0.90509 -0.04920
v -0.13653 0.95435 -0.03607
v -0.13746 0.90326 -0.03641
v -0.13868 0.95425 -0.04912
v -0.13738 0.90317 0.08085
v -0.13844 0.95437 0.08110
v -0.13948 0.95265 0.09674
v -0.12340 0.86550 -0.05126
v -0.14232 0.86794 -0.05332
v -0.14240 0.86654 -0.06525
v -0.14392 0.86871 -0.10405
v -0.07044 0.86969 -0.10587
v -0.14298 0.83989 -0.10586
v -0.14091 0.86575 -0.03613
v -0.13825 0.90406 0.09626
v -0.14311 0.87223 0.08100
v -0.13653 0.95435 -0.03607
v -0.13868 0.95425 -0.04912
v -0.15040 0.95564 -0.03548
v -0.12879 0.98063 0.05021
v -0.14681 0.97880 0.04946
v -0.12884 0.96632 0.05086
v -0.12293 0.98590 -0.05427
v -0.14320 0.98255 -0.05325
v -0.14290 1.00678 -0.05512
v -0.14311 0.87223 0.08100
v -0.13868 0.95425 -0.04912
v -0.13768 0.90509 -0.04920
v -0.16050 0.90361 -0.04908
v -0.14759 0.84814 0.08134
v -0.14586 0.95506 0.08095
v -0.15040 0.95564 -0.03548
v -0.13738 0.90317 0.08085
v -0.13825 0.90406 0.09626
v -0.14762 0.90139 0.08495
v -0.13768 0.90509 -0.04920
v -0.13746 0.90326 -0.03641
v -0.15041 0.90203 -0.03551
v -0.15862 0.90402 0.09544
v -0.13825 0.90406 0.09626
v -0.15745 0.95348 0.09597
v -0.14746 0.96638 0.05035
v -0.14091 0.86575 -0.03613
v -0.14240 0.86654 -0.06525
v -0.14300 0.86205 -0.03682
v -0.14264 0.86981 -0.06874
v -0.14392 0.86871 -0.10405
v -0.14298 0.83989 -0.10586
v -0.14324 1.01752 0.09746
v -0.14345 1.05767 0.10411
v -0.14437 1.01752 0.10410
v -0.14781 0.82811 0.08141
v -0.14300 0.86205 -0.03682
v -0.14673 0.90197 0.08085
v -0.16050 0.90361 -0.04908
v -0.14746 0.96638 0.05035
v -0.13844 0.95437 0.08110
v -0.14701 0.95486 0.08487
v -0.15745 0.95348 0.09597
v -0.14586 0.95506 0.08095
v -0.14778 0.97798 0.08498
v -0.16276 1.01764 0.10419
v -0.14437 1.01752 0.10410
v -0.14345 1.05767 0.10411
v -0.14701 0.95486 0.08487
v -0.14586 0.95506 0.08095
v -0.14680 0.96428 0.08144
v -0.15003 0.86774 -0.03511
v -0.12174 0.98253 0.09621
v -0.14324 1.01752 0.09746
v -0.14437 1.01752 0.10410
v -0.16266 1.01730 0.09912
v -0.14681 0.97880 0.04946
v -0.14778 0.97798 0.08498
v -0.14746 0.96638 0.05035
v -0.15012 0.86855 0.08706
v -0.14735 0.85397 0.08462
v -0.14759 0.84814 0.08134
v -0.14762 0.90139 0.08495
v -0.15012 0.86855 0.08706
v -0.14673 0.90197 0.08085
v -0.14759 0.84814 0.08134
v -0.15005 0.82307 -0.03583
v -0.13948 0.95265 0.09674
v -0.16668 0.98031 0.09594
v -0.15003 0.86774 -0.03511
v -0.15134 0.86922 -0.01635
v -0.14998 0.90196 -0.01584
v -0.15042 0.97989 -0.03469
v -0.15040 0.95564 -0.03548
v -0.15046 0.98061 -0.01571
v -0.15041 0.90203 -0.03551
v -0.15033 0.95648 -0.01635
v -0.15005 0.82307 -0.03583
v -0.15179 0.86781 -0.07438
v -0.15003 0.86774 -0.03511
v -0.15862 0.90402 0.09544
v -0.15919 0.90317 0.08645
v -0.15179 0.86781 -0.07438
v -0.15134 0.86922 -0.01635
v -0.15003 0.86774 -0.03511
v -0.16397 1.01113 0.09754
v -0.16668 0.98031 0.09594
v -0.17551 0.86795 -0.07365
v -0.15134 0.86922 -0.01635
v -0.15179 0.86781 -0.07438
v -0.16175 0.90322 -0.01574
v -0.14998 0.90196 -0.01584
v -0.13948 0.95265 0.09674
v -0.15919 0.95459 -0.04857
v -0.14778 0.97798 0.08498
v -0.16668 0.98031 0.09594
v -0.15879 0.95338 0.08622
v -0.15879 0.95338 0.08622
v -0.15033 0.95648 -0.01635
v -0.16126 0.95371 -0.01585
v -0.16571 0.97568 -0.01507
v -0.14701 0.95486 0.08487
v -0.15046 0.98061 -0.01571
v -0.16751 0.98040 -0.05173
v -0.15919 0.90317 0.08645
v -0.15862 0.90402 0.09544
v -0.15745 0.95348 0.09597
v -0.15033 0.95648 -0.01635
v -0.16347 0.98007 -0.01575
v -0.16276 1.01764 0.10419
v -0.15879 0.95338 0.08622
v -0.15919 0.95459 -0.04857
v -0.16266 1.01730 0.09912
v -0.16126 0.95371 -0.01585
v -0.15879 0.95338 0.08622
v -0.17404 0.86880 0.08582
v -0.15919 0.90317 0.08645
v -0.15046 0.98061 -0.01571
v -0.16050 0.90361 -0.04908
v -0.16175 0.90322 -0.01574
v -0.15919 0.95459 -0.04857
v -0.16126 0.95371 -0.01585
v -0.15012 0.86855 0.08706
v -0.17404 0.86880 0.08582
v -0.17549 0.86790 0.10637
v -0.15012 0.86855 0.08706
v -0.14762 0.90139 0.08495
v -0.16397 1.01113 0.09754
v -0.16266 1.01730 0.09912
v -0.16460 1.01148 0.05432
v -0.17229 0.86937 -0.01567
v -0.16668 0.98031 0.09594
v -0.16571 0.97568 -0.01507
v -0.15082 0.86798 0.10552
v -0.17404 0.86880 0.08582
v -0.16175 0.90322 -0.01574
v -0.17229 0.86937 -0.01567
v -0.14998 0.90196 -0.01584
v -0.15134 0.86922 -0.01635
v -0.16571 0.97568 -0.01507
v -0.17229 0.86937 -0.01567
v -0.17551 0.86795 -0.07365
v -0.17404 0.86880 0.08582
v -0.17094 0.91731 0.08524
v -0.17551 0.86795 -0.07365
v -0.17549 0.86790 0.10637
v -0.17460 0.86877 0.06030
v -0.17460 0.86877 0.06030
v -0.17094 0.91731 0.08524
v -0.17549 0.86790 0.10637
v -0.17460 0.86877 0.06030
v -0.06814 0.86985 -0.07796
v -0.09293 0.87118 -0.07750
v -0.09460 0.87019 -0.07221
v 0.17115 1.24229 0.07141
v 0.17510 1.24476 0.05522
v 0.18061 1.06662 0.07792
v 0.16333 1.25799 0.02079
v 0.18039 1.25894 0.03478
v 0.18154 1.06498 -0.02136
v 0.18456 1.25897 0.01890
v 0.17130 1.24265 0.03303
v 0.17115 1.24229 0.07141
v 0.16730 1.24978 0.03487
v 0.17090 1.24264 -0.01024
v 0.17511 1.24938 0.01878
v 0.17433 1.24541 0.00539
v 0.17301 1.24531 0.02130
v 0.17130 1.24265 0.03303
v 0.17455 1.24940 0.00493
v 0.17260 1.24534 0.03326
v 0.17260 1.24534 0.03326
v 0.17130 1.24265 0.03303
v 0.17601 1.24879 0.03598
v 0.17601 1.24879 0.03598
v 0.17601 1.24879 0.03598
v 0.16730 1.24978 0.03487
v 0.17260 1.24534 0.03326
v 0.18039 1.25894 0.03478
v 0.17601 1.24879 0.03598
v 0.17130 1.24265 0.03303
v 0.17115 1.24229 0.07141
v 0.17130 1.24265 0.03303
v 0.17433 1.24541 0.00539
v 0.17090 1.24264 -0.01024
v 0.17511 1.24938 0.01878
v 0.17301 1.24531 0.02130
v 0.16742 1.24884 0.02033
v 0.17301 1.24531 0.02130
v 0.17260 1.24534 0.03326
v 0.16730 1.24978 0.03487
v 0.16742 1.24884 0.02033
v 0.16742 1.24884 0.02033
v 0.16333 1.25799 0.02079
v 0.16676 1.06070 0.10888
v 0.16742 1.24884 0.02033
v 0.16730 1.24978 0.03487
v 0.16688 1.24934 0.10810
v 0.16691 1.24594 -0.06784
v 0.16683 1.05112 -0.06829
v 0.16691 1.24594 -0.06784
v 0.14474 1.09608 -0.06991
v 0.13584 1.15472 -0.06895
v 0.16691 1.24594 -0.06784
v 0.13673 1.24533 -0.06889
v 0.13554 1.24634 -0.02595
v 0.16730 1.24978 0.03487
v 0.13699 1.24939 0.10812
v 0.16688 1.24934 0.10810
v 0.16683 1.05112 -0.06829
v 0.14936 1.25543 0.03402
v 0.16683 1.05112 -0.06829
v 0.16341 1.04807 -0.05881
v 0.14482 1.04874 -0.06017
v 0.16683 1.05112 -0.06829
v 0.16157 1.05116 -0.02142
v 0.16341 1.04807 -0.05881
v 0.13537 1.16278 0.10794
v 0.16676 1.06070 0.10888
v 0.16688 1.24934 0.10810
v 0.13665 1.24940 0.04393
v 0.14872 1.25003 0.03428
v 0.15935 1.26540 -0.03703
v 0.06775 1.26428 -0.03703
v 0.16004 1.26541 -0.14522
v 0.15001 1.25549 0.02059
v 0.15001 1.25549 0.02059
v 0.14936 1.25543 0.03402
v 0.14806 1.24963 0.02031
v 0.16742 1.24884 0.02033
v 0.14806 1.24963 0.02031
v 0.14936 1.25543 0.03402
v 0.15001 1.25549 0.02059
v 0.14806 1.24963 0.02031
v 0.14460 1.05160 -0.06952
v 0.14872 1.25003 0.03428
v 0.13699 1.24939 0.10812
v 0.14474 1.09608 -0.06991
v 0.14460 1.05160 -0.06952
v 0.14494 1.08124 -0.09082
v 0.14416 1.09645 -0.08365
v 0.13673 1.24533 -0.06889
v 0.14872 1.25003 0.03428
v 0.14494 1.08124 -0.09082
v 0.13735 1.09805 -0.08591
v 0.14416 1.09645 -0.08365
v 0.13327 1.11103 -0.08452
v 0.13496 1.23624 -0.04144
v 0.13504 1.23587 -0.02069
v 0.13554 1.24634 -0.02595
v 0.13496 1.23624 -0.04144
v 0.13554 1.24634 -0.02595
v 0.13586 1.23499 -0.04520
v 0.13554 1.24634 -0.02595
v 0.13673 1.24533 -0.06889
v 0.13586 1.23499 -0.04520
v 0.13525 1.15508 -0.04493
v 0.13522 1.23573 0.08050
v 0.13543 1.16368 0.08096
v 0.13537 1.16278 0.10794
v 0.13584 1.15472 -0.06895
v 0.13699 1.24939 0.10812
v 0.13665 1.24940 0.04393
v 0.13504 1.23585 0.04218
v 0.13525 1.15508 -0.04493
v 0.10722 1.16115 -0.04471
v 0.11496 1.16847 -0.04461
v 0.13327 1.11103 -0.08452
v 0.14474 1.09608 -0.06991
v 0.14416 1.09645 -0.08365
v 0.13504 1.23585 0.04218
v 0.11685 1.23600 0.03630
v 0.13522 1.23573 0.08050
v 0.13504 1.23587 -0.02069
v 0.11606 1.23408 0.08143
v 0.12448 1.12471 -0.07040
v 0.12317 1.12462 -0.08421
v 0.11750 1.15574 -0.04462
v 0.11657 1.15289 -0.06930
v 0.12448 1.12471 -0.07040
v 0.11573 1.12596 -0.06874
v 0.11489 1.17202 0.08146
v 0.13543 1.16368 0.08096
v 0.13522 1.23573 0.08050
v 0.13584 1.15472 -0.06895
v 0.11602 1.15512 -0.06697
v 0.13525 1.15508 -0.04493
v 0.12317 1.12462 -0.08421
v 0.11606 1.23408 0.08143
v 0.11609 1.20785 0.08157
v 0.13496 1.23624 -0.04144
v 0.11750 1.23570 -0.02246
v 0.11657 1.15289 -0.06930
v 0.11602 1.15512 -0.06697
v 0.13584 1.15472 -0.06895
v 0.09261 1.12471 -0.08506
v 0.11750 1.15574 -0.04462
v 0.09261 1.12471 -0.08506
v 0.12448 1.12471 -0.07040
v 0.12317 1.12462 -0.08421
v 0.13496 1.23624 -0.04144
v 0.11750 1.23570 -0.02246
v 0.11576 1.25214 -0.02228
v 0.11576 1.25211 0.03665
v 0.11685 1.23600 0.03630
v 0.13496 1.23624 -0.04144
v 0.11576 1.25211 0.03665
v 0.11576 1.25214 -0.02228
v 0.08462 1.25232 0.02845
v 0.11532 1.23965 0.10890
v 0.11606 1.23408 0.08143
v 0.11401 1.24104 0.08229
v 0.11609 1.20785 0.08157
v 0.11469 1.16796 -0.07210
v 0.11401 1.23697 -0.07420
v 0.13496 1.23624 -0.04144
v 0.11496 1.16847 -0.04461
v 0.11469 1.16796 -0.07210
v 0.13496 1.23624 -0.04144
v 0.12250 1.27010 0.02555
v 0.12274 1.27002 0.05412
v 0.08626 1.26849 0.02778
v 0.11657 1.15289 -0.06930
v 0.11573 1.12596 -0.06874
v 0.11602 1.15512 -0.06697
v 0.11750 1.15574 -0.04462
v 0.11533 1.12693 -0.04379
v 0.11469 1.16796 -0.07210
v 0.08479 1.16636 -0.07702
v 0.08519 1.19560 -0.07462
v 0.08128 1.27112 0.02251
v 0.08819 1.16729 -0.04464
v 0.08479 1.16636 -0.07702
v 0.11469 1.16796 -0.07210
v 0.11496 1.16847 -0.04461
v 0.11201 1.24063 0.11247
v 0.11532 1.23965 0.10890
v 0.11401 1.24104 0.08229
v 0.06775 1.26428 -0.03703
v 0.15935 1.26540 -0.03703
v 0.11593 1.27127 -0.03613
v 0.10840 1.12720 -0.04575
v 0.08726 1.23598 -0.02364
v 0.10702 1.21045 0.11246
v 0.11532 1.23965 0.10890
v 0.11201 1.24063 0.11247
v 0.08689 1.23762 -0.04163
v 0.11401 1.23697 -0.07420
v 0.08572 1.23604 -0.07428
v 0.08715 1.24177 0.08494
v 0.08611 1.25290 -0.02242
v 0.10722 1.16115 -0.04471
v 0.10702 1.15708 -0.05476
v 0.10661 1.16027 -0.05266
v 0.11401 1.23697 -0.07420
v 0.11685 1.23600 0.03630
v 0.08778 1.25140 0.03725
v 0.08478 1.23562 0.03738
v 0.08715 1.24177 0.08494
v 0.11401 1.24104 0.08229
v 0.11606 1.23408 0.08143
v 0.11576 1.25211 0.03665
v 0.10702 1.15708 -0.05476
v 0.10093 1.16028 -0.05442
v 0.10661 1.16027 -0.05266
v 0.11750 1.23570 -0.02246
v 0.08611 1.25290 -0.02242
v 0.11576 1.25214 -0.02228
v 0.10093 1.16028 -0.05442
v 0.10722 1.16115 -0.04471
v 0.10661 1.16027 -0.05266
v 0.08726 1.23598 -0.02364
v 0.08757 1.26890 0.05401
v 0.08478 1.23562 0.03738
v 0.08608 1.23575 0.06483
v 0.08819 1.16729 -0.04464
v 0.08778 1.25140 0.03725
v 0.08645 1.23603 0.08199
v 0.08744 1.25277 0.05396
v 0.08626 1.26849 0.02778
v 0.08757 1.26890 0.05401
v 0.08778 1.25140 0.03725
v 0.08462 1.25232 0.02845
v 0.08739 1.27369 0.05572
v 0.08689 1.23762 -0.04163
v 0.08572 1.23604 -0.07428
v 0.08395 1.23366 -0.04294
v 0.08778 1.25140 0.03725
v 0.08744 1.25277 0.05396
v 0.08458 1.25051 0.03426
v 0.08689 1.23762 -0.04163
v 0.08611 1.25290 -0.02242
v 0.08726 1.23598 -0.02364
v 0.08541 1.25232 -0.04286
v 0.08572 1.23604 -0.07428
v 0.08572 1.23604 -0.07428
v 0.08408 1.19594 -0.04425
v 0.08395 1.23366 -0.04294
v 0.08778 1.25140 0.03725
v 0.08458 1.25051 0.03426
v 0.08478 1.23562 0.03738
v 0.08519 1.19560 -0.07462
v 0.08462 1.25232 0.02845
v 0.08611 1.25290 -0.02242
v 0.08478 1.23562 0.03738
v 0.08411 1.23589 -0.01982
v 0.08458 1.25051 0.03426
v 0.08689 1.23762 -0.04163
v 0.08395 1.23366 -0.04294
v 0.08541 1.25232 -0.04286
v 0.08611 1.25290 -0.02242
v 0.06102 1.25492 -0.02069
v 0.08411 1.23589 -0.01982
v 0.06161 1.26800 0.02724
v 0.08626 1.26849 0.02778
v 0.08462 1.25232 0.02845
v 0.06125 1.27152 0.05491
v 0.08744 1.25277 0.05396
v 0.08739 1.27369 0.05572
v 0.06161 1.26800 0.02724
v 0.07738 1.26862 0.02369
v 0.08128 1.27112 0.02251
v 0.06161 1.26800 0.02724
v 0.07368 1.26719 0.01597
v 0.07728 1.26963 -0.01900
v 0.07738 1.26862 0.02369
v 0.06704 1.23096 -0.04352
v 0.07728 1.26963 -0.01900
v 0.07368 1.26719 0.01597
v 0.07302 1.25778 -0.01817
v 0.08611 1.25290 -0.02242
v 0.06722 1.25447 -0.03616
v 0.06102 1.25492 -0.02069
v 0.08541 1.25232 -0.04286
v 0.06395 1.22766 -0.04354
v 0.07163 1.25982 0.01550
v 0.07738 1.26862 0.02369
v 0.06189 1.26719 0.01941
v 0.07368 1.26719 0.01597
v 0.06117 1.25895 -0.01936
v 0.06029 1.27027 -0.02452
v 0.07728 1.26963 -0.01900
v 0.06720 1.25255 -0.04290
v 0.07368 1.26719 0.01597
v 0.06189 1.26719 0.01941
v 0.07163 1.25982 0.01550
v 0.07302 1.25778 -0.01817
v 0.06720 1.25255 -0.04290
v 0.06822 1.27025 -0.03599
v 0.05944 1.27026 -0.03426
v 0.06774 1.26354 -0.06242
v 0.06161 1.25823 0.01415
v 0.06117 1.25895 -0.01936
v 0.07302 1.25778 -0.01817
v 0.06722 1.25447 -0.03616
v 0.06720 1.25255 -0.04290
v 0.06775 1.26428 -0.03703
v 0.06704 1.23096 -0.04352
v 0.06774 1.26354 -0.06242
v 0.06484 1.22911 -0.06222
v 0.06722 1.25447 -0.03616
v 0.06033 1.25625 -0.03424
v 0.06033 1.25625 -0.03424
v 0.07163 1.25982 0.01550
v 0.06029 1.27027 -0.02452
v 0.06117 1.25895 -0.01936
v 0.05944 1.27026 -0.03426
v 0.06102 1.25492 -0.02069
v 0.06033 1.25625 -0.03424
v 0.03756 1.26348 -0.08155
v 0.03770 1.26192 -0.06306
v 0.08128 1.27112 0.02251
v 0.06775 1.26428 -0.03703
v 0.16551 1.05789 0.10834
v 0.16296 1.05674 0.10573
v 0.16676 1.06070 0.10888
v 0.16676 1.06070 0.10888
v 0.16203 1.05426 0.03491
v 0.16683 1.05112 -0.06829
v 0.16296 1.05674 0.10573
v 0.16271 1.01781 0.10474
v 0.16676 1.06070 0.10888
v 0.14280 1.08182 0.11075
v 0.16676 1.06070 0.10888
v 0.12227 1.10338 0.10963
v 0.16157 1.05116 -0.02142
v 0.16296 1.05674 0.10573
v 0.14374 1.05690 0.10577
v 0.16271 1.01781 0.10474
v 0.14460 1.05160 -0.06952
v 0.16683 1.05112 -0.06829
v 0.14482 1.04874 -0.06017
v 0.16676 1.06070 0.10888
v 0.14397 1.05883 0.10902
v 0.16551 1.05789 0.10834
v 0.16296 1.05674 0.10573
v 0.16551 1.05789 0.10834
v 0.14397 1.05883 0.10902
v 0.14280 1.08182 0.11075
v 0.14374 1.05690 0.10577
v 0.16676 1.06070 0.10888
v 0.13537 1.16278 0.10794
v 0.11742 1.16229 0.10768
v 0.14526 1.07994 0.11185
v 0.14523 1.08105 0.14582
v 0.14326 1.04750 0.14383
v 0.14500 1.10004 0.14379
v 0.14526 1.07994 0.11185
v 0.14280 1.08182 0.11075
v 0.14484 1.09952 0.11282
v 0.14484 1.09952 0.11282
v 0.14523 1.08105 0.14582
v 0.14387 1.08167 0.14642
v 0.14326 1.04750 0.14383
v 0.14460 1.05160 -0.06952
v 0.14153 1.00669 -0.08490
v 0.14494 1.08124 -0.09082
v 0.14154 1.02059 0.11328
v 0.14131 1.02007 0.14170
v 0.14500 1.10004 0.14379
v 0.14280 1.08182 0.11075
v 0.14526 1.07994 0.11185
v 0.13516 1.08035 0.11021
v 0.14500 1.10004 0.14379
v 0.14484 1.09952 0.11282
v 0.12100 1.10211 0.14322
v 0.14374 1.05690 0.10577
v 0.14397 1.05883 0.10902
v 0.14280 1.08182 0.11075
v 0.12536 1.05418 0.14532
v 0.14322 1.01792 0.10457
v 0.14277 1.01664 0.09738
v 0.14158 1.04997 0.09665
v 0.14195 1.08006 0.09662
v 0.13535 1.02391 0.11241
v 0.14154 1.02059 0.11328
v 0.13450 1.07996 0.09753
v 0.14195 1.08006 0.09662
v 0.13516 1.08035 0.11021
v 0.13363 1.03466 0.09844
v 0.14277 1.01664 0.09738
v 0.14158 1.04997 0.09665
v 0.10150 1.03178 0.14105
v 0.12744 1.09283 0.11022
v 0.14280 1.08182 0.11075
v 0.13450 1.07996 0.09753
v 0.14195 1.08006 0.09662
v 0.12621 1.10050 0.11218
v 0.13450 1.07996 0.09753
v 0.13516 1.08035 0.11021
v 0.13535 1.02391 0.11241
v 0.13363 1.03466 0.09844
v 0.12100 1.10211 0.14322
v 0.13361 1.01490 0.09840
v 0.11489 1.17202 0.08146
v 0.11576 1.16241 0.08127
v 0.13543 1.16368 0.08096
v 0.05899 1.00813 -0.08642
v 0.14494 1.08124 -0.09082
v 0.14153 1.00669 -0.08490
v 0.11838 1.12759 0.10942
v 0.12227 1.10338 0.10963
v 0.12744 1.09283 0.11022
v 0.14280 1.08182 0.11075
v 0.11083 1.03995 0.14394
v 0.14131 1.02007 0.14170
v 0.12621 1.10050 0.11218
v 0.12744 1.09283 0.11022
v 0.12227 1.10338 0.10963
v 0.12621 1.10050 0.11218
v 0.12227 1.10338 0.10963
v 0.12100 1.10211 0.14322
v 0.12621 1.10050 0.11218
v 0.12227 1.10338 0.10963
v 0.11838 1.12759 0.10942
v 0.11988 1.12629 0.14390
v 0.12100 1.10211 0.14322
v 0.12227 1.10338 0.10963
v 0.13543 1.16368 0.08096
v 0.11742 1.16229 0.10768
v 0.13537 1.16278 0.10794
v 0.11576 1.16241 0.08127
v 0.12536 1.05418 0.14532
v 0.10150 1.03178 0.14105
v 0.11083 1.03995 0.14394
v 0.08647 1.12625 0.14386
v 0.08434 1.11293 0.14363
v 0.11988 1.12629 0.14390
v 0.12448 1.12471 -0.07040
v 0.09261 1.12471 -0.08506
v 0.11573 1.12596 -0.06874
v 0.10209 1.17175 0.08165
v 0.11532 1.23965 0.10890
v 0.11471 1.17398 0.10980
v 0.11489 1.17202 0.08146
v 0.11576 1.16241 0.08127
v 0.11550 1.12719 0.08155
v 0.11838 1.12759 0.10942
v 0.11609 1.20785 0.08157
v 0.11742 1.16229 0.10768
v 0.11838 1.12759 0.10942
v 0.11550 1.12719 0.08155
v 0.10212 1.12708 0.09944
v 0.11550 1.12719 0.08155
v 0.10225 1.12706 0.08185
v 0.11533 1.12693 -0.04379
v 0.10840 1.12720 -0.04575
v 0.09917 1.12593 -0.06453
v 0.11489 1.17202 0.08146
v 0.11471 1.17398 0.10980
v 0.10176 1.17186 0.09891
v 0.11471 1.17398 0.10980
v 0.11532 1.23965 0.10890
v 0.10702 1.21045 0.11246
v 0.10225 1.12706 0.08185
v 0.11201 1.24063 0.11247
v 0.08525 1.24100 0.08830
v 0.08645 1.24057 0.11243
v 0.11988 1.12629 0.14390
v 0.08647 1.12625 0.14386
v 0.10791 1.12675 -0.05393
v 0.11750 1.15574 -0.04462
v 0.11533 1.12693 -0.04379
v 0.10840 1.12720 -0.04575
v 0.10150 1.03178 0.14105
v 0.14387 1.08167 0.14642
v 0.05848 1.09394 0.15609
v 0.10209 1.17175 0.08165
v 0.10702 1.15708 -0.05476
v 0.10722 1.16115 -0.04471
v 0.10840 1.12720 -0.04575
v 0.10791 1.12675 -0.05393
v 0.10791 1.12675 -0.05393
v 0.10093 1.16028 -0.05442
v 0.10702 1.15708 -0.05476
v 0.08357 1.01137 0.14214
v 0.10047 1.12707 -0.05512
v 0.11606 1.23408 0.08143
v 0.08645 1.23603 0.08199
v 0.08715 1.24177 0.08494
v 0.08712 0.98757 0.14075
v 0.10908 0.98912 0.14124
v 0.10047 1.12707 -0.05512
v 0.10209 1.17175 0.08165
v 0.10176 1.17186 0.09891
v 0.10212 1.12708 0.09944
v 0.10225 1.12706 0.08185
v 0.05847 0.98805 -0.08406
v 0.10051 1.15940 -0.06211
v 0.10047 1.12707 -0.05512
v 0.09917 1.12593 -0.06453
v 0.08634 1.17252 0.10166
v 0.10212 1.12708 0.09944
v 0.10176 1.17186 0.09891
v 0.10093 1.16028 -0.05442
v 0.10051 1.15940 -0.06211
v 0.09917 1.12593 -0.06453
v 0.09699 1.15943 -0.06486
v 0.05690 1.09648 -0.09355
v 0.13735 1.09805 -0.08591
v 0.10051 1.15940 -0.06211
v 0.09699 1.15943 -0.06486
v 0.10093 1.16028 -0.05442
v 0.08717 1.16063 -0.06518
v 0.11201 1.24063 0.11247
v 0.08645 1.24057 0.11243
v 0.09917 1.12593 -0.06453
v 0.08717 1.16063 -0.06518
v 0.09699 1.15943 -0.06486
v 0.08634 1.17252 0.10166
v 0.08715 1.24177 0.08494
v 0.08522 1.12748 0.11723
v 0.08411 1.17638 0.11264
v 0.10722 1.16115 -0.04471
v 0.08816 1.16100 -0.04457
v 0.08819 1.16729 -0.04464
v 0.08826 1.12528 -0.06648
v 0.08549 1.12768 0.10004
v 0.08621 1.20951 0.11282
v 0.08411 1.17638 0.11264
v 0.08816 1.16100 -0.04457
v 0.10722 1.16115 -0.04471
v 0.03068 1.06344 -0.09096
v 0.08610 1.12492 -0.07722
v 0.08826 1.12528 -0.06648
v 0.08172 1.01228 0.13981
v 0.08816 1.16100 -0.04457
v 0.08717 1.16063 -0.06518
v 0.08819 1.16729 -0.04464
v 0.08479 1.16636 -0.07702
v 0.08608 1.23575 0.06483
v 0.08478 1.23562 0.03738
v 0.06111 1.23605 0.06451
v 0.08645 1.23603 0.08199
v 0.08486 1.25372 0.08713
v 0.08715 1.24177 0.08494
v 0.08645 1.23603 0.08199
v 0.08608 1.23575 0.06483
v 0.08486 1.25372 0.08713
v 0.08826 1.12528 -0.06648
v 0.08562 1.25268 0.06529
v 0.08610 1.12492 -0.07722
v 0.05687 0.98564 0.13598
v 0.05640 0.98527 0.08099
v 0.08695 0.98500 0.11371
v 0.06979 1.10798 -0.08850
v 0.09261 1.12471 -0.08506
v 0.08479 1.16636 -0.07702
v 0.05554 1.19471 -0.07510
v 0.08519 1.19560 -0.07462
v 0.08715 1.24177 0.08494
v 0.08486 1.25372 0.08713
v 0.08525 1.24100 0.08830
v 0.05679 1.20997 0.11241
v 0.05801 1.17592 0.11729
v 0.08549 1.12768 0.10004
v 0.08413 1.21140 0.11104
v 0.08621 1.20951 0.11282
v 0.08645 1.24057 0.11243
v 0.08357 1.01137 0.14214
v 0.08172 1.01228 0.13981
v 0.05682 1.04782 0.14733
v 0.08413 1.21140 0.11104
v 0.08645 1.24057 0.11243
v 0.08525 1.24100 0.08830
v 0.08411 1.17638 0.11264
v 0.08522 1.12748 0.11723
v 0.08634 1.17252 0.10166
v 0.08389 1.17414 0.11851
v 0.08522 1.12748 0.11723
v 0.08317 1.11475 0.11716
v 0.08434 1.11293 0.14363
v 0.08549 1.12768 0.10004
v 0.08397 1.21173 0.08878
v 0.08647 1.12625 0.14386
v 0.08522 1.12748 0.11723
v 0.08392 1.12175 0.11761
v 0.08317 1.11475 0.11716
v 0.08409 0.98959 0.13672
v 0.08357 1.01137 0.14214
v 0.08172 1.01228 0.13981
v 0.08712 0.98757 0.14075
v 0.08148 1.11671 0.11857
v 0.08317 1.11475 0.11716
v 0.06680 1.10108 0.11495
v 0.08434 1.11293 0.14363
v 0.08389 1.17414 0.11851
v 0.03498 1.17505 0.11854
v 0.08562 1.25268 0.06529
v 0.08608 1.23575 0.06483
v 0.06112 1.25328 0.06480
v 0.08523 1.11795 0.08658
v 0.07910 1.11113 0.08081
v 0.08573 1.11846 0.08082
v 0.08486 1.25372 0.08713
v 0.04058 1.25403 0.08838
v 0.08525 1.24100 0.08830
v 0.09261 1.12471 -0.08506
v 0.06979 1.10798 -0.08850
v 0.08610 1.12492 -0.07722
v 0.08389 1.17414 0.11851
v 0.08411 1.17638 0.11264
v 0.05801 1.17592 0.11729
v 0.05640 1.21129 0.08830
v 0.08413 1.21140 0.11104
v 0.08397 1.21173 0.08878
v 0.05679 1.20997 0.11241
v 0.08621 1.20951 0.11282
v 0.08413 1.21140 0.11104
v 0.05687 0.98564 0.13598
v 0.08411 1.23589 -0.01982
v 0.08715 0.98741 0.13595
v 0.08646 0.98475 0.13428
v 0.08409 0.98959 0.13672
v 0.06164 1.25157 0.03002
v 0.08458 1.25051 0.03426
v 0.08744 1.25277 0.05396
v 0.08486 1.25372 0.08713
v 0.08562 1.25268 0.06529
v 0.05997 1.25511 0.07531
v 0.06255 1.25346 0.02776
v 0.06161 1.26800 0.02724
v 0.08462 1.25232 0.02845
v 0.07408 1.11029 0.11860
v 0.08317 1.11475 0.11716
v 0.07910 1.11113 0.08081
v 0.07257 1.10508 0.11580
v 0.06111 1.23605 0.06451
v 0.08317 1.11475 0.11716
v 0.07408 1.11029 0.11860
v 0.05640 1.21129 0.08830
v 0.08397 1.21173 0.08878
v 0.04058 1.25403 0.08838
v 0.07220 1.10559 0.08065
v 0.07910 1.11113 0.08081
v 0.06914 1.10353 0.08008
v 0.07257 1.10508 0.11580
v 0.06680 1.10108 0.11495
v 0.08317 1.11475 0.11716
v 0.06911 1.10174 0.15080
v 0.06112 1.25328 0.06480
v 0.06911 1.10174 0.15080
v 0.08462 1.25232 0.02845
v 0.06255 1.25346 0.02776
v 0.07738 1.26862 0.02369
v 0.06161 1.26800 0.02724
v 0.06189 1.26719 0.01941
v 0.08411 1.23589 -0.01982
v 0.06102 1.25492 -0.02069
v 0.06164 1.23540 -0.01984
v 0.05553 1.19640 -0.04363
v 0.08395 1.23366 -0.04294
v 0.08408 1.19594 -0.04425
v 0.06112 1.25328 0.06480
v 0.06680 1.10108 0.11495
v 0.06562 1.10000 0.09986
v 0.05750 1.09876 -0.07800
v 0.06562 1.10000 0.09986
v 0.06914 1.10353 0.08008
v 0.06569 1.10020 0.08692
v 0.08744 1.25277 0.05396
v 0.06125 1.27152 0.05491
v 0.06112 1.25328 0.06480
v 0.06426 1.10010 0.11741
v 0.06395 1.22766 -0.04354
v 0.06569 1.10020 0.08692
v 0.05679 1.20997 0.11241
v 0.06704 1.23096 -0.04352
v 0.06395 1.22766 -0.04354
v 0.06484 1.22911 -0.06222
v 0.05848 1.09394 0.15609
v 0.08610 1.12492 -0.07722
v 0.05750 1.09876 -0.07800
v 0.08479 1.16636 -0.07702
v 0.03498 1.17505 0.11854
v 0.05690 1.09648 -0.09355
v 0.05640 0.98527 0.08099
v 0.08480 0.98571 0.08179
v 0.08520 0.98752 0.10676
v 0.07163 1.25982 0.01550
v 0.06189 1.26719 0.01941
v 0.06161 1.25823 0.01415
v 0.05468 1.08996 0.11173
v 0.07408 1.11029 0.11860
v 0.05486 1.09414 0.11843
v 0.06426 1.10010 0.11741
v 0.05605 1.09311 0.10094
v 0.06238 1.09705 0.09416
v 0.06218 1.09691 0.08713
v 0.08408 1.19594 -0.04425
v 0.05554 1.19471 -0.07510
v 0.05553 1.19640 -0.04363
v 0.05640 1.09377 0.07896
v 0.08519 1.19560 -0.07462
v 0.06164 1.23540 -0.01984
v 0.05486 1.09414 0.11843
v 0.05848 1.09394 0.15609
v 0.06218 1.09691 0.08713
v 0.06238 1.09705 0.09416
v 0.05605 1.09311 0.10094
v 0.06255 1.25346 0.02776
v 0.06164 1.25157 0.03002
v 0.06161 1.25823 0.01415
v 0.06161 1.25823 0.01415
v 0.06189 1.26719 0.01941
v 0.06255 1.25346 0.02776
v 0.06112 1.25328 0.06480
v 0.06162 1.27387 0.07525
v 0.05997 1.25511 0.07531
v 0.05640 1.09377 0.07896
v 0.06161 1.26800 0.02724
v 0.06117 1.25895 -0.01936
v 0.06164 1.23540 -0.01984
v 0.06102 1.25492 -0.02069
v 0.06111 1.23605 0.06451
v 0.06164 1.25157 0.03002
v 0.06161 1.25823 0.01415
v 0.06125 1.27152 0.05491
v 0.06112 1.25328 0.06480
v 0.03426 1.08839 0.11845
v 0.05486 1.09414 0.11843
v 0.05468 1.08996 0.11173
v 0.05605 1.09311 0.10094
v 0.05590 1.09398 0.10874
v 0.05605 1.09311 0.10094
v 0.05997 1.25511 0.07531
v 0.06162 1.27387 0.07525
v 0.04025 1.27370 0.07660
v 0.05605 1.09311 0.10094
v 0.05486 1.09414 0.11843
v 0.05590 1.09398 0.10874
v 0.05899 1.00813 -0.08642
v 0.05847 0.98805 -0.08406
v 0.05705 1.00690 -0.07852
v 0.05873 0.98665 -0.07860
v 0.05622 1.17739 0.08073
v 0.05801 1.17592 0.11729
v 0.05599 1.20562 0.08094
v 0.05468 1.08996 0.11173
v 0.05682 1.04782 0.14733
v 0.05848 1.09394 0.15609
v 0.05553 1.00856 0.11053
v 0.05640 0.98527 0.08099
v 0.05468 1.00613 0.08119
v 0.05687 0.98564 0.13598
v 0.05640 1.21129 0.08830
v 0.05679 1.20997 0.11241
v 0.05486 1.09414 0.11843
v 0.03056 1.00826 -0.08588
v 0.05553 1.00856 0.11053
v 0.03601 1.08508 0.11074
v 0.03497 1.00831 0.10901
v 0.05553 1.19640 -0.04363
v 0.05554 1.19471 -0.07510
v 0.05261 1.16805 -0.04432
v 0.05092 1.08751 0.11782
v 0.08479 1.16636 -0.07702
v 0.05261 1.16805 -0.04432
v 0.05554 1.19471 -0.07510
v 0.03021 1.00793 -0.07835
v 0.05899 1.00813 -0.08642
v 0.05705 1.00690 -0.07852
v 0.05092 1.08751 0.11782
v 0.02719 1.07866 -0.07773
v 0.04583 1.08917 -0.07837
v 0.05599 1.20562 0.08094
v 0.05640 1.21129 0.08830
v 0.04365 1.20737 0.08786
v 0.04022 1.25520 0.07571
v 0.03125 1.07690 -0.09142
v 0.04459 1.19694 0.08179
v 0.05599 1.20562 0.08094
v 0.04768 1.20664 0.08177
v 0.05599 1.20562 0.08094
v 0.04365 1.20737 0.08786
v 0.04768 1.20664 0.08177
v 0.03770 1.26192 -0.06306
v 0.06774 1.26354 -0.06242
v 0.03744 1.22879 -0.06254
v 0.05468 1.08996 0.11173
v 0.05092 1.08751 0.11782
v 0.03637 1.08618 0.11837
v 0.04784 0.99377 0.08157
v 0.05640 0.98527 0.08099
v 0.05468 1.00613 0.08119
v 0.05622 1.17739 0.08073
v 0.03601 1.08508 0.11074
v 0.04365 1.20737 0.08786
v 0.04760 0.94426 0.08146
v 0.04583 1.08917 -0.07837
v 0.04639 0.99440 0.09758
v 0.04760 0.94426 0.08146
v 0.04784 0.99377 0.08157
v 0.02670 0.98001 0.09829
v 0.04643 0.94455 0.09760
v 0.04639 0.99440 0.09758
v 0.04768 1.20664 0.08177
v 0.04365 1.20737 0.08786
v 0.04459 1.19694 0.08179
v 0.03021 1.00793 -0.07835
v 0.05705 1.00690 -0.07852
v 0.05873 0.98665 -0.07860
v 0.06484 1.22911 -0.06222
v 0.06395 1.22766 -0.04354
v 0.03729 1.22701 -0.04351
v 0.04205 1.19771 0.09415
v 0.03456 1.00790 0.08167
v 0.05261 1.16805 -0.04432
v 0.08479 1.16636 -0.07702
v -0.05342 1.16855 -0.04340
v -0.08651 1.16471 -0.07650
v 0.03635 1.20693 -0.04355
v 0.03729 1.22701 -0.04351
v 0.03744 1.22879 -0.06254
v 0.04058 1.25403 0.08838
v 0.03125 1.07690 -0.09142
v 0.04459 1.19694 0.08179
v 0.04205 1.19771 0.09415
v 0.03232 1.19522 0.09134
v 0.03887 1.22970 0.09540
v 0.03637 1.08618 0.11837
v 0.06484 1.22911 -0.06222
v 0.04022 1.25520 0.07571
v 0.04025 1.27370 0.07660
v 0.03982 1.27431 0.11022
v 0.04022 1.25520 0.07571
v 0.05468 1.08996 0.11173
v 0.04058 1.25403 0.08838
v 0.03933 1.23108 0.10868
v 0.03887 1.22970 0.09540
v 0.03056 1.00826 -0.08588
v 0.04205 1.19771 0.09415
v 0.03887 1.22970 0.09540
v 0.02797 1.19796 0.09489
v 0.03114 1.07770 -0.07819
v 0.03114 1.07770 -0.07819
v 0.05801 1.17592 0.11729
v 0.03500 1.17593 0.08097
v 0.03498 1.17505 0.11854
v 0.03481 1.19526 0.08087
v 0.03232 1.19522 0.09134
v 0.04205 1.19771 0.09415
v 0.02797 1.19796 0.09489
v 0.03234 0.99609 0.08171
v 0.04639 0.99440 0.09758
v 0.04784 0.99377 0.08157
v 0.03234 0.99609 0.08171
v 0.05553 1.00856 0.11053
v 0.03456 1.00790 0.08167
v 0.05468 1.00613 0.08119
v 0.05622 1.17739 0.08073
v 0.03481 1.19526 0.08087
v 0.03744 1.22879 -0.06254
v 0.03544 1.20706 -0.08010
v 0.03756 1.26348 -0.08155
v 0.03497 1.00831 0.10901
v 0.03770 1.26192 -0.06306
v 0.03729 1.22701 -0.04351
v 0.03635 1.20693 -0.04355
v 0.02998 1.07513 -0.07850
v 0.01474 0.97911 0.09826
v 0.02422 0.95741 0.09831
v 0.03498 1.17505 0.11854
v 0.03500 1.17593 0.08097
v 0.03336 1.17375 0.09106
v 0.03637 1.08618 0.11837
v 0.03426 1.08839 0.11845
v 0.03601 1.08508 0.11074
v 0.03500 1.17593 0.08097
v 0.02620 1.21167 0.09577
v 0.03601 1.08508 0.11074
v 0.03339 1.09601 0.09443
v 0.03382 1.05423 0.09444
v 0.03331 1.05290 0.08181
v 0.03163 1.04109 0.08200
v 0.03601 1.08508 0.11074
v 0.03382 1.05423 0.09444
v 0.03331 1.05290 0.08181
v 0.03497 1.00831 0.10901
v 0.03331 1.05290 0.08181
v 0.03456 1.00790 0.08167
v 0.03601 1.08508 0.11074
v 0.03481 1.19526 0.08087
v 0.03232 1.19522 0.09134
v 0.03336 1.17375 0.09106
v 0.03500 1.17593 0.08097
v 0.03498 1.17505 0.11854
v 0.03336 1.17375 0.09106
v 0.03385 1.15522 0.09638
v 0.03296 1.11871 0.09275
v 0.03426 1.08839 0.11845
v 0.03348 1.15537 0.09358
v 0.03243 1.11582 0.08182
v 0.03376 1.17202 0.08229
v 0.03106 0.99570 0.09692
v 0.03267 1.15576 0.08168
v 0.03173 1.09815 0.08178
v 0.03106 0.99570 0.09692
v 0.05261 1.16805 -0.04432
v 0.03296 1.11871 0.09275
v 0.03348 1.15537 0.09358
v 0.02994 1.11726 0.09501
v 0.03296 1.11871 0.09275
v 0.02994 1.11726 0.09501
v 0.02329 1.11628 0.09546
v 0.02998 1.07513 -0.07850
v 0.03336 1.17375 0.09106
v 0.03232 1.19522 0.09134
v 0.02695 1.17638 0.09214
v 0.03296 1.11871 0.09275
v 0.02329 1.11628 0.09546
v 0.03243 1.11582 0.08182
v 0.03234 0.99609 0.08171
v 0.03163 1.04109 0.08200
v 0.03106 0.99570 0.09692
v 0.03062 1.04105 0.09438
v 0.02455 1.14836 0.09657
v 0.03348 1.15537 0.09358
v 0.03267 1.15576 0.08168
v 0.01736 1.15485 0.09713
v 0.02797 1.19796 0.09489
v 0.03382 1.05423 0.09444
v 0.03339 1.09601 0.09443
v 0.02584 1.05599 0.09710
v 0.03068 1.06344 -0.09096
v 0.03331 1.05290 0.08181
v 0.03382 1.05423 0.09444
v 0.01649 1.05226 0.08084
v 0.03056 1.00826 -0.08588
v 0.03021 1.00793 -0.07835
v 0.03062 1.04105 0.09438
v 0.02806 1.04240 0.09670
v 0.02498 1.02920 0.09881
v 0.02767 1.09603 0.09706
v 0.03339 1.09601 0.09443
v 0.03173 1.09815 0.08178
v 0.03243 1.11582 0.08182
v 0.01670 1.11485 0.08098
v 0.03173 1.09815 0.08178
v 0.03062 1.04105 0.09438
v 0.03163 1.04109 0.08200
v 0.02806 1.04240 0.09670
v 0.01670 1.11485 0.08098
v 0.01668 1.04322 0.08097
v 0.02579 1.15448 0.09550
v 0.03376 1.17202 0.08229
v 0.03336 1.17375 0.09106
v 0.01713 1.17398 0.08139
v 0.02579 1.15448 0.09550
v 0.02566 1.11562 0.13182
v 0.02723 1.11744 0.09838
v 0.02593 1.09810 0.13121
v 0.02608 1.05647 0.13149
v 0.02584 1.05599 0.09710
v 0.02579 1.15448 0.09550
v 0.02723 1.11744 0.09838
v 0.02455 1.14836 0.09657
v 0.02629 1.15499 0.13247
v 0.02767 1.09603 0.09706
v 0.02719 1.02935 0.10215
v 0.02670 0.98001 0.09829
v 0.02498 1.02920 0.09881
v 0.02797 1.19796 0.09489
v 0.02620 1.21167 0.09577
v 0.02585 1.21188 0.10649
v 0.02537 1.17598 0.10714
v 0.02695 1.17638 0.09214
v 0.02719 1.02935 0.10215
v 0.02540 1.03020 0.13335
v 0.02670 0.98001 0.09829
v 0.02767 1.09603 0.09706
v 0.02329 1.11628 0.09546
v 0.02248 1.11888 0.09624
v 0.02455 1.14836 0.09657
v 0.02723 1.11744 0.09838
v 0.02248 1.11888 0.09624
v 0.02537 1.17598 0.10714
v 0.01713 1.17398 0.08139
v 0.02695 1.17638 0.09214
v 0.02638 0.98026 0.13265
v 0.01736 1.15485 0.09713
v 0.02329 1.11628 0.09546
v 0.02540 1.03020 0.13335
v 0.02719 1.02935 0.10215
v 0.01584 1.03023 0.09845
v 0.01649 1.05226 0.08084
v 0.01662 1.05553 0.10088
v 0.02579 1.15448 0.09550
v 0.01736 1.15485 0.09713
v 0.01609 1.15639 0.11108
v 0.02695 1.17638 0.09214
v 0.01511 1.17633 0.10841
v 0.01481 0.95934 0.12244
v 0.02422 0.95741 0.09831
v 0.01659 0.95849 0.09837
v 0.01659 0.95849 0.09837
v 0.02498 1.02920 0.09881
v 0.01662 1.05553 0.10088
v 0.02723 1.11744 0.09838
v 0.02566 1.11562 0.13182
v 0.01536 1.11422 0.12425
v -0.02647 1.21212 0.09627
v 0.01733 1.09720 0.09625
v 0.01665 1.15582 0.08093
v 0.03267 1.15576 0.08168
v 0.03376 1.17202 0.08229
v -0.03407 1.20654 -0.07904
v 0.03756 1.26348 -0.08155
v 0.03544 1.20706 -0.08010
v 0.02629 1.15499 0.13247
v 0.02670 0.98001 0.09829
v 0.02638 0.98026 0.13265
v 0.01474 0.97911 0.09826
v 0.01668 1.04322 0.08097
v 0.02630 0.95774 0.13249
v 0.01710 1.04240 0.09664
v 0.01655 1.09808 0.08083
v 0.01800 1.11671 0.09678
v 0.01665 1.15582 0.08093
v 0.02608 1.05647 0.13149
v 0.01454 1.05559 0.12503
v 0.02584 1.05599 0.09710
v 0.01584 1.03023 0.09845
v 0.01585 1.09918 0.12462
v 0.01655 1.09808 0.08083
v 0.02585 1.21188 0.10649
v 0.01511 1.17633 0.10841
v 0.02537 1.17598 0.10714
v 0.02593 1.09810 0.13121
v 0.01541 1.03174 0.12338
v 0.01713 1.17398 0.08139
v -0.02926 1.00792 -0.07799
v 0.01710 1.04240 0.09664
v 0.01533 1.15644 0.12417
v 0.01662 1.05553 0.10088
v -0.02538 0.97945 0.13291
v 0.01443 0.97808 0.12325
v 0.02608 1.05647 0.13149
v 0.02593 1.09810 0.13121
v -0.02606 1.05727 0.13160
v 0.01559 1.17469 0.09107
v 0.01800 1.11671 0.09678
v 0.01655 1.09808 0.08083
v 0.01670 1.11485 0.08098
v 0.01713 1.17398 0.08139
v 0.01609 1.15639 0.11108
v 0.01665 1.15582 0.08093
v 0.01733 1.09720 0.09625
v 0.01609 1.15639 0.11108
v 0.01736 1.15485 0.09713
v 0.01665 1.15582 0.08093
v 0.01454 1.05559 0.12503
v 0.01710 1.04240 0.09664
v 0.01649 1.05226 0.08084
v 0.02638 0.98026 0.13265
v 0.02540 1.03020 0.13335
v -0.02500 1.02866 0.13419
v -0.03876 1.23134 0.10998
v 0.03887 1.22970 0.09540
v 0.03933 1.23108 0.10868
v 0.01668 1.04322 0.08097
v 0.01662 1.05553 0.10088
v 0.01454 1.05559 0.12503
v 0.01649 1.05226 0.08084
v 0.01536 1.11422 0.12425
v 0.01541 1.03174 0.12338
v 0.01584 1.03023 0.09845
v 0.01511 1.17633 0.10841
v 0.01533 1.15644 0.12417
v 0.01524 1.17557 0.12335
v 0.01559 1.17469 0.09107
v 0.01585 1.09918 0.12462
v -0.02529 1.15591 0.13076
v 0.01659 0.95849 0.09837
v 0.01474 0.97911 0.09826
v 0.01481 0.95934 0.12244
v 0.01443 0.97808 0.12325
v 0.01533 1.15644 0.12417
v 0.01524 1.17557 0.12335
v -0.01303 1.17590 0.12467
v 0.01481 0.95934 0.12244
v 0.01443 0.97808 0.12325
v -0.01511 0.95919 0.12334
v 0.01585 1.09918 0.12462
v 0.01536 1.11422 0.12425
v -0.01513 1.11425 0.12502
v -0.03407 1.20654 -0.07904
v 0.03544 1.20706 -0.08010
v 0.03635 1.20693 -0.04355
v -0.03954 1.27407 0.11015
v 0.03933 1.23108 0.10868
v 0.03982 1.27431 0.11022
v -0.01303 1.17590 0.12467
v 0.01524 1.17557 0.12335
v 0.01511 1.17633 0.10841
v 0.02585 1.21188 0.10649
v 0.02620 1.21167 0.09577
v -0.02647 1.21212 0.09627
v -0.02606 1.05727 0.13160
v -0.01511 0.95919 0.12334
v -0.01538 1.17549 0.10766
v 0.01454 1.05559 0.12503
v -0.01517 1.03152 0.12418
v 0.01541 1.03174 0.12338
v -0.02430 1.11661 0.13252
v -0.02500 1.02866 0.13419
v -0.02430 1.11661 0.13252
v 0.02566 1.11562 0.13182
v 0.02629 1.15499 0.13247
v -0.01517 1.09893 0.12511
v -0.05342 1.16855 -0.04340
v 0.14387 1.08167 0.14642
v 0.14523 1.08105 0.14582
v 0.08357 1.01137 0.14214
v 0.16510 0.98263 -0.01460
v 0.16777 0.98038 -0.05176
v 0.16341 1.04807 -0.05881
v 0.16392 1.01216 0.04439
v 0.16689 0.97908 0.08498
v 0.16676 1.06070 0.10888
v 0.16271 1.01781 0.10474
v 0.16203 1.05426 0.03491
v 0.16157 1.05116 -0.02142
v 0.14382 1.00752 -0.05509
v 0.14482 1.04874 -0.06017
v 0.16341 1.04807 -0.05881
v 0.16777 0.98038 -0.05176
v 0.14382 1.00752 -0.05509
v 0.14153 1.00669 -0.08490
v 0.14460 1.05160 -0.06952
v 0.14482 1.04874 -0.06017
v 0.16777 0.98038 -0.05176
v 0.16510 0.98263 -0.01460
v 0.16285 0.98045 -0.01669
v 0.16685 0.95970 -0.01506
v 0.16285 0.98045 -0.01669
v 0.16510 0.98263 -0.01460
v 0.16285 0.98045 -0.01669
v 0.14928 0.97962 -0.03593
v 0.16777 0.98038 -0.05176
v 0.17701 0.86656 -0.07310
v 0.16689 0.97908 0.08498
v 0.17706 0.86653 0.10490
v 0.16685 0.95970 -0.01506
v 0.17706 0.86653 0.10490
v 0.16689 0.97908 0.08498
v 0.15974 0.92740 0.08616
v 0.17706 0.86653 0.10490
v 0.15153 0.86910 0.10391
v 0.15187 0.86708 0.10634
v 0.17701 0.86656 -0.07310
v 0.16077 0.90267 -0.01603
v 0.16685 0.95970 -0.01506
v 0.15935 0.90406 0.08675
v 0.14915 0.86917 0.08583
v 0.16689 0.97908 0.08498
v 0.15850 0.95294 0.08673
v 0.15974 0.92740 0.08616
v 0.16510 0.98263 -0.01460
v 0.16077 0.90267 -0.01603
v 0.15021 0.86953 -0.01588
v 0.15095 0.90205 -0.01580
v 0.16685 0.95970 -0.01506
v 0.16077 0.90267 -0.01603
v 0.16157 0.93144 -0.01590
v 0.16093 0.95440 -0.01604
v 0.16271 1.01781 0.10474
v 0.16673 0.97999 0.09655
v 0.15021 0.86953 -0.01588
v 0.17701 0.86656 -0.07310
v 0.15102 0.86793 -0.07362
v 0.16392 1.01216 0.04439
v 0.15155 0.95499 -0.01575
v 0.16285 0.98045 -0.01669
v 0.16077 0.90267 -0.01603
v 0.16079 0.90351 -0.04914
v 0.16157 0.93144 -0.01590
v 0.15877 0.95516 -0.04830
v 0.16093 0.95440 -0.01604
v 0.15107 0.98044 -0.01673
v 0.14973 0.95487 0.08578
v 0.16271 1.01781 0.10474
v 0.14277 1.01664 0.09738
v 0.16673 0.97999 0.09655
v 0.17706 0.86653 0.10490
v 0.14915 0.86917 0.08583
v 0.15063 0.86886 0.08842
v 0.15021 0.86953 -0.01588
v 0.15935 0.90406 0.08675
v 0.15974 0.92740 0.08616
v 0.15822 0.90349 0.09592
v 0.15809 0.95249 0.09581
v 0.15850 0.95294 0.08673
v 0.16077 0.90267 -0.01603
v 0.14950 0.90168 -0.03611
v 0.16079 0.90351 -0.04914
v 0.15809 0.95249 0.09581
v 0.13872 0.95215 0.09669
v 0.13709 0.90354 0.09509
v 0.15153 0.86910 0.10391
v 0.15822 0.90349 0.09592
v 0.16673 0.97999 0.09655
v 0.14630 0.97935 0.09632
v 0.14793 0.97816 0.08491
v 0.15850 0.95294 0.08673
v 0.14973 0.95487 0.08578
v 0.15809 0.95249 0.09581
v 0.16093 0.95440 -0.01604
v 0.15877 0.95516 -0.04830
v 0.15155 0.95499 -0.01575
v 0.12103 0.98345 0.09679
v 0.14630 0.97935 0.09632
v 0.15095 0.90205 -0.01580
v 0.15822 0.90349 0.09592
v 0.14888 0.90202 0.08584
v 0.15935 0.90406 0.08675
v 0.15017 0.95590 -0.03493
v 0.16285 0.98045 -0.01669
v 0.15107 0.98044 -0.01673
v 0.14928 0.97962 -0.03593
v 0.13673 0.95458 -0.04777
v 0.16689 0.97908 0.08498
v 0.14888 0.90202 0.08584
v 0.16271 1.01781 0.10474
v 0.14322 1.01792 0.10457
v 0.14277 1.01664 0.09738
v 0.14793 0.97816 0.08491
v 0.15187 0.86708 0.10634
v 0.15153 0.86910 0.10391
v 0.15063 0.86886 0.08842
v 0.15107 0.98044 -0.01673
v 0.15155 0.95499 -0.01575
v 0.15017 0.95590 -0.03493
v 0.15095 0.90205 -0.01580
v 0.15021 0.86953 -0.01588
v 0.14950 0.90168 -0.03611
v 0.14928 0.97962 -0.03593
v 0.14020 0.86582 -0.03653
v 0.15877 0.95516 -0.04830
v 0.13732 0.90281 -0.04896
v 0.13673 0.95458 -0.04777
v 0.14793 0.97816 0.08491
v 0.14631 0.96602 0.07955
v 0.14973 0.95487 0.08578
v 0.13361 1.01490 0.09840
v 0.14888 0.90202 0.08584
v 0.14854 0.90195 0.08229
v 0.14915 0.86917 0.08583
v 0.14734 0.82723 0.08402
v 0.15063 0.86886 0.08842
v 0.14777 0.87382 0.08095
v 0.14717 0.95555 0.07965
v 0.14684 0.96811 0.04342
v 0.14851 0.96816 0.05934
v 0.14692 0.97880 0.04336
v 0.14631 0.96602 0.07955
v 0.14793 0.97816 0.08491
v 0.14322 1.01792 0.10457
v 0.16271 1.01781 0.10474
v 0.14374 1.05690 0.10577
v 0.12149 0.97953 0.06863
v 0.14692 0.97880 0.04336
v 0.14020 0.86582 -0.03653
v 0.15021 0.86953 -0.01588
v 0.14307 0.86302 -0.03665
v 0.13761 0.90236 -0.03660
v 0.13709 0.90354 0.09509
v 0.16079 0.90351 -0.04914
v 0.14631 0.96602 0.07955
v 0.13628 0.95422 0.08097
v 0.14717 0.95555 0.07965
v 0.12141 0.96727 0.07967
v 0.14631 0.96602 0.07955
v 0.14851 0.96816 0.05934
v 0.16777 0.98038 -0.05176
v 0.12447 0.98874 -0.05397
v 0.14382 1.00752 -0.05509
v 0.13732 0.90281 -0.04896
v 0.14717 0.95555 0.07965
v 0.13714 0.95332 0.09457
v 0.14854 0.90195 0.08229
v 0.14252 0.87051 -0.06808
v 0.14348 0.86482 -0.05233
v 0.14195 0.87017 -0.10543
v 0.12140 0.96810 0.04518
v 0.14252 0.87051 -0.06808
v 0.14225 0.86691 -0.06373
v 0.14348 0.86482 -0.05233
v 0.14777 0.87382 0.08095
v 0.13528 0.87280 0.10584
v 0.14331 0.87134 0.10822
v 0.14225 0.86691 -0.06373
v 0.14221 0.86865 -0.05261
v 0.14348 0.86482 -0.05233
v 0.13672 0.90236 0.08089
v 0.14328 0.87047 0.14125
v 0.09420 0.87202 0.12388
v 0.15017 0.95590 -0.03493
v 0.13541 0.95247 -0.03597
v 0.14928 0.97962 -0.03593
v 0.14020 0.86582 -0.03653
v 0.14307 0.86302 -0.03665
v 0.14348 0.86482 -0.05233
v 0.14777 0.87382 0.08095
v 0.14854 0.90195 0.08229
v 0.13672 0.90236 0.08089
v 0.13628 0.95422 0.08097
v 0.13872 0.95215 0.09669
v 0.13541 0.95247 -0.03597
v 0.12127 0.97887 0.04563
v 0.14684 0.96811 0.04342
v 0.14692 0.97880 0.04336
v 0.13709 0.90354 0.09509
v 0.13872 0.95215 0.09669
v 0.13714 0.95332 0.09457
v 0.13709 0.90354 0.09509
v 0.13714 0.95332 0.09457
v 0.13630 0.91907 0.08095
v 0.13672 0.90236 0.08089
v 0.13363 1.03466 0.09844
v 0.13628 0.95422 0.08097
v 0.13628 0.94725 0.08099
v 0.13732 0.90281 -0.04896
v 0.13761 0.90236 -0.03660
v 0.13587 0.90675 -0.03729
v 0.13541 0.95247 -0.03597
v 0.13673 0.95458 -0.04777
v 0.14225 0.86691 -0.06373
v 0.14252 0.87051 -0.06808
v 0.09521 0.86865 -0.06832
v 0.12447 0.86620 -0.05398
v 0.14221 0.86865 -0.05261
v 0.12100 0.86684 -0.06030
v 0.14950 0.90168 -0.03611
v 0.12223 0.86597 -0.03670
v 0.13761 0.90236 -0.03660
v 0.12141 0.96727 0.07967
v 0.13630 0.91907 0.08095
v 0.13628 0.94725 0.08099
v 0.12127 0.97887 0.04563
v 0.12272 0.98354 -0.05295
v 0.16777 0.98038 -0.05176
v 0.14153 1.00669 -0.08490
v 0.14382 1.00752 -0.05509
v 0.12080 0.98645 -0.08321
v 0.12225 0.87302 0.08096
v 0.14225 0.86691 -0.06373
v 0.14221 0.86865 -0.05261
v 0.12447 0.86620 -0.05398
v 0.14348 0.86482 -0.05233
v 0.12140 0.96810 0.04518
v 0.13535 1.02391 0.11241
v 0.14154 1.02059 0.11328
v 0.13361 1.01490 0.09840
v 0.12304 0.98227 -0.03672
v 0.14020 0.86582 -0.03653
v 0.14348 0.86482 -0.05233
v 0.13587 0.90675 -0.03729
v 0.12447 0.98874 -0.05397
v 0.12157 0.98530 -0.05992
v 0.12223 0.86597 -0.03670
v 0.12225 0.87302 0.08096
v 0.14684 0.96811 0.04342
v 0.12272 0.98354 -0.05295
v 0.12888 1.00705 0.09686
v 0.13361 1.01490 0.09840
v 0.11926 1.00005 0.09885
v 0.13361 1.01490 0.09840
v 0.14154 1.02059 0.11328
v 0.11926 1.00005 0.09885
v 0.12304 0.98227 -0.03672
v 0.09521 0.86865 -0.06832
v 0.13361 1.01490 0.09840
v 0.12888 1.00705 0.09686
v 0.12103 0.98345 0.09679
v 0.12888 1.00705 0.09686
v 0.11926 1.00005 0.09885
v 0.12536 1.00435 0.09192
v 0.12195 0.87270 0.09623
v 0.09427 0.87124 0.09663
v 0.10908 0.98912 0.14124
v 0.14131 1.02007 0.14170
v 0.12888 1.00705 0.09686
v 0.12536 1.00435 0.09192
v 0.11872 0.99587 0.08782
v 0.12888 1.00705 0.09686
v 0.11872 0.99587 0.08782
v 0.11790 0.99694 0.09476
v 0.12103 0.98345 0.09679
v 0.11401 0.99565 0.09721
v 0.14020 0.86582 -0.03653
v 0.12447 0.98874 -0.05397
v 0.12272 0.98354 -0.05295
v 0.12157 0.98530 -0.05992
v 0.14195 0.87017 -0.10543
v 0.09366 0.87175 -0.07718
v 0.09521 0.86865 -0.06832
v 0.11401 0.99565 0.09721
v 0.12103 0.98345 0.09679
v 0.12888 1.00705 0.09686
v 0.12223 0.86597 -0.03670
v 0.12100 0.86684 -0.06030
v 0.12304 0.98227 -0.03672
v 0.11007 0.98998 0.09932
v 0.12103 0.98345 0.09679
v 0.12195 0.87270 0.09623
v 0.12141 0.96727 0.07967
v 0.12225 0.87302 0.08096
v 0.12149 0.97953 0.06863
v 0.12140 0.96810 0.04518
v 0.12127 0.97887 0.04563
v 0.11790 0.99694 0.09476
v 0.11872 0.99587 0.08782
v 0.12157 0.98530 -0.05992
v 0.12100 0.86684 -0.06030
v 0.09506 0.98575 -0.06037
v 0.10611 0.98965 0.09743
v 0.11401 0.99565 0.09721
v 0.14252 0.87051 -0.06808
v 0.09436 0.89504 0.09667
v 0.09427 0.87124 0.09663
v 0.12195 0.87270 0.09623
v 0.11401 0.99565 0.09721
v 0.09283 0.96483 0.09800
v 0.09496 0.86755 -0.06086
v 0.10611 0.98965 0.09743
v 0.11007 0.98998 0.09932
v 0.10908 0.98912 0.14124
v 0.08608 0.98805 0.09713
v 0.10611 0.98965 0.09743
v 0.12157 0.98530 -0.05992
v 0.09506 0.98575 -0.06037
v 0.12080 0.98645 -0.08321
v 0.11401 0.99565 0.09721
v 0.10611 0.98965 0.09743
v 0.09246 0.99337 0.09766
v 0.08357 1.01137 0.14214
v 0.10908 0.98912 0.14124
v 0.14131 1.02007 0.14170
v 0.08712 0.98757 0.14075
v 0.08715 0.98741 0.13595
v 0.09299 0.98526 -0.07805
v 0.09496 0.86755 -0.06086
v 0.08608 0.98805 0.09713
v 0.09506 0.98575 -0.06037
v 0.09496 0.86755 -0.06086
v 0.09521 0.86865 -0.06832
v 0.09299 0.98526 -0.07805
v 0.09420 0.87202 0.12388
v 0.09436 0.89504 0.09667
v 0.09257 0.96470 0.12372
v 0.09427 0.87124 0.09663
v 0.09283 0.96483 0.09800
v 0.09366 0.87175 -0.07718
v 0.07066 0.86967 -0.10586
v 0.09257 0.96470 0.12372
v 0.09283 0.96483 0.09800
v 0.08613 0.96613 0.09538
v 0.08695 0.98500 0.11371
v 0.12080 0.98645 -0.08321
v 0.05847 0.98805 -0.08406
v 0.14153 1.00669 -0.08490
v 0.06950 0.87088 0.14176
v 0.06746 0.87083 0.12364
v 0.08613 0.96613 0.09538
v 0.08608 0.98805 0.09713
v 0.08695 0.98500 0.11371
v 0.08520 0.98752 0.10676
v 0.08715 0.98741 0.13595
v 0.08646 0.98475 0.13428
v 0.08695 0.98500 0.11371
v 0.06293 0.96387 0.12292
v 0.08646 0.98475 0.13428
v 0.05687 0.98564 0.13598
v 0.08695 0.98500 0.11371
v 0.08712 0.98757 0.14075
v 0.08409 0.98959 0.13672
v 0.08715 0.98741 0.13595
v 0.08504 0.96689 0.08154
v 0.08613 0.96613 0.09538
v 0.08608 0.98805 0.09713
v 0.06860 0.86996 -0.07811
v 0.09420 0.87202 0.12388
v 0.09257 0.96470 0.12372
v 0.06746 0.87083 0.12364
v 0.08480 0.98571 0.08179
v 0.06444 0.92149 0.12413
v 0.08504 0.96689 0.08154
v 0.05847 0.98805 -0.08406
v 0.09366 0.87175 -0.07718
v 0.06860 0.86996 -0.07811
v 0.09299 0.98526 -0.07805
v 0.08480 0.98571 0.08179
v 0.05640 0.98527 0.08099
v 0.08504 0.96689 0.08154
v 0.08520 0.98752 0.10676
v 0.08480 0.98571 0.08179
v 0.08608 0.98805 0.09713
v 0.08520 0.98752 0.10676
v 0.08695 0.98500 0.11371
v 0.05640 0.98527 0.08099
v 0.07066 0.86967 -0.10586
v 0.06822 0.83804 -0.07607
v 0.06860 0.86996 -0.07811
v 0.06254 0.96518 0.08151
v 0.06950 0.87088 0.14176
v 0.06746 0.87083 0.12364
v 0.06768 0.83941 0.12588
v 0.06683 0.84120 0.12306
v 0.06683 0.84120 0.12306
v 0.03974 0.84287 0.12345
v 0.05873 0.98665 -0.07860
v 0.06293 0.96387 0.12292
v 0.06161 0.92374 0.12223
v 0.06444 0.92149 0.12413
v 0.06293 0.96387 0.12292
v 0.04433 0.92306 0.12309
v 0.04423 0.87255 0.12468
v -0.06814 0.86985 -0.07796
v 0.05873 0.98665 -0.07860
v 0.06293 0.96387 0.12292
v 0.06254 0.96518 0.08151
v 0.06219 0.92441 0.08161
v 0.06161 0.92374 0.12223
v 0.06219 0.92441 0.08161
v 0.04157 0.92412 0.08109
v 0.06161 0.92374 0.12223
v 0.06254 0.96518 0.08151
v 0.06254 0.96518 0.08151
v 0.04157 0.92412 0.08109
v 0.06219 0.92441 0.08161
v 0.06444 0.92149 0.12413
v 0.06161 0.92374 0.12223
v 0.04433 0.92306 0.12309
v 0.03580 0.94210 0.08170
v 0.04760 0.94426 0.08146
v 0.03438 0.84918 0.12331
v 0.04760 0.94426 0.08146
v 0.03580 0.94210 0.08170
v 0.06254 0.96518 0.08151
v 0.04639 0.99440 0.09758
v 0.04643 0.94455 0.09760
v 0.04760 0.94426 0.08146
v 0.04760 0.94426 0.08146
v 0.04643 0.94455 0.09760
v 0.03580 0.94210 0.08170
v 0.04433 0.92306 0.12309
v 0.04433 0.92306 0.12309
v 0.04282 0.87233 0.12382
v 0.04423 0.87255 0.12468
v 0.04282 0.87233 0.12382
v 0.04146 0.88071 0.09438
v 0.04200 0.87043 0.09756
v 0.02442 0.94301 0.09800
v 0.03460 0.94245 0.09633
v 0.04643 0.94455 0.09760
v 0.04643 0.94455 0.09760
v 0.02422 0.95741 0.09831
v 0.02442 0.94301 0.09800
v 0.04433 0.92306 0.12309
v 0.04157 0.92412 0.08109
v 0.04035 0.88172 0.08093
v 0.03438 0.84918 0.12331
v 0.04146 0.88071 0.09438
v 0.03666 0.88096 0.09502
v 0.04200 0.87043 0.09756
v 0.03438 0.84918 0.12331
v 0.04035 0.88172 0.08093
v 0.03502 0.88005 0.08098
v 0.04146 0.88071 0.09438
v 0.03666 0.88096 0.09502
v 0.03589 0.90900 0.08098
v 0.04035 0.88172 0.08093
v 0.03460 0.94245 0.09633
v 0.03506 0.85131 0.09537
v 0.03666 0.88096 0.09502
v 0.03506 0.85131 0.09537
v 0.04200 0.87043 0.09756
v 0.02621 0.88784 0.08096
v 0.03502 0.88005 0.08098
v 0.03379 0.84841 0.10853
v 0.03502 0.88005 0.08098
v 0.03666 0.88096 0.09502
v 0.03589 0.90900 0.08098
v 0.03460 0.94245 0.09633
v 0.03284 0.90746 0.09538
v 0.03580 0.94210 0.08170
v 0.03334 0.84769 0.08090
v 0.03379 0.84841 0.10853
v 0.03334 0.84769 0.08090
v 0.02699 0.84933 0.09625
v 0.03334 0.84769 0.08090
v 0.02715 0.84861 0.08097
v 0.02715 0.84861 0.08097
v 0.03438 0.84918 0.12331
v 0.02112 0.84993 0.10821
v 0.01800 0.90696 0.08105
v 0.03589 0.90900 0.08098
v 0.03284 0.90746 0.09538
v 0.01725 0.90839 0.09628
v 0.03284 0.90746 0.09538
v 0.01667 0.91242 0.09754
v 0.01800 0.90696 0.08105
v 0.03460 0.94245 0.09633
v 0.02568 0.88746 0.09686
v 0.02699 0.84933 0.09625
v 0.02715 0.84861 0.08097
v 0.02621 0.88784 0.08096
v -0.00114 0.84795 0.14519
v 0.01744 0.84906 0.09746
v 0.02442 0.94301 0.09800
v 0.01887 0.93965 0.09768
v 0.02552 0.91140 0.10257
v 0.02630 0.95774 0.13249
v 0.02533 0.91247 0.13331
v 0.02422 0.95741 0.09831
v 0.02442 0.94301 0.09800
v 0.02481 0.91365 0.09918
v 0.02442 0.94301 0.09800
v 0.02481 0.91365 0.09918
v 0.01887 0.93965 0.09768
v 0.02533 0.91247 0.13331
v 0.02630 0.95774 0.13249
v -0.02523 0.91145 0.13249
v 0.03500 0.84684 0.14730
v 0.01754 0.87492 0.09842
v 0.01754 0.85307 0.09930
v 0.02699 0.84933 0.09625
v 0.02046 0.88659 0.09869
v 0.02568 0.88746 0.09686
v 0.01763 0.88971 0.08100
v 0.02042 0.84993 0.10596
v 0.01725 0.90839 0.09628
v 0.02552 0.91140 0.10257
v 0.01667 0.91242 0.09754
v 0.02481 0.91365 0.09918
v 0.02042 0.85261 0.10149
v 0.02046 0.88659 0.09869
v 0.02112 0.84993 0.10821
v 0.02042 0.84993 0.10596
v 0.02118 0.88724 0.13351
v 0.01969 0.85122 0.13330
v 0.02568 0.88746 0.09686
v 0.02621 0.88784 0.08096
v 0.01677 0.88892 0.09683
v 0.01667 0.91242 0.09754
v 0.01969 0.85122 0.13330
v 0.02118 0.88724 0.13351
v -0.02009 0.88880 0.13339
v 0.02568 0.88746 0.09686
v 0.01677 0.88892 0.09683
v 0.02046 0.88659 0.09869
v 0.01744 0.84906 0.09746
v 0.02046 0.88659 0.09869
v 0.02042 0.85261 0.10149
v 0.01754 0.87492 0.09842
v 0.01763 0.88971 0.08100
v 0.02042 0.85261 0.10149
v 0.02042 0.84993 0.10596
v 0.01754 0.85307 0.09930
v 0.02046 0.88659 0.09869
v 0.01677 0.88892 0.09683
v 0.02118 0.88724 0.13351
v 0.01754 0.85307 0.09930
v 0.01644 0.84945 0.10643
v 0.01530 0.88924 0.12498
v 0.01644 0.84945 0.10643
v 0.01581 0.91060 0.10723
v 0.02533 0.91247 0.13331
v 0.01530 0.88924 0.12498
v 0.01677 0.88892 0.09683
v 0.01539 0.91071 0.12419
v 0.01539 0.91071 0.12419
v 0.01800 0.90696 0.08105
v 0.01725 0.90839 0.09628
v 0.01644 0.84945 0.10643
v 0.01744 0.84906 0.09746
v 0.01754 0.85307 0.09930
v 0.01667 0.91242 0.09754
v 0.01581 0.91060 0.10723
v 0.01763 0.88971 0.08100
v 0.02112 0.84993 0.10821
v 0.01969 0.85122 0.13330
v 0.00515 0.84861 0.11406
v 0.01539 0.91071 0.12419
v -0.01487 0.88984 0.12399
v 0.01530 0.88924 0.12498
v 0.00515 0.84861 0.11406
v -0.01487 0.88984 0.12399
v -0.02523 0.91145 0.13249
v -0.01997 0.85124 0.13335
v 0.16689 0.97908 0.08498
v 0.14928 0.97962 -0.03593
v 0.04157 0.92412 0.08109
v 0.03589 0.90900 0.08098
v -0.02477 0.78593 -0.06985
v -0.03747 0.78576 -0.10143
v 0.03773 0.78660 -0.10238
v 0.02915 0.77986 0.09821
v -0.00880 0.78054 0.09842
v -0.02925 0.70066 0.09757
v -0.02343 0.82427 -0.11105
v -0.03782 0.83663 -0.10187
v 0.02448 0.82606 -0.11022
v -0.03782 0.83663 -0.10187
v -0.03699 0.83791 -0.07847
v 0.03781 0.83655 -0.10163
v -0.03085 0.78543 -0.07924
v -0.03486 0.78048 0.14653
v 0.03451 0.78102 0.14739
v -0.00114 0.84795 0.14519
v -0.02343 0.82427 -0.11105
v 0.02448 0.82606 -0.11022
v -0.02348 0.79775 -0.11102
v -0.03747 0.78576 -0.10143
v -0.02343 0.82427 -0.11105
v -0.02348 0.79775 -0.11102
v 0.03451 0.78102 0.14739
v -0.03049 0.77970 0.10964
v -0.00880 0.78054 0.09842
v -0.02477 0.78593 -0.06985
v -0.02789 0.68788 -0.06897
v -0.02922 0.75472 -0.06845
v -0.03132 0.78577 -0.06915
v -0.03132 0.78577 -0.06915
v -0.03747 0.78576 -0.10143
v -0.02348 0.79775 -0.11102
v 0.03773 0.78660 -0.10238
v -0.02966 0.77976 0.09827
v -0.02966 0.77976 0.09827
v -0.03486 0.78048 0.14653
v -0.03782 0.83663 -0.10187
v -0.03085 0.78543 -0.07924
v -0.02922 0.75472 -0.06845
v -0.03118 0.70098 -0.07919
v -0.02966 0.77976 0.09827
v -0.03049 0.77970 0.10964
v -0.03120 0.70100 0.10989
v -0.03132 0.78577 -0.06915
v -0.03485 0.84692 0.14735
v -0.03049 0.77970 0.10964
v -0.03569 0.79014 0.11066
v -0.03120 0.70100 0.10989
v -0.03085 0.78543 -0.07924
v -0.06525 0.72377 -0.07967
v -0.03862 0.78715 -0.08145
v -0.03049 0.77970 0.10964
v -0.03517 0.78100 0.11121
v -0.03569 0.79014 0.11066
v -0.03517 0.78100 0.11121
v -0.06361 0.72293 0.10978
v -0.03569 0.79014 0.11066
v -0.03517 0.78100 0.11121
v -0.03589 0.79139 0.12599
v -0.03486 0.78048 0.14653
v -0.03568 0.82232 0.12636
v -0.03571 0.83906 0.12647
v -0.03485 0.84692 0.14735
v -0.03442 0.84786 0.12504
v -0.03390 0.78664 -0.07176
v -0.03991 0.79101 -0.07263
v -0.03085 0.78543 -0.07924
v -0.03991 0.79101 -0.07263
v -0.03571 0.83906 0.12647
v -0.03442 0.84786 0.12504
v -0.04227 0.84298 0.12314
v -0.03699 0.83791 -0.07847
v -0.03782 0.83663 -0.10187
v -0.03911 0.83590 -0.07868
v -0.03862 0.78715 -0.08145
v -0.03991 0.79101 -0.07263
v -0.03961 0.79405 -0.07832
v -0.03568 0.82232 0.12636
v -0.03571 0.83906 0.12647
v -0.06676 0.83946 0.12591
v -0.03911 0.83590 -0.07868
v -0.03782 0.83663 -0.10187
v -0.03747 0.78576 -0.10143
v -0.03991 0.79101 -0.07263
v -0.06829 0.79237 -0.07739
v -0.03961 0.79405 -0.07832
v -0.06710 0.81455 0.12639
v -0.03571 0.83906 0.12647
v -0.04227 0.84298 0.12314
v -0.06676 0.83946 0.12591
v -0.03390 0.78664 -0.07176
v -0.03085 0.78543 -0.07924
v -0.06754 0.78497 -0.07883
v -0.06754 0.79043 -0.07238
v -0.03390 0.78664 -0.07176
v -0.06802 0.78575 -0.07172
v -0.06754 0.78497 -0.07883
v -0.06933 0.76792 -0.08014
v -0.06710 0.84068 0.12104
v -0.06676 0.83946 0.12591
v -0.04227 0.84298 0.12314
v -0.06802 0.78575 -0.07172
v -0.03991 0.79101 -0.07263
v -0.03911 0.83590 -0.07868
v -0.06829 0.79237 -0.07739
v -0.06889 0.81391 -0.07868
v -0.03961 0.79405 -0.07832
v -0.06710 0.79087 0.12474
v -0.06754 0.79043 -0.07238
v -0.06710 0.79087 0.12474
v -0.03569 0.79014 0.11066
v -0.03589 0.79139 0.12599
v -0.06633 0.79109 0.11109
v -0.06801 0.83895 -0.07611
v -0.06814 0.86985 -0.07796
v -0.03699 0.83791 -0.07847
v -0.06836 0.76796 0.11112
v -0.06633 0.79109 0.11109
v -0.03589 0.79139 0.12599
v -0.06710 0.84068 0.12104
v -0.06629 0.83315 0.08098
v -0.06612 0.79789 0.08090
v -0.06636 0.79843 0.10712
v -0.06619 0.86127 0.08224
v -0.06710 0.81455 0.12639
v -0.06676 0.83946 0.12591
v -0.06852 0.87207 0.13979
v -0.06633 0.79109 0.11109
v -0.06710 0.79087 0.12474
v -0.06836 0.76796 0.11112
v -0.06868 0.76818 0.14130
v -0.06619 0.86127 0.08224
v -0.07153 0.84179 0.08232
v -0.06629 0.83315 0.08098
v -0.06754 0.78497 -0.07883
v -0.06933 0.76792 -0.08014
v -0.06802 0.78575 -0.07172
v -0.10580 0.71397 -0.05850
v -0.06933 0.76792 -0.08014
v -0.07011 0.76804 -0.10544
v -0.07044 0.86969 -0.10587
v -0.06889 0.81391 -0.07868
v -0.06829 0.79237 -0.07739
v -0.06802 0.78575 -0.07172
v -0.06814 0.86985 -0.07796
v -0.06801 0.83895 -0.07611
v -0.06754 0.79043 -0.07238
v -0.06710 0.84068 0.12104
v -0.07198 0.84044 0.10742
v -0.07055 0.85075 0.11047
v -0.06933 0.76792 -0.08014
v -0.09376 0.76662 -0.07923
v -0.07011 0.76804 -0.10544
v -0.13952 0.76659 -0.10581
v -0.07153 0.84179 0.08232
v -0.07198 0.84044 0.10742
v -0.08469 0.83921 0.08092
v -0.09107 0.72212 0.09482
v -0.07198 0.84044 0.10742
v -0.08545 0.79800 0.10629
v -0.08553 0.83867 0.10673
v -0.07011 0.76804 -0.10544
v -0.13952 0.76659 -0.10581
v -0.14298 0.83989 -0.10586
v -0.08545 0.79800 0.10629
v -0.06636 0.79843 0.10712
v -0.06612 0.79789 0.08090
v -0.06636 0.79843 0.10712
v -0.08545 0.79800 0.10629
v -0.06710 0.84068 0.12104
v -0.08545 0.79800 0.10629
v -0.09337 0.76650 0.10987
v -0.08553 0.83867 0.10673
v -0.06868 0.76818 0.14130
v -0.14315 0.76645 0.14131
v -0.09337 0.76650 0.10987
v -0.09250 0.72372 -0.07882
v -0.06836 0.76796 0.11112
v -0.07044 0.86969 -0.10587
v -0.08469 0.79793 0.08093
v -0.08469 0.79793 0.08093
v -0.06612 0.79789 0.08090
v -0.08469 0.83921 0.08092
v -0.08545 0.79800 0.10629
v -0.08469 0.79793 0.08093
v -0.08539 0.81671 0.08228
v -0.08469 0.83921 0.08092
v -0.08553 0.83867 0.10673
v -0.09376 0.76662 -0.07923
v -0.09376 0.76662 -0.07923
v -0.09250 0.72372 -0.07882
v -0.09321 0.76594 -0.05770
v -0.12330 0.71565 0.09673
v -0.09250 0.72374 0.10983
v -0.09464 0.76524 0.09429
v -0.09337 0.76650 0.10987
v -0.09321 0.76594 -0.05770
v -0.10726 0.76572 0.09405
v -0.09464 0.76524 0.09429
v -0.09321 0.76594 -0.05770
v -0.10649 0.76580 -0.05775
v -0.10726 0.76572 0.09405
v -0.09464 0.76524 0.09429
v -0.10928 0.76571 0.09749
v -0.10649 0.76580 -0.05775
v -0.10580 0.71397 -0.05850
v -0.10801 0.76526 -0.06058
v -0.12602 0.71438 -0.05715
v -0.10801 0.76526 -0.06058
v -0.12238 0.76527 -0.05826
v -0.14320 0.76641 -0.10513
v -0.10928 0.76571 0.09749
v -0.10920 0.71464 0.09656
v -0.10726 0.76572 0.09405
v -0.10649 0.76580 -0.05775
v -0.10801 0.76526 -0.06058
v -0.10928 0.76571 0.09749
v -0.06868 0.76818 0.14130
v -0.06852 0.87207 0.13979
v -0.14230 0.86969 0.14301
v -0.12165 0.76529 0.09601
v -0.12238 0.76527 -0.05826
v -0.13044 0.76619 0.09600
v -0.12330 0.71565 0.09673
v -0.13563 0.76613 0.08483
v -0.16055 0.73010 0.06533
v -0.12165 0.76529 0.09601
v -0.14269 0.76638 -0.05039
v -0.12165 0.76529 0.09601
v -0.12952 0.73122 -0.05124
v -0.12238 0.76527 -0.05826
v -0.13332 0.75856 -0.05065
v -0.12777 0.76515 -0.05575
v -0.13563 0.76613 0.08483
v -0.14269 0.76638 -0.05039
v -0.13257 0.77707 0.08445
v -0.13563 0.76613 0.08483
v -0.13044 0.76619 0.09600
v -0.13044 0.76619 0.09600
v -0.13301 0.77835 0.09725
v -0.13257 0.77707 0.08445
v -0.12777 0.76515 -0.05575
v -0.13332 0.75856 -0.05065
v -0.13666 0.75828 -0.04166
v -0.13703 0.75625 -0.05048
v -0.13332 0.75856 -0.05065
v -0.12952 0.73122 -0.05124
v -0.14199 0.76589 -0.04038
v -0.12777 0.76515 -0.05575
v -0.13666 0.75828 -0.04166
v -0.13760 0.73032 -0.03768
v -0.14220 0.76656 0.09847
v -0.13703 0.75625 -0.05048
v -0.14315 0.76645 0.14131
v -0.13301 0.77835 0.09725
v -0.14254 0.77918 0.09621
v -0.13257 0.77707 0.08445
v -0.14199 0.76589 -0.04038
v -0.14269 0.76638 -0.05039
v -0.12777 0.76515 -0.05575
v -0.14220 0.76656 0.09847
v -0.13301 0.77835 0.09725
v -0.13044 0.76619 0.09600
v -0.13563 0.76613 0.08483
v -0.13257 0.77707 0.08445
v -0.14348 0.78094 0.08163
v -0.13703 0.75625 -0.05048
v -0.13666 0.75828 -0.04166
v -0.13563 0.76613 0.08483
v -0.14348 0.78094 0.08163
v -0.14347 0.77924 0.08551
v -0.14254 0.77918 0.09621
v -0.14650 0.71900 -0.01235
v -0.15001 0.75008 -0.00626
v -0.13563 0.76613 0.08483
v -0.14347 0.77924 0.08551
v -0.14228 0.76906 0.08540
v -0.14347 0.77924 0.08551
v -0.14348 0.78094 0.08163
v -0.13666 0.75828 -0.04166
v -0.14332 0.76890 -0.03914
v -0.14199 0.76589 -0.04038
v -0.14228 0.76906 0.08540
v -0.15007 0.77275 0.07743
v -0.13563 0.76613 0.08483
v -0.15246 0.75973 -0.00615
v -0.14332 0.76890 -0.03914
v -0.14320 0.76641 -0.10513
v -0.14254 0.77918 0.09621
v -0.14220 0.76656 0.09847
v -0.14315 0.76645 0.14131
v -0.14199 0.76589 -0.04038
v -0.14332 0.76890 -0.03914
v -0.14269 0.76638 -0.05039
v -0.14571 0.78048 0.08178
v -0.14347 0.77924 0.08551
v -0.14348 0.78094 0.08163
v -0.14348 0.78094 0.08163
v -0.14301 0.87123 0.10563
v -0.14311 0.87223 0.08100
v -0.14347 0.77924 0.08551
v -0.14300 0.86205 -0.03682
v -0.14298 0.83989 -0.10586
v -0.14311 0.87223 0.08100
v -0.14781 0.82811 0.08141
v -0.14348 0.78094 0.08163
v -0.14230 0.86969 0.14301
v -0.14320 0.76641 -0.10513
v -0.14300 0.86205 -0.03682
v -0.14332 0.76890 -0.03914
v -0.14950 0.79145 -0.03565
v -0.15007 0.77275 0.07743
v -0.15052 0.76094 0.07265
v -0.14571 0.78048 0.08178
v -0.14742 0.80055 0.08097
v -0.15005 0.82307 -0.03583
v -0.14347 0.77924 0.08551
v -0.14742 0.80055 0.08097
v -0.14649 0.81113 0.08450
v -0.14930 0.78097 -0.03318
v -0.14950 0.79145 -0.03565
v -0.14909 0.77292 -0.02522
v -0.14571 0.78048 0.08178
v -0.14781 0.82811 0.08141
v -0.14759 0.84814 0.08134
v -0.14735 0.85397 0.08462
v -0.14954 0.77683 0.08408
v -0.14649 0.81113 0.08450
v -0.15012 0.86855 0.08706
v -0.14228 0.76906 0.08540
v -0.14954 0.77683 0.08408
v -0.15007 0.77275 0.07743
v -0.14735 0.85397 0.08462
v -0.15012 0.86855 0.08706
v -0.14649 0.81113 0.08450
v -0.15246 0.75973 -0.00615
v -0.15179 0.86781 -0.07438
v -0.15246 0.75973 -0.00615
v -0.15177 0.76043 -0.07348
v -0.15179 0.86781 -0.07438
v -0.15182 0.76045 0.10536
v -0.15052 0.76094 0.07265
v -0.14954 0.77683 0.08408
v -0.15012 0.86855 0.08706
v -0.15082 0.86798 0.10552
v -0.15007 0.77275 0.07743
v -0.15005 0.82307 -0.03583
v -0.14950 0.79145 -0.03565
v -0.15179 0.86781 -0.07438
v -0.15082 0.86798 0.10552
v -0.17549 0.86790 0.10637
v -0.15182 0.76045 0.10536
v -0.15182 0.76045 0.10536
v -0.17616 0.76053 0.10622
v -0.15052 0.76094 0.07265
v -0.15177 0.76043 -0.07348
v -0.17616 0.76145 -0.07437
v -0.15179 0.86781 -0.07438
v -0.15892 0.75915 0.06541
v -0.16005 0.75959 -0.00558
v -0.15246 0.75973 -0.00615
v -0.15001 0.75008 -0.00626
v -0.15177 0.76043 -0.07348
v -0.16005 0.75959 -0.00558
v -0.17616 0.76145 -0.07437
v -0.17616 0.76053 0.10622
v -0.15128 0.71935 -0.00579
v -0.15892 0.75915 0.06541
v -0.17551 0.86795 -0.07365
v -0.15246 0.75973 -0.00615
v -0.15892 0.75915 0.06541
v -0.16048 0.75964 0.03993
v -0.16055 0.73010 0.06533
v -0.16048 0.75964 0.03993
v -0.16224 0.72660 -0.00313
v -0.16135 0.75961 0.01539
v -0.16005 0.75959 -0.00558
v -0.16135 0.75961 0.01539
v -0.17549 0.86790 0.10637
v -0.17551 0.86795 -0.07365
v -0.17616 0.76145 -0.07437
v -0.17616 0.76053 0.10622
v -0.06889 0.81391 -0.07868
v 0.17706 0.86653 0.10490
v 0.17599 0.76030 -0.07371
v 0.17701 0.86656 -0.07310
v 0.17633 0.76058 0.10624
v 0.17706 0.86653 0.10490
v 0.15187 0.86708 0.10634
v 0.15201 0.76127 0.10631
v 0.15191 0.76123 -0.07444
v 0.17599 0.76030 -0.07371
v 0.15195 0.75877 -0.00713
v 0.17633 0.76058 0.10624
v 0.16123 0.75962 -0.00508
v 0.17633 0.76058 0.10624
v 0.17599 0.76030 -0.07371
v 0.15191 0.76123 -0.07444
v 0.17701 0.86656 -0.07310
v 0.16123 0.75962 -0.00508
v 0.16070 0.72887 0.06521
v 0.15945 0.75918 0.06486
v 0.15945 0.75918 0.06486
v 0.15102 0.86793 -0.07362
v 0.15201 0.76127 0.10631
v 0.15236 0.76009 0.07097
v 0.16247 0.72638 -0.00317
v 0.15195 0.75877 -0.00713
v 0.16123 0.75962 -0.00508
v 0.15236 0.76009 0.07097
v 0.16070 0.72887 0.06521
v 0.15945 0.75918 0.06486
v 0.15061 0.76098 -0.01281
v 0.15191 0.76123 -0.07444
v 0.15195 0.75877 -0.00713
v 0.15236 0.76009 0.07097
v 0.15201 0.76127 0.10631
v 0.15057 0.76265 0.08753
v 0.15187 0.86708 0.10634
v 0.15063 0.86886 0.08842
v 0.15201 0.76127 0.10631
v 0.15191 0.76123 -0.07444
v 0.15091 0.77568 -0.03872
v 0.15102 0.86793 -0.07362
v 0.15057 0.76265 0.08753
v 0.15061 0.76098 -0.01281
v 0.15057 0.76265 0.08753
v 0.14965 0.77753 0.08405
v 0.15236 0.76009 0.07097
v 0.14932 0.77726 -0.02618
v 0.15024 0.77624 0.08000
v 0.14915 0.78434 -0.03349
v 0.15021 0.86953 -0.01588
v 0.14734 0.82723 0.08402
v 0.15057 0.76265 0.08753
v 0.15063 0.86886 0.08842
v 0.15024 0.77624 0.08000
v 0.13729 0.76357 0.08312
v 0.15236 0.76009 0.07097
v 0.14965 0.77753 0.08405
v 0.15057 0.76265 0.08753
v 0.14591 0.78396 0.08403
v 0.13862 0.73011 -0.03753
v 0.15195 0.75877 -0.00713
v 0.14852 0.79727 0.08183
v 0.14424 0.78243 0.08268
v 0.14591 0.78396 0.08403
v 0.14777 0.87382 0.08095
v 0.14852 0.79727 0.08183
v 0.14734 0.82723 0.08402
v 0.14591 0.78396 0.08403
v 0.13712 0.75981 -0.04188
v 0.15061 0.76098 -0.01281
v 0.14915 0.78434 -0.03349
v 0.14932 0.77726 -0.02618
v 0.14291 0.76818 -0.03819
v 0.14338 0.77342 0.08624
v 0.15091 0.77568 -0.03872
v 0.14915 0.78434 -0.03349
v 0.14291 0.76818 -0.03819
v 0.14965 0.77753 0.08405
v 0.14591 0.78396 0.08403
v 0.14852 0.79727 0.08183
v 0.14365 0.77925 0.08584
v 0.14424 0.78243 0.08268
v 0.14852 0.79727 0.08183
v 0.14777 0.87382 0.08095
v 0.14365 0.77925 0.08584
v 0.14307 0.86302 -0.03665
v 0.15091 0.77568 -0.03872
v 0.14291 0.76818 -0.03819
v 0.15091 0.77568 -0.03872
v 0.14307 0.86302 -0.03665
v 0.15021 0.86953 -0.01588
v 0.14965 0.77753 0.08405
v 0.14424 0.78243 0.08268
v 0.14365 0.77925 0.08584
v 0.14965 0.77753 0.08405
v 0.14591 0.78396 0.08403
v 0.14424 0.78243 0.08268
v 0.14965 0.77753 0.08405
v 0.14365 0.77925 0.08584
v 0.14338 0.77342 0.08624
v 0.15236 0.76009 0.07097
v 0.13729 0.76357 0.08312
v 0.13164 0.76606 0.08657
v 0.14254 0.76648 0.14217
v 0.14331 0.87134 0.10822
v 0.14328 0.87047 0.14125
v 0.14195 0.87017 -0.10543
v 0.14348 0.86482 -0.05233
v 0.14414 0.76801 -0.10485
v 0.14291 0.76818 -0.03819
v 0.14365 0.77925 0.08584
v 0.14324 0.76749 0.09846
v 0.14777 0.87382 0.08095
v 0.14307 0.86302 -0.03665
v 0.14338 0.77342 0.08624
v 0.14365 0.77925 0.08584
v 0.13275 0.76914 0.08359
v 0.14324 0.76749 0.09846
v 0.14254 0.76648 0.14217
v 0.13225 0.76703 0.09722
v 0.12100 0.76591 0.09636
v 0.14365 0.77925 0.08584
v 0.13991 0.77795 0.08266
v 0.13275 0.76914 0.08359
v 0.14414 0.76801 -0.10485
v 0.14291 0.76818 -0.03819
v 0.12798 0.76542 -0.05642
v 0.13760 0.71730 0.08487
v 0.13976 0.76570 -0.04122
v 0.14291 0.76818 -0.03819
v 0.13712 0.75981 -0.04188
v 0.13714 0.73158 -0.05172
v 0.13716 0.75709 -0.05176
v 0.14324 0.76749 0.09846
v 0.13225 0.76703 0.09722
v 0.14365 0.77925 0.08584
v 0.13164 0.76606 0.08657
v 0.12828 0.75257 -0.05166
v 0.13716 0.75709 -0.05176
v 0.13714 0.73158 -0.05172
v 0.13729 0.76357 0.08312
v 0.13411 0.75833 -0.05208
v 0.13712 0.75981 -0.04188
v 0.13716 0.75709 -0.05176
v 0.13411 0.75833 -0.05208
v 0.13173 0.77905 0.09697
v 0.14365 0.77925 0.08584
v 0.13225 0.76703 0.09722
v 0.13991 0.77795 0.08266
v 0.14365 0.77925 0.08584
v 0.13193 0.77665 0.08376
v 0.13729 0.76357 0.08312
v 0.13275 0.76914 0.08359
v 0.13164 0.76606 0.08657
v 0.12798 0.76542 -0.05642
v 0.13193 0.77665 0.08376
v 0.13275 0.76914 0.08359
v 0.13991 0.77795 0.08266
v 0.13976 0.76570 -0.04122
v 0.13411 0.75833 -0.05208
v 0.12798 0.76542 -0.05642
v 0.13411 0.75833 -0.05208
v 0.13173 0.77905 0.09697
v 0.13193 0.77665 0.08376
v 0.12798 0.76542 -0.05642
v 0.13225 0.76703 0.09722
v 0.13173 0.77905 0.09697
v 0.12348 0.71578 -0.05802
v 0.12178 0.76539 -0.05993
v 0.10815 0.76543 -0.06148
v 0.12100 0.76591 0.09636
v 0.12390 0.76527 -0.05576
v 0.13164 0.76606 0.08657
v 0.12828 0.75257 -0.05166
v 0.12390 0.76527 -0.05576
v 0.12390 0.76527 -0.05576
v 0.12178 0.76539 -0.05993
v 0.09308 0.76678 0.11018
v 0.10746 0.76569 0.09495
v 0.09219 0.76672 -0.08021
v 0.12178 0.76539 -0.05993
v 0.10815 0.76543 -0.06148
v 0.06816 0.78921 0.14120
v 0.14254 0.76648 0.14217
v 0.06950 0.87088 0.14176
v 0.14328 0.87047 0.14125
v 0.12439 0.71474 0.09679
v 0.12100 0.76591 0.09636
v 0.10746 0.76569 0.09495
v 0.14414 0.76801 -0.10485
v 0.07066 0.86967 -0.10586
v 0.14195 0.87017 -0.10543
v 0.10675 0.76584 -0.05854
v 0.10845 0.71578 0.09488
v 0.10815 0.76543 -0.06148
v 0.10791 0.71373 -0.05969
v 0.10675 0.76584 -0.05854
v 0.07037 0.76859 -0.10565
v 0.10596 0.71568 -0.05798
v 0.09420 0.76580 -0.05854
v 0.10675 0.76584 -0.05854
v 0.09346 0.74585 0.09486
v 0.09420 0.76580 -0.05854
v 0.06819 0.76922 0.14119
v 0.06978 0.76742 0.11067
v 0.09348 0.76573 0.09508
v 0.09348 0.76573 0.09508
v 0.09268 0.72372 -0.07881
v 0.09420 0.76580 -0.05854
v 0.09308 0.76678 0.11018
v 0.09270 0.72371 0.10983
v 0.09348 0.76573 0.09508
v 0.09346 0.74585 0.09486
v 0.09219 0.76672 -0.08021
v 0.06949 0.76788 -0.08018
v 0.09308 0.76678 0.11018
v 0.06426 0.72268 0.10922
v 0.07037 0.76859 -0.10565
v 0.06978 0.76742 0.11067
v 0.09268 0.72372 -0.07881
v 0.06949 0.76788 -0.08018
v 0.09219 0.76672 -0.08021
v 0.06819 0.76922 0.14119
v 0.06815 0.78580 -0.07184
v 0.06824 0.79024 -0.07258
v 0.06845 0.79238 -0.07826
v 0.07066 0.86967 -0.10586
v 0.07037 0.76859 -0.10565
v 0.06822 0.83804 -0.07607
v 0.06775 0.78535 -0.07832
v 0.06949 0.76788 -0.08018
v 0.06822 0.83804 -0.07607
v 0.06845 0.79238 -0.07826
v 0.03892 0.83684 -0.07826
v 0.06819 0.76922 0.14119
v 0.06744 0.79291 0.12539
v 0.06978 0.76742 0.11067
v 0.06768 0.83941 0.12588
v 0.06816 0.78921 0.14120
v 0.06734 0.79108 0.11140
v 0.06950 0.87088 0.14176
v 0.06734 0.79108 0.11140
v 0.03456 0.78012 0.11119
v 0.06860 0.86996 -0.07811
v 0.06824 0.79024 -0.07258
v 0.04157 0.79001 -0.07186
v 0.06845 0.79238 -0.07826
v 0.03037 0.78533 -0.07920
v 0.06775 0.78535 -0.07832
v 0.03057 0.70182 -0.07973
v 0.06744 0.79291 0.12539
v 0.03722 0.79159 0.12421
v 0.06734 0.79108 0.11140
v 0.06683 0.84120 0.12306
v 0.03974 0.84287 0.12345
v 0.06768 0.83941 0.12588
v 0.06815 0.78580 -0.07184
v 0.06775 0.78535 -0.07832
v 0.03400 0.78655 -0.07169
v 0.06815 0.78580 -0.07184
v 0.04157 0.79001 -0.07186
v 0.06824 0.79024 -0.07258
v 0.03715 0.78979 0.11075
v 0.03400 0.78655 -0.07169
v 0.03924 0.79232 -0.07850
v 0.03601 0.79581 0.12658
v 0.06744 0.79291 0.12539
v 0.06768 0.83941 0.12588
v 0.03584 0.84008 0.12629
v 0.03059 0.70179 0.10987
v 0.03722 0.79159 0.12421
v 0.03584 0.84008 0.12629
v 0.03924 0.79232 -0.07850
v 0.03037 0.78533 -0.07920
v 0.03715 0.78979 0.11075
v 0.03924 0.79232 -0.07850
v 0.03858 0.78751 -0.08079
v 0.03773 0.78660 -0.10238
v 0.03892 0.83684 -0.07826
v 0.03781 0.83655 -0.10163
v 0.03400 0.78655 -0.07169
v 0.03584 0.84008 0.12629
v 0.03974 0.84287 0.12345
v 0.03438 0.84918 0.12331
v 0.03773 0.78660 -0.10238
v 0.03858 0.78751 -0.08079
v 0.03037 0.78533 -0.07920
v 0.03400 0.78655 -0.07169
v 0.03715 0.78979 0.11075
v 0.03722 0.79159 0.12421
v 0.03456 0.78012 0.11119
v 0.03601 0.79581 0.12658
v 0.03456 0.78012 0.11119
v 0.03722 0.79159 0.12421
v 0.03500 0.84684 0.14730
v 0.03584 0.84008 0.12629
v 0.03438 0.84918 0.12331
v 0.03601 0.79581 0.12658
v 0.03451 0.78102 0.14739
v 0.03400 0.78655 -0.07169
v 0.03456 0.78012 0.11119
v 0.03456 0.78012 0.11119
v 0.03451 0.78102 0.14739
v 0.03023 0.77989 0.10941
v 0.03500 0.84684 0.14730
v -0.00114 0.84795 0.14519
v 0.03451 0.78102 0.14739
v 0.03037 0.78533 -0.07920
v 0.02989 0.78518 -0.07157
v 0.02626 0.78582 -0.06996
v 0.03023 0.77989 0.10941
v -0.03782 0.83663 -0.10187
v 0.03781 0.83655 -0.10163
v 0.02448 0.82606 -0.11022
v 0.03024 0.70147 0.09823
v 0.03023 0.77989 0.10941
v 0.02915 0.77986 0.09821
v 0.02980 0.72476 -0.06914
v 0.02989 0.78518 -0.07157
v 0.03037 0.78533 -0.07920
v 0.02626 0.78582 -0.06996
v 0.02989 0.78518 -0.07157
v 0.02980 0.72476 -0.06914
v -0.00880 0.78054 0.09842
v 0.02915 0.77986 0.09821
v 0.02417 0.79760 -0.11073
v 0.02448 0.82606 -0.11022
v 0.03773 0.78660 -0.10238
v 0.03781 0.83655 -0.10163
v -0.02348 0.79775 -0.11102
v 0.02417 0.79760 -0.11073
v 0.03773 0.78660 -0.10238
v -0.02477 0.78593 -0.06985
v 0.03773 0.78660 -0.10238
v 0.02626 0.78582 -0.06996
v 0.03037 0.78533 -0.07920
v 0.02626 0.78582 -0.06996
v 0.03773 0.78660 -0.10238
v 0.02448 0.82606 -0.11022
v 0.02417 0.79760 -0.11073
v -0.02348 0.79775 -0.11102
v 0.03781 0.83655 -0.10163
v -0.03699 0.83791 -0.07847
v 0.03892 0.83684 -0.07826
v -0.03699 0.83791 -0.07847
v 0.12348 0.71578 -0.05802
v 0.02525 0.68807 -0.06919
v 0.02626 0.78582 -0.06996
v -0.02477 0.78593 -0.06985
v 0.17424 1.22476 0.02672
v 0.17115 1.24229 0.07141
v 0.18061 1.06662 0.07792
v 0.17130 1.24265 0.03303
v 0.18154 1.06498 -0.02136
v 0.17090 1.24264 -0.01024
v 0.17433 1.24541 0.00539
v 0.17455 1.24940 0.00493
v 0.17511 1.24938 0.01878
v 0.16742 1.24884 0.02033
v 0.18456 1.25897 0.01890
v 0.16333 1.25799 0.02079
v 0.18039 1.25894 0.03478
v 0.16730 1.24978 0.03487
v 0.17601 1.24879 0.03598
v 0.17510 1.24476 0.05522
v -0.00636 0.74171 0.01223
v 0.16070 0.72887 0.06521
v 0.16123 0.75962 -0.00508
v 0.16247 0.72638 -0.00317
v 0.15195 0.75877 -0.00713
v 0.13862 0.73011 -0.03753
v 0.13714 0.73158 -0.05172
v 0.12828 0.75257 -0.05166
v 0.12348 0.71578 -0.05802
v 0.10815 0.76543 -0.06148
v 0.10791 0.71373 -0.05969
v 0.10675 0.76584 -0.05854
v 0.10596 0.71568 -0.05798
v 0.09420 0.76580 -0.05854
v 0.09268 0.72372 -0.07881
v 0.06949 0.76788 -0.08018
v 0.03057 0.70182 -0.07973
v 0.03037 0.78533 -0.07920
v 0.02980 0.72476 -0.06914
v 0.02626 0.78582 -0.06996
v 0.02525 0.68807 -0.06919
v -0.02477 0.78593 -0.06985
v -0.02789 0.68788 -0.06897
v -0.02922 0.75472 -0.06845
v -0.03118 0.70098 -0.07919
v -0.03085 0.78543 -0.07924
v -0.06525 0.72377 -0.07967
v -0.06933 0.76792 -0.08014
v -0.09250 0.72372 -0.07882
v -0.09321 0.76594 -0.05770
v -0.10580 0.71397 -0.05850
v -0.10801 0.76526 -0.06058
v -0.12602 0.71438 -0.05715
v -0.12238 0.76527 -0.05826
v -0.12952 0.73122 -0.05124
v -0.13703 0.75625 -0.05048
v -0.13760 0.73032 -0.03768
v -0.13666 0.75828 -0.04166
v -0.14650 0.71900 -0.01235
v -0.15001 0.75008 -0.00626
v -0.15128 0.71935 -0.00579
v -0.16005 0.75959 -0.00558
v -0.16224 0.72660 -0.00313
v -0.16135 0.75961 0.01539
v -0.16055 0.73010 0.06533
v -0.13563 0.76613 0.08483
v -0.12330 0.71565 0.09673
v -0.10928 0.76571 0.09749
v -0.10920 0.71464 0.09656
v -0.10726 0.76572 0.09405
v -0.09107 0.72212 0.09482
v -0.09464 0.76524 0.09429
v -0.09250 0.72374 0.10983
v -0.09337 0.76650 0.10987
v -0.06361 0.72293 0.10978
v -0.03569 0.79014 0.11066
v -0.03120 0.70100 0.10989
v -0.02966 0.77976 0.09827
v -0.02925 0.70066 0.09757
v 0.02915 0.77986 0.09821
v 0.03024 0.70147 0.09823
v 0.03023 0.77989 0.10941
v 0.03059 0.70179 0.10987
v 0.03456 0.78012 0.11119
v 0.06426 0.72268 0.10922
v 0.09308 0.76678 0.11018
v 0.09270 0.72371 0.10983
v 0.09346 0.74585 0.09486
v 0.10845 0.71578 0.09488
v 0.10746 0.76569 0.09495
v 0.12439 0.71474 0.09679
v 0.12100 0.76591 0.09636
v 0.13760 0.71730 0.08487
v 0.15236 0.76009 0.07097
v 0.00559 1.27049 0.01081
v 0.15935 1.26540 -0.03703
v 0.16004 1.26541 -0.14522
v -0.15013 1.26483 -0.14439
v -0.14985 1.26419 -0.03817
v -0.11731 1.27125 -0.03476
v -0.11083 1.27024 -0.03687
v -0.05953 1.26978 -0.03380
v -0.06345 1.27032 -0.01830
v -0.08622 1.27031 -0.01280
v -0.08718 1.27109 0.02424
v -0.12245 1.26989 0.05340
v -0.08805 1.26847 0.05304
v -0.06092 1.27294 0.05523
v -0.06139 1.27392 0.07441
v -0.04050 1.27381 0.07625
v -0.03954 1.27407 0.11015
v 0.03982 1.27431 0.11022
v 0.04025 1.27370 0.07660
v 0.06162 1.27387 0.07525
v 0.06125 1.27152 0.05491
v 0.08739 1.27369 0.05572
v 0.08757 1.26890 0.05401
v 0.12274 1.27002 0.05412
v 0.12250 1.27010 0.02555
v 0.08128 1.27112 0.02251
v 0.07728 1.26963 -0.01900
v 0.06029 1.27027 -0.02452
v 0.05944 1.27026 -0.03426
v 0.06822 1.27025 -0.03599
v 0.11593 1.27127 -0.03613
v 0.08331 1.11557 0.09134
v 0.07910 1.11113 0.08081
v 0.08573 1.11846 0.08082
v 0.08523 1.11795 0.08658
v 0.08317 1.11475 0.11716
v -0.08368 1.11634 0.08299
v -0.08000 1.11303 0.08004
v -0.08558 1.11860 0.07997
v -0.08546 1.11740 0.08895
v -0.17486 1.23215 0.03096
v -0.18071 1.25902 0.03480
v -0.16658 1.25884 0.01984
v -0.18101 1.25161 0.01752
v -0.17345 1.24948 0.01770
v -0.17438 1.24847 0.00413
v -0.17317 1.24548 0.00539
v -0.17081 1.24179 -0.01196
v -0.17451 1.18202 -0.01595
v -0.17970 1.06675 0.07814
v -0.17005 1.24325 0.07066
v -0.17692 1.24526 0.05960
v -0.17402 1.24529 0.05699
v -0.17509 1.24943 0.05587
v -0.17403 1.24551 0.03534
v -0.17840 1.25004 0.03632
vt 0.79926 0.96874
vt 0.79722 0.96991
vt 0.78578 0.96961
vt 0.94765 0.51549
vt 0.94765 0.49947
vt 0.94960 0.51505
vt 0.60612 0.68867
vt 0.64547 0.66595
vt 0.70809 0.68390
vt 0.14531 0.53618
vt 0.16791 0.55878
vt 0.13473 0.53034
vt 0.13433 0.57740
vt 0.15365 0.53251
vt 0.89602 0.80963
vt 0.88503 0.79597
vt 0.89602 0.79584
vt 0.88503 0.81971
vt 0.77367 0.83576
vt 0.76232 0.82748
vt 0.77554 0.81663
vt 0.88704 0.79525
vt 0.19425 0.97261
vt 0.20019 0.98400
vt 0.19425 0.98400
vt 0.02981 0.08875
vt 0.02704 0.07305
vt 0.02882 0.05888
vt 0.76815 0.81920
vt 0.75611 0.82579
vt 0.78020 0.82321
vt 0.75562 0.83668
vt 0.20027 0.97345
vt 0.75591 0.82350
vt 0.76646 0.81850
vt 0.25975 0.02356
vt 0.25975 0.03429
vt 0.24452 0.02362
vt 0.23601 0.03412
vt 0.23652 0.02361
vt 0.38012 0.04614
vt 0.38012 0.02219
vt 0.38946 0.02710
vt 0.90589 0.85262
vt 0.91256 0.83116
vt 0.91175 0.85313
vt 0.90649 0.83143
vt 0.87567 0.88510
vt 0.86121 0.87767
vt 0.87626 0.87830
vt 0.76378 0.80971
vt 0.51381 0.82311
vt 0.52431 0.82593
vt 0.51368 0.83053
vt 0.84731 0.87700
vt 0.85245 0.88423
vt 0.84693 0.88415
vt 0.58526 0.98250
vt 0.58413 0.97609
vt 0.58544 0.97561
vt 0.98414 0.70997
vt 0.98451 0.70128
vt 0.99192 0.70128
vt 0.86044 0.88459
vt 0.82493 0.82117
vt 0.80919 0.82913
vt 0.76131 0.81037
vt 0.39304 0.95730
vt 0.39848 0.95274
vt 0.39837 0.96332
vt 0.99130 0.71019
vt 0.52794 0.82920
vt 0.83832 0.27185
vt 0.83710 0.27115
vt 0.84773 0.26637
vt 0.39310 0.96596
vt 0.79854 0.26693
vt 0.78319 0.29972
vt 0.79226 0.28561
vt 0.79213 0.29952
vt 0.78400 0.26680
vt 0.79261 0.27055
vt 0.79592 0.27079
vt 0.86272 0.39187
vt 0.81757 0.37720
vt 0.86207 0.38074
vt 0.29458 0.35805
vt 0.28359 0.35805
vt 0.29446 0.34351
vt 0.53518 0.83395
vt 0.55134 0.84172
vt 0.28321 0.34580
vt 0.28968 0.32581
vt 0.28965 0.32080
vt 0.39790 0.96557
vt 0.03689 0.00274
vt 0.02944 0.00274
vt 0.03514 0.00125
vt 0.67481 0.96513
vt 0.67776 0.97023
vt 0.67000 0.96537
vt 0.66988 0.97751
vt 0.55148 0.83401
vt 0.41772 0.00479
vt 0.41271 0.00491
vt 0.41312 0.00257
vt 0.41771 0.00293
vt 0.29410 0.29432
vt 0.95383 0.69026
vt 0.95392 0.68566
vt 0.96020 0.68511
vt 0.09489 0.98151
vt 0.08899 0.97926
vt 0.09007 0.97775
vt 0.48075 0.83025
vt 0.28335 0.32040
vt 0.28298 0.29513
vt 0.96039 0.69032
vt 0.48003 0.97404
vt 0.48310 0.96737
vt 0.48237 0.97363
vt 0.99161 0.97742
vt 0.99161 0.96971
vt 0.99492 0.97044
vt 0.98467 0.75645
vt 0.98467 0.74530
vt 0.98541 0.75619
vt 0.48044 0.84123
vt 0.47949 0.96743
vt 0.28307 0.32642
vt 0.58943 0.03836
vt 0.55520 0.03836
vt 0.55846 0.03745
vt 0.09912 0.98285
vt 0.40636 0.61877
vt 0.38108 0.61877
vt 0.40730 0.55003
vt 0.34332 0.54682
vt 0.35575 0.61762
vt 0.34350 0.61773
vt 0.37752 0.54846
vt 0.37510 0.61856
vt 0.99717 0.55506
vt 0.99121 0.55461
vt 0.99218 0.55274
vt 0.99732 0.55267
vt 0.55405 0.20753
vt 0.54493 0.21720
vt 0.54960 0.21021
vt 0.54432 0.21598
vt 0.47955 0.96501
vt 0.09661 0.97833
vt 0.10103 0.98005
vt 0.99678 0.75366
vt 0.99678 0.75606
vt 0.99524 0.75554
vt 0.96513 0.69068
vt 0.62880 0.26999
vt 0.69270 0.26765
vt 0.65080 0.30142
vt 0.66382 0.00102
vt 0.66382 0.00546
vt 0.66237 0.00255
vt 0.48019 0.96224
vt 0.62917 0.29985
vt 0.62765 0.28323
vt 0.23623 0.98855
vt 0.24135 0.98900
vt 0.23097 0.98881
vt 0.99897 0.88285
vt 0.99757 0.88366
vt 0.99871 0.87793
vt 0.99754 0.87839
vt 0.94995 0.79415
vt 0.94995 0.81084
vt 0.94881 0.80448
vt 0.99459 0.07977
vt 0.99322 0.07979
vt 0.99581 0.07782
vt 0.06177 0.00277
vt 0.05394 0.00277
vt 0.06135 0.00122
vt 0.54947 0.20880
vt 0.63942 0.22714
vt 0.70123 0.22714
vt 0.68931 0.23919
vt 0.75312 0.91875
vt 0.74967 0.93163
vt 0.73437 0.91898
vt 0.01607 0.40777
vt 0.01607 0.37926
vt 0.02134 0.37997
vt 0.51266 0.82832
vt 0.48590 0.82926
vt 0.44445 0.80715
vt 0.19110 0.89526
vt 0.19563 0.88878
vt 0.21938 0.89448
vt 0.02475 0.89824
vt 0.02411 0.89917
vt 0.00432 0.89917
vt 0.93196 0.35300
vt 0.92871 0.37146
vt 0.92839 0.35223
vt 0.98199 0.87477
vt 0.97713 0.86635
vt 0.98247 0.86288
vt 0.60114 0.86316
vt 0.61030 0.85122
vt 0.63566 0.85615
vt 0.75341 0.93144
vt 0.88322 0.61940
vt 0.87040 0.61940
vt 0.88235 0.59357
vt 0.55410 0.98222
vt 0.54874 0.98654
vt 0.54438 0.98217
vt 0.54415 0.98829
vt 0.59296 0.99881
vt 0.58661 0.99318
vt 0.59296 0.99269
vt 0.55369 0.98594
vt 0.13402 0.05184
vt 0.13240 0.03650
vt 0.16036 0.03295
vt 0.31372 0.96813
vt 0.31492 0.95548
vt 0.31831 0.96018
vt 0.45707 0.14640
vt 0.47260 0.13340
vt 0.48256 0.13340
vt 0.17371 0.90257
vt 0.18142 0.90954
vt 0.17489 0.90508
vt 0.31858 0.95530
vt 0.31870 0.96839
vt 0.58659 0.99883
vt 0.54852 0.98890
vt 0.25094 0.01370
vt 0.25330 0.00720
vt 0.25293 0.01541
vt 0.25094 0.00704
vt 0.57010 0.98693
vt 0.57010 0.98015
vt 0.57155 0.98474
vt 0.48861 0.13370
vt 0.50852 0.14638
vt 0.18688 0.90243
vt 0.18629 0.90919
vt 0.00418 0.87240
vt 0.06120 0.01944
vt 0.05653 0.01232
vt 0.06105 0.00450
vt 0.05550 0.01662
vt 0.60977 0.95434
vt 0.60977 0.96338
vt 0.60170 0.95666
vt 0.99478 0.37996
vt 0.99026 0.38624
vt 0.99045 0.37958
vt 0.99456 0.38650
vt 0.97138 0.40791
vt 0.97138 0.42073
vt 0.97027 0.40770
vt 0.90534 0.40254
vt 0.91196 0.40938
vt 0.90592 0.42233
vt 0.91233 0.42211
vt 0.91834 0.40111
vt 0.91860 0.40888
vt 0.98839 0.62034
vt 0.98173 0.62034
vt 0.98792 0.61039
vt 0.68457 0.93967
vt 0.67798 0.94714
vt 0.66914 0.93972
vt 0.68447 0.95191
vt 0.99597 0.33645
vt 0.98930 0.33645
vt 0.99594 0.32935
vt 0.67780 0.95210
vt 0.66855 0.94500
vt 0.87782 0.33212
vt 0.87786 0.34208
vt 0.87307 0.34166
vt 0.16524 0.90445
vt 0.11248 0.99503
vt 0.10697 0.99983
vt 0.10721 0.99503
vt 0.60318 0.85298
vt 0.59227 0.85056
vt 0.60110 0.84128
vt 0.16677 0.90265
vt 0.50019 0.13446
vt 0.11132 0.99998
vt 0.99287 0.82014
vt 0.99332 0.82520
vt 0.98633 0.82008
vt 0.99992 0.85285
vt 0.99974 0.85781
vt 0.99759 0.85242
vt 0.98906 0.32889
vt 0.10034 0.90716
vt 0.09973 0.91408
vt 0.09870 0.90673
vt 0.09769 0.89536
vt 0.09537 0.89390
vt 0.10064 0.89400
vt 0.61111 0.84349
vt 0.91872 0.07874
vt 0.91843 0.06732
vt 0.92166 0.07736
vt 0.91722 0.08353
vt 0.92619 0.07600
vt 0.93415 0.08410
vt 0.99388 0.82830
vt 0.73786 0.00116
vt 0.73814 0.00439
vt 0.73517 0.00059
vt 0.93220 0.06459
vt 0.93173 0.07467
vt 0.18591 0.33613
vt 0.16603 0.35005
vt 0.18650 0.32347
vt 0.60974 0.96769
vt 0.60177 0.96785
vt 0.92190 0.07490
vt 0.98617 0.82805
vt 0.61558 0.97456
vt 0.61566 0.96460
vt 0.62829 0.96460
vt 0.97046 0.19513
vt 0.97885 0.19997
vt 0.29421 0.97457
vt 0.29421 0.98442
vt 0.28285 0.97464
vt 0.87255 0.32900
vt 0.28292 0.98503
vt 0.73526 0.00374
vt 0.61478 0.00756
vt 0.61482 0.01741
vt 0.60312 0.01741
vt 0.98169 0.61009
vt 0.32904 0.97784
vt 0.32024 0.96811
vt 0.32904 0.96577
vt 0.31784 0.97799
vt 0.32048 0.96566
vt 0.31823 0.97029
vt 0.87484 0.31962
vt 0.08481 0.42313
vt 0.08572 0.42831
vt 0.07976 0.42319
vt 0.07949 0.42896
vt 0.09204 0.45876
vt 0.08542 0.45464
vt 0.09189 0.44287
vt 0.07846 0.45540
vt 0.08557 0.45882
vt 0.08575 0.44441
vt 0.08492 0.46266
vt 0.07804 0.46232
vt 0.08541 0.42898
vt 0.09190 0.43812
vt 0.09168 0.42816
vt 0.87821 0.32607
vt 0.16454 0.94302
vt 0.15746 0.94259
vt 0.14852 0.93743
vt 0.26512 0.89481
vt 0.25913 0.90314
vt 0.25492 0.89570
vt 0.62831 0.97429
vt 0.60321 0.01892
vt 0.16317 0.93739
vt 0.14817 0.94507
vt 0.15666 0.94640
vt 0.99947 0.94735
vt 0.99652 0.95017
vt 0.99664 0.94685
vt 0.99949 0.95240
vt 0.96871 0.40255
vt 0.96173 0.40658
vt 0.96231 0.39397
vt 0.96854 0.39373
vt 0.91786 0.05992
vt 0.93251 0.05992
vt 0.97093 0.40345
vt 0.97082 0.40677
vt 0.34897 0.99375
vt 0.34024 0.98730
vt 0.34954 0.98728
vt 0.97911 0.54242
vt 0.97927 0.53717
vt 0.98205 0.53642
vt 0.26573 0.90426
vt 0.29363 0.93647
vt 0.29100 0.93385
vt 0.30950 0.93519
vt 0.00741 0.77942
vt 0.00741 0.78539
vt 0.00007 0.77920
vt 0.49714 0.13377
vt 0.13073 0.36383
vt 0.13171 0.37371
vt 0.11679 0.37485
vt 0.87816 0.31754
vt 0.17022 0.29783
vt 0.18686 0.31383
vt 0.97418 0.87532
vt 0.98548 0.87572
vt 0.98548 0.88677
vt 0.99628 0.29069
vt 0.98976 0.29069
vt 0.99032 0.28836
vt 0.65542 0.96529
vt 0.65571 0.97536
vt 0.64364 0.97536
vt 0.25619 0.90247
vt 0.00062 0.86774
vt 0.00062 0.86028
vt 0.00654 0.86739
vt 0.00019 0.78530
vt 0.24129 0.90365
vt 0.23951 0.89641
vt 0.98847 0.53528
vt 0.97412 0.88650
vt 0.13205 0.35882
vt 0.13645 0.34925
vt 0.14107 0.35371
vt 0.00686 0.85895
vt 0.52816 0.99042
vt 0.51833 0.98165
vt 0.52816 0.98199
vt 0.13843 0.36071
vt 0.59469 0.83642
vt 0.60251 0.83257
vt 0.59628 0.83111
vt 0.87588 0.31328
vt 0.51822 0.99020
vt 0.92602 0.44206
vt 0.92602 0.44445
vt 0.91993 0.44205
vt 0.91978 0.44867
vt 0.92609 0.45939
vt 0.91929 0.46268
vt 0.64305 0.96544
vt 0.12439 0.38241
vt 0.98630 0.54313
vt 0.92527 0.46229
vt 0.34038 0.99377
vt 0.00729 0.67317
vt 0.00069 0.67317
vt 0.00644 0.67147
vt 0.90235 0.62096
vt 0.90962 0.61166
vt 0.90771 0.62143
vt 0.67543 0.99010
vt 0.67918 0.99526
vt 0.67626 0.99743
vt 0.70468 0.96446
vt 0.69033 0.95275
vt 0.70468 0.95310
vt 0.00493 0.16415
vt 0.00581 0.16503
vt 0.00316 0.16489
vt 0.69091 0.96429
vt 0.98617 0.54552
vt 0.98841 0.54264
vt 0.90262 0.61150
vt 0.98646 0.27872
vt 0.97806 0.26791
vt 0.98646 0.26863
vt 0.97763 0.27843
vt 0.26021 0.90469
vt 0.05663 0.97234
vt 0.04362 0.97234
vt 0.04430 0.97130
vt 0.16507 0.99047
vt 0.16445 0.99598
vt 0.15763 0.99598
vt 0.15772 0.99005
vt 0.99093 0.86019
vt 0.98628 0.85968
vt 0.98628 0.85203
vt 0.59990 0.94065
vt 0.61445 0.94065
vt 0.59852 0.94127
vt 0.65189 0.01883
vt 0.64056 0.01784
vt 0.65357 0.01754
vt 0.99278 0.85218
vt 0.99260 0.85805
vt 0.00321 0.19148
vt 0.00953 0.20614
vt 0.00321 0.20485
vt 0.00635 0.82797
vt 0.00543 0.82889
vt 0.00363 0.82798
vt 0.66408 0.01820
vt 0.66398 0.02790
vt 0.12376 0.97317
vt 0.13009 0.96220
vt 0.13011 0.97496
vt 0.00958 0.18776
vt 0.87857 0.31444
vt 0.60122 0.94573
vt 0.61365 0.94534
vt 0.59878 0.95196
vt 0.60079 0.95212
vt 0.00976 0.20959
vt 0.98094 0.97331
vt 0.98447 0.97331
vt 0.98035 0.97907
vt 0.00437 0.21523
vt 0.00975 0.21512
vt 0.63994 0.02835
vt 0.00317 0.95742
vt 0.01110 0.95646
vt 0.00532 0.95942
vt 0.96903 0.10692
vt 0.97295 0.10640
vt 0.97295 0.11883
vt 0.12423 0.96251
vt 0.98839 0.33999
vt 0.97770 0.32933
vt 0.98839 0.32966
vt 0.26211 0.94539
vt 0.25259 0.93740
vt 0.26911 0.93764
vt 0.80152 0.00413
vt 0.81989 0.00413
vt 0.79850 0.01482
vt 0.98300 0.92037
vt 0.98489 0.92107
vt 0.98489 0.93150
vt 0.00994 0.96055
vt 0.60374 0.00701
vt 0.97456 0.92998
vt 0.31106 0.94310
vt 0.31429 0.95005
vt 0.31228 0.95001
vt 0.97422 0.92138
vt 0.96870 0.11904
vt 0.59266 0.01696
vt 0.13842 0.38690
vt 0.79806 0.00416
vt 0.66480 0.02677
vt 0.65433 0.02760
vt 0.99595 0.49003
vt 0.98955 0.49003
vt 0.99636 0.48303
vt 0.98917 0.48610
vt 0.99209 0.48553
vt 0.18753 0.30744
vt 0.18078 0.29803
vt 0.01099 0.94766
vt 0.01284 0.95120
vt 0.98372 0.98380
vt 0.96427 0.97505
vt 0.97638 0.97460
vt 0.97638 0.97771
vt 0.96436 0.97802
vt 0.96847 0.39067
vt 0.95733 0.39287
vt 0.95746 0.39067
vt 0.97369 0.97895
vt 0.97364 0.98349
vt 0.01419 0.95684
vt 0.01505 0.95480
vt 0.13242 0.98943
vt 0.12200 0.98943
vt 0.13239 0.98713
vt 0.12194 0.98813
vt 0.99231 0.48329
vt 0.96935 0.39273
vt 0.06088 0.76359
vt 0.06542 0.76359
vt 0.06124 0.77951
vt 0.96705 0.61251
vt 0.97887 0.61251
vt 0.96677 0.61585
vt 0.97776 0.61642
vt 0.16360 0.30119
vt 0.01834 0.95549
vt 0.12035 0.38657
vt 0.12889 0.40038
vt 0.31470 0.93972
vt 0.06583 0.76679
vt 0.79799 0.94502
vt 0.79152 0.94558
vt 0.78106 0.94469
vt 0.29932 0.94438
vt 0.29877 0.94185
vt 0.97789 0.33981
vt 0.30924 0.94041
vt 0.01927 0.95307
vt 0.23040 0.98905
vt 0.22053 0.98992
vt 0.21997 0.98864
vt 0.98590 0.52419
vt 0.98738 0.53446
vt 0.97870 0.53446
vt 0.97921 0.52390
vt 0.98594 0.06091
vt 0.98594 0.07176
vt 0.98214 0.06212
vt 0.21278 0.90897
vt 0.18896 0.89877
vt 0.21278 0.89907
vt 0.21061 0.90971
vt 0.18772 0.90878
vt 0.06584 0.74069
vt 0.07271 0.74086
vt 0.55811 0.01436
vt 0.55811 0.00459
vt 0.56508 0.00484
vt 0.00595 0.94618
vt 0.07278 0.76619
vt 0.75100 0.00106
vt 0.75100 0.00593
vt 0.74575 0.00580
vt 0.09298 0.61992
vt 0.09298 0.59460
vt 0.10453 0.63322
vt 0.10213 0.58873
vt 0.95322 0.57692
vt 0.95432 0.56273
vt 0.95599 0.56657
vt 0.95201 0.59640
vt 0.95024 0.59430
vt 0.95176 0.58016
vt 0.96250 0.57680
vt 0.96679 0.20038
vt 0.95367 0.31565
vt 0.96448 0.30779
vt 0.96553 0.31364
vt 0.95176 0.17473
vt 0.96445 0.17885
vt 0.95873 0.18387
vt 0.55542 0.94981
vt 0.55542 0.96341
vt 0.54981 0.95430
vt 0.94373 0.15770
vt 0.94373 0.16840
vt 0.94066 0.15280
vt 0.23077 0.00964
vt 0.23202 0.00500
vt 0.23292 0.02094
vt 0.87626 0.92556
vt 0.86001 0.91376
vt 0.88712 0.90985
vt 0.29214 0.95301
vt 0.28986 0.94892
vt 0.29191 0.93727
vt 0.54928 0.96890
vt 0.54928 0.95629
vt 0.55545 0.96639
vt 0.92392 0.94416
vt 0.93593 0.95288
vt 0.92494 0.95310
vt 0.93450 0.29918
vt 0.93435 0.29252
vt 0.94246 0.28784
vt 0.82026 0.94793
vt 0.82449 0.94428
vt 0.83537 0.94275
vt 0.05546 0.93901
vt 0.07172 0.93870
vt 0.06027 0.94178
vt 0.61657 0.94028
vt 0.61766 0.93029
vt 0.62666 0.93029
vt 0.96662 0.86292
vt 0.97253 0.85447
vt 0.97237 0.86722
vt 0.94211 0.29893
vt 0.62646 0.93912
vt 0.82205 0.93579
vt 0.82082 0.93437
vt 0.62159 0.94070
vt 0.93506 0.21657
vt 0.94100 0.21667
vt 0.94196 0.22763
vt 0.93435 0.22751
vt 0.21978 0.01116
vt 0.94143 0.28187
vt 0.95685 0.29123
vt 0.95748 0.28256
vt 0.95836 0.28267
vt 0.62682 0.94097
vt 0.94109 0.23380
vt 0.93459 0.23337
vt 0.62550 0.94702
vt 0.62212 0.94686
vt 0.95410 0.15290
vt 0.95401 0.15685
vt 0.27896 0.95150
vt 0.27893 0.94764
vt 0.95018 0.94827
vt 0.95549 0.95198
vt 0.94149 0.94845
vt 0.21899 0.00802
vt 0.88307 0.02901
vt 0.88417 0.04481
vt 0.86346 0.02970
vt 0.95693 0.27635
vt 0.95627 0.64390
vt 0.95662 0.65260
vt 0.95337 0.65378
vt 0.99695 0.45238
vt 0.99675 0.45746
vt 0.99158 0.45885
vt 0.81750 0.93526
vt 0.04585 0.88124
vt 0.03568 0.87308
vt 0.04621 0.87614
vt 0.88612 0.37155
vt 0.88253 0.37078
vt 0.88856 0.36632
vt 0.05822 0.95132
vt 0.88240 0.36575
vt 0.88773 0.36532
vt 0.99832 0.17563
vt 0.99496 0.16981
vt 0.99832 0.17022
vt 0.03692 0.85701
vt 0.03245 0.87612
vt 0.94027 0.95170
vt 0.47394 0.99510
vt 0.47520 0.99854
vt 0.47393 0.99942
vt 0.99168 0.45266
vt 0.05184 0.87776
vt 0.05066 0.88414
vt 0.98966 0.66961
vt 0.98966 0.66289
vt 0.99587 0.66905
vt 0.62698 0.99557
vt 0.63178 0.99557
vt 0.63187 0.99944
vt 0.21247 0.00606
vt 0.21378 0.01199
vt 0.48184 0.99155
vt 0.48724 0.99179
vt 0.48724 0.99798
vt 0.06253 0.95157
vt 0.95026 0.63899
vt 0.95697 0.63916
vt 0.55833 0.92559
vt 0.55833 0.91032
vt 0.57833 0.92470
vt 0.60792 0.95390
vt 0.59208 0.95390
vt 0.59221 0.95283
vt 0.03304 0.87702
vt 0.88679 0.37801
vt 0.88955 0.38330
vt 0.88768 0.38979
vt 0.61305 0.91614
vt 0.60569 0.91742
vt 0.60655 0.91614
vt 0.62487 0.91586
vt 0.60616 0.93002
vt 0.62524 0.92930
vt 0.48248 0.99711
vt 0.92436 0.99309
vt 0.92553 0.99632
vt 0.92434 0.99793
vt 0.66679 0.95701
vt 0.65352 0.95701
vt 0.66717 0.94179
vt 0.65380 0.94175
vt 0.57504 0.94095
vt 0.57504 0.95391
vt 0.56043 0.94146
vt 0.55930 0.95334
vt 0.55913 0.93985
vt 0.68454 0.04954
vt 0.70150 0.06975
vt 0.68559 0.08463
vt 0.95056 0.08406
vt 0.93473 0.08291
vt 0.93617 0.08152
vt 0.99711 0.00504
vt 0.99840 0.00502
vt 0.99840 0.01011
vt 0.99440 0.17505
vt 0.48781 0.86217
vt 0.48862 0.88825
vt 0.48345 0.88825
vt 0.99601 0.13459
vt 0.99601 0.14110
vt 0.98953 0.13431
vt 0.98953 0.14150
vt 0.99566 0.66256
vt 0.21789 0.00510
vt 0.48437 0.86188
vt 0.99741 0.01044
vt 0.45578 0.17249
vt 0.45666 0.12726
vt 0.95027 0.65342
vt 0.01429 0.00328
vt 0.01484 0.00121
vt 0.01636 0.00321
vt 0.93507 0.08456
vt 0.93638 0.41118
vt 0.94177 0.41071
vt 0.93632 0.42819
vt 0.94248 0.42814
vt 0.00907 0.00121
vt 0.95365 0.46733
vt 0.95608 0.46796
vt 0.95552 0.47433
vt 0.99764 0.92277
vt 0.99937 0.92810
vt 0.99769 0.92798
vt 0.99370 0.17583
vt 0.95479 0.48279
vt 0.16242 0.01193
vt 0.16226 0.02938
vt 0.16157 0.01676
vt 0.84918 0.68399
vt 0.84754 0.68036
vt 0.84999 0.67454
vt 0.84642 0.64229
vt 0.85279 0.62236
vt 0.86173 0.61556
vt 0.85372 0.65648
vt 0.84751 0.65469
vt 0.85144 0.65822
vt 0.84850 0.66322
vt 0.85153 0.61736
vt 0.83802 0.65031
vt 0.83553 0.64245
vt 0.85932 0.69642
vt 0.85220 0.70065
vt 0.99622 0.41030
vt 0.99028 0.41082
vt 0.99635 0.40414
vt 0.34299 0.86664
vt 0.34265 0.87413
vt 0.31225 0.87413
vt 0.69161 0.99281
vt 0.68794 0.99787
vt 0.68842 0.99116
vt 0.04599 0.12303
vt 0.04547 0.08894
vt 0.06516 0.08894
vt 0.89565 0.38415
vt 0.31140 0.98740
vt 0.31140 0.98068
vt 0.31204 0.98310
vt 0.15650 0.01130
vt 0.99019 0.40433
vt 0.11976 0.96911
vt 0.12309 0.96821
vt 0.12313 0.97894
vt 0.15378 0.01591
vt 0.31280 0.86982
vt 0.12041 0.97942
vt 0.70348 0.99729
vt 0.70500 0.99513
vt 0.70486 0.99938
vt 0.17301 0.97266
vt 0.17087 0.97853
vt 0.17063 0.97010
vt 0.30657 0.97998
vt 0.29558 0.97983
vt 0.29492 0.97236
vt 0.15385 0.00753
vt 0.44776 0.17190
vt 0.30636 0.97214
vt 0.31088 0.86602
vt 0.00224 0.94703
vt 0.00475 0.94622
vt 0.00367 0.94954
vt 0.28127 0.86462
vt 0.27743 0.84407
vt 0.28568 0.84261
vt 0.28828 0.85375
vt 0.31192 0.86449
vt 0.31982 0.84770
vt 0.32138 0.85013
vt 0.32407 0.86455
vt 0.98578 0.36320
vt 0.99381 0.36320
vt 0.98574 0.36597
vt 0.99363 0.36554
vt 0.17331 0.39235
vt 0.17356 0.38203
vt 0.20574 0.35095
vt 0.06525 0.11058
vt 0.05401 0.12040
vt 0.90450 0.50988
vt 0.91533 0.50988
vt 0.89590 0.51257
vt 0.95669 0.26083
vt 0.95703 0.24590
vt 0.95736 0.25312
vt 0.55888 0.89541
vt 0.54427 0.89669
vt 0.55335 0.88236
vt 0.95753 0.24760
vt 0.54325 0.88901
vt 0.53190 0.88255
vt 0.54480 0.88252
vt 0.19432 0.83578
vt 0.18530 0.84765
vt 0.18309 0.82109
vt 0.18333 0.80658
vt 0.23538 0.00641
vt 0.24969 0.00509
vt 0.23860 0.01200
vt 0.23522 0.00919
vt 0.24947 0.01061
vt 0.91558 0.51193
vt 0.24964 0.01236
vt 0.64391 0.01075
vt 0.64103 0.00970
vt 0.66265 0.01020
vt 0.23510 0.01225
vt 0.66178 0.01673
vt 0.64448 0.01655
vt 0.66271 0.01305
vt 0.90421 0.27166
vt 0.90276 0.27670
vt 0.89489 0.27336
vt 0.88282 0.26880
vt 0.89352 0.27150
vt 0.89354 0.26844
vt 0.93624 0.33971
vt 0.94256 0.33970
vt 0.94256 0.35700
vt 0.21461 0.81500
vt 0.40829 0.02104
vt 0.41412 0.02123
vt 0.41096 0.03300
vt 0.46190 0.01138
vt 0.46190 0.01006
vt 0.47422 0.01134
vt 0.41436 0.02754
vt 0.20573 0.79443
vt 0.19240 0.79221
vt 0.93633 0.35706
vt 0.94147 0.51688
vt 0.94147 0.53400
vt 0.93434 0.51638
vt 0.93448 0.53373
vt 0.19074 0.78671
vt 0.20241 0.78477
vt 0.42132 0.02831
vt 0.22028 0.82324
vt 0.23024 0.81573
vt 0.23586 0.82979
vt 0.39718 0.03429
vt 0.39714 0.02103
vt 0.17633 0.34979
vt 0.42080 0.03338
vt 0.48523 0.01042
vt 0.11291 0.95277
vt 0.11801 0.95277
vt 0.11306 0.96644
vt 0.89303 0.96585
vt 0.87936 0.96585
vt 0.89321 0.95601
vt 0.87964 0.95535
vt 0.96584 0.88236
vt 0.96584 0.89620
vt 0.96384 0.89579
vt 0.41009 0.03483
vt 0.96699 0.65281
vt 0.95770 0.63946
vt 0.96699 0.63989
vt 0.95801 0.65243
vt 0.95713 0.46759
vt 0.95794 0.46649
vt 0.97005 0.46649
vt 0.21543 0.80472
vt 0.95732 0.46258
vt 0.10945 0.87144
vt 0.10190 0.86596
vt 0.10554 0.86753
vt 0.71607 0.33588
vt 0.71229 0.34281
vt 0.70795 0.34532
vt 0.46101 0.96374
vt 0.47258 0.96750
vt 0.45809 0.97147
vt 0.90397 0.61094
vt 0.90442 0.58856
vt 0.90940 0.59603
vt 0.90950 0.58863
vt 0.13301 0.86957
vt 0.11055 0.87416
vt 0.11063 0.87021
vt 0.21481 0.79592
vt 0.63871 0.91578
vt 0.62758 0.93110
vt 0.62612 0.91734
vt 0.97426 0.00099
vt 0.97566 0.00001
vt 0.97835 0.00097
vt 0.75660 0.00167
vt 0.75660 0.00576
vt 0.75163 0.00274
vt 0.46954 0.97541
vt 0.10260 0.87419
vt 0.71604 0.33873
vt 0.89780 0.73719
vt 0.90170 0.73011
vt 0.90086 0.73746
vt 0.89899 0.71342
vt 0.13351 0.87179
vt 0.75185 0.00581
vt 0.05326 0.61866
vt 0.05243 0.64173
vt 0.04106 0.64073
vt 0.04887 0.90602
vt 0.04062 0.90851
vt 0.02507 0.90577
vt 0.04974 0.91069
vt 0.04112 0.91047
vt 0.69898 0.34595
vt 0.05107 0.82320
vt 0.05107 0.79076
vt 0.05616 0.80650
vt 0.65039 0.33065
vt 0.04093 0.61014
vt 0.05309 0.61071
vt 0.04001 0.61767
vt 0.00020 0.07186
vt 0.00216 0.08076
vt 0.00020 0.08025
vt 0.00229 0.07290
vt 0.98210 0.31480
vt 0.98997 0.31224
vt 0.98983 0.31519
vt 0.72406 0.32687
vt 0.58173 0.27844
vt 0.58489 0.28066
vt 0.56410 0.27841
vt 0.55168 0.27897
vt 0.60164 0.27984
vt 0.61506 0.27974
vt 0.61689 0.28119
vt 0.72467 0.33523
vt 0.44758 0.16117
vt 0.20192 0.08290
vt 0.20192 0.12258
vt 0.18910 0.08894
vt 0.20323 0.03601
vt 0.18343 0.04723
vt 0.18308 0.03777
vt 0.90724 0.44720
vt 0.90724 0.42612
vt 0.91571 0.43066
vt 0.21642 0.04704
vt 0.21475 0.03556
vt 0.53255 0.38613
vt 0.57023 0.36534
vt 0.56544 0.39810
vt 0.58542 0.36539
vt 0.54866 0.36517
vt 0.52425 0.36524
vt 0.51116 0.38450
vt 0.50875 0.38446
vt 0.50784 0.36590
vt 0.58358 0.39833
vt 0.87912 0.92680
vt 0.89571 0.93125
vt 0.87685 0.93255
vt 0.56630 0.40141
vt 0.99582 0.37219
vt 0.99740 0.37394
vt 0.99412 0.37296
vt 0.93696 0.81086
vt 0.93535 0.81179
vt 0.93659 0.79369
vt 0.56035 0.89332
vt 0.57262 0.89148
vt 0.57262 0.89786
vt 0.07929 0.96965
vt 0.06934 0.97705
vt 0.07293 0.96920
vt 0.82230 0.96100
vt 0.81901 0.95022
vt 0.82638 0.94723
vt 0.29445 0.93734
vt 0.31054 0.93832
vt 0.29623 0.94116
vt 0.91365 0.50550
vt 0.89333 0.51210
vt 0.89966 0.49887
vt 0.32095 0.93935
vt 0.30986 0.93739
vt 0.32605 0.93728
vt 0.11982 0.91077
vt 0.14003 0.91047
vt 0.12388 0.91418
vt 0.94351 0.85843
vt 0.94351 0.86880
vt 0.93555 0.85840
vt 0.57839 0.89979
vt 0.57608 0.90127
vt 0.93423 0.87519
vt 0.93380 0.86814
vt 0.94149 0.87527
vt 0.95767 0.19324
vt 0.97051 0.19324
vt 0.96490 0.19978
vt 0.29465 0.95094
vt 0.94225 0.86925
vt 0.55883 0.90643
vt 0.32340 0.95000
vt 0.31993 0.94967
vt 0.56754 0.90670
vt 0.06968 0.96559
vt 0.21031 0.35369
vt 0.20805 0.39672
vt 0.19219 0.40392
vt 0.12418 0.00388
vt 0.12053 0.00984
vt 0.12000 0.00352
vt 0.96794 0.03839
vt 0.96373 0.02545
vt 0.96553 0.02593
vt 0.99644 0.34799
vt 0.98910 0.34786
vt 0.98910 0.34179
vt 0.68878 0.99003
vt 0.68845 0.98369
vt 0.69060 0.99037
vt 0.57893 0.90452
vt 0.99996 0.00741
vt 0.99854 0.00306
vt 0.99971 0.00322
vt 0.12009 0.92394
vt 0.11986 0.01836
vt 0.12453 0.01843
vt 0.99468 0.62366
vt 0.98924 0.62821
vt 0.98927 0.62366
vt 0.95375 0.09167
vt 0.95449 0.10018
vt 0.95209 0.08486
vt 0.95174 0.10003
vt 0.12366 0.92393
vt 0.95597 0.33981
vt 0.94366 0.35447
vt 0.94328 0.33981
vt 0.95512 0.35496
vt 0.68328 0.83938
vt 0.67791 0.83046
vt 0.68788 0.83497
vt 0.69685 0.06064
vt 0.71558 0.06376
vt 0.70514 0.06523
vt 0.71457 0.08266
vt 0.71366 0.08168
vt 0.71621 0.07929
vt 0.70008 0.05832
vt 0.99630 0.62794
vt 0.90738 0.03054
vt 0.92554 0.03054
vt 0.90757 0.05076
vt 0.70226 0.06735
vt 0.57831 0.90733
vt 0.68656 0.83047
vt 0.93589 0.92454
vt 0.92272 0.92454
vt 0.93614 0.90638
vt 0.92314 0.90665
vt 0.72010 0.07884
vt 0.91472 0.93241
vt 0.91555 0.93158
vt 0.91445 0.94696
vt 0.72003 0.07841
vt 0.92096 0.93136
vt 0.92011 0.94745
vt 0.58458 0.90503
vt 0.99583 0.34178
vt 0.58482 0.90752
vt 0.71135 0.06764
vt 0.69023 0.82600
vt 0.70322 0.82318
vt 0.70268 0.82097
vt 0.95663 0.90340
vt 0.96293 0.90452
vt 0.95627 0.91724
vt 0.96245 0.91804
vt 0.97380 0.15748
vt 0.97380 0.14584
vt 0.98031 0.15732
vt 0.97926 0.14576
vt 0.97241 0.10454
vt 0.96978 0.10205
vt 0.97222 0.09294
vt 0.50062 0.86593
vt 0.48985 0.85608
vt 0.50062 0.85649
vt 0.96973 0.10557
vt 0.99994 0.91057
vt 0.99994 0.91603
vt 0.99707 0.91038
vt 0.68960 0.82449
vt 0.67045 0.82946
vt 0.99698 0.59401
vt 0.99126 0.59351
vt 0.99632 0.58764
vt 0.99753 0.91605
vt 0.66587 0.83718
vt 0.70327 0.04901
vt 0.80020 0.26034
vt 0.84575 0.26034
vt 0.49016 0.86604
vt 0.65961 0.83084
vt 0.50624 0.88606
vt 0.49003 0.88580
vt 0.50099 0.86943
vt 0.50666 0.86897
vt 0.99105 0.58754
vt 0.79586 0.14426
vt 0.78268 0.14013
vt 0.78424 0.13680
vt 0.79394 0.13905
vt 0.81360 0.13710
vt 0.81455 0.14463
vt 0.02572 0.91565
vt 0.02520 0.92160
vt 0.00570 0.91481
vt 0.00599 0.92133
vt 0.63751 0.83307
vt 0.66288 0.82338
vt 0.78295 0.14990
vt 0.79498 0.14824
vt 0.91901 0.46704
vt 0.90695 0.47910
vt 0.91821 0.45833
vt 0.64293 0.82481
vt 0.63785 0.83007
vt 0.31970 0.07134
vt 0.33336 0.07086
vt 0.32031 0.07362
vt 0.94007 0.83048
vt 0.93976 0.84669
vt 0.93225 0.84604
vt 0.93253 0.82962
vt 0.72338 0.03244
vt 0.74756 0.03244
vt 0.72287 0.04038
vt 0.93683 0.92264
vt 0.93683 0.90622
vt 0.95294 0.92194
vt 0.95264 0.90579
vt 0.80349 0.15686
vt 0.79675 0.15797
vt 0.21463 0.93627
vt 0.22677 0.93676
vt 0.22187 0.93755
vt 0.22237 0.94039
vt 0.22019 0.95250
vt 0.97493 0.29580
vt 0.97622 0.29933
vt 0.97467 0.30811
vt 0.85965 0.21554
vt 0.63344 0.82419
vt 0.64332 0.01299
vt 0.63410 0.02334
vt 0.63245 0.02227
vt 0.63467 0.01525
vt 0.63761 0.01125
vt 0.63244 0.01342
vt 0.62959 0.01716
vt 0.97645 0.30818
vt 0.81990 0.00600
vt 0.81990 0.01694
vt 0.79806 0.01651
vt 0.07027 0.00122
vt 0.06938 0.00277
vt 0.06239 0.00160
vt 0.81704 0.15615
vt 0.62884 0.01235
vt 0.62709 0.02057
vt 0.61803 0.01680
vt 0.62028 0.01008
vt 0.91838 0.47838
vt 0.54967 0.95301
vt 0.54967 0.93826
vt 0.55706 0.94467
vt 0.30896 0.95692
vt 0.31049 0.95621
vt 0.31031 0.96798
vt 0.83059 0.14292
vt 0.83179 0.15440
vt 0.90643 0.45806
vt 0.03137 0.75977
vt 0.03137 0.76965
vt 0.02544 0.76046
vt 0.75244 0.88583
vt 0.72437 0.88677
vt 0.74290 0.87550
vt 0.34445 0.07235
vt 0.98319 0.81091
vt 0.98319 0.79956
vt 0.98389 0.80495
vt 0.75233 0.87451
vt 0.46376 0.93078
vt 0.46377 0.94694
vt 0.45486 0.94139
vt 0.63646 0.82144
vt 0.00173 0.36327
vt 0.00247 0.37176
vt 0.00053 0.36270
vt 0.45523 0.94706
vt 0.00002 0.37247
vt 0.51314 0.92868
vt 0.51510 0.93393
vt 0.51266 0.93410
vt 0.99247 0.06743
vt 0.98678 0.06062
vt 0.99247 0.06053
vt 0.98659 0.06865
vt 0.85941 0.26030
vt 0.51226 0.91877
vt 0.51276 0.91628
vt 0.51393 0.92097
vt 0.99675 0.67626
vt 0.99518 0.67563
vt 0.99783 0.67486
vt 0.98842 0.29470
vt 0.97966 0.29470
vt 0.98078 0.29333
vt 0.52164 0.93280
vt 0.45144 0.94078
vt 0.45222 0.93024
vt 0.74158 0.87335
vt 0.87721 0.57640
vt 0.87385 0.56293
vt 0.87638 0.56249
vt 0.87683 0.55567
vt 0.12322 0.71959
vt 0.12467 0.67393
vt 0.13165 0.67393
vt 0.12999 0.71865
vt 0.77299 0.89251
vt 0.86688 0.58446
vt 0.86600 0.55588
vt 0.86711 0.59197
vt 0.87764 0.59124
vt 0.75544 0.04031
vt 0.82809 0.63771
vt 0.81214 0.63415
vt 0.82397 0.63469
vt 0.72287 0.87233
vt 0.52166 0.91672
vt 0.13452 0.67321
vt 0.12418 0.62757
vt 0.13452 0.62753
vt 0.66929 0.98216
vt 0.66974 0.98478
vt 0.66841 0.98406
vt 0.78549 0.88680
vt 0.81868 0.62944
vt 0.82107 0.63008
vt 0.81568 0.63313
vt 0.73290 0.99483
vt 0.73442 0.99265
vt 0.73443 0.99787
vt 0.34396 0.06335
vt 0.33364 0.06390
vt 0.52114 0.93397
vt 0.66855 0.98891
vt 0.81259 0.64351
vt 0.78468 0.88901
vt 0.81705 0.64500
vt 0.81669 0.65449
vt 0.99796 0.18448
vt 0.99456 0.18448
vt 0.99477 0.18160
vt 0.04222 0.77061
vt 0.03744 0.78253
vt 0.05189 0.01856
vt 0.06062 0.02033
vt 0.05987 0.02882
vt 0.03664 0.02834
vt 0.82708 0.63320
vt 0.99468 0.09831
vt 0.99506 0.09544
vt 0.99634 0.09533
vt 0.82908 0.63370
vt 0.04277 0.78124
vt 0.81549 0.69119
vt 0.99458 0.23159
vt 0.99610 0.23286
vt 0.99515 0.23375
vt 0.99613 0.10268
vt 0.65168 0.99867
vt 0.65006 0.99980
vt 0.65031 0.99521
vt 0.99392 0.83933
vt 0.99091 0.84152
vt 0.99233 0.83760
vt 0.82730 0.69061
vt 0.12383 0.67293
vt 0.99844 0.23265
vt 0.99040 0.83789
vt 0.94247 0.81277
vt 0.94247 0.82885
vt 0.92538 0.81732
vt 0.63786 0.00548
vt 0.63661 0.01014
vt 0.63468 0.00408
vt 0.14928 0.41312
vt 0.15298 0.41333
vt 0.15146 0.41428
vt 0.10198 0.81378
vt 0.09989 0.77126
vt 0.10683 0.79570
vt 0.10588 0.77847
vt 0.16440 0.37036
vt 0.10759 0.81378
vt 0.34483 0.06104
vt 0.10687 0.77152
vt 0.18871 0.42309
vt 0.19235 0.42257
vt 0.18601 0.43607
vt 0.16634 0.37078
vt 0.16633 0.39197
vt 0.15839 0.41492
vt 0.17341 0.37221
vt 0.63817 0.00741
vt 0.18382 0.40369
vt 0.18128 0.41860
vt 0.16800 0.37012
vt 0.61790 0.22017
vt 0.63887 0.22098
vt 0.62410 0.22637
vt 0.01900 0.98039
vt 0.02450 0.97322
vt 0.02480 0.98039
vt 0.60417 0.22541
vt 0.59362 0.21955
vt 0.98793 0.83982
vt 0.98613 0.84220
vt 0.52326 0.98085
vt 0.51593 0.98020
vt 0.52796 0.97975
vt 0.36846 0.98313
vt 0.37005 0.98540
vt 0.36311 0.98432
vt 0.17667 0.40198
vt 0.02438 0.94080
vt 0.02605 0.93292
vt 0.02616 0.94096
vt 0.79036 0.87899
vt 0.01876 0.94036
vt 0.01899 0.92936
vt 0.35611 0.06144
vt 0.93044 0.81255
vt 0.99639 0.88782
vt 0.99463 0.88814
vt 0.99511 0.88044
vt 0.36982 0.97569
vt 0.78571 0.89202
vt 0.79338 0.89907
vt 0.02395 0.78927
vt 0.98392 0.20204
vt 0.98392 0.20764
vt 0.97270 0.20245
vt 0.97269 0.20793
vt 0.92436 0.82876
vt 0.03855 0.78966
vt 0.59403 0.23055
vt 0.01311 0.97330
vt 0.79319 0.89450
vt 0.62443 0.23145
vt 0.92115 0.66952
vt 0.92821 0.67003
vt 0.92919 0.68123
vt 0.63465 0.01238
vt 0.18594 0.39910
vt 0.92822 0.43076
vt 0.92822 0.41163
vt 0.93313 0.41556
vt 0.83722 0.62671
vt 0.84706 0.60856
vt 0.84404 0.62345
vt 0.79225 0.87958
vt 0.04837 0.78158
vt 0.98842 0.64458
vt 0.99449 0.64620
vt 0.98755 0.64670
vt 0.35557 0.07309
vt 0.96291 0.97129
vt 0.95127 0.97884
vt 0.95167 0.97129
vt 0.80566 0.92073
vt 0.81081 0.90149
vt 0.81065 0.92145
vt 0.80565 0.90153
vt 0.91162 0.65414
vt 0.91129 0.63414
vt 0.91743 0.63468
vt 0.75876 0.98167
vt 0.76250 0.98816
vt 0.75869 0.99089
vt 0.03283 0.04284
vt 0.02396 0.07015
vt 0.02203 0.03958
vt 0.63870 0.22816
vt 0.91763 0.65366
vt 0.04817 0.78986
vt 0.51053 0.97047
vt 0.50544 0.96957
vt 0.51082 0.96504
vt 0.98859 0.60219
vt 0.99564 0.60281
vt 0.98867 0.60778
vt 0.83083 0.98695
vt 0.82610 0.99345
vt 0.81955 0.98660
vt 0.19406 0.43415
vt 0.64015 0.91558
vt 0.65933 0.91475
vt 0.66010 0.92365
vt 0.19824 0.44276
vt 0.18654 0.40267
vt 0.60350 0.23081
vt 0.99173 0.79235
vt 0.98571 0.79192
vt 0.99024 0.78825
vt 0.19139 0.97025
vt 0.18634 0.97036
vt 0.18589 0.96529
vt 0.35712 0.91179
vt 0.36508 0.91179
vt 0.35763 0.93110
vt 0.99595 0.60766
vt 0.04339 0.25322
vt 0.03446 0.24614
vt 0.04421 0.25174
vt 0.03260 0.24628
vt 0.02213 0.23728
vt 0.02866 0.22808
vt 0.91724 0.05656
vt 0.93313 0.05656
vt 0.91767 0.05915
vt 0.20039 0.45028
vt 0.64013 0.22905
vt 0.99184 0.78867
vt 0.19121 0.96132
vt 0.96344 0.97855
vt 0.99385 0.72822
vt 0.99227 0.73152
vt 0.98769 0.73536
vt 0.99382 0.73113
vt 0.92031 0.68337
vt 0.94241 0.33910
vt 0.93590 0.33607
vt 0.94230 0.32175
vt 0.29379 0.95287
vt 0.29538 0.95282
vt 0.29538 0.95645
vt 0.63782 0.23180
vt 0.93048 0.68809
vt 0.99174 0.95320
vt 0.99429 0.95385
vt 0.99176 0.96081
vt 0.30821 0.96130
vt 0.29434 0.96189
vt 0.30755 0.95647
vt 0.15055 0.00140
vt 0.14470 0.00191
vt 0.14222 0.00108
vt 0.29234 0.91747
vt 0.27950 0.91859
vt 0.29256 0.91582
vt 0.27154 0.91615
vt 0.65525 0.23232
vt 0.98769 0.72833
vt 0.91291 0.68773
vt 0.95860 0.23067
vt 0.96594 0.23134
vt 0.96594 0.24414
vt 0.98255 0.44662
vt 0.98255 0.43715
vt 0.98995 0.44714
vt 0.95825 0.24406
vt 0.99001 0.43772
vt 0.90110 0.34845
vt 0.88244 0.36201
vt 0.88375 0.34671
vt 0.98595 0.78396
vt 0.98948 0.78371
vt 0.28216 0.00533
vt 0.25949 0.00533
vt 0.26682 0.00464
vt 0.84918 0.62430
vt 0.84854 0.63200
vt 0.90663 0.03106
vt 0.89789 0.05372
vt 0.89736 0.03106
vt 0.17819 0.96081
vt 0.17821 0.96543
vt 0.36465 0.93076
vt 0.50572 0.96156
vt 0.10088 0.41418
vt 0.09233 0.41493
vt 0.09709 0.40435
vt 0.99146 0.73612
vt 0.09947 0.42487
vt 0.09527 0.42621
vt 0.09300 0.41775
vt 0.10168 0.40518
vt 0.01162 0.92858
vt 0.02629 0.92338
vt 0.91907 0.92260
vt 0.91870 0.92611
vt 0.89938 0.92611
vt 0.51830 0.96510
vt 0.09380 0.41598
vt 0.99373 0.96102
vt 0.89947 0.92227
vt 0.64019 0.92359
vt 0.84921 0.62196
vt 0.51850 0.96070
vt 0.80760 0.03515
vt 0.81040 0.06859
vt 0.80589 0.05468
vt 0.09886 0.41547
vt 0.92544 0.70921
vt 0.91241 0.70921
vt 0.92549 0.68929
vt 0.91268 0.68950
vt 0.69654 0.92731
vt 0.68721 0.92795
vt 0.68651 0.91993
vt 0.80108 0.06780
vt 0.80129 0.05491
vt 0.55202 0.74708
vt 0.55110 0.74430
vt 0.56916 0.74275
vt 0.90607 0.05373
vt 0.55904 0.76275
vt 0.60608 0.74635
vt 0.69614 0.92010
vt 0.09246 0.37111
vt 0.09624 0.44590
vt 0.09292 0.45935
vt 0.10086 0.44612
vt 0.10109 0.45892
vt 0.15314 0.10886
vt 0.19473 0.10886
vt 0.19549 0.13153
vt 0.53938 0.80149
vt 0.55601 0.79137
vt 0.62786 0.80162
vt 0.55658 0.80538
vt 0.53822 0.80459
vt 0.91365 0.08585
vt 0.90705 0.10617
vt 0.89583 0.08835
vt 0.68705 0.93792
vt 0.84997 0.21497
vt 0.76872 0.88817
vt 0.77138 0.88973
vt 0.33296 0.44557
vt 0.32712 0.44368
vt 0.32317 0.66809
vt 0.27259 0.95281
vt 0.27771 0.95902
vt 0.28701 0.66687
vt 0.83886 0.96679
vt 0.30574 0.73203
vt 0.31972 0.73214
vt 0.97161 0.16596
vt 0.28998 0.73177
vt 0.15041 0.98720
vt 0.15503 0.98936
vt 0.14925 0.98871
vt 0.14485 0.98921
vt 0.15540 0.98794
vt 0.14493 0.98812
vt 0.84146 0.98780
vt 0.84183 0.98677
vt 0.84183 0.98979
vt 0.32087 0.44017
vt 0.99787 0.52899
vt 0.99465 0.52899
vt 0.99666 0.52737
vt 0.96877 0.17104
vt 0.41788 0.95434
vt 0.41504 0.95537
vt 0.41511 0.94139
vt 0.95323 0.36219
vt 0.95500 0.37222
vt 0.95355 0.37795
vt 0.95108 0.00254
vt 0.95108 0.00444
vt 0.94867 0.00409
vt 0.87658 0.99864
vt 0.87656 0.99427
vt 0.87906 0.99361
vt 0.83253 0.97037
vt 0.87900 0.99891
vt 0.83109 0.96701
vt 0.33521 0.67843
vt 0.36582 0.74773
vt 0.36051 0.74795
vt 0.33384 0.74715
vt 0.39796 0.74745
vt 0.39982 0.67649
vt 0.49744 0.81064
vt 0.55186 0.81985
vt 0.53043 0.82265
vt 0.51097 0.27210
vt 0.51105 0.28310
vt 0.49540 0.28310
vt 0.47348 0.27094
vt 0.44655 0.28140
vt 0.44680 0.27051
vt 0.56840 0.81211
vt 0.27742 0.94764
vt 0.74660 0.98285
vt 0.74366 0.98038
vt 0.74661 0.97426
vt 0.94260 0.20463
vt 0.94260 0.22181
vt 0.94119 0.20819
vt 0.68549 0.31588
vt 0.72308 0.32595
vt 0.65439 0.32851
vt 0.46993 0.28203
vt 0.97082 0.15923
vt 0.08603 0.66329
vt 0.09635 0.63155
vt 0.12344 0.67571
vt 0.27253 0.94787
vt 0.82622 0.96785
vt 0.96889 0.15966
vt 0.82548 0.96998
vt 0.47885 0.27102
vt 0.47863 0.27807
vt 0.54784 0.00340
vt 0.55273 0.00309
vt 0.55292 0.00534
vt 0.56806 0.82021
vt 0.54783 0.00538
vt 0.65398 0.31762
vt 0.32740 0.93734
vt 0.34360 0.93730
vt 0.33275 0.94499
vt 0.32722 0.94235
vt 0.49743 0.82164
vt 0.47355 0.27771
vt 0.81958 0.02008
vt 0.82575 0.02329
vt 0.82352 0.02477
vt 0.83009 0.02573
vt 0.50774 0.84608
vt 0.51530 0.84619
vt 0.51326 0.84995
vt 0.19508 0.99575
vt 0.20182 0.99575
vt 0.19369 0.99627
vt 0.09567 0.03666
vt 0.09545 0.05231
vt 0.09160 0.04371
vt 0.06248 0.04387
vt 0.55215 0.84735
vt 0.55326 0.82112
vt 0.56309 0.82115
vt 0.06243 0.05262
vt 0.56204 0.85269
vt 0.53867 0.85192
vt 0.53819 0.84694
vt 0.70484 0.08938
vt 0.71458 0.08560
vt 0.71370 0.08938
vt 0.50072 0.96232
vt 0.49573 0.95521
vt 0.50072 0.95568
vt 0.77268 0.34488
vt 0.77016 0.33496
vt 0.78765 0.34888
vt 0.74748 0.34236
vt 0.78787 0.34059
vt 0.49529 0.96798
vt 0.83617 0.02677
vt 0.71036 0.08602
vt 0.53096 0.82968
vt 0.54129 0.82703
vt 0.54076 0.83026
vt 0.21533 0.90309
vt 0.21257 0.89550
vt 0.23880 0.89654
vt 0.99189 0.36250
vt 0.98467 0.36187
vt 0.99157 0.35375
vt 0.50032 0.96848
vt 0.23794 0.90350
vt 0.22839 0.90314
vt 0.09204 0.04229
vt 0.74580 0.33634
vt 0.59866 0.97140
vt 0.59984 0.97120
vt 0.59927 0.97843
vt 0.84426 0.01911
vt 0.98510 0.35371
vt 0.97455 0.80832
vt 0.97060 0.79617
vt 0.97554 0.79723
vt 0.72124 0.11402
vt 0.21716 0.91049
vt 0.21722 0.90447
vt 0.23870 0.90447
vt 0.23857 0.91035
vt 0.74237 0.34455
vt 0.76126 0.01789
vt 0.73979 0.01789
vt 0.75828 0.00655
vt 0.12528 0.00355
vt 0.13323 0.00997
vt 0.13099 0.01141
vt 0.14056 0.00383
vt 0.38140 0.91107
vt 0.35625 0.91107
vt 0.35695 0.89691
vt 0.01809 0.42285
vt 0.02295 0.41408
vt 0.03976 0.43679
vt 0.77518 0.01594
vt 0.77518 0.00552
vt 0.78840 0.01523
vt 0.78155 0.98784
vt 0.77174 0.98784
vt 0.78234 0.98694
vt 0.78238 0.97878
vt 0.77185 0.97874
vt 0.78495 0.89291
vt 0.78583 0.90393
vt 0.77514 0.90393
vt 0.79017 0.01742
vt 0.98139 0.45849
vt 0.98250 0.47031
vt 0.97161 0.46839
vt 0.97162 0.45837
vt 0.97738 0.71943
vt 0.97918 0.71963
vt 0.98490 0.72750
vt 0.04546 0.24287
vt 0.04546 0.20950
vt 0.04781 0.22529
vt 0.70741 0.07550
vt 0.73437 0.33410
vt 0.98314 0.89859
vt 0.98314 0.88745
vt 0.98494 0.88759
vt 0.72742 0.33662
vt 0.72302 0.34643
vt 0.71689 0.33715
vt 0.97670 0.73294
vt 0.73974 0.00708
vt 0.99390 0.99814
vt 0.99014 0.99936
vt 0.99098 0.99824
vt 0.75981 0.89380
vt 0.59795 0.98290
vt 0.59221 0.97237
vt 0.59795 0.97121
vt 0.02293 0.98226
vt 0.01324 0.98396
vt 0.01198 0.98162
vt 0.59207 0.98257
vt 0.33581 0.00425
vt 0.33581 0.00174
vt 0.33701 0.00354
vt 0.32968 0.98446
vt 0.33615 0.97314
vt 0.33568 0.98394
vt 0.77651 0.99564
vt 0.77651 0.99987
vt 0.77511 0.99730
vt 0.32997 0.97344
vt 0.78800 0.00567
vt 0.77943 0.32294
vt 0.78512 0.32556
vt 0.72160 0.08364
vt 0.76150 0.00769
vt 0.79134 0.32903
vt 0.31860 0.97878
vt 0.32763 0.98528
vt 0.31809 0.98463
vt 0.32471 0.97877
vt 0.32808 0.97937
vt 0.31731 0.98632
vt 0.50222 0.98293
vt 0.49030 0.98293
vt 0.50163 0.98116
vt 0.01833 0.00171
vt 0.02435 0.00278
vt 0.01705 0.00272
vt 0.15638 0.99701
vt 0.15078 0.99004
vt 0.15696 0.99045
vt 0.15100 0.99749
vt 0.76040 0.90410
vt 0.95154 0.90313
vt 0.96232 0.88839
vt 0.96296 0.90213
vt 0.99722 0.82152
vt 0.99879 0.82194
vt 0.99762 0.82736
vt 0.95125 0.88840
vt 0.90686 0.89539
vt 0.90686 0.87685
vt 0.91291 0.89871
vt 0.91309 0.87787
vt 0.90750 0.89752
vt 0.99053 0.01516
vt 0.99152 0.01673
vt 0.98525 0.01406
vt 0.79742 0.00463
vt 0.79742 0.01382
vt 0.79111 0.00492
vt 0.77132 0.98858
vt 0.78030 0.98858
vt 0.77960 0.99446
vt 0.75688 0.97249
vt 0.74739 0.97939
vt 0.74735 0.97174
vt 0.79739 0.01552
vt 0.99564 0.11132
vt 0.99638 0.10974
vt 0.99611 0.11719
vt 0.95137 0.11360
vt 0.95360 0.10096
vt 0.95266 0.11650
vt 0.99049 0.02289
vt 0.97127 0.79542
vt 0.97239 0.78263
vt 0.97586 0.79506
vt 0.03771 0.98588
vt 0.03108 0.99125
vt 0.02852 0.98575
vt 0.03788 0.99333
vt 0.99127 0.02434
vt 0.97518 0.78278
vt 0.76155 0.99122
vt 0.75974 0.99681
vt 0.75865 0.99247
vt 0.99646 0.48053
vt 0.99203 0.48156
vt 0.99203 0.47505
vt 0.98305 0.02032
vt 0.47317 0.99552
vt 0.47317 0.99999
vt 0.47047 0.99618
vt 0.99649 0.47617
vt 0.03126 0.99380
vt 0.99989 0.03581
vt 0.99662 0.03581
vt 0.10515 0.63440
vt 0.97266 0.14625
vt 0.97299 0.15846
vt 0.96865 0.15808
vt 0.33893 0.97492
vt 0.33827 0.97245
vt 0.34252 0.97466
vt 0.33041 0.97210
vt 0.34239 0.96540
vt 0.32980 0.96523
vt 0.99947 0.03002
vt 0.99687 0.03070
vt 0.02845 0.99072
vt 0.96896 0.14578
vt 0.96439 0.99758
vt 0.96027 0.99950
vt 0.96437 0.99402
vt 0.95880 0.99902
vt 0.95926 0.99407
vt 0.11518 0.62609
vt 0.10874 0.62404
vt 0.95437 0.11615
vt 0.99979 0.03360
vt 0.00445 0.61208
vt 0.00574 0.61213
vt 0.00373 0.61285
vt 0.47131 0.20086
vt 0.44622 0.20177
vt 0.41149 0.19873
vt 0.96134 0.81227
vt 0.96248 0.79919
vt 0.96285 0.81378
vt 0.91973 0.82430
vt 0.92067 0.81354
vt 0.92015 0.83434
vt 0.42720 0.20125
vt 0.39026 0.96692
vt 0.38378 0.96692
vt 0.39029 0.95378
vt 0.88415 0.98783
vt 0.88183 0.99497
vt 0.88094 0.98707
vt 0.41598 0.97618
vt 0.42114 0.98192
vt 0.41562 0.97717
vt 0.01887 0.99671
vt 0.01804 0.99572
vt 0.02532 0.99562
vt 0.42677 0.97654
vt 0.02535 0.99690
vt 0.70415 0.06749
vt 0.70382 0.10352
vt 0.69797 0.10508
vt 0.67754 0.88059
vt 0.67759 0.89206
vt 0.66627 0.89107
vt 0.68401 0.89156
vt 0.70311 0.00787
vt 0.70216 0.00730
vt 0.70269 0.00127
vt 0.68413 0.88111
vt 0.02757 0.64618
vt 0.02835 0.64631
vt 0.03381 0.65378
vt 0.34232 0.90963
vt 0.32778 0.90284
vt 0.35302 0.90354
vt 0.65747 0.88051
vt 0.65702 0.89009
vt 0.03298 0.63879
vt 0.91514 0.07868
vt 0.91423 0.07805
vt 0.91769 0.07802
vt 0.20164 0.97923
vt 0.21208 0.97923
vt 0.20186 0.98735
vt 0.90342 0.66597
vt 0.90237 0.66525
vt 0.90237 0.65746
vt 0.04017 0.64847
vt 0.90307 0.67913
vt 0.90547 0.67970
vt 0.90645 0.66849
vt 0.90710 0.65836
vt 0.91660 0.05900
vt 0.91444 0.05798
vt 0.86898 0.00081
vt 0.87150 0.00059
vt 0.86906 0.00510
vt 0.63137 0.91517
vt 0.62519 0.91228
vt 0.63644 0.91224
vt 0.05074 0.64551
vt 0.69685 0.00377
vt 0.87167 0.00540
vt 0.64663 0.91429
vt 0.64658 0.91176
vt 0.69639 0.00111
vt 0.90838 0.85411
vt 0.91266 0.85415
vt 0.91266 0.87321
vt 0.90806 0.86940
vt 0.03091 0.63124
vt 0.90779 0.87606
vt 0.19292 0.94623
vt 0.18968 0.94586
vt 0.19026 0.93923
vt 0.12635 0.51930
vt 0.15488 0.49405
vt 0.15420 0.51930
vt 0.69492 0.09376
vt 0.98810 0.12690
vt 0.98946 0.13063
vt 0.98854 0.13694
vt 0.04243 0.65704
vt 0.03243 0.66309
vt 0.21233 0.98552
vt 0.99004 0.51441
vt 0.99400 0.51441
vt 0.99251 0.51551
vt 0.69385 0.08556
vt 0.98397 0.78062
vt 0.98489 0.79122
vt 0.98318 0.79194
vt 0.04305 0.97315
vt 0.05470 0.97329
vt 0.05470 0.98146
vt 0.04335 0.98142
vt 0.21178 0.00366
vt 0.20275 0.00972
vt 0.20268 0.00366
vt 0.21166 0.01031
vt 0.92133 0.42068
vt 0.92206 0.43179
vt 0.92133 0.42756
vt 0.02563 0.61727
vt 0.03066 0.61803
vt 0.02459 0.62747
vt 0.91507 0.96604
vt 0.90374 0.96263
vt 0.91325 0.96362
vt 0.19272 0.95054
vt 0.25862 0.02212
vt 0.23648 0.02283
vt 0.23564 0.01328
vt 0.98245 0.93371
vt 0.98253 0.94559
vt 0.97308 0.94559
vt 0.24773 0.01308
vt 0.97352 0.93388
vt 0.90525 0.13938
vt 0.90565 0.12994
vt 0.91053 0.13569
vt 0.17780 0.94567
vt 0.17765 0.95014
vt 0.91870 0.95720
vt 0.91651 0.95615
vt 0.90998 0.95887
vt 0.34944 0.98650
vt 0.33987 0.98597
vt 0.34380 0.98177
vt 0.26969 0.06744
vt 0.25307 0.07369
vt 0.25909 0.06495
vt 0.91012 0.12977
vt 0.96365 0.52937
vt 0.97240 0.53782
vt 0.96425 0.53797
vt 0.90544 0.15103
vt 0.91669 0.15034
vt 0.91456 0.95812
vt 0.00003 0.38296
vt 0.00003 0.37321
vt 0.00246 0.37315
vt 0.07266 0.17936
vt 0.05995 0.16122
vt 0.08917 0.15928
vt 0.34960 0.98218
vt 0.00498 0.98073
vt 0.00373 0.97729
vt 0.01517 0.97804
vt 0.01522 0.98081
vt 0.58626 0.97162
vt 0.58829 0.98300
vt 0.58626 0.98186
vt 0.04159 0.67569
vt 0.58880 0.97180
vt 0.79329 0.98937
vt 0.78327 0.98937
vt 0.78336 0.98719
vt 0.05642 0.97329
vt 0.06378 0.97221
vt 0.91242 0.95675
vt 0.94178 0.23408
vt 0.94760 0.23411
vt 0.94760 0.24921
vt 0.94167 0.24915
vt 0.12630 0.52612
vt 0.77416 0.01692
vt 0.77123 0.00615
vt 0.77441 0.00559
vt 0.95438 0.25203
vt 0.94836 0.26712
vt 0.94909 0.25203
vt 0.77158 0.01735
vt 0.98529 0.79259
vt 0.98529 0.80392
vt 0.98379 0.79269
vt 0.12508 0.48941
vt 0.15232 0.48814
vt 0.08312 0.99525
vt 0.08215 0.99410
vt 0.08574 0.99529
vt 0.08196 0.99077
vt 0.24891 0.05913
vt 0.25374 0.05233
vt 0.96859 0.84327
vt 0.98054 0.83999
vt 0.97992 0.84327
vt 0.34306 0.97653
vt 0.97351 0.53708
vt 0.91658 0.14134
vt 0.33917 0.97559
vt 0.43069 0.98964
vt 0.43268 0.99576
vt 0.43066 0.99639
vt 0.90677 0.95695
vt 0.91614 0.13555
vt 0.26441 0.05840
vt 0.27689 0.06118
vt 0.08892 0.99083
vt 0.08912 0.99726
vt 0.11644 0.50076
vt 0.90383 0.95919
vt 0.96861 0.83952
vt 0.92185 0.44117
vt 0.55844 0.94718
vt 0.55844 0.95414
vt 0.55632 0.94716
vt 0.55638 0.95815
vt 0.03105 0.25337
vt 0.03105 0.26264
vt 0.02264 0.25387
vt 0.99830 0.32282
vt 0.99830 0.32905
vt 0.99771 0.32493
vt 0.32967 0.99053
vt 0.32967 0.99632
vt 0.32370 0.98871
vt 0.57036 0.95488
vt 0.32395 0.99609
vt 0.57036 0.95858
vt 0.92282 0.88608
vt 0.92282 0.86753
vt 0.93304 0.87866
vt 0.12945 0.48520
vt 0.13710 0.47936
vt 0.96442 0.30610
vt 0.95329 0.31418
vt 0.95469 0.30427
vt 0.69518 0.00116
vt 0.69518 0.00533
vt 0.69385 0.00123
vt 0.27244 0.05050
vt 0.28476 0.05527
vt 0.95398 0.26717
vt 0.20955 0.98951
vt 0.20899 0.98854
vt 0.21944 0.98940
vt 0.92083 0.44089
vt 0.07874 0.18651
vt 0.08825 0.17510
vt 0.00798 0.42000
vt 0.00832 0.42988
vt 0.00016 0.42988
vt 0.95091 0.72591
vt 0.95265 0.74239
vt 0.94716 0.72728
vt 0.95290 0.72664
vt 0.60064 0.99210
vt 0.60088 0.98775
vt 0.60984 0.98775
vt 0.94685 0.74242
vt 0.00047 0.42000
vt 0.60964 0.99230
vt 0.83699 0.88123
vt 0.83891 0.88072
vt 0.84129 0.88051
vt 0.93503 0.02428
vt 0.93395 0.01678
vt 0.93497 0.01651
vt 0.93330 0.02489
vt 0.84059 0.87978
vt 0.15377 0.04209
vt 0.15875 0.04589
vt 0.14568 0.04502
vt 0.82124 0.88111
vt 0.82050 0.86463
vt 0.99192 0.65683
vt 0.98621 0.65683
vt 0.99235 0.64857
vt 0.95500 0.08589
vt 0.95816 0.08773
vt 0.95483 0.08784
vt 0.50091 0.95450
vt 0.48597 0.95450
vt 0.50106 0.95020
vt 0.85428 0.21440
vt 0.85327 0.20484
vt 0.85726 0.21268
vt 0.95143 0.79319
vt 0.94932 0.79337
vt 0.95038 0.78449
vt 0.98321 0.46508
vt 0.99072 0.47457
vt 0.98321 0.47439
vt 0.00243 0.96062
vt 0.00243 0.97055
vt 0.00157 0.96983
vt 0.08624 0.19633
vt 0.03173 0.28193
vt 0.07612 0.19481
vt 0.07625 0.19589
vt 0.07722 0.19413
vt 0.54203 0.96409
vt 0.54090 0.97189
vt 0.53424 0.97307
vt 0.93898 0.27730
vt 0.93834 0.26995
vt 0.94719 0.27290
vt 0.50937 0.98458
vt 0.51407 0.98314
vt 0.51070 0.99192
vt 0.84299 0.87751
vt 0.16190 0.03707
vt 0.17385 0.04266
vt 0.16017 0.04336
vt 0.98654 0.64841
vt 0.95590 0.07553
vt 0.95929 0.07491
vt 0.49139 0.94012
vt 0.50069 0.94032
vt 0.95393 0.27702
vt 0.17325 0.04744
vt 0.17555 0.04621
vt 0.17255 0.04824
vt 0.00013 0.87083
vt 0.00034 0.86845
vt 0.00037 0.87569
vt 0.03563 0.61300
vt 0.94659 0.26933
vt 0.14507 0.04954
vt 0.54295 0.97181
vt 0.54304 0.96435
vt 0.99764 0.01104
vt 0.99933 0.01623
vt 0.99668 0.01639
vt 0.42709 0.97811
vt 0.43526 0.98404
vt 0.42882 0.98549
vt 0.23310 0.15008
vt 0.24062 0.13617
vt 0.24264 0.14874
vt 0.53028 0.96431
vt 0.96326 0.07609
vt 0.16528 0.04793
vt 0.85675 0.19961
vt 0.96391 0.08117
vt 0.96239 0.08788
vt 0.17006 0.04861
vt 0.97565 0.49386
vt 0.98445 0.50025
vt 0.97808 0.50315
vt 0.96407 0.07516
vt 0.23427 0.13922
vt 0.96395 0.08553
vt 0.99135 0.46534
vt 0.86261 0.01088
vt 0.86108 0.01088
vt 0.86161 0.00458
vt 0.03909 0.60959
vt 0.24110 0.22487
vt 0.25275 0.23081
vt 0.22816 0.23019
vt 0.95060 0.77670
vt 0.85147 0.19904
vt 0.95683 0.44161
vt 0.96639 0.44094
vt 0.96736 0.44933
vt 0.63247 0.00068
vt 0.63381 0.00480
vt 0.63053 0.00354
vt 0.15935 0.05170
vt 0.99383 0.22494
vt 0.99383 0.23341
vt 0.99320 0.22969
vt 0.16327 0.05251
vt 0.16839 0.05015
vt 0.17037 0.05054
vt 0.17579 0.98985
vt 0.18518 0.97922
vt 0.18542 0.98985
vt 0.96781 0.08815
vt 0.17518 0.97962
vt 0.02416 0.28229
vt 0.96777 0.07444
vt 0.14215 0.05420
vt 0.96557 0.08541
vt 0.96549 0.08301
vt 0.96786 0.08058
vt 0.99953 0.05690
vt 0.99997 0.05595
vt 0.99988 0.06176
vt 0.76325 0.00403
vt 0.76490 0.00094
vt 0.76792 0.00544
vt 0.99016 0.13237
vt 0.99649 0.12783
vt 0.99360 0.13349
vt 0.17346 0.05372
vt 0.76753 0.00054
vt 0.02347 0.83138
vt 0.03141 0.83174
vt 0.02481 0.83187
vt 0.03189 0.80329
vt 0.02637 0.81479
vt 0.02399 0.82008
vt 0.99004 0.12537
vt 0.02609 0.80304
vt 0.85006 0.86391
vt 0.84828 0.87090
vt 0.30033 0.99311
vt 0.30046 0.99693
vt 0.29933 0.99454
vt 0.16789 0.05351
vt 0.99580 0.53474
vt 0.99641 0.54107
vt 0.98918 0.54107
vt 0.29324 0.99935
vt 0.28731 0.99935
vt 0.29060 0.99916
vt 0.98661 0.06946
vt 0.99340 0.07011
vt 0.98709 0.07219
vt 0.99394 0.07193
vt 0.25159 0.97510
vt 0.25159 0.96274
vt 0.26111 0.97541
vt 0.59812 0.08714
vt 0.61006 0.10142
vt 0.59422 0.10170
vt 0.62524 0.09146
vt 0.63471 0.08300
vt 0.62775 0.08184
vt 0.63139 0.10125
vt 0.26312 0.97300
vt 0.26301 0.96486
vt 0.29826 0.99143
vt 0.11675 0.51945
vt 0.00379 0.24366
vt 0.01004 0.21776
vt 0.01075 0.24366
vt 0.69919 0.98785
vt 0.69591 0.97774
vt 0.70808 0.98418
vt 0.30074 0.99060
vt 0.34360 0.93939
vt 0.34360 0.95488
vt 0.33222 0.94712
vt 0.30788 0.98068
vt 0.31058 0.99039
vt 0.30788 0.98974
vt 0.85050 0.86952
vt 0.26269 0.23801
vt 0.25717 0.23335
vt 0.97489 0.00492
vt 0.97175 0.00492
vt 0.97287 0.00056
vt 0.98913 0.53482
vt 0.85208 0.18814
vt 0.98477 0.14850
vt 0.98080 0.14574
vt 0.98360 0.14527
vt 0.46552 0.99841
vt 0.46552 0.99361
vt 0.46665 0.99581
vt 0.96976 0.36418
vt 0.97987 0.36330
vt 0.97004 0.37536
vt 0.99269 0.70548
vt 0.99481 0.70689
vt 0.99481 0.71182
vt 0.06829 0.36895
vt 0.07033 0.36542
vt 0.07162 0.37236
vt 0.98111 0.15526
vt 0.99222 0.71198
vt 0.48710 0.93876
vt 0.06382 0.35285
vt 0.85656 0.19452
vt 0.93541 0.66780
vt 0.94090 0.65090
vt 0.94083 0.66760
vt 0.05227 0.04798
vt 0.05912 0.03613
vt 0.05884 0.05294
vt 0.92245 0.31638
vt 0.92000 0.31604
vt 0.92268 0.31296
vt 0.28484 0.22909
vt 0.28215 0.22044
vt 0.28840 0.21763
vt 0.83150 0.99287
vt 0.83182 0.98655
vt 0.84082 0.98655
vt 0.91845 0.31243
vt 0.06523 0.37473
vt 0.18259 0.45391
vt 0.19528 0.46280
vt 0.14736 0.46011
vt 0.24895 0.28412
vt 0.22616 0.14758
vt 0.22542 0.14084
vt 0.84075 0.99300
vt 0.91664 0.33146
vt 0.11654 0.49621
vt 0.40986 0.00423
vt 0.40560 0.00425
vt 0.40591 0.00074
vt 0.91573 0.32294
vt 0.85083 0.86460
vt 0.97928 0.37494
vt 0.95385 0.27272
vt 0.62591 0.95686
vt 0.61457 0.95686
vt 0.62633 0.95063
vt 0.00371 0.21619
vt 0.62206 0.95016
vt 0.61534 0.94229
vt 0.61983 0.94189
vt 0.31042 0.98080
vt 0.90119 0.10254
vt 0.89033 0.10254
vt 0.90062 0.09782
vt 0.85655 0.18823
vt 0.26253 0.23664
vt 0.65652 0.96523
vt 0.66917 0.97231
vt 0.65652 0.97301
vt 0.40953 0.00089
vt 0.37007 0.99570
vt 0.36858 0.99889
vt 0.36866 0.99413
vt 0.88963 0.99939
vt 0.88466 0.99421
vt 0.89009 0.99412
vt 0.06346 0.37108
vt 0.39499 0.98257
vt 0.38507 0.98939
vt 0.38506 0.98257
vt 0.66887 0.96514
vt 0.98810 0.14895
vt 0.80489 0.92210
vt 0.79881 0.92934
vt 0.79868 0.91028
vt 0.39430 0.98950
vt 0.80491 0.91092
vt 0.81129 0.92284
vt 0.81114 0.92962
vt 0.85641 0.18728
vt 0.04825 0.04762
vt 0.05155 0.04035
vt 0.97599 0.71636
vt 0.97599 0.72903
vt 0.97513 0.72561
vt 0.52322 0.00398
vt 0.52416 0.00354
vt 0.52409 0.00643
vt 0.98828 0.15547
vt 0.89596 0.09767
vt 0.58454 0.10964
vt 0.57906 0.11348
vt 0.57871 0.09938
vt 0.06883 0.38948
vt 0.06723 0.38579
vt 0.12409 0.93490
vt 0.12348 0.94669
vt 0.11980 0.94889
vt 0.28381 0.89888
vt 0.29900 0.90784
vt 0.28381 0.90811
vt 0.30970 0.89787
vt 0.26901 0.99021
vt 0.27264 0.99014
vt 0.27264 0.99739
vt 0.26917 0.99673
vt 0.58781 0.14002
vt 0.57852 0.13977
vt 0.58020 0.13348
vt 0.57871 0.12119
vt 0.58719 0.11079
vt 0.57924 0.13355
vt 0.57500 0.12029
vt 0.57555 0.13924
vt 0.88447 0.99940
vt 0.57522 0.13375
vt 0.57478 0.11432
vt 0.05366 0.05332
vt 0.23362 0.15968
vt 0.44967 0.96792
vt 0.44859 0.95559
vt 0.45098 0.96829
vt 0.98910 0.71920
vt 0.99018 0.71836
vt 0.99244 0.71821
vt 0.26349 0.23670
vt 0.00231 0.00805
vt 0.00232 0.01530
vt 0.00017 0.00905
vt 0.02599 0.39454
vt 0.02902 0.39399
vt 0.02606 0.39788
vt 0.95345 0.92287
vt 0.95345 0.93805
vt 0.94830 0.92278
vt 0.94926 0.93807
vt 0.45196 0.95768
vt 0.70597 0.99917
vt 0.70597 0.99514
vt 0.71148 0.99999
vt 0.00052 0.01639
vt 0.95575 0.55642
vt 0.95635 0.54233
vt 0.95860 0.55591
vt 0.85197 0.18360
vt 0.46071 0.99746
vt 0.45642 0.99746
vt 0.46128 0.99180
vt 0.85257 0.16491
vt 0.85510 0.16465
vt 0.05348 0.06864
vt 0.05230 0.06905
vt 0.05119 0.06456
vt 0.62841 0.00642
vt 0.62969 0.00472
vt 0.63379 0.00621
vt 0.99311 0.06053
vt 0.99841 0.06099
vt 0.99319 0.06650
vt 0.61116 0.00530
vt 0.61116 0.00111
vt 0.61208 0.00615
vt 0.02888 0.39830
vt 0.61627 0.00111
vt 0.45128 0.95565
vt 0.68516 0.99697
vt 0.68229 0.99791
vt 0.68333 0.99162
vt 0.23965 0.97217
vt 0.22726 0.95919
vt 0.23856 0.95967
vt 0.96588 0.96445
vt 0.95183 0.96435
vt 0.95183 0.95275
vt 0.97430 0.65715
vt 0.97430 0.64460
vt 0.97483 0.65507
vt 0.22718 0.97248
vt 0.95847 0.54240
vt 0.94671 0.81084
vt 0.94671 0.79414
vt 0.94806 0.81070
vt 0.97422 0.58269
vt 0.97888 0.58310
vt 0.97888 0.58671
vt 0.96676 0.58683
vt 0.96693 0.58175
vt 0.68520 0.92767
vt 0.68612 0.93818
vt 0.66850 0.92738
vt 0.96535 0.95291
vt 0.45325 0.96846
vt 0.45348 0.96753
vt 0.98639 0.05576
vt 0.98318 0.04578
vt 0.98500 0.04589
vt 0.45039 0.99232
vt 0.44734 0.98370
vt 0.45083 0.98725
vt 0.66928 0.93895
vt 0.45415 0.95523
vt 0.98469 0.04499
vt 0.49105 0.92624
vt 0.49204 0.93674
vt 0.48825 0.93813
vt 0.06329 0.39079
vt 0.45443 0.99157
vt 0.46850 0.93990
vt 0.46565 0.93934
vt 0.46524 0.93460
vt 0.68092 0.99598
vt 0.44694 0.99286
vt 0.95759 0.13497
vt 0.95944 0.14354
vt 0.95688 0.14309
vt 0.04898 0.04067
vt 0.49135 0.93790
vt 0.96196 0.55621
vt 0.02819 0.39166
vt 0.02864 0.38036
vt 0.03352 0.38403
vt 0.89401 0.08001
vt 0.62797 0.00991
vt 0.99294 0.54581
vt 0.99834 0.54617
vt 0.99834 0.55167
vt 0.05037 0.68980
vt 0.05037 0.72068
vt 0.03591 0.70827
vt 0.46881 0.92743
vt 0.81247 0.94099
vt 0.81247 0.92940
vt 0.81652 0.94097
vt 0.06254 0.38783
vt 0.96201 0.13227
vt 0.61577 0.00638
vt 0.63301 0.01128
vt 0.03030 0.39378
vt 0.71135 0.99452
vt 0.77625 0.92538
vt 0.78004 0.92775
vt 0.77574 0.93697
vt 0.04811 0.06497
vt 0.61847 0.00853
vt 0.99832 0.06665
vt 0.95895 0.46020
vt 0.96322 0.44840
vt 0.96608 0.45040
vt 0.61698 0.00473
vt 0.48775 0.92971
vt 0.99269 0.55194
vt 0.29154 0.24801
vt 0.04860 0.06911
vt 0.46504 0.93018
vt 0.77892 0.93585
vt 0.82992 0.92883
vt 0.81660 0.93253
vt 0.73484 0.93595
vt 0.73484 0.92191
vt 0.75244 0.93561
vt 0.44692 0.98698
vt 0.47516 0.95541
vt 0.48075 0.94929
vt 0.48052 0.95494
vt 0.83227 0.94518
vt 0.83262 0.95682
vt 0.82701 0.94834
vt 0.47555 0.94883
vt 0.29691 0.98959
vt 0.30165 0.98918
vt 0.30708 0.98988
vt 0.94332 0.17908
vt 0.95233 0.18466
vt 0.95244 0.19095
vt 0.94142 0.01951
vt 0.94142 0.03636
vt 0.92441 0.03617
vt 0.44774 0.90422
vt 0.42109 0.90422
vt 0.42177 0.89977
vt 0.95498 0.18925
vt 0.95846 0.22153
vt 0.95775 0.22968
vt 0.95780 0.21471
vt 0.46589 0.95425
vt 0.95036 0.17514
vt 0.95543 0.18187
vt 0.83785 0.95248
vt 0.83500 0.96055
vt 0.84032 0.95689
vt 0.83427 0.94782
vt 0.46595 0.94917
vt 0.45139 0.92761
vt 0.83943 0.00923
vt 0.83943 0.00224
vt 0.84757 0.00893
vt 0.84785 0.00261
vt 0.79590 0.01414
vt 0.78944 0.01425
vt 0.78914 0.00470
vt 0.75740 0.98622
vt 0.75228 0.98994
vt 0.75133 0.97814
vt 0.09457 0.01678
vt 0.08997 0.01463
vt 0.09401 0.00517
vt 0.33756 0.04479
vt 0.33031 0.02248
vt 0.34201 0.01855
vt 0.75866 0.86588
vt 0.78897 0.86588
vt 0.78213 0.87876
vt 0.49733 0.00956
vt 0.50642 0.00661
vt 0.50815 0.01135
vt 0.93806 0.64448
vt 0.94150 0.64560
vt 0.93531 0.66225
vt 0.79383 0.92612
vt 0.94771 0.13289
vt 0.95512 0.44204
vt 0.96012 0.46853
vt 0.97056 0.47612
vt 0.96025 0.47660
vt 0.04434 0.37526
vt 0.47404 0.92621
vt 0.01990 0.94555
vt 0.00304 0.94555
vt 0.00310 0.93226
vt 0.61608 0.01872
vt 0.19825 0.16508
vt 0.03903 0.63752
vt 0.03925 0.63801
vt 0.05699 0.98140
vt 0.47327 0.79827
vt 0.45408 0.79921
vt 0.45102 0.76425
vt 0.50385 0.78354
vt 0.52448 0.80094
vt 0.53751 0.75916
vt 0.53496 0.78128
vt 0.49931 0.76178
vt 0.47031 0.76291
vt 0.86597 0.64751
vt 0.86740 0.62618
vt 0.87696 0.62702
vt 0.87767 0.66210
vt 0.23040 0.01151
vt 0.23040 0.02690
vt 0.20750 0.01824
vt 0.20912 0.01348
vt 0.95306 0.65594
vt 0.95306 0.67224
vt 0.95168 0.67134
vt 0.98819 0.11594
vt 0.98900 0.12516
vt 0.98756 0.12596
vt 0.39312 0.93965
vt 0.40040 0.94693
vt 0.39361 0.95511
vt 0.40642 0.62054
vt 0.34453 0.66479
vt 0.33672 0.62054
vt 0.38371 0.65724
vt 0.11997 0.22993
vt 0.11785 0.27481
vt 0.11328 0.25489
vt 0.98889 0.13787
vt 0.98889 0.14792
vt 0.98767 0.14767
vt 0.30016 0.04946
vt 0.28639 0.07292
vt 0.26393 0.07292
vt 0.11211 0.24582
vt 0.10696 0.23255
vt 0.91896 0.22746
vt 0.90892 0.23134
vt 0.89890 0.23134
vt 0.38352 0.66624
vt 0.96429 0.04471
vt 0.96429 0.03110
vt 0.96788 0.04332
vt 0.04486 0.72233
vt 0.04781 0.74459
vt 0.04545 0.73357
vt 0.04307 0.72490
vt 0.08996 0.01656
vt 0.10455 0.02093
vt 0.73857 0.02834
vt 0.71380 0.02834
vt 0.71795 0.01904
vt 0.09034 0.04030
vt 0.03943 0.72548
vt 0.04147 0.71476
vt 0.75521 0.92455
vt 0.75521 0.91158
vt 0.76648 0.92432
vt 0.77545 0.91136
vt 0.77546 0.92402
vt 0.03698 0.71581
vt 0.90990 0.23474
vt 0.34127 0.92301
vt 0.34156 0.91468
vt 0.35651 0.92310
vt 0.90285 0.96737
vt 0.91611 0.96681
vt 0.91507 0.96737
vt 0.29995 0.07423
vt 0.92712 0.66315
vt 0.91797 0.66315
vt 0.92744 0.65954
vt 0.90826 0.65905
vt 0.90798 0.66260
vt 0.16126 0.96112
vt 0.15349 0.96572
vt 0.14829 0.96136
vt 0.91950 0.18106
vt 0.92708 0.18143
vt 0.92708 0.20049
vt 0.91158 0.97234
vt 0.91880 0.20023
vt 0.90058 0.18071
vt 0.90857 0.18109
vt 0.90778 0.18556
vt 0.98824 0.04375
vt 0.98762 0.04027
vt 0.99178 0.04339
vt 0.95281 0.57873
vt 0.96547 0.57873
vt 0.95294 0.58241
vt 0.35398 0.90533
vt 0.35624 0.91510
vt 0.16143 0.96497
vt 0.00663 0.82995
vt 0.00285 0.83382
vt 0.00302 0.82963
vt 0.96048 0.58246
vt 0.69836 0.00661
vt 0.70214 0.00925
vt 0.69842 0.01583
vt 0.96590 0.58735
vt 0.90036 0.18524
vt 0.10794 0.24537
vt 0.98207 0.39086
vt 0.98970 0.39059
vt 0.99000 0.39345
vt 0.91905 0.23489
vt 0.97527 0.58839
vt 0.97629 0.58767
vt 0.98234 0.58827
vt 0.52868 0.98226
vt 0.53865 0.98226
vt 0.53800 0.98977
vt 0.19186 0.96006
vt 0.17913 0.96006
vt 0.19169 0.95209
vt 0.52869 0.98981
vt 0.17721 0.95116
vt 0.44530 0.92080
vt 0.42503 0.91186
vt 0.44530 0.91216
vt 0.98795 0.07398
vt 0.99032 0.07864
vt 0.98773 0.08313
vt 0.34198 0.91103
vt 0.83150 0.03180
vt 0.83150 0.03040
vt 0.84436 0.03156
vt 0.86077 0.03038
vt 0.84449 0.03273
vt 0.84250 0.02961
vt 0.99032 0.08276
vt 0.95104 0.60609
vt 0.95104 0.61235
vt 0.94685 0.60608
vt 0.95190 0.62031
vt 0.94708 0.62235
vt 0.87541 0.01130
vt 0.87541 0.00366
vt 0.89068 0.01118
vt 0.91798 0.19221
vt 0.90776 0.20184
vt 0.00072 0.21976
vt 0.00072 0.21066
vt 0.00227 0.21949
vt 0.15331 0.97038
vt 0.00677 0.83823
vt 0.42506 0.92105
vt 0.06635 0.08927
vt 0.07028 0.09392
vt 0.06599 0.09337
vt 0.03388 0.95251
vt 0.03368 0.96227
vt 0.02571 0.96297
vt 0.95863 0.03333
vt 0.95282 0.01705
vt 0.96302 0.01979
vt 0.14847 0.97055
vt 0.98517 0.03936
vt 0.99092 0.03521
vt 0.00147 0.83404
vt 0.92035 0.89564
vt 0.92205 0.88930
vt 0.92175 0.91020
vt 0.02037 0.95225
vt 0.99381 0.62110
vt 0.99173 0.62186
vt 0.98724 0.62103
vt 0.85509 0.87423
vt 0.86477 0.86918
vt 0.86579 0.87235
vt 0.21426 0.00054
vt 0.21426 0.00495
vt 0.21268 0.00482
vt 0.00121 0.83870
vt 0.87872 0.87201
vt 0.87148 0.85295
vt 0.12044 0.22577
vt 0.12618 0.22423
vt 0.12113 0.23505
vt 0.70353 0.99536
vt 0.70196 0.99536
vt 0.70216 0.98918
vt 0.06594 0.12542
vt 0.06555 0.11440
vt 0.07021 0.11423
vt 0.98558 0.03505
vt 0.99189 0.03579
vt 0.96128 0.58836
vt 0.40186 0.98584
vt 0.39767 0.97578
vt 0.40186 0.97575
vt 0.58578 0.92890
vt 0.60483 0.92890
vt 0.60524 0.92995
vt 0.91996 0.36028
vt 0.91936 0.34080
vt 0.92524 0.35398
vt 0.92553 0.36052
vt 0.33427 0.91160
vt 0.92467 0.34023
vt 0.92478 0.34296
vt 0.92410 0.38142
vt 0.91926 0.38149
vt 0.91958 0.37965
vt 0.91995 0.36174
vt 0.92463 0.36115
vt 0.31045 0.93652
vt 0.31045 0.93431
vt 0.32895 0.93557
vt 0.03635 0.84672
vt 0.02707 0.84204
vt 0.03998 0.84166
vt 0.11993 0.20452
vt 0.13017 0.19021
vt 0.12460 0.20464
vt 0.07609 0.08878
vt 0.07034 0.10768
vt 0.07029 0.09665
vt 0.91782 0.20122
vt 0.93565 0.61882
vt 0.93530 0.60113
vt 0.54480 0.98133
vt 0.54480 0.96961
vt 0.55616 0.98151
vt 0.07593 0.12568
vt 0.02817 0.83606
vt 0.05256 0.00299
vt 0.04563 0.00176
vt 0.05312 0.00150
vt 0.39764 0.98576
vt 0.99629 0.12330
vt 0.99629 0.12607
vt 0.98974 0.12369
vt 0.94201 0.61837
vt 0.03076 0.86219
vt 0.03036 0.85686
vt 0.12536 0.20635
vt 0.55536 0.96995
vt 0.55694 0.97241
vt 0.03485 0.85592
vt 0.85494 0.86424
vt 0.01949 0.96219
vt 0.95069 0.01752
vt 0.12446 0.00164
vt 0.12798 0.00259
vt 0.11990 0.00284
vt 0.91848 0.10331
vt 0.91449 0.09760
vt 0.92655 0.10280
vt 0.13144 0.23572
vt 0.05722 0.83782
vt 0.96960 0.31981
vt 0.97055 0.32332
vt 0.97042 0.33306
vt 0.81985 0.98959
vt 0.82350 0.99258
vt 0.81953 0.99217
vt 0.86092 0.86402
vt 0.86092 0.85317
vt 0.93174 0.08596
vt 0.91425 0.08647
vt 0.97960 0.40593
vt 0.98204 0.40504
vt 0.98649 0.40579
vt 0.74152 0.99643
vt 0.73773 0.99068
vt 0.74049 0.99063
vt 0.91860 0.18109
vt 0.74158 0.98910
vt 0.12314 0.19037
vt 0.68348 0.17395
vt 0.68203 0.17232
vt 0.68469 0.17129
vt 0.02311 0.73896
vt 0.03363 0.71974
vt 0.03730 0.72038
vt 0.22091 0.48181
vt 0.21551 0.48066
vt 0.22336 0.47490
vt 0.65047 0.13821
vt 0.65825 0.13319
vt 0.67653 0.17554
vt 0.93188 0.10238
vt 0.34370 0.84410
vt 0.38697 0.84687
vt 0.34963 0.85117
vt 0.38650 0.85284
vt 0.34459 0.85520
vt 0.34851 0.86463
vt 0.34431 0.86421
vt 0.82302 0.99461
vt 0.82095 0.99645
vt 0.13362 0.52700
vt 0.13362 0.57338
vt 0.12324 0.52687
vt 0.21962 0.48548
vt 0.92925 0.10341
vt 0.03774 0.73892
vt 0.18579 0.50125
vt 0.17694 0.50415
vt 0.17415 0.49366
vt 0.82486 0.99498
vt 0.21198 0.49343
vt 0.05661 0.84124
vt 0.93313 0.10357
vt 0.59928 0.93069
vt 0.61570 0.93069
vt 0.59866 0.94013
vt 0.59858 0.93226
vt 0.58906 0.01854
vt 0.59944 0.01854
vt 0.58952 0.02766
vt 0.00213 0.02519
vt 0.00019 0.02182
vt 0.00230 0.01670
vt 0.03643 0.02672
vt 0.03735 0.01350
vt 0.05485 0.01318
vt 0.61588 0.93931
vt 0.61401 0.93939
vt 0.60038 0.02545
vt 0.12342 0.57315
vt 0.22145 0.49313
vt 0.13043 0.57412
vt 0.12934 0.62039
vt 0.12643 0.61990
vt 0.12346 0.57417
vt 0.76068 0.06780
vt 0.76946 0.05695
vt 0.79696 0.06696
vt 0.76015 0.05714
vt 0.79680 0.05689
vt 0.12293 0.61862
vt 0.02211 0.71107
vt 0.62768 0.93432
vt 0.63775 0.93441
vt 0.63873 0.93709
vt 0.60526 0.93991
vt 0.05727 0.69707
vt 0.05096 0.72065
vt 0.05143 0.68733
vt 0.87829 0.84313
vt 0.87118 0.84247
vt 0.21332 0.49596
vt 0.99233 0.85123
vt 0.98572 0.85123
vt 0.98861 0.85051
vt 0.97966 0.24266
vt 0.98039 0.24163
vt 0.98842 0.24228
vt 0.62771 0.94594
vt 0.96291 0.92295
vt 0.95711 0.93300
vt 0.95629 0.91837
vt 0.99561 0.44171
vt 0.99561 0.43959
vt 0.99691 0.44035
vt 0.00102 0.78615
vt 0.00646 0.78629
vt 0.00646 0.79489
vt 0.03295 0.70992
vt 0.70556 0.82660
vt 0.73896 0.84078
vt 0.70121 0.83614
vt 0.00052 0.79351
vt 0.71915 0.84466
vt 0.64414 0.93764
vt 0.61393 0.02784
vt 0.86184 0.84594
vt 0.85203 0.84680
vt 0.86086 0.80151
vt 0.24142 0.94394
vt 0.25042 0.93740
vt 0.24577 0.94988
vt 0.00081 0.43051
vt 0.00081 0.44031
vt 0.00019 0.43425
vt 0.93951 0.45869
vt 0.93780 0.46113
vt 0.93808 0.44361
vt 0.01787 0.94107
vt 0.00408 0.93106
vt 0.01658 0.93025
vt 0.64392 0.94647
vt 0.09120 0.95614
vt 0.08806 0.96256
vt 0.07738 0.95639
vt 0.07751 0.95774
vt 0.69037 0.83199
vt 0.68697 0.84206
vt 0.61381 0.02564
vt 0.94806 0.77676
vt 0.94806 0.79248
vt 0.94670 0.79331
vt 0.73432 0.85143
vt 0.71677 0.85220
vt 0.69841 0.84483
vt 0.79851 0.84770
vt 0.84744 0.80118
vt 0.34426 0.93680
vt 0.36047 0.93625
vt 0.36047 0.95222
vt 0.34457 0.95253
vt 0.17297 0.94542
vt 0.17227 0.93737
vt 0.18883 0.94420
vt 0.25322 0.94513
vt 0.93279 0.87227
vt 0.92527 0.85813
vt 0.93354 0.85789
vt 0.07875 0.00168
vt 0.07762 0.00281
vt 0.07087 0.00226
vt 0.92216 0.86548
vt 0.26282 0.94817
vt 0.68846 0.84494
vt 0.96606 0.87966
vt 0.96371 0.88372
vt 0.96361 0.86989
vt 0.90490 0.27239
vt 0.92442 0.27239
vt 0.92453 0.27873
vt 0.86670 0.99259
vt 0.86670 0.99893
vt 0.86202 0.99300
vt 0.18875 0.93743
vt 0.75271 0.03013
vt 0.77256 0.03122
vt 0.77242 0.03185
vt 0.46306 0.86055
vt 0.46617 0.87214
vt 0.46216 0.87082
vt 0.99273 0.17523
vt 0.99344 0.17922
vt 0.99260 0.18387
vt 0.68885 0.01425
vt 0.68885 0.00420
vt 0.69369 0.00710
vt 0.48292 0.86110
vt 0.48309 0.87758
vt 0.46648 0.87742
vt 0.78195 0.02899
vt 0.79039 0.99807
vt 0.78866 0.99887
vt 0.78884 0.99414
vt 0.45341 0.86066
vt 0.99766 0.95353
vt 0.99984 0.95334
vt 0.99787 0.95882
vt 0.99977 0.95888
vt 0.75118 0.86606
vt 0.74093 0.86396
vt 0.86198 0.99875
vt 0.45419 0.87161
vt 0.91488 0.98030
vt 0.92651 0.98030
vt 0.91890 0.98280
vt 0.74236 0.86911
vt 0.73942 0.86584
vt 0.45299 0.86645
vt 0.46525 0.87760
vt 0.46581 0.87208
vt 0.96249 0.49539
vt 0.95672 0.50861
vt 0.95671 0.49488
vt 0.96247 0.50836
vt 0.45257 0.87726
vt 0.66978 0.89271
vt 0.68060 0.89299
vt 0.67455 0.89547
vt 0.72670 0.86357
vt 0.72682 0.86607
vt 0.68054 0.89544
vt 0.66399 0.89238
vt 0.66979 0.89771
vt 0.09950 0.99094
vt 0.10654 0.99060
vt 0.10554 0.99631
vt 0.85595 0.96224
vt 0.85595 0.95611
vt 0.85758 0.96259
vt 0.74919 0.87375
vt 0.86967 0.95614
vt 0.89826 0.94420
vt 0.91319 0.94384
vt 0.91372 0.94980
vt 0.89836 0.95043
vt 0.65509 0.90609
vt 0.67400 0.89920
vt 0.86974 0.96019
vt 0.86827 0.96226
vt 0.07412 0.93665
vt 0.05639 0.92431
vt 0.07412 0.92460
vt 0.05605 0.93772
vt 0.06168 0.93803
vt 0.07319 0.93797
vt 0.97666 0.22129
vt 0.97570 0.20982
vt 0.97874 0.21983
vt 0.81320 0.89923
vt 0.80066 0.88669
vt 0.82777 0.88581
vt 0.65456 0.89192
vt 0.94321 0.27786
vt 0.95178 0.27785
vt 0.95320 0.28175
vt 0.93863 0.27893
vt 0.93827 0.28109
vt 0.74350 0.87370
vt 0.67066 0.89800
vt 0.09944 0.99693
vt 0.92190 0.25723
vt 0.92405 0.25385
vt 0.92351 0.25709
vt 0.14932 0.94795
vt 0.16262 0.94679
vt 0.14829 0.95061
vt 0.14824 0.94969
vt 0.16298 0.96043
vt 0.14887 0.96044
vt 0.39768 0.99325
vt 0.40391 0.99325
vt 0.39759 0.99678
vt 0.97891 0.20914
vt 0.94559 0.94067
vt 0.93729 0.95209
vt 0.92424 0.94255
vt 0.99179 0.00099
vt 0.98826 0.00099
vt 0.98984 0.00001
vt 0.95350 0.27799
vt 0.70480 0.96917
vt 0.71815 0.96912
vt 0.70935 0.97039
vt 0.40380 0.99668
vt 0.99672 0.23119
vt 0.99473 0.23073
vt 0.99779 0.23025
vt 0.42595 0.95577
vt 0.42562 0.95394
vt 0.43921 0.95894
vt 0.71791 0.97053
vt 0.99482 0.22916
vt 0.43650 0.95582
vt 0.67048 0.89957
vt 0.92020 0.25336
vt 0.90987 0.25682
vt 0.59790 0.94051
vt 0.58686 0.94051
vt 0.59768 0.93211
vt 0.91357 0.25299
vt 0.58073 0.93339
vt 0.58671 0.93289
vt 0.99744 0.20275
vt 0.99408 0.20385
vt 0.99434 0.20214
vt 0.58724 0.93131
vt 0.59104 0.93207
vt 0.58066 0.94015
vt 0.58026 0.95138
vt 0.58077 0.94154
vt 0.58653 0.94910
vt 0.55861 0.01621
vt 0.56707 0.00456
vt 0.56702 0.01639
vt 0.66734 0.90393
vt 0.43916 0.94431
vt 0.91059 0.23703
vt 0.59630 0.94139
vt 0.10455 0.02548
vt 0.94187 0.60804
vt 0.75709 0.86290
vt 0.92132 0.85391
vt 0.28431 0.88643
vt 0.28014 0.87499
vt 0.30705 0.87554
vt 0.03779 0.88568
vt 0.02421 0.88607
vt 0.01657 0.85757
vt 0.90233 0.43268
vt 0.90665 0.42650
vt 0.90654 0.44931
vt 0.01143 0.13248
vt 0.00304 0.13248
vt 0.01038 0.10543
vt 0.28223 0.88301
vt 0.87301 0.15333
vt 0.89310 0.13874
vt 0.89706 0.16560
vt 0.56567 0.93092
vt 0.58283 0.93092
vt 0.56530 0.94040
vt 0.92635 0.70711
vt 0.93250 0.69335
vt 0.93244 0.70284
vt 0.87895 0.07176
vt 0.89305 0.04885
vt 0.89687 0.05672
vt 0.87538 0.71851
vt 0.87746 0.68347
vt 0.87734 0.70739
vt 0.87774 0.71853
vt 0.28196 0.88661
vt 0.00663 0.81450
vt 0.01232 0.81927
vt 0.00817 0.84136
vt 0.89711 0.04925
vt 0.01675 0.88587
vt 0.87990 0.04695
vt 0.92642 0.68890
vt 0.02758 0.14362
vt 0.03177 0.15450
vt 0.02836 0.17383
vt 0.19046 0.89117
vt 0.19042 0.89525
vt 0.16226 0.89525
vt 0.03119 0.14338
vt 0.88712 0.17248
vt 0.42180 0.03495
vt 0.42559 0.03672
vt 0.39366 0.03616
vt 0.58591 0.88616
vt 0.56403 0.87353
vt 0.27941 0.88213
vt 0.51516 0.00484
vt 0.51376 0.00366
vt 0.51506 0.00065
vt 0.89254 0.04710
vt 0.40188 0.04749
vt 0.21202 0.02197
vt 0.21529 0.02225
vt 0.21142 0.02744
vt 0.21515 0.03489
vt 0.20035 0.02730
vt 0.19436 0.02719
vt 0.19137 0.03460
vt 0.19119 0.02661
vt 0.66677 0.00313
vt 0.66882 0.00485
vt 0.66434 0.00475
vt 0.27849 0.88548
vt 0.99747 0.36833
vt 0.99557 0.37093
vt 0.99455 0.36772
vt 0.15117 0.00173
vt 0.15956 0.00173
vt 0.15131 0.00276
vt 0.92742 0.57550
vt 0.92423 0.57411
vt 0.92627 0.57302
vt 0.79199 0.92885
vt 0.79798 0.92894
vt 0.79798 0.94005
vt 0.92631 0.55804
vt 0.93462 0.55773
vt 0.93458 0.57594
vt 0.10993 0.98993
vt 0.09985 0.98778
vt 0.11013 0.98763
vt 0.78907 0.94006
vt 0.98441 0.09987
vt 0.98553 0.10263
vt 0.98156 0.11061
vt 0.22531 0.96913
vt 0.22631 0.97188
vt 0.21319 0.97133
vt 0.97675 0.64199
vt 0.97886 0.63006
vt 0.97843 0.64226
vt 0.58595 0.87303
vt 0.57985 0.87222
vt 0.00190 0.07128
vt 0.00010 0.07128
vt 0.00077 0.06239
vt 0.21310 0.96877
vt 0.97714 0.63211
vt 0.01401 0.39807
vt 0.00320 0.41340
vt 0.00316 0.40567
vt 0.01347 0.41304
vt 0.78057 0.93994
vt 0.10004 0.98972
vt 0.41482 0.97630
vt 0.40379 0.98180
vt 0.40364 0.97630
vt 0.41474 0.98119
vt 0.00367 0.39668
vt 0.00401 0.38560
vt 0.01479 0.39737
vt 0.41804 0.04867
vt 0.42629 0.04767
vt 0.78092 0.92877
vt 0.90294 0.52442
vt 0.89591 0.53721
vt 0.88391 0.53331
vt 0.88702 0.52445
vt 0.90561 0.53992
vt 0.21886 0.06783
vt 0.22778 0.06792
vt 0.23929 0.07329
vt 0.21064 0.06209
vt 0.21041 0.06698
vt 0.20234 0.06187
vt 0.20211 0.07267
vt 0.90162 0.10347
vt 0.89471 0.10559
vt 0.89155 0.10377
vt 0.00498 0.00114
vt 0.01077 0.00324
vt 0.00370 0.00335
vt 0.87832 0.53985
vt 0.86859 0.51843
vt 0.87765 0.51851
vt 0.87765 0.55489
vt 0.86799 0.53489
vt 0.86751 0.52718
vt 0.86550 0.52479
vt 0.47104 0.92560
vt 0.48208 0.92477
vt 0.86569 0.52648
vt 0.92353 0.04318
vt 0.91929 0.04021
vt 0.92243 0.03793
vt 0.32834 0.89253
vt 0.33710 0.89253
vt 0.32828 0.90159
vt 0.35310 0.90266
vt 0.01638 0.98608
vt 0.02538 0.98608
vt 0.01602 0.99089
vt 0.36491 0.51536
vt 0.95159 0.49178
vt 0.95159 0.50772
vt 0.94716 0.49386
vt 0.35664 0.07264
vt 0.35730 0.04780
vt 0.38356 0.04780
vt 0.61674 0.99244
vt 0.61650 0.98561
vt 0.62589 0.98561
vt 0.94257 0.37367
vt 0.93574 0.37391
vt 0.94230 0.35776
vt 0.90839 0.05184
vt 0.41780 0.05764
vt 0.02526 0.99098
vt 0.00444 0.05979
vt 0.00359 0.03314
vt 0.01541 0.05058
vt 0.56411 0.86377
vt 0.01524 0.05956
vt 0.39298 0.07424
vt 0.62582 0.99226
vt 0.87902 0.11049
vt 0.87893 0.10384
vt 0.89379 0.11033
vt 0.73122 0.95627
vt 0.73132 0.94719
vt 0.73804 0.94778
vt 0.74609 0.94728
vt 0.74576 0.95655
vt 0.57946 0.86347
vt 0.36215 0.94627
vt 0.37751 0.94627
vt 0.36247 0.95398
vt 0.35172 0.51999
vt 0.16559 0.95105
vt 0.17077 0.93605
vt 0.16517 0.93575
vt 0.88416 0.52163
vt 0.37478 0.52464
vt 0.37805 0.52073
vt 0.33720 0.88482
vt 0.87941 0.52134
vt 0.02093 0.04545
vt 0.02098 0.04997
vt 0.01968 0.04476
vt 0.27162 0.93648
vt 0.25307 0.93648
vt 0.27142 0.93534
vt 0.23362 0.31169
vt 0.23814 0.29287
vt 0.23297 0.29344
vt 0.35443 0.90246
vt 0.37964 0.93370
vt 0.39792 0.93370
vt 0.37966 0.93513
vt 0.34195 0.88499
vt 0.34246 0.88604
vt 0.35079 0.53778
vt 0.05997 0.05439
vt 0.09713 0.05312
vt 0.09713 0.07956
vt 0.02009 0.04032
vt 0.34763 0.88541
vt 0.01994 0.03716
vt 0.73309 0.92599
vt 0.71519 0.91939
vt 0.72839 0.90842
vt 0.34773 0.53812
vt 0.35501 0.88288
vt 0.71532 0.92580
vt 0.77822 0.70974
vt 0.77277 0.69525
vt 0.77291 0.69889
vt 0.77223 0.69414
vt 0.02385 0.03513
vt 0.77162 0.68742
vt 0.32881 0.00439
vt 0.33120 0.00110
vt 0.33453 0.00399
vt 0.53104 0.99620
vt 0.52841 0.99981
vt 0.52532 0.99640
vt 0.98905 0.66148
vt 0.99238 0.66017
vt 0.99549 0.66163
vt 0.00083 0.41019
vt 0.00225 0.40953
vt 0.00245 0.41940
vt 0.99278 0.29720
vt 0.98528 0.29720
vt 0.99105 0.29432
vt 0.77694 0.72005
vt 0.01892 0.03298
vt 0.99350 0.65907
vt 0.06021 0.08105
vt 0.60626 0.99320
vt 0.60969 0.99350
vt 0.60616 0.99780
vt 0.42755 0.98578
vt 0.43031 0.98809
vt 0.42794 0.99327
vt 0.78498 0.00056
vt 0.78811 0.00492
vt 0.78365 0.00465
vt 0.99782 0.49632
vt 0.99494 0.49919
vt 0.99171 0.49641
vt 0.77046 0.73027
vt 0.77259 0.73096
vt 0.32877 0.99995
vt 0.33457 0.99806
vt 0.33422 0.99953
vt 0.78942 0.00173
vt 0.79099 0.72290
vt 0.78702 0.73763
vt 0.13585 0.05307
vt 0.14082 0.05535
vt 0.13715 0.05533
vt 0.61013 0.99732
vt 0.61030 0.99882
vt 0.66422 0.01267
vt 0.66422 0.01725
vt 0.66396 0.01602
vt 0.23297 0.01065
vt 0.23406 0.00659
vt 0.23436 0.01286
vt 0.78497 0.74222
vt 0.76913 0.73494
vt 0.35729 0.04646
vt 0.59260 0.07864
vt 0.58808 0.07783
vt 0.58808 0.06249
vt 0.61965 0.03759
vt 0.62083 0.03716
vt 0.61987 0.04118
vt 0.56796 0.00268
vt 0.56796 0.00430
vt 0.56720 0.00299
vt 0.59322 0.08387
vt 0.62555 0.07535
vt 0.62588 0.08416
vt 0.59260 0.08249
vt 0.65417 0.03655
vt 0.64607 0.06120
vt 0.04726 0.33213
vt 0.04551 0.31635
vt 0.04699 0.29946
vt 0.62503 0.06197
vt 0.61978 0.06077
vt 0.04844 0.23196
vt 0.04879 0.26530
vt 0.04623 0.25723
vt 0.71279 0.91360
vt 0.71724 0.91256
vt 0.04619 0.29929
vt 0.04558 0.30648
vt 0.04598 0.24592
vt 0.00304 0.75169
vt 0.00494 0.75939
vt 0.00357 0.76315
vt 0.76830 0.74273
vt 0.76572 0.74799
vt 0.77366 0.74158
vt 0.00458 0.75218
vt 0.00466 0.76925
vt 0.00457 0.77641
vt 0.00336 0.77848
vt 0.14020 0.05766
vt 0.15229 0.05527
vt 0.17288 0.05446
vt 0.99786 0.25041
vt 0.99475 0.25266
vt 0.99366 0.25008
vt 0.92017 0.43593
vt 0.91923 0.44123
vt 0.91931 0.42062
vt 0.77605 0.74410
vt 0.74681 0.77393
vt 0.12074 0.28289
vt 0.14161 0.29494
vt 0.12302 0.32858
vt 0.07319 0.73974
vt 0.06148 0.74010
vt 0.06529 0.73421
vt 0.06496 0.70138
vt 0.07157 0.70130
vt 0.06298 0.73579
vt 0.03958 0.16202
vt 0.04437 0.15176
vt 0.04520 0.18240
vt 0.07267 0.62173
vt 0.06384 0.62173
vt 0.07220 0.58325
vt 0.31010 0.40237
vt 0.30139 0.40237
vt 0.31098 0.39069
vt 0.07364 0.54314
vt 0.06489 0.54314
vt 0.07201 0.50475
vt 0.71798 0.90861
vt 0.67301 0.96050
vt 0.67029 0.96059
vt 0.66937 0.95715
vt 0.31208 0.33836
vt 0.30839 0.36256
vt 0.30336 0.33778
vt 0.06349 0.58331
vt 0.66969 0.94614
vt 0.30803 0.38797
vt 0.06352 0.50505
vt 0.31111 0.36244
vt 0.87526 0.21525
vt 0.87526 0.22439
vt 0.86485 0.21512
vt 0.30774 0.37884
vt 0.86316 0.23960
vt 0.87509 0.23317
vt 0.87498 0.24069
vt 0.30770 0.37005
vt 0.79383 0.27251
vt 0.85825 0.27293
vt 0.85825 0.31104
vt 0.79362 0.31093
vt 0.49106 0.92560
vt 0.57663 0.35595
vt 0.64986 0.31238
vt 0.64962 0.35595
vt 0.57607 0.31250
vt 0.08585 0.70957
vt 0.09619 0.70933
vt 0.09619 0.75271
vt 0.74872 0.32415
vt 0.74872 0.31427
vt 0.77633 0.32327
vt 0.82247 0.31176
vt 0.77705 0.31942
vt 0.08622 0.75302
vt 0.10626 0.18563
vt 0.11614 0.18563
vt 0.10751 0.22918
vt 0.26702 0.13489
vt 0.29508 0.14912
vt 0.80574 0.31924
vt 0.29566 0.13670
vt 0.11818 0.22933
vt 0.82285 0.32173
vt 0.80835 0.32208
vt 0.94669 0.62466
vt 0.95060 0.63817
vt 0.94669 0.63832
vt 0.91830 0.90312
vt 0.90521 0.90000
vt 0.91763 0.89933
vt 0.01368 0.36310
vt 0.01368 0.33782
vt 0.01475 0.36542
vt 0.96287 0.77031
vt 0.96287 0.78481
vt 0.96181 0.77713
vt 0.09332 0.46068
vt 0.10070 0.46003
vt 0.09282 0.50406
vt 0.29686 0.14306
vt 0.30260 0.12834
vt 0.34061 0.14217
vt 0.10055 0.50359
vt 0.29644 0.11779
vt 0.99013 0.62947
vt 0.99641 0.62947
vt 0.99061 0.63636
vt 0.30323 0.12315
vt 0.99625 0.63122
vt 0.30618 0.12611
vt 0.34097 0.11848
vt 0.08983 0.57687
vt 0.08752 0.60332
vt 0.08781 0.55977
vt 0.98708 0.27154
vt 0.99397 0.27460
vt 0.98732 0.27917
vt 0.00120 0.20091
vt 0.00229 0.19472
vt 0.00222 0.20378
vt 0.49333 0.12008
vt 0.51250 0.12115
vt 0.99762 0.30816
vt 0.99762 0.30182
vt 0.99839 0.30257
vt 0.14415 0.05826
vt 0.17549 0.05645
vt 0.16330 0.05826
vt 0.09004 0.59462
vt 0.50428 0.10803
vt 0.51243 0.11809
vt 0.51598 0.10436
vt 0.51543 0.10834
vt 0.50830 0.10683
vt 0.99097 0.27070
vt 0.98855 0.50520
vt 0.98510 0.50278
vt 0.99246 0.50296
vt 0.98785 0.26996
vt 0.18104 0.05748
vt 0.23633 0.99651
vt 0.22850 0.99651
vt 0.23007 0.99551
vt 0.06155 0.72622
vt 0.06155 0.69482
vt 0.06414 0.73361
vt 0.07108 0.77058
vt 0.07422 0.80641
vt 0.07092 0.80947
vt 0.09105 0.26267
vt 0.08481 0.22724
vt 0.09325 0.22312
vt 0.99734 0.36322
vt 0.99488 0.36501
vt 0.99468 0.36317
vt 0.00526 0.73069
vt 0.00347 0.73315
vt 0.00272 0.73237
vt 0.87937 0.00432
vt 0.87937 0.00166
vt 0.88172 0.00214
vt 0.98685 0.71076
vt 0.98685 0.71883
vt 0.98621 0.72166
vt 0.26580 0.14807
vt 0.25225 0.10495
vt 0.26580 0.10543
vt 0.69277 0.09734
vt 0.69086 0.11916
vt 0.65087 0.09815
vt 0.65131 0.12549
vt 0.24274 0.14263
vt 0.24788 0.14750
vt 0.24093 0.10380
vt 0.69021 0.12560
vt 0.99538 0.68400
vt 0.99647 0.68613
vt 0.99057 0.68434
vt 0.55840 0.86169
vt 0.55840 0.87962
vt 0.55388 0.86125
vt 0.54923 0.86099
vt 0.37689 0.99808
vt 0.37530 0.99942
vt 0.37074 0.99842
vt 0.06323 0.52545
vt 0.04188 0.54253
vt 0.04366 0.53296
vt 0.90145 0.91277
vt 0.72766 0.97955
vt 0.72679 0.97768
vt 0.73007 0.98067
vt 0.49346 0.11435
vt 0.50343 0.10495
vt 0.98964 0.30764
vt 0.98824 0.30333
vt 0.99630 0.30525
vt 0.92159 0.91353
vt 0.43423 0.94340
vt 0.43818 0.94234
vt 0.43600 0.95257
vt 0.99117 0.68145
vt 0.72967 0.98505
vt 0.68023 0.00064
vt 0.68023 0.00485
vt 0.67887 0.00483
vt 0.99499 0.74828
vt 0.99499 0.75497
vt 0.99005 0.74831
vt 0.99516 0.71387
vt 0.99598 0.71579
vt 0.99201 0.71275
vt 0.00146 0.64219
vt 0.00135 0.63924
vt 0.00308 0.63979
vt 0.72699 0.98741
vt 0.43805 0.00262
vt 0.44024 0.00481
vt 0.43557 0.00486
vt 0.99399 0.30147
vt 0.98825 0.30269
vt 0.98656 0.29881
vt 0.43706 0.94157
vt 0.98956 0.71768
vt 0.00014 0.63639
vt 0.43506 0.93784
vt 0.00684 0.63751
vt 0.00458 0.63312
vt 0.48444 0.12669
vt 0.04315 0.53008
vt 0.04009 0.52536
vt 0.92198 0.91945
vt 0.43337 0.93770
vt 0.55351 0.85688
vt 0.47702 0.12035
vt 0.04239 0.53184
vt 0.46844 0.12083
vt 0.46756 0.12219
vt 0.53788 0.86686
vt 0.54367 0.86050
vt 0.04188 0.51542
vt 0.91635 0.08527
vt 0.91658 0.07965
vt 0.12158 0.15171
vt 0.09077 0.15997
vt 0.12219 0.11822
vt 0.09195 0.11734
vt 0.87183 0.30818
vt 0.88503 0.29181
vt 0.88955 0.29509
vt 0.45084 0.09835
vt 0.40851 0.12758
vt 0.40894 0.09835
vt 0.03878 0.52567
vt 0.87747 0.31161
vt 0.91429 0.32002
vt 0.91429 0.29881
vt 0.91563 0.32014
vt 0.04428 0.50186
vt 0.75639 0.91059
vt 0.77686 0.90545
vt 0.77696 0.91059
vt 0.88958 0.30505
vt 0.03552 0.52169
vt 0.52789 0.87978
vt 0.52833 0.86723
vt 0.53794 0.86065
vt 0.89425 0.29837
vt 0.93419 0.70949
vt 0.92571 0.72667
vt 0.93303 0.51437
vt 0.93303 0.53203
vt 0.92684 0.51485
vt 0.92682 0.52300
vt 0.93464 0.72712
vt 0.03598 0.50821
vt 0.84213 0.06333
vt 0.85379 0.08152
vt 0.44995 0.12859
vt 0.85169 0.06314
vt 0.07713 0.15682
vt 0.06783 0.13860
vt 0.07713 0.13918
vt 0.12128 0.15990
vt 0.42246 0.86011
vt 0.42064 0.85979
vt 0.41979 0.85745
vt 0.38808 0.84612
vt 0.42953 0.84618
vt 0.40106 0.85837
vt 0.42268 0.85745
vt 0.42987 0.85663
vt 0.15757 0.11645
vt 0.17540 0.12224
vt 0.15430 0.12805
vt 0.63547 0.14201
vt 0.64463 0.13477
vt 0.64715 0.14661
vt 0.65032 0.11656
vt 0.63799 0.13421
vt 0.64987 0.13724
vt 0.64806 0.10227
vt 0.85277 0.05345
vt 0.86617 0.05805
vt 0.14513 0.11229
vt 0.61391 0.94653
vt 0.61391 0.95748
vt 0.61143 0.94638
vt 0.05186 0.13126
vt 0.06720 0.13139
vt 0.05155 0.16550
vt 0.97247 0.93430
vt 0.97247 0.94671
vt 0.96669 0.93460
vt 0.97023 0.34605
vt 0.97023 0.33492
vt 0.97160 0.34643
vt 0.94273 0.02822
vt 0.94533 0.02762
vt 0.94662 0.04167
vt 0.96368 0.95189
vt 0.96515 0.94095
vt 0.96552 0.95189
vt 0.96690 0.94699
vt 0.96365 0.93788
vt 0.61100 0.95835
vt 0.33103 0.91108
vt 0.33216 0.92399
vt 0.31309 0.92399
vt 0.97191 0.33337
vt 0.86753 0.09020
vt 0.33301 0.91160
vt 0.31288 0.91093
vt 0.17169 0.13362
vt 0.95004 0.04221
vt 0.86515 0.05408
vt 0.90518 0.20478
vt 0.90414 0.20672
vt 0.89528 0.20672
vt 0.90602 0.18654
vt 0.89643 0.18627
vt 0.61443 0.96085
vt 0.99690 0.21192
vt 0.99462 0.21192
vt 0.99483 0.20853
vt 0.97240 0.05910
vt 0.97227 0.06797
vt 0.96875 0.06840
vt 0.90821 0.20775
vt 0.92035 0.99323
vt 0.92354 0.98867
vt 0.92350 0.99587
vt 0.96332 0.35321
vt 0.97234 0.35321
vt 0.96519 0.35402
vt 0.12390 0.88361
vt 0.12079 0.87510
vt 0.12452 0.87374
vt 0.10265 0.87593
vt 0.09693 0.88471
vt 0.97012 0.07157
vt 0.09593 0.86990
vt 0.02940 0.89680
vt 0.01802 0.88726
vt 0.03110 0.89591
vt 0.03742 0.75970
vt 0.05028 0.75227
vt 0.05037 0.78339
vt 0.96809 0.99997
vt 0.97056 0.99804
vt 0.97206 0.99874
vt 0.86809 0.05817
vt 0.05016 0.79023
vt 0.05016 0.82124
vt 0.04461 0.81577
vt 0.24602 0.87371
vt 0.27817 0.86909
vt 0.27817 0.87371
vt 0.72183 0.88243
vt 0.72399 0.90714
vt 0.72089 0.90759
vt 0.65418 0.91104
vt 0.65255 0.91075
vt 0.65339 0.88597
vt 0.04482 0.88652
vt 0.03491 0.89852
vt 0.91939 0.41782
vt 0.91939 0.40615
vt 0.92600 0.42221
vt 0.92581 0.40173
vt 0.87869 0.42354
vt 0.88209 0.44279
vt 0.87752 0.44928
vt 0.04116 0.43638
vt 0.02418 0.41300
vt 0.03802 0.41569
vt 0.65603 0.96378
vt 0.66017 0.96414
vt 0.64606 0.96440
vt 0.69831 0.01877
vt 0.70415 0.00866
vt 0.72114 0.01830
vt 0.17981 0.87429
vt 0.14927 0.86436
vt 0.18040 0.86471
vt 0.14430 0.15753
vt 0.89598 0.08527
vt 0.06171 0.48286
vt 0.04997 0.50697
vt 0.06260 0.51299
vt 0.77232 0.01347
vt 0.77232 0.01347
vt 0.77232 0.01347
vt 0.77232 0.01347
vt 0.77232 0.01347
vt 0.77232 0.01347
vt 0.77232 0.01347
vt 0.77232 0.01347
vt 0.77232 0.01347
vt 0.77232 0.01347
vt 0.77232 0.01347
vt 0.77232 0.01347
vt 0.77232 0.01347
vt 0.77232 0.01347
vt 0.77232 0.01347
vt 0.77232 0.01347
vt 0.77232 0.01347
vt 0.77232 0.01347
vt 0.77232 0.01347
vt 0.77232 0.01347
vt 0.77232 0.01347
vt 0.77232 0.01347
vt 0.77232 0.01347
vt 0.77232 0.01347
vt 0.77232 0.01347
vt 0.77232 0.01347
vt 0.77232 0.01347
vt 0.77232 0.01347
vt 0.77232 0.01347
vt 0.77232 0.01347
vt 0.77232 0.01347
vt 0.77232 0.01347
vt 0.77232 0.01347
vt 0.77232 0.01347
vt 0.77232 0.01347
vt 0.77232 0.01347
vt 0.77232 0.01347
vt 0.77232 0.01347
vt 0.77232 0.01347
vt 0.77232 0.01347
vt 0.77232 0.01347
vt 0.77232 0.01347
vt 0.77232 0.01347
vt 0.77232 0.01347
vt 0.77232 0.01347
vt 0.77232 0.01347
vt 0.77232 0.01347
vt 0.77232 0.01347
vt 0.77232 0.01347
vt 0.77232 0.01347
vt 0.77232 0.01347
vt 0.77232 0.01347
vt 0.77232 0.01347
vt 0.77232 0.01347
vt 0.77232 0.01347
vt 0.77232 0.01347
vt 0.77232 0.01347
vt 0.77232 0.01347
vt 0.77232 0.01347
vt 0.77232 0.01347
vt 0.77232 0.01347
vt 0.77232 0.01347
vt 0.77232 0.01347
vt 0.77232 0.01347
vt 0.77232 0.01347
vt 0.77232 0.01347
vt 0.77232 0.01347
vt 0.77232 0.01347
vt 0.77232 0.01347
vt 0.77232 0.01347
vt 0.77232 0.01347
vt 0.77232 0.01347
vt 0.77232 0.01347
vt 0.77232 0.01347
vt 0.77232 0.01347
vt 0.77232 0.01347
vt 0.77232 0.01347
vt 0.77232 0.01347
vt 0.77232 0.01347
vt 0.77232 0.01347
vt 0.77232 0.01347
vt 0.77232 0.01347
vt 0.77232 0.01347
vt 0.77232 0.01347
vt 0.77232 0.01347
vt 0.77232 0.01347
vt 0.77232 0.01347
vt 0.77232 0.01347
vt 0.77232 0.01347
vt 0.77232 0.01347
vt 0.77232 0.01347
vt 0.77232 0.01347
vt 0.77232 0.01347
vt 0.77232 0.01347
vt 0.77232 0.01347
vt 0.77232 0.01347
vt 0.77232 0.01347
vt 0.77232 0.01347
vt 0.77232 0.01347
vt 0.77232 0.01347
vt 0.77232 0.01347
vt 0.77232 0.01347
vt 0.77232 0.01347
vt 0.77232 0.01347
vt 0.77232 0.01347
vt 0.77232 0.01347
vt 0.77232 0.01347
vt 0.77232 0.01347
vt 0.77232 0.01347
vt 0.77232 0.01347
vt 0.77232 0.01347
vt 0.77232 0.01347
vt 0.77232 0.01347
vt 0.77232 0.01347
vt 0.77232 0.01347
vt 0.77232 0.01347
vt 0.77232 0.01347
vt 0.77232 0.01347
vt 0.77232 0.01347
vt 0.77232 0.01347
vt 0.77232 0.01347
vt 0.77232 0.01347
vt 0.77232 0.01347
vt 0.77232 0.01347
vt 0.77232 0.01347
vt 0.77232 0.01347
vt 0.77232 0.01347
vt 0.77232 0.01347
vt 0.77232 0.01347
vt 0.77232 0.01347
vt 0.77232 0.01347
vt 0.77232 0.01347
vt 0.77232 0.01347
vt 0.77232 0.01347
vt 0.77232 0.01347
vt 0.77232 0.01347
vt 0.77232 0.01347
vt 0.77232 0.01347
vt 0.77232 0.01347
vt 0.77232 0.01347
vt 0.77232 0.01347
vt 0.77232 0.01347
vt 0.77232 0.01347
vt 0.77232 0.01347
vt 0.77232 0.01347
vt 0.77232 0.01347
vn 0.0951 -0.7525 0.6517
vn 0.0951 -0.7525 0.6517
vn 0.0951 -0.7525 0.6517
vn 0.0065 -0.1709 0.9853
vn 0.0065 -0.1709 0.9853
vn 0.0065 -0.1709 0.9853
vn 0.0018 -0.9996 -0.0269
vn 0.0018 -0.9996 -0.0269
vn 0.0018 -0.9996 -0.0269
vn -0.0089 -1.0000 0.0036
vn -0.0098 -1.0000 0.0002
vn -0.0117 -0.9999 -0.0061
vn -0.0116 -0.9999 -0.0060
vn -0.0018 -0.9996 0.0281
vn -0.0163 -0.0010 -0.9999
vn -0.0163 0.0042 -0.9999
vn -0.0162 0.0005 -0.9999
vn -0.0163 -0.0010 -0.9999
vn -0.0322 0.9974 0.0652
vn -0.0093 0.9996 0.0279
vn -0.0155 0.9994 0.0300
vn -0.0165 0.0285 -0.9995
vn -0.0147 0.0722 -0.9973
vn -0.0100 0.0636 -0.9979
vn -0.0059 0.0561 -0.9984
vn -0.0059 -0.1731 0.9849
vn -0.0059 -0.1731 0.9849
vn -0.0059 -0.1731 0.9849
vn -0.0888 0.9907 0.1029
vn -0.1472 0.9887 -0.0272
vn -0.0139 0.9999 0.0050
vn 0.0647 0.9960 -0.0623
vn -0.0192 0.0803 -0.9966
vn -0.3493 0.9368 -0.0206
vn -0.3251 0.9387 -0.1146
vn -0.9997 -0.0104 -0.0221
vn -0.9999 -0.0062 -0.0162
vn -1.0000 -0.0014 -0.0091
vn -1.0000 0.0003 -0.0071
vn -1.0000 0.0004 -0.0068
vn -0.0133 0.9999 0.0035
vn -0.0133 0.9999 0.0035
vn -0.0133 0.9999 0.0035
vn -0.9978 0.0656 0.0055
vn -0.9940 0.1092 -0.0065
vn -0.9985 0.0544 0.0086
vn -0.9926 0.1209 -0.0098
vn 0.0014 0.0091 -1.0000
vn -0.0027 0.0053 -1.0000
vn 0.0020 0.0089 -1.0000
vn 0.0114 0.9998 -0.0140
vn 0.0341 0.0582 -0.9977
vn -0.0480 0.0222 -0.9986
vn -0.0428 0.0226 -0.9988
vn -0.0068 -0.0127 -0.9999
vn -0.0059 -0.0081 -0.9999
vn 0.0015 -0.0233 -0.9997
vn -0.0126 0.8787 0.4772
vn -0.0126 0.8787 0.4772
vn -0.0126 0.8787 0.4772
vn 0.0120 0.9992 -0.0394
vn 0.0163 0.9989 -0.0430
vn 0.0129 0.9991 -0.0401
vn -0.0003 0.0075 -1.0000
vn -0.0050 1.0000 -0.0036
vn -0.0030 1.0000 -0.0033
vn 0.0432 0.9978 0.0500
vn -0.8147 0.5774 -0.0539
vn -0.8022 0.5922 -0.0761
vn -0.8221 0.5691 -0.0159
vn 0.0086 0.9993 -0.0365
vn -0.0426 0.0134 -0.9990
vn 0.9320 -0.2979 0.2066
vn 0.9975 0.0477 0.0523
vn 0.9963 0.0759 0.0400
vn -0.8321 0.5546 0.0004
vn 0.9928 0.1189 -0.0123
vn 0.9993 -0.0027 -0.0381
vn 0.9990 0.0011 -0.0458
vn 0.9993 -0.0042 -0.0371
vn 0.9996 0.0166 -0.0249
vn 0.9984 0.0521 -0.0217
vn 0.9893 0.1412 -0.0371
vn -0.0682 0.0017 0.9977
vn -0.0682 0.0017 0.9977
vn -0.0682 0.0017 0.9977
vn 0.0222 0.9997 -0.0040
vn 0.0158 0.9999 0.0009
vn 0.0252 0.9993 -0.0270
vn -0.1101 0.0216 -0.9937
vn -0.0272 -0.0175 -0.9995
vn 0.0119 0.9998 -0.0177
vn 0.0881 0.9952 -0.0435
vn 0.1050 0.9944 -0.0124
vn -0.8108 0.5851 0.0185
vn -0.7222 0.3555 -0.5934
vn -0.7222 0.3555 -0.5934
vn -0.7222 0.3555 -0.5934
vn -0.9996 0.0130 -0.0246
vn -0.9999 -0.0110 -0.0100
vn -0.9999 -0.0077 -0.0121
vn -0.9998 -0.0200 -0.0046
vn -0.0097 -0.0298 -0.9995
vn 0.9741 0.2230 0.0380
vn 0.9908 0.1353 -0.0048
vn 0.9865 0.1634 0.0088
vn 0.9641 0.2596 0.0561
vn 0.0285 0.9996 -0.0025
vn 0.2098 0.9766 0.0466
vn 0.1730 0.9809 0.0886
vn 0.1194 0.9928 -0.0076
vn 0.0383 0.1121 0.9930
vn 0.0662 0.0253 0.9975
vn 0.0568 0.0670 0.9961
vn -0.0150 0.0020 -0.9999
vn -0.0018 1.0000 0.0051
vn 0.0136 0.9999 -0.0013
vn 0.1140 0.9933 -0.0174
vn 0.1347 0.1379 -0.9812
vn 0.1223 0.0982 -0.9876
vn 0.1625 0.1908 -0.9681
vn -0.0106 -0.9961 -0.0880
vn -0.0106 -0.9961 -0.0880
vn -0.0106 -0.9961 -0.0880
vn 0.0118 -0.9340 -0.3570
vn 0.0118 -0.9340 -0.3570
vn 0.0118 -0.9340 -0.3570
vn -0.0095 0.0012 -1.0000
vn 0.1736 0.0324 -0.9843
vn -0.0019 0.9980 -0.0628
vn -0.5018 -0.8640 0.0411
vn -0.5018 -0.8640 0.0411
vn -0.5018 -0.8640 0.0411
vn 0.0276 0.1675 0.9855
vn -0.9999 -0.0025 -0.0108
vn -0.9995 0.0125 0.0285
vn -1.0000 0.0001 0.0041
vn -1.0000 -0.0021 -0.0049
vn -1.0000 -0.0003 -0.0086
vn -0.9998 0.0007 -0.0215
vn -1.0000 -0.0014 0.0018
vn -0.9997 0.0078 0.0221
vn 0.5056 -0.8622 -0.0324
vn 0.5874 -0.8093 -0.0028
vn 0.5648 -0.8252 -0.0112
vn 0.4799 -0.8764 -0.0412
vn 0.1167 0.9453 0.3047
vn -0.1437 0.9894 0.0195
vn 0.1811 0.9797 0.0858
vn -0.2020 0.9793 0.0104
vn 0.1377 0.1239 -0.9827
vn 0.0386 0.2564 0.9658
vn 0.0281 0.1835 0.9826
vn 0.1860 -0.4818 -0.8563
vn 0.1860 -0.4818 -0.8563
vn 0.1860 -0.4818 -0.8563
vn 0.0423 0.9987 0.0282
vn 0.9914 -0.0469 0.1218
vn 0.9855 -0.0379 0.1655
vn 0.9839 -0.0465 -0.1727
vn 0.0017 -0.5152 0.8571
vn 0.0017 -0.5152 0.8571
vn 0.0017 -0.5152 0.8571
vn 0.0615 0.1909 -0.9797
vn 0.9911 -0.0532 -0.1219
vn 0.9986 -0.0511 -0.0130
vn -0.1937 0.9810 -0.0086
vn -0.1937 0.9810 -0.0086
vn -0.1937 0.9810 -0.0086
vn 0.9897 0.1212 -0.0765
vn 0.9834 0.1687 -0.0674
vn 0.9475 0.3177 -0.0376
vn 0.9307 0.3647 -0.0276
vn 0.6334 0.7699 -0.0778
vn 0.6334 0.7699 -0.0778
vn 0.6334 0.7699 -0.0778
vn 0.3340 0.1209 0.9348
vn 0.3340 0.1209 0.9348
vn 0.3340 0.1209 0.9348
vn 0.9682 0.2503 0.0021
vn 0.9682 0.2503 0.0021
vn 0.9682 0.2503 0.0021
vn 0.1280 0.9868 0.0995
vn -0.0099 0.9944 -0.1057
vn -0.0099 0.9944 -0.1057
vn -0.0099 0.9944 -0.1057
vn -0.0181 0.0327 0.9993
vn -0.0448 0.0245 0.9987
vn -0.0041 0.0369 0.9993
vn -0.0000 -0.9938 0.1115
vn -0.0000 -0.9938 0.1115
vn -0.0000 -0.9938 0.1115
vn 0.0043 -0.9994 -0.0343
vn 0.0043 -0.9994 -0.0343
vn 0.0043 -0.9994 -0.0343
vn -0.0004 0.0508 0.9987
vn -0.0004 0.0508 0.9987
vn -0.0004 0.0508 0.9987
vn 0.1127 -0.0225 -0.9934
vn 0.2386 -0.0162 -0.9710
vn -0.0052 -0.0280 -0.9996
vn -0.0206 0.9915 0.1282
vn -0.0206 0.9915 0.1282
vn -0.0206 0.9915 0.1282
vn -0.9972 0.0699 0.0263
vn -0.9972 0.0699 0.0263
vn -0.9972 0.0699 0.0263
vn -0.0089 0.0007 -1.0000
vn -0.0065 -0.0073 -1.0000
vn -0.0003 -0.0034 -1.0000
vn -0.0816 0.0133 0.9966
vn 0.0116 -0.9999 -0.0120
vn 0.0116 -0.9999 -0.0120
vn 0.0116 -0.9999 -0.0120
vn -0.0664 -0.9976 0.0214
vn -0.0561 -0.9898 0.1307
vn -0.0581 -0.9885 0.1396
vn -0.0046 -0.9786 0.2059
vn -0.0028 0.0096 1.0000
vn -0.0039 0.0086 1.0000
vn 0.0079 0.0192 0.9998
vn -0.0121 -0.9996 -0.0252
vn 0.0167 -0.0037 0.9999
vn 0.0167 -0.0037 0.9999
vn 0.0167 -0.0037 0.9999
vn -0.9907 0.0067 0.1360
vn -0.9975 0.0210 0.0680
vn -0.9951 0.0057 0.0986
vn 0.0089 0.0147 -0.9999
vn 0.0039 -0.0324 -0.9995
vn 0.0226 0.0723 -0.9971
vn -0.1877 0.1125 0.9758
vn -0.0915 0.0124 0.9957
vn -0.3574 -0.1233 0.9258
vn -0.9982 0.0427 0.0424
vn -0.9888 0.0129 0.1488
vn -0.0150 -0.0015 0.9999
vn -0.0357 -0.9751 0.2189
vn -0.2794 -0.0965 0.9553
vn -0.1072 -0.0522 0.9929
vn -0.3179 -0.1063 0.9421
vn -0.0568 -0.0390 0.9976
vn 0.0307 -0.5307 0.8470
vn 0.0307 -0.5307 0.8470
vn 0.0307 -0.5307 0.8470
vn 0.0189 0.0406 -0.9990
vn 0.0173 0.0282 -0.9995
vn -0.0711 0.0262 0.9971
vn -0.0331 -0.0207 0.9992
vn -0.0124 -0.0284 -0.9995
vn 0.9986 0.0375 0.0376
vn 0.9986 0.0500 0.0162
vn 0.9976 0.0683 -0.0151
vn 0.9955 0.0042 0.0943
vn 0.0715 0.9957 0.0595
vn 0.0450 0.9986 0.0290
vn 0.0468 0.9983 0.0344
vn -0.9931 0.0589 0.1017
vn -0.9966 0.0406 0.0715
vn -0.9862 0.0838 0.1427
vn -0.9995 0.0150 0.0292
vn -0.5678 -0.8226 -0.0289
vn -0.5678 -0.8226 -0.0289
vn -0.5678 -0.8226 -0.0289
vn -0.9992 -0.0396 -0.0024
vn -0.9990 -0.0422 -0.0173
vn -0.9974 -0.0150 -0.0700
vn -0.9965 -0.0205 -0.0805
vn -0.9963 -0.0838 0.0163
vn -0.9950 -0.0996 -0.0024
vn -0.0138 -0.9995 -0.0289
vn -0.0135 -0.9995 -0.0293
vn -0.0133 -0.9995 -0.0296
vn -0.9994 -0.0137 0.0332
vn -0.9995 -0.0153 0.0289
vn -0.9989 -0.0106 0.0465
vn -0.9997 -0.0155 0.0183
vn -0.0254 -0.0301 0.9992
vn -0.0559 0.0009 0.9984
vn -0.0590 0.0041 0.9982
vn -0.9997 -0.0259 0.0041
vn -0.9986 -0.0051 0.0531
vn 0.6141 0.7865 -0.0655
vn 0.6031 0.7920 -0.0946
vn 0.6091 0.7890 -0.0808
vn 0.0165 0.1576 0.9874
vn -0.1285 -0.9911 0.0349
vn -0.1281 -0.9912 0.0344
vn -0.1392 -0.9891 0.0483
vn -0.0147 -0.0079 -0.9999
vn -0.0244 -0.0085 -0.9997
vn -0.0327 -0.0034 -0.9995
vn 0.1135 0.1310 0.9849
vn 0.0475 0.0525 -0.9975
vn -0.1162 -0.9930 0.0194
vn -0.0593 -0.0446 0.9972
vn 0.1205 0.0799 0.9895
vn -0.0005 -0.0338 0.9994
vn -0.6077 0.7938 -0.0266
vn -0.6077 0.7938 -0.0266
vn -0.6077 0.7938 -0.0266
vn -0.0876 0.0332 0.9956
vn -0.9818 0.0592 0.1804
vn -0.9838 0.0774 0.1615
vn -0.9842 0.0550 0.1685
vn -0.9481 -0.1888 0.2558
vn -0.9169 -0.3585 0.1755
vn -0.9480 -0.0993 0.3025
vn -0.0048 -0.0129 -0.9999
vn 0.0313 -0.0426 0.9986
vn -0.0228 -0.0246 0.9994
vn 0.0633 -0.0537 0.9966
vn 0.1271 -0.9918 -0.0118
vn 0.1271 -0.9918 -0.0118
vn 0.1271 -0.9918 -0.0118
vn 0.0770 0.0134 0.9969
vn -0.3759 -0.8077 0.4542
vn -0.1967 -0.7626 0.6162
vn -0.2201 -0.7709 0.5978
vn -0.0081 0.0522 0.9986
vn -0.0066 0.0177 0.9998
vn 0.0248 -0.0671 -0.9974
vn 0.0026 -0.0737 -0.9973
vn -0.0228 0.0187 -0.9996
vn 0.0216 0.9997 0.0080
vn 0.0129 0.9999 0.0020
vn 0.1153 -0.0604 0.9915
vn 0.0005 -0.0649 0.9979
vn -0.0303 -0.0385 -0.9988
vn -0.0485 -0.0527 -0.9974
vn -0.0233 -0.0331 -0.9992
vn -0.0001 -0.9999 0.0120
vn -0.0001 -0.9999 0.0120
vn 0.9994 0.0150 -0.0299
vn 0.9994 0.0106 -0.0338
vn 0.9994 0.0099 -0.0344
vn 0.6059 0.7947 -0.0357
vn 0.9993 0.0056 -0.0382
vn -0.0365 -0.6889 0.7240
vn -0.0031 0.0122 -0.9999
vn -0.0054 0.0465 -0.9989
vn -0.0133 0.1513 -0.9884
vn -0.0131 -0.9995 -0.0300
vn 0.9999 0.0165 0.0027
vn 0.9995 0.0301 0.0062
vn 0.9989 0.0404 0.0238
vn 0.9999 -0.0002 -0.0169
vn 0.9979 0.0615 0.0185
vn 0.9998 0.0005 -0.0196
vn 0.6153 0.7736 -0.1516
vn -0.9957 0.0533 -0.0754
vn -0.9876 -0.0250 -0.1552
vn -0.9853 -0.0259 -0.1689
vn -0.9685 -0.0895 -0.2323
vn -1.0000 0.0044 0.0075
vn -1.0000 0.0005 0.0085
vn -0.9998 -0.0186 0.0088
vn -0.9994 -0.0285 0.0172
vn -0.9986 0.0228 0.0475
vn -0.9996 -0.0245 0.0158
vn -0.9987 -0.0153 0.0480
vn -0.9957 -0.0905 -0.0200
vn -0.9955 -0.0464 -0.0827
vn -0.9998 -0.0209 0.0016
vn -1.0000 -0.0090 -0.0029
vn 0.6192 0.7572 -0.2077
vn -0.0027 0.9793 0.2026
vn -0.0215 0.9990 0.0403
vn -0.0442 0.9951 0.0888
vn 0.0268 -0.9983 0.0513
vn -0.0556 -0.9981 -0.0252
vn -0.0157 -0.9998 -0.0137
vn -0.0049 -0.0187 -0.9998
vn -0.0087 0.4288 -0.9034
vn 0.0030 0.9745 0.2243
vn -0.0438 0.9990 -0.0101
vn 0.0129 0.9865 -0.1631
vn -0.4267 0.0265 0.9040
vn -0.4359 0.0171 0.8998
vn -0.4027 0.0508 0.9139
vn -0.4537 -0.0015 0.8912
vn -0.9953 -0.0136 -0.0959
vn -0.9951 0.0041 -0.0990
vn -0.9971 -0.0261 -0.0709
vn -0.9979 -0.0418 -0.0495
vn -0.0848 -0.0773 0.9934
vn -0.0304 0.0216 0.9993
vn -0.9953 0.0183 -0.0955
vn -0.9953 0.0362 -0.0895
vn -0.0545 0.0193 -0.9983
vn -0.0562 0.0171 -0.9983
vn -0.0512 0.0235 -0.9984
vn -0.1017 0.9913 0.0831
vn -0.1964 0.9665 0.1651
vn -0.1775 0.9712 0.1590
vn -0.0328 -0.9968 0.0728
vn -0.0559 -0.5091 0.8589
vn -0.0559 -0.5091 0.8589
vn -0.0559 -0.5091 0.8589
vn 0.0075 -0.0313 0.9995
vn -0.0117 -0.0080 0.9999
vn -0.0169 -0.0017 0.9999
vn 0.2829 0.3245 -0.9026
vn 0.0031 0.9999 0.0104
vn 0.0039 1.0000 0.0047
vn 0.0133 0.9999 0.0038
vn 0.6388 0.7421 -0.2030
vn -0.0742 0.2537 -0.9644
vn -0.0721 0.2032 -0.9765
vn 0.0269 0.9993 -0.0274
vn 0.0401 0.9984 -0.0408
vn 0.0272 0.9992 -0.0277
vn 0.0148 0.9230 -0.3844
vn 0.0148 0.9230 -0.3844
vn 0.0148 0.9230 -0.3844
vn 0.0149 -0.0006 0.9999
vn 0.0317 -0.0139 0.9994
vn 0.0100 0.0033 0.9999
vn -0.0924 -0.9836 -0.1551
vn -0.1935 -0.0340 -0.9805
vn -0.2188 -0.0054 -0.9757
vn -0.2117 -0.0135 -0.9772
vn -0.0362 0.0215 0.9991
vn 0.0076 -0.9999 -0.0130
vn 0.0339 -0.9991 -0.0268
vn -0.0797 0.9956 0.0499
vn 0.0142 0.9998 -0.0144
vn 0.0041 1.0000 0.0067
vn -0.0216 0.9994 0.0260
vn -0.0074 0.9999 0.0156
vn -0.2348 0.0129 -0.9720
vn 0.0350 0.9984 0.0447
vn 0.0328 0.9986 0.0420
vn 0.0457 0.9973 0.0574
vn 0.0109 0.9999 0.0030
vn -0.0466 -0.0020 -0.9989
vn -0.0430 -0.0083 -0.9990
vn -0.0270 -0.0289 -0.9992
vn 0.6654 0.6977 -0.2654
vn 0.0223 0.9993 0.0296
vn 0.9961 -0.0274 0.0840
vn 0.9994 -0.0196 0.0300
vn 0.9998 -0.0033 0.0185
vn 0.9999 0.0104 0.0074
vn 0.9956 -0.0615 0.0705
vn 0.9969 -0.0394 0.0685
vn -0.0066 0.0165 0.9998
vn 0.0046 1.0000 -0.0053
vn -0.0598 0.9981 -0.0151
vn 0.9472 0.0684 0.3132
vn -0.0597 0.0126 -0.9981
vn 0.5384 0.1117 0.8353
vn 0.5384 0.1117 0.8353
vn 0.5384 0.1117 0.8353
vn -0.0481 -0.0461 0.9978
vn -0.0235 -0.1162 0.9929
vn -0.0345 -0.2623 0.9644
vn 0.8317 0.2394 -0.5009
vn 0.8317 0.2394 -0.5009
vn 0.8317 0.2394 -0.5009
vn 0.9998 0.0192 -0.0079
vn 0.9999 0.0149 -0.0026
vn 0.9991 0.0337 -0.0263
vn -0.7698 0.6114 0.1834
vn -0.7698 0.6114 0.1834
vn -0.7698 0.6114 0.1834
vn 0.9999 0.0000 0.0162
vn -0.0885 0.9956 -0.0303
vn -0.0976 0.9952 -0.0060
vn 0.0019 -0.1136 0.9935
vn 0.9967 0.0520 0.0629
vn 0.9973 0.0470 0.0569
vn 0.9991 0.0264 0.0320
vn 0.9937 0.0712 0.0862
vn -0.2236 -0.9743 0.0260
vn -0.7659 -0.0081 0.6429
vn -0.7659 -0.0081 0.6429
vn -0.7659 -0.0081 0.6429
vn -0.9962 0.0403 -0.0773
vn -0.9956 0.0849 -0.0386
vn -0.9957 0.0273 -0.0884
vn -0.9924 -0.0127 -0.1227
vn -0.9923 0.1236 -0.0052
vn -0.9979 -0.0465 -0.0441
vn -0.9980 0.0590 0.0222
vn -0.9685 0.0455 -0.2449
vn -0.9996 0.0162 -0.0227
vn -0.9951 0.0494 -0.0854
vn -0.1278 -0.0917 0.9876
vn -0.0653 -0.0239 0.9976
vn -0.0944 -0.0775 0.9925
vn -0.9858 0.1617 0.0458
vn -0.8677 0.4966 -0.0241
vn -0.9991 0.0405 -0.0091
vn -0.9999 0.0077 -0.0132
vn -0.9997 -0.0044 -0.0251
vn 0.9177 0.1070 -0.3826
vn 0.9177 0.1070 -0.3826
vn 0.9177 0.1070 -0.3826
vn -0.0507 -0.0346 0.9981
vn -0.0584 -0.1255 0.9904
vn -0.0031 -0.0179 0.9998
vn -0.0259 0.0216 0.9994
vn 0.0126 -0.0448 0.9989
vn -0.9987 0.0506 -0.0050
vn 0.6862 0.6278 -0.3674
vn -0.9974 0.0620 -0.0355
vn -0.9999 0.0098 -0.0032
vn -0.9937 0.1075 -0.0309
vn -0.9929 0.1143 -0.0333
vn -0.9997 -0.0201 -0.0145
vn -0.0138 -0.9756 0.2191
vn 0.0058 -0.9815 0.1915
vn 0.0121 -0.9928 0.1191
vn -0.9993 -0.0346 -0.0117
vn -0.9983 -0.0567 0.0104
vn -0.0487 -0.0354 0.9982
vn 0.0343 0.9984 -0.0450
vn 0.0046 0.9978 -0.0664
vn 0.0503 0.9971 -0.0574
vn 0.0828 0.0525 -0.9952
vn 0.1131 0.0620 -0.9916
vn -0.0097 0.0234 -0.9997
vn -0.0461 0.0567 0.9973
vn -0.0849 -0.9963 -0.0106
vn -0.0837 -0.9964 -0.0094
vn -0.1362 -0.9888 -0.0613
vn -0.0421 -0.9949 -0.0919
vn -0.0421 -0.9949 -0.0919
vn -0.0421 -0.9949 -0.0919
vn -0.0586 0.9983 0.0046
vn -0.0663 0.9975 -0.0232
vn -0.0611 0.9981 -0.0046
vn 0.0385 0.9982 -0.0461
vn 0.0324 0.9946 -0.0982
vn 0.0244 0.9989 -0.0405
vn -0.0413 0.9898 -0.1365
vn -0.0095 0.0099 -0.9999
vn 0.0416 0.9990 -0.0132
vn -0.0010 -0.0319 -0.9995
vn -0.0260 -0.0449 -0.9987
vn -0.0289 -0.0368 -0.9989
vn 0.0654 0.9978 0.0125
vn -0.0398 0.0139 -0.9991
vn -0.0271 0.0108 -0.9996
vn -0.0018 1.0000 -0.0044
vn -0.0474 0.9979 0.0445
vn -0.0384 -0.4273 0.9033
vn -0.2561 -0.0283 0.9662
vn -0.0785 0.9962 -0.0370
vn -0.1049 0.9933 -0.0485
vn -0.1972 0.9714 -0.1324
vn -0.1119 0.9934 -0.0261
vn -0.2060 0.9678 -0.1445
vn 0.0003 0.2034 -0.9791
vn -0.0440 0.0348 -0.9984
vn 0.0022 0.9977 -0.0680
vn 0.0030 0.9959 -0.0903
vn 0.0118 -0.9944 0.1055
vn -0.9795 0.0195 -0.2005
vn -0.9917 0.0394 -0.1225
vn -0.9900 0.0359 -0.1366
vn -0.9764 0.0157 -0.2153
vn -0.1349 -0.0010 -0.9909
vn -0.1500 -0.0036 -0.9887
vn -0.1524 -0.0040 -0.9883
vn 0.0043 -0.9977 0.0677
vn -0.0009 -0.9975 0.0713
vn 0.0376 0.9974 -0.0610
vn 0.0282 0.9961 -0.0840
vn -0.0137 0.3668 -0.9302
vn 0.0040 0.2721 -0.9623
vn -0.0120 0.3580 -0.9337
vn 0.0067 0.2571 -0.9664
vn -0.3860 0.8821 -0.2700
vn -0.1329 -0.0007 -0.9911
vn 0.0012 -0.0032 1.0000
vn 0.0111 -0.0063 0.9999
vn -0.0007 -0.0037 1.0000
vn -0.9994 -0.0108 -0.0343
vn -0.9919 0.0186 -0.1256
vn -0.9983 -0.0030 -0.0584
vn -0.9884 0.0262 -0.1494
vn -0.0547 0.1998 -0.9783
vn -0.0936 0.9956 -0.0075
vn -0.0043 1.0000 -0.0086
vn -0.0033 1.0000 -0.0047
vn 0.0050 -0.0456 -0.9989
vn -0.0031 -0.0078 1.0000
vn -0.0497 0.7448 0.6654
vn -0.0497 0.7448 0.6654
vn -0.0497 0.7448 0.6654
vn -0.1346 0.0374 -0.9902
vn -0.1102 0.0326 -0.9934
vn -0.0318 -0.9986 0.0415
vn 0.0251 -0.0034 -0.9997
vn -0.1222 0.9925 0.0055
vn -0.5774 0.8126 0.0794
vn -0.5774 0.8126 0.0794
vn -0.5774 0.8126 0.0794
vn 0.9990 0.0333 -0.0298
vn 0.9997 0.0209 -0.0104
vn 0.9993 0.0289 -0.0230
vn 0.9981 0.0426 -0.0443
vn 0.6604 -0.1243 -0.7406
vn 0.6604 -0.1243 -0.7406
vn 0.6604 -0.1243 -0.7406
vn -0.9977 0.0130 0.0659
vn -0.9999 -0.0124 0.0081
vn -0.9972 0.0159 0.0735
vn -0.9991 0.0037 0.0431
vn -0.9996 -0.0226 -0.0152
vn 0.0286 -0.0043 0.9996
vn 0.0233 -0.0058 0.9997
vn 0.0822 0.9966 0.0090
vn 0.0822 0.9966 0.0090
vn 0.0822 0.9966 0.0090
vn 0.0016 0.9987 -0.0500
vn -0.0012 -0.0130 0.9999
vn -0.7470 0.6648 -0.0008
vn -0.7470 0.6648 -0.0008
vn -0.7470 0.6648 -0.0008
vn 0.8960 0.0072 -0.4440
vn 0.9897 0.1090 -0.0931
vn 0.9511 0.0499 -0.3049
vn 0.9917 0.1235 -0.0367
vn -0.9970 0.0485 0.0609
vn -0.9990 0.0368 -0.0250
vn -0.9820 0.0137 -0.1882
vn 0.9920 -0.0767 -0.1002
vn 0.9920 -0.0767 -0.1002
vn 0.9920 -0.0767 -0.1002
vn -0.9227 -0.0158 -0.3852
vn -0.0001 -0.9999 0.0120
vn 0.0159 0.0057 0.9999
vn 0.0159 0.0057 0.9999
vn 0.0159 0.0057 0.9999
vn 0.0299 0.0177 0.9994
vn 0.0299 0.0177 0.9994
vn 0.0299 0.0177 0.9994
vn 0.0526 -0.0774 0.9956
vn 0.0526 -0.0774 0.9956
vn 0.0526 -0.0774 0.9956
vn -0.0777 -0.9906 0.1123
vn 0.0323 -0.9625 0.2693
vn -0.0925 -0.9955 0.0210
vn -0.0333 0.9994 0.0084
vn -0.0285 0.9990 -0.0337
vn -0.0020 0.9977 0.0685
vn 0.0054 -0.0260 0.9996
vn 0.0054 -0.0260 0.9996
vn 0.0054 -0.0260 0.9996
vn -0.1447 -0.9806 0.1318
vn -0.0769 -0.9819 0.1729
vn 0.0070 -0.9513 0.3081
vn -0.0268 0.9994 -0.0203
vn -0.0268 0.9994 -0.0203
vn -0.0268 0.9994 -0.0203
vn -0.0149 -0.0168 0.9997
vn -0.0149 -0.0168 0.9997
vn -0.0149 -0.0168 0.9997
vn -0.9948 0.0304 0.0973
vn -0.9921 -0.0149 0.1244
vn -0.9968 0.0197 0.0778
vn -0.1363 -0.9849 0.1071
vn -0.0823 -0.9714 0.2228
vn 0.0237 -0.9232 0.3837
vn -0.1516 0.9797 0.1310
vn 0.0002 0.9615 0.2750
vn -0.1016 0.9841 0.1459
vn -0.9991 0.0217 0.0366
vn -0.9981 0.0601 0.0107
vn -0.9987 0.0244 0.0454
vn -0.9897 0.1001 0.1020
vn -0.9897 0.1001 0.1020
vn -0.9897 0.1001 0.1020
vn -0.9954 0.0659 0.0697
vn -0.9707 -0.0735 0.2290
vn -0.4229 -0.9054 0.0367
vn -0.2039 -0.9788 0.0187
vn -0.9973 -0.0584 0.0452
vn -0.9989 0.0051 0.0461
vn -0.9990 0.0025 0.0445
vn -0.9986 0.0081 0.0519
vn -0.9987 0.0071 0.0503
vn 0.0571 0.9983 0.0112
vn -0.9977 0.0151 0.0667
vn -0.7559 0.0256 0.6542
vn -0.7208 0.2926 0.6284
vn -0.7311 0.2459 0.6365
vn -0.9562 -0.1629 0.2431
vn -0.9986 0.0059 0.0529
vn -0.9989 0.0012 0.0478
vn -0.9873 -0.1354 0.0830
vn -0.9888 -0.1106 0.1002
vn 0.0567 -0.9983 -0.0158
vn -0.0038 -0.9994 -0.0330
vn 0.0460 -0.9962 -0.0746
vn 0.1140 -0.9882 -0.1022
vn -0.0140 -0.0440 -0.9989
vn -0.0001 -0.0478 -0.9989
vn 0.0172 -0.0524 -0.9985
vn 0.0607 0.9980 0.0163
vn 0.0045 0.0039 1.0000
vn 0.0045 0.0039 1.0000
vn 0.0045 0.0039 1.0000
vn -0.6495 0.5029 0.5703
vn -0.0310 0.0313 0.9990
vn -0.0551 -0.0302 0.9980
vn -0.1218 -0.0481 0.9914
vn -0.0291 0.9967 0.0762
vn 0.0470 0.9989 -0.0000
vn -0.0243 0.9971 0.0715
vn -0.1398 -0.9900 0.0187
vn -0.0090 0.9998 -0.0160
vn -0.0342 0.9974 0.0636
vn -0.0083 0.9998 -0.0173
vn -0.2658 0.1086 0.9579
vn -0.0794 0.1453 0.9862
vn -0.1728 0.1354 0.9756
vn -0.0602 0.9963 -0.0613
vn -0.1396 0.0781 0.9871
vn -0.1527 0.2060 0.9666
vn -0.0265 0.0316 0.9991
vn 0.0026 0.0190 0.9998
vn -0.0135 -0.0082 0.9999
vn 0.0005 0.9912 0.1321
vn -0.0821 0.9962 0.0304
vn 0.0222 -0.0538 -0.9983
vn -0.1859 0.7312 -0.6563
vn -0.1859 0.7312 -0.6563
vn -0.1859 0.7312 -0.6563
vn -0.0891 0.9867 0.1360
vn -0.0500 0.9973 0.0532
vn -0.0290 0.9991 0.0303
vn -0.0043 -0.9916 0.1293
vn -0.0322 -0.9945 0.0998
vn -0.0295 -0.9943 0.1027
vn -0.1453 -0.0908 -0.9852
vn -0.1453 -0.0908 -0.9852
vn -0.1453 -0.0908 -0.9852
vn -0.0180 0.9950 0.0982
vn -0.0123 0.9921 0.1251
vn 0.0548 -0.9930 0.1049
vn -0.0129 -0.9861 0.1654
vn 0.0684 -0.9934 0.0925
vn -0.0026 0.9960 -0.0896
vn -0.0167 0.0495 0.9986
vn -0.0330 0.0706 0.9970
vn -0.0324 0.0439 0.9985
vn -0.0324 0.0439 0.9985
vn -0.0324 0.0439 0.9985
vn -0.7257 0.0278 0.6874
vn -0.7257 0.0278 0.6874
vn -0.7257 0.0278 0.6874
vn -0.1404 0.9901 0.0003
vn -0.3681 0.0217 0.9295
vn -0.1792 0.0354 0.9832
vn -0.0818 0.0635 0.9946
vn -0.9525 0.0117 -0.3043
vn -0.9908 0.0039 -0.1352
vn -0.8914 0.0372 -0.4517
vn -1.0000 0.0001 0.0081
vn -0.9996 -0.0052 0.0262
vn -0.9999 0.0074 0.0092
vn 0.1499 -0.9885 0.0176
vn -0.0279 -0.5551 0.8313
vn -0.0279 -0.5551 0.8313
vn -0.0279 -0.5551 0.8313
vn -0.9979 0.0386 0.0528
vn -0.9997 0.0090 0.0216
vn -0.9999 0.0035 0.0158
vn -0.9996 -0.0258 -0.0152
vn -0.9991 -0.0393 0.0153
vn -0.9992 -0.0264 0.0298
vn -0.9740 -0.2174 0.0642
vn -0.9982 -0.0327 0.0512
vn -0.9321 -0.3522 0.0843
vn 0.0022 0.0019 -1.0000
vn 0.0022 0.0019 -1.0000
vn 0.0022 0.0019 -1.0000
vn -0.4018 -0.0459 0.9146
vn -0.3789 -0.0477 0.9242
vn -0.5140 -0.0363 0.8570
vn -0.7569 0.6442 0.1095
vn -0.7649 0.6351 0.1075
vn -0.7080 0.6957 0.1212
vn -0.1694 0.0313 0.9850
vn 0.9744 -0.0068 -0.2246
vn 0.9936 -0.0222 -0.1109
vn 0.9923 -0.0208 -0.1219
vn -0.0539 0.0550 0.9970
vn -0.0281 0.0305 0.9991
vn -0.0298 0.0321 0.9990
vn -0.0054 0.0090 0.9999
vn -0.0585 -0.9957 0.0719
vn -0.1085 0.9871 0.1181
vn 0.9709 -0.0048 -0.2393
vn -0.6989 0.7045 0.1232
vn 0.0095 -0.0063 -0.9999
vn -0.0042 0.0116 -0.9999
vn -0.1068 -0.0272 0.9939
vn -0.6349 0.6487 0.4196
vn -0.6441 0.6543 0.3963
vn -0.5293 0.5765 0.6225
vn -0.2865 -0.0545 0.9565
vn -0.9936 0.0067 0.1123
vn -0.9939 0.0059 0.1100
vn -0.9946 0.0038 0.1040
vn -0.9948 0.0032 0.1020
vn -0.6974 0.6813 0.2224
vn -0.5867 -0.0377 0.8090
vn -0.5550 -0.0521 0.8302
vn -0.7282 0.0343 0.6845
vn -0.3701 -0.9238 0.0976
vn -0.3701 -0.9238 0.0976
vn -0.3701 -0.9238 0.0976
vn -0.3116 0.0097 0.9502
vn -0.7468 0.0449 0.6635
vn 0.0285 -0.0578 0.9979
vn 0.2788 -0.0166 0.9602
vn 0.1803 -0.0331 0.9831
vn 0.9946 -0.0338 0.0980
vn 0.9901 -0.0437 0.1333
vn 0.9958 -0.0289 0.0867
vn 0.9998 -0.0012 0.0206
vn 0.9992 0.0307 0.0257
vn 0.9993 0.0061 0.0379
vn 0.9984 0.0084 0.0550
vn 0.9995 0.0153 0.0277
vn 0.9977 0.0060 0.0676
vn 0.9963 -0.0240 0.0823
vn 0.9960 0.0862 -0.0243
vn 0.9994 0.0122 -0.0331
vn 0.9998 0.0027 -0.0209
vn 0.9969 -0.0455 0.0646
vn 0.9968 -0.0659 0.0459
vn -0.0850 0.9963 -0.0084
vn -0.1341 0.9900 0.0446
vn -0.1366 0.9895 0.0474
vn 0.0605 0.0020 0.9982
vn 0.0533 0.0072 0.9986
vn 0.2066 -0.0353 0.9778
vn 0.0023 -0.9996 0.0264
vn 0.0023 -0.9996 0.0264
vn 0.0023 -0.9996 0.0264
vn -0.0126 0.0081 0.9999
vn -0.0021 0.0091 1.0000
vn -0.0108 0.0042 0.9999
vn 0.0290 0.1020 0.9944
vn 0.2363 -0.6820 0.6921
vn 0.2363 -0.6820 0.6921
vn 0.2363 -0.6820 0.6921
vn 0.0365 -0.0405 0.9985
vn -0.1821 0.9785 0.0970
vn 0.0459 -0.9973 -0.0573
vn 0.0433 -0.9969 -0.0653
vn 0.0571 -0.9981 -0.0222
vn 0.0226 -0.0479 0.9986
vn 0.0853 -0.0230 0.9961
vn 0.0603 -0.9981 -0.0122
vn -0.4192 -0.8032 -0.4232
vn -0.4192 -0.8032 -0.4232
vn -0.4192 -0.8032 -0.4232
vn -0.1818 -0.5284 0.8293
vn -0.1818 -0.5284 0.8293
vn -0.1818 -0.5284 0.8293
vn 0.0601 -0.9980 0.0185
vn 0.0146 -0.9998 -0.0136
vn 0.0434 -0.9990 0.0067
vn 0.0729 -0.0196 0.9971
vn 0.0197 -0.0196 -0.9996
vn 0.0868 -0.9955 0.0372
vn -0.0572 -0.0033 0.9984
vn -0.7610 -0.6310 0.1506
vn -0.7610 -0.6310 0.1506
vn -0.7610 -0.6310 0.1506
vn 0.9995 -0.0120 0.0298
vn 0.9996 -0.0122 0.0239
vn 0.9996 -0.0157 0.0225
vn 0.9995 -0.0161 0.0289
vn 0.9994 -0.0062 0.0342
vn 0.9905 -0.0142 0.1365
vn 0.9971 -0.0095 0.0753
vn 0.9994 -0.0071 0.0330
vn 0.9875 -0.0521 -0.1487
vn 0.9752 -0.0738 -0.2088
vn 0.9850 -0.0573 -0.1629
vn 0.9709 -0.0799 -0.2257
vn -0.0315 -0.1140 -0.9930
vn -0.0258 -0.1076 -0.9939
vn -0.0109 -0.0904 -0.9958
vn -0.0270 -0.0035 0.9996
vn -0.0039 0.0326 0.9995
vn 0.0018 0.9506 0.3105
vn -0.0057 0.9261 0.3772
vn -0.0014 0.9408 0.3389
vn -0.4120 -0.4481 0.7934
vn -0.3006 -0.3350 0.8930
vn -0.4087 -0.4447 0.7970
vn 0.5604 0.8279 0.0253
vn 0.5776 0.8141 0.0606
vn 0.5801 0.8124 0.0596
vn -0.2666 -0.3003 0.9158
vn 0.5933 0.7964 0.1169
vn 0.5787 0.8143 0.0448
vn 0.5904 0.8035 0.0763
vn -0.0513 -0.1841 0.9816
vn -0.0359 -0.1877 0.9816
vn -0.0214 -0.1949 0.9806
vn -0.0979 0.0037 0.9952
vn -0.6394 -0.7689 -0.0064
vn -0.6399 -0.7685 0.0057
vn -0.6654 -0.7463 -0.0181
vn -0.6642 -0.7464 -0.0410
vn -0.7385 -0.6737 0.0282
vn -0.0064 0.9237 0.3830
vn -0.8312 -0.5537 0.0509
vn -0.9712 0.0034 0.2384
vn -0.9320 -0.0041 0.3624
vn -0.9852 -0.0423 0.1661
vn -0.7035 -0.7056 -0.0850
vn -0.9997 -0.0183 0.0162
vn -0.9998 0.0062 0.0191
vn -0.9910 -0.0427 0.1266
vn 0.9949 0.0971 0.0279
vn 0.9947 0.0996 0.0266
vn 0.9969 0.0711 0.0336
vn 0.9963 -0.0801 -0.0308
vn 0.9968 0.0464 0.0643
vn 0.9925 0.1080 0.0578
vn -0.0780 -0.0180 0.9968
vn -0.0745 -0.0192 0.9970
vn -0.0870 -0.0148 0.9961
vn -0.0467 -0.1251 0.9910
vn 0.0196 0.9985 0.0512
vn -0.0025 0.9942 0.1079
vn -0.0257 0.9994 0.0241
vn 0.5955 0.4885 0.6378
vn 0.5930 0.4849 0.6429
vn 0.5487 0.4243 0.7203
vn -0.0361 0.9993 0.0097
vn -0.0851 0.2053 0.9750
vn -0.0922 0.2181 0.9716
vn -0.0906 -0.0136 0.9958
vn -0.9998 0.0179 -0.0047
vn -0.9986 -0.0056 0.0528
vn -0.9998 0.0100 0.0147
vn -0.9973 -0.0135 0.0720
vn -0.0365 0.0150 0.9992
vn -0.0341 0.0213 0.9992
vn -0.0221 0.9997 -0.0121
vn -0.0392 -0.0790 0.9961
vn -0.0239 -0.0739 0.9970
vn -0.0321 -0.0992 0.9945
vn -0.0161 0.9993 0.0328
vn 0.0095 0.9998 0.0176
vn -0.0073 -0.0863 -0.9962
vn -0.0031 1.0000 -0.0026
vn 0.5469 0.4219 0.7231
vn 0.0641 0.0206 0.9977
vn 0.0641 0.0206 0.9977
vn 0.0641 0.0206 0.9977
vn 1.0000 -0.0066 -0.0012
vn 0.9997 0.0105 0.0218
vn 0.9999 0.0052 0.0148
vn 0.9991 0.0219 0.0372
vn 0.4001 -0.0156 0.9163
vn 0.4001 -0.0156 0.9163
vn 0.4001 -0.0156 0.9163
vn -0.0798 0.9965 0.0246
vn -0.9997 0.0248 0.0002
vn -0.9996 0.0291 0.0034
vn -0.9993 0.0370 0.0092
vn -0.9998 0.0166 -0.0057
vn -0.8638 0.5032 -0.0262
vn -0.8681 0.4950 -0.0376
vn -0.8445 0.5351 0.0201
vn -0.0363 0.0053 0.9993
vn -0.8858 0.4549 -0.0916
vn -0.0851 0.0284 -0.9960
vn -0.1331 0.1192 -0.9839
vn -0.3556 0.2907 -0.8883
vn -0.0722 0.0599 0.9956
vn -0.2085 0.2116 0.9549
vn -0.0517 0.0407 0.9978
vn -0.0559 0.9984 -0.0024
vn -0.0738 0.9972 -0.0136
vn -0.0672 0.9977 -0.0095
vn -0.9980 -0.0006 -0.0638
vn -0.9993 -0.0298 -0.0218
vn -0.9987 -0.0108 -0.0491
vn -0.9988 -0.0481 0.0046
vn -0.0515 -0.0004 -0.9987
vn -0.0728 0.0188 -0.9972
vn -0.0567 -0.0147 -0.9983
vn 0.0703 0.0760 0.9946
vn -0.8203 0.1107 0.5611
vn -0.8203 0.1107 0.5611
vn -0.8203 0.1107 0.5611
vn -0.2592 -0.2699 0.9274
vn -0.2592 -0.2699 0.9274
vn -0.2592 -0.2699 0.9274
vn -0.2166 -0.9763 -0.0016
vn -0.1424 -0.9874 0.0686
vn -0.0981 -0.9891 0.1096
vn -0.0850 0.9962 -0.0206
vn -0.0795 0.0714 -0.9943
vn -0.3225 0.4057 0.8552
vn -0.1075 -0.0068 0.9942
vn -0.0957 -0.0012 0.9954
vn -0.1133 -0.0095 0.9935
vn -0.0929 0.0001 0.9957
vn -0.0510 -0.0003 -0.9987
vn -0.0020 -0.9806 0.1959
vn -0.9998 -0.0119 -0.0171
vn -0.9946 -0.0742 -0.0726
vn -0.9967 -0.0635 -0.0511
vn 0.9854 -0.0046 0.1703
vn 0.9845 -0.0168 0.1743
vn 0.9910 -0.0166 0.1326
vn 0.9812 -0.0056 0.1929
vn 0.9615 -0.0244 0.2739
vn -0.0280 0.0173 0.9995
vn -0.9986 -0.0432 -0.0298
vn -0.9986 -0.0432 -0.0298
vn -0.9986 -0.0432 -0.0298
vn -0.0333 0.0163 0.9993
vn -0.9963 0.0833 0.0229
vn -0.9989 0.0477 0.0020
vn -0.9999 0.0127 0.0030
vn 0.0252 -0.8880 0.4592
vn -0.0104 -0.9517 0.3069
vn -0.0202 -0.9645 0.2632
vn 0.0361 -0.8632 0.5036
vn -0.0369 -0.9892 -0.1420
vn -0.0369 -0.9892 -0.1420
vn -0.0369 -0.9892 -0.1420
vn -0.0266 -0.0020 0.9996
vn -0.1348 -0.9892 0.0567
vn -0.1540 -0.9870 0.0463
vn -0.1285 -0.9899 0.0598
vn -0.1284 -0.9899 0.0598
vn -0.3274 -0.9435 0.0515
vn -0.6791 -0.7339 0.0143
vn -0.6455 -0.7635 0.0187
vn -0.0100 -0.0189 0.9998
vn 0.0009 0.0050 -1.0000
vn -0.9972 -0.0538 -0.0517
vn -0.9972 -0.0538 -0.0517
vn -0.9972 -0.0538 -0.0517
vn -0.0404 -0.1034 -0.9938
vn -0.0698 -0.1288 -0.9892
vn -0.0914 -0.1394 -0.9860
vn -0.0022 0.0030 1.0000
vn -0.0022 0.0030 1.0000
vn -0.0022 0.0030 1.0000
vn -0.0397 -0.0906 -0.9951
vn -0.0555 -0.0759 -0.9956
vn -0.9995 0.0314 -0.0015
vn -0.9976 0.0590 0.0350
vn -0.9989 0.0466 0.0112
vn -0.9967 0.0555 0.0597
vn -0.9974 0.0719 -0.0046
vn -1.0000 0.0042 -0.0046
vn -0.9995 -0.0317 0.0023
vn -0.9993 -0.0365 -0.0061
vn -0.9997 -0.0236 0.0083
vn -0.9974 0.0503 0.0520
vn 0.0414 -0.9991 -0.0136
vn 0.0414 -0.9991 -0.0136
vn 0.0414 -0.9991 -0.0136
vn -0.9990 0.0442 -0.0067
vn -0.6027 0.1856 -0.7761
vn -0.6027 0.1856 -0.7761
vn -0.6027 0.1856 -0.7761
vn -0.7730 -0.6292 0.0811
vn -0.7730 -0.6292 0.0811
vn -0.7730 -0.6292 0.0811
vn -0.0206 0.9994 0.0277
vn 0.0004 0.9998 0.0211
vn -0.0145 0.9995 0.0275
vn -0.0078 -0.9921 0.1253
vn -0.0690 -0.9927 0.0986
vn -0.0776 -0.9925 0.0947
vn 0.0250 -0.0454 0.9987
vn 0.0250 -0.0454 0.9987
vn 0.0250 -0.0454 0.9987
vn -0.0782 0.9948 0.0660
vn 0.0372 0.9909 0.1297
vn -0.2039 0.9790 -0.0056
vn 0.0011 -0.0011 1.0000
vn 0.0011 -0.0011 1.0000
vn 0.0011 -0.0011 1.0000
vn -0.0405 -0.9939 0.1024
vn 0.0243 -0.9782 0.2061
vn -0.0861 -0.9956 0.0382
vn -0.0633 0.9958 0.0667
vn 0.0027 0.9895 0.1444
vn -0.0525 0.9961 0.0704
vn -0.9943 0.0663 0.0837
vn -0.9949 0.0361 0.0946
vn -0.9969 0.0441 0.0648
vn 0.0511 0.9958 -0.0755
vn -0.0565 0.9959 0.0710
vn -0.9994 -0.0021 -0.0334
vn -0.9999 0.0104 0.0123
vn -0.9996 0.0008 -0.0298
vn -0.9998 0.0011 0.0175
vn -0.9998 0.0011 0.0175
vn -0.9998 0.0011 0.0175
vn -0.3659 0.9251 -0.1016
vn -0.9918 0.0152 0.1267
vn -0.0220 0.9992 0.0347
vn -0.0959 -0.9945 -0.0410
vn -0.0849 -0.9953 -0.0458
vn -0.0191 0.9994 0.0275
vn -0.1453 -0.9873 0.0645
vn -0.0011 0.0151 -0.9999
vn -0.0011 0.0151 -0.9999
vn -0.0011 0.0151 -0.9999
vn -0.1841 -0.0123 0.9828
vn -0.1817 -0.0138 0.9833
vn -0.1839 -0.0121 0.9829
vn 0.3120 0.9498 -0.0236
vn 0.3120 0.9498 -0.0236
vn 0.3120 0.9498 -0.0236
vn 0.0243 -0.9971 0.0725
vn 0.0221 -0.9969 0.0750
vn 0.0239 -0.9971 0.0729
vn -0.4306 0.0593 -0.9006
vn -0.4306 0.0593 -0.9006
vn -0.4306 0.0593 -0.9006
vn -0.0706 0.9965 -0.0439
vn -0.1969 0.6356 0.7465
vn -0.1969 0.6356 0.7465
vn -0.1969 0.6356 0.7465
vn -0.0622 0.9979 -0.0204
vn -0.1666 -0.0211 0.9858
vn -0.1715 -0.0188 0.9850
vn 0.0572 0.9932 0.1018
vn 0.0479 0.9944 0.0942
vn 0.0286 0.9965 0.0784
vn -0.8683 -0.0671 -0.4915
vn -0.8280 -0.0580 -0.5577
vn -0.8399 -0.0606 -0.5393
vn -0.8258 -0.0575 -0.5609
vn -0.0439 0.9987 -0.0274
vn -0.9999 -0.0086 -0.0055
vn -0.9999 -0.0103 -0.0074
vn -1.0000 -0.0033 0.0005
vn -0.9998 -0.0157 -0.0136
vn -0.0422 -0.0418 0.9982
vn -0.0067 -0.0066 1.0000
vn -0.0144 -0.0129 0.9998
vn -0.0296 -0.0168 0.9994
vn -0.0769 0.0063 0.9970
vn -0.0764 0.0248 0.9968
vn 0.0347 -0.4097 0.9115
vn 0.0712 -0.2022 0.9768
vn -0.0693 -0.1863 0.9800
vn -0.0240 -0.0396 0.9989
vn 0.0733 0.9907 0.1150
vn -0.0086 0.0097 0.9999
vn -0.0086 0.0097 0.9999
vn -0.0086 0.0097 0.9999
vn -0.0074 0.0009 1.0000
vn -0.0662 0.9978 -0.0066
vn -0.0038 0.0118 0.9999
vn -0.9997 -0.0054 -0.0231
vn -0.9997 -0.0055 -0.0233
vn -0.9997 -0.0056 -0.0234
vn -0.9997 -0.0057 -0.0236
vn -0.0068 -0.4819 0.8762
vn -0.9733 0.0170 0.2289
vn -0.9972 0.0119 0.0743
vn -0.9994 0.0153 0.0298
vn -0.2396 0.0106 0.9708
vn -0.9999 0.0113 0.0125
vn -0.9995 0.0167 0.0269
vn -0.0350 0.9991 -0.0252
vn 0.0262 -0.9972 0.0703
vn -0.0184 0.9997 -0.0179
vn -0.0432 -0.0043 0.9991
vn -0.0267 0.0028 0.9996
vn -0.1333 -0.0091 0.9910
vn -0.1531 -0.0145 0.9881
vn -0.9955 -0.0038 0.0951
vn -0.9960 -0.0065 0.0892
vn -0.9968 -0.0112 0.0788
vn -0.9973 -0.0140 0.0727
vn 0.9980 0.0548 0.0309
vn 0.9991 0.0414 0.0068
vn 0.9986 0.0492 0.0209
vn 0.9994 0.0349 -0.0048
vn 0.1366 0.1184 0.9835
vn 0.1520 0.1035 0.9829
vn 0.1667 0.0892 0.9820
vn 0.9799 0.1982 0.0240
vn 0.9458 0.3247 0.0109
vn 0.9523 0.3049 -0.0068
vn 0.1151 0.1390 0.9836
vn 0.3127 0.9498 -0.0104
vn 0.1969 0.9779 -0.0704
vn 0.2684 0.9627 -0.0337
vn -0.0047 -0.0020 1.0000
vn -0.0120 -0.0126 0.9998
vn -0.0742 -0.9895 0.1240
vn -0.1106 -0.9896 0.0916
vn -0.1170 -0.9894 0.0859
vn 0.1469 0.9845 -0.0954
vn -0.0460 -0.0190 0.9988
vn -0.0502 -0.0234 0.9985
vn -0.0041 -0.0011 -1.0000
vn -0.0013 -0.0034 -1.0000
vn 0.9822 0.1860 0.0266
vn 0.0185 -0.0018 0.9998
vn 0.9994 0.0148 0.0309
vn 0.9995 0.0159 0.0277
vn 0.9990 0.0284 0.0332
vn 0.9984 0.0199 0.0538
vn -0.1564 -0.9864 0.0502
vn 0.0188 0.0002 0.9998
vn -0.1290 -0.0843 0.9881
vn -0.1267 -0.0659 0.9898
vn 0.0620 0.0662 0.9959
vn 0.0635 0.0151 0.9979
vn 0.0241 0.0094 0.9997
vn -0.9998 -0.0056 0.0178
vn -0.9995 -0.0018 0.0302
vn -0.9976 0.0100 0.0688
vn -0.9966 0.0138 0.0813
vn 0.0416 0.0031 0.9991
vn 0.0408 0.0042 0.9992
vn -0.0437 -0.0721 0.9964
vn 0.0455 0.0562 0.9974
vn -0.0090 -1.0000 -0.0026
vn 0.0135 -0.9997 0.0188
vn -0.0122 -0.9998 -0.0127
vn 0.0231 -0.0006 0.9997
vn 0.0354 0.0048 0.9994
vn 0.0085 -0.9971 -0.0761
vn -0.0021 -0.9948 -0.1016
vn 0.0076 -0.9966 -0.0815
vn 0.0326 0.9993 0.0170
vn 0.0834 0.9965 -0.0056
vn 0.0645 0.9979 0.0029
vn 0.0140 0.9996 0.0253
vn -0.0133 -0.0766 -0.9970
vn -0.0081 -0.0925 -0.9957
vn -0.0121 -0.0803 -0.9967
vn 0.9995 0.0085 0.0319
vn 0.9996 0.0159 0.0246
vn 0.9996 0.0157 0.0248
vn 0.9996 0.0234 0.0173
vn -0.0372 0.0179 0.9991
vn 0.0048 0.1208 0.9927
vn -0.9998 -0.0205 0.0006
vn -0.9919 -0.0009 0.1272
vn -0.9956 -0.0015 0.0936
vn -0.9997 -0.0221 -0.0128
vn -0.9987 -0.0316 -0.0403
vn -0.0046 -0.9998 0.0199
vn 0.0168 -0.9996 0.0242
vn 0.2675 -0.9608 0.0728
vn -0.0141 -0.0011 -0.9999
vn -0.0102 -0.0161 0.9998
vn 0.9963 -0.0283 0.0810
vn 0.9959 0.0753 -0.0506
vn 0.9935 0.0369 -0.1074
vn 0.9974 -0.0616 -0.0386
vn 0.9890 -0.0807 0.1236
vn 0.9566 -0.2029 -0.2092
vn 0.9693 -0.0916 -0.2280
vn 0.2953 -0.9522 0.0781
vn 0.9966 -0.0124 -0.0820
vn 0.9966 -0.0124 -0.0820
vn 0.9966 -0.0124 -0.0820
vn -0.0574 0.0199 0.9982
vn -0.0574 0.0199 0.9982
vn -0.0574 0.0199 0.9982
vn -0.0106 -0.0049 0.9999
vn 0.9862 -0.1022 -0.1302
vn 0.9973 -0.0682 -0.0284
vn 0.9982 -0.0586 0.0109
vn 0.9985 -0.0549 0.0076
vn 0.0425 -0.9976 0.0542
vn 0.0121 -0.1444 0.9895
vn 0.0121 -0.1444 0.9895
vn 0.0121 -0.1444 0.9895
vn -0.0539 -0.7181 0.6938
vn -0.0539 -0.7181 0.6938
vn -0.0539 -0.7181 0.6938
vn 0.0240 0.0188 0.9995
vn 0.0148 0.0121 0.9998
vn -0.0050 -1.0000 -0.0084
vn 0.0395 0.9989 -0.0267
vn -0.0274 0.9991 0.0334
vn 0.0150 0.9998 0.0107
vn 0.0168 0.9991 -0.0394
vn -0.0186 0.9994 -0.0308
vn -0.0445 0.9986 0.0301
vn -0.3982 -0.9152 -0.0622
vn -0.9503 -0.2996 -0.0850
vn -0.9503 -0.2996 -0.0850
vn -0.9503 -0.2996 -0.0850
vn 0.0535 0.9985 -0.0102
vn 0.0174 0.9990 0.0411
vn 0.0888 0.9959 0.0170
vn -0.0106 0.9957 0.0916
vn -0.0342 -0.0425 0.9985
vn 0.8850 -0.0994 0.4548
vn 0.9634 -0.1390 0.2293
vn 0.9087 -0.1095 0.4029
vn 0.0989 0.9945 0.0339
vn 0.9670 -0.1417 0.2118
vn -0.2059 -0.9782 -0.0251
vn -0.2076 -0.9543 -0.2149
vn -0.4450 -0.8904 -0.0958
vn 0.9933 0.0199 0.1142
vn 0.9943 0.0136 0.1060
vn 0.9965 -0.0039 0.0832
vn 0.9903 0.0353 0.1341
vn 0.0052 -0.0070 -1.0000
vn -0.2053 -0.9628 0.1758
vn -0.0574 -0.9884 0.1403
vn -0.0907 -0.9930 0.0760
vn -0.7844 -0.1568 0.6001
vn -0.7844 -0.1568 0.6001
vn -0.7844 -0.1568 0.6001
vn -0.7162 -0.6978 0.0153
vn -0.7162 -0.6978 0.0153
vn -0.7162 -0.6978 0.0153
vn -0.0967 -0.9682 -0.2308
vn -0.0682 0.9918 0.1082
vn -0.0088 0.9992 0.0383
vn -0.0866 0.9923 0.0882
vn -0.9987 -0.0050 0.0499
vn -0.9886 -0.0146 0.1501
vn -0.9534 0.0070 0.3016
vn -0.9912 -0.0248 0.1298
vn -0.9978 -0.0004 -0.0656
vn -0.9969 -0.0025 -0.0790
vn -0.9970 -0.0023 -0.0776
vn -0.9979 -0.0002 -0.0640
vn -0.0476 0.9925 0.1123
vn -0.9997 -0.0140 0.0216
vn -0.9982 -0.0236 0.0552
vn -0.9993 -0.0055 0.0380
vn -0.9987 0.0039 0.0516
vn -0.0073 -0.0950 -0.9955
vn -0.0196 -0.0502 0.9985
vn -0.0098 -0.1162 0.9932
vn 0.0299 0.0422 0.9987
vn -0.0101 0.9995 -0.0305
vn -0.0537 -0.9977 0.0422
vn -0.0219 -0.0039 -0.9998
vn -0.0153 -0.0024 -0.9999
vn -0.0139 -0.0021 -0.9999
vn -0.3384 -0.9289 -0.1502
vn -0.1361 -0.9887 -0.0623
vn -0.2212 -0.9702 -0.0993
vn -0.0076 0.9815 0.1914
vn -0.0897 0.5153 0.8523
vn -0.0402 0.4595 0.8873
vn -0.0371 -0.3590 0.9326
vn -0.1629 0.3574 -0.9196
vn -0.1629 0.3574 -0.9196
vn -0.1629 0.3574 -0.9196
vn -0.3099 -0.9495 -0.0500
vn 0.0060 -0.9995 -0.0297
vn -0.0734 -0.8648 -0.4966
vn -0.0308 -0.9994 -0.0164
vn 0.0340 0.0278 0.9990
vn -0.0163 0.9913 -0.1303
vn 0.0493 0.1014 0.9936
vn -0.0174 -0.0002 0.9998
vn 0.1932 -0.0500 -0.9799
vn 0.1932 -0.0500 -0.9799
vn 0.1932 -0.0500 -0.9799
vn -0.0218 0.9990 0.0398
vn -0.0174 0.9962 0.0852
vn -0.0238 -0.0097 0.9997
vn -0.0391 0.0082 0.9992
vn -0.0272 -0.0056 0.9996
vn -0.0172 -0.0173 0.9997
vn 0.1126 0.2612 0.9587
vn -0.6179 -0.5304 -0.5804
vn -0.5941 -0.5327 -0.6027
vn -0.6033 -0.5319 -0.5943
vn -0.0388 -0.0337 0.9987
vn -0.0414 0.9949 0.0915
vn -0.0484 -0.0079 0.9988
vn -0.1788 0.8648 0.4692
vn -0.1513 0.8664 0.4759
vn -0.1664 0.8656 0.4723
vn -0.6217 -0.5300 -0.5767
vn -0.2785 -0.5918 0.7564
vn -0.2785 -0.5918 0.7564
vn -0.2785 -0.5918 0.7564
vn -0.8078 -0.5528 0.2047
vn -0.6740 -0.7154 0.1844
vn -0.8284 -0.5278 0.1877
vn -0.0543 -0.0094 0.9985
vn -0.0232 -0.0042 -0.9997
vn -0.1352 0.8670 0.4797
vn -0.7432 -0.6471 0.1700
vn -0.7090 -0.7052 -0.0016
vn -0.7041 -0.7101 -0.0075
vn -0.7040 -0.7101 -0.0127
vn 0.7720 0.6095 0.1804
vn 0.7754 0.6225 0.1058
vn 0.7656 0.6361 0.0963
vn -0.9704 -0.0776 -0.2287
vn -0.9901 -0.0502 -0.1313
vn -0.9044 -0.3179 -0.2847
vn -0.9993 -0.0034 0.0382
vn -0.9872 -0.0885 0.1326
vn -0.9994 -0.0032 0.0355
vn -0.9974 -0.0370 0.0625
vn -0.9796 0.0682 -0.1893
vn -0.9993 -0.0033 0.0384
vn -0.6822 -0.7289 -0.0575
vn -0.9637 -0.1554 0.2170
vn -0.0026 -0.0017 1.0000
vn 0.0042 0.0029 1.0000
vn 0.0022 0.0028 1.0000
vn -0.9897 0.0972 -0.1049
vn -0.9999 -0.0054 -0.0093
vn -0.9998 -0.0046 0.0213
vn -0.9991 0.0408 0.0112
vn 0.7610 0.4561 0.4615
vn -0.0162 -0.0311 0.9994
vn -0.0058 -0.0056 1.0000
vn -0.9492 0.3109 0.0480
vn -0.0342 0.0029 -0.9994
vn -0.0266 0.0010 -0.9996
vn -0.0416 -0.0124 -0.9991
vn 0.0193 0.9998 0.0052
vn 0.0181 0.9998 0.0038
vn -0.0059 0.9997 -0.0239
vn -0.0531 0.0103 -0.9985
vn -0.0684 0.0086 -0.9976
vn -0.5497 -0.8155 0.1811
vn -0.5567 -0.8072 0.1962
vn -0.2607 -0.2752 -0.9253
vn -0.2607 -0.2752 -0.9253
vn -0.2607 -0.2752 -0.9253
vn -0.1194 0.3277 0.9372
vn -0.1545 0.2776 0.9482
vn -0.2668 0.1035 0.9582
vn -0.0186 -0.0238 0.9995
vn 0.0688 -0.9043 -0.4213
vn 0.0477 -0.8550 -0.5165
vn 0.0714 -0.6586 -0.7491
vn 0.0004 0.7513 0.6600
vn 0.0635 -0.9968 -0.0489
vn -0.0091 -0.9998 -0.0159
vn -0.7118 -0.7009 -0.0456
vn -0.7117 -0.7023 -0.0161
vn 0.0296 0.7684 0.6393
vn 0.0296 0.7684 0.6393
vn 0.0296 0.7684 0.6393
vn 0.0102 0.4968 0.8678
vn -0.0140 0.9938 0.1100
vn -0.0721 0.9940 -0.0825
vn -0.0301 0.9990 0.0345
vn -0.9930 0.0083 0.1182
vn -0.9941 0.0547 0.0941
vn -0.9907 0.1225 0.0583
vn -0.9851 0.1690 0.0334
vn -0.6968 -0.7169 -0.0226
vn -0.0256 0.9980 0.0577
vn -0.0647 0.0186 -0.9977
vn 0.0365 0.9990 0.0251
vn -0.0779 0.9885 -0.1293
vn -0.0624 -0.0111 -0.9980
vn 0.1105 -0.9938 -0.0104
vn 0.1016 -0.9948 -0.0039
vn 0.1298 -0.9913 0.0220
vn 0.7724 0.6322 0.0608
vn -0.0157 -0.0474 0.9988
vn -0.9712 -0.0584 -0.2310
vn -0.9712 -0.0584 -0.2310
vn -0.9712 -0.0584 -0.2310
vn -0.3120 -0.3002 0.9014
vn -0.1632 0.0166 0.9865
vn -0.0828 -0.0540 0.9951
vn -0.0057 0.7306 0.6828
vn -0.0740 0.9972 0.0058
vn -0.1769 0.7242 -0.6666
vn -0.1769 0.7242 -0.6666
vn -0.1769 0.7242 -0.6666
vn -0.7030 -0.7105 -0.0319
vn -0.0503 0.9980 0.0370
vn -0.0920 0.9957 0.0123
vn -0.1463 0.9890 -0.0200
vn 0.9991 -0.0121 -0.0419
vn 0.9901 0.0142 -0.1396
vn 0.9996 -0.0179 -0.0200
vn 0.9865 0.0204 -0.1627
vn 0.9980 0.0238 0.0579
vn 0.9974 0.0204 0.0686
vn 0.9976 0.0211 0.0662
vn -0.1395 -0.9834 0.1160
vn -0.1395 -0.9834 0.1160
vn -0.1395 -0.9834 0.1160
vn -0.0255 0.0616 -0.9978
vn -0.0255 0.0616 -0.9978
vn -0.0255 0.0616 -0.9978
vn 0.1072 0.0450 -0.9932
vn 0.9982 0.0247 0.0552
vn -0.0333 0.9986 0.0405
vn 0.0917 0.9955 -0.0227
vn 0.0539 0.9970 -0.0554
vn -0.0097 0.9986 -0.0527
vn -0.0465 0.0454 0.9979
vn -0.0352 0.0616 0.9975
vn -0.0391 0.0560 0.9977
vn -0.0371 -0.0762 -0.9964
vn -0.0371 -0.0762 -0.9964
vn -0.0371 -0.0762 -0.9964
vn 0.0208 0.0077 0.9998
vn -0.0209 0.0082 -0.9997
vn -0.0055 0.0016 -1.0000
vn -0.0109 0.0039 -0.9999
vn 0.0559 0.0035 0.9984
vn -0.0252 -0.0555 0.9981
vn -0.0391 0.0326 -0.9987
vn 0.1805 -0.9833 0.0234
vn 0.0626 -0.9874 0.1456
vn 0.0353 -0.9882 0.1492
vn 0.0731 -0.9855 -0.1528
vn 0.0840 -0.9862 -0.1429
vn -0.0373 -0.9962 -0.0788
vn -0.0400 -0.0098 0.9992
vn -0.0408 -0.0101 0.9991
vn -0.0426 -0.0108 0.9990
vn -0.0273 0.0729 0.9970
vn -0.8732 0.4839 0.0580
vn -0.9994 0.0342 0.0062
vn -0.9194 0.3911 0.0423
vn -0.9988 -0.0315 0.0372
vn -0.9987 -0.0346 0.0370
vn -0.9995 -0.0171 0.0255
vn 0.9855 -0.0225 0.1681
vn 0.9855 -0.0225 0.1681
vn 0.9855 -0.0225 0.1681
vn 0.0575 0.0032 0.9983
vn -0.1455 0.0209 -0.9891
vn 0.1269 -0.9857 -0.1112
vn -0.0192 -0.9946 -0.1020
vn 0.0017 0.9977 0.0675
vn 0.0790 0.9880 0.1331
vn 0.1127 0.9733 0.2001
vn -0.0303 0.9967 0.0751
vn 0.0908 0.9927 0.0794
vn 0.0864 -0.9841 0.1551
vn 0.0050 -0.0004 1.0000
vn 0.0050 -0.0004 1.0000
vn 0.0050 -0.0004 1.0000
vn 0.9647 0.0711 0.2535
vn 0.9550 0.0827 0.2848
vn 0.9929 0.0397 0.1123
vn -0.2416 -0.0055 -0.9704
vn 0.1154 -0.9847 0.1306
vn 0.0113 -0.9999 0.0014
vn 0.0086 -0.9999 0.0114
vn -0.0026 -0.9986 0.0524
vn 0.9997 -0.0221 -0.0103
vn 0.9971 0.0590 0.0477
vn 0.9982 -0.0545 -0.0250
vn 0.8389 0.2407 -0.4881
vn 0.8389 0.2407 -0.4881
vn 0.8389 0.2407 -0.4881
vn 0.9774 -0.0615 0.2022
vn 0.9049 -0.0127 0.4254
vn 0.9706 -0.0548 0.2346
vn 0.9003 -0.0104 0.4351
vn -0.2252 0.0159 -0.9742
vn 0.0411 0.9928 0.1123
vn 0.0454 -0.9583 0.2822
vn -0.9989 0.0239 -0.0397
vn -0.9965 0.0424 -0.0725
vn -0.9999 0.0063 -0.0084
vn -1.0000 -0.0009 -0.0023
vn -1.0000 -0.0035 0.0010
vn -1.0000 -0.0029 0.0002
vn -0.9997 -0.0107 0.0217
vn -1.0000 -0.0055 0.0035
vn 0.9990 0.0003 -0.0447
vn 0.9990 0.0003 -0.0447
vn 0.9990 0.0003 -0.0447
vn -0.0016 -0.9956 0.0937
vn -0.0390 -0.9842 0.1725
vn 0.5771 0.8163 -0.0243
vn 0.5771 0.8163 -0.0243
vn 0.5771 0.8163 -0.0243
vn 0.0329 -0.1210 0.9921
vn -0.0034 -0.0515 0.9987
vn 0.0054 0.9997 -0.0244
vn 0.0060 0.9997 -0.0247
vn 0.0051 0.9997 -0.0243
vn -0.1153 -0.9933 -0.0060
vn -0.1067 -0.9943 -0.0010
vn -0.0435 -0.0111 0.9990
vn -0.0522 0.9968 -0.0605
vn 0.3900 -0.1284 0.9118
vn 0.5133 -0.1541 0.8443
vn 0.4751 -0.0988 0.8744
vn -0.1239 0.9923 0.0067
vn -0.0480 0.0165 -0.9987
vn -0.1327 0.0083 -0.9911
vn -0.1423 -0.0454 -0.9888
vn 0.1141 -0.0009 0.9935
vn -0.0667 -0.9971 0.0375
vn 0.0144 -0.9972 -0.0740
vn -0.9973 0.0212 0.0707
vn -0.9979 0.0231 0.0609
vn -0.9918 0.0103 0.1275
vn -0.2141 0.9768 0.0017
vn -0.0786 -0.0187 -0.9967
vn -0.0063 -0.9978 0.0659
vn -0.9907 0.0086 0.1361
vn -0.0265 0.0106 -0.9996
vn 0.0850 -0.2641 0.9607
vn -0.2450 0.9695 0.0106
vn -0.0533 0.0049 0.9986
vn -0.0517 0.0042 0.9987
vn -0.0047 0.0171 0.9998
vn 0.0019 0.0262 -0.9997
vn -0.9990 0.0260 -0.0371
vn -0.9987 0.0200 -0.0465
vn -0.9985 0.0156 -0.0533
vn -0.9980 0.0095 -0.0629
vn 0.0026 0.9993 0.0366
vn -0.2898 0.9569 0.0211
vn -0.0124 0.9992 0.0374
vn -0.0131 0.0142 0.9998
vn 0.1360 0.0530 0.9893
vn -0.9884 0.1507 0.0156
vn -0.9789 0.2039 0.0159
vn -0.9977 0.0679 -0.0036
vn 0.0063 0.9997 -0.0248
vn -0.9972 0.0751 0.0028
vn -0.9959 0.0897 -0.0125
vn -0.0019 0.9995 0.0307
vn 0.5973 -0.1114 0.7943
vn -0.0243 0.0047 -0.9997
vn -0.0271 0.0122 -0.9996
vn -0.0161 0.0060 -0.9999
vn -0.0320 0.0169 -0.9993
vn 0.9967 -0.0613 -0.0539
vn 0.9967 -0.0613 -0.0539
vn 0.9967 -0.0613 -0.0539
vn -0.9977 0.0640 0.0217
vn -0.9974 0.0710 0.0122
vn -0.9962 0.0875 -0.0036
vn -0.9958 0.0918 0.0001
vn -0.9977 0.0640 0.0218
vn 0.9963 -0.0842 0.0178
vn 0.9963 -0.0842 0.0178
vn 0.9963 -0.0842 0.0178
vn -0.4352 0.9003 0.0084
vn -0.0139 -0.0002 -0.9999
vn -0.0734 0.9840 0.1623
vn -0.0642 0.9824 0.1753
vn -0.0648 0.9487 0.3095
vn 0.1294 0.9751 0.1799
vn -0.9847 -0.0621 0.1629
vn -0.1198 0.9923 0.0328
vn -0.0865 0.9955 0.0382
vn -0.9850 -0.0525 -0.1644
vn -0.1176 0.0975 -0.9883
vn -0.9984 -0.0567 0.0004
vn -0.9901 -0.0431 0.1334
vn -0.0335 0.0811 0.9961
vn -0.9928 -0.0527 -0.1075
vn -0.9250 0.3755 -0.0572
vn -0.9903 0.1383 0.0141
vn -0.9445 0.3201 -0.0740
vn -0.9046 0.4248 -0.0355
vn -0.9973 0.0606 0.0404
vn -0.8984 0.4381 -0.0316
vn -0.7694 0.3267 0.5489
vn -0.7694 0.3267 0.5489
vn -0.7694 0.3267 0.5489
vn 0.2745 0.9384 0.2098
vn -0.1649 -0.5040 0.8478
vn -0.1649 -0.5040 0.8478
vn -0.1649 -0.5040 0.8478
vn -0.0343 0.0587 0.9977
vn -0.7942 0.6076 0.0025
vn -0.7942 0.6076 0.0025
vn -0.7942 0.6076 0.0025
vn -0.6441 0.7649 0.0058
vn -0.6441 0.7649 0.0058
vn -0.6441 0.7649 0.0058
vn -0.1434 -0.4654 -0.8734
vn -0.1434 -0.4654 -0.8734
vn -0.1434 -0.4654 -0.8734
vn -0.5701 -0.8210 0.0309
vn -0.6463 -0.7628 -0.0203
vn -0.6111 -0.7915 0.0040
vn -0.0738 0.0571 -0.9956
vn -0.5396 -0.8404 0.0502
vn -0.0323 0.0354 -0.9989
vn 1.0000 -0.0016 0.0007
vn 1.0000 -0.0037 -0.0004
vn 1.0000 -0.0001 0.0071
vn 1.0000 -0.0006 0.0057
vn 1.0000 -0.0034 -0.0027
vn 1.0000 -0.0004 0.0004
vn 0.0336 0.0022 -0.9994
vn 0.0654 0.0063 -0.9978
vn 0.0032 0.0154 -0.9999
vn -0.0240 0.9993 -0.0275
vn -0.0194 0.9995 -0.0240
vn -0.0269 0.9990 -0.0368
vn -0.0045 0.9998 0.0174
vn -0.0019 1.0000 0.0045
vn 0.0017 1.0000 0.0060
vn 0.0620 -0.0056 -0.9981
vn -0.1493 0.9882 0.0338
vn -0.0114 -0.9507 -0.3100
vn -0.0114 -0.9507 -0.3100
vn -0.0114 -0.9507 -0.3100
vn 0.7893 -0.6075 0.0891
vn 0.7893 -0.6075 0.0891
vn 0.7893 -0.6075 0.0891
vn -0.0147 0.0034 0.9999
vn -0.0167 0.0041 0.9999
vn -0.0033 -0.0008 1.0000
vn -0.0312 0.9995 -0.0024
vn -0.0306 0.0526 0.9981
vn 0.0122 -0.9999 -0.0000
vn 0.0276 -0.9995 0.0131
vn 0.0158 -0.9999 0.0008
vn -0.1846 0.9828 -0.0046
vn 0.0034 0.0474 -0.9989
vn -0.0305 0.0522 0.9982
vn 0.0027 0.0457 -0.9990
vn 0.0133 0.9979 -0.0632
vn -0.0993 0.9941 -0.0439
vn -0.9849 0.1717 0.0211
vn -0.9471 0.3179 -0.0444
vn -0.9627 0.2695 -0.0224
vn 0.0553 -0.0089 -0.9984
vn -0.9919 0.1191 0.0440
vn 0.0006 -0.0022 1.0000
vn 0.9996 0.0263 -0.0089
vn 0.9999 -0.0029 0.0118
vn 0.9999 0.0151 -0.0009
vn 0.9968 0.0697 -0.0397
vn 0.0346 0.0003 -0.9994
vn -0.0390 0.9990 0.0226
vn 0.3717 0.4110 -0.8324
vn 0.3074 0.2472 -0.9189
vn 0.3672 0.3509 -0.8614
vn 0.2073 0.1677 -0.9638
vn -0.9987 0.0503 0.0046
vn -0.9988 0.0488 0.0016
vn -0.9985 0.0545 0.0034
vn -0.7003 0.6098 -0.3711
vn -0.7003 0.6098 -0.3711
vn -0.7003 0.6098 -0.3711
vn -0.9994 0.0197 -0.0282
vn -0.9995 0.0113 -0.0306
vn -0.9955 0.0118 -0.0945
vn -0.9994 0.0095 -0.0322
vn -0.9970 0.0735 0.0222
vn -1.0000 -0.0029 -0.0022
vn -0.9999 0.0021 0.0112
vn -0.9996 0.0099 -0.0247
vn -0.9981 0.0478 0.0401
vn -0.9931 0.1172 0.0076
vn -0.9935 0.1138 0.0076
vn 0.0047 0.0258 -0.9997
vn 0.0041 0.0143 -0.9999
vn 0.0036 0.0278 -0.9996
vn 0.8093 0.5852 -0.0503
vn 0.8078 0.5886 -0.0313
vn 0.8016 0.5976 -0.0173
vn 0.0073 1.0000 0.0020
vn 0.0010 1.0000 0.0078
vn -0.0622 0.9976 0.0319
vn -0.0085 0.9999 0.0062
vn -0.0063 0.9991 0.0425
vn 0.8066 0.5873 -0.0664
vn 0.0393 0.0846 -0.9956
vn -0.0021 -0.0200 -0.9998
vn -0.0083 0.0191 -0.9998
vn 0.0368 0.0492 -0.9981
vn -0.1888 -0.0148 -0.9819
vn 0.0322 0.0048 0.9995
vn 0.0270 0.0064 0.9996
vn 0.0462 0.0036 0.9989
vn 0.0190 0.9997 -0.0146
vn 0.0262 0.9994 -0.0209
vn 0.0286 0.9993 -0.0229
vn 0.7991 0.5960 -0.0795
vn 0.0475 0.0055 0.9989
vn 0.0600 -0.0030 0.9982
vn -0.9720 0.0067 -0.2350
vn -0.0014 0.9998 0.0192
vn -0.0549 0.7145 -0.6975
vn -0.0549 0.7145 -0.6975
vn -0.0549 0.7145 -0.6975
vn 0.0282 0.0787 -0.9965
vn 0.0367 0.9989 -0.0300
vn 0.0032 1.0000 -0.0066
vn 0.0032 1.0000 -0.0066
vn 0.0032 1.0000 -0.0066
vn 0.0125 0.0431 -0.9990
vn 0.9951 0.0991 0.0019
vn 0.9944 0.1056 0.0001
vn 0.9972 0.0742 0.0089
vn 0.9977 0.0674 0.0107
vn 0.0132 0.9996 0.0259
vn 0.0014 0.9998 0.0201
vn 0.0188 0.9998 0.0080
vn -0.0002 0.9991 0.0418
vn 0.9965 0.0831 0.0099
vn 0.9927 0.1205 0.0022
vn 0.9580 0.2851 -0.0321
vn 0.9996 0.0015 0.0265
vn 0.8424 -0.0081 -0.5388
vn 0.8424 -0.0081 -0.5388
vn 0.8424 -0.0081 -0.5388
vn 0.9591 -0.2829 -0.0041
vn 0.9591 -0.2829 -0.0041
vn 0.9591 -0.2829 -0.0041
vn 0.0351 -0.9916 -0.1245
vn 0.0393 -0.9992 0.0038
vn 0.0239 -0.9509 -0.3085
vn -0.9677 0.0250 -0.2507
vn -0.9990 0.0448 0.0025
vn -0.9993 0.0122 -0.0343
vn -0.9989 0.0371 0.0277
vn -0.9970 0.0746 -0.0188
vn 0.1078 0.0244 -0.9939
vn 0.1577 0.0784 -0.9844
vn 0.0740 0.0064 -0.9972
vn 0.0227 -0.8860 -0.4631
vn 0.0471 -0.9987 0.0210
vn 0.0497 -0.9985 0.0235
vn 0.0473 -0.9987 0.0212
vn 0.0443 -0.9988 0.0183
vn 0.1659 0.9858 0.0245
vn 0.3172 0.9478 0.0340
vn 0.0517 0.9985 0.0171
vn 0.0017 -0.1381 0.9904
vn 0.0017 -0.1381 0.9904
vn 0.0017 -0.1381 0.9904
vn 0.0250 0.0316 -0.9992
vn 0.0232 0.9967 0.0772
vn 0.7119 -0.1180 0.6923
vn 0.7119 -0.1180 0.6923
vn 0.7119 -0.1180 0.6923
vn 0.0143 0.9993 0.0345
vn 0.0035 0.9998 -0.0172
vn -0.0325 0.9984 -0.0472
vn 0.0286 0.9995 0.0155
vn 0.0254 0.9996 0.0121
vn 0.9778 0.1867 -0.0956
vn 0.9778 0.1867 -0.0956
vn 0.9778 0.1867 -0.0956
vn 0.0244 -0.0068 -0.9997
vn 0.0259 -0.0129 0.9996
vn 0.0302 -0.0047 0.9995
vn 0.0335 0.0015 0.9994
vn -0.0953 0.0946 -0.9909
vn -0.0953 0.0946 -0.9909
vn -0.0953 0.0946 -0.9909
vn 0.0222 -0.0200 0.9996
vn 0.2476 0.5544 -0.7946
vn 0.2476 0.5544 -0.7946
vn 0.2476 0.5544 -0.7946
vn 0.0166 0.0326 -0.9993
vn 0.0285 0.0543 -0.9981
vn 0.0047 0.0109 -0.9999
vn 0.0368 0.9930 -0.1126
vn 0.0368 0.9930 -0.1126
vn 0.0368 0.9930 -0.1126
vn 0.0398 0.0749 -0.9964
vn 0.0317 -0.9994 0.0142
vn -0.0121 0.9999 -0.0044
vn -0.0198 0.9997 -0.0126
vn 0.0004 0.0128 -0.9999
vn -0.0229 0.9935 0.1119
vn 0.0322 0.9993 0.0207
vn 0.9994 0.0291 -0.0191
vn 0.9923 -0.0056 -0.1241
vn 0.9979 -0.0084 0.0635
vn 0.9939 0.0289 -0.1068
vn 0.9322 -0.1088 -0.3452
vn 0.9920 -0.0085 0.1258
vn -0.8034 0.5954 -0.0001
vn -0.8034 0.5954 -0.0001
vn -0.8034 0.5954 -0.0001
vn 0.1945 -0.9773 0.0842
vn 0.1945 -0.9773 0.0842
vn 0.1945 -0.9773 0.0842
vn 0.9960 0.0848 -0.0270
vn 0.9964 0.0814 -0.0242
vn 0.9975 0.0692 -0.0145
vn 0.9946 0.0969 -0.0367
vn 0.0024 0.0086 -1.0000
vn -0.9988 0.0050 -0.0478
vn -0.9990 0.0072 -0.0449
vn -0.9984 -0.0014 -0.0564
vn -0.6977 0.1379 0.7030
vn -0.6977 0.1379 0.7030
vn -0.6977 0.1379 0.7030
vn -0.9992 0.0134 -0.0366
vn -0.9994 -0.0227 -0.0246
vn -0.9958 0.0912 0.0043
vn -0.9998 0.0062 -0.0172
vn -0.9929 0.1186 0.0123
vn -0.9998 -0.0158 -0.0117
vn 0.4430 -0.0305 -0.8960
vn 0.1340 -0.0076 -0.9909
vn 0.0660 0.0120 -0.9977
vn 0.0794 0.1410 0.9868
vn 0.0794 0.1410 0.9868
vn 0.0794 0.1410 0.9868
vn 0.0227 -0.0437 -0.9988
vn 0.0227 -0.0437 -0.9988
vn 0.0227 -0.0437 -0.9988
vn -0.0239 -0.0838 0.9962
vn -0.0239 -0.0838 0.9962
vn -0.0239 -0.0838 0.9962
vn 0.0277 -0.8833 -0.4680
vn 0.2133 0.1241 0.9691
vn 0.2133 0.1241 0.9691
vn 0.2133 0.1241 0.9691
vn 0.4777 -0.8781 -0.0269
vn 0.4688 -0.8832 -0.0134
vn 0.5178 -0.8507 -0.0900
vn 0.0313 -0.0133 -0.9994
vn 0.9401 -0.3329 0.0736
vn 0.9569 -0.2842 0.0598
vn 0.9432 -0.3245 0.0712
vn 0.0950 0.9953 -0.0164
vn 0.1090 0.9920 -0.0642
vn 0.1353 0.9905 0.0257
vn 0.0854 0.9925 -0.0872
vn 0.0387 -0.0295 -0.9988
vn 0.9612 -0.2700 0.0558
vn 0.0465 -0.9858 0.1612
vn 0.0465 -0.9858 0.1612
vn 0.0465 -0.9858 0.1612
vn 0.2059 -0.2790 -0.9379
vn 0.2726 -0.3814 -0.8833
vn 0.1862 -0.2489 -0.9505
vn 0.0025 0.0287 -0.9996
vn 0.2779 -0.1373 0.9507
vn 0.2779 -0.1373 0.9507
vn 0.2779 -0.1373 0.9507
vn 0.0892 -0.1013 -0.9909
vn 0.0130 0.9617 -0.2739
vn 0.1900 -0.1818 0.9648
vn 0.2760 -0.0597 0.9593
vn 0.0330 -0.9995 -0.0002
vn 0.0983 -0.9940 0.0485
vn -0.0958 -0.9952 -0.0199
vn -0.0511 -0.9987 -0.0041
vn 0.9985 -0.0532 0.0125
vn 0.9995 -0.0302 0.0133
vn 0.9988 -0.0493 0.0047
vn 0.9961 -0.0595 -0.0658
vn 0.9985 -0.0464 -0.0277
vn 0.9906 -0.0840 -0.1083
vn 0.2845 0.0691 0.9562
vn 0.3050 0.0483 0.9511
vn 0.2698 0.9596 0.0804
vn 0.1477 -0.9868 0.0659
vn 0.9955 0.0377 -0.0869
vn 0.9941 0.0092 -0.1084
vn 0.9965 0.0449 -0.0711
vn 0.9960 0.0274 -0.0854
vn 0.9970 0.0632 -0.0450
vn 0.0321 -0.9984 -0.0473
vn 0.0555 -0.9949 -0.0842
vn 0.4952 -0.8671 -0.0538
vn 0.2764 -0.0334 0.9605
vn 0.7425 -0.2061 -0.6374
vn 0.7425 -0.2061 -0.6374
vn 0.7425 -0.2061 -0.6374
vn 0.4551 -0.8891 0.0483
vn 0.4542 -0.8896 0.0482
vn 0.4289 -0.9021 0.0474
vn -0.6279 -0.0159 0.7782
vn -0.6279 -0.0159 0.7782
vn -0.6279 -0.0159 0.7782
vn 0.5175 0.5275 0.6738
vn 0.5175 0.5275 0.6738
vn 0.5175 0.5275 0.6738
vn 0.4098 -0.9110 0.0468
vn 0.0017 -0.0255 0.9997
vn 0.0017 -0.0255 0.9997
vn 0.0017 -0.0255 0.9997
vn -0.0046 -0.9560 -0.2932
vn -0.0046 -0.9560 -0.2932
vn -0.0046 -0.9560 -0.2932
vn 0.0179 -0.1462 0.9891
vn 0.0129 -0.0840 0.9964
vn 0.0222 -0.1992 0.9797
vn -0.0246 -0.9014 0.4323
vn -0.0263 -0.9050 0.4246
vn -0.0080 -0.8636 0.5041
vn 0.0121 -0.0744 0.9972
vn -0.0060 -0.8587 0.5124
vn 0.0349 0.0242 0.9991
vn -0.0142 0.0049 0.9999
vn 0.0122 0.0177 0.9998
vn 0.9997 -0.0224 -0.0013
vn 0.9997 -0.0231 0.0014
vn 0.9980 -0.0637 0.0017
vn 0.9999 0.0152 -0.0016
vn 0.4426 0.0537 -0.8951
vn 0.3315 0.0719 -0.9407
vn 0.1236 0.1391 -0.9825
vn 0.9998 0.0213 -0.0055
vn 0.3731 -0.0765 0.9246
vn 0.2334 -0.0599 0.9705
vn 0.0417 -0.0877 0.9953
vn 0.9973 -0.0499 -0.0537
vn 0.9973 -0.0499 -0.0537
vn 0.9973 -0.0499 -0.0537
vn 0.9978 -0.0666 0.0024
vn 0.9974 -0.0714 0.0066
vn 0.0108 0.1409 0.9900
vn 0.1346 -0.3649 -0.9213
vn 0.1515 -0.1322 -0.9796
vn 0.1562 -0.0841 -0.9841
vn 0.0861 0.9961 -0.0173
vn 0.0673 0.9972 -0.0321
vn 0.0749 0.9969 -0.0262
vn -0.9680 -0.0718 0.2406
vn -0.9927 -0.0585 0.1050
vn -0.9946 -0.0121 0.1030
vn -0.1457 0.0360 0.9887
vn -0.9982 0.0114 0.0596
vn -0.9958 0.0048 0.0914
vn -0.9717 -0.0348 0.2334
vn -0.9982 0.0121 0.0586
vn 0.1257 -0.0322 -0.9915
vn 0.1226 -0.0316 -0.9920
vn 0.0168 -0.9994 0.0298
vn 0.0744 -0.9955 0.0584
vn 0.1315 -0.9875 0.0867
vn 0.1727 0.0254 0.9846
vn 0.1690 0.0274 0.9852
vn 0.1811 0.0168 0.9833
vn -0.3516 0.2003 0.9145
vn 0.0731 0.1906 -0.9789
vn 0.1805 -0.9773 0.1110
vn 0.1321 0.0023 0.9912
vn 0.1212 -0.0003 0.9926
vn 0.0467 0.2542 -0.9660
vn 0.9978 -0.0022 -0.0655
vn 0.9986 0.0014 -0.0523
vn 0.9927 -0.0072 -0.1206
vn 0.9908 -0.0157 -0.1343
vn 0.0482 0.1569 0.9864
vn 0.9924 -0.0009 -0.1231
vn 0.0158 -0.0186 0.9997
vn 0.0241 -0.0064 0.9997
vn 0.0169 -0.0185 0.9997
vn 0.0072 -0.0939 -0.9956
vn 0.0417 0.0678 -0.9968
vn 0.0169 -0.0848 -0.9963
vn 0.0748 0.0461 0.9961
vn 0.0084 0.0595 0.9982
vn 0.0084 0.0595 0.9982
vn 0.0084 0.0595 0.9982
vn 0.0228 -0.0897 0.9957
vn 0.0209 -0.0802 0.9966
vn 0.0539 0.9976 -0.0426
vn 0.6574 0.2834 -0.6982
vn 0.6574 0.2834 -0.6982
vn 0.6574 0.2834 -0.6982
vn 0.0301 0.0137 0.9995
vn 0.5666 0.8223 0.0525
vn 0.5666 0.8223 0.0525
vn 0.5666 0.8223 0.0525
vn 0.9934 0.1146 0.0094
vn 0.9980 0.0472 -0.0418
vn 0.9958 0.0913 -0.0084
vn 0.9864 0.1588 0.0433
vn -0.0501 0.9986 0.0181
vn -0.0421 0.9988 0.0235
vn -0.0277 0.9991 0.0332
vn -0.0638 0.9979 0.0088
vn -0.6781 0.6613 0.3208
vn -0.6791 0.6695 0.3010
vn -0.6767 0.6590 0.3283
vn -0.0012 -0.0166 0.9999
vn 0.0850 0.1993 0.9762
vn 0.0020 -0.0253 0.9997
vn 0.0981 0.9722 -0.2128
vn -0.0121 0.9980 -0.0618
vn 0.0478 0.9894 -0.1373
vn 0.0242 -0.0032 0.9997
vn 0.9992 -0.0202 0.0342
vn 0.9999 -0.0093 0.0072
vn 0.9996 -0.0155 0.0226
vn -0.9967 -0.0103 0.0799
vn -0.9947 0.0080 0.1025
vn -0.9963 -0.0053 0.0861
vn 0.9972 -0.0337 0.0674
vn -0.9977 -0.0244 0.0627
vn -0.0086 0.9999 0.0067
vn -0.0157 0.9999 -0.0061
vn -0.0068 0.9999 -0.0144
vn 0.0249 0.0051 0.9997
vn 0.0230 0.0046 0.9997
vn 0.0496 0.9980 -0.0383
vn 0.0392 0.9984 -0.0416
vn -0.0147 0.9979 -0.0630
vn 0.0561 -0.9979 0.0328
vn 0.0424 -0.9859 0.1620
vn 0.0376 -0.9913 0.1259
vn 0.1126 -0.0259 0.9933
vn 0.3661 0.0093 0.9305
vn 0.1676 -0.0136 0.9858
vn -0.0093 1.0000 -0.0012
vn -0.0175 0.9992 0.0348
vn -0.0878 0.9898 0.1125
vn -0.0023 0.9998 0.0179
vn -0.0012 0.9993 0.0378
vn 0.0032 0.9991 0.0418
vn 0.0036 0.9976 -0.0692
vn 0.2696 -0.0479 -0.9618
vn 0.2696 -0.0479 -0.9618
vn 0.2696 -0.0479 -0.9618
vn 0.0951 -0.1714 0.9806
vn 0.0854 -0.1780 0.9803
vn 0.0772 -0.1775 0.9811
vn 0.0218 -0.9997 0.0070
vn 0.9986 0.0347 -0.0386
vn 0.9987 0.0358 -0.0350
vn 0.9980 0.0294 -0.0561
vn 0.9977 0.0279 -0.0613
vn 0.1313 0.0129 -0.9913
vn -0.0244 -0.0196 -0.9995
vn -0.0701 -0.0291 -0.9971
vn 0.0198 -0.0819 0.9964
vn 0.1577 0.0185 -0.9873
vn 0.0131 0.4558 -0.8900
vn 0.0131 0.4558 -0.8900
vn 0.0131 0.4558 -0.8900
vn -0.0183 -0.0610 0.9980
vn -0.0183 -0.0610 0.9980
vn 0.0641 0.9896 -0.1288
vn 0.9998 0.0070 0.0162
vn 0.9998 0.0081 0.0189
vn 0.9999 0.0046 0.0102
vn 1.0000 0.0036 0.0075
vn 0.0163 -0.1176 -0.9929
vn 0.9977 -0.0157 -0.0662
vn 0.9922 -0.0277 -0.1216
vn 0.9908 -0.0300 -0.1323
vn 0.1441 0.0017 0.9896
vn 0.0655 -0.0260 0.9975
vn 0.1761 0.0130 0.9843
vn 0.9985 -0.0129 -0.0532
vn 0.6154 0.0324 -0.7875
vn 0.6154 0.0324 -0.7875
vn 0.6154 0.0324 -0.7875
vn 0.0296 0.0316 -0.9991
vn 0.0797 0.2856 -0.9550
vn 0.1025 0.9876 -0.1191
vn 0.1195 0.9849 -0.1253
vn 0.1694 0.9677 -0.1869
vn 0.0663 0.9944 -0.0818
vn -0.0016 -0.0002 1.0000
vn 0.0054 0.0046 1.0000
vn 0.1493 0.0332 -0.9882
vn 0.0623 0.0030 -0.9981
vn 0.0316 -0.0077 -0.9995
vn -0.0352 -0.9552 0.2940
vn -0.1250 0.9802 0.1534
vn 0.0111 0.9997 0.0230
vn -0.0441 -0.9453 0.3233
vn -0.0071 -0.0106 -0.9999
vn -0.0071 -0.0106 -0.9999
vn -0.0071 -0.0106 -0.9999
vn -0.0416 0.9983 -0.0404
vn 0.0362 0.9993 0.0120
vn 0.0193 -0.0129 0.9997
vn 0.0902 0.0349 0.9953
vn -0.0077 0.9998 -0.0178
vn 0.0322 0.9979 -0.0569
vn -0.0060 -0.0725 -0.9973
vn -0.0065 0.9995 -0.0322
vn 0.1733 0.0416 -0.9840
vn -0.5768 0.5118 0.6367
vn 0.9988 -0.0051 -0.0479
vn 0.9848 0.1094 -0.1353
vn 0.9978 0.0301 -0.0592
vn 0.9836 0.0801 -0.1618
vn 0.0122 0.9999 -0.0055
vn 0.0209 0.9998 0.0021
vn 0.0099 0.9999 -0.0031
vn 0.7022 0.2562 -0.6643
vn 0.7022 0.2562 -0.6643
vn 0.7022 0.2562 -0.6643
vn 0.9951 0.0962 -0.0229
vn 0.9983 0.0568 0.0090
vn 0.9981 0.0608 0.0058
vn 0.9803 0.0329 -0.1949
vn 0.9991 0.0265 0.0335
vn 0.9797 0.0320 -0.1981
vn -0.0161 -0.9998 0.0069
vn -0.0161 -0.9998 0.0069
vn -0.0161 -0.9998 0.0069
vn 0.0768 0.2722 -0.9592
vn 0.0565 0.1261 -0.9904
vn 0.0136 0.0814 -0.9966
vn 0.0136 0.0814 -0.9966
vn 0.0136 0.0814 -0.9966
vn 0.8614 0.0727 0.5027
vn 0.8614 0.0727 0.5027
vn 0.8614 0.0727 0.5027
vn 0.0661 0.0607 0.9960
vn 0.1712 0.1460 0.9744
vn 0.0348 -0.0367 0.9987
vn -0.6417 0.0147 0.7668
vn -0.6417 0.0147 0.7668
vn -0.6417 0.0147 0.7668
vn -0.5697 0.5023 0.6505
vn 0.0461 -0.1675 0.9848
vn 0.0314 -0.1859 0.9821
vn -0.9979 0.0584 0.0267
vn -0.9957 0.0770 0.0511
vn -0.9974 0.0633 0.0331
vn 0.9918 0.0340 0.1232
vn 0.9990 -0.0069 0.0443
vn 0.9878 0.0284 0.1534
vn 0.9984 0.0271 0.0487
vn -0.9860 0.1580 0.0542
vn -0.9859 0.1584 0.0544
vn -0.9861 0.1575 0.0539
vn 0.9997 -0.0194 0.0158
vn -0.9990 0.0437 0.0076
vn -0.9861 0.1571 0.0537
vn 0.3894 -0.0192 0.9209
vn 0.5928 -0.0842 0.8009
vn 0.4321 -0.2575 0.8643
vn -0.8237 -0.1552 0.5453
vn -0.8053 -0.1611 0.5706
vn -0.8026 -0.1619 0.5742
vn -0.8253 -0.1547 0.5431
vn 0.2855 -0.1309 0.9494
vn -0.6451 0.7598 0.0806
vn -0.6358 0.7717 0.0174
vn -0.6055 0.7947 0.0419
vn 0.0182 0.0003 0.9998
vn -0.0006 0.0004 1.0000
vn 0.0208 0.0278 -0.9994
vn 0.0177 0.0235 -0.9996
vn 0.0159 0.0210 -0.9997
vn 0.7478 -0.6639 -0.0101
vn 0.6804 -0.7328 -0.0007
vn 0.7416 -0.6708 0.0048
vn 0.0288 0.0925 0.9953
vn 0.0004 0.0138 0.9999
vn 0.0082 0.0415 0.9991
vn -0.4915 0.7582 -0.4284
vn -0.6456 0.7475 -0.1563
vn -0.5334 0.7602 -0.3708
vn 0.0462 0.9259 0.3749
vn 0.0475 0.9327 0.3574
vn 0.0158 0.7092 0.7048
vn -0.0347 0.9987 0.0378
vn -0.0311 0.9990 0.0334
vn -0.0159 0.9998 0.0148
vn 0.0005 0.6863 0.7273
vn 0.0005 0.6863 0.7273
vn 0.0005 0.6863 0.7273
vn 0.0191 -0.1926 0.9811
vn -0.0136 0.9999 -0.0057
vn 0.0279 -0.4624 0.8862
vn 0.0323 -0.5387 0.8419
vn 0.0084 -0.2402 0.9707
vn -0.0220 -0.9606 -0.2771
vn -0.0360 -0.9978 -0.0561
vn -0.0251 -0.9967 0.0771
vn 0.0579 0.9983 -0.0037
vn 0.0646 0.9950 -0.0765
vn 0.0257 0.9996 0.0080
vn 0.0296 -0.0336 -0.9990
vn 0.0296 -0.0336 -0.9990
vn 0.0296 -0.0336 -0.9990
vn 0.0268 -0.0316 0.9991
vn -0.6740 0.7387 0.0019
vn -0.6372 0.7706 0.0143
vn -0.6296 0.7769 0.0007
vn 0.0130 0.0168 -0.9998
vn 0.4945 -0.8686 0.0311
vn 0.6263 -0.7740 0.0931
vn -0.0170 -0.0023 0.9999
vn -0.0175 0.0171 0.9997
vn 0.0074 0.9956 0.0932
vn -0.5983 0.7523 0.2757
vn -0.5424 0.6616 0.5178
vn -0.5704 0.8106 0.1327
vn 0.1971 -0.0780 -0.9773
vn 0.1971 -0.0780 -0.9773
vn 0.1971 -0.0780 -0.9773
vn 0.1579 0.3899 0.9072
vn 0.0274 0.9852 -0.1693
vn -0.6036 0.7973 0.0030
vn 0.0083 -0.9447 -0.3277
vn -0.0194 -0.7633 -0.6458
vn 0.0628 -0.9925 0.1045
vn 0.0628 -0.9925 0.1045
vn 0.0628 -0.9925 0.1045
vn -0.0015 0.0435 0.9991
vn -0.0015 0.0435 0.9991
vn -0.0015 0.0435 0.9991
vn 0.0015 0.0175 -0.9998
vn 0.0047 0.0149 -0.9999
vn -0.0211 0.0345 -0.9992
vn 0.0010 -0.9988 0.0490
vn 0.6381 -0.7495 0.1761
vn -0.6294 0.7766 0.0266
vn -0.6361 0.7663 -0.0908
vn 0.6072 -0.7940 0.0304
vn 0.6185 -0.7845 -0.0446
vn -0.6476 0.7618 0.0155
vn 0.3484 0.4446 0.8252
vn 0.3484 0.4446 0.8252
vn 0.3484 0.4446 0.8252
vn 0.5688 -0.7751 0.2750
vn 0.0190 -0.0024 -0.9998
vn 0.6616 -0.7478 -0.0562
vn -0.0492 0.9973 0.0554
vn 0.7298 -0.6834 -0.0185
vn 0.7298 -0.6834 -0.0185
vn 0.7298 -0.6834 -0.0185
vn 0.1593 0.3960 0.9043
vn 0.0226 0.0055 -0.9997
vn -0.0236 0.0297 -0.9993
vn 0.0008 0.0108 -0.9999
vn 0.0131 0.6861 0.7273
vn -0.6238 0.7764 -0.0895
vn 0.0135 -0.9973 0.0721
vn 0.0135 -0.9973 0.0721
vn 0.0135 -0.9973 0.0721
vn -0.0359 -0.5051 0.8623
vn -0.0359 -0.5051 0.8623
vn -0.0359 -0.5051 0.8623
vn -0.6457 0.7622 0.0455
vn 0.3766 -0.4563 0.8062
vn 0.3766 -0.4563 0.8062
vn 0.3766 -0.4563 0.8062
vn -0.5641 0.8091 0.1649
vn -0.6027 0.7979 0.0100
vn -0.5587 0.8294 -0.0012
vn -0.0066 0.9994 -0.0338
vn -0.0084 0.9994 -0.0321
vn 0.0147 0.9985 -0.0535
vn 0.6314 -0.7666 -0.1173
vn -0.0298 0.9995 -0.0124
vn -0.0216 0.9997 -0.0079
vn 0.5435 -0.8365 0.0700
vn -0.5985 0.8009 -0.0206
vn 0.6655 -0.7208 -0.1941
vn 0.5884 -0.8043 0.0824
vn 0.5885 -0.8039 0.0860
vn 0.6890 -0.6679 -0.2814
vn 0.6890 -0.6679 -0.2814
vn 0.6890 -0.6679 -0.2814
vn 0.9978 0.0077 -0.0659
vn 0.9992 0.0374 -0.0171
vn 0.9992 0.0325 -0.0252
vn 0.9973 -0.0509 0.0522
vn 0.9988 -0.0392 0.0291
vn 0.9887 -0.0864 0.1225
vn -0.4993 0.8664 0.0093
vn 0.9974 0.0657 0.0296
vn 0.9990 0.0209 -0.0398
vn 0.9999 0.0097 -0.0138
vn 0.9837 0.0234 -0.1783
vn 0.9999 -0.0059 0.0127
vn 0.9999 -0.0129 0.0062
vn 1.0000 0.0062 -0.0034
vn 0.9997 -0.0163 -0.0161
vn 0.9999 -0.0007 0.0150
vn 0.0155 -0.0174 0.9997
vn 0.0110 -0.0372 0.9992
vn 0.9343 -0.3199 0.1574
vn 0.9653 -0.2567 0.0477
vn 0.9676 -0.2436 0.0663
vn -0.5146 0.8573 0.0173
vn 0.0433 -0.0231 0.9988
vn 0.0628 -0.0024 0.9980
vn 0.0406 -0.0260 0.9988
vn -0.7334 0.6738 -0.0895
vn -0.7334 0.6738 -0.0895
vn -0.7334 0.6738 -0.0895
vn -0.9710 -0.0034 -0.2391
vn -0.9973 -0.0665 -0.0309
vn -0.9803 -0.0166 -0.1966
vn -0.9962 -0.0830 0.0254
vn -0.9988 -0.0086 0.0486
vn -0.9992 -0.0171 0.0362
vn -0.9986 -0.0030 0.0532
vn -0.9977 0.0067 0.0679
vn -0.9984 -0.0019 0.0568
vn -0.9963 0.0200 0.0836
vn -0.9990 -0.0335 0.0303
vn -0.9974 -0.0680 0.0243
vn -0.9959 -0.0825 0.0358
vn -0.9992 -0.0255 0.0294
vn -0.9991 -0.0110 0.0419
vn -0.9993 -0.0338 0.0141
vn 0.8816 -0.4107 0.2326
vn -0.0196 -0.0918 -0.9956
vn -0.0695 -0.0206 0.9974
vn -0.0524 -0.0162 0.9985
vn -0.0732 -0.0215 0.9971
vn -0.9947 0.1028 -0.0059
vn -0.9947 0.1028 -0.0059
vn -0.9947 0.1028 -0.0059
vn 0.8089 -0.5082 0.2955
vn -0.5966 -0.5776 -0.5572
vn -0.5966 -0.5776 -0.5572
vn -0.5966 -0.5776 -0.5572
vn -0.0116 -0.9978 -0.0655
vn -0.0326 -0.9896 -0.1401
vn -0.0390 -0.9859 -0.1628
vn 0.0320 -0.1037 0.9941
vn -0.0685 0.0473 -0.9965
vn -0.1675 0.2384 -0.9566
vn 0.2196 -0.7787 0.5877
vn 0.2196 -0.7787 0.5877
vn 0.2196 -0.7787 0.5877
vn 0.0198 -0.0481 0.9986
vn -0.8752 0.4775 -0.0783
vn 0.0109 -0.0523 0.9986
vn 0.0869 -0.0166 0.9961
vn 0.0958 -0.0284 0.9950
vn -0.1174 -0.9922 0.0414
vn -0.1174 -0.9922 0.0414
vn -0.1174 -0.9922 0.0414
vn 0.0223 -0.0159 -0.9996
vn 0.0176 -0.0118 -0.9998
vn 0.0166 -0.0108 -0.9998
vn 0.1416 -0.9761 -0.1650
vn 0.0735 -0.9403 -0.3324
vn 0.2147 -0.9760 0.0369
vn 0.0454 0.0027 0.9990
vn 0.0649 -0.0030 0.9979
vn 0.0383 0.0097 0.9992
vn 0.0152 -0.0204 0.9997
vn 0.2444 -0.9613 0.1272
vn -0.0305 -0.0132 0.9994
vn 0.0654 -0.0026 0.9979
vn -0.6306 0.7757 -0.0251
vn 0.9959 -0.0050 0.0903
vn 0.9959 -0.0050 0.0903
vn 0.9959 -0.0050 0.0903
vn 0.0281 0.0054 0.9996
vn 0.0300 0.0020 0.9995
vn 0.0054 0.0421 0.9991
vn 0.7938 -0.2513 0.5539
vn 0.9349 -0.0301 0.3538
vn 0.9280 -0.1217 0.3521
vn -0.0084 0.0051 -1.0000
vn -0.0063 0.0034 -1.0000
vn -0.0062 0.0034 -1.0000
vn 0.0199 -0.9963 -0.0830
vn 0.0245 -0.9968 -0.0762
vn 0.0173 -0.9961 -0.0868
vn 0.9639 0.0051 0.2661
vn 0.0372 -0.0007 0.9993
vn 0.0043 0.9989 -0.0475
vn 0.0043 0.9989 -0.0475
vn 0.0043 0.9989 -0.0475
vn -0.0031 0.0102 -0.9999
vn -0.0026 0.0110 -0.9999
vn -0.0013 0.0023 -1.0000
vn 0.0128 -0.9956 -0.0933
vn 0.9088 0.0658 0.4120
vn -0.0590 -0.0314 -0.9978
vn 0.1913 -0.9790 0.0699
vn 0.2179 -0.9703 0.1055
vn 0.1959 -0.9777 0.0759
vn 0.8857 0.0700 0.4589
vn 0.0377 -0.0000 0.9993
vn 0.0117 -0.0066 -0.9999
vn 0.0059 0.9958 0.0910
vn 0.9999 -0.0026 0.0129
vn 0.9997 0.0024 0.0248
vn 0.9998 0.0213 -0.0003
vn -0.0489 -0.0153 0.9987
vn 0.9998 0.0201 0.0024
vn 0.9988 -0.0490 0.0059
vn 0.9966 -0.0777 -0.0266
vn -0.0057 -0.9990 -0.0444
vn 0.0520 -0.0338 0.9981
vn 0.0411 -0.0135 0.9991
vn 0.0655 -0.0384 0.9971
vn -0.7750 0.6304 -0.0442
vn -0.0856 0.1202 -0.9890
vn -0.0470 0.9984 0.0300
vn -0.0568 0.9977 0.0362
vn -0.0368 0.9990 0.0235
vn 0.1653 -0.9856 0.0352
vn 0.0188 -0.7795 0.6261
vn 0.0188 -0.7795 0.6261
vn 0.0188 -0.7795 0.6261
vn 0.1163 0.9932 0.0026
vn 0.1159 0.9933 0.0030
vn 0.1479 0.9887 -0.0259
vn 0.0135 0.0006 0.9999
vn -0.0285 -0.9986 0.0435
vn -0.0482 -0.9972 0.0578
vn -0.0855 -0.9927 0.0848
vn -0.0679 0.9968 0.0432
vn -0.0326 -0.0471 0.9984
vn 0.9978 -0.0600 -0.0291
vn 0.9979 -0.0542 -0.0367
vn 0.9995 -0.0183 -0.0269
vn 0.0112 -0.9998 0.0147
vn 0.9999 -0.0083 -0.0085
vn 0.9979 -0.0625 -0.0165
vn 0.9986 -0.0468 -0.0251
vn -0.9761 0.2101 -0.0553
vn 0.0107 -0.0059 0.9999
vn 0.0340 0.0169 0.9993
vn -0.7648 0.6441 0.0147
vn -0.7648 0.6441 0.0147
vn -0.7648 0.6441 0.0147
vn -0.7144 -0.6869 0.1334
vn -0.7144 -0.6869 0.1334
vn -0.7144 -0.6869 0.1334
vn 0.0113 0.0054 0.9999
vn 0.0581 -0.0199 0.9981
vn -0.9933 -0.1141 0.0196
vn -0.9804 0.0592 0.1879
vn -0.9884 -0.0101 0.1518
vn -0.0395 0.0219 0.9990
vn 0.0529 0.0071 0.9986
vn 0.9980 -0.0524 -0.0349
vn 0.9980 -0.0524 -0.0349
vn 0.9980 -0.0524 -0.0349
vn -0.9992 -0.0138 0.0385
vn -0.9979 0.0026 0.0654
vn -0.9995 -0.0278 0.0155
vn -0.9967 0.0117 0.0801
vn 0.9766 0.0346 0.2124
vn 0.9719 0.0440 0.2314
vn 0.9822 0.0221 0.1866
vn 0.9865 0.0108 0.1635
vn -0.9986 0.0037 0.0522
vn -0.9999 -0.0102 0.0111
vn -0.9967 0.0114 0.0810
vn -0.9985 0.0049 0.0543
vn -0.9920 -0.1199 -0.0386
vn -0.9945 0.0196 0.1029
vn -0.9970 -0.0011 0.0778
vn -0.9999 0.0145 -0.0033
vn 0.0828 0.9960 0.0326
vn -0.9954 0.0644 0.0704
vn -0.9899 0.0386 0.1362
vn 0.1863 0.0392 0.9817
vn -0.0034 0.0183 -0.9998
vn 0.6087 -0.0268 0.7929
vn 0.2978 0.0626 0.9526
vn 0.3467 -0.0521 0.9365
vn 0.1039 -0.8961 -0.4315
vn 0.1039 -0.8961 -0.4315
vn 0.1039 -0.8961 -0.4315
vn -0.2109 0.0447 -0.9765
vn 0.1652 -0.0050 0.9862
vn 0.5199 -0.1119 0.8468
vn 0.2280 -0.0234 0.9734
vn 0.2976 -0.9266 0.2298
vn 0.0450 -0.9729 0.2268
vn 0.1536 -0.9788 0.1352
vn 0.9964 0.0151 0.0838
vn 0.9966 0.0144 0.0816
vn 0.9964 0.0150 0.0834
vn 0.9966 0.0142 0.0810
vn 0.2803 0.0314 0.9594
vn -0.0243 0.9991 0.0350
vn -0.0118 0.9988 0.0474
vn -0.0095 0.9987 0.0497
vn 0.5768 -0.1298 0.8065
vn 0.3225 0.0268 0.9462
vn 0.4053 -0.0153 0.9140
vn 0.3482 0.1575 0.9241
vn -0.9979 0.0088 -0.0645
vn 0.0320 -0.9942 0.1028
vn 0.0066 -0.9909 0.1347
vn 0.0043 -0.9905 0.1375
vn -0.9989 -0.0035 -0.0470
vn -0.9989 -0.0036 -0.0461
vn 0.6828 0.0474 0.7291
vn 0.3494 0.1032 0.9313
vn 0.2853 0.0831 0.9548
vn 0.1034 0.9916 0.0774
vn 0.0750 0.9848 0.1566
vn 0.0423 0.9929 0.1110
vn -0.0533 -0.0004 0.9986
vn -0.0574 -0.0041 0.9983
vn -0.0580 -0.0046 0.9983
vn 0.4968 0.8668 0.0431
vn 0.1868 0.9815 -0.0425
vn 0.1862 0.9824 0.0128
vn 0.0318 -0.9960 0.0835
vn 0.0863 0.9962 -0.0104
vn 0.2070 0.2503 0.9458
vn -0.1252 -0.9744 0.1866
vn -0.1904 -0.9357 0.2970
vn -0.1891 -0.9367 0.2948
vn 0.9998 0.0104 0.0146
vn 0.9998 0.0134 0.0179
vn 0.9979 0.0426 0.0490
vn 0.9994 -0.0232 0.0261
vn 1.0000 0.0037 -0.0071
vn 0.9997 -0.0178 0.0195
vn -0.3702 -0.0862 -0.9249
vn -0.3702 -0.0862 -0.9249
vn -0.3702 -0.0862 -0.9249
vn 0.9998 -0.0157 -0.0133
vn 0.4182 -0.0181 0.9082
vn 0.8326 0.0350 -0.5527
vn 0.8326 0.0350 -0.5527
vn 0.8326 0.0350 -0.5527
vn 0.9898 0.0070 0.1425
vn 0.9915 0.1266 0.0293
vn 0.9925 0.0645 0.1040
vn 0.9902 -0.0438 0.1323
vn 0.9928 -0.0601 0.1035
vn 0.9982 -0.0144 0.0578
vn 0.9992 -0.0012 0.0390
vn 0.9996 0.0074 0.0267
vn 0.9975 -0.0454 0.0535
vn 0.1033 -0.2554 0.9613
vn 0.1384 -0.1106 0.9842
vn 0.4053 -0.0184 -0.9140
vn 0.4350 0.1099 -0.8937
vn 0.4419 0.1455 -0.8852
vn 0.0384 -0.9971 0.0650
vn 0.1206 -0.9917 0.0449
vn 0.2380 -0.9713 -0.0009
vn 0.9998 0.0195 0.0093
vn 0.1924 0.3304 0.9240
vn 0.4728 0.3849 -0.7927
vn 0.0694 0.9954 0.0660
vn 0.0930 0.9945 -0.0492
vn 0.1128 0.9925 -0.0462
vn -0.0632 0.0177 0.9978
vn -0.0146 -0.9868 0.1610
vn 0.0830 0.9941 -0.0699
vn 0.0229 0.9940 -0.1073
vn 0.1404 0.9897 -0.0265
vn -0.2759 -0.8533 0.4425
vn -0.0174 -0.9962 0.0851
vn 0.0736 0.9946 0.0732
vn 0.1439 0.9893 -0.0233
vn 0.1399 0.9899 -0.0249
vn 0.0091 0.0061 0.9999
vn 0.1159 0.9858 -0.1215
vn 0.3566 0.2496 0.9003
vn 0.0897 -0.9957 0.0233
vn 0.0950 -0.9940 0.0540
vn 0.0663 -0.9944 0.0825
vn 0.0095 0.0143 0.9999
vn 0.0809 0.9963 0.0286
vn -0.0516 -0.0288 0.9983
vn -0.0466 -0.0341 0.9983
vn -0.0519 -0.0285 0.9982
vn -0.0150 -0.0251 -0.9996
vn -0.0150 -0.0251 -0.9996
vn -0.0150 -0.0251 -0.9996
vn 0.0937 0.9938 0.0601
vn 0.0745 -0.9972 0.0082
vn 0.0998 -0.9921 0.0763
vn 0.1039 -0.9946 -0.0019
vn -0.0669 0.0126 0.9977
vn 0.0952 0.9942 0.0500
vn -0.0004 0.9986 0.0524
vn -0.0077 0.9983 0.0577
vn 0.0224 -0.9978 0.0623
vn 0.0009 0.9982 0.0599
vn 0.0412 -0.9972 0.0622
vn 0.0215 -0.9953 0.0948
vn 0.0581 -0.9983 0.0091
vn -0.0138 0.1561 0.9877
vn 0.0594 0.9958 0.0695
vn -0.0623 -0.0085 0.9980
vn 0.0244 0.0467 0.9986
vn 0.0352 0.0434 0.9984
vn 0.1238 0.0163 0.9922
vn 0.0988 0.9950 0.0127
vn 0.0970 0.9937 0.0561
vn -0.0565 -0.0237 0.9981
vn -0.0061 0.0075 -1.0000
vn -0.0053 0.1476 0.9890
vn 0.0690 0.9941 0.0831
vn 0.0530 -0.9986 0.0070
vn 0.0165 -0.9784 0.2062
vn 0.1136 -0.9898 0.0856
vn 0.0022 0.0068 1.0000
vn 0.0022 0.0068 1.0000
vn 0.0022 0.0068 1.0000
vn 0.1558 -0.9830 0.0969
vn 0.9995 -0.0286 0.0147
vn 0.9977 -0.0222 -0.0648
vn 0.9967 -0.0081 -0.0811
vn 0.9966 0.0504 0.0645
vn 0.9976 0.0498 0.0489
vn 0.9995 -0.0267 0.0188
vn 0.9997 -0.0237 0.0117
vn 0.7850 0.6194 0.0028
vn 0.7850 0.6194 0.0028
vn 0.7850 0.6194 0.0028
vn 0.9965 0.0528 0.0651
vn 0.9986 0.0407 0.0328
vn 0.9983 0.0583 -0.0021
vn 0.0171 -0.0136 0.9998
vn 0.0171 -0.0136 0.9998
vn 0.0171 -0.0136 0.9998
vn -0.0015 -0.9946 0.1035
vn -0.0015 -0.9946 0.1035
vn -0.0015 -0.9946 0.1035
vn 0.9995 0.0205 -0.0257
vn 0.8635 -0.4986 0.0756
vn 0.8635 -0.4986 0.0756
vn 0.8635 -0.4986 0.0756
vn 0.9978 0.0073 0.0658
vn 0.9981 -0.0029 0.0619
vn 0.9947 -0.0998 0.0230
vn 0.9990 0.0397 0.0200
vn 0.9989 0.0355 0.0305
vn 1.0000 0.0042 -0.0090
vn 0.9828 0.1479 0.1103
vn 0.9982 0.0339 0.0496
vn 0.0124 0.9876 0.1567
vn 0.9935 0.0895 0.0705
vn 0.9971 0.0601 0.0464
vn 0.9980 0.0503 0.0384
vn 0.9997 0.0196 0.0134
vn 0.0471 0.0428 0.9980
vn 0.0471 0.0428 0.9980
vn 0.0471 0.0428 0.9980
vn 0.0302 -0.0424 0.9986
vn 0.0302 -0.0424 0.9986
vn 0.0302 -0.0424 0.9986
vn 0.0254 0.0254 0.9994
vn 0.0254 0.0254 0.9994
vn 0.0254 0.0254 0.9994
vn 0.0075 -1.0000 -0.0039
vn 0.0075 -1.0000 -0.0039
vn 0.0075 -1.0000 -0.0039
vn -0.0007 -0.0356 0.9994
vn -0.0007 -0.0356 0.9994
vn -0.0007 -0.0356 0.9994
vn 0.0141 0.9986 0.0504
vn 0.0141 0.9986 0.0504
vn 0.0141 0.9986 0.0504
vn 0.0084 0.9998 -0.0197
vn 0.0084 0.9998 -0.0197
vn 0.0084 0.9998 -0.0197
vn -0.0149 -0.9868 0.1610
vn -0.0004 0.9874 0.1582
vn -0.0262 0.0619 0.9977
vn 0.0266 -0.0680 0.9973
vn 0.0266 -0.0680 0.9973
vn 0.0266 -0.0680 0.9973
vn -0.0166 -0.9790 0.2031
vn -0.0271 0.9835 0.1789
vn 0.0137 -0.0169 0.9998
vn 0.0137 -0.0169 0.9998
vn 0.0137 -0.0169 0.9998
vn -0.0052 0.9854 0.1703
vn -0.0086 0.0161 -0.9998
vn 0.2678 0.1577 0.9505
vn 0.4387 0.1007 0.8930
vn -0.0183 -0.0610 0.9980
vn 0.9978 0.0613 0.0240
vn 0.9952 0.0712 0.0673
vn 0.9968 0.0607 0.0518
vn 0.9991 0.0376 -0.0191
vn 0.9974 0.0706 -0.0154
vn 0.9989 -0.0458 -0.0094
vn 0.9949 -0.0966 0.0289
vn 0.9987 0.0369 -0.0358
vn 0.9985 0.0519 0.0190
vn 0.0305 -0.1060 -0.9939
vn 0.0681 -0.1238 -0.9900
vn 0.0542 -0.1172 -0.9916
vn 0.0224 -0.1021 -0.9945
vn 0.9967 -0.0405 -0.0698
vn 0.9962 -0.0424 -0.0755
vn 0.9982 -0.0339 -0.0495
vn 0.9991 -0.0282 -0.0320
vn 0.6460 -0.7577 0.0923
vn 0.6460 -0.7577 0.0923
vn 0.6460 -0.7577 0.0923
vn 0.6441 0.0647 -0.7622
vn 0.6441 0.0647 -0.7622
vn 0.6441 0.0647 -0.7622
vn 0.0488 -0.9988 0.0089
vn 0.0488 -0.9988 0.0089
vn 0.0488 -0.9988 0.0089
vn 0.9946 0.1030 -0.0096
vn 0.9953 0.0963 -0.0079
vn 0.9959 0.0899 -0.0002
vn 0.9941 0.1060 -0.0209
vn -0.5722 0.1160 0.8119
vn -0.5565 0.0958 0.8253
vn -0.5738 0.0875 0.8143
vn 0.0531 0.7711 0.6345
vn 0.0531 0.7711 0.6345
vn 0.0531 0.7711 0.6345
vn -0.9037 0.1954 -0.3809
vn -0.9160 0.1654 -0.3654
vn -0.9368 0.1056 -0.3335
vn -0.5337 0.0443 0.8445
vn -0.4785 0.1170 0.8703
vn 0.0071 0.0440 0.9990
vn 0.1166 0.0291 0.9928
vn 0.2355 -0.0105 0.9718
vn 0.9970 0.0764 -0.0152
vn -0.0238 0.0028 -0.9997
vn -0.0238 0.0028 -0.9997
vn -0.0238 0.0028 -0.9997
vn 0.0782 -0.0080 -0.9969
vn 0.1552 0.0003 -0.9879
vn 0.1558 0.0002 -0.9878
vn 0.0728 0.1021 -0.9921
vn 0.9947 0.1025 0.0093
vn 0.9945 0.1046 0.0052
vn 0.0532 0.9982 -0.0269
vn 0.0532 0.9982 -0.0269
vn 0.0532 0.9982 -0.0269
vn 0.9947 0.1020 0.0103
vn 0.0307 0.0008 -0.9995
vn 0.0249 -0.0477 -0.9985
vn 0.9996 -0.0281 -0.0001
vn 0.9995 0.0087 -0.0311
vn 0.9989 0.0173 -0.0441
vn 0.9975 0.0350 -0.0606
vn 0.9974 0.0274 -0.0662
vn 0.0038 -0.0384 -0.9993
vn -0.0567 0.0732 0.9957
vn -0.3248 -0.2329 0.9166
vn -0.0240 -0.0855 0.9960
vn -0.1078 -0.1016 0.9890
vn 0.0951 0.9954 -0.0117
vn 0.0238 0.9944 0.1025
vn 0.0444 0.9966 0.0699
vn -0.8655 0.2736 -0.4195
vn 0.9925 -0.0135 0.1213
vn 0.9896 0.0059 0.1436
vn 0.9913 -0.0093 0.1315
vn 0.9966 0.0371 0.0736
vn 0.9978 0.0473 0.0474
vn 0.0857 -0.9963 0.0011
vn 0.0376 -0.9945 -0.0976
vn 0.0583 -0.9962 -0.0652
vn 0.0233 -0.0249 0.9994
vn 0.0456 -0.0344 0.9984
vn -0.0189 -0.0067 0.9998
vn 0.1008 0.9947 -0.0209
vn -0.0395 0.0021 0.9992
vn 0.0418 -0.9952 0.0887
vn -0.0582 -0.9922 0.1098
vn -0.0408 -0.9967 0.0702
vn 0.2080 0.9764 0.0582
vn 0.0333 0.9886 0.1468
vn 0.1065 0.9807 0.1638
vn 0.0635 0.9978 0.0194
vn 0.0255 0.9991 -0.0328
vn 0.0778 0.9967 0.0226
vn 0.0218 -0.0408 0.9989
vn -0.0064 -0.1513 0.9885
vn 0.0636 -0.9979 0.0136
vn 0.0998 -0.9936 0.0532
vn -0.0214 -0.9977 0.0636
vn 0.1943 -0.9803 -0.0363
vn 0.0335 0.9992 0.0206
vn 0.0009 -0.9991 0.0428
vn 0.0009 -0.9991 0.0428
vn 0.0009 -0.9991 0.0428
vn -0.1423 0.9887 0.0470
vn 0.0481 -0.9957 0.0786
vn -0.0866 -0.0009 0.9962
vn -0.0074 -0.9844 0.1756
vn -0.0074 -0.9844 0.1756
vn -0.0074 -0.9844 0.1756
vn -0.0059 0.0372 0.9993
vn -0.9938 -0.0939 0.0595
vn -0.9938 -0.0939 0.0595
vn -0.9938 -0.0939 0.0595
vn 0.9961 0.0258 -0.0840
vn 0.9974 0.0159 -0.0707
vn 0.9965 0.0231 -0.0803
vn 0.9972 -0.0225 -0.0710
vn 0.9412 -0.1646 -0.2949
vn 0.9752 -0.1019 -0.1964
vn 0.9950 0.0333 -0.0941
vn 0.8918 -0.2266 -0.3916
vn -0.0201 0.0209 -0.9996
vn -0.0123 0.0177 -0.9998
vn -0.0246 0.0227 -0.9994
vn -0.9141 -0.0556 0.4018
vn -0.9159 -0.0587 0.3971
vn -0.9200 -0.0660 0.3863
vn 0.1228 -0.0631 0.9904
vn -0.9954 -0.0080 0.0954
vn -0.9935 -0.0059 0.1140
vn -0.9335 0.0210 0.3580
vn -0.9265 0.0236 0.3756
vn -0.8673 0.0158 0.4975
vn -0.9582 0.0168 0.2856
vn -0.9231 -0.0718 0.3777
vn -0.9945 0.0082 0.1041
vn -0.9985 -0.0502 0.0206
vn -0.9966 -0.0373 0.0740
vn -0.9814 0.1700 -0.0889
vn -0.9956 0.0769 -0.0528
vn -0.0088 -0.0306 0.9995
vn -0.0088 -0.0306 0.9995
vn -0.0088 -0.0306 0.9995
vn -0.0651 -0.9970 0.0412
vn -0.0231 -0.9997 0.0053
vn 0.6242 0.6583 -0.4207
vn 0.6242 0.6583 -0.4207
vn 0.6242 0.6583 -0.4207
vn 0.0036 -0.9964 -0.0849
vn -0.0351 -0.9936 0.1076
vn -0.0080 0.0159 -0.9998
vn 0.0604 0.0691 0.9958
vn -0.0204 0.0418 0.9989
vn 0.1183 0.0196 0.9928
vn 0.0121 0.9982 0.0596
vn 0.0505 0.9926 0.1105
vn 0.0083 0.9992 0.0393
vn 0.0294 -0.1096 -0.9935
vn 0.0195 -0.1593 -0.9870
vn 0.0327 -0.0932 -0.9951
vn 0.0296 -0.9989 -0.0371
vn -0.0707 0.9924 0.1005
vn -0.0241 0.9643 0.2637
vn -0.0726 -0.9957 0.0583
vn 0.9923 0.1224 -0.0163
vn 0.9923 0.1224 -0.0163
vn 0.9923 0.1224 -0.0163
vn -0.0099 0.9998 0.0151
vn -0.9563 0.2516 0.1491
vn -0.9563 0.2516 0.1491
vn -0.9563 0.2516 0.1491
vn 0.0072 0.9990 0.0445
vn 0.0508 0.9974 0.0502
vn 0.1606 0.9849 0.0641
vn 0.9496 0.3102 -0.0455
vn 0.9496 0.3102 -0.0455
vn 0.9496 0.3102 -0.0455
vn -0.0443 -0.9955 0.0837
vn 0.0317 0.9977 0.0603
vn -0.0094 0.9993 0.0368
vn 0.0793 -0.0390 -0.9961
vn 0.0505 -0.0094 -0.9987
vn 0.0439 -0.0209 -0.9988
vn 0.6961 0.7110 0.0995
vn 0.6961 0.7110 0.0995
vn 0.6961 0.7110 0.0995
vn -0.0290 -0.0091 0.9995
vn -0.1191 -0.0440 0.9919
vn -0.0464 -0.0038 0.9989
vn -0.1122 0.9910 0.0723
vn 0.0064 0.8760 0.4823
vn -0.2339 0.9613 0.1458
vn 0.0741 -0.0287 0.9968
vn 0.0834 -0.0064 0.9965
vn 0.0882 0.0050 0.9961
vn -0.7982 0.0070 0.6023
vn -0.7982 0.0070 0.6023
vn -0.7982 0.0070 0.6023
vn -0.9991 -0.0134 0.0409
vn -0.9981 0.0000 0.0616
vn -0.9987 -0.0050 0.0511
vn -0.9993 -0.0254 0.0277
vn 0.1116 -0.0023 0.9938
vn -0.9980 -0.0003 0.0628
vn -0.9980 -0.0005 0.0629
vn -0.9914 -0.0948 -0.0898
vn -0.9306 -0.3661 0.0083
vn -0.9849 -0.1591 -0.0684
vn -0.9935 -0.0086 -0.1136
vn -0.9936 -0.0089 -0.1125
vn -0.0335 0.7713 0.6356
vn -0.0335 0.7713 0.6356
vn -0.0335 0.7713 0.6356
vn 0.0118 0.9974 0.0705
vn -0.0508 0.9943 -0.0941
vn -0.0003 0.9937 0.1122
vn 0.0311 -0.0073 -0.9995
vn 0.0133 0.0022 -0.9999
vn 0.1246 -0.0499 -0.9910
vn -0.0357 0.0512 0.9981
vn -0.1051 -0.0060 0.9944
vn -0.0891 -0.0007 0.9960
vn -0.0001 -0.9996 0.0285
vn -0.0866 -0.9918 -0.0936
vn -0.0662 -0.9899 -0.1250
vn 0.6968 -0.7165 -0.0336
vn 0.7030 -0.7106 -0.0295
vn 0.7045 -0.7082 -0.0462
vn -0.0065 0.0057 1.0000
vn -0.0205 0.9940 -0.1076
vn -0.0834 0.0454 0.9955
vn -0.0834 0.0454 0.9955
vn -0.0834 0.0454 0.9955
vn 0.0692 -0.0402 0.9968
vn 0.4599 0.7196 -0.5203
vn 0.4599 0.7196 -0.5203
vn 0.4599 0.7196 -0.5203
vn -0.0979 -0.9923 -0.0761
vn 0.0446 0.9988 -0.0184
vn 0.0763 0.9960 -0.0471
vn -0.0615 0.0061 -0.9981
vn 0.6968 -0.7136 0.0724
vn 0.7083 -0.7057 -0.0174
vn 0.0220 0.9996 0.0159
vn -0.0282 0.9993 0.0237
vn -0.0006 1.0000 -0.0027
vn 0.0120 -0.1966 -0.9804
vn 0.4757 -0.4364 0.7637
vn 0.4757 -0.4364 0.7637
vn 0.4757 -0.4364 0.7637
vn 0.7126 -0.6921 -0.1153
vn 0.7013 -0.7119 -0.0366
vn 0.7193 -0.6699 -0.1839
vn 0.0370 -0.0097 -0.9993
vn 0.0234 0.9888 0.1476
vn -0.5718 0.1876 0.7986
vn -0.5718 0.1876 0.7986
vn -0.5718 0.1876 0.7986
vn 0.5908 -0.8066 0.0207
vn 0.6510 -0.7183 0.2456
vn 0.6554 -0.7482 0.1032
vn -0.0378 0.9984 0.0426
vn -0.0345 0.9993 -0.0153
vn 0.6953 -0.7187 -0.0018
vn 0.6927 -0.7212 -0.0078
vn -0.8151 0.4871 0.3137
vn -0.8151 0.4871 0.3137
vn -0.8151 0.4871 0.3137
vn -0.6189 0.7315 -0.2862
vn -0.6452 0.7401 -0.1898
vn -0.5907 0.7180 -0.3683
vn -0.1563 -0.9786 0.1338
vn -0.5374 0.6856 -0.4911
vn 0.0094 0.0093 -0.9999
vn 0.9054 -0.3511 -0.2387
vn 0.9853 -0.1001 -0.1384
vn 0.9716 -0.1340 -0.1949
vn -0.0055 1.0000 0.0003
vn 0.0710 0.9927 0.0973
vn 0.1116 0.9772 0.1804
vn 0.0362 -0.0139 0.9992
vn 0.0397 -0.0101 0.9992
vn 0.0350 -0.0147 0.9993
vn 0.9987 -0.0111 -0.0499
vn 0.9983 -0.0112 -0.0571
vn 0.9998 -0.0069 -0.0200
vn 0.5869 -0.6700 -0.4546
vn 0.9999 0.0079 0.0148
vn 0.9998 0.0090 0.0190
vn 0.9999 0.0054 0.0123
vn 0.9998 0.0091 0.0196
vn 1.0000 0.0002 0.0029
vn 1.0000 0.0069 -0.0072
vn 0.9999 0.0129 -0.0101
vn 0.6524 -0.6997 0.2910
vn 0.7270 -0.6606 0.1871
vn 0.0169 0.0031 -0.9999
vn 0.0210 0.0040 -0.9998
vn 0.0176 0.0033 -0.9998
vn 0.0251 0.0049 0.9997
vn 0.6248 -0.6142 -0.4821
vn -0.0392 0.9992 -0.0085
vn 0.0170 -0.0053 0.9998
vn 0.0146 -0.0018 0.9999
vn 0.0132 -0.0035 0.9999
vn 0.5088 -0.7582 0.4077
vn -0.0664 -0.0216 0.9976
vn 0.0237 0.9889 0.1467
vn 0.3971 -0.5499 -0.7348
vn 0.0816 -0.9966 -0.0141
vn 0.1121 -0.9935 0.0175
vn 0.1809 -0.9810 -0.0694
vn 0.0797 -0.9968 0.0066
vn -0.0160 -0.9987 -0.0487
vn 0.0194 -0.9998 -0.0089
vn 0.0044 -0.9981 -0.0609
vn -0.0198 -0.0105 -0.9997
vn -0.0198 -0.0105 -0.9997
vn -0.0198 -0.0105 -0.9997
vn 0.0116 -0.0269 0.9996
vn 0.0116 -0.0269 0.9996
vn 0.0116 -0.0269 0.9996
vn 0.0693 -0.9970 0.0334
vn 0.0589 -0.9954 0.0759
vn 0.0035 -0.9797 -0.2006
vn 0.0216 0.0042 -0.9998
vn -0.0837 0.0131 0.9964
vn 0.9939 0.0088 -0.1103
vn 0.9995 -0.0010 0.0331
vn 0.9985 0.0017 -0.0545
vn 0.9928 0.0090 -0.1191
vn 0.9999 0.0079 0.0122
vn 0.9998 0.0121 0.0143
vn 0.9997 0.0208 0.0126
vn 1.0000 -0.0038 0.0024
vn 0.9997 0.0217 0.0101
vn 0.9853 0.0045 -0.1709
vn -0.0360 0.9984 -0.0436
vn 0.0040 0.9988 0.0497
vn 0.1884 0.9821 0.0070
vn 0.0206 0.9987 0.0459
vn 0.3301 -0.9355 -0.1256
vn 0.0111 -0.0949 -0.9954
vn 0.0111 -0.0949 -0.9954
vn 0.0111 -0.0949 -0.9954
vn -0.0258 0.9993 0.0284
vn -0.0445 0.9990 0.0026
vn -0.3752 -0.0743 0.9239
vn -0.6637 -0.7411 -0.1010
vn -0.6637 -0.7411 -0.1010
vn -0.6637 -0.7411 -0.1010
vn 0.9647 -0.2627 0.0201
vn 0.9647 -0.2627 0.0201
vn 0.9647 -0.2627 0.0201
vn -0.0438 0.9978 0.0494
vn -0.0307 -0.9994 -0.0129
vn -0.0307 -0.9994 -0.0129
vn -0.0307 -0.9994 -0.0129
vn -0.5755 -0.8175 0.0231
vn -0.5755 -0.8175 0.0231
vn -0.5755 -0.8175 0.0231
vn -0.9967 -0.0104 0.0808
vn -0.9969 -0.0082 0.0779
vn -0.9965 -0.0115 0.0823
vn -0.0708 0.9974 -0.0156
vn -0.0091 0.0016 1.0000
vn -0.0135 0.0157 0.9998
vn 0.0161 -0.0059 0.9999
vn -0.9963 -0.0138 0.0854
vn -0.0084 -0.0051 1.0000
vn -0.0598 0.9974 0.0408
vn -0.0336 -0.9663 -0.2553
vn 0.0374 -0.0074 -0.9993
vn 0.0151 -0.0027 -0.9999
vn 0.0107 -0.0097 -0.9999
vn -0.0281 -0.0136 0.9995
vn -0.0184 0.0104 0.9998
vn -0.0182 0.0018 0.9998
vn 0.7612 -0.6476 0.0349
vn 0.7612 -0.6476 0.0349
vn 0.7612 -0.6476 0.0349
vn 0.4231 -0.8122 -0.4016
vn 0.4231 -0.8122 -0.4016
vn 0.4231 -0.8122 -0.4016
vn -0.9972 0.0069 -0.0742
vn -0.9972 0.0069 -0.0742
vn -0.9972 0.0069 -0.0742
vn -0.0759 0.9966 0.0322
vn -0.9938 0.0009 0.1116
vn -0.9924 0.0017 0.1229
vn -0.9726 0.0097 0.2324
vn -0.9540 0.0146 0.2994
vn 0.0132 -0.0199 0.9997
vn -0.0073 -0.0318 0.9995
vn -0.0353 -0.9685 -0.2466
vn -0.5542 0.0041 0.8324
vn -0.5542 0.0041 0.8324
vn -0.5542 0.0041 0.8324
vn -0.0279 0.0275 0.9992
vn -0.0246 -0.0003 0.9997
vn 0.0366 -0.0099 0.9993
vn 0.0016 -0.0030 -1.0000
vn 0.0152 -0.0220 -0.9996
vn -0.9998 0.0209 -0.0021
vn -0.9999 0.0085 0.0097
vn -0.9998 0.0207 -0.0019
vn -0.9993 0.0333 -0.0140
vn -0.0143 0.9998 0.0162
vn -0.0205 0.9996 0.0192
vn -0.0312 0.9992 0.0245
vn -0.0171 0.0210 0.9996
vn -0.0011 -0.0097 1.0000
vn 0.0199 -0.0161 0.9997
vn -0.0253 0.0027 0.9997
vn 0.0119 0.6529 0.7574
vn 0.0119 0.6529 0.7574
vn 0.0119 0.6529 0.7574
vn 0.0293 -0.0242 0.9993
vn -0.0283 0.0176 0.9994
vn -0.0633 -0.0319 0.9975
vn -0.0237 0.0196 -0.9995
vn -0.0237 0.0196 -0.9995
vn -0.0237 0.0196 -0.9995
vn 0.9974 0.0008 0.0722
vn 0.9974 0.0008 0.0722
vn 0.9974 0.0008 0.0722
vn 0.1809 -0.9830 0.0307
vn 0.1756 -0.9839 0.0344
vn 0.1771 -0.9836 0.0334
vn -0.0380 0.9989 0.0278
vn -0.5287 0.0279 0.8483
vn -0.5354 0.1162 0.8366
vn -0.5336 0.0865 0.8413
vn -0.9849 0.1705 0.0309
vn -0.9984 0.0072 0.0567
vn -0.9884 0.1504 0.0195
vn 0.0648 -0.7551 0.6524
vn 0.0648 -0.7551 0.6524
vn 0.0648 -0.7551 0.6524
vn 0.0195 -0.0212 0.9996
vn 0.0195 -0.0212 0.9996
vn 0.0195 -0.0212 0.9996
vn -0.9973 0.0307 0.0665
vn -0.9974 0.0270 0.0662
vn -0.9960 0.0283 0.0849
vn -0.5375 0.1781 0.8243
vn 0.1428 0.2997 0.9433
vn 0.1428 0.2997 0.9433
vn 0.1428 0.2997 0.9433
vn -0.9362 0.3514 0.0046
vn -0.2966 0.9502 0.0956
vn -0.2227 0.9731 0.0589
vn -0.0371 0.9988 -0.0316
vn 0.0426 0.9966 -0.0699
vn -0.0058 -0.0030 1.0000
vn 0.0015 0.0023 1.0000
vn 0.1715 -0.9845 0.0372
vn -0.9545 0.2962 0.0348
vn -0.3779 0.0310 0.9253
vn -0.3779 0.0310 0.9253
vn -0.3779 0.0310 0.9253
vn 0.0021 -0.0010 1.0000
vn 0.0022 0.0043 1.0000
vn -0.8941 0.4476 0.0117
vn -0.9924 0.0537 0.1104
vn -0.9922 0.0546 0.1122
vn 0.9843 -0.0411 0.1719
vn 0.9934 -0.0142 0.1139
vn 0.9780 -0.0549 0.2013
vn 0.9967 0.0009 0.0814
vn -0.9899 0.1088 0.0909
vn 0.1126 0.9927 -0.0423
vn 0.1561 0.9869 -0.0405
vn 0.0952 0.9953 0.0183
vn 0.0110 -0.0030 0.9999
vn 0.0090 -0.0025 1.0000
vn 0.1461 0.9883 -0.0448
vn 0.0336 0.9985 0.0432
vn 0.0578 0.9983 -0.0103
vn 0.0253 -0.9996 0.0087
vn 0.1125 -0.9903 -0.0819
vn 0.0378 -0.9993 -0.0043
vn 0.0379 -0.2926 0.9555
vn 0.1097 -0.0744 0.9912
vn 0.0853 -0.1306 0.9878
vn 0.0043 -0.0029 1.0000
vn 0.1064 -0.0650 0.9922
vn 0.9993 0.0264 0.0279
vn 0.9994 0.0341 0.0090
vn 0.9994 0.0315 0.0153
vn 0.9991 0.0240 0.0338
vn -0.0096 0.9982 0.0596
vn 0.0120 0.9993 -0.0345
vn 0.1362 -0.3132 0.9399
vn 0.0968 -0.0658 0.9931
vn 0.9965 -0.0002 -0.0838
vn 0.9993 0.0062 -0.0356
vn 0.9998 -0.0213 0.0069
vn 0.9976 0.0222 -0.0653
vn 0.9921 0.0164 -0.1245
vn 0.9795 0.0048 -0.2015
vn 0.0803 -0.0392 -0.9960
vn 0.1845 -0.0146 -0.9827
vn 0.0973 -0.0352 -0.9946
vn -0.0166 0.0186 0.9997
vn -0.0166 0.0186 0.9997
vn -0.0166 0.0186 0.9997
vn 0.0249 0.9951 0.0962
vn 0.1280 -0.0368 0.9911
vn 0.2552 -0.1354 0.9574
vn 0.2506 -0.0995 0.9630
vn 0.2833 -0.0131 0.9589
vn 0.3317 -0.0036 0.9434
vn 0.0040 -0.0030 1.0000
vn 0.0565 0.9938 -0.0958
vn -0.0543 -0.9944 0.0910
vn 0.1100 -0.9669 -0.2304
vn 0.0569 -0.9542 -0.2937
vn 0.2336 -0.7871 -0.5709
vn 0.9914 -0.0469 -0.1222
vn 0.9999 -0.0122 -0.0039
vn 0.9983 -0.0453 -0.0377
vn 0.8571 -0.4415 -0.2654
vn 0.9990 -0.0410 -0.0197
vn 0.9998 -0.0029 0.0193
vn 0.1616 0.9864 0.0289
vn 0.1955 0.9794 0.0496
vn 0.1780 0.9833 0.0389
vn 0.1992 -0.0111 -0.9799
vn -0.0033 -0.0058 1.0000
vn -0.0033 -0.0058 1.0000
vn -0.0033 -0.0058 1.0000
vn 0.1168 0.7251 0.6787
vn 0.1168 0.7251 0.6787
vn 0.1168 0.7251 0.6787
vn 0.1253 -0.4170 0.9002
vn 0.3880 -0.0761 -0.9185
vn 0.5816 -0.0366 -0.8126
vn 0.4004 -0.0738 -0.9134
vn 0.2122 0.9754 0.0597
vn 0.2455 -0.8317 -0.4980
vn 0.0973 -0.8835 -0.4583
vn 0.1559 -0.8659 -0.4754
vn 0.5433 0.8391 -0.0267
vn 0.5119 0.8588 -0.0220
vn 0.1775 0.9766 0.1210
vn 0.6012 -0.0321 -0.7984
vn 0.0547 -0.8940 -0.4448
vn 0.1756 0.9784 0.1092
vn -0.1255 0.9904 -0.0575
vn 0.0720 -0.9965 -0.0424
vn 0.0813 -0.9925 0.0916
vn 0.9986 -0.0023 0.0520
vn 0.9981 -0.0098 0.0611
vn 0.9991 0.0122 0.0405
vn 0.0930 -0.9916 0.0897
vn 0.9984 -0.0226 0.0522
vn 0.9950 0.0104 0.0993
vn 0.9906 -0.0776 0.1131
vn 0.9906 -0.0776 0.1131
vn 0.9906 -0.0776 0.1131
vn 0.9880 0.1100 0.1083
vn 0.9975 0.0267 0.0648
vn 0.9983 -0.0214 0.0536
vn 0.1031 -0.9930 0.0568
vn 0.0443 -0.9939 0.1014
vn 0.0462 -0.9939 0.0999
vn -0.0319 0.0371 0.9988
vn -0.0319 0.0371 0.9988
vn -0.0319 0.0371 0.9988
vn -0.0809 0.9967 0.0046
vn 0.0119 0.9752 0.2211
vn 0.0170 -0.9851 0.1712
vn -0.0004 -0.9909 0.1347
vn 0.9946 0.1031 0.0081
vn -0.0733 -0.9908 -0.1141
vn -0.0114 -0.0034 0.9999
vn 0.0372 -0.0216 0.9991
vn 0.0307 -0.9995 0.0096
vn -0.0309 -0.9995 0.0084
vn 0.0112 -0.9999 0.0010
vn 0.0053 -0.0120 0.9999
vn 0.0003 -0.0107 0.9999
vn 0.0005 -0.0108 0.9999
vn -0.0079 0.5904 -0.8071
vn -0.0079 0.5904 -0.8071
vn -0.0079 0.5904 -0.8071
vn 0.0012 0.9985 -0.0549
vn 0.0012 0.9985 -0.0549
vn 0.0012 0.9985 -0.0549
vn 0.0134 -0.9993 0.0346
vn 0.0102 0.0147 0.9998
vn -0.0127 0.0261 0.9996
vn 0.0282 0.0057 0.9996
vn 0.0175 -0.0013 -0.9998
vn 0.0175 -0.0013 -0.9998
vn 0.0175 -0.0013 -0.9998
vn -0.5563 -0.0048 -0.8310
vn -0.5483 -0.0090 -0.8362
vn -0.5655 0.0001 -0.8247
vn 0.0163 -0.9998 0.0070
vn -0.0543 -0.9985 -0.0019
vn 0.0318 -0.9994 -0.0140
vn -0.1210 -0.0274 -0.9923
vn -0.3096 0.0013 -0.9509
vn -0.2965 -0.0008 -0.9550
vn -0.1052 -0.0298 -0.9940
vn 0.0281 -0.9990 0.0355
vn -0.0030 -0.6225 -0.7826
vn -0.0030 -0.6225 -0.7826
vn -0.0030 -0.6225 -0.7826
vn 0.0376 -0.9993 -0.0027
vn -0.0068 -0.0089 0.9999
vn -0.0156 -0.9997 0.0192
vn -0.5443 -0.0112 -0.8388
vn 0.9986 0.0534 0.0006
vn 0.9903 0.0040 -0.1388
vn 0.9870 -0.0039 -0.1606
vn 0.9967 -0.0076 0.0809
vn 0.9973 -0.0089 0.0725
vn 0.9889 0.0025 0.1486
vn 0.9967 0.0685 0.0439
vn 0.0643 -0.0124 0.9979
vn 0.1941 0.0013 0.9810
vn 0.0506 -0.0091 0.9987
vn -0.0089 -0.0193 0.9998
vn -0.0032 0.0088 -1.0000
vn -0.0015 -0.0032 -1.0000
vn -0.2640 -0.9451 0.1924
vn -0.3351 -0.0756 -0.9391
vn -0.3351 -0.0756 -0.9391
vn -0.3351 -0.0756 -0.9391
vn -0.2722 -0.9622 -0.0120
vn -0.0107 -0.0177 0.9998
vn -0.9983 -0.0570 -0.0088
vn -0.9978 -0.0659 -0.0026
vn -0.9989 -0.0392 0.0262
vn -0.9991 -0.0220 0.0357
vn -0.9992 -0.0009 0.0387
vn -0.9981 0.0588 0.0183
vn -0.9990 0.0359 0.0275
vn -0.9897 0.1426 -0.0131
vn -0.5748 -0.8119 -0.1021
vn -0.5748 -0.8119 -0.1021
vn -0.5748 -0.8119 -0.1021
vn -0.2957 -0.8902 0.3467
vn -0.3460 0.1998 0.9167
vn -0.3460 0.1998 0.9167
vn -0.3460 0.1998 0.9167
vn -0.6890 0.7246 -0.0154
vn -0.6890 0.7246 -0.0154
vn -0.6890 0.7246 -0.0154
vn -0.9914 -0.1145 -0.0627
vn -0.9900 -0.0959 -0.1033
vn -0.9948 -0.0586 -0.0828
vn -0.0138 -0.0126 0.9998
vn -0.0181 -0.0065 0.9998
vn -0.0084 0.0111 0.9999
vn -0.9984 0.0116 -0.0549
vn -0.9978 0.0053 -0.0662
vn -0.9962 -0.0284 -0.0821
vn 0.0341 -0.8889 -0.4568
vn 0.0193 -0.9250 -0.3794
vn 0.0363 -0.8826 -0.4686
vn 0.0087 -0.0321 0.9994
vn -0.0056 0.6421 0.7666
vn -0.0056 0.6421 0.7666
vn -0.0056 0.6421 0.7666
vn -0.0153 0.9870 -0.1599
vn -0.0140 0.9861 -0.1658
vn -0.0245 0.9927 -0.1178
vn 0.0021 -0.1435 -0.9896
vn -0.0031 -0.1881 -0.9821
vn 0.0027 -0.1385 -0.9904
vn 0.0268 0.0148 -0.9995
vn 0.2545 0.0141 -0.9670
vn -0.1100 0.9620 0.2500
vn -0.1100 0.9620 0.2500
vn -0.1100 0.9620 0.2500
vn -0.0261 0.9935 -0.1104
vn -0.0046 -0.2013 -0.9795
vn -0.0172 0.0244 -0.9996
vn -0.0019 -0.0285 -0.9996
vn 0.0079 -0.0108 -0.9999
vn -0.0321 -0.0082 -0.9994
vn -0.0106 -0.0408 0.9991
vn 0.0163 -0.9316 -0.3631
vn -0.0179 -0.9998 0.0119
vn 0.0017 -0.9985 0.0554
vn 0.0135 -0.9966 0.0816
vn -0.0311 -0.9994 -0.0177
vn -0.0867 0.0177 -0.9961
vn -0.0831 -0.0497 -0.9953
vn 0.0434 0.0585 -0.9973
vn 0.0002 -0.0242 0.9997
vn 0.0141 -0.0001 0.9999
vn -0.0397 -0.0118 0.9991
vn -0.9998 -0.0036 -0.0175
vn -0.9998 -0.0008 -0.0202
vn -0.9999 -0.0098 -0.0141
vn -0.9999 -0.0145 -0.0091
vn -0.9998 0.0046 -0.0212
vn 0.9943 -0.0015 0.1068
vn 0.9886 -0.0106 0.1504
vn 0.9922 -0.0044 0.1243
vn 0.9946 -0.0875 0.0549
vn 0.9974 -0.0384 0.0607
vn 0.9972 -0.0705 0.0261
vn 0.9983 -0.0385 0.0445
vn 0.1768 -0.0444 0.9832
vn 0.0679 -0.1117 0.9914
vn 0.0133 -0.0529 0.9985
vn -0.9908 0.1100 -0.0788
vn -0.9908 0.1100 -0.0788
vn -0.9908 0.1100 -0.0788
vn -0.0571 0.0831 -0.9949
vn 0.9982 -0.0042 -0.0606
vn 0.9995 0.0030 -0.0309
vn 0.9988 -0.0016 -0.0495
vn 0.9966 -0.0068 -0.0825
vn 0.9526 -0.0191 -0.3036
vn 0.9924 -0.0541 -0.1104
vn 0.9718 -0.0101 -0.2357
vn 0.9718 -0.0101 -0.2357
vn 0.9727 -0.1267 -0.1943
vn 0.9270 -0.1810 -0.3285
vn 0.9278 -0.1760 -0.3289
vn 0.9413 -0.0304 -0.3363
vn 0.0530 -0.9986 -0.0063
vn 0.0257 -0.9993 -0.0288
vn 0.0363 -0.9991 -0.0214
vn 0.0344 -0.9983 -0.0468
vn 0.1970 -0.9792 -0.0490
vn 0.1511 -0.9882 -0.0266
vn 0.1757 -0.9837 -0.0386
vn 0.0333 0.1230 0.9918
vn 0.0493 0.0107 -0.9987
vn 0.0493 0.0107 -0.9987
vn 0.0493 0.0107 -0.9987
vn 0.0035 -0.0023 -1.0000
vn -0.0883 -0.0048 -0.9961
vn -0.0018 -0.0029 -1.0000
vn -0.0122 0.9998 -0.0139
vn -0.0215 0.9995 -0.0210
vn -0.0075 0.9999 -0.0103
vn 0.0342 0.3131 -0.9491
vn 0.0342 0.3131 -0.9491
vn 0.0342 0.3131 -0.9491
vn 0.9057 -0.2790 -0.3191
vn -0.0301 -0.0225 0.9993
vn 0.1306 -0.9913 -0.0166
vn 0.0380 -0.9990 0.0236
vn 0.0060 -0.9999 0.0157
vn 0.0155 -0.9992 0.0357
vn -0.0328 -0.0125 -0.9994
vn 0.0577 -0.9983 0.0081
vn 0.0016 -0.0042 -1.0000
vn 0.0023 1.0000 -0.0029
vn 0.0015 0.0001 1.0000
vn -0.0001 -0.0006 1.0000
vn -0.0213 -0.0575 0.9981
vn 0.9998 0.0079 0.0187
vn 0.9981 0.0335 0.0520
vn 0.9749 -0.0068 0.2227
vn 0.9994 -0.0094 0.0338
vn 0.9995 0.0017 0.0326
vn -0.0364 -0.0107 -0.9993
vn -0.9993 -0.0292 0.0248
vn -0.9991 0.0041 -0.0417
vn -0.9999 -0.0158 -0.0020
vn -0.0081 0.0077 0.9999
vn -0.9963 -0.0700 -0.0498
vn -0.9983 -0.0337 0.0474
vn -0.9963 -0.0202 0.0830
vn -0.0006 0.0155 -0.9999
vn 0.0052 0.0198 0.9998
vn -0.0186 0.0109 0.9998
vn 0.0336 -0.9992 -0.0212
vn 0.0039 0.0145 -0.9999
vn 0.0052 -0.9990 0.0447
vn -0.0396 -0.9957 0.0838
vn 0.0332 -0.9992 0.0209
vn 0.8794 0.0187 -0.4757
vn 0.8794 0.0187 -0.4757
vn 0.8794 0.0187 -0.4757
vn -0.0745 -0.0107 -0.9972
vn -0.1377 -0.0179 -0.9903
vn -0.1596 -0.0099 -0.9871
vn 0.0129 -0.9992 -0.0371
vn 0.8622 -0.0079 0.5065
vn 0.8622 -0.0079 0.5065
vn 0.8622 -0.0079 0.5065
vn 0.0096 -0.9833 0.1815
vn 0.0342 -0.9994 -0.0090
vn -0.0962 0.0119 0.9953
vn 0.0173 -0.0043 0.9998
vn 0.0431 0.0145 0.9990
vn 0.0263 0.0023 0.9997
vn -0.0878 -0.9717 0.2195
vn -0.0271 -0.9996 -0.0122
vn -0.0543 -0.9975 0.0442
vn -0.6333 0.0341 0.7732
vn -0.6196 -0.0356 0.7841
vn -0.6411 0.0290 0.7669
vn -0.1193 0.0184 0.9927
vn -0.0549 -0.9985 0.0001
vn -0.6233 0.0321 0.7814
vn -0.8175 -0.0037 -0.5760
vn -0.5382 -0.1677 -0.8260
vn -0.5298 -0.0929 -0.8430
vn -0.3458 -0.5409 -0.7667
vn -0.1022 -0.9934 0.0524
vn -0.2956 -0.6854 -0.6654
vn -0.8766 0.2593 0.4053
vn -0.8766 0.2593 0.4053
vn -0.8766 0.2593 0.4053
vn -0.9787 -0.2049 -0.0132
vn -0.9787 -0.2049 -0.0132
vn -0.9787 -0.2049 -0.0132
vn -0.8314 0.4707 -0.2952
vn -0.7472 0.6119 -0.2595
vn -0.6898 0.6845 -0.2359
vn -0.0377 0.0193 -0.9991
vn -0.0545 0.0143 -0.9984
vn 0.0654 0.0502 -0.9966
vn -0.6888 -0.3772 -0.6191
vn -0.6888 -0.3772 -0.6191
vn -0.6888 -0.3772 -0.6191
vn -0.9406 -0.0568 -0.3347
vn -0.0320 -0.9995 -0.0033
vn -0.5256 0.8336 -0.1701
vn 0.0005 -0.0165 0.9999
vn -0.0959 -0.9908 0.0959
vn -0.1405 -0.9884 0.0577
vn -0.1651 -0.9855 -0.0401
vn -0.0972 -0.9944 -0.0421
vn -0.0972 -0.9944 -0.0421
vn -0.0972 -0.9944 -0.0421
vn -0.0796 -0.0407 -0.9960
vn -0.0469 -0.0662 -0.9967
vn -0.2033 0.0577 -0.9774
vn -0.2171 0.0945 0.9716
vn -0.2171 0.0945 0.9716
vn -0.2171 0.0945 0.9716
vn -0.9998 0.0205 -0.0028
vn -0.9655 -0.1347 -0.2230
vn 0.8426 0.4934 0.2158
vn 0.8426 0.4934 0.2158
vn 0.8426 0.4934 0.2158
vn 0.0919 -0.1728 -0.9807
vn -0.8889 -0.0197 -0.4576
vn -0.9122 -0.1145 -0.3935
vn 0.0864 -0.0002 0.9963
vn -0.1899 -0.0086 0.9818
vn 0.0153 -0.0086 0.9998
vn -0.2095 -0.9584 -0.1937
vn -0.2160 -0.8941 -0.3923
vn -0.5921 -0.5178 0.6174
vn -0.5921 -0.5178 0.6174
vn -0.5921 -0.5178 0.6174
vn -0.4040 -0.9143 -0.0288
vn -0.4040 -0.9143 -0.0288
vn -0.4040 -0.9143 -0.0288
vn -0.8876 -0.2657 -0.3762
vn -0.8696 -0.3459 -0.3525
vn -0.1826 -0.0092 -0.9831
vn -0.9999 -0.0079 0.0127
vn -0.9993 -0.0306 -0.0222
vn -0.9999 -0.0057 -0.0085
vn -0.9063 -0.4206 0.0427
vn -0.9856 -0.1687 0.0149
vn -0.9552 -0.2959 0.0120
vn -0.1628 0.9034 0.3968
vn -0.1628 0.9034 0.3968
vn -0.1628 0.9034 0.3968
vn -0.9980 0.0216 0.0587
vn -0.9999 0.0037 0.0104
vn -1.0000 0.0040 0.0045
vn -0.9770 0.1948 0.0864
vn -1.0000 0.0034 -0.0014
vn -1.0000 0.0032 -0.0016
vn 0.0239 0.0068 0.9997
vn 0.0164 0.0061 0.9998
vn 0.0365 0.0394 0.9986
vn -0.9998 0.0079 0.0192
vn -1.0000 -0.0042 -0.0017
vn -0.2744 0.0092 -0.9616
vn -0.4243 0.0239 -0.9052
vn -0.4127 0.0228 -0.9106
vn -0.5398 -0.2979 0.7873
vn -0.6253 -0.0522 0.7787
vn 0.0577 0.0453 0.9973
vn -0.2478 -0.0170 0.9687
vn -0.0990 -0.0075 -0.9951
vn 0.8692 0.0561 -0.4912
vn 0.8984 0.0638 -0.4346
vn 0.9459 0.0252 -0.3234
vn -0.9256 -0.1547 -0.3455
vn -0.9438 -0.1514 -0.2937
vn -0.8512 -0.3587 -0.3832
vn 0.8645 0.0533 -0.4998
vn 0.9569 0.0188 -0.2899
vn 0.9985 -0.0111 -0.0531
vn 0.9935 -0.0035 -0.1139
vn -0.2075 -0.0148 0.9781
vn 0.1825 -0.0282 0.9828
vn 0.2076 -0.0304 0.9777
vn -0.6995 -0.5830 0.4133
vn -0.6995 -0.5830 0.4133
vn -0.6995 -0.5830 0.4133
vn 0.6952 0.0120 0.7187
vn 0.6952 0.0120 0.7187
vn 0.6952 0.0120 0.7187
vn -0.9668 -0.1195 -0.2257
vn -0.9461 -0.1687 -0.2765
vn 0.9999 0.0003 0.0103
vn 0.9999 0.0003 0.0103
vn 0.9999 0.0003 0.0103
vn 0.9963 -0.0422 0.0743
vn 0.9972 -0.0730 0.0159
vn 0.9976 -0.0382 0.0570
vn 0.9993 0.0051 0.0379
vn 0.9989 0.0030 0.0468
vn 0.9972 -0.0081 -0.0744
vn 0.9995 0.0174 -0.0249
vn 0.9995 0.0174 -0.0249
vn 0.9995 0.0174 -0.0249
vn 0.0344 -0.0018 0.9994
vn 0.0345 -0.0018 0.9994
vn 0.0353 -0.0016 0.9994
vn -0.0039 -0.9999 -0.0151
vn -0.0039 -1.0000 0.0044
vn 0.0956 -0.9936 0.0609
vn 0.0360 -0.0084 -0.9993
vn 0.0269 -0.0063 -0.9996
vn -0.0213 0.0048 -0.9998
vn -0.6564 0.0348 0.7536
vn -0.1110 -0.0173 -0.9937
vn -0.0754 -0.0076 -0.9971
vn -0.0788 -0.0112 -0.9968
vn -0.0372 -0.9992 -0.0169
vn -0.0566 -0.9984 -0.0075
vn -0.0491 -0.9987 -0.0155
vn 0.0355 -0.0016 0.9994
vn -0.2229 -0.0435 -0.9739
vn -0.0316 -0.9993 0.0203
vn -0.0308 0.0069 -0.9995
vn 0.0174 -0.9998 -0.0102
vn -0.9965 0.0557 0.0621
vn -0.9983 0.0388 0.0425
vn -0.9988 -0.0288 0.0394
vn -0.0513 -0.9987 0.0013
vn -0.9869 -0.1610 0.0109
vn -0.9995 0.0329 -0.0030
vn -0.9962 0.0613 -0.0616
vn -0.0902 -0.9959 -0.0046
vn -1.0000 0.0062 0.0001
vn -1.0000 0.0062 0.0001
vn -1.0000 0.0062 0.0001
vn -1.0000 0.0062 0.0001
vn 0.9718 -0.0101 -0.2357
vn 1.0000 -0.0078 -0.0013
vn 1.0000 -0.0087 -0.0008
vn 1.0000 -0.0097 -0.0002
vn 1.0000 -0.0068 -0.0019
vn 0.0495 0.0016 0.9988
vn 0.0572 -0.0002 0.9984
vn 0.0112 0.0108 0.9999
vn -0.0375 -0.9986 -0.0365
vn -0.0148 -0.9995 -0.0276
vn 0.0642 -0.9979 0.0002
vn -0.0020 -0.9994 0.0338
vn 0.0668 -0.9978 0.0039
vn 0.0032 0.0127 0.9999
vn 0.0304 0.0054 -0.9995
vn 0.0289 0.0058 -0.9996
vn 0.0216 0.0075 -0.9997
vn 0.9989 0.0395 0.0247
vn 0.9979 -0.0583 0.0285
vn 0.0423 -0.9991 0.0093
vn 0.9988 0.0416 0.0257
vn 0.0202 0.0079 -0.9998
vn -0.0360 -0.9984 0.0440
vn -0.0995 -0.9945 0.0324
vn 0.2222 -0.0471 -0.9739
vn 0.2203 -0.0477 -0.9743
vn 0.2197 -0.0479 -0.9744
vn 0.6328 0.0389 0.7733
vn 0.6418 0.0300 0.7663
vn 0.6555 0.0359 0.7543
vn -0.8312 -0.5556 -0.0199
vn -0.8312 -0.5556 -0.0199
vn -0.8312 -0.5556 -0.0199
vn -0.7756 -0.6311 0.0135
vn -0.7756 -0.6311 0.0135
vn -0.7756 -0.6311 0.0135
vn -0.9976 -0.0014 0.0689
vn -0.9976 -0.0012 0.0699
vn -0.9971 -0.0002 0.0760
vn -0.9997 -0.0103 -0.0239
vn -0.9980 -0.0469 -0.0436
vn -0.9999 -0.0050 -0.0164
vn -0.9970 -0.0001 0.0769
vn -0.9953 -0.0788 -0.0565
vn -0.9920 -0.0834 -0.0947
vn -0.9915 -0.0737 -0.1075
vn -0.9918 -0.0800 -0.0993
vn -0.9823 -0.1549 -0.1055
vn -0.9903 -0.0600 -0.1256
vn -0.9849 -0.1352 -0.1083
vn -0.9999 -0.0041 -0.0139
vn -0.7729 -0.0041 0.6346
vn -0.6210 0.0116 0.7838
vn -0.7792 -0.0048 0.6267
vn 0.6083 -0.5556 0.5669
vn 0.5879 -0.4326 0.6836
vn 0.5345 -0.3578 0.7657
vn -0.3960 -0.2325 -0.8883
vn -0.3960 -0.2325 -0.8883
vn -0.3960 -0.2325 -0.8883
vn 0.9272 -0.0632 -0.3692
vn 0.9176 -0.1029 -0.3839
vn -0.7363 0.2482 0.6294
vn -0.7363 0.2482 0.6294
vn -0.7363 0.2482 0.6294
vn -0.9438 -0.0131 -0.3301
vn -0.7205 0.0223 -0.6931
vn -0.9391 -0.0119 -0.3436
vn -0.5466 0.0182 0.8372
vn 0.9659 -0.0996 -0.2391
vn 0.8409 -0.3907 -0.3744
vn 0.9192 -0.2720 -0.2847
vn 0.9019 -0.2852 -0.3245
vn 0.8528 -0.5184 -0.0629
vn 0.6589 -0.5993 0.4546
vn 0.4302 -0.4014 0.8086
vn 0.4302 -0.4014 0.8086
vn 0.4302 -0.4014 0.8086
vn 0.5948 -0.7364 0.3223
vn -0.7112 0.0233 -0.7026
vn 0.9540 -0.2810 -0.1047
vn 0.9540 -0.2810 -0.1047
vn 0.9540 -0.2810 -0.1047
vn 0.6015 0.0151 0.7987
vn 0.6015 0.0151 0.7987
vn 0.6015 0.0151 0.7987
vn -0.0821 0.0163 -0.9965
vn -0.0821 0.0163 -0.9965
vn -0.0821 0.0163 -0.9965
vn 0.9325 0.0920 -0.3493
vn 0.9325 0.0920 -0.3493
vn 0.9325 0.0920 -0.3493
vn 0.3825 0.6147 0.6899
vn 0.3825 0.6147 0.6899
vn 0.3825 0.6147 0.6899
vn -0.4523 -0.2606 0.8529
vn -0.4523 -0.2606 0.8529
vn -0.4523 -0.2606 0.8529
vn 0.2995 0.0514 0.9527
vn 0.2995 0.0514 0.9527
vn 0.2995 0.0514 0.9527
vn -0.5982 -0.5470 -0.5856
vn -0.5982 -0.5470 -0.5856
vn -0.5982 -0.5470 -0.5856
vn 0.9999 -0.0044 0.0152
vn 0.9971 -0.0184 0.0741
vn 1.0000 -0.0071 0.0005
vn 0.9994 0.0213 -0.0267
vn 1.0000 0.0065 0.0045
vn 1.0000 0.0047 0.0040
vn 0.9998 -0.0030 0.0192
vn 0.9993 -0.0089 0.0359
vn 0.9997 -0.0178 0.0157
vn 0.9868 -0.0348 0.1584
vn 0.9997 -0.0021 0.0255
vn -0.2464 0.0108 0.9691
vn -0.2714 0.0789 0.9592
vn -0.1838 -0.1461 0.9720
vn 0.0444 -0.9988 -0.0222
vn 0.0013 -0.9998 0.0173
vn 0.0828 -0.9965 0.0063
vn 0.0391 -0.9988 0.0280
vn -0.6374 0.5720 0.5163
vn -0.6374 0.5720 0.5163
vn -0.6374 0.5720 0.5163
vn 0.0341 -0.9982 -0.0485
vn 0.1753 -0.9845 0.0058
vn 0.1040 -0.9944 -0.0186
vn 0.6484 0.0447 0.7600
vn 0.7952 -0.2850 -0.5351
vn 0.7700 -0.2670 -0.5795
vn 0.8909 -0.3714 -0.2615
vn 0.9965 0.0282 -0.0788
vn 1.0000 -0.0008 0.0046
vn 0.1071 -0.7293 -0.6758
vn 0.1071 -0.7293 -0.6758
vn 0.1071 -0.7293 -0.6758
vn 0.6482 0.0528 0.7597
vn 0.0417 -0.1322 -0.9903
vn 0.0167 -0.0563 -0.9983
vn -0.0980 -0.0382 -0.9945
vn -0.1571 -0.2081 0.9654
vn 0.9003 -0.3813 -0.2099
vn 0.3863 0.8896 -0.2438
vn 0.3863 0.8896 -0.2438
vn 0.3863 0.8896 -0.2438
vn -0.6812 -0.0450 -0.7307
vn -0.6812 -0.0450 -0.7307
vn -0.6812 -0.0450 -0.7307
vn 0.1817 -0.9665 0.1815
vn 0.1821 -0.9667 0.1796
vn 0.1822 -0.9668 0.1791
vn 0.6007 0.4331 0.6720
vn 0.8199 0.2160 0.5302
vn 0.9352 0.1655 0.3132
vn 0.7673 -0.2504 -0.5904
vn 0.1373 -0.0076 0.9905
vn 0.1373 -0.0076 0.9905
vn 0.1373 -0.0076 0.9905
vn 0.7536 0.2905 -0.5897
vn 0.7536 0.2905 -0.5897
vn 0.7536 0.2905 -0.5897
vn 0.1488 -0.2218 -0.9637
vn 0.1823 -0.9669 0.1785
vn 0.9982 0.0189 0.0577
vn -0.0186 -0.3481 -0.9373
vn 0.9998 0.0065 -0.0193
vn 0.9990 0.0437 0.0073
vn 0.8026 -0.0632 -0.5931
vn 0.0175 -0.9986 -0.0497
vn -0.0712 -0.9975 -0.0046
vn 0.6730 0.0555 0.7375
vn -0.1367 -0.3474 -0.9277
vn 0.0917 -0.9922 0.0849
vn 0.7185 0.0264 -0.6950
vn 0.0299 -0.9986 -0.0439
vn 0.8580 0.0162 -0.5135
vn 0.8914 0.0131 -0.4531
vn -0.0188 -0.9990 0.0394
vn 0.0056 -0.9971 0.0764
vn -0.0175 -0.9984 -0.0534
vn 0.1126 -0.0343 -0.9930
vn 0.1123 -0.0344 -0.9931
vn -0.0144 -0.0041 0.9999
vn -0.0060 0.0006 1.0000
vn -0.0018 0.0027 1.0000
vn 0.0070 0.0088 0.9999
vn -0.1164 -0.0030 0.9932
vn -0.1034 0.0014 0.9946
vn -0.0511 -0.0035 0.9987
vn 0.0090 -0.0034 -1.0000
vn 0.0080 -0.0042 -1.0000
vn 0.0061 -0.0055 -1.0000
vn -0.0787 -0.9968 0.0124
vn -0.0521 -0.0001 0.9986
vn -0.9019 -0.0108 -0.4318
vn -0.6776 0.0009 -0.7355
vn -0.8959 -0.0104 -0.4441
vn -0.0276 -0.9984 -0.0497
vn 0.0781 0.0171 -0.9968
vn 0.0175 -0.0071 -0.9998
vn -0.0005 -0.0113 -0.9999
vn 0.0053 0.0002 1.0000
vn 0.0028 -0.9991 -0.0425
vn -0.0375 -0.9977 0.0571
vn -0.0347 -0.9981 0.0506
vn -0.0022 -0.9976 0.0692
vn 0.0089 -0.0111 0.9999
vn 0.9995 -0.0307 -0.0109
vn 0.9981 -0.0064 -0.0612
vn 0.9996 -0.0089 0.0272
vn 0.9992 -0.0395 -0.0097
vn 0.9995 -0.0073 0.0318
vn 0.9994 -0.0118 0.0335
vn 0.9957 0.0084 -0.0918
vn -0.0511 -0.9983 -0.0295
vn 0.0052 -0.0252 0.9997
vn 0.0113 -0.0201 0.9997
vn 0.0109 -0.0021 -0.9999
vn 0.0095 -0.0330 0.9994
vn 0.0183 -0.0214 -0.9996
vn 0.0024 0.0161 -0.9999
vn -0.0030 -0.0326 -0.9995
vn -0.0133 -0.0004 0.9999
vn -0.9977 0.0646 0.0197
vn -0.9994 0.0168 -0.0292
vn -0.9975 0.0375 -0.0600
vn -0.9969 0.0027 -0.0786
vn -0.9973 -0.0239 -0.0689
vn -0.9970 0.0020 -0.0771
vn -0.9963 0.0595 -0.0626
vn -0.9948 -0.0952 -0.0370
vn 0.0750 -0.0097 -0.9971
vn 0.0321 0.0213 -0.9993
vn 0.0315 0.0012 -0.9995
vn -0.9990 -0.0416 -0.0145
vn -0.9992 -0.0349 0.0182
vn -0.9967 -0.0772 -0.0252
vn -0.9968 0.0145 0.0784
vn -0.9988 0.0021 0.0492
vn -0.9944 -0.1035 0.0207
vn -0.9965 0.0158 0.0825
vn -0.0008 -0.0163 0.9999
vn -0.1295 0.0005 0.9916
vn 0.0452 -0.0359 -0.9983
vn -0.0016 -0.9359 -0.3522
vn 0.1665 -0.9111 -0.3770
vn -0.0006 -0.9373 -0.3485
vn -0.0101 0.0337 -0.9994
vn 0.0232 0.1082 -0.9939
vn -0.0067 -0.0029 -1.0000
vn 0.0380 -0.9909 0.1290
vn 0.0392 -0.9905 0.1318
vn 0.0384 -0.9908 0.1300
vn 0.0598 0.8501 0.5233
vn 0.0257 0.7049 0.7089
vn 0.0561 0.8360 0.5458
vn 0.0215 0.9973 -0.0704
vn 0.0191 0.9964 -0.0825
vn 0.0049 0.9882 -0.1530
vn -0.0236 -0.1534 -0.9879
vn -0.0065 -0.0449 -0.9990
vn -0.0254 -0.1642 -0.9861
vn 0.0396 -0.9903 0.1328
vn -0.0052 -0.0371 -0.9993
vn 0.1634 -0.9127 -0.3745
vn 0.0109 -0.2180 0.9759
vn 0.0323 -0.0570 0.9979
vn 0.0223 -0.0002 0.9998
vn 0.0238 0.6959 0.7177
vn 0.0069 -0.0173 0.9998
vn -0.0127 -0.4922 0.8704
vn 0.0129 0.0066 0.9999
vn 0.0081 0.0054 -1.0000
vn 0.0032 0.9869 -0.1615
vn -0.0237 0.0521 0.9984
vn 0.9871 -0.1282 0.0956
vn 0.9695 -0.2009 0.1406
vn 0.9984 -0.0114 -0.0560
vn 0.9986 0.0014 -0.0525
vn 0.9989 -0.0010 -0.0475
vn 0.3706 -0.8293 -0.4182
vn 0.3802 0.3422 0.8593
vn 0.3802 0.3422 0.8593
vn 0.3802 0.3422 0.8593
vn 0.2626 -0.9644 0.0307
vn 0.2626 -0.9644 0.0302
vn 0.2625 -0.9645 0.0300
vn 0.8621 -0.3103 0.4007
vn 0.9659 -0.2574 0.0291
vn 0.9659 -0.2574 0.0291
vn 0.9659 -0.2574 0.0291
vn -0.6383 -0.5081 0.5783
vn -0.6383 -0.5081 0.5783
vn -0.6383 -0.5081 0.5783
vn 0.9987 0.0389 0.0331
vn 0.9972 0.0734 0.0164
vn 0.9877 0.1558 -0.0105
vn 0.9983 -0.0451 0.0361
vn 0.9982 -0.0430 0.0412
vn 0.2624 -0.9645 0.0293
vn 0.9954 -0.0956 0.0036
vn 0.0447 -0.9987 0.0247
vn -0.0150 -0.9994 0.0315
vn -0.0059 -0.9997 0.0226
vn -0.0582 0.0019 0.9983
vn -0.0582 0.0019 0.9983
vn -0.0582 0.0019 0.9983
vn -0.1852 -0.9822 -0.0304
vn -0.1852 -0.9822 -0.0304
vn -0.1852 -0.9822 -0.0304
vn -0.3802 0.0036 0.9249
vn 0.0032 0.6311 -0.7757
vn 0.0032 0.6311 -0.7757
vn 0.0032 0.6311 -0.7757
vn -0.9994 -0.0053 0.0356
vn -0.9959 -0.0130 0.0897
vn -0.9953 -0.0139 0.0959
vn -0.9981 -0.0009 -0.0620
vn -0.9981 -0.0009 -0.0620
vn -0.9981 -0.0009 -0.0620
vn -0.4106 -0.0360 -0.9111
vn -0.4106 -0.0360 -0.9111
vn -0.4106 -0.0360 -0.9111
vn -0.0234 -0.9995 0.0233
vn -0.0180 -0.9998 0.0040
vn 0.5298 0.0094 -0.8481
vn 0.5341 0.0113 -0.8454
vn 0.5318 0.0103 -0.8468
vn 0.5350 0.0118 -0.8448
vn 0.0029 -0.6022 -0.7983
vn 0.0029 -0.6022 -0.7983
vn 0.0029 -0.6022 -0.7983
vn -0.0023 -0.9997 -0.0248
vn -0.0023 -0.9997 -0.0248
vn -0.0023 -0.9997 -0.0248
vn -0.6268 -0.7415 -0.2396
vn -0.6268 -0.7415 -0.2396
vn -0.6268 -0.7415 -0.2396
vn 0.0062 0.0178 -0.9998
vn 0.0062 0.0178 -0.9998
vn 0.0062 0.0178 -0.9998
vn 0.0141 0.9998 -0.0133
vn 0.0141 0.9998 -0.0133
vn 0.0141 0.9998 -0.0133
vn 0.0029 0.0020 -1.0000
vn 0.1112 -0.0348 -0.9932
vn 0.2722 -0.1156 -0.9553
vn 0.0014 -0.0079 -1.0000
vn -0.0021 -0.0078 -1.0000
vn 0.0000 1.0000 0.0000
vn 0.0000 1.0000 0.0000
vn 0.0000 1.0000 0.0000
vn 0.0000 1.0000 0.0000
vn 0.0000 1.0000 0.0000
vn 0.0000 1.0000 0.0000
vn 0.0000 1.0000 0.0000
vn 0.0000 1.0000 0.0000
vn 0.0000 1.0000 0.0000
vn 0.0000 1.0000 0.0000
vn 0.0000 1.0000 0.0000
vn 0.0000 1.0000 0.0000
vn 0.0000 1.0000 0.0000
vn 0.0000 1.0000 0.0000
vn 0.0000 1.0000 0.0000
vn 0.0000 1.0000 0.0000
vn 0.0000 1.0000 0.0000
vn 0.0000 1.0000 0.0000
vn 0.0000 1.0000 0.0000
vn 0.0000 1.0000 0.0000
vn 0.0000 1.0000 0.0000
vn 0.0000 1.0000 0.0000
vn 0.0000 1.0000 0.0000
vn 0.0000 1.0000 0.0000
vn 0.0000 1.0000 0.0000
vn 0.0000 1.0000 0.0000
vn 0.0000 1.0000 0.0000
vn 0.0000 1.0000 0.0000
vn 0.0000 1.0000 0.0000
vn 0.0000 1.0000 0.0000
vn 0.0000 1.0000 0.0000
vn 0.0000 1.0000 0.0000
vn 0.0000 1.0000 0.0000
vn 0.0000 1.0000 0.0000
vn 0.0000 1.0000 0.0000
vn 0.0000 1.0000 0.0000
vn 0.0000 1.0000 0.0000
vn 0.0000 1.0000 0.0000
vn 0.0000 1.0000 0.0000
vn 0.0000 1.0000 0.0000
vn 0.0000 1.0000 0.0000
vn 0.0000 1.0000 0.0000
vn 0.0000 1.0000 0.0000
vn 0.0000 1.0000 0.0000
vn 0.0000 1.0000 0.0000
vn 0.0000 1.0000 0.0000
vn 0.0000 1.0000 0.0000
vn 0.0000 1.0000 0.0000
vn 0.0000 1.0000 0.0000
vn 0.0000 1.0000 0.0000
vn 0.0000 1.0000 0.0000
vn 0.0000 1.0000 0.0000
vn 0.0000 1.0000 0.0000
vn 0.0000 1.0000 0.0000
vn 0.0000 1.0000 0.0000
vn 0.0000 1.0000 0.0000
vn 0.0000 1.0000 0.0000
vn 0.0000 1.0000 0.0000
vn 0.0000 1.0000 0.0000
vn 0.0000 1.0000 0.0000
vn 0.0000 1.0000 0.0000
vn 0.0000 1.0000 0.0000
vn 0.0000 1.0000 0.0000
vn 0.0000 1.0000 0.0000
vn 0.0000 1.0000 0.0000
vn 0.0000 1.0000 0.0000
vn 0.0000 1.0000 0.0000
vn 0.0000 1.0000 0.0000
vn 0.0000 1.0000 0.0000
vn 0.0000 1.0000 0.0000
vn 0.0000 1.0000 0.0000
vn 0.0000 1.0000 0.0000
vn 0.0000 1.0000 0.0000
vn 0.0000 1.0000 0.0000
vn 0.0000 1.0000 0.0000
vn 0.0000 1.0000 0.0000
vn 0.0000 1.0000 0.0000
vn 0.0000 1.0000 0.0000
vn 0.0000 1.0000 0.0000
vn 0.0000 1.0000 0.0000
vn 0.0000 1.0000 0.0000
vn 0.0000 1.0000 0.0000
vn 0.0000 1.0000 0.0000
vn 0.0000 1.0000 0.0000
vn 0.0000 1.0000 0.0000
vn 0.0000 1.0000 0.0000
vn 0.0000 1.0000 0.0000
vn 0.0000 1.0000 0.0000
vn 0.0000 1.0000 0.0000
vn 0.0000 1.0000 0.0000
vn 0.0000 1.0000 0.0000
vn 0.0000 1.0000 0.0000
vn 0.0000 1.0000 0.0000
vn 0.0000 1.0000 0.0000
vn 0.0000 1.0000 0.0000
vn 0.0000 1.0000 0.0000
vn 0.0000 1.0000 0.0000
vn 0.0000 1.0000 0.0000
vn 0.0000 1.0000 0.0000
vn 0.0000 1.0000 0.0000
vn 0.0000 1.0000 0.0000
vn 0.0000 1.0000 0.0000
vn 0.0000 1.0000 0.0000
vn 0.0000 1.0000 0.0000
vn 0.0000 1.0000 0.0000
vn 0.0000 1.0000 0.0000
vn 0.0000 1.0000 0.0000
vn 0.0000 1.0000 0.0000
vn 0.0000 1.0000 0.0000
vn 0.0000 1.0000 0.0000
vn 0.0000 1.0000 0.0000
vn 0.0000 1.0000 0.0000
vn 0.0000 1.0000 0.0000
vn 0.0000 1.0000 0.0000
vn 0.0000 1.0000 0.0000
vn 0.0000 1.0000 0.0000
vn 0.0000 1.0000 0.0000
vn 0.0000 1.0000 0.0000
vn 0.0000 1.0000 0.0000
vn 0.0000 1.0000 0.0000
vn 0.0000 1.0000 0.0000
vn 0.0000 1.0000 0.0000
vn 0.0000 1.0000 0.0000
vn 0.0000 1.0000 0.0000
vn 0.0000 1.0000 0.0000
vn 0.0000 1.0000 0.0000
vn 0.0000 1.0000 0.0000
vn 0.0000 1.0000 0.0000
vn 0.0000 1.0000 0.0000
vn 0.0000 1.0000 0.0000
vn 0.0000 1.0000 0.0000
vn 0.0000 1.0000 0.0000
vn 0.0000 1.0000 0.0000
vn 0.0000 1.0000 0.0000
vn 0.0000 1.0000 0.0000
vn 0.0000 1.0000 0.0000
vn 0.0000 1.0000 0.0000
vn 0.0000 1.0000 0.0000
vn 0.0000 1.0000 0.0000
vn 0.0000 1.0000 0.0000
vn 0.0000 1.0000 0.0000
vn 0.0000 1.0000 0.0000
vn 0.0000 1.0000 0.0000
vn 0.0000 1.0000 0.0000
vn 0.0000 1.0000 0.0000
vn 0.0000 1.0000 0.0000
f 3752/3752/3752 3753/3753/3753 3754/3754/3754
f 3755/3755/3755 3753/3753/3753 3752/3752/3752
f 3756/3756/3756 3757/3757/3757 3758/3758/3758
f 1670/1670/1670 1676/1676/1676 1675/1675/1675
f 1675/1675/1675 1678/1678/1678 1673/1673/1673
f 3759/3759/3759 3760/3760/3760 3761/3761/3761
f 1679/1679/1679 1680/1680/1680 1681/1681/1681
f 1681/1681/1681 1680/1680/1680 1682/1682/1682
f 2814/2814/2814 2815/2815/2815 2816/2816/2816
f 1683/1683/1683 1680/1680/1680 1679/1679/1679
f 1681/1681/1681 1682/1682/1682 1684/1684/1684
f 1685/1685/1685 1686/1686/1686 1687/1687/1687
f 1688/1688/1688 1668/1668/1668 1669/1669/1669
f 1689/1689/1689 1690/1690/1690 1691/1691/1691
f 1693/1693/1693 1694/1694/1694 1695/1695/1695
f 2817/2817/2817 2815/2815/2815 2814/2814/2814
f 1696/1696/1696 1697/1697/1697 1698/1698/1698
f 1699/1699/1699 1700/1700/1700 1701/1701/1701
f 1702/1702/1702 1703/1703/1703 1704/1704/1704
f 1702/1702/1702 1704/1704/1704 1706/1706/1706
f 2818/2818/2818 2819/2819/2819 2820/2820/2820
f 1707/1707/1707 1674/1674/1674 1705/1705/1705
f 1708/1708/1708 1709/1709/1709 1710/1710/1710
f 1711/1711/1711 1708/1708/1708 1710/1710/1710
f 1709/1709/1709 1708/1708/1708 1712/1712/1712
f 1712/1712/1712 1708/1708/1708 1713/1713/1713
f 3760/3760/3760 3762/3762/3762 3763/3763/3763
f 2821/2821/2821 2822/2822/2822 2823/2823/2823
f 2824/2824/2824 2825/2825/2825 2826/2826/2826
f 2788/2788/2788 2789/2789/2789 2790/2790/2790
f 1987/1987/1987 1988/1988/1988 1989/1989/1989
f 2805/2805/2805 2806/2806/2806 2807/2807/2807
f 2818/2818/2818 2827/2827/2827 2828/2828/2828
f 2829/2829/2829 2830/2830/2830 2831/2831/2831
f 1990/1990/1990 1991/1991/1991 1992/1992/1992
f 2788/2788/2788 2791/2791/2791 2792/2792/2792
f 2832/2832/2832 2815/2815/2815 2817/2817/2817
f 2833/2833/2833 2834/2834/2834 2835/2835/2835
f 2836/2836/2836 2837/2837/2837 2838/2838/2838
f 2838/2838/2838 2839/2839/2839 2836/2836/2836
f 1714/1714/1714 1715/1715/1715 1716/1716/1716
f 1717/1717/1717 1718/1718/1718 1719/1719/1719
f 1720/1720/1720 1721/1721/1721 1722/1722/1722
f 2808/2808/2808 2809/2809/2809 2810/2810/2810
f 1993/1993/1993 1994/1994/1994 1995/1995/1995
f 3758/3758/3758 3764/3764/3764 3756/3756/3756
f 1714/1714/1714 1723/1723/1723 1715/1715/1715
f 1996/1996/1996 1997/1997/1997 1998/1998/1998
f 1724/1724/1724 1672/1672/1672 1671/1671/1671
f 2840/2840/2840 2841/2841/2841 3365/3365/3365
f 2791/2791/2791 2793/2793/2793 2794/2794/2794
f 2795/2795/2795 2791/2791/2791 2796/2796/2796
f 3765/3765/3765 3766/3766/3766 3767/3767/3767
f 2842/2842/2842 2843/2843/2843 2844/2844/2844
f 1725/1725/1725 1726/1726/1726 1727/1727/1727
f 1728/1728/1728 1729/1729/1729 1730/1730/1730
f 1992/1992/1992 1991/1991/1991 1999/1999/1999
f 1731/1731/1731 1732/1732/1732 1733/1733/1733
f 2795/2795/2795 2793/2793/2793 2791/2791/2791
f 2840/2840/2840 3365/3365/3365 2845/2845/2845
f 2000/2000/2000 2001/2001/2001 2002/2002/2002
f 2796/2796/2796 2788/2788/2788 2790/2790/2790
f 2846/2846/2846 2847/2847/2847 2836/2836/2836
f 1720/1720/1720 1734/1734/1734 1721/1721/1721
f 1677/1677/1677 1692/1692/1692 1735/1735/1735
f 2791/2791/2791 2788/2788/2788 2796/2796/2796
f 2848/2848/2848 2849/2849/2849 2850/2850/2850
f 2851/2851/2851 2850/2850/2850 2849/2849/2849
f 2851/2851/2851 2852/2852/2852 2850/2850/2850
f 2820/2820/2820 2827/2827/2827 2818/2818/2818
f 2847/2847/2847 2846/2846/2846 2853/2853/2853
f 3770/3770/3770 3763/3763/3763 3762/3762/3762
f 3768/3768/3768 3771/3771/3771 3769/3769/3769
f 2829/2829/2829 2854/2854/2854 2830/2830/2830
f 2855/2855/2855 2856/2856/2856 2857/2857/2857
f 1736/1736/1736 1737/1737/1737 1738/1738/1738
f 3761/3761/3761 3760/3760/3760 3763/3763/3763
f 2858/2858/2858 2859/2859/2859 2860/2860/2860
f 2825/2825/2825 2824/2824/2824 2861/2861/2861
f 2862/2862/2862 2863/2863/2863 2864/2864/2864
f 2863/2863/2863 2865/2865/2865 2864/2864/2864
f 2865/2865/2865 2863/2863/2863 2866/2866/2866
f 2867/2867/2867 2868/2868/2868 2869/2869/2869
f 2870/2870/2870 2871/2871/2871 2872/2872/2872
f 2858/2858/2858 2860/2860/2860 2873/2873/2873
f 2870/2870/2870 2872/2872/2872 2874/2874/2874
f 2875/2875/2875 2876/2876/2876 2877/2877/2877
f 1724/1724/1724 1671/1671/1671 1739/1739/1739
f 2878/2878/2878 2879/2879/2879 2880/2880/2880
f 1705/1705/1705 1740/1740/1740 1707/1707/1707
f 2839/2839/2839 2846/2846/2846 2836/2836/2836
f 3772/3772/3772 3767/3767/3767 3766/3766/3766
f 2881/2881/2881 2882/2882/2882 2883/2883/2883
f 2797/2797/2797 2798/2798/2798 2799/2799/2799
f 1735/1735/1735 1692/1692/1692 1741/1741/1741
f 3773/3773/3773 3774/3774/3774 3770/3770/3770
f 3773/3773/3773 3770/3770/3770 3762/3762/3762
f 2884/2884/2884 2885/2885/2885 2857/2857/2857
f 2003/2003/2003 2004/2004/2004 2005/2005/2005
f 1705/1705/1705 1742/1742/1742 1740/1740/1740
f 3775/3775/3775 3776/3776/3776 3777/3777/3777
f 1717/1717/1717 1719/1719/1719 1743/1743/1743
f 1743/1743/1743 1719/1719/1719 1744/1744/1744
f 2868/2868/2868 2867/2867/2867 2886/2886/2886
f 2887/2887/2887 2888/2888/2888 2889/2889/2889
f 2890/2890/2890 2883/2883/2883 2882/2882/2882
f 2891/2891/2891 2892/2892/2892 2893/2893/2893
f 2797/2797/2797 2799/2799/2799 2800/2800/2800
f 3778/3778/3778 3779/3779/3779 3780/3780/3780
f 3781/3781/3781 3782/3782/3782 3783/3783/3783
f 2882/2882/2882 2894/2894/2894 2890/2890/2890
f 2895/2895/2895 2875/2875/2875 2877/2877/2877
f 2006/2006/2006 2007/2007/2007 2008/2008/2008
f 2896/2896/2896 2828/2828/2828 2827/2827/2827
f 3784/3784/3784 3785/3785/3785 3786/3786/3786
f 3787/3787/3787 3788/3788/3788 3789/3789/3789
f 3790/3790/3790 3791/3791/3791 3792/3792/3792
f 3793/3793/3793 3789/3789/3789 3788/3788/3788
f 3794/3794/3794 3791/3791/3791 3790/3790/3790
f 2897/2897/2897 2898/2898/2898 2899/2899/2899
f 2009/2009/2009 2010/2010/2010 2011/2011/2011
f 2829/2829/2829 2900/2900/2900 2854/2854/2854
f 3795/3795/3795 3796/3796/3796 3797/3797/3797
f 3794/3794/3794 3798/3798/3798 3791/3791/3791
f 3799/3799/3799 3797/3797/3797 3796/3796/3796
f 2901/2901/2901 2902/2902/2902 2903/2903/2903
f 3798/3798/3798 3800/3800/3800 3791/3791/3791
f 2904/2904/2904 2905/2905/2905 2906/2906/2906
f 2907/2907/2907 2908/2908/2908 2909/2909/2909
f 2910/2910/2910 2904/2904/2904 2906/2906/2906
f 3791/3791/3791 3801/3801/3801 3792/3792/3792
f 2909/2909/2909 2908/2908/2908 2911/2911/2911
f 3802/3802/3802 3803/3803/3803 3804/3804/3804
f 3805/3805/3805 3806/3806/3806 3807/3807/3807
f 2912/2912/2912 2913/2913/2913 2914/2914/2914
f 2915/2915/2915 2916/2916/2916 2917/2917/2917
f 2856/2856/2856 2884/2884/2884 2857/2857/2857
f 2006/2006/2006 2012/2012/2012 2007/2007/2007
f 3808/3808/3808 3809/3809/3809 3810/3810/3810
f 1745/1745/1745 1746/1746/1746 1747/1747/1747
f 2811/2811/2811 2812/2812/2812 2813/2813/2813
f 2856/2856/2856 2918/2918/2918 2884/2884/2884
f 1723/1723/1723 1748/1748/1748 1715/1715/1715
f 2919/2919/2919 2920/2920/2920 2921/2921/2921
f 2922/2922/2922 2923/2923/2923 2921/2921/2921
f 2921/2921/2921 2920/2920/2920 2924/2924/2924
f 3813/3813/3813 3814/3814/3814 3815/3815/3815
f 3816/3816/3816 3817/3817/3817 3818/3818/3818
f 3803/3803/3803 3802/3802/3802 3819/3819/3819
f 3812/3812/3812 3820/3820/3820 3821/3821/3821
f 3822/3822/3822 3823/3823/3823 3824/3824/3824
f 2924/2924/2924 2922/2922/2922 2921/2921/2921
f 2917/2917/2917 2916/2916/2916 2925/2925/2925
f 2926/2926/2926 2927/2927/2927 2928/2928/2928
f 3805/3805/3805 3825/3825/3825 3806/3806/3806
f 1745/1745/1745 1747/1747/1747 1749/1749/1749
f 2927/2927/2927 2929/2929/2929 2930/2930/2930
f 3820/3820/3820 3823/3823/3823 3821/3821/3821
f 3826/3826/3826 3827/3827/3827 3828/3828/3828
f 3825/3825/3825 3805/3805/3805 3829/3829/3829
f 2930/2930/2930 2928/2928/2928 2927/2927/2927
f 3818/3818/3818 3817/3817/3817 3830/3830/3830
f 3831/3831/3831 3832/3832/3832 3833/3833/3833
f 3834/3834/3834 3835/3835/3835 3836/3836/3836
f 2931/2931/2931 2932/2932/2932 2933/2933/2933
f 2009/2009/2009 2011/2011/2011 2013/2013/2013
f 2014/2014/2014 2015/2015/2015 2016/2016/2016
f 2877/2877/2877 2934/2934/2934 2935/2935/2935
f 3820/3820/3820 3824/3824/3824 3823/3823/3823
f 3837/3837/3837 3838/3838/3838 3839/3839/3839
f 3840/3840/3840 3841/3841/3841 3842/3842/3842
f 2936/2936/2936 2937/2937/2937 2938/2938/2938
f 2868/2868/2868 2939/2939/2939 2869/2869/2869
f 2887/2887/2887 2940/2940/2940 2888/2888/2888
f 2913/2913/2913 2912/2912/2912 2941/2941/2941
f 2942/2942/2942 2943/2943/2943 2944/2944/2944
f 2945/2945/2945 2946/2946/2946 2947/2947/2947
f 2017/2017/2017 2018/2018/2018 2019/2019/2019
f 2018/2018/2018 2017/2017/2017 2020/2020/2020
f 2021/2021/2021 2022/2022/2022 2023/2023/2023
f 2948/2948/2948 2949/2949/2949 2950/2950/2950
f 3843/3843/3843 3844/3844/3844 3845/3845/3845
f 3846/3846/3846 3847/3847/3847 3848/3848/3848
f 2951/2951/2951 2869/2869/2869 2939/2939/2939
f 2952/2952/2952 2953/2953/2953 2879/2879/2879
f 2877/2877/2877 2876/2876/2876 2934/2934/2934
f 1750/1750/1750 1731/1731/1731 1733/1733/1733
f 2024/2024/2024 2020/2020/2020 2017/2017/2017
f 3820/3820/3820 3812/3812/3812 3811/3811/3811
f 3849/3849/3849 3850/3850/3850 3851/3851/3851
f 1751/1751/1751 1752/1752/1752 1753/1753/1753
f 2940/2940/2940 2954/2954/2954 2888/2888/2888
f 1754/1754/1754 1751/1751/1751 1753/1753/1753
f 3852/3852/3852 3853/3853/3853 3854/3854/3854
f 2025/2025/2025 2026/2026/2026 2027/2027/2027
f 3855/3855/3855 3856/3856/3856 3857/3857/3857
f 3858/3858/3858 3859/3859/3859 3860/3860/3860
f 2955/2955/2955 2956/2956/2956 2957/2957/2957
f 2028/2028/2028 2029/2029/2029 2030/2030/2030
f 3860/3860/3860 3859/3859/3859 3861/3861/3861
f 2031/2031/2031 2017/2017/2017 2019/2019/2019
f 2031/2031/2031 2019/2019/2019 2032/2032/2032
f 3855/3855/3855 3862/3862/3862 3856/3856/3856
f 2801/2801/2801 2802/2802/2802 2803/2803/2803
f 3863/3863/3863 3862/3862/3862 3855/3855/3855
f 2801/2801/2801 2803/2803/2803 2804/2804/2804
f 3862/3862/3862 3864/3864/3864 3856/3856/3856
f 2033/2033/2033 2785/2785/2785 2786/2786/2786
f 2947/2947/2947 2958/2958/2958 2945/2945/2945
f 2034/2034/2034 2035/2035/2035 2036/2036/2036
f 2037/2037/2037 2038/2038/2038 2039/2039/2039
f 1755/1755/1755 1714/1714/1714 1716/1716/1716
f 1720/1720/1720 1756/1756/1756 1734/1734/1734
f 2959/2959/2959 2960/2960/2960 2961/2961/2961
f 3865/3865/3865 3861/3861/3861 3859/3859/3859
f 2962/2962/2962 2963/2963/2963 2964/2964/2964
f 2965/2965/2965 2966/2966/2966 2967/2967/2967
f 2040/2040/2040 2041/2041/2041 2042/2042/2042
f 2954/2954/2954 2940/2940/2940 2968/2968/2968
f 2969/2969/2969 2963/2963/2963 2970/2970/2970
f 2953/2953/2953 2880/2880/2880 2879/2879/2879
f 2971/2971/2971 2972/2972/2972 2973/2973/2973
f 2027/2027/2027 2026/2026/2026 2043/2043/2043
f 2044/2044/2044 2040/2040/2040 2045/2045/2045
f 2045/2045/2045 2040/2040/2040 2046/2046/2046
f 2042/2042/2042 2046/2046/2046 2040/2040/2040
f 2047/2047/2047 2046/2046/2046 2042/2042/2042
f 3866/3866/3866 3867/3867/3867 3868/3868/3868
f 2974/2974/2974 2975/2975/2975 2976/2976/2976
f 2977/2977/2977 2978/2978/2978 2979/2979/2979
f 2952/2952/2952 2980/2980/2980 2953/2953/2953
f 2048/2048/2048 2035/2035/2035 2049/2049/2049
f 1756/1756/1756 1744/1744/1744 1719/1719/1719
f 2050/2050/2050 2051/2051/2051 2052/2052/2052
f 3869/3869/3869 3870/3870/3870 3871/3871/3871
f 3870/3870/3870 3872/3872/3872 3871/3871/3871
f 3873/3873/3873 3874/3874/3874 3875/3875/3875
f 3876/3876/3876 3877/3877/3877 3878/3878/3878
f 2953/2953/2953 2981/2981/2981 2880/2880/2880
f 2053/2053/2053 2054/2054/2054 2055/2055/2055
f 2043/2043/2043 2026/2026/2026 2056/2056/2056
f 2022/2022/2022 2057/2057/2057 2023/2023/2023
f 1757/1757/1757 1758/1758/1758 1759/1759/1759
f 3880/3880/3880 3881/3881/3881 3882/3882/3882
f 2051/2051/2051 2058/2058/2058 2052/2052/2052
f 2890/2890/2890 2894/2894/2894 2982/2982/2982
f 1759/1759/1759 1758/1758/1758 1760/1760/1760
f 1756/1756/1756 1719/1719/1719 1734/1734/1734
f 3820/3820/3820 3883/3883/3883 3884/3884/3884
f 3883/3883/3883 3820/3820/3820 3811/3811/3811
f 2983/2983/2983 2984/2984/2984 2985/2985/2985
f 2055/2055/2055 2059/2059/2059 2053/2053/2053
f 2060/2060/2060 2059/2059/2059 2055/2055/2055
f 2986/2986/2986 2987/2987/2987 2988/2988/2988
f 2989/2989/2989 2990/2990/2990 2991/2991/2991
f 2989/2989/2989 2991/2991/2991 2992/2992/2992
f 3885/3885/3885 3886/3886/3886 3887/3887/3887
f 2993/2993/2993 2918/2918/2918 2856/2856/2856
f 2990/2990/2990 2994/2994/2994 2995/2995/2995
f 2990/2990/2990 2995/2995/2995 2991/2991/2991
f 2996/2996/2996 2997/2997/2997 2998/2998/2998
f 3778/3778/3778 3888/3888/3888 3879/3879/3879
f 1761/1761/1761 1762/1762/1762 1763/1763/1763
f 2996/2996/2996 2999/2999/2999 3000/3000/3000
f 1764/1764/1764 1765/1765/1765 1766/1766/1766
f 1767/1767/1767 1768/1768/1768 1769/1769/1769
f 3889/3889/3889 3890/3890/3890 3891/3891/3891
f 3001/3001/3001 3002/3002/3002 3003/3003/3003
f 3004/3004/3004 3005/3005/3005 3006/3006/3006
f 3007/3007/3007 3008/3008/3008 3009/3009/3009
f 3010/3010/3010 3011/3011/3011 3012/3012/3012
f 3013/3013/3013 2935/2935/2935 2934/2934/2934
f 3014/3014/3014 3015/3015/3015 3366/3366/3366
f 2036/2036/2036 2035/2035/2035 2048/2048/2048
f 2057/2057/2057 2061/2061/2061 2023/2023/2023
f 3866/3866/3866 3868/3868/3868 3892/3892/3892
f 3882/3882/3882 3893/3893/3893 3880/3880/3880
f 3894/3894/3894 3895/3895/3895 3896/3896/3896
f 1768/1768/1768 1770/1770/1770 1769/1769/1769
f 1771/1771/1771 1772/1772/1772 1773/1773/1773
f 1768/1768/1768 1774/1774/1774 1770/1770/1770
f 2996/2996/2996 2998/2998/2998 2999/2999/2999
f 1771/1771/1771 1773/1773/1773 1775/1775/1775
f 1776/1776/1776 1763/1763/1763 1777/1777/1777
f 1762/1762/1762 1777/1777/1777 1763/1763/1763
f 3016/3016/3016 3017/3017/3017 3018/3018/3018
f 1776/1776/1776 1777/1777/1777 1771/1771/1771
f 1776/1776/1776 1771/1771/1771 1775/1775/1775
f 3897/3897/3897 3898/3898/3898 3899/3899/3899
f 3900/3900/3900 3901/3901/3901 3902/3902/3902
f 3019/3019/3019 2979/2979/2979 3010/3010/3010
f 1778/1778/1778 1779/1779/1779 1780/1780/1780
f 3005/3005/3005 3020/3020/3020 3006/3006/3006
f 3903/3903/3903 3904/3904/3904 3905/3905/3905
f 2062/2062/2062 2063/2063/2063 2064/2064/2064
f 2062/2062/2062 2064/2064/2064 2065/2065/2065
f 2785/2785/2785 2033/2033/2033 2066/2066/2066
f 3881/3881/3881 3880/3880/3880 3906/3906/3906
f 3907/3907/3907 3908/3908/3908 3909/3909/3909
f 3021/3021/3021 3022/3022/3022 3023/3023/3023
f 2977/2977/2977 2979/2979/2979 3019/3019/3019
f 2984/2984/2984 2983/2983/2983 3024/3024/3024
f 3910/3910/3910 3911/3911/3911 3912/3912/3912
f 3889/3889/3889 3913/3913/3913 3890/3890/3890
f 2067/2067/2067 2065/2065/2065 2064/2064/2064
f 3025/3025/3025 3026/3026/3026 3027/3027/3027
f 1781/1781/1781 1782/1782/1782 1783/1783/1783
f 3914/3914/3914 3902/3902/3902 3901/3901/3901
f 3366/3366/3366 3028/3028/3028 3014/3014/3014
f 1784/1784/1784 1785/1785/1785 1786/1786/1786
f 1784/1784/1784 1787/1787/1787 1785/1785/1785
f 1788/1788/1788 1786/1786/1786 1785/1785/1785
f 3029/3029/3029 3030/3030/3030 3004/3004/3004
f 3904/3904/3904 3915/3915/3915 3905/3905/3905
f 3008/3008/3008 2972/2972/2972 3031/3031/3031
f 3010/3010/3010 3012/3012/3012 2943/2943/2943
f 2068/2068/2068 2069/2069/2069 2070/2070/2070
f 3913/3913/3913 3889/3889/3889 3916/3916/3916
f 3917/3917/3917 3905/3905/3905 3915/3915/3915
f 3917/3917/3917 3915/3915/3915 3918/3918/3918
f 3017/3017/3017 3032/3032/3032 3033/3033/3033
f 3034/3034/3034 3029/3029/3029 3004/3004/3004
f 2071/2071/2071 2072/2072/2072 2073/2073/2073
f 2014/2014/2014 2016/2016/2016 2074/2074/2074
f 2075/2075/2075 2076/2076/2076 2077/2077/2077
f 1782/1782/1782 1781/1781/1781 1789/1789/1789
f 3876/3876/3876 3920/3920/3920 3921/3921/3921
f 2963/2963/2963 2962/2962/2962 3035/3035/3035
f 2958/2958/2958 2947/2947/2947 3036/3036/3036
f 2948/2948/2948 3037/3037/3037 2949/2949/2949
f 1760/1760/1760 1758/1758/1758 1790/1790/1790
f 3038/3038/3038 3039/3039/3039 3040/3040/3040
f 3011/3011/3011 3010/3010/3010 2979/2979/2979
f 3041/3041/3041 3042/3042/3042 3043/3043/3043
f 3922/3922/3922 3879/3879/3879 3888/3888/3888
f 2963/2963/2963 2969/2969/2969 2964/2964/2964
f 3916/3916/3916 3889/3889/3889 3923/3923/3923
f 3924/3924/3924 3871/3871/3871 3872/3872/3872
f 3878/3878/3878 3920/3920/3920 3876/3876/3876
f 3008/3008/3008 3031/3031/3031 3009/3009/3009
f 3008/3008/3008 3044/3044/3044 2972/2972/2972
f 1779/1779/1779 1778/1778/1778 1791/1791/1791
f 3006/3006/3006 3020/3020/3020 3045/3045/3045
f 2027/2027/2027 2078/2078/2078 2079/2079/2079
f 1792/1792/1792 1793/1793/1793 1794/1794/1794
f 1795/1795/1795 1796/1796/1796 1797/1797/1797
f 2942/2942/2942 3010/3010/3010 2943/2943/2943
f 2972/2972/2972 3044/3044/3044 2973/2973/2973
f 3046/3046/3046 3047/3047/3047 3048/3048/3048
f 2080/2080/2080 2039/2039/2039 2038/2038/2038
f 1798/1798/1798 1799/1799/1799 1800/1800/1800
f 3049/3049/3049 3050/3050/3050 3051/3051/3051
f 2081/2081/2081 2082/2082/2082 2083/2083/2083
f 3878/3878/3878 3926/3926/3926 3920/3920/3920
f 2963/2963/2963 3052/3052/3052 3053/3053/3053
f 3035/3035/3035 3052/3052/3052 2963/2963/2963
f 2027/2027/2027 2043/2043/2043 2078/2078/2078
f 1789/1789/1789 1781/1781/1781 1801/1801/1801
f 3033/3033/3033 3018/3018/3018 3017/3017/3017
f 3054/3054/3054 3042/3042/3042 3055/3055/3055
f 3056/3056/3056 3057/3057/3057 3058/3058/3058
f 3059/3059/3059 3060/3060/3060 3061/3061/3061
f 3034/3034/3034 3004/3004/3004 3006/3006/3006
f 2934/2934/2934 2876/2876/2876 3062/3062/3062
f 3063/3063/3063 3059/3059/3059 3061/3061/3061
f 2074/2074/2074 2084/2084/2084 2014/2014/2014
f 3064/3064/3064 3008/3008/3008 3007/3007/3007
f 3065/3065/3065 3066/3066/3066 3067/3067/3067
f 3927/3927/3927 3919/3919/3919 3928/3928/3928
f 3068/3068/3068 3069/3069/3069 3070/3070/3070
f 3071/3071/3071 3072/3072/3072 3073/3073/3073
f 2085/2085/2085 2086/2086/2086 2087/2087/2087
f 1797/1797/1797 1802/1802/1802 1803/1803/1803
f 1769/1769/1769 1770/1770/1770 1804/1804/1804
f 1787/1787/1787 1805/1805/1805 1785/1785/1785
f 3074/3074/3074 3075/3075/3075 3066/3066/3066
f 3074/3074/3074 3066/3066/3066 3076/3076/3076
f 3919/3919/3919 3927/3927/3927 3925/3925/3925
f 3042/3042/3042 3077/3077/3077 3043/3043/3043
f 3078/3078/3078 3079/3079/3079 3080/3080/3080
f 3067/3067/3067 3066/3066/3066 3075/3075/3075
f 3080/3080/3080 3079/3079/3079 3081/3081/3081
f 2088/2088/2088 2089/2089/2089 2090/2090/2090
f 2088/2088/2088 2090/2090/2090 2091/2091/2091
f 3080/3080/3080 3082/3082/3082 3078/3078/3078
f 1806/1806/1806 1807/1807/1807 1808/1808/1808
f 3082/3082/3082 3083/3083/3083 3084/3084/3084
f 3082/3082/3082 3080/3080/3080 3083/3083/3083
f 2092/2092/2092 2093/2093/2093 2094/2094/2094
f 3872/3872/3872 3870/3870/3870 3929/3929/3929
f 3051/3051/3051 3050/3050/3050 3085/3085/3085
f 3051/3051/3051 3085/3085/3085 3086/3086/3086
f 3872/3872/3872 3929/3929/3929 3930/3930/3930
f 3087/3087/3087 3088/3088/3088 3089/3089/3089
f 3072/3072/3072 3071/3071/3071 3090/3090/3090
f 1792/1792/1792 1715/1715/1715 1793/1793/1793
f 1797/1797/1797 1803/1803/1803 1795/1795/1795
f 3077/3077/3077 3091/3091/3091 3043/3043/3043
f 2092/2092/2092 2095/2095/2095 2093/2093/2093
f 2096/2096/2096 2097/2097/2097 2098/2098/2098
f 3931/3931/3931 3876/3876/3876 3921/3921/3921
f 3092/3092/3092 3068/3068/3068 3070/3070/3070
f 3093/3093/3093 3094/3094/3094 3095/3095/3095
f 3095/3095/3095 3072/3072/3072 3093/3093/3093
f 1758/1758/1758 1809/1809/1809 1790/1790/1790
f 1792/1792/1792 1716/1716/1716 1715/1715/1715
f 1810/1810/1810 1800/1800/1800 1799/1799/1799
f 3054/3054/3054 3077/3077/3077 3042/3042/3042
f 3050/3050/3050 3096/3096/3096 3085/3085/3085
f 1811/1811/1811 1812/1812/1812 1813/1813/1813
f 2099/2099/2099 2100/2100/2100 2101/2101/2101
f 1814/1814/1814 1778/1778/1778 1780/1780/1780
f 1815/1815/1815 1816/1816/1816 1817/1817/1817
f 1817/1817/1817 1818/1818/1818 1815/1815/1815
f 3932/3932/3932 4097/4097/4097 3933/3933/3933
f 3934/3934/3934 3935/3935/3935 3936/3936/3936
f 3937/3937/3937 3936/3936/3936 3935/3935/3935
f 2102/2102/2102 2103/2103/2103 2104/2104/2104
f 2105/2105/2105 2069/2069/2069 2068/2068/2068
f 1787/1787/1787 1819/1819/1819 1805/1805/1805
f 1820/1820/1820 1821/1821/1821 1822/1822/1822
f 2106/2106/2106 2107/2107/2107 2108/2108/2108
f 2109/2109/2109 2110/2110/2110 2111/2111/2111
f 1823/1823/1823 1824/1824/1824 1825/1825/1825
f 2112/2112/2112 2106/2106/2106 2108/2108/2108
f 1826/1826/1826 1824/1824/1824 1823/1823/1823
f 2109/2109/2109 2111/2111/2111 2113/2113/2113
f 2114/2114/2114 2115/2115/2115 2116/2116/2116
f 1827/1827/1827 1828/1828/1828 1829/1829/1829
f 1830/1830/1830 1831/1831/1831 1832/1832/1832
f 1833/1833/1833 1834/1834/1834 1835/1835/1835
f 1836/1836/1836 1837/1837/1837 1838/1838/1838
f 1839/1839/1839 1837/1837/1837 1840/1840/1840
f 1838/1838/1838 1837/1837/1837 1839/1839/1839
f 1841/1841/1841 1842/1842/1842 1843/1843/1843
f 3090/3090/3090 3097/3097/3097 3072/3072/3072
f 2117/2117/2117 2105/2105/2105 2118/2118/2118
f 1845/1845/1845 1846/1846/1846 1847/1847/1847
f 2119/2119/2119 2104/2104/2104 2120/2120/2120
f 2121/2121/2121 2104/2104/2104 2103/2103/2103
f 2117/2117/2117 2069/2069/2069 2105/2105/2105
f 1848/1848/1848 1845/1845/1845 1847/1847/1847
f 2122/2122/2122 2123/2123/2123 2124/2124/2124
f 2125/2125/2125 2126/2126/2126 2127/2127/2127
f 1849/1849/1849 1850/1850/1850 1851/1851/1851
f 1852/1852/1852 1853/1853/1853 1854/1854/1854
f 3938/3938/3938 3939/3939/3939 3940/3940/3940
f 3941/3941/3941 3942/3942/3942 3943/3943/3943
f 3006/3006/3006 3045/3045/3045 3098/3098/3098
f 2128/2128/2128 2116/2116/2116 2115/2115/2115
f 1791/1791/1791 1855/1855/1855 1779/1779/1779
f 1856/1856/1856 1805/1805/1805 1819/1819/1819
f 1857/1857/1857 1858/1858/1858 1859/1859/1859
f 3931/3931/3931 3921/3921/3921 3944/3944/3944
f 1860/1860/1860 1861/1861/1861 1862/1862/1862
f 2129/2129/2129 2130/2130/2130 2131/2131/2131
f 3077/3077/3077 3099/3099/3099 3091/3091/3091
f 2132/2132/2132 2114/2114/2114 2133/2133/2133
f 1863/1863/1863 1849/1849/1849 1851/1851/1851
f 1821/1821/1821 1864/1864/1864 1822/1822/1822
f 2104/2104/2104 2121/2121/2121 2134/2134/2134
f 2104/2104/2104 2134/2134/2134 2120/2120/2120
f 2135/2135/2135 2136/2136/2136 2137/2137/2137
f 1860/1860/1860 1819/1819/1819 1861/1861/1861
f 2138/2138/2138 2139/2139/2139 2140/2140/2140
f 3100/3100/3100 3101/3101/3101 3102/3102/3102
f 3100/3100/3100 3102/3102/3102 3103/3103/3103
f 2122/2122/2122 2124/2124/2124 2141/2141/2141
f 2142/2142/2142 2143/2143/2143 2144/2144/2144
f 2145/2145/2145 2142/2142/2142 2144/2144/2144
f 3946/3946/3946 3947/3947/3947 3948/3948/3948
f 1865/1865/1865 1866/1866/1866 1867/1867/1867
f 3949/3949/3949 3876/3876/3876 3931/3931/3931
f 3104/3104/3104 3105/3105/3105 3106/3106/3106
f 2066/2066/2066 2100/2100/2100 2785/2785/2785
f 1841/1841/1841 1843/1843/1843 1868/1868/1868
f 3107/3107/3107 3108/3108/3108 3109/3109/3109
f 3110/3110/3110 3111/3111/3111 3112/3112/3112
f 2146/2146/2146 2147/2147/2147 2148/2148/2148
f 1869/1869/1869 1870/1870/1870 1871/1871/1871
f 1872/1872/1872 1873/1873/1873 1874/1874/1874
f 3101/3101/3101 3113/3113/3113 3114/3114/3114
f 3950/3950/3950 3951/3951/3951 3952/3952/3952
f 2079/2079/2079 2078/2078/2078 2149/2149/2149
f 1875/1875/1875 1870/1870/1870 1869/1869/1869
f 1876/1876/1876 1877/1877/1877 1878/1878/1878
f 1833/1833/1833 1835/1835/1835 1844/1844/1844
f 2150/2150/2150 2147/2147/2147 2146/2146/2146
f 2151/2151/2151 2152/2152/2152 2153/2153/2153
f 2787/2787/2787 2154/2154/2154 2155/2155/2155
f 2121/2121/2121 2156/2156/2156 2134/2134/2134
f 1879/1879/1879 1880/1880/1880 1881/1881/1881
f 2157/2157/2157 2158/2158/2158 2159/2159/2159
f 2157/2157/2157 2159/2159/2159 2160/2160/2160
f 3105/3105/3105 3115/3115/3115 3106/3106/3106
f 2073/2073/2073 2161/2161/2161 2071/2071/2071
f 2162/2162/2162 2163/2163/2163 2164/2164/2164
f 2165/2165/2165 2166/2166/2166 2167/2167/2167
f 2162/2162/2162 2168/2168/2168 2163/2163/2163
f 2169/2169/2169 2170/2170/2170 2171/2171/2171
f 3945/3945/3945 3940/3940/3940 3953/3953/3953
f 2072/2072/2072 2172/2172/2172 2173/2173/2173
f 1882/1882/1882 1883/1883/1883 1884/1884/1884
f 2174/2174/2174 2175/2175/2175 2176/2176/2176
f 3944/3944/3944 3954/3954/3954 3931/3931/3931
f 3870/3870/3870 3955/3955/3955 3956/3956/3956
f 3089/3089/3089 3088/3088/3088 3116/3116/3116
f 3097/3097/3097 3090/3090/3090 3117/3117/3117
f 2176/2176/2176 2175/2175/2175 2177/2177/2177
f 1856/1856/1856 1819/1819/1819 1860/1860/1860
f 3097/3097/3097 3093/3093/3093 3072/3072/3072
f 3929/3929/3929 3957/3957/3957 3930/3930/3930
f 2127/2127/2127 2178/2178/2178 2179/2179/2179
f 1885/1885/1885 1880/1880/1880 1879/1879/1879
f 1886/1886/1886 1835/1835/1835 1834/1834/1834
f 3053/3053/3053 2970/2970/2970 2963/2963/2963
f 1887/1887/1887 1888/1888/1888 1785/1785/1785
f 3953/3953/3953 3940/3940/3940 3958/3958/3958
f 2180/2180/2180 2181/2181/2181 2182/2182/2182
f 2183/2183/2183 2124/2124/2124 2123/2123/2123
f 2184/2184/2184 2130/2130/2130 2129/2129/2129
f 2185/2185/2185 2114/2114/2114 2116/2116/2116
f 1779/1779/1779 1889/1889/1889 1780/1780/1780
f 2186/2186/2186 2183/2183/2183 2123/2123/2123
f 3118/3118/3118 3119/3119/3119 3120/3120/3120
f 3118/3118/3118 3120/3120/3120 3121/3121/3121
f 3122/3122/3122 3123/3123/3123 3124/3124/3124
f 3122/3122/3122 3125/3125/3125 3123/3123/3123
f 3124/3124/3124 3123/3123/3123 3126/3126/3126
f 3121/3121/3121 3120/3120/3120 3127/3127/3127
f 2133/2133/2133 2114/2114/2114 2185/2185/2185
f 1820/1820/1820 1822/1822/1822 1890/1890/1890
f 3961/3961/3961 3962/3962/3962 3963/3963/3963
f 3964/3964/3964 3963/3963/3963 3962/3962/3962
f 3959/3959/3959 3965/3965/3965 3960/3960/3960
f 3931/3931/3931 3966/3966/3966 3949/3949/3949
f 2187/2187/2187 2188/2188/2188 2189/2189/2189
f 3128/3128/3128 3069/3069/3069 3068/3068/3068
f 3129/3129/3129 3130/3130/3130 3131/3131/3131
f 2121/2121/2121 2103/2103/2103 2190/2190/2190
f 2116/2116/2116 2191/2191/2191 2185/2185/2185
f 2125/2125/2125 2192/2192/2192 2193/2193/2193
f 3101/3101/3101 3132/3132/3132 3102/3102/3102
f 2177/2177/2177 2194/2194/2194 2195/2195/2195
f 2192/2192/2192 2125/2125/2125 2127/2127/2127
f 1891/1891/1891 1788/1788/1788 1785/1785/1785
f 3133/3133/3133 3134/3134/3134 3135/3135/3135
f 2970/2970/2970 3136/3136/3136 2969/2969/2969
f 3136/3136/3136 2970/2970/2970 3137/3137/3137
f 3101/3101/3101 3114/3114/3114 3132/3132/3132
f 2172/2172/2172 2072/2072/2072 2196/2196/2196
f 2177/2177/2177 2195/2195/2195 2176/2176/2176
f 2127/2127/2127 2179/2179/2179 2192/2192/2192
f 1891/1891/1891 1785/1785/1785 1888/1888/1888
f 3097/3097/3097 3117/3117/3117 3138/3138/3138
f 3139/3139/3139 3140/3140/3140 3141/3141/3141
f 2103/2103/2103 2197/2197/2197 2190/2190/2190
f 2180/2180/2180 2198/2198/2198 2181/2181/2181
f 3142/3142/3142 3143/3143/3143 3144/3144/3144
f 2097/2097/2097 2199/2199/2199 2098/2098/2098
f 1892/1892/1892 1893/1893/1893 1894/1894/1894
f 3956/3956/3956 3929/3929/3929 3870/3870/3870
f 3129/3129/3129 3131/3131/3131 3145/3145/3145
f 1892/1892/1892 1895/1895/1895 1893/1893/1893
f 1893/1893/1893 1895/1895/1895 1896/1896/1896
f 2200/2200/2200 2201/2201/2201 2202/2202/2202
f 2202/2202/2202 2201/2201/2201 2203/2203/2203
f 1894/1894/1894 1897/1897/1897 1892/1892/1892
f 3146/3146/3146 3147/3147/3147 3148/3148/3148
f 3941/3941/3941 3969/3969/3969 3942/3942/3942
f 2100/2100/2100 2066/2066/2066 2101/2101/2101
f 2204/2204/2204 2205/2205/2205 2206/2206/2206
f 1898/1898/1898 1899/1899/1899 1900/1900/1900
f 1901/1901/1901 1902/1902/1902 1903/1903/1903
f 4/4/4 5/5/5 6/6/6
f 1904/1904/1904 1905/1905/1905 1906/1906/1906
f 2207/2207/2207 2208/2208/2208 2209/2209/2209
f 1904/1904/1904 1907/1907/1907 1905/1905/1905
f 2210/2210/2210 2211/2211/2211 2212/2212/2212
f 2213/2213/2213 2203/2203/2203 2201/2201/2201
f 2214/2214/2214 2212/2212/2212 2211/2211/2211
f 2203/2203/2203 2213/2213/2213 2215/2215/2215
f 1908/1908/1908 1868/1868/1868 1843/1843/1843
f 3149/3149/3149 3150/3150/3150 3151/3151/3151
f 3152/3152/3152 3153/3153/3153 3154/3154/3154
f 3967/3967/3967 3970/3970/3970 3968/3968/3968
f 3069/3069/3069 3128/3128/3128 3155/3155/3155
f 3156/3156/3156 3157/3157/3157 3158/3158/3158
f 2216/2216/2216 2217/2217/2217 2218/2218/2218
f 2219/2219/2219 2220/2220/2220 2173/2173/2173
f 2221/2221/2221 2222/2222/2222 2223/2223/2223
f 1909/1909/1909 1910/1910/1910 1911/1911/1911
f 2224/2224/2224 2225/2225/2225 2226/2226/2226
f 2227/2227/2227 2228/2228/2228 2193/2193/2193
f 3154/3154/3154 3159/3159/3159 3152/3152/3152
f 2165/2165/2165 2229/2229/2229 2166/2166/2166
f 2230/2230/2230 2231/2231/2231 2232/2232/2232
f 1912/1912/1912 1913/1913/1913 1914/1914/1914
f 2233/2233/2233 2098/2098/2098 2199/2199/2199
f 3158/3158/3158 3157/3157/3157 3160/3160/3160
f 3131/3131/3131 3161/3161/3161 3145/3145/3145
f 2234/2234/2234 2140/2140/2140 2235/2235/2235
f 2236/2236/2236 2237/2237/2237 2238/2238/2238
f 2239/2239/2239 2240/2240/2240 2241/2241/2241
f 2242/2242/2242 2240/2240/2240 2239/2239/2239
f 2243/2243/2243 2244/2244/2244 2245/2245/2245
f 1909/1909/1909 1915/1915/1915 1910/1910/1910
f 2241/2241/2241 2240/2240/2240 2246/2246/2246
f 2238/2238/2238 2247/2247/2247 2236/2236/2236
f 2243/2243/2243 2245/2245/2245 2248/2248/2248
f 1916/1916/1916 1917/1917/1917 1918/1918/1918
f 2249/2249/2249 2250/2250/2250 2251/2251/2251
f 1917/1917/1917 1919/1919/1919 1918/1918/1918
f 2252/2252/2252 2253/2253/2253 2254/2254/2254
f 2252/2252/2252 2255/2255/2255 2253/2253/2253
f 1918/1918/1918 1920/1920/1920 1916/1916/1916
f 1921/1921/1921 1922/1922/1922 1923/1923/1923
f 2250/2250/2250 2256/2256/2256 2251/2251/2251
f 2249/2249/2249 2256/2256/2256 2250/2250/2250
f 2257/2257/2257 2258/2258/2258 2259/2259/2259
f 2260/2260/2260 2261/2261/2261 2256/2256/2256
f 2262/2262/2262 2263/2263/2263 2264/2264/2264
f 2265/2265/2265 2266/2266/2266 2267/2267/2267
f 2260/2260/2260 2256/2256/2256 2249/2249/2249
f 1924/1924/1924 1925/1925/1925 1926/1926/1926
f 2268/2268/2268 2269/2269/2269 2270/2270/2270
f 1927/1927/1927 1928/1928/1928 1929/1929/1929
f 2271/2271/2271 2272/2272/2272 2273/2273/2273
f 2274/2274/2274 2275/2275/2275 2276/2276/2276
f 2277/2277/2277 2278/2278/2278 2279/2279/2279
f 1930/1930/1930 1931/1931/1931 1932/1932/1932
f 2280/2280/2280 2281/2281/2281 2282/2282/2282
f 3106/3106/3106 3115/3115/3115 3162/3162/3162
f 2234/2234/2234 2235/2235/2235 2283/2283/2283
f 2206/2206/2206 2205/2205/2205 2284/2284/2284
f 1835/1835/1835 1933/1933/1933 1844/1844/1844
f 2285/2285/2285 2283/2283/2283 2286/2286/2286
f 2287/2287/2287 2234/2234/2234 2283/2283/2283
f 2288/2288/2288 2289/2289/2289 2290/2290/2290
f 2291/2291/2291 2292/2292/2292 2293/2293/2293
f 1934/1934/1934 1935/1935/1935 1936/1936/1936
f 1937/1937/1937 1938/1938/1938 1985/1985/1985
f 2294/2294/2294 2295/2295/2295 2296/2296/2296
f 3971/3971/3971 3972/3972/3972 3973/3973/3973
f 3163/3163/3163 3164/3164/3164 3165/3165/3165
f 3166/3166/3166 3167/3167/3167 3168/3168/3168
f 2256/2256/2256 2297/2297/2297 2251/2251/2251
f 2298/2298/2298 2299/2299/2299 2300/2300/2300
f 1937/1937/1937 1985/1985/1985 1939/1939/1939
f 1940/1940/1940 1923/1923/1923 1922/1922/1922
f 2263/2263/2263 2301/2301/2301 2264/2264/2264
f 2265/2265/2265 2302/2302/2302 2266/2266/2266
f 2266/2266/2266 2302/2302/2302 2303/2303/2303
f 2283/2283/2283 2285/2285/2285 2287/2287/2287
f 3169/3169/3169 3170/3170/3170 3171/3171/3171
f 3974/3974/3974 3935/3935/3935 3934/3934/3934
f 2304/2304/2304 2305/2305/2305 2270/2270/2270
f 2270/2270/2270 2269/2269/2269 2304/2304/2304
f 2291/2291/2291 2293/2293/2293 2306/2306/2306
f 2307/2307/2307 2308/2308/2308 2309/2309/2309
f 2310/2310/2310 2311/2311/2311 2312/2312/2312
f 1941/1941/1941 1942/1942/1942 1943/1943/1943
f 2313/2313/2313 2785/2785/2785 2100/2100/2100
f 2292/2292/2292 2314/2314/2314 2293/2293/2293
f 1944/1944/1944 1945/1945/1945 1946/1946/1946
f 1945/1945/1945 1944/1944/1944 1947/1947/1947
f 2258/2258/2258 2315/2315/2315 2259/2259/2259
f 2256/2256/2256 2261/2261/2261 2297/2297/2297
f 1948/1948/1948 1940/1940/1940 1922/1922/1922
f 2316/2316/2316 2288/2288/2288 2317/2317/2317
f 2318/2318/2318 2319/2319/2319 2320/2320/2320
f 1949/1949/1949 1943/1943/1943 1942/1942/1942
f 1950/1950/1950 1951/1951/1951 1952/1952/1952
f 1953/1953/1953 1954/1954/1954 1955/1955/1955
f 1956/1956/1956 1923/1923/1923 1940/1940/1940
f 2321/2321/2321 2322/2322/2322 2323/2323/2323
f 1957/1957/1957 1958/1958/1958 1959/1959/1959
f 2219/2219/2219 2173/2173/2173 2172/2172/2172
f 2324/2324/2324 2325/2325/2325 2326/2326/2326
f 2300/2300/2300 2299/2299/2299 2307/2307/2307
f 3172/3172/3172 3173/3173/3173 3174/3174/3174
f 2327/2327/2327 2288/2288/2288 2290/2290/2290
f 1953/1953/1953 1955/1955/1955 1960/1960/1960
f 2266/2266/2266 2303/2303/2303 2328/2328/2328
f 2258/2258/2258 2300/2300/2300 2329/2329/2329
f 2273/2273/2273 2272/2272/2272 2330/2330/2330
f 2266/2266/2266 2331/2331/2331 2332/2332/2332
f 1947/1947/1947 1961/1961/1961 1945/1945/1945
f 3975/3975/3975 3976/3976/3976 3977/3977/3977
f 3175/3175/3175 3176/3176/3176 3177/3177/3177
f 3978/3978/3978 3979/3979/3979 3980/3980/3980
f 3980/3980/3980 3979/3979/3979 3977/3977/3977
f 3981/3981/3981 3979/3979/3979 3982/3982/3982
f 3979/3979/3979 3981/3981/3981 3977/3977/3977
f 3975/3975/3975 3977/3977/3977 3981/3981/3981
f 2329/2329/2329 2300/2300/2300 2307/2307/2307
f 2288/2288/2288 2316/2316/2316 2289/2289/2289
f 2333/2333/2333 2307/2307/2307 2309/2309/2309
f 3161/3161/3161 3178/3178/3178 3145/3145/3145
f 2334/2334/2334 2335/2335/2335 2336/2336/2336
f 2307/2307/2307 2333/2333/2333 2329/2329/2329
f 3983/3983/3983 3984/3984/3984 3985/3985/3985
f 2266/2266/2266 2328/2328/2328 2331/2331/2331
f 3986/3986/3986 3987/3987/3987 3988/3988/3988
f 3989/3989/3989 3987/3987/3987 3990/3990/3990
f 3179/3179/3179 3180/3180/3180 3181/3181/3181
f 3987/3987/3987 3991/3991/3991 3988/3988/3988
f 3990/3990/3990 3987/3987/3987 3986/3986/3986
f 2303/2303/2303 2337/2337/2337 2328/2328/2328
f 1962/1962/1962 1963/1963/1963 1986/1986/1986
f 2324/2324/2324 2338/2338/2338 2325/2325/2325
f 1964/1964/1964 1738/1738/1738 1737/1737/1737
f 3182/3182/3182 3181/3181/3181 3180/3180/3180
f 2331/2331/2331 2339/2339/2339 2332/2332/2332
f 3989/3989/3989 3990/3990/3990 3992/3992/3992
f 3993/3993/3993 3994/3994/3994 3970/3970/3970
f 2340/2340/2340 2278/2278/2278 2277/2277/2277
f 1965/1965/1965 1966/1966/1966 1967/1967/1967
f 1968/1968/1968 1969/1969/1969 1970/1970/1970
f 1971/1971/1971 1972/1972/1972 1969/1969/1969
f 1973/1973/1973 1972/1972/1972 1971/1971/1971
f 1972/1972/1972 1970/1970/1970 1969/1969/1969
f 2341/2341/2341 2342/2342/2342 2343/2343/2343
f 2785/2785/2785 2313/2313/2313 2344/2344/2344
f 3183/3183/3183 3158/3158/3158 3184/3184/3184
f 3185/3185/3185 3162/3162/3162 3115/3115/3115
f 2234/2234/2234 2138/2138/2138 2140/2140/2140
f 2345/2345/2345 2346/2346/2346 2347/2347/2347
f 2274/2274/2274 2276/2276/2276 2348/2348/2348
f 1974/1974/1974 1986/1986/1986 1975/1975/1975
f 2272/2272/2272 2349/2349/2349 2330/2330/2330
f 3186/3186/3186 3187/3187/3187 3188/3188/3188
f 3189/3189/3189 3160/3160/3160 3157/3157/3157
f 2350/2350/2350 2351/2351/2351 2352/2352/2352
f 1946/1946/1946 1945/1945/1945 1976/1976/1976
f 2353/2353/2353 2354/2354/2354 2355/2355/2355
f 2329/2329/2329 2356/2356/2356 2258/2258/2258
f 3970/3970/3970 3994/3994/3994 3968/3968/3968
f 3985/3985/3985 3995/3995/3995 3983/3983/3983
f 2357/2357/2357 2358/2358/2358 2359/2359/2359
f 1965/1965/1965 1967/1967/1967 1977/1977/1977
f 2329/2329/2329 2360/2360/2360 2356/2356/2356
f 2361/2361/2361 2333/2333/2333 2362/2362/2362
f 3996/3996/3996 3997/3997/3997 3998/3998/3998
f 3158/3158/3158 3190/3190/3190 3191/3191/3191
f 3192/3192/3192 3193/3193/3193 3165/3165/3165
f 2071/2071/2071 2196/2196/2196 2072/2072/2072
f 2363/2363/2363 2364/2364/2364 2365/2365/2365
f 2332/2332/2332 2339/2339/2339 2366/2366/2366
f 2329/2329/2329 2333/2333/2333 2361/2361/2361
f 3194/3194/3194 3195/3195/3195 3196/3196/3196
f 3196/3196/3196 3197/3197/3197 3194/3194/3194
f 3198/3198/3198 3199/3199/3199 3200/3200/3200
f 3999/3999/3999 4000/4000/4000 3972/3972/3972
f 3168/3168/3168 3167/3167/3167 3201/3201/3201
f 2363/2363/2363 2367/2367/2367 2364/2364/2364
f 2368/2368/2368 2206/2206/2206 2284/2284/2284
f 1986/1986/1986 1963/1963/1963 1975/1975/1975
f 2328/2328/2328 2337/2337/2337 2369/2369/2369
f 2356/2356/2356 2370/2370/2370 2315/2315/2315
f 2371/2371/2371 2366/2366/2366 2339/2339/2339
f 3202/3202/3202 3203/3203/3203 3204/3204/3204
f 2372/2372/2372 2331/2331/2331 2373/2373/2373
f 2374/2374/2374 2375/2375/2375 2376/2376/2376
f 2377/2377/2377 2378/2378/2378 2379/2379/2379
f 2380/2380/2380 2381/2381/2381 2382/2382/2382
f 2361/2361/2361 2362/2362/2362 2383/2383/2383
f 2379/2379/2379 2378/2378/2378 2384/2384/2384
f 2331/2331/2331 2328/2328/2328 2369/2369/2369
f 2385/2385/2385 2386/2386/2386 2387/2387/2387
f 2388/2388/2388 2386/2386/2386 2389/2389/2389
f 2386/2386/2386 2385/2385/2385 2390/2390/2390
f 2381/2381/2381 2380/2380/2380 2391/2391/2391
f 2386/2386/2386 2390/2390/2390 2389/2389/2389
f 2389/2389/2389 2392/2392/2392 2388/2388/2388
f 3205/3205/3205 3206/3206/3206 3207/3207/3207
f 2297/2297/2297 2393/2393/2393 2394/2394/2394
f 1978/1978/1978 1979/1979/1979 1980/1980/1980
f 1981/1981/1981 1980/1980/1980 1979/1979/1979
f 1980/1980/1980 1981/1981/1981 1982/1982/1982
f 2395/2395/2395 2396/2396/2396 2397/2397/2397
f 2361/2361/2361 2383/2383/2383 2398/2398/2398
f 4002/4002/4002 4003/4003/4003 4004/4004/4004
f 3192/3192/3192 3165/3165/3165 3164/3164/3164
f 2227/2227/2227 2193/2193/2193 2192/2192/2192
f 2399/2399/2399 2400/2400/2400 2401/2401/2401
f 2373/2373/2373 2331/2331/2331 2369/2369/2369
f 2356/2356/2356 2315/2315/2315 2258/2258/2258
f 4005/4005/4005 4006/4006/4006 4007/4007/4007
f 2402/2402/2402 2403/2403/2403 2404/2404/2404
f 2405/2405/2405 2406/2406/2406 2407/2407/2407
f 2408/2408/2408 2407/2407/2407 2406/2406/2406
f 4008/4008/4008 4009/4009/4009 4010/4010/4010
f 3999/3999/3999 3972/3972/3972 4001/4001/4001
f 4011/4011/4011 4012/4012/4012 4013/4013/4013
f 4004/4004/4004 4003/4003/4003 4014/4014/4014
f 2409/2409/2409 2410/2410/2410 2411/2411/2411
f 2412/2412/2412 2413/2413/2413 2414/2414/2414
f 2413/2413/2413 2412/2412/2412 2415/2415/2415
f 2416/2416/2416 2415/2415/2415 2417/2417/2417
f 2418/2418/2418 2415/2415/2415 2416/2416/2416
f 2413/2413/2413 2415/2415/2415 2418/2418/2418
f 2411/2411/2411 2410/2410/2410 2419/2419/2419
f 2420/2420/2420 2419/2419/2419 2410/2410/2410
f 4015/4015/4015 4012/4012/4012 4011/4011/4011
f 3190/3190/3190 3158/3158/3158 3160/3160/3160
f 2397/2397/2397 2421/2421/2421 2395/2395/2395
f 2196/2196/2196 2071/2071/2071 2422/2422/2422
f 3998/3998/3998 3997/3997/3997 4016/4016/4016
f 4017/4017/4017 4018/4018/4018 4019/4019/4019
f 2423/2423/2423 2424/2424/2424 2425/2425/2425
f 2426/2426/2426 2427/2427/2427 2428/2428/2428
f 2421/2421/2421 2429/2429/2429 2395/2395/2395
f 2430/2430/2430 2431/2431/2431 2432/2432/2432
f 3202/3202/3202 3208/3208/3208 3203/3203/3203
f 2433/2433/2433 2434/2434/2434 2435/2435/2435
f 2394/2394/2394 2393/2393/2393 2436/2436/2436
f 2437/2437/2437 2346/2346/2346 2438/2438/2438
f 1738/1738/1738 1964/1964/1964 1983/1983/1983
f 3201/3201/3201 3167/3167/3167 3209/3209/3209
f 2439/2439/2439 2440/2440/2440 2441/2441/2441
f 184/184/184 185/185/185 186/186/186
f 2399/2399/2399 2401/2401/2401 2442/2442/2442
f 2349/2349/2349 2443/2443/2443 2330/2330/2330
f 2346/2346/2346 2437/2437/2437 2347/2347/2347
f 2444/2444/2444 2445/2445/2445 2446/2446/2446
f 2447/2447/2447 2448/2448/2448 2449/2449/2449
f 2450/2450/2450 2451/2451/2451 2452/2452/2452
f 2453/2453/2453 2454/2454/2454 2455/2455/2455
f 3191/3191/3191 3210/3210/3210 3184/3184/3184
f 4020/4020/4020 4007/4007/4007 4006/4006/4006
f 2456/2456/2456 2457/2457/2457 2458/2458/2458
f 3211/3211/3211 3212/3212/3212 3213/3213/3213
f 2459/2459/2459 2445/2445/2445 2444/2444/2444
f 4018/4018/4018 4017/4017/4017 4022/4022/4022
f 2460/2460/2460 2453/2453/2453 2455/2455/2455
f 2304/2304/2304 2269/2269/2269 2461/2461/2461
f 2456/2456/2456 2462/2462/2462 2457/2457/2457
f 2443/2443/2443 2463/2463/2463 2330/2330/2330
f 3214/3214/3214 3215/3215/3215 3216/3216/3216
f 2464/2464/2464 2465/2465/2465 2466/2466/2466
f 2467/2467/2467 2468/2468/2468 2469/2469/2469
f 2470/2470/2470 2471/2471/2471 2472/2472/2472
f 4017/4017/4017 4019/4019/4019 4023/4023/4023
f 2473/2473/2473 2474/2474/2474 2475/2475/2475
f 2476/2476/2476 2477/2477/2477 2478/2478/2478
f 3217/3217/3217 3218/3218/3218 3219/3219/3219
f 1964/1964/1964 1984/1984/1984 1983/1983/1983
f 2472/2472/2472 2471/2471/2471 2479/2479/2479
f 4024/4024/4024 3985/3985/3985 3984/3984/3984
f 2458/2458/2458 2480/2480/2480 2456/2456/2456
f 7/7/7 8/8/8 9/9/9
f 3199/3199/3199 3220/3220/3220 3200/3200/3200
f 2481/2481/2481 2482/2482/2482 2483/2483/2483
f 3221/3221/3221 3222/3222/3222 3223/3223/3223
f 3224/3224/3224 3225/3225/3225 3226/3226/3226
f 4009/4009/4009 4025/4025/4025 4010/4010/4010
f 3227/3227/3227 3228/3228/3228 3229/3229/3229
f 3230/3230/3230 3231/3231/3231 3232/3232/3232
f 2437/2437/2437 2484/2484/2484 2347/2347/2347
f 2485/2485/2485 2486/2486/2486 2338/2338/2338
f 2478/2478/2478 2487/2487/2487 2476/2476/2476
f 3233/3233/3233 3234/3234/3234 3224/3224/3224
f 2471/2471/2471 2488/2488/2488 2479/2479/2479
f 3234/3234/3234 3225/3225/3225 3224/3224/3224
f 3191/3191/3191 3184/3184/3184 3158/3158/3158
f 2172/2172/2172 2196/2196/2196 2489/2489/2489
f 2490/2490/2490 2491/2491/2491 2492/2492/2492
f 2479/2479/2479 2488/2488/2488 2493/2493/2493
f 2393/2393/2393 2494/2494/2494 2436/2436/2436
f 2452/2452/2452 2451/2451/2451 2495/2495/2495
f 2496/2496/2496 2306/2306/2306 2293/2293/2293
f 3225/3225/3225 3234/3234/3234 3235/3235/3235
f 3223/3223/3223 3222/3222/3222 3236/3236/3236
f 2497/2497/2497 2498/2498/2498 2499/2499/2499
f 3237/3237/3237 3238/3238/3238 3239/3239/3239
f 3993/3993/3993 4026/4026/4026 3994/3994/3994
f 2424/2424/2424 2423/2423/2423 2500/2500/2500
f 2485/2485/2485 2338/2338/2338 2324/2324/2324
f 3226/3226/3226 3240/3240/3240 3224/3224/3224
f 2501/2501/2501 2498/2498/2498 2502/2502/2502
f 2501/2501/2501 2502/2502/2502 2503/2503/2503
f 2499/2499/2499 2498/2498/2498 2501/2501/2501
f 3241/3241/3241 3242/3242/3242 3243/3243/3243
f 2504/2504/2504 2434/2434/2434 2433/2433/2433
f 2505/2505/2505 2506/2506/2506 2507/2507/2507
f 4027/4027/4027 4028/4028/4028 4029/4029/4029
f 4030/4030/4030 4029/4029/4029 4031/4031/4031
f 2508/2508/2508 2463/2463/2463 2443/2443/2443
f 4027/4027/4027 4029/4029/4029 4030/4030/4030
f 3244/3244/3244 3243/3243/3243 3242/3242/3242
f 2509/2509/2509 2437/2437/2437 2438/2438/2438
f 2510/2510/2510 2511/2511/2511 2512/2512/2512
f 2492/2492/2492 2513/2513/2513 2490/2490/2490
f 2514/2514/2514 2515/2515/2515 2516/2516/2516
f 4016/4016/4016 3997/3997/3997 4032/4032/4032
f 4033/4033/4033 4034/4034/4034 4035/4035/4035
f 3367/3367/3367 3245/3245/3245 3246/3246/3246
f 3218/3218/3218 3247/3247/3247 3219/3219/3219
f 2517/2517/2517 2518/2518/2518 2519/2519/2519
f 2480/2480/2480 2520/2520/2520 2456/2456/2456
f 2521/2521/2521 2522/2522/2522 2523/2523/2523
f 2511/2511/2511 2510/2510/2510 2524/2524/2524
f 2525/2525/2525 2459/2459/2459 2444/2444/2444
f 3248/3248/3248 3240/3240/3240 3226/3226/3226
f 2526/2526/2526 2527/2527/2527 2528/2528/2528
f 4036/4036/4036 4037/4037/4037 4038/4038/4038
f 3249/3249/3249 3250/3250/3250 3251/3251/3251
f 2521/2521/2521 2529/2529/2529 2522/2522/2522
f 2526/2526/2526 2528/2528/2528 2530/2530/2530
f 2526/2526/2526 2531/2531/2531 2527/2527/2527
f 2527/2527/2527 2531/2531/2531 2532/2532/2532
f 4028/4028/4028 4027/4027/4027 4039/4039/4039
f 2443/2443/2443 2533/2533/2533 2508/2508/2508
f 2468/2468/2468 2534/2534/2534 2535/2535/2535
f 2393/2393/2393 2297/2297/2297 2261/2261/2261
f 2536/2536/2536 2537/2537/2537 2538/2538/2538
f 4040/4040/4040 4041/4041/4041 4042/4042/4042
f 4043/4043/4043 4044/4044/4044 4045/4045/4045
f 4046/4046/4046 4047/4047/4047 4048/4048/4048
f 4047/4047/4047 4046/4046/4046 4049/4049/4049
f 3203/3203/3203 3208/3208/3208 3368/3368/3368
f 4050/4050/4050 4049/4049/4049 4046/4046/4046
f 3252/3252/3252 3253/3253/3253 3246/3246/3246
f 4037/4037/4037 4051/4051/4051 4038/4038/4038
f 3245/3245/3245 3252/3252/3252 3246/3246/3246
f 2539/2539/2539 2540/2540/2540 2541/2541/2541
f 2525/2525/2525 2542/2542/2542 2459/2459/2459
f 3240/3240/3240 3248/3248/3248 3254/3254/3254
f 4050/4050/4050 4052/4052/4052 4049/4049/4049
f 3255/3255/3255 3248/3248/3248 3256/3256/3256
f 3257/3257/3257 3258/3258/3258 3259/3259/3259
f 3257/3257/3257 3260/3260/3260 3258/3258/3258
f 3261/3261/3261 3248/3248/3248 3255/3255/3255
f 3248/3248/3248 3261/3261/3261 3254/3254/3254
f 4053/4053/4053 4054/4054/4054 4055/4055/4055
f 4056/4056/4056 4057/4057/4057 4058/4058/4058
f 2507/2507/2507 2506/2506/2506 2543/2543/2543
f 2544/2544/2544 2545/2545/2545 2546/2546/2546
f 2547/2547/2547 2548/2548/2548 2480/2480/2480
f 2549/2549/2549 2550/2550/2550 2551/2551/2551
f 2552/2552/2552 2553/2553/2553 2554/2554/2554
f 2553/2553/2553 2552/2552/2552 2555/2555/2555
f 2556/2556/2556 2557/2557/2557 2558/2558/2558
f 2559/2559/2559 2556/2556/2556 2558/2558/2558
f 2560/2560/2560 2561/2561/2561 2562/2562/2562
f 2562/2562/2562 2563/2563/2563 2560/2560/2560
f 2560/2560/2560 2563/2563/2563 2564/2564/2564
f 2565/2565/2565 2563/2563/2563 2562/2562/2562
f 2548/2548/2548 2520/2520/2520 2480/2480/2480
f 2565/2565/2565 2562/2562/2562 2561/2561/2561
f 2566/2566/2566 2564/2564/2564 2563/2563/2563
f 2565/2565/2565 2561/2561/2561 2567/2567/2567
f 2566/2566/2566 2545/2545/2545 2544/2544/2544
f 2566/2566/2566 2544/2544/2544 2564/2564/2564
f 2568/2568/2568 2518/2518/2518 2517/2517/2517
f 2567/2567/2567 2569/2569/2569 2565/2565/2565
f 2566/2566/2566 2570/2570/2570 2545/2545/2545
f 3262/3262/3262 3263/3263/3263 3264/3264/3264
f 3265/3265/3265 3253/3253/3253 3266/3266/3266
f 2469/2469/2469 2571/2571/2571 2467/2467/2467
f 2572/2572/2572 2485/2485/2485 2324/2324/2324
f 3264/3264/3264 3263/3263/3263 3267/3267/3267
f 2573/2573/2573 2574/2574/2574 2575/2575/2575
f 2576/2576/2576 2577/2577/2577 2578/2578/2578
f 2467/2467/2467 2534/2534/2534 2468/2468/2468
f 2509/2509/2509 2579/2579/2579 2437/2437/2437
f 2580/2580/2580 2581/2581/2581 2582/2582/2582
f 2583/2583/2583 2584/2584/2584 2585/2585/2585
f 4059/4059/4059 4060/4060/4060 4061/4061/4061
f 3994/3994/3994 4062/4062/4062 4021/4021/4021
f 2586/2586/2586 2587/2587/2587 2588/2588/2588
f 2587/2587/2587 2589/2589/2589 2588/2588/2588
f 4063/4063/4063 4064/4064/4064 4065/4065/4065
f 2574/2574/2574 2590/2590/2590 2575/2575/2575
f 2591/2591/2591 2592/2592/2592 2593/2593/2593
f 2581/2581/2581 2594/2594/2594 2582/2582/2582
f 2595/2595/2595 2596/2596/2596 2597/2597/2597
f 2533/2533/2533 2443/2443/2443 2598/2598/2598
f 2599/2599/2599 2600/2600/2600 2601/2601/2601
f 2533/2533/2533 2598/2598/2598 2602/2602/2602
f 4066/4066/4066 4067/4067/4067 4068/4068/4068
f 2602/2602/2602 2603/2603/2603 2533/2533/2533
f 4069/4069/4069 4070/4070/4070 4071/4071/4071
f 2571/2571/2571 2604/2604/2604 2605/2605/2605
f 2571/2571/2571 2605/2605/2605 2606/2606/2606
f 2607/2607/2607 2608/2608/2608 2609/2609/2609
f 4072/4072/4072 4073/4073/4073 4074/4074/4074
f 2610/2610/2610 2611/2611/2611 2612/2612/2612
f 2613/2613/2613 2614/2614/2614 2615/2615/2615
f 2437/2437/2437 2579/2579/2579 2473/2473/2473
f 2606/2606/2606 2467/2467/2467 2571/2571/2571
f 2616/2616/2616 2585/2585/2585 2584/2584/2584
f 3268/3268/3268 3262/3262/3262 3269/3269/3269
f 3252/3252/3252 3266/3266/3266 3253/3253/3253
f 3270/3270/3270 3271/3271/3271 3272/3272/3272
f 3273/3273/3273 3274/3274/3274 3275/3275/3275
f 2615/2615/2615 2614/2614/2614 2617/2617/2617
f 4055/4055/4055 4075/4075/4075 4076/4076/4076
f 3245/3245/3245 3276/3276/3276 3252/3252/3252
f 3277/3277/3277 3275/3275/3275 3274/3274/3274
f 2590/2590/2590 2574/2574/2574 2618/2618/2618
f 2619/2619/2619 2620/2620/2620 2621/2621/2621
f 2622/2622/2622 2623/2623/2623 2624/2624/2624
f 2625/2625/2625 2626/2626/2626 2627/2627/2627
f 2628/2628/2628 2629/2629/2629 2630/2630/2630
f 2631/2631/2631 2623/2623/2623 2622/2622/2622
f 2632/2632/2632 2597/2597/2597 2596/2596/2596
f 3278/3278/3278 3279/3279/3279 3280/3280/3280
f 2633/2633/2633 2634/2634/2634 2635/2635/2635
f 2636/2636/2636 2637/2637/2637 2638/2638/2638
f 2639/2639/2639 2640/2640/2640 2636/2636/2636
f 2641/2641/2641 2642/2642/2642 2643/2643/2643
f 2625/2625/2625 2627/2627/2627 2644/2644/2644
f 3281/3281/3281 3278/3278/3278 3280/3280/3280
f 2639/2639/2639 2636/2636/2636 2638/2638/2638
f 3269/3269/3269 3282/3282/3282 3268/3268/3268
f 3262/3262/3262 3264/3264/3264 3283/3283/3283
f 3277/3277/3277 3284/3284/3284 3285/3285/3285
f 2645/2645/2645 2575/2575/2575 2646/2646/2646
f 2575/2575/2575 2590/2590/2590 2646/2646/2646
f 4077/4077/4077 4078/4078/4078 4079/4079/4079
f 2647/2647/2647 2648/2648/2648 2649/2649/2649
f 3286/3286/3286 3287/3287/3287 3288/3288/3288
f 2650/2650/2650 2651/2651/2651 2652/2652/2652
f 3286/3286/3286 3289/3289/3289 3287/3287/3287
f 3289/3289/3289 3286/3286/3286 3290/3290/3290
f 3286/3286/3286 3291/3291/3291 3290/3290/3290
f 2653/2653/2653 2643/2643/2643 2642/2642/2642
f 2618/2618/2618 2574/2574/2574 2654/2654/2654
f 2648/2648/2648 2655/2655/2655 2649/2649/2649
f 4078/4078/4078 4080/4080/4080 4079/4079/4079
f 3292/3292/3292 3293/3293/3293 3294/3294/3294
f 3295/3295/3295 3296/3296/3296 3297/3297/3297
f 3277/3277/3277 3285/3285/3285 3275/3275/3275
f 2656/2656/2656 2657/2657/2657 2658/2658/2658
f 2547/2547/2547 2659/2659/2659 2548/2548/2548
f 2600/2600/2600 2660/2660/2660 2601/2601/2601
f 2661/2661/2661 2662/2662/2662 2663/2663/2663
f 2621/2621/2621 2620/2620/2620 2664/2664/2664
f 2651/2651/2651 2650/2650/2650 2665/2665/2665
f 4081/4081/4081 4082/4082/4082 4083/4083/4083
f 3268/3268/3268 3282/3282/3282 3298/3298/3298
f 3299/3299/3299 3300/3300/3300 3301/3301/3301
f 3302/3302/3302 3301/3301/3301 3303/3303/3303
f 3252/3252/3252 3276/3276/3276 3304/3304/3304
f 2666/2666/2666 2667/2667/2667 2668/2668/2668
f 2534/2534/2534 2669/2669/2669 2535/2535/2535
f 2657/2657/2657 2670/2670/2670 2658/2658/2658
f 2595/2595/2595 2597/2597/2597 2671/2671/2671
f 2672/2672/2672 2673/2673/2673 2674/2674/2674
f 2506/2506/2506 2675/2675/2675 2543/2543/2543
f 3369/3369/3369 3370/3370/3370 3371/3371/3371
f 4084/4084/4084 4085/4085/4085 4086/4086/4086
f 4087/4087/4087 4088/4088/4088 4089/4089/4089
f 2676/2676/2676 2607/2607/2607 2609/2609/2609
f 2677/2677/2677 2678/2678/2678 2679/2679/2679
f 2680/2680/2680 2681/2681/2681 2682/2682/2682
f 2683/2683/2683 2661/2661/2661 2663/2663/2663
f 3262/3262/3262 3305/3305/3305 3269/3269/3269
f 3272/3272/3272 3306/3306/3306 3270/3270/3270
f 3307/3307/3307 3308/3308/3308 3309/3309/3309
f 2684/2684/2684 2685/2685/2685 2686/2686/2686
f 3310/3310/3310 3311/3311/3311 3312/3312/3312
f 2548/2548/2548 2659/2659/2659 2687/2687/2687
f 3310/3310/3310 3312/3312/3312 3313/3313/3313
f 3314/3314/3314 3315/3315/3315 3311/3311/3311
f 3262/3262/3262 3283/3283/3283 3305/3305/3305
f 3302/3302/3302 3299/3299/3299 3301/3301/3301
f 3316/3316/3316 3317/3317/3317 3318/3318/3318
f 3319/3319/3319 3294/3294/3294 3293/3293/3293
f 2667/2667/2667 2666/2666/2666 2688/2688/2688
f 2689/2689/2689 2615/2615/2615 2617/2617/2617
f 2676/2676/2676 2609/2609/2609 2690/2690/2690
f 2672/2672/2672 2691/2691/2691 2584/2584/2584
f 2592/2592/2592 2692/2692/2692 2593/2593/2593
f 187/187/187 188/188/188 189/189/189
f 2693/2693/2693 2694/2694/2694 2695/2695/2695
f 3311/3311/3311 3315/3315/3315 3312/3312/3312
f 3320/3320/3320 3321/3321/3321 3322/3322/3322
f 3323/3323/3323 3324/3324/3324 3325/3325/3325
f 4100/4100/4100 4099/4099/4099 4098/4098/4098
f 3326/3326/3326 3301/3301/3301 3300/3300/3300
f 3327/3327/3327 3328/3328/3328 3329/3329/3329
f 3317/3317/3317 3330/3330/3330 3318/3318/3318
f 2606/2606/2606 2605/2605/2605 2696/2696/2696
f 2607/2607/2607 2676/2676/2676 2697/2697/2697
f 2612/2612/2612 2611/2611/2611 2698/2698/2698
f 2699/2699/2699 2700/2700/2700 2701/2701/2701
f 3331/3331/3331 3332/3332/3332 3333/3333/3333
f 3334/3334/3334 3335/3335/3335 3336/3336/3336
f 3328/3328/3328 3337/3337/3337 3329/3329/3329
f 2697/2697/2697 2702/2702/2702 2607/2607/2607
f 3332/3332/3332 3338/3338/3338 3333/3333/3333
f 2703/2703/2703 2656/2656/2656 2658/2658/2658
f 2584/2584/2584 2691/2691/2691 2616/2616/2616
f 2679/2679/2679 2704/2704/2704 2677/2677/2677
f 3339/3339/3339 3336/3336/3336 3335/3335/3335
f 3305/3305/3305 3283/3283/3283 3340/3340/3340
f 3341/3341/3341 3308/3308/3308 3307/3307/3307
f 2705/2705/2705 2473/2473/2473 2475/2475/2475
f 2605/2605/2605 2706/2706/2706 2696/2696/2696
f 2672/2672/2672 2674/2674/2674 2691/2691/2691
f 2683/2683/2683 2663/2663/2663 2707/2707/2707
f 2695/2695/2695 2694/2694/2694 2708/2708/2708
f 4090/4090/4090 4091/4091/4091 4092/4092/4092
f 3342/3342/3342 3341/3341/3341 3307/3307/3307
f 2685/2685/2685 2709/2709/2709 2710/2710/2710
f 2711/2711/2711 2712/2712/2712 2713/2713/2713
f 2651/2651/2651 2665/2665/2665 2714/2714/2714
f 3343/3343/3343 3344/3344/3344 3345/3345/3345
f 3341/3341/3341 3342/3342/3342 3346/3346/3346
f 3344/3344/3344 3347/3347/3347 3348/3348/3348
f 3349/3349/3349 3350/3350/3350 3351/3351/3351
f 3352/3352/3352 3353/3353/3353 3348/3348/3348
f 2715/2715/2715 2716/2716/2716 2717/2717/2717
f 2718/2718/2718 2719/2719/2719 2720/2720/2720
f 2721/2721/2721 2716/2716/2716 2715/2715/2715
f 3347/3347/3347 3344/3344/3344 3354/3354/3354
f 3344/3344/3344 3348/3348/3348 3353/3353/3353
f 2722/2722/2722 2723/2723/2723 2724/2724/2724
f 2725/2725/2725 2726/2726/2726 2727/2727/2727
f 2728/2728/2728 2729/2729/2729 2730/2730/2730
f 2731/2731/2731 2732/2732/2732 2733/2733/2733
f 2727/2727/2727 2726/2726/2726 2734/2734/2734
f 2735/2735/2735 2736/2736/2736 2737/2737/2737
f 2738/2738/2738 2721/2721/2721 2715/2715/2715
f 3344/3344/3344 3353/3353/3353 3345/3345/3345
f 2726/2726/2726 2739/2739/2739 2740/2740/2740
f 2719/2719/2719 2741/2741/2741 2742/2742/2742
f 2725/2725/2725 2739/2739/2739 2726/2726/2726
f 2741/2741/2741 2743/2743/2743 2742/2742/2742
f 2744/2744/2744 2719/2719/2719 2718/2718/2718
f 2745/2745/2745 2721/2721/2721 2738/2738/2738
f 2741/2741/2741 2719/2719/2719 2744/2744/2744
f 2686/2686/2686 2685/2685/2685 2710/2710/2710
f 2683/2683/2683 2707/2707/2707 2746/2746/2746
f 2747/2747/2747 2748/2748/2748 2749/2749/2749
f 2748/2748/2748 2750/2750/2750 2749/2749/2749
f 3355/3355/3355 3356/3356/3356 3357/3357/3357
f 2751/2751/2751 2752/2752/2752 2753/2753/2753
f 2754/2754/2754 2755/2755/2755 2756/2756/2756
f 3358/3358/3358 3359/3359/3359 3360/3360/3360
f 2757/2757/2757 2758/2758/2758 2759/2759/2759
f 635/635/635 636/636/636 637/637/637
f 638/638/638 639/639/639 640/640/640
f 3282/3282/3282 3269/3269/3269 3361/3361/3361
f 2760/2760/2760 2761/2761/2761 2762/2762/2762
f 1080/1080/1080 1081/1081/1081 1082/1082/1082
f 641/641/641 642/642/642 643/643/643
f 3372/3372/3372 3373/3373/3373 3374/3374/3374
f 3362/3362/3362 3336/3336/3336 3339/3339/3339
f 644/644/644 645/645/645 646/646/646
f 190/190/190 191/191/191 192/192/192
f 2763/2763/2763 2764/2764/2764 2765/2765/2765
f 1083/1083/1083 1084/1084/1084 1085/1085/1085
f 2766/2766/2766 2767/2767/2767 2768/2768/2768
f 2769/2769/2769 2770/2770/2770 2771/2771/2771
f 2693/2693/2693 2772/2772/2772 2694/2694/2694
f 647/647/647 648/648/648 649/649/649
f 193/193/193 194/194/194 195/195/195
f 2688/2688/2688 2666/2666/2666 2773/2773/2773
f 650/650/650 651/651/651 652/652/652
f 2699/2699/2699 2774/2774/2774 2700/2700/2700
f 196/196/196 197/197/197 198/198/198
f 3363/3363/3363 3346/3346/3346 3342/3342/3342
f 2775/2775/2775 2776/2776/2776 2777/2777/2777
f 1086/1086/1086 1087/1087/1087 1088/1088/1088
f 653/653/653 654/654/654 655/655/655
f 656/656/656 657/657/657 658/658/658
f 3364/3364/3364 3357/3357/3357 3356/3356/3356
f 2437/2437/2437 2473/2473/2473 2705/2705/2705
f 1089/1089/1089 1090/1090/1090 1091/1091/1091
f 199/199/199 200/200/200 201/201/201
f 2778/2778/2778 2674/2674/2674 2673/2673/2673
f 1092/1092/1092 1093/1093/1093 1094/1094/1094
f 659/659/659 660/660/660 661/661/661
f 3375/3375/3375 3376/3376/3376 3377/3377/3377
f 2779/2779/2779 2656/2656/2656 2703/2703/2703
f 662/662/662 663/663/663 664/664/664
f 4093/4093/4093 4094/4094/4094 4095/4095/4095
f 1095/1095/1095 1096/1096/1096 1097/1097/1097
f 665/665/665 666/666/666 667/667/667
f 3378/3378/3378 3379/3379/3379 3380/3380/3380
f 668/668/668 669/669/669 670/670/670
f 1098/1098/1098 1099/1099/1099 1100/1100/1100
f 1101/1101/1101 1102/1102/1102 1103/1103/1103
f 1082/1082/1082 1104/1104/1104 1105/1105/1105
f 671/671/671 672/672/672 673/673/673
f 674/674/674 675/675/675 676/676/676
f 677/677/677 662/662/662 664/664/664
f 1106/1106/1106 1107/1107/1107 1108/1108/1108
f 1103/1103/1103 1102/1102/1102 1107/1107/1107
f 4055/4055/4055 4054/4054/4054 4075/4075/4075
f 3985/3985/3985 4096/4096/4096 3995/3995/3995
f 202/202/202 203/203/203 204/204/204
f 1109/1109/1109 1110/1110/1110 1111/1111/1111
f 673/673/673 678/678/678 671/671/671
f 679/679/679 666/666/666 680/680/680
f 678/678/678 681/681/681 671/671/671
f 1112/1112/1112 1089/1089/1089 1091/1091/1091
f 1113/1113/1113 1108/1108/1108 1107/1107/1107
f 1107/1107/1107 1102/1102/1102 1113/1113/1113
f 205/205/205 206/206/206 207/207/207
f 682/682/682 683/683/683 684/684/684
f 684/684/684 685/685/685 682/682/682
f 1114/1114/1114 1080/1080/1080 1082/1082/1082
f 1095/1095/1095 1115/1115/1115 1116/1116/1116
f 2780/2780/2780 2781/2781/2781 2782/2782/2782
f 648/648/648 647/647/647 686/686/686
f 208/208/208 209/209/209 210/210/210
f 664/664/664 663/663/663 687/687/687
f 688/688/688 689/689/689 690/690/690
f 691/691/691 681/681/681 678/678/678
f 685/685/685 692/692/692 693/693/693
f 692/692/692 685/685/685 684/684/684
f 694/694/694 695/695/695 681/681/681
f 691/691/691 694/694/694 681/681/681
f 1114/1114/1114 1082/1082/1082 1117/1117/1117
f 1118/1118/1118 1085/1085/1085 1084/1084/1084
f 666/666/666 665/665/665 680/680/680
f 2702/2702/2702 2697/2697/2697 2783/2783/2783
f 211/211/211 188/188/188 187/187/187
f 212/212/212 213/213/213 214/214/214
f 1119/1119/1119 1120/1120/1120 1121/1121/1121
f 1122/1122/1122 1123/1123/1123 1124/1124/1124
f 1125/1125/1125 1126/1126/1126 1127/1127/1127
f 1128/1128/1128 1129/1129/1129 1130/1130/1130
f 646/646/646 696/696/696 697/697/697
f 654/654/654 698/698/698 699/699/699
f 700/700/700 701/701/701 702/702/702
f 703/703/703 648/648/648 686/686/686
f 215/215/215 216/216/216 217/217/217
f 1131/1131/1131 1132/1132/1132 1133/1133/1133
f 1105/1105/1105 1104/1104/1104 1134/1134/1134
f 1135/1135/1135 1136/1136/1136 1137/1137/1137
f 1100/1100/1100 1138/1138/1138 1098/1098/1098
f 704/704/704 705/705/705 706/706/706
f 689/689/689 707/707/707 690/690/690
f 708/708/708 709/709/709 710/710/710
f 1139/1139/1139 1123/1123/1123 1140/1140/1140
f 1141/1141/1141 1142/1142/1142 1143/1143/1143
f 711/711/711 712/712/712 713/713/713
f 1144/1144/1144 1145/1145/1145 1146/1146/1146
f 1145/1145/1145 1147/1147/1147 1146/1146/1146
f 1148/1148/1148 1138/1138/1138 1100/1100/1100
f 714/714/714 680/680/680 665/665/665
f 715/715/715 716/716/716 717/717/717
f 218/218/218 217/217/217 216/216/216
f 1149/1149/1149 1150/1150/1150 1151/1151/1151
f 1149/1149/1149 1152/1152/1152 1150/1150/1150
f 1153/1153/1153 1154/1154/1154 1155/1155/1155
f 1156/1156/1156 1157/1157/1157 1158/1158/1158
f 718/718/718 719/719/719 720/720/720
f 668/668/668 670/670/670 721/721/721
f 722/722/722 723/723/723 720/720/720
f 724/724/724 725/725/725 726/726/726
f 727/727/727 716/716/716 728/728/728
f 702/702/702 701/701/701 729/729/729
f 219/219/219 220/220/220 221/221/221
f 730/730/730 731/731/731 732/732/732
f 3369/3369/3369 3381/3381/3381 3370/3370/3370
f 3382/3382/3382 3383/3383/3383 3384/3384/3384
f 1159/1159/1159 1160/1160/1160 1161/1161/1161
f 1157/1157/1157 1156/1156/1156 1162/1162/1162
f 720/720/720 719/719/719 722/722/722
f 711/711/711 713/713/713 733/733/733
f 717/717/717 734/734/734 735/735/735
f 736/736/736 737/737/737 738/738/738
f 739/739/739 740/740/740 741/741/741
f 686/686/686 742/742/742 703/703/703
f 686/686/686 743/743/743 742/742/742
f 744/744/744 745/745/745 746/746/746
f 1163/1163/1163 1142/1142/1142 1141/1141/1141
f 1164/1164/1164 1165/1165/1165 1166/1166/1166
f 1156/1156/1156 1158/1158/1158 1167/1167/1167
f 721/721/721 670/670/670 747/747/747
f 654/654/654 653/653/653 698/698/698
f 1082/1082/1082 1168/1168/1168 1117/1117/1117
f 1161/1161/1161 1160/1160/1160 1158/1158/1158
f 697/697/697 644/644/644 646/646/646
f 748/748/748 749/749/749 708/708/708
f 222/222/222 216/216/216 215/215/215
f 223/223/223 224/224/224 225/225/225
f 750/750/750 751/751/751 752/752/752
f 3385/3385/3385 3386/3386/3386 3387/3387/3387
f 3388/3388/3388 3389/3389/3389 3390/3390/3390
f 1115/1115/1115 1095/1095/1095 1097/1097/1097
f 1122/1122/1122 1140/1140/1140 1123/1123/1123
f 3391/3391/3391 3392/3392/3392 3393/3393/3393
f 1105/1105/1105 1168/1168/1168 1082/1082/1082
f 1155/1155/1155 1154/1154/1154 1169/1169/1169
f 753/753/753 754/754/754 755/755/755
f 756/756/756 728/728/728 715/715/715
f 728/728/728 716/716/716 715/715/715
f 757/757/757 758/758/758 759/759/759
f 760/760/760 761/761/761 762/762/762
f 1170/1170/1170 1171/1171/1171 1172/1172/1172
f 226/226/226 227/227/227 228/228/228
f 760/760/760 763/763/763 761/761/761
f 1171/1171/1171 1173/1173/1173 1172/1172/1172
f 761/761/761 763/763/763 764/764/764
f 763/763/763 765/765/765 764/764/764
f 3394/3394/3394 3395/3395/3395 3396/3396/3396
f 1159/1159/1159 1161/1161/1161 1174/1174/1174
f 746/746/746 766/766/766 744/744/744
f 767/767/767 768/768/768 769/769/769
f 229/229/229 230/230/230 231/231/231
f 715/715/715 717/717/717 735/735/735
f 232/232/232 233/233/233 234/234/234
f 770/770/770 771/771/771 772/772/772
f 227/227/227 235/235/235 228/228/228
f 771/771/771 773/773/773 772/772/772
f 228/228/228 236/236/236 226/226/226
f 774/774/774 775/775/775 776/776/776
f 776/776/776 775/775/775 777/777/777
f 778/778/778 776/776/776 777/777/777
f 1175/1175/1175 1176/1176/1176 1177/1177/1177
f 3394/3394/3394 3396/3396/3396 3397/3397/3397
f 3381/3381/3381 3369/3369/3369 3398/3398/3398
f 3399/3399/3399 3400/3400/3400 3401/3401/3401
f 1161/1161/1161 1158/1158/1158 1178/1178/1178
f 757/757/757 720/720/720 758/758/758
f 757/757/757 718/718/718 720/720/720
f 779/779/779 780/780/780 781/781/781
f 1177/1177/1177 1176/1176/1176 1179/1179/1179
f 1180/1180/1180 1177/1177/1177 1179/1179/1179
f 782/782/782 783/783/783 784/784/784
f 1105/1105/1105 1134/1134/1134 1168/1168/1168
f 3393/3393/3393 3392/3392/3392 3402/3402/3402
f 219/219/219 237/237/237 220/220/220
f 3403/3403/3403 3374/3374/3374 3373/3373/3373
f 3392/3392/3392 3391/3391/3391 3404/3404/3404
f 1168/1168/1168 1134/1134/1134 1181/1181/1181
f 1130/1130/1130 1182/1182/1182 1128/1128/1128
f 785/785/785 786/786/786 787/787/787
f 724/724/724 788/788/788 725/725/725
f 218/218/218 216/216/216 238/238/238
f 239/239/239 240/240/240 241/241/241
f 3388/3388/3388 3405/3405/3405 3389/3389/3389
f 789/789/789 790/790/790 791/791/791
f 792/792/792 793/793/793 794/794/794
f 794/794/794 793/793/793 795/795/795
f 737/737/737 796/796/796 738/738/738
f 703/703/703 742/742/742 797/797/797
f 3406/3406/3406 3407/3407/3407 3408/3408/3408
f 789/789/789 791/791/791 798/798/798
f 3409/3409/3409 3410/3410/3410 3411/3411/3411
f 3406/3406/3406 3412/3412/3412 3407/3407/3407
f 785/785/785 787/787/787 799/799/799
f 1168/1168/1168 1181/1181/1181 1183/1183/1183
f 3413/3413/3413 3382/3382/3382 3384/3384/3384
f 800/800/800 1048/1048/1048 801/801/801
f 802/802/802 748/748/748 708/708/708
f 242/242/242 240/240/240 239/239/239
f 243/243/243 244/244/244 245/245/245
f 803/803/803 804/804/804 805/805/805
f 782/782/782 806/806/806 783/783/783
f 807/807/807 808/808/808 809/809/809
f 808/808/808 810/810/810 809/809/809
f 802/802/802 708/708/708 710/710/710
f 803/803/803 811/811/811 804/804/804
f 3414/3414/3414 3415/3415/3415 3416/3416/3416
f 812/812/812 813/813/813 814/814/814
f 815/815/815 816/816/816 817/817/817
f 1184/1184/1184 1178/1178/1178 1158/1158/1158
f 788/788/788 724/724/724 818/818/818
f 819/819/819 812/812/812 814/814/814
f 3370/3370/3370 3381/3381/3381 3419/3419/3419
f 1185/1185/1185 1186/1186/1186 1169/1169/1169
f 820/820/820 821/821/821 822/822/822
f 229/229/229 246/246/246 247/247/247
f 248/248/248 249/249/249 233/233/233
f 823/823/823 824/824/824 825/825/825
f 3420/3420/3420 3421/3421/3421 3422/3422/3422
f 3392/3392/3392 3404/3404/3404 3423/3423/3423
f 1185/1185/1185 1187/1187/1187 1186/1186/1186
f 201/201/201 250/250/250 199/199/199
f 826/826/826 827/827/827 828/828/828
f 826/826/826 828/828/828 829/829/829
f 830/830/830 826/826/826 831/831/831
f 831/831/831 826/826/826 829/829/829
f 831/831/831 832/832/832 830/830/830
f 833/833/833 828/828/828 827/827/827
f 251/251/251 252/252/252 253/253/253
f 251/251/251 254/254/254 252/252/252
f 830/830/830 834/834/834 826/826/826
f 826/826/826 834/834/834 835/835/835
f 255/255/255 256/256/256 257/257/257
f 258/258/258 259/259/259 260/260/260
f 258/258/258 261/261/261 259/259/259
f 825/825/825 832/832/832 831/831/831
f 825/825/825 836/836/836 823/823/823
f 2784/2784/2784 2485/2485/2485 2572/2572/2572
f 831/831/831 836/836/836 825/825/825
f 823/823/823 836/836/836 837/837/837
f 1188/1188/1188 1189/1189/1189 1190/1190/1190
f 1191/1191/1191 1190/1190/1190 1189/1189/1189
f 1192/1192/1192 1193/1193/1193 1194/1194/1194
f 1194/1194/1194 1193/1193/1193 1195/1195/1195
f 838/838/838 839/839/839 840/840/840
f 262/262/262 263/263/263 264/264/264
f 3425/3425/3425 3426/3426/3426 3427/3427/3427
f 3427/3427/3427 3428/3428/3428 3429/3429/3429
f 3428/3428/3428 3427/3427/3427 3426/3426/3426
f 3430/3430/3430 3428/3428/3428 3431/3431/3431
f 3430/3430/3430 3431/3431/3431 3432/3432/3432
f 3430/3430/3430 3429/3429/3429 3428/3428/3428
f 1196/1196/1196 1197/1197/1197 1198/1198/1198
f 3433/3433/3433 3434/3434/3434 3435/3435/3435
f 841/841/841 842/842/842 843/843/843
f 844/844/844 845/845/845 846/846/846
f 1199/1199/1199 1200/1200/1200 1201/1201/1201
f 265/265/265 266/266/266 267/267/267
f 1196/1196/1196 1202/1202/1202 1197/1197/1197
f 1203/1203/1203 1204/1204/1204 1205/1205/1205
f 1206/1206/1206 1154/1154/1154 1207/1207/1207
f 1157/1157/1157 1184/1184/1184 1158/1158/1158
f 847/847/847 848/848/848 849/849/849
f 3381/3381/3381 3436/3436/3436 3419/3419/3419
f 268/268/268 267/267/267 266/266/266
f 269/269/269 266/266/266 265/265/265
f 266/266/266 269/269/269 270/270/270
f 3437/3437/3437 3438/3438/3438 3439/3439/3439
f 1206/1206/1206 1185/1185/1185 1169/1169/1169
f 246/246/246 229/229/229 231/231/231
f 271/271/271 272/272/272 273/273/273
f 3440/3440/3440 3441/3441/3441 3442/3442/3442
f 3443/3443/3443 3444/3444/3444 3445/3445/3445
f 3446/3446/3446 3447/3447/3447 3448/3448/3448
f 1208/1208/1208 1209/1209/1209 1210/1210/1210
f 3445/3445/3445 3449/3449/3449 3450/3450/3450
f 3445/3445/3445 3450/3450/3450 3451/3451/3451
f 3443/3443/3443 3445/3445/3445 3451/3451/3451
f 1204/1204/1204 1211/1211/1211 1205/1205/1205
f 274/274/274 275/275/275 276/276/276
f 274/274/274 277/277/277 275/275/275
f 278/278/278 279/279/279 280/280/280
f 275/275/275 277/277/277 281/281/281
f 275/275/275 282/282/282 276/276/276
f 283/283/283 284/284/284 285/285/285
f 1206/1206/1206 1169/1169/1169 1154/1154/1154
f 1207/1207/1207 1154/1154/1154 1212/1212/1212
f 1213/1213/1213 1157/1157/1157 1162/1162/1162
f 850/850/850 759/759/759 758/758/758
f 234/234/234 286/286/286 232/232/232
f 1214/1214/1214 1665/1665/1665 1215/1215/1215
f 287/287/287 288/288/288 289/289/289
f 1199/1199/1199 1216/1216/1216 1200/1200/1200
f 1207/1207/1207 1212/1212/1212 1217/1217/1217
f 3452/3452/3452 3453/3453/3453 3454/3454/3454
f 851/851/851 852/852/852 853/853/853
f 290/290/290 291/291/291 292/292/292
f 293/293/293 232/232/232 286/286/286
f 1218/1218/1218 1219/1219/1219 1216/1216/1216
f 1216/1216/1216 1220/1220/1220 1218/1218/1218
f 1216/1216/1216 1199/1199/1199 1220/1220/1220
f 1221/1221/1221 1218/1218/1218 1220/1220/1220
f 3455/3455/3455 3446/3446/3446 3448/3448/3448
f 3456/3456/3456 3457/3457/3457 3458/3458/3458
f 1209/1209/1209 1222/1222/1222 1210/1210/1210
f 247/247/247 246/246/246 294/294/294
f 287/287/287 295/295/295 288/288/288
f 232/232/232 248/248/248 233/233/233
f 820/820/820 822/822/822 854/854/854
f 3459/3459/3459 3460/3460/3460 3461/3461/3461
f 855/855/855 840/840/840 839/839/839
f 296/296/296 297/297/297 298/298/298
f 299/299/299 300/300/300 301/301/301
f 3462/3462/3462 3463/3463/3463 3464/3464/3464
f 1223/1223/1223 1224/1224/1224 1225/1225/1225
f 1223/1223/1223 1225/1225/1225 1226/1226/1226
f 1227/1227/1227 1228/1228/1228 1223/1223/1223
f 856/856/856 857/857/857 858/858/858
f 279/279/279 302/302/302 280/280/280
f 3417/3417/3417 3418/3418/3418 3465/3465/3465
f 303/303/303 304/304/304 305/305/305
f 3465/3465/3465 3418/3418/3418 3466/3466/3466
f 822/822/822 859/859/859 854/854/854
f 841/841/841 843/843/843 860/860/860
f 306/306/306 307/307/307 308/308/308
f 303/303/303 305/305/305 306/306/306
f 1223/1223/1223 1226/1226/1226 1227/1227/1227
f 856/856/856 858/858/858 861/861/861
f 292/292/292 309/309/309 209/209/209
f 303/303/303 306/306/306 308/308/308
f 310/310/310 311/311/311 312/312/312
f 1229/1229/1229 1230/1230/1230 1231/1231/1231
f 1232/1232/1232 1231/1231/1231 1230/1230/1230
f 3467/3467/3467 3468/3468/3468 3469/3469/3469
f 313/313/313 314/314/314 315/315/315
f 298/298/298 297/297/297 316/316/316
f 209/209/209 208/208/208 290/290/290
f 290/290/290 292/292/292 209/209/209
f 862/862/862 863/863/863 864/864/864
f 3461/3461/3461 3470/3470/3470 3459/3459/3459
f 3462/3462/3462 3471/3471/3471 3463/3463/3463
f 865/865/865 866/866/866 867/867/867
f 317/317/317 318/318/318 319/319/319
f 311/311/311 320/320/320 321/321/321
f 322/322/322 323/323/323 324/324/324
f 257/257/257 325/325/325 326/326/326
f 327/327/327 312/312/312 311/311/311
f 1233/1233/1233 1234/1234/1234 1217/1217/1217
f 868/868/868 869/869/869 870/870/870
f 1235/1235/1235 1224/1224/1224 1223/1223/1223
f 257/257/257 256/256/256 325/325/325
f 328/328/328 298/298/298 316/316/316
f 3472/3472/3472 3473/3473/3473 3474/3474/3474
f 859/859/859 871/871/871 854/854/854
f 1048/1048/1048 800/800/800 872/872/872
f 873/873/873 868/868/868 870/870/870
f 329/329/329 330/330/330 331/331/331
f 332/332/332 333/333/333 634/634/634
f 334/334/334 335/335/335 336/336/336
f 285/285/285 337/337/337 283/283/283
f 336/336/336 335/335/335 338/338/338
f 3475/3475/3475 3473/3473/3473 3472/3472/3472
f 1236/1236/1236 1235/1235/1235 1223/1223/1223
f 841/841/841 860/860/860 874/874/874
f 319/319/319 318/318/318 339/339/339
f 875/875/875 876/876/876 877/877/877
f 3446/3446/3446 3455/3455/3455 3476/3476/3476
f 340/340/340 341/341/341 342/342/342
f 878/878/878 879/879/879 880/880/880
f 1234/1234/1234 1207/1207/1207 1217/1217/1217
f 272/272/272 343/343/343 273/273/273
f 878/878/878 880/880/880 881/881/881
f 881/881/881 882/882/882 878/878/878
f 881/881/881 883/883/883 884/884/884
f 881/881/881 884/884/884 882/882/882
f 882/882/882 884/884/884 885/885/885
f 344/344/344 345/345/345 346/346/346
f 1237/1237/1237 1238/1238/1238 1239/1239/1239
f 344/344/344 347/347/347 345/345/345
f 345/345/345 348/348/348 346/346/346
f 347/347/347 349/349/349 345/345/345
f 10/10/10 11/11/11 12/12/12
f 886/886/886 887/887/887 888/888/888
f 887/887/887 889/889/889 888/888/888
f 337/337/337 350/350/350 283/283/283
f 3452/3452/3452 3477/3477/3477 3453/3453/3453
f 327/327/327 311/311/311 321/321/321
f 3478/3478/3478 3479/3479/3479 3480/3480/3480
f 1240/1240/1240 1233/1233/1233 1241/1241/1241
f 351/351/351 352/352/352 353/353/353
f 354/354/354 353/353/353 352/352/352
f 1242/1242/1242 1243/1243/1243 1244/1244/1244
f 1245/1245/1245 1246/1246/1246 1247/1247/1247
f 3478/3478/3478 3481/3481/3481 3479/3479/3479
f 3472/3472/3472 3474/3474/3474 3482/3482/3482
f 890/890/890 891/891/891 892/892/892
f 355/355/355 356/356/356 357/357/357
f 355/355/355 358/358/358 356/356/356
f 358/358/358 355/355/355 359/359/359
f 356/356/356 360/360/360 357/357/357
f 361/361/361 362/362/362 358/358/358
f 363/363/363 364/364/364 357/357/357
f 361/361/361 358/358/358 359/359/359
f 364/364/364 363/363/363 365/365/365
f 360/360/360 363/363/363 357/357/357
f 352/352/352 365/365/365 363/363/363
f 283/283/283 350/350/350 366/366/366
f 1245/1245/1245 1247/1247/1247 1248/1248/1248
f 1233/1233/1233 1240/1240/1240 1234/1234/1234
f 1249/1249/1249 1250/1250/1250 1251/1251/1251
f 847/847/847 893/893/893 894/894/894
f 893/893/893 847/847/847 849/849/849
f 367/367/367 368/368/368 369/369/369
f 354/354/354 352/352/352 363/363/363
f 3472/3472/3472 3483/3483/3483 3484/3484/3484
f 370/370/370 371/371/371 372/372/372
f 373/373/373 329/329/329 331/331/331
f 1252/1252/1252 1253/1253/1253 1254/1254/1254
f 1254/1254/1254 1253/1253/1253 1255/1255/1255
f 374/374/374 342/342/342 341/341/341
f 369/369/369 375/375/375 367/367/367
f 3415/3415/3415 3485/3485/3485 3424/3424/3424
f 3485/3485/3485 3415/3415/3415 3486/3486/3486
f 3487/3487/3487 3446/3446/3446 3476/3476/3476
f 1223/1223/1223 1256/1256/1256 1257/1257/1257
f 895/895/895 896/896/896 897/897/897
f 376/376/376 369/369/369 368/368/368
f 3472/3472/3472 3482/3482/3482 3483/3483/3483
f 376/376/376 368/368/368 377/377/377
f 12/12/12 11/11/11 13/13/13
f 378/378/378 379/379/379 380/380/380
f 3488/3488/3488 3489/3489/3489 3490/3490/3490
f 1258/1258/1258 1259/1259/1259 1260/1260/1260
f 3488/3488/3488 3490/3490/3490 3491/3491/3491
f 381/381/381 379/379/379 378/378/378
f 3488/3488/3488 3492/3492/3492 3489/3489/3489
f 1258/1258/1258 1261/1261/1261 1262/1262/1262
f 382/382/382 383/383/383 384/384/384
f 382/382/382 384/384/384 385/385/385
f 1263/1263/1263 1264/1264/1264 1265/1265/1265
f 1665/1665/1665 1266/1266/1266 1215/1215/1215
f 1240/1240/1240 1241/1241/1241 1267/1267/1267
f 386/386/386 387/387/387 311/311/311
f 383/383/383 388/388/388 389/389/389
f 388/388/388 383/383/383 382/382/382
f 1261/1261/1261 1258/1258/1258 1260/1260/1260
f 3493/3493/3493 3494/3494/3494 3495/3495/3495
f 3496/3496/3496 3497/3497/3497 3498/3498/3498
f 3499/3499/3499 3493/3493/3493 3495/3495/3495
f 3499/3499/3499 3497/3497/3497 3493/3493/3493
f 1268/1268/1268 1269/1269/1269 1270/1270/1270
f 3499/3499/3499 3498/3498/3498 3497/3497/3497
f 1268/1268/1268 1270/1270/1270 1271/1271/1271
f 1272/1272/1272 1268/1268/1268 1271/1271/1271
f 3500/3500/3500 3501/3501/3501 3502/3502/3502
f 390/390/390 391/391/391 392/392/392
f 393/393/393 394/394/394 395/395/395
f 1273/1273/1273 1271/1271/1271 1274/1274/1274
f 1265/1265/1265 1264/1264/1264 1275/1275/1275
f 1271/1271/1271 1270/1270/1270 1274/1274/1274
f 3503/3503/3503 3504/3504/3504 3505/3505/3505
f 898/898/898 899/899/899 900/900/900
f 371/371/371 370/370/370 396/396/396
f 3507/3507/3507 3508/3508/3508 3509/3509/3509
f 1276/1276/1276 1277/1277/1277 1278/1278/1278
f 3509/3509/3509 3510/3510/3510 3507/3507/3507
f 3511/3511/3511 3512/3512/3512 3507/3507/3507
f 3751/3751/3751 3513/3513/3513 3514/3514/3514
f 397/397/397 398/398/398 399/399/399
f 3507/3507/3507 3510/3510/3510 3511/3511/3511
f 3511/3511/3511 3515/3515/3515 3512/3512/3512
f 3516/3516/3516 3517/3517/3517 3518/3518/3518
f 400/400/400 401/401/401 402/402/402
f 1279/1279/1279 1280/1280/1280 1281/1281/1281
f 294/294/294 246/246/246 403/403/403
f 404/404/404 405/405/405 406/406/406
f 3519/3519/3519 3520/3520/3520 3521/3521/3521
f 350/350/350 407/407/407 366/366/366
f 1256/1256/1256 1223/1223/1223 1282/1282/1282
f 324/324/324 408/408/408 409/409/409
f 1273/1273/1273 1274/1274/1274 1283/1283/1283
f 1228/1228/1228 1282/1282/1282 1223/1223/1223
f 410/410/410 411/411/411 412/412/412
f 413/413/413 414/414/414 415/415/415
f 901/901/901 902/902/902 903/903/903
f 1284/1284/1284 1283/1283/1283 1274/1274/1274
f 1283/1283/1283 1285/1285/1285 1286/1286/1286
f 1284/1284/1284 1285/1285/1285 1283/1283/1283
f 3520/3520/3520 3522/3522/3522 3521/3521/3521
f 3523/3523/3523 3524/3524/3524 3525/3525/3525
f 1237/1237/1237 1287/1287/1287 1238/1238/1238
f 1288/1288/1288 1289/1289/1289 1290/1290/1290
f 900/900/900 899/899/899 904/904/904
f 1291/1291/1291 1292/1292/1292 1293/1293/1293
f 3527/3527/3527 3528/3528/3528 3529/3529/3529
f 1294/1294/1294 1295/1295/1295 1228/1228/1228
f 416/416/416 417/417/417 418/418/418
f 371/371/371 419/419/419 372/372/372
f 420/420/420 421/421/421 422/422/422
f 3530/3530/3530 3531/3531/3531 3532/3532/3532
f 3533/3533/3533 3534/3534/3534 3535/3535/3535
f 3536/3536/3536 3537/3537/3537 3538/3538/3538
f 3539/3539/3539 3517/3517/3517 3516/3516/3516
f 423/423/423 402/402/402 401/401/401
f 424/424/424 425/425/425 372/372/372
f 393/393/393 395/395/395 426/426/426
f 3424/3424/3424 3485/3485/3485 3540/3540/3540
f 412/412/412 427/427/427 410/410/410
f 428/428/428 429/429/429 430/430/430
f 431/431/431 422/422/422 421/421/421
f 905/905/905 906/906/906 907/907/907
f 3524/3524/3524 3541/3541/3541 3525/3525/3525
f 432/432/432 433/433/433 434/434/434
f 404/404/404 428/428/428 430/430/430
f 1239/1239/1239 1238/1238/1238 1296/1296/1296
f 1297/1297/1297 1298/1298/1298 1299/1299/1299
f 3542/3542/3542 3543/3543/3543 3544/3544/3544
f 1300/1300/1300 1301/1301/1301 1302/1302/1302
f 908/908/908 909/909/909 910/910/910
f 905/905/905 907/907/907 902/902/902
f 911/911/911 908/908/908 910/910/910
f 1223/1223/1223 1257/1257/1257 1236/1236/1236
f 1303/1303/1303 1244/1244/1244 1243/1243/1243
f 11/11/11 10/10/10 14/14/14
f 3546/3546/3546 3542/3542/3542 3544/3544/3544
f 404/404/404 430/430/430 435/435/435
f 404/404/404 435/435/435 405/405/405
f 912/912/912 913/913/913 914/914/914
f 912/912/912 914/914/914 915/915/915
f 3532/3532/3532 3547/3547/3547 3530/3530/3530
f 436/436/436 437/437/437 292/292/292
f 436/436/436 438/438/438 437/437/437
f 424/424/424 372/372/372 419/419/419
f 903/903/903 902/902/902 907/907/907
f 913/913/913 916/916/916 914/914/914
f 436/436/436 292/292/292 291/291/291
f 439/439/439 407/407/407 350/350/350
f 1304/1304/1304 1305/1305/1305 1306/1306/1306
f 432/432/432 440/440/440 433/433/433
f 441/441/441 442/442/442 443/443/443
f 442/442/442 444/444/444 443/443/443
f 445/445/445 446/446/446 442/442/442
f 444/444/444 442/442/442 446/446/446
f 1300/1300/1300 1302/1302/1302 1307/1307/1307
f 897/897/897 896/896/896 917/917/917
f 447/447/447 416/416/416 418/418/418
f 405/405/405 448/448/448 406/406/406
f 426/426/426 449/449/449 393/393/393
f 446/446/446 445/445/445 450/450/450
f 3535/3535/3535 3548/3548/3548 3533/3533/3533
f 1308/1308/1308 1309/1309/1309 1310/1310/1310
f 1267/1267/1267 1311/1311/1311 1240/1240/1240
f 390/390/390 451/451/451 391/391/391
f 320/320/320 311/311/311 387/387/387
f 452/452/452 453/453/453 454/454/454
f 914/914/914 916/916/916 918/918/918
f 1312/1312/1312 1313/1313/1313 1314/1314/1314
f 3549/3549/3549 3550/3550/3550 3551/3551/3551
f 3551/3551/3551 3502/3502/3502 3501/3501/3501
f 919/919/919 920/920/920 921/921/921
f 455/455/455 456/456/456 457/457/457
f 458/458/458 459/459/459 460/460/460
f 1309/1309/1309 1315/1315/1315 1310/1310/1310
f 1316/1316/1316 1314/1314/1314 1313/1313/1313
f 1317/1317/1317 1318/1318/1318 1319/1319/1319
f 922/922/922 915/915/915 914/914/914
f 3551/3551/3551 3550/3550/3550 3502/3502/3502
f 923/923/923 924/924/924 925/925/925
f 3552/3552/3552 3553/3553/3553 3554/3554/3554
f 461/461/461 462/462/462 463/463/463
f 921/921/921 925/925/925 924/924/924
f 464/464/464 465/465/465 466/466/466
f 924/924/924 919/919/919 921/921/921
f 926/926/926 927/927/927 928/928/928
f 467/467/467 462/462/462 461/461/461
f 928/928/928 929/929/929 930/930/930
f 468/468/468 449/449/449 469/469/469
f 455/455/455 470/470/470 456/456/456
f 926/926/926 928/928/928 931/931/931
f 1320/1320/1320 1321/1321/1321 1322/1322/1322
f 3555/3555/3555 3554/3554/3554 3553/3553/3553
f 471/471/471 472/472/472 473/473/473
f 931/931/931 928/928/928 930/930/930
f 1323/1323/1323 1321/1321/1321 1320/1320/1320
f 472/472/472 471/471/471 474/474/474
f 3552/3552/3552 3554/3554/3554 3555/3555/3555
f 3552/3552/3552 3555/3555/3555 3556/3556/3556
f 1324/1324/1324 1215/1215/1215 1266/1266/1266
f 1325/1325/1325 1326/1326/1326 1327/1327/1327
f 371/371/371 396/396/396 475/475/475
f 476/476/476 477/477/477 478/478/478
f 479/479/479 480/480/480 481/481/481
f 482/482/482 479/479/479 481/481/481
f 469/469/469 449/449/449 426/426/426
f 483/483/483 484/484/484 485/485/485
f 486/486/486 487/487/487 488/488/488
f 489/489/489 490/490/490 491/491/491
f 492/492/492 493/493/493 483/483/483
f 494/494/494 495/495/495 496/496/496
f 497/497/497 498/498/498 499/499/499
f 483/483/483 485/485/485 492/492/492
f 491/491/491 500/500/500 501/501/501
f 502/502/502 503/503/503 504/504/504
f 494/494/494 505/505/505 495/495/495
f 439/439/439 506/506/506 407/407/407
f 507/507/507 488/488/488 487/487/487
f 508/508/508 507/507/507 487/487/487
f 509/509/509 507/507/507 510/510/510
f 509/509/509 488/488/488 507/507/507
f 495/495/495 511/511/511 496/496/496
f 1328/1328/1328 1329/1329/1329 1330/1330/1330
f 512/512/512 513/513/513 514/514/514
f 511/511/511 515/515/515 496/496/496
f 515/515/515 511/511/511 516/516/516
f 1331/1331/1331 1332/1332/1332 1333/1333/1333
f 932/932/932 933/933/933 934/934/934
f 517/517/517 490/490/490 489/489/489
f 1334/1334/1334 1318/1318/1318 1317/1317/1317
f 518/518/518 519/519/519 520/520/520
f 521/521/521 522/522/522 523/523/523
f 15/15/15 16/16/16 17/17/17
f 908/908/908 911/911/911 935/935/935
f 524/524/524 503/503/503 502/502/502
f 525/525/525 526/526/526 527/527/527
f 16/16/16 15/15/15 18/18/18
f 528/528/528 529/529/529 530/530/530
f 3545/3545/3545 3557/3557/3557 3466/3466/3466
f 1335/1335/1335 1336/1336/1336 1308/1308/1308
f 531/531/531 532/532/532 533/533/533
f 1337/1337/1337 1302/1302/1302 1301/1301/1301
f 1282/1282/1282 1228/1228/1228 1295/1295/1295
f 1335/1335/1335 1308/1308/1308 1310/1310/1310
f 936/936/936 937/937/937 938/938/938
f 534/534/534 535/535/535 536/536/536
f 3558/3558/3558 3559/3559/3559 3560/3560/3560
f 1338/1338/1338 1339/1339/1339 1340/1340/1340
f 1339/1339/1339 1341/1341/1341 1340/1340/1340
f 519/519/519 537/537/537 520/520/520
f 340/340/340 342/342/342 538/538/538
f 1342/1342/1342 1343/1343/1343 1344/1344/1344
f 1342/1342/1342 1344/1344/1344 1345/1345/1345
f 1666/1666/1666 1667/1667/1667 1346/1346/1346
f 3563/3563/3563 3562/3562/3562 3564/3564/3564
f 1338/1338/1338 1347/1347/1347 1348/1348/1348
f 1349/1349/1349 1338/1338/1338 1350/1350/1350
f 1348/1348/1348 1341/1341/1341 1339/1339/1339
f 1338/1338/1338 1349/1349/1349 1347/1347/1347
f 1338/1338/1338 1348/1348/1348 1339/1339/1339
f 1250/1250/1250 1351/1351/1351 1251/1251/1251
f 1352/1352/1352 1353/1353/1353 1354/1354/1354
f 536/536/536 539/539/539 534/534/534
f 939/939/939 940/940/940 941/941/941
f 1301/1301/1301 1355/1355/1355 1337/1337/1337
f 1334/1334/1334 1317/1317/1317 1327/1327/1327
f 540/540/540 541/541/541 542/542/542
f 543/543/543 534/534/534 539/539/539
f 521/521/521 523/523/523 544/544/544
f 1326/1326/1326 1356/1356/1356 1327/1327/1327
f 538/538/538 342/342/342 545/545/545
f 448/448/448 405/405/405 546/546/546
f 533/533/533 547/547/547 531/531/531
f 1357/1357/1357 1358/1358/1358 1359/1359/1359
f 942/942/942 938/938/938 937/937/937
f 500/500/500 548/548/548 501/501/501
f 491/491/491 549/549/549 489/489/489
f 1360/1360/1360 1361/1361/1361 1362/1362/1362
f 1363/1363/1363 1346/1346/1346 1667/1667/1667
f 3567/3567/3567 3566/3566/3566 3526/3526/3526
f 943/943/943 911/911/911 944/944/944
f 945/945/945 932/932/932 934/934/934
f 550/550/550 551/551/551 552/552/552
f 19/19/19 20/20/20 21/21/21
f 1364/1364/1364 1365/1365/1365 1354/1354/1354
f 1353/1353/1353 1366/1366/1366 1354/1354/1354
f 553/553/553 554/554/554 551/551/551
f 1367/1367/1367 1368/1368/1368 1369/1369/1369
f 555/555/555 409/409/409 556/556/556
f 519/519/519 557/557/557 558/558/558
f 514/514/514 513/513/513 559/559/559
f 491/491/491 501/501/501 549/549/549
f 560/560/560 561/561/561 562/562/562
f 1370/1370/1370 1243/1243/1243 1371/1371/1371
f 563/563/563 560/560/560 562/562/562
f 3522/3522/3522 3520/3520/3520 3568/3568/3568
f 564/564/564 565/565/565 566/566/566
f 3506/3506/3506 3569/3569/3569 3565/3565/3565
f 946/946/946 947/947/947 948/948/948
f 949/949/949 948/948/948 947/947/947
f 552/552/552 551/551/551 554/554/554
f 16/16/16 22/22/22 17/17/17
f 23/23/23 24/24/24 25/25/25
f 26/26/26 27/27/27 28/28/28
f 567/567/567 514/514/514 568/568/568
f 3570/3570/3570 3571/3571/3571 3544/3544/3544
f 1318/1318/1318 1334/1334/1334 1372/1372/1372
f 1373/1373/1373 1362/1362/1362 1361/1361/1361
f 950/950/950 951/951/951 944/944/944
f 938/938/938 942/942/942 952/952/952
f 20/20/20 29/29/29 21/21/21
f 1352/1352/1352 1374/1374/1374 1353/1353/1353
f 556/556/556 409/409/409 408/408/408
f 29/29/29 20/20/20 30/30/30
f 1375/1375/1375 1346/1346/1346 1363/1363/1363
f 569/569/569 558/558/558 570/570/570
f 19/19/19 21/21/21 31/31/31
f 571/571/571 572/572/572 573/573/573
f 573/573/573 572/572/572 574/574/574
f 554/554/554 575/575/575 552/552/552
f 953/953/953 954/954/954 955/955/955
f 1376/1376/1376 1352/1352/1352 1377/1377/1377
f 1378/1378/1378 1379/1379/1379 1380/1380/1380
f 956/956/956 957/957/957 938/938/938
f 892/892/892 891/891/891 958/958/958
f 564/564/564 576/576/576 565/565/565
f 3570/3570/3570 3544/3544/3544 3572/3572/3572
f 577/577/577 578/578/578 579/579/579
f 3573/3573/3573 3574/3574/3574 3575/3575/3575
f 580/580/580 581/581/581 582/582/582
f 1381/1381/1381 1382/1382/1382 1298/1298/1298
f 519/519/519 558/558/558 569/569/569
f 582/582/582 581/581/581 583/583/583
f 3577/3577/3577 3576/3576/3576 3578/3578/3578
f 3522/3522/3522 3568/3568/3568 3579/3579/3579
f 1303/1303/1303 1243/1243/1243 1370/1370/1370
f 324/324/324 323/323/323 584/584/584
f 570/570/570 558/558/558 585/585/585
f 586/586/586 448/448/448 587/587/587
f 3580/3580/3580 3581/3581/3581 3582/3582/3582
f 541/541/541 540/540/540 588/588/588
f 1383/1383/1383 1384/1384/1384 1385/1385/1385
f 589/589/589 579/579/579 578/578/578
f 1383/1383/1383 1385/1385/1385 1386/1386/1386
f 1354/1354/1354 1365/1365/1365 1387/1387/1387
f 952/952/952 959/959/959 938/938/938
f 590/590/590 591/591/591 592/592/592
f 593/593/593 594/594/594 540/540/540
f 1356/1356/1356 1334/1334/1334 1327/1327/1327
f 3568/3568/3568 3583/3583/3583 3584/3584/3584
f 30/30/30 20/20/20 32/32/32
f 1388/1388/1388 1389/1389/1389 1390/1390/1390
f 938/938/938 957/957/957 936/936/936
f 1/1/1 2/2/2 3/3/3
f 1352/1352/1352 1376/1376/1376 1374/1374/1374
f 941/941/941 940/940/940 960/960/960
f 525/525/525 595/595/595 526/526/526
f 540/540/540 594/594/594 596/596/596
f 549/549/549 517/517/517 489/489/489
f 1387/1387/1387 1391/1391/1391 1354/1354/1354
f 1381/1381/1381 1392/1392/1392 1382/1382/1382
f 944/944/944 951/951/951 943/943/943
f 585/585/585 558/558/558 597/597/597
f 514/514/514 559/559/559 568/568/568
f 1377/1377/1377 1352/1352/1352 1393/1393/1393
f 1354/1354/1354 1391/1391/1391 1352/1352/1352
f 961/961/961 962/962/962 963/963/963
f 23/23/23 33/33/33 24/24/24
f 549/549/549 501/501/501 517/517/517
f 3586/3586/3586 3587/3587/3587 3588/3588/3588
f 519/519/519 518/518/518 557/557/557
f 448/448/448 546/546/546 587/587/587
f 598/598/598 599/599/599 600/600/600
f 601/601/601 602/602/602 603/603/603
f 601/601/601 603/603/603 604/604/604
f 34/34/34 29/29/29 30/30/30
f 34/34/34 35/35/35 29/29/29
f 3589/3589/3589 3572/3572/3572 3544/3544/3544
f 1394/1394/1394 1395/1395/1395 1396/1396/1396
f 605/605/605 606/606/606 607/607/607
f 608/608/608 609/609/609 610/610/610
f 36/36/36 37/37/37 38/38/38
f 39/39/39 40/40/40 37/37/37
f 37/37/37 40/40/40 38/38/38
f 611/611/611 612/612/612 609/609/609
f 964/964/964 965/965/965 966/966/966
f 609/609/609 608/608/608 611/611/611
f 3579/3579/3579 3568/3568/3568 3584/3584/3584
f 3579/3579/3579 3584/3584/3584 3590/3590/3590
f 965/965/965 967/967/967 966/966/966
f 613/613/613 614/614/614 578/578/578
f 1388/1388/1388 1390/1390/1390 1397/1397/1397
f 41/41/41 42/42/42 43/43/43
f 1398/1398/1398 1399/1399/1399 1400/1400/1400
f 953/953/953 935/935/935 954/954/954
f 968/968/968 969/969/969 970/970/970
f 44/44/44 45/45/45 46/46/46
f 47/47/47 45/45/45 44/44/44
f 1401/1401/1401 1402/1402/1402 1403/1403/1403
f 1352/1352/1352 1404/1404/1404 1393/1393/1393
f 1358/1358/1358 1357/1357/1357 1405/1405/1405
f 956/956/956 938/938/938 971/971/971
f 615/615/615 616/616/616 617/617/617
f 48/48/48 49/49/49 50/50/50
f 35/35/35 51/51/51 29/29/29
f 1395/1395/1395 1406/1406/1406 1396/1396/1396
f 1402/1402/1402 1407/1407/1407 1403/1403/1403
f 52/52/52 53/53/53 54/54/54
f 972/972/972 973/973/973 974/974/974
f 1408/1408/1408 1409/1409/1409 1410/1410/1410
f 1411/1411/1411 1412/1412/1412 1413/1413/1413
f 975/975/975 973/973/973 972/972/972
f 976/976/976 977/977/977 978/978/978
f 55/55/55 56/56/56 57/57/57
f 58/58/58 59/59/59 60/60/60
f 1414/1414/1414 1415/1415/1415 1416/1416/1416
f 1417/1417/1417 1418/1418/1418 1419/1419/1419
f 1420/1420/1420 1419/1419/1419 1418/1418/1418
f 1415/1415/1415 1414/1414/1414 1421/1421/1421
f 1422/1422/1422 1417/1417/1417 1419/1419/1419
f 3591/3591/3591 3589/3589/3589 3544/3544/3544
f 1370/1370/1370 1423/1423/1423 1303/1303/1303
f 979/979/979 911/911/911 943/943/943
f 596/596/596 588/588/588 540/540/540
f 1424/1424/1424 1420/1420/1420 1418/1418/1418
f 1425/1425/1425 1426/1426/1426 1427/1427/1427
f 1421/1421/1421 1428/1428/1428 1429/1429/1429
f 1430/1430/1430 1415/1415/1415 1429/1429/1429
f 1415/1415/1415 1421/1421/1421 1429/1429/1429
f 1431/1431/1431 1429/1429/1429 1428/1428/1428
f 1411/1411/1411 1432/1432/1432 1412/1412/1412
f 911/911/911 979/979/979 935/935/935
f 1433/1433/1433 1425/1425/1425 1434/1434/1434
f 1431/1431/1431 1428/1428/1428 1435/1435/1435
f 3595/3595/3595 3561/3561/3561 3585/3585/3585
f 1436/1436/1436 1437/1437/1437 1438/1438/1438
f 3590/3590/3590 3596/3596/3596 3579/3579/3579
f 1439/1439/1439 1440/1440/1440 1441/1441/1441
f 1442/1442/1442 1443/1443/1443 1436/1436/1436
f 1407/1407/1407 1402/1402/1402 1444/1444/1444
f 618/618/618 557/557/557 518/518/518
f 3592/3592/3592 3597/3597/3597 3593/3593/3593
f 1434/1434/1434 1425/1425/1425 1427/1427/1427
f 1402/1402/1402 1445/1445/1445 1444/1444/1444
f 1446/1446/1446 1447/1447/1447 1448/1448/1448
f 976/976/976 980/980/980 977/977/977
f 1449/1449/1449 1450/1450/1450 1451/1451/1451
f 1433/1433/1433 1434/1434/1434 1452/1452/1452
f 1453/1453/1453 1454/1454/1454 1455/1455/1455
f 1363/1363/1363 1667/1667/1667 1456/1456/1456
f 1453/1453/1453 1457/1457/1457 1458/1458/1458
f 614/614/614 619/619/619 589/589/589
f 61/61/61 62/62/62 63/63/63
f 1303/1303/1303 1423/1423/1423 1459/1459/1459
f 1460/1460/1460 1408/1408/1408 1410/1410/1410
f 3599/3599/3599 3600/3600/3600 3601/3601/3601
f 3589/3589/3589 3591/3591/3591 3602/3602/3602
f 1461/1461/1461 1462/1462/1462 1463/1463/1463
f 614/614/614 589/589/589 578/578/578
f 64/64/64 56/56/56 49/49/49
f 1450/1450/1450 1449/1449/1449 1464/1464/1464
f 3600/3600/3600 3599/3599/3599 3598/3598/3598
f 1465/1465/1465 1375/1375/1375 1466/1466/1466
f 1299/1299/1299 1298/1298/1298 1467/1467/1467
f 31/31/31 65/65/65 66/66/66
f 620/620/620 621/621/621 622/622/622
f 1468/1468/1468 1469/1469/1469 1470/1470/1470
f 1471/1471/1471 1470/1470/1470 1469/1469/1469
f 1410/1410/1410 1409/1409/1409 1472/1472/1472
f 1382/1382/1382 1392/1392/1392 1473/1473/1473
f 1442/1442/1442 1474/1474/1474 1443/1443/1443
f 1439/1439/1439 1475/1475/1475 1440/1440/1440
f 1476/1476/1476 1466/1466/1466 1375/1375/1375
f 3599/3599/3599 3601/3601/3601 3603/3603/3603
f 1438/1438/1438 1437/1437/1437 1477/1477/1477
f 1478/1478/1478 1479/1479/1479 1480/1480/1480
f 1412/1412/1412 1481/1481/1481 1413/1413/1413
f 981/981/981 982/982/982 983/983/983
f 984/984/984 985/985/985 986/986/986
f 35/35/35 67/67/67 51/51/51
f 3604/3604/3604 3605/3605/3605 3606/3606/3606
f 68/68/68 69/69/69 70/70/70
f 3607/3607/3607 3608/3608/3608 3609/3609/3609
f 1375/1375/1375 1363/1363/1363 1476/1476/1476
f 1482/1482/1482 1433/1433/1433 1452/1452/1452
f 987/987/987 988/988/988 989/989/989
f 64/64/64 49/49/49 48/48/48
f 3610/3610/3610 3611/3611/3611 3612/3612/3612
f 3543/3543/3543 3591/3591/3591 3544/3544/3544
f 63/63/63 71/71/71 61/61/61
f 1483/1483/1483 1484/1484/1484 1485/1485/1485
f 990/990/990 991/991/991 992/992/992
f 992/992/992 991/991/991 993/993/993
f 994/994/994 995/995/995 996/996/996
f 1486/1486/1486 1487/1487/1487 1488/1488/1488
f 3613/3613/3613 3614/3614/3614 3615/3615/3615
f 1363/1363/1363 1456/1456/1456 1489/1489/1489
f 1392/1392/1392 1490/1490/1490 1473/1473/1473
f 954/954/954 935/935/935 979/979/979
f 943/943/943 997/997/997 979/979/979
f 49/49/49 56/56/56 55/55/55
f 65/65/65 31/31/31 21/21/21
f 3616/3616/3616 3617/3617/3617 3618/3618/3618
f 1488/1488/1488 1391/1391/1391 1486/1486/1486
f 3543/3543/3543 3620/3620/3620 3591/3591/3591
f 53/53/53 72/72/72 54/54/54
f 998/998/998 999/999/999 1000/1000/1000
f 1001/1001/1001 1002/1002/1002 1003/1003/1003
f 73/73/73 74/74/74 75/75/75
f 70/70/70 76/76/76 68/68/68
f 74/74/74 77/77/77 75/75/75
f 623/623/623 624/624/624 625/625/625
f 78/78/78 79/79/79 80/80/80
f 626/626/626 625/625/625 624/624/624
f 78/78/78 81/81/81 82/82/82
f 77/77/77 74/74/74 83/83/83
f 77/77/77 83/83/83 82/82/82
f 78/78/78 82/82/82 79/79/79
f 3612/3612/3612 3611/3611/3611 3621/3621/3621
f 1004/1004/1004 1005/1005/1005 1006/1006/1006
f 3622/3622/3622 3586/3586/3586 3588/3588/3588
f 1491/1491/1491 1492/1492/1492 1493/1493/1493
f 1494/1494/1494 1303/1303/1303 1459/1459/1459
f 77/77/77 82/82/82 81/81/81
f 1436/1436/1436 1438/1438/1438 1442/1442/1442
f 996/996/996 995/995/995 981/981/981
f 3623/3623/3623 3624/3624/3624 3625/3625/3625
f 1495/1495/1495 1496/1496/1496 1497/1497/1497
f 1007/1007/1007 989/989/989 988/988/988
f 1498/1498/1498 1499/1499/1499 1500/1500/1500
f 1498/1498/1498 1501/1501/1501 1499/1499/1499
f 1502/1502/1502 1503/1503/1503 1504/1504/1504
f 3626/3626/3626 3627/3627/3627 3628/3628/3628
f 3629/3629/3629 3630/3630/3630 3631/3631/3631
f 3632/3632/3632 3633/3633/3633 3634/3634/3634
f 1505/1505/1505 1506/1506/1506 1507/1507/1507
f 1508/1508/1508 1509/1509/1509 1510/1510/1510
f 1477/1477/1477 1437/1437/1437 1511/1511/1511
f 324/324/324 584/584/584 408/408/408
f 1008/1008/1008 982/982/982 981/981/981
f 84/84/84 85/85/85 86/86/86
f 1009/1009/1009 985/985/985 984/984/984
f 1512/1512/1512 1502/1502/1502 1504/1504/1504
f 3619/3619/3619 3636/3636/3636 3635/3635/3635
f 3637/3637/3637 3638/3638/3638 3639/3639/3639
f 3630/3630/3630 3629/3629/3629 3640/3640/3640
f 1382/1382/1382 1467/1467/1467 1298/1298/1298
f 1490/1490/1490 1513/1513/1513 1473/1473/1473
f 1514/1514/1514 1515/1515/1515 1516/1516/1516
f 1517/1517/1517 1518/1518/1518 1519/1519/1519
f 1520/1520/1520 1521/1521/1521 1522/1522/1522
f 1010/1010/1010 1011/1011/1011 1012/1012/1012
f 87/87/87 88/88/88 89/89/89
f 3636/3636/3636 3641/3641/3641 3642/3642/3642
f 3643/3643/3643 3644/3644/3644 3645/3645/3645
f 3646/3646/3646 3647/3647/3647 3625/3625/3625
f 3646/3646/3646 3625/3625/3625 3624/3624/3624
f 1426/1426/1426 1523/1523/1523 1427/1427/1427
f 1524/1524/1524 1525/1525/1525 1526/1526/1526
f 1010/1010/1010 1013/1013/1013 1011/1011/1011
f 3648/3648/3648 3649/3649/3649 3650/3650/3650
f 3651/3651/3651 3652/3652/3652 3653/3653/3653
f 994/994/994 1014/1014/1014 995/995/995
f 1006/1006/1006 1005/1005/1005 1015/1015/1015
f 981/981/981 995/995/995 1008/1008/1008
f 54/54/54 90/90/90 91/91/91
f 3654/3654/3654 3655/3655/3655 3636/3636/3636
f 1523/1523/1523 1426/1426/1426 1527/1527/1527
f 1433/1433/1433 1482/1482/1482 1528/1528/1528
f 1474/1474/1474 1442/1442/1442 1529/1529/1529
f 88/88/88 92/92/92 89/89/89
f 89/89/89 93/93/93 94/94/94
f 1530/1530/1530 1531/1531/1531 1532/1532/1532
f 3531/3531/3531 3656/3656/3656 3532/3532/3532
f 1533/1533/1533 1534/1534/1534 1535/1535/1535
f 1536/1536/1536 1537/1537/1537 1538/1538/1538
f 1519/1519/1519 1518/1518/1518 1539/1539/1539
f 54/54/54 72/72/72 90/90/90
f 1540/1540/1540 1541/1541/1541 1542/1542/1542
f 1016/1016/1016 1017/1017/1017 1018/1018/1018
f 1473/1473/1473 1467/1467/1467 1382/1382/1382
f 1019/1019/1019 1020/1020/1020 1021/1021/1021
f 1020/1020/1020 1022/1022/1022 1023/1023/1023
f 1022/1022/1022 1020/1020/1020 1019/1019/1019
f 3657/3657/3657 3658/3658/3658 3659/3659/3659
f 1049/1049/1049 1050/1050/1050 1051/1051/1051
f 3642/3642/3642 3654/3654/3654 3636/3636/3636
f 3660/3660/3660 3661/3661/3661 3662/3662/3662
f 1543/1543/1543 1544/1544/1544 1541/1541/1541
f 3663/3663/3663 3664/3664/3664 3665/3665/3665
f 1544/1544/1544 1545/1545/1545 1541/1541/1541
f 986/986/986 1024/1024/1024 984/984/984
f 3666/3666/3666 3667/3667/3667 3668/3668/3668
f 3667/3667/3667 3666/3666/3666 3657/3657/3657
f 1546/1546/1546 1547/1547/1547 1548/1548/1548
f 3666/3666/3666 3669/3669/3669 3657/3657/3657
f 3659/3659/3659 3667/3667/3667 3657/3657/3657
f 3670/3670/3670 3671/3671/3671 3661/3661/3661
f 1545/1545/1545 1542/1542/1542 1541/1541/1541
f 3672/3672/3672 3673/3673/3673 3674/3674/3674
f 1523/1523/1523 1527/1527/1527 1549/1549/1549
f 3675/3675/3675 3667/3667/3667 3659/3659/3659
f 3676/3676/3676 3662/3662/3662 3661/3661/3661
f 95/95/95 76/76/76 70/70/70
f 3671/3671/3671 3676/3676/3676 3661/3661/3661
f 627/627/627 628/628/628 629/629/629
f 1025/1025/1025 1026/1026/1026 1027/1027/1027
f 984/984/984 1024/1024/1024 1028/1028/1028
f 3677/3677/3677 3678/3678/3678 3679/3679/3679
f 630/630/630 631/631/631 632/632/632
f 3593/3593/3593 3680/3680/3680 3681/3681/3681
f 96/96/96 97/97/97 98/98/98
f 99/99/99 100/100/100 101/101/101
f 1029/1029/1029 1030/1030/1030 1031/1031/1031
f 1031/1031/1031 1016/1016/1016 1018/1018/1018
f 3682/3682/3682 3674/3674/3674 3683/3683/3683
f 3683/3683/3683 3674/3674/3674 3673/3673/3673
f 3677/3677/3677 3679/3679/3679 3684/3684/3684
f 1511/1511/1511 1550/1550/1550 1477/1477/1477
f 1530/1530/1530 1532/1532/1532 1551/1551/1551
f 1533/1533/1533 1535/1535/1535 1552/1552/1552
f 1495/1495/1495 1553/1553/1553 1496/1496/1496
f 1016/1016/1016 1031/1031/1031 1030/1030/1030
f 102/102/102 101/101/101 100/100/100
f 633/633/633 629/629/629 628/628/628
f 1554/1554/1554 1555/1555/1555 1556/1556/1556
f 1554/1554/1554 1557/1557/1557 1555/1555/1555
f 1480/1480/1480 1558/1558/1558 1478/1478/1478
f 1559/1559/1559 1560/1560/1560 1561/1561/1561
f 90/90/90 103/103/103 91/91/91
f 3685/3685/3685 3686/3686/3686 3687/3687/3687
f 3655/3655/3655 3688/3688/3688 3689/3689/3689
f 3690/3690/3690 3655/3655/3655 3654/3654/3654
f 3685/3685/3685 3691/3691/3691 3686/3686/3686
f 3690/3690/3690 3688/3688/3688 3655/3655/3655
f 1562/1562/1562 1563/1563/1563 1564/1564/1564
f 1550/1550/1550 1565/1565/1565 1477/1477/1477
f 1566/1566/1566 1558/1558/1558 1480/1480/1480
f 1567/1567/1567 1568/1568/1568 1569/1569/1569
f 3687/3687/3687 3686/3686/3686 3692/3692/3692
f 1570/1570/1570 1571/1571/1571 1564/1564/1564
f 3692/3692/3692 3693/3693/3693 3694/3694/3694
f 3692/3692/3692 3694/3694/3694 3687/3687/3687
f 1564/1564/1564 1572/1572/1572 1570/1570/1570
f 1573/1573/1573 1574/1574/1574 1575/1575/1575
f 1576/1576/1576 1577/1577/1577 1578/1578/1578
f 1562/1562/1562 1564/1564/1564 1571/1571/1571
f 1577/1577/1577 1579/1579/1579 1578/1578/1578
f 3645/3645/3645 3644/3644/3644 3695/3695/3695
f 3696/3696/3696 3697/3697/3697 3695/3695/3695
f 1580/1580/1580 1565/1565/1565 1550/1550/1550
f 1554/1554/1554 1556/1556/1556 1581/1581/1581
f 1566/1566/1566 1582/1582/1582 1558/1558/1558
f 104/104/104 105/105/105 106/106/106
f 104/104/104 106/106/106 107/107/107
f 3698/3698/3698 3699/3699/3699 3700/3700/3700
f 3701/3701/3701 3702/3702/3702 3703/3703/3703
f 3644/3644/3644 3696/3696/3696 3695/3695/3695
f 1583/1583/1583 1584/1584/1584 1585/1585/1585
f 1052/1052/1052 1053/1053/1053 1054/1054/1054
f 1586/1586/1586 1587/1587/1587 1588/1588/1588
f 1585/1585/1585 1589/1589/1589 1583/1583/1583
f 3704/3704/3704 3689/3689/3689 3688/3688/3688
f 1588/1588/1588 1587/1587/1587 1590/1590/1590
f 3688/3688/3688 3690/3690/3690 3654/3654/3654
f 3689/3689/3689 3704/3704/3704 3705/3705/3705
f 1591/1591/1591 1592/1592/1592 1593/1593/1593
f 3706/3706/3706 3707/3707/3707 3708/3708/3708
f 3709/3709/3709 3710/3710/3710 3711/3711/3711
f 3711/3711/3711 3712/3712/3712 3713/3713/3713
f 1531/1531/1531 1594/1594/1594 1595/1595/1595
f 1055/1055/1055 1056/1056/1056 1057/1057/1057
f 89/89/89 94/94/94 108/108/108
f 3711/3711/3711 3713/3713/3713 3709/3709/3709
f 3714/3714/3714 3711/3711/3711 3710/3710/3710
f 3715/3715/3715 3716/3716/3716 3717/3717/3717
f 1596/1596/1596 1597/1597/1597 1598/1598/1598
f 3718/3718/3718 3719/3719/3719 3720/3720/3720
f 1531/1531/1531 1595/1595/1595 1532/1532/1532
f 1599/1599/1599 1600/1600/1600 1352/1352/1352
f 3721/3721/3721 3722/3722/3722 3723/3723/3723
f 3724/3724/3724 3725/3725/3725 3726/3726/3726
f 1601/1601/1601 1602/1602/1602 1603/1603/1603
f 1552/1552/1552 1535/1535/1535 1604/1604/1604
f 1604/1604/1604 1535/1535/1535 1605/1605/1605
f 1032/1032/1032 1033/1033/1033 1034/1034/1034
f 109/109/109 110/110/110 111/111/111
f 1606/1606/1606 1538/1538/1538 1537/1537/1537
f 112/112/112 113/113/113 114/114/114
f 3681/3681/3681 3727/3727/3727 3594/3594/3594
f 1515/1515/1515 1607/1607/1607 1516/1516/1516
f 1608/1608/1608 1609/1609/1609 1610/1610/1610
f 1488/1488/1488 1352/1352/1352 1391/1391/1391
f 91/91/91 115/115/115 54/54/54
f 3728/3728/3728 3729/3729/3729 3730/3730/3730
f 3731/3731/3731 3732/3732/3732 3733/3733/3733
f 3719/3719/3719 3734/3734/3734 3720/3720/3720
f 1033/1033/1033 1032/1032/1032 1035/1035/1035
f 1036/1036/1036 1037/1037/1037 1038/1038/1038
f 1555/1555/1555 1611/1611/1611 1556/1556/1556
f 1039/1039/1039 984/984/984 1028/1028/1028
f 108/108/108 116/116/116 117/117/117
f 109/109/109 111/111/111 118/118/118
f 3723/3723/3723 3722/3722/3722 3736/3736/3736
f 1612/1612/1612 1613/1613/1613 1614/1614/1614
f 1608/1608/1608 1610/1610/1610 1615/1615/1615
f 1458/1458/1458 1616/1616/1616 1617/1617/1617
f 119/119/119 120/120/120 121/121/121
f 1618/1618/1618 1619/1619/1619 1620/1620/1620
f 3726/3726/3726 3725/3725/3725 3737/3737/3737
f 1621/1621/1621 1516/1516/1516 1607/1607/1607
f 1614/1614/1614 1622/1622/1622 1612/1612/1612
f 1568/1568/1568 1623/1623/1623 1569/1569/1569
f 3594/3594/3594 3593/3593/3593 3681/3681/3681
f 1620/1620/1620 1624/1624/1624 1618/1618/1618
f 3728/3728/3728 3730/3730/3730 3735/3735/3735
f 1625/1625/1625 1524/1524/1524 1526/1526/1526
f 1626/1626/1626 1599/1599/1599 1488/1488/1488
f 1621/1621/1621 1607/1607/1607 1627/1627/1627
f 1628/1628/1628 1629/1629/1629 1630/1630/1630
f 3731/3731/3731 3738/3738/3738 3732/3732/3732
f 1622/1622/1622 1631/1631/1631 1612/1612/1612
f 1058/1058/1058 1053/1053/1053 1052/1052/1052
f 122/122/122 123/123/123 124/124/124
f 3739/3739/3739 3740/3740/3740 3741/3741/3741
f 3722/3722/3722 3742/3742/3742 3736/3736/3736
f 3744/3744/3744 3741/3741/3741 3740/3740/3740
f 1632/1632/1632 1633/1633/1633 1634/1634/1634
f 1617/1617/1617 1454/1454/1454 1453/1453/1453
f 125/125/125 126/126/126 127/127/127
f 94/94/94 116/116/116 108/108/108
f 3744/3744/3744 3745/3745/3745 3743/3743/3743
f 3742/3742/3742 3722/3722/3722 3746/3746/3746
f 1635/1635/1635 1634/1634/1634 1633/1633/1633
f 1058/1058/1058 1052/1052/1052 1059/1059/1059
f 1636/1636/1636 1637/1637/1637 1638/1638/1638
f 1040/1040/1040 1041/1041/1041 1042/1042/1042
f 1060/1060/1060 1061/1061/1061 1062/1062/1062
f 1063/1063/1063 1062/1062/1062 1061/1061/1061
f 3746/3746/3746 3722/3722/3722 3733/3733/3733
f 1599/1599/1599 1352/1352/1352 1488/1488/1488
f 1060/1060/1060 1064/1064/1064 1061/1061/1061
f 1065/1065/1065 1064/1064/1064 1060/1060/1060
f 1060/1060/1060 1066/1066/1066 1065/1065/1065
f 1639/1639/1639 1640/1640/1640 1630/1630/1630
f 1617/1617/1617 1453/1453/1453 1458/1458/1458
f 1041/1041/1041 1043/1043/1043 1042/1042/1042
f 128/128/128 115/115/115 91/91/91
f 120/120/120 119/119/119 129/129/129
f 1044/1044/1044 1045/1045/1045 1046/1046/1046
f 1065/1065/1065 1067/1067/1067 1068/1068/1068
f 1641/1641/1641 1642/1642/1642 1643/1643/1643
f 1066/1066/1066 1067/1067/1067 1065/1065/1065
f 1069/1069/1069 1062/1062/1062 1063/1063/1063
f 1070/1070/1070 1071/1071/1071 1072/1072/1072
f 130/130/130 93/93/93 89/89/89
f 130/130/130 89/89/89 92/92/92
f 1060/1060/1060 1062/1062/1062 1073/1073/1073
f 1074/1074/1074 1075/1075/1075 1076/1076/1076
f 1047/1047/1047 984/984/984 1039/1039/1039
f 1044/1044/1044 1041/1041/1041 1040/1040/1040
f 1077/1077/1077 1078/1078/1078 1079/1079/1079
f 1644/1644/1644 1602/1602/1602 1601/1601/1601
f 1041/1041/1041 1044/1044/1044 1046/1046/1046
f 131/131/131 132/132/132 133/133/133
f 1641/1641/1641 1643/1643/1643 1645/1645/1645
f 114/114/114 134/134/134 112/112/112
f 1646/1646/1646 1645/1645/1645 1643/1643/1643
f 135/135/135 136/136/136 137/137/137
f 138/138/138 139/139/139 140/140/140
f 138/138/138 141/141/141 139/139/139
f 141/141/141 142/142/142 139/139/139
f 141/141/141 137/137/137 142/142/142
f 137/137/137 136/136/136 142/142/142
f 143/143/143 144/144/144 145/145/145
f 143/143/143 145/145/145 146/146/146
f 1647/1647/1647 1636/1636/1636 1638/1638/1638
f 1639/1639/1639 1630/1630/1630 1629/1629/1629
f 1610/1610/1610 1609/1609/1609 1648/1648/1648
f 1649/1649/1649 1614/1614/1614 1613/1613/1613
f 147/147/147 148/148/148 149/149/149
f 1650/1650/1650 1649/1649/1649 1651/1651/1651
f 148/148/148 150/150/150 149/149/149
f 120/120/120 129/129/129 151/151/151
f 1650/1650/1650 1651/1651/1651 1652/1652/1652
f 1650/1650/1650 1614/1614/1614 1649/1649/1649
f 152/152/152 153/153/153 114/114/114
f 1653/1653/1653 1654/1654/1654 1655/1655/1655
f 154/154/154 155/155/155 156/156/156
f 1656/1656/1656 1645/1645/1645 1657/1657/1657
f 118/118/118 111/111/111 157/157/157
f 1645/1645/1645 1646/1646/1646 1658/1658/1658
f 158/158/158 159/159/159 160/160/160
f 161/161/161 162/162/162 163/163/163
f 151/151/151 164/164/164 120/120/120
f 160/160/160 165/165/165 166/166/166
f 1657/1657/1657 1645/1645/1645 1658/1658/1658
f 167/167/167 168/168/168 169/169/169
f 170/170/170 171/171/171 172/172/172
f 172/172/172 171/171/171 173/173/173
f 1657/1657/1657 1658/1658/1658 1659/1659/1659
f 166/166/166 158/158/158 160/160/160
f 1656/1656/1656 1657/1657/1657 1660/1660/1660
f 1661/1661/1661 1662/1662/1662 1663/1663/1663
f 174/174/174 175/175/175 176/176/176
f 177/177/177 178/178/178 179/179/179
f 114/114/114 153/153/153 134/134/134
f 180/180/180 181/181/181 182/182/182
f 149/149/149 183/183/183 147/147/147
f 1637/1637/1637 1664/1664/1664 1638/1638/1638
f 3733/3733/3733 3732/3732/3732 3746/3746/3746
f 3747/3747/3747 3748/3748/3748 3749/3749/3749
f 3750/3750/3750 3747/3747/3747 3749/3749/3749
f 4101/4101/4101 4102/4102/4102 4103/4103/4103
f 4101/4101/4101 4103/4103/4103 4102/4102/4102
f 4101/4101/4101 4103/4103/4103 4104/4104/4104
f 4101/4101/4101 4104/4104/4104 4103/4103/4103
f 4101/4101/4101 4104/4104/4104 4105/4105/4105
f 4101/4101/4101 4105/4105/4105 4104/4104/4104
f 4101/4101/4101 4105/4105/4105 4106/4106/4106
f 4101/4101/4101 4106/4106/4106 4105/4105/4105
f 4101/4101/4101 4106/4106/4106 4107/4107/4107
f 4101/4101/4101 4107/4107/4107 4106/4106/4106
f 4101/4101/4101 4107/4107/4107 4108/4108/4108
f 4101/4101/4101 4108/4108/4108 4107/4107/4107
f 4101/4101/4101 4108/4108/4108 4109/4109/4109
f 4101/4101/4101 4109/4109/4109 4108/4108/4108
f 4101/4101/4101 4109/4109/4109 4110/4110/4110
f 4101/4101/4101 4110/4110/4110 4109/4109/4109
f 4101/4101/4101 4110/4110/4110 4111/4111/4111
f 4101/4101/4101 4111/4111/4111 4110/4110/4110
f 4101/4101/4101 4111/4111/4111 4112/4112/4112
f 4101/4101/4101 4112/4112/4112 4111/4111/4111
f 4101/4101/4101 4112/4112/4112 4113/4113/4113
f 4101/4101/4101 4113/4113/4113 4112/4112/4112
f 4101/4101/4101 4113/4113/4113 4114/4114/4114
f 4101/4101/4101 4114/4114/4114 4113/4113/4113
f 4101/4101/4101 4114/4114/4114 4115/4115/4115
f 4101/4101/4101 4115/4115/4115 4114/4114/4114
f 4101/4101/4101 4115/4115/4115 4116/4116/4116
f 4101/4101/4101 4116/4116/4116 4115/4115/4115
f 4101/4101/4101 4116/4116/4116 4102/4102/4102
f 4101/4101/4101 4102/4102/4102 4116/4116/4116
f 4117/4117/4117 4118/4118/4118 4119/4119/4119
f 4117/4117/4117 4119/4119/4119 4118/4118/4118
f 4117/4117/4117 4119/4119/4119 4120/4120/4120
f 4117/4117/4117 4120/4120/4120 4119/4119/4119
f 4117/4117/4117 4120/4120/4120 4121/4121/4121
f 4117/4117/4117 4121/4121/4121 4120/4120/4120
f 4117/4117/4117 4121/4121/4121 4122/4122/4122
f 4117/4117/4117 4122/4122/4122 4121/4121/4121
f 4117/4117/4117 4122/4122/4122 4123/4123/4123
f 4117/4117/4117 4123/4123/4123 4122/4122/4122
f 4117/4117/4117 4123/4123/4123 4124/4124/4124
f 4117/4117/4117 4124/4124/4124 4123/4123/4123
f 4117/4117/4117 4124/4124/4124 4125/4125/4125
f 4117/4117/4117 4125/4125/4125 4124/4124/4124
f 4117/4117/4117 4125/4125/4125 4126/4126/4126
f 4117/4117/4117 4126/4126/4126 4125/4125/4125
f 4117/4117/4117 4126/4126/4126 4127/4127/4127
f 4117/4117/4117 4127/4127/4127 4126/4126/4126
f 4117/4117/4117 4127/4127/4127 4128/4128/4128
f 4117/4117/4117 4128/4128/4128 4127/4127/4127
f 4117/4117/4117 4128/4128/4128 4129/4129/4129
f 4117/4117/4117 4129/4129/4129 4128/4128/4128
f 4117/4117/4117 4129/4129/4129 4130/4130/4130
f 4117/4117/4117 4130/4130/4130 4129/4129/4129
f 4117/4117/4117 4130/4130/4130 4131/4131/4131
f 4117/4117/4117 4131/4131/4131 4130/4130/4130
f 4117/4117/4117 4131/4131/4131 4132/4132/4132
f 4117/4117/4117 4132/4132/4132 4131/4131/4131
f 4117/4117/4117 4132/4132/4132 4133/4133/4133
f 4117/4117/4117 4133/4133/4133 4132/4132/4132
f 4117/4117/4117 4133/4133/4133 4134/4134/4134
f 4117/4117/4117 4134/4134/4134 4133/4133/4133
f 4117/4117/4117 4134/4134/4134 4135/4135/4135
f 4117/4117/4117 4135/4135/4135 4134/4134/4134
f 4117/4117/4117 4135/4135/4135 4136/4136/4136
f 4117/4117/4117 4136/4136/4136 4135/4135/4135
f 4117/4117/4117 4136/4136/4136 4137/4137/4137
f 4117/4117/4117 4137/4137/4137 4136/4136/4136
f 4117/4117/4117 4137/4137/4137 4138/4138/4138
f 4117/4117/4117 4138/4138/4138 4137/4137/4137
f 4117/4117/4117 4138/4138/4138 4139/4139/4139
f 4117/4117/4117 4139/4139/4139 4138/4138/4138
f 4117/4117/4117 4139/4139/4139 4140/4140/4140
f 4117/4117/4117 4140/4140/4140 4139/4139/4139
f 4117/4117/4117 4140/4140/4140 4141/4141/4141
f 4117/4117/4117 4141/4141/4141 4140/4140/4140
f 4117/4117/4117 4141/4141/4141 4142/4142/4142
f 4117/4117/4117 4142/4142/4142 4141/4141/4141
f 4117/4117/4117 4142/4142/4142 4143/4143/4143
f 4117/4117/4117 4143/4143/4143 4142/4142/4142
f 4117/4117/4117 4143/4143/4143 4144/4144/4144
f 4117/4117/4117 4144/4144/4144 4143/4143/4143
f 4117/4117/4117 4144/4144/4144 4145/4145/4145
f 4117/4117/4117 4145/4145/4145 4144/4144/4144
f 4117/4117/4117 4145/4145/4145 4146/4146/4146
f 4117/4117/4117 4146/4146/4146 4145/4145/4145
f 4117/4117/4117 4146/4146/4146 4147/4147/4147
f 4117/4117/4117 4147/4147/4147 4146/4146/4146
f 4117/4117/4117 4147/4147/4147 4148/4148/4148
f 4117/4117/4117 4148/4148/4148 4147/4147/4147
f 4117/4117/4117 4148/4148/4148 4149/4149/4149
f 4117/4117/4117 4149/4149/4149 4148/4148/4148
f 4117/4117/4117 4149/4149/4149 4150/4150/4150
f 4117/4117/4117 4150/4150/4150 4149/4149/4149
f 4117/4117/4117 4150/4150/4150 4151/4151/4151
f 4117/4117/4117 4151/4151/4151 4150/4150/4150
f 4117/4117/4117 4151/4151/4151 4152/4152/4152
f 4117/4117/4117 4152/4152/4152 4151/4151/4151
f 4117/4117/4117 4152/4152/4152 4153/4153/4153
f 4117/4117/4117 4153/4153/4153 4152/4152/4152
f 4117/4117/4117 4153/4153/4153 4154/4154/4154
f 4117/4117/4117 4154/4154/4154 4153/4153/4153
f 4117/4117/4117 4154/4154/4154 4155/4155/4155
f 4117/4117/4117 4155/4155/4155 4154/4154/4154
f 4117/4117/4117 4155/4155/4155 4156/4156/4156
f 4117/4117/4117 4156/4156/4156 4155/4155/4155
f 4117/4117/4117 4156/4156/4156 4157/4157/4157
f 4117/4117/4117 4157/4157/4157 4156/4156/4156
f 4117/4117/4117 4157/4157/4157 4158/4158/4158
f 4117/4117/4117 4158/4158/4158 4157/4157/4157
f 4117/4117/4117 4158/4158/4158 4159/4159/4159
f 4117/4117/4117 4159/4159/4159 4158/4158/4158
f 4117/4117/4117 4159/4159/4159 4160/4160/4160
f 4117/4117/4117 4160/4160/4160 4159/4159/4159
f 4117/4117/4117 4160/4160/4160 4161/4161/4161
f 4117/4117/4117 4161/4161/4161 4160/4160/4160
f 4117/4117/4117 4161/4161/4161 4162/4162/4162
f 4117/4117/4117 4162/4162/4162 4161/4161/4161
f 4117/4117/4117 4162/4162/4162 4163/4163/4163
f 4117/4117/4117 4163/4163/4163 4162/4162/4162
f 4117/4117/4117 4163/4163/4163 4164/4164/4164
f 4117/4117/4117 4164/4164/4164 4163/4163/4163
f 4117/4117/4117 4164/4164/4164 4165/4165/4165
f 4117/4117/4117 4165/4165/4165 4164/4164/4164
f 4117/4117/4117 4165/4165/4165 4166/4166/4166
f 4117/4117/4117 4166/4166/4166 4165/4165/4165
f 4117/4117/4117 4166/4166/4166 4167/4167/4167
f 4117/4117/4117 4167/4167/4167 4166/4166/4166
f 4117/4117/4117 4167/4167/4167 4168/4168/4168
f 4117/4117/4117 4168/4168/4168 4167/4167/4167
f 4117/4117/4117 4168/4168/4168 4169/4169/4169
f 4117/4117/4117 4169/4169/4169 4168/4168/4168
f 4117/4117/4117 4169/4169/4169 4170/4170/4170
f 4117/4117/4117 4170/4170/4170 4169/4169/4169
f 4117/4117/4117 4170/4170/4170 4171/4171/4171
f 4117/4117/4117 4171/4171/4171 4170/4170/4170
f 4117/4117/4117 4171/4171/4171 4172/4172/4172
f 4117/4117/4117 4172/4172/4172 4171/4171/4171
f 4117/4117/4117 4172/4172/4172 4173/4173/4173
f 4117/4117/4117 4173/4173/4173 4172/4172/4172
f 4117/4117/4117 4173/4173/4173 4174/4174/4174
f 4117/4117/4117 4174/4174/4174 4173/4173/4173
f 4117/4117/4117 4174/4174/4174 4175/4175/4175
f 4117/4117/4117 4175/4175/4175 4174/4174/4174
f 4117/4117/4117 4175/4175/4175 4176/4176/4176
f 4117/4117/4117 4176/4176/4176 4175/4175/4175
f 4117/4117/4117 4176/4176/4176 4177/4177/4177
f 4117/4117/4117 4177/4177/4177 4176/4176/4176
f 4117/4117/4117 4177/4177/4177 4178/4178/4178
f 4117/4117/4117 4178/4178/4178 4177/4177/4177
f 4117/4117/4117 4178/4178/4178 4179/4179/4179
f 4117/4117/4117 4179/4179/4179 4178/4178/4178
f 4117/4117/4117 4179/4179/4179 4180/4180/4180
f 4117/4117/4117 4180/4180/4180 4179/4179/4179
f 4117/4117/4117 4180/4180/4180 4181/4181/4181
f 4117/4117/4117 4181/4181/4181 4180/4180/4180
f 4117/4117/4117 4181/4181/4181 4182/4182/4182
f 4117/4117/4117 4182/4182/4182 4181/4181/4181
f 4117/4117/4117 4182/4182/4182 4183/4183/4183
f 4117/4117/4117 4183/4183/4183 4182/4182/4182
f 4117/4117/4117 4183/4183/4183 4184/4184/4184
f 4117/4117/4117 4184/4184/4184 4183/4183/4183
f 4117/4117/4117 4184/4184/4184 4185/4185/4185
f 4117/4117/4117 4185/4185/4185 4184/4184/4184
f 4117/4117/4117 4185/4185/4185 4186/4186/4186
f 4117/4117/4117 4186/4186/4186 4185/4185/4185
f 4117/4117/4117 4186/4186/4186 4187/4187/4187
f 4117/4117/4117 4187/4187/4187 4186/4186/4186
f 4117/4117/4117 4187/4187/4187 4188/4188/4188
f 4117/4117/4117 4188/4188/4188 4187/4187/4187
f 4117/4117/4117 4188/4188/4188 4189/4189/4189
f 4117/4117/4117 4189/4189/4189 4188/4188/4188
f 4117/4117/4117 4189/4189/4189 4190/4190/4190
f 4117/4117/4117 4190/4190/4190 4189/4189/4189
f 4117/4117/4117 4190/4190/4190 4118/4118/4118
f 4117/4117/4117 4118/4118/4118 4190/4190/4190
f 4191/4191/4191 4192/4192/4192 4193/4193/4193
f 4191/4191/4191 4193/4193/4193 4192/4192/4192
f 4191/4191/4191 4193/4193/4193 4194/4194/4194
f 4191/4191/4191 4194/4194/4194 4193/4193/4193
f 4191/4191/4191 4194/4194/4194 4195/4195/4195
f 4191/4191/4191 4195/4195/4195 4194/4194/4194
f 4191/4191/4191 4195/4195/4195 4196/4196/4196
f 4191/4191/4191 4196/4196/4196 4195/4195/4195
f 4191/4191/4191 4196/4196/4196 4197/4197/4197
f 4191/4191/4191 4197/4197/4197 4196/4196/4196
f 4191/4191/4191 4197/4197/4197 4198/4198/4198
f 4191/4191/4191 4198/4198/4198 4197/4197/4197
f 4191/4191/4191 4198/4198/4198 4199/4199/4199
f 4191/4191/4191 4199/4199/4199 4198/4198/4198
f 4191/4191/4191 4199/4199/4199 4200/4200/4200
f 4191/4191/4191 4200/4200/4200 4199/4199/4199
f 4191/4191/4191 4200/4200/4200 4201/4201/4201
f 4191/4191/4191 4201/4201/4201 4200/4200/4200
f 4191/4191/4191 4201/4201/4201 4202/4202/4202
f 4191/4191/4191 4202/4202/4202 4201/4201/4201
f 4191/4191/4191 4202/4202/4202 4203/4203/4203
f 4191/4191/4191 4203/4203/4203 4202/4202/4202
f 4191/4191/4191 4203/4203/4203 4204/4204/4204
f 4191/4191/4191 4204/4204/4204 4203/4203/4203
f 4191/4191/4191 4204/4204/4204 4205/4205/4205
f 4191/4191/4191 4205/4205/4205 4204/4204/4204
f 4191/4191/4191 4205/4205/4205 4206/4206/4206
f 4191/4191/4191 4206/4206/4206 4205/4205/4205
f 4191/4191/4191 4206/4206/4206 4207/4207/4207
f 4191/4191/4191 4207/4207/4207 4206/4206/4206
f 4191/4191/4191 4207/4207/4207 4208/4208/4208
f 4191/4191/4191 4208/4208/4208 4207/4207/4207
f 4191/4191/4191 4208/4208/4208 4209/4209/4209
f 4191/4191/4191 4209/4209/4209 4208/4208/4208
f 4191/4191/4191 4209/4209/4209 4210/4210/4210
f 4191/4191/4191 4210/4210/4210 4209/4209/4209
f 4191/4191/4191 4210/4210/4210 4211/4211/4211
f 4191/4191/4191 4211/4211/4211 4210/4210/4210
f 4191/4191/4191 4211/4211/4211 4212/4212/4212
f 4191/4191/4191 4212/4212/4212 4211/4211/4211
f 4191/4191/4191 4212/4212/4212 4213/4213/4213
f 4191/4191/4191 4213/4213/4213 4212/4212/4212
f 4191/4191/4191 4213/4213/4213 4214/4214/4214
f 4191/4191/4191 4214/4214/4214 4213/4213/4213
f 4191/4191/4191 4214/4214/4214 4215/4215/4215
f 4191/4191/4191 4215/4215/4215 4214/4214/4214
f 4191/4191/4191 4215/4215/4215 4216/4216/4216
f 4191/4191/4191 4216/4216/4216 4215/4215/4215
f 4191/4191/4191 4216/4216/4216 4217/4217/4217
f 4191/4191/4191 4217/4217/4217 4216/4216/4216
f 4191/4191/4191 4217/4217/4217 4218/4218/4218
f 4191/4191/4191 4218/4218/4218 4217/4217/4217
f 4191/4191/4191 4218/4218/4218 4219/4219/4219
f 4191/4191/4191 4219/4219/4219 4218/4218/4218
f 4191/4191/4191 4219/4219/4219 4220/4220/4220
f 4191/4191/4191 4220/4220/4220 4219/4219/4219
f 4191/4191/4191 4220/4220/4220 4221/4221/4221
f 4191/4191/4191 4221/4221/4221 4220/4220/4220
f 4191/4191/4191 4221/4221/4221 4192/4192/4192
f 4191/4191/4191 4192/4192/4192 4221/4221/4221
f 4222/4222/4222 4223/4223/4223 4224/4224/4224
f 4222/4222/4222 4224/4224/4224 4223/4223/4223
f 4222/4222/4222 4224/4224/4224 4225/4225/4225
f 4222/4222/4222 4225/4225/4225 4224/4224/4224
f 4222/4222/4222 4225/4225/4225 4226/4226/4226
f 4222/4222/4222 4226/4226/4226 4225/4225/4225
f 4222/4222/4222 4226/4226/4226 4223/4223/4223
f 4222/4222/4222 4223/4223/4223 4226/4226/4226
f 4227/4227/4227 4228/4228/4228 4229/4229/4229
f 4227/4227/4227 4229/4229/4229 4228/4228/4228
f 4227/4227/4227 4229/4229/4229 4230/4230/4230
f 4227/4227/4227 4230/4230/4230 4229/4229/4229
f 4227/4227/4227 4230/4230/4230 4228/4228/4228
f 4227/4227/4227 4228/4228/4228 4230/4230/4230
f 4231/4231/4231 4232/4232/4232 4233/4233/4233
f 4231/4231/4231 4233/4233/4233 4232/4232/4232
f 4231/4231/4231 4233/4233/4233 4234/4234/4234
f 4231/4231/4231 4234/4234/4234 4233/4233/4233
f 4231/4231/4231 4234/4234/4234 4235/4235/4235
f 4231/4231/4231 4235/4235/4235 4234/4234/4234
f 4231/4231/4231 4235/4235/4235 4236/4236/4236
f 4231/4231/4231 4236/4236/4236 4235/4235/4235
f 4231/4231/4231 4236/4236/4236 4237/4237/4237
f 4231/4231/4231 4237/4237/4237 4236/4236/4236
f 4231/4231/4231 4237/4237/4237 4238/4238/4238
f 4231/4231/4231 4238/4238/4238 4237/4237/4237
f 4231/4231/4231 4238/4238/4238 4239/4239/4239
f 4231/4231/4231 4239/4239/4239 4238/4238/4238
f 4231/4231/4231 4239/4239/4239 4240/4240/4240
f 4231/4231/4231 4240/4240/4240 4239/4239/4239
f 4231/4231/4231 4240/4240/4240 4241/4241/4241
f 4231/4231/4231 4241/4241/4241 4240/4240/4240
f 4231/4231/4231 4241/4241/4241 4242/4242/4242
f 4231/4231/4231 4242/4242/4242 4241/4241/4241
f 4231/4231/4231 4242/4242/4242 4243/4243/4243
f 4231/4231/4231 4243/4243/4243 4242/4242/4242
f 4231/4231/4231 4243/4243/4243 4244/4244/4244
f 4231/4231/4231 4244/4244/4244 4243/4243/4243
f 4231/4231/4231 4244/4244/4244 4245/4245/4245
f 4231/4231/4231 4245/4245/4245 4244/4244/4244
f 4231/4231/4231 4245/4245/4245 4246/4246/4246
f 4231/4231/4231 4246/4246/4246 4245/4245/4245
f 4231/4231/4231 4246/4246/4246 4232/4232/4232
f 4231/4231/4231 4232/4232/4232 4246/4246/4246
