o leg_left
v -0.06926 0.72904 -0.23086
v -0.01913 0.62423 -0.23168
v -0.10441 0.63491 -0.23324
v -0.01798 0.69774 -0.22817
v 0.01131 0.62063 -0.23072
v -0.01913 0.62423 -0.23168
v -0.01798 0.69774 -0.22817
v 0.01127 0.61880 -0.24382
v 0.00456 0.57659 -0.24457
v -0.09909 0.59095 -0.24169
v 0.01379 0.61261 -0.05647
v 0.01249 0.61544 -0.06916
v -0.02809 0.61845 -0.06596
v 0.01127 0.61880 -0.24382
v -0.01913 0.62423 -0.23168
v -0.02682 0.57960 -0.23686
v 0.00456 0.57659 -0.24457
v 0.00334 0.57387 -0.23780
v -0.02809 0.61845 -0.06596
v 0.01249 0.61544 -0.06916
v -0.13795 0.63697 -0.23929
v 0.00334 0.57387 -0.23780
v -0.00181 0.53827 -0.23925
v -0.03161 0.54057 -0.23784
v -0.02682 0.57960 -0.23686
v -0.09909 0.59095 -0.24169
v -0.09967 0.58904 -0.23685
v -0.06547 0.54324 -0.23738
v -0.09967 0.58904 -0.23685
v -0.13795 0.63697 -0.23929
v 0.01290 0.62788 -0.06780
v -0.02682 0.57960 -0.23686
v 0.00626 0.53229 -0.10768
v -0.00135 0.51319 -0.11054
v -0.00552 0.47556 -0.11003
v 0.00062 0.53834 -0.22027
v 0.00248 0.53394 -0.22163
v -0.00411 0.48914 -0.22159
v 0.00057 0.53682 -0.24927
v 0.00248 0.53394 -0.22163
v 0.00062 0.53834 -0.22027
v -0.00516 0.50091 -0.21887
v -0.00552 0.47556 -0.11003
v -0.00411 0.48914 -0.22159
v -0.00216 0.47496 -0.10882
v -0.00625 0.49036 -0.25099
v -0.00330 0.47313 -0.05741
v -0.00529 0.47237 -0.07029
v -0.00216 0.47496 -0.10882
v -0.00657 0.47247 -0.06811
v -0.00707 0.49218 -0.25221
v 0.00057 0.53682 -0.24927
v -0.00625 0.49036 -0.25099
v -0.00529 0.47237 -0.07029
v -0.00552 0.47556 -0.11003
v -0.00216 0.47496 -0.10882
v -0.00516 0.50091 -0.21887
v -0.00411 0.48914 -0.22159
v -0.00798 0.48735 -0.24074
v -0.00625 0.49036 -0.25099
v -0.00411 0.48914 -0.22159
v -0.00516 0.50091 -0.21887
v -0.00798 0.48735 -0.24074
v -0.00798 0.48735 -0.24074
v -0.02300 0.36041 -0.25542
v -0.00657 0.47247 -0.06811
v -0.00965 0.45052 -0.06780
v -0.00529 0.47237 -0.07029
v -0.00798 0.48735 -0.24074
v -0.01037 0.48865 -0.24328
v -0.00625 0.49036 -0.25099
v -0.00798 0.48735 -0.24074
v -0.02300 0.36041 -0.25542
v -0.01660 0.42560 -0.24345
v -0.00798 0.48735 -0.24074
v -0.01660 0.42560 -0.24345
v -0.01037 0.48865 -0.24328
v -0.00625 0.49036 -0.25099
v -0.01037 0.48865 -0.24328
v -0.00707 0.49218 -0.25221
v -0.00529 0.47237 -0.07029
v -0.01745 0.38007 -0.06782
v -0.01745 0.38007 -0.06782
v -0.02145 0.35101 -0.13198
v -0.02223 0.34686 -0.06686
v -0.02227 0.29849 -0.05927
v -0.02497 0.26217 -0.06266
v -0.01697 0.34253 -0.06073
v -0.02223 0.34686 -0.06686
v -0.01697 0.34253 -0.06073
v -0.02145 0.35101 -0.13198
v -0.02554 0.36094 -0.24498
v -0.02621 0.26513 -0.11612
v -0.02983 0.27086 -0.21123
v -0.02604 0.26796 -0.14498
v -0.02497 0.26217 -0.06266
v -0.03175 0.26419 -0.10672
v -0.02621 0.26513 -0.11612
v -0.01660 0.42560 -0.24345
v -0.06411 0.36388 -0.24442
v -0.01037 0.48865 -0.24328
v -0.00181 0.53827 -0.23925
v 0.00057 0.53682 -0.24927
v -0.03161 0.54057 -0.23784
v -0.03034 0.26209 -0.06729
v -0.03278 0.26623 -0.13890
v -0.02604 0.26796 -0.14498
v -0.03431 0.27358 -0.25600
v -0.03363 0.26797 -0.17035
v -0.02983 0.27086 -0.21123
v -0.03647 0.26981 -0.23521
v -0.03278 0.26623 -0.13890
v -0.03175 0.26419 -0.10672
v -0.03746 0.19502 -0.06786
v -0.03431 0.27358 -0.25600
v -0.03838 0.26891 -0.23975
v -0.06547 0.54324 -0.23738
v -0.03363 0.26797 -0.17035
v -0.03034 0.26209 -0.06729
v -0.06603 0.36483 -0.25495
v -0.02300 0.36041 -0.25542
v -0.03431 0.27358 -0.25600
v -0.04371 0.16171 -0.15379
v -0.03920 0.11553 -0.06002
v -0.04160 0.12392 -0.11856
v -0.04315 0.12262 -0.09377
v -0.04446 0.16112 -0.17468
v -0.03647 0.26981 -0.23521
v -0.03920 0.11553 -0.06002
v -0.04892 0.07034 -0.14561
v -0.04160 0.12392 -0.11856
v -0.05026 0.16810 -0.24060
v -0.04160 0.12392 -0.11856
v -0.04285 0.12390 -0.14687
v -0.04504 0.12801 -0.14759
v -0.03841 0.15879 -0.05171
v -0.04504 0.12801 -0.14759
v -0.02554 0.36094 -0.24498
v -0.04198 0.08137 -0.05779
v -0.03838 0.26891 -0.23975
v -0.04285 0.12390 -0.14687
v -0.04504 0.12801 -0.14759
v -0.04315 0.12262 -0.09377
v -0.04892 0.07034 -0.14561
v -0.05267 0.07138 -0.14566
v -0.04285 0.12390 -0.14687
v -0.04693 0.11783 -0.17704
v -0.04901 0.16587 -0.25099
v -0.04300 0.15910 -0.17679
v -0.04693 0.11783 -0.17704
v -0.04300 0.15910 -0.17679
v -0.04446 0.16112 -0.17468
v -0.04792 0.13335 -0.17523
v -0.04686 0.11924 -0.15606
v -0.04901 0.16587 -0.25099
v -0.05026 0.16810 -0.24060
v -0.04300 0.15910 -0.17679
v -0.04446 0.16112 -0.17468
v -0.04504 0.12801 -0.14759
v -0.05074 0.00677 -0.15609
v -0.04789 0.01057 -0.05639
v -0.04792 0.13335 -0.17523
v -0.05267 0.07138 -0.14566
v -0.04830 0.07044 -0.17831
v -0.05362 0.11500 -0.25684
v -0.07426 0.54444 -0.24550
v -0.05188 0.09362 -0.17569
v -0.05188 0.09362 -0.17569
v -0.04830 0.07044 -0.17831
v -0.04892 0.07034 -0.14561
v -0.04830 0.07044 -0.17831
v -0.05338 0.07285 -0.17476
v -0.05682 0.08707 -0.26046
v -0.05338 0.07285 -0.17476
v -0.05086 0.06874 -0.22292
v -0.05831 0.07146 -0.29772
v -0.05338 0.07285 -0.17476
v -0.02300 0.36041 -0.25542
v -0.06603 0.36483 -0.25495
v -0.02554 0.36094 -0.24498
v -0.05922 0.00000 -0.29964
v -0.05267 0.07138 -0.14566
v -0.12397 0.08946 -0.25500
v -0.04901 0.16587 -0.25099
v -0.05362 0.11500 -0.25684
v -0.05549 0.00204 -0.25751
v -0.05682 0.08707 -0.26046
v -0.06411 0.36388 -0.24442
v -0.03161 0.54057 -0.23784
v -0.06547 0.54324 -0.23738
v -0.02682 0.57960 -0.23686
v -0.10383 0.49981 -0.24064
v -0.00707 0.49218 -0.25221
v -0.01037 0.48865 -0.24328
v 0.00057 0.53682 -0.24927
v -0.00707 0.49218 -0.25221
v -0.13490 0.50499 -0.24662
v -0.09168 0.17013 -0.23782
v -0.03838 0.26891 -0.23975
v -0.05026 0.16810 -0.24060
v -0.13196 0.17236 -0.24696
v -0.05026 0.16810 -0.24060
v -0.04901 0.16587 -0.25099
v -0.12397 0.08946 -0.25500
v -0.05682 0.08707 -0.26046
v -0.05831 0.07146 -0.29772
v -0.13490 0.50499 -0.24662
v -0.15760 0.37240 -0.25108
v -0.05074 0.00677 -0.15609
v -0.16186 0.00203 -0.30053
v -0.05549 0.00204 -0.25751
v -0.11463 0.36854 -0.24213
v -0.10383 0.49981 -0.24064
v -0.10709 0.54723 -0.23686
v -0.09168 0.17013 -0.23782
v -0.07426 0.54444 -0.24550
v -0.05922 0.00000 -0.29964
v -0.09967 0.58904 -0.23685
v -0.10709 0.54723 -0.23686
v -0.13196 0.17236 -0.24696
v -0.23701 0.07996 -0.29684
v -0.12555 0.17200 -0.23686
v -0.16186 0.00203 -0.30053
v -0.05831 0.07146 -0.29772
v -0.05922 0.00000 -0.29964
v -0.12555 0.17200 -0.23686
v -0.03431 0.27358 -0.25600
v -0.03838 0.26891 -0.23975
v -0.21635 0.28700 -0.24905
v -0.21635 0.28700 -0.24905
v -0.23701 0.07996 -0.29684
v -0.06547 0.54324 -0.23738
v -0.00330 0.47313 -0.05741
v 0.00722 0.55471 -0.05641
v -0.05438 0.62041 -0.05449
v 0.01379 0.61261 -0.05647
v -0.02809 0.61845 -0.06596
v 0.01290 0.62788 -0.06780
v -0.01412 0.65692 -0.06452
v -0.02809 0.61845 -0.06596
v -0.05438 0.62041 -0.05449
v 0.01379 0.61261 -0.05647
v -0.04791 0.64226 -0.06403
v -0.05077 0.62129 -0.06500
v -0.05077 0.62129 -0.06500
v -0.05077 0.62129 -0.06500
v -0.04791 0.64226 -0.06403
v -0.05628 0.62136 -0.06113
v -0.05628 0.62136 -0.06113
v -0.06312 0.63655 -0.05929
v -0.06926 0.72904 -0.23086
v -0.07875 0.62462 -0.06051
v -0.07875 0.62462 -0.06051
v -0.08412 0.62682 -0.05845
v -0.13795 0.63697 -0.23929
v -0.10441 0.63491 -0.23324
v -0.01913 0.62423 -0.23168
v -0.08412 0.62682 -0.05845
v -0.05438 0.62041 -0.05449
v -0.08412 0.62682 -0.05845
v -0.06312 0.63655 -0.05929
v -0.12695 0.48740 -0.05261
v -0.06970 0.48077 -0.05446
v -0.13245 0.69183 -0.23412
v -0.10441 0.63491 -0.23324
v -0.15160 0.63098 -0.05154
v -0.10709 0.54723 -0.23686
v -0.07426 0.54444 -0.24550
v -0.16799 0.55420 -0.23738
v -0.10709 0.54723 -0.23686
v -0.16799 0.55420 -0.23738
v -0.09967 0.58904 -0.23685
v -0.14669 0.59285 -0.23689
v -0.16289 0.59750 -0.23982
v -0.09909 0.59095 -0.24169
v -0.14472 0.64030 -0.23493
v -0.12619 0.73003 -0.17175
v -0.14381 0.63653 -0.18662
v -0.09967 0.58904 -0.23685
v -0.12182 0.73531 -0.23786
v -0.13406 0.71464 -0.12622
v -0.14472 0.64030 -0.23493
v -0.14116 0.70737 -0.06157
v -0.13597 0.71505 -0.11010
v -0.14571 0.63553 -0.12377
v -0.14351 0.63789 -0.20977
v -0.13245 0.69183 -0.23412
v -0.16289 0.59750 -0.23982
v -0.13795 0.63697 -0.23929
v -0.09909 0.59095 -0.24169
v -0.15574 0.64060 -0.23740
v -0.14472 0.64030 -0.23493
v -0.15574 0.64060 -0.23740
v -0.17439 0.55408 -0.24212
v -0.07426 0.54444 -0.24550
v -0.13490 0.50499 -0.24662
v -0.17439 0.55408 -0.24212
v -0.14351 0.63789 -0.20977
v -0.14472 0.64030 -0.23493
v -0.15574 0.64060 -0.23740
v -0.14669 0.59285 -0.23689
v -0.14571 0.63553 -0.12377
v -0.14381 0.63653 -0.18662
v -0.15535 0.63745 -0.17315
v -0.15160 0.63098 -0.05154
v -0.14569 0.66484 -0.06024
v -0.18230 0.51163 -0.24504
v -0.18230 0.51163 -0.24504
v -0.13490 0.50499 -0.24662
v -0.10383 0.49981 -0.24064
v -0.15759 0.59506 -0.23730
v -0.15160 0.63098 -0.05154
v -0.16282 0.56349 -0.05164
v -0.15759 0.59506 -0.23730
v -0.15642 0.59327 -0.20233
v -0.16265 0.55145 -0.16232
v -0.16000 0.58991 -0.10780
v -0.15642 0.59327 -0.20233
v -0.16000 0.58991 -0.10780
v -0.16375 0.59916 -0.23887
v -0.15759 0.59506 -0.23730
v -0.15160 0.63098 -0.05154
v -0.15535 0.63745 -0.17315
v -0.16000 0.58991 -0.10780
v -0.16289 0.59750 -0.23982
v -0.15759 0.59506 -0.23730
v -0.16375 0.59916 -0.23887
v -0.15574 0.64060 -0.23740
v -0.16375 0.59916 -0.23887
v -0.16375 0.59916 -0.23887
v -0.15574 0.64060 -0.23740
v -0.16289 0.59750 -0.23982
v -0.16271 0.54999 -0.10757
v -0.16799 0.55420 -0.23738
v -0.15759 0.59506 -0.23730
v -0.16000 0.58991 -0.10780
v -0.16271 0.54999 -0.10757
v -0.16713 0.54867 -0.10628
v -0.16271 0.54999 -0.10757
v -0.16897 0.55032 -0.11495
v -0.16699 0.54937 -0.11102
v -0.16271 0.54999 -0.10757
v -0.16265 0.55145 -0.16232
v -0.16897 0.55032 -0.11495
v -0.16713 0.54867 -0.10628
v -0.16282 0.56349 -0.05164
v -0.17733 0.50686 -0.23740
v -0.16713 0.54867 -0.10628
v -0.17230 0.49399 -0.05069
v -0.17230 0.49399 -0.05069
v -0.16699 0.54937 -0.11102
v -0.17132 0.52493 -0.11107
v -0.16699 0.54937 -0.11102
v -0.16897 0.55032 -0.11495
v -0.17321 0.53178 -0.11353
v -0.17132 0.52493 -0.11107
v -0.17808 0.50539 -0.11427
v -0.17321 0.53178 -0.11353
v -0.16897 0.55032 -0.11495
v -0.17360 0.50493 -0.16606
v -0.17312 0.49524 -0.11306
v -0.17240 0.50345 -0.11662
v -0.17035 0.49129 -0.05647
v -0.17312 0.49524 -0.11306
v -0.17512 0.50560 -0.11252
v -0.17439 0.55408 -0.24212
v -0.18250 0.50936 -0.23069
v -0.17312 0.49524 -0.11306
v -0.17512 0.50560 -0.11252
v -0.17240 0.50345 -0.11662
v -0.17808 0.50539 -0.11427
v -0.17360 0.50493 -0.16606
v -0.17240 0.50345 -0.11662
v -0.17512 0.50560 -0.11252
v -0.17808 0.50539 -0.11427
v -0.17512 0.50560 -0.11252
v -0.17733 0.50686 -0.23740
v -0.18250 0.50936 -0.23069
v -0.18230 0.51163 -0.24504
v -0.18230 0.51163 -0.24504
v -0.19510 0.41133 -0.23698
v -0.17733 0.50686 -0.23740
v -0.10383 0.49981 -0.24064
v -0.05438 0.62041 -0.05449
v -0.14571 0.63553 -0.12377
v -0.00330 0.47313 -0.05741
v -0.02409 0.47507 -0.06594
v -0.00657 0.47247 -0.06811
v -0.02409 0.47507 -0.06594
v -0.00965 0.45052 -0.06780
v -0.00657 0.47247 -0.06811
v -0.01888 0.34471 -0.05975
v -0.01697 0.34253 -0.06073
v -0.02223 0.34686 -0.06686
v -0.01888 0.34471 -0.05975
v -0.02227 0.29849 -0.05927
v -0.01697 0.34253 -0.06073
v -0.06970 0.48077 -0.05446
v -0.01745 0.38007 -0.06782
v -0.02223 0.34686 -0.06686
v -0.02557 0.26296 -0.06005
v -0.08601 0.26892 -0.05636
v -0.02557 0.26296 -0.06005
v -0.02497 0.26217 -0.06266
v -0.02227 0.29849 -0.05927
v -0.02497 0.26217 -0.06266
v -0.02557 0.26296 -0.06005
v -0.03034 0.26209 -0.06729
v -0.08686 0.48264 -0.06114
v -0.05628 0.26514 -0.06498
v -0.03841 0.15879 -0.05171
v -0.03872 0.15159 -0.05119
v -0.04120 0.13199 -0.05259
v -0.03841 0.15879 -0.05171
v -0.04120 0.13199 -0.05259
v -0.04128 0.11690 -0.05699
v -0.03034 0.26209 -0.06729
v -0.05628 0.26514 -0.06498
v -0.08321 0.16251 -0.06310
v -0.04128 0.11690 -0.05699
v -0.03920 0.11553 -0.06002
v -0.04315 0.12262 -0.09377
v -0.04198 0.08137 -0.05779
v -0.04128 0.11690 -0.05699
v -0.04198 0.08137 -0.05779
v -0.03920 0.11553 -0.06002
v -0.04315 0.12262 -0.09377
v -0.02223 0.34686 -0.06686
v -0.05558 0.35156 -0.06404
v -0.01888 0.34471 -0.05975
v -0.05423 0.35067 -0.05824
v -0.03746 0.19502 -0.06786
v -0.07452 0.35240 -0.05540
v -0.01888 0.34471 -0.05975
v -0.07452 0.35240 -0.05540
v -0.03841 0.15879 -0.05171
v -0.03746 0.19502 -0.06786
v -0.08321 0.16251 -0.06310
v -0.08686 0.48264 -0.06114
v -0.08964 0.26893 -0.06213
v -0.05558 0.35156 -0.06404
v -0.04198 0.08137 -0.05779
v -0.04120 0.13199 -0.05259
v -0.22266 0.11707 -0.05343
v -0.03872 0.15159 -0.05119
v -0.03841 0.15879 -0.05171
v -0.10401 0.16161 -0.04974
v -0.07915 0.35446 -0.06201
v -0.07915 0.35446 -0.06201
v -0.05438 0.62041 -0.05449
v -0.06970 0.48077 -0.05446
v -0.00330 0.47313 -0.05741
v -0.03841 0.15879 -0.05171
v -0.08321 0.16251 -0.06310
v -0.10401 0.16161 -0.04974
v -0.08964 0.26893 -0.06213
v -0.10683 0.35820 -0.06025
v -0.11335 0.27179 -0.06029
v -0.04789 0.01057 -0.05639
v -0.12174 0.27274 -0.05456
v -0.12695 0.48740 -0.05261
v -0.08601 0.26892 -0.05636
v -0.10683 0.35820 -0.06025
v -0.11987 0.35920 -0.05259
v -0.11987 0.35920 -0.05259
v -0.12680 0.16443 -0.06020
v -0.11335 0.27179 -0.06029
v -0.19143 0.27924 -0.05545
v -0.12680 0.16443 -0.06020
v -0.12174 0.27274 -0.05456
v -0.15760 0.37240 -0.25108
v -0.11463 0.36854 -0.24213
v -0.06411 0.36388 -0.24442
v -0.15832 0.36576 -0.05647
v -0.15760 0.37240 -0.25108
v -0.06603 0.36483 -0.25495
v -0.21635 0.28700 -0.24905
v -0.15832 0.36576 -0.05647
v -0.21598 0.16438 -0.05075
v -0.13196 0.17236 -0.24696
v -0.12397 0.08946 -0.25500
v -0.16871 0.09132 -0.25116
v -0.17035 0.49129 -0.05647
v -0.12555 0.17200 -0.23686
v -0.21035 0.28122 -0.23505
v -0.03838 0.26891 -0.23975
v -0.15550 0.37145 -0.24060
v -0.13196 0.17236 -0.24696
v -0.15633 0.17397 -0.23595
v -0.12555 0.17200 -0.23686
v -0.04789 0.01057 -0.05639
v -0.23744 0.01318 -0.11302
v -0.05074 0.00677 -0.15609
v -0.24263 0.00770 -0.22819
v -0.16186 0.00203 -0.30053
v -0.20121 0.36911 -0.04716
v -0.21598 0.16438 -0.05075
v -0.17035 0.49129 -0.05647
v -0.15633 0.17397 -0.23595
v -0.19143 0.27924 -0.05545
v -0.18234 0.27979 -0.05021
v -0.10383 0.49981 -0.24064
v -0.11463 0.36854 -0.24213
v -0.15550 0.37145 -0.24060
v -0.17230 0.49399 -0.05069
v -0.23517 0.01615 -0.05150
v -0.23701 0.07996 -0.29684
v -0.16871 0.09132 -0.25116
v -0.12397 0.08946 -0.25500
v -0.22222 0.17748 -0.23362
v -0.18234 0.27979 -0.05021
v -0.19084 0.37046 -0.05468
v -0.21635 0.28700 -0.24905
v -0.03838 0.26891 -0.23975
v -0.21035 0.28122 -0.23505
v -0.20034 0.37150 -0.04811
v -0.20755 0.37454 -0.24847
v -0.19084 0.37046 -0.05468
v -0.19143 0.27924 -0.05545
v -0.18234 0.27979 -0.05021
v -0.18347 0.27943 -0.05554
v -0.21079 0.16623 -0.05473
v -0.17312 0.49524 -0.11306
v -0.17360 0.50493 -0.16606
v -0.19985 0.37435 -0.19312
v -0.17733 0.50686 -0.23740
v -0.20167 0.37529 -0.23779
v -0.17035 0.49129 -0.05647
v -0.19606 0.37342 -0.12751
v -0.18347 0.27943 -0.05554
v -0.19700 0.28034 -0.05547
v -0.18347 0.27943 -0.05554
v -0.18234 0.27979 -0.05021
v -0.19700 0.28034 -0.05547
v -0.20167 0.37529 -0.23779
v -0.19510 0.41133 -0.23698
v -0.16186 0.00203 -0.30053
v -0.24523 0.00404 -0.30101
v -0.23701 0.07996 -0.29684
v -0.22464 0.17684 -0.24356
v -0.21124 0.28320 -0.04886
v -0.19559 0.37111 -0.09869
v -0.19084 0.37046 -0.05468
v -0.23517 0.01615 -0.05150
v -0.19319 0.37052 -0.05698
v -0.19559 0.37111 -0.09869
v -0.20034 0.37150 -0.04811
v -0.19510 0.41133 -0.23698
v -0.20368 0.37343 -0.07728
v -0.20167 0.37529 -0.23779
v -0.19606 0.37342 -0.12751
v -0.22464 0.17684 -0.24356
v -0.20083 0.25944 -0.05639
v -0.20083 0.25944 -0.05639
v -0.19700 0.28034 -0.05547
v -0.19891 0.27939 -0.06322
v -0.19891 0.27939 -0.06322
v -0.20755 0.37454 -0.24847
v -0.19985 0.37435 -0.19312
v -0.20746 0.37631 -0.20946
v -0.20034 0.37150 -0.04811
v -0.20368 0.37343 -0.07728
v -0.20121 0.36911 -0.04716
v -0.20400 0.23041 -0.05585
v -0.21124 0.28320 -0.04886
v -0.20400 0.23041 -0.05585
v -0.21553 0.16968 -0.10718
v -0.20815 0.19722 -0.05607
v -0.21803 0.28944 -0.08253
v -0.20459 0.28035 -0.12320
v -0.20459 0.28035 -0.12320
v -0.21079 0.16623 -0.05473
v -0.20652 0.28032 -0.15120
v -0.21803 0.28944 -0.08253
v -0.21124 0.28320 -0.04886
v -0.20746 0.37631 -0.20946
v -0.20815 0.19722 -0.05607
v -0.21079 0.16623 -0.05473
v -0.21553 0.16968 -0.10718
v -0.22222 0.17748 -0.23362
v -0.21035 0.28122 -0.23505
v -0.22028 0.17366 -0.17557
v -0.23359 0.09368 -0.24497
v -0.22222 0.17748 -0.23362
v -0.20755 0.37454 -0.24847
v -0.21978 0.28909 -0.22495
v -0.21978 0.28909 -0.22495
v -0.21635 0.28700 -0.24905
v -0.21035 0.28122 -0.23505
v -0.20652 0.28032 -0.15120
v -0.22267 0.17110 -0.16101
v -0.22028 0.17366 -0.17557
v -0.21635 0.28700 -0.24905
v -0.21598 0.16438 -0.05075
v -0.22731 0.11081 -0.14146
v -0.22266 0.11707 -0.05343
v -0.22267 0.17110 -0.16101
v -0.22222 0.17748 -0.23362
v -0.22553 0.11028 -0.08822
v -0.22610 0.10596 -0.06787
v -0.22464 0.17684 -0.24356
v -0.23359 0.09368 -0.24497
v -0.22464 0.17684 -0.24356
v -0.22731 0.11081 -0.14146
v -0.23320 0.11042 -0.14107
v -0.22553 0.11028 -0.08822
v -0.22818 0.07785 -0.14333
v -0.23320 0.11042 -0.14107
v -0.23310 0.07630 -0.14309
v -0.22610 0.10596 -0.06787
v -0.23320 0.11042 -0.14107
v -0.22982 0.07773 -0.16344
v -0.23310 0.07630 -0.14309
v -0.22266 0.11707 -0.05343
v -0.22610 0.10596 -0.06787
v -0.23310 0.07630 -0.14309
v -0.22982 0.07773 -0.16344
v -0.23359 0.09368 -0.24497
v -0.22818 0.07785 -0.14333
v -0.22982 0.07773 -0.16344
v -0.23310 0.07630 -0.14309
v -0.22731 0.11081 -0.14146
v -0.22818 0.07785 -0.14333
v -0.23320 0.11042 -0.14107
v -0.23359 0.09368 -0.24497
v -0.23310 0.07630 -0.14309
v -0.22266 0.11707 -0.05343
v -0.23310 0.07630 -0.14309
v -0.23517 0.01615 -0.05150
v -0.24523 0.00404 -0.30101
v -0.23359 0.09368 -0.24497
v -0.23701 0.07996 -0.29684
v -0.23744 0.01318 -0.11302
v -0.24523 0.00404 -0.30101
v -0.24263 0.00770 -0.22819
v 0.00814 0.66405 -0.04221
v -0.01265 0.66450 -0.02706
v 0.00293 0.67145 -0.04060
v 0.00045 0.69175 -0.05150
v -0.00203 0.67624 -0.05115
v 0.00293 0.67145 -0.04060
v -0.00203 0.67624 -0.05115
v -0.00674 0.66977 -0.04913
v -0.00615 0.69074 -0.06294
v 0.01120 0.69166 -0.06405
v -0.00615 0.69074 -0.06294
v -0.01181 0.66512 -0.06499
v -0.01181 0.66512 -0.06499
v -0.00674 0.66977 -0.04913
v 0.00293 0.67145 -0.04060
v -0.01181 0.66512 -0.06499
v -0.01412 0.65692 -0.06452
v 0.02105 0.69112 -0.06530
v -0.01265 0.66450 -0.02706
v -0.01181 0.66512 -0.06499
v 0.01433 0.65816 0.03974
v -0.00686 0.67691 0.06754
v -0.00987 0.65726 0.06132
v 0.00814 0.66405 -0.04221
v -0.01670 0.65550 0.01206
v -0.00243 0.70851 0.07684
v 0.01433 0.65816 0.03974
v -0.00987 0.65726 0.06132
v -0.02751 0.65989 0.04476
v -0.00514 0.66788 0.02718
v -0.01670 0.65550 0.01206
v 0.01433 0.65816 0.03974
v -0.00514 0.66788 0.02718
v 0.00040 0.66910 0.07303
v -0.00686 0.67691 0.06754
v -0.00243 0.70851 0.07684
v -0.00673 0.66644 0.06847
v -0.00674 0.66977 -0.04913
v -0.01265 0.66450 -0.02706
v -0.03465 0.65834 -0.00750
v -0.00673 0.66644 0.06847
v -0.00795 0.63836 0.06324
v -0.00686 0.67691 0.06754
v -0.00987 0.65726 0.06132
v -0.03178 0.65454 -0.00117
v -0.01553 0.67074 0.01866
v 0.00814 0.66405 -0.04221
v -0.03178 0.65454 -0.00117
v -0.00514 0.66788 0.02718
v -0.02515 0.67172 0.01196
v -0.01553 0.67074 0.01866
v -0.00673 0.66644 0.06847
v 0.00040 0.66910 0.07303
v -0.02460 0.66631 0.08657
v -0.01816 0.63730 0.05258
v -0.02751 0.65989 0.04476
v -0.02515 0.67172 0.01196
v -0.00673 0.66644 0.06847
v -0.02460 0.66631 0.08657
v -0.00795 0.63836 0.06324
v -0.02515 0.67172 0.01196
v -0.04886 0.65650 -0.02794
v -0.01181 0.66512 -0.06499
v -0.03367 0.66886 0.00245
v -0.03178 0.65454 -0.00117
v -0.01412 0.65692 -0.06452
v -0.01181 0.66512 -0.06499
v -0.04886 0.65650 -0.02794
v -0.01412 0.65692 -0.06452
v -0.06690 0.64319 -0.01938
v -0.04791 0.64226 -0.06403
v -0.05597 0.63674 0.03928
v -0.00795 0.63836 0.06324
v -0.07267 0.63646 0.05839
v -0.03178 0.65454 -0.00117
v -0.03367 0.66886 0.00245
v -0.03465 0.65834 -0.00750
v -0.04680 0.63552 0.02423
v -0.01816 0.63730 0.05258
v -0.04680 0.63552 0.02423
v -0.06641 0.63577 0.11830
v -0.04130 0.66321 0.03295
v -0.04069 0.66501 -0.01079
v -0.03367 0.66886 0.00245
v -0.02515 0.67172 0.01196
v -0.04123 0.66609 0.00302
v -0.05018 0.64903 -0.02976
v -0.05930 0.66602 0.02339
v -0.05018 0.64903 -0.02976
v -0.05930 0.66602 0.02339
v -0.04069 0.66501 -0.01079
v -0.04547 0.66097 -0.02074
v -0.04886 0.65650 -0.02794
v -0.04969 0.64498 0.02242
v -0.04130 0.66321 0.03295
v -0.04547 0.66097 -0.02074
v -0.07479 0.64017 -0.02580
v -0.04886 0.65650 -0.02794
v -0.06703 0.65757 0.00932
v -0.06767 0.64883 -0.01642
v -0.05930 0.66602 0.02339
v -0.05930 0.66602 0.02339
v -0.04969 0.64498 0.02242
v -0.04680 0.63552 0.02423
v -0.06121 0.66222 0.01677
v -0.04680 0.63552 0.02423
v -0.05597 0.63674 0.03928
v -0.06546 0.65319 0.03145
v -0.05930 0.66602 0.02339
v -0.04680 0.63552 0.02423
v -0.06258 0.65502 0.02655
v -0.06690 0.64319 -0.01938
v -0.06312 0.63655 -0.05929
v -0.06505 0.63938 0.04233
v -0.06258 0.65502 0.02655
v -0.06767 0.64883 -0.01642
v -0.05930 0.66602 0.02339
v -0.06284 0.65064 0.01747
v -0.06121 0.66222 0.01677
v -0.07245 0.64741 0.00536
v -0.06258 0.65502 0.02655
v -0.06703 0.65757 0.00932
v -0.06546 0.65319 0.03145
v -0.06505 0.63938 0.04233
v -0.06872 0.65655 0.04815
v -0.06546 0.65319 0.03145
v -0.06872 0.65655 0.04815
v -0.06505 0.63938 0.04233
v -0.07153 0.64455 0.04748
v -0.07267 0.63646 0.05839
v -0.08632 0.64528 0.02762
v -0.06284 0.65064 0.01747
v -0.06546 0.65319 0.03145
v -0.06690 0.64319 -0.01938
v -0.06767 0.64883 -0.01642
v -0.07479 0.64017 -0.02580
v -0.07635 0.64701 -0.02415
v -0.06872 0.65655 0.04815
v -0.07832 0.65082 0.03655
v -0.07481 0.64939 0.05216
v -0.06505 0.63938 0.04233
v -0.07267 0.63646 0.05839
v -0.07153 0.64455 0.04748
v -0.07635 0.64701 -0.02415
v -0.07970 0.63944 0.00008
v -0.06312 0.63655 -0.05929
v -0.07479 0.64017 -0.02580
v -0.05438 0.62041 -0.05449
v -0.06872 0.65655 0.04815
v -0.07481 0.64939 0.05216
v -0.07832 0.65082 0.03655
v -0.07481 0.64939 0.05216
v -0.08018 0.64508 -0.02600
v -0.08512 0.63786 0.03347
v -0.06703 0.65757 0.00932
v -0.07970 0.63944 0.00008
v -0.08018 0.64508 -0.02600
v -0.08018 0.64508 -0.02600
v -0.08632 0.64528 0.02762
v -0.07832 0.65082 0.03655
v -0.07979 0.64554 0.02865
v -0.07970 0.63944 0.00008
v -0.07979 0.64554 0.02865
v -0.09681 0.64153 0.07789
v -0.08564 0.63957 -0.03476
v -0.08382 0.63736 0.02955
v -0.07979 0.64554 0.02865
v -0.08382 0.63736 0.02955
v -0.08632 0.64528 0.02762
v -0.07479 0.64017 -0.02580
v -0.09060 0.63087 -0.04409
v -0.05438 0.62041 -0.05449
v -0.08564 0.63957 -0.03476
v -0.09296 0.62773 -0.03824
v -0.09060 0.63087 -0.04409
v -0.08382 0.63736 0.02955
v -0.10095 0.63517 0.01538
v -0.08632 0.64528 0.02762
v -0.09123 0.63473 -0.04254
v -0.11675 0.62627 0.00269
v -0.09296 0.62773 -0.03824
v -0.09754 0.63239 0.08559
v -0.09335 0.63188 0.09073
v -0.09123 0.63473 -0.04254
v -0.09681 0.64153 0.07789
v -0.10507 0.63555 0.07280
v -0.08512 0.63786 0.03347
v -0.10095 0.63517 0.01538
v -0.09754 0.63239 0.08559
v -0.07481 0.64939 0.05216
v -0.09896 0.63062 0.01815
v -0.09671 0.62760 -0.05305
v -0.09123 0.63473 -0.04254
v -0.09296 0.62773 -0.03824
v -0.09600 0.63989 -0.04260
v -0.09671 0.62760 -0.05305
v -0.09776 0.64041 -0.04995
v -0.09123 0.63473 -0.04254
v -0.09600 0.63989 -0.04260
v -0.09776 0.64041 -0.04995
v -0.11253 0.62329 0.00958
v -0.09776 0.64041 -0.04995
v -0.09600 0.63989 -0.04260
v -0.10572 0.63865 -0.05461
v -0.09776 0.64041 -0.04995
v -0.10572 0.63865 -0.05461
v -0.10156 0.63796 -0.05410
v -0.05438 0.62041 -0.05449
v -0.09671 0.62760 -0.05305
v -0.15160 0.63098 -0.05154
v -0.10156 0.63796 -0.05410
v -0.11253 0.62329 0.00958
v -0.12320 0.62789 0.05770
v -0.10099 0.65477 0.08022
v -0.10198 0.65562 0.08529
v -0.10099 0.65477 0.08022
v -0.10346 0.65579 0.07896
v -0.09681 0.64153 0.07789
v -0.09296 0.62773 -0.03824
v -0.10727 0.65465 -0.02933
v -0.09600 0.63989 -0.04260
v -0.10099 0.65477 0.08022
v -0.10198 0.65562 0.08529
v -0.10346 0.65579 0.07896
v -0.10660 0.69501 -0.04453
v -0.08382 0.63736 0.02955
v -0.09671 0.62760 -0.05305
v -0.10156 0.63796 -0.05410
v -0.10572 0.63865 -0.05461
v -0.10346 0.65579 0.07896
v -0.10198 0.65562 0.08529
v -0.10842 0.65478 0.08556
v -0.09600 0.63989 -0.04260
v -0.11148 0.65466 -0.05928
v -0.10572 0.63865 -0.05461
v -0.11675 0.62627 0.00269
v -0.10572 0.63865 -0.05461
v -0.10713 0.62989 -0.06024
v -0.09671 0.62760 -0.05305
v -0.10572 0.63865 -0.05461
v -0.10575 0.63708 -0.05883
v -0.10713 0.62989 -0.06024
v -0.10507 0.63555 0.07280
v -0.10575 0.63708 -0.05883
v -0.10761 0.64725 -0.05934
v -0.10713 0.62989 -0.06024
v -0.10761 0.64725 -0.05934
v -0.12091 0.65431 -0.05946
v -0.09600 0.63989 -0.04260
v -0.10660 0.69501 -0.04453
v -0.09671 0.62760 -0.05305
v -0.10713 0.62989 -0.06024
v -0.11362 0.62888 -0.05935
v -0.11675 0.62627 0.00269
v -0.10761 0.64725 -0.05934
v -0.10572 0.63865 -0.05461
v -0.11148 0.65466 -0.05928
v -0.11148 0.65466 -0.05928
v -0.09600 0.63989 -0.04260
v -0.12091 0.65431 -0.05946
v -0.12287 0.61940 -0.00043
v -0.11365 0.65578 -0.02579
v -0.12827 0.69085 -0.02793
v -0.11652 0.69461 -0.03474
v -0.10660 0.69501 -0.04453
v -0.10761 0.64725 -0.05934
v -0.11148 0.65466 -0.05928
v -0.12091 0.65431 -0.05946
v -0.12320 0.62789 0.05770
v -0.10713 0.62989 -0.06024
v -0.11339 0.69631 -0.03445
v -0.11906 0.64413 0.06707
v -0.11546 0.71400 -0.05311
v -0.12333 0.71297 -0.05941
v -0.11883 0.69715 -0.02288
v -0.15160 0.63098 -0.05154
v -0.12001 0.63487 0.00063
v -0.12827 0.69085 -0.02793
v -0.12356 0.65179 -0.00225
v -0.11362 0.62888 -0.05935
v -0.11883 0.69715 -0.02288
v -0.12618 0.69375 -0.02839
v -0.11914 0.69928 -0.02122
v -0.12435 0.62086 -0.00191
v -0.15160 0.63098 -0.05154
v -0.13380 0.62403 0.04914
v -0.12333 0.71297 -0.05941
v -0.14146 0.69203 -0.06013
v -0.14569 0.66484 -0.06024
v -0.12618 0.69375 -0.02839
v -0.16280 0.62413 0.06701
v -0.11906 0.64413 0.06707
v -0.10727 0.65465 -0.02933
v -0.12356 0.65179 -0.00225
v -0.11365 0.65578 -0.02579
v -0.12881 0.63651 0.05664
v -0.12356 0.65179 -0.00225
v -0.12001 0.63487 0.00063
v -0.12910 0.65106 -0.00287
v -0.11652 0.69461 -0.03474
v -0.12827 0.69085 -0.02793
v -0.12618 0.69375 -0.02839
v -0.12287 0.61940 -0.00043
v -0.13418 0.61750 0.00900
v -0.12435 0.62086 -0.00191
v -0.12881 0.63651 0.05664
v -0.12287 0.61940 -0.00043
v -0.13418 0.61750 0.00900
v -0.15363 0.61624 0.03050
v -0.12910 0.65106 -0.00287
v -0.12618 0.69375 -0.02839
v -0.12827 0.69085 -0.02793
v -0.13294 0.69695 -0.02984
v -0.13380 0.62403 0.04914
v -0.16003 0.64881 0.02229
v -0.14268 0.64345 0.09148
v -0.13294 0.69695 -0.02984
v -0.15818 0.68435 0.00624
v -0.14335 0.62621 0.04321
v -0.16293 0.69621 -0.00180
v -0.13294 0.69695 -0.02984
v -0.12435 0.62086 -0.00191
v -0.15706 0.63795 0.02853
v -0.14722 0.64931 0.01429
v -0.12910 0.65106 -0.00287
v -0.13418 0.61750 0.00900
v -0.15363 0.61624 0.03050
v -0.14146 0.69203 -0.06013
v -0.14116 0.70737 -0.06157
v -0.14335 0.62621 0.04321
v -0.15251 0.63951 0.09604
v -0.14571 0.63553 -0.12377
v -0.14569 0.66484 -0.06024
v -0.14569 0.66484 -0.06024
v -0.14722 0.64931 0.01429
v -0.14785 0.62567 0.04000
v -0.15363 0.61624 0.03050
v -0.14785 0.62567 0.04000
v -0.16003 0.64881 0.02229
v -0.15602 0.63442 0.08844
v -0.15615 0.65189 0.03271
v -0.15706 0.63795 0.02853
v -0.16003 0.64881 0.02229
v -0.14785 0.62567 0.04000
v -0.17090 0.64556 0.06174
v -0.17804 0.66479 0.05859
v -0.15615 0.65189 0.03271
v -0.15609 0.68775 0.00803
v -0.16293 0.69621 -0.00180
v -0.15818 0.68435 0.00624
v -0.16282 0.70779 0.00342
v -0.16090 0.67464 0.02527
v -0.15761 0.61899 0.08567
v -0.16644 0.61706 0.05837
v -0.16090 0.67464 0.02527
v -0.16850 0.68482 0.01762
v -0.16280 0.62413 0.06701
v -0.16850 0.68482 0.01762
v -0.16003 0.64881 0.02229
v -0.15706 0.63795 0.02853
v -0.16850 0.68482 0.01762
v -0.15609 0.68775 0.00803
v -0.15818 0.68435 0.00624
v -0.16850 0.68482 0.01762
v -0.16282 0.70779 0.00342
v -0.15609 0.68775 0.00803
v -0.16425 0.68744 0.01910
v -0.16425 0.68744 0.01910
v -0.16425 0.68744 0.01910
v -0.16280 0.62413 0.06701
v -0.16644 0.61706 0.05837
v -0.17570 0.64178 0.05602
v -0.17090 0.64556 0.06174
v -0.18833 0.70820 0.03530
v -0.18800 0.68831 0.05250
v -0.15438 0.62038 0.10272
v -0.16644 0.61706 0.05837
v -0.15761 0.61899 0.08567
v -0.18475 0.64033 0.04236
v -0.17804 0.66479 0.05859
v -0.20219 0.61151 0.09218
v -0.18393 0.63832 0.04523
v -0.16644 0.61706 0.05837
v -0.18893 0.63826 0.06748
v -0.17570 0.64178 0.05602
v -0.17570 0.64178 0.05602
v -0.18893 0.63826 0.06748
v -0.18393 0.63832 0.04523
v -0.19234 0.66296 0.04044
v -0.19795 0.68499 0.03951
v -0.18800 0.68831 0.05250
v -0.19131 0.69066 0.05758
v -0.19421 0.69280 0.05766
v -0.20219 0.61151 0.09218
v -0.22108 0.63311 0.08693
v -0.19234 0.66296 0.04044
v -0.18475 0.64033 0.04236
v -0.20009 0.68781 0.04525
v -0.18800 0.68831 0.05250
v -0.19131 0.69066 0.05758
v -0.18393 0.63832 0.04523
v -0.22108 0.63311 0.08693
v -0.18475 0.64033 0.04236
v -0.21196 0.63354 0.08981
v -0.07267 0.63646 0.05839
v -0.10346 0.65579 0.07896
v -0.14116 0.70737 -0.06157
v -0.00243 0.70851 0.07684
v 0.00723 0.70780 0.08327
v 0.00040 0.66910 0.07303
v 0.00723 0.70780 0.08327
v 0.00065 0.66962 0.07574
v 0.00040 0.66910 0.07303
v -0.00153 0.70725 0.09280
v 0.00723 0.70780 0.08327
v 0.00065 0.66962 0.07574
v -0.03913 0.70539 0.12888
v 0.00040 0.66910 0.07303
v -0.05833 0.66598 0.13263
v -0.02460 0.66631 0.08657
v 0.00065 0.66962 0.07574
v -0.05833 0.66598 0.13263
v -0.04039 0.66604 0.10213
v -0.04039 0.66604 0.10213
v -0.00795 0.63836 0.06324
v -0.02460 0.66631 0.08657
v -0.06641 0.63577 0.11830
v -0.05794 0.70157 0.14511
v -0.06540 0.66359 0.12457
v -0.06540 0.66359 0.12457
v -0.06166 0.66486 0.13283
v -0.06641 0.63577 0.11830
v -0.09335 0.63188 0.09073
v -0.07267 0.63646 0.05839
v -0.05833 0.66598 0.13263
v -0.05794 0.70157 0.14511
v -0.06166 0.66486 0.13283
v -0.06128 0.70139 0.14496
v -0.06166 0.66486 0.13283
v -0.06128 0.70139 0.14496
v -0.07265 0.69655 0.13351
v -0.07161 0.68137 0.13065
v -0.06166 0.66486 0.13283
v -0.06970 0.66600 0.12401
v -0.06540 0.66359 0.12457
v -0.06970 0.66600 0.12401
v -0.06540 0.66359 0.12457
v -0.06970 0.66600 0.12401
v -0.06641 0.63577 0.11830
v -0.07404 0.64170 0.11791
v -0.06641 0.63577 0.11830
v -0.07404 0.64170 0.11791
v -0.09335 0.63188 0.09073
v -0.06970 0.66600 0.12401
v -0.09466 0.67526 0.15044
v -0.07404 0.64170 0.11791
v -0.09335 0.63188 0.09073
v -0.07404 0.64170 0.11791
v -0.08202 0.64418 0.10686
v -0.07161 0.68137 0.13065
v -0.07265 0.69655 0.13351
v -0.09163 0.72092 0.15928
v -0.07404 0.64170 0.11791
v -0.08377 0.63882 0.12243
v -0.08202 0.64418 0.10686
v -0.09070 0.64881 0.09764
v -0.08377 0.63882 0.12243
v -0.07404 0.64170 0.11791
v -0.10414 0.63679 0.13878
v -0.10483 0.63701 0.14194
v -0.09754 0.63239 0.08559
v -0.10483 0.63701 0.14194
v -0.10198 0.65562 0.08529
v -0.10777 0.72214 0.17336
v -0.10990 0.66171 0.15683
v -0.10949 0.69681 0.16825
v -0.13899 0.64878 0.09825
v -0.09070 0.64881 0.09764
v -0.10842 0.65478 0.08556
v -0.10198 0.65562 0.08529
v -0.10414 0.63679 0.13878
v -0.11757 0.64088 0.12176
v -0.10414 0.63679 0.13878
v -0.10477 0.62874 0.13783
v -0.10767 0.62605 0.13336
v -0.10414 0.63679 0.13878
v -0.10477 0.62874 0.13783
v -0.11134 0.65225 0.15310
v -0.10575 0.62786 0.15113
v -0.10854 0.62787 0.14448
v -0.10768 0.64152 0.15341
v -0.10486 0.67832 0.16871
v -0.10949 0.69681 0.16825
v -0.10293 0.69449 0.17499
v -0.10477 0.62874 0.13783
v -0.10854 0.62787 0.14448
v -0.10767 0.62605 0.13336
v -0.10293 0.69449 0.17499
v -0.10949 0.69681 0.16825
v -0.10974 0.69900 0.17203
v -0.10854 0.62787 0.14448
v -0.10767 0.66016 0.16307
v -0.10990 0.66171 0.15683
v -0.10293 0.69449 0.17499
v -0.11360 0.70005 0.17711
v -0.10795 0.69776 0.18219
v -0.11045 0.65812 0.15873
v -0.11134 0.65225 0.15310
v -0.10768 0.64152 0.15341
v -0.11045 0.65812 0.15873
v -0.10575 0.62786 0.15113
v -0.10974 0.69900 0.17203
v -0.10854 0.62787 0.14448
v -0.10575 0.62786 0.15113
v -0.10953 0.62714 0.15329
v -0.11045 0.65812 0.15873
v -0.10767 0.62605 0.13336
v -0.10854 0.62787 0.14448
v -0.10953 0.62714 0.15329
v -0.11134 0.65225 0.15310
v -0.13192 0.64733 0.10551
v -0.11045 0.65812 0.15873
v -0.10953 0.62714 0.15329
v -0.10575 0.62786 0.15113
v -0.11757 0.64088 0.12176
v -0.10953 0.62714 0.15329
v -0.14043 0.62434 0.13879
v -0.10767 0.62605 0.13336
v -0.10767 0.66016 0.16307
v -0.10486 0.67832 0.16871
v -0.15103 0.69508 0.21817
v -0.11887 0.62486 0.11789
v -0.12977 0.62627 0.15039
v -0.10293 0.69449 0.17499
v -0.10346 0.65579 0.07896
v -0.14268 0.64345 0.09148
v -0.13192 0.64733 0.10551
v -0.11045 0.65812 0.15873
v -0.10767 0.66016 0.16307
v -0.15175 0.65434 0.20144
v -0.13763 0.62221 0.09789
v -0.11887 0.62486 0.11789
v -0.13388 0.62298 0.10081
v -0.13388 0.62298 0.10081
v -0.13899 0.64878 0.09825
v -0.14007 0.62698 0.09459
v -0.15000 0.62538 0.12358
v -0.14967 0.65378 0.19214
v -0.13763 0.62221 0.09789
v -0.14043 0.62434 0.13879
v -0.12977 0.62627 0.15039
v -0.14664 0.62899 0.14020
v -0.13763 0.62221 0.09789
v -0.15250 0.62826 0.10435
v -0.14007 0.62698 0.09459
v -0.14268 0.64345 0.09148
v -0.14043 0.62434 0.13879
v -0.14370 0.62129 0.13593
v -0.15000 0.62538 0.12358
v -0.15251 0.63951 0.09604
v -0.14268 0.64345 0.09148
v -0.14664 0.62899 0.14020
v -0.15822 0.62809 0.15398
v -0.14370 0.62129 0.13593
v -0.18325 0.62674 0.21363
v -0.15652 0.62656 0.15873
v -0.14370 0.62129 0.13593
v -0.14664 0.62899 0.14020
v -0.15199 0.62084 0.13878
v -0.15095 0.62876 0.14343
v -0.15095 0.62876 0.14343
v -0.15152 0.61016 0.14163
v -0.15199 0.62084 0.13878
v -0.15095 0.62876 0.14343
v -0.15250 0.62826 0.10435
v -0.15095 0.62876 0.14343
v -0.15574 0.60891 0.14594
v -0.15152 0.61016 0.14163
v -0.15665 0.62315 0.11979
v -0.15250 0.62826 0.10435
v -0.15251 0.63951 0.09604
v -0.15250 0.62826 0.10435
v -0.15602 0.63442 0.08844
v -0.16056 0.60673 0.13024
v -0.15665 0.62315 0.11979
v -0.15438 0.62038 0.10272
v -0.15761 0.61899 0.08567
v -0.15880 0.62662 0.15113
v -0.15095 0.62876 0.14343
v -0.15822 0.62809 0.15398
v -0.15880 0.62662 0.15113
v -0.15152 0.61016 0.14163
v -0.15574 0.60891 0.14594
v -0.16056 0.60673 0.13024
v -0.15665 0.62315 0.11979
v -0.14370 0.62129 0.13593
v -0.16303 0.62157 0.12549
v -0.15822 0.62809 0.15398
v -0.15199 0.62084 0.13878
v -0.15811 0.61197 0.15152
v -0.16303 0.62157 0.12549
v -0.15880 0.62662 0.15113
v -0.15665 0.62315 0.11979
v -0.17375 0.62048 0.11369
v -0.15438 0.62038 0.10272
v -0.15665 0.62315 0.11979
v -0.16582 0.62712 0.12038
v -0.17375 0.62048 0.11369
v -0.15665 0.62315 0.11979
v -0.16303 0.62157 0.12549
v -0.16582 0.62712 0.12038
v -0.17375 0.62048 0.11369
v -0.16582 0.62712 0.12038
v -0.10795 0.69776 0.18219
v -0.12977 0.62627 0.15039
v -0.08918 0.65350 0.00050
v -0.01913 0.62423 -0.23168
v 0.01131 0.62063 -0.23072
v -0.01798 0.69774 -0.22817
v -0.06926 0.72904 -0.23086
v -0.13245 0.69183 -0.23412
v -0.12182 0.73531 -0.23786
v -0.14381 0.63653 -0.18662
v -0.12619 0.73003 -0.17175
v -0.13406 0.71464 -0.12622
v -0.13597 0.71505 -0.11010
v -0.14116 0.70737 -0.06157
v -0.14146 0.69203 -0.06013
v -0.12333 0.71297 -0.05941
v -0.11546 0.71400 -0.05311
v -0.10660 0.69501 -0.04453
v -0.11339 0.69631 -0.03445
v -0.11883 0.69715 -0.02288
v -0.11914 0.69928 -0.02122
v -0.13294 0.69695 -0.02984
v -0.16293 0.69621 -0.00180
v -0.16282 0.70779 0.00342
v -0.16425 0.68744 0.01910
v -0.18833 0.70820 0.03530
v -0.19421 0.69280 0.05766
v -0.19131 0.69066 0.05758
v -0.20009 0.68781 0.04525
v -0.18800 0.68831 0.05250
v -0.19795 0.68499 0.03951
v -0.19234 0.66296 0.04044
v -0.22108 0.63311 0.08693
v -0.18393 0.63832 0.04523
v -0.21196 0.63354 0.08981
v -0.18893 0.63826 0.06748
v -0.20219 0.61151 0.09218
v -0.15438 0.62038 0.10272
v -0.17375 0.62048 0.11369
v -0.16056 0.60673 0.13024
v -0.15574 0.60891 0.14594
v -0.15880 0.62662 0.15113
v -0.15811 0.61197 0.15152
v -0.15822 0.62809 0.15398
v -0.15652 0.62656 0.15873
v -0.12977 0.62627 0.15039
v -0.18325 0.62674 0.21363
v -0.10953 0.62714 0.15329
v -0.14967 0.65378 0.19214
v -0.11045 0.65812 0.15873
v -0.15175 0.65434 0.20144
v -0.10767 0.66016 0.16307
v -0.15103 0.69508 0.21817
v -0.10795 0.69776 0.18219
v -0.11360 0.70005 0.17711
v -0.10974 0.69900 0.17203
v -0.10949 0.69681 0.16825
v -0.10777 0.72214 0.17336
v -0.09466 0.67526 0.15044
v -0.09163 0.72092 0.15928
v -0.07265 0.69655 0.13351
v -0.06128 0.70139 0.14496
v -0.05794 0.70157 0.14511
v -0.03913 0.70539 0.12888
v -0.00153 0.70725 0.09280
v 0.00723 0.70780 0.08327
v -0.00243 0.70851 0.07684
v 0.01433 0.65816 0.03974
v -0.01670 0.65550 0.01206
v 0.00814 0.66405 -0.04221
v 0.00293 0.67145 -0.04060
v -0.00203 0.67624 -0.05115
v 0.00045 0.69175 -0.05150
v -0.00615 0.69074 -0.06294
v 0.01120 0.69166 -0.06405
v -0.01181 0.66512 -0.06499
v 0.02105 0.69112 -0.06530
v -0.01412 0.65692 -0.06452
v 0.01290 0.62788 -0.06780
v 0.01249 0.61544 -0.06916
v 0.01379 0.61261 -0.05647
v 0.00722 0.55471 -0.05641
v -0.00330 0.47313 -0.05741
v -0.00216 0.47496 -0.10882
v 0.00626 0.53229 -0.10768
v -0.00135 0.51319 -0.11054
v -0.00552 0.47556 -0.11003
v 0.00062 0.53834 -0.22027
v 0.00248 0.53394 -0.22163
v 0.00057 0.53682 -0.24927
v -0.00181 0.53827 -0.23925
v 0.00334 0.57387 -0.23780
v 0.00456 0.57659 -0.24457
v 0.01127 0.61880 -0.24382
vt 0.16015 0.08522
vt 0.13823 0.05134
vt 0.16807 0.05124
vt 0.14107 0.07674
vt 0.69784 0.90537
vt 0.69906 0.89543
vt 0.72309 0.89596
vt 0.58386 0.83436
vt 0.58359 0.84832
vt 0.54941 0.84832
vt 0.22120 0.98308
vt 0.22106 0.98734
vt 0.20773 0.98739
vt 0.26786 0.53179
vt 0.27199 0.52178
vt 0.14259 0.77320
vt 0.14019 0.76287
vt 0.14259 0.76317
vt 0.02366 0.41472
vt 0.03633 0.41060
vt 0.26996 0.48273
vt 0.01990 0.52721
vt 0.01963 0.51546
vt 0.02936 0.51460
vt 0.02992 0.52744
vt 0.14060 0.79706
vt 0.14230 0.79719
vt 0.05693 0.87226
vt 0.05321 0.85397
vt 0.53476 0.83517
vt 0.03740 0.41455
vt 0.07342 0.86690
vt 0.07595 0.23933
vt 0.07482 0.24356
vt 0.56963 0.28991
vt 0.58232 0.26634
vt 0.06531 0.99385
vt 0.05576 0.99385
vt 0.06586 0.98800
vt 0.25284 0.99215
vt 0.25370 0.99275
vt 0.24571 0.99291
vt 0.07519 0.25153
vt 0.24330 0.99208
vt 0.07595 0.25155
vt 0.05596 0.98763
vt 0.49790 0.98902
vt 0.49525 0.98974
vt 0.48708 0.98974
vt 0.49573 0.98996
vt 0.16628 0.99443
vt 0.15671 0.99443
vt 0.16661 0.99406
vt 0.16972 0.99914
vt 0.17813 0.99914
vt 0.17786 0.99986
vt 0.57435 0.26683
vt 0.85071 0.00267
vt 0.84663 0.00339
vt 0.84449 0.00262
vt 0.00483 0.13611
vt 0.00303 0.13430
vt 0.00848 0.13416
vt 0.57132 0.26229
vt 0.54430 0.25990
vt 0.43172 0.95872
vt 0.42704 0.95872
vt 0.43174 0.95819
vt 0.99839 0.86257
vt 0.99788 0.86317
vt 0.99611 0.86256
vt 0.10623 0.27454
vt 0.10422 0.24749
vt 0.10623 0.26138
vt 0.48125 0.00763
vt 0.49441 0.00763
vt 0.48107 0.00839
vt 0.99547 0.62217
vt 0.99731 0.62250
vt 0.99518 0.62257
vt 0.56919 0.29830
vt 0.41211 0.95830
vt 0.54958 0.29933
vt 0.54305 0.28597
vt 0.54252 0.29972
vt 0.53242 0.30166
vt 0.52473 0.30111
vt 0.54176 0.30107
vt 0.02810 0.75882
vt 0.02946 0.75745
vt 0.02842 0.77258
vt 0.10649 0.24762
vt 0.52502 0.28982
vt 0.52562 0.26972
vt 0.52545 0.28372
vt 0.18913 0.41701
vt 0.18982 0.42639
vt 0.18849 0.42828
vt 0.85371 0.87899
vt 0.86793 0.88720
vt 0.84036 0.87944
vt 0.61777 0.93866
vt 0.61721 0.93655
vt 0.62408 0.93883
vt 0.19018 0.41807
vt 0.18949 0.43318
vt 0.18794 0.43437
vt 0.52584 0.26022
vt 0.18916 0.43982
vt 0.18770 0.44837
vt 0.18879 0.45350
vt 0.23217 0.36243
vt 0.23185 0.36923
vt 0.21733 0.37761
vt 0.18780 0.45787
vt 0.18920 0.45448
vt 0.63124 0.93877
vt 0.23243 0.35580
vt 0.23155 0.37755
vt 0.37984 0.10219
vt 0.38688 0.10798
vt 0.37477 0.12191
vt 0.20997 0.35958
vt 0.05431 0.74841
vt 0.05444 0.76089
vt 0.05367 0.75570
vt 0.20978 0.35518
vt 0.23258 0.34211
vt 0.48771 0.19719
vt 0.50469 0.20257
vt 0.49418 0.20484
vt 0.21093 0.34120
vt 0.14099 0.00046
vt 0.13504 0.00098
vt 0.13478 0.00002
vt 0.20974 0.38114
vt 0.20289 0.36100
vt 0.86747 0.87906
vt 0.49029 0.19329
vt 0.23232 0.34108
vt 0.49635 0.20867
vt 0.05412 0.76710
vt 0.20194 0.37237
vt 0.21838 0.00482
vt 0.21852 0.00401
vt 0.22975 0.00499
vt 0.51563 0.22325
vt 0.52999 0.23909
vt 0.51531 0.23414
vt 0.05035 0.35419
vt 0.05040 0.34545
vt 0.05096 0.34505
vt 0.05102 0.35095
vt 0.20099 0.35923
vt 0.22154 0.97208
vt 0.21940 0.97282
vt 0.20579 0.97163
vt 0.20539 0.97219
vt 0.23057 0.00444
vt 0.51643 0.19560
vt 0.49644 0.18584
vt 0.20388 0.35512
vt 0.19085 0.36151
vt 0.51596 0.20978
vt 0.53025 0.22533
vt 0.63307 0.93703
vt 0.19546 0.35513
vt 0.05095 0.35937
vt 0.04959 0.36416
vt 0.40685 0.00224
vt 0.39996 0.00234
vt 0.40071 0.00116
vt 0.53269 0.21918
vt 0.05093 0.36377
vt 0.52733 0.21130
vt 0.54343 0.21617
vt 0.19108 0.35537
vt 0.99669 0.38287
vt 0.99661 0.37375
vt 0.99888 0.38228
vt 0.55083 0.19818
vt 0.40684 0.00142
vt 0.07908 0.95396
vt 0.09659 0.96822
vt 0.08575 0.96826
vt 0.53970 0.19575
vt 0.07978 0.96815
vt 0.99885 0.37413
vt 0.02191 0.70138
vt 0.02241 0.70853
vt 0.01362 0.70160
vt 0.35555 0.90364
vt 0.33505 0.90567
vt 0.33570 0.90364
vt 0.36311 0.90326
vt 0.35357 0.90263
vt 0.35357 0.87552
vt 0.87136 0.89209
vt 0.89336 0.90078
vt 0.87197 0.90083
vt 0.04139 0.37465
vt 0.03928 0.35748
vt 0.04150 0.35709
vt 0.49040 0.10626
vt 0.48967 0.12046
vt 0.48115 0.12046
vt 0.36215 0.90510
vt 0.99706 0.35437
vt 0.42837 0.09138
vt 0.38995 0.09131
vt 0.41082 0.07909
vt 0.86835 0.89790
vt 0.84062 0.89929
vt 0.64005 0.93871
vt 0.03908 0.36624
vt 0.36315 0.88738
vt 0.40330 0.07428
vt 0.02589 0.30574
vt 0.02478 0.29686
vt 0.09641 0.95066
vt 0.48057 0.08275
vt 0.87090 0.88495
vt 0.19117 0.68830
vt 0.17019 0.67248
vt 0.18449 0.66772
vt 0.03920 0.37339
vt 0.16937 0.57815
vt 0.17298 0.57879
vt 0.17235 0.61654
vt 0.34435 0.09831
vt 0.18082 0.70866
vt 0.01615 0.29866
vt 0.17686 0.02894
vt 0.19657 0.02877
vt 0.21044 0.04530
vt 0.21052 0.02886
vt 0.03810 0.55831
vt 0.03850 0.56838
vt 0.03007 0.56393
vt 0.08354 0.44826
vt 0.08063 0.45450
vt 0.08149 0.43808
vt 0.03135 0.55520
vt 0.03602 0.55324
vt 0.08318 0.45373
vt 0.00999 0.54048
vt 0.00701 0.53637
vt 0.01136 0.53963
vt 0.08221 0.45502
vt 0.01099 0.53563
vt 0.14803 0.90057
vt 0.01567 0.53630
vt 0.08195 0.46046
vt 0.08138 0.46181
vt 0.12968 0.23609
vt 0.13108 0.24415
vt 0.13108 0.26473
vt 0.01652 0.53510
vt 0.08858 0.00704
vt 0.08159 0.00931
vt 0.08468 0.00470
vt 0.94522 0.04596
vt 0.94514 0.03215
vt 0.16097 0.91246
vt 0.17205 0.90206
vt 0.97876 0.05559
vt 0.96155 0.27157
vt 0.95367 0.26946
vt 0.97623 0.27150
vt 0.02971 0.08185
vt 0.02971 0.06717
vt 0.03986 0.08248
vt 0.12365 0.01329
vt 0.11969 0.01222
vt 0.13506 0.01214
vt 0.17364 0.91168
vt 0.55020 0.14843
vt 0.52782 0.14282
vt 0.13495 0.01339
vt 0.54532 0.16360
vt 0.55081 0.13678
vt 0.13090 0.23440
vt 0.55503 0.12168
vt 0.55235 0.13321
vt 0.53338 0.12882
vt 0.52596 0.14805
vt 0.53580 0.15859
vt 0.04153 0.22709
vt 0.03119 0.22282
vt 0.04047 0.21175
vt 0.13030 0.23176
vt 0.52405 0.15380
vt 0.03105 0.22719
vt 0.33568 0.90670
vt 0.35978 0.90642
vt 0.34638 0.91740
vt 0.97776 0.27036
vt 0.22678 0.19872
vt 0.22736 0.19269
vt 0.23002 0.19222
vt 0.03949 0.07118
vt 0.22644 0.21934
vt 0.22660 0.20427
vt 0.22924 0.20761
vt 0.04933 0.73117
vt 0.04126 0.72854
vt 0.33491 0.91704
vt 0.05208 0.69312
vt 0.05254 0.68166
vt 0.05452 0.67424
vt 0.03972 0.06853
vt 0.22714 0.23671
vt 0.96240 0.05649
vt 0.12100 0.01301
vt 0.19837 0.02760
vt 0.20791 0.01744
vt 0.22102 0.02662
vt 0.50209 0.02319
vt 0.47950 0.02121
vt 0.51099 0.02160
vt 0.51048 0.02333
vt 0.24275 0.24494
vt 0.24307 0.21576
vt 0.25355 0.23207
vt 0.00194 0.78233
vt 0.00341 0.78273
vt 0.00160 0.78270
vt 0.24323 0.20035
vt 0.25335 0.20059
vt 0.28641 0.99092
vt 0.27630 0.99092
vt 0.28677 0.99057
vt 0.22103 0.01703
vt 0.18988 0.01791
vt 0.18998 0.02801
vt 0.12038 0.99493
vt 0.11083 0.99577
vt 0.11035 0.99472
vt 0.00233 0.33166
vt 0.00017 0.33082
vt 0.00125 0.33090
vt 0.97514 0.30261
vt 0.97505 0.28949
vt 0.97663 0.30084
vt 0.26354 0.23301
vt 0.25911 0.24587
vt 0.05424 0.69195
vt 0.00233 0.33051
vt 0.94560 0.05694
vt 0.27587 0.24709
vt 0.26343 0.23187
vt 0.26937 0.23219
vt 0.67848 0.98905
vt 0.67867 0.99012
vt 0.67410 0.99011
vt 0.67254 0.98921
vt 0.99192 0.77562
vt 0.98549 0.77576
vt 0.98094 0.77536
vt 0.42498 0.00761
vt 0.43788 0.00761
vt 0.43669 0.00940
vt 0.27677 0.24578
vt 0.27663 0.23217
vt 0.27410 0.23212
vt 0.98056 0.74487
vt 0.99142 0.74770
vt 0.00277 0.23453
vt 0.00024 0.23453
vt 0.00091 0.23344
vt 0.13053 0.32926
vt 0.13189 0.31689
vt 0.13198 0.32874
vt 0.13120 0.32976
vt 0.66768 0.99042
vt 0.66783 0.98961
vt 0.13134 0.29978
vt 0.12992 0.30135
vt 0.99091 0.74426
vt 0.12978 0.29787
vt 0.33811 0.85335
vt 0.33771 0.87662
vt 0.32005 0.87788
vt 0.97879 0.03215
vt 0.04918 0.71378
vt 0.14097 0.55280
vt 0.13908 0.55711
vt 0.13871 0.55341
vt 0.16598 0.09459
vt 0.16135 0.09084
vt 0.16598 0.09087
vt 0.00219 0.28550
vt 0.00246 0.28607
vt 0.00055 0.28595
vt 0.19453 0.20935
vt 0.18487 0.20912
vt 0.19412 0.20886
vt 0.14123 0.56675
vt 0.14658 0.09031
vt 0.13958 0.09031
vt 0.17742 0.20908
vt 0.17743 0.22177
vt 0.01813 0.89012
vt 0.01833 0.89066
vt 0.01070 0.89059
vt 0.14289 0.68927
vt 0.14343 0.68947
vt 0.14180 0.69028
vt 0.13975 0.57032
vt 0.14174 0.69575
vt 0.01732 0.53413
vt 0.01584 0.53440
vt 0.01171 0.53443
vt 0.05134 0.78749
vt 0.05011 0.79298
vt 0.04857 0.79587
vt 0.60472 0.06933
vt 0.60986 0.06747
vt 0.62025 0.08701
vt 0.03541 0.99919
vt 0.03489 0.99981
vt 0.02765 0.99958
vt 0.04690 0.80310
vt 0.00705 0.63726
vt 0.01447 0.63726
vt 0.00735 0.63802
vt 0.04126 0.79325
vt 0.22986 0.12745
vt 0.22281 0.12745
vt 0.23049 0.12587
vt 0.22301 0.12621
vt 0.60936 0.08262
vt 0.19500 0.22109
vt 0.23048 0.12573
vt 0.21873 0.12595
vt 0.00811 0.81731
vt 0.01481 0.81244
vt 0.01491 0.82419
vt 0.16563 0.10781
vt 0.61648 0.06510
vt 0.13954 0.09736
vt 0.17993 0.49938
vt 0.16935 0.49856
vt 0.17594 0.46116
vt 0.16522 0.49870
vt 0.16372 0.49863
vt 0.16438 0.48495
vt 0.21784 0.12744
vt 0.13942 0.10233
vt 0.90548 0.88141
vt 0.93478 0.88141
vt 0.93486 0.89537
vt 0.87676 0.19192
vt 0.86810 0.19622
vt 0.86328 0.19437
vt 0.14163 0.70277
vt 0.21201 0.12757
vt 0.62117 0.06338
vt 0.19475 0.49949
vt 0.17750 0.22927
vt 0.14132 0.57878
vt 0.14290 0.70215
vt 0.13935 0.10817
vt 0.20916 0.12620
vt 0.19549 0.23066
vt 0.85907 0.19753
vt 0.14151 0.70777
vt 0.63669 0.05813
vt 0.62903 0.08453
vt 0.14252 0.70964
vt 0.20448 0.16827
vt 0.21330 0.16567
vt 0.22388 0.16527
vt 0.13934 0.11905
vt 0.36566 0.06306
vt 0.38227 0.07265
vt 0.34696 0.07393
vt 0.20113 0.12774
vt 0.84046 0.19935
vt 0.07612 0.74213
vt 0.07360 0.72486
vt 0.08297 0.72486
vt 0.14028 0.58784
vt 0.16538 0.44083
vt 0.18747 0.42230
vt 0.18626 0.45825
vt 0.20475 0.16605
vt 0.89216 0.95153
vt 0.89407 0.94628
vt 0.89436 0.95271
vt 0.28246 0.30699
vt 0.32165 0.31989
vt 0.28246 0.32781
vt 0.32204 0.34396
vt 0.30476 0.35860
vt 0.19590 0.24778
vt 0.16597 0.46164
vt 0.16488 0.12533
vt 0.16555 0.43440
vt 0.14085 0.72414
vt 0.17774 0.24202
vt 0.97000 0.01376
vt 0.99747 0.01405
vt 0.99747 0.02260
vt 0.14157 0.58834
vt 0.19715 0.46047
vt 0.16552 0.93729
vt 0.17879 0.92618
vt 0.18816 0.92618
vt 0.89354 0.93252
vt 0.14217 0.72239
vt 0.19426 0.12796
vt 0.26968 0.07384
vt 0.23232 0.07384
vt 0.26816 0.07080
vt 0.19216 0.12677
vt 0.19405 0.16856
vt 0.13933 0.12591
vt 0.00235 0.06449
vt 0.00016 0.06449
vt 0.00092 0.06364
vt 0.84169 0.20004
vt 0.19327 0.09706
vt 0.19495 0.10817
vt 0.16704 0.11309
vt 0.19481 0.12307
vt 0.19508 0.16623
vt 0.19288 0.08522
vt 0.16735 0.09939
vt 0.63507 0.05847
vt 0.63777 0.05763
vt 0.74961 0.88111
vt 0.74848 0.88121
vt 0.74993 0.87830
vt 0.99735 0.03228
vt 0.98975 0.03146
vt 0.22556 0.96235
vt 0.20901 0.96772
vt 0.20538 0.95219
vt 0.89142 0.93218
vt 0.74887 0.87515
vt 0.16705 0.09336
vt 0.16734 0.08413
vt 0.32155 0.30704
vt 0.19382 0.12848
vt 0.19409 0.13719
vt 0.19645 0.24763
vt 0.17456 0.12245
vt 0.19193 0.13290
vt 0.16691 0.12242
vt 0.19438 0.14321
vt 0.09548 0.74219
vt 0.63956 0.06169
vt 0.30738 0.08964
vt 0.30752 0.09407
vt 0.30587 0.09378
vt 0.75159 0.87811
vt 0.35642 0.05820
vt 0.19470 0.15691
vt 0.19336 0.16045
vt 0.68419 0.11922
vt 0.69032 0.11922
vt 0.68398 0.11975
vt 0.64157 0.06744
vt 0.17786 0.24810
vt 0.30762 0.08355
vt 0.29713 0.07048
vt 0.64400 0.07398
vt 0.75607 0.87405
vt 0.76416 0.87827
vt 0.29330 0.09360
vt 0.64603 0.08015
vt 0.28745 0.09342
vt 0.69064 0.13702
vt 0.68340 0.13778
vt 0.71790 0.11997
vt 0.30770 0.07657
vt 0.30813 0.07010
vt 0.84224 0.21103
vt 0.27069 0.07140
vt 0.26995 0.09317
vt 0.28282 0.07090
vt 0.16519 0.92608
vt 0.16576 0.42063
vt 0.72601 0.12070
vt 0.72031 0.13847
vt 0.78564 0.87680
vt 0.79056 0.87813
vt 0.78748 0.87956
vt 0.77000 0.87856
vt 0.84221 0.22236
vt 0.84320 0.22532
vt 0.72537 0.13904
vt 0.19865 0.09684
vt 0.21070 0.11490
vt 0.19587 0.10839
vt 0.21979 0.09984
vt 0.84444 0.23740
vt 0.20012 0.11228
vt 0.19813 0.11159
vt 0.84414 0.23952
vt 0.23323 0.11613
vt 0.23606 0.09725
vt 0.75355 0.99213
vt 0.75355 0.99336
vt 0.74245 0.99250
vt 0.21589 0.12088
vt 0.19590 0.11759
vt 0.05535 0.87316
vt 0.03925 0.86793
vt 0.05450 0.86608
vt 0.21947 0.12077
vt 0.05652 0.13281
vt 0.05652 0.15347
vt 0.05559 0.14972
vt 0.93870 0.94851
vt 0.93446 0.94926
vt 0.91715 0.94814
vt 0.00436 0.16495
vt 0.00015 0.16495
vt 0.00432 0.16387
vt 0.53640 0.00287
vt 0.52951 0.00287
vt 0.53629 0.00164
vt 0.09657 0.72478
vt 0.52917 0.00185
vt 0.73373 0.17550
vt 0.71431 0.16843
vt 0.73230 0.15433
vt 0.32215 0.35918
vt 0.69344 0.17382
vt 0.68241 0.17183
vt 0.71946 0.15476
vt 0.68019 0.15603
vt 0.69540 0.15555
vt 0.03389 0.46515
vt 0.03838 0.47329
vt 0.03243 0.46813
vt 0.01580 0.58213
vt 0.94366 0.99060
vt 0.94730 0.99334
vt 0.01686 0.57654
vt 0.94260 0.99339
vt 0.02059 0.58237
vt 0.02155 0.90026
vt 0.02254 0.89404
vt 0.03200 0.89303
vt 0.02342 0.57329
vt 0.99264 0.60472
vt 0.99735 0.60472
vt 0.93649 0.99209
vt 0.04582 0.19383
vt 0.04582 0.21157
vt 0.99604 0.61249
vt 0.04427 0.19650
vt 0.12078 0.32193
vt 0.11778 0.33830
vt 0.11168 0.33204
vt 0.10425 0.24674
vt 0.12450 0.23160
vt 0.12756 0.34824
vt 0.52851 0.89674
vt 0.52659 0.88327
vt 0.53654 0.88098
vt 0.93172 0.91352
vt 0.92392 0.90806
vt 0.94135 0.90925
vt 0.53845 0.89323
vt 0.03859 0.10639
vt 0.04249 0.10958
vt 0.03888 0.12304
vt 0.04211 0.10518
vt 0.09958 0.76514
vt 0.10488 0.77343
vt 0.10488 0.78605
vt 0.12721 0.05649
vt 0.11563 0.05339
vt 0.13162 0.05642
vt 0.12362 0.05290
vt 0.12748 0.23948
vt 0.92607 0.91470
vt 0.10718 0.76289
vt 0.10799 0.78722
vt 0.39272 0.98944
vt 0.38206 0.98944
vt 0.38697 0.98904
vt 0.02269 0.86729
vt 0.02223 0.86359
vt 0.03332 0.86814
vt 0.11569 0.04718
vt 0.12556 0.04288
vt 0.54845 0.88952
vt 0.05220 0.85459
vt 0.05387 0.86513
vt 0.04023 0.85533
vt 0.92117 0.91522
vt 0.09445 0.78504
vt 0.09271 0.76283
vt 0.91586 0.91384
vt 0.91550 0.90760
vt 0.75647 0.06347
vt 0.75323 0.06499
vt 0.75228 0.04273
vt 0.94127 0.02848
vt 0.91170 0.02573
vt 0.93034 0.01755
vt 0.28364 0.05940
vt 0.27594 0.03824
vt 0.29424 0.05841
vt 0.39041 0.97938
vt 0.38810 0.97358
vt 0.39295 0.97724
vt 0.27650 0.06136
vt 0.27596 0.04445
vt 0.11633 0.03028
vt 0.30964 0.03838
vt 0.54396 0.87875
vt 0.39459 0.97357
vt 0.64610 0.89589
vt 0.64705 0.90130
vt 0.64315 0.89424
vt 0.75551 0.04223
vt 0.63222 0.89757
vt 0.92001 0.02800
vt 0.55148 0.87453
vt 0.64639 0.88941
vt 0.39949 0.97409
vt 0.40319 0.97505
vt 0.12041 0.02921
vt 0.12761 0.03541
vt 0.64662 0.88449
vt 0.91108 0.02132
vt 0.64643 0.88066
vt 0.63226 0.88995
vt 0.63743 0.87977
vt 0.12989 0.02709
vt 0.14055 0.98306
vt 0.13088 0.98391
vt 0.12672 0.98319
vt 0.63285 0.89433
vt 0.95171 0.96730
vt 0.94431 0.96688
vt 0.94507 0.95829
vt 0.14656 0.98687
vt 0.13272 0.98687
vt 0.14277 0.98360
vt 0.75673 0.03370
vt 0.92416 0.01407
vt 0.94095 0.96442
vt 0.94748 0.95762
vt 0.75410 0.03311
vt 0.04557 0.93156
vt 0.04993 0.93713
vt 0.04557 0.93486
vt 0.04837 0.94357
vt 0.05037 0.93292
vt 0.04560 0.93928
vt 0.05253 0.93166
vt 0.01189 0.93979
vt 0.00413 0.93979
vt 0.00791 0.93358
vt 0.00216 0.12481
vt 0.00985 0.12589
vt 0.00630 0.12793
vt 0.93367 0.96646
vt 0.85973 0.04844
vt 0.85484 0.05825
vt 0.85151 0.05319
vt 0.20485 0.94048
vt 0.20619 0.94281
vt 0.20041 0.94078
vt 0.63577 0.87512
vt 0.84751 0.04711
vt 0.85421 0.04796
vt 0.00332 0.12894
vt 0.99740 0.09867
vt 0.99849 0.10615
vt 0.99477 0.10181
vt 0.20133 0.94366
vt 0.05003 0.94832
vt 0.03851 0.45548
vt 0.03851 0.47044
vt 0.03056 0.45549
vt 0.01964 0.15963
vt 0.02087 0.15553
vt 0.02639 0.15939
vt 0.99273 0.10419
vt 0.63472 0.87347
vt 0.03104 0.15518
vt 0.47112 0.92078
vt 0.47860 0.91406
vt 0.48777 0.92048
vt 0.19937 0.94366
vt 0.00323 0.28532
vt 0.00878 0.28532
vt 0.00523 0.28725
vt 0.86602 0.05882
vt 0.03042 0.15955
vt 0.99437 0.11868
vt 0.19467 0.94222
vt 0.03241 0.15626
vt 0.99501 0.27970
vt 0.99501 0.27586
vt 0.99748 0.27844
vt 0.06506 0.84154
vt 0.05798 0.84979
vt 0.04905 0.83603
vt 0.49251 0.91919
vt 0.49630 0.91452
vt 0.18962 0.93951
vt 0.07424 0.78360
vt 0.07807 0.77504
vt 0.07778 0.78409
vt 0.19031 0.94114
vt 0.87805 0.04747
vt 0.88172 0.06700
vt 0.81466 0.97162
vt 0.81399 0.97433
vt 0.49685 0.91800
vt 0.15841 0.25031
vt 0.16047 0.25463
vt 0.14412 0.26332
vt 0.86878 0.04803
vt 0.99838 0.12170
vt 0.14411 0.25315
vt 0.07570 0.77529
vt 0.18488 0.93908
vt 0.00642 0.16804
vt 0.00323 0.16655
vt 0.00879 0.16629
vt 0.05464 0.85316
vt 0.99788 0.14210
vt 0.99311 0.14210
vt 0.99535 0.14019
vt 0.18673 0.94431
vt 0.07613 0.76790
vt 0.23919 0.00283
vt 0.23687 0.00067
vt 0.24311 0.00247
vt 0.99847 0.28274
vt 0.99453 0.28274
vt 0.99606 0.28183
vt 0.60011 0.10139
vt 0.61806 0.09982
vt 0.64113 0.10027
vt 0.18420 0.94384
vt 0.14865 0.27912
vt 0.16349 0.26459
vt 0.98871 0.12036
vt 0.98849 0.12255
vt 0.70262 0.06953
vt 0.70168 0.07032
vt 0.70162 0.06371
vt 0.38278 0.30682
vt 0.38668 0.29457
vt 0.38737 0.30471
vt 0.00137 0.95246
vt 0.00337 0.95338
vt 0.00064 0.95345
vt 0.40549 0.29292
vt 0.14277 0.26444
vt 0.08033 0.00288
vt 0.08498 0.00163
vt 0.08634 0.00278
vt 0.00284 0.97261
vt 0.00284 0.97534
vt 0.00016 0.97484
vt 0.93637 0.99348
vt 0.92499 0.99348
vt 0.93123 0.98950
vt 0.07906 0.76581
vt 0.00051 0.63685
vt 0.00310 0.63329
vt 0.00649 0.63748
vt 0.00721 0.23664
vt 0.00789 0.23487
vt 0.01096 0.23433
vt 0.69693 0.06280
vt 0.48461 0.00160
vt 0.48888 0.00235
vt 0.48159 0.00241
vt 0.00355 0.23459
vt 0.99297 0.11606
vt 0.98150 0.12409
vt 0.98176 0.10053
vt 0.07379 0.27528
vt 0.07736 0.27933
vt 0.07711 0.28210
vt 0.37412 0.31075
vt 0.00991 0.08029
vt 0.01396 0.08137
vt 0.00656 0.08132
vt 0.85558 0.98590
vt 0.84437 0.98393
vt 0.85834 0.98306
vt 0.07790 0.76191
vt 0.38683 0.28916
vt 0.10682 0.01088
vt 0.11264 0.00986
vt 0.11840 0.01088
vt 0.80767 0.85721
vt 0.80999 0.85983
vt 0.80845 0.86348
vt 0.68652 0.06288
vt 0.80093 0.85443
vt 0.11371 0.00882
vt 0.69227 0.06852
vt 0.98565 0.09186
vt 0.98989 0.09163
vt 0.10906 0.00613
vt 0.07540 0.29830
vt 0.37411 0.30793
vt 0.40543 0.27994
vt 0.37297 0.30101
vt 0.79955 0.85685
vt 0.38687 0.00142
vt 0.39092 0.00070
vt 0.38645 0.00247
vt 0.07887 0.76145
vt 0.79452 0.87234
vt 0.16528 0.27025
vt 0.83135 0.87253
vt 0.82055 0.87683
vt 0.80919 0.87475
vt 0.10778 0.01004
vt 0.72996 0.88109
vt 0.73539 0.86166
vt 0.73151 0.01631
vt 0.71853 0.01929
vt 0.72860 0.01525
vt 0.68563 0.06712
vt 0.09010 0.76805
vt 0.08300 0.76613
vt 0.09092 0.76584
vt 0.05160 0.00001
vt 0.05751 0.00001
vt 0.05636 0.00099
vt 0.15451 0.00179
vt 0.14829 0.00179
vt 0.15451 0.00072
vt 0.72966 0.86530
vt 0.15001 0.28522
vt 0.15622 0.28471
vt 0.16804 0.28180
vt 0.71704 0.01746
vt 0.00333 0.96771
vt 0.00333 0.96922
vt 0.00017 0.96820
vt 0.68058 0.06310
vt 0.70042 0.01537
vt 0.74348 0.87338
vt 0.39333 0.00280
vt 0.39506 0.25808
vt 0.67641 0.06548
vt 0.40353 0.25620
vt 0.40878 0.27743
vt 0.05526 0.89335
vt 0.05760 0.87342
vt 0.06413 0.87915
vt 0.06737 0.88913
vt 0.05234 0.88775
vt 0.04874 0.87612
vt 0.64143 0.91653
vt 0.63499 0.91597
vt 0.72210 0.87082
vt 0.74410 0.87818
vt 0.22816 0.18924
vt 0.20156 0.20165
vt 0.65294 0.91562
vt 0.70656 0.01695
vt 0.67414 0.06600
vt 0.66871 0.06319
vt 0.72036 0.87237
vt 0.37495 0.25264
vt 0.74020 0.87947
vt 0.67227 0.07779
vt 0.66932 0.07243
vt 0.06298 0.87292
vt 0.25163 0.57890
vt 0.26432 0.58814
vt 0.26463 0.59684
vt 0.25067 0.59080
vt 0.01617 0.95293
vt 0.02206 0.95473
vt 0.01572 0.95471
vt 0.02482 0.95018
vt 0.67070 0.08790
vt 0.73722 0.88537
vt 0.72540 0.88294
vt 0.24889 0.60088
vt 0.39341 0.25031
vt 0.26459 0.57828
vt 0.66725 0.09308
vt 0.53711 0.93466
vt 0.53896 0.92959
vt 0.53764 0.95029
vt 0.21968 0.00045
vt 0.21969 0.00229
vt 0.21324 0.00229
vt 0.24124 0.61571
vt 0.24158 0.60664
vt 0.24735 0.60681
vt 0.66928 0.09386
vt 0.21391 0.00021
vt 0.99435 0.37260
vt 0.98972 0.37429
vt 0.99027 0.36318
vt 0.99376 0.36276
vt 0.25832 0.61698
vt 0.26451 0.60785
vt 0.05707 0.95040
vt 0.07607 0.94687
vt 0.06432 0.94964
vt 0.98363 0.36132
vt 0.99396 0.35406
vt 0.06331 0.93048
vt 0.98443 0.36260
vt 0.07985 0.46321
vt 0.06929 0.47165
vt 0.06877 0.46418
vt 0.72864 0.93536
vt 0.72118 0.93470
vt 0.72921 0.92951
vt 0.98463 0.35132
vt 0.98631 0.34193
vt 0.99322 0.34307
vt 0.26706 0.60882
vt 0.26777 0.61016
vt 0.07988 0.48398
vt 0.09772 0.79177
vt 0.10776 0.81588
vt 0.09772 0.81608
vt 0.07215 0.22194
vt 0.06679 0.21943
vt 0.06569 0.22193
vt 0.41579 0.92452
vt 0.43931 0.92452
vt 0.41504 0.92583
vt 0.70758 0.93442
vt 0.83015 0.97297
vt 0.74262 0.85537
vt 0.18826 0.18960
vt 0.49599 0.96057
vt 0.49599 0.96585
vt 0.47798 0.96178
vt 0.76572 0.96580
vt 0.74778 0.96580
vt 0.74730 0.96463
vt 0.20506 0.38281
vt 0.20455 0.37695
vt 0.18670 0.37875
vt 0.20689 0.40644
vt 0.76341 0.08210
vt 0.80144 0.08059
vt 0.77596 0.08546
vt 0.76416 0.08109
vt 0.18928 0.41594
vt 0.78603 0.08518
vt 0.18642 0.36241
vt 0.16367 0.37546
vt 0.17635 0.36241
vt 0.20018 0.37633
vt 0.20632 0.41785
vt 0.80134 0.08558
vt 0.20170 0.36345
vt 0.80265 0.08163
vt 0.12953 0.26669
vt 0.11822 0.25320
vt 0.12899 0.23932
vt 0.04131 0.33901
vt 0.04131 0.35615
vt 0.03978 0.33854
vt 0.03978 0.35604
vt 0.68126 0.96705
vt 0.66377 0.96732
vt 0.66744 0.96061
vt 0.67442 0.96148
vt 0.00798 0.62542
vt 0.00253 0.62542
vt 0.00413 0.62383
vt 0.68208 0.96166
vt 0.87187 0.98313
vt 0.87283 0.98518
vt 0.85890 0.98321
vt 0.86139 0.98684
vt 0.04264 0.34005
vt 0.04645 0.34224
vt 0.04297 0.35765
vt 0.90009 0.39057
vt 0.90592 0.40659
vt 0.88854 0.39119
vt 0.44531 0.01357
vt 0.46046 0.01804
vt 0.45426 0.01916
vt 0.90747 0.39260
vt 0.91449 0.39320
vt 0.92710 0.40643
vt 0.55511 0.89287
vt 0.55598 0.88790
vt 0.56140 0.89313
vt 0.44853 0.02132
vt 0.46953 0.01154
vt 0.47440 0.01285
vt 0.45763 0.01201
vt 0.45653 0.01298
vt 0.44229 0.01380
vt 0.88768 0.40905
vt 0.44095 0.02447
vt 0.92845 0.41609
vt 0.89993 0.41425
vt 0.91659 0.41623
vt 0.58077 0.87538
vt 0.56752 0.89288
vt 0.57730 0.89027
vt 0.57573 0.89278
vt 0.55583 0.87599
vt 0.56586 0.87609
vt 0.92684 0.89303
vt 0.92571 0.89655
vt 0.92312 0.89735
vt 0.88730 0.40763
vt 0.88362 0.40797
vt 0.89527 0.41404
vt 0.96263 0.96701
vt 0.96580 0.96616
vt 0.96368 0.97328
vt 0.08615 0.94317
vt 0.09399 0.93946
vt 0.09406 0.94386
vt 0.99520 0.71959
vt 0.99217 0.71785
vt 0.99731 0.71789
vt 0.00005 0.21182
vt 0.00445 0.21182
vt 0.00357 0.21360
vt 0.88373 0.41146
vt 0.07742 0.94288
vt 0.07721 0.93979
vt 0.00387 0.08697
vt 0.00026 0.08274
vt 0.00387 0.08271
vt 0.07577 0.94097
vt 0.96578 0.97798
vt 0.74632 0.98383
vt 0.73833 0.98313
vt 0.75266 0.98347
vt 0.00013 0.08568
vt 0.00442 0.93697
vt 0.00223 0.93941
vt 0.00059 0.93825
vt 0.96408 0.98129
vt 0.45576 0.99787
vt 0.45064 0.99832
vt 0.44665 0.99768
vt 0.07261 0.93902
vt 0.57614 0.87578
vt 0.97649 0.87977
vt 0.99076 0.87879
vt 0.99080 0.88079
vt 0.91744 0.88952
vt 0.76960 0.18584
vt 0.75427 0.18314
vt 0.76802 0.17686
vt 0.15209 0.55783
vt 0.14464 0.55328
vt 0.15113 0.52224
vt 0.91447 0.89642
vt 0.76037 0.18699
vt 0.13820 0.54865
vt 0.57841 0.89389
vt 0.58503 0.87551
vt 0.90825 0.88491
vt 0.10679 0.30076
vt 0.10429 0.30051
vt 0.10429 0.27382
vt 0.75065 0.16475
vt 0.76129 0.17135
vt 0.75268 0.16557
vt 0.90415 0.89544
vt 0.90384 0.88343
vt 0.90055 0.89293
vt 0.74828 0.17757
vt 0.97367 0.85645
vt 0.90196 0.89543
vt 0.86187 0.99842
vt 0.85509 0.99596
vt 0.86413 0.99564
vt 0.02130 0.89298
vt 0.02050 0.90081
vt 0.01857 0.89387
vt 0.89999 0.88525
vt 0.58876 0.97478
vt 0.59013 0.97279
vt 0.59670 0.97279
vt 0.01415 0.90060
vt 0.01124 0.89624
vt 0.09512 0.23110
vt 0.09606 0.23924
vt 0.86381 0.99985
vt 0.74453 0.22114
vt 0.09826 0.24020
vt 0.00391 0.83347
vt 0.00340 0.83766
vt 0.00009 0.83463
vt 0.00117 0.83870
vt 0.09484 0.23354
vt 0.03872 0.26445
vt 0.04372 0.26391
vt 0.04694 0.26661
vt 0.74442 0.16954
vt 0.00454 0.21718
vt 0.01347 0.21442
vt 0.01304 0.21718
vt 0.59921 0.97017
vt 0.60543 0.97458
vt 0.04596 0.71592
vt 0.04171 0.72064
vt 0.04278 0.71280
vt 0.03800 0.25770
vt 0.04030 0.72814
vt 0.03795 0.72057
vt 0.03562 0.71301
vt 0.00528 0.21215
vt 0.02211 0.00015
vt 0.02794 0.00015
vt 0.02706 0.00135
vt 0.03615 0.76008
vt 0.03348 0.75922
vt 0.03870 0.75379
vt 0.64561 0.99947
vt 0.63617 0.99947
vt 0.64534 0.99553
vt 0.00990 0.95100
vt 0.63749 0.99571
vt 0.00261 0.94964
vt 0.04500 0.25615
vt 0.00928 0.94965
vt 0.52320 0.90527
vt 0.53225 0.90383
vt 0.52627 0.90997
vt 0.01343 0.62216
vt 0.00994 0.62509
vt 0.00509 0.62230
vt 0.00002 0.82533
vt 0.00398 0.82533
vt 0.00293 0.82883
vt 0.04536 0.24890
vt 0.04788 0.25390
vt 0.13842 0.54440
vt 0.10385 0.22876
vt 0.67043 0.68833
vt 0.67043 0.68833
vt 0.67043 0.68833
vt 0.67043 0.68833
vt 0.67043 0.68833
vt 0.67043 0.68833
vt 0.67043 0.68833
vt 0.67043 0.68833
vt 0.67043 0.68833
vt 0.67043 0.68833
vt 0.67043 0.68833
vt 0.67043 0.68833
vt 0.67043 0.68833
vt 0.67043 0.68833
vt 0.67043 0.68833
vt 0.67043 0.68833
vt 0.67043 0.68833
vt 0.67043 0.68833
vt 0.67043 0.68833
vt 0.67043 0.68833
vt 0.67043 0.68833
vt 0.67043 0.68833
vt 0.67043 0.68833
vt 0.67043 0.68833
vt 0.67043 0.68833
vt 0.67043 0.68833
vt 0.67043 0.68833
vt 0.67043 0.68833
vt 0.67043 0.68833
vt 0.67043 0.68833
vt 0.67043 0.68833
vt 0.67043 0.68833
vt 0.67043 0.68833
vt 0.67043 0.68833
vt 0.67043 0.68833
vt 0.67043 0.68833
vt 0.67043 0.68833
vt 0.67043 0.68833
vt 0.67043 0.68833
vt 0.67043 0.68833
vt 0.67043 0.68833
vt 0.67043 0.68833
vt 0.67043 0.68833
vt 0.67043 0.68833
vt 0.67043 0.68833
vt 0.67043 0.68833
vt 0.67043 0.68833
vt 0.67043 0.68833
vt 0.67043 0.68833
vt 0.67043 0.68833
vt 0.67043 0.68833
vt 0.67043 0.68833
vt 0.67043 0.68833
vt 0.67043 0.68833
vt 0.67043 0.68833
vt 0.67043 0.68833
vt 0.67043 0.68833
vt 0.67043 0.68833
vt 0.67043 0.68833
vt 0.67043 0.68833
vt 0.67043 0.68833
vt 0.67043 0.68833
vt 0.67043 0.68833
vt 0.67043 0.68833
vt 0.67043 0.68833
vt 0.67043 0.68833
vt 0.67043 0.68833
vt 0.67043 0.68833
vt 0.67043 0.68833
vt 0.67043 0.68833
vt 0.67043 0.68833
vt 0.67043 0.68833
vt 0.67043 0.68833
vt 0.67043 0.68833
vt 0.67043 0.68833
vt 0.67043 0.68833
vt 0.67043 0.68833
vt 0.67043 0.68833
vt 0.67043 0.68833
vt 0.67043 0.68833
vt 0.67043 0.68833
vt 0.67043 0.68833
vt 0.67043 0.68833
vt 0.67043 0.68833
vt 0.67043 0.68833
vt 0.67043 0.68833
vt 0.67043 0.68833
vt 0.67043 0.68833
vt 0.67043 0.68833
vt 0.67043 0.68833
vt 0.67043 0.68833
vt 0.67043 0.68833
vn 0.0544 0.0033 -0.9985
vn 0.0242 0.0474 -0.9986
vn 0.0378 0.0287 -0.9989
vn 0.0449 0.0159 -0.9989
vn 0.0372 0.0472 -0.9982
vn 0.0372 0.0472 -0.9982
vn 0.0372 0.0472 -0.9982
vn -0.0253 0.0236 -0.9994
vn -0.0248 0.0217 -0.9995
vn -0.0264 0.0282 -0.9993
vn 0.0886 0.9741 0.2081
vn 0.0886 0.9741 0.2081
vn 0.0886 0.9741 0.2081
vn 0.1192 0.9829 -0.1407
vn 0.1157 0.9820 -0.1490
vn -0.1429 -0.9672 -0.2100
vn -0.1773 -0.9140 -0.3650
vn -0.1833 -0.9004 -0.3946
vn 0.0699 -0.1109 0.9914
vn 0.0699 -0.1109 0.9914
vn 0.1150 0.9819 -0.1507
vn -0.0332 0.0360 -0.9988
vn -0.0437 0.0470 -0.9979
vn -0.0357 0.0385 -0.9986
vn -0.0259 0.0283 -0.9993
vn -0.1203 -0.9221 -0.3677
vn -0.1190 -0.9181 -0.3781
vn 0.0015 0.0127 -0.9999
vn 0.0015 0.0127 -0.9999
vn -0.0267 0.0294 -0.9992
vn 0.0699 -0.1109 0.9914
vn 0.0015 0.0127 -0.9999
vn 0.4231 -0.0341 -0.9055
vn 0.4854 -0.0632 -0.8720
vn 0.9918 -0.1264 -0.0170
vn 0.9902 -0.1377 -0.0233
vn 0.9859 -0.1452 -0.0834
vn 0.9865 -0.1431 -0.0796
vn 0.9862 -0.1440 -0.0812
vn 0.5232 -0.0500 0.8507
vn 0.5144 -0.0475 0.8562
vn 0.6911 -0.1001 0.7158
vn 0.3452 -0.0329 -0.9380
vn 0.6961 -0.1017 0.7107
vn 0.3344 -0.0305 -0.9419
vn 0.9868 -0.1420 -0.0776
vn 0.2886 -0.9574 0.0120
vn 0.3911 -0.9203 -0.0060
vn 0.4723 -0.8812 -0.0209
vn 0.0133 -0.9983 0.0570
vn 0.7613 -0.0879 -0.6424
vn 0.7613 -0.0879 -0.6424
vn 0.7613 -0.0879 -0.6424
vn -0.1483 -0.9858 -0.0783
vn -0.1483 -0.9858 -0.0783
vn -0.1483 -0.9858 -0.0783
vn 0.9877 -0.1532 -0.0325
vn 0.7200 -0.6893 -0.0808
vn 0.7200 -0.6893 -0.0808
vn 0.7200 -0.6893 -0.0808
vn -0.9689 -0.1342 0.2080
vn -0.9689 -0.1342 0.2080
vn -0.9689 -0.1342 0.2080
vn 0.9917 -0.1254 -0.0300
vn 0.9935 -0.1085 -0.0355
vn 0.8536 -0.1126 0.5086
vn 0.7886 -0.0882 0.6086
vn 0.8493 -0.1108 0.5161
vn -0.1833 -0.9345 -0.3051
vn -0.1833 -0.9345 -0.3051
vn -0.1833 -0.9345 -0.3051
vn -0.9485 0.1448 -0.2817
vn -0.9600 0.1388 -0.2430
vn -0.9492 0.1445 -0.2797
vn 0.7088 -0.0683 -0.7021
vn 0.7088 -0.0683 -0.7021
vn 0.7088 -0.0683 -0.7021
vn -0.6389 -0.6048 -0.4754
vn -0.6389 -0.6048 -0.4754
vn -0.6389 -0.6048 -0.4754
vn 0.9918 -0.1273 -0.0140
vn 0.7859 -0.0872 0.6121
vn 0.9908 -0.1350 -0.0005
vn 0.9946 -0.1001 -0.0269
vn 0.9898 -0.1423 0.0028
vn 0.9349 -0.1013 0.3402
vn 0.9965 -0.0781 -0.0302
vn 0.9934 -0.0975 -0.0596
vn 0.5935 0.8027 0.0583
vn 0.5935 0.8027 0.0583
vn 0.5935 0.8027 0.0583
vn -0.9606 0.1385 -0.2411
vn 0.9982 -0.0582 -0.0152
vn 0.9942 -0.0893 -0.0594
vn 0.9983 -0.0503 -0.0309
vn 0.0637 -0.9964 -0.0555
vn 0.0684 -0.9960 -0.0581
vn 0.0698 -0.9954 -0.0663
vn 0.0143 0.0048 -0.9999
vn -0.0283 0.0247 -0.9993
vn -0.0208 0.0137 -0.9997
vn 0.0705 0.9894 -0.1267
vn 0.0746 0.9913 -0.1086
vn 0.0760 0.9908 -0.1118
vn 0.0623 -0.9965 -0.0553
vn 0.1658 -0.9827 -0.0830
vn 0.1870 -0.9800 -0.0686
vn 0.9861 -0.1277 -0.1063
vn 0.1834 -0.9816 -0.0531
vn 0.3033 -0.9518 -0.0448
vn 0.5063 -0.8570 -0.0957
vn 0.9945 -0.0990 -0.0337
vn 0.9938 -0.1042 -0.0393
vn 0.9960 -0.0781 -0.0439
vn 0.5387 -0.8370 -0.0955
vn 0.5838 -0.8074 -0.0855
vn 0.1000 0.9945 0.0296
vn 0.9943 -0.0989 -0.0397
vn 0.9936 -0.1052 -0.0412
vn -0.0257 0.0025 -0.9997
vn -0.0099 0.0080 -0.9999
vn -0.0302 0.0010 -0.9995
vn 0.9960 -0.0777 -0.0433
vn 0.6591 0.7478 0.0801
vn 0.4500 0.8899 0.0745
vn 0.6520 0.7540 0.0800
vn 0.9932 -0.1005 -0.0595
vn 0.9730 -0.1090 -0.2034
vn 0.9936 -0.0931 -0.0637
vn 0.9978 -0.0602 -0.0283
vn 0.9926 -0.1095 -0.0515
vn 0.9859 -0.1280 -0.1082
vn 0.8847 0.4645 -0.0391
vn 0.8847 0.4645 -0.0391
vn 0.8847 0.4645 -0.0391
vn 0.9971 -0.0563 -0.0510
vn 0.9926 -0.0735 -0.0968
vn -0.0125 0.0254 -0.9996
vn 0.9941 -0.0849 -0.0679
vn 0.9233 -0.1057 -0.3694
vn 0.9926 -0.1136 -0.0435
vn 0.4396 0.8951 0.0742
vn 0.9958 -0.0805 -0.0430
vn 0.0077 -0.0245 -0.9997
vn 0.0138 -0.0256 -0.9996
vn 0.1994 -0.0598 -0.9781
vn 0.9947 -0.0589 -0.0842
vn 0.9930 -0.0847 -0.0830
vn 0.9916 -0.0939 -0.0889
vn 0.5365 -0.0630 0.8415
vn 0.7825 -0.0784 0.6177
vn 0.7622 -0.0786 0.6426
vn 0.4638 -0.0739 0.8828
vn 0.9894 -0.1089 -0.0961
vn 0.8357 0.5489 -0.0176
vn 0.8352 0.5496 -0.0175
vn 0.8070 0.5905 -0.0085
vn 0.8061 0.5917 -0.0082
vn 0.2049 -0.0608 -0.9769
vn 0.9989 -0.0373 -0.0271
vn 0.9968 -0.0605 -0.0521
vn 0.9841 -0.1126 -0.1375
vn 0.9911 -0.1281 -0.0356
vn 0.9985 -0.0311 -0.0457
vn 0.9923 -0.0776 -0.0966
vn 0.0978 0.9944 0.0411
vn 0.9859 -0.0817 -0.1459
vn 0.4432 -0.0347 0.8957
vn 0.5482 -0.0098 0.8363
vn 0.2873 0.9571 0.0384
vn 0.4352 0.9003 0.0109
vn 0.4250 0.9051 0.0129
vn 0.9936 0.0446 -0.1036
vn 0.5712 -0.0045 0.8208
vn 0.9957 0.0640 -0.0669
vn 0.9949 0.0204 -0.0984
vn 0.9915 -0.1145 -0.0618
vn 0.1020 0.9944 -0.0263
vn 0.0835 0.9943 0.0667
vn 0.0985 0.9951 -0.0121
vn 0.9959 -0.0145 -0.0898
vn 0.2665 0.9629 0.0421
vn -0.0564 0.1098 -0.9923
vn -0.0537 0.1048 -0.9930
vn -0.0717 0.1261 -0.9894
vn 0.9968 -0.0135 -0.0788
vn -0.0755 0.1364 -0.9878
vn 0.0804 0.9939 0.0751
vn -0.0114 0.0265 -0.9996
vn -0.0114 0.0265 -0.9996
vn -0.0114 0.0265 -0.9996
vn -0.1081 -0.9556 -0.2740
vn -0.1190 -0.9111 -0.3947
vn -0.1197 -0.9074 -0.4029
vn -0.0374 0.0761 -0.9964
vn -0.0364 0.0719 -0.9968
vn -0.0386 0.0816 -0.9959
vn -0.0421 0.0032 -0.9991
vn -0.0518 0.0084 -0.9986
vn -0.0663 0.0163 -0.9977
vn 0.0560 0.9982 -0.0214
vn 0.0654 0.9807 -0.1842
vn 0.0666 0.9771 -0.2022
vn 0.0350 0.9392 -0.3417
vn 0.0013 0.9223 -0.3864
vn 0.0170 0.9305 -0.3658
vn -0.1077 -0.9570 -0.2694
vn 0.0853 0.9936 0.0742
vn -0.0191 -0.9987 0.0475
vn -0.0196 -0.9986 0.0486
vn -0.0195 -0.9986 0.0484
vn -0.0364 0.0219 -0.9991
vn -0.0267 0.0135 -0.9996
vn 0.0959 0.9945 0.0431
vn 0.0508 0.9985 0.0195
vn -0.0408 0.0909 -0.9950
vn -0.0202 -0.9985 0.0502
vn -0.0124 0.0023 -0.9999
vn -0.0124 0.0023 -0.9999
vn -0.0411 0.0925 -0.9949
vn 0.0432 0.9428 -0.3307
vn -0.0286 -0.0041 -0.9996
vn 0.0003 0.0400 -0.9992
vn 0.0044 0.0339 -0.9994
vn 0.0092 0.0268 -0.9996
vn 0.0551 0.9985 0.0005
vn -0.0814 -0.9523 -0.2940
vn -0.0814 -0.9523 -0.2940
vn -0.0814 -0.9523 -0.2940
vn -0.0383 -0.0019 -0.9993
vn -0.0028 0.0446 -0.9990
vn -0.0124 0.0023 -0.9999
vn 0.0157 -0.0144 0.9998
vn 0.0193 -0.0110 0.9998
vn 0.0238 -0.0068 0.9997
vn 0.0286 -0.0022 0.9996
vn 0.0441 -0.0536 0.9976
vn 0.0580 -0.0585 0.9966
vn 0.0488 -0.0552 0.9973
vn 0.1175 0.9880 0.1006
vn 0.1304 0.9871 0.0929
vn 0.1159 0.9885 0.0967
vn 0.0363 -0.0508 0.9980
vn 0.0361 -0.0509 0.9980
vn 0.1197 0.9851 0.1238
vn 0.5704 -0.1155 0.8132
vn 0.3705 -0.0194 0.9286
vn 0.3194 -0.0820 0.9441
vn 0.1185 0.9872 0.1069
vn 0.1644 -0.0719 0.9838
vn 0.0646 0.0364 -0.9972
vn 0.1498 -0.2927 0.9444
vn 0.2341 0.9240 -0.3023
vn 0.2411 0.9083 -0.3417
vn 0.1347 0.8795 -0.4565
vn 0.1231 0.9211 -0.3693
vn 0.1224 0.9231 -0.3646
vn 0.2022 -0.3580 0.9116
vn 0.0756 -0.2461 -0.9663
vn 0.0756 -0.2461 -0.9663
vn 0.0756 -0.2461 -0.9663
vn 0.0339 0.0003 0.9994
vn 0.0319 -0.0033 0.9995
vn 0.0466 0.0012 -0.9989
vn 0.0447 0.0065 -0.9990
vn 0.0276 -0.0027 0.9996
vn 0.1121 0.9880 0.1065
vn 0.1075 0.9931 0.0476
vn 0.0301 0.9980 -0.0564
vn 0.0085 -0.0014 -1.0000
vn 0.0107 0.0030 -0.9999
vn 0.0060 0.0035 -1.0000
vn -0.0985 -0.7616 -0.6405
vn -0.1257 -0.8039 -0.5813
vn -0.0763 -0.9157 -0.3944
vn 0.0427 0.0056 -0.9991
vn -0.9763 0.1983 -0.0871
vn -0.9812 0.1899 -0.0351
vn -0.0747 -0.9240 -0.3751
vn -0.9731 0.2286 0.0295
vn -0.9805 0.1715 -0.0957
vn 0.1302 0.8749 -0.4664
vn -0.9872 0.1354 -0.0842
vn -0.9853 0.1381 -0.1010
vn -0.9886 0.1423 -0.0495
vn -0.9744 0.2231 0.0285
vn -0.9650 0.2427 0.0995
vn -0.0435 0.0408 -0.9982
vn -0.0580 0.0499 -0.9971
vn -0.0262 0.0299 -0.9992
vn 0.1283 0.8741 -0.4685
vn -0.9708 0.2299 0.0686
vn -0.0911 0.0708 -0.9933
vn -0.0249 0.0713 -0.9971
vn -0.0270 0.0697 -0.9972
vn -0.0257 0.0707 -0.9972
vn 0.0159 0.9989 -0.0452
vn 0.1025 0.9932 0.0548
vn 0.0053 0.9955 0.0950
vn 0.0378 0.9960 0.0807
vn 0.0153 0.0043 -0.9999
vn -0.0723 0.9960 0.0530
vn 0.1393 0.9889 0.0512
vn 0.0994 0.9946 0.0291
vn -0.9856 0.1539 -0.0708
vn -0.9856 0.1539 -0.0708
vn -0.0230 0.0729 -0.9971
vn -0.1085 -0.8875 -0.4479
vn -0.1415 -0.9831 -0.1161
vn -0.1269 -0.9496 -0.2866
vn 0.0364 -0.0073 -0.9993
vn -0.0858 0.9948 0.0556
vn 0.0226 -0.0022 0.9997
vn -0.1534 -0.8508 -0.5027
vn -0.9786 0.2018 0.0409
vn -0.9912 0.1322 0.0013
vn -0.9961 0.0872 -0.0132
vn -0.4715 -0.8806 -0.0475
vn -0.4661 -0.8834 -0.0490
vn -0.5374 -0.8429 -0.0282
vn -0.5491 -0.8354 -0.0246
vn -0.9867 0.1593 0.0330
vn -0.9870 0.1573 0.0344
vn -0.9867 0.1598 0.0308
vn -0.5504 -0.6111 0.5689
vn -0.5504 -0.6111 0.5689
vn -0.5504 -0.6111 0.5689
vn -0.9818 0.1894 0.0151
vn -0.9843 0.1746 0.0241
vn -0.5983 0.1436 -0.7883
vn -0.5983 0.1436 -0.7883
vn -0.5983 0.1436 -0.7883
vn -0.9977 0.0677 0.0007
vn -0.9709 0.2311 0.0628
vn -0.9682 0.2463 0.0449
vn -0.2836 0.0139 -0.9589
vn -0.2836 0.0139 -0.9589
vn -0.2836 0.0139 -0.9589
vn -0.2930 0.9364 0.1933
vn -0.4529 0.7867 0.4194
vn -0.4041 0.8460 0.3478
vn 0.0214 0.9994 0.0266
vn 0.0604 0.9977 0.0318
vn 0.0222 0.9994 0.0270
vn -0.9861 0.1639 0.0283
vn -0.9877 0.1521 0.0367
vn -0.1047 -0.8729 -0.4764
vn -0.2481 0.9595 0.1333
vn 0.0433 0.0076 0.9990
vn -0.9966 -0.0724 0.0401
vn -0.9847 0.1744 -0.0039
vn -0.9688 0.2002 -0.1458
vn -0.8251 0.2170 0.5216
vn -0.8459 0.2302 0.4811
vn -0.6444 0.1159 0.7559
vn -0.6310 0.0960 0.7699
vn -0.9795 0.1991 0.0317
vn -0.9068 0.1781 -0.3822
vn -0.9800 0.1970 0.0284
vn -0.9948 0.0985 0.0271
vn -0.9948 0.0985 0.0271
vn -0.9948 0.0985 0.0271
vn -0.8120 -0.5837 -0.0010
vn -0.9786 -0.2056 0.0088
vn -0.9991 0.0054 0.0412
vn -0.9812 0.1886 0.0410
vn -0.9815 0.1882 0.0342
vn -0.8579 -0.1399 -0.4945
vn -0.8579 -0.1399 -0.4945
vn -0.8579 -0.1399 -0.4945
vn -0.2594 -0.9526 0.1590
vn -0.3303 -0.9437 -0.0193
vn -0.2960 -0.9525 0.0714
vn -0.1558 -0.9131 0.3767
vn -0.5297 0.0447 0.8470
vn -0.5095 0.0356 0.8597
vn -0.5304 -0.8424 -0.0954
vn -0.4672 -0.8834 -0.0354
vn -0.9832 0.1822 0.0145
vn -0.5686 -0.8112 -0.1364
vn -0.0436 0.0037 -0.9990
vn -0.0436 0.0037 -0.9990
vn -0.0436 0.0037 -0.9990
vn 0.0306 -0.0025 0.9995
vn -0.9856 0.1539 -0.0708
vn -0.1266 -0.9884 0.0837
vn -0.1159 -0.9917 0.0549
vn -0.1335 -0.9859 0.1011
vn 0.0964 -0.0060 0.9953
vn 0.1103 -0.0102 0.9938
vn 0.1226 -0.0029 0.9925
vn 0.7154 0.6869 -0.1282
vn 0.7154 0.6869 -0.1282
vn 0.7154 0.6869 -0.1282
vn 0.2035 -0.0048 0.9791
vn 0.0693 -0.0160 0.9975
vn 0.4349 -0.0226 0.9002
vn -0.1171 -0.9928 0.0252
vn 0.2160 -0.0042 0.9764
vn 0.0959 -0.0033 0.9954
vn 0.0582 -0.0272 0.9979
vn 0.0510 -0.0116 0.9986
vn 0.9639 -0.0949 0.2487
vn 0.9639 -0.0949 0.2487
vn 0.9639 -0.0949 0.2487
vn -0.1959 -0.9502 0.2426
vn -0.1407 -0.9693 0.2016
vn -0.1109 -0.9756 0.1897
vn -0.1141 -0.9932 0.0211
vn -0.0971 -0.9806 0.1704
vn 0.8645 -0.0737 -0.4973
vn 0.8645 -0.0737 -0.4973
vn 0.8645 -0.0737 -0.4973
vn 0.9977 -0.0671 -0.0107
vn 0.9350 -0.1037 0.3391
vn 0.9989 -0.0376 0.0265
vn 0.0955 -0.0088 0.9954
vn 0.0866 -0.0044 0.9962
vn 0.0803 -0.0082 0.9967
vn 0.6333 0.7689 0.0876
vn 0.6333 0.7689 0.0876
vn 0.6333 0.7689 0.0876
vn 0.9984 -0.0208 0.0533
vn 0.8170 -0.0291 0.5759
vn 0.8170 -0.0291 0.5759
vn 0.8170 -0.0291 0.5759
vn 0.9963 -0.0608 -0.0600
vn 0.1542 0.9633 0.2196
vn 0.1478 0.9812 0.1238
vn 0.1565 0.9662 0.2049
vn 0.1589 0.9073 0.3892
vn 0.1183 -0.0210 0.9928
vn 0.0638 -0.0097 0.9979
vn 0.1540 0.7520 0.6409
vn 0.1256 0.9668 0.2226
vn -0.1938 0.4037 0.8941
vn -0.1938 0.4037 0.8941
vn -0.1938 0.4037 0.8941
vn 0.0686 -0.0010 0.9976
vn 0.0805 -0.0042 0.9967
vn 0.0845 -0.0019 0.9964
vn 0.0168 -0.0367 0.9992
vn 0.0064 -0.0889 0.9960
vn 0.0099 -0.0282 0.9996
vn 0.0215 -0.0043 0.9998
vn 0.0329 0.0707 0.9970
vn 0.0030 -0.0785 0.9969
vn 0.1352 0.9702 0.2009
vn 0.0757 -0.0022 0.9971
vn 0.0439 -0.0046 0.9990
vn 0.0439 -0.0046 0.9990
vn 0.0439 -0.0046 0.9990
vn 0.0468 0.9892 0.1392
vn 0.0480 0.9888 0.1410
vn 0.0479 0.9865 0.1565
vn -0.1072 -0.9918 0.0690
vn 0.1542 0.9782 0.1395
vn 0.0671 -0.0072 0.9977
vn 0.0272 0.0170 0.9995
vn 0.0581 -0.0256 0.9980
vn -0.0993 -0.9896 0.1043
vn -0.1006 -0.9933 0.0574
vn 0.0679 -0.0037 0.9977
vn 0.1538 0.9792 0.1320
vn 0.0658 -0.0012 0.9978
vn 0.0276 0.9778 0.2078
vn -0.1042 -0.9944 0.0173
vn 0.0112 0.0195 0.9997
vn 0.0614 -0.0019 0.9981
vn -0.0954 -0.9949 0.0319
vn 0.0592 0.9954 0.0748
vn 0.0900 0.9959 -0.0024
vn 0.0914 0.9958 -0.0089
vn 0.0621 0.0017 0.9981
vn -0.0451 0.0072 -0.9990
vn -0.0418 0.0050 -0.9991
vn -0.0469 0.0085 -0.9989
vn 0.1501 0.9754 0.1616
vn -0.1505 0.9588 0.2409
vn -0.0480 0.0734 -0.9961
vn -0.0815 0.0884 -0.9927
vn -0.0700 0.0630 -0.9956
vn -0.1154 -0.9225 0.3684
vn -0.0285 -0.0055 -0.9996
vn -0.0309 -0.0068 -0.9995
vn -0.0277 -0.0049 -0.9996
vn 0.0636 0.9958 0.0651
vn 0.0612 0.9981 -0.0121
vn 0.0535 0.9982 -0.0276
vn 0.0637 0.9980 -0.0050
vn -0.0260 -0.9988 0.0409
vn -0.0256 -0.9986 0.0472
vn -0.0245 -0.9987 0.0438
vn -0.0238 -0.9985 0.0502
vn -0.0242 -0.9984 0.0512
vn 0.0808 0.1452 0.9861
vn -0.0103 -0.0552 0.9984
vn 0.0563 0.0054 0.9984
vn -0.0318 -0.0076 -0.9995
vn -0.0933 -0.9678 0.2338
vn 0.0592 -0.0216 0.9980
vn -0.0524 0.0219 -0.9984
vn -0.0364 0.0143 -0.9992
vn -0.0497 0.0197 -0.9986
vn -0.1164 -0.9140 0.3887
vn 0.0266 0.0159 0.9995
vn 0.0121 0.9660 -0.2584
vn 0.0159 0.9645 -0.2636
vn 0.0174 0.9639 -0.2657
vn 0.0458 0.9963 -0.0728
vn -0.0930 -0.9606 0.2618
vn 0.1091 0.9937 0.0258
vn -0.0764 -0.9329 -0.3519
vn -0.0764 -0.9329 -0.3519
vn -0.0764 -0.9329 -0.3519
vn 0.1576 0.9869 0.0347
vn 0.0350 0.9971 -0.0672
vn 0.0556 0.0053 0.9984
vn -0.0246 0.9978 -0.0619
vn -0.0246 0.9978 -0.0619
vn -0.0246 0.9978 -0.0619
vn -0.1032 0.9466 0.3054
vn -0.9819 0.1812 0.0543
vn -0.9811 0.1870 0.0494
vn -0.9821 0.1814 0.0516
vn -0.9812 0.1850 0.0546
vn 0.0208 0.9973 -0.0706
vn -0.9818 0.1777 0.0668
vn -0.9816 0.1842 0.0496
vn 0.0096 0.0643 0.9979
vn -0.0098 -0.0338 0.9994
vn -0.0664 -0.9945 0.0811
vn -0.0776 -0.9906 0.1128
vn -0.1112 -0.9795 0.1681
vn -0.0641 0.0275 -0.9976
vn -0.0749 0.0360 -0.9965
vn 0.0070 0.0541 -0.9985
vn 0.0070 0.0541 -0.9985
vn 0.0070 0.0541 -0.9985
vn 0.0453 0.9961 -0.0756
vn -0.2712 -0.9621 0.0280
vn -0.9809 0.1841 0.0624
vn -0.9799 0.1678 0.1082
vn -0.0285 -0.9984 0.0493
vn 0.0990 0.9951 0.0065
vn 0.4036 0.9132 0.0554
vn 0.1034 0.3353 0.9364
vn -0.9823 0.1815 0.0466
vn 0.2652 0.9641 0.0095
vn -0.9830 0.1782 0.0437
vn 0.0910 0.9958 0.0135
vn -0.0589 0.0500 -0.9970
vn -0.1638 0.0310 0.9860
vn -0.9913 0.1164 0.0616
vn -0.9618 0.1668 0.2172
vn -0.9804 0.1358 0.1426
vn -0.3425 -0.9395 0.0071
vn -0.0518 0.0118 -0.9986
vn 0.2150 0.9765 0.0144
vn 0.2076 0.9782 0.0080
vn -0.9150 0.3819 0.1298
vn -0.9830 0.1698 0.0692
vn -0.9611 0.2433 0.1311
vn -0.0183 -0.0034 0.9998
vn 0.0436 -0.0249 0.9987
vn -0.9898 0.1171 0.0815
vn -0.9906 0.1087 0.0828
vn 0.0516 0.0060 0.9986
vn -0.4783 -0.8782 0.0043
vn -0.5422 -0.8401 0.0138
vn -0.9907 0.1096 0.0805
vn 0.0657 0.0375 0.9971
vn -0.9920 0.1118 0.0594
vn -0.9843 0.1384 0.1092
vn -0.9703 0.1090 0.2158
vn -0.9895 0.1445 0.0086
vn -0.9903 0.1112 0.0831
vn -0.9915 0.0885 0.0954
vn -0.4276 0.9003 0.0812
vn -0.9922 0.1168 0.0434
vn -0.9924 0.1142 0.0466
vn -0.9918 0.1151 0.0563
vn 0.0107 0.9665 -0.2564
vn -0.0359 -0.0096 -0.9993
vn -0.9906 0.1339 -0.0287
vn -0.9907 0.1224 -0.0592
vn -0.6321 -0.7748 0.0083
vn -0.6577 -0.7527 -0.0283
vn -0.6474 -0.7621 -0.0114
vn -0.7278 -0.6840 0.0496
vn -0.4509 0.8888 0.0822
vn -0.4818 0.8731 0.0744
vn -0.9838 0.1000 -0.1485
vn -0.9911 0.1225 0.0515
vn -0.9953 0.0806 0.0542
vn -0.9850 0.1681 0.0393
vn -0.9940 0.0978 0.0496
vn -0.5211 0.8505 0.0716
vn -0.8999 0.4301 0.0723
vn -0.9557 0.2923 0.0355
vn -0.5217 0.8501 0.0715
vn -0.9953 0.0877 0.0416
vn -0.9938 0.1065 0.0311
vn -0.0652 0.9978 0.0122
vn -0.0652 0.9978 0.0122
vn -0.0652 0.9978 0.0122
vn -0.9975 0.0379 0.0590
vn -0.7662 0.6326 0.1128
vn -0.9953 -0.0085 0.0960
vn -0.9953 -0.0085 0.0960
vn -0.9953 -0.0085 0.0960
vn -0.9817 0.1730 0.0792
vn 0.9317 -0.3592 0.0549
vn 0.9317 -0.3592 0.0549
vn 0.9317 -0.3592 0.0549
vn 0.5119 0.8472 0.1421
vn 0.5119 0.8472 0.1421
vn 0.5119 0.8472 0.1421
vn -0.2998 0.9538 0.0186
vn -0.2998 0.9538 0.0186
vn -0.2998 0.9538 0.0186
vn -0.0697 0.0582 -0.9959
vn -0.0668 0.0587 -0.9960
vn -0.0694 0.0583 -0.9959
vn -0.0940 0.0269 -0.9952
vn -0.0665 0.0587 -0.9961
vn -0.9905 0.1239 0.0590
vn -0.9939 0.1021 0.0418
vn -0.9929 0.1082 0.0487
vn -0.0243 -0.9984 0.0510
vn -0.9899 0.1389 0.0284
vn -0.9934 0.1111 0.0279
vn -0.9957 0.0854 0.0357
vn -0.9941 0.1046 0.0285
vn -0.9947 0.0977 0.0326
vn -0.5403 -0.1911 -0.8195
vn -0.5758 -0.2354 -0.7830
vn -0.5173 -0.1828 -0.8360
vn 0.7192 -0.1828 -0.6703
vn 0.6626 -0.6382 -0.3921
vn 0.5169 -0.6609 -0.5441
vn 0.7942 -0.1415 -0.5910
vn 0.7332 -0.6200 -0.2793
vn 0.8615 -0.1501 -0.4851
vn 0.0684 -0.0945 0.9932
vn 0.0684 -0.0945 0.9932
vn 0.0684 -0.0945 0.9932
vn 0.8606 -0.1513 -0.4863
vn 0.2935 -0.9446 -0.1470
vn 0.2935 -0.9446 -0.1470
vn 0.7947 -0.6020 -0.0777
vn -0.0456 0.0698 0.9965
vn -0.0456 0.0698 0.9965
vn 0.2935 -0.9446 -0.1470
vn -0.0456 0.0698 0.9965
vn 0.6439 -0.3096 0.6996
vn 0.6478 -0.3037 0.6986
vn 0.6372 -0.3197 0.7013
vn 0.1531 -0.9846 -0.0846
vn 0.1515 -0.9847 -0.0857
vn 0.6524 -0.2967 0.6974
vn -0.0790 -0.9386 -0.3359
vn -0.0531 -0.9935 -0.1008
vn 0.0020 -0.9509 -0.3095
vn -0.6292 -0.2923 0.7202
vn -0.6228 -0.2902 0.7266
vn -0.6193 -0.3054 0.7233
vn -0.0221 -0.8992 -0.4369
vn 0.6153 0.0192 -0.7881
vn 0.6454 0.0663 -0.7610
vn 0.6763 0.1190 -0.7269
vn 0.5546 -0.0663 -0.8295
vn 0.3118 -0.9485 0.0563
vn -0.1964 -0.8798 -0.4329
vn 0.0089 -0.9482 -0.3175
vn 0.9796 -0.0051 -0.2008
vn 0.7564 0.0071 -0.6540
vn 0.9270 0.0158 -0.3747
vn 0.7972 0.0292 -0.6031
vn 0.1422 -0.9857 -0.0901
vn -0.6157 -0.2731 0.7392
vn -0.4430 -0.6770 -0.5877
vn -0.2065 -0.8524 -0.4804
vn 0.4510 -0.5211 -0.7246
vn 0.4510 -0.5211 -0.7246
vn 0.4510 -0.5211 -0.7246
vn 0.2201 -0.9525 0.2106
vn 0.2201 -0.9525 0.2106
vn 0.2201 -0.9525 0.2106
vn 0.7030 0.0277 -0.7106
vn 0.6884 0.0581 -0.7230
vn 0.0605 -0.9391 -0.3383
vn 0.7031 -0.1597 0.6930
vn 0.7031 -0.1597 0.6930
vn 0.7031 -0.1597 0.6930
vn -0.6180 -0.3181 0.7190
vn 0.2790 -0.9592 -0.0460
vn 0.3657 -0.9182 0.1521
vn -0.6374 -0.2994 0.7100
vn -0.6255 -0.2679 0.7328
vn 0.7151 -0.1729 0.6773
vn 0.7162 -0.1634 0.6784
vn 0.6500 -0.2821 0.7056
vn 0.4019 -0.8940 0.1980
vn 0.3152 -0.9351 0.1617
vn 0.3865 -0.9015 0.1946
vn 0.0100 -0.9991 0.0410
vn 0.0166 -0.9996 0.0230
vn 0.0297 -0.9995 -0.0047
vn -0.9318 -0.2000 0.3030
vn -0.8445 -0.3245 0.4261
vn -0.8280 -0.3358 0.4490
vn -0.0112 -0.9972 0.0741
vn -0.0274 -0.9924 0.1199
vn 0.6902 0.0612 -0.7210
vn 0.0305 -0.9994 -0.0147
vn 0.0497 -0.9384 -0.3420
vn -0.7445 -0.4159 0.5223
vn 0.3444 -0.9387 0.0125
vn 0.2601 -0.9563 0.1336
vn 0.3489 -0.9224 0.1659
vn 0.6309 -0.2867 0.7210
vn 0.3521 -0.8834 0.3091
vn 0.4796 -0.8204 0.3113
vn 0.0394 -0.9363 -0.3490
vn 0.5001 -0.8616 0.0873
vn -0.7602 -0.3399 0.5536
vn -0.7633 -0.3228 0.5596
vn 0.6260 0.1367 -0.7678
vn 0.6028 0.1723 -0.7791
vn 0.7891 -0.6142 -0.0086
vn 0.2842 -0.9472 0.1482
vn 0.5247 -0.8411 0.1312
vn 0.3280 -0.9001 0.2867
vn 0.1444 -0.9477 0.2847
vn 0.4844 0.2593 -0.8355
vn -0.7950 -0.3398 -0.5025
vn -0.7950 -0.3398 -0.5025
vn -0.7950 -0.3398 -0.5025
vn 0.3875 -0.8648 0.3193
vn -0.7037 -0.5704 -0.4236
vn -0.5640 -0.6597 -0.4967
vn -0.6362 -0.5379 -0.5531
vn -0.3394 -0.1648 -0.9261
vn -0.3394 -0.1648 -0.9261
vn -0.3394 -0.1648 -0.9261
vn 0.5839 -0.3083 0.7510
vn 0.4049 -0.8832 0.2365
vn -0.3928 -0.7685 -0.5051
vn -0.6699 -0.4744 -0.5712
vn 0.5858 -0.3131 0.7475
vn 0.9774 -0.2044 -0.0537
vn 0.9106 -0.2420 -0.3350
vn 0.9305 -0.1611 -0.3289
vn 0.7136 -0.1753 -0.6783
vn 0.8790 -0.4389 0.1863
vn 0.8251 -0.2406 -0.5112
vn 0.7849 -0.5666 0.2506
vn -0.9750 -0.1548 -0.1593
vn -0.9750 -0.1548 -0.1593
vn -0.9750 -0.1548 -0.1593
vn -0.6235 0.1880 -0.7589
vn -0.5268 0.1695 -0.8329
vn -0.5845 0.1807 -0.7910
vn -0.3639 -0.8708 -0.3307
vn 0.3324 -0.9032 0.2717
vn 0.3167 -0.9151 0.2495
vn 0.2912 -0.9246 0.2455
vn -0.4459 -0.4623 0.7664
vn -0.5103 -0.4024 0.7600
vn -0.4984 -0.4131 0.7622
vn 0.2840 -0.9342 0.2157
vn 0.2673 -0.9332 0.2401
vn 0.2804 -0.9181 0.2802
vn -0.6922 0.2004 -0.6933
vn -0.7475 -0.4938 -0.4443
vn -0.7059 -0.4274 -0.5648
vn -0.8231 -0.4116 -0.3912
vn -0.4740 -0.3069 0.8253
vn 0.7404 -0.2636 -0.6183
vn 0.8249 0.5155 0.2319
vn 0.8249 0.5155 0.2319
vn 0.8249 0.5155 0.2319
vn 0.6806 -0.6997 -0.2173
vn 0.7601 -0.6089 -0.2269
vn 0.8563 -0.4976 -0.1382
vn -0.7843 -0.3701 -0.4978
vn 0.3691 -0.9109 0.1846
vn 0.8916 -0.4348 0.1263
vn 0.8426 -0.5230 -0.1288
vn 0.8413 -0.5241 -0.1328
vn 0.8138 -0.5647 -0.1373
vn -0.4319 -0.4408 0.7869
vn 0.0569 0.8248 -0.5625
vn 0.0569 0.8248 -0.5625
vn 0.0569 0.8248 -0.5625
vn 0.3448 -0.9107 0.2275
vn 0.8592 -0.4706 0.2007
vn -0.7785 -0.3613 -0.5133
vn -0.5575 -0.4509 0.6970
vn 0.8595 -0.3874 0.3335
vn 0.1612 -0.1855 -0.9693
vn 0.1612 -0.1855 -0.9693
vn 0.1612 -0.1855 -0.9693
vn -0.0972 -0.8507 0.5165
vn -0.1210 -0.8787 0.4617
vn -0.1088 -0.8648 0.4902
vn 0.8494 -0.4937 -0.1864
vn 0.8555 -0.4571 -0.2435
vn -0.6706 -0.3747 0.6403
vn 0.6429 -0.0378 -0.7650
vn 0.6570 -0.1383 -0.7411
vn 0.6363 0.0127 -0.7714
vn -0.6934 -0.3296 0.6407
vn 0.3408 -0.9214 0.1867
vn 0.3407 -0.9256 0.1648
vn 0.0298 -0.9922 -0.1214
vn 0.0298 -0.9922 -0.1214
vn 0.8405 -0.4182 -0.3444
vn 0.5045 -0.8395 0.2021
vn 0.4141 -0.8933 0.1746
vn 0.3954 -0.9009 0.1788
vn 0.3558 -0.9026 0.2424
vn -0.7787 -0.3776 -0.5010
vn 0.5364 -0.8177 0.2087
vn 0.6631 -0.4071 -0.6282
vn -0.7471 -0.2373 0.6209
vn -0.4193 -0.3975 -0.8162
vn -0.4193 -0.3975 -0.8162
vn -0.4193 -0.3975 -0.8162
vn -0.1379 -0.8965 0.4210
vn -0.7293 -0.6724 0.1265
vn -0.7293 -0.6724 0.1265
vn -0.7293 -0.6724 0.1265
vn -0.7368 -0.2151 0.6410
vn 0.6572 -0.4587 -0.5982
vn 0.2903 -0.9470 -0.1374
vn 0.2903 -0.9470 -0.1374
vn 0.2903 -0.9470 -0.1374
vn -0.2013 -0.7517 0.6281
vn -0.2013 -0.7517 0.6281
vn -0.2013 -0.7517 0.6281
vn 0.0235 -0.0623 0.9978
vn 0.0235 -0.0623 0.9978
vn 0.0235 -0.0623 0.9978
vn -0.6474 -0.2286 0.7271
vn 0.2790 -0.9497 0.1426
vn 0.2607 -0.9539 0.1489
vn -0.9597 -0.1961 -0.2011
vn -0.9696 -0.1872 -0.1576
vn -0.5294 -0.3059 0.7913
vn -0.4853 -0.2764 0.8295
vn -0.3897 -0.2479 0.8869
vn -0.8447 -0.3032 -0.4410
vn -0.7590 -0.2629 -0.5956
vn -0.8655 -0.3014 -0.4001
vn -0.4120 -0.9084 0.0716
vn -0.4120 -0.9084 0.0716
vn -0.4120 -0.9084 0.0716
vn -0.6254 -0.2599 -0.7358
vn 0.3032 -0.9277 0.2178
vn -0.1133 0.0480 0.9924
vn -0.1133 0.0480 0.9924
vn -0.1133 0.0480 0.9924
vn 0.1273 -0.9903 -0.0563
vn 0.1273 -0.9903 -0.0563
vn 0.1273 -0.9903 -0.0563
vn -0.7692 -0.0921 0.6323
vn -0.7692 -0.0921 0.6323
vn -0.7692 -0.0921 0.6323
vn 0.6447 -0.2369 -0.7267
vn -0.5817 -0.3718 0.7234
vn -0.5817 -0.3718 0.7234
vn -0.5817 -0.3718 0.7234
vn -0.9978 -0.0585 0.0303
vn -0.9981 0.0598 -0.0137
vn -0.9777 0.1994 -0.0659
vn -0.5245 -0.2094 0.8252
vn -0.5486 -0.0587 0.8340
vn -0.5486 -0.0587 0.8340
vn -0.5486 -0.0587 0.8340
vn -0.9818 -0.1752 0.0736
vn -0.6143 -0.0690 0.7861
vn -0.5920 -0.0858 0.8013
vn -0.6821 -0.0282 0.7307
vn 0.0015 0.9810 0.1941
vn -0.0855 0.9070 0.4125
vn 0.0373 0.9942 0.1009
vn -0.7689 -0.3482 -0.5363
vn -0.7993 -0.4146 -0.4351
vn -0.7993 -0.4146 -0.4351
vn -0.7993 -0.4146 -0.4351
vn 0.0401 -0.7294 -0.6830
vn 0.0401 -0.7294 -0.6830
vn 0.0401 -0.7294 -0.6830
vn 0.6334 -0.2280 -0.7394
vn -0.5876 -0.2975 -0.7525
vn -0.5097 0.7085 -0.4881
vn -0.4465 0.8060 -0.3886
vn -0.4550 0.7799 -0.4298
vn -0.0334 -0.0450 0.9984
vn -0.0185 -0.0169 0.9997
vn 0.0604 0.0639 0.9961
vn -0.5464 -0.2743 0.7913
vn 0.0818 0.0145 0.9965
vn -0.4235 0.8401 -0.3388
vn -0.3920 -0.3829 0.8365
vn -0.6533 -0.0209 0.7568
vn -0.6229 -0.0263 0.7818
vn -0.2883 0.9233 -0.2539
vn 0.0624 0.9975 0.0342
vn -0.7481 -0.3615 -0.5565
vn -0.6039 -0.4045 -0.6868
vn -0.8152 -0.2596 -0.5177
vn 0.1613 0.0506 0.9856
vn 0.2687 0.6163 -0.7402
vn 0.3888 0.5039 -0.7713
vn 0.3150 0.5758 -0.7544
vn 0.5427 -0.0849 -0.8356
vn 0.1362 0.1533 0.9788
vn 0.2361 -0.9608 0.1449
vn -0.1071 0.0286 0.9938
vn -0.0447 0.0062 0.9990
vn 0.0119 0.1018 0.9947
vn -0.2476 0.9364 -0.2488
vn 0.7908 -0.6113 0.0295
vn 0.3944 -0.8635 0.3143
vn -0.3190 -0.9031 -0.2874
vn 0.1074 -0.9867 -0.1221
vn -0.2813 -0.9180 -0.2796
vn -0.5678 -0.2729 0.7767
vn 0.1281 -0.1407 -0.9817
vn 0.4163 0.0103 -0.9092
vn 0.2012 -0.0981 -0.9746
vn -0.5458 0.2678 -0.7939
vn -0.5458 0.2678 -0.7939
vn -0.5458 0.2678 -0.7939
vn -0.2904 -0.8090 -0.5111
vn -0.2904 -0.8090 -0.5111
vn -0.2904 -0.8090 -0.5111
vn 0.3995 -0.8790 0.2603
vn 0.2540 -0.9608 0.1114
vn 0.2513 -0.9552 0.1564
vn 0.2420 -0.9582 0.1524
vn -0.1029 -0.9586 -0.2654
vn 0.1009 -0.2272 -0.9686
vn 0.1009 -0.2272 -0.9686
vn 0.1009 -0.2272 -0.9686
vn -0.5487 -0.2775 0.7886
vn -0.1337 -0.9590 -0.2501
vn 0.4137 -0.8485 0.3300
vn 0.4000 0.4920 -0.7732
vn -0.6586 -0.3738 -0.6531
vn -0.5504 -0.2212 0.8051
vn -0.4895 -0.6636 -0.5657
vn -0.5257 -0.6263 -0.5756
vn -0.7011 -0.1533 -0.6964
vn -0.6561 -0.2880 -0.6975
vn -0.6621 -0.2564 -0.7042
vn -0.6751 -0.1294 -0.7263
vn -0.7159 -0.1496 -0.6820
vn -0.7250 -0.1751 -0.6661
vn -0.5841 0.0871 0.8070
vn -0.6262 0.0850 0.7751
vn 0.2631 -0.9558 0.1314
vn 0.4911 -0.8296 0.2656
vn -0.9934 0.1044 -0.0479
vn -0.9934 0.1044 -0.0479
vn -0.5826 0.0872 0.8081
vn -0.0700 -0.9823 -0.1739
vn -0.6756 -0.2719 0.6853
vn -0.7426 -0.1917 0.6417
vn 0.1143 -0.9934 0.0066
vn -0.6851 -0.2698 -0.6767
vn 0.8684 -0.4940 -0.0434
vn -0.8994 -0.0711 0.4314
vn -0.8337 -0.0918 0.5446
vn -0.4322 -0.5356 -0.7255
vn -0.7888 -0.3922 -0.4732
vn -0.7870 -0.3844 -0.4825
vn -0.7689 -0.3973 -0.5009
vn -0.7929 -0.3620 -0.4902
vn -0.8044 0.0387 0.5929
vn -0.8671 -0.1485 0.4754
vn -0.7583 0.1294 0.6389
vn -0.8753 -0.1918 0.4439
vn -0.7152 0.0174 0.6987
vn 0.9514 -0.0432 -0.3048
vn 0.9571 -0.1096 -0.2684
vn -0.7604 -0.4021 -0.5101
vn -0.7219 -0.2532 -0.6441
vn -0.7877 -0.4105 -0.4594
vn -0.5420 0.2075 0.8143
vn -0.9724 -0.2176 0.0844
vn -0.9724 -0.2176 0.0844
vn -0.9724 -0.2176 0.0844
vn -0.5422 0.6798 -0.4938
vn -0.5636 0.6274 -0.5374
vn -0.4620 0.8155 -0.3486
vn -0.7281 -0.3855 -0.5668
vn -0.7403 -0.3768 -0.5567
vn -0.7324 -0.4128 -0.5415
vn -0.4655 0.2828 0.8386
vn -0.4264 0.8568 -0.2899
vn 0.7912 0.2235 -0.5692
vn 0.8029 0.2494 -0.5414
vn 0.8098 -0.1168 -0.5750
vn 0.7618 0.1146 -0.6376
vn -0.7567 -0.4152 -0.5050
vn -0.7910 -0.4077 -0.4561
vn 0.1595 -0.9867 0.0305
vn 0.1662 -0.9857 0.0286
vn -0.0853 -0.9916 0.0974
vn 0.8067 0.0032 -0.5909
vn 0.7660 0.1835 -0.6160
vn 0.1769 -0.9839 0.0256
vn 0.7924 -0.3695 -0.4853
vn -0.6020 -0.3256 -0.7291
vn -0.6050 -0.3309 -0.7242
vn -0.5811 -0.2898 -0.7605
vn 0.3108 -0.9481 0.0675
vn 0.2629 -0.9632 0.0567
vn 0.2684 -0.9621 0.0489
vn 0.7627 0.1840 -0.6200
vn 0.7642 0.1646 -0.6236
vn 0.7629 0.1610 -0.6261
vn -0.6795 -0.5296 -0.5077
vn -0.5520 -0.6118 -0.5666
vn -0.6148 -0.3485 -0.7075
vn -0.7142 -0.2789 -0.6420
vn -0.7245 -0.2913 -0.6247
vn -0.7169 -0.2941 -0.6321
vn -0.1619 0.8919 -0.4223
vn 0.1641 0.9266 -0.3384
vn 0.3422 0.8320 -0.4367
vn -0.3925 -0.8022 -0.4500
vn -0.3925 -0.8022 -0.4500
vn -0.3925 -0.8022 -0.4500
vn 0.0892 -0.9947 -0.0504
vn 0.0298 -0.9922 -0.1214
vn 0.3868 -0.8552 0.3450
vn -0.9934 0.1044 -0.0479
vn 0.5562 0.1196 -0.8224
vn 0.5562 0.1196 -0.8224
vn 0.5562 0.1196 -0.8224
vn 0.9857 -0.1586 -0.0575
vn 0.9857 -0.1586 -0.0575
vn 0.9857 -0.1586 -0.0575
vn 0.7111 -0.1622 0.6841
vn 0.7285 -0.1897 0.6583
vn 0.6856 -0.2674 0.6771
vn 0.6526 -0.2958 0.6976
vn 0.2090 -0.9655 0.1555
vn 0.2351 -0.9694 0.0705
vn 0.1663 -0.9794 0.1147
vn 0.2207 -0.9609 0.1673
vn 0.6706 -0.2628 0.6937
vn 0.0529 -0.9982 0.0292
vn 0.6767 -0.1940 0.7103
vn 0.6819 -0.1924 0.7057
vn 0.6930 -0.1718 0.7002
vn 0.6707 -0.1945 0.7158
vn 0.6608 -0.2550 0.7059
vn 0.2178 -0.9712 0.0965
vn 0.6661 -0.1871 0.7220
vn 0.3188 -0.9478 0.0010
vn 0.1721 -0.9846 -0.0293
vn 0.1721 -0.9846 -0.0293
vn 0.1721 -0.9846 -0.0293
vn 0.1671 -0.3280 0.9298
vn -0.0153 -0.3158 0.9487
vn 0.1542 -0.3275 0.9322
vn -0.0265 -0.3147 0.9488
vn -0.6704 -0.3011 0.6781
vn -0.6375 -0.2367 0.7331
vn -0.6176 -0.2302 0.7520
vn -0.5531 -0.2274 0.8015
vn -0.4924 -0.7989 0.3454
vn -0.4924 -0.7989 0.3454
vn -0.4924 -0.7989 0.3454
vn -0.7144 -0.3505 0.6056
vn -0.2397 -0.2053 0.9489
vn -0.2324 -0.2049 0.9508
vn -0.2115 -0.2036 0.9559
vn -0.2065 -0.2032 0.9571
vn -0.5137 -0.6229 0.5899
vn -0.5137 -0.6229 0.5899
vn -0.5137 -0.6229 0.5899
vn 0.6514 -0.2694 0.7093
vn 0.6275 -0.2447 0.7392
vn 0.6264 -0.3090 0.7157
vn -0.7746 -0.1227 0.6204
vn -0.8125 -0.0153 0.5827
vn -0.7985 -0.0507 0.5999
vn 0.6673 -0.1619 0.7270
vn 0.6959 -0.1437 0.7036
vn 0.6935 -0.1303 0.7086
vn 0.1346 -0.9415 -0.3088
vn 0.0092 -0.9574 -0.2887
vn 0.0174 -0.9361 -0.3512
vn -0.7622 -0.1402 0.6319
vn 0.4387 -0.7782 0.4494
vn 0.4027 -0.8303 0.3853
vn 0.2495 -0.9590 0.1341
vn 0.2416 -0.9627 0.1218
vn -0.7717 -0.1347 0.6216
vn 0.7786 -0.2158 0.5893
vn -0.7682 -0.1387 0.6250
vn 0.6340 -0.1892 0.7499
vn 0.5711 -0.3104 0.7600
vn 0.6124 -0.2086 0.7625
vn 0.2212 -0.9671 0.1256
vn 0.0207 -0.8842 -0.4667
vn 0.1047 -0.9614 -0.2544
vn 0.0874 -0.8365 -0.5410
vn -0.0558 -0.9799 -0.1915
vn -0.0523 -0.9551 -0.2916
vn 0.8030 0.0363 -0.5949
vn 0.8400 -0.0023 -0.5426
vn 0.8054 0.0471 -0.5908
vn 0.9698 -0.1027 0.2213
vn 0.8904 -0.1971 0.4103
vn 0.5062 -0.3583 0.7845
vn 0.9052 0.1912 -0.3795
vn 0.8903 0.2087 -0.4048
vn 0.8442 0.2597 -0.4688
vn 0.7993 0.1585 -0.5796
vn 0.7496 0.1718 -0.6392
vn 0.7350 0.1677 -0.6570
vn 0.5066 -0.8438 0.1773
vn 0.5066 -0.8438 0.1773
vn 0.5066 -0.8438 0.1773
vn 0.6194 0.6965 -0.3622
vn 0.6194 0.6965 -0.3622
vn 0.6194 0.6965 -0.3622
vn 0.8248 -0.1859 0.5340
vn 0.9244 -0.1230 -0.3612
vn 0.9423 -0.1324 -0.3076
vn 0.4669 0.8839 0.0290
vn 0.4682 0.8828 0.0383
vn 0.4458 0.8902 -0.0935
vn 0.9538 -0.2414 -0.1787
vn 0.8542 0.2789 -0.4388
vn 0.9800 0.1108 0.1653
vn 0.9800 0.1108 0.1653
vn 0.9800 0.1108 0.1653
vn 0.4837 0.8541 0.1911
vn 0.1516 -0.9863 -0.0646
vn 0.1516 -0.9863 -0.0646
vn 0.1516 -0.9863 -0.0646
vn 0.8587 0.2807 -0.4288
vn 0.9851 -0.1402 0.0997
vn 0.9851 -0.1402 0.0997
vn 0.9851 -0.1402 0.0997
vn 0.9885 -0.1515 0.0014
vn -0.1433 -0.9858 -0.0878
vn 0.6410 -0.1143 0.7590
vn 0.5677 -0.1261 0.8136
vn 0.5097 -0.1341 0.8498
vn 0.7822 0.0797 -0.6179
vn 0.0483 -0.9968 0.0634
vn 0.0402 -0.9988 -0.0294
vn 0.0445 -0.9980 0.0458
vn 0.6425 -0.3436 0.6849
vn 0.7331 -0.3050 0.6079
vn 0.6121 -0.3549 0.7067
vn 0.7755 0.0787 -0.6264
vn 0.0292 -0.9950 0.0954
vn 0.6979 -0.3299 0.6357
vn 0.2660 -0.9532 0.1435
vn 0.3925 -0.8147 0.4268
vn 0.7386 0.0780 -0.6697
vn 0.3114 -0.9246 0.2192
vn 0.3194 -0.9199 0.2274
vn 0.2125 -0.9698 0.1196
vn -0.1184 -0.9928 0.0164
vn 0.2483 -0.9629 -0.1054
vn 0.3473 -0.9151 -0.2047
vn 0.7219 0.0202 -0.6917
vn 0.7741 0.0674 -0.6294
vn 0.7389 0.0243 -0.6734
vn -0.0898 -0.9959 0.0127
vn 0.6515 -0.1125 0.7502
vn 0.6268 -0.1994 -0.7532
vn -0.3444 -0.6609 0.6667
vn -0.4334 -0.7356 0.5205
vn -0.3505 -0.6665 0.6580
vn -0.5094 -0.6503 -0.5635
vn -0.5576 -0.5275 -0.6409
vn -0.5015 -0.5296 -0.6842
vn 0.8637 0.0416 -0.5023
vn 0.7810 -0.3532 -0.5151
vn 0.7580 -0.3967 -0.5177
vn 0.5154 -0.7476 -0.4189
vn -0.4545 -0.3572 -0.8160
vn -0.3340 -0.2261 -0.9150
vn -0.0691 -0.9900 -0.1232
vn -0.0859 -0.9726 -0.2160
vn -0.2160 -0.5348 0.8169
vn 0.0375 -0.9985 0.0391
vn -0.0613 -0.9849 -0.1619
vn 0.3201 -0.3625 0.8753
vn 0.4490 -0.4310 0.7827
vn 0.4037 -0.4076 0.8190
vn 0.5433 -0.4769 0.6910
vn 0.0117 -0.9984 -0.0558
vn 0.8431 -0.1040 -0.5276
vn 0.9174 -0.0517 -0.3946
vn 0.9798 -0.0103 -0.1999
vn -0.4067 -0.9097 -0.0834
vn 0.7120 -0.0836 0.6971
vn 0.8002 -0.0426 0.5983
vn 0.7239 -0.0881 0.6842
vn 0.4381 -0.8597 -0.2626
vn 0.4066 -0.8943 -0.1869
vn 0.9338 -0.2117 -0.2885
vn 0.9773 -0.1980 -0.0757
vn 0.9587 -0.1192 -0.2583
vn 0.7801 -0.0518 -0.6235
vn 0.9501 -0.2624 0.1686
vn 0.9735 -0.2261 -0.0335
vn 0.9712 -0.0977 -0.2171
vn 0.7603 -0.0578 0.6470
vn 0.5177 -0.7992 0.3055
vn 0.5177 -0.7992 0.3055
vn 0.5177 -0.7992 0.3055
vn 0.3153 -0.9483 0.0351
vn 0.0811 -0.9678 0.2381
vn 0.0502 -0.9889 0.1400
vn 0.0825 -0.9804 -0.1788
vn 0.0459 -0.9927 -0.1115
vn 0.0696 -0.9854 -0.1551
vn 0.9588 0.0487 -0.2799
vn 0.0279 -0.9965 -0.0782
vn 0.9514 0.0531 -0.3034
vn 0.7476 -0.1158 -0.6539
vn 0.9746 0.0405 -0.2203
vn 0.0922 -0.9809 0.1711
vn 0.1543 -0.9449 0.2886
vn 0.1229 -0.9728 0.1966
vn -0.1954 -0.5699 0.7982
vn -0.1954 -0.5699 0.7982
vn -0.1954 -0.5699 0.7982
vn -0.3515 -0.7239 -0.5937
vn -0.3515 -0.7239 -0.5937
vn -0.3515 -0.7239 -0.5937
vn 0.7708 -0.0662 -0.6336
vn 0.7314 -0.2247 -0.6439
vn 0.6431 -0.3457 0.6833
vn -0.0686 -0.9881 -0.1376
vn 0.0000 1.0000 0.0000
vn 0.0000 1.0000 0.0000
vn 0.0000 1.0000 0.0000
vn 0.0000 1.0000 0.0000
vn 0.0000 1.0000 0.0000
vn 0.0000 1.0000 0.0000
vn 0.0000 1.0000 0.0000
vn 0.0000 1.0000 0.0000
vn 0.0000 1.0000 0.0000
vn 0.0000 1.0000 0.0000
vn 0.0000 1.0000 0.0000
vn 0.0000 1.0000 0.0000
vn 0.0000 1.0000 0.0000
vn 0.0000 1.0000 0.0000
vn 0.0000 1.0000 0.0000
vn 0.0000 1.0000 0.0000
vn 0.0000 1.0000 0.0000
vn 0.0000 1.0000 0.0000
vn 0.0000 1.0000 0.0000
vn 0.0000 1.0000 0.0000
vn 0.0000 1.0000 0.0000
vn 0.0000 1.0000 0.0000
vn 0.0000 1.0000 0.0000
vn 0.0000 1.0000 0.0000
vn 0.0000 1.0000 0.0000
vn 0.0000 1.0000 0.0000
vn 0.0000 1.0000 0.0000
vn 0.0000 1.0000 0.0000
vn 0.0000 1.0000 0.0000
vn 0.0000 1.0000 0.0000
vn 0.0000 1.0000 0.0000
vn 0.0000 1.0000 0.0000
vn 0.0000 1.0000 0.0000
vn 0.0000 1.0000 0.0000
vn 0.0000 1.0000 0.0000
vn 0.0000 1.0000 0.0000
vn 0.0000 1.0000 0.0000
vn 0.0000 1.0000 0.0000
vn 0.0000 1.0000 0.0000
vn 0.0000 1.0000 0.0000
vn 0.0000 1.0000 0.0000
vn 0.0000 1.0000 0.0000
vn 0.0000 1.0000 0.0000
vn 0.0000 1.0000 0.0000
vn 0.0000 1.0000 0.0000
vn 0.0000 1.0000 0.0000
vn 0.0000 1.0000 0.0000
vn 0.0000 1.0000 0.0000
vn 0.0000 1.0000 0.0000
vn 0.0000 1.0000 0.0000
vn 0.0000 1.0000 0.0000
vn 0.0000 1.0000 0.0000
vn 0.0000 1.0000 0.0000
vn 0.0000 1.0000 0.0000
vn 0.0000 1.0000 0.0000
vn 0.0000 1.0000 0.0000
vn 0.0000 1.0000 0.0000
vn 0.0000 1.0000 0.0000
vn 0.0000 1.0000 0.0000
vn 0.0000 1.0000 0.0000
vn 0.0000 1.0000 0.0000
vn 0.0000 1.0000 0.0000
vn 0.0000 1.0000 0.0000
vn 0.0000 1.0000 0.0000
vn 0.0000 1.0000 0.0000
vn 0.0000 1.0000 0.0000
vn 0.0000 1.0000 0.0000
vn 0.0000 1.0000 0.0000
vn 0.0000 1.0000 0.0000
vn 0.0000 1.0000 0.0000
vn 0.0000 1.0000 0.0000
vn 0.0000 1.0000 0.0000
vn 0.0000 1.0000 0.0000
vn 0.0000 1.0000 0.0000
vn 0.0000 1.0000 0.0000
vn 0.0000 1.0000 0.0000
vn 0.0000 1.0000 0.0000
vn 0.0000 1.0000 0.0000
vn 0.0000 1.0000 0.0000
vn 0.0000 1.0000 0.0000
vn 0.0000 1.0000 0.0000
vn 0.0000 1.0000 0.0000
vn 0.0000 1.0000 0.0000
vn 0.0000 1.0000 0.0000
vn 0.0000 1.0000 0.0000
vn 0.0000 1.0000 0.0000
vn 0.0000 1.0000 0.0000
vn 0.0000 1.0000 0.0000
vn 0.0000 1.0000 0.0000
vn 0.0000 1.0000 0.0000
vn 0.0000 1.0000 0.0000
vn 0.0000 1.0000 0.0000
f 656/656/656 657/657/657 658/658/658
f 5/5/5 6/6/6 7/7/7
f 8/8/8 9/9/9 10/10/10
f 636/636/636 637/637/637 638/638/638
f 11/11/11 12/12/12 13/13/13
f 1043/1043/1043 1044/1044/1044 1045/1045/1045
f 1046/1046/1046 1047/1047/1047 1048/1048/1048
f 37/37/37 38/38/38 39/39/39
f 640/640/640 641/641/641 643/643/643
f 661/661/661 657/657/657 656/656/656
f 40/40/40 41/41/41 42/42/42
f 34/34/34 33/33/33 43/43/43
f 40/40/40 42/42/42 44/44/44
f 33/33/33 45/45/45 43/43/43
f 16/16/16 17/17/17 18/18/18
f 662/662/662 663/663/663 664/664/664
f 665/665/665 666/666/666 667/667/667
f 644/644/644 639/639/639 642/642/642
f 668/668/668 662/662/662 664/664/664
f 38/38/38 46/46/46 39/39/39
f 47/47/47 48/48/48 49/49/49
f 47/47/47 50/50/50 48/48/48
f 51/51/51 52/52/52 53/53/53
f 1050/1050/1050 1049/1049/1049 1051/1051/1051
f 669/669/669 670/670/670 671/671/671
f 645/645/645 646/646/646 647/647/647
f 642/642/642 648/648/648 644/644/644
f 54/54/54 55/55/55 56/56/56
f 669/669/669 672/672/672 670/670/670
f 19/19/19 20/20/20 31/31/31
f 673/673/673 674/674/674 675/675/675
f 36/36/36 35/35/35 57/57/57
f 58/58/58 59/59/59 60/60/60
f 61/61/61 62/62/62 63/63/63
f 386/386/386 387/387/387 388/388/388
f 649/649/649 650/650/650 654/654/654
f 57/57/57 35/35/35 64/64/64
f 676/676/676 677/677/677 678/678/678
f 640/640/640 643/643/643 651/651/651
f 678/678/678 677/677/677 679/679/679
f 64/64/64 35/35/35 65/65/65
f 659/659/659 660/660/660 680/680/680
f 66/66/66 67/67/67 68/68/68
f 69/69/69 70/70/70 71/71/71
f 1053/1053/1053 1054/1054/1054 1055/1055/1055
f 666/666/666 665/665/665 681/681/681
f 652/652/652 653/653/653 655/655/655
f 72/72/72 73/73/73 74/74/74
f 75/75/75 76/76/76 77/77/77
f 233/233/233 234/234/234 235/235/235
f 682/682/682 683/683/683 674/674/674
f 78/78/78 79/79/79 80/80/80
f 1056/1056/1056 1054/1054/1054 1053/1053/1053
f 65/65/65 35/35/35 81/81/81
f 68/68/68 67/67/67 82/82/82
f 81/81/81 83/83/83 84/84/84
f 684/684/684 685/685/685 686/686/686
f 687/687/687 688/688/688 689/689/689
f 65/65/65 81/81/81 84/84/84
f 690/690/690 691/691/691 679/679/679
f 389/389/389 390/390/390 391/391/391
f 235/235/235 234/234/234 236/236/236
f 237/237/237 238/238/238 239/239/239
f 690/690/690 679/679/679 677/677/677
f 668/668/668 664/664/664 692/692/692
f 693/693/693 694/694/694 695/695/695
f 392/392/392 393/393/393 394/394/394
f 395/395/395 396/396/396 397/397/397
f 681/681/681 696/696/696 666/666/666
f 84/84/84 83/83/83 85/85/85
f 86/86/86 87/87/87 88/88/88
f 84/84/84 88/88/88 87/87/87
f 387/387/387 386/386/386 398/398/398
f 89/89/89 90/90/90 91/91/91
f 399/399/399 389/389/389 400/400/400
f 92/92/92 74/74/74 73/73/73
f 1057/1057/1057 1049/1049/1049 1052/1052/1052
f 15/15/15 14/14/14 21/21/21
f 401/401/401 396/396/396 402/402/402
f 87/87/87 93/93/93 84/84/84
f 65/65/65 84/84/84 94/94/94
f 84/84/84 93/93/93 95/95/95
f 673/673/673 675/675/675 697/697/697
f 240/240/240 241/241/241 242/242/242
f 96/96/96 97/97/97 98/98/98
f 403/403/403 404/404/404 405/405/405
f 399/399/399 390/390/390 389/389/389
f 22/22/22 23/23/23 24/24/24
f 698/698/698 673/673/673 697/697/697
f 406/406/406 407/407/407 408/408/408
f 99/99/99 100/100/100 101/101/101
f 102/102/102 103/103/103 104/104/104
f 94/94/94 84/84/84 95/95/95
f 699/699/699 700/700/700 666/666/666
f 675/675/675 674/674/674 683/683/683
f 696/696/696 699/699/699 666/666/666
f 97/97/97 96/96/96 105/105/105
f 701/701/701 702/702/702 703/703/703
f 98/98/98 106/106/106 107/107/107
f 98/98/98 97/97/97 106/106/106
f 704/704/704 705/705/705 706/706/706
f 108/108/108 65/65/65 94/94/94
f 24/24/24 25/25/25 22/22/22
f 707/707/707 708/708/708 709/709/709
f 106/106/106 109/109/109 107/107/107
f 1057/1057/1057 1051/1051/1051 1049/1049/1049
f 109/109/109 110/110/110 107/107/107
f 111/111/111 110/110/110 109/109/109
f 112/112/112 113/113/113 114/114/114
f 115/115/115 111/111/111 116/116/116
f 710/710/710 711/711/711 712/712/712
f 1054/1054/1054 1058/1058/1058 1055/1055/1055
f 104/104/104 103/103/103 117/117/117
f 118/118/118 112/112/112 114/114/114
f 1059/1059/1059 1060/1060/1060 1061/1061/1061
f 111/111/111 115/115/115 110/110/110
f 113/113/113 119/119/119 114/114/114
f 398/398/398 409/409/409 387/387/387
f 707/707/707 713/713/713 714/714/714
f 243/243/243 237/237/237 239/239/239
f 691/691/691 690/690/690 715/715/715
f 120/120/120 121/121/121 122/122/122
f 407/407/407 410/410/410 408/408/408
f 17/17/17 16/16/16 26/26/26
f 708/708/708 716/716/716 709/709/709
f 692/692/692 664/664/664 717/717/717
f 114/114/114 123/123/123 118/118/118
f 711/711/711 718/718/718 712/712/712
f 411/411/411 412/412/412 413/413/413
f 414/414/414 415/415/415 416/416/416
f 417/417/417 418/418/418 419/419/419
f 719/719/719 720/720/720 721/721/721
f 420/420/420 421/421/421 422/422/422
f 703/703/703 722/722/722 701/701/701
f 124/124/124 125/125/125 126/126/126
f 127/127/127 118/118/118 123/123/123
f 127/127/127 128/128/128 118/118/118
f 723/723/723 721/721/721 720/720/720
f 704/704/704 724/724/724 705/705/705
f 707/707/707 714/714/714 708/708/708
f 692/692/692 717/717/717 725/725/725
f 416/416/416 415/415/415 423/423/423
f 129/129/129 130/130/130 131/131/131
f 128/128/128 127/127/127 132/132/132
f 133/133/133 134/134/134 135/135/135
f 726/726/726 719/719/719 721/721/721
f 424/424/424 425/425/425 426/426/426
f 123/123/123 136/136/136 137/137/137
f 138/138/138 100/100/100 99/99/99
f 130/130/130 129/129/129 139/139/139
f 416/416/416 427/427/427 414/414/414
f 123/123/123 114/114/114 136/136/136
f 718/718/718 727/727/727 712/712/712
f 712/712/712 727/727/727 728/728/728
f 132/132/132 140/140/140 128/128/128
f 237/237/237 243/243/243 244/244/244
f 131/131/131 130/130/130 141/141/141
f 126/126/126 125/125/125 142/142/142
f 137/137/137 136/136/136 143/143/143
f 144/144/144 145/145/145 146/146/146
f 729/729/729 730/730/730 691/691/691
f 726/726/726 721/721/721 731/731/731
f 147/147/147 148/148/148 149/149/149
f 1062/1062/1062 1060/1060/1060 1059/1059/1059
f 150/150/150 151/151/151 152/152/152
f 150/150/150 152/152/152 153/153/153
f 123/123/123 137/137/137 154/154/154
f 155/155/155 156/156/156 157/157/157
f 158/158/158 157/157/157 156/156/156
f 145/145/145 159/159/159 146/146/146
f 428/428/428 429/429/429 430/430/430
f 240/240/240 245/245/245 241/241/241
f 2/2/2 3/3/3 4/4/4
f 732/732/732 706/706/706 705/705/705
f 715/715/715 729/729/729 691/691/691
f 127/127/127 123/123/123 154/154/154
f 160/160/160 130/130/130 161/161/161
f 731/731/731 721/721/721 733/733/733
f 162/162/162 127/127/127 154/154/154
f 130/130/130 139/139/139 161/161/161
f 154/154/154 137/137/137 163/163/163
f 147/147/147 164/164/164 165/165/165
f 1/1/1 4/4/4 3/3/3
f 1052/1052/1052 1063/1063/1063 1057/1057/1057
f 103/103/103 166/166/166 117/117/117
f 430/430/430 429/429/429 431/431/431
f 154/154/154 167/167/167 162/162/162
f 168/168/168 169/169/169 150/150/150
f 721/721/721 734/734/734 735/735/735
f 148/148/148 147/147/147 165/165/165
f 150/150/150 153/153/153 168/168/168
f 170/170/170 171/171/171 172/172/172
f 419/419/419 432/432/432 417/417/417
f 395/395/395 433/433/433 396/396/396
f 165/165/165 164/164/164 173/173/173
f 168/168/168 174/174/174 169/169/169
f 164/164/164 130/130/130 160/160/160
f 175/175/175 176/176/176 173/173/173
f 729/729/729 736/736/736 730/730/730
f 167/167/167 154/154/154 177/177/177
f 178/178/178 179/179/179 180/180/180
f 173/173/173 164/164/164 175/175/175
f 246/246/246 247/247/247 248/248/248
f 177/177/177 154/154/154 163/163/163
f 181/181/181 175/175/175 164/164/164
f 172/172/172 182/182/182 170/170/170
f 183/183/183 184/184/184 185/185/185
f 434/434/434 431/431/431 435/435/435
f 241/241/241 245/245/245 249/249/249
f 737/737/737 738/738/738 739/739/739
f 186/186/186 181/181/181 164/164/164
f 1054/1054/1054 1064/1064/1064 1058/1058/1058
f 186/186/186 164/164/164 160/160/160
f 1059/1059/1059 1065/1065/1065 1062/1062/1062
f 436/436/436 437/437/437 438/438/438
f 721/721/721 723/723/723 740/740/740
f 439/439/439 400/400/400 389/389/389
f 1054/1054/1054 1066/1066/1066 1064/1064/1064
f 175/175/175 181/181/181 176/176/176
f 741/741/741 742/742/742 743/743/743
f 735/735/735 733/733/733 721/721/721
f 744/744/744 745/745/745 746/746/746
f 722/722/722 703/703/703 747/747/747
f 248/248/248 247/247/247 250/250/250
f 1067/1067/1067 1068/1068/1068 1069/1069/1069
f 1070/1070/1070 1071/1071/1071 1072/1072/1072
f 187/187/187 183/183/183 185/185/185
f 721/721/721 740/740/740 734/734/734
f 732/732/732 748/748/748 706/706/706
f 179/179/179 188/188/188 180/180/180
f 749/749/749 743/743/743 742/742/742
f 741/741/741 743/743/743 750/750/750
f 703/703/703 751/751/751 747/747/747
f 1073/1073/1073 1072/1072/1072 1071/1071/1071
f 440/440/440 419/419/419 418/418/418
f 439/439/439 441/441/441 400/400/400
f 189/189/189 190/190/190 191/191/191
f 752/752/752 753/753/753 754/754/754
f 753/753/753 755/755/755 754/754/754
f 1074/1074/1074 1075/1075/1075 1076/1076/1076
f 753/753/753 752/752/752 756/756/756
f 442/442/442 443/443/443 444/444/444
f 445/445/445 446/446/446 447/447/447
f 755/755/755 757/757/757 754/754/754
f 756/756/756 758/758/758 753/753/753
f 1077/1077/1077 1074/1074/1074 1076/1076/1076
f 759/759/759 760/760/760 761/761/761
f 1078/1078/1078 1079/1079/1079 1080/1080/1080
f 192/192/192 193/193/193 194/194/194
f 250/250/250 252/252/252 248/248/248
f 1074/1074/1074 1077/1077/1077 1081/1081/1081
f 762/762/762 763/763/763 764/764/764
f 429/429/429 448/448/448 431/431/431
f 16/16/16 27/27/27 26/26/26
f 1082/1082/1082 1083/1083/1083 1084/1084/1084
f 765/765/765 749/749/749 742/742/742
f 195/195/195 196/196/196 197/197/197
f 198/198/198 199/199/199 200/200/200
f 249/249/249 253/253/253 241/241/241
f 766/766/766 767/767/767 768/768/768
f 1084/1084/1084 1083/1083/1083 1085/1085/1085
f 449/449/449 441/441/441 439/439/439
f 769/769/769 770/770/770 771/771/771
f 450/450/450 451/451/451 452/452/452
f 431/431/431 448/448/448 435/435/435
f 735/735/735 734/734/734 772/772/772
f 773/773/773 774/774/774 768/768/768
f 762/762/762 764/764/764 775/775/775
f 201/201/201 202/202/202 203/203/203
f 241/241/241 253/253/253 254/254/254
f 776/776/776 777/777/777 778/778/778
f 771/771/771 770/770/770 779/779/779
f 753/753/753 780/780/780 755/755/755
f 781/781/781 782/782/782 783/783/783
f 255/255/255 256/256/256 257/257/257
f 774/774/774 766/766/766 768/768/768
f 784/784/784 785/785/785 786/786/786
f 787/787/787 778/778/778 777/777/777
f 204/204/204 205/205/205 206/206/206
f 207/207/207 193/193/193 192/192/192
f 447/447/447 443/443/443 445/445/445
f 772/772/772 734/734/734 788/788/788
f 755/755/755 780/780/780 757/757/757
f 453/453/453 454/454/454 455/455/455
f 1086/1086/1086 1087/1087/1087 1088/1088/1088
f 1089/1089/1089 1090/1090/1090 1091/1091/1091
f 1092/1092/1092 1093/1093/1093 1094/1094/1094
f 786/786/786 785/785/785 789/789/789
f 1095/1095/1095 1090/1090/1090 1089/1089/1089
f 790/790/790 791/791/791 792/792/792
f 793/793/793 771/771/771 779/779/779
f 794/794/794 795/795/795 796/796/796
f 410/410/410 407/407/407 456/456/456
f 797/797/797 767/767/767 766/766/766
f 252/252/252 250/250/250 258/258/258
f 798/798/798 786/786/786 789/789/789
f 1098/1098/1098 1099/1099/1099 1100/1100/1100
f 777/777/777 799/799/799 787/787/787
f 259/259/259 260/260/260 261/261/261
f 208/208/208 188/188/188 179/179/179
f 771/771/771 793/793/793 800/800/800
f 798/798/798 789/789/789 801/801/801
f 448/448/448 457/457/457 435/435/435
f 32/32/32 28/28/28 29/29/29
f 209/209/209 210/210/210 211/211/211
f 458/458/458 419/419/419 440/440/440
f 101/101/101 212/212/212 213/213/213
f 802/802/802 803/803/803 804/804/804
f 459/459/459 442/442/442 444/444/444
f 117/117/117 166/166/166 214/214/214
f 1097/1097/1097 1090/1090/1090 1096/1096/1096
f 1094/1094/1094 1101/1101/1101 1092/1092/1092
f 201/201/201 215/215/215 202/202/202
f 1095/1095/1095 1096/1096/1096 1090/1090/1090
f 402/402/402 396/396/396 460/460/460
f 398/398/398 461/461/461 409/409/409
f 805/805/805 806/806/806 807/807/807
f 808/808/808 791/791/791 809/809/809
f 771/771/771 800/800/800 810/810/810
f 407/407/407 462/462/462 456/456/456
f 197/197/197 216/216/216 195/195/195
f 808/808/808 792/792/792 791/791/791
f 811/811/811 812/812/812 813/813/813
f 1102/1102/1102 1103/1103/1103 1104/1104/1104
f 1103/1103/1103 1105/1105/1105 1104/1104/1104
f 1101/1101/1101 1106/1106/1106 1092/1092/1092
f 384/384/384 262/262/262 263/263/263
f 810/810/810 800/800/800 814/814/814
f 815/815/815 816/816/816 797/797/797
f 817/817/817 1040/1040/1040 818/818/818
f 808/808/808 809/809/809 819/819/819
f 820/820/820 821/821/821 822/822/822
f 797/797/797 766/766/766 823/823/823
f 824/824/824 799/799/799 777/777/777
f 820/820/820 822/822/822 825/825/825
f 100/100/100 212/212/212 101/101/101
f 811/811/811 826/826/826 812/812/812
f 810/810/810 814/814/814 827/827/827
f 828/828/828 829/829/829 830/830/830
f 806/806/806 831/831/831 807/807/807
f 449/449/449 439/439/439 463/463/463
f 832/832/832 833/833/833 834/834/834
f 814/814/814 835/835/835 827/827/827
f 1091/1091/1091 1090/1090/1090 1107/1107/1107
f 1101/1101/1101 1108/1108/1108 1106/1106/1106
f 811/811/811 836/836/836 826/826/826
f 1110/1110/1110 1107/1107/1107 1090/1090/1090
f 464/464/464 435/435/435 457/457/457
f 1111/1111/1111 1090/1090/1090 1109/1109/1109
f 837/837/837 838/838/838 839/839/839
f 840/840/840 841/841/841 842/842/842
f 210/210/210 217/217/217 211/211/211
f 218/218/218 232/232/232 219/219/219
f 843/843/843 844/844/844 845/845/845
f 827/827/827 835/835/835 846/846/846
f 847/847/847 821/821/821 848/848/848
f 849/849/849 799/799/799 824/824/824
f 465/465/465 396/396/396 433/433/433
f 30/30/30 8/8/8 10/10/10
f 849/849/849 824/824/824 850/850/850
f 851/851/851 852/852/852 853/853/853
f 455/455/455 454/454/454 466/466/466
f 1099/1099/1099 1112/1112/1112 1100/1100/1100
f 854/854/854 855/855/855 856/856/856
f 857/857/857 858/858/858 859/859/859
f 184/184/184 183/183/183 220/220/220
f 456/456/456 462/462/462 467/467/467
f 1113/1113/1113 1114/1114/1114 1115/1115/1115
f 855/855/855 860/860/860 856/856/856
f 822/822/822 847/847/847 861/861/861
f 823/823/823 815/815/815 797/797/797
f 1116/1116/1116 1117/1117/1117 1099/1099/1099
f 1110/1110/1110 1090/1090/1090 1111/1111/1111
f 221/221/221 204/204/204 206/206/206
f 862/862/862 863/863/863 864/864/864
f 865/865/865 866/866/866 867/867/867
f 868/868/868 869/869/869 870/870/870
f 812/812/812 826/826/826 871/871/871
f 419/419/419 468/468/468 469/469/469
f 1118/1118/1118 1119/1119/1119 1120/1120/1120
f 264/264/264 251/251/251 265/265/265
f 1121/1121/1121 1107/1107/1107 1122/1122/1122
f 872/872/872 873/873/873 874/874/874
f 1107/1107/1107 1110/1110/1110 1123/1123/1123
f 875/875/875 876/876/876 877/877/877
f 222/222/222 199/199/199 198/198/198
f 462/462/462 470/470/470 467/467/467
f 847/847/847 822/822/822 821/821/821
f 1114/1114/1114 1113/1113/1113 1100/1100/1100
f 1124/1124/1124 1125/1125/1125 1126/1126/1126
f 826/826/826 836/836/836 871/871/871
f 1127/1127/1127 1128/1128/1128 1129/1129/1129
f 1114/1114/1114 1100/1100/1100 1112/1112/1112
f 1130/1130/1130 1131/1131/1131 1132/1132/1132
f 853/853/853 852/852/852 878/878/878
f 879/879/879 880/880/880 881/881/881
f 1133/1133/1133 1134/1134/1134 1135/1135/1135
f 1107/1107/1107 1136/1136/1136 1122/1122/1122
f 876/876/876 875/875/875 882/882/882
f 1137/1137/1137 1138/1138/1138 1127/1127/1127
f 1139/1139/1139 1140/1140/1140 1141/1141/1141
f 883/883/883 884/884/884 885/885/885
f 886/886/886 887/887/887 888/888/888
f 1128/1128/1128 1127/1127/1127 1138/1138/1138
f 1107/1107/1107 1123/1123/1123 1136/1136/1136
f 855/855/855 854/854/854 889/889/889
f 890/890/890 891/891/891 892/892/892
f 1138/1138/1138 1137/1137/1137 1142/1142/1142
f 893/893/893 894/894/894 895/895/895
f 836/836/836 896/896/896 871/871/871
f 1143/1143/1143 1126/1126/1126 1125/1125/1125
f 1144/1144/1144 1145/1145/1145 1146/1146/1146
f 1139/1139/1139 1147/1147/1147 1140/1140/1140
f 1148/1148/1148 1149/1149/1149 1150/1150/1150
f 860/860/860 855/855/855 897/897/897
f 471/471/471 472/472/472 473/473/473
f 474/474/474 463/463/463 439/439/439
f 898/898/898 899/899/899 900/900/900
f 901/901/901 902/902/902 903/903/903
f 878/878/878 852/852/852 904/904/904
f 905/905/905 901/901/901 903/903/903
f 1126/1126/1126 1143/1143/1143 1151/1151/1151
f 899/899/899 906/906/906 900/900/900
f 1152/1152/1152 1153/1153/1153 1154/1154/1154
f 1142/1142/1142 1155/1155/1155 1138/1138/1138
f 1099/1099/1099 1117/1117/1117 1156/1156/1156
f 1157/1157/1157 1158/1158/1158 1159/1159/1159
f 266/266/266 262/262/262 384/384/384
f 1120/1120/1120 1160/1160/1160 1118/1118/1118
f 1161/1161/1161 1162/1162/1162 1163/1163/1163
f 1249/1249/1249 1164/1164/1164 1165/1165/1165
f 852/852/852 907/907/907 904/904/904
f 1249/1249/1249 1166/1166/1166 1164/1164/1164
f 883/883/883 885/885/885 908/908/908
f 1099/1099/1099 1156/1156/1156 1112/1112/1112
f 883/883/883 908/908/908 909/909/909
f 910/910/910 906/906/906 899/899/899
f 888/888/888 911/911/911 886/886/886
f 889/889/889 912/912/912 855/855/855
f 897/897/897 913/913/913 860/860/860
f 855/855/855 912/912/912 914/914/914
f 1167/1167/1167 1160/1160/1160 1120/1120/1120
f 267/267/267 268/268/268 269/269/269
f 1162/1162/1162 1161/1161/1161 1168/1168/1168
f 1249/1249/1249 1165/1165/1165 1169/1169/1169
f 905/905/905 903/903/903 915/915/915
f 223/223/223 224/224/224 225/225/225
f 270/270/270 271/271/271 272/272/272
f 916/916/916 917/917/917 918/918/918
f 1170/1170/1170 1114/1114/1114 1112/1112/1112
f 896/896/896 919/919/919 871/871/871
f 215/215/215 201/201/201 226/226/226
f 903/903/903 920/920/920 915/915/915
f 921/921/921 847/847/847 848/848/848
f 273/273/273 274/274/274 275/275/275
f 1112/1112/1112 1171/1171/1171 1170/1170/1170
f 903/903/903 923/923/923 924/924/924
f 1167/1167/1167 1172/1172/1172 1160/1160/1160
f 925/925/925 910/910/910 899/899/899
f 1041/1041/1041 926/926/926 927/927/927
f 928/928/928 929/929/929 930/930/930
f 1173/1173/1173 1174/1174/1174 1175/1175/1175
f 904/904/904 907/907/907 931/931/931
f 475/475/475 476/476/476 477/477/477
f 932/932/932 933/933/933 934/934/934
f 922/922/922 923/923/923 903/903/903
f 935/935/935 936/936/936 937/937/937
f 419/419/419 458/458/458 468/468/468
f 934/934/934 933/933/933 919/919/919
f 938/938/938 939/939/939 940/940/940
f 919/919/919 933/933/933 871/871/871
f 926/926/926 941/941/941 927/927/927
f 942/942/942 847/847/847 943/943/943
f 847/847/847 944/944/944 943/943/943
f 1176/1176/1176 1177/1177/1177 1163/1163/1163
f 265/265/265 276/276/276 264/264/264
f 945/945/945 930/930/930 929/929/929
f 478/478/478 464/464/464 457/457/457
f 275/275/275 279/279/279 273/273/273
f 903/903/903 924/924/924 920/920/920
f 946/946/946 947/947/947 948/948/948
f 479/479/479 455/455/455 466/466/466
f 904/904/904 931/931/931 949/949/949
f 480/480/480 481/481/481 482/482/482
f 483/483/483 409/409/409 461/461/461
f 1178/1178/1178 1177/1177/1177 1176/1176/1176
f 930/930/930 945/945/945 950/950/950
f 1041/1041/1041 951/951/951 926/926/926
f 1179/1179/1179 1172/1172/1172 1167/1167/1167
f 447/447/447 444/444/444 443/443/443
f 484/484/484 485/485/485 486/486/486
f 471/471/471 487/487/487 472/472/472
f 918/918/918 917/917/917 952/952/952
f 1180/1180/1180 1172/1172/1172 1181/1181/1181
f 255/255/255 282/282/282 256/256/256
f 488/488/488 489/489/489 490/490/490
f 491/491/491 492/492/492 493/493/493
f 897/897/897 953/953/953 913/913/913
f 1182/1182/1182 1163/1163/1163 1162/1162/1162
f 931/931/931 954/954/954 949/949/949
f 1157/1157/1157 1183/1183/1183 1158/1158/1158
f 1179/1179/1179 1181/1181/1181 1172/1172/1172
f 227/227/227 228/228/228 229/229/229
f 281/281/281 277/277/277 278/278/278
f 230/230/230 120/120/120 122/122/122
f 283/283/283 284/284/284 285/285/285
f 493/493/493 494/494/494 495/495/495
f 1179/1179/1179 1184/1184/1184 1181/1181/1181
f 957/957/957 958/958/958 959/959/959
f 957/957/957 959/959/959 960/960/960
f 281/281/281 278/278/278 285/285/285
f 1185/1185/1185 1186/1186/1186 1187/1187/1187
f 958/958/958 961/961/961 962/962/962
f 286/286/286 280/280/280 287/287/287
f 496/496/496 460/460/460 396/396/396
f 288/288/288 289/289/289 290/290/290
f 847/847/847 921/921/921 944/944/944
f 284/284/284 281/281/281 285/285/285
f 1188/1188/1188 1189/1189/1189 1190/1190/1190
f 1180/1180/1180 1181/1181/1181 1191/1191/1191
f 958/958/958 957/957/957 961/961/961
f 1192/1192/1192 1193/1193/1193 1194/1194/1194
f 282/282/282 255/255/255 291/291/291
f 1182/1182/1182 1176/1176/1176 1163/1163/1163
f 926/926/926 965/965/965 941/941/941
f 497/497/497 444/444/444 447/447/447
f 951/951/951 966/966/966 926/926/926
f 286/286/286 287/287/287 292/292/292
f 286/286/286 278/278/278 280/280/280
f 967/967/967 968/968/968 1042/1042/1042
f 1190/1190/1190 1195/1195/1195 1196/1196/1196
f 289/289/289 288/288/288 293/293/293
f 1197/1197/1197 1250/1250/1250 1198/1198/1198
f 1189/1189/1189 1195/1195/1195 1190/1190/1190
f 964/964/964 969/969/969 963/963/963
f 396/396/396 465/465/465 496/496/496
f 294/294/294 295/295/295 296/296/296
f 268/268/268 297/297/297 269/269/269
f 439/439/439 498/498/498 474/474/474
f 298/298/298 299/299/299 300/300/300
f 945/945/945 970/970/970 950/950/950
f 499/499/499 485/485/485 484/484/484
f 271/271/271 301/301/301 272/272/272
f 1199/1199/1199 1185/1185/1185 1187/1187/1187
f 1168/1168/1168 1161/1161/1161 1200/1200/1200
f 1198/1198/1198 1250/1250/1250 1201/1201/1201
f 949/949/949 954/954/954 971/971/971
f 1202/1202/1202 1203/1203/1203 1204/1204/1204
f 302/302/302 303/303/303 304/304/304
f 305/305/305 306/306/306 385/385/385
f 949/949/949 971/971/971 972/972/972
f 294/294/294 296/296/296 307/307/307
f 926/926/926 973/973/973 965/965/965
f 1203/1203/1203 1205/1205/1205 1204/1204/1204
f 223/223/223 231/231/231 224/224/224
f 308/308/308 309/309/309 310/310/310
f 1197/1197/1197 1198/1198/1198 1206/1206/1206
f 304/304/304 303/303/303 298/298/298
f 300/300/300 304/304/304 298/298/298
f 1207/1207/1207 1208/1208/1208 1209/1209/1209
f 1176/1176/1176 1182/1182/1182 1210/1210/1210
f 1211/1211/1211 1212/1212/1212 1213/1213/1213
f 301/301/301 271/271/271 311/311/311
f 1194/1194/1194 1214/1214/1214 1215/1215/1215
f 304/304/304 312/312/312 302/302/302
f 1193/1193/1193 1214/1214/1214 1194/1194/1194
f 1216/1216/1216 1217/1217/1217 1218/1218/1218
f 313/313/313 262/262/262 266/266/266
f 1208/1208/1208 1207/1207/1207 1219/1219/1219
f 1217/1217/1217 1220/1220/1220 1221/1221/1221
f 1217/1217/1217 1222/1222/1222 1218/1218/1218
f 897/897/897 974/974/974 953/953/953
f 314/314/314 274/274/274 273/273/273
f 1223/1223/1223 1212/1212/1212 1211/1211/1211
f 1217/1217/1217 1221/1221/1221 1222/1222/1222
f 966/966/966 975/975/975 926/926/926
f 470/470/470 500/500/500 467/467/467
f 1224/1224/1224 1225/1225/1225 1226/1226/1226
f 976/976/976 977/977/977 971/971/971
f 953/953/953 956/956/956 913/913/913
f 971/971/971 977/977/977 972/972/972
f 1227/1227/1227 1228/1228/1228 1229/1229/1229
f 958/958/958 978/978/978 959/959/959
f 496/496/496 501/501/501 460/460/460
f 502/502/502 503/503/503 504/504/504
f 1230/1230/1230 1231/1231/1231 1232/1232/1232
f 315/315/315 316/316/316 317/317/317
f 979/979/979 980/980/980 981/981/981
f 318/318/318 319/319/319 320/320/320
f 981/981/981 982/982/982 979/979/979
f 1231/1231/1231 1234/1234/1234 1232/1232/1232
f 318/318/318 320/320/320 321/321/321
f 1236/1236/1236 1208/1208/1208 1219/1219/1219
f 983/983/983 984/984/984 985/985/985
f 986/986/986 984/984/984 983/983/983
f 976/976/976 987/987/987 977/977/977
f 988/988/988 989/989/989 975/975/975
f 1233/1233/1233 1235/1235/1235 1237/1237/1237
f 1238/1238/1238 1239/1239/1239 1240/1240/1240
f 955/955/955 956/956/956 953/953/953
f 322/322/322 323/323/323 324/324/324
f 981/981/981 990/990/990 982/982/982
f 325/325/325 326/326/326 327/327/327
f 328/328/328 329/329/329 323/323/323
f 324/324/324 323/323/323 329/329/329
f 483/483/483 461/461/461 505/505/505
f 330/330/330 331/331/331 332/332/332
f 975/975/975 989/989/989 926/926/926
f 333/333/333 317/317/317 316/316/316
f 1241/1241/1241 1242/1242/1242 1243/1243/1243
f 974/974/974 991/991/991 953/953/953
f 459/459/459 444/444/444 506/506/506
f 1244/1244/1244 1245/1245/1245 1246/1246/1246
f 334/334/334 315/315/315 335/335/335
f 336/336/336 337/337/337 338/338/338
f 1236/1236/1236 1219/1219/1219 1247/1247/1247
f 507/507/507 508/508/508 509/509/509
f 339/339/339 340/340/340 341/341/341
f 342/342/342 343/343/343 344/344/344
f 334/334/334 316/316/316 315/315/315
f 345/345/345 322/322/322 324/324/324
f 992/992/992 980/980/980 979/979/979
f 343/343/343 269/269/269 344/344/344
f 987/987/987 993/993/993 977/977/977
f 346/346/346 322/322/322 345/345/345
f 994/994/994 995/995/995 996/996/996
f 310/310/310 347/347/347 308/308/308
f 339/339/339 341/341/341 348/348/348
f 997/997/997 998/998/998 999/999/999
f 1000/1000/1000 1001/1001/1001 1002/1002/1002
f 993/993/993 987/987/987 1003/1003/1003
f 1248/1248/1248 1236/1236/1236 1247/1247/1247
f 997/997/997 999/999/999 1004/1004/1004
f 488/488/488 510/510/510 489/489/489
f 349/349/349 262/262/262 313/313/313
f 350/350/350 346/346/346 345/345/345
f 1005/1005/1005 1006/1006/1006 1007/1007/1007
f 1005/1005/1005 1007/1007/1007 1008/1008/1008
f 981/981/981 1002/1002/1002 990/990/990
f 345/345/345 351/351/351 352/352/352
f 470/470/470 511/511/511 500/500/500
f 353/353/353 354/354/354 355/355/355
f 464/464/464 478/478/478 512/512/512
f 353/353/353 355/355/355 356/356/356
f 297/297/297 344/344/344 269/269/269
f 494/494/494 493/493/493 492/492/492
f 513/513/513 514/514/514 515/515/515
f 357/357/357 358/358/358 359/359/359
f 360/360/360 361/361/361 362/362/362
f 363/363/363 350/350/350 364/364/364
f 981/981/981 1010/1010/1010 1009/1009/1009
f 464/464/464 512/512/512 516/516/516
f 487/487/487 471/471/471 517/517/517
f 345/345/345 352/352/352 365/365/365
f 366/366/366 367/367/367 359/359/359
f 368/368/368 369/369/369 370/370/370
f 371/371/371 372/372/372 373/373/373
f 373/373/373 374/374/374 371/371/371
f 356/356/356 355/355/355 375/375/375
f 375/375/375 376/376/376 356/356/356
f 350/350/350 345/345/345 365/365/365
f 364/364/364 350/350/350 365/365/365
f 1011/1011/1011 1012/1012/1012 1013/1013/1013
f 1008/1008/1008 1007/1007/1007 1014/1014/1014
f 1014/1014/1014 1015/1015/1015 1008/1008/1008
f 1011/1011/1011 1016/1016/1016 1012/1012/1012
f 377/377/377 372/372/372 378/378/378
f 359/359/359 367/367/367 357/357/357
f 474/474/474 498/498/498 518/518/518
f 372/372/372 371/371/371 378/378/378
f 981/981/981 1009/1009/1009 1002/1002/1002
f 367/367/367 366/366/366 379/379/379
f 519/519/519 520/520/520 521/521/521
f 377/377/377 378/378/378 380/380/380
f 1007/1007/1007 1017/1017/1017 1014/1014/1014
f 1018/1018/1018 1019/1019/1019 1020/1020/1020
f 522/522/522 479/479/479 466/466/466
f 523/523/523 524/524/524 525/525/525
f 526/526/526 525/525/525 524/524/524
f 487/487/487 517/517/517 527/527/527
f 1021/1021/1021 1022/1022/1022 1023/1023/1023
f 1024/1024/1024 1015/1015/1015 1014/1014/1014
f 523/523/523 525/525/525 528/528/528
f 381/381/381 382/382/382 383/383/383
f 528/528/528 525/525/525 529/529/529
f 1025/1025/1025 1026/1026/1026 1015/1015/1015
f 468/468/468 530/530/530 531/531/531
f 532/532/532 533/533/533 534/534/534
f 1009/1009/1009 1010/1010/1010 1027/1027/1027
f 1025/1025/1025 1015/1015/1015 1024/1024/1024
f 1027/1027/1027 1028/1028/1028 1009/1009/1009
f 502/502/502 535/535/535 536/536/536
f 537/537/537 538/538/538 539/539/539
f 540/540/540 510/510/510 488/488/488
f 541/541/541 534/534/534 533/533/533
f 542/542/542 543/543/543 528/528/528
f 542/542/542 528/528/528 529/529/529
f 492/492/492 491/491/491 544/544/544
f 545/545/545 512/512/512 546/546/546
f 465/465/465 547/547/547 496/496/496
f 525/525/525 526/526/526 548/548/548
f 1030/1030/1030 1031/1031/1031 1032/1032/1032
f 1019/1019/1019 1018/1018/1018 1029/1029/1029
f 1034/1034/1034 1033/1033/1033 1035/1035/1035
f 546/546/546 549/549/549 545/545/545
f 525/525/525 548/548/548 550/550/550
f 516/516/516 512/512/512 545/545/545
f 535/535/535 502/502/502 504/504/504
f 546/546/546 551/551/551 549/549/549
f 1036/1036/1036 1037/1037/1037 1038/1038/1038
f 552/552/552 480/480/480 482/482/482
f 468/468/468 531/531/531 553/553/553
f 516/516/516 545/545/545 549/549/549
f 554/554/554 555/555/555 556/556/556
f 534/534/534 541/541/541 557/557/557
f 558/558/558 475/475/475 477/477/477
f 549/549/549 559/559/559 560/560/560
f 559/559/559 549/549/549 551/551/551
f 561/561/561 562/562/562 563/563/563
f 564/564/564 468/468/468 553/553/553
f 501/501/501 496/496/496 565/565/565
f 554/554/554 556/556/556 566/566/566
f 560/560/560 527/527/527 517/517/517
f 566/566/566 556/556/556 567/567/567
f 468/468/468 564/564/564 568/568/568
f 569/569/569 570/570/570 557/557/557
f 567/567/567 556/556/556 571/571/571
f 568/568/568 572/572/572 469/469/469
f 560/560/560 559/559/559 527/527/527
f 569/569/569 557/557/557 541/541/541
f 568/568/568 469/469/469 468/468/468
f 571/571/571 573/573/573 567/567/567
f 1039/1039/1039 1023/1023/1023 1022/1022/1022
f 563/563/563 574/574/574 575/575/575
f 574/574/574 562/562/562 576/576/576
f 574/574/574 563/563/563 562/562/562
f 567/567/567 577/577/577 566/566/566
f 567/567/567 578/578/578 577/577/577
f 579/579/579 479/479/479 522/522/522
f 580/580/580 573/573/573 581/581/581
f 580/580/580 582/582/582 573/573/573
f 507/507/507 583/583/583 508/508/508
f 584/584/584 485/485/485 499/499/499
f 585/585/585 586/586/586 576/576/576
f 567/567/567 573/573/573 582/582/582
f 570/570/570 569/569/569 587/587/587
f 588/588/588 589/589/589 587/587/587
f 587/587/587 590/590/590 570/570/570
f 591/591/591 579/579/579 592/592/592
f 590/590/590 587/587/587 589/589/589
f 593/593/593 586/586/586 585/585/585
f 591/591/591 479/479/479 579/579/579
f 594/594/594 595/595/595 596/596/596
f 586/586/586 574/574/574 576/576/576
f 594/594/594 597/597/597 595/595/595
f 592/592/592 598/598/598 591/591/591
f 599/599/599 596/596/596 595/595/595
f 600/600/600 596/596/596 599/599/599
f 598/598/598 601/601/601 591/591/591
f 602/602/602 597/597/597 603/603/603
f 604/604/604 605/605/605 606/606/606
f 595/595/595 597/597/597 602/602/602
f 607/607/607 595/595/595 602/602/602
f 600/600/600 599/599/599 608/608/608
f 609/609/609 610/610/610 611/611/611
f 602/602/602 612/612/612 607/607/607
f 613/613/613 614/614/614 615/615/615
f 616/616/616 617/617/617 618/618/618
f 619/619/619 620/620/620 621/621/621
f 622/622/622 623/623/623 624/624/624
f 625/625/625 552/552/552 482/482/482
f 624/624/624 623/623/623 626/626/626
f 627/627/627 628/628/628 629/629/629
f 495/495/495 494/494/494 630/630/630
f 628/628/628 631/631/631 632/632/632
f 628/628/628 633/633/633 629/629/629
f 632/632/632 634/634/634 628/628/628
f 635/635/635 633/633/633 628/628/628
f 634/634/634 635/635/635 628/628/628
f 1251/1251/1251 1252/1252/1252 1253/1253/1253
f 1251/1251/1251 1253/1253/1253 1252/1252/1252
f 1251/1251/1251 1253/1253/1253 1254/1254/1254
f 1251/1251/1251 1254/1254/1254 1253/1253/1253
f 1251/1251/1251 1254/1254/1254 1255/1255/1255
f 1251/1251/1251 1255/1255/1255 1254/1254/1254
f 1251/1251/1251 1255/1255/1255 1256/1256/1256
f 1251/1251/1251 1256/1256/1256 1255/1255/1255
f 1251/1251/1251 1256/1256/1256 1257/1257/1257
f 1251/1251/1251 1257/1257/1257 1256/1256/1256
f 1251/1251/1251 1257/1257/1257 1258/1258/1258
f 1251/1251/1251 1258/1258/1258 1257/1257/1257
f 1251/1251/1251 1258/1258/1258 1259/1259/1259
f 1251/1251/1251 1259/1259/1259 1258/1258/1258
f 1251/1251/1251 1259/1259/1259 1260/1260/1260
f 1251/1251/1251 1260/1260/1260 1259/1259/1259
f 1251/1251/1251 1260/1260/1260 1261/1261/1261
f 1251/1251/1251 1261/1261/1261 1260/1260/1260
f 1251/1251/1251 1261/1261/1261 1262/1262/1262
f 1251/1251/1251 1262/1262/1262 1261/1261/1261
f 1251/1251/1251 1262/1262/1262 1263/1263/1263
f 1251/1251/1251 1263/1263/1263 1262/1262/1262
f 1251/1251/1251 1263/1263/1263 1264/1264/1264
f 1251/1251/1251 1264/1264/1264 1263/1263/1263
f 1251/1251/1251 1264/1264/1264 1265/1265/1265
f 1251/1251/1251 1265/1265/1265 1264/1264/1264
f 1251/1251/1251 1265/1265/1265 1266/1266/1266
f 1251/1251/1251 1266/1266/1266 1265/1265/1265
f 1251/1251/1251 1266/1266/1266 1267/1267/1267
f 1251/1251/1251 1267/1267/1267 1266/1266/1266
f 1251/1251/1251 1267/1267/1267 1268/1268/1268
f 1251/1251/1251 1268/1268/1268 1267/1267/1267
f 1251/1251/1251 1268/1268/1268 1269/1269/1269
f 1251/1251/1251 1269/1269/1269 1268/1268/1268
f 1251/1251/1251 1269/1269/1269 1270/1270/1270
f 1251/1251/1251 1270/1270/1270 1269/1269/1269
f 1251/1251/1251 1270/1270/1270 1271/1271/1271
f 1251/1251/1251 1271/1271/1271 1270/1270/1270
f 1251/1251/1251 1271/1271/1271 1272/1272/1272
f 1251/1251/1251 1272/1272/1272 1271/1271/1271
f 1251/1251/1251 1272/1272/1272 1273/1273/1273
f 1251/1251/1251 1273/1273/1273 1272/1272/1272
f 1251/1251/1251 1273/1273/1273 1274/1274/1274
f 1251/1251/1251 1274/1274/1274 1273/1273/1273
f 1251/1251/1251 1274/1274/1274 1275/1275/1275
f 1251/1251/1251 1275/1275/1275 1274/1274/1274
f 1251/1251/1251 1275/1275/1275 1276/1276/1276
f 1251/1251/1251 1276/1276/1276 1275/1275/1275
f 1251/1251/1251 1276/1276/1276 1277/1277/1277
f 1251/1251/1251 1277/1277/1277 1276/1276/1276
f 1251/1251/1251 1277/1277/1277 1278/1278/1278
f 1251/1251/1251 1278/1278/1278 1277/1277/1277
f 1251/1251/1251 1278/1278/1278 1279/1279/1279
f 1251/1251/1251 1279/1279/1279 1278/1278/1278
f 1251/1251/1251 1279/1279/1279 1280/1280/1280
f 1251/1251/1251 1280/1280/1280 1279/1279/1279
f 1251/1251/1251 1280/1280/1280 1281/1281/1281
f 1251/1251/1251 1281/1281/1281 1280/1280/1280
f 1251/1251/1251 1281/1281/1281 1282/1282/1282
f 1251/1251/1251 1282/1282/1282 1281/1281/1281
f 1251/1251/1251 1282/1282/1282 1283/1283/1283
f 1251/1251/1251 1283/1283/1283 1282/1282/1282
f 1251/1251/1251 1283/1283/1283 1284/1284/1284
f 1251/1251/1251 1284/1284/1284 1283/1283/1283
f 1251/1251/1251 1284/1284/1284 1285/1285/1285
f 1251/1251/1251 1285/1285/1285 1284/1284/1284
f 1251/1251/1251 1285/1285/1285 1286/1286/1286
f 1251/1251/1251 1286/1286/1286 1285/1285/1285
f 1251/1251/1251 1286/1286/1286 1287/1287/1287
f 1251/1251/1251 1287/1287/1287 1286/1286/1286
f 1251/1251/1251 1287/1287/1287 1288/1288/1288
f 1251/1251/1251 1288/1288/1288 1287/1287/1287
f 1251/1251/1251 1288/1288/1288 1289/1289/1289
f 1251/1251/1251 1289/1289/1289 1288/1288/1288
f 1251/1251/1251 1289/1289/1289 1290/1290/1290
f 1251/1251/1251 1290/1290/1290 1289/1289/1289
f 1251/1251/1251 1290/1290/1290 1291/1291/1291
f 1251/1251/1251 1291/1291/1291 1290/1290/1290
f 1251/1251/1251 1291/1291/1291 1292/1292/1292
f 1251/1251/1251 1292/1292/1292 1291/1291/1291
f 1251/1251/1251 1292/1292/1292 1293/1293/1293
f 1251/1251/1251 1293/1293/1293 1292/1292/1292
f 1251/1251/1251 1293/1293/1293 1294/1294/1294
f 1251/1251/1251 1294/1294/1294 1293/1293/1293
f 1251/1251/1251 1294/1294/1294 1295/1295/1295
f 1251/1251/1251 1295/1295/1295 1294/1294/1294
f 1251/1251/1251 1295/1295/1295 1296/1296/1296
f 1251/1251/1251 1296/1296/1296 1295/1295/1295
f 1251/1251/1251 1296/1296/1296 1297/1297/1297
f 1251/1251/1251 1297/1297/1297 1296/1296/1296
f 1251/1251/1251 1297/1297/1297 1298/1298/1298
f 1251/1251/1251 1298/1298/1298 1297/1297/1297
f 1251/1251/1251 1298/1298/1298 1299/1299/1299
f 1251/1251/1251 1299/1299/1299 1298/1298/1298
f 1251/1251/1251 1299/1299/1299 1300/1300/1300
f 1251/1251/1251 1300/1300/1300 1299/1299/1299
f 1251/1251/1251 1300/1300/1300 1301/1301/1301
f 1251/1251/1251 1301/1301/1301 1300/1300/1300
f 1251/1251/1251 1301/1301/1301 1302/1302/1302
f 1251/1251/1251 1302/1302/1302 1301/1301/1301
f 1251/1251/1251 1302/1302/1302 1303/1303/1303
f 1251/1251/1251 1303/1303/1303 1302/1302/1302
f 1251/1251/1251 1303/1303/1303 1304/1304/1304
f 1251/1251/1251 1304/1304/1304 1303/1303/1303
f 1251/1251/1251 1304/1304/1304 1305/1305/1305
f 1251/1251/1251 1305/1305/1305 1304/1304/1304
f 1251/1251/1251 1305/1305/1305 1306/1306/1306
f 1251/1251/1251 1306/1306/1306 1305/1305/1305
f 1251/1251/1251 1306/1306/1306 1307/1307/1307
f 1251/1251/1251 1307/1307/1307 1306/1306/1306
f 1251/1251/1251 1307/1307/1307 1308/1308/1308
f 1251/1251/1251 1308/1308/1308 1307/1307/1307
f 1251/1251/1251 1308/1308/1308 1309/1309/1309
f 1251/1251/1251 1309/1309/1309 1308/1308/1308
f 1251/1251/1251 1309/1309/1309 1310/1310/1310
f 1251/1251/1251 1310/1310/1310 1309/1309/1309
f 1251/1251/1251 1310/1310/1310 1311/1311/1311
f 1251/1251/1251 1311/1311/1311 1310/1310/1310
f 1251/1251/1251 1311/1311/1311 1312/1312/1312
f 1251/1251/1251 1312/1312/1312 1311/1311/1311
f 1251/1251/1251 1312/1312/1312 1313/1313/1313
f 1251/1251/1251 1313/1313/1313 1312/1312/1312
f 1251/1251/1251 1313/1313/1313 1314/1314/1314
f 1251/1251/1251 1314/1314/1314 1313/1313/1313
f 1251/1251/1251 1314/1314/1314 1315/1315/1315
f 1251/1251/1251 1315/1315/1315 1314/1314/1314
f 1251/1251/1251 1315/1315/1315 1316/1316/1316
f 1251/1251/1251 1316/1316/1316 1315/1315/1315
f 1251/1251/1251 1316/1316/1316 1317/1317/1317
f 1251/1251/1251 1317/1317/1317 1316/1316/1316
f 1251/1251/1251 1317/1317/1317 1318/1318/1318
f 1251/1251/1251 1318/1318/1318 1317/1317/1317
f 1251/1251/1251 1318/1318/1318 1319/1319/1319
f 1251/1251/1251 1319/1319/1319 1318/1318/1318
f 1251/1251/1251 1319/1319/1319 1320/1320/1320
f 1251/1251/1251 1320/1320/1320 1319/1319/1319
f 1251/1251/1251 1320/1320/1320 1321/1321/1321
f 1251/1251/1251 1321/1321/1321 1320/1320/1320
f 1251/1251/1251 1321/1321/1321 1322/1322/1322
f 1251/1251/1251 1322/1322/1322 1321/1321/1321
f 1251/1251/1251 1322/1322/1322 1323/1323/1323
f 1251/1251/1251 1323/1323/1323 1322/1322/1322
f 1251/1251/1251 1323/1323/1323 1324/1324/1324
f 1251/1251/1251 1324/1324/1324 1323/1323/1323
f 1251/1251/1251 1324/1324/1324 1325/1325/1325
f 1251/1251/1251 1325/1325/1325 1324/1324/1324
f 1251/1251/1251 1325/1325/1325 1326/1326/1326
f 1251/1251/1251 1326/1326/1326 1325/1325/1325
f 1251/1251/1251 1326/1326/1326 1327/1327/1327
f 1251/1251/1251 1327/1327/1327 1326/1326/1326
f 1251/1251/1251 1327/1327/1327 1328/1328/1328
f 1251/1251/1251 1328/1328/1328 1327/1327/1327
f 1251/1251/1251 1328/1328/1328 1329/1329/1329
f 1251/1251/1251 1329/1329/1329 1328/1328/1328
f 1251/1251/1251 1329/1329/1329 1330/1330/1330
f 1251/1251/1251 1330/1330/1330 1329/1329/1329
f 1251/1251/1251 1330/1330/1330 1331/1331/1331
f 1251/1251/1251 1331/1331/1331 1330/1330/1330
f 1251/1251/1251 1331/1331/1331 1332/1332/1332
f 1251/1251/1251 1332/1332/1332 1331/1331/1331
f 1251/1251/1251 1332/1332/1332 1333/1333/1333
f 1251/1251/1251 1333/1333/1333 1332/1332/1332
f 1251/1251/1251 1333/1333/1333 1334/1334/1334
f 1251/1251/1251 1334/1334/1334 1333/1333/1333
f 1251/1251/1251 1334/1334/1334 1335/1335/1335
f 1251/1251/1251 1335/1335/1335 1334/1334/1334
f 1251/1251/1251 1335/1335/1335 1336/1336/1336
f 1251/1251/1251 1336/1336/1336 1335/1335/1335
f 1251/1251/1251 1336/1336/1336 1337/1337/1337
f 1251/1251/1251 1337/1337/1337 1336/1336/1336
f 1251/1251/1251 1337/1337/1337 1338/1338/1338
f 1251/1251/1251 1338/1338/1338 1337/1337/1337
f 1251/1251/1251 1338/1338/1338 1339/1339/1339
f 1251/1251/1251 1339/1339/1339 1338/1338/1338
f 1251/1251/1251 1339/1339/1339 1340/1340/1340
f 1251/1251/1251 1340/1340/1340 1339/1339/1339
f 1251/1251/1251 1340/1340/1340 1341/1341/1341
f 1251/1251/1251 1341/1341/1341 1340/1340/1340
f 1251/1251/1251 1341/1341/1341 1342/1342/1342
f 1251/1251/1251 1342/1342/1342 1341/1341/1341
f 1251/1251/1251 1342/1342/1342 1252/1252/1252
f 1251/1251/1251 1252/1252/1252 1342/1342/1342
