o arm_left
v -0.20708 1.43019 0.15776
v -0.22629 1.45323 0.12621
v -0.24439 1.46358 0.13845
v -0.24439 1.46358 0.13845
v -0.22629 1.45323 0.12621
v -0.24293 1.46234 0.11983
v -0.22629 1.45323 0.12621
v -0.24769 1.48848 0.14972
v -0.24293 1.46234 0.11983
v -0.22830 1.41015 0.15354
v -0.24439 1.46358 0.13845
v -0.25841 1.43639 0.13500
v -0.24293 1.46234 0.11983
v -0.24755 1.45377 0.09861
v -0.25960 1.43035 0.09782
v -0.24293 1.46234 0.11983
v -0.25841 1.43639 0.13500
v -0.24439 1.46358 0.13845
v -0.24437 1.42038 0.12360
v -0.24787 1.41961 0.09840
v -0.25208 1.40715 0.08595
v -0.24477 1.53804 0.09102
v -0.26301 1.46163 0.09256
v -0.25403 1.45873 0.09539
v -0.25841 1.43639 0.13500
v -0.24293 1.46234 0.11983
v -0.25960 1.43035 0.09782
v -0.25960 1.43035 0.09782
v -0.24787 1.41961 0.09840
v -0.24437 1.42038 0.12360
v -0.24769 1.48848 0.14972
v -0.25403 1.45873 0.09539
v -0.24293 1.46234 0.11983
v -0.24755 1.45377 0.09861
v -0.24293 1.46234 0.11983
v -0.25403 1.45873 0.09539
v -0.26212 1.23071 -0.05296
v -0.28680 1.23811 -0.08427
v -0.23672 1.27916 -0.05051
v -0.25960 1.43035 0.09782
v -0.26765 1.41293 0.08604
v -0.24787 1.41961 0.09840
v -0.25208 1.40715 0.08595
v -0.24787 1.41961 0.09840
v -0.26765 1.41293 0.08604
v -0.23672 1.27916 -0.05051
v -0.27043 1.20260 -0.02715
v -0.26212 1.23071 -0.05296
v -0.25208 1.39644 0.10002
v -0.25208 1.40715 0.08595
v -0.26046 1.40282 0.11395
v -0.25960 1.43035 0.09782
v -0.24437 1.42038 0.12360
v -0.25841 1.43639 0.13500
v -0.26301 1.46163 0.09256
v -0.25545 1.54586 0.10574
v -0.26285 1.48135 0.12396
v -0.24755 1.45377 0.09861
v -0.26301 1.46163 0.09256
v -0.26672 1.43461 0.09664
v -0.26136 1.20064 0.02629
v -0.27043 1.20260 -0.02715
v -0.23521 1.24591 0.01789
v -0.26301 1.22329 0.08370
v -0.26136 1.20064 0.02629
v -0.22810 1.28679 0.06586
v -0.24755 1.45377 0.09861
v -0.25403 1.45873 0.09539
v -0.26301 1.46163 0.09256
v -0.24755 1.45377 0.09861
v -0.26672 1.43461 0.09664
v -0.25960 1.43035 0.09782
v -0.26285 1.48135 0.12396
v -0.26767 1.45857 0.10016
v -0.26301 1.46163 0.09256
v -0.25960 1.43035 0.09782
v -0.26672 1.43461 0.09664
v -0.26765 1.41293 0.08604
v -0.26301 1.22329 0.08370
v -0.27023 1.20164 0.05999
v -0.26136 1.20064 0.02629
v -0.26046 1.40282 0.11395
v -0.25208 1.40715 0.08595
v -0.27940 1.41443 0.12082
v -0.26046 1.40282 0.11395
v -0.26999 1.40677 0.12220
v -0.26379 1.36989 0.10142
v -0.27043 1.20260 -0.02715
v -0.26136 1.20064 0.02629
v -0.26958 1.20111 0.01986
v -0.29476 1.21908 0.11544
v -0.25936 1.30772 0.12488
v -0.27598 1.28706 0.12924
v -0.26046 1.40282 0.11395
v -0.27940 1.41443 0.12082
v -0.26999 1.40677 0.12220
v -0.26136 1.20064 0.02629
v -0.28083 1.20165 0.05401
v -0.26958 1.20111 0.01986
v -0.26136 1.20064 0.02629
v -0.27023 1.20164 0.05999
v -0.28083 1.20165 0.05401
v -0.29321 1.47089 0.10329
v -0.26767 1.45857 0.10016
v -0.26285 1.48135 0.12396
v -0.28721 1.41809 0.10373
v -0.27940 1.41443 0.12082
v -0.25208 1.40715 0.08595
v -0.29476 1.21908 0.11544
v -0.26301 1.22329 0.08370
v -0.25936 1.30772 0.12488
v -0.29256 1.31968 0.12032
v -0.27598 1.28706 0.12924
v -0.25936 1.30772 0.12488
v -0.26301 1.46163 0.09256
v -0.28177 1.44289 0.11157
v -0.26672 1.43461 0.09664
v -0.26285 1.48135 0.12396
v -0.28901 1.48448 0.12031
v -0.29321 1.47089 0.10329
v -0.28177 1.44289 0.11157
v -0.26301 1.46163 0.09256
v -0.26767 1.45857 0.10016
v -0.27043 1.20260 -0.02715
v -0.26958 1.20111 0.01986
v -0.28395 1.20364 -0.02682
v -0.28927 1.21233 -0.06845
v -0.26212 1.23071 -0.05296
v -0.27043 1.20260 -0.02715
v -0.28721 1.41809 0.10373
v -0.25208 1.40715 0.08595
v -0.26765 1.41293 0.08604
v -0.29616 1.20816 0.10799
v -0.27023 1.20164 0.05999
v -0.26301 1.22329 0.08370
v -0.28927 1.21233 -0.06845
v -0.27043 1.20260 -0.02715
v -0.28395 1.20364 -0.02682
v -0.26672 1.43461 0.09664
v -0.28721 1.41809 0.10373
v -0.26765 1.41293 0.08604
v -0.28721 1.41809 0.10373
v -0.26672 1.43461 0.09664
v -0.28177 1.44289 0.11157
v -0.29162 1.34152 -0.10601
v -0.29244 1.36372 -0.10328
v -0.27296 1.36442 -0.09191
v -0.28721 1.41809 0.10373
v -0.33498 1.42158 0.10481
v -0.27940 1.41443 0.12082
v -0.29753 1.17524 0.05511
v -0.29021 1.17207 0.02009
v -0.26958 1.20111 0.01986
v -0.26767 1.45857 0.10016
v -0.29321 1.47089 0.10329
v -0.28177 1.44289 0.11157
v -0.26285 1.48135 0.12396
v -0.28526 1.53428 0.11834
v -0.28901 1.48448 0.12031
v -0.27936 1.33375 0.11756
v -0.26999 1.40677 0.12220
v -0.29859 1.33111 0.13684
v -0.28927 1.21233 -0.06845
v -0.28680 1.23811 -0.08427
v -0.26212 1.23071 -0.05296
v -0.33498 1.42158 0.10481
v -0.26999 1.40677 0.12220
v -0.27940 1.41443 0.12082
v -0.29753 1.17524 0.05511
v -0.26958 1.20111 0.01986
v -0.28083 1.20165 0.05401
v -0.27032 1.40960 -0.08752
v -0.29244 1.36372 -0.10328
v -0.30070 1.41833 -0.08076
v -0.29476 1.21908 0.11544
v -0.29616 1.20816 0.10799
v -0.26301 1.22329 0.08370
v -0.27598 1.28706 0.12924
v -0.29256 1.31968 0.12032
v -0.31599 1.28012 0.13616
v -0.27023 1.20164 0.05999
v -0.29616 1.20816 0.10799
v -0.28083 1.20165 0.05401
v -0.29753 1.17436 -0.01906
v -0.28395 1.20364 -0.02682
v -0.26958 1.20111 0.01986
v -0.29616 1.20816 0.10799
v -0.30340 1.20759 0.09400
v -0.28083 1.20165 0.05401
v -0.28526 1.53428 0.11834
v -0.29163 1.49329 0.09791
v -0.28901 1.48448 0.12031
v -0.26999 1.40677 0.12220
v -0.33498 1.42158 0.10481
v -0.29859 1.33111 0.13684
v -0.27936 1.33375 0.11756
v -0.29859 1.33111 0.13684
v -0.29256 1.31968 0.12032
v -0.29321 1.47089 0.10329
v -0.29736 1.44846 0.10914
v -0.28177 1.44289 0.11157
v -0.26958 1.20111 0.01986
v -0.29021 1.17207 0.02009
v -0.29753 1.17436 -0.01906
v -0.28939 1.54708 0.10187
v -0.30670 1.49863 0.09281
v -0.29163 1.49329 0.09791
v -0.29321 1.47089 0.10329
v -0.28901 1.48448 0.12031
v -0.29163 1.49329 0.09791
v -0.28177 1.44289 0.11157
v -0.29736 1.44846 0.10914
v -0.28721 1.41809 0.10373
v -0.30803 1.25334 -0.10121
v -0.28864 1.28551 -0.09526
v -0.28680 1.23811 -0.08427
v -0.29753 1.17524 0.05511
v -0.30960 1.17603 0.05840
v -0.29021 1.17207 0.02009
v -0.28927 1.21233 -0.06845
v -0.30803 1.25334 -0.10121
v -0.28680 1.23811 -0.08427
v -0.29162 1.34152 -0.10601
v -0.28864 1.28551 -0.09526
v -0.30803 1.25334 -0.10121
v -0.29021 1.17207 0.02009
v -0.30960 1.17603 0.05840
v -0.30193 1.17198 0.02534
v -0.29021 1.17207 0.02009
v -0.30672 1.17423 -0.01472
v -0.29753 1.17436 -0.01906
v -0.29163 1.49329 0.09791
v -0.30420 1.47742 0.08516
v -0.29321 1.47089 0.10329
v -0.30193 1.17198 0.02534
v -0.30672 1.17423 -0.01472
v -0.29021 1.17207 0.02009
v -0.29321 1.47089 0.10329
v -0.30874 1.45873 0.09259
v -0.29736 1.44846 0.10914
v -0.28083 1.20165 0.05401
v -0.30340 1.20759 0.09400
v -0.31820 1.18222 0.08807
v -0.29616 1.20816 0.10799
v -0.32116 1.21224 0.11817
v -0.30340 1.20759 0.09400
v -0.29163 1.49329 0.09791
v -0.30670 1.49863 0.09281
v -0.30420 1.47742 0.08516
v -0.33498 1.42158 0.10481
v -0.28721 1.41809 0.10373
v -0.31979 1.42123 0.08816
v -0.29256 1.31968 0.12032
v -0.29859 1.33111 0.13684
v -0.31599 1.28012 0.13616
v -0.30420 1.47742 0.08516
v -0.30874 1.45873 0.09259
v -0.29321 1.47089 0.10329
v -0.31979 1.42123 0.08816
v -0.28721 1.41809 0.10373
v -0.29736 1.44846 0.10914
v -0.30340 1.20759 0.09400
v -0.32116 1.21224 0.11817
v -0.34325 1.21332 0.10487
v -0.28083 1.20165 0.05401
v -0.31820 1.18222 0.08807
v -0.29753 1.17524 0.05511
v -0.30874 1.45873 0.09259
v -0.31979 1.42123 0.08816
v -0.29736 1.44846 0.10914
v -0.31582 1.15092 0.04988
v -0.30193 1.17198 0.02534
v -0.30960 1.17603 0.05840
v -0.28927 1.21233 -0.06845
v -0.28395 1.20364 -0.02682
v -0.33938 1.21829 -0.07287
v -0.29476 1.21908 0.11544
v -0.32116 1.21224 0.11817
v -0.29616 1.20816 0.10799
v -0.30670 1.49863 0.09281
v -0.31154 1.46332 0.09795
v -0.30420 1.47742 0.08516
v -0.30420 1.47742 0.08516
v -0.31154 1.46332 0.09795
v -0.30874 1.45873 0.09259
v -0.28395 1.20364 -0.02682
v -0.31938 1.18280 -0.05455
v -0.33938 1.21829 -0.07287
v -0.32327 1.17958 -0.04305
v -0.29753 1.17436 -0.01906
v -0.30672 1.17423 -0.01472
v -0.29244 1.36372 -0.10328
v -0.29162 1.34152 -0.10601
v -0.33652 1.30129 -0.10104
v -0.31599 1.28012 0.13616
v -0.32055 1.23383 0.12852
v -0.29476 1.21908 0.11544
v -0.30803 1.25334 -0.10121
v -0.33652 1.30129 -0.10104
v -0.29162 1.34152 -0.10601
v -0.30070 1.41833 -0.08076
v -0.31645 1.41893 -0.04618
v -0.30370 1.41895 -0.06443
v -0.30760 1.11538 0.00035
v -0.30993 1.11946 0.03825
v -0.33327 1.01952 0.03609
v -0.28395 1.20364 -0.02682
v -0.29753 1.17436 -0.01906
v -0.31938 1.18280 -0.05455
v -0.30473 1.57489 0.06924
v -0.31098 1.54493 0.06818
v -0.31103 1.53856 0.08074
v -0.29476 1.21908 0.11544
v -0.27598 1.28706 0.12924
v -0.31599 1.28012 0.13616
v -0.30670 1.49863 0.09281
v -0.30730 1.57341 0.09740
v -0.31204 1.51172 0.09004
v -0.31204 1.51172 0.09004
v -0.30730 1.57341 0.09740
v -0.31103 1.53856 0.08074
v -0.31103 1.53856 0.08074
v -0.31219 1.51504 0.08151
v -0.31204 1.51172 0.09004
v -0.30193 1.17198 0.02534
v -0.32062 1.14777 -0.01147
v -0.30672 1.17423 -0.01472
v -0.29753 1.17524 0.05511
v -0.31820 1.18222 0.08807
v -0.30960 1.17603 0.05840
v -0.30993 1.11946 0.03825
v -0.30760 1.11538 0.00035
v -0.32501 1.12695 -0.00493
v -0.30803 1.25334 -0.10121
v -0.28927 1.21233 -0.06845
v -0.32035 1.22126 -0.09122
v -0.33327 1.01952 0.03609
v -0.32482 1.03647 -0.00188
v -0.30760 1.11538 0.00035
v -0.32327 1.17958 -0.04305
v -0.31938 1.18280 -0.05455
v -0.29753 1.17436 -0.01906
v -0.28927 1.21233 -0.06845
v -0.33938 1.21829 -0.07287
v -0.32035 1.22126 -0.09122
v -0.31154 1.46332 0.09795
v -0.32794 1.46372 0.09235
v -0.30874 1.45873 0.09259
v -0.31645 1.41893 -0.04618
v -0.31743 1.43329 -0.04768
v -0.30646 1.45962 -0.05503
v -0.32327 1.17958 -0.04305
v -0.30672 1.17423 -0.01472
v -0.32062 1.14777 -0.01147
v -0.29476 1.21908 0.11544
v -0.32055 1.23383 0.12852
v -0.32116 1.21224 0.11817
v -0.31743 1.43329 -0.04768
v -0.32328 1.46076 -0.05636
v -0.30646 1.45962 -0.05503
v -0.31582 1.15092 0.04988
v -0.30960 1.17603 0.05840
v -0.32132 1.18032 0.07792
v -0.30193 1.17198 0.02534
v -0.31582 1.15092 0.04988
v -0.32501 1.12695 -0.00493
v -0.30960 1.17603 0.05840
v -0.31820 1.18222 0.08807
v -0.32132 1.18032 0.07792
v -0.32794 1.46372 0.09235
v -0.31979 1.42123 0.08816
v -0.30874 1.45873 0.09259
v -0.30760 1.11538 0.00035
v -0.32482 1.03647 -0.00188
v -0.33036 1.07709 -0.01675
v -0.32501 1.12695 -0.00493
v -0.31582 1.15092 0.04988
v -0.32554 1.12801 0.03503
v -0.32062 1.14777 -0.01147
v -0.30193 1.17198 0.02534
v -0.32501 1.12695 -0.00493
v -0.34729 1.25537 0.12922
v -0.31599 1.28012 0.13616
v -0.29859 1.33111 0.13684
v -0.32116 1.21224 0.11817
v -0.34447 1.21539 0.11912
v -0.34325 1.21332 0.10487
v -0.30993 1.11946 0.03825
v -0.32501 1.12695 -0.00493
v -0.32554 1.12801 0.03503
v -0.33275 1.33478 0.12616
v -0.29859 1.33111 0.13684
v -0.33498 1.42158 0.10481
v -0.30070 1.41833 -0.08076
v -0.33986 1.42256 -0.06264
v -0.31645 1.41893 -0.04618
v -0.31743 1.43329 -0.04768
v -0.32811 1.44113 -0.05315
v -0.32328 1.46076 -0.05636
v -0.32995 1.44379 0.09432
v -0.31979 1.42123 0.08816
v -0.32794 1.46372 0.09235
v -0.32035 1.22126 -0.09122
v -0.33938 1.21829 -0.07287
v -0.34672 1.22070 -0.08754
v -0.33083 1.08014 0.04798
v -0.33327 1.01952 0.03609
v -0.30993 1.11946 0.03825
v -0.30993 1.11946 0.03825
v -0.37375 1.15051 0.08147
v -0.33449 1.13139 0.07926
v -0.30070 1.41833 -0.08076
v -0.34990 1.39889 -0.06311
v -0.33986 1.42256 -0.06264
v -0.31743 1.43329 -0.04768
v -0.31645 1.41893 -0.04618
v -0.33258 1.44354 -0.06307
v -0.33083 1.08014 0.04798
v -0.30993 1.11946 0.03825
v -0.33449 1.13139 0.07926
v -0.31743 1.43329 -0.04768
v -0.33258 1.44354 -0.06307
v -0.32811 1.44113 -0.05315
v -0.31204 1.51172 0.09004
v -0.32794 1.46372 0.09235
v -0.30670 1.49863 0.09281
v -0.30803 1.25334 -0.10121
v -0.34672 1.22070 -0.08754
v -0.33652 1.30129 -0.10104
v -0.35224 1.35464 -0.07956
v -0.30070 1.41833 -0.08076
v -0.29244 1.36372 -0.10328
v -0.32062 1.14777 -0.01147
v -0.33018 1.16031 -0.04102
v -0.32327 1.17958 -0.04305
v -0.36666 1.50914 -0.03177
v -0.31018 1.46399 -0.06209
v -0.32328 1.46076 -0.05636
v -0.30993 1.11946 0.03825
v -0.32554 1.12801 0.03503
v -0.37375 1.15051 0.08147
v -0.31979 1.42123 0.08816
v -0.32995 1.44379 0.09432
v -0.33456 1.44168 0.10868
v -0.32132 1.18032 0.07792
v -0.33069 1.15871 0.07554
v -0.31582 1.15092 0.04988
v -0.30760 1.11538 0.00035
v -0.33036 1.07709 -0.01675
v -0.33530 1.12781 -0.05347
v -0.32794 1.46372 0.09235
v -0.31154 1.46332 0.09795
v -0.30670 1.49863 0.09281
v -0.31645 1.41893 -0.04618
v -0.33986 1.42256 -0.06264
v -0.33258 1.44354 -0.06307
v -0.33456 1.44168 0.10868
v -0.33498 1.42158 0.10481
v -0.31979 1.42123 0.08816
v -0.31219 1.51504 0.08151
v -0.31103 1.53856 0.08074
v -0.36399 1.53569 0.05736
v -0.29244 1.36372 -0.10328
v -0.33652 1.30129 -0.10104
v -0.33107 1.33673 -0.09329
v -0.32501 1.12695 -0.00493
v -0.30760 1.11538 0.00035
v -0.33530 1.12781 -0.05347
v -0.32116 1.21224 0.11817
v -0.32055 1.23383 0.12852
v -0.34447 1.21539 0.11912
v -0.29244 1.36372 -0.10328
v -0.35407 1.34137 -0.08042
v -0.35224 1.35464 -0.07956
v -0.33069 1.15871 0.07554
v -0.32132 1.18032 0.07792
v -0.35750 1.16541 0.08969
v -0.31582 1.15092 0.04988
v -0.37375 1.15051 0.08147
v -0.32554 1.12801 0.03503
v -0.33275 1.33478 0.12616
v -0.34729 1.25537 0.12922
v -0.29859 1.33111 0.13684
v -0.29244 1.36372 -0.10328
v -0.33107 1.33673 -0.09329
v -0.35407 1.34137 -0.08042
v -0.34325 1.21332 0.10487
v -0.31820 1.18222 0.08807
v -0.30340 1.20759 0.09400
v -0.35074 1.43758 -0.04159
v -0.32328 1.46076 -0.05636
v -0.32811 1.44113 -0.05315
v -0.35254 1.54069 -0.02450
v -0.31099 1.53779 -0.04717
v -0.36330 1.53852 -0.02552
v -0.34871 1.18686 -0.05855
v -0.31938 1.18280 -0.05455
v -0.32327 1.17958 -0.04305
v -0.32035 1.22126 -0.09122
v -0.34672 1.22070 -0.08754
v -0.30803 1.25334 -0.10121
v -0.32055 1.23383 0.12852
v -0.31599 1.28012 0.13616
v -0.34729 1.25537 0.12922
v -0.32055 1.23383 0.12852
v -0.34729 1.25537 0.12922
v -0.34447 1.21539 0.11912
v -0.31582 1.15092 0.04988
v -0.33069 1.15871 0.07554
v -0.35750 1.16541 0.08969
v -0.34871 1.18686 -0.05855
v -0.33018 1.16031 -0.04102
v -0.35636 1.16595 -0.05679
v -0.33107 1.33673 -0.09329
v -0.33652 1.30129 -0.10104
v -0.33547 1.33331 -0.08352
v -0.33449 1.13139 0.07926
v -0.35459 1.01286 0.07544
v -0.33083 1.08014 0.04798
v -0.34814 1.58604 0.05337
v -0.35303 1.53912 0.05108
v -0.31098 1.54493 0.06818
v -0.36399 1.53569 0.05736
v -0.36767 1.51087 0.06598
v -0.31219 1.51504 0.08151
v -0.34814 1.58604 0.05337
v -0.31098 1.54493 0.06818
v -0.30473 1.57489 0.06924
v -0.33530 1.12781 -0.05347
v -0.33036 1.07709 -0.01675
v -0.34474 1.09472 -0.05418
v -0.33018 1.16031 -0.04102
v -0.32062 1.14777 -0.01147
v -0.35636 1.16595 -0.05679
v -0.31820 1.18222 0.08807
v -0.34325 1.21332 0.10487
v -0.34996 1.18916 0.09697
v -0.31098 1.54493 0.06818
v -0.36399 1.53569 0.05736
v -0.31103 1.53856 0.08074
v -0.34871 1.18686 -0.05855
v -0.32327 1.17958 -0.04305
v -0.33018 1.16031 -0.04102
v -0.33713 1.33181 0.11395
v -0.35136 1.25411 0.11565
v -0.33275 1.33478 0.12616
v -0.34095 1.40988 -0.02959
v -0.35074 1.43758 -0.04159
v -0.32811 1.44113 -0.05315
v -0.31098 1.54493 0.06818
v -0.35303 1.53912 0.05108
v -0.36399 1.53569 0.05736
v -0.36811 1.16460 0.08380
v -0.37375 1.15051 0.08147
v -0.31582 1.15092 0.04988
v -0.33456 1.44168 0.10868
v -0.32995 1.44379 0.09432
v -0.34319 1.40793 0.09937
v -0.33258 1.44354 -0.06307
v -0.33986 1.42256 -0.06264
v -0.32811 1.44113 -0.05315
v -0.36811 1.16460 0.08380
v -0.31582 1.15092 0.04988
v -0.35750 1.16541 0.08969
v -0.32132 1.18032 0.07792
v -0.31820 1.18222 0.08807
v -0.34619 1.18502 0.08720
v -0.30070 1.41833 -0.08076
v -0.35224 1.35464 -0.07956
v -0.34990 1.39889 -0.06311
v -0.33986 1.42256 -0.06264
v -0.34095 1.40988 -0.02959
v -0.32811 1.44113 -0.05315
v -0.34871 1.18686 -0.05855
v -0.33938 1.21829 -0.07287
v -0.31938 1.18280 -0.05455
v -0.33107 1.33673 -0.09329
v -0.33547 1.33331 -0.08352
v -0.35407 1.34137 -0.08042
v -0.33498 1.42158 0.10481
v -0.36580 1.37059 0.10284
v -0.35284 1.34193 0.11488
v -0.36767 1.51087 0.06598
v -0.31204 1.51172 0.09004
v -0.31219 1.51504 0.08151
v -0.33547 1.33331 -0.08352
v -0.33652 1.30129 -0.10104
v -0.34409 1.27375 -0.08243
v -0.34319 1.40793 0.09937
v -0.32995 1.44379 0.09432
v -0.34128 1.41244 0.07838
v -0.33036 1.07709 -0.01675
v -0.35439 1.01229 -0.05397
v -0.34474 1.09472 -0.05418
v -0.33456 1.44168 0.10868
v -0.34319 1.40793 0.09937
v -0.33498 1.42158 0.10481
v -0.36580 1.37059 0.10284
v -0.33498 1.42158 0.10481
v -0.34319 1.40793 0.09937
v -0.36330 1.53852 -0.02552
v -0.31204 1.51565 -0.04934
v -0.36666 1.50914 -0.03177
v -0.35136 1.25411 0.11565
v -0.33713 1.33181 0.11395
v -0.35938 1.26003 0.12423
v -0.31820 1.18222 0.08807
v -0.34996 1.18916 0.09697
v -0.34619 1.18502 0.08720
v -0.35284 1.34193 0.11488
v -0.33275 1.33478 0.12616
v -0.33498 1.42158 0.10481
v -0.33275 1.33478 0.12616
v -0.35284 1.34193 0.11488
v -0.33713 1.33181 0.11395
v -0.35750 1.16541 0.08969
v -0.32132 1.18032 0.07792
v -0.34619 1.18502 0.08720
v -0.33547 1.33331 -0.08352
v -0.34409 1.27375 -0.08243
v -0.34642 1.32951 -0.09232
v -0.33275 1.33478 0.12616
v -0.35136 1.25411 0.11565
v -0.34729 1.25537 0.12922
v -0.33036 1.07709 -0.01675
v -0.32482 1.03647 -0.00188
v -0.35439 1.01229 -0.05397
v -0.33713 1.33181 0.11395
v -0.34891 1.32853 0.12424
v -0.35938 1.26003 0.12423
v -0.35254 1.54069 -0.02450
v -0.36378 1.61711 -0.00654
v -0.32087 1.58785 -0.03372
v -0.35636 1.16595 -0.05679
v -0.32062 1.14777 -0.01147
v -0.35059 1.16080 -0.03746
v -0.34990 1.39889 -0.06311
v -0.34095 1.40988 -0.02959
v -0.33986 1.42256 -0.06264
v -0.35603 1.39867 0.09492
v -0.34319 1.40793 0.09937
v -0.35304 1.39852 0.07253
v -0.34672 1.22070 -0.08754
v -0.33938 1.21829 -0.07287
v -0.34871 1.18686 -0.05855
v -0.34319 1.40793 0.09937
v -0.34128 1.41244 0.07838
v -0.35304 1.39852 0.07253
v -0.36426 1.33671 -0.08211
v -0.33547 1.33331 -0.08352
v -0.34642 1.32951 -0.09232
v -0.35059 1.16080 -0.03746
v -0.32062 1.14777 -0.01147
v -0.32501 1.12695 -0.00493
v -0.34990 1.39889 -0.06311
v -0.34833 1.39684 -0.03007
v -0.34095 1.40988 -0.02959
v -0.37144 1.14655 -0.05140
v -0.32501 1.12695 -0.00493
v -0.33530 1.12781 -0.05347
v -0.34642 1.32951 -0.09232
v -0.34409 1.27375 -0.08243
v -0.35364 1.28129 -0.09093
v -0.34996 1.18916 0.09697
v -0.34325 1.21332 0.10487
v -0.34447 1.21539 0.11912
v -0.34833 1.39684 -0.03007
v -0.35804 1.41957 -0.03229
v -0.34095 1.40988 -0.02959
v -0.31204 1.51172 0.09004
v -0.36767 1.51087 0.06598
v -0.32794 1.46372 0.09235
v -0.33652 1.30129 -0.10104
v -0.35807 1.24267 -0.08250
v -0.34409 1.27375 -0.08243
v -0.33547 1.33331 -0.08352
v -0.36110 1.33691 -0.07447
v -0.35407 1.34137 -0.08042
v -0.34729 1.25537 0.12922
v -0.35136 1.25411 0.11565
v -0.34447 1.21539 0.11912
v -0.36110 1.33691 -0.07447
v -0.33547 1.33331 -0.08352
v -0.36426 1.33671 -0.08211
v -0.34672 1.22070 -0.08754
v -0.35807 1.24267 -0.08250
v -0.33652 1.30129 -0.10104
v -0.34128 1.41244 0.07838
v -0.35732 1.41582 0.07760
v -0.35304 1.39852 0.07253
v -0.34996 1.18916 0.09697
v -0.35750 1.16541 0.08969
v -0.34619 1.18502 0.08720
v -0.34996 1.18916 0.09697
v -0.34447 1.21539 0.11912
v -0.36232 1.16799 0.10405
v -0.34833 1.39684 -0.03007
v -0.35816 1.39585 -0.03478
v -0.35804 1.41957 -0.03229
v -0.36372 1.16656 -0.07182
v -0.34871 1.18686 -0.05855
v -0.35636 1.16595 -0.05679
v -0.33713 1.33181 0.11395
v -0.36375 1.33722 0.11447
v -0.34891 1.32853 0.12424
v -0.34474 1.09472 -0.05418
v -0.35439 1.01229 -0.05397
v -0.36203 1.07482 -0.06034
v -0.34474 1.09472 -0.05418
v -0.36203 1.07482 -0.06034
v -0.33530 1.12781 -0.05347
v -0.34833 1.39684 -0.03007
v -0.34990 1.39889 -0.06311
v -0.35919 1.39729 -0.05677
v -0.34613 1.06389 0.08424
v -0.33449 1.13139 0.07926
v -0.35882 1.10512 0.08225
v -0.35304 1.39852 0.07253
v -0.35732 1.41582 0.07760
v -0.35922 1.39817 0.07413
v -0.33713 1.33181 0.11395
v -0.35284 1.34193 0.11488
v -0.36042 1.33767 0.10681
v -0.34672 1.22070 -0.08754
v -0.34871 1.18686 -0.05855
v -0.36372 1.16656 -0.07182
v -0.35059 1.16080 -0.03746
v -0.32501 1.12695 -0.00493
v -0.37144 1.14655 -0.05140
v -0.36378 1.61711 -0.00654
v -0.35254 1.54069 -0.02450
v -0.37749 1.54206 0.00133
v -0.35407 1.34137 -0.08042
v -0.36110 1.33691 -0.07447
v -0.35224 1.35464 -0.07956
v -0.36580 1.37059 0.10284
v -0.34319 1.40793 0.09937
v -0.35603 1.39867 0.09492
v -0.35074 1.43758 -0.04159
v -0.36666 1.50914 -0.03177
v -0.32328 1.46076 -0.05636
v -0.34814 1.58604 0.05337
v -0.36529 1.53472 0.03986
v -0.35303 1.53912 0.05108
v -0.34128 1.41244 0.07838
v -0.37358 1.42880 0.07544
v -0.35732 1.41582 0.07760
v -0.35254 1.54069 -0.02450
v -0.36330 1.53852 -0.02552
v -0.36289 1.53950 -0.01277
v -0.35284 1.34193 0.11488
v -0.37005 1.35527 0.09962
v -0.36042 1.33767 0.10681
v -0.35750 1.16541 0.08969
v -0.34996 1.18916 0.09697
v -0.36232 1.16799 0.10405
v -0.37106 1.38466 0.08881
v -0.35922 1.39817 0.07413
v -0.35732 1.41582 0.07760
v -0.34833 1.39684 -0.03007
v -0.35919 1.39729 -0.05677
v -0.35816 1.39585 -0.03478
v -0.32995 1.44379 0.09432
v -0.37358 1.42880 0.07544
v -0.34128 1.41244 0.07838
v -0.35603 1.39867 0.09492
v -0.35304 1.39852 0.07253
v -0.35922 1.39817 0.07413
v -0.35804 1.41957 -0.03229
v -0.35074 1.43758 -0.04159
v -0.34095 1.40988 -0.02959
v -0.33713 1.33181 0.11395
v -0.36042 1.33767 0.10681
v -0.36375 1.33722 0.11447
v -0.35364 1.28129 -0.09093
v -0.34409 1.27375 -0.08243
v -0.35807 1.24267 -0.08250
v -0.34990 1.39889 -0.06311
v -0.35224 1.35464 -0.07956
v -0.37486 1.35140 -0.06673
v -0.36110 1.33691 -0.07447
v -0.36190 1.34680 -0.07266
v -0.35224 1.35464 -0.07956
v -0.35919 1.39729 -0.05677
v -0.34990 1.39889 -0.06311
v -0.37486 1.35140 -0.06673
v -0.35059 1.16080 -0.03746
v -0.37144 1.14655 -0.05140
v -0.35636 1.16595 -0.05679
v -0.36767 1.51087 0.06598
v -0.37358 1.42880 0.07544
v -0.32995 1.44379 0.09432
v -0.36203 1.07482 -0.06034
v -0.37286 1.14354 -0.07673
v -0.33530 1.12781 -0.05347
v -0.35303 1.53912 0.05108
v -0.36529 1.53472 0.03986
v -0.36399 1.53569 0.05736
v -0.36213 1.39029 -0.04499
v -0.35816 1.39585 -0.03478
v -0.35919 1.39729 -0.05677
v -0.35603 1.39867 0.09492
v -0.35922 1.39817 0.07413
v -0.36845 1.37477 0.08654
v -0.36767 1.51087 0.06598
v -0.32995 1.44379 0.09432
v -0.32794 1.46372 0.09235
v -0.36110 1.33691 -0.07447
v -0.36426 1.33671 -0.08211
v -0.36190 1.34680 -0.07266
v -0.36845 1.37477 0.08654
v -0.35922 1.39817 0.07413
v -0.37106 1.38466 0.08881
v -0.37217 1.65324 0.03487
v -0.34814 1.58604 0.05337
v -0.34010 1.63027 0.04469
v -0.36042 1.33767 0.10681
v -0.36481 1.34790 0.11249
v -0.36375 1.33722 0.11447
v -0.36042 1.33767 0.10681
v -0.37005 1.35527 0.09962
v -0.36481 1.34790 0.11249
v -0.36190 1.34680 -0.07266
v -0.36426 1.33671 -0.08211
v -0.36513 1.34745 -0.07936
v -0.35224 1.35464 -0.07956
v -0.36190 1.34680 -0.07266
v -0.37486 1.35140 -0.06673
v -0.40084 1.17061 0.10655
v -0.35750 1.16541 0.08969
v -0.36232 1.16799 0.10405
v -0.37005 1.35527 0.09962
v -0.35284 1.34193 0.11488
v -0.36580 1.37059 0.10284
v -0.36213 1.39029 -0.04499
v -0.35919 1.39729 -0.05677
v -0.37013 1.37085 -0.06059
v -0.36289 1.53950 -0.01277
v -0.36330 1.53852 -0.02552
v -0.36646 1.53563 0.02034
v -0.34672 1.22070 -0.08754
v -0.39211 1.17028 -0.07873
v -0.35807 1.24267 -0.08250
v -0.40084 1.17061 0.10655
v -0.36811 1.16460 0.08380
v -0.35750 1.16541 0.08969
v -0.34672 1.22070 -0.08754
v -0.36372 1.16656 -0.07182
v -0.39211 1.17028 -0.07873
v -0.35804 1.41957 -0.03229
v -0.38324 1.43201 -0.02386
v -0.35074 1.43758 -0.04159
v -0.34613 1.06389 0.08424
v -0.35882 1.10512 0.08225
v -0.38536 1.08782 0.10685
v -0.35603 1.39867 0.09492
v -0.36845 1.37477 0.08654
v -0.36580 1.37059 0.10284
v -0.34447 1.21539 0.11912
v -0.38385 1.18972 0.11449
v -0.36232 1.16799 0.10405
v -0.36646 1.53563 0.02034
v -0.36330 1.53852 -0.02552
v -0.36851 1.50863 -0.01866
v -0.37486 1.35140 -0.06673
v -0.37013 1.37085 -0.06059
v -0.35919 1.39729 -0.05677
v -0.35780 1.53803 0.01707
v -0.36289 1.53950 -0.01277
v -0.36646 1.53563 0.02034
v -0.34891 1.32853 0.12424
v -0.36375 1.33722 0.11447
v -0.38844 1.31372 0.11544
v -0.37217 1.65324 0.03487
v -0.34315 1.65041 0.04431
v -0.37110 1.65336 0.00376
v -0.36767 1.51087 0.06598
v -0.36529 1.53472 0.03986
v -0.36646 1.53563 0.02034
v -0.36851 1.50863 -0.01866
v -0.36330 1.53852 -0.02552
v -0.36666 1.50914 -0.03177
v -0.36767 1.51087 0.06598
v -0.36399 1.53569 0.05736
v -0.36529 1.53472 0.03986
v -0.35816 1.39585 -0.03478
v -0.36213 1.39029 -0.04499
v -0.35804 1.41957 -0.03229
v -0.36767 1.51087 0.06598
v -0.36646 1.53563 0.02034
v -0.36851 1.50863 -0.01866
v -0.35804 1.41957 -0.03229
v -0.37293 1.41571 -0.03781
v -0.38324 1.43201 -0.02386
v -0.35882 1.10512 0.08225
v -0.33449 1.13139 0.07926
v -0.37593 1.14877 0.09697
v -0.36646 1.53563 0.02034
v -0.36529 1.53472 0.03986
v -0.37595 1.54137 0.02127
v -0.37749 1.54206 0.00133
v -0.37110 1.65336 0.00376
v -0.36378 1.61711 -0.00654
v -0.36851 1.50863 -0.01866
v -0.36666 1.50914 -0.03177
v -0.37402 1.46551 -0.01960
v -0.34447 1.21539 0.11912
v -0.35136 1.25411 0.11565
v -0.35938 1.26003 0.12423
v -0.34814 1.58604 0.05337
v -0.37217 1.65324 0.03487
v -0.37709 1.53963 0.03588
v -0.36378 1.61711 -0.00654
v -0.37110 1.65336 0.00376
v -0.34092 1.62930 -0.00975
v -0.36213 1.39029 -0.04499
v -0.37013 1.37085 -0.06059
v -0.37439 1.37325 -0.04739
v -0.38226 1.35333 0.10685
v -0.36481 1.34790 0.11249
v -0.37005 1.35527 0.09962
v -0.37018 1.50828 0.05261
v -0.36767 1.51087 0.06598
v -0.36851 1.50863 -0.01866
v -0.38250 1.08314 -0.07965
v -0.36203 1.07482 -0.06034
v -0.38212 1.01240 -0.06025
v -0.36845 1.37477 0.08654
v -0.37005 1.35527 0.09962
v -0.36580 1.37059 0.10284
v -0.36481 1.34790 0.11249
v -0.38844 1.31372 0.11544
v -0.36375 1.33722 0.11447
v -0.37595 1.54137 0.02127
v -0.37749 1.54206 0.00133
v -0.35780 1.53803 0.01707
v -0.36203 1.07482 -0.06034
v -0.38250 1.08314 -0.07965
v -0.37286 1.14354 -0.07673
v -0.37749 1.54206 0.00133
v -0.35254 1.54069 -0.02450
v -0.36289 1.53950 -0.01277
v -0.36845 1.37477 0.08654
v -0.37106 1.38466 0.08881
v -0.37592 1.37510 0.10223
v -0.33449 1.13139 0.07926
v -0.37375 1.15051 0.08147
v -0.37593 1.14877 0.09697
v -0.35074 1.43758 -0.04159
v -0.38324 1.43201 -0.02386
v -0.36666 1.50914 -0.03177
v -0.35807 1.24267 -0.08250
v -0.37625 1.23278 -0.08156
v -0.35364 1.28129 -0.09093
v -0.35780 1.53803 0.01707
v -0.37749 1.54206 0.00133
v -0.36289 1.53950 -0.01277
v -0.37293 1.41571 -0.03781
v -0.35804 1.41957 -0.03229
v -0.36213 1.39029 -0.04499
v -0.36845 1.37477 0.08654
v -0.37592 1.37510 0.10223
v -0.37005 1.35527 0.09962
v -0.37358 1.42880 0.07544
v -0.37324 1.41474 0.08527
v -0.35732 1.41582 0.07760
v -0.35938 1.26003 0.12423
v -0.38385 1.18972 0.11449
v -0.34447 1.21539 0.11912
v -0.38844 1.31372 0.11544
v -0.35938 1.26003 0.12423
v -0.34891 1.32853 0.12424
v -0.37106 1.38466 0.08881
v -0.35732 1.41582 0.07760
v -0.37324 1.41474 0.08527
v -0.37018 1.50828 0.05261
v -0.36851 1.50863 -0.01866
v -0.39413 1.50834 -0.00882
v -0.37439 1.37325 -0.04739
v -0.37013 1.37085 -0.06059
v -0.37825 1.37222 -0.06864
v -0.36666 1.50914 -0.03177
v -0.38324 1.43201 -0.02386
v -0.37402 1.46551 -0.01960
v -0.35780 1.53803 0.01707
v -0.36646 1.53563 0.02034
v -0.37595 1.54137 0.02127
v -0.38844 1.31372 0.11544
v -0.36481 1.34790 0.11249
v -0.38226 1.35333 0.10685
v -0.36529 1.53472 0.03986
v -0.37709 1.53963 0.03588
v -0.37595 1.54137 0.02127
v -0.37668 1.46350 0.05370
v -0.36767 1.51087 0.06598
v -0.37018 1.50828 0.05261
v -0.35636 1.16595 -0.05679
v -0.37144 1.14655 -0.05140
v -0.40660 1.15240 -0.04177
v -0.37625 1.23278 -0.08156
v -0.35807 1.24267 -0.08250
v -0.39211 1.17028 -0.07873
v -0.41164 1.30678 -0.06590
v -0.35364 1.28129 -0.09093
v -0.37625 1.23278 -0.08156
v -0.38230 1.50620 -0.02004
v -0.36851 1.50863 -0.01866
v -0.37402 1.46551 -0.01960
v -0.37013 1.37085 -0.06059
v -0.37486 1.35140 -0.06673
v -0.37825 1.37222 -0.06864
v -0.35636 1.16595 -0.05679
v -0.39211 1.17028 -0.07873
v -0.36372 1.16656 -0.07182
v -0.36190 1.34680 -0.07266
v -0.36513 1.34745 -0.07936
v -0.37486 1.35140 -0.06673
v -0.37005 1.35527 0.09962
v -0.37592 1.37510 0.10223
v -0.38226 1.35333 0.10685
v -0.37402 1.46551 -0.01960
v -0.38324 1.43201 -0.02386
v -0.37794 1.46296 -0.00615
v -0.41164 1.30678 -0.06590
v -0.36426 1.33671 -0.08211
v -0.34642 1.32951 -0.09232
v -0.38324 1.43201 -0.02386
v -0.37722 1.44800 -0.01091
v -0.37794 1.46296 -0.00615
v -0.36426 1.33671 -0.08211
v -0.38763 1.35331 -0.07094
v -0.36513 1.34745 -0.07936
v -0.39313 1.50897 0.04439
v -0.37018 1.50828 0.05261
v -0.39413 1.50834 -0.00882
v -0.37110 1.65336 0.00376
v -0.37749 1.54206 0.00133
v -0.37217 1.65324 0.03487
v -0.34814 1.58604 0.05337
v -0.37709 1.53963 0.03588
v -0.36529 1.53472 0.03986
v -0.38763 1.35331 -0.07094
v -0.36426 1.33671 -0.08211
v -0.41164 1.30678 -0.06590
v -0.37375 1.15051 0.08147
v -0.36811 1.16460 0.08380
v -0.39423 1.16712 0.07393
v -0.36851 1.50863 -0.01866
v -0.38230 1.50620 -0.02004
v -0.39413 1.50834 -0.00882
v -0.36213 1.39029 -0.04499
v -0.37439 1.37325 -0.04739
v -0.37293 1.41571 -0.03781
v -0.37595 1.54137 0.02127
v -0.37217 1.65324 0.03487
v -0.37749 1.54206 0.00133
v -0.37217 1.65324 0.03487
v -0.37595 1.54137 0.02127
v -0.37709 1.53963 0.03588
v -0.37286 1.14354 -0.07673
v -0.40660 1.15240 -0.04177
v -0.37144 1.14655 -0.05140
v -0.38385 1.18972 0.11449
v -0.40084 1.17061 0.10655
v -0.36232 1.16799 0.10405
v -0.36513 1.34745 -0.07936
v -0.38763 1.35331 -0.07094
v -0.37486 1.35140 -0.06673
v -0.37592 1.37510 0.10223
v -0.37106 1.38466 0.08881
v -0.38226 1.35333 0.10685
v -0.37286 1.14354 -0.07673
v -0.37144 1.14655 -0.05140
v -0.33530 1.12781 -0.05347
v -0.38373 1.34960 -0.03911
v -0.37439 1.37325 -0.04739
v -0.37825 1.37222 -0.06864
v -0.38519 1.50787 0.05301
v -0.37668 1.46350 0.05370
v -0.37018 1.50828 0.05261
v -0.38610 1.46786 -0.02008
v -0.38230 1.50620 -0.02004
v -0.37402 1.46551 -0.01960
v -0.35882 1.10512 0.08225
v -0.37593 1.14877 0.09697
v -0.38536 1.08782 0.10685
v -0.37486 1.35140 -0.06673
v -0.38763 1.35331 -0.07094
v -0.37825 1.37222 -0.06864
v -0.37794 1.46296 -0.00615
v -0.38610 1.46786 -0.02008
v -0.37402 1.46551 -0.01960
v -0.37324 1.41474 0.08527
v -0.39316 1.36331 0.08380
v -0.37106 1.38466 0.08881
v -0.37439 1.37325 -0.04739
v -0.38373 1.34960 -0.03911
v -0.39114 1.35970 -0.04361
v -0.38519 1.50787 0.05301
v -0.37018 1.50828 0.05261
v -0.39313 1.50897 0.04439
v -0.39605 1.46789 0.04326
v -0.37794 1.46296 -0.00615
v -0.37668 1.46350 0.05370
v -0.35364 1.28129 -0.09093
v -0.41164 1.30678 -0.06590
v -0.34642 1.32951 -0.09232
v -0.37106 1.38466 0.08881
v -0.38416 1.35277 0.08026
v -0.38226 1.35333 0.10685
v -0.39423 1.16712 0.07393
v -0.40461 1.15898 0.07061
v -0.37375 1.15051 0.08147
v -0.35938 1.26003 0.12423
v -0.40715 1.19336 0.10618
v -0.38385 1.18972 0.11449
v -0.37106 1.38466 0.08881
v -0.39316 1.36331 0.08380
v -0.38416 1.35277 0.08026
v -0.37439 1.37325 -0.04739
v -0.39114 1.35970 -0.04361
v -0.37293 1.41571 -0.03781
v -0.37722 1.44800 -0.01091
v -0.38324 1.43201 -0.02386
v -0.39479 1.41103 -0.00863
v -0.37825 1.37222 -0.06864
v -0.38763 1.35331 -0.07094
v -0.38373 1.34960 -0.03911
v -0.39316 1.36331 0.08380
v -0.37324 1.41474 0.08527
v -0.39722 1.35698 0.07833
v -0.39722 1.35698 0.07833
v -0.37324 1.41474 0.08527
v -0.37358 1.42880 0.07544
v -0.40893 1.14726 -0.06385
v -0.40660 1.15240 -0.04177
v -0.37286 1.14354 -0.07673
v -0.37794 1.46296 -0.00615
v -0.37722 1.44800 -0.01091
v -0.39479 1.41103 -0.00863
v -0.38865 1.46943 0.05411
v -0.37668 1.46350 0.05370
v -0.38519 1.50787 0.05301
v -0.39075 1.40842 0.06779
v -0.37358 1.42880 0.07544
v -0.36767 1.51087 0.06598
v -0.40947 1.08410 -0.07864
v -0.37286 1.14354 -0.07673
v -0.38250 1.08314 -0.07965
v -0.37593 1.14877 0.09697
v -0.37375 1.15051 0.08147
v -0.40461 1.15898 0.07061
v -0.39114 1.35970 -0.04361
v -0.38373 1.34960 -0.03911
v -0.39595 1.35371 -0.03669
v -0.37668 1.46350 0.05370
v -0.39075 1.40842 0.06779
v -0.36767 1.51087 0.06598
v -0.38536 1.08782 0.10685
v -0.37593 1.14877 0.09697
v -0.41047 1.08893 0.10286
v -0.38416 1.35277 0.08026
v -0.39722 1.35698 0.07833
v -0.38226 1.35333 0.10685
v -0.39722 1.35698 0.07833
v -0.37358 1.42880 0.07544
v -0.39075 1.40842 0.06779
v -0.38324 1.43201 -0.02386
v -0.37293 1.41571 -0.03781
v -0.39479 1.41103 -0.00863
v -0.39479 1.41103 -0.00863
v -0.37668 1.46350 0.05370
v -0.37794 1.46296 -0.00615
v -0.38865 1.46943 0.05411
v -0.38519 1.50787 0.05301
v -0.39313 1.50897 0.04439
v -0.39956 1.19025 -0.07577
v -0.37625 1.23278 -0.08156
v -0.39211 1.17028 -0.07873
v -0.37668 1.46350 0.05370
v -0.38865 1.46943 0.05411
v -0.39605 1.46789 0.04326
v -0.39423 1.16712 0.07393
v -0.36811 1.16460 0.08380
v -0.40084 1.17061 0.10655
v -0.35938 1.26003 0.12423
v -0.38844 1.31372 0.11544
v -0.40934 1.30857 0.10408
v -0.39886 1.46974 -0.00740
v -0.38230 1.50620 -0.02004
v -0.38610 1.46786 -0.02008
v -0.38373 1.34960 -0.03911
v -0.40077 1.35281 -0.05665
v -0.39595 1.35371 -0.03669
v -0.38763 1.35331 -0.07094
v -0.40077 1.35281 -0.05665
v -0.38373 1.34960 -0.03911
v -0.40947 1.08410 -0.07864
v -0.40893 1.14726 -0.06385
v -0.37286 1.14354 -0.07673
v -0.39211 1.17028 -0.07873
v -0.35636 1.16595 -0.05679
v -0.40274 1.17146 -0.04152
v -0.39423 1.16712 0.07393
v -0.39785 1.18016 0.06677
v -0.40461 1.15898 0.07061
v -0.38416 1.35277 0.08026
v -0.39316 1.36331 0.08380
v -0.39722 1.35698 0.07833
v -0.42528 1.09596 0.09763
v -0.41047 1.08893 0.10286
v -0.37593 1.14877 0.09697
v -0.35636 1.16595 -0.05679
v -0.40660 1.15240 -0.04177
v -0.40274 1.17146 -0.04152
v -0.39886 1.46974 -0.00740
v -0.39413 1.50834 -0.00882
v -0.38230 1.50620 -0.02004
v -0.39479 1.41103 -0.00863
v -0.39075 1.40842 0.06779
v -0.37668 1.46350 0.05370
v -0.40077 1.35281 -0.05665
v -0.38763 1.35331 -0.07094
v -0.41164 1.30678 -0.06590
v -0.37794 1.46296 -0.00615
v -0.39886 1.46974 -0.00740
v -0.38610 1.46786 -0.02008
v -0.39313 1.50897 0.04439
v -0.39605 1.46789 0.04326
v -0.38865 1.46943 0.05411
v -0.41047 1.08893 0.10286
v -0.38923 1.05387 0.10468
v -0.38536 1.08782 0.10685
v -0.37593 1.14877 0.09697
v -0.41038 1.15717 0.08620
v -0.42528 1.09596 0.09763
v -0.40665 1.40850 0.05508
v -0.39075 1.40842 0.06779
v -0.39479 1.41103 -0.00863
v -0.39479 1.41103 -0.00863
v -0.37293 1.41571 -0.03781
v -0.40587 1.40857 -0.01746
v -0.39413 1.50834 -0.00882
v -0.39886 1.46974 -0.00740
v -0.39313 1.50897 0.04439
v -0.39722 1.35698 0.07833
v -0.39868 1.35391 0.09600
v -0.38226 1.35333 0.10685
v -0.37794 1.46296 -0.00615
v -0.39605 1.46789 0.04326
v -0.39886 1.46974 -0.00740
v -0.40934 1.30857 0.10408
v -0.38844 1.31372 0.11544
v -0.38226 1.35333 0.10685
v -0.37625 1.23278 -0.08156
v -0.39956 1.19025 -0.07577
v -0.40762 1.19427 -0.07164
v -0.39595 1.35371 -0.03669
v -0.40851 1.35026 -0.03973
v -0.39114 1.35970 -0.04361
v -0.39313 1.50897 0.04439
v -0.39886 1.46974 -0.00740
v -0.39605 1.46789 0.04326
v -0.40084 1.17061 0.10655
v -0.38385 1.18972 0.11449
v -0.39963 1.18849 0.10935
v -0.39785 1.18016 0.06677
v -0.40084 1.17061 0.10655
v -0.39963 1.18849 0.10935
v -0.39423 1.16712 0.07393
v -0.40084 1.17061 0.10655
v -0.39785 1.18016 0.06677
v -0.39956 1.19025 -0.07577
v -0.39940 1.18458 -0.03914
v -0.40929 1.19392 -0.04167
v -0.38226 1.35333 0.10685
v -0.39868 1.35391 0.09600
v -0.40934 1.30857 0.10408
v -0.39075 1.40842 0.06779
v -0.40665 1.40850 0.05508
v -0.42324 1.35079 0.06192
v -0.39785 1.18016 0.06677
v -0.39963 1.18849 0.10935
v -0.40362 1.18997 0.07224
v -0.40313 1.20899 0.10528
v -0.40715 1.19336 0.10618
v -0.35938 1.26003 0.12423
v -0.40618 1.20990 -0.06959
v -0.37625 1.23278 -0.08156
v -0.40762 1.19427 -0.07164
v -0.40274 1.17146 -0.04152
v -0.39940 1.18458 -0.03914
v -0.39956 1.19025 -0.07577
v -0.37293 1.41571 -0.03781
v -0.39114 1.35970 -0.04361
v -0.40587 1.40857 -0.01746
v -0.39722 1.35698 0.07833
v -0.39075 1.40842 0.06779
v -0.42324 1.35079 0.06192
v -0.40274 1.17146 -0.04152
v -0.39956 1.19025 -0.07577
v -0.39211 1.17028 -0.07873
v -0.41038 1.15717 0.08620
v -0.37593 1.14877 0.09697
v -0.40461 1.15898 0.07061
v -0.39956 1.19025 -0.07577
v -0.40929 1.19392 -0.04167
v -0.40762 1.19427 -0.07164
v -0.38385 1.18972 0.11449
v -0.40715 1.19336 0.10618
v -0.39963 1.18849 0.10935
v -0.39940 1.18458 -0.03914
v -0.40274 1.17146 -0.04152
v -0.40893 1.14726 -0.06385
v -0.39940 1.18458 -0.03914
v -0.41106 1.19340 -0.04236
v -0.40929 1.19392 -0.04167
v -0.40362 1.18997 0.07224
v -0.39963 1.18849 0.10935
v -0.40715 1.19336 0.10618
v -0.40587 1.40857 -0.01746
v -0.40665 1.40850 0.05508
v -0.39479 1.41103 -0.00863
v -0.39940 1.18458 -0.03914
v -0.40893 1.14726 -0.06385
v -0.41106 1.19340 -0.04236
v -0.40313 1.20899 0.10528
v -0.41658 1.21476 0.10107
v -0.40751 1.20416 0.06641
v -0.39785 1.18016 0.06677
v -0.40362 1.18997 0.07224
v -0.40461 1.15898 0.07061
v -0.42304 1.12639 -0.06623
v -0.40893 1.14726 -0.06385
v -0.40947 1.08410 -0.07864
v -0.40313 1.20899 0.10528
v -0.40751 1.20416 0.06641
v -0.40715 1.19336 0.10618
v -0.40461 1.15898 0.07061
v -0.40362 1.18997 0.07224
v -0.41038 1.15717 0.08620
v -0.40274 1.17146 -0.04152
v -0.40660 1.15240 -0.04177
v -0.40893 1.14726 -0.06385
v -0.40762 1.19427 -0.07164
v -0.40929 1.19392 -0.04167
v -0.40613 1.20994 -0.03329
v -0.40613 1.20994 -0.03329
v -0.40618 1.20990 -0.06959
v -0.40762 1.19427 -0.07164
v -0.39722 1.35698 0.07833
v -0.40934 1.30857 0.10408
v -0.39868 1.35391 0.09600
v -0.40715 1.19336 0.10618
v -0.40751 1.20416 0.06641
v -0.40362 1.18997 0.07224
v -0.40613 1.20994 -0.03329
v -0.40929 1.19392 -0.04167
v -0.41691 1.20484 -0.03883
v -0.44033 1.15627 0.07372
v -0.41038 1.15717 0.08620
v -0.40362 1.18997 0.07224
v -0.40613 1.20994 -0.03329
v -0.41691 1.20484 -0.03883
v -0.41305 1.20439 -0.03131
v -0.40313 1.20899 0.10528
v -0.35938 1.26003 0.12423
v -0.41544 1.22689 0.09896
v -0.41164 1.30678 -0.06590
v -0.37625 1.23278 -0.08156
v -0.42912 1.22988 -0.05624
v -0.39114 1.35970 -0.04361
v -0.40851 1.35026 -0.03973
v -0.40587 1.40857 -0.01746
v -0.41544 1.22689 0.09896
v -0.41658 1.21476 0.10107
v -0.40313 1.20899 0.10528
v -0.41309 1.29670 -0.03707
v -0.39595 1.35371 -0.03669
v -0.40077 1.35281 -0.05665
v -0.44033 1.15627 0.07372
v -0.40362 1.18997 0.07224
v -0.40751 1.20416 0.06641
v -0.40751 1.20416 0.06641
v -0.41658 1.21476 0.10107
v -0.41326 1.20983 0.06017
v -0.40618 1.20990 -0.06959
v -0.41838 1.21442 -0.06602
v -0.37625 1.23278 -0.08156
v -0.42912 1.22988 -0.05624
v -0.37625 1.23278 -0.08156
v -0.41716 1.22755 -0.06253
v -0.41716 1.22755 -0.06253
v -0.37625 1.23278 -0.08156
v -0.41838 1.21442 -0.06602
v -0.40587 1.40857 -0.01746
v -0.43515 1.31918 -0.02491
v -0.40665 1.40850 0.05508
v -0.43893 1.13042 0.08773
v -0.42528 1.09596 0.09763
v -0.41038 1.15717 0.08620
v -0.40893 1.14726 -0.06385
v -0.42304 1.12639 -0.06623
v -0.43904 1.15639 -0.04793
v -0.41106 1.19340 -0.04236
v -0.41691 1.20484 -0.03883
v -0.40929 1.19392 -0.04167
v -0.35938 1.26003 0.12423
v -0.40934 1.30857 0.10408
v -0.42810 1.22905 0.09102
v -0.41309 1.29670 -0.03707
v -0.40851 1.35026 -0.03973
v -0.39595 1.35371 -0.03669
v -0.35938 1.26003 0.12423
v -0.42810 1.22905 0.09102
v -0.41544 1.22689 0.09896
v -0.40934 1.30857 0.10408
v -0.42202 1.24214 0.05933
v -0.42810 1.22905 0.09102
v -0.40947 1.08410 -0.07864
v -0.38250 1.08314 -0.07965
v -0.42405 1.02107 -0.07574
v -0.42814 1.21630 0.06377
v -0.40751 1.20416 0.06641
v -0.42952 1.21807 0.04422
v -0.40077 1.35281 -0.05665
v -0.42297 1.24319 -0.02637
v -0.41309 1.29670 -0.03707
v -0.39722 1.35698 0.07833
v -0.42537 1.29003 0.06699
v -0.42202 1.24214 0.05933
v -0.41442 1.22320 0.05292
v -0.42320 1.22792 0.04663
v -0.42952 1.21807 0.04422
v -0.41305 1.20439 -0.03131
v -0.40618 1.20990 -0.06959
v -0.40613 1.20994 -0.03329
v -0.41442 1.22320 0.05292
v -0.42952 1.21807 0.04422
v -0.41326 1.20983 0.06017
v -0.40934 1.30857 0.10408
v -0.39722 1.35698 0.07833
v -0.42202 1.24214 0.05933
v -0.41658 1.21476 0.10107
v -0.41544 1.22689 0.09896
v -0.41442 1.22320 0.05292
v -0.41716 1.22755 -0.06253
v -0.41838 1.21442 -0.06602
v -0.41331 1.22555 -0.02744
v -0.41305 1.20439 -0.03131
v -0.41838 1.21442 -0.06602
v -0.40618 1.20990 -0.06959
v -0.41305 1.20439 -0.03131
v -0.41331 1.22555 -0.02744
v -0.41838 1.21442 -0.06602
v -0.41442 1.22320 0.05292
v -0.41326 1.20983 0.06017
v -0.41658 1.21476 0.10107
v -0.41942 1.08138 -0.06698
v -0.42617 1.09485 -0.07309
v -0.40947 1.08410 -0.07864
v -0.41047 1.08893 0.10286
v -0.41646 1.08558 0.09098
v -0.42278 1.02455 0.09607
v -0.41309 1.29670 -0.03707
v -0.42297 1.24319 -0.02637
v -0.43991 1.24355 -0.01727
v -0.42304 1.12639 -0.06623
v -0.40947 1.08410 -0.07864
v -0.42617 1.09485 -0.07309
v -0.41331 1.22555 -0.02744
v -0.42342 1.23095 -0.01488
v -0.42912 1.22988 -0.05624
v -0.41691 1.20484 -0.03883
v -0.42350 1.21716 -0.02086
v -0.41305 1.20439 -0.03131
v -0.42615 1.21837 -0.03386
v -0.41691 1.20484 -0.03883
v -0.41106 1.19340 -0.04236
v -0.41106 1.19340 -0.04236
v -0.40893 1.14726 -0.06385
v -0.43904 1.15639 -0.04793
v -0.42350 1.21716 -0.02086
v -0.41331 1.22555 -0.02744
v -0.41305 1.20439 -0.03131
v -0.41164 1.30678 -0.06590
v -0.42912 1.22988 -0.05624
v -0.40077 1.35281 -0.05665
v -0.43301 1.08951 0.08716
v -0.41646 1.08558 0.09098
v -0.41047 1.08893 0.10286
v -0.41646 1.08558 0.09098
v -0.42516 1.08264 0.09883
v -0.42676 1.04033 0.08691
v -0.41646 1.08558 0.09098
v -0.43301 1.08951 0.08716
v -0.42516 1.08264 0.09883
v -0.42320 1.22792 0.04663
v -0.41442 1.22320 0.05292
v -0.41544 1.22689 0.09896
v -0.42342 1.23095 -0.01488
v -0.41331 1.22555 -0.02744
v -0.42350 1.21716 -0.02086
v -0.41691 1.20484 -0.03883
v -0.42615 1.21837 -0.03386
v -0.42350 1.21716 -0.02086
v -0.42912 1.22988 -0.05624
v -0.41716 1.22755 -0.06253
v -0.41331 1.22555 -0.02744
v -0.42083 1.24018 0.04376
v -0.42810 1.22905 0.09102
v -0.42202 1.24214 0.05933
v -0.42661 1.23920 -0.00696
v -0.42297 1.24319 -0.02637
v -0.42342 1.23095 -0.01488
v -0.41047 1.08893 0.10286
v -0.42528 1.09596 0.09763
v -0.43301 1.08951 0.08716
v -0.42537 1.29003 0.06699
v -0.39722 1.35698 0.07833
v -0.44680 1.26949 0.04997
v -0.42342 1.23095 -0.01488
v -0.42297 1.24319 -0.02637
v -0.42912 1.22988 -0.05624
v -0.42297 1.24319 -0.02637
v -0.40077 1.35281 -0.05665
v -0.42912 1.22988 -0.05624
v -0.41309 1.29670 -0.03707
v -0.43515 1.31918 -0.02491
v -0.40851 1.35026 -0.03973
v -0.40851 1.35026 -0.03973
v -0.43515 1.31918 -0.02491
v -0.40587 1.40857 -0.01746
v -0.42320 1.22792 0.04663
v -0.42810 1.22905 0.09102
v -0.42083 1.24018 0.04376
v -0.42814 1.21630 0.06377
v -0.42952 1.21807 0.04422
v -0.44227 1.21951 0.05130
v -0.42814 1.21630 0.06377
v -0.44033 1.15627 0.07372
v -0.40751 1.20416 0.06641
v -0.44033 1.15627 0.07372
v -0.43893 1.13042 0.08773
v -0.41038 1.15717 0.08620
v -0.42350 1.21716 -0.02086
v -0.42615 1.21837 -0.03386
v -0.42959 1.21772 -0.02354
v -0.41544 1.22689 0.09896
v -0.42810 1.22905 0.09102
v -0.42320 1.22792 0.04663
v -0.42083 1.24018 0.04376
v -0.42952 1.21807 0.04422
v -0.42320 1.22792 0.04663
v -0.42617 1.09485 -0.07309
v -0.43623 1.11144 -0.05995
v -0.42304 1.12639 -0.06623
v -0.42959 1.21772 -0.02354
v -0.44111 1.22158 -0.01604
v -0.42350 1.21716 -0.02086
v -0.43906 1.24343 0.05137
v -0.42083 1.24018 0.04376
v -0.42202 1.24214 0.05933
v -0.42083 1.24018 0.04376
v -0.43906 1.24343 0.05137
v -0.42661 1.23920 -0.00696
v -0.42083 1.24018 0.04376
v -0.42661 1.23920 -0.00696
v -0.42952 1.21807 0.04422
v -0.42342 1.23095 -0.01488
v -0.42350 1.21716 -0.02086
v -0.42661 1.23920 -0.00696
v -0.43623 1.11144 -0.05995
v -0.42617 1.09485 -0.07309
v -0.43595 1.08655 -0.06303
v -0.42297 1.24319 -0.02637
v -0.42661 1.23920 -0.00696
v -0.43991 1.24355 -0.01727
v -0.42324 1.35079 0.06192
v -0.40665 1.40850 0.05508
v -0.44680 1.26949 0.04997
v -0.43301 1.08951 0.08716
v -0.42528 1.09596 0.09763
v -0.43893 1.13042 0.08773
v -0.44680 1.26949 0.04997
v -0.39722 1.35698 0.07833
v -0.42324 1.35079 0.06192
v -0.42661 1.23920 -0.00696
v -0.42350 1.21716 -0.02086
v -0.42952 1.21807 0.04422
v -0.43904 1.15639 -0.04793
v -0.44458 1.16067 -0.04547
v -0.41106 1.19340 -0.04236
v -0.42661 1.23920 -0.00696
v -0.43906 1.24343 0.05137
v -0.43991 1.24355 -0.01727
v -0.42304 1.12639 -0.06623
v -0.43623 1.11144 -0.05995
v -0.44705 1.11954 -0.05520
v -0.43515 1.31918 -0.02491
v -0.41309 1.29670 -0.03707
v -0.44782 1.27140 -0.01608
v -0.42814 1.21630 0.06377
v -0.44227 1.21951 0.05130
v -0.44714 1.17081 0.06211
v -0.42202 1.24214 0.05933
v -0.42537 1.29003 0.06699
v -0.44680 1.26949 0.04997
v -0.44782 1.27140 -0.01608
v -0.41309 1.29670 -0.03707
v -0.43991 1.24355 -0.01727
v -0.42304 1.12639 -0.06623
v -0.44705 1.11954 -0.05520
v -0.43904 1.15639 -0.04793
v -0.42952 1.21807 0.04422
v -0.42350 1.21716 -0.02086
v -0.44111 1.22158 -0.01604
v -0.43301 1.08951 0.08716
v -0.43591 1.08642 0.10028
v -0.42516 1.08264 0.09883
v -0.42516 1.08264 0.09883
v -0.43591 1.08642 0.10028
v -0.43055 1.04019 0.09353
v -0.44033 1.15627 0.07372
v -0.42814 1.21630 0.06377
v -0.44617 1.16824 0.07041
v -0.42952 1.21807 0.04422
v -0.44111 1.22158 -0.01604
v -0.44227 1.21951 0.05130
v -0.44458 1.16067 -0.04547
v -0.42615 1.21837 -0.03386
v -0.41106 1.19340 -0.04236
v -0.40665 1.40850 0.05508
v -0.43515 1.31918 -0.02491
v -0.44680 1.26949 0.04997
v -0.42814 1.21630 0.06377
v -0.44714 1.17081 0.06211
v -0.44617 1.16824 0.07041
v -0.43301 1.08951 0.08716
v -0.43893 1.13042 0.08773
v -0.43733 1.11432 0.08398
v -0.42615 1.21837 -0.03386
v -0.44458 1.16067 -0.04547
v -0.42959 1.21772 -0.02354
v -0.43591 1.08642 0.10028
v -0.43301 1.08951 0.08716
v -0.43733 1.11432 0.08398
v -0.43937 1.11399 0.09740
v -0.43591 1.08642 0.10028
v -0.43733 1.11432 0.08398
v -0.43982 1.11289 -0.07081
v -0.44705 1.11954 -0.05520
v -0.43623 1.11144 -0.05995
v -0.44227 1.21951 0.05130
v -0.45929 1.16746 0.06272
v -0.44714 1.17081 0.06211
v -0.43893 1.13042 0.08773
v -0.44033 1.15627 0.07372
v -0.43733 1.11432 0.08398
v -0.43623 1.11144 -0.05995
v -0.44480 1.09029 -0.07308
v -0.43982 1.11289 -0.07081
v -0.43904 1.15639 -0.04793
v -0.44319 1.15727 -0.05626
v -0.44458 1.16067 -0.04547
v -0.42959 1.21772 -0.02354
v -0.44458 1.16067 -0.04547
v -0.44724 1.17257 -0.03499
v -0.42202 1.24214 0.05933
v -0.44680 1.26949 0.04997
v -0.43906 1.24343 0.05137
v -0.44680 1.26949 0.04997
v -0.43515 1.31918 -0.02491
v -0.44782 1.27140 -0.01608
v -0.44033 1.15627 0.07372
v -0.44890 1.11927 0.08083
v -0.43733 1.11432 0.08398
v -0.42959 1.21772 -0.02354
v -0.45982 1.16920 -0.03533
v -0.44111 1.22158 -0.01604
v -0.43937 1.11399 0.09740
v -0.45294 1.10929 0.09587
v -0.43591 1.08642 0.10028
v -0.44111 1.22158 -0.01604
v -0.45028 1.20018 -0.01190
v -0.44227 1.21951 0.05130
v -0.44033 1.15627 0.07372
v -0.44643 1.15777 0.08233
v -0.44890 1.11927 0.08083
v -0.44782 1.27140 -0.01608
v -0.43991 1.24355 -0.01727
v -0.44680 1.26949 0.04997
v -0.44227 1.21951 0.05130
v -0.45028 1.20018 -0.01190
v -0.45045 1.20058 0.04112
v -0.43733 1.11432 0.08398
v -0.44890 1.11927 0.08083
v -0.43937 1.11399 0.09740
v -0.45982 1.16920 -0.03533
v -0.42959 1.21772 -0.02354
v -0.44724 1.17257 -0.03499
v -0.43904 1.15639 -0.04793
v -0.45201 1.11921 -0.06613
v -0.44319 1.15727 -0.05626
v -0.44705 1.11954 -0.05520
v -0.43982 1.11289 -0.07081
v -0.45201 1.11921 -0.06613
v -0.43991 1.24355 -0.01727
v -0.43906 1.24343 0.05137
v -0.44680 1.26949 0.04997
v -0.44643 1.15777 0.08233
v -0.45294 1.10929 0.09587
v -0.44890 1.11927 0.08083
v -0.44617 1.16824 0.07041
v -0.44643 1.15777 0.08233
v -0.44033 1.15627 0.07372
v -0.45045 1.20058 0.04112
v -0.45929 1.16746 0.06272
v -0.44227 1.21951 0.05130
v -0.45495 1.17300 0.06814
v -0.44617 1.16824 0.07041
v -0.44714 1.17081 0.06211
v -0.44705 1.11954 -0.05520
v -0.45201 1.11921 -0.06613
v -0.43904 1.15639 -0.04793
v -0.44458 1.16067 -0.04547
v -0.45282 1.17243 -0.04163
v -0.44724 1.17257 -0.03499
v -0.43937 1.11399 0.09740
v -0.44890 1.11927 0.08083
v -0.45294 1.10929 0.09587
v -0.45304 1.03793 0.09045
v -0.43591 1.08642 0.10028
v -0.47064 1.08785 0.08713
v -0.44458 1.16067 -0.04547
v -0.44319 1.15727 -0.05626
v -0.45282 1.17243 -0.04163
v -0.45282 1.17243 -0.04163
v -0.44319 1.15727 -0.05626
v -0.45201 1.11921 -0.06613
v -0.44643 1.15777 0.08233
v -0.44617 1.16824 0.07041
v -0.45495 1.17300 0.06814
v -0.45028 1.20018 -0.01190
v -0.44111 1.22158 -0.01604
v -0.45982 1.16920 -0.03533
v -0.45982 1.16920 -0.03533
v -0.44724 1.17257 -0.03499
v -0.45282 1.17243 -0.04163
v -0.47064 1.08785 0.08713
v -0.43591 1.08642 0.10028
v -0.45294 1.10929 0.09587
v -0.45028 1.20018 -0.01190
v -0.45982 1.16920 -0.03533
v -0.45930 1.17037 -0.02399
v -0.45045 1.20058 0.04112
v -0.45028 1.20018 -0.01190
v -0.46372 1.20097 0.04169
v -0.45929 1.16746 0.06272
v -0.45045 1.20058 0.04112
v -0.46080 1.16970 0.05027
v -0.43982 1.11289 -0.07081
v -0.46627 1.11120 -0.06400
v -0.45201 1.11921 -0.06613
v -0.44714 1.17081 0.06211
v -0.45929 1.16746 0.06272
v -0.45495 1.17300 0.06814
v -0.45930 1.17037 -0.02399
v -0.46392 1.20058 -0.01313
v -0.45028 1.20018 -0.01190
v -0.45028 1.20018 -0.01190
v -0.46392 1.20058 -0.01313
v -0.46372 1.20097 0.04169
v -0.45294 1.10929 0.09587
v -0.44643 1.15777 0.08233
v -0.48009 1.11345 0.08133
v -0.46080 1.16970 0.05027
v -0.46372 1.20097 0.04169
v -0.47054 1.17199 0.04958
v -0.44643 1.15777 0.08233
v -0.45495 1.17300 0.06814
v -0.48009 1.11345 0.08133
v -0.45982 1.16920 -0.03533
v -0.47094 1.17145 -0.02716
v -0.45930 1.17037 -0.02399
v -0.46080 1.16970 0.05027
v -0.45045 1.20058 0.04112
v -0.46372 1.20097 0.04169
v -0.48009 1.11345 0.08133
v -0.47064 1.08785 0.08713
v -0.45294 1.10929 0.09587
v -0.45282 1.17243 -0.04163
v -0.45201 1.11921 -0.06613
v -0.46627 1.11120 -0.06400
v -0.46392 1.20058 -0.01313
v -0.45930 1.17037 -0.02399
v -0.47094 1.17145 -0.02716
v -0.45929 1.16746 0.06272
v -0.47788 1.12310 0.07094
v -0.45495 1.17300 0.06814
v -0.47788 1.12310 0.07094
v -0.48009 1.11345 0.08133
v -0.45495 1.17300 0.06814
v -0.46080 1.16970 0.05027
v -0.47054 1.17199 0.04958
v -0.45929 1.16746 0.06272
v -0.48153 1.13122 -0.04351
v -0.45982 1.16920 -0.03533
v -0.45282 1.17243 -0.04163
v -0.46392 1.20058 -0.01313
v -0.47054 1.17199 0.04958
v -0.46372 1.20097 0.04169
v -0.45982 1.16920 -0.03533
v -0.48171 1.17044 -0.02766
v -0.47094 1.17145 -0.02716
v -0.45929 1.16746 0.06272
v -0.47054 1.17199 0.04958
v -0.47652 1.17057 0.05622
v -0.47054 1.17199 0.04958
v -0.46392 1.20058 -0.01313
v -0.47094 1.17145 -0.02716
v -0.48171 1.17044 -0.02766
v -0.47652 1.17057 0.05622
v -0.47054 1.17199 0.04958
v -0.48056 1.11924 -0.04336
v -0.48153 1.13122 -0.04351
v -0.45282 1.17243 -0.04163
v -0.45982 1.16920 -0.03533
v -0.48153 1.13122 -0.04351
v -0.48171 1.17044 -0.02766
v -0.47094 1.17145 -0.02716
v -0.48171 1.17044 -0.02766
v -0.47054 1.17199 0.04958
v -0.47788 1.12310 0.07094
v -0.45929 1.16746 0.06272
v -0.47652 1.17057 0.05622
v -0.47652 1.17057 0.05622
v -0.48171 1.17044 -0.02766
v -0.48366 1.17041 0.04225
v -0.47064 1.08785 0.08713
v -0.48009 1.11345 0.08133
v -0.47721 1.07339 0.07435
v -0.48009 1.11345 0.08133
v -0.47788 1.12310 0.07094
v -0.49545 1.08751 0.06083
v -0.47652 1.17057 0.05622
v -0.50244 1.11721 0.06159
v -0.47788 1.12310 0.07094
v -0.48366 1.17041 0.04225
v -0.48171 1.17044 -0.02766
v -0.52469 1.08000 0.04030
v -0.47652 1.17057 0.05622
v -0.52469 1.08000 0.04030
v -0.50244 1.11721 0.06159
v -0.49545 1.08751 0.06083
v -0.51090 1.04389 0.05619
v -0.48009 1.11345 0.08133
v -0.47788 1.12310 0.07094
v -0.50244 1.11721 0.06159
v -0.49545 1.08751 0.06083
v -0.48153 1.13122 -0.04351
v -0.52464 1.08229 -0.01900
v -0.48171 1.17044 -0.02766
v -0.49545 1.08751 0.06083
v -0.50244 1.11721 0.06159
v -0.51993 1.05834 0.04705
v -0.47652 1.17057 0.05622
v -0.48366 1.17041 0.04225
v -0.52469 1.08000 0.04030
v -0.40751 1.20416 0.06641
v -0.41326 1.20983 0.06017
v -0.42952 1.21807 0.04422
v -0.28839 1.44868 0.03747
v -0.22629 1.45323 0.12621
v -0.20708 1.43019 0.15776
v -0.24439 1.46358 0.13845
v -0.22830 1.41015 0.15354
v -0.25841 1.43639 0.13500
v -0.24437 1.42038 0.12360
v -0.25208 1.40715 0.08595
v -0.25208 1.39644 0.10002
v -0.26046 1.40282 0.11395
v -0.26379 1.36989 0.10142
v -0.26999 1.40677 0.12220
v -0.27936 1.33375 0.11756
v -0.29256 1.31968 0.12032
v -0.25936 1.30772 0.12488
v -0.26301 1.22329 0.08370
v -0.22810 1.28679 0.06586
v -0.26136 1.20064 0.02629
v -0.23521 1.24591 0.01789
v -0.27043 1.20260 -0.02715
v -0.23672 1.27916 -0.05051
v -0.28680 1.23811 -0.08427
v -0.28864 1.28551 -0.09526
v -0.29162 1.34152 -0.10601
v -0.27296 1.36442 -0.09191
v -0.29244 1.36372 -0.10328
v -0.27032 1.40960 -0.08752
v -0.30070 1.41833 -0.08076
v -0.30370 1.41895 -0.06443
v -0.31645 1.41893 -0.04618
v -0.30646 1.45962 -0.05503
v -0.32328 1.46076 -0.05636
v -0.31018 1.46399 -0.06209
v -0.36666 1.50914 -0.03177
v -0.31204 1.51565 -0.04934
v -0.36330 1.53852 -0.02552
v -0.31099 1.53779 -0.04717
v -0.35254 1.54069 -0.02450
v -0.32087 1.58785 -0.03372
v -0.36378 1.61711 -0.00654
v -0.34092 1.62930 -0.00975
v -0.37110 1.65336 0.00376
v -0.34315 1.65041 0.04431
v -0.37217 1.65324 0.03487
v -0.34010 1.63027 0.04469
v -0.34814 1.58604 0.05337
v -0.30473 1.57489 0.06924
v -0.31103 1.53856 0.08074
v -0.30730 1.57341 0.09740
v -0.30670 1.49863 0.09281
v -0.28939 1.54708 0.10187
v -0.29163 1.49329 0.09791
v -0.28526 1.53428 0.11834
v -0.26285 1.48135 0.12396
v -0.25545 1.54586 0.10574
v -0.26301 1.46163 0.09256
v -0.24477 1.53804 0.09102
v -0.25403 1.45873 0.09539
v -0.24769 1.48848 0.14972
v -0.42871 1.07824 0.01778
v -0.33327 1.01952 0.03609
v -0.32482 1.03647 -0.00188
v -0.35439 1.01229 -0.05397
v -0.36203 1.07482 -0.06034
v -0.38212 1.01240 -0.06025
v -0.38250 1.08314 -0.07965
v -0.42405 1.02107 -0.07574
v -0.40947 1.08410 -0.07864
v -0.41942 1.08138 -0.06698
v -0.42617 1.09485 -0.07309
v -0.43595 1.08655 -0.06303
v -0.43623 1.11144 -0.05995
v -0.44480 1.09029 -0.07308
v -0.43982 1.11289 -0.07081
v -0.46627 1.11120 -0.06400
v -0.45282 1.17243 -0.04163
v -0.48056 1.11924 -0.04336
v -0.48153 1.13122 -0.04351
v -0.52464 1.08229 -0.01900
v -0.48171 1.17044 -0.02766
v -0.52469 1.08000 0.04030
v -0.50244 1.11721 0.06159
v -0.51993 1.05834 0.04705
v -0.49545 1.08751 0.06083
v -0.51090 1.04389 0.05619
v -0.48009 1.11345 0.08133
v -0.47721 1.07339 0.07435
v -0.47064 1.08785 0.08713
v -0.45304 1.03793 0.09045
v -0.43591 1.08642 0.10028
v -0.43055 1.04019 0.09353
v -0.42516 1.08264 0.09883
v -0.42676 1.04033 0.08691
v -0.41646 1.08558 0.09098
v -0.42278 1.02455 0.09607
v -0.41047 1.08893 0.10286
v -0.38923 1.05387 0.10468
v -0.38536 1.08782 0.10685
v -0.34613 1.06389 0.08424
v -0.33449 1.13139 0.07926
v -0.35459 1.01286 0.07544
v -0.33083 1.08014 0.04798
vt 0.49246 0.11378
vt 0.48528 0.09839
vt 0.49292 0.09286
vt 0.44775 0.99267
vt 0.44394 0.99792
vt 0.44273 0.99269
vt 0.08504 0.63275
vt 0.07357 0.62723
vt 0.08429 0.62744
vt 0.98357 0.87497
vt 0.97245 0.85599
vt 0.98395 0.85822
vt 0.03756 0.20378
vt 0.03580 0.20979
vt 0.02884 0.21101
vt 0.03756 0.20378
vt 0.02896 0.20091
vt 0.03695 0.19880
vt 0.74913 0.05083
vt 0.74250 0.04377
vt 0.74245 0.03688
vt 0.12310 0.62096
vt 0.12692 0.64169
vt 0.12437 0.64237
vt 0.02896 0.20091
vt 0.03756 0.20378
vt 0.02884 0.21101
vt 0.38161 0.28273
vt 0.37634 0.27975
vt 0.38008 0.27082
vt 0.07357 0.62723
vt 0.08957 0.62245
vt 0.08429 0.62744
vt 0.08996 0.62477
vt 0.08429 0.62744
vt 0.08957 0.62245
vt 0.29273 0.77040
vt 0.27834 0.76786
vt 0.29913 0.75174
vt 0.01480 0.61415
vt 0.01480 0.62272
vt 0.00892 0.61560
vt 0.00849 0.62248
vt 0.00892 0.61560
vt 0.01480 0.62272
vt 0.59324 0.90729
vt 0.56070 0.91277
vt 0.57269 0.90403
vt 0.02810 0.62245
vt 0.03362 0.62631
vt 0.02238 0.62583
vt 0.38161 0.28273
vt 0.38008 0.27082
vt 0.38927 0.27061
vt 0.69411 0.21276
vt 0.71667 0.21695
vt 0.69913 0.22134
vt 0.12242 0.64369
vt 0.12692 0.64169
vt 0.12733 0.64907
vt 0.55908 0.93331
vt 0.56070 0.91277
vt 0.57919 0.93279
vt 0.40724 0.46345
vt 0.42416 0.47974
vt 0.38601 0.48232
vt 0.12242 0.64369
vt 0.12437 0.64237
vt 0.12692 0.64169
vt 0.12242 0.64369
vt 0.12733 0.64907
vt 0.12535 0.65012
vt 0.69913 0.22134
vt 0.69288 0.21496
vt 0.69411 0.21276
vt 0.81028 0.00957
vt 0.81311 0.00854
vt 0.81293 0.01723
vt 0.69108 0.63303
vt 0.70278 0.63494
vt 0.70944 0.64559
vt 0.34502 0.16974
vt 0.34502 0.15909
vt 0.35255 0.17341
vt 0.25560 0.57234
vt 0.25091 0.57153
vt 0.26296 0.56192
vt 0.68364 0.90000
vt 0.66616 0.90874
vt 0.66752 0.90523
vt 0.68875 0.61695
vt 0.65725 0.63117
vt 0.66386 0.62410
vt 0.34502 0.16974
vt 0.35255 0.17341
vt 0.34815 0.17333
vt 0.66616 0.90874
vt 0.65457 0.90492
vt 0.66752 0.90523
vt 0.66616 0.90874
vt 0.65361 0.90920
vt 0.65457 0.90492
vt 0.74814 0.00050
vt 0.75001 0.00792
vt 0.74107 0.00792
vt 0.35677 0.16796
vt 0.35255 0.17341
vt 0.34502 0.15909
vt 0.68875 0.61695
vt 0.69108 0.63303
vt 0.65725 0.63117
vt 0.15009 0.41003
vt 0.16115 0.40218
vt 0.16280 0.41172
vt 0.39905 0.00104
vt 0.40419 0.00812
vt 0.39809 0.00837
vt 0.74107 0.00792
vt 0.74220 0.00088
vt 0.74814 0.00050
vt 0.68750 0.21850
vt 0.69411 0.21276
vt 0.69288 0.21496
vt 0.68364 0.90000
vt 0.66752 0.90523
vt 0.68211 0.89535
vt 0.28217 0.77810
vt 0.29273 0.77040
vt 0.29803 0.78344
vt 0.35677 0.16796
vt 0.34502 0.15909
vt 0.35088 0.16027
vt 0.69352 0.61744
vt 0.70278 0.63494
vt 0.69108 0.63303
vt 0.69612 0.88886
vt 0.68364 0.90000
vt 0.68211 0.89535
vt 0.02631 0.76825
vt 0.03613 0.76796
vt 0.03053 0.77586
vt 0.03613 0.76796
vt 0.02631 0.76825
vt 0.02976 0.76081
vt 0.66106 0.43400
vt 0.65097 0.43312
vt 0.64171 0.42303
vt 0.35677 0.16796
vt 0.37352 0.17218
vt 0.35255 0.17341
vt 0.40939 0.73066
vt 0.40604 0.71816
vt 0.41825 0.71419
vt 0.53978 0.98923
vt 0.54743 0.98923
vt 0.54169 0.99537
vt 0.05790 0.35782
vt 0.05062 0.37149
vt 0.05078 0.35808
vt 0.26060 0.54678
vt 0.25091 0.57153
vt 0.25201 0.54194
vt 0.28217 0.77810
vt 0.27834 0.76786
vt 0.29273 0.77040
vt 0.61632 0.59066
vt 0.61847 0.61539
vt 0.61613 0.61166
vt 0.40939 0.73066
vt 0.41825 0.71419
vt 0.42006 0.72702
vt 0.19492 0.28409
vt 0.21512 0.28745
vt 0.19386 0.29614
vt 0.68875 0.61695
vt 0.69352 0.61744
vt 0.69108 0.63303
vt 0.16115 0.40218
vt 0.15009 0.41003
vt 0.14989 0.39251
vt 0.65361 0.90920
vt 0.63421 0.90524
vt 0.65457 0.90492
vt 0.40088 0.70475
vt 0.41088 0.69819
vt 0.41825 0.71419
vt 0.63421 0.90524
vt 0.63828 0.90128
vt 0.65457 0.90492
vt 0.10498 0.61447
vt 0.10724 0.62666
vt 0.10077 0.62720
vt 0.61847 0.61539
vt 0.61632 0.59066
vt 0.64765 0.61032
vt 0.26060 0.54678
vt 0.25201 0.54194
vt 0.25929 0.53988
vt 0.54743 0.98923
vt 0.54617 0.99541
vt 0.54169 0.99537
vt 0.41825 0.71419
vt 0.40604 0.71816
vt 0.40088 0.70475
vt 0.91909 0.87853
vt 0.91255 0.86407
vt 0.91646 0.86231
vt 0.10420 0.63206
vt 0.10077 0.62720
vt 0.10724 0.62666
vt 0.41521 0.03389
vt 0.41210 0.03906
vt 0.40741 0.02834
vt 0.26776 0.76411
vt 0.27396 0.75088
vt 0.27834 0.76786
vt 0.72772 0.21525
vt 0.73142 0.21784
vt 0.71627 0.22128
vt 0.28217 0.77810
vt 0.26776 0.76411
vt 0.27834 0.76786
vt 0.26889 0.73093
vt 0.27396 0.75088
vt 0.26776 0.76411
vt 0.16399 0.60998
vt 0.15462 0.61991
vt 0.15996 0.61050
vt 0.16399 0.60998
vt 0.16210 0.59792
vt 0.16528 0.59742
vt 0.10724 0.62666
vt 0.11013 0.63239
vt 0.10420 0.63206
vt 0.15996 0.61053
vt 0.16210 0.59792
vt 0.16399 0.60998
vt 0.10420 0.63206
vt 0.10736 0.63717
vt 0.10134 0.63769
vt 0.42006 0.72702
vt 0.42251 0.74353
vt 0.41178 0.74470
vt 0.63421 0.90524
vt 0.62797 0.89763
vt 0.63828 0.90128
vt 0.91646 0.86231
vt 0.91255 0.86407
vt 0.91295 0.85829
vt 0.37352 0.17218
vt 0.35677 0.16796
vt 0.36952 0.16511
vt 0.25929 0.53988
vt 0.25201 0.54194
vt 0.25535 0.52281
vt 0.11013 0.63239
vt 0.10736 0.63717
vt 0.10420 0.63206
vt 0.39748 0.03683
vt 0.40741 0.02834
vt 0.41210 0.03906
vt 0.63828 0.90128
vt 0.62797 0.89763
vt 0.63021 0.88861
vt 0.42006 0.72702
vt 0.41178 0.74470
vt 0.40939 0.73066
vt 0.10736 0.63717
vt 0.10604 0.64764
vt 0.10134 0.63769
vt 0.26697 0.87618
vt 0.25916 0.88412
vt 0.25885 0.87331
vt 0.69612 0.88886
vt 0.68211 0.89535
vt 0.69249 0.87097
vt 0.68875 0.61695
vt 0.69219 0.60769
vt 0.69352 0.61744
vt 0.02909 0.49967
vt 0.01943 0.49990
vt 0.02382 0.49663
vt 0.02382 0.49663
vt 0.01943 0.49990
vt 0.01849 0.49810
vt 0.41088 0.69819
vt 0.39463 0.69075
vt 0.39801 0.67502
vt 0.15962 0.58770
vt 0.16528 0.59742
vt 0.16210 0.59792
vt 0.21512 0.28745
vt 0.22095 0.28211
vt 0.23726 0.29334
vt 0.66667 0.60644
vt 0.68366 0.60642
vt 0.68875 0.61695
vt 0.71570 0.56354
vt 0.70561 0.57719
vt 0.67401 0.57015
vt 0.90979 0.66657
vt 0.92153 0.65952
vt 0.91552 0.66483
vt 0.36870 0.52632
vt 0.36937 0.51559
vt 0.39072 0.54065
vt 0.41088 0.69819
vt 0.40088 0.70475
vt 0.39463 0.69075
vt 0.07302 0.76519
vt 0.07364 0.75700
vt 0.07718 0.75571
vt 0.68875 0.61695
vt 0.66386 0.62410
vt 0.66667 0.60644
vt 0.91255 0.86407
vt 0.91079 0.88301
vt 0.91039 0.86719
vt 0.08047 0.74883
vt 0.08060 0.76554
vt 0.07718 0.75571
vt 0.07718 0.75571
vt 0.07810 0.74946
vt 0.08047 0.74883
vt 0.25914 0.88405
vt 0.26848 0.89597
vt 0.25901 0.89684
vt 0.72772 0.21525
vt 0.74183 0.21331
vt 0.73142 0.21784
vt 0.40734 0.41714
vt 0.39527 0.41760
vt 0.39408 0.41088
vt 0.26776 0.76411
vt 0.28217 0.77810
vt 0.26796 0.77701
vt 0.39072 0.54065
vt 0.38580 0.55040
vt 0.36870 0.52632
vt 0.15962 0.58770
vt 0.16186 0.58441
vt 0.16528 0.59742
vt 0.69612 0.88886
vt 0.69249 0.87097
vt 0.70096 0.87545
vt 0.11520 0.99744
vt 0.11536 0.99280
vt 0.11721 0.99779
vt 0.03547 0.12071
vt 0.03177 0.12187
vt 0.02399 0.12050
vt 0.25993 0.90732
vt 0.25901 0.89684
vt 0.26848 0.89597
vt 0.68875 0.61695
vt 0.68366 0.60642
vt 0.69219 0.60769
vt 0.03177 0.12187
vt 0.02454 0.12500
vt 0.02399 0.12050
vt 0.26697 0.87618
vt 0.25885 0.87331
vt 0.25896 0.86598
vt 0.25922 0.88410
vt 0.26697 0.87618
vt 0.27535 0.89341
vt 0.73142 0.21784
vt 0.74183 0.21331
vt 0.73966 0.21654
vt 0.02836 0.16657
vt 0.04002 0.16657
vt 0.03063 0.17138
vt 0.59587 0.24941
vt 0.57031 0.25005
vt 0.58219 0.24303
vt 0.27535 0.89341
vt 0.26697 0.87618
vt 0.27492 0.88076
vt 0.26848 0.89597
vt 0.25896 0.88429
vt 0.27535 0.89341
vt 0.67692 0.59604
vt 0.66667 0.60644
vt 0.64765 0.61032
vt 0.62797 0.89763
vt 0.62511 0.88965
vt 0.63021 0.88861
vt 0.40734 0.41714
vt 0.39408 0.41088
vt 0.40672 0.41145
vt 0.64784 0.59735
vt 0.64765 0.61032
vt 0.61632 0.59066
vt 0.90979 0.66657
vt 0.91465 0.65173
vt 0.92153 0.65952
vt 0.03177 0.12187
vt 0.03002 0.12529
vt 0.02454 0.12500
vt 0.04281 0.42636
vt 0.03630 0.42430
vt 0.04795 0.42470
vt 0.70096 0.87545
vt 0.69249 0.87097
vt 0.69678 0.86681
vt 0.58562 0.25604
vt 0.56672 0.25098
vt 0.59921 0.25120
vt 0.40734 0.41714
vt 0.42257 0.39570
vt 0.42090 0.40944
vt 0.19386 0.29614
vt 0.20199 0.31490
vt 0.19414 0.31103
vt 0.01706 0.33131
vt 0.02117 0.32810
vt 0.01791 0.33988
vt 0.58562 0.25604
vt 0.59921 0.25120
vt 0.60144 0.26663
vt 0.08426 0.99818
vt 0.09067 0.99818
vt 0.08792 0.99935
vt 0.59293 0.10923
vt 0.58005 0.10371
vt 0.59074 0.10511
vt 0.71570 0.56354
vt 0.74336 0.57011
vt 0.70561 0.57719
vt 0.21754 0.31027
vt 0.19386 0.29614
vt 0.21512 0.28745
vt 0.26848 0.89597
vt 0.26636 0.90636
vt 0.25993 0.90732
vt 0.15718 0.10614
vt 0.14965 0.12577
vt 0.14786 0.12227
vt 0.40734 0.41714
vt 0.40672 0.41145
vt 0.42258 0.39571
vt 0.04270 0.02070
vt 0.05087 0.01648
vt 0.05442 0.02066
vt 0.25896 0.86598
vt 0.26643 0.86649
vt 0.26697 0.87618
vt 0.59587 0.24941
vt 0.58219 0.24303
vt 0.59711 0.22989
vt 0.58005 0.10371
vt 0.58292 0.10074
vt 0.59074 0.10511
vt 0.02117 0.32810
vt 0.02555 0.33753
vt 0.01791 0.33988
vt 0.02784 0.60543
vt 0.03306 0.60022
vt 0.03955 0.60509
vt 0.06784 0.78710
vt 0.07414 0.78659
vt 0.07414 0.80213
vt 0.21512 0.28745
vt 0.23726 0.29334
vt 0.22729 0.29994
vt 0.39408 0.41088
vt 0.39527 0.41760
vt 0.37888 0.40692
vt 0.69219 0.60769
vt 0.68366 0.60642
vt 0.69249 0.59922
vt 0.21512 0.28745
vt 0.22340 0.30981
vt 0.21754 0.31027
vt 0.26643 0.86649
vt 0.25896 0.86598
vt 0.26807 0.85681
vt 0.57837 0.97224
vt 0.55838 0.96622
vt 0.58053 0.96334
vt 0.64784 0.59735
vt 0.67692 0.59604
vt 0.64765 0.61032
vt 0.21512 0.28745
vt 0.22729 0.29994
vt 0.22340 0.30981
vt 0.07179 0.31704
vt 0.06151 0.30529
vt 0.07179 0.30201
vt 0.13979 0.11568
vt 0.14786 0.12227
vt 0.14237 0.12206
vt 0.06906 0.64824
vt 0.06771 0.66088
vt 0.06755 0.64570
vt 0.15335 0.58029
vt 0.16186 0.58441
vt 0.15962 0.58770
vt 0.73312 0.56390
vt 0.74336 0.57011
vt 0.71570 0.56354
vt 0.68366 0.60642
vt 0.66667 0.60644
vt 0.67692 0.59604
vt 0.68366 0.60642
vt 0.67692 0.59604
vt 0.69249 0.59922
vt 0.49329 0.18541
vt 0.50058 0.17902
vt 0.51026 0.17731
vt 0.27943 0.01358
vt 0.26963 0.00729
vt 0.27943 0.00652
vt 0.65954 0.21342
vt 0.64679 0.21691
vt 0.65782 0.20975
vt 0.60144 0.26663
vt 0.56308 0.26482
vt 0.58562 0.25604
vt 0.18214 0.21837
vt 0.16747 0.22365
vt 0.16414 0.21130
vt 0.07414 0.80213
vt 0.06704 0.80257
vt 0.06784 0.78710
vt 0.18214 0.21837
vt 0.16414 0.21130
vt 0.16923 0.20471
vt 0.59711 0.22989
vt 0.58219 0.24303
vt 0.58573 0.22963
vt 0.10647 0.92269
vt 0.10117 0.93187
vt 0.10461 0.91303
vt 0.06151 0.30529
vt 0.07179 0.31704
vt 0.06233 0.31741
vt 0.09374 0.71108
vt 0.08992 0.72530
vt 0.09020 0.70976
vt 0.27943 0.01358
vt 0.26973 0.01380
vt 0.26963 0.00729
vt 0.79024 0.30297
vt 0.81870 0.30250
vt 0.78908 0.30762
vt 0.10827 0.12420
vt 0.11201 0.11339
vt 0.12080 0.11625
vt 0.09374 0.71108
vt 0.09282 0.72332
vt 0.08992 0.72530
vt 0.55822 0.97094
vt 0.55841 0.96616
vt 0.57837 0.97224
vt 0.97391 0.56153
vt 0.97937 0.56204
vt 0.97324 0.57450
vt 0.80599 0.07040
vt 0.81396 0.07109
vt 0.80600 0.07441
vt 0.51279 0.18021
vt 0.49329 0.18541
vt 0.51026 0.17731
vt 0.73966 0.21654
vt 0.74183 0.21331
vt 0.74818 0.22121
vt 0.19386 0.29614
vt 0.21754 0.31027
vt 0.20199 0.31490
vt 0.81396 0.07109
vt 0.81795 0.08322
vt 0.80600 0.07441
vt 0.50917 0.02534
vt 0.51315 0.03760
vt 0.49924 0.02950
vt 0.03193 0.93227
vt 0.03497 0.93496
vt 0.03244 0.94190
vt 0.61632 0.59066
vt 0.63595 0.58194
vt 0.64590 0.58888
vt 0.07077 0.53476
vt 0.07076 0.55101
vt 0.06849 0.55008
vt 0.65782 0.20975
vt 0.64679 0.21691
vt 0.63616 0.21075
vt 0.97324 0.57450
vt 0.97941 0.56206
vt 0.98096 0.57528
vt 0.58219 0.24303
vt 0.55964 0.23261
vt 0.58573 0.22963
vt 0.56214 0.02541
vt 0.57513 0.02541
vt 0.56931 0.02712
vt 0.74662 0.09801
vt 0.72514 0.09801
vt 0.73094 0.09624
vt 0.06921 0.72119
vt 0.06314 0.73637
vt 0.06111 0.72101
vt 0.39180 0.28888
vt 0.36347 0.29171
vt 0.38986 0.28460
vt 0.74183 0.21331
vt 0.75202 0.21991
vt 0.74818 0.22121
vt 0.64590 0.58888
vt 0.64784 0.59735
vt 0.61632 0.59066
vt 0.04229 0.62209
vt 0.05098 0.62203
vt 0.04538 0.62577
vt 0.26807 0.85681
vt 0.25896 0.86598
vt 0.26092 0.85768
vt 0.76425 0.62774
vt 0.74812 0.59865
vt 0.76521 0.62399
vt 0.78908 0.30762
vt 0.81871 0.30254
vt 0.81818 0.30763
vt 0.58219 0.24303
vt 0.57031 0.25005
vt 0.55963 0.23263
vt 0.36347 0.29171
vt 0.36494 0.28614
vt 0.38986 0.28460
vt 0.17566 0.18465
vt 0.19746 0.17805
vt 0.19043 0.19192
vt 0.10461 0.91303
vt 0.10117 0.93187
vt 0.10118 0.91865
vt 0.82323 0.07122
vt 0.81795 0.08322
vt 0.81396 0.07109
vt 0.97295 0.58043
vt 0.97324 0.57450
vt 0.98090 0.58218
vt 0.06952 0.40764
vt 0.07336 0.40306
vt 0.08558 0.40716
vt 0.97324 0.57450
vt 0.98096 0.57528
vt 0.98090 0.58218
vt 0.39196 0.00987
vt 0.38208 0.01329
vt 0.38423 0.00851
vt 0.89909 0.09997
vt 0.91230 0.09984
vt 0.91471 0.10646
vt 0.82323 0.07122
vt 0.82335 0.08316
vt 0.81795 0.08322
vt 0.38032 0.39411
vt 0.39408 0.41088
vt 0.37888 0.40692
vt 0.76521 0.62399
vt 0.74812 0.59865
vt 0.75187 0.59998
vt 0.31070 0.98540
vt 0.30266 0.99042
vt 0.29835 0.98751
vt 0.10329 0.12628
vt 0.10549 0.11761
vt 0.10827 0.12420
vt 0.59293 0.10923
vt 0.58424 0.12226
vt 0.58005 0.10371
vt 0.64679 0.21691
vt 0.62391 0.21164
vt 0.63616 0.21075
vt 0.03497 0.93496
vt 0.03467 0.94483
vt 0.03244 0.94190
vt 0.81818 0.30763
vt 0.81880 0.30254
vt 0.83283 0.30490
vt 0.39195 0.01285
vt 0.38208 0.01329
vt 0.39196 0.00987
vt 0.74336 0.57011
vt 0.74179 0.58117
vt 0.70561 0.57719
vt 0.63293 0.08955
vt 0.63454 0.08385
vt 0.63968 0.08811
vt 0.00900 0.78910
vt 0.00504 0.79629
vt 0.00544 0.78910
vt 0.31070 0.98540
vt 0.29835 0.98751
vt 0.31414 0.97687
vt 0.10329 0.12628
vt 0.09995 0.12418
vt 0.10549 0.11761
vt 0.99265 0.73680
vt 0.99942 0.73083
vt 0.99787 0.73772
vt 0.64721 0.01021
vt 0.65309 0.00239
vt 0.65292 0.00951
vt 0.82752 0.66185
vt 0.83042 0.68591
vt 0.82095 0.66915
vt 0.82752 0.66185
vt 0.82095 0.66915
vt 0.83097 0.65213
vt 0.02953 0.95315
vt 0.02944 0.96509
vt 0.02597 0.96291
vt 0.63049 0.74809
vt 0.62493 0.74574
vt 0.62874 0.72846
vt 0.63968 0.08811
vt 0.63454 0.08385
vt 0.64067 0.08604
vt 0.04538 0.62577
vt 0.05098 0.62202
vt 0.05434 0.62466
vt 0.99316 0.71817
vt 0.99942 0.73083
vt 0.99265 0.73680
vt 0.89909 0.09997
vt 0.91471 0.10646
vt 0.89302 0.10680
vt 0.19746 0.17805
vt 0.17566 0.18465
vt 0.17859 0.17366
vt 0.22340 0.30981
vt 0.22565 0.31179
vt 0.21754 0.31027
vt 0.06149 0.15925
vt 0.06636 0.17425
vt 0.06193 0.17032
vt 0.13979 0.11568
vt 0.15718 0.10614
vt 0.14786 0.12227
vt 0.18214 0.21837
vt 0.16722 0.22867
vt 0.16747 0.22365
vt 0.63293 0.08955
vt 0.63308 0.07646
vt 0.63454 0.08385
vt 0.06906 0.64824
vt 0.06755 0.64570
vt 0.07071 0.64437
vt 0.64596 0.58883
vt 0.64146 0.58038
vt 0.64765 0.58491
vt 0.00504 0.79629
vt 0.00900 0.78910
vt 0.00983 0.79713
vt 0.94551 0.89502
vt 0.94266 0.88716
vt 0.94685 0.88217
vt 0.02953 0.95315
vt 0.02597 0.96291
vt 0.02602 0.95496
vt 0.61971 0.08840
vt 0.63308 0.07646
vt 0.63293 0.08955
vt 0.26575 0.99323
vt 0.27389 0.99323
vt 0.27303 0.99537
vt 0.10549 0.11761
vt 0.11201 0.11339
vt 0.10827 0.12420
vt 0.64721 0.01021
vt 0.65016 0.00168
vt 0.65309 0.00239
vt 0.75187 0.59998
vt 0.74812 0.59865
vt 0.74179 0.58117
vt 0.20199 0.31490
vt 0.21754 0.31027
vt 0.21592 0.31949
vt 0.22565 0.31179
vt 0.22237 0.31243
vt 0.21754 0.31027
vt 0.20197 0.32112
vt 0.20199 0.31490
vt 0.21592 0.31949
vt 0.00993 0.96130
vt 0.01732 0.95593
vt 0.01603 0.96379
vt 0.58376 0.12024
vt 0.56603 0.11098
vt 0.57566 0.10161
vt 0.82095 0.66915
vt 0.81460 0.65187
vt 0.83097 0.65213
vt 0.09282 0.72332
vt 0.09392 0.72780
vt 0.08992 0.72530
vt 0.02766 0.82253
vt 0.03105 0.82538
vt 0.02313 0.82476
vt 0.81752 0.08736
vt 0.81798 0.09492
vt 0.80837 0.09180
vt 0.58424 0.12226
vt 0.57538 0.10045
vt 0.58005 0.10371
vt 0.72000 0.99883
vt 0.71707 0.99935
vt 0.71995 0.99520
vt 0.94253 0.89727
vt 0.94266 0.88716
vt 0.94553 0.89500
vt 0.20008 0.22125
vt 0.18214 0.21837
vt 0.19305 0.21616
vt 0.82240 0.00122
vt 0.82240 0.00572
vt 0.81981 0.00276
vt 0.99888 0.99446
vt 0.99120 0.99446
vt 0.99582 0.99117
vt 0.71995 0.99520
vt 0.71707 0.99935
vt 0.71727 0.99535
vt 0.21754 0.31027
vt 0.22237 0.31243
vt 0.22398 0.31566
vt 0.52505 0.17667
vt 0.51026 0.17731
vt 0.51323 0.17347
vt 0.64146 0.58038
vt 0.64577 0.58893
vt 0.63595 0.58194
vt 0.02766 0.82253
vt 0.02313 0.82476
vt 0.02296 0.81436
vt 0.89884 0.87915
vt 0.89990 0.88241
vt 0.89412 0.87149
vt 0.74336 0.57011
vt 0.76653 0.53926
vt 0.74179 0.58117
vt 0.52505 0.17667
vt 0.51279 0.18021
vt 0.51026 0.17731
vt 0.92476 0.10768
vt 0.94165 0.09981
vt 0.94640 0.10782
vt 0.10549 0.11761
vt 0.09922 0.10910
vt 0.11201 0.11339
vt 0.62817 0.70104
vt 0.62874 0.72846
vt 0.61654 0.72306
vt 0.81752 0.08736
vt 0.80837 0.09180
vt 0.80652 0.08595
vt 0.83495 0.46773
vt 0.84291 0.45269
vt 0.85221 0.45970
vt 0.89412 0.87149
vt 0.89990 0.88241
vt 0.89171 0.88399
vt 0.21592 0.31949
vt 0.21035 0.32146
vt 0.20197 0.32112
vt 0.01820 0.57591
vt 0.02605 0.57801
vt 0.01706 0.57821
vt 0.79401 0.46969
vt 0.78992 0.46386
vt 0.79811 0.45470
vt 0.94106 0.03697
vt 0.93857 0.02913
vt 0.94941 0.03672
vt 0.88310 0.86298
vt 0.89182 0.86678
vt 0.89412 0.87149
vt 0.89171 0.88399
vt 0.89990 0.88241
vt 0.89333 0.88716
vt 0.88310 0.86298
vt 0.89019 0.86235
vt 0.89182 0.86678
vt 0.25365 0.02669
vt 0.25081 0.03008
vt 0.25108 0.01849
vt 0.88310 0.86298
vt 0.89412 0.87149
vt 0.89171 0.88399
vt 0.38271 0.91594
vt 0.38708 0.91989
vt 0.38157 0.92646
vt 0.62874 0.72846
vt 0.62493 0.74574
vt 0.61489 0.75122
vt 0.53017 0.99465
vt 0.53017 0.99990
vt 0.52718 0.99467
vt 0.17859 0.17366
vt 0.20358 0.17353
vt 0.19746 0.17805
vt 0.89171 0.88399
vt 0.89333 0.88716
vt 0.88115 0.88894
vt 0.40610 0.28983
vt 0.39191 0.28887
vt 0.38986 0.28460
vt 0.18214 0.21837
vt 0.20008 0.22125
vt 0.16930 0.23186
vt 0.19746 0.17805
vt 0.20589 0.17781
vt 0.20155 0.18508
vt 0.02766 0.82253
vt 0.02296 0.81436
vt 0.02800 0.81493
vt 0.00365 0.39271
vt 0.00923 0.38866
vt 0.00857 0.39429
vt 0.96133 0.46911
vt 0.96038 0.47270
vt 0.96087 0.45000
vt 0.80942 0.66843
vt 0.82095 0.66915
vt 0.82340 0.68974
vt 0.80837 0.09180
vt 0.80094 0.08771
vt 0.80652 0.08595
vt 0.78544 0.46275
vt 0.79811 0.45470
vt 0.78992 0.46386
vt 0.00862 0.53666
vt 0.00908 0.53132
vt 0.01368 0.53638
vt 0.82095 0.66915
vt 0.80942 0.66843
vt 0.81460 0.65187
vt 0.17859 0.17366
vt 0.17566 0.18465
vt 0.17603 0.17999
vt 0.94253 0.89727
vt 0.94548 0.89496
vt 0.94777 0.90069
vt 0.42090 0.40944
vt 0.42257 0.39570
vt 0.42755 0.39568
vt 0.13979 0.11568
vt 0.13592 0.10642
vt 0.15718 0.10614
vt 0.74179 0.58117
vt 0.74830 0.57529
vt 0.75187 0.59998
vt 0.01368 0.53638
vt 0.00908 0.53132
vt 0.01364 0.52826
vt 0.38708 0.91989
vt 0.38271 0.91594
vt 0.39358 0.91191
vt 0.94253 0.89727
vt 0.94777 0.90069
vt 0.94222 0.90574
vt 0.34132 0.17421
vt 0.33531 0.17274
vt 0.33850 0.16722
vt 0.81832 0.46395
vt 0.84291 0.45269
vt 0.83495 0.46773
vt 0.79811 0.45470
vt 0.81832 0.46395
vt 0.79401 0.46969
vt 0.32559 0.16772
vt 0.33850 0.16722
vt 0.33531 0.17274
vt 0.99367 0.44242
vt 0.99279 0.42332
vt 0.99972 0.42580
vt 0.80256 0.99547
vt 0.80002 0.99108
vt 0.80240 0.98768
vt 0.89333 0.88716
vt 0.87314 0.89384
vt 0.88115 0.88894
vt 0.70789 0.99734
vt 0.70680 0.99501
vt 0.70796 0.99226
vt 0.79811 0.45470
vt 0.78544 0.46275
vt 0.78341 0.45617
vt 0.53017 0.99990
vt 0.52682 0.99862
vt 0.52718 0.99467
vt 0.50950 0.15691
vt 0.52223 0.15290
vt 0.52163 0.15656
vt 0.40147 0.06241
vt 0.40548 0.05553
vt 0.41717 0.05553
vt 0.74830 0.57529
vt 0.74179 0.58117
vt 0.76653 0.53926
vt 0.83133 0.41410
vt 0.85565 0.41077
vt 0.85668 0.43032
vt 0.03033 0.81098
vt 0.02936 0.80734
vt 0.04101 0.80781
vt 0.35592 0.00208
vt 0.36347 0.00208
vt 0.35698 0.00609
vt 0.07279 0.91393
vt 0.06295 0.92295
vt 0.06757 0.91485
vt 0.13713 0.00088
vt 0.13689 0.00355
vt 0.13173 0.00066
vt 0.91543 0.99585
vt 0.91102 0.98978
vt 0.91901 0.99214
vt 0.88115 0.88894
vt 0.87314 0.89384
vt 0.87875 0.88597
vt 0.83133 0.41410
vt 0.84153 0.39572
vt 0.84927 0.39439
vt 0.48600 0.00388
vt 0.48034 0.00487
vt 0.47634 0.00355
vt 0.84153 0.39572
vt 0.83046 0.39517
vt 0.83900 0.39262
vt 0.99978 0.44007
vt 0.99367 0.44242
vt 0.99972 0.42580
vt 0.14246 0.18373
vt 0.17090 0.17449
vt 0.14491 0.19171
vt 0.18214 0.21837
vt 0.16930 0.23186
vt 0.16722 0.22867
vt 0.83046 0.39517
vt 0.84153 0.39572
vt 0.83133 0.41410
vt 0.02700 0.11963
vt 0.02630 0.11482
vt 0.03504 0.11636
vt 0.99279 0.42332
vt 0.99652 0.42276
vt 0.99972 0.42580
vt 0.39358 0.91191
vt 0.40112 0.91288
vt 0.38708 0.91989
vt 0.17260 0.17958
vt 0.14491 0.19171
vt 0.17090 0.17449
vt 0.14491 0.19171
vt 0.17260 0.17958
vt 0.17419 0.18320
vt 0.37225 0.39365
vt 0.38359 0.38289
vt 0.38032 0.39411
vt 0.64948 0.05449
vt 0.64254 0.05935
vt 0.64240 0.04711
vt 0.13689 0.00355
vt 0.12799 0.00380
vt 0.13173 0.00066
vt 0.06285 0.12242
vt 0.05861 0.12691
vt 0.06325 0.11409
vt 0.37225 0.39365
vt 0.38032 0.39411
vt 0.37888 0.40692
vt 0.03555 0.21183
vt 0.03201 0.22080
vt 0.02434 0.21945
vt 0.04025 0.84672
vt 0.02887 0.84258
vt 0.04100 0.84276
vt 0.04067 0.81110
vt 0.03033 0.81098
vt 0.04101 0.80781
vt 0.62874 0.72846
vt 0.61489 0.75122
vt 0.61654 0.72306
vt 0.36347 0.00208
vt 0.36459 0.00684
vt 0.35698 0.00609
vt 0.98170 0.71204
vt 0.98401 0.71593
vt 0.98071 0.71572
vt 0.33531 0.17274
vt 0.31544 0.17219
vt 0.32566 0.16758
vt 0.02817 0.14486
vt 0.02034 0.15048
vt 0.02033 0.14568
vt 0.99770 0.44245
vt 0.99367 0.44242
vt 0.99978 0.44007
vt 0.98732 0.69903
vt 0.98170 0.71204
vt 0.98213 0.69599
vt 0.85565 0.41077
vt 0.83133 0.41410
vt 0.84927 0.39439
vt 0.05865 0.12693
vt 0.05370 0.11513
vt 0.06325 0.11409
vt 0.03504 0.11636
vt 0.03769 0.11975
vt 0.02700 0.11963
vt 0.81832 0.46395
vt 0.84097 0.44389
vt 0.84291 0.45269
vt 0.32560 0.16748
vt 0.31544 0.17219
vt 0.31282 0.16776
vt 0.40112 0.91288
vt 0.40813 0.91649
vt 0.38708 0.91989
vt 0.61551 0.04378
vt 0.62142 0.03882
vt 0.63028 0.04394
vt 0.02434 0.21945
vt 0.02392 0.21181
vt 0.03555 0.21183
vt 0.79865 0.75509
vt 0.79865 0.77497
vt 0.79669 0.75239
vt 0.79670 0.75238
vt 0.79865 0.77497
vt 0.79450 0.77956
vt 0.37641 0.38220
vt 0.38359 0.38289
vt 0.37225 0.39365
vt 0.99966 0.42362
vt 0.99726 0.41849
vt 0.99976 0.40393
vt 0.02992 0.84600
vt 0.02887 0.84258
vt 0.04025 0.84672
vt 0.79050 0.77040
vt 0.79450 0.77956
vt 0.78499 0.80784
vt 0.80141 0.67143
vt 0.79787 0.65453
vt 0.80942 0.66843
vt 0.42755 0.39568
vt 0.42257 0.39573
vt 0.42013 0.38532
vt 0.02033 0.14568
vt 0.02034 0.15048
vt 0.01693 0.14721
vt 0.50950 0.15691
vt 0.49407 0.15396
vt 0.52221 0.15289
vt 0.57118 0.53623
vt 0.55149 0.53796
vt 0.57114 0.52818
vt 0.02602 0.46963
vt 0.02106 0.46907
vt 0.02899 0.46050
vt 0.79674 0.75239
vt 0.79450 0.77956
vt 0.79050 0.77040
vt 0.44689 0.01008
vt 0.44689 0.01866
vt 0.43666 0.01024
vt 0.80623 0.11980
vt 0.78495 0.11288
vt 0.79974 0.10666
vt 0.02658 0.74855
vt 0.02391 0.73855
vt 0.02691 0.73757
vt 0.69449 0.98392
vt 0.70942 0.98792
vt 0.68900 0.98795
vt 0.98213 0.69599
vt 0.98571 0.69587
vt 0.98732 0.69903
vt 0.51968 0.18580
vt 0.51279 0.18021
vt 0.52505 0.17667
vt 0.81832 0.46395
vt 0.79811 0.45470
vt 0.79932 0.44601
vt 0.01789 0.66280
vt 0.02239 0.65248
vt 0.02274 0.66280
vt 0.56725 0.02442
vt 0.55985 0.01950
vt 0.56725 0.01969
vt 0.55564 0.02509
vt 0.55985 0.01950
vt 0.56725 0.02442
vt 0.22289 0.96089
vt 0.22017 0.94064
vt 0.23436 0.94313
vt 0.06295 0.92295
vt 0.07279 0.91393
vt 0.07332 0.92948
vt 0.03504 0.11636
vt 0.03812 0.11262
vt 0.03769 0.11975
vt 0.31282 0.16776
vt 0.31544 0.17219
vt 0.31213 0.17270
vt 0.56896 0.52319
vt 0.57114 0.52818
vt 0.55149 0.53796
vt 0.40147 0.06241
vt 0.41717 0.05553
vt 0.41700 0.06168
vt 0.01789 0.66280
vt 0.01798 0.65236
vt 0.02239 0.65248
vt 0.28971 0.15419
vt 0.26739 0.17041
vt 0.25984 0.15070
vt 0.82419 0.39827
vt 0.83046 0.39517
vt 0.83133 0.41410
vt 0.98170 0.71204
vt 0.98757 0.71264
vt 0.98401 0.71593
vt 0.02691 0.73757
vt 0.03010 0.74815
vt 0.02658 0.74855
vt 0.57114 0.52818
vt 0.58198 0.53533
vt 0.57118 0.53623
vt 0.55149 0.53796
vt 0.54897 0.52650
vt 0.56896 0.52319
vt 0.31019 0.28235
vt 0.30290 0.28158
vt 0.32328 0.26299
vt 0.32328 0.26299
vt 0.32498 0.24986
vt 0.32842 0.26362
vt 0.72790 0.03818
vt 0.72790 0.04862
vt 0.71363 0.03850
vt 0.02107 0.46908
vt 0.02225 0.46270
vt 0.02899 0.46050
vt 0.98170 0.71204
vt 0.98732 0.69903
vt 0.98757 0.71264
vt 0.79932 0.44601
vt 0.79811 0.45470
vt 0.78341 0.45617
vt 0.70942 0.98792
vt 0.69449 0.98392
vt 0.69504 0.98084
vt 0.01239 0.35041
vt 0.01676 0.35244
vt 0.00950 0.35276
vt 0.71363 0.03850
vt 0.72790 0.04862
vt 0.71431 0.04953
vt 0.64254 0.05935
vt 0.64948 0.05449
vt 0.64827 0.05962
vt 0.04981 0.37109
vt 0.04435 0.35931
vt 0.04974 0.35735
vt 0.04512 0.36988
vt 0.04435 0.35931
vt 0.04981 0.37109
vt 0.03981 0.84759
vt 0.04000 0.85932
vt 0.03579 0.85813
vt 0.78341 0.45617
vt 0.78257 0.44913
vt 0.79932 0.44601
vt 0.79050 0.77040
vt 0.78350 0.76824
vt 0.78694 0.74674
vt 0.05543 0.80961
vt 0.04169 0.80930
vt 0.05314 0.80634
vt 0.83535 0.44543
vt 0.84097 0.44389
vt 0.81832 0.46395
vt 0.85087 0.44332
vt 0.85668 0.43032
vt 0.85362 0.44832
vt 0.06567 0.01750
vt 0.06432 0.02164
vt 0.05326 0.01773
vt 0.38708 0.91989
vt 0.40813 0.91649
vt 0.39448 0.93199
vt 0.79673 0.75238
vt 0.79050 0.77040
vt 0.78694 0.74674
vt 0.04307 0.65014
vt 0.03127 0.64630
vt 0.03520 0.64074
vt 0.42529 0.38417
vt 0.42755 0.39568
vt 0.42013 0.38532
vt 0.03981 0.84759
vt 0.03580 0.85813
vt 0.03688 0.84869
vt 0.64948 0.05449
vt 0.64941 0.06240
vt 0.64827 0.05962
vt 0.04900 0.08741
vt 0.05062 0.09145
vt 0.04878 0.10189
vt 0.00269 0.47266
vt 0.00652 0.46988
vt 0.00631 0.47024
vt 0.05314 0.80634
vt 0.04169 0.80930
vt 0.04229 0.80635
vt 0.32842 0.26362
vt 0.31019 0.28235
vt 0.32328 0.26299
vt 0.07290 0.49110
vt 0.08504 0.49899
vt 0.06957 0.49447
vt 0.29802 0.05745
vt 0.29909 0.05207
vt 0.31209 0.05555
vt 0.01615 0.93941
vt 0.01358 0.94247
vt 0.01385 0.93265
vt 0.21554 0.94958
vt 0.22017 0.94064
vt 0.22289 0.96089
vt 0.64936 0.98581
vt 0.66184 0.98581
vt 0.64983 0.99090
vt 0.02636 0.78853
vt 0.03610 0.78973
vt 0.02534 0.79373
vt 0.05062 0.09145
vt 0.05380 0.09671
vt 0.04878 0.10189
vt 0.02977 0.33346
vt 0.03926 0.33322
vt 0.04193 0.33838
vt 0.04193 0.33838
vt 0.03044 0.33843
vt 0.02977 0.33346
vt 0.77329 0.34649
vt 0.75425 0.33965
vt 0.77127 0.34034
vt 0.06131 0.40651
vt 0.04827 0.40664
vt 0.05119 0.40258
vt 0.21151 0.91928
vt 0.21303 0.92471
vt 0.21021 0.92134
vt 0.54884 0.51623
vt 0.54897 0.52650
vt 0.53751 0.52721
vt 0.41321 0.00114
vt 0.41321 0.00530
vt 0.41137 0.00335
vt 0.83535 0.44543
vt 0.81832 0.46395
vt 0.82854 0.44095
vt 0.83133 0.41410
vt 0.85668 0.43032
vt 0.83886 0.44172
vt 0.40813 0.91649
vt 0.41399 0.92078
vt 0.39448 0.93199
vt 0.82854 0.44095
vt 0.83297 0.44049
vt 0.83535 0.44543
vt 0.23505 0.85960
vt 0.23268 0.88092
vt 0.22546 0.87925
vt 0.54884 0.51623
vt 0.53751 0.52721
vt 0.53281 0.52550
vt 0.31209 0.05555
vt 0.29909 0.05207
vt 0.31398 0.05240
vt 0.85087 0.44332
vt 0.84609 0.44423
vt 0.85668 0.43032
vt 0.83886 0.44172
vt 0.85668 0.43032
vt 0.84351 0.44004
vt 0.84351 0.44004
vt 0.85668 0.43032
vt 0.84609 0.44423
vt 0.65411 0.39470
vt 0.62011 0.39470
vt 0.65606 0.36864
vt 0.55799 0.51800
vt 0.56896 0.52319
vt 0.54897 0.52650
vt 0.22017 0.94064
vt 0.21554 0.94958
vt 0.21011 0.93910
vt 0.21264 0.92495
vt 0.21021 0.92134
vt 0.21294 0.92473
vt 0.81832 0.46395
vt 0.79932 0.44601
vt 0.82728 0.43566
vt 0.96926 0.14885
vt 0.97262 0.16795
vt 0.96841 0.17028
vt 0.81832 0.46395
vt 0.82728 0.43566
vt 0.82854 0.44095
vt 0.75425 0.33965
vt 0.73222 0.35884
vt 0.72567 0.34813
vt 0.80141 0.67143
vt 0.80942 0.66843
vt 0.80308 0.69303
vt 0.54103 0.23262
vt 0.54919 0.22966
vt 0.54198 0.23965
vt 0.22546 0.87925
vt 0.24126 0.84060
vt 0.23505 0.85960
vt 0.79928 0.75205
vt 0.79446 0.72601
vt 0.79928 0.70916
vt 0.79870 0.07214
vt 0.79994 0.06808
vt 0.80421 0.06860
vt 0.77282 0.02112
vt 0.76038 0.02112
vt 0.77158 0.01852
vt 0.79870 0.07214
vt 0.80421 0.06860
vt 0.80148 0.07689
vt 0.75425 0.33965
vt 0.77328 0.34650
vt 0.73222 0.35884
vt 0.08010 0.37427
vt 0.08454 0.37469
vt 0.08454 0.39134
vt 0.80319 0.03237
vt 0.80362 0.03727
vt 0.79055 0.03081
vt 0.04883 0.30849
vt 0.03797 0.31244
vt 0.03640 0.30847
vt 0.79053 0.03856
vt 0.79055 0.03081
vt 0.80362 0.03727
vt 0.08454 0.39134
vt 0.07949 0.38915
vt 0.08010 0.37427
vt 0.14985 0.00121
vt 0.15280 0.00543
vt 0.14632 0.00465
vt 0.37791 0.36960
vt 0.37527 0.37305
vt 0.35762 0.36481
vt 0.43285 0.91625
vt 0.45276 0.91461
vt 0.45491 0.92120
vt 0.21554 0.94958
vt 0.22289 0.96089
vt 0.21586 0.95957
vt 0.15962 0.06787
vt 0.15569 0.06317
vt 0.17073 0.06348
vt 0.78425 0.98815
vt 0.78202 0.99500
vt 0.78166 0.98883
vt 0.20617 0.91749
vt 0.21021 0.92134
vt 0.21264 0.92495
vt 0.21264 0.92495
vt 0.22017 0.94064
vt 0.21011 0.93910
vt 0.06169 0.09000
vt 0.06682 0.09137
vt 0.06152 0.09703
vt 0.22423 0.86193
vt 0.23116 0.83415
vt 0.22546 0.87925
vt 0.75025 0.15201
vt 0.74644 0.14802
vt 0.74742 0.14379
vt 0.91961 0.28431
vt 0.91592 0.28334
vt 0.91834 0.26963
vt 0.09585 0.99518
vt 0.10137 0.99509
vt 0.09776 0.99849
vt 0.09133 0.51939
vt 0.09504 0.52144
vt 0.09504 0.53809
vt 0.06482 0.08558
vt 0.06682 0.09137
vt 0.06169 0.09000
vt 0.01419 0.09016
vt 0.00802 0.09005
vt 0.00761 0.08526
vt 0.17073 0.06348
vt 0.17236 0.06814
vt 0.15962 0.06787
vt 0.73237 0.36451
vt 0.72567 0.34813
vt 0.73222 0.35884
vt 0.24851 0.84024
vt 0.24126 0.84060
vt 0.24597 0.83680
vt 0.74742 0.14379
vt 0.75135 0.14755
vt 0.75025 0.15201
vt 0.79446 0.72601
vt 0.79673 0.75240
vt 0.78734 0.71594
vt 0.24597 0.83680
vt 0.24126 0.84060
vt 0.23116 0.83415
vt 0.24126 0.84060
vt 0.22546 0.87925
vt 0.23116 0.83415
vt 0.43285 0.91625
vt 0.42817 0.92748
vt 0.41399 0.92078
vt 0.41399 0.92078
vt 0.42817 0.92748
vt 0.39448 0.93199
vt 0.72777 0.36410
vt 0.72567 0.34813
vt 0.73237 0.36451
vt 0.54103 0.23262
vt 0.54198 0.23965
vt 0.53692 0.23814
vt 0.52936 0.51870
vt 0.54884 0.51623
vt 0.53281 0.52550
vt 0.54884 0.51623
vt 0.55799 0.51800
vt 0.54897 0.52650
vt 0.54917 0.26208
vt 0.54931 0.26688
vt 0.54725 0.26353
vt 0.09504 0.53809
vt 0.09029 0.53545
vt 0.09133 0.51939
vt 0.79639 0.06513
vt 0.80421 0.06860
vt 0.79994 0.06808
vt 0.21586 0.95957
vt 0.21061 0.95465
vt 0.21554 0.94958
vt 0.54725 0.26353
vt 0.54241 0.26179
vt 0.54917 0.26208
vt 0.61144 0.17606
vt 0.61422 0.18272
vt 0.60857 0.18221
vt 0.61422 0.18272
vt 0.61144 0.17606
vt 0.63249 0.18063
vt 0.62170 0.97306
vt 0.60330 0.97306
vt 0.62136 0.96450
vt 0.06482 0.08558
vt 0.06169 0.09000
vt 0.06554 0.08136
vt 0.21061 0.95465
vt 0.21586 0.95957
vt 0.21132 0.96259
vt 0.63970 0.18152
vt 0.63249 0.18063
vt 0.63617 0.17556
vt 0.63469 0.36446
vt 0.65606 0.36864
vt 0.60394 0.36633
vt 0.75025 0.15201
vt 0.75135 0.14755
vt 0.76320 0.15019
vt 0.78734 0.71594
vt 0.79672 0.75240
vt 0.78694 0.74674
vt 0.60330 0.97306
vt 0.59782 0.96535
vt 0.62136 0.96450
vt 0.21011 0.93910
vt 0.20846 0.93770
vt 0.21264 0.92495
vt 0.63249 0.18063
vt 0.61144 0.17606
vt 0.63617 0.17556
vt 0.21554 0.94958
vt 0.21061 0.95465
vt 0.20686 0.95204
vt 0.42817 0.92748
vt 0.43285 0.91625
vt 0.44626 0.92707
vt 0.52605 0.98434
vt 0.52605 0.99039
vt 0.51062 0.98671
vt 0.79928 0.70916
vt 0.79446 0.72601
vt 0.78734 0.71594
vt 0.44626 0.92707
vt 0.43285 0.91625
vt 0.45491 0.92120
vt 0.21554 0.94958
vt 0.20686 0.95204
vt 0.21011 0.93910
vt 0.54198 0.23965
vt 0.54917 0.26208
vt 0.54241 0.26179
vt 0.10137 0.99509
vt 0.10127 0.99946
vt 0.09776 0.99849
vt 0.36665 0.92523
vt 0.36819 0.92853
vt 0.35331 0.92811
vt 0.54884 0.51623
vt 0.52936 0.51870
vt 0.54507 0.51408
vt 0.54198 0.23965
vt 0.54241 0.26179
vt 0.53692 0.23814
vt 0.20846 0.93770
vt 0.20617 0.91749
vt 0.21264 0.92495
vt 0.65606 0.36864
vt 0.62011 0.39470
vt 0.60394 0.36633
vt 0.06984 0.55155
vt 0.07120 0.56710
vt 0.06854 0.56788
vt 0.75025 0.15201
vt 0.76320 0.15019
vt 0.75828 0.15203
vt 0.99801 0.62409
vt 0.99801 0.64360
vt 0.99456 0.62399
vt 0.02028 0.37285
vt 0.01897 0.37701
vt 0.01093 0.37701
vt 0.01145 0.37274
vt 0.02028 0.37285
vt 0.01093 0.37701
vt 0.00065 0.29567
vt 0.00629 0.29416
vt 0.00360 0.29781
vt 0.51939 0.10647
vt 0.51939 0.08877
vt 0.52273 0.09097
vt 0.76320 0.15019
vt 0.77190 0.15354
vt 0.75828 0.15203
vt 0.78096 0.99177
vt 0.77344 0.98817
vt 0.78080 0.98812
vt 0.20863 0.99316
vt 0.20939 0.99602
vt 0.20642 0.99397
vt 0.99456 0.62399
vt 0.99801 0.64360
vt 0.99468 0.63975
vt 0.79928 0.70916
vt 0.78734 0.71594
vt 0.79265 0.70769
vt 0.60394 0.36633
vt 0.62011 0.39470
vt 0.60261 0.39011
vt 0.58681 0.03405
vt 0.59862 0.03088
vt 0.60050 0.03453
vt 0.09486 0.46038
vt 0.09165 0.47857
vt 0.09035 0.45998
vt 0.37699 0.92938
vt 0.37567 0.93376
vt 0.36819 0.92853
vt 0.87021 0.90953
vt 0.87754 0.91105
vt 0.87033 0.93085
vt 0.07173 0.71041
vt 0.06839 0.70999
vt 0.07155 0.69819
vt 0.15266 0.13742
vt 0.15266 0.12698
vt 0.17646 0.13764
vt 0.87033 0.93085
vt 0.87754 0.91105
vt 0.87695 0.92782
vt 0.00544 0.11153
vt 0.00834 0.11443
vt 0.00207 0.11420
vt 0.09165 0.47857
vt 0.09486 0.46038
vt 0.09498 0.47614
vt 0.30136 0.02795
vt 0.31460 0.03155
vt 0.30187 0.03086
vt 0.00629 0.29416
vt 0.00065 0.29567
vt 0.00324 0.29188
vt 0.15266 0.12698
vt 0.17738 0.12788
vt 0.17646 0.13764
vt 0.06839 0.70999
vt 0.06751 0.69395
vt 0.07155 0.69819
vt 0.54674 0.00685
vt 0.54519 0.00207
vt 0.54847 0.00286
vt 0.87695 0.92782
vt 0.88752 0.93507
vt 0.87033 0.93085
vt 0.00901 0.05671
vt 0.01077 0.05943
vt 0.00802 0.05975
vt 0.31351 0.02791
vt 0.31460 0.03155
vt 0.30136 0.02795
vt 0.20642 0.99397
vt 0.20207 0.99575
vt 0.20141 0.99308
vt 0.00674 0.20424
vt 0.00674 0.21052
vt 0.00267 0.20632
vt 0.35308 0.93532
vt 0.36819 0.92853
vt 0.36912 0.94025
vt 0.20642 0.99397
vt 0.20939 0.99602
vt 0.20207 0.99575
vt 0.26008 0.37821
vt 0.26879 0.37683
vt 0.27455 0.39085
vt 0.01577 0.05894
vt 0.01077 0.05943
vt 0.00901 0.05671
vt 0.87754 0.91105
vt 0.87021 0.90953
vt 0.88797 0.90388
vt 0.41805 0.99472
vt 0.41805 0.99884
vt 0.41595 0.99707
vt 0.36912 0.94025
vt 0.36819 0.92853
vt 0.37567 0.93376
vt 0.87754 0.91105
vt 0.88797 0.90388
vt 0.88748 0.90745
vt 0.95782 0.07341
vt 0.97460 0.07341
vt 0.95763 0.07761
vt 0.88752 0.93507
vt 0.87695 0.92782
vt 0.88715 0.93106
vt 0.27988 0.39027
vt 0.27309 0.39569
vt 0.27455 0.39085
vt 0.00571 0.61584
vt 0.00172 0.61584
vt 0.00343 0.61360
vt 0.46152 0.02545
vt 0.47097 0.02144
vt 0.47210 0.02563
vt 0.97460 0.07341
vt 0.97498 0.07773
vt 0.95763 0.07761
vt 0.37567 0.93376
vt 0.39173 0.93327
vt 0.37735 0.94345
vt 0.04669 0.01233
vt 0.05644 0.01568
vt 0.04669 0.01551
vt 0.39173 0.93327
vt 0.39739 0.93758
vt 0.37735 0.94345
vt 0.45828 0.17387
vt 0.45549 0.17730
vt 0.45469 0.17355
vt 0.04669 0.01233
vt 0.05737 0.01158
vt 0.05644 0.01568
vt 0.37735 0.94345
vt 0.36912 0.94025
vt 0.37567 0.93376
vt 0.26008 0.37821
vt 0.27455 0.39085
vt 0.27309 0.39569
vt 0.47097 0.02144
vt 0.46152 0.02545
vt 0.46051 0.02175
vt 0.53883 0.82619
vt 0.55736 0.82017
vt 0.53675 0.82797
vt 0.55719 0.82012
vt 0.56008 0.81965
vt 0.53675 0.82797
vt 0.43077 0.17390
vt 0.43121 0.17704
vt 0.42675 0.17355
vt 0.37639 0.05205
vt 0.36252 0.05449
vt 0.36048 0.05209
vt 0.94030 0.19247
vt 0.93086 0.17269
vt 0.94030 0.17512
vt 0.45828 0.17387
vt 0.45563 0.18072
vt 0.45549 0.17730
vt 0.42675 0.17355
vt 0.43121 0.17704
vt 0.42910 0.17898
vt 0.93086 0.17269
vt 0.94030 0.19247
vt 0.93086 0.19698
vt 0.45563 0.18072
vt 0.42910 0.17898
vt 0.43121 0.17704
vt 0.32303 0.71640
vt 0.32115 0.71309
vt 0.32391 0.69743
vt 0.31920 0.69915
vt 0.32115 0.71309
vt 0.31275 0.70267
vt 0.45549 0.17730
vt 0.45563 0.18072
vt 0.43121 0.17704
vt 0.64121 0.52684
vt 0.62848 0.51256
vt 0.63427 0.51275
vt 0.42910 0.17898
vt 0.45563 0.18072
vt 0.43351 0.18125
vt 0.07668 0.22175
vt 0.07198 0.22922
vt 0.07317 0.21640
vt 0.56008 0.81965
vt 0.55749 0.81786
vt 0.57270 0.81292
vt 0.63427 0.51275
vt 0.65152 0.53231
vt 0.64133 0.52742
vt 0.71085 0.54595
vt 0.71294 0.55993
vt 0.66157 0.55606
vt 0.71054 0.54285
vt 0.66157 0.55606
vt 0.68086 0.54567
vt 0.57270 0.81292
vt 0.59135 0.80911
vt 0.56008 0.81965
vt 0.64000 0.52670
vt 0.65152 0.53231
vt 0.64867 0.54394
vt 0.32115 0.71309
vt 0.31361 0.73381
vt 0.31275 0.70267
vt 0.64867 0.54394
vt 0.65152 0.53231
vt 0.65696 0.55891
vt 0.71054 0.54285
vt 0.71085 0.54595
vt 0.66157 0.55606
vt 0.80121 0.08056
vt 0.80148 0.07689
vt 0.80421 0.06860
vt 0.79670 0.15132
vt 0.79670 0.15132
vt 0.79670 0.15132
vt 0.79670 0.15132
vt 0.79670 0.15132
vt 0.79670 0.15132
vt 0.79670 0.15132
vt 0.79670 0.15132
vt 0.79670 0.15132
vt 0.79670 0.15132
vt 0.79670 0.15132
vt 0.79670 0.15132
vt 0.79670 0.15132
vt 0.79670 0.15132
vt 0.79670 0.15132
vt 0.79670 0.15132
vt 0.79670 0.15132
vt 0.79670 0.15132
vt 0.79670 0.15132
vt 0.79670 0.15132
vt 0.79670 0.15132
vt 0.79670 0.15132
vt 0.79670 0.15132
vt 0.79670 0.15132
vt 0.79670 0.15132
vt 0.79670 0.15132
vt 0.79670 0.15132
vt 0.79670 0.15132
vt 0.79670 0.15132
vt 0.79670 0.15132
vt 0.79670 0.15132
vt 0.79670 0.15132
vt 0.79670 0.15132
vt 0.79670 0.15132
vt 0.79670 0.15132
vt 0.79670 0.15132
vt 0.79670 0.15132
vt 0.79670 0.15132
vt 0.79670 0.15132
vt 0.79670 0.15132
vt 0.79670 0.15132
vt 0.79670 0.15132
vt 0.79670 0.15132
vt 0.79670 0.15132
vt 0.79670 0.15132
vt 0.79670 0.15132
vt 0.79670 0.15132
vt 0.79670 0.15132
vt 0.79670 0.15132
vt 0.79670 0.15132
vt 0.79670 0.15132
vt 0.79670 0.15132
vt 0.79670 0.15132
vt 0.79670 0.15132
vt 0.79670 0.15132
vt 0.79670 0.15132
vt 0.79670 0.15132
vt 0.79670 0.15132
vt 0.79670 0.15132
vt 0.39072 0.54065
vt 0.39072 0.54065
vt 0.39072 0.54065
vt 0.39072 0.54065
vt 0.39072 0.54065
vt 0.39072 0.54065
vt 0.39072 0.54065
vt 0.39072 0.54065
vt 0.39072 0.54065
vt 0.39072 0.54065
vt 0.39072 0.54065
vt 0.39072 0.54065
vt 0.39072 0.54065
vt 0.39072 0.54065
vt 0.39072 0.54065
vt 0.39072 0.54065
vt 0.39072 0.54065
vt 0.39072 0.54065
vt 0.39072 0.54065
vt 0.39072 0.54065
vt 0.39072 0.54065
vt 0.39072 0.54065
vt 0.39072 0.54065
vt 0.39072 0.54065
vt 0.39072 0.54065
vt 0.39072 0.54065
vt 0.39072 0.54065
vt 0.39072 0.54065
vt 0.39072 0.54065
vt 0.39072 0.54065
vt 0.39072 0.54065
vt 0.39072 0.54065
vt 0.39072 0.54065
vt 0.39072 0.54065
vt 0.39072 0.54065
vt 0.39072 0.54065
vt 0.39072 0.54065
vt 0.39072 0.54065
vt 0.39072 0.54065
vt 0.39072 0.54065
vt 0.39072 0.54065
vt 0.39072 0.54065
vt 0.39072 0.54065
vn 0.3933 0.3406 0.8540
vn -0.0526 0.1612 0.9855
vn -0.2892 0.8443 0.4512
vn -0.2892 0.8443 0.4512
vn -0.0526 0.1612 0.9855
vn -0.9322 -0.0566 0.3574
vn -0.0526 0.1612 0.9855
vn -0.8343 -0.1938 0.5161
vn -0.9322 -0.0566 0.3574
vn -0.4043 -0.5145 0.7562
vn -0.2892 0.8443 0.4512
vn -0.9093 -0.0648 0.4111
vn -0.9322 -0.0566 0.3574
vn -0.8223 0.0202 0.5687
vn -0.6387 -0.2770 0.7178
vn -0.9322 -0.0566 0.3574
vn -0.9093 -0.0648 0.4111
vn -0.2892 0.8443 0.4512
vn -0.7590 -0.5946 0.2651
vn -0.8435 -0.3456 0.4112
vn -0.3566 0.3586 0.8627
vn -0.7279 -0.0554 0.6835
vn 0.4220 -0.0815 0.9029
vn -0.5448 0.0766 0.8350
vn -0.9093 -0.0648 0.4111
vn -0.9322 -0.0566 0.3574
vn -0.6387 -0.2770 0.7178
vn -0.6387 -0.2770 0.7178
vn -0.8435 -0.3456 0.4112
vn -0.7590 -0.5946 0.2651
vn -0.8343 -0.1938 0.5161
vn -0.5448 0.0766 0.8350
vn -0.9322 -0.0566 0.3574
vn -0.8223 0.0202 0.5687
vn -0.9322 -0.0566 0.3574
vn -0.5448 0.0766 0.8350
vn 0.7709 -0.4606 -0.4399
vn 0.5045 -0.3942 -0.7682
vn 0.8740 -0.2851 -0.3936
vn -0.6387 -0.2770 0.7178
vn 0.3038 0.3067 0.9020
vn -0.8435 -0.3456 0.4112
vn -0.3566 0.3586 0.8627
vn -0.8435 -0.3456 0.4112
vn 0.3038 0.3067 0.9020
vn 0.8740 -0.2851 -0.3936
vn 0.4569 -0.8624 -0.2178
vn 0.7709 -0.4606 -0.4399
vn 0.1715 -0.3650 0.9151
vn -0.3566 0.3586 0.8627
vn 0.7518 0.2269 0.6192
vn -0.6387 -0.2770 0.7178
vn -0.7590 -0.5946 0.2651
vn -0.9093 -0.0648 0.4111
vn 0.4220 -0.0815 0.9029
vn 0.7740 0.2200 0.5937
vn 0.5170 -0.3531 0.7798
vn -0.8223 0.0202 0.5687
vn 0.4220 -0.0815 0.9029
vn 0.2372 -0.1880 0.9531
vn 0.5343 -0.8447 0.0308
vn 0.4569 -0.8624 -0.2178
vn 0.8885 -0.4555 0.0563
vn 0.7591 -0.4897 0.4288
vn 0.5343 -0.8447 0.0308
vn 0.9520 -0.2364 0.1944
vn -0.8223 0.0202 0.5687
vn -0.5448 0.0766 0.8350
vn 0.4220 -0.0815 0.9029
vn -0.8223 0.0202 0.5687
vn 0.2372 -0.1880 0.9531
vn -0.6387 -0.2770 0.7178
vn 0.5170 -0.3531 0.7798
vn 0.6522 -0.4741 0.5915
vn 0.4220 -0.0815 0.9029
vn -0.6387 -0.2770 0.7178
vn 0.2372 -0.1880 0.9531
vn 0.3038 0.3067 0.9020
vn 0.7591 -0.4897 0.4288
vn 0.4330 -0.8771 0.2076
vn 0.5343 -0.8447 0.0308
vn 0.7518 0.2269 0.6192
vn -0.3566 0.3586 0.8627
vn 0.0780 0.6040 0.7932
vn 0.7518 0.2269 0.6192
vn 0.4492 0.3617 0.8169
vn 0.4671 0.1511 0.8712
vn 0.4569 -0.8624 -0.2178
vn 0.5343 -0.8447 0.0308
vn 0.3780 -0.9257 -0.0123
vn 0.4505 -0.4226 0.7864
vn 0.4371 0.0087 0.8994
vn 0.3246 -0.0737 0.9430
vn 0.7518 0.2269 0.6192
vn 0.0780 0.6040 0.7932
vn 0.4492 0.3617 0.8169
vn 0.5343 -0.8447 0.0308
vn 0.4118 -0.8758 0.2517
vn 0.3780 -0.9257 -0.0123
vn 0.5343 -0.8447 0.0308
vn 0.4330 -0.8771 0.2076
vn 0.4118 -0.8758 0.2517
vn -0.6240 0.0422 0.7803
vn 0.6522 -0.4741 0.5915
vn 0.5170 -0.3531 0.7798
vn 0.2365 0.6361 0.7345
vn 0.0780 0.6040 0.7932
vn -0.3566 0.3586 0.8627
vn 0.4505 -0.4226 0.7864
vn 0.7591 -0.4897 0.4288
vn 0.4371 0.0087 0.8994
vn 0.4571 -0.0861 0.8852
vn 0.3246 -0.0737 0.9430
vn 0.4371 0.0087 0.8994
vn 0.4220 -0.0815 0.9029
vn 0.2597 -0.0524 0.9643
vn 0.2372 -0.1880 0.9531
vn 0.5170 -0.3531 0.7798
vn -0.6385 -0.2489 0.7282
vn -0.6240 0.0422 0.7803
vn 0.2597 -0.0524 0.9643
vn 0.4220 -0.0815 0.9029
vn 0.6522 -0.4741 0.5915
vn 0.4569 -0.8624 -0.2178
vn 0.3780 -0.9257 -0.0123
vn 0.3579 -0.8656 -0.3501
vn 0.3142 -0.8040 -0.5049
vn 0.7709 -0.4606 -0.4399
vn 0.4569 -0.8624 -0.2178
vn 0.2365 0.6361 0.7345
vn -0.3566 0.3586 0.8627
vn 0.3038 0.3067 0.9020
vn 0.2736 -0.8375 0.4730
vn 0.4330 -0.8771 0.2076
vn 0.7591 -0.4897 0.4288
vn 0.3142 -0.8040 -0.5049
vn 0.4569 -0.8624 -0.2178
vn 0.3579 -0.8656 -0.3501
vn 0.2372 -0.1880 0.9531
vn 0.2365 0.6361 0.7345
vn 0.3038 0.3067 0.9020
vn 0.2365 0.6361 0.7345
vn 0.2372 -0.1880 0.9531
vn 0.2597 -0.0524 0.9643
vn 0.3344 -0.0351 -0.9418
vn 0.0382 0.2098 -0.9770
vn 0.7470 -0.0709 -0.6611
vn 0.2365 0.6361 0.7345
vn -0.0607 0.1758 0.9826
vn 0.0780 0.6040 0.7932
vn 0.4557 -0.8329 0.3139
vn 0.4933 -0.8697 0.0138
vn 0.3780 -0.9257 -0.0123
vn 0.6522 -0.4741 0.5915
vn -0.6240 0.0422 0.7803
vn 0.2597 -0.0524 0.9643
vn 0.5170 -0.3531 0.7798
vn -0.5317 0.3681 0.7628
vn -0.6385 -0.2489 0.7282
vn 0.4194 0.0603 0.9058
vn 0.4492 0.3617 0.8169
vn 0.2845 -0.0655 0.9564
vn 0.3142 -0.8040 -0.5049
vn 0.5045 -0.3942 -0.7682
vn 0.7709 -0.4606 -0.4399
vn -0.0607 0.1758 0.9826
vn 0.4492 0.3617 0.8169
vn 0.0780 0.6040 0.7932
vn 0.4557 -0.8329 0.3139
vn 0.3780 -0.9257 -0.0123
vn 0.4118 -0.8758 0.2517
vn 0.4451 0.5756 -0.6860
vn 0.0382 0.2098 -0.9770
vn -0.1002 0.8002 -0.5913
vn 0.4505 -0.4226 0.7864
vn 0.2736 -0.8375 0.4730
vn 0.7591 -0.4897 0.4288
vn 0.3246 -0.0737 0.9430
vn 0.4571 -0.0861 0.8852
vn 0.0134 -0.0311 0.9994
vn 0.4330 -0.8771 0.2076
vn 0.2736 -0.8375 0.4730
vn 0.4118 -0.8758 0.2517
vn 0.4615 -0.8365 -0.2953
vn 0.3579 -0.8656 -0.3501
vn 0.3780 -0.9257 -0.0123
vn 0.2736 -0.8375 0.4730
vn 0.1623 -0.9014 0.4013
vn 0.4118 -0.8758 0.2517
vn -0.5317 0.3681 0.7628
vn -0.8138 -0.0097 0.5811
vn -0.6385 -0.2489 0.7282
vn 0.4492 0.3617 0.8169
vn -0.0607 0.1758 0.9826
vn 0.2845 -0.0655 0.9564
vn 0.4194 0.0603 0.9058
vn 0.2845 -0.0655 0.9564
vn 0.4571 -0.0861 0.8852
vn -0.6240 0.0422 0.7803
vn -0.4393 0.0767 0.8951
vn 0.2597 -0.0524 0.9643
vn 0.3780 -0.9257 -0.0123
vn 0.4933 -0.8697 0.0138
vn 0.4615 -0.8365 -0.2953
vn -0.3396 0.1839 0.9224
vn -0.2468 -0.0442 0.9681
vn -0.8138 -0.0097 0.5811
vn -0.6240 0.0422 0.7803
vn -0.6385 -0.2489 0.7282
vn -0.8138 -0.0097 0.5811
vn 0.2597 -0.0524 0.9643
vn -0.4393 0.0767 0.8951
vn 0.2365 0.6361 0.7345
vn 0.1760 -0.2208 -0.9593
vn 0.4460 -0.1184 -0.8872
vn 0.5045 -0.3942 -0.7682
vn 0.4557 -0.8329 0.3139
vn 0.4565 -0.8190 0.3476
vn 0.4933 -0.8697 0.0138
vn 0.3142 -0.8040 -0.5049
vn 0.1760 -0.2208 -0.9593
vn 0.5045 -0.3942 -0.7682
vn 0.3344 -0.0351 -0.9418
vn 0.4460 -0.1184 -0.8872
vn 0.1760 -0.2208 -0.9593
vn 0.4933 -0.8697 0.0138
vn 0.4565 -0.8190 0.3476
vn 0.5229 -0.8502 0.0603
vn 0.4933 -0.8697 0.0138
vn 0.4125 -0.8782 -0.2420
vn 0.4615 -0.8365 -0.2953
vn -0.8138 -0.0097 0.5811
vn 0.0547 0.0901 0.9944
vn -0.6240 0.0422 0.7803
vn 0.5229 -0.8502 0.0603
vn 0.4125 -0.8782 -0.2420
vn 0.4933 -0.8697 0.0138
vn -0.6240 0.0422 0.7803
vn -0.3179 -0.0101 0.9481
vn -0.4393 0.0767 0.8951
vn 0.4118 -0.8758 0.2517
vn 0.1623 -0.9014 0.4013
vn 0.2643 -0.7513 0.6048
vn 0.2736 -0.8375 0.4730
vn 0.0053 -0.7977 0.6030
vn 0.1623 -0.9014 0.4013
vn -0.8138 -0.0097 0.5811
vn -0.2468 -0.0442 0.9681
vn 0.0547 0.0901 0.9944
vn -0.0607 0.1758 0.9826
vn 0.2365 0.6361 0.7345
vn 0.1242 0.5614 0.8182
vn 0.4571 -0.0861 0.8852
vn 0.2845 -0.0655 0.9564
vn 0.0134 -0.0311 0.9994
vn 0.0547 0.0901 0.9944
vn -0.3179 -0.0101 0.9481
vn -0.6240 0.0422 0.7803
vn 0.1242 0.5614 0.8182
vn 0.2365 0.6361 0.7345
vn -0.4393 0.0767 0.8951
vn 0.1623 -0.9014 0.4013
vn 0.0053 -0.7977 0.6030
vn 0.4726 -0.7419 0.4757
vn 0.4118 -0.8758 0.2517
vn 0.2643 -0.7513 0.6048
vn 0.4557 -0.8329 0.3139
vn -0.3179 -0.0101 0.9481
vn 0.1242 0.5614 0.8182
vn -0.4393 0.0767 0.8951
vn 0.7309 -0.5406 0.4165
vn 0.5229 -0.8502 0.0603
vn 0.4565 -0.8190 0.3476
vn 0.3142 -0.8040 -0.5049
vn 0.3579 -0.8656 -0.3501
vn 0.3686 -0.7677 -0.5241
vn 0.4505 -0.4226 0.7864
vn 0.0053 -0.7977 0.6030
vn 0.2736 -0.8375 0.4730
vn -0.2468 -0.0442 0.9681
vn 0.2447 -0.3029 0.9211
vn 0.0547 0.0901 0.9944
vn 0.0547 0.0901 0.9944
vn 0.2447 -0.3029 0.9211
vn -0.3179 -0.0101 0.9481
vn 0.3579 -0.8656 -0.3501
vn 0.3406 -0.6367 -0.6918
vn 0.3686 -0.7677 -0.5241
vn 0.3252 -0.7855 -0.5265
vn 0.4615 -0.8365 -0.2953
vn 0.4125 -0.8782 -0.2420
vn 0.0382 0.2098 -0.9770
vn 0.3344 -0.0351 -0.9418
vn -0.6488 0.0895 -0.7557
vn 0.0134 -0.0311 0.9994
vn 0.0940 -0.2752 0.9568
vn 0.4505 -0.4226 0.7864
vn 0.1760 -0.2208 -0.9593
vn -0.6488 0.0895 -0.7557
vn 0.3344 -0.0351 -0.9418
vn -0.1002 0.8002 -0.5913
vn -0.0599 0.5865 -0.8077
vn -0.4069 0.7505 -0.5207
vn 0.9406 0.2774 -0.1957
vn 0.9026 0.3466 0.2554
vn 0.8662 -0.4406 0.2358
vn 0.3579 -0.8656 -0.3501
vn 0.4615 -0.8365 -0.2953
vn 0.3406 -0.6367 -0.6918
vn -0.2905 0.8945 0.3398
vn -0.6669 0.4476 0.5957
vn -0.8865 0.2764 0.3712
vn 0.4505 -0.4226 0.7864
vn 0.3246 -0.0737 0.9430
vn 0.0134 -0.0311 0.9994
vn -0.2468 -0.0442 0.9681
vn -0.5911 0.6056 0.5327
vn -0.6137 0.2234 0.7573
vn -0.6137 0.2234 0.7573
vn -0.5911 0.6056 0.5327
vn -0.8865 0.2764 0.3712
vn -0.8865 0.2764 0.3712
vn -0.6942 0.4731 0.5425
vn -0.6137 0.2234 0.7573
vn 0.5229 -0.8502 0.0603
vn 0.7532 -0.4453 -0.4842
vn 0.4125 -0.8782 -0.2420
vn 0.4557 -0.8329 0.3139
vn 0.2643 -0.7513 0.6048
vn 0.4565 -0.8190 0.3476
vn 0.9026 0.3466 0.2554
vn 0.9406 0.2774 -0.1957
vn 0.8636 0.4214 -0.2768
vn 0.1760 -0.2208 -0.9593
vn 0.3142 -0.8040 -0.5049
vn 0.0672 -0.6782 -0.7318
vn 0.8662 -0.4406 0.2358
vn 0.9489 -0.2443 -0.1997
vn 0.9406 0.2774 -0.1957
vn 0.3252 -0.7855 -0.5265
vn 0.3406 -0.6367 -0.6918
vn 0.4615 -0.8365 -0.2953
vn 0.3142 -0.8040 -0.5049
vn 0.3686 -0.7677 -0.5241
vn 0.0672 -0.6782 -0.7318
vn 0.2447 -0.3029 0.9211
vn -0.2837 0.0469 0.9578
vn -0.3179 -0.0101 0.9481
vn -0.0599 0.5865 -0.8077
vn 0.1951 -0.0865 -0.9770
vn -0.3101 -0.1548 -0.9380
vn 0.3252 -0.7855 -0.5265
vn 0.4125 -0.8782 -0.2420
vn 0.7532 -0.4453 -0.4842
vn 0.4505 -0.4226 0.7864
vn 0.0940 -0.2752 0.9568
vn 0.0053 -0.7977 0.6030
vn 0.1951 -0.0865 -0.9770
vn -0.2774 -0.1304 -0.9519
vn -0.3101 -0.1548 -0.9380
vn 0.7309 -0.5406 0.4165
vn 0.4565 -0.8190 0.3476
vn 0.2567 -0.8185 0.5140
vn 0.5229 -0.8502 0.0603
vn 0.7309 -0.5406 0.4165
vn 0.8636 0.4214 -0.2768
vn 0.4565 -0.8190 0.3476
vn 0.2643 -0.7513 0.6048
vn 0.2567 -0.8185 0.5140
vn -0.2837 0.0469 0.9578
vn 0.1242 0.5614 0.8182
vn -0.3179 -0.0101 0.9481
vn 0.9406 0.2774 -0.1957
vn 0.9489 -0.2443 -0.1997
vn 0.8345 -0.1552 -0.5287
vn 0.8636 0.4214 -0.2768
vn 0.7309 -0.5406 0.4165
vn 0.8952 0.3949 0.2063
vn 0.7532 -0.4453 -0.4842
vn 0.5229 -0.8502 0.0603
vn 0.8636 0.4214 -0.2768
vn -0.6651 -0.0463 0.7453
vn 0.0134 -0.0311 0.9994
vn 0.2845 -0.0655 0.9564
vn 0.0053 -0.7977 0.6030
vn 0.1051 -0.5149 0.8508
vn 0.4726 -0.7419 0.4757
vn 0.9026 0.3466 0.2554
vn 0.8636 0.4214 -0.2768
vn 0.8952 0.3949 0.2063
vn -0.5324 0.0542 0.8448
vn 0.2845 -0.0655 0.9564
vn -0.0607 0.1758 0.9826
vn -0.1002 0.8002 -0.5913
vn -0.6329 0.5735 -0.5202
vn -0.0599 0.5865 -0.8077
vn 0.1951 -0.0865 -0.9770
vn -0.2215 0.4112 -0.8842
vn -0.2774 -0.1304 -0.9519
vn 0.0624 0.2320 0.9707
vn 0.1242 0.5614 0.8182
vn -0.2837 0.0469 0.9578
vn 0.0672 -0.6782 -0.7318
vn 0.3686 -0.7677 -0.5241
vn 0.0001 -0.3908 -0.9205
vn 0.8028 -0.1844 0.5670
vn 0.8662 -0.4406 0.2358
vn 0.9026 0.3466 0.2554
vn 0.9026 0.3466 0.2554
vn 0.3188 0.6303 0.7079
vn 0.6835 0.4241 0.5941
vn -0.1002 0.8002 -0.5913
vn -0.6267 0.5248 -0.5760
vn -0.6329 0.5735 -0.5202
vn 0.1951 -0.0865 -0.9770
vn -0.0599 0.5865 -0.8077
vn -0.2643 0.7467 -0.6104
vn 0.8028 -0.1844 0.5670
vn 0.9026 0.3466 0.2554
vn 0.6835 0.4241 0.5941
vn 0.1951 -0.0865 -0.9770
vn -0.2643 0.7467 -0.6104
vn -0.2215 0.4112 -0.8842
vn -0.6137 0.2234 0.7573
vn -0.2837 0.0469 0.9578
vn -0.2468 -0.0442 0.9681
vn 0.1760 -0.2208 -0.9593
vn 0.0001 -0.3908 -0.9205
vn -0.6488 0.0895 -0.7557
vn -0.4730 0.1955 -0.8591
vn -0.1002 0.8002 -0.5913
vn 0.0382 0.2098 -0.9770
vn 0.7532 -0.4453 -0.4842
vn 0.4746 -0.6327 -0.6119
vn 0.3252 -0.7855 -0.5265
vn -0.7662 0.1732 -0.6188
vn 0.2490 -0.3264 -0.9119
vn -0.2774 -0.1304 -0.9519
vn 0.9026 0.3466 0.2554
vn 0.8952 0.3949 0.2063
vn 0.3188 0.6303 0.7079
vn 0.1242 0.5614 0.8182
vn 0.0624 0.2320 0.9707
vn -0.1797 0.6706 0.7197
vn 0.2567 -0.8185 0.5140
vn 0.3237 -0.7307 0.6011
vn 0.7309 -0.5406 0.4165
vn 0.9406 0.2774 -0.1957
vn 0.8345 -0.1552 -0.5287
vn 0.7470 0.3821 -0.5441
vn -0.2837 0.0469 0.9578
vn 0.2447 -0.3029 0.9211
vn -0.2468 -0.0442 0.9681
vn -0.0599 0.5865 -0.8077
vn -0.6329 0.5735 -0.5202
vn -0.2643 0.7467 -0.6104
vn -0.1797 0.6706 0.7197
vn -0.0607 0.1758 0.9826
vn 0.1242 0.5614 0.8182
vn -0.6942 0.4731 0.5425
vn -0.8865 0.2764 0.3712
vn -0.6588 0.6321 0.4079
vn 0.0382 0.2098 -0.9770
vn -0.6488 0.0895 -0.7557
vn -0.5823 0.1525 -0.7985
vn 0.8636 0.4214 -0.2768
vn 0.9406 0.2774 -0.1957
vn 0.7470 0.3821 -0.5441
vn 0.0053 -0.7977 0.6030
vn 0.0940 -0.2752 0.9568
vn 0.1051 -0.5149 0.8508
vn 0.0382 0.2098 -0.9770
vn -0.5215 -0.1424 -0.8413
vn -0.4730 0.1955 -0.8591
vn 0.3237 -0.7307 0.6011
vn 0.2567 -0.8185 0.5140
vn 0.2899 -0.8272 0.4813
vn 0.7309 -0.5406 0.4165
vn 0.3188 0.6303 0.7079
vn 0.8952 0.3949 0.2063
vn -0.5324 0.0542 0.8448
vn -0.6651 -0.0463 0.7453
vn 0.2845 -0.0655 0.9564
vn 0.0382 0.2098 -0.9770
vn -0.5823 0.1525 -0.7985
vn -0.5215 -0.1424 -0.8413
vn 0.4726 -0.7419 0.4757
vn 0.2643 -0.7513 0.6048
vn 0.1623 -0.9014 0.4013
vn -0.4076 -0.2064 -0.8895
vn -0.2774 -0.1304 -0.9519
vn -0.2215 0.4112 -0.8842
vn -0.4125 0.6305 -0.6575
vn -0.7993 0.2977 -0.5220
vn -0.6470 0.6136 -0.4526
vn 0.5574 -0.4419 -0.7029
vn 0.3406 -0.6367 -0.6918
vn 0.3252 -0.7855 -0.5265
vn 0.0672 -0.6782 -0.7318
vn 0.0001 -0.3908 -0.9205
vn 0.1760 -0.2208 -0.9593
vn 0.0940 -0.2752 0.9568
vn 0.0134 -0.0311 0.9994
vn -0.6651 -0.0463 0.7453
vn 0.0940 -0.2752 0.9568
vn -0.6651 -0.0463 0.7453
vn 0.1051 -0.5149 0.8508
vn 0.7309 -0.5406 0.4165
vn 0.3237 -0.7307 0.6011
vn 0.2899 -0.8272 0.4813
vn 0.5574 -0.4419 -0.7029
vn 0.4746 -0.6327 -0.6119
vn 0.4151 -0.6657 -0.6200
vn -0.5823 0.1525 -0.7985
vn -0.6488 0.0895 -0.7557
vn -0.5179 -0.1207 -0.8469
vn 0.6835 0.4241 0.5941
vn 0.5573 -0.4542 0.6950
vn 0.8028 -0.1844 0.5670
vn -0.3926 0.0993 0.9144
vn -0.5072 0.6442 0.5724
vn -0.6669 0.4476 0.5957
vn -0.6588 0.6321 0.4079
vn -0.7517 0.2800 0.5971
vn -0.6942 0.4731 0.5425
vn -0.3926 0.0993 0.9144
vn -0.6669 0.4476 0.5957
vn -0.2905 0.8945 0.3398
vn 0.7470 0.3821 -0.5441
vn 0.8345 -0.1552 -0.5287
vn 0.6867 -0.1475 -0.7119
vn 0.4746 -0.6327 -0.6119
vn 0.7532 -0.4453 -0.4842
vn 0.4151 -0.6657 -0.6200
vn 0.2643 -0.7513 0.6048
vn 0.4726 -0.7419 0.4757
vn 0.6522 -0.5280 0.5439
vn -0.6669 0.4476 0.5957
vn -0.6588 0.6321 0.4079
vn -0.8865 0.2764 0.3712
vn 0.5574 -0.4419 -0.7029
vn 0.3252 -0.7855 -0.5265
vn 0.4746 -0.6327 -0.6119
vn -0.5119 -0.1321 0.8488
vn -0.1103 0.1039 0.9885
vn -0.5324 0.0542 0.8448
vn -0.6709 0.1299 -0.7301
vn -0.4076 -0.2064 -0.8895
vn -0.2215 0.4112 -0.8842
vn -0.6669 0.4476 0.5957
vn -0.5072 0.6442 0.5724
vn -0.6588 0.6321 0.4079
vn -0.0002 -0.8087 0.5882
vn 0.3188 0.6303 0.7079
vn 0.7309 -0.5406 0.4165
vn -0.1797 0.6706 0.7197
vn 0.0624 0.2320 0.9707
vn -0.8480 0.5238 0.0812
vn -0.2643 0.7467 -0.6104
vn -0.6329 0.5735 -0.5202
vn -0.2215 0.4112 -0.8842
vn -0.0002 -0.8087 0.5882
vn 0.7309 -0.5406 0.4165
vn 0.2899 -0.8272 0.4813
vn 0.2567 -0.8185 0.5140
vn 0.2643 -0.7513 0.6048
vn 0.3546 -0.6195 0.7004
vn -0.1002 0.8002 -0.5913
vn -0.4730 0.1955 -0.8591
vn -0.6267 0.5248 -0.5760
vn -0.6329 0.5735 -0.5202
vn -0.6709 0.1299 -0.7301
vn -0.2215 0.4112 -0.8842
vn 0.5574 -0.4419 -0.7029
vn 0.3686 -0.7677 -0.5241
vn 0.3406 -0.6367 -0.6918
vn -0.5823 0.1525 -0.7985
vn -0.5179 -0.1207 -0.8469
vn -0.5215 -0.1424 -0.8413
vn -0.0607 0.1758 0.9826
vn -0.7512 0.2505 0.6106
vn -0.5201 -0.2200 0.8253
vn -0.7517 0.2800 0.5971
vn -0.6137 0.2234 0.7573
vn -0.6942 0.4731 0.5425
vn -0.5179 -0.1207 -0.8469
vn -0.6488 0.0895 -0.7557
vn -0.5187 0.2414 -0.8202
vn -0.8480 0.5238 0.0812
vn 0.0624 0.2320 0.9707
vn -0.7396 0.1631 0.6530
vn 0.8345 -0.1552 -0.5287
vn 0.6228 -0.3214 -0.7133
vn 0.6867 -0.1475 -0.7119
vn -0.1797 0.6706 0.7197
vn -0.8480 0.5238 0.0812
vn -0.0607 0.1758 0.9826
vn -0.7512 0.2505 0.6106
vn -0.0607 0.1758 0.9826
vn -0.8480 0.5238 0.0812
vn -0.6470 0.6136 -0.4526
vn -0.6913 0.4308 -0.5800
vn -0.7662 0.1732 -0.6188
vn -0.1103 0.1039 0.9885
vn -0.5119 -0.1321 0.8488
vn 0.1544 -0.0297 0.9876
vn 0.2643 -0.7513 0.6048
vn 0.6522 -0.5280 0.5439
vn 0.3546 -0.6195 0.7004
vn -0.5201 -0.2200 0.8253
vn -0.5324 0.0542 0.8448
vn -0.0607 0.1758 0.9826
vn -0.5324 0.0542 0.8448
vn -0.5201 -0.2200 0.8253
vn -0.5119 -0.1321 0.8488
vn 0.2899 -0.8272 0.4813
vn 0.2567 -0.8185 0.5140
vn 0.3546 -0.6195 0.7004
vn -0.5179 -0.1207 -0.8469
vn -0.5187 0.2414 -0.8202
vn 0.1569 0.3607 -0.9194
vn -0.5324 0.0542 0.8448
vn -0.1103 0.1039 0.9885
vn -0.6651 -0.0463 0.7453
vn 0.8345 -0.1552 -0.5287
vn 0.9489 -0.2443 -0.1997
vn 0.6228 -0.3214 -0.7133
vn -0.5119 -0.1321 0.8488
vn 0.2331 0.3706 0.8990
vn 0.1544 -0.0297 0.9876
vn -0.4125 0.6305 -0.6575
vn -0.5304 0.1580 -0.8329
vn 0.1010 0.5808 -0.8078
vn 0.4151 -0.6657 -0.6200
vn 0.7532 -0.4453 -0.4842
vn 0.3081 -0.7818 -0.5421
vn -0.6267 0.5248 -0.5760
vn -0.6709 0.1299 -0.7301
vn -0.6329 0.5735 -0.5202
vn -0.7068 0.6179 0.3445
vn -0.8480 0.5238 0.0812
vn -0.2804 0.5814 0.7638
vn 0.0001 -0.3908 -0.9205
vn 0.3686 -0.7677 -0.5241
vn 0.5574 -0.4419 -0.7029
vn -0.8480 0.5238 0.0812
vn -0.7396 0.1631 0.6530
vn -0.2804 0.5814 0.7638
vn -0.0415 0.4876 -0.8721
vn -0.5179 -0.1207 -0.8469
vn 0.1569 0.3607 -0.9194
vn 0.3081 -0.7818 -0.5421
vn 0.7532 -0.4453 -0.4842
vn 0.8636 0.4214 -0.2768
vn -0.6267 0.5248 -0.5760
vn -0.3033 0.6843 -0.6631
vn -0.6709 0.1299 -0.7301
vn 0.3624 0.6194 -0.6964
vn 0.8636 0.4214 -0.2768
vn 0.7470 0.3821 -0.5441
vn 0.1569 0.3607 -0.9194
vn -0.5187 0.2414 -0.8202
vn 0.1265 -0.0907 -0.9878
vn 0.6522 -0.5280 0.5439
vn 0.4726 -0.7419 0.4757
vn 0.1051 -0.5149 0.8508
vn -0.3033 0.6843 -0.6631
vn 0.0118 -0.0218 -0.9997
vn -0.6709 0.1299 -0.7301
vn -0.6137 0.2234 0.7573
vn -0.7517 0.2800 0.5971
vn -0.2837 0.0469 0.9578
vn -0.6488 0.0895 -0.7557
vn -0.2256 -0.0953 -0.9696
vn -0.5187 0.2414 -0.8202
vn -0.5179 -0.1207 -0.8469
vn 0.2318 0.5714 -0.7873
vn -0.5215 -0.1424 -0.8413
vn -0.6651 -0.0463 0.7453
vn -0.1103 0.1039 0.9885
vn 0.1051 -0.5149 0.8508
vn 0.2318 0.5714 -0.7873
vn -0.5179 -0.1207 -0.8469
vn -0.0415 0.4876 -0.8721
vn 0.0001 -0.3908 -0.9205
vn -0.2256 -0.0953 -0.9696
vn -0.6488 0.0895 -0.7557
vn -0.7396 0.1631 0.6530
vn 0.1874 0.0773 0.9792
vn -0.2804 0.5814 0.7638
vn 0.6522 -0.5280 0.5439
vn 0.2899 -0.8272 0.4813
vn 0.3546 -0.6195 0.7004
vn 0.6522 -0.5280 0.5439
vn 0.1051 -0.5149 0.8508
vn 0.3621 -0.7329 0.5760
vn -0.3033 0.6843 -0.6631
vn 0.4865 0.6984 -0.5249
vn 0.0118 -0.0218 -0.9997
vn 0.3361 -0.7930 -0.5082
vn 0.5574 -0.4419 -0.7029
vn 0.4151 -0.6657 -0.6200
vn -0.5119 -0.1321 0.8488
vn 0.1274 0.5256 0.8411
vn 0.2331 0.3706 0.8990
vn 0.6867 -0.1475 -0.7119
vn 0.6228 -0.3214 -0.7133
vn 0.5019 -0.1065 -0.8583
vn 0.6867 -0.1475 -0.7119
vn 0.5019 -0.1065 -0.8583
vn 0.7470 0.3821 -0.5441
vn -0.3033 0.6843 -0.6631
vn -0.6267 0.5248 -0.5760
vn -0.6146 0.7421 -0.2674
vn 0.7952 -0.1506 0.5874
vn 0.6835 0.4241 0.5941
vn 0.3936 0.0386 0.9185
vn -0.2804 0.5814 0.7638
vn 0.1874 0.0773 0.9792
vn 0.3648 0.4344 0.8235
vn -0.5119 -0.1321 0.8488
vn -0.5201 -0.2200 0.8253
vn 0.1582 0.5228 0.8376
vn 0.0001 -0.3908 -0.9205
vn 0.5574 -0.4419 -0.7029
vn 0.3361 -0.7930 -0.5082
vn 0.3081 -0.7818 -0.5421
vn 0.8636 0.4214 -0.2768
vn 0.3624 0.6194 -0.6964
vn -0.5304 0.1580 -0.8329
vn -0.4125 0.6305 -0.6575
vn -0.8020 -0.5284 -0.2786
vn -0.5215 -0.1424 -0.8413
vn 0.2318 0.5714 -0.7873
vn -0.4730 0.1955 -0.8591
vn -0.7512 0.2505 0.6106
vn -0.8480 0.5238 0.0812
vn -0.7068 0.6179 0.3445
vn -0.4076 -0.2064 -0.8895
vn -0.7662 0.1732 -0.6188
vn -0.2774 -0.1304 -0.9519
vn -0.3926 0.0993 0.9144
vn -0.9180 0.0076 0.3966
vn -0.5072 0.6442 0.5724
vn -0.7396 0.1631 0.6530
vn -0.4205 0.1704 0.8912
vn 0.1874 0.0773 0.9792
vn -0.4125 0.6305 -0.6575
vn -0.6470 0.6136 -0.4526
vn -0.9159 0.1321 -0.3790
vn -0.5201 -0.2200 0.8253
vn -0.0233 0.4325 0.9013
vn 0.1582 0.5228 0.8376
vn 0.2899 -0.8272 0.4813
vn 0.6522 -0.5280 0.5439
vn 0.3621 -0.7329 0.5760
vn 0.2743 0.1366 0.9519
vn 0.3648 0.4344 0.8235
vn 0.1874 0.0773 0.9792
vn -0.3033 0.6843 -0.6631
vn -0.6146 0.7421 -0.2674
vn 0.4865 0.6984 -0.5249
vn 0.0624 0.2320 0.9707
vn -0.4205 0.1704 0.8912
vn -0.7396 0.1631 0.6530
vn -0.7068 0.6179 0.3445
vn -0.2804 0.5814 0.7638
vn 0.3648 0.4344 0.8235
vn 0.0118 -0.0218 -0.9997
vn -0.4076 -0.2064 -0.8895
vn -0.6709 0.1299 -0.7301
vn -0.5119 -0.1321 0.8488
vn 0.1582 0.5228 0.8376
vn 0.1274 0.5256 0.8411
vn 0.1265 -0.0907 -0.9878
vn -0.5187 0.2414 -0.8202
vn -0.2256 -0.0953 -0.9696
vn -0.6267 0.5248 -0.5760
vn -0.4730 0.1955 -0.8591
vn 0.0814 0.6193 -0.7809
vn 0.2318 0.5714 -0.7873
vn -0.0958 0.3282 -0.9397
vn -0.4730 0.1955 -0.8591
vn -0.6146 0.7421 -0.2674
vn -0.6267 0.5248 -0.5760
vn 0.0814 0.6193 -0.7809
vn 0.3081 -0.7818 -0.5421
vn 0.3624 0.6194 -0.6964
vn 0.4151 -0.6657 -0.6200
vn -0.7517 0.2800 0.5971
vn -0.4205 0.1704 0.8912
vn 0.0624 0.2320 0.9707
vn 0.5019 -0.1065 -0.8583
vn 0.2499 0.5929 -0.7655
vn 0.7470 0.3821 -0.5441
vn -0.5072 0.6442 0.5724
vn -0.9180 0.0076 0.3966
vn -0.6588 0.6321 0.4079
vn -0.6217 0.5235 -0.5826
vn 0.4865 0.6984 -0.5249
vn -0.6146 0.7421 -0.2674
vn -0.7068 0.6179 0.3445
vn 0.3648 0.4344 0.8235
vn 0.0120 0.5605 0.8281
vn -0.7517 0.2800 0.5971
vn 0.0624 0.2320 0.9707
vn -0.2837 0.0469 0.9578
vn 0.2318 0.5714 -0.7873
vn -0.0415 0.4876 -0.8721
vn -0.0958 0.3282 -0.9397
vn 0.0120 0.5605 0.8281
vn 0.3648 0.4344 0.8235
vn 0.2743 0.1366 0.9519
vn -0.6075 0.6560 0.4479
vn -0.3926 0.0993 0.9144
vn 0.3916 0.4881 0.7800
vn 0.1582 0.5228 0.8376
vn 0.5134 0.5547 0.6547
vn 0.1274 0.5256 0.8411
vn 0.1582 0.5228 0.8376
vn -0.0233 0.4325 0.9013
vn 0.5134 0.5547 0.6547
vn -0.0958 0.3282 -0.9397
vn -0.0415 0.4876 -0.8721
vn 0.3629 0.6124 -0.7023
vn -0.4730 0.1955 -0.8591
vn -0.0958 0.3282 -0.9397
vn 0.0814 0.6193 -0.7809
vn -0.6678 -0.5642 0.4855
vn 0.2899 -0.8272 0.4813
vn 0.3621 -0.7329 0.5760
vn -0.0233 0.4325 0.9013
vn -0.5201 -0.2200 0.8253
vn -0.7512 0.2505 0.6106
vn -0.6217 0.5235 -0.5826
vn -0.6146 0.7421 -0.2674
vn -0.3083 0.7139 -0.6287
vn -0.9159 0.1321 -0.3790
vn -0.6470 0.6136 -0.4526
vn -0.9175 -0.1131 -0.3813
vn 0.0001 -0.3908 -0.9205
vn -0.4114 -0.6357 -0.6532
vn -0.2256 -0.0953 -0.9696
vn -0.6678 -0.5642 0.4855
vn -0.0002 -0.8087 0.5882
vn 0.2899 -0.8272 0.4813
vn 0.0001 -0.3908 -0.9205
vn 0.3361 -0.7930 -0.5082
vn -0.4114 -0.6357 -0.6532
vn 0.0118 -0.0218 -0.9997
vn -0.8105 0.2140 -0.5453
vn -0.4076 -0.2064 -0.8895
vn 0.7952 -0.1506 0.5874
vn 0.3936 0.0386 0.9185
vn 0.2219 0.0280 0.9747
vn -0.7068 0.6179 0.3445
vn 0.0120 0.5605 0.8281
vn -0.7512 0.2505 0.6106
vn 0.1051 -0.5149 0.8508
vn -0.1183 -0.2040 0.9718
vn 0.3621 -0.7329 0.5760
vn -0.9175 -0.1131 -0.3813
vn -0.6470 0.6136 -0.4526
vn -0.8397 0.4220 -0.3420
vn 0.0814 0.6193 -0.7809
vn -0.3083 0.7139 -0.6287
vn -0.6146 0.7421 -0.2674
vn -0.9455 -0.0113 -0.3253
vn -0.9159 0.1321 -0.3790
vn -0.9175 -0.1131 -0.3813
vn 0.2331 0.3706 0.8990
vn 0.1274 0.5256 0.8411
vn -0.3927 0.1077 0.9133
vn -0.6075 0.6560 0.4479
vn 0.4437 0.5719 0.6899
vn -0.5910 0.6801 -0.4338
vn -0.7517 0.2800 0.5971
vn -0.9180 0.0076 0.3966
vn -0.9175 -0.1131 -0.3813
vn -0.8397 0.4220 -0.3420
vn -0.6470 0.6136 -0.4526
vn -0.7662 0.1732 -0.6188
vn -0.7517 0.2800 0.5971
vn -0.6588 0.6321 0.4079
vn -0.9180 0.0076 0.3966
vn 0.4865 0.6984 -0.5249
vn -0.6217 0.5235 -0.5826
vn 0.0118 -0.0218 -0.9997
vn -0.7517 0.2800 0.5971
vn -0.9175 -0.1131 -0.3813
vn -0.8397 0.4220 -0.3420
vn 0.0118 -0.0218 -0.9997
vn -0.2000 0.4572 -0.8666
vn -0.8105 0.2140 -0.5453
vn 0.3936 0.0386 0.9185
vn 0.6835 0.4241 0.5941
vn 0.2617 0.6022 0.7542
vn -0.9175 -0.1131 -0.3813
vn -0.9180 0.0076 0.3966
vn -0.8300 -0.5508 -0.0877
vn -0.8020 -0.5284 -0.2786
vn -0.5910 0.6801 -0.4338
vn -0.5304 0.1580 -0.8329
vn -0.8397 0.4220 -0.3420
vn -0.7662 0.1732 -0.6188
vn -0.9448 -0.0515 -0.3236
vn 0.1051 -0.5149 0.8508
vn -0.1103 0.1039 0.9885
vn 0.1544 -0.0297 0.9876
vn -0.3926 0.0993 0.9144
vn -0.6075 0.6560 0.4479
vn -0.7865 -0.4913 0.3743
vn -0.5304 0.1580 -0.8329
vn -0.5910 0.6801 -0.4338
vn 0.2748 0.5819 -0.7654
vn -0.6217 0.5235 -0.5826
vn -0.3083 0.7139 -0.6287
vn -0.6393 0.4653 -0.6122
vn -0.3202 0.5671 0.7588
vn 0.5134 0.5547 0.6547
vn -0.0233 0.4325 0.9013
vn -0.6421 0.7063 0.2979
vn -0.7517 0.2800 0.5971
vn -0.8397 0.4220 -0.3420
vn 0.3367 -0.0707 -0.9389
vn 0.5019 -0.1065 -0.8583
vn 0.3881 -0.2756 -0.8794
vn 0.0120 0.5605 0.8281
vn -0.0233 0.4325 0.9013
vn -0.7512 0.2505 0.6106
vn 0.5134 0.5547 0.6547
vn -0.3927 0.1077 0.9133
vn 0.1274 0.5256 0.8411
vn -0.8300 -0.5508 -0.0877
vn -0.8020 -0.5284 -0.2786
vn -0.9455 -0.0113 -0.3253
vn 0.5019 -0.1065 -0.8583
vn 0.3367 -0.0707 -0.9389
vn 0.2499 0.5929 -0.7655
vn -0.8020 -0.5284 -0.2786
vn -0.4125 0.6305 -0.6575
vn -0.9159 0.1321 -0.3790
vn 0.0120 0.5605 0.8281
vn 0.2743 0.1366 0.9519
vn -0.1973 0.6991 0.6873
vn 0.6835 0.4241 0.5941
vn 0.3188 0.6303 0.7079
vn 0.2617 0.6022 0.7542
vn -0.4076 -0.2064 -0.8895
vn -0.8105 0.2140 -0.5453
vn -0.7662 0.1732 -0.6188
vn -0.2256 -0.0953 -0.9696
vn -0.2256 -0.0170 -0.9741
vn 0.1265 -0.0907 -0.9878
vn -0.9455 -0.0113 -0.3253
vn -0.8020 -0.5284 -0.2786
vn -0.9159 0.1321 -0.3790
vn -0.2000 0.4572 -0.8666
vn 0.0118 -0.0218 -0.9997
vn -0.6217 0.5235 -0.5826
vn 0.0120 0.5605 0.8281
vn -0.1973 0.6991 0.6873
vn -0.0233 0.4325 0.9013
vn -0.4205 0.1704 0.8912
vn -0.2396 0.3797 0.8935
vn 0.1874 0.0773 0.9792
vn 0.1544 -0.0297 0.9876
vn -0.1183 -0.2040 0.9718
vn 0.1051 -0.5149 0.8508
vn -0.3927 0.1077 0.9133
vn 0.1544 -0.0297 0.9876
vn 0.2331 0.3706 0.8990
vn 0.2743 0.1366 0.9519
vn 0.1874 0.0773 0.9792
vn -0.2396 0.3797 0.8935
vn -0.6421 0.7063 0.2979
vn -0.8397 0.4220 -0.3420
vn -0.6793 0.6620 -0.3167
vn -0.6393 0.4653 -0.6122
vn -0.3083 0.7139 -0.6287
vn -0.1814 0.7195 -0.6704
vn -0.7662 0.1732 -0.6188
vn -0.8105 0.2140 -0.5453
vn -0.9448 -0.0515 -0.3236
vn -0.9455 -0.0113 -0.3253
vn -0.9175 -0.1131 -0.3813
vn -0.8300 -0.5508 -0.0877
vn -0.3927 0.1077 0.9133
vn 0.5134 0.5547 0.6547
vn -0.3202 0.5671 0.7588
vn -0.9180 0.0076 0.3966
vn -0.7865 -0.4913 0.3743
vn -0.8300 -0.5508 -0.0877
vn -0.9659 -0.0704 0.2493
vn -0.7517 0.2800 0.5971
vn -0.6421 0.7063 0.2979
vn 0.4151 -0.6657 -0.6200
vn 0.3624 0.6194 -0.6964
vn 0.5562 0.4132 -0.7211
vn -0.2256 -0.0170 -0.9741
vn -0.2256 -0.0953 -0.9696
vn -0.4114 -0.6357 -0.6532
vn -0.8164 0.1673 -0.5527
vn 0.1265 -0.0907 -0.9878
vn -0.2256 -0.0170 -0.9741
vn -0.2777 0.4888 -0.8270
vn -0.8397 0.4220 -0.3420
vn -0.9448 -0.0515 -0.3236
vn -0.3083 0.7139 -0.6287
vn 0.0814 0.6193 -0.7809
vn -0.1814 0.7195 -0.6704
vn 0.4151 -0.6657 -0.6200
vn -0.4114 -0.6357 -0.6532
vn 0.3361 -0.7930 -0.5082
vn -0.0958 0.3282 -0.9397
vn 0.3629 0.6124 -0.7023
vn 0.0814 0.6193 -0.7809
vn -0.0233 0.4325 0.9013
vn -0.1973 0.6991 0.6873
vn -0.3202 0.5671 0.7588
vn -0.9448 -0.0515 -0.3236
vn -0.8105 0.2140 -0.5453
vn -0.8604 -0.4834 -0.1612
vn -0.8164 0.1673 -0.5527
vn -0.0415 0.4876 -0.8721
vn 0.1569 0.3607 -0.9194
vn -0.8105 0.2140 -0.5453
vn -0.9937 0.0582 -0.0957
vn -0.8604 -0.4834 -0.1612
vn -0.0415 0.4876 -0.8721
vn -0.4628 0.5489 -0.6961
vn 0.3629 0.6124 -0.7023
vn -0.6716 0.6827 0.2877
vn -0.6421 0.7063 0.2979
vn -0.6793 0.6620 -0.3167
vn -0.5910 0.6801 -0.4338
vn -0.8020 -0.5284 -0.2786
vn -0.6075 0.6560 0.4479
vn -0.3926 0.0993 0.9144
vn -0.7865 -0.4913 0.3743
vn -0.9180 0.0076 0.3966
vn -0.4628 0.5489 -0.6961
vn -0.0415 0.4876 -0.8721
vn -0.8164 0.1673 -0.5527
vn 0.3188 0.6303 0.7079
vn -0.0002 -0.8087 0.5882
vn -0.6873 -0.2757 0.6720
vn -0.8397 0.4220 -0.3420
vn -0.2777 0.4888 -0.8270
vn -0.6793 0.6620 -0.3167
vn -0.6217 0.5235 -0.5826
vn -0.6393 0.4653 -0.6122
vn -0.2000 0.4572 -0.8666
vn -0.8300 -0.5508 -0.0877
vn -0.6075 0.6560 0.4479
vn -0.8020 -0.5284 -0.2786
vn -0.6075 0.6560 0.4479
vn -0.8300 -0.5508 -0.0877
vn -0.7865 -0.4913 0.3743
vn 0.2499 0.5929 -0.7655
vn 0.5562 0.4132 -0.7211
vn 0.3624 0.6194 -0.6964
vn -0.1183 -0.2040 0.9718
vn -0.6678 -0.5642 0.4855
vn 0.3621 -0.7329 0.5760
vn 0.3629 0.6124 -0.7023
vn -0.4628 0.5489 -0.6961
vn 0.0814 0.6193 -0.7809
vn -0.1973 0.6991 0.6873
vn 0.2743 0.1366 0.9519
vn -0.3202 0.5671 0.7588
vn 0.2499 0.5929 -0.7655
vn 0.3624 0.6194 -0.6964
vn 0.7470 0.3821 -0.5441
vn -0.4512 0.6118 -0.6497
vn -0.6393 0.4653 -0.6122
vn -0.1814 0.7195 -0.6704
vn -0.2864 0.5876 0.7568
vn -0.9659 -0.0704 0.2493
vn -0.6421 0.7063 0.2979
vn -0.3816 -0.5091 -0.7715
vn -0.2777 0.4888 -0.8270
vn -0.9448 -0.0515 -0.3236
vn 0.3936 0.0386 0.9185
vn 0.2617 0.6022 0.7542
vn 0.2219 0.0280 0.9747
vn 0.0814 0.6193 -0.7809
vn -0.4628 0.5489 -0.6961
vn -0.1814 0.7195 -0.6704
vn -0.8604 -0.4834 -0.1612
vn -0.3816 -0.5091 -0.7715
vn -0.9448 -0.0515 -0.3236
vn -0.2396 0.3797 0.8935
vn -0.5837 -0.0402 0.8110
vn 0.2743 0.1366 0.9519
vn -0.6393 0.4653 -0.6122
vn -0.4512 0.6118 -0.6497
vn -0.2356 -0.1639 -0.9579
vn -0.2864 0.5876 0.7568
vn -0.6421 0.7063 0.2979
vn -0.6716 0.6827 0.2877
vn -0.7985 -0.5450 0.2556
vn -0.8604 -0.4834 -0.1612
vn -0.9659 -0.0704 0.2493
vn 0.1265 -0.0907 -0.9878
vn -0.8164 0.1673 -0.5527
vn 0.1569 0.3607 -0.9194
vn 0.2743 0.1366 0.9519
vn -0.3362 0.6547 0.6770
vn -0.3202 0.5671 0.7588
vn -0.6873 -0.2757 0.6720
vn 0.4216 0.4962 0.7590
vn 0.3188 0.6303 0.7079
vn 0.1544 -0.0297 0.9876
vn -0.8345 -0.2893 0.4689
vn -0.1183 -0.2040 0.9718
vn 0.2743 0.1366 0.9519
vn -0.5837 -0.0402 0.8110
vn -0.3362 0.6547 0.6770
vn -0.6393 0.4653 -0.6122
vn -0.2356 -0.1639 -0.9579
vn -0.2000 0.4572 -0.8666
vn -0.9937 0.0582 -0.0957
vn -0.8105 0.2140 -0.5453
vn -0.6013 0.7931 -0.0971
vn -0.1814 0.7195 -0.6704
vn -0.4628 0.5489 -0.6961
vn -0.4512 0.6118 -0.6497
vn -0.5837 -0.0402 0.8110
vn -0.2396 0.3797 0.8935
vn -0.6817 0.3213 0.6573
vn -0.6817 0.3213 0.6573
vn -0.2396 0.3797 0.8935
vn -0.4205 0.1704 0.8912
vn -0.0834 0.5459 -0.8337
vn 0.5562 0.4132 -0.7211
vn 0.2499 0.5929 -0.7655
vn -0.8604 -0.4834 -0.1612
vn -0.9937 0.0582 -0.0957
vn -0.6013 0.7931 -0.0971
vn -0.4636 -0.3382 0.8189
vn -0.9659 -0.0704 0.2493
vn -0.2864 0.5876 0.7568
vn -0.7039 0.3800 0.6001
vn -0.4205 0.1704 0.8912
vn -0.7517 0.2800 0.5971
vn -0.3251 -0.0028 -0.9457
vn 0.2499 0.5929 -0.7655
vn 0.3367 -0.0707 -0.9389
vn 0.2617 0.6022 0.7542
vn 0.3188 0.6303 0.7079
vn 0.4216 0.4962 0.7590
vn -0.2356 -0.1639 -0.9579
vn -0.4512 0.6118 -0.6497
vn -0.1282 -0.1761 -0.9760
vn -0.9659 -0.0704 0.2493
vn -0.7039 0.3800 0.6001
vn -0.7517 0.2800 0.5971
vn 0.2219 0.0280 0.9747
vn 0.2617 0.6022 0.7542
vn -0.3902 -0.0205 0.9205
vn -0.3362 0.6547 0.6770
vn -0.6817 0.3213 0.6573
vn -0.3202 0.5671 0.7588
vn -0.6817 0.3213 0.6573
vn -0.4205 0.1704 0.8912
vn -0.7039 0.3800 0.6001
vn -0.8105 0.2140 -0.5453
vn -0.2000 0.4572 -0.8666
vn -0.6013 0.7931 -0.0971
vn -0.6013 0.7931 -0.0971
vn -0.9659 -0.0704 0.2493
vn -0.8604 -0.4834 -0.1612
vn -0.4636 -0.3382 0.8189
vn -0.2864 0.5876 0.7568
vn -0.6716 0.6827 0.2877
vn -0.6433 -0.2004 -0.7389
vn -0.2256 -0.0170 -0.9741
vn -0.4114 -0.6357 -0.6532
vn -0.9659 -0.0704 0.2493
vn -0.4636 -0.3382 0.8189
vn -0.7985 -0.5450 0.2556
vn -0.6873 -0.2757 0.6720
vn -0.0002 -0.8087 0.5882
vn -0.6678 -0.5642 0.4855
vn 0.1544 -0.0297 0.9876
vn -0.3927 0.1077 0.9133
vn -0.8333 0.1553 0.5305
vn -0.8324 -0.4666 -0.2989
vn -0.2777 0.4888 -0.8270
vn -0.3816 -0.5091 -0.7715
vn -0.4512 0.6118 -0.6497
vn -0.6356 0.7572 -0.1505
vn -0.1282 -0.1761 -0.9760
vn -0.4628 0.5489 -0.6961
vn -0.6356 0.7572 -0.1505
vn -0.4512 0.6118 -0.6497
vn -0.3251 -0.0028 -0.9457
vn -0.0834 0.5459 -0.8337
vn 0.2499 0.5929 -0.7655
vn -0.4114 -0.6357 -0.6532
vn 0.4151 -0.6657 -0.6200
vn 0.3614 -0.6169 -0.6991
vn -0.6873 -0.2757 0.6720
vn -0.4239 -0.2937 0.8568
vn 0.4216 0.4962 0.7590
vn -0.3362 0.6547 0.6770
vn -0.5837 -0.0402 0.8110
vn -0.6817 0.3213 0.6573
vn -0.4971 -0.1352 0.8571
vn -0.3902 -0.0205 0.9205
vn 0.2617 0.6022 0.7542
vn 0.4151 -0.6657 -0.6200
vn 0.5562 0.4132 -0.7211
vn 0.3614 -0.6169 -0.6991
vn -0.8324 -0.4666 -0.2989
vn -0.6793 0.6620 -0.3167
vn -0.2777 0.4888 -0.8270
vn -0.6013 0.7931 -0.0971
vn -0.7039 0.3800 0.6001
vn -0.9659 -0.0704 0.2493
vn -0.6356 0.7572 -0.1505
vn -0.4628 0.5489 -0.6961
vn -0.8164 0.1673 -0.5527
vn -0.8604 -0.4834 -0.1612
vn -0.8324 -0.4666 -0.2989
vn -0.3816 -0.5091 -0.7715
vn -0.6716 0.6827 0.2877
vn -0.7985 -0.5450 0.2556
vn -0.4636 -0.3382 0.8189
vn -0.3902 -0.0205 0.9205
vn 0.7816 -0.1904 0.5939
vn 0.2219 0.0280 0.9747
vn 0.2617 0.6022 0.7542
vn -0.0164 0.5385 0.8425
vn -0.4971 -0.1352 0.8571
vn -0.6186 0.7208 0.3127
vn -0.7039 0.3800 0.6001
vn -0.6013 0.7931 -0.0971
vn -0.6013 0.7931 -0.0971
vn -0.2000 0.4572 -0.8666
vn -0.6631 0.6697 -0.3343
vn -0.6793 0.6620 -0.3167
vn -0.8324 -0.4666 -0.2989
vn -0.6716 0.6827 0.2877
vn -0.6817 0.3213 0.6573
vn -0.6582 0.6608 0.3606
vn -0.3202 0.5671 0.7588
vn -0.8604 -0.4834 -0.1612
vn -0.7985 -0.5450 0.2556
vn -0.8324 -0.4666 -0.2989
vn -0.8333 0.1553 0.5305
vn -0.3927 0.1077 0.9133
vn -0.3202 0.5671 0.7588
vn -0.2256 -0.0170 -0.9741
vn -0.6433 -0.2004 -0.7389
vn -0.8138 -0.3493 -0.4644
vn -0.1282 -0.1761 -0.9760
vn -0.3062 0.0913 -0.9476
vn -0.2356 -0.1639 -0.9579
vn -0.6716 0.6827 0.2877
vn -0.8324 -0.4666 -0.2989
vn -0.7985 -0.5450 0.2556
vn -0.6678 -0.5642 0.4855
vn -0.1183 -0.2040 0.9718
vn -0.6363 -0.1685 0.7529
vn -0.4239 -0.2937 0.8568
vn -0.6678 -0.5642 0.4855
vn -0.6363 -0.1685 0.7529
vn -0.6873 -0.2757 0.6720
vn -0.6678 -0.5642 0.4855
vn -0.4239 -0.2937 0.8568
vn -0.6433 -0.2004 -0.7389
vn -0.5543 0.0115 -0.8322
vn -0.4045 0.0430 -0.9135
vn -0.3202 0.5671 0.7588
vn -0.6582 0.6608 0.3606
vn -0.8333 0.1553 0.5305
vn -0.7039 0.3800 0.6001
vn -0.6186 0.7208 0.3127
vn -0.8399 0.2123 0.4994
vn -0.4239 -0.2937 0.8568
vn -0.6363 -0.1685 0.7529
vn -0.7196 -0.1924 0.6672
vn -0.7058 -0.0156 0.7083
vn -0.8345 -0.2893 0.4689
vn 0.1544 -0.0297 0.9876
vn -0.6529 -0.1642 -0.7394
vn -0.2256 -0.0170 -0.9741
vn -0.8138 -0.3493 -0.4644
vn 0.3614 -0.6169 -0.6991
vn -0.5543 0.0115 -0.8322
vn -0.6433 -0.2004 -0.7389
vn -0.2000 0.4572 -0.8666
vn -0.2356 -0.1639 -0.9579
vn -0.6631 0.6697 -0.3343
vn -0.6817 0.3213 0.6573
vn -0.7039 0.3800 0.6001
vn -0.8399 0.2123 0.4994
vn 0.3614 -0.6169 -0.6991
vn -0.6433 -0.2004 -0.7389
vn -0.4114 -0.6357 -0.6532
vn -0.0164 0.5385 0.8425
vn 0.2617 0.6022 0.7542
vn 0.4216 0.4962 0.7590
vn -0.6433 -0.2004 -0.7389
vn -0.4045 0.0430 -0.9135
vn -0.8138 -0.3493 -0.4644
vn -0.1183 -0.2040 0.9718
vn -0.8345 -0.2893 0.4689
vn -0.6363 -0.1685 0.7529
vn -0.5543 0.0115 -0.8322
vn 0.3614 -0.6169 -0.6991
vn -0.0834 0.5459 -0.8337
vn -0.5543 0.0115 -0.8322
vn 0.1082 0.3158 -0.9426
vn -0.4045 0.0430 -0.9135
vn -0.7196 -0.1924 0.6672
vn -0.6363 -0.1685 0.7529
vn -0.8345 -0.2893 0.4689
vn -0.6631 0.6697 -0.3343
vn -0.6186 0.7208 0.3127
vn -0.6013 0.7931 -0.0971
vn -0.5543 0.0115 -0.8322
vn -0.0834 0.5459 -0.8337
vn 0.1082 0.3158 -0.9426
vn -0.7058 -0.0156 0.7083
vn -0.7682 -0.3003 0.5654
vn -0.7335 -0.1916 0.6522
vn -0.4239 -0.2937 0.8568
vn -0.7196 -0.1924 0.6672
vn 0.4216 0.4962 0.7590
vn -0.3446 0.2371 -0.9083
vn -0.0834 0.5459 -0.8337
vn -0.3251 -0.0028 -0.9457
vn -0.7058 -0.0156 0.7083
vn -0.7335 -0.1916 0.6522
vn -0.8345 -0.2893 0.4689
vn 0.4216 0.4962 0.7590
vn -0.7196 -0.1924 0.6672
vn -0.0164 0.5385 0.8425
vn 0.3614 -0.6169 -0.6991
vn 0.5562 0.4132 -0.7211
vn -0.0834 0.5459 -0.8337
vn -0.8138 -0.3493 -0.4644
vn -0.4045 0.0430 -0.9135
vn -0.1786 -0.5018 -0.8463
vn -0.1786 -0.5018 -0.8463
vn -0.6529 -0.1642 -0.7394
vn -0.8138 -0.3493 -0.4644
vn -0.6817 0.3213 0.6573
vn -0.8333 0.1553 0.5305
vn -0.6582 0.6608 0.3606
vn -0.8345 -0.2893 0.4689
vn -0.7335 -0.1916 0.6522
vn -0.7196 -0.1924 0.6672
vn -0.1786 -0.5018 -0.8463
vn -0.4045 0.0430 -0.9135
vn 0.0334 0.5302 -0.8472
vn 0.1816 0.3504 0.9188
vn -0.0164 0.5385 0.8425
vn -0.7196 -0.1924 0.6672
vn -0.1786 -0.5018 -0.8463
vn 0.0334 0.5302 -0.8472
vn -0.6008 0.7749 -0.1963
vn -0.7058 -0.0156 0.7083
vn 0.1544 -0.0297 0.9876
vn -0.6963 -0.0397 0.7166
vn -0.8164 0.1673 -0.5527
vn -0.2256 -0.0170 -0.9741
vn -0.8162 -0.4522 -0.3596
vn -0.2356 -0.1639 -0.9579
vn -0.3062 0.0913 -0.9476
vn -0.6631 0.6697 -0.3343
vn -0.6963 -0.0397 0.7166
vn -0.7682 -0.3003 0.5654
vn -0.7058 -0.0156 0.7083
vn -0.8026 0.0651 -0.5930
vn -0.1282 -0.1761 -0.9760
vn -0.6356 0.7572 -0.1505
vn 0.1816 0.3504 0.9188
vn -0.7196 -0.1924 0.6672
vn -0.7335 -0.1916 0.6522
vn -0.7335 -0.1916 0.6522
vn -0.7682 -0.3003 0.5654
vn -0.8808 -0.0350 0.4722
vn -0.6529 -0.1642 -0.7394
vn -0.8043 -0.3107 -0.5065
vn -0.2256 -0.0170 -0.9741
vn -0.8162 -0.4522 -0.3596
vn -0.2256 -0.0170 -0.9741
vn -0.7235 -0.0273 -0.6898
vn -0.7235 -0.0273 -0.6898
vn -0.2256 -0.0170 -0.9741
vn -0.8043 -0.3107 -0.5065
vn -0.6631 0.6697 -0.3343
vn -0.8477 0.1768 -0.5002
vn -0.6186 0.7208 0.3127
vn -0.7778 0.1212 0.6168
vn -0.4971 -0.1352 0.8571
vn -0.0164 0.5385 0.8425
vn -0.0834 0.5459 -0.8337
vn -0.3446 0.2371 -0.9083
vn 0.1376 0.4604 -0.8770
vn 0.1082 0.3158 -0.9426
vn 0.0334 0.5302 -0.8472
vn -0.4045 0.0430 -0.9135
vn 0.1544 -0.0297 0.9876
vn -0.8333 0.1553 0.5305
vn -0.8135 -0.4667 0.3470
vn -0.8026 0.0651 -0.5930
vn -0.3062 0.0913 -0.9476
vn -0.1282 -0.1761 -0.9760
vn 0.1544 -0.0297 0.9876
vn -0.8135 -0.4667 0.3470
vn -0.6963 -0.0397 0.7166
vn -0.8333 0.1553 0.5305
vn -0.9651 -0.0856 0.2475
vn -0.8135 -0.4667 0.3470
vn -0.3251 -0.0028 -0.9457
vn 0.3367 -0.0707 -0.9389
vn -0.3084 0.0423 -0.9503
vn -0.0158 0.7466 0.6650
vn -0.7335 -0.1916 0.6522
vn -0.3047 0.9025 0.3044
vn -0.6356 0.7572 -0.1505
vn -0.9571 -0.0812 -0.2783
vn -0.8026 0.0651 -0.5930
vn -0.6817 0.3213 0.6573
vn -0.4173 -0.0163 0.9086
vn -0.9651 -0.0856 0.2475
vn -0.8431 -0.2927 0.4512
vn -0.8548 0.0450 0.5170
vn -0.3047 0.9025 0.3044
vn -0.6008 0.7749 -0.1963
vn -0.6529 -0.1642 -0.7394
vn -0.1786 -0.5018 -0.8463
vn -0.8431 -0.2927 0.4512
vn -0.3047 0.9025 0.3044
vn -0.8808 -0.0350 0.4722
vn -0.8333 0.1553 0.5305
vn -0.6817 0.3213 0.6573
vn -0.9651 -0.0856 0.2475
vn -0.7682 -0.3003 0.5654
vn -0.6963 -0.0397 0.7166
vn -0.8431 -0.2927 0.4512
vn -0.7235 -0.0273 -0.6898
vn -0.8043 -0.3107 -0.5065
vn -0.8660 -0.4129 -0.2822
vn -0.6008 0.7749 -0.1963
vn -0.8043 -0.3107 -0.5065
vn -0.6529 -0.1642 -0.7394
vn -0.6008 0.7749 -0.1963
vn -0.8660 -0.4129 -0.2822
vn -0.8043 -0.3107 -0.5065
vn -0.8431 -0.2927 0.4512
vn -0.8808 -0.0350 0.4722
vn -0.7682 -0.3003 0.5654
vn -0.3135 -0.0837 -0.9459
vn -0.4824 -0.0643 -0.8736
vn -0.3251 -0.0028 -0.9457
vn -0.3902 -0.0205 0.9205
vn -0.4159 -0.2687 0.8688
vn -0.4628 -0.0873 0.8822
vn -0.8026 0.0651 -0.5930
vn -0.9571 -0.0812 -0.2783
vn -0.6584 -0.6097 -0.4414
vn -0.3446 0.2371 -0.9083
vn -0.3251 -0.0028 -0.9457
vn -0.4824 -0.0643 -0.8736
vn -0.8660 -0.4129 -0.2822
vn -0.9164 0.0117 -0.4000
vn -0.8162 -0.4522 -0.3596
vn 0.0334 0.5302 -0.8472
vn -0.2844 0.8335 -0.4737
vn -0.6008 0.7749 -0.1963
vn -0.0748 0.8418 -0.5346
vn 0.0334 0.5302 -0.8472
vn 0.1082 0.3158 -0.9426
vn 0.1082 0.3158 -0.9426
vn -0.0834 0.5459 -0.8337
vn 0.1376 0.4604 -0.8770
vn -0.2844 0.8335 -0.4737
vn -0.8660 -0.4129 -0.2822
vn -0.6008 0.7749 -0.1963
vn -0.8164 0.1673 -0.5527
vn -0.8162 -0.4522 -0.3596
vn -0.6356 0.7572 -0.1505
vn 0.2568 0.3379 0.9055
vn -0.4159 -0.2687 0.8688
vn -0.3902 -0.0205 0.9205
vn -0.4159 -0.2687 0.8688
vn 0.4258 0.3193 0.8466
vn 0.0032 -0.1179 0.9930
vn -0.4159 -0.2687 0.8688
vn 0.2568 0.3379 0.9055
vn 0.4258 0.3193 0.8466
vn -0.8548 0.0450 0.5170
vn -0.8431 -0.2927 0.4512
vn -0.6963 -0.0397 0.7166
vn -0.9164 0.0117 -0.4000
vn -0.8660 -0.4129 -0.2822
vn -0.2844 0.8335 -0.4737
vn 0.0334 0.5302 -0.8472
vn -0.0748 0.8418 -0.5346
vn -0.2844 0.8335 -0.4737
vn -0.8162 -0.4522 -0.3596
vn -0.7235 -0.0273 -0.6898
vn -0.8660 -0.4129 -0.2822
vn -0.8622 -0.4985 0.0907
vn -0.8135 -0.4667 0.3470
vn -0.9651 -0.0856 0.2475
vn -0.7710 -0.6233 -0.1303
vn -0.9571 -0.0812 -0.2783
vn -0.9164 0.0117 -0.4000
vn -0.3902 -0.0205 0.9205
vn -0.4971 -0.1352 0.8571
vn 0.2568 0.3379 0.9055
vn -0.4173 -0.0163 0.9086
vn -0.6817 0.3213 0.6573
vn -0.8991 -0.0436 0.4355
vn -0.9164 0.0117 -0.4000
vn -0.9571 -0.0812 -0.2783
vn -0.8162 -0.4522 -0.3596
vn -0.9571 -0.0812 -0.2783
vn -0.6356 0.7572 -0.1505
vn -0.8162 -0.4522 -0.3596
vn -0.8026 0.0651 -0.5930
vn -0.8477 0.1768 -0.5002
vn -0.3062 0.0913 -0.9476
vn -0.3062 0.0913 -0.9476
vn -0.8477 0.1768 -0.5002
vn -0.6631 0.6697 -0.3343
vn -0.8548 0.0450 0.5170
vn -0.8135 -0.4667 0.3470
vn -0.8622 -0.4985 0.0907
vn -0.0158 0.7466 0.6650
vn -0.3047 0.9025 0.3044
vn -0.5200 0.7832 0.3410
vn -0.0158 0.7466 0.6650
vn 0.1816 0.3504 0.9188
vn -0.7335 -0.1916 0.6522
vn 0.1816 0.3504 0.9188
vn -0.7778 0.1212 0.6168
vn -0.0164 0.5385 0.8425
vn -0.2844 0.8335 -0.4737
vn -0.0748 0.8418 -0.5346
vn -0.2550 0.8843 -0.3912
vn -0.6963 -0.0397 0.7166
vn -0.8135 -0.4667 0.3470
vn -0.8548 0.0450 0.5170
vn -0.8622 -0.4985 0.0907
vn -0.3047 0.9025 0.3044
vn -0.8548 0.0450 0.5170
vn -0.4824 -0.0643 -0.8736
vn 0.0205 0.3496 -0.9367
vn -0.3446 0.2371 -0.9083
vn -0.2550 0.8843 -0.3912
vn -0.4392 0.8432 -0.3101
vn -0.2844 0.8335 -0.4737
vn -0.6332 -0.6246 0.4570
vn -0.8622 -0.4985 0.0907
vn -0.9651 -0.0856 0.2475
vn -0.8622 -0.4985 0.0907
vn -0.6332 -0.6246 0.4570
vn -0.7710 -0.6233 -0.1303
vn -0.8622 -0.4985 0.0907
vn -0.7710 -0.6233 -0.1303
vn -0.3047 0.9025 0.3044
vn -0.9164 0.0117 -0.4000
vn -0.2844 0.8335 -0.4737
vn -0.7710 -0.6233 -0.1303
vn 0.0205 0.3496 -0.9367
vn -0.4824 -0.0643 -0.8736
vn 0.2117 0.4919 -0.8445
vn -0.9571 -0.0812 -0.2783
vn -0.7710 -0.6233 -0.1303
vn -0.6584 -0.6097 -0.4414
vn -0.8399 0.2123 0.4994
vn -0.6186 0.7208 0.3127
vn -0.8991 -0.0436 0.4355
vn 0.2568 0.3379 0.9055
vn -0.4971 -0.1352 0.8571
vn -0.7778 0.1212 0.6168
vn -0.8991 -0.0436 0.4355
vn -0.6817 0.3213 0.6573
vn -0.8399 0.2123 0.4994
vn -0.7710 -0.6233 -0.1303
vn -0.2844 0.8335 -0.4737
vn -0.3047 0.9025 0.3044
vn 0.1376 0.4604 -0.8770
vn 0.3721 0.6895 -0.6214
vn 0.1082 0.3158 -0.9426
vn -0.7710 -0.6233 -0.1303
vn -0.6332 -0.6246 0.4570
vn -0.6584 -0.6097 -0.4414
vn -0.3446 0.2371 -0.9083
vn 0.0205 0.3496 -0.9367
vn 0.4305 0.4163 -0.8009
vn -0.8477 0.1768 -0.5002
vn -0.8026 0.0651 -0.5930
vn -0.8959 -0.0332 -0.4430
vn -0.0158 0.7466 0.6650
vn -0.5200 0.7832 0.3410
vn -0.3946 0.6970 0.5988
vn -0.9651 -0.0856 0.2475
vn -0.4173 -0.0163 0.9086
vn -0.8991 -0.0436 0.4355
vn -0.8959 -0.0332 -0.4430
vn -0.8026 0.0651 -0.5930
vn -0.6584 -0.6097 -0.4414
vn -0.3446 0.2371 -0.9083
vn 0.4305 0.4163 -0.8009
vn 0.1376 0.4604 -0.8770
vn -0.3047 0.9025 0.3044
vn -0.2844 0.8335 -0.4737
vn -0.4392 0.8432 -0.3101
vn 0.2568 0.3379 0.9055
vn 0.1860 0.2212 0.9573
vn 0.4258 0.3193 0.8466
vn 0.4258 0.3193 0.8466
vn 0.1860 0.2212 0.9573
vn 0.4503 -0.2536 0.8561
vn 0.1816 0.3504 0.9188
vn -0.0158 0.7466 0.6650
vn 0.0040 0.6438 0.7652
vn -0.3047 0.9025 0.3044
vn -0.4392 0.8432 -0.3101
vn -0.5200 0.7832 0.3410
vn 0.3721 0.6895 -0.6214
vn -0.0748 0.8418 -0.5346
vn 0.1082 0.3158 -0.9426
vn -0.6186 0.7208 0.3127
vn -0.8477 0.1768 -0.5002
vn -0.8991 -0.0436 0.4355
vn -0.0158 0.7466 0.6650
vn -0.3946 0.6970 0.5988
vn 0.0040 0.6438 0.7652
vn 0.2568 0.3379 0.9055
vn -0.7778 0.1212 0.6168
vn -0.4593 0.5599 0.6896
vn -0.0748 0.8418 -0.5346
vn 0.3721 0.6895 -0.6214
vn -0.2550 0.8843 -0.3912
vn 0.1860 0.2212 0.9573
vn 0.2568 0.3379 0.9055
vn -0.4593 0.5599 0.6896
vn 0.4209 0.5993 0.6810
vn 0.1860 0.2212 0.9573
vn -0.4593 0.5599 0.6896
vn 0.5324 0.4117 -0.7396
vn 0.4305 0.4163 -0.8009
vn 0.0205 0.3496 -0.9367
vn -0.5200 0.7832 0.3410
vn -0.6120 0.6367 0.4691
vn -0.3946 0.6970 0.5988
vn -0.7778 0.1212 0.6168
vn 0.1816 0.3504 0.9188
vn -0.4593 0.5599 0.6896
vn 0.0205 0.3496 -0.9367
vn 0.0733 0.1672 -0.9832
vn 0.5324 0.4117 -0.7396
vn 0.1376 0.4604 -0.8770
vn 0.3230 0.4635 -0.8251
vn 0.3721 0.6895 -0.6214
vn -0.2550 0.8843 -0.3912
vn 0.3721 0.6895 -0.6214
vn -0.2281 0.5870 -0.7768
vn -0.9651 -0.0856 0.2475
vn -0.8991 -0.0436 0.4355
vn -0.6332 -0.6246 0.4570
vn -0.8991 -0.0436 0.4355
vn -0.8477 0.1768 -0.5002
vn -0.8959 -0.0332 -0.4430
vn 0.1816 0.3504 0.9188
vn 0.5376 0.4154 0.7338
vn -0.4593 0.5599 0.6896
vn -0.2550 0.8843 -0.3912
vn -0.5130 0.6778 -0.5267
vn -0.4392 0.8432 -0.3101
vn 0.4209 0.5993 0.6810
vn -0.2546 0.2508 0.9340
vn 0.1860 0.2212 0.9573
vn -0.4392 0.8432 -0.3101
vn -0.6891 0.6729 -0.2688
vn -0.5200 0.7832 0.3410
vn 0.1816 0.3504 0.9188
vn 0.2674 0.3941 0.8793
vn 0.5376 0.4154 0.7338
vn -0.8959 -0.0332 -0.4430
vn -0.6584 -0.6097 -0.4414
vn -0.8991 -0.0436 0.4355
vn -0.5200 0.7832 0.3410
vn -0.6891 0.6729 -0.2688
vn -0.7161 0.6419 0.2740
vn -0.4593 0.5599 0.6896
vn 0.5376 0.4154 0.7338
vn 0.4209 0.5993 0.6810
vn -0.5130 0.6778 -0.5267
vn -0.2550 0.8843 -0.3912
vn -0.2281 0.5870 -0.7768
vn 0.1376 0.4604 -0.8770
vn 0.0545 0.4703 -0.8808
vn 0.3230 0.4635 -0.8251
vn 0.4305 0.4163 -0.8009
vn 0.5324 0.4117 -0.7396
vn 0.0545 0.4703 -0.8808
vn -0.6584 -0.6097 -0.4414
vn -0.6332 -0.6246 0.4570
vn -0.8991 -0.0436 0.4355
vn 0.2674 0.3941 0.8793
vn -0.2546 0.2508 0.9340
vn 0.5376 0.4154 0.7338
vn 0.0040 0.6438 0.7652
vn 0.2674 0.3941 0.8793
vn 0.1816 0.3504 0.9188
vn -0.7161 0.6419 0.2740
vn -0.6120 0.6367 0.4691
vn -0.5200 0.7832 0.3410
vn -0.3259 0.9221 0.2086
vn 0.0040 0.6438 0.7652
vn -0.3946 0.6970 0.5988
vn 0.4305 0.4163 -0.8009
vn 0.0545 0.4703 -0.8808
vn 0.1376 0.4604 -0.8770
vn 0.3721 0.6895 -0.6214
vn -0.1155 0.8703 -0.4787
vn -0.2281 0.5870 -0.7768
vn 0.4209 0.5993 0.6810
vn 0.5376 0.4154 0.7338
vn -0.2546 0.2508 0.9340
vn -0.4647 -0.2953 0.8348
vn 0.1860 0.2212 0.9573
vn -0.6025 -0.1011 0.7917
vn 0.3721 0.6895 -0.6214
vn 0.3230 0.4635 -0.8251
vn -0.1155 0.8703 -0.4787
vn -0.1155 0.8703 -0.4787
vn 0.3230 0.4635 -0.8251
vn 0.0545 0.4703 -0.8808
vn 0.2674 0.3941 0.8793
vn 0.0040 0.6438 0.7652
vn -0.3259 0.9221 0.2086
vn -0.6891 0.6729 -0.2688
vn -0.4392 0.8432 -0.3101
vn -0.5130 0.6778 -0.5267
vn -0.5130 0.6778 -0.5267
vn -0.2281 0.5870 -0.7768
vn -0.1155 0.8703 -0.4787
vn -0.6025 -0.1011 0.7917
vn 0.1860 0.2212 0.9573
vn -0.2546 0.2508 0.9340
vn -0.6891 0.6729 -0.2688
vn -0.5130 0.6778 -0.5267
vn -0.4091 0.7444 -0.5277
vn -0.7161 0.6419 0.2740
vn -0.6891 0.6729 -0.2688
vn -0.4886 0.7141 0.5013
vn -0.6120 0.6367 0.4691
vn -0.7161 0.6419 0.2740
vn -0.3624 0.7411 0.5652
vn 0.5324 0.4117 -0.7396
vn -0.4867 0.1939 -0.8518
vn 0.0545 0.4703 -0.8808
vn -0.3946 0.6970 0.5988
vn -0.6120 0.6367 0.4691
vn -0.3259 0.9221 0.2086
vn -0.4091 0.7444 -0.5277
vn -0.4799 0.7365 -0.4767
vn -0.6891 0.6729 -0.2688
vn -0.6891 0.6729 -0.2688
vn -0.4799 0.7365 -0.4767
vn -0.4886 0.7141 0.5013
vn -0.2546 0.2508 0.9340
vn 0.2674 0.3941 0.8793
vn -0.7427 0.2479 0.6220
vn -0.3624 0.7411 0.5652
vn -0.4886 0.7141 0.5013
vn -0.2663 0.8953 0.3571
vn 0.2674 0.3941 0.8793
vn -0.3259 0.9221 0.2086
vn -0.7427 0.2479 0.6220
vn -0.5130 0.6778 -0.5267
vn -0.1578 0.9198 -0.3593
vn -0.4091 0.7444 -0.5277
vn -0.3624 0.7411 0.5652
vn -0.7161 0.6419 0.2740
vn -0.4886 0.7141 0.5013
vn -0.7427 0.2479 0.6220
vn -0.6025 -0.1011 0.7917
vn -0.2546 0.2508 0.9340
vn -0.1155 0.8703 -0.4787
vn 0.0545 0.4703 -0.8808
vn -0.4867 0.1939 -0.8518
vn -0.4799 0.7365 -0.4767
vn -0.4091 0.7444 -0.5277
vn -0.1578 0.9198 -0.3593
vn -0.6120 0.6367 0.4691
vn -0.7400 0.3437 0.5781
vn -0.3259 0.9221 0.2086
vn -0.7400 0.3437 0.5781
vn -0.7427 0.2479 0.6220
vn -0.3259 0.9221 0.2086
vn -0.3624 0.7411 0.5652
vn -0.2663 0.8953 0.3571
vn -0.6120 0.6367 0.4691
vn -0.3422 0.1492 -0.9277
vn -0.5130 0.6778 -0.5267
vn -0.1155 0.8703 -0.4787
vn -0.4799 0.7365 -0.4767
vn -0.2663 0.8953 0.3571
vn -0.4886 0.7141 0.5013
vn -0.5130 0.6778 -0.5267
vn -0.5372 0.7320 -0.4190
vn -0.1578 0.9198 -0.3593
vn -0.6120 0.6367 0.4691
vn -0.2663 0.8953 0.3571
vn -0.4047 0.7405 0.5366
vn -0.2663 0.8953 0.3571
vn -0.4799 0.7365 -0.4767
vn -0.1578 0.9198 -0.3593
vn -0.5372 0.7320 -0.4190
vn -0.4047 0.7405 0.5366
vn -0.2663 0.8953 0.3571
vn -0.6703 0.2485 -0.6993
vn -0.3422 0.1492 -0.9277
vn -0.1155 0.8703 -0.4787
vn -0.5130 0.6778 -0.5267
vn -0.3422 0.1492 -0.9277
vn -0.5372 0.7320 -0.4190
vn -0.1578 0.9198 -0.3593
vn -0.5372 0.7320 -0.4190
vn -0.2663 0.8953 0.3571
vn -0.7400 0.3437 0.5781
vn -0.6120 0.6367 0.4691
vn -0.4047 0.7405 0.5366
vn -0.4047 0.7405 0.5366
vn -0.5372 0.7320 -0.4190
vn -0.5942 0.7916 0.1426
vn -0.6025 -0.1011 0.7917
vn -0.7427 0.2479 0.6220
vn -0.5269 -0.2162 0.8219
vn -0.7427 0.2479 0.6220
vn -0.7400 0.3437 0.5781
vn -0.7205 0.0941 0.6870
vn -0.4047 0.7405 0.5366
vn -0.7070 0.2353 0.6669
vn -0.7400 0.3437 0.5781
vn -0.5942 0.7916 0.1426
vn -0.5372 0.7320 -0.4190
vn -0.9347 0.1674 0.3135
vn -0.4047 0.7405 0.5366
vn -0.9347 0.1674 0.3135
vn -0.7070 0.2353 0.6669
vn -0.7205 0.0941 0.6870
vn -0.8866 0.1598 0.4341
vn -0.7427 0.2479 0.6220
vn -0.7400 0.3437 0.5781
vn -0.7070 0.2353 0.6669
vn -0.7205 0.0941 0.6870
vn -0.3422 0.1492 -0.9277
vn -0.8963 0.2036 -0.3940
vn -0.5372 0.7320 -0.4190
vn -0.7205 0.0941 0.6870
vn -0.7070 0.2353 0.6669
vn -0.5893 -0.2103 0.7801
vn -0.4047 0.7405 0.5366
vn -0.5942 0.7916 0.1426
vn -0.9347 0.1674 0.3135
vn -0.7335 -0.1916 0.6522
vn -0.8808 -0.0350 0.4722
vn -0.3047 0.9025 0.3044
vn 0.0000 1.0000 0.0000
vn 0.0000 1.0000 0.0000
vn 0.0000 1.0000 0.0000
vn 0.0000 1.0000 0.0000
vn 0.0000 1.0000 0.0000
vn 0.0000 1.0000 0.0000
vn 0.0000 1.0000 0.0000
vn 0.0000 1.0000 0.0000
vn 0.0000 1.0000 0.0000
vn 0.0000 1.0000 0.0000
vn 0.0000 1.0000 0.0000
vn 0.0000 1.0000 0.0000
vn 0.0000 1.0000 0.0000
vn 0.0000 1.0000 0.0000
vn 0.0000 1.0000 0.0000
vn 0.0000 1.0000 0.0000
vn 0.0000 1.0000 0.0000
vn 0.0000 1.0000 0.0000
vn 0.0000 1.0000 0.0000
vn 0.0000 1.0000 0.0000
vn 0.0000 1.0000 0.0000
vn 0.0000 1.0000 0.0000
vn 0.0000 1.0000 0.0000
vn 0.0000 1.0000 0.0000
vn 0.0000 1.0000 0.0000
vn 0.0000 1.0000 0.0000
vn 0.0000 1.0000 0.0000
vn 0.0000 1.0000 0.0000
vn 0.0000 1.0000 0.0000
vn 0.0000 1.0000 0.0000
vn 0.0000 1.0000 0.0000
vn 0.0000 1.0000 0.0000
vn 0.0000 1.0000 0.0000
vn 0.0000 1.0000 0.0000
vn 0.0000 1.0000 0.0000
vn 0.0000 1.0000 0.0000
vn 0.0000 1.0000 0.0000
vn 0.0000 1.0000 0.0000
vn 0.0000 1.0000 0.0000
vn 0.0000 1.0000 0.0000
vn 0.0000 1.0000 0.0000
vn 0.0000 1.0000 0.0000
vn 0.0000 1.0000 0.0000
vn 0.0000 1.0000 0.0000
vn 0.0000 1.0000 0.0000
vn 0.0000 1.0000 0.0000
vn 0.0000 1.0000 0.0000
vn 0.0000 1.0000 0.0000
vn 0.0000 1.0000 0.0000
vn 0.0000 1.0000 0.0000
vn 0.0000 1.0000 0.0000
vn 0.0000 1.0000 0.0000
vn 0.0000 1.0000 0.0000
vn 0.0000 1.0000 0.0000
vn 0.0000 1.0000 0.0000
vn 0.0000 1.0000 0.0000
vn 0.0000 1.0000 0.0000
vn 0.0000 1.0000 0.0000
vn 0.0000 1.0000 0.0000
vn 0.0000 1.0000 0.0000
vn 0.0000 1.0000 0.0000
vn 0.0000 1.0000 0.0000
vn 0.0000 1.0000 0.0000
vn 0.0000 1.0000 0.0000
vn 0.0000 1.0000 0.0000
vn 0.0000 1.0000 0.0000
vn 0.0000 1.0000 0.0000
vn 0.0000 1.0000 0.0000
vn 0.0000 1.0000 0.0000
vn 0.0000 1.0000 0.0000
vn 0.0000 1.0000 0.0000
vn 0.0000 1.0000 0.0000
vn 0.0000 1.0000 0.0000
vn 0.0000 1.0000 0.0000
vn 0.0000 1.0000 0.0000
vn 0.0000 1.0000 0.0000
vn 0.0000 1.0000 0.0000
vn 0.0000 1.0000 0.0000
vn 0.0000 1.0000 0.0000
vn 0.0000 1.0000 0.0000
vn 0.0000 1.0000 0.0000
vn 0.0000 1.0000 0.0000
vn 0.0000 1.0000 0.0000
vn 0.0000 1.0000 0.0000
vn 0.0000 1.0000 0.0000
vn 0.0000 1.0000 0.0000
vn 0.0000 1.0000 0.0000
vn 0.0000 1.0000 0.0000
vn 0.0000 1.0000 0.0000
vn 0.0000 1.0000 0.0000
vn 0.0000 1.0000 0.0000
vn 0.0000 1.0000 0.0000
vn 0.0000 1.0000 0.0000
vn 0.0000 1.0000 0.0000
vn 0.0000 1.0000 0.0000
vn 0.0000 1.0000 0.0000
vn 0.0000 1.0000 0.0000
vn 0.0000 1.0000 0.0000
vn 0.0000 1.0000 0.0000
vn 0.0000 1.0000 0.0000
vn 0.0000 1.0000 0.0000
vn 0.0000 1.0000 0.0000
f 1/1/1 2/2/2 3/3/3
f 4/4/4 5/5/5 6/6/6
f 7/7/7 8/8/8 9/9/9
f 10/10/10 11/11/11 12/12/12
f 13/13/13 14/14/14 15/15/15
f 16/16/16 17/17/17 18/18/18
f 19/19/19 20/20/20 21/21/21
f 22/22/22 23/23/23 24/24/24
f 25/25/25 26/26/26 27/27/27
f 28/28/28 29/29/29 30/30/30
f 31/31/31 32/32/32 33/33/33
f 34/34/34 35/35/35 36/36/36
f 37/37/37 38/38/38 39/39/39
f 40/40/40 41/41/41 42/42/42
f 43/43/43 44/44/44 45/45/45
f 46/46/46 47/47/47 48/48/48
f 49/49/49 50/50/50 51/51/51
f 52/52/52 53/53/53 54/54/54
f 55/55/55 56/56/56 57/57/57
f 58/58/58 59/59/59 60/60/60
f 61/61/61 62/62/62 63/63/63
f 64/64/64 65/65/65 66/66/66
f 67/67/67 68/68/68 69/69/69
f 70/70/70 71/71/71 72/72/72
f 73/73/73 74/74/74 75/75/75
f 76/76/76 77/77/77 78/78/78
f 79/79/79 80/80/80 81/81/81
f 82/82/82 83/83/83 84/84/84
f 85/85/85 86/86/86 87/87/87
f 88/88/88 89/89/89 90/90/90
f 91/91/91 92/92/92 93/93/93
f 94/94/94 95/95/95 96/96/96
f 97/97/97 98/98/98 99/99/99
f 100/100/100 101/101/101 102/102/102
f 103/103/103 104/104/104 105/105/105
f 106/106/106 107/107/107 108/108/108
f 109/109/109 110/110/110 111/111/111
f 112/112/112 113/113/113 114/114/114
f 115/115/115 116/116/116 117/117/117
f 118/118/118 119/119/119 120/120/120
f 121/121/121 122/122/122 123/123/123
f 124/124/124 125/125/125 126/126/126
f 127/127/127 128/128/128 129/129/129
f 130/130/130 131/131/131 132/132/132
f 133/133/133 134/134/134 135/135/135
f 136/136/136 137/137/137 138/138/138
f 139/139/139 140/140/140 141/141/141
f 142/142/142 143/143/143 144/144/144
f 145/145/145 146/146/146 147/147/147
f 148/148/148 149/149/149 150/150/150
f 151/151/151 152/152/152 153/153/153
f 154/154/154 155/155/155 156/156/156
f 157/157/157 158/158/158 159/159/159
f 160/160/160 161/161/161 162/162/162
f 163/163/163 164/164/164 165/165/165
f 166/166/166 167/167/167 168/168/168
f 169/169/169 170/170/170 171/171/171
f 172/172/172 173/173/173 174/174/174
f 175/175/175 176/176/176 177/177/177
f 178/178/178 179/179/179 180/180/180
f 181/181/181 182/182/182 183/183/183
f 184/184/184 185/185/185 186/186/186
f 187/187/187 188/188/188 189/189/189
f 190/190/190 191/191/191 192/192/192
f 193/193/193 194/194/194 195/195/195
f 196/196/196 197/197/197 198/198/198
f 199/199/199 200/200/200 201/201/201
f 202/202/202 203/203/203 204/204/204
f 205/205/205 206/206/206 207/207/207
f 208/208/208 209/209/209 210/210/210
f 211/211/211 212/212/212 213/213/213
f 214/214/214 215/215/215 216/216/216
f 217/217/217 218/218/218 219/219/219
f 220/220/220 221/221/221 222/222/222
f 223/223/223 224/224/224 225/225/225
f 226/226/226 227/227/227 228/228/228
f 229/229/229 230/230/230 231/231/231
f 232/232/232 233/233/233 234/234/234
f 235/235/235 236/236/236 237/237/237
f 238/238/238 239/239/239 240/240/240
f 241/241/241 242/242/242 243/243/243
f 244/244/244 245/245/245 246/246/246
f 247/247/247 248/248/248 249/249/249
f 250/250/250 251/251/251 252/252/252
f 253/253/253 254/254/254 255/255/255
f 256/256/256 257/257/257 258/258/258
f 259/259/259 260/260/260 261/261/261
f 262/262/262 263/263/263 264/264/264
f 265/265/265 266/266/266 267/267/267
f 268/268/268 269/269/269 270/270/270
f 271/271/271 272/272/272 273/273/273
f 274/274/274 275/275/275 276/276/276
f 277/277/277 278/278/278 279/279/279
f 280/280/280 281/281/281 282/282/282
f 283/283/283 284/284/284 285/285/285
f 286/286/286 287/287/287 288/288/288
f 289/289/289 290/290/290 291/291/291
f 292/292/292 293/293/293 294/294/294
f 295/295/295 296/296/296 297/297/297
f 298/298/298 299/299/299 300/300/300
f 301/301/301 302/302/302 303/303/303
f 304/304/304 305/305/305 306/306/306
f 307/307/307 308/308/308 309/309/309
f 310/310/310 311/311/311 312/312/312
f 313/313/313 314/314/314 315/315/315
f 316/316/316 317/317/317 318/318/318
f 319/319/319 320/320/320 321/321/321
f 322/322/322 323/323/323 324/324/324
f 325/325/325 326/326/326 327/327/327
f 328/328/328 329/329/329 330/330/330
f 331/331/331 332/332/332 333/333/333
f 334/334/334 335/335/335 336/336/336
f 337/337/337 338/338/338 339/339/339
f 340/340/340 341/341/341 342/342/342
f 343/343/343 344/344/344 345/345/345
f 346/346/346 347/347/347 348/348/348
f 349/349/349 350/350/350 351/351/351
f 352/352/352 353/353/353 354/354/354
f 355/355/355 356/356/356 357/357/357
f 358/358/358 359/359/359 360/360/360
f 361/361/361 362/362/362 363/363/363
f 364/364/364 365/365/365 366/366/366
f 367/367/367 368/368/368 369/369/369
f 370/370/370 371/371/371 372/372/372
f 373/373/373 374/374/374 375/375/375
f 376/376/376 377/377/377 378/378/378
f 379/379/379 380/380/380 381/381/381
f 382/382/382 383/383/383 384/384/384
f 385/385/385 386/386/386 387/387/387
f 388/388/388 389/389/389 390/390/390
f 391/391/391 392/392/392 393/393/393
f 394/394/394 395/395/395 396/396/396
f 397/397/397 398/398/398 399/399/399
f 400/400/400 401/401/401 402/402/402
f 403/403/403 404/404/404 405/405/405
f 406/406/406 407/407/407 408/408/408
f 409/409/409 410/410/410 411/411/411
f 412/412/412 413/413/413 414/414/414
f 415/415/415 416/416/416 417/417/417
f 418/418/418 419/419/419 420/420/420
f 421/421/421 422/422/422 423/423/423
f 424/424/424 425/425/425 426/426/426
f 427/427/427 428/428/428 429/429/429
f 430/430/430 431/431/431 432/432/432
f 433/433/433 434/434/434 435/435/435
f 436/436/436 437/437/437 438/438/438
f 439/439/439 440/440/440 441/441/441
f 442/442/442 443/443/443 444/444/444
f 445/445/445 446/446/446 447/447/447
f 448/448/448 449/449/449 450/450/450
f 451/451/451 452/452/452 453/453/453
f 454/454/454 455/455/455 456/456/456
f 457/457/457 458/458/458 459/459/459
f 460/460/460 461/461/461 462/462/462
f 463/463/463 464/464/464 465/465/465
f 466/466/466 467/467/467 468/468/468
f 469/469/469 470/470/470 471/471/471
f 472/472/472 473/473/473 474/474/474
f 475/475/475 476/476/476 477/477/477
f 478/478/478 479/479/479 480/480/480
f 481/481/481 482/482/482 483/483/483
f 484/484/484 485/485/485 486/486/486
f 487/487/487 488/488/488 489/489/489
f 490/490/490 491/491/491 492/492/492
f 493/493/493 494/494/494 495/495/495
f 496/496/496 497/497/497 498/498/498
f 499/499/499 500/500/500 501/501/501
f 502/502/502 503/503/503 504/504/504
f 505/505/505 506/506/506 507/507/507
f 508/508/508 509/509/509 510/510/510
f 511/511/511 512/512/512 513/513/513
f 514/514/514 515/515/515 516/516/516
f 517/517/517 518/518/518 519/519/519
f 520/520/520 521/521/521 522/522/522
f 523/523/523 524/524/524 525/525/525
f 526/526/526 527/527/527 528/528/528
f 529/529/529 530/530/530 531/531/531
f 532/532/532 533/533/533 534/534/534
f 535/535/535 536/536/536 537/537/537
f 538/538/538 539/539/539 540/540/540
f 541/541/541 542/542/542 543/543/543
f 544/544/544 545/545/545 546/546/546
f 547/547/547 548/548/548 549/549/549
f 550/550/550 551/551/551 552/552/552
f 553/553/553 554/554/554 555/555/555
f 556/556/556 557/557/557 558/558/558
f 559/559/559 560/560/560 561/561/561
f 562/562/562 563/563/563 564/564/564
f 565/565/565 566/566/566 567/567/567
f 568/568/568 569/569/569 570/570/570
f 571/571/571 572/572/572 573/573/573
f 574/574/574 575/575/575 576/576/576
f 577/577/577 578/578/578 579/579/579
f 580/580/580 581/581/581 582/582/582
f 583/583/583 584/584/584 585/585/585
f 586/586/586 587/587/587 588/588/588
f 589/589/589 590/590/590 591/591/591
f 592/592/592 593/593/593 594/594/594
f 595/595/595 596/596/596 597/597/597
f 598/598/598 599/599/599 600/600/600
f 601/601/601 602/602/602 603/603/603
f 604/604/604 605/605/605 606/606/606
f 607/607/607 608/608/608 609/609/609
f 610/610/610 611/611/611 612/612/612
f 613/613/613 614/614/614 615/615/615
f 616/616/616 617/617/617 618/618/618
f 619/619/619 620/620/620 621/621/621
f 622/622/622 623/623/623 624/624/624
f 625/625/625 626/626/626 627/627/627
f 628/628/628 629/629/629 630/630/630
f 631/631/631 632/632/632 633/633/633
f 634/634/634 635/635/635 636/636/636
f 637/637/637 638/638/638 639/639/639
f 640/640/640 641/641/641 642/642/642
f 643/643/643 644/644/644 645/645/645
f 646/646/646 647/647/647 648/648/648
f 649/649/649 650/650/650 651/651/651
f 652/652/652 653/653/653 654/654/654
f 655/655/655 656/656/656 657/657/657
f 658/658/658 659/659/659 660/660/660
f 661/661/661 662/662/662 663/663/663
f 664/664/664 665/665/665 666/666/666
f 667/667/667 668/668/668 669/669/669
f 670/670/670 671/671/671 672/672/672
f 673/673/673 674/674/674 675/675/675
f 676/676/676 677/677/677 678/678/678
f 679/679/679 680/680/680 681/681/681
f 682/682/682 683/683/683 684/684/684
f 685/685/685 686/686/686 687/687/687
f 688/688/688 689/689/689 690/690/690
f 691/691/691 692/692/692 693/693/693
f 694/694/694 695/695/695 696/696/696
f 697/697/697 698/698/698 699/699/699
f 700/700/700 701/701/701 702/702/702
f 703/703/703 704/704/704 705/705/705
f 706/706/706 707/707/707 708/708/708
f 709/709/709 710/710/710 711/711/711
f 712/712/712 713/713/713 714/714/714
f 715/715/715 716/716/716 717/717/717
f 718/718/718 719/719/719 720/720/720
f 721/721/721 722/722/722 723/723/723
f 724/724/724 725/725/725 726/726/726
f 727/727/727 728/728/728 729/729/729
f 730/730/730 731/731/731 732/732/732
f 733/733/733 734/734/734 735/735/735
f 736/736/736 737/737/737 738/738/738
f 739/739/739 740/740/740 741/741/741
f 742/742/742 743/743/743 744/744/744
f 745/745/745 746/746/746 747/747/747
f 748/748/748 749/749/749 750/750/750
f 751/751/751 752/752/752 753/753/753
f 754/754/754 755/755/755 756/756/756
f 757/757/757 758/758/758 759/759/759
f 760/760/760 761/761/761 762/762/762
f 763/763/763 764/764/764 765/765/765
f 766/766/766 767/767/767 768/768/768
f 769/769/769 770/770/770 771/771/771
f 772/772/772 773/773/773 774/774/774
f 775/775/775 776/776/776 777/777/777
f 778/778/778 779/779/779 780/780/780
f 781/781/781 782/782/782 783/783/783
f 784/784/784 785/785/785 786/786/786
f 787/787/787 788/788/788 789/789/789
f 790/790/790 791/791/791 792/792/792
f 793/793/793 794/794/794 795/795/795
f 796/796/796 797/797/797 798/798/798
f 799/799/799 800/800/800 801/801/801
f 802/802/802 803/803/803 804/804/804
f 805/805/805 806/806/806 807/807/807
f 808/808/808 809/809/809 810/810/810
f 811/811/811 812/812/812 813/813/813
f 814/814/814 815/815/815 816/816/816
f 817/817/817 818/818/818 819/819/819
f 820/820/820 821/821/821 822/822/822
f 823/823/823 824/824/824 825/825/825
f 826/826/826 827/827/827 828/828/828
f 829/829/829 830/830/830 831/831/831
f 832/832/832 833/833/833 834/834/834
f 835/835/835 836/836/836 837/837/837
f 838/838/838 839/839/839 840/840/840
f 841/841/841 842/842/842 843/843/843
f 844/844/844 845/845/845 846/846/846
f 847/847/847 848/848/848 849/849/849
f 850/850/850 851/851/851 852/852/852
f 853/853/853 854/854/854 855/855/855
f 856/856/856 857/857/857 858/858/858
f 859/859/859 860/860/860 861/861/861
f 862/862/862 863/863/863 864/864/864
f 865/865/865 866/866/866 867/867/867
f 868/868/868 869/869/869 870/870/870
f 871/871/871 872/872/872 873/873/873
f 874/874/874 875/875/875 876/876/876
f 877/877/877 878/878/878 879/879/879
f 880/880/880 881/881/881 882/882/882
f 883/883/883 884/884/884 885/885/885
f 886/886/886 887/887/887 888/888/888
f 889/889/889 890/890/890 891/891/891
f 892/892/892 893/893/893 894/894/894
f 895/895/895 896/896/896 897/897/897
f 898/898/898 899/899/899 900/900/900
f 901/901/901 902/902/902 903/903/903
f 904/904/904 905/905/905 906/906/906
f 907/907/907 908/908/908 909/909/909
f 910/910/910 911/911/911 912/912/912
f 913/913/913 914/914/914 915/915/915
f 916/916/916 917/917/917 918/918/918
f 919/919/919 920/920/920 921/921/921
f 922/922/922 923/923/923 924/924/924
f 925/925/925 926/926/926 927/927/927
f 928/928/928 929/929/929 930/930/930
f 931/931/931 932/932/932 933/933/933
f 934/934/934 935/935/935 936/936/936
f 937/937/937 938/938/938 939/939/939
f 940/940/940 941/941/941 942/942/942
f 943/943/943 944/944/944 945/945/945
f 946/946/946 947/947/947 948/948/948
f 949/949/949 950/950/950 951/951/951
f 952/952/952 953/953/953 954/954/954
f 955/955/955 956/956/956 957/957/957
f 958/958/958 959/959/959 960/960/960
f 961/961/961 962/962/962 963/963/963
f 964/964/964 965/965/965 966/966/966
f 967/967/967 968/968/968 969/969/969
f 970/970/970 971/971/971 972/972/972
f 973/973/973 974/974/974 975/975/975
f 976/976/976 977/977/977 978/978/978
f 979/979/979 980/980/980 981/981/981
f 982/982/982 983/983/983 984/984/984
f 985/985/985 986/986/986 987/987/987
f 988/988/988 989/989/989 990/990/990
f 991/991/991 992/992/992 993/993/993
f 994/994/994 995/995/995 996/996/996
f 997/997/997 998/998/998 999/999/999
f 1000/1000/1000 1001/1001/1001 1002/1002/1002
f 1003/1003/1003 1004/1004/1004 1005/1005/1005
f 1006/1006/1006 1007/1007/1007 1008/1008/1008
f 1009/1009/1009 1010/1010/1010 1011/1011/1011
f 1012/1012/1012 1013/1013/1013 1014/1014/1014
f 1015/1015/1015 1016/1016/1016 1017/1017/1017
f 1018/1018/1018 1019/1019/1019 1020/1020/1020
f 1021/1021/1021 1022/1022/1022 1023/1023/1023
f 1024/1024/1024 1025/1025/1025 1026/1026/1026
f 1027/1027/1027 1028/1028/1028 1029/1029/1029
f 1030/1030/1030 1031/1031/1031 1032/1032/1032
f 1033/1033/1033 1034/1034/1034 1035/1035/1035
f 1036/1036/1036 1037/1037/1037 1038/1038/1038
f 1039/1039/1039 1040/1040/1040 1041/1041/1041
f 1042/1042/1042 1043/1043/1043 1044/1044/1044
f 1045/1045/1045 1046/1046/1046 1047/1047/1047
f 1048/1048/1048 1049/1049/1049 1050/1050/1050
f 1051/1051/1051 1052/1052/1052 1053/1053/1053
f 1054/1054/1054 1055/1055/1055 1056/1056/1056
f 1057/1057/1057 1058/1058/1058 1059/1059/1059
f 1060/1060/1060 1061/1061/1061 1062/1062/1062
f 1063/1063/1063 1064/1064/1064 1065/1065/1065
f 1066/1066/1066 1067/1067/1067 1068/1068/1068
f 1069/1069/1069 1070/1070/1070 1071/1071/1071
f 1072/1072/1072 1073/1073/1073 1074/1074/1074
f 1075/1075/1075 1076/1076/1076 1077/1077/1077
f 1078/1078/1078 1079/1079/1079 1080/1080/1080
f 1081/1081/1081 1082/1082/1082 1083/1083/1083
f 1084/1084/1084 1085/1085/1085 1086/1086/1086
f 1087/1087/1087 1088/1088/1088 1089/1089/1089
f 1090/1090/1090 1091/1091/1091 1092/1092/1092
f 1093/1093/1093 1094/1094/1094 1095/1095/1095
f 1096/1096/1096 1097/1097/1097 1098/1098/1098
f 1099/1099/1099 1100/1100/1100 1101/1101/1101
f 1102/1102/1102 1103/1103/1103 1104/1104/1104
f 1105/1105/1105 1106/1106/1106 1107/1107/1107
f 1108/1108/1108 1109/1109/1109 1110/1110/1110
f 1111/1111/1111 1112/1112/1112 1113/1113/1113
f 1114/1114/1114 1115/1115/1115 1116/1116/1116
f 1117/1117/1117 1118/1118/1118 1119/1119/1119
f 1120/1120/1120 1121/1121/1121 1122/1122/1122
f 1123/1123/1123 1124/1124/1124 1125/1125/1125
f 1126/1126/1126 1127/1127/1127 1128/1128/1128
f 1129/1129/1129 1130/1130/1130 1131/1131/1131
f 1132/1132/1132 1133/1133/1133 1134/1134/1134
f 1135/1135/1135 1136/1136/1136 1137/1137/1137
f 1138/1138/1138 1139/1139/1139 1140/1140/1140
f 1141/1141/1141 1142/1142/1142 1143/1143/1143
f 1144/1144/1144 1145/1145/1145 1146/1146/1146
f 1147/1147/1147 1148/1148/1148 1149/1149/1149
f 1150/1150/1150 1151/1151/1151 1152/1152/1152
f 1153/1153/1153 1154/1154/1154 1155/1155/1155
f 1156/1156/1156 1157/1157/1157 1158/1158/1158
f 1159/1159/1159 1160/1160/1160 1161/1161/1161
f 1162/1162/1162 1163/1163/1163 1164/1164/1164
f 1165/1165/1165 1166/1166/1166 1167/1167/1167
f 1168/1168/1168 1169/1169/1169 1170/1170/1170
f 1171/1171/1171 1172/1172/1172 1173/1173/1173
f 1174/1174/1174 1175/1175/1175 1176/1176/1176
f 1177/1177/1177 1178/1178/1178 1179/1179/1179
f 1180/1180/1180 1181/1181/1181 1182/1182/1182
f 1183/1183/1183 1184/1184/1184 1185/1185/1185
f 1186/1186/1186 1187/1187/1187 1188/1188/1188
f 1189/1189/1189 1190/1190/1190 1191/1191/1191
f 1192/1192/1192 1193/1193/1193 1194/1194/1194
f 1195/1195/1195 1196/1196/1196 1197/1197/1197
f 1198/1198/1198 1199/1199/1199 1200/1200/1200
f 1201/1201/1201 1202/1202/1202 1203/1203/1203
f 1204/1204/1204 1205/1205/1205 1206/1206/1206
f 1207/1207/1207 1208/1208/1208 1209/1209/1209
f 1210/1210/1210 1211/1211/1211 1212/1212/1212
f 1213/1213/1213 1214/1214/1214 1215/1215/1215
f 1216/1216/1216 1217/1217/1217 1218/1218/1218
f 1219/1219/1219 1220/1220/1220 1221/1221/1221
f 1222/1222/1222 1223/1223/1223 1224/1224/1224
f 1225/1225/1225 1226/1226/1226 1227/1227/1227
f 1228/1228/1228 1229/1229/1229 1230/1230/1230
f 1231/1231/1231 1232/1232/1232 1233/1233/1233
f 1234/1234/1234 1235/1235/1235 1236/1236/1236
f 1237/1237/1237 1238/1238/1238 1239/1239/1239
f 1240/1240/1240 1241/1241/1241 1242/1242/1242
f 1243/1243/1243 1244/1244/1244 1245/1245/1245
f 1246/1246/1246 1247/1247/1247 1248/1248/1248
f 1249/1249/1249 1250/1250/1250 1251/1251/1251
f 1252/1252/1252 1253/1253/1253 1254/1254/1254
f 1255/1255/1255 1256/1256/1256 1257/1257/1257
f 1258/1258/1258 1259/1259/1259 1260/1260/1260
f 1261/1261/1261 1262/1262/1262 1263/1263/1263
f 1264/1264/1264 1265/1265/1265 1266/1266/1266
f 1267/1267/1267 1268/1268/1268 1269/1269/1269
f 1270/1270/1270 1271/1271/1271 1272/1272/1272
f 1273/1273/1273 1274/1274/1274 1275/1275/1275
f 1276/1276/1276 1277/1277/1277 1278/1278/1278
f 1279/1279/1279 1280/1280/1280 1281/1281/1281
f 1282/1282/1282 1283/1283/1283 1284/1284/1284
f 1285/1285/1285 1286/1286/1286 1287/1287/1287
f 1288/1288/1288 1289/1289/1289 1290/1290/1290
f 1291/1291/1291 1292/1292/1292 1293/1293/1293
f 1294/1294/1294 1295/1295/1295 1296/1296/1296
f 1297/1297/1297 1298/1298/1298 1299/1299/1299
f 1300/1300/1300 1301/1301/1301 1302/1302/1302
f 1303/1303/1303 1304/1304/1304 1305/1305/1305
f 1306/1306/1306 1307/1307/1307 1308/1308/1308
f 1309/1309/1309 1310/1310/1310 1311/1311/1311
f 1312/1312/1312 1313/1313/1313 1314/1314/1314
f 1315/1315/1315 1316/1316/1316 1317/1317/1317
f 1318/1318/1318 1319/1319/1319 1320/1320/1320
f 1321/1321/1321 1322/1322/1322 1323/1323/1323
f 1324/1324/1324 1325/1325/1325 1326/1326/1326
f 1327/1327/1327 1328/1328/1328 1329/1329/1329
f 1330/1330/1330 1331/1331/1331 1332/1332/1332
f 1333/1333/1333 1334/1334/1334 1335/1335/1335
f 1336/1336/1336 1337/1337/1337 1338/1338/1338
f 1339/1339/1339 1340/1340/1340 1341/1341/1341
f 1342/1342/1342 1343/1343/1343 1344/1344/1344
f 1345/1345/1345 1346/1346/1346 1347/1347/1347
f 1348/1348/1348 1349/1349/1349 1350/1350/1350
f 1351/1351/1351 1352/1352/1352 1353/1353/1353
f 1354/1354/1354 1355/1355/1355 1356/1356/1356
f 1357/1357/1357 1358/1358/1358 1359/1359/1359
f 1360/1360/1360 1361/1361/1361 1362/1362/1362
f 1363/1363/1363 1364/1364/1364 1365/1365/1365
f 1366/1366/1366 1367/1367/1367 1368/1368/1368
f 1369/1369/1369 1370/1370/1370 1371/1371/1371
f 1372/1372/1372 1373/1373/1373 1374/1374/1374
f 1375/1375/1375 1376/1376/1376 1377/1377/1377
f 1378/1378/1378 1379/1379/1379 1380/1380/1380
f 1381/1381/1381 1382/1382/1382 1383/1383/1383
f 1384/1384/1384 1385/1385/1385 1386/1386/1386
f 1387/1387/1387 1388/1388/1388 1389/1389/1389
f 1390/1390/1390 1391/1391/1391 1392/1392/1392
f 1393/1393/1393 1394/1394/1394 1395/1395/1395
f 1396/1396/1396 1397/1397/1397 1398/1398/1398
f 1399/1399/1399 1400/1400/1400 1401/1401/1401
f 1402/1402/1402 1403/1403/1403 1404/1404/1404
f 1405/1405/1405 1406/1406/1406 1407/1407/1407
f 1408/1408/1408 1409/1409/1409 1410/1410/1410
f 1411/1411/1411 1412/1412/1412 1413/1413/1413
f 1414/1414/1414 1415/1415/1415 1416/1416/1416
f 1417/1417/1417 1418/1418/1418 1419/1419/1419
f 1420/1420/1420 1421/1421/1421 1422/1422/1422
f 1423/1423/1423 1424/1424/1424 1425/1425/1425
f 1426/1426/1426 1427/1427/1427 1428/1428/1428
f 1429/1429/1429 1430/1430/1430 1431/1431/1431
f 1432/1432/1432 1433/1433/1433 1434/1434/1434
f 1435/1435/1435 1436/1436/1436 1437/1437/1437
f 1438/1438/1438 1439/1439/1439 1440/1440/1440
f 1441/1441/1441 1442/1442/1442 1443/1443/1443
f 1444/1444/1444 1445/1445/1445 1446/1446/1446
f 1447/1447/1447 1448/1448/1448 1449/1449/1449
f 1450/1450/1450 1451/1451/1451 1452/1452/1452
f 1453/1453/1453 1454/1454/1454 1455/1455/1455
f 1456/1456/1456 1457/1457/1457 1458/1458/1458
f 1459/1459/1459 1460/1460/1460 1461/1461/1461
f 1462/1462/1462 1463/1463/1463 1464/1464/1464
f 1465/1465/1465 1466/1466/1466 1467/1467/1467
f 1468/1468/1468 1469/1469/1469 1470/1470/1470
f 1471/1471/1471 1472/1472/1472 1473/1473/1473
f 1474/1474/1474 1475/1475/1475 1476/1476/1476
f 1477/1477/1477 1478/1478/1478 1479/1479/1479
f 1480/1480/1480 1481/1481/1481 1482/1482/1482
f 1483/1483/1483 1484/1484/1484 1485/1485/1485
f 1486/1486/1486 1487/1487/1487 1488/1488/1488
f 1489/1489/1489 1490/1490/1490 1491/1491/1491
f 1492/1492/1492 1493/1493/1493 1494/1494/1494
f 1495/1495/1495 1496/1496/1496 1497/1497/1497
f 1498/1498/1498 1499/1499/1499 1500/1500/1500
f 1501/1501/1501 1502/1502/1502 1503/1503/1503
f 1504/1504/1504 1505/1505/1505 1506/1506/1506
f 1507/1507/1507 1508/1508/1508 1509/1509/1509
f 1510/1510/1510 1511/1511/1511 1512/1512/1512
f 1513/1513/1513 1514/1514/1514 1515/1515/1515
f 1516/1516/1516 1517/1517/1517 1518/1518/1518
f 1519/1519/1519 1520/1520/1520 1521/1521/1521
f 1522/1522/1522 1523/1523/1523 1524/1524/1524
f 1525/1525/1525 1526/1526/1526 1527/1527/1527
f 1528/1528/1528 1529/1529/1529 1530/1530/1530
f 1531/1531/1531 1532/1532/1532 1533/1533/1533
f 1534/1534/1534 1535/1535/1535 1536/1536/1536
f 1537/1537/1537 1538/1538/1538 1539/1539/1539
f 1540/1540/1540 1541/1541/1541 1542/1542/1542
f 1543/1543/1543 1544/1544/1544 1545/1545/1545
f 1546/1546/1546 1547/1547/1547 1548/1548/1548
f 1549/1549/1549 1550/1550/1550 1551/1551/1551
f 1552/1552/1552 1553/1553/1553 1554/1554/1554
f 1555/1555/1555 1556/1556/1556 1557/1557/1557
f 1558/1558/1558 1559/1559/1559 1560/1560/1560
f 1561/1561/1561 1562/1562/1562 1563/1563/1563
f 1564/1564/1564 1565/1565/1565 1566/1566/1566
f 1567/1567/1567 1568/1568/1568 1569/1569/1569
f 1570/1570/1570 1571/1571/1571 1572/1572/1572
f 1573/1573/1573 1574/1574/1574 1575/1575/1575
f 1576/1576/1576 1577/1577/1577 1578/1578/1578
f 1579/1579/1579 1580/1580/1580 1581/1581/1581
f 1582/1582/1582 1583/1583/1583 1584/1584/1584
f 1585/1585/1585 1586/1586/1586 1587/1587/1587
f 1588/1588/1588 1589/1589/1589 1590/1590/1590
f 1591/1591/1591 1592/1592/1592 1593/1593/1593
f 1594/1594/1594 1595/1595/1595 1596/1596/1596
f 1597/1597/1597 1598/1598/1598 1599/1599/1599
f 1600/1600/1600 1601/1601/1601 1602/1602/1602
f 1603/1603/1603 1604/1604/1604 1605/1605/1605
f 1606/1606/1606 1607/1607/1607 1608/1608/1608
f 1609/1609/1609 1610/1610/1610 1611/1611/1611
f 1612/1612/1612 1613/1613/1613 1614/1614/1614
f 1615/1615/1615 1616/1616/1616 1617/1617/1617
f 1618/1618/1618 1619/1619/1619 1620/1620/1620
f 1621/1621/1621 1622/1622/1622 1623/1623/1623
f 1624/1624/1624 1625/1625/1625 1626/1626/1626
f 1627/1627/1627 1628/1628/1628 1629/1629/1629
f 1630/1630/1630 1631/1631/1631 1632/1632/1632
f 1633/1633/1633 1634/1634/1634 1635/1635/1635
f 1636/1636/1636 1637/1637/1637 1638/1638/1638
f 1639/1639/1639 1640/1640/1640 1641/1641/1641
f 1642/1642/1642 1643/1643/1643 1644/1644/1644
f 1645/1645/1645 1646/1646/1646 1647/1647/1647
f 1648/1648/1648 1649/1649/1649 1650/1650/1650
f 1651/1651/1651 1652/1652/1652 1653/1653/1653
f 1654/1654/1654 1655/1655/1655 1656/1656/1656
f 1657/1657/1657 1658/1658/1658 1659/1659/1659
f 1660/1660/1660 1661/1661/1661 1662/1662/1662
f 1663/1663/1663 1664/1664/1664 1665/1665/1665
f 1666/1666/1666 1667/1667/1667 1668/1668/1668
f 1669/1669/1669 1670/1670/1670 1671/1671/1671
f 1672/1672/1672 1673/1673/1673 1674/1674/1674
f 1675/1675/1675 1676/1676/1676 1677/1677/1677
f 1678/1678/1678 1679/1679/1679 1680/1680/1680
f 1681/1681/1681 1682/1682/1682 1683/1683/1683
f 1684/1684/1684 1685/1685/1685 1686/1686/1686
f 1687/1687/1687 1688/1688/1688 1689/1689/1689
f 1690/1690/1690 1691/1691/1691 1692/1692/1692
f 1693/1693/1693 1694/1694/1694 1695/1695/1695
f 1696/1696/1696 1697/1697/1697 1698/1698/1698
f 1699/1699/1699 1700/1700/1700 1701/1701/1701
f 1702/1702/1702 1703/1703/1703 1704/1704/1704
f 1705/1705/1705 1706/1706/1706 1707/1707/1707
f 1708/1708/1708 1709/1709/1709 1710/1710/1710
f 1711/1711/1711 1712/1712/1712 1713/1713/1713
f 1714/1714/1714 1715/1715/1715 1716/1716/1716
f 1717/1717/1717 1718/1718/1718 1719/1719/1719
f 1720/1720/1720 1721/1721/1721 1722/1722/1722
f 1723/1723/1723 1724/1724/1724 1725/1725/1725
f 1726/1726/1726 1727/1727/1727 1728/1728/1728
f 1729/1729/1729 1730/1730/1730 1731/1731/1731
f 1732/1732/1732 1733/1733/1733 1734/1734/1734
f 1735/1735/1735 1736/1736/1736 1737/1737/1737
f 1738/1738/1738 1739/1739/1739 1740/1740/1740
f 1741/1741/1741 1742/1742/1742 1743/1743/1743
f 1744/1744/1744 1745/1745/1745 1746/1746/1746
f 1747/1747/1747 1748/1748/1748 1749/1749/1749
f 1750/1750/1750 1751/1751/1751 1752/1752/1752
f 1753/1753/1753 1754/1754/1754 1755/1755/1755
f 1756/1756/1756 1757/1757/1757 1758/1758/1758
f 1759/1759/1759 1760/1760/1760 1761/1761/1761
f 1762/1762/1762 1763/1763/1763 1764/1764/1764
f 1765/1765/1765 1766/1766/1766 1767/1767/1767
f 1768/1768/1768 1769/1769/1769 1770/1770/1770
f 1771/1771/1771 1772/1772/1772 1773/1773/1773
f 1774/1774/1774 1775/1775/1775 1776/1776/1776
f 1777/1777/1777 1778/1778/1778 1779/1779/1779
f 1780/1780/1780 1781/1781/1781 1782/1782/1782
f 1783/1783/1783 1784/1784/1784 1785/1785/1785
f 1786/1786/1786 1787/1787/1787 1788/1788/1788
f 1789/1789/1789 1790/1790/1790 1791/1791/1791
f 1792/1792/1792 1793/1793/1793 1794/1794/1794
f 1795/1795/1795 1796/1796/1796 1797/1797/1797
f 1798/1798/1798 1799/1799/1799 1800/1800/1800
f 1801/1801/1801 1802/1802/1802 1803/1803/1803
f 1804/1804/1804 1805/1805/1805 1806/1806/1806
f 1807/1807/1807 1808/1808/1808 1809/1809/1809
f 1810/1810/1810 1811/1811/1811 1812/1812/1812
f 1813/1813/1813 1814/1814/1814 1815/1815/1815
f 1816/1816/1816 1817/1817/1817 1818/1818/1818
f 1819/1819/1819 1820/1820/1820 1821/1821/1821
f 1822/1822/1822 1823/1823/1823 1824/1824/1824
f 1825/1825/1825 1826/1826/1826 1827/1827/1827
f 1828/1828/1828 1829/1829/1829 1830/1830/1830
f 1831/1831/1831 1832/1832/1832 1833/1833/1833
f 1834/1834/1834 1835/1835/1835 1836/1836/1836
f 1837/1837/1837 1838/1838/1838 1839/1839/1839
f 1840/1840/1840 1841/1841/1841 1842/1842/1842
f 1843/1843/1843 1844/1844/1844 1845/1845/1845
f 1846/1846/1846 1847/1847/1847 1848/1848/1848
f 1849/1849/1849 1850/1850/1850 1851/1851/1851
f 1852/1852/1852 1853/1853/1853 1854/1854/1854
f 1855/1855/1855 1856/1856/1856 1857/1857/1857
f 1858/1858/1858 1859/1859/1859 1860/1860/1860
f 1861/1861/1861 1862/1862/1862 1863/1863/1863
f 1864/1864/1864 1865/1865/1865 1866/1866/1866
f 1867/1867/1867 1868/1868/1868 1869/1869/1869
f 1870/1870/1870 1871/1871/1871 1872/1872/1872
f 1873/1873/1873 1874/1874/1874 1875/1875/1875
f 1873/1873/1873 1875/1875/1875 1874/1874/1874
f 1873/1873/1873 1875/1875/1875 1876/1876/1876
f 1873/1873/1873 1876/1876/1876 1875/1875/1875
f 1873/1873/1873 1876/1876/1876 1877/1877/1877
f 1873/1873/1873 1877/1877/1877 1876/1876/1876
f 1873/1873/1873 1877/1877/1877 1878/1878/1878
f 1873/1873/1873 1878/1878/1878 1877/1877/1877
f 1873/1873/1873 1878/1878/1878 1879/1879/1879
f 1873/1873/1873 1879/1879/1879 1878/1878/1878
f 1873/1873/1873 1879/1879/1879 1880/1880/1880
f 1873/1873/1873 1880/1880/1880 1879/1879/1879
f 1873/1873/1873 1880/1880/1880 1881/1881/1881
f 1873/1873/1873 1881/1881/1881 1880/1880/1880
f 1873/1873/1873 1881/1881/1881 1882/1882/1882
f 1873/1873/1873 1882/1882/1882 1881/1881/1881
f 1873/1873/1873 1882/1882/1882 1883/1883/1883
f 1873/1873/1873 1883/1883/1883 1882/1882/1882
f 1873/1873/1873 1883/1883/1883 1884/1884/1884
f 1873/1873/1873 1884/1884/1884 1883/1883/1883
f 1873/1873/1873 1884/1884/1884 1885/1885/1885
f 1873/1873/1873 1885/1885/1885 1884/1884/1884
f 1873/1873/1873 1885/1885/1885 1886/1886/1886
f 1873/1873/1873 1886/1886/1886 1885/1885/1885
f 1873/1873/1873 1886/1886/1886 1887/1887/1887
f 1873/1873/1873 1887/1887/1887 1886/1886/1886
f 1873/1873/1873 1887/1887/1887 1888/1888/1888
f 1873/1873/1873 1888/1888/1888 1887/1887/1887
f 1873/1873/1873 1888/1888/1888 1889/1889/1889
f 1873/1873/1873 1889/1889/1889 1888/1888/1888
f 1873/1873/1873 1889/1889/1889 1890/1890/1890
f 1873/1873/1873 1890/1890/1890 1889/1889/1889
f 1873/1873/1873 1890/1890/1890 1891/1891/1891
f 1873/1873/1873 1891/1891/1891 1890/1890/1890
f 1873/1873/1873 1891/1891/1891 1892/1892/1892
f 1873/1873/1873 1892/1892/1892 1891/1891/1891
f 1873/1873/1873 1892/1892/1892 1893/1893/1893
f 1873/1873/1873 1893/1893/1893 1892/1892/1892
f 1873/1873/1873 1893/1893/1893 1894/1894/1894
f 1873/1873/1873 1894/1894/1894 1893/1893/1893
f 1873/1873/1873 1894/1894/1894 1895/1895/1895
f 1873/1873/1873 1895/1895/1895 1894/1894/1894
f 1873/1873/1873 1895/1895/1895 1896/1896/1896
f 1873/1873/1873 1896/1896/1896 1895/1895/1895
f 1873/1873/1873 1896/1896/1896 1897/1897/1897
f 1873/1873/1873 1897/1897/1897 1896/1896/1896
f 1873/1873/1873 1897/1897/1897 1898/1898/1898
f 1873/1873/1873 1898/1898/1898 1897/1897/1897
f 1873/1873/1873 1898/1898/1898 1899/1899/1899
f 1873/1873/1873 1899/1899/1899 1898/1898/1898
f 1873/1873/1873 1899/1899/1899 1900/1900/1900
f 1873/1873/1873 1900/1900/1900 1899/1899/1899
f 1873/1873/1873 1900/1900/1900 1901/1901/1901
f 1873/1873/1873 1901/1901/1901 1900/1900/1900
f 1873/1873/1873 1901/1901/1901 1902/1902/1902
f 1873/1873/1873 1902/1902/1902 1901/1901/1901
f 1873/1873/1873 1902/1902/1902 1903/1903/1903
f 1873/1873/1873 1903/1903/1903 1902/1902/1902
f 1873/1873/1873 1903/1903/1903 1904/1904/1904
f 1873/1873/1873 1904/1904/1904 1903/1903/1903
f 1873/1873/1873 1904/1904/1904 1905/1905/1905
f 1873/1873/1873 1905/1905/1905 1904/1904/1904
f 1873/1873/1873 1905/1905/1905 1906/1906/1906
f 1873/1873/1873 1906/1906/1906 1905/1905/1905
f 1873/1873/1873 1906/1906/1906 1907/1907/1907
f 1873/1873/1873 1907/1907/1907 1906/1906/1906
f 1873/1873/1873 1907/1907/1907 1908/1908/1908
f 1873/1873/1873 1908/1908/1908 1907/1907/1907
f 1873/1873/1873 1908/1908/1908 1909/1909/1909
f 1873/1873/1873 1909/1909/1909 1908/1908/1908
f 1873/1873/1873 1909/1909/1909 1910/1910/1910
f 1873/1873/1873 1910/1910/1910 1909/1909/1909
f 1873/1873/1873 1910/1910/1910 1911/1911/1911
f 1873/1873/1873 1911/1911/1911 1910/1910/1910
f 1873/1873/1873 1911/1911/1911 1912/1912/1912
f 1873/1873/1873 1912/1912/1912 1911/1911/1911
f 1873/1873/1873 1912/1912/1912 1913/1913/1913
f 1873/1873/1873 1913/1913/1913 1912/1912/1912
f 1873/1873/1873 1913/1913/1913 1914/1914/1914
f 1873/1873/1873 1914/1914/1914 1913/1913/1913
f 1873/1873/1873 1914/1914/1914 1915/1915/1915
f 1873/1873/1873 1915/1915/1915 1914/1914/1914
f 1873/1873/1873 1915/1915/1915 1916/1916/1916
f 1873/1873/1873 1916/1916/1916 1915/1915/1915
f 1873/1873/1873 1916/1916/1916 1917/1917/1917
f 1873/1873/1873 1917/1917/1917 1916/1916/1916
f 1873/1873/1873 1917/1917/1917 1918/1918/1918
f 1873/1873/1873 1918/1918/1918 1917/1917/1917
f 1873/1873/1873 1918/1918/1918 1919/1919/1919
f 1873/1873/1873 1919/1919/1919 1918/1918/1918
f 1873/1873/1873 1919/1919/1919 1920/1920/1920
f 1873/1873/1873 1920/1920/1920 1919/1919/1919
f 1873/1873/1873 1920/1920/1920 1921/1921/1921
f 1873/1873/1873 1921/1921/1921 1920/1920/1920
f 1873/1873/1873 1921/1921/1921 1922/1922/1922
f 1873/1873/1873 1922/1922/1922 1921/1921/1921
f 1873/1873/1873 1922/1922/1922 1923/1923/1923
f 1873/1873/1873 1923/1923/1923 1922/1922/1922
f 1873/1873/1873 1923/1923/1923 1924/1924/1924
f 1873/1873/1873 1924/1924/1924 1923/1923/1923
f 1873/1873/1873 1924/1924/1924 1925/1925/1925
f 1873/1873/1873 1925/1925/1925 1924/1924/1924
f 1873/1873/1873 1925/1925/1925 1926/1926/1926
f 1873/1873/1873 1926/1926/1926 1925/1925/1925
f 1873/1873/1873 1926/1926/1926 1927/1927/1927
f 1873/1873/1873 1927/1927/1927 1926/1926/1926
f 1873/1873/1873 1927/1927/1927 1928/1928/1928
f 1873/1873/1873 1928/1928/1928 1927/1927/1927
f 1873/1873/1873 1928/1928/1928 1929/1929/1929
f 1873/1873/1873 1929/1929/1929 1928/1928/1928
f 1873/1873/1873 1929/1929/1929 1930/1930/1930
f 1873/1873/1873 1930/1930/1930 1929/1929/1929
f 1873/1873/1873 1930/1930/1930 1931/1931/1931
f 1873/1873/1873 1931/1931/1931 1930/1930/1930
f 1873/1873/1873 1931/1931/1931 1874/1874/1874
f 1873/1873/1873 1874/1874/1874 1931/1931/1931
f 1932/1932/1932 1933/1933/1933 1934/1934/1934
f 1932/1932/1932 1934/1934/1934 1933/1933/1933
f 1932/1932/1932 1934/1934/1934 1935/1935/1935
f 1932/1932/1932 1935/1935/1935 1934/1934/1934
f 1932/1932/1932 1935/1935/1935 1936/1936/1936
f 1932/1932/1932 1936/1936/1936 1935/1935/1935
f 1932/1932/1932 1936/1936/1936 1937/1937/1937
f 1932/1932/1932 1937/1937/1937 1936/1936/1936
f 1932/1932/1932 1937/1937/1937 1938/1938/1938
f 1932/1932/1932 1938/1938/1938 1937/1937/1937
f 1932/1932/1932 1938/1938/1938 1939/1939/1939
f 1932/1932/1932 1939/1939/1939 1938/1938/1938
f 1932/1932/1932 1939/1939/1939 1940/1940/1940
f 1932/1932/1932 1940/1940/1940 1939/1939/1939
f 1932/1932/1932 1940/1940/1940 1941/1941/1941
f 1932/1932/1932 1941/1941/1941 1940/1940/1940
f 1932/1932/1932 1941/1941/1941 1942/1942/1942
f 1932/1932/1932 1942/1942/1942 1941/1941/1941
f 1932/1932/1932 1942/1942/1942 1943/1943/1943
f 1932/1932/1932 1943/1943/1943 1942/1942/1942
f 1932/1932/1932 1943/1943/1943 1944/1944/1944
f 1932/1932/1932 1944/1944/1944 1943/1943/1943
f 1932/1932/1932 1944/1944/1944 1945/1945/1945
f 1932/1932/1932 1945/1945/1945 1944/1944/1944
f 1932/1932/1932 1945/1945/1945 1946/1946/1946
f 1932/1932/1932 1946/1946/1946 1945/1945/1945
f 1932/1932/1932 1946/1946/1946 1947/1947/1947
f 1932/1932/1932 1947/1947/1947 1946/1946/1946
f 1932/1932/1932 1947/1947/1947 1948/1948/1948
f 1932/1932/1932 1948/1948/1948 1947/1947/1947
f 1932/1932/1932 1948/1948/1948 1949/1949/1949
f 1932/1932/1932 1949/1949/1949 1948/1948/1948
f 1932/1932/1932 1949/1949/1949 1950/1950/1950
f 1932/1932/1932 1950/1950/1950 1949/1949/1949
f 1932/1932/1932 1950/1950/1950 1951/1951/1951
f 1932/1932/1932 1951/1951/1951 1950/1950/1950
f 1932/1932/1932 1951/1951/1951 1952/1952/1952
f 1932/1932/1932 1952/1952/1952 1951/1951/1951
f 1932/1932/1932 1952/1952/1952 1953/1953/1953
f 1932/1932/1932 1953/1953/1953 1952/1952/1952
f 1932/1932/1932 1953/1953/1953 1954/1954/1954
f 1932/1932/1932 1954/1954/1954 1953/1953/1953
f 1932/1932/1932 1954/1954/1954 1955/1955/1955
f 1932/1932/1932 1955/1955/1955 1954/1954/1954
f 1932/1932/1932 1955/1955/1955 1956/1956/1956
f 1932/1932/1932 1956/1956/1956 1955/1955/1955
f 1932/1932/1932 1956/1956/1956 1957/1957/1957
f 1932/1932/1932 1957/1957/1957 1956/1956/1956
f 1932/1932/1932 1957/1957/1957 1958/1958/1958
f 1932/1932/1932 1958/1958/1958 1957/1957/1957
f 1932/1932/1932 1958/1958/1958 1959/1959/1959
f 1932/1932/1932 1959/1959/1959 1958/1958/1958
f 1932/1932/1932 1959/1959/1959 1960/1960/1960
f 1932/1932/1932 1960/1960/1960 1959/1959/1959
f 1932/1932/1932 1960/1960/1960 1961/1961/1961
f 1932/1932/1932 1961/1961/1961 1960/1960/1960
f 1932/1932/1932 1961/1961/1961 1962/1962/1962
f 1932/1932/1932 1962/1962/1962 1961/1961/1961
f 1932/1932/1932 1962/1962/1962 1963/1963/1963
f 1932/1932/1932 1963/1963/1963 1962/1962/1962
f 1932/1932/1932 1963/1963/1963 1964/1964/1964
f 1932/1932/1932 1964/1964/1964 1963/1963/1963
f 1932/1932/1932 1964/1964/1964 1965/1965/1965
f 1932/1932/1932 1965/1965/1965 1964/1964/1964
f 1932/1932/1932 1965/1965/1965 1966/1966/1966
f 1932/1932/1932 1966/1966/1966 1965/1965/1965
f 1932/1932/1932 1966/1966/1966 1967/1967/1967
f 1932/1932/1932 1967/1967/1967 1966/1966/1966
f 1932/1932/1932 1967/1967/1967 1968/1968/1968
f 1932/1932/1932 1968/1968/1968 1967/1967/1967
f 1932/1932/1932 1968/1968/1968 1969/1969/1969
f 1932/1932/1932 1969/1969/1969 1968/1968/1968
f 1932/1932/1932 1969/1969/1969 1970/1970/1970
f 1932/1932/1932 1970/1970/1970 1969/1969/1969
f 1932/1932/1932 1970/1970/1970 1971/1971/1971
f 1932/1932/1932 1971/1971/1971 1970/1970/1970
f 1932/1932/1932 1971/1971/1971 1972/1972/1972
f 1932/1932/1932 1972/1972/1972 1971/1971/1971
f 1932/1932/1932 1972/1972/1972 1973/1973/1973
f 1932/1932/1932 1973/1973/1973 1972/1972/1972
f 1932/1932/1932 1973/1973/1973 1974/1974/1974
f 1932/1932/1932 1974/1974/1974 1973/1973/1973
f 1932/1932/1932 1974/1974/1974 1933/1933/1933
f 1932/1932/1932 1933/1933/1933 1974/1974/1974
