o arm_right
v 0.49703 1.13646 -0.03173
v 0.48005 1.17111 -0.02694
v 0.52707 1.07274 -0.01263
v 0.52282 1.07657 0.05084
v 0.47666 1.17121 0.05349
v 0.50815 1.10763 0.05957
v 0.47501 1.13031 -0.04713
v 0.49703 1.13646 -0.03173
v 0.52351 1.04892 -0.02121
v 0.50815 1.10763 0.05957
v 0.48075 1.11650 0.06945
v 0.50257 1.07338 0.05723
v 0.47666 1.17121 0.05349
v 0.52282 1.07657 0.05084
v 0.48005 1.17111 -0.02694
v 0.48075 1.11650 0.06945
v 0.47974 1.11482 0.08131
v 0.50257 1.07338 0.05723
v 0.47501 1.13031 -0.04713
v 0.48005 1.17111 -0.02694
v 0.49703 1.13646 -0.03173
v 0.48075 1.11650 0.06945
v 0.50815 1.10763 0.05957
v 0.47666 1.17121 0.05349
v 0.47501 1.13031 -0.04713
v 0.45365 1.17006 -0.03585
v 0.48005 1.17111 -0.02694
v 0.48005 1.17111 -0.02694
v 0.46281 1.20003 -0.01740
v 0.47666 1.17121 0.05349
v 0.46408 1.20061 0.04022
v 0.47666 1.17121 0.05349
v 0.46281 1.20003 -0.01740
v 0.48005 1.17111 -0.02694
v 0.46086 1.16942 -0.02688
v 0.46281 1.20003 -0.01740
v 0.48075 1.11650 0.06945
v 0.47666 1.17121 0.05349
v 0.45667 1.17250 0.06696
v 0.47666 1.17121 0.05349
v 0.46035 1.17137 0.05195
v 0.45667 1.17250 0.06696
v 0.47666 1.17121 0.05349
v 0.46408 1.20061 0.04022
v 0.46035 1.17137 0.05195
v 0.47974 1.11482 0.08131
v 0.48075 1.11650 0.06945
v 0.45667 1.17250 0.06696
v 0.46035 1.17137 0.05195
v 0.46408 1.20061 0.04022
v 0.44996 1.20010 0.03986
v 0.45365 1.17006 -0.03585
v 0.46086 1.16942 -0.02688
v 0.48005 1.17111 -0.02694
v 0.47974 1.11482 0.08131
v 0.44372 1.15509 0.08235
v 0.45496 1.12105 0.09096
v 0.45667 1.17250 0.06696
v 0.44372 1.15509 0.08235
v 0.47974 1.11482 0.08131
v 0.44278 1.22016 -0.02203
v 0.46086 1.16942 -0.02688
v 0.45365 1.17006 -0.03585
v 0.45667 1.17250 0.06696
v 0.44149 1.21850 0.05111
v 0.44893 1.17037 0.06267
v 0.47974 1.11482 0.08131
v 0.45496 1.12105 0.09096
v 0.43691 1.10986 0.09795
v 0.46281 1.20003 -0.01740
v 0.46086 1.16942 -0.02688
v 0.44964 1.19969 -0.01522
v 0.45667 1.17250 0.06696
v 0.44893 1.17037 0.06267
v 0.44372 1.15509 0.08235
v 0.44996 1.20010 0.03986
v 0.45667 1.17250 0.06696
v 0.46035 1.17137 0.05195
v 0.45365 1.17006 -0.03585
v 0.47501 1.13031 -0.04713
v 0.44829 1.16500 -0.04356
v 0.44149 1.21850 0.05111
v 0.45667 1.17250 0.06696
v 0.44996 1.20010 0.03986
v 0.44278 1.22016 -0.02203
v 0.44964 1.19969 -0.01522
v 0.46086 1.16942 -0.02688
v 0.44996 1.20010 0.03986
v 0.46281 1.20003 -0.01740
v 0.44964 1.19969 -0.01522
v 0.46281 1.20003 -0.01740
v 0.44996 1.20010 0.03986
v 0.46408 1.20061 0.04022
v 0.44085 1.15682 -0.05622
v 0.45460 1.11810 -0.06736
v 0.44576 1.11971 -0.05327
v 0.45460 1.11810 -0.06736
v 0.44085 1.15682 -0.05622
v 0.47501 1.13031 -0.04713
v 0.45496 1.12105 0.09096
v 0.44372 1.15509 0.08235
v 0.44894 1.12272 0.08297
v 0.44996 1.20010 0.03986
v 0.44278 1.22016 -0.02203
v 0.44149 1.21850 0.05111
v 0.44893 1.17037 0.06267
v 0.44100 1.15570 0.07346
v 0.44372 1.15509 0.08235
v 0.47501 1.13031 -0.04713
v 0.44085 1.15682 -0.05622
v 0.44829 1.16500 -0.04356
v 0.44996 1.20010 0.03986
v 0.44964 1.19969 -0.01522
v 0.44278 1.22016 -0.02203
v 0.44085 1.15682 -0.05622
v 0.44576 1.11971 -0.05327
v 0.43850 1.15723 -0.04424
v 0.44803 1.27020 0.04804
v 0.43905 1.24274 -0.01755
v 0.44770 1.27207 -0.01819
v 0.44803 1.27020 0.04804
v 0.43426 1.29945 0.06390
v 0.44094 1.24553 0.05226
v 0.44894 1.12272 0.08297
v 0.44372 1.15509 0.08235
v 0.44100 1.15570 0.07346
v 0.45496 1.12105 0.09096
v 0.44894 1.12272 0.08297
v 0.43691 1.10986 0.09795
v 0.44803 1.27020 0.04804
v 0.44094 1.24553 0.05226
v 0.43905 1.24274 -0.01755
v 0.45365 1.17006 -0.03585
v 0.42991 1.21837 -0.02366
v 0.44278 1.22016 -0.02203
v 0.43850 1.15723 -0.04424
v 0.44829 1.16500 -0.04356
v 0.44085 1.15682 -0.05622
v 0.42991 1.21837 -0.02366
v 0.45365 1.17006 -0.03585
v 0.44829 1.16500 -0.04356
v 0.43693 1.11671 -0.05325
v 0.43850 1.15723 -0.04424
v 0.44576 1.11971 -0.05327
v 0.44278 1.22016 -0.02203
v 0.42611 1.21930 0.04377
v 0.44149 1.21850 0.05111
v 0.44094 1.24553 0.05226
v 0.42213 1.23999 0.05861
v 0.43905 1.24274 -0.01755
v 0.43693 1.11671 -0.05325
v 0.44576 1.11971 -0.05327
v 0.44031 1.11346 -0.07183
v 0.42139 1.24398 -0.02724
v 0.44770 1.27207 -0.01819
v 0.43905 1.24274 -0.01755
v 0.44803 1.27020 0.04804
v 0.40779 1.40796 0.05555
v 0.43426 1.29945 0.06390
v 0.42611 1.21930 0.04377
v 0.44278 1.22016 -0.02203
v 0.42991 1.21837 -0.02366
v 0.44893 1.17037 0.06267
v 0.44149 1.21850 0.05111
v 0.42388 1.21735 0.06145
v 0.43453 1.11534 0.08449
v 0.44894 1.12272 0.08297
v 0.42040 1.12562 0.09402
v 0.42738 1.12717 -0.06401
v 0.43850 1.15723 -0.04424
v 0.43693 1.11671 -0.05325
v 0.43850 1.15723 -0.04424
v 0.40380 1.18242 -0.04738
v 0.44829 1.16500 -0.04356
v 0.41721 1.20413 -0.03605
v 0.42481 1.21820 -0.03544
v 0.44829 1.16500 -0.04356
v 0.43905 1.24274 -0.01755
v 0.42213 1.23999 0.05861
v 0.42861 1.24089 -0.00592
v 0.43693 1.11671 -0.05325
v 0.43355 1.08541 -0.05698
v 0.42738 1.12717 -0.06401
v 0.42611 1.21930 0.04377
v 0.42388 1.21735 0.06145
v 0.44149 1.21850 0.05111
v 0.42991 1.21837 -0.02366
v 0.42861 1.24089 -0.00592
v 0.42213 1.23999 0.05861
v 0.42213 1.23999 0.05861
v 0.42611 1.21930 0.04377
v 0.42991 1.21837 -0.02366
v 0.39706 1.35976 -0.03855
v 0.44770 1.27207 -0.01819
v 0.42139 1.24398 -0.02724
v 0.43905 1.24274 -0.01755
v 0.42861 1.24089 -0.00592
v 0.42139 1.24398 -0.02724
v 0.40690 1.40854 -0.01718
v 0.40779 1.40796 0.05555
v 0.44803 1.27020 0.04804
v 0.42481 1.21820 -0.03544
v 0.42991 1.21837 -0.02366
v 0.44829 1.16500 -0.04356
v 0.44100 1.15570 0.07346
v 0.44893 1.17037 0.06267
v 0.41290 1.20560 0.06815
v 0.37308 1.14344 -0.07595
v 0.40918 1.14955 -0.06157
v 0.42738 1.12717 -0.06401
v 0.44803 1.27020 0.04804
v 0.44770 1.27207 -0.01819
v 0.40690 1.40854 -0.01718
v 0.40443 1.31553 0.07471
v 0.42813 1.22953 0.09030
v 0.42213 1.23999 0.05861
v 0.42813 1.22953 0.09030
v 0.41870 1.22164 0.05306
v 0.42611 1.21930 0.04377
v 0.42861 1.24089 -0.00592
v 0.42991 1.21837 -0.02366
v 0.41688 1.22708 -0.02320
v 0.41290 1.20560 0.06815
v 0.44893 1.17037 0.06267
v 0.42388 1.21735 0.06145
v 0.42481 1.21820 -0.03544
v 0.41556 1.21630 -0.02841
v 0.42991 1.21837 -0.02366
v 0.44770 1.27207 -0.01819
v 0.39706 1.35976 -0.03855
v 0.40690 1.40854 -0.01718
v 0.42611 1.21930 0.04377
v 0.42213 1.23999 0.05861
v 0.42813 1.22953 0.09030
v 0.42780 1.23216 -0.05843
v 0.42861 1.24089 -0.00592
v 0.41688 1.22708 -0.02320
v 0.42780 1.23216 -0.05843
v 0.42139 1.24398 -0.02724
v 0.42861 1.24089 -0.00592
v 0.40918 1.14955 -0.06157
v 0.43850 1.15723 -0.04424
v 0.42738 1.12717 -0.06401
v 0.44829 1.16500 -0.04356
v 0.40380 1.18242 -0.04738
v 0.41721 1.20413 -0.03605
v 0.42991 1.21837 -0.02366
v 0.41556 1.21630 -0.02841
v 0.41688 1.22708 -0.02320
v 0.42813 1.22953 0.09030
v 0.41660 1.22687 0.09727
v 0.41870 1.22164 0.05306
v 0.42813 1.22953 0.09030
v 0.40443 1.31553 0.07471
v 0.41169 1.30503 0.10169
v 0.40443 1.31553 0.07471
v 0.44094 1.24553 0.05226
v 0.43426 1.29945 0.06390
v 0.37308 1.14344 -0.07595
v 0.42738 1.12717 -0.06401
v 0.42074 1.09298 -0.07355
v 0.41627 1.22753 -0.06250
v 0.42780 1.23216 -0.05843
v 0.41688 1.22708 -0.02320
v 0.42481 1.21820 -0.03544
v 0.41721 1.20413 -0.03605
v 0.41556 1.21630 -0.02841
v 0.41660 1.22687 0.09727
v 0.41651 1.21241 0.09894
v 0.41870 1.22164 0.05306
v 0.40443 1.31553 0.07471
v 0.42213 1.23999 0.05861
v 0.44094 1.24553 0.05226
v 0.41870 1.22164 0.05306
v 0.41651 1.21241 0.09894
v 0.41290 1.20560 0.06815
v 0.42611 1.21930 0.04377
v 0.41290 1.20560 0.06815
v 0.42388 1.21735 0.06145
v 0.44894 1.12272 0.08297
v 0.44100 1.15570 0.07346
v 0.40639 1.15677 0.08535
v 0.41705 1.21280 -0.06552
v 0.41556 1.21630 -0.02841
v 0.40571 1.20854 -0.03710
v 0.41556 1.21630 -0.02841
v 0.41627 1.22753 -0.06250
v 0.41688 1.22708 -0.02320
v 0.40032 1.35721 0.07756
v 0.43426 1.29945 0.06390
v 0.40779 1.40796 0.05555
v 0.41556 1.21630 -0.02841
v 0.41705 1.21280 -0.06552
v 0.41627 1.22753 -0.06250
v 0.43426 1.29945 0.06390
v 0.40032 1.35721 0.07756
v 0.40443 1.31553 0.07471
v 0.41870 1.22164 0.05306
v 0.41290 1.20560 0.06815
v 0.42611 1.21930 0.04377
v 0.41290 1.20560 0.06815
v 0.40639 1.15677 0.08535
v 0.44100 1.15570 0.07346
v 0.41556 1.21630 -0.02841
v 0.41721 1.20413 -0.03605
v 0.40571 1.20854 -0.03710
v 0.40571 1.20854 -0.03710
v 0.41721 1.20413 -0.03605
v 0.40380 1.18242 -0.04738
v 0.40411 1.21126 0.10258
v 0.41651 1.21241 0.09894
v 0.41660 1.22687 0.09727
v 0.40571 1.20854 -0.03710
v 0.40380 1.18242 -0.04738
v 0.40866 1.19000 -0.02992
v 0.35139 1.25222 -0.08374
v 0.41627 1.22753 -0.06250
v 0.41705 1.21280 -0.06552
v 0.41290 1.20560 0.06815
v 0.41651 1.21241 0.09894
v 0.40411 1.21126 0.10258
v 0.41705 1.21280 -0.06552
v 0.40571 1.20854 -0.03710
v 0.40387 1.21197 -0.07218
v 0.40380 1.18242 -0.04738
v 0.43850 1.15723 -0.04424
v 0.40918 1.14955 -0.06157
v 0.39824 1.35421 -0.05931
v 0.42780 1.23216 -0.05843
v 0.40019 1.32179 -0.07073
v 0.42040 1.12562 0.09402
v 0.44894 1.12272 0.08297
v 0.40639 1.15677 0.08535
v 0.40639 1.15677 0.08535
v 0.41290 1.20560 0.06815
v 0.40650 1.19068 0.07127
v 0.37283 1.14894 0.09569
v 0.38713 1.07966 0.10842
v 0.42040 1.12562 0.09402
v 0.39824 1.35421 -0.05931
v 0.42139 1.24398 -0.02724
v 0.42780 1.23216 -0.05843
v 0.40507 1.19434 0.10695
v 0.40650 1.19068 0.07127
v 0.40721 1.19142 0.06140
v 0.40571 1.20854 -0.03710
v 0.40866 1.19000 -0.02992
v 0.40684 1.19174 -0.07006
v 0.40411 1.21126 0.10258
v 0.40507 1.19434 0.10695
v 0.40721 1.19142 0.06140
v 0.41290 1.20560 0.06815
v 0.40411 1.21126 0.10258
v 0.40721 1.19142 0.06140
v 0.41290 1.20560 0.06815
v 0.40721 1.19142 0.06140
v 0.40650 1.19068 0.07127
v 0.40571 1.20854 -0.03710
v 0.40684 1.19174 -0.07006
v 0.40387 1.21197 -0.07218
v 0.35139 1.25222 -0.08374
v 0.42780 1.23216 -0.05843
v 0.41627 1.22753 -0.06250
v 0.40121 1.18403 -0.03232
v 0.40918 1.14955 -0.06157
v 0.40422 1.15075 -0.04200
v 0.40918 1.14955 -0.06157
v 0.40121 1.18403 -0.03232
v 0.40380 1.18242 -0.04738
v 0.40507 1.19434 0.10695
v 0.39807 1.18644 0.10791
v 0.40650 1.19068 0.07127
v 0.40480 1.15771 0.07435
v 0.40639 1.15677 0.08535
v 0.39794 1.18410 0.06471
v 0.40779 1.40796 0.05555
v 0.40690 1.40854 -0.01718
v 0.38993 1.41158 -0.02619
v 0.38993 1.41158 -0.02619
v 0.40690 1.40854 -0.01718
v 0.39706 1.35976 -0.03855
v 0.40639 1.15677 0.08535
v 0.40650 1.19068 0.07127
v 0.39794 1.18410 0.06471
v 0.40684 1.19174 -0.07006
v 0.40866 1.19000 -0.02992
v 0.39665 1.18718 -0.07633
v 0.40032 1.35721 0.07756
v 0.41169 1.30503 0.10169
v 0.40443 1.31553 0.07471
v 0.40721 1.19142 0.06140
v 0.40650 1.19068 0.07127
v 0.39794 1.18410 0.06471
v 0.40684 1.19174 -0.07006
v 0.39665 1.18718 -0.07633
v 0.40387 1.21197 -0.07218
v 0.40779 1.40796 0.05555
v 0.38993 1.41158 -0.02619
v 0.39239 1.40939 0.06547
v 0.40866 1.19000 -0.02992
v 0.40121 1.18403 -0.03232
v 0.39665 1.18718 -0.07633
v 0.40866 1.19000 -0.02992
v 0.40380 1.18242 -0.04738
v 0.40121 1.18403 -0.03232
v 0.42040 1.12562 0.09402
v 0.40639 1.15677 0.08535
v 0.37283 1.14894 0.09569
v 0.40480 1.15771 0.07435
v 0.39794 1.18410 0.06471
v 0.39651 1.16906 0.07200
v 0.39706 1.35976 -0.03855
v 0.42139 1.24398 -0.02724
v 0.39824 1.35421 -0.05931
v 0.39793 1.35243 0.09702
v 0.41169 1.30503 0.10169
v 0.40032 1.35721 0.07756
v 0.39807 1.18644 0.10791
v 0.39651 1.16906 0.07200
v 0.39794 1.18410 0.06471
v 0.40918 1.14955 -0.06157
v 0.37470 1.14618 -0.05194
v 0.40422 1.15075 -0.04200
v 0.39651 1.16906 0.07200
v 0.39807 1.18644 0.10791
v 0.38984 1.16998 0.10999
v 0.41169 1.30503 0.10169
v 0.36168 1.25936 0.12594
v 0.41660 1.22687 0.09727
v 0.40121 1.18403 -0.03232
v 0.40422 1.15075 -0.04200
v 0.39584 1.17053 -0.04533
v 0.40650 1.19068 0.07127
v 0.39807 1.18644 0.10791
v 0.39794 1.18410 0.06471
v 0.40121 1.18403 -0.03232
v 0.39841 1.17123 -0.07323
v 0.39665 1.18718 -0.07633
v 0.41705 1.21280 -0.06552
v 0.40387 1.21197 -0.07218
v 0.35139 1.25222 -0.08374
v 0.39476 1.46723 -0.01620
v 0.39126 1.50757 0.05051
v 0.39718 1.46858 0.04370
v 0.39841 1.17123 -0.07323
v 0.40121 1.18403 -0.03232
v 0.39584 1.17053 -0.04533
v 0.39126 1.50757 0.05051
v 0.39476 1.46723 -0.01620
v 0.39030 1.50698 -0.01656
v 0.40032 1.35721 0.07756
v 0.40779 1.40796 0.05555
v 0.39239 1.40939 0.06547
v 0.39807 1.18644 0.10791
v 0.40507 1.19434 0.10695
v 0.40411 1.21126 0.10258
v 0.40019 1.32179 -0.07073
v 0.37948 1.35134 -0.07413
v 0.39824 1.35421 -0.05931
v 0.39793 1.35243 0.09702
v 0.40032 1.35721 0.07756
v 0.38332 1.35574 0.08421
v 0.39239 1.40939 0.06547
v 0.37104 1.42094 0.08220
v 0.40032 1.35721 0.07756
v 0.37648 1.46604 0.05494
v 0.39718 1.46858 0.04370
v 0.39126 1.50757 0.05051
v 0.37308 1.14344 -0.07595
v 0.37470 1.14618 -0.05194
v 0.40918 1.14955 -0.06157
v 0.35139 1.25222 -0.08374
v 0.40387 1.21197 -0.07218
v 0.39665 1.18718 -0.07633
v 0.40019 1.32179 -0.07073
v 0.35139 1.25222 -0.08374
v 0.35088 1.29477 -0.09325
v 0.35139 1.25222 -0.08374
v 0.40019 1.32179 -0.07073
v 0.42780 1.23216 -0.05843
v 0.40422 1.15075 -0.04200
v 0.37470 1.14618 -0.05194
v 0.39584 1.17053 -0.04533
v 0.39651 1.16906 0.07200
v 0.38984 1.16998 0.10999
v 0.35986 1.16520 0.08699
v 0.38332 1.35574 0.08421
v 0.38018 1.35223 0.10525
v 0.39793 1.35243 0.09702
v 0.38993 1.41158 -0.02619
v 0.39706 1.35976 -0.03855
v 0.37353 1.41602 -0.03787
v 0.40480 1.15771 0.07435
v 0.37404 1.15142 0.08146
v 0.40639 1.15677 0.08535
v 0.41169 1.30503 0.10169
v 0.39793 1.35243 0.09702
v 0.38018 1.35223 0.10525
v 0.38613 1.35164 -0.03763
v 0.39706 1.35976 -0.03855
v 0.39824 1.35421 -0.05931
v 0.39807 1.18644 0.10791
v 0.36168 1.25936 0.12594
v 0.38984 1.16998 0.10999
v 0.39824 1.35421 -0.05931
v 0.37948 1.35134 -0.07413
v 0.38613 1.35164 -0.03763
v 0.38018 1.35223 0.10525
v 0.36622 1.33587 0.11686
v 0.41169 1.30503 0.10169
v 0.37035 1.50634 0.05450
v 0.39126 1.50757 0.05051
v 0.39030 1.50698 -0.01656
v 0.37928 1.43683 -0.02555
v 0.39239 1.40939 0.06547
v 0.38993 1.41158 -0.02619
v 0.41660 1.22687 0.09727
v 0.36168 1.25936 0.12594
v 0.40411 1.21126 0.10258
v 0.39584 1.17053 -0.04533
v 0.36239 1.16836 -0.07291
v 0.39841 1.17123 -0.07323
v 0.37438 1.46647 -0.01957
v 0.39476 1.46723 -0.01620
v 0.39718 1.46858 0.04370
v 0.39706 1.35976 -0.03855
v 0.36639 1.37488 -0.04858
v 0.37353 1.41602 -0.03787
v 0.37648 1.46604 0.05494
v 0.37438 1.46647 -0.01957
v 0.39718 1.46858 0.04370
v 0.36791 1.51011 0.06595
v 0.39239 1.40939 0.06547
v 0.37648 1.46604 0.05494
v 0.40480 1.15771 0.07435
v 0.39651 1.16906 0.07200
v 0.37404 1.15142 0.08146
v 0.38613 1.35164 -0.03763
v 0.36639 1.37488 -0.04858
v 0.39706 1.35976 -0.03855
v 0.38332 1.35574 0.08421
v 0.37104 1.42094 0.08220
v 0.36719 1.37381 0.08691
v 0.39239 1.40939 0.06547
v 0.36791 1.51011 0.06595
v 0.37104 1.42094 0.08220
v 0.39239 1.40939 0.06547
v 0.37928 1.43683 -0.02555
v 0.37648 1.46604 0.05494
v 0.39807 1.18644 0.10791
v 0.40411 1.21126 0.10258
v 0.36168 1.25936 0.12594
v 0.40019 1.32179 -0.07073
v 0.34470 1.33118 -0.09088
v 0.36500 1.34354 -0.08080
v 0.37404 1.15142 0.08146
v 0.37283 1.14894 0.09569
v 0.40639 1.15677 0.08535
v 0.38135 1.09059 -0.07959
v 0.37308 1.14344 -0.07595
v 0.42074 1.09298 -0.07355
v 0.34911 1.32742 0.12427
v 0.36168 1.25936 0.12594
v 0.41169 1.30503 0.10169
v 0.41660 1.22687 0.09727
v 0.42813 1.22953 0.09030
v 0.41169 1.30503 0.10169
v 0.38332 1.35574 0.08421
v 0.40032 1.35721 0.07756
v 0.37104 1.42094 0.08220
v 0.37077 1.37216 -0.06193
v 0.38613 1.35164 -0.03763
v 0.37948 1.35134 -0.07413
v 0.38332 1.35574 0.08421
v 0.37115 1.37180 0.10079
v 0.38018 1.35223 0.10525
v 0.37928 1.43683 -0.02555
v 0.38993 1.41158 -0.02619
v 0.37353 1.41602 -0.03787
v 0.39476 1.46723 -0.01620
v 0.36940 1.50643 -0.01865
v 0.39030 1.50698 -0.01656
v 0.38613 1.35164 -0.03763
v 0.37077 1.37216 -0.06193
v 0.36639 1.37488 -0.04858
v 0.39476 1.46723 -0.01620
v 0.37438 1.46647 -0.01957
v 0.36940 1.50643 -0.01865
v 0.34911 1.32742 0.12427
v 0.41169 1.30503 0.10169
v 0.36622 1.33587 0.11686
v 0.40019 1.32179 -0.07073
v 0.36500 1.34354 -0.08080
v 0.37948 1.35134 -0.07413
v 0.39126 1.50757 0.05051
v 0.37035 1.50634 0.05450
v 0.37648 1.46604 0.05494
v 0.37169 1.65318 0.03545
v 0.37412 1.54406 0.01513
v 0.37695 1.54120 0.00019
v 0.39651 1.16906 0.07200
v 0.35986 1.16520 0.08699
v 0.37404 1.15142 0.08146
v 0.37695 1.54120 0.00019
v 0.36415 1.53691 -0.00828
v 0.34546 1.59273 -0.02337
v 0.37169 1.65318 0.03545
v 0.37733 1.53765 0.03219
v 0.37412 1.54406 0.01513
v 0.37438 1.46647 -0.01957
v 0.37648 1.46604 0.05494
v 0.37928 1.43683 -0.02555
v 0.36940 1.50643 -0.01865
v 0.37035 1.50634 0.05450
v 0.39030 1.50698 -0.01656
v 0.38332 1.35574 0.08421
v 0.36719 1.37381 0.08691
v 0.37115 1.37180 0.10079
v 0.36791 1.51011 0.06595
v 0.35873 1.42519 0.08027
v 0.37104 1.42094 0.08220
v 0.37470 1.14618 -0.05194
v 0.35963 1.16432 -0.05554
v 0.39584 1.17053 -0.04533
v 0.36794 1.50933 -0.03041
v 0.37438 1.46647 -0.01957
v 0.37928 1.43683 -0.02555
v 0.36239 1.16836 -0.07291
v 0.39584 1.17053 -0.04533
v 0.35963 1.16432 -0.05554
v 0.36239 1.16836 -0.07291
v 0.34576 1.22161 -0.08666
v 0.39665 1.18718 -0.07633
v 0.37948 1.35134 -0.07413
v 0.36585 1.36029 -0.07333
v 0.37077 1.37216 -0.06193
v 0.36585 1.36029 -0.07333
v 0.37948 1.35134 -0.07413
v 0.35489 1.35080 -0.07595
v 0.36415 1.53691 -0.00828
v 0.37695 1.54120 0.00019
v 0.37412 1.54406 0.01513
v 0.36794 1.50933 -0.03041
v 0.36940 1.50643 -0.01865
v 0.37438 1.46647 -0.01957
v 0.37104 1.42094 0.08220
v 0.36047 1.39583 0.08552
v 0.36719 1.37381 0.08691
v 0.36239 1.16836 -0.07291
v 0.39665 1.18718 -0.07633
v 0.39841 1.17123 -0.07323
v 0.39665 1.18718 -0.07633
v 0.34576 1.22161 -0.08666
v 0.35139 1.25222 -0.08374
v 0.36791 1.51011 0.06595
v 0.37648 1.46604 0.05494
v 0.37035 1.50634 0.05450
v 0.36168 1.25936 0.12594
v 0.35553 1.24470 0.11752
v 0.38984 1.16998 0.10999
v 0.36622 1.33587 0.11686
v 0.38018 1.35223 0.10525
v 0.35770 1.34696 0.11196
v 0.36940 1.50643 -0.01865
v 0.36794 1.50933 -0.03041
v 0.37035 1.50634 0.05450
v 0.35553 1.24470 0.11752
v 0.34473 1.21553 0.11889
v 0.38984 1.16998 0.10999
v 0.37412 1.54406 0.01513
v 0.37733 1.53765 0.03219
v 0.36436 1.53772 0.02007
v 0.37733 1.53765 0.03219
v 0.36439 1.53472 0.05741
v 0.36436 1.53772 0.02007
v 0.37035 1.50634 0.05450
v 0.36439 1.53472 0.05741
v 0.36791 1.51011 0.06595
v 0.36436 1.53772 0.02007
v 0.36439 1.53472 0.05741
v 0.37035 1.50634 0.05450
v 0.37412 1.54406 0.01513
v 0.36436 1.53772 0.02007
v 0.35552 1.53956 0.01715
v 0.37104 1.42094 0.08220
v 0.35873 1.42519 0.08027
v 0.36047 1.39583 0.08552
v 0.37948 1.35134 -0.07413
v 0.36500 1.34354 -0.08080
v 0.35489 1.35080 -0.07595
v 0.37283 1.14894 0.09569
v 0.37404 1.15142 0.08146
v 0.33608 1.13026 0.08035
v 0.35953 1.10665 -0.05901
v 0.37576 1.00538 -0.05557
v 0.34928 1.06792 -0.05819
v 0.35953 1.10665 -0.05901
v 0.38135 1.09059 -0.07959
v 0.37576 1.00538 -0.05557
v 0.36047 1.39583 0.08552
v 0.37115 1.37180 0.10079
v 0.36719 1.37381 0.08691
v 0.38135 1.09059 -0.07959
v 0.35953 1.10665 -0.05901
v 0.37308 1.14344 -0.07595
v 0.38984 1.16998 0.10999
v 0.34473 1.21553 0.11889
v 0.35986 1.16520 0.08699
v 0.37035 1.50634 0.05450
v 0.36415 1.53691 -0.00828
v 0.36436 1.53772 0.02007
v 0.37035 1.50634 0.05450
v 0.36794 1.50933 -0.03041
v 0.36241 1.53672 -0.02360
v 0.36241 1.53672 -0.02360
v 0.36415 1.53691 -0.00828
v 0.37035 1.50634 0.05450
v 0.37077 1.37216 -0.06193
v 0.36585 1.36029 -0.07333
v 0.35234 1.39913 -0.06389
v 0.36639 1.37488 -0.04858
v 0.35541 1.41664 -0.03195
v 0.37353 1.41602 -0.03787
v 0.35088 1.29477 -0.09325
v 0.34470 1.33118 -0.09088
v 0.40019 1.32179 -0.07073
v 0.37353 1.41602 -0.03787
v 0.35541 1.41664 -0.03195
v 0.37928 1.43683 -0.02555
v 0.36622 1.33587 0.11686
v 0.35770 1.34696 0.11196
v 0.35943 1.33653 0.10776
v 0.37412 1.54406 0.01513
v 0.35552 1.53956 0.01715
v 0.36415 1.53691 -0.00828
v 0.36791 1.51011 0.06595
v 0.32360 1.46343 0.09374
v 0.35873 1.42519 0.08027
v 0.37308 1.14344 -0.07595
v 0.33449 1.12770 -0.05127
v 0.37470 1.14618 -0.05194
v 0.33449 1.12770 -0.05127
v 0.37308 1.14344 -0.07595
v 0.35953 1.10665 -0.05901
v 0.31199 1.51644 -0.04925
v 0.36241 1.53672 -0.02360
v 0.36794 1.50933 -0.03041
v 0.36415 1.53691 -0.00828
v 0.35552 1.53956 0.01715
v 0.36436 1.53772 0.02007
v 0.37928 1.43683 -0.02555
v 0.35541 1.41664 -0.03195
v 0.33980 1.41267 -0.03194
v 0.35541 1.41664 -0.03195
v 0.36639 1.37488 -0.04858
v 0.36111 1.39728 -0.03431
v 0.33608 1.13026 0.08035
v 0.37404 1.15142 0.08146
v 0.33002 1.12926 0.04181
v 0.36500 1.34354 -0.08080
v 0.35445 1.33977 -0.07627
v 0.35489 1.35080 -0.07595
v 0.35873 1.42519 0.08027
v 0.35488 1.39785 0.07371
v 0.36047 1.39583 0.08552
v 0.35234 1.39913 -0.06389
v 0.36639 1.37488 -0.04858
v 0.37077 1.37216 -0.06193
v 0.36500 1.34354 -0.08080
v 0.34470 1.33118 -0.09088
v 0.35445 1.33977 -0.07627
v 0.36639 1.37488 -0.04858
v 0.35234 1.39913 -0.06389
v 0.36111 1.39728 -0.03431
v 0.35120 1.16073 0.06761
v 0.37404 1.15142 0.08146
v 0.35986 1.16520 0.08699
v 0.36791 1.51011 0.06595
v 0.36439 1.53472 0.05741
v 0.30671 1.53992 0.08079
v 0.36794 1.50933 -0.03041
v 0.37928 1.43683 -0.02555
v 0.32719 1.45768 -0.05601
v 0.34473 1.21553 0.11889
v 0.35553 1.24470 0.11752
v 0.34548 1.26262 0.13021
v 0.37733 1.53765 0.03219
v 0.32232 1.58472 0.06042
v 0.36439 1.53472 0.05741
v 0.37115 1.37180 0.10079
v 0.36047 1.39583 0.08552
v 0.34592 1.40247 0.10153
v 0.34637 1.06404 0.08442
v 0.37283 1.14894 0.09569
v 0.33608 1.13026 0.08035
v 0.36168 1.25936 0.12594
v 0.34911 1.32742 0.12427
v 0.35553 1.24470 0.11752
v 0.33002 1.12926 0.04181
v 0.37404 1.15142 0.08146
v 0.35120 1.16073 0.06761
v 0.35943 1.33653 0.10776
v 0.35770 1.34696 0.11196
v 0.34196 1.32978 0.11329
v 0.30818 1.51231 0.08947
v 0.32360 1.46343 0.09374
v 0.36791 1.51011 0.06595
v 0.35066 1.18575 0.09541
v 0.35986 1.16520 0.08699
v 0.34473 1.21553 0.11889
v 0.34592 1.40247 0.10153
v 0.36047 1.39583 0.08552
v 0.35488 1.39785 0.07371
v 0.30671 1.53992 0.08079
v 0.30818 1.51231 0.08947
v 0.36791 1.51011 0.06595
v 0.35963 1.16432 -0.05554
v 0.34980 1.19051 -0.06863
v 0.36239 1.16836 -0.07291
v 0.35488 1.39785 0.07371
v 0.35873 1.42519 0.08027
v 0.34217 1.41378 0.07725
v 0.35445 1.33977 -0.07627
v 0.33750 1.33028 -0.08737
v 0.35489 1.35080 -0.07595
v 0.34694 1.39642 -0.03036
v 0.35541 1.41664 -0.03195
v 0.36111 1.39728 -0.03431
v 0.34980 1.19051 -0.06863
v 0.35963 1.16432 -0.05554
v 0.34722 1.18608 -0.05623
v 0.34576 1.22161 -0.08666
v 0.36239 1.16836 -0.07291
v 0.34980 1.19051 -0.06863
v 0.36111 1.39728 -0.03431
v 0.35234 1.39913 -0.06389
v 0.34694 1.39642 -0.03036
v 0.34270 1.21676 -0.07218
v 0.34576 1.22161 -0.08666
v 0.34980 1.19051 -0.06863
v 0.33980 1.41267 -0.03194
v 0.35541 1.41664 -0.03195
v 0.34694 1.39642 -0.03036
v 0.35488 1.39785 0.07371
v 0.34217 1.41378 0.07725
v 0.34592 1.40247 0.10153
v 0.35953 1.10665 -0.05901
v 0.34928 1.06792 -0.05819
v 0.33449 1.12770 -0.05127
v 0.35943 1.33653 0.10776
v 0.34196 1.32978 0.11329
v 0.36622 1.33587 0.11686
v 0.35139 1.25222 -0.08374
v 0.34576 1.22161 -0.08666
v 0.33837 1.27662 -0.10142
v 0.34548 1.26262 0.13021
v 0.35553 1.24470 0.11752
v 0.34196 1.32978 0.11329
v 0.36622 1.33587 0.11686
v 0.34196 1.32978 0.11329
v 0.34911 1.32742 0.12427
v 0.34196 1.32978 0.11329
v 0.35553 1.24470 0.11752
v 0.34911 1.32742 0.12427
v 0.35986 1.16520 0.08699
v 0.35066 1.18575 0.09541
v 0.31660 1.17796 0.07217
v 0.34196 1.21375 0.10512
v 0.35066 1.18575 0.09541
v 0.34473 1.21553 0.11889
v 0.33837 1.27662 -0.10142
v 0.33750 1.33028 -0.08737
v 0.35139 1.25222 -0.08374
v 0.33980 1.41267 -0.03194
v 0.34694 1.39642 -0.03036
v 0.35234 1.39913 -0.06389
v 0.34592 1.40247 0.10153
v 0.34217 1.41378 0.07725
v 0.33262 1.44056 0.10765
v 0.37115 1.37180 0.10079
v 0.35770 1.34696 0.11196
v 0.38018 1.35223 0.10525
v 0.37470 1.14618 -0.05194
v 0.31681 1.15289 -0.01530
v 0.35963 1.16432 -0.05554
v 0.34470 1.33118 -0.09088
v 0.33750 1.33028 -0.08737
v 0.35445 1.33977 -0.07627
v 0.37115 1.37180 0.10079
v 0.34592 1.40247 0.10153
v 0.33355 1.42326 0.10473
v 0.34196 1.32978 0.11329
v 0.35770 1.34696 0.11196
v 0.33461 1.33779 0.12519
v 0.35489 1.35080 -0.07595
v 0.29732 1.36383 -0.10358
v 0.36585 1.36029 -0.07333
v 0.34470 1.33118 -0.09088
v 0.35088 1.29477 -0.09325
v 0.35139 1.25222 -0.08374
v 0.30818 1.51231 0.08947
v 0.30811 1.46022 0.09440
v 0.32360 1.46343 0.09374
v 0.33750 1.33028 -0.08737
v 0.29732 1.36383 -0.10358
v 0.35489 1.35080 -0.07595
v 0.35139 1.25222 -0.08374
v 0.33750 1.33028 -0.08737
v 0.34470 1.33118 -0.09088
v 0.30671 1.53992 0.08079
v 0.36439 1.53472 0.05741
v 0.30659 1.54354 0.07015
v 0.32923 1.44207 0.09470
v 0.33262 1.44056 0.10765
v 0.34217 1.41378 0.07725
v 0.35234 1.39913 -0.06389
v 0.33804 1.42056 -0.06306
v 0.32932 1.44333 -0.05761
v 0.34548 1.26262 0.13021
v 0.34196 1.32978 0.11329
v 0.33461 1.33779 0.12519
v 0.35873 1.42519 0.08027
v 0.32923 1.44207 0.09470
v 0.34217 1.41378 0.07725
v 0.35234 1.39913 -0.06389
v 0.36585 1.36029 -0.07333
v 0.29732 1.36383 -0.10358
v 0.32932 1.44333 -0.05761
v 0.33980 1.41267 -0.03194
v 0.35234 1.39913 -0.06389
v 0.37115 1.37180 0.10079
v 0.33461 1.33779 0.12519
v 0.35770 1.34696 0.11196
v 0.34576 1.22161 -0.08666
v 0.31667 1.22249 -0.09093
v 0.33837 1.27662 -0.10142
v 0.34592 1.40247 0.10153
v 0.33262 1.44056 0.10765
v 0.33355 1.42326 0.10473
v 0.35963 1.16432 -0.05554
v 0.33082 1.15974 -0.04173
v 0.34722 1.18608 -0.05623
v 0.31660 1.17796 0.07217
v 0.35066 1.18575 0.09541
v 0.31944 1.18184 0.08846
v 0.33608 1.13026 0.08035
v 0.30895 1.12091 0.03245
v 0.33378 1.07221 0.04778
v 0.36415 1.53691 -0.00828
v 0.36241 1.53672 -0.02360
v 0.31196 1.54243 -0.03805
v 0.35234 1.39913 -0.06389
v 0.29732 1.36383 -0.10358
v 0.29532 1.41814 -0.07994
v 0.35120 1.16073 0.06761
v 0.35986 1.16520 0.08699
v 0.33170 1.16074 0.07738
v 0.33087 1.02063 -0.00228
v 0.31009 1.11831 -0.00661
v 0.34928 1.06792 -0.05819
v 0.32360 1.46343 0.09374
v 0.32923 1.44207 0.09470
v 0.35873 1.42519 0.08027
v 0.37928 1.43683 -0.02555
v 0.33980 1.41267 -0.03194
v 0.32932 1.44333 -0.05761
v 0.37115 1.37180 0.10079
v 0.33355 1.42326 0.10473
v 0.33461 1.33779 0.12519
v 0.34980 1.19051 -0.06863
v 0.30547 1.21131 -0.06032
v 0.34270 1.21676 -0.07218
v 0.33082 1.15974 -0.04173
v 0.31635 1.17650 -0.03448
v 0.34722 1.18608 -0.05623
v 0.34576 1.22161 -0.08666
v 0.34270 1.21676 -0.07218
v 0.30547 1.21131 -0.06032
v 0.29718 1.22483 0.11975
v 0.34473 1.21553 0.11889
v 0.34548 1.26262 0.13021
v 0.34548 1.26262 0.13021
v 0.33461 1.33779 0.12519
v 0.29839 1.33141 0.13497
v 0.33449 1.12770 -0.05127
v 0.34928 1.06792 -0.05819
v 0.31009 1.11831 -0.00661
v 0.35963 1.16432 -0.05554
v 0.31681 1.15289 -0.01530
v 0.33082 1.15974 -0.04173
v 0.31660 1.17796 0.07217
v 0.33170 1.16074 0.07738
v 0.35986 1.16520 0.08699
v 0.30895 1.12091 0.03245
v 0.33608 1.13026 0.08035
v 0.33002 1.12926 0.04181
v 0.34576 1.22161 -0.08666
v 0.30547 1.21131 -0.06032
v 0.31667 1.22249 -0.09093
v 0.35234 1.39913 -0.06389
v 0.29532 1.41814 -0.07994
v 0.33804 1.42056 -0.06306
v 0.33750 1.33028 -0.08737
v 0.33837 1.27662 -0.10142
v 0.29732 1.36383 -0.10358
v 0.33804 1.42056 -0.06306
v 0.31499 1.42364 -0.04506
v 0.32932 1.44333 -0.05761
v 0.32719 1.45768 -0.05601
v 0.37928 1.43683 -0.02555
v 0.32932 1.44333 -0.05761
v 0.34548 1.26262 0.13021
v 0.31308 1.27545 0.13502
v 0.29718 1.22483 0.11975
v 0.35120 1.16073 0.06761
v 0.31406 1.15295 0.04832
v 0.33002 1.12926 0.04181
v 0.34722 1.18608 -0.05623
v 0.31635 1.17650 -0.03448
v 0.31946 1.18214 -0.05388
v 0.34196 1.21375 0.10512
v 0.31944 1.18184 0.08846
v 0.35066 1.18575 0.09541
v 0.34722 1.18608 -0.05623
v 0.31946 1.18214 -0.05388
v 0.34980 1.19051 -0.06863
v 0.37470 1.14618 -0.05194
v 0.32518 1.12761 -0.00194
v 0.31681 1.15289 -0.01530
v 0.34473 1.21553 0.11889
v 0.29753 1.20825 0.10842
v 0.34196 1.21375 0.10512
v 0.31944 1.18184 0.08846
v 0.34196 1.21375 0.10512
v 0.30282 1.20671 0.09450
v 0.32932 1.44333 -0.05761
v 0.31499 1.42364 -0.04506
v 0.32719 1.45768 -0.05601
v 0.31406 1.15295 0.04832
v 0.35120 1.16073 0.06761
v 0.33170 1.16074 0.07738
v 0.33262 1.44056 0.10765
v 0.32923 1.44207 0.09470
v 0.31847 1.42158 0.08733
v 0.33262 1.44056 0.10765
v 0.31847 1.42158 0.08733
v 0.33355 1.42326 0.10473
v 0.33449 1.12770 -0.05127
v 0.32518 1.12761 -0.00194
v 0.37470 1.14618 -0.05194
v 0.29718 1.22483 0.11975
v 0.29753 1.20825 0.10842
v 0.34473 1.21553 0.11889
v 0.31667 1.22249 -0.09093
v 0.30338 1.27289 -0.10305
v 0.33837 1.27662 -0.10142
v 0.31308 1.27545 0.13502
v 0.34548 1.26262 0.13021
v 0.29839 1.33141 0.13497
v 0.31635 1.17650 -0.03448
v 0.33082 1.15974 -0.04173
v 0.31681 1.15289 -0.01530
v 0.31946 1.18214 -0.05388
v 0.30547 1.21131 -0.06032
v 0.34980 1.19051 -0.06863
v 0.32360 1.46343 0.09374
v 0.31847 1.42158 0.08733
v 0.32923 1.44207 0.09470
v 0.32719 1.45768 -0.05601
v 0.31007 1.51225 -0.05972
v 0.36794 1.50933 -0.03041
v 0.31009 1.11831 -0.00661
v 0.32518 1.12761 -0.00194
v 0.33449 1.12770 -0.05127
v 0.31406 1.15295 0.04832
v 0.32518 1.12761 -0.00194
v 0.33002 1.12926 0.04181
v 0.30722 1.41913 -0.06039
v 0.31499 1.42364 -0.04506
v 0.33804 1.42056 -0.06306
v 0.33002 1.12926 0.04181
v 0.32518 1.12761 -0.00194
v 0.31009 1.11831 -0.00661
v 0.29532 1.41814 -0.07994
v 0.30722 1.41913 -0.06039
v 0.33804 1.42056 -0.06306
v 0.29753 1.20825 0.10842
v 0.30282 1.20671 0.09450
v 0.34196 1.21375 0.10512
v 0.31406 1.15295 0.04832
v 0.33170 1.16074 0.07738
v 0.31660 1.17796 0.07217
v 0.30680 1.45887 -0.05617
v 0.32719 1.45768 -0.05601
v 0.31499 1.42364 -0.04506
v 0.31635 1.17650 -0.03448
v 0.29652 1.17522 -0.01949
v 0.31946 1.18214 -0.05388
v 0.30811 1.46022 0.09440
v 0.30606 1.42004 0.09960
v 0.31847 1.42158 0.08733
v 0.31847 1.42158 0.08733
v 0.32360 1.46343 0.09374
v 0.30811 1.46022 0.09440
v 0.33087 1.02063 -0.00228
v 0.30895 1.12091 0.03245
v 0.31009 1.11831 -0.00661
v 0.31406 1.15295 0.04832
v 0.30141 1.17337 0.01743
v 0.32518 1.12761 -0.00194
v 0.33461 1.33779 0.12519
v 0.26924 1.40969 0.12385
v 0.29839 1.33141 0.13497
v 0.30141 1.17337 0.01743
v 0.31681 1.15289 -0.01530
v 0.32518 1.12761 -0.00194
v 0.33355 1.42326 0.10473
v 0.31847 1.42158 0.08733
v 0.30606 1.42004 0.09960
v 0.33002 1.12926 0.04181
v 0.31009 1.11831 -0.00661
v 0.30895 1.12091 0.03245
v 0.30141 1.17337 0.01743
v 0.31635 1.17650 -0.03448
v 0.31681 1.15289 -0.01530
v 0.30811 1.46022 0.09440
v 0.29253 1.46653 0.10732
v 0.30606 1.42004 0.09960
v 0.30680 1.45887 -0.05617
v 0.31499 1.42364 -0.04506
v 0.30722 1.41913 -0.06039
v 0.31660 1.17796 0.07217
v 0.31944 1.18184 0.08846
v 0.29661 1.17642 0.05581
v 0.30192 1.57173 0.09961
v 0.30818 1.51231 0.08947
v 0.30671 1.53992 0.08079
v 0.30811 1.46022 0.09440
v 0.30818 1.51231 0.08947
v 0.30335 1.48742 0.08716
v 0.30141 1.17337 0.01743
v 0.31406 1.15295 0.04832
v 0.31660 1.17796 0.07217
v 0.31660 1.17796 0.07217
v 0.29042 1.17240 0.01923
v 0.30141 1.17337 0.01743
v 0.29042 1.17240 0.01923
v 0.29652 1.17522 -0.01949
v 0.31635 1.17650 -0.03448
v 0.33837 1.27662 -0.10142
v 0.30338 1.27289 -0.10305
v 0.29024 1.33570 -0.10560
v 0.29066 1.48696 0.09890
v 0.29253 1.46653 0.10732
v 0.30811 1.46022 0.09440
v 0.33837 1.27662 -0.10142
v 0.29024 1.33570 -0.10560
v 0.29732 1.36383 -0.10358
v 0.30811 1.46022 0.09440
v 0.30335 1.48742 0.08716
v 0.29066 1.48696 0.09890
v 0.29042 1.17240 0.01923
v 0.31635 1.17650 -0.03448
v 0.30141 1.17337 0.01743
v 0.31944 1.18184 0.08846
v 0.30282 1.20671 0.09450
v 0.28291 1.20363 0.05884
v 0.31308 1.27545 0.13502
v 0.29839 1.33141 0.13497
v 0.28116 1.32931 0.11892
v 0.29042 1.17240 0.01923
v 0.31660 1.17796 0.07217
v 0.29661 1.17642 0.05581
v 0.33355 1.42326 0.10473
v 0.26924 1.40969 0.12385
v 0.33461 1.33779 0.12519
v 0.31946 1.18214 -0.05388
v 0.28290 1.20360 -0.02467
v 0.30547 1.21131 -0.06032
v 0.29241 1.28519 -0.09511
v 0.30338 1.27289 -0.10305
v 0.31667 1.22249 -0.09093
v 0.29024 1.33570 -0.10560
v 0.30338 1.27289 -0.10305
v 0.29241 1.28519 -0.09511
v 0.29661 1.17642 0.05581
v 0.31944 1.18184 0.08846
v 0.28291 1.20363 0.05884
v 0.31667 1.22249 -0.09093
v 0.30547 1.21131 -0.06032
v 0.28838 1.21516 -0.07158
v 0.29652 1.17522 -0.01949
v 0.28290 1.20360 -0.02467
v 0.31946 1.18214 -0.05388
v 0.28291 1.20363 0.05884
v 0.30282 1.20671 0.09450
v 0.29753 1.20825 0.10842
v 0.33355 1.42326 0.10473
v 0.30606 1.42004 0.09960
v 0.28714 1.41800 0.10458
v 0.29066 1.48696 0.09890
v 0.30335 1.48742 0.08716
v 0.30818 1.51231 0.08947
v 0.30606 1.42004 0.09960
v 0.28867 1.44912 0.11241
v 0.28714 1.41800 0.10458
v 0.30606 1.42004 0.09960
v 0.29253 1.46653 0.10732
v 0.28867 1.44912 0.11241
v 0.29753 1.20825 0.10842
v 0.25733 1.20263 0.02549
v 0.28291 1.20363 0.05884
v 0.29241 1.28519 -0.09511
v 0.31667 1.22249 -0.09093
v 0.27028 1.28585 -0.09229
v 0.29024 1.33570 -0.10560
v 0.29241 1.28519 -0.09511
v 0.28265 1.33097 -0.08451
v 0.30818 1.51231 0.08947
v 0.28366 1.54949 0.10299
v 0.29066 1.48696 0.09890
v 0.28714 1.41800 0.10458
v 0.26924 1.40969 0.12385
v 0.33355 1.42326 0.10473
v 0.29066 1.48696 0.09890
v 0.28778 1.48329 0.12038
v 0.29253 1.46653 0.10732
v 0.30547 1.21131 -0.06032
v 0.27072 1.20364 -0.03217
v 0.28838 1.21516 -0.07158
v 0.28867 1.44912 0.11241
v 0.29253 1.46653 0.10732
v 0.26158 1.45375 0.09717
v 0.29718 1.22483 0.11975
v 0.31308 1.27545 0.13502
v 0.26102 1.30381 0.12410
v 0.28778 1.48329 0.12038
v 0.29066 1.48696 0.09890
v 0.28366 1.54949 0.10299
v 0.28778 1.48329 0.12038
v 0.26158 1.45375 0.09717
v 0.29253 1.46653 0.10732
v 0.29661 1.17642 0.05581
v 0.28291 1.20363 0.05884
v 0.29042 1.17240 0.01923
v 0.31308 1.27545 0.13502
v 0.28116 1.32931 0.11892
v 0.26102 1.30381 0.12410
v 0.29652 1.17522 -0.01949
v 0.29042 1.17240 0.01923
v 0.28290 1.20360 -0.02467
v 0.25933 1.47949 0.12426
v 0.28778 1.48329 0.12038
v 0.28261 1.53435 0.11834
v 0.28291 1.20363 0.05884
v 0.27166 1.20181 0.01760
v 0.29042 1.17240 0.01923
v 0.27072 1.20364 -0.03217
v 0.30547 1.21131 -0.06032
v 0.28290 1.20360 -0.02467
v 0.28838 1.21516 -0.07158
v 0.27028 1.28585 -0.09229
v 0.31667 1.22249 -0.09093
v 0.29732 1.36383 -0.10358
v 0.29024 1.33570 -0.10560
v 0.26820 1.40943 -0.08741
v 0.28714 1.41800 0.10458
v 0.28867 1.44912 0.11241
v 0.26669 1.43312 0.09709
v 0.26158 1.45375 0.09717
v 0.26669 1.43312 0.09709
v 0.28867 1.44912 0.11241
v 0.29839 1.33141 0.13497
v 0.26924 1.40969 0.12385
v 0.28116 1.32931 0.11892
v 0.26924 1.40969 0.12385
v 0.28714 1.41800 0.10458
v 0.24856 1.40727 0.09078
v 0.25889 1.22316 0.07634
v 0.29753 1.20825 0.10842
v 0.29718 1.22483 0.11975
v 0.27166 1.20181 0.01760
v 0.28290 1.20360 -0.02467
v 0.29042 1.17240 0.01923
v 0.27166 1.20181 0.01760
v 0.28291 1.20363 0.05884
v 0.25733 1.20263 0.02549
v 0.25889 1.22316 0.07634
v 0.25733 1.20263 0.02549
v 0.29753 1.20825 0.10842
v 0.26721 1.41330 0.08713
v 0.28714 1.41800 0.10458
v 0.26669 1.43312 0.09709
v 0.27166 1.20181 0.01760
v 0.25733 1.20263 0.02549
v 0.28290 1.20360 -0.02467
v 0.28290 1.20360 -0.02467
v 0.25733 1.20263 0.02549
v 0.27072 1.20364 -0.03217
v 0.28116 1.32931 0.11892
v 0.26924 1.40969 0.12385
v 0.25602 1.38503 0.09540
v 0.28714 1.41800 0.10458
v 0.26721 1.41330 0.08713
v 0.24856 1.40727 0.09078
v 0.26158 1.45375 0.09717
v 0.28778 1.48329 0.12038
v 0.25933 1.47949 0.12426
v 0.26158 1.45375 0.09717
v 0.25065 1.45613 0.09493
v 0.26669 1.43312 0.09709
v 0.27072 1.20364 -0.03217
v 0.25733 1.20263 0.02549
v 0.22634 1.28661 -0.00150
v 0.29024 1.33570 -0.10560
v 0.28265 1.33097 -0.08451
v 0.24867 1.40334 -0.06186
v 0.26669 1.43312 0.09709
v 0.24856 1.40727 0.09078
v 0.26721 1.41330 0.08713
v 0.23960 1.27657 0.09090
v 0.25889 1.22316 0.07634
v 0.29718 1.22483 0.11975
v 0.26158 1.45375 0.09717
v 0.25460 1.52040 0.09104
v 0.25065 1.45613 0.09493
v 0.26924 1.40969 0.12385
v 0.24856 1.40727 0.09078
v 0.24929 1.39075 0.09381
v 0.26158 1.45375 0.09717
v 0.25933 1.47949 0.12426
v 0.25460 1.52040 0.09104
v 0.27072 1.20364 -0.03217
v 0.23513 1.28489 -0.05212
v 0.28838 1.21516 -0.07158
v 0.25856 1.43848 0.13683
v 0.26669 1.43312 0.09709
v 0.24434 1.46512 0.13907
v 0.28265 1.33097 -0.08451
v 0.29241 1.28519 -0.09511
v 0.23776 1.36690 -0.07730
v 0.24434 1.46512 0.13907
v 0.26669 1.43312 0.09709
v 0.25065 1.45613 0.09493
v 0.26669 1.43312 0.09709
v 0.25856 1.43848 0.13683
v 0.23243 1.41210 0.13464
v 0.26669 1.43312 0.09709
v 0.23243 1.41210 0.13464
v 0.24856 1.40727 0.09078
v 0.25065 1.45613 0.09493
v 0.24232 1.46598 0.12327
v 0.24434 1.46512 0.13907
v 0.24781 1.48786 0.14942
v 0.24232 1.46598 0.12327
v 0.25065 1.45613 0.09493
v 0.22234 1.40641 0.15352
v 0.25856 1.43848 0.13683
v 0.24434 1.46512 0.13907
v 0.22185 1.30918 0.06030
v 0.25733 1.20263 0.02549
v 0.25889 1.22316 0.07634
v 0.24434 1.46512 0.13907
v 0.24232 1.46598 0.12327
v 0.20563 1.43394 0.15758
v 0.42795 1.09932 0.00940
v 0.48005 1.17111 -0.02694
v 0.52707 1.07274 -0.01263
v 0.49703 1.13646 -0.03173
v 0.52351 1.04892 -0.02121
v 0.47501 1.13031 -0.04713
v 0.45460 1.11810 -0.06736
v 0.44576 1.11971 -0.05327
v 0.44031 1.11346 -0.07183
v 0.43693 1.11671 -0.05325
v 0.43355 1.08541 -0.05698
v 0.42738 1.12717 -0.06401
v 0.42074 1.09298 -0.07355
v 0.38135 1.09059 -0.07959
v 0.37576 1.00538 -0.05557
v 0.34928 1.06792 -0.05819
v 0.33087 1.02063 -0.00228
v 0.30895 1.12091 0.03245
v 0.33378 1.07221 0.04778
v 0.33608 1.13026 0.08035
v 0.34637 1.06404 0.08442
v 0.37283 1.14894 0.09569
v 0.38713 1.07966 0.10842
v 0.42040 1.12562 0.09402
v 0.43453 1.11534 0.08449
v 0.44894 1.12272 0.08297
v 0.43691 1.10986 0.09795
v 0.47974 1.11482 0.08131
v 0.50257 1.07338 0.05723
v 0.50815 1.10763 0.05957
v 0.52282 1.07657 0.05084
v 0.28512 1.42654 0.03288
v 0.37169 1.65318 0.03545
v 0.37695 1.54120 0.00019
v 0.34546 1.59273 -0.02337
v 0.36415 1.53691 -0.00828
v 0.31196 1.54243 -0.03805
v 0.36241 1.53672 -0.02360
v 0.31199 1.51644 -0.04925
v 0.36794 1.50933 -0.03041
v 0.31007 1.51225 -0.05972
v 0.32719 1.45768 -0.05601
v 0.30680 1.45887 -0.05617
v 0.30722 1.41913 -0.06039
v 0.29532 1.41814 -0.07994
v 0.29732 1.36383 -0.10358
v 0.26820 1.40943 -0.08741
v 0.29024 1.33570 -0.10560
v 0.24867 1.40334 -0.06186
v 0.28265 1.33097 -0.08451
v 0.23776 1.36690 -0.07730
v 0.29241 1.28519 -0.09511
v 0.27028 1.28585 -0.09229
v 0.28838 1.21516 -0.07158
v 0.23513 1.28489 -0.05212
v 0.27072 1.20364 -0.03217
v 0.22634 1.28661 -0.00150
v 0.25733 1.20263 0.02549
v 0.22185 1.30918 0.06030
v 0.25889 1.22316 0.07634
v 0.23960 1.27657 0.09090
v 0.29718 1.22483 0.11975
v 0.26102 1.30381 0.12410
v 0.28116 1.32931 0.11892
v 0.25602 1.38503 0.09540
v 0.26924 1.40969 0.12385
v 0.24929 1.39075 0.09381
v 0.24856 1.40727 0.09078
v 0.23243 1.41210 0.13464
v 0.25856 1.43848 0.13683
v 0.22234 1.40641 0.15352
v 0.24434 1.46512 0.13907
v 0.20563 1.43394 0.15758
v 0.24232 1.46598 0.12327
v 0.24781 1.48786 0.14942
v 0.25065 1.45613 0.09493
v 0.25460 1.52040 0.09104
v 0.25933 1.47949 0.12426
v 0.28261 1.53435 0.11834
v 0.28778 1.48329 0.12038
v 0.28366 1.54949 0.10299
v 0.30818 1.51231 0.08947
v 0.30192 1.57173 0.09961
v 0.30671 1.53992 0.08079
v 0.30659 1.54354 0.07015
v 0.36439 1.53472 0.05741
v 0.32232 1.58472 0.06042
v 0.37733 1.53765 0.03219
vt 0.35086 0.46051
vt 0.34145 0.46986
vt 0.36065 0.43757
vt 0.34245 0.42549
vt 0.31940 0.45312
vt 0.33286 0.43288
vt 0.24509 0.55527
vt 0.23602 0.55308
vt 0.24086 0.52201
vt 0.84706 0.84452
vt 0.83907 0.85117
vt 0.84107 0.83427
vt 0.31947 0.45319
vt 0.34250 0.42554
vt 0.34137 0.46982
vt 0.77622 0.86631
vt 0.77764 0.87016
vt 0.75952 0.86963
vt 0.24501 0.55527
vt 0.23396 0.56622
vt 0.23604 0.55310
vt 0.83907 0.85117
vt 0.84706 0.84452
vt 0.84735 0.86884
vt 0.24501 0.55527
vt 0.24230 0.57082
vt 0.23396 0.56622
vt 0.91873 0.20867
vt 0.92999 0.21203
vt 0.91886 0.23614
vt 0.92982 0.23172
vt 0.91890 0.23616
vt 0.92999 0.21203
vt 0.32906 0.02500
vt 0.33532 0.02688
vt 0.33069 0.03681
vt 0.83907 0.85117
vt 0.84740 0.86881
vt 0.83983 0.87200
vt 0.10312 0.57444
vt 0.10868 0.57394
vt 0.10992 0.57909
vt 0.04472 0.57003
vt 0.03297 0.56980
vt 0.04268 0.56499
vt 0.77764 0.87016
vt 0.77622 0.86631
vt 0.79460 0.85650
vt 0.04268 0.56499
vt 0.03297 0.56980
vt 0.03146 0.56521
vt 0.11094 0.54392
vt 0.10851 0.54701
vt 0.10194 0.54699
vt 0.32716 0.41600
vt 0.34983 0.41120
vt 0.33652 0.41984
vt 0.35216 0.40249
vt 0.34983 0.41120
vt 0.32716 0.41600
vt 0.09365 0.63447
vt 0.09365 0.65294
vt 0.08992 0.65219
vt 0.08107 0.20616
vt 0.08054 0.22356
vt 0.07800 0.20666
vt 0.32716 0.41600
vt 0.33652 0.41984
vt 0.33396 0.42797
vt 0.33069 0.03681
vt 0.33532 0.02688
vt 0.33489 0.03859
vt 0.11381 0.00174
vt 0.11289 0.00471
vt 0.10472 0.00173
vt 0.03872 0.13654
vt 0.03872 0.12313
vt 0.04305 0.12618
vt 0.71344 0.11038
vt 0.72918 0.11253
vt 0.71426 0.11390
vt 0.14895 0.42285
vt 0.13006 0.42951
vt 0.14093 0.41855
vt 0.14877 0.39404
vt 0.14035 0.39691
vt 0.12756 0.39259
vt 0.39520 0.96402
vt 0.37272 0.96921
vt 0.37354 0.96402
vt 0.37272 0.96921
vt 0.39520 0.96402
vt 0.39537 0.96958
vt 0.05356 0.70072
vt 0.05294 0.68625
vt 0.05794 0.68866
vt 0.88800 0.57426
vt 0.89188 0.56024
vt 0.89865 0.57373
vt 0.10311 0.98513
vt 0.11513 0.98890
vt 0.10394 0.98850
vt 0.14093 0.41855
vt 0.14877 0.39404
vt 0.14897 0.42281
vt 0.11289 0.00471
vt 0.10611 0.00460
vt 0.10472 0.00173
vt 0.89868 0.57371
vt 0.89188 0.56024
vt 0.89740 0.55876
vt 0.14093 0.41855
vt 0.14035 0.39691
vt 0.14877 0.39404
vt 0.05356 0.70072
vt 0.05794 0.68866
vt 0.05750 0.70207
vt 0.15701 0.15232
vt 0.13152 0.16433
vt 0.13096 0.15232
vt 0.36076 0.73174
vt 0.35710 0.74541
vt 0.35439 0.72374
vt 0.10394 0.98848
vt 0.11513 0.98890
vt 0.11542 0.99207
vt 0.51444 0.98876
vt 0.51775 0.98950
vt 0.51393 0.99638
vt 0.15701 0.15232
vt 0.15893 0.16237
vt 0.13152 0.16433
vt 0.98296 0.91295
vt 0.96140 0.91507
vt 0.96233 0.91000
vt 0.00419 0.32028
vt 0.00734 0.32250
vt 0.00208 0.32388
vt 0.08679 0.37538
vt 0.08529 0.35670
vt 0.08803 0.35497
vt 0.94480 0.04307
vt 0.93131 0.03869
vt 0.94467 0.03989
vt 0.42140 0.19432
vt 0.44732 0.18797
vt 0.45017 0.19404
vt 0.41762 0.18706
vt 0.42029 0.19471
vt 0.39019 0.18870
vt 0.36303 0.99257
vt 0.36271 0.99574
vt 0.35649 0.99265
vt 0.63257 0.90798
vt 0.63957 0.92185
vt 0.62949 0.91529
vt 0.36295 0.73252
vt 0.36320 0.78902
vt 0.35710 0.74541
vt 0.44732 0.18795
vt 0.42140 0.19432
vt 0.42080 0.18920
vt 0.92674 0.97443
vt 0.94623 0.97217
vt 0.94690 0.98005
vt 0.23285 0.33206
vt 0.23738 0.33414
vt 0.22612 0.33369
vt 0.94646 0.03778
vt 0.95915 0.03906
vt 0.94570 0.04358
vt 0.70532 0.68297
vt 0.70882 0.69168
vt 0.70203 0.68496
vt 0.97000 0.48424
vt 0.96396 0.48270
vt 0.98229 0.46868
vt 0.39019 0.18870
vt 0.42026 0.19479
vt 0.39485 0.19277
vt 0.06548 0.85378
vt 0.05969 0.84462
vt 0.07150 0.85322
vt 0.44734 0.18799
vt 0.45433 0.18706
vt 0.45026 0.19397
vt 0.37257 0.84600
vt 0.37243 0.85728
vt 0.35201 0.87253
vt 0.35187 0.87244
vt 0.35164 0.86233
vt 0.37257 0.84600
vt 0.67904 0.91233
vt 0.63957 0.92185
vt 0.63252 0.90801
vt 0.39019 0.18870
vt 0.39485 0.19277
vt 0.38641 0.19567
vt 0.39176 0.78772
vt 0.36320 0.78902
vt 0.36295 0.73252
vt 0.97443 0.34892
vt 0.97948 0.34892
vt 0.97489 0.37199
vt 0.22204 0.35222
vt 0.22100 0.35975
vt 0.20652 0.36055
vt 0.72267 0.67109
vt 0.71403 0.68104
vt 0.71028 0.66837
vt 0.36295 0.73252
vt 0.38899 0.73179
vt 0.39176 0.78772
vt 0.36495 0.90072
vt 0.33911 0.87624
vt 0.35189 0.87245
vt 0.95971 0.50798
vt 0.97484 0.50501
vt 0.97846 0.50811
vt 0.99195 0.03777
vt 0.98171 0.04251
vt 0.98221 0.03636
vt 0.94313 0.98576
vt 0.92674 0.97443
vt 0.94690 0.98005
vt 0.00120 0.16801
vt 0.00263 0.16361
vt 0.00623 0.16840
vt 0.63957 0.92185
vt 0.67904 0.91233
vt 0.69541 0.92593
vt 0.35166 0.86232
vt 0.35189 0.87244
vt 0.33911 0.87624
vt 0.97438 0.65986
vt 0.97496 0.63894
vt 0.98073 0.64679
vt 0.49448 0.96214
vt 0.49068 0.94937
vt 0.49434 0.94122
vt 0.71403 0.68104
vt 0.70532 0.68297
vt 0.71055 0.67056
vt 0.98232 0.46870
vt 0.98031 0.48744
vt 0.96988 0.48414
vt 0.98171 0.04251
vt 0.97782 0.03794
vt 0.98226 0.03639
vt 0.95971 0.50798
vt 0.95742 0.50309
vt 0.97483 0.50500
vt 0.33911 0.87624
vt 0.36495 0.90072
vt 0.35352 0.90335
vt 0.34710 0.75516
vt 0.35439 0.72374
vt 0.35710 0.74541
vt 0.72267 0.67109
vt 0.70842 0.66707
vt 0.71590 0.65344
vt 0.06742 0.67907
vt 0.07247 0.68005
vt 0.06952 0.69437
vt 0.99521 0.52268
vt 0.99810 0.51710
vt 0.99984 0.52251
vt 0.67188 0.03873
vt 0.67430 0.04392
vt 0.65606 0.04615
vt 0.34710 0.75516
vt 0.34630 0.72404
vt 0.35439 0.72374
vt 0.04718 0.72095
vt 0.05979 0.73435
vt 0.04851 0.72962
vt 0.04196 0.30594
vt 0.03236 0.29859
vt 0.03899 0.29955
vt 0.23278 0.34382
vt 0.22204 0.35222
vt 0.21506 0.34280
vt 0.65594 0.07619
vt 0.64127 0.07613
vt 0.64482 0.07135
vt 0.06201 0.76713
vt 0.07527 0.77196
vt 0.05988 0.77119
vt 0.35015 0.77138
vt 0.35710 0.74541
vt 0.36320 0.78902
vt 0.06201 0.76713
vt 0.07665 0.76620
vt 0.07527 0.77196
vt 0.35710 0.74541
vt 0.35015 0.77138
vt 0.34708 0.75516
vt 0.01802 0.89612
vt 0.02632 0.89294
vt 0.01720 0.90066
vt 0.20651 0.36063
vt 0.21506 0.34280
vt 0.22204 0.35222
vt 0.00423 0.14242
vt 0.00467 0.14759
vt 0.00005 0.14650
vt 0.07935 0.86511
vt 0.08161 0.86440
vt 0.08965 0.86865
vt 0.36940 0.63902
vt 0.36435 0.63971
vt 0.36286 0.63418
vt 0.79117 0.98686
vt 0.80217 0.98586
vt 0.79728 0.99184
vt 0.72488 0.50932
vt 0.73858 0.48428
vt 0.74441 0.48531
vt 0.17525 0.99220
vt 0.16311 0.98941
vt 0.16352 0.98433
vt 0.65594 0.07619
vt 0.64471 0.07166
vt 0.65853 0.07099
vt 0.70882 0.69168
vt 0.70532 0.68297
vt 0.71403 0.68104
vt 0.68810 0.48121
vt 0.73736 0.47903
vt 0.70086 0.48572
vt 0.22612 0.33369
vt 0.23295 0.34409
vt 0.21506 0.34280
vt 0.99009 0.89889
vt 0.99022 0.87838
vt 0.99207 0.88459
vt 0.20630 0.33154
vt 0.22267 0.31374
vt 0.22612 0.33369
vt 0.44533 0.95542
vt 0.49080 0.94947
vt 0.49413 0.96234
vt 0.95769 0.08367
vt 0.94358 0.08374
vt 0.93973 0.08307
vt 0.07935 0.86511
vt 0.08656 0.86187
vt 0.08667 0.87768
vt 0.95665 0.07687
vt 0.95769 0.08367
vt 0.93973 0.08307
vt 0.94254 0.07720
vt 0.95665 0.07687
vt 0.93973 0.08307
vt 0.63328 0.99250
vt 0.63669 0.99807
vt 0.63288 0.99895
vt 0.07935 0.86511
vt 0.08667 0.87768
vt 0.07869 0.87897
vt 0.72500 0.50936
vt 0.73747 0.47925
vt 0.73856 0.48428
vt 0.70317 0.02574
vt 0.68845 0.03114
vt 0.69132 0.02486
vt 0.68845 0.03114
vt 0.70317 0.02573
vt 0.70080 0.03040
vt 0.08821 0.30041
vt 0.09236 0.30004
vt 0.08888 0.31450
vt 0.02629 0.87577
vt 0.02921 0.87332
vt 0.02867 0.88535
vt 0.93656 0.36024
vt 0.93576 0.34111
vt 0.94016 0.33850
vt 0.69902 0.91919
vt 0.69541 0.92593
vt 0.67904 0.91233
vt 0.41990 0.03170
vt 0.43182 0.02782
vt 0.43194 0.03214
vt 0.56526 0.08029
vt 0.56526 0.09610
vt 0.56092 0.07773
vt 0.37348 0.91487
vt 0.35352 0.90335
vt 0.36496 0.90074
vt 0.08853 0.31839
vt 0.08888 0.31450
vt 0.09316 0.31703
vt 0.75207 0.49095
vt 0.75309 0.49586
vt 0.74398 0.49111
vt 0.93656 0.36024
vt 0.94016 0.33850
vt 0.94076 0.36262
vt 0.56526 0.09610
vt 0.56194 0.09505
vt 0.56090 0.07773
vt 0.37869 0.98929
vt 0.38642 0.98929
vt 0.38116 0.99202
vt 0.22612 0.33369
vt 0.21506 0.34280
vt 0.20630 0.33154
vt 0.53108 0.03273
vt 0.53161 0.04259
vt 0.52941 0.03730
vt 0.44420 0.94708
vt 0.49086 0.94943
vt 0.44523 0.95548
vt 0.36624 0.91812
vt 0.35352 0.90335
vt 0.37348 0.91487
vt 0.09504 0.89826
vt 0.08836 0.88405
vt 0.09434 0.88126
vt 0.30726 0.46064
vt 0.31885 0.46469
vt 0.30846 0.46744
vt 0.08836 0.88405
vt 0.09504 0.89826
vt 0.08782 0.89921
vt 0.35864 0.60363
vt 0.38386 0.61642
vt 0.36286 0.63418
vt 0.01486 0.55704
vt 0.02426 0.56431
vt 0.01689 0.56338
vt 0.08888 0.31450
vt 0.09236 0.30004
vt 0.09316 0.31703
vt 0.52666 0.07727
vt 0.54298 0.07292
vt 0.54398 0.07927
vt 0.74441 0.48531
vt 0.74398 0.49111
vt 0.72488 0.50932
vt 0.05193 0.16746
vt 0.04154 0.14975
vt 0.05187 0.15171
vt 0.36395 0.02827
vt 0.37850 0.02683
vt 0.37321 0.03070
vt 0.04155 0.14975
vt 0.05193 0.16746
vt 0.04141 0.16739
vt 0.35015 0.77138
vt 0.36320 0.78902
vt 0.35649 0.79170
vt 0.15462 0.01549
vt 0.15771 0.01827
vt 0.15807 0.02515
vt 0.70086 0.48572
vt 0.68749 0.49066
vt 0.68810 0.48121
vt 0.87657 0.02664
vt 0.88301 0.02201
vt 0.88390 0.02916
vt 0.35649 0.79170
vt 0.34740 0.79887
vt 0.35015 0.77138
vt 0.24664 0.01449
vt 0.24609 0.02070
vt 0.23576 0.01868
vt 0.32004 0.45650
vt 0.31885 0.46469
vt 0.30726 0.46064
vt 0.72488 0.50932
vt 0.74398 0.49111
vt 0.75310 0.49582
vt 0.70086 0.48572
vt 0.72510 0.50921
vt 0.70805 0.50842
vt 0.72500 0.50936
vt 0.70086 0.48572
vt 0.73747 0.47925
vt 0.97878 0.02938
vt 0.98953 0.02943
vt 0.98081 0.03653
vt 0.04756 0.42047
vt 0.03618 0.41383
vt 0.04719 0.40689
vt 0.88390 0.02916
vt 0.87716 0.03431
vt 0.87657 0.02664
vt 0.69902 0.91921
vt 0.67904 0.91233
vt 0.70301 0.91215
vt 0.30622 0.50801
vt 0.31696 0.51034
vt 0.30578 0.51180
vt 0.35864 0.60363
vt 0.35856 0.58414
vt 0.36604 0.58256
vt 0.01335 0.91024
vt 0.00901 0.90708
vt 0.01428 0.90047
vt 0.37456 0.64788
vt 0.38386 0.61642
vt 0.37920 0.65349
vt 0.05745 0.55579
vt 0.05019 0.54971
vt 0.06477 0.54926
vt 0.36616 0.58260
vt 0.37430 0.58762
vt 0.35864 0.60363
vt 0.99883 0.35249
vt 0.99334 0.35134
vt 0.99391 0.33370
vt 0.88128 0.88356
vt 0.88021 0.86012
vt 0.88843 0.88227
vt 0.36286 0.63418
vt 0.38386 0.61642
vt 0.36940 0.63902
vt 0.04054 0.13828
vt 0.02884 0.14739
vt 0.03143 0.13532
vt 0.99940 0.70306
vt 0.99403 0.70219
vt 0.99333 0.68643
vt 0.67904 0.91233
vt 0.68906 0.90254
vt 0.70301 0.91215
vt 0.99881 0.68346
vt 0.99940 0.70306
vt 0.99333 0.68643
vt 0.53279 0.49494
vt 0.50021 0.48232
vt 0.51992 0.48891
vt 0.53108 0.03273
vt 0.52941 0.03730
vt 0.52008 0.03299
vt 0.67728 0.90726
vt 0.68915 0.90263
vt 0.67904 0.91233
vt 0.34313 0.77301
vt 0.34670 0.79883
vt 0.33922 0.78175
vt 0.54396 0.21109
vt 0.56469 0.21303
vt 0.54457 0.21952
vt 0.88024 0.86003
vt 0.88118 0.88397
vt 0.86620 0.86522
vt 0.37456 0.64788
vt 0.36940 0.63902
vt 0.38386 0.61642
vt 0.70086 0.48572
vt 0.69351 0.50804
vt 0.69005 0.49850
vt 0.31696 0.51034
vt 0.31758 0.51525
vt 0.30578 0.51180
vt 0.72673 0.65095
vt 0.72267 0.67109
vt 0.71521 0.65437
vt 0.38219 0.58925
vt 0.38386 0.61642
vt 0.35864 0.60363
vt 0.36286 0.63418
vt 0.35747 0.63432
vt 0.35864 0.60363
vt 0.34313 0.77301
vt 0.35015 0.77138
vt 0.34694 0.79879
vt 0.06733 0.28373
vt 0.07766 0.29267
vt 0.06307 0.29252
vt 0.02664 0.40459
vt 0.02496 0.41450
vt 0.01906 0.40831
vt 0.00863 0.77785
vt 0.00884 0.78506
vt 0.00404 0.78252
vt 0.02761 0.50336
vt 0.01679 0.50775
vt 0.01709 0.50348
vt 0.08275 0.44731
vt 0.06914 0.44478
vt 0.07221 0.44016
vt 0.15712 0.01296
vt 0.16251 0.01315
vt 0.16300 0.02374
vt 0.38219 0.58925
vt 0.35864 0.60363
vt 0.37430 0.58762
vt 0.70086 0.48572
vt 0.68988 0.49810
vt 0.68749 0.49066
vt 0.03093 0.51177
vt 0.03057 0.51723
vt 0.01998 0.51554
vt 0.88780 0.70328
vt 0.85915 0.69755
vt 0.85845 0.69354
vt 0.52941 0.03730
vt 0.51588 0.03860
vt 0.52008 0.03299
vt 0.75841 0.17162
vt 0.75942 0.17568
vt 0.74457 0.18159
vt 0.88780 0.70328
vt 0.85738 0.70204
vt 0.85915 0.69755
vt 0.87302 0.88371
vt 0.86601 0.86577
vt 0.88128 0.88356
vt 0.99941 0.33325
vt 0.99883 0.35249
vt 0.99390 0.33370
vt 0.67594 0.01329
vt 0.68157 0.00554
vt 0.68548 0.00963
vt 0.56526 0.21190
vt 0.54568 0.22139
vt 0.54469 0.21912
vt 0.98953 0.02943
vt 0.99383 0.03635
vt 0.98081 0.03653
vt 0.86577 0.89437
vt 0.87185 0.88433
vt 0.87973 0.88298
vt 0.02884 0.14739
vt 0.04054 0.13828
vt 0.03448 0.14979
vt 0.75871 0.51053
vt 0.73635 0.51374
vt 0.75332 0.49608
vt 0.67993 0.73074
vt 0.68547 0.72796
vt 0.68446 0.73823
vt 0.02973 0.00618
vt 0.03498 0.00986
vt 0.02533 0.00984
vt 0.00667 0.33989
vt 0.00434 0.34335
vt 0.00034 0.34266
vt 0.56507 0.49014
vt 0.56009 0.48855
vt 0.57122 0.47991
vt 0.34627 0.79904
vt 0.33953 0.79077
vt 0.33922 0.78175
vt 0.75871 0.51053
vt 0.75315 0.49564
vt 0.75949 0.49572
vt 0.75314 0.49594
vt 0.73635 0.51374
vt 0.72489 0.50932
vt 0.53192 0.49744
vt 0.51992 0.48891
vt 0.53486 0.49162
vt 0.67222 0.44826
vt 0.67719 0.44323
vt 0.70953 0.44606
vt 0.01297 0.04132
vt 0.02253 0.04212
vt 0.01447 0.04692
vt 0.56009 0.48855
vt 0.56507 0.49014
vt 0.53486 0.49162
vt 0.88677 0.28927
vt 0.87586 0.28372
vt 0.87706 0.25830
vt 0.00383 0.08901
vt 0.00000 0.09027
vt 0.00221 0.08641
vt 0.40426 0.98786
vt 0.40770 0.98120
vt 0.40766 0.99105
vt 0.53486 0.49162
vt 0.53390 0.50820
vt 0.53234 0.49693
vt 0.54350 0.50789
vt 0.53390 0.50820
vt 0.53486 0.49162
vt 0.00353 0.08940
vt 0.00221 0.08641
vt 0.00335 0.08434
vt 0.81775 0.99309
vt 0.81467 0.99167
vt 0.82061 0.98653
vt 0.90466 0.00762
vt 0.89893 0.01122
vt 0.89503 0.00860
vt 0.31758 0.51525
vt 0.31696 0.51034
vt 0.33181 0.51046
vt 0.74657 0.64912
vt 0.74856 0.62501
vt 0.75801 0.64356
vt 0.74657 0.64912
vt 0.72673 0.65095
vt 0.74856 0.62501
vt 0.49387 0.02285
vt 0.48250 0.02653
vt 0.48499 0.02145
vt 0.72673 0.65095
vt 0.74657 0.64912
vt 0.74330 0.65921
vt 0.93054 0.85336
vt 0.92268 0.87756
vt 0.91562 0.85445
vt 0.53486 0.49162
vt 0.55421 0.50428
vt 0.54362 0.50717
vt 0.53486 0.49162
vt 0.56507 0.49014
vt 0.55999 0.50297
vt 0.55999 0.50297
vt 0.55423 0.50425
vt 0.53486 0.49162
vt 0.68478 0.73764
vt 0.68547 0.72796
vt 0.69363 0.74829
vt 1.00000 0.04556
vt 0.99367 0.03648
vt 0.99840 0.03478
vt 0.70805 0.50842
vt 0.69351 0.50804
vt 0.70086 0.48572
vt 0.99840 0.03478
vt 0.99367 0.03648
vt 0.99642 0.02855
vt 0.01373 0.60741
vt 0.00799 0.60768
vt 0.01063 0.60419
vt 0.00043 0.34282
vt 0.00004 0.33787
vt 0.00660 0.33976
vt 0.56881 0.21100
vt 0.56058 0.22796
vt 0.54586 0.22210
vt 0.32004 0.45650
vt 0.33397 0.46544
vt 0.31887 0.46469
vt 0.75474 0.65998
vt 0.74330 0.65921
vt 0.74657 0.64912
vt 0.87035 0.06935
vt 0.88433 0.06197
vt 0.88600 0.06935
vt 0.69562 0.99675
vt 0.68968 0.99326
vt 0.68896 0.99527
vt 0.06704 0.59342
vt 0.05869 0.59258
vt 0.05508 0.59095
vt 0.04627 0.48253
vt 0.03807 0.49871
vt 0.04457 0.49031
vt 0.33181 0.51044
vt 0.31696 0.51034
vt 0.33422 0.49733
vt 0.16682 0.99954
vt 0.16493 0.99518
vt 0.16921 0.99491
vt 0.05787 0.00420
vt 0.06818 0.00040
vt 0.06951 0.00536
vt 0.03305 0.48731
vt 0.03805 0.49873
vt 0.03272 0.49985
vt 0.53452 0.00146
vt 0.52991 0.01028
vt 0.53035 0.00261
vt 0.03805 0.49873
vt 0.03305 0.48731
vt 0.04453 0.49035
vt 0.89591 0.11469
vt 0.90346 0.10865
vt 0.90299 0.11532
vt 0.38285 0.07593
vt 0.38341 0.06904
vt 0.39984 0.06904
vt 0.96193 0.45554
vt 0.98081 0.45134
vt 0.97615 0.46748
vt 0.55932 0.12374
vt 0.55414 0.11265
vt 0.55933 0.10470
vt 0.99968 0.64389
vt 0.99226 0.66294
vt 0.99243 0.64573
vt 0.48250 0.02653
vt 0.49387 0.02285
vt 0.49722 0.02985
vt 0.43500 0.69544
vt 0.42204 0.66769
vt 0.43627 0.67254
vt 0.67222 0.44826
vt 0.64502 0.44924
vt 0.67719 0.44323
vt 0.88187 0.10773
vt 0.90346 0.10865
vt 0.89591 0.11469
vt 0.16652 0.01048
vt 0.17088 0.01031
vt 0.16621 0.01815
vt 0.57521 0.22895
vt 0.56058 0.22796
vt 0.56881 0.21099
vt 0.95380 0.67498
vt 0.95227 0.68428
vt 0.95103 0.66015
vt 0.03853 0.43524
vt 0.03009 0.43803
vt 0.02698 0.43388
vt 0.39984 0.06904
vt 0.39969 0.07653
vt 0.38285 0.07592
vt 0.93471 0.30041
vt 0.93279 0.31236
vt 0.92828 0.30326
vt 0.53999 0.22635
vt 0.54504 0.22086
vt 0.54343 0.22650
vt 0.68037 0.72065
vt 0.68484 0.70661
vt 0.68204 0.72416
vt 0.63691 0.98625
vt 0.64555 0.98625
vt 0.63948 0.99145
vt 0.93279 0.31236
vt 0.93475 0.30042
vt 0.93743 0.30985
vt 0.92829 0.32585
vt 0.92828 0.30326
vt 0.93279 0.31236
vt 0.04233 0.90405
vt 0.04602 0.89248
vt 0.04786 0.90574
vt 0.93376 0.32310
vt 0.92829 0.32585
vt 0.93279 0.31236
vt 0.05479 0.59101
vt 0.05869 0.59258
vt 0.05371 0.59554
vt 0.01323 0.73614
vt 0.02107 0.73749
vt 0.01660 0.74715
vt 0.74657 0.64912
vt 0.75801 0.64356
vt 0.75474 0.65998
vt 0.00852 0.69108
vt 0.01617 0.69041
vt 0.00762 0.69546
vt 0.65439 0.66824
vt 0.65123 0.64852
vt 0.67688 0.67603
vt 0.23184 0.24100
vt 0.23911 0.24710
vt 0.20520 0.24681
vt 0.00762 0.69546
vt 0.01617 0.69041
vt 0.01566 0.69562
vt 0.64330 0.44430
vt 0.67719 0.44323
vt 0.64502 0.44924
vt 0.96441 0.02772
vt 0.96477 0.03715
vt 0.94827 0.03710
vt 0.95581 0.66301
vt 0.95380 0.67498
vt 0.95103 0.66015
vt 0.67719 0.67351
vt 0.68038 0.70249
vt 0.65428 0.66845
vt 0.04562 0.80670
vt 0.04690 0.79982
vt 0.05973 0.80346
vt 0.47932 0.00863
vt 0.48609 0.01083
vt 0.47923 0.01937
vt 0.43714 0.69905
vt 0.44427 0.71470
vt 0.43753 0.70921
vt 0.71809 0.13760
vt 0.74156 0.13886
vt 0.72200 0.14474
vt 0.00558 0.39922
vt 0.00488 0.39631
vt 0.01325 0.39880
vt 0.94303 0.45680
vt 0.94112 0.44131
vt 0.94172 0.43174
vt 0.16621 0.01815
vt 0.17080 0.01023
vt 0.17175 0.02124
vt 0.68106 0.72143
vt 0.69887 0.71544
vt 0.68547 0.72796
vt 0.78893 0.16911
vt 0.80348 0.16870
vt 0.81987 0.17370
vt 0.57519 0.22901
vt 0.56234 0.23113
vt 0.56058 0.22796
vt 0.68640 0.70004
vt 0.69887 0.71544
vt 0.68297 0.72070
vt 0.81987 0.17371
vt 0.78872 0.17210
vt 0.78893 0.16911
vt 0.06748 0.61129
vt 0.06748 0.59486
vt 0.07028 0.61035
vt 0.48276 0.01961
vt 0.47923 0.01937
vt 0.48609 0.01083
vt 0.46045 0.02585
vt 0.45386 0.02521
vt 0.44750 0.02357
vt 0.23184 0.24100
vt 0.20520 0.24681
vt 0.20192 0.24139
vt 0.54559 0.22157
vt 0.55008 0.22849
vt 0.54343 0.22650
vt 0.69601 0.74766
vt 0.68547 0.72796
vt 0.69887 0.71544
vt 0.44750 0.02357
vt 0.45624 0.01713
vt 0.46045 0.02585
vt 0.43649 0.69846
vt 0.45622 0.72703
vt 0.44322 0.71355
vt 0.70368 0.64569
vt 0.71440 0.64719
vt 0.68780 0.67229
vt 0.02021 0.12397
vt 0.02021 0.13471
vt 0.01894 0.13026
vt 0.02695 0.36970
vt 0.02792 0.35708
vt 0.03650 0.36745
vt 0.36119 0.64778
vt 0.37704 0.65232
vt 0.36444 0.65361
vt 0.12387 0.39319
vt 0.13967 0.39850
vt 0.11749 0.40773
vt 0.06965 0.72705
vt 0.07320 0.72898
vt 0.07168 0.74279
vt 0.69606 0.74778
vt 0.69887 0.71544
vt 0.70896 0.74384
vt 0.94007 0.69613
vt 0.93470 0.70276
vt 0.93318 0.69103
vt 0.44443 0.56316
vt 0.43462 0.59887
vt 0.42191 0.57537
vt 0.56058 0.22796
vt 0.55483 0.22882
vt 0.54324 0.22153
vt 0.06640 0.59320
vt 0.05482 0.59085
vt 0.05856 0.58100
vt 0.43698 0.69882
vt 0.44245 0.68039
vt 0.45622 0.72703
vt 0.42094 0.82722
vt 0.43646 0.81536
vt 0.43136 0.83001
vt 0.02792 0.35708
vt 0.03553 0.35225
vt 0.03650 0.36745
vt 0.55540 0.26698
vt 0.55150 0.26226
vt 0.55681 0.24768
vt 0.45524 0.79296
vt 0.43936 0.78921
vt 0.44967 0.77065
vt 0.44967 0.77065
vt 0.45622 0.72703
vt 0.46915 0.73604
vt 0.41609 0.59809
vt 0.42191 0.57537
vt 0.43462 0.59887
vt 0.89093 0.61625
vt 0.86837 0.60955
vt 0.88043 0.60913
vt 0.94839 0.03726
vt 0.95280 0.02920
vt 0.96453 0.02789
vt 0.34205 0.49436
vt 0.33179 0.51044
vt 0.33422 0.49733
vt 0.55540 0.26698
vt 0.55681 0.24768
vt 0.56395 0.25920
vt 0.93046 0.05054
vt 0.94682 0.05018
vt 0.93567 0.05488
vt 0.68635 0.70059
vt 0.68263 0.67123
vt 0.69887 0.71544
vt 0.03973 0.43403
vt 0.03268 0.43086
vt 0.03903 0.42751
vt 0.97615 0.46748
vt 0.98081 0.45134
vt 0.97992 0.46702
vt 0.44967 0.77065
vt 0.46712 0.76715
vt 0.45560 0.79273
vt 0.89591 0.11469
vt 0.88170 0.11774
vt 0.88187 0.10773
vt 0.35510 0.59542
vt 0.34680 0.60829
vt 0.34523 0.60041
vt 0.06748 0.06010
vt 0.08009 0.07103
vt 0.06748 0.07224
vt 0.35510 0.59542
vt 0.34523 0.60041
vt 0.35431 0.59020
vt 0.71809 0.13760
vt 0.74128 0.12869
vt 0.74156 0.13886
vt 0.17919 0.31015
vt 0.16013 0.31263
vt 0.17624 0.30543
vt 0.08009 0.07103
vt 0.06748 0.06010
vt 0.08366 0.05958
vt 0.63442 0.99282
vt 0.63636 0.98590
vt 0.63668 0.99584
vt 0.94045 0.67940
vt 0.94007 0.69613
vt 0.93318 0.69103
vt 0.00853 0.91315
vt 0.01081 0.91044
vt 0.01674 0.91283
vt 0.98623 0.99063
vt 0.99444 0.99063
vt 0.98939 0.99401
vt 0.33397 0.46544
vt 0.33629 0.48242
vt 0.31887 0.46470
vt 0.45448 0.79407
vt 0.44914 0.80294
vt 0.43936 0.78921
vt 0.71388 0.64731
vt 0.69824 0.67146
vt 0.68858 0.67116
vt 0.46712 0.76715
vt 0.44967 0.77065
vt 0.46915 0.73604
vt 0.70656 0.37098
vt 0.71014 0.37934
vt 0.69808 0.37934
vt 0.42358 0.81382
vt 0.43646 0.81536
vt 0.42094 0.82722
vt 0.33653 0.00912
vt 0.33427 0.02011
vt 0.33311 0.01383
vt 0.97615 0.46748
vt 0.96198 0.47263
vt 0.96193 0.45554
vt 0.34239 0.48099
vt 0.33629 0.48243
vt 0.33397 0.46544
vt 0.95936 0.54482
vt 0.96837 0.52746
vt 0.96905 0.54248
vt 0.27052 0.11234
vt 0.27442 0.11009
vt 0.27700 0.11727
vt 0.33422 0.49733
vt 0.33629 0.48243
vt 0.34239 0.48099
vt 0.26512 0.11501
vt 0.27052 0.11234
vt 0.27700 0.11727
vt 0.16013 0.31263
vt 0.16012 0.30675
vt 0.17624 0.30543
vt 0.67296 0.37849
vt 0.65926 0.37802
vt 0.66275 0.36953
vt 0.02204 0.44908
vt 0.01790 0.44568
vt 0.02607 0.44001
vt 0.34682 0.60827
vt 0.34149 0.61646
vt 0.34523 0.60041
vt 0.58076 0.96149
vt 0.59115 0.95907
vt 0.59122 0.96368
vt 0.33427 0.02011
vt 0.33653 0.00912
vt 0.34013 0.01118
vt 0.44443 0.56316
vt 0.44339 0.60184
vt 0.43462 0.59887
vt 0.67296 0.37849
vt 0.68524 0.36923
vt 0.69259 0.38960
vt 0.45622 0.72703
vt 0.46768 0.69954
vt 0.46915 0.73604
vt 0.68524 0.36923
vt 0.69808 0.37934
vt 0.69252 0.38960
vt 0.38632 0.09588
vt 0.39175 0.09861
vt 0.38945 0.10260
vt 0.33422 0.49733
vt 0.34239 0.48099
vt 0.34205 0.49436
vt 0.68524 0.36923
vt 0.70636 0.37093
vt 0.69808 0.37934
vt 0.58075 0.96146
vt 0.57856 0.95648
vt 0.59115 0.95907
vt 0.84038 0.21483
vt 0.85030 0.21509
vt 0.84970 0.21970
vt 0.36118 0.64778
vt 0.36444 0.65361
vt 0.35160 0.64440
vt 0.07784 0.86674
vt 0.07487 0.88241
vt 0.07271 0.87510
vt 0.04574 0.11593
vt 0.04497 0.10219
vt 0.04707 0.10855
vt 0.68524 0.36923
vt 0.67296 0.37849
vt 0.66291 0.36948
vt 0.36122 0.64774
vt 0.34436 0.63164
vt 0.34820 0.62951
vt 0.34436 0.63164
vt 0.34149 0.61646
vt 0.34682 0.60827
vt 0.68290 0.67163
vt 0.69824 0.67146
vt 0.70063 0.69892
vt 0.57292 0.95838
vt 0.57842 0.95644
vt 0.58081 0.96148
vt 0.68248 0.67125
vt 0.70049 0.69880
vt 0.69887 0.71544
vt 0.58080 0.96151
vt 0.57343 0.96290
vt 0.57292 0.95838
vt 0.34436 0.63164
vt 0.34693 0.60829
vt 0.34820 0.62951
vt 0.41779 0.75208
vt 0.42946 0.74928
vt 0.43371 0.76481
vt 0.71986 0.15529
vt 0.70233 0.16978
vt 0.69588 0.16344
vt 0.34436 0.63164
vt 0.36118 0.64778
vt 0.35160 0.64440
vt 0.44245 0.68039
vt 0.46791 0.69976
vt 0.45622 0.72703
vt 0.42358 0.81382
vt 0.43682 0.79851
vt 0.43646 0.81536
vt 0.32618 0.60922
vt 0.33445 0.60829
vt 0.33781 0.62491
vt 0.33901 0.57609
vt 0.33445 0.60829
vt 0.33163 0.60074
vt 0.42194 0.76733
vt 0.41779 0.75208
vt 0.43371 0.76481
vt 0.56395 0.25919
vt 0.55681 0.24768
vt 0.56468 0.24544
vt 0.42433 0.79735
vt 0.43682 0.79851
vt 0.42358 0.81382
vt 0.14779 0.29639
vt 0.16012 0.30675
vt 0.16013 0.31263
vt 0.38632 0.09588
vt 0.38945 0.10260
vt 0.38943 0.10778
vt 0.57292 0.95838
vt 0.57343 0.96290
vt 0.56689 0.96433
vt 0.59147 0.95742
vt 0.58257 0.95401
vt 0.59085 0.95229
vt 0.59147 0.95742
vt 0.57868 0.95655
vt 0.58257 0.95401
vt 0.16013 0.31263
vt 0.13374 0.28773
vt 0.14779 0.29639
vt 0.31044 0.62669
vt 0.34356 0.61315
vt 0.31136 0.63352
vt 0.71734 0.13896
vt 0.69746 0.14304
vt 0.71234 0.13153
vt 0.56683 0.96427
vt 0.55634 0.95796
vt 0.57292 0.95838
vt 0.38943 0.10778
vt 0.38554 0.11387
vt 0.38632 0.09588
vt 0.56577 0.10137
vt 0.56009 0.10029
vt 0.56376 0.09593
vt 0.55681 0.24768
vt 0.55657 0.22985
vt 0.56468 0.24544
vt 0.90159 0.29360
vt 0.90073 0.29840
vt 0.89335 0.29289
vt 0.45252 0.79190
vt 0.46712 0.76715
vt 0.49671 0.78286
vt 0.56009 0.10029
vt 0.56577 0.10137
vt 0.56411 0.11788
vt 0.42385 0.00659
vt 0.41430 0.01394
vt 0.41826 0.00568
vt 0.42194 0.76733
vt 0.43371 0.76481
vt 0.42330 0.78194
vt 0.46712 0.76715
vt 0.50858 0.77759
vt 0.49671 0.78286
vt 0.42433 0.79735
vt 0.42330 0.78194
vt 0.43682 0.79851
vt 0.54632 0.06267
vt 0.55378 0.06425
vt 0.55146 0.07757
vt 0.43371 0.76481
vt 0.43701 0.78130
vt 0.42330 0.78194
vt 0.55656 0.22985
vt 0.55681 0.24768
vt 0.55128 0.23176
vt 0.34070 0.63609
vt 0.31136 0.63352
vt 0.34197 0.61495
vt 0.34043 0.12071
vt 0.34345 0.12754
vt 0.32665 0.11601
vt 0.90219 0.28517
vt 0.90159 0.29360
vt 0.89574 0.28784
vt 0.89335 0.29289
vt 0.89574 0.28784
vt 0.90159 0.29360
vt 0.88392 0.09939
vt 0.86224 0.10083
vt 0.88196 0.09364
vt 0.38563 0.11395
vt 0.38943 0.10778
vt 0.39538 0.11720
vt 0.45005 0.82111
vt 0.44914 0.80294
vt 0.45612 0.79270
vt 0.43701 0.78130
vt 0.43682 0.79851
vt 0.42330 0.78194
vt 0.21082 0.12918
vt 0.20481 0.11992
vt 0.21371 0.12611
vt 0.45005 0.82111
vt 0.43354 0.84680
vt 0.44914 0.80294
vt 0.89586 0.28200
vt 0.90219 0.28517
vt 0.89574 0.28784
vt 0.21082 0.12918
vt 0.21369 0.12608
vt 0.21155 0.14044
vt 0.21155 0.14044
vt 0.21374 0.12609
vt 0.21514 0.14128
vt 0.88187 0.09341
vt 0.86220 0.10073
vt 0.86519 0.09089
vt 0.38943 0.10778
vt 0.39514 0.11196
vt 0.39538 0.11720
vt 0.41430 0.01394
vt 0.42385 0.00659
vt 0.42415 0.01420
vt 0.89335 0.29289
vt 0.89035 0.29291
vt 0.89574 0.28784
vt 0.22652 0.64547
vt 0.24170 0.64695
vt 0.23410 0.66984
vt 0.34337 0.12782
vt 0.33954 0.13231
vt 0.32074 0.12203
vt 0.01467 0.66227
vt 0.01467 0.67074
vt 0.01110 0.66689
vt 0.72579 0.32551
vt 0.71188 0.33143
vt 0.70596 0.31773
vt 0.89335 0.29289
vt 0.88771 0.30968
vt 0.89035 0.29291
vt 0.97712 0.01261
vt 0.98709 0.01108
vt 0.98722 0.01529
vt 0.27185 0.09006
vt 0.26203 0.08937
vt 0.26184 0.07545
vt 0.22581 0.64547
vt 0.22093 0.66838
vt 0.21433 0.64617
vt 0.55245 0.10551
vt 0.54485 0.11868
vt 0.54467 0.09737
vt 0.83452 0.16773
vt 0.84685 0.16890
vt 0.82208 0.17600
vt 0.69032 0.05788
vt 0.69918 0.04568
vt 0.70116 0.05282
vt 0.90915 0.79975
vt 0.89414 0.80222
vt 0.89204 0.78855
vt 0.28193 0.02483
vt 0.26833 0.02977
vt 0.27529 0.01956
vt 0.23362 0.06837
vt 0.24497 0.06609
vt 0.25052 0.06815
vt 0.86784 0.74794
vt 0.86954 0.76112
vt 0.86139 0.76855
vt 0.21027 0.09187
vt 0.22930 0.09228
vt 0.23125 0.10337
vt 0.73637 0.33198
vt 0.70914 0.34531
vt 0.71188 0.33143
vt 0.59279 0.20148
vt 0.59157 0.19568
vt 0.61245 0.20307
vt 0.34145 0.46986
vt 0.34145 0.46986
vt 0.34145 0.46986
vt 0.34145 0.46986
vt 0.34145 0.46986
vt 0.34145 0.46986
vt 0.34145 0.46986
vt 0.34145 0.46986
vt 0.34145 0.46986
vt 0.34145 0.46986
vt 0.34145 0.46986
vt 0.34145 0.46986
vt 0.34145 0.46986
vt 0.34145 0.46986
vt 0.34145 0.46986
vt 0.34145 0.46986
vt 0.34145 0.46986
vt 0.34145 0.46986
vt 0.34145 0.46986
vt 0.34145 0.46986
vt 0.34145 0.46986
vt 0.34145 0.46986
vt 0.34145 0.46986
vt 0.34145 0.46986
vt 0.34145 0.46986
vt 0.34145 0.46986
vt 0.34145 0.46986
vt 0.34145 0.46986
vt 0.34145 0.46986
vt 0.34145 0.46986
vt 0.34145 0.46986
vt 0.88780 0.70328
vt 0.88780 0.70328
vt 0.88780 0.70328
vt 0.88780 0.70328
vt 0.88780 0.70328
vt 0.88780 0.70328
vt 0.88780 0.70328
vt 0.88780 0.70328
vt 0.88780 0.70328
vt 0.88780 0.70328
vt 0.88780 0.70328
vt 0.88780 0.70328
vt 0.88780 0.70328
vt 0.88780 0.70328
vt 0.88780 0.70328
vt 0.88780 0.70328
vt 0.88780 0.70328
vt 0.88780 0.70328
vt 0.88780 0.70328
vt 0.88780 0.70328
vt 0.88780 0.70328
vt 0.88780 0.70328
vt 0.88780 0.70328
vt 0.88780 0.70328
vt 0.88780 0.70328
vt 0.88780 0.70328
vt 0.88780 0.70328
vt 0.88780 0.70328
vt 0.88780 0.70328
vt 0.88780 0.70328
vt 0.88780 0.70328
vt 0.88780 0.70328
vt 0.88780 0.70328
vt 0.88780 0.70328
vt 0.88780 0.70328
vt 0.88780 0.70328
vt 0.88780 0.70328
vt 0.88780 0.70328
vt 0.88780 0.70328
vt 0.88780 0.70328
vt 0.88780 0.70328
vt 0.88780 0.70328
vt 0.88780 0.70328
vt 0.88780 0.70328
vt 0.88780 0.70328
vt 0.88780 0.70328
vt 0.88780 0.70328
vt 0.88780 0.70328
vt 0.88780 0.70328
vt 0.88780 0.70328
vt 0.88780 0.70328
vt 0.88780 0.70328
vt 0.88780 0.70328
vt 0.88780 0.70328
vt 0.88780 0.70328
vt 0.88780 0.70328
vt 0.88780 0.70328
vn 0.7988 0.3483 -0.4905
vn 0.6491 0.5582 -0.5168
vn 0.9505 0.1640 -0.2638
vn 0.8223 0.0403 0.5676
vn 0.6643 0.5521 0.5039
vn 0.7582 0.2556 0.5999
vn 0.5433 0.3107 -0.7799
vn 0.7988 0.3483 -0.4905
vn 0.6722 -0.1608 -0.7227
vn 0.7582 0.2556 0.5999
vn 0.7626 0.3439 0.5478
vn 0.6717 0.0172 0.7407
vn 0.6643 0.5521 0.5039
vn 0.8223 0.0403 0.5676
vn 0.6491 0.5582 -0.5168
vn 0.7626 0.3439 0.5478
vn 0.7283 0.2606 0.6337
vn 0.6717 0.0172 0.7407
vn 0.5433 0.3107 -0.7799
vn 0.6491 0.5582 -0.5168
vn 0.7988 0.3483 -0.4905
vn 0.7626 0.3439 0.5478
vn 0.7582 0.2556 0.5999
vn 0.6643 0.5521 0.5039
vn 0.5433 0.3107 -0.7799
vn 0.5197 0.4985 -0.6939
vn 0.6491 0.5582 -0.5168
vn 0.6491 0.5582 -0.5168
vn 0.3482 0.7798 -0.5202
vn 0.6643 0.5521 0.5039
vn 0.4339 0.7823 0.4469
vn 0.6643 0.5521 0.5039
vn 0.3482 0.7798 -0.5202
vn 0.6491 0.5582 -0.5168
vn 0.2394 0.8049 -0.5430
vn 0.3482 0.7798 -0.5202
vn 0.7626 0.3439 0.5478
vn 0.6643 0.5521 0.5039
vn 0.2513 0.6289 0.7358
vn 0.6643 0.5521 0.5039
vn 0.3689 0.7858 0.4964
vn 0.2513 0.6289 0.7358
vn 0.6643 0.5521 0.5039
vn 0.4339 0.7823 0.4469
vn 0.3689 0.7858 0.4964
vn 0.7283 0.2606 0.6337
vn 0.7626 0.3439 0.5478
vn 0.2513 0.6289 0.7358
vn 0.3689 0.7858 0.4964
vn 0.4339 0.7823 0.4469
vn 0.6975 0.6633 0.2713
vn 0.5197 0.4985 -0.6939
vn 0.2394 0.8049 -0.5430
vn 0.6491 0.5582 -0.5168
vn 0.7283 0.2606 0.6337
vn -0.4606 0.3666 0.8084
vn 0.0686 0.3228 0.9440
vn 0.2513 0.6289 0.7358
vn -0.4606 0.3666 0.8084
vn 0.7283 0.2606 0.6337
vn 0.4583 0.7589 -0.4626
vn 0.2394 0.8049 -0.5430
vn 0.5197 0.4985 -0.6939
vn 0.2513 0.6289 0.7358
vn 0.5498 0.7420 0.3836
vn -0.1342 0.4812 0.8662
vn 0.7283 0.2606 0.6337
vn 0.0686 0.3228 0.9440
vn -0.5643 0.2718 0.7796
vn 0.3482 0.7798 -0.5202
vn 0.2394 0.8049 -0.5430
vn 0.7274 0.6577 -0.1959
vn 0.2513 0.6289 0.7358
vn -0.1342 0.4812 0.8662
vn -0.4606 0.3666 0.8084
vn 0.6975 0.6633 0.2713
vn 0.2513 0.6289 0.7358
vn 0.3689 0.7858 0.4964
vn 0.5197 0.4985 -0.6939
vn 0.5433 0.3107 -0.7799
vn 0.3563 0.4851 -0.7986
vn 0.5498 0.7420 0.3836
vn 0.2513 0.6289 0.7358
vn 0.6975 0.6633 0.2713
vn 0.4583 0.7589 -0.4626
vn 0.7274 0.6577 -0.1959
vn 0.2394 0.8049 -0.5430
vn 0.6975 0.6633 0.2713
vn 0.3482 0.7798 -0.5202
vn 0.7274 0.6577 -0.1959
vn 0.3482 0.7798 -0.5202
vn 0.6975 0.6633 0.2713
vn 0.4339 0.7823 0.4469
vn -0.4404 0.4901 -0.7522
vn 0.1819 0.3761 -0.9085
vn -0.5535 0.4564 -0.6966
vn 0.1819 0.3761 -0.9085
vn -0.4404 0.4901 -0.7522
vn 0.5433 0.3107 -0.7799
vn 0.0686 0.3228 0.9440
vn -0.4606 0.3666 0.8084
vn -0.4052 0.3661 0.8377
vn 0.6975 0.6633 0.2713
vn 0.4583 0.7589 -0.4626
vn 0.5498 0.7420 0.3836
vn -0.1342 0.4812 0.8662
vn -0.2515 0.4595 0.8518
vn -0.4606 0.3666 0.8084
vn 0.5433 0.3107 -0.7799
vn -0.4404 0.4901 -0.7522
vn 0.3563 0.4851 -0.7986
vn 0.6975 0.6633 0.2713
vn 0.7274 0.6577 -0.1959
vn 0.4583 0.7589 -0.4626
vn -0.4404 0.4901 -0.7522
vn -0.5535 0.4564 -0.6966
vn -0.2118 0.3779 -0.9013
vn 0.9476 -0.0168 0.3189
vn 0.6020 -0.6789 -0.4203
vn 0.8606 -0.0068 -0.5092
vn 0.9476 -0.0168 0.3189
vn 0.6638 0.0538 0.7460
vn 0.6734 -0.5721 0.4683
vn -0.4052 0.3661 0.8377
vn -0.4606 0.3666 0.8084
vn -0.2515 0.4595 0.8518
vn 0.0686 0.3228 0.9440
vn -0.4052 0.3661 0.8377
vn -0.5643 0.2718 0.7796
vn 0.9476 -0.0168 0.3189
vn 0.6734 -0.5721 0.4683
vn 0.6020 -0.6789 -0.4203
vn 0.5197 0.4985 -0.6939
vn 0.4163 0.7275 -0.5454
vn 0.4583 0.7589 -0.4626
vn -0.2118 0.3779 -0.9013
vn 0.3563 0.4851 -0.7986
vn -0.4404 0.4901 -0.7522
vn 0.4163 0.7275 -0.5454
vn 0.5197 0.4985 -0.6939
vn 0.3563 0.4851 -0.7986
vn 0.1422 0.4177 -0.8974
vn -0.2118 0.3779 -0.9013
vn -0.5535 0.4564 -0.6966
vn 0.4583 0.7589 -0.4626
vn 0.6491 0.7445 0.1559
vn 0.5498 0.7420 0.3836
vn 0.6734 -0.5721 0.4683
vn 0.9727 -0.0561 0.2250
vn 0.6020 -0.6789 -0.4203
vn 0.1422 0.4177 -0.8974
vn -0.5535 0.4564 -0.6966
vn -0.4923 0.4419 -0.7499
vn 0.8769 0.2644 -0.4014
vn 0.8606 -0.0068 -0.5092
vn 0.6020 -0.6789 -0.4203
vn 0.9476 -0.0168 0.3189
vn 0.6471 0.6852 0.3342
vn 0.6638 0.0538 0.7460
vn 0.6491 0.7445 0.1559
vn 0.4583 0.7589 -0.4626
vn 0.4163 0.7275 -0.5454
vn -0.1342 0.4812 0.8662
vn 0.5498 0.7420 0.3836
vn -0.1502 0.7870 0.5984
vn 0.0129 0.1448 0.9894
vn -0.4052 0.3661 0.8377
vn 0.3342 0.1774 0.9257
vn 0.5544 0.1983 -0.8083
vn -0.2118 0.3779 -0.9013
vn 0.1422 0.4177 -0.8974
vn -0.2118 0.3779 -0.9013
vn -0.6089 0.3031 -0.7331
vn 0.3563 0.4851 -0.7986
vn 0.0303 0.3274 -0.9444
vn 0.1006 0.7485 -0.6555
vn 0.3563 0.4851 -0.7986
vn 0.6020 -0.6789 -0.4203
vn 0.9727 -0.0561 0.2250
vn 0.7315 -0.6788 -0.0639
vn 0.1422 0.4177 -0.8974
vn -0.1224 0.5465 -0.8285
vn 0.5544 0.1983 -0.8083
vn 0.6491 0.7445 0.1559
vn -0.1502 0.7870 0.5984
vn 0.5498 0.7420 0.3836
vn 0.4163 0.7275 -0.5454
vn 0.7315 -0.6788 -0.0639
vn 0.9727 -0.0561 0.2250
vn 0.9727 -0.0561 0.2250
vn 0.6491 0.7445 0.1559
vn 0.4163 0.7275 -0.5454
vn 0.4945 0.3221 -0.8073
vn 0.8606 -0.0068 -0.5092
vn 0.8769 0.2644 -0.4014
vn 0.6020 -0.6789 -0.4203
vn 0.7315 -0.6788 -0.0639
vn 0.8769 0.2644 -0.4014
vn 0.6563 0.6641 -0.3580
vn 0.6471 0.6852 0.3342
vn 0.9476 -0.0168 0.3189
vn 0.1006 0.7485 -0.6555
vn 0.4163 0.7275 -0.5454
vn 0.3563 0.4851 -0.7986
vn -0.2515 0.4595 0.8518
vn -0.1342 0.4812 0.8662
vn 0.7424 -0.1299 0.6572
vn -0.2818 0.5934 -0.7540
vn 0.0558 0.6162 -0.7856
vn 0.5544 0.1983 -0.8083
vn 0.9476 -0.0168 0.3189
vn 0.8606 -0.0068 -0.5092
vn 0.6563 0.6641 -0.3580
vn 0.8773 0.0719 0.4746
vn 0.8462 -0.3921 0.3609
vn 0.9727 -0.0561 0.2250
vn 0.8462 -0.3921 0.3609
vn 0.6827 -0.5737 0.4526
vn 0.6491 0.7445 0.1559
vn 0.7315 -0.6788 -0.0639
vn 0.4163 0.7275 -0.5454
vn 0.8685 -0.1399 -0.4756
vn 0.7424 -0.1299 0.6572
vn -0.1342 0.4812 0.8662
vn -0.1502 0.7870 0.5984
vn 0.1006 0.7485 -0.6555
vn 0.6061 0.3857 -0.6957
vn 0.4163 0.7275 -0.5454
vn 0.8606 -0.0068 -0.5092
vn 0.4945 0.3221 -0.8073
vn 0.6563 0.6641 -0.3580
vn 0.6491 0.7445 0.1559
vn 0.9727 -0.0561 0.2250
vn 0.8462 -0.3921 0.3609
vn 0.8264 -0.3665 -0.4276
vn 0.7315 -0.6788 -0.0639
vn 0.8685 -0.1399 -0.4756
vn 0.8264 -0.3665 -0.4276
vn 0.8769 0.2644 -0.4014
vn 0.7315 -0.6788 -0.0639
vn 0.0558 0.6162 -0.7856
vn -0.2118 0.3779 -0.9013
vn 0.5544 0.1983 -0.8083
vn 0.3563 0.4851 -0.7986
vn -0.6089 0.3031 -0.7331
vn 0.0303 0.3274 -0.9444
vn 0.4163 0.7275 -0.5454
vn 0.6061 0.3857 -0.6957
vn 0.8685 -0.1399 -0.4756
vn 0.8462 -0.3921 0.3609
vn 0.6665 -0.1741 0.7249
vn 0.6827 -0.5737 0.4526
vn 0.8462 -0.3921 0.3609
vn 0.8773 0.0719 0.4746
vn 0.8453 0.1781 0.5037
vn 0.8773 0.0719 0.4746
vn 0.6734 -0.5721 0.4683
vn 0.6638 0.0538 0.7460
vn -0.2818 0.5934 -0.7540
vn 0.5544 0.1983 -0.8083
vn 0.5179 0.0285 -0.8550
vn 0.6773 -0.1194 -0.7260
vn 0.8264 -0.3665 -0.4276
vn 0.8685 -0.1399 -0.4756
vn 0.1006 0.7485 -0.6555
vn 0.0303 0.3274 -0.9444
vn 0.6061 0.3857 -0.6957
vn 0.6665 -0.1741 0.7249
vn 0.6763 -0.4662 0.5704
vn 0.6827 -0.5737 0.4526
vn 0.8773 0.0719 0.4746
vn 0.9727 -0.0561 0.2250
vn 0.6734 -0.5721 0.4683
vn 0.6827 -0.5737 0.4526
vn 0.6763 -0.4662 0.5704
vn 0.7424 -0.1299 0.6572
vn 0.6491 0.7445 0.1559
vn 0.7424 -0.1299 0.6572
vn -0.1502 0.7870 0.5984
vn -0.4052 0.3661 0.8377
vn -0.2515 0.4595 0.8518
vn -0.0393 0.5635 0.8252
vn 0.7317 -0.4732 -0.4906
vn 0.6061 0.3857 -0.6957
vn 0.8380 -0.1724 -0.5177
vn 0.6061 0.3857 -0.6957
vn 0.6773 -0.1194 -0.7260
vn 0.8685 -0.1399 -0.4756
vn 0.6477 0.3576 0.6728
vn 0.6638 0.0538 0.7460
vn 0.6471 0.6852 0.3342
vn 0.6061 0.3857 -0.6957
vn 0.7317 -0.4732 -0.4906
vn 0.6773 -0.1194 -0.7260
vn 0.6638 0.0538 0.7460
vn 0.6477 0.3576 0.6728
vn 0.8773 0.0719 0.4746
vn 0.6827 -0.5737 0.4526
vn 0.7424 -0.1299 0.6572
vn 0.6491 0.7445 0.1559
vn 0.7424 -0.1299 0.6572
vn -0.0393 0.5635 0.8252
vn -0.2515 0.4595 0.8518
vn 0.6061 0.3857 -0.6957
vn 0.0303 0.3274 -0.9444
vn 0.8380 -0.1724 -0.5177
vn 0.8380 -0.1724 -0.5177
vn 0.0303 0.3274 -0.9444
vn -0.6089 0.3031 -0.7331
vn 0.6315 -0.1533 0.7600
vn 0.6763 -0.4662 0.5704
vn 0.6665 -0.1741 0.7249
vn 0.8380 -0.1724 -0.5177
vn -0.6089 0.3031 -0.7331
vn -0.2514 -0.8967 0.3644
vn 0.5269 -0.0247 -0.8496
vn 0.6773 -0.1194 -0.7260
vn 0.7317 -0.4732 -0.4906
vn 0.7424 -0.1299 0.6572
vn 0.6763 -0.4662 0.5704
vn 0.6315 -0.1533 0.7600
vn 0.7317 -0.4732 -0.4906
vn 0.8380 -0.1724 -0.5177
vn 0.5878 0.0004 -0.8090
vn -0.6089 0.3031 -0.7331
vn -0.2118 0.3779 -0.9013
vn 0.0558 0.6162 -0.7856
vn 0.5658 0.7622 -0.3145
vn 0.8264 -0.3665 -0.4276
vn 0.6438 0.1430 -0.7517
vn 0.3342 0.1774 0.9257
vn -0.4052 0.3661 0.8377
vn -0.0393 0.5635 0.8252
vn -0.0393 0.5635 0.8252
vn 0.7424 -0.1299 0.6572
vn 0.4336 -0.3310 0.8381
vn -0.2789 0.6373 0.7183
vn -0.1143 -0.0014 0.9934
vn 0.3342 0.1774 0.9257
vn 0.5658 0.7622 -0.3145
vn 0.8769 0.2644 -0.4014
vn 0.8264 -0.3665 -0.4276
vn 0.6748 -0.1175 0.7286
vn 0.4336 -0.3310 0.8381
vn 0.6674 -0.7262 0.1651
vn 0.8380 -0.1724 -0.5177
vn -0.2514 -0.8967 0.3644
vn 0.8322 -0.3902 -0.3940
vn 0.6315 -0.1533 0.7600
vn 0.6748 -0.1175 0.7286
vn 0.6674 -0.7262 0.1651
vn 0.7424 -0.1299 0.6572
vn 0.6315 -0.1533 0.7600
vn 0.6674 -0.7262 0.1651
vn 0.7424 -0.1299 0.6572
vn 0.6674 -0.7262 0.1651
vn 0.4336 -0.3310 0.8381
vn 0.8380 -0.1724 -0.5177
vn 0.8322 -0.3902 -0.3940
vn 0.5878 0.0004 -0.8090
vn 0.5269 -0.0247 -0.8496
vn 0.8264 -0.3665 -0.4276
vn 0.6773 -0.1194 -0.7260
vn 0.3090 -0.1169 -0.9438
vn 0.0558 0.6162 -0.7856
vn -0.4193 0.5304 -0.7368
vn 0.0558 0.6162 -0.7856
vn 0.3090 -0.1169 -0.9438
vn -0.6089 0.3031 -0.7331
vn 0.6748 -0.1175 0.7286
vn 0.6952 -0.2928 0.6565
vn 0.4336 -0.3310 0.8381
vn -0.6188 0.4984 0.6072
vn -0.0393 0.5635 0.8252
vn 0.5065 -0.5366 0.6749
vn 0.6471 0.6852 0.3342
vn 0.6563 0.6641 -0.3580
vn 0.6817 0.4725 -0.5586
vn 0.6817 0.4725 -0.5586
vn 0.6563 0.6641 -0.3580
vn 0.4945 0.3221 -0.8073
vn -0.0393 0.5635 0.8252
vn 0.4336 -0.3310 0.8381
vn 0.5065 -0.5366 0.6749
vn 0.8322 -0.3902 -0.3940
vn -0.2514 -0.8967 0.3644
vn 0.4962 -0.2202 -0.8398
vn 0.6477 0.3576 0.6728
vn 0.8453 0.1781 0.5037
vn 0.8773 0.0719 0.4746
vn 0.6674 -0.7262 0.1651
vn 0.4336 -0.3310 0.8381
vn 0.5065 -0.5366 0.6749
vn 0.8322 -0.3902 -0.3940
vn 0.4962 -0.2202 -0.8398
vn 0.5878 0.0004 -0.8090
vn 0.6471 0.6852 0.3342
vn 0.6817 0.4725 -0.5586
vn 0.7334 0.4238 0.5315
vn -0.2514 -0.8967 0.3644
vn 0.3090 -0.1169 -0.9438
vn 0.4962 -0.2202 -0.8398
vn -0.2514 -0.8967 0.3644
vn -0.6089 0.3031 -0.7331
vn 0.3090 -0.1169 -0.9438
vn 0.3342 0.1774 0.9257
vn -0.0393 0.5635 0.8252
vn -0.2789 0.6373 0.7183
vn -0.6188 0.4984 0.6072
vn 0.5065 -0.5366 0.6749
vn 0.6196 0.0110 0.7848
vn 0.4945 0.3221 -0.8073
vn 0.8769 0.2644 -0.4014
vn 0.5658 0.7622 -0.3145
vn 0.5595 0.6498 0.5145
vn 0.8453 0.1781 0.5037
vn 0.6477 0.3576 0.6728
vn 0.6952 -0.2928 0.6565
vn 0.6196 0.0110 0.7848
vn 0.5065 -0.5366 0.6749
vn 0.0558 0.6162 -0.7856
vn -0.2639 0.6635 -0.7001
vn -0.4193 0.5304 -0.7368
vn 0.6196 0.0110 0.7848
vn 0.6952 -0.2928 0.6565
vn 0.3203 -0.6855 0.6538
vn 0.8453 0.1781 0.5037
vn -0.1493 -0.0836 0.9853
vn 0.6665 -0.1741 0.7249
vn 0.3090 -0.1169 -0.9438
vn -0.4193 0.5304 -0.7368
vn 0.7866 -0.3410 -0.5148
vn 0.4336 -0.3310 0.8381
vn 0.6952 -0.2928 0.6565
vn 0.5065 -0.5366 0.6749
vn 0.3090 -0.1169 -0.9438
vn 0.6177 -0.5756 -0.5359
vn 0.4962 -0.2202 -0.8398
vn 0.7317 -0.4732 -0.4906
vn 0.5878 0.0004 -0.8090
vn 0.5269 -0.0247 -0.8496
vn 0.6501 -0.5460 -0.5285
vn 0.5769 0.6346 0.5142
vn 0.7696 -0.5368 0.3458
vn 0.6177 -0.5756 -0.5359
vn 0.3090 -0.1169 -0.9438
vn 0.7866 -0.3410 -0.5148
vn 0.5769 0.6346 0.5142
vn 0.6501 -0.5460 -0.5285
vn 0.5547 0.6191 -0.5559
vn 0.6477 0.3576 0.6728
vn 0.6471 0.6852 0.3342
vn 0.7334 0.4238 0.5315
vn 0.6952 -0.2928 0.6565
vn 0.6748 -0.1175 0.7286
vn 0.6315 -0.1533 0.7600
vn 0.6438 0.1430 -0.7517
vn 0.4366 0.4845 -0.7581
vn 0.5658 0.7622 -0.3145
vn 0.5595 0.6498 0.5145
vn 0.6477 0.3576 0.6728
vn 0.4521 0.6753 0.5827
vn 0.7334 0.4238 0.5315
vn 0.2985 0.1814 0.9370
vn 0.6477 0.3576 0.6728
vn 0.9862 -0.0130 0.1648
vn 0.7696 -0.5368 0.3458
vn 0.5769 0.6346 0.5142
vn -0.2818 0.5934 -0.7540
vn -0.2639 0.6635 -0.7001
vn 0.0558 0.6162 -0.7856
vn 0.5269 -0.0247 -0.8496
vn 0.5878 0.0004 -0.8090
vn 0.4962 -0.2202 -0.8398
vn 0.6438 0.1430 -0.7517
vn 0.5269 -0.0247 -0.8496
vn -0.2495 -0.1244 -0.9604
vn 0.5269 -0.0247 -0.8496
vn 0.6438 0.1430 -0.7517
vn 0.8264 -0.3665 -0.4276
vn -0.4193 0.5304 -0.7368
vn -0.2639 0.6635 -0.7001
vn 0.7866 -0.3410 -0.5148
vn 0.6196 0.0110 0.7848
vn 0.3203 -0.6855 0.6538
vn -0.2701 -0.7180 0.6415
vn 0.4521 0.6753 0.5827
vn 0.4453 0.4844 0.7530
vn 0.5595 0.6498 0.5145
vn 0.6817 0.4725 -0.5586
vn 0.4945 0.3221 -0.8073
vn 0.1492 0.3753 -0.9148
vn -0.6188 0.4984 0.6072
vn -0.3106 0.6257 0.7156
vn -0.0393 0.5635 0.8252
vn 0.8453 0.1781 0.5037
vn 0.5595 0.6498 0.5145
vn 0.4453 0.4844 0.7530
vn 0.1832 0.6491 -0.7384
vn 0.4945 0.3221 -0.8073
vn 0.5658 0.7622 -0.3145
vn 0.6952 -0.2928 0.6565
vn -0.1493 -0.0836 0.9853
vn 0.3203 -0.6855 0.6538
vn 0.5658 0.7622 -0.3145
vn 0.4366 0.4845 -0.7581
vn 0.1832 0.6491 -0.7384
vn 0.4453 0.4844 0.7530
vn 0.0935 0.3701 0.9243
vn 0.8453 0.1781 0.5037
vn 0.8500 0.4035 0.3387
vn 0.5769 0.6346 0.5142
vn 0.5547 0.6191 -0.5559
vn 0.8029 0.2206 -0.5538
vn 0.7334 0.4238 0.5315
vn 0.6817 0.4725 -0.5586
vn 0.6665 -0.1741 0.7249
vn -0.1493 -0.0836 0.9853
vn 0.6315 -0.1533 0.7600
vn 0.7866 -0.3410 -0.5148
vn -0.3276 -0.7196 -0.6122
vn 0.6177 -0.5756 -0.5359
vn 0.9476 -0.1049 -0.3018
vn 0.6501 -0.5460 -0.5285
vn 0.7696 -0.5368 0.3458
vn 0.4945 0.3221 -0.8073
vn 0.7417 0.4994 -0.4478
vn 0.1492 0.3753 -0.9148
vn 0.9862 -0.0130 0.1648
vn 0.9476 -0.1049 -0.3018
vn 0.7696 -0.5368 0.3458
vn 0.7518 0.2421 0.6134
vn 0.7334 0.4238 0.5315
vn 0.9862 -0.0130 0.1648
vn -0.6188 0.4984 0.6072
vn 0.6196 0.0110 0.7848
vn -0.3106 0.6257 0.7156
vn 0.1832 0.6491 -0.7384
vn 0.7417 0.4994 -0.4478
vn 0.4945 0.3221 -0.8073
vn 0.4521 0.6753 0.5827
vn 0.2985 0.1814 0.9370
vn 0.7890 0.3872 0.4770
vn 0.7334 0.4238 0.5315
vn 0.7518 0.2421 0.6134
vn 0.2985 0.1814 0.9370
vn 0.7334 0.4238 0.5315
vn 0.8029 0.2206 -0.5538
vn 0.9862 -0.0130 0.1648
vn 0.6952 -0.2928 0.6565
vn 0.6315 -0.1533 0.7600
vn -0.1493 -0.0836 0.9853
vn 0.6438 0.1430 -0.7517
vn -0.1712 0.4530 -0.8749
vn 0.0842 0.3966 -0.9141
vn -0.3106 0.6257 0.7156
vn -0.2789 0.6373 0.7183
vn -0.0393 0.5635 0.8252
vn -0.3266 -0.0469 -0.9440
vn -0.2818 0.5934 -0.7540
vn 0.5179 0.0285 -0.8550
vn -0.3485 0.3669 0.8625
vn -0.1493 -0.0836 0.9853
vn 0.8453 0.1781 0.5037
vn 0.6665 -0.1741 0.7249
vn 0.8462 -0.3921 0.3609
vn 0.8453 0.1781 0.5037
vn 0.4521 0.6753 0.5827
vn 0.6477 0.3576 0.6728
vn 0.2985 0.1814 0.9370
vn 0.7741 0.5600 -0.2953
vn 0.1832 0.6491 -0.7384
vn 0.4366 0.4845 -0.7581
vn 0.4521 0.6753 0.5827
vn 0.7285 0.4683 0.5000
vn 0.4453 0.4844 0.7530
vn 0.8029 0.2206 -0.5538
vn 0.6817 0.4725 -0.5586
vn 0.1492 0.3753 -0.9148
vn 0.6501 -0.5460 -0.5285
vn 0.8055 0.5139 -0.2951
vn 0.5547 0.6191 -0.5559
vn 0.1832 0.6491 -0.7384
vn 0.7741 0.5600 -0.2953
vn 0.7417 0.4994 -0.4478
vn 0.6501 -0.5460 -0.5285
vn 0.9476 -0.1049 -0.3018
vn 0.8055 0.5139 -0.2951
vn -0.3485 0.3669 0.8625
vn 0.8453 0.1781 0.5037
vn 0.0935 0.3701 0.9243
vn 0.6438 0.1430 -0.7517
vn 0.0842 0.3966 -0.9141
vn 0.4366 0.4845 -0.7581
vn 0.5769 0.6346 0.5142
vn 0.8500 0.4035 0.3387
vn 0.9862 -0.0130 0.1648
vn 0.5893 0.6740 0.4456
vn 0.8342 -0.5481 -0.0616
vn 0.7947 -0.5590 -0.2365
vn 0.6196 0.0110 0.7848
vn -0.2701 -0.7180 0.6415
vn -0.3106 0.6257 0.7156
vn 0.7947 -0.5590 -0.2365
vn 0.9021 -0.0184 -0.4311
vn 0.3652 0.1431 -0.9199
vn 0.5893 0.6740 0.4456
vn 0.8111 -0.5606 0.1671
vn 0.8342 -0.5481 -0.0616
vn 0.9476 -0.1049 -0.3018
vn 0.9862 -0.0130 0.1648
vn 0.8029 0.2206 -0.5538
vn 0.8055 0.5139 -0.2951
vn 0.8500 0.4035 0.3387
vn 0.5547 0.6191 -0.5559
vn 0.4521 0.6753 0.5827
vn 0.7890 0.3872 0.4770
vn 0.7285 0.4683 0.5000
vn 0.7518 0.2421 0.6134
vn 0.0136 -0.0131 0.9998
vn 0.2985 0.1814 0.9370
vn -0.2639 0.6635 -0.7001
vn -0.3274 -0.6414 -0.6938
vn 0.7866 -0.3410 -0.5148
vn 0.7937 0.2224 -0.5661
vn 0.9476 -0.1049 -0.3018
vn 0.8029 0.2206 -0.5538
vn -0.3276 -0.7196 -0.6122
vn 0.7866 -0.3410 -0.5148
vn -0.3274 -0.6414 -0.6938
vn -0.3276 -0.7196 -0.6122
vn 0.0155 -0.4010 -0.9159
vn 0.4962 -0.2202 -0.8398
vn 0.4366 0.4845 -0.7581
vn 0.3313 0.3206 -0.8874
vn 0.7741 0.5600 -0.2953
vn 0.3313 0.3206 -0.8874
vn 0.4366 0.4845 -0.7581
vn 0.2338 0.0525 -0.9709
vn 0.9021 -0.0184 -0.4311
vn 0.7947 -0.5590 -0.2365
vn 0.8342 -0.5481 -0.0616
vn 0.7937 0.2224 -0.5661
vn 0.8055 0.5139 -0.2951
vn 0.9476 -0.1049 -0.3018
vn 0.2985 0.1814 0.9370
vn 0.2765 0.6029 0.7483
vn 0.7890 0.3872 0.4770
vn -0.3276 -0.7196 -0.6122
vn 0.4962 -0.2202 -0.8398
vn 0.6177 -0.5756 -0.5359
vn 0.4962 -0.2202 -0.8398
vn 0.0155 -0.4010 -0.9159
vn 0.5269 -0.0247 -0.8496
vn 0.7518 0.2421 0.6134
vn 0.9862 -0.0130 0.1648
vn 0.8500 0.4035 0.3387
vn -0.1493 -0.0836 0.9853
vn 0.0903 -0.2015 0.9753
vn 0.3203 -0.6855 0.6538
vn 0.0935 0.3701 0.9243
vn 0.4453 0.4844 0.7530
vn 0.2549 0.0658 0.9647
vn 0.8055 0.5139 -0.2951
vn 0.7937 0.2224 -0.5661
vn 0.8500 0.4035 0.3387
vn 0.0903 -0.2015 0.9753
vn -0.0817 -0.4656 0.8812
vn 0.3203 -0.6855 0.6538
vn 0.8342 -0.5481 -0.0616
vn 0.8111 -0.5606 0.1671
vn 0.8324 -0.3320 -0.4438
vn 0.8111 -0.5606 0.1671
vn 0.7594 0.3359 0.5573
vn 0.8324 -0.3320 -0.4438
vn 0.8500 0.4035 0.3387
vn 0.7594 0.3359 0.5573
vn 0.7518 0.2421 0.6134
vn 0.8324 -0.3320 -0.4438
vn 0.7594 0.3359 0.5573
vn 0.8500 0.4035 0.3387
vn 0.8342 -0.5481 -0.0616
vn 0.8324 -0.3320 -0.4438
vn 0.9326 -0.0413 -0.3585
vn 0.2985 0.1814 0.9370
vn 0.0136 -0.0131 0.9998
vn 0.2765 0.6029 0.7483
vn 0.4366 0.4845 -0.7581
vn 0.0842 0.3966 -0.9141
vn 0.2338 0.0525 -0.9709
vn -0.2789 0.6373 0.7183
vn -0.3106 0.6257 0.7156
vn -0.7169 0.4124 0.5621
vn -0.4867 -0.0763 -0.8702
vn -0.2962 -0.0989 -0.9500
vn -0.4956 -0.1111 -0.8614
vn -0.4867 -0.0763 -0.8702
vn -0.3266 -0.0469 -0.9440
vn -0.2962 -0.0989 -0.9500
vn 0.2765 0.6029 0.7483
vn 0.7285 0.4683 0.5000
vn 0.7890 0.3872 0.4770
vn -0.3266 -0.0469 -0.9440
vn -0.4867 -0.0763 -0.8702
vn -0.2818 0.5934 -0.7540
vn 0.3203 -0.6855 0.6538
vn -0.0817 -0.4656 0.8812
vn -0.2701 -0.7180 0.6415
vn 0.8500 0.4035 0.3387
vn 0.9021 -0.0184 -0.4311
vn 0.8324 -0.3320 -0.4438
vn 0.8500 0.4035 0.3387
vn 0.7937 0.2224 -0.5661
vn 0.6212 0.6666 -0.4120
vn 0.6212 0.6666 -0.4120
vn 0.9021 -0.0184 -0.4311
vn 0.8500 0.4035 0.3387
vn 0.7741 0.5600 -0.2953
vn 0.3313 0.3206 -0.8874
vn 0.7000 0.5147 -0.4950
vn 0.7417 0.4994 -0.4478
vn -0.2028 0.2897 -0.9354
vn 0.1492 0.3753 -0.9148
vn -0.2495 -0.1244 -0.9604
vn -0.1712 0.4530 -0.8749
vn 0.6438 0.1430 -0.7517
vn 0.1492 0.3753 -0.9148
vn -0.2028 0.2897 -0.9354
vn 0.8029 0.2206 -0.5538
vn 0.0935 0.3701 0.9243
vn 0.2549 0.0658 0.9647
vn -0.3192 0.2536 0.9131
vn 0.8342 -0.5481 -0.0616
vn 0.9326 -0.0413 -0.3585
vn 0.9021 -0.0184 -0.4311
vn 0.7518 0.2421 0.6134
vn 0.2159 0.0604 0.9745
vn 0.0136 -0.0131 0.9998
vn -0.2818 0.5934 -0.7540
vn -0.7046 0.4310 -0.5636
vn -0.2639 0.6635 -0.7001
vn -0.7046 0.4310 -0.5636
vn -0.2818 0.5934 -0.7540
vn -0.4867 -0.0763 -0.8702
vn 0.6622 0.5143 -0.5450
vn 0.6212 0.6666 -0.4120
vn 0.7937 0.2224 -0.5661
vn 0.9021 -0.0184 -0.4311
vn 0.9326 -0.0413 -0.3585
vn 0.8324 -0.3320 -0.4438
vn 0.8029 0.2206 -0.5538
vn -0.2028 0.2897 -0.9354
vn 0.7668 0.0977 -0.6345
vn -0.2028 0.2897 -0.9354
vn 0.7417 0.4994 -0.4478
vn -0.7556 0.4804 -0.4453
vn -0.7169 0.4124 0.5621
vn -0.3106 0.6257 0.7156
vn -0.8274 0.4419 0.3465
vn 0.0842 0.3966 -0.9141
vn -0.0636 0.5086 -0.8587
vn 0.2338 0.0525 -0.9709
vn 0.0136 -0.0131 0.9998
vn -0.0773 0.6241 0.7775
vn 0.2765 0.6029 0.7483
vn 0.7000 0.5147 -0.4950
vn 0.7417 0.4994 -0.4478
vn 0.7741 0.5600 -0.2953
vn 0.0842 0.3966 -0.9141
vn -0.1712 0.4530 -0.8749
vn -0.0636 0.5086 -0.8587
vn 0.7417 0.4994 -0.4478
vn 0.7000 0.5147 -0.4950
vn -0.7556 0.4804 -0.4453
vn -0.3125 -0.7545 0.5771
vn -0.3106 0.6257 0.7156
vn -0.2701 -0.7180 0.6415
vn 0.7518 0.2421 0.6134
vn 0.7594 0.3359 0.5573
vn 0.8576 0.3642 0.3631
vn 0.7937 0.2224 -0.5661
vn 0.8029 0.2206 -0.5538
vn 0.2165 -0.0282 -0.9759
vn -0.0817 -0.4656 0.8812
vn 0.0903 -0.2015 0.9753
vn 0.5146 -0.0323 0.8568
vn 0.8111 -0.5606 0.1671
vn -0.1739 0.5131 0.8405
vn 0.7594 0.3359 0.5573
vn 0.7285 0.4683 0.5000
vn 0.2765 0.6029 0.7483
vn 0.7590 0.5613 -0.3300
vn -0.7914 -0.1620 0.5894
vn -0.2789 0.6373 0.7183
vn -0.7169 0.4124 0.5621
vn -0.1493 -0.0836 0.9853
vn -0.3485 0.3669 0.8625
vn 0.0903 -0.2015 0.9753
vn -0.8274 0.4419 0.3465
vn -0.3106 0.6257 0.7156
vn -0.3125 -0.7545 0.5771
vn -0.3192 0.2536 0.9131
vn 0.2549 0.0658 0.9647
vn 0.3865 0.1443 0.9110
vn 0.4393 0.0996 0.8928
vn 0.2159 0.0604 0.9745
vn 0.7518 0.2421 0.6134
vn -0.5221 -0.5358 0.6636
vn -0.2701 -0.7180 0.6415
vn -0.0817 -0.4656 0.8812
vn 0.7590 0.5613 -0.3300
vn 0.2765 0.6029 0.7483
vn -0.0773 0.6241 0.7775
vn 0.8576 0.3642 0.3631
vn 0.4393 0.0996 0.8928
vn 0.7518 0.2421 0.6134
vn -0.3274 -0.6414 -0.6938
vn -0.6572 -0.4931 -0.5700
vn -0.3276 -0.7196 -0.6122
vn -0.0773 0.6241 0.7775
vn 0.0136 -0.0131 0.9998
vn 0.6798 0.0921 0.7276
vn -0.0636 0.5086 -0.8587
vn 0.2429 0.2520 -0.9368
vn 0.2338 0.0525 -0.9709
vn 0.3965 0.6844 -0.6118
vn -0.2028 0.2897 -0.9354
vn -0.7556 0.4804 -0.4453
vn -0.6572 -0.4931 -0.5700
vn -0.3274 -0.6414 -0.6938
vn -0.4005 -0.7093 -0.5800
vn 0.0155 -0.4010 -0.9159
vn -0.3276 -0.7196 -0.6122
vn -0.6572 -0.4931 -0.5700
vn -0.7556 0.4804 -0.4453
vn 0.7000 0.5147 -0.4950
vn 0.3965 0.6844 -0.6118
vn -0.4723 -0.6367 -0.6095
vn 0.0155 -0.4010 -0.9159
vn -0.6572 -0.4931 -0.5700
vn 0.7668 0.0977 -0.6345
vn -0.2028 0.2897 -0.9354
vn 0.3965 0.6844 -0.6118
vn -0.0773 0.6241 0.7775
vn 0.6798 0.0921 0.7276
vn 0.7590 0.5613 -0.3300
vn -0.4867 -0.0763 -0.8702
vn -0.4956 -0.1111 -0.8614
vn -0.7046 0.4310 -0.5636
vn -0.3192 0.2536 0.9131
vn 0.3865 0.1443 0.9110
vn 0.0935 0.3701 0.9243
vn 0.5269 -0.0247 -0.8496
vn 0.0155 -0.4010 -0.9159
vn 0.5204 -0.0009 -0.8539
vn 0.5146 -0.0323 0.8568
vn 0.0903 -0.2015 0.9753
vn 0.3865 0.1443 0.9110
vn 0.0935 0.3701 0.9243
vn 0.3865 0.1443 0.9110
vn -0.3485 0.3669 0.8625
vn 0.3865 0.1443 0.9110
vn 0.0903 -0.2015 0.9753
vn -0.3485 0.3669 0.8625
vn -0.2701 -0.7180 0.6415
vn -0.5221 -0.5358 0.6636
vn -0.3834 -0.8020 0.4581
vn -0.4101 -0.7644 0.4976
vn -0.5221 -0.5358 0.6636
vn -0.0817 -0.4656 0.8812
vn 0.5204 -0.0009 -0.8539
vn 0.2429 0.2520 -0.9368
vn 0.5269 -0.0247 -0.8496
vn 0.7668 0.0977 -0.6345
vn 0.3965 0.6844 -0.6118
vn 0.7000 0.5147 -0.4950
vn 0.7590 0.5613 -0.3300
vn 0.6798 0.0921 0.7276
vn 0.0807 0.6812 0.7276
vn 0.7285 0.4683 0.5000
vn 0.2549 0.0658 0.9647
vn 0.4453 0.4844 0.7530
vn -0.2639 0.6635 -0.7001
vn -0.7792 -0.4603 -0.4253
vn -0.3274 -0.6414 -0.6938
vn -0.1712 0.4530 -0.8749
vn 0.2429 0.2520 -0.9368
vn -0.0636 0.5086 -0.8587
vn 0.7285 0.4683 0.5000
vn 0.7590 0.5613 -0.3300
vn -0.1491 0.1595 0.9759
vn 0.3865 0.1443 0.9110
vn 0.2549 0.0658 0.9647
vn 0.4547 0.0802 0.8870
vn 0.2338 0.0525 -0.9709
vn 0.0967 0.2170 -0.9714
vn 0.3313 0.3206 -0.8874
vn -0.1712 0.4530 -0.8749
vn -0.2495 -0.1244 -0.9604
vn 0.5269 -0.0247 -0.8496
vn 0.4393 0.0996 0.8928
vn 0.3827 0.0766 0.9207
vn 0.2159 0.0604 0.9745
vn 0.2429 0.2520 -0.9368
vn 0.0967 0.2170 -0.9714
vn 0.2338 0.0525 -0.9709
vn 0.5269 -0.0247 -0.8496
vn 0.2429 0.2520 -0.9368
vn -0.1712 0.4530 -0.8749
vn 0.8576 0.3642 0.3631
vn 0.7594 0.3359 0.5573
vn 0.6647 0.4900 0.5639
vn 0.0196 0.3156 0.9487
vn 0.0807 0.6812 0.7276
vn 0.6798 0.0921 0.7276
vn 0.7000 0.5147 -0.4950
vn 0.2595 0.4501 -0.8545
vn -0.0068 0.0397 -0.9992
vn 0.5146 -0.0323 0.8568
vn 0.3865 0.1443 0.9110
vn 0.4547 0.0802 0.8870
vn 0.0136 -0.0131 0.9998
vn 0.0196 0.3156 0.9487
vn 0.6798 0.0921 0.7276
vn 0.7000 0.5147 -0.4950
vn 0.3313 0.3206 -0.8874
vn 0.0967 0.2170 -0.9714
vn -0.0068 0.0397 -0.9992
vn 0.7668 0.0977 -0.6345
vn 0.7000 0.5147 -0.4950
vn 0.7285 0.4683 0.5000
vn 0.4547 0.0802 0.8870
vn 0.2549 0.0658 0.9647
vn 0.0155 -0.4010 -0.9159
vn -0.1006 -0.6213 -0.7771
vn 0.5204 -0.0009 -0.8539
vn 0.7590 0.5613 -0.3300
vn 0.0807 0.6812 0.7276
vn -0.1491 0.1595 0.9759
vn -0.3274 -0.6414 -0.6938
vn -0.3811 -0.6790 -0.6275
vn -0.4005 -0.7093 -0.5800
vn -0.3834 -0.8020 0.4581
vn -0.5221 -0.5358 0.6636
vn -0.2617 -0.7499 0.6076
vn -0.7169 0.4124 0.5621
vn -0.8895 0.4179 0.1846
vn -0.9494 -0.0550 0.3093
vn 0.9021 -0.0184 -0.4311
vn 0.6212 0.6666 -0.4120
vn 0.7247 0.2200 -0.6530
vn 0.7000 0.5147 -0.4950
vn 0.0967 0.2170 -0.9714
vn 0.0931 0.8124 -0.5756
vn -0.3125 -0.7545 0.5771
vn -0.2701 -0.7180 0.6415
vn -0.2908 -0.6472 0.7047
vn -0.8882 -0.4318 -0.1568
vn -0.9138 0.3505 -0.2051
vn -0.4956 -0.1111 -0.8614
vn 0.2159 0.0604 0.9745
vn 0.0196 0.3156 0.9487
vn 0.0136 -0.0131 0.9998
vn 0.8029 0.2206 -0.5538
vn 0.7668 0.0977 -0.6345
vn -0.0068 0.0397 -0.9992
vn 0.7285 0.4683 0.5000
vn -0.1491 0.1595 0.9759
vn 0.4547 0.0802 0.8870
vn -0.6572 -0.4931 -0.5700
vn -0.2411 -0.8027 -0.5454
vn -0.4723 -0.6367 -0.6095
vn -0.3811 -0.6790 -0.6275
vn -0.4433 -0.7677 -0.4628
vn -0.4005 -0.7093 -0.5800
vn 0.0155 -0.4010 -0.9159
vn -0.4723 -0.6367 -0.6095
vn -0.2411 -0.8027 -0.5454
vn -0.3537 -0.4024 0.8444
vn -0.0817 -0.4656 0.8812
vn 0.5146 -0.0323 0.8568
vn 0.5146 -0.0323 0.8568
vn 0.4547 0.0802 0.8870
vn -0.2339 0.0043 0.9722
vn -0.7046 0.4310 -0.5636
vn -0.4956 -0.1111 -0.8614
vn -0.9138 0.3505 -0.2051
vn -0.3274 -0.6414 -0.6938
vn -0.7792 -0.4603 -0.4253
vn -0.3811 -0.6790 -0.6275
vn -0.3834 -0.8020 0.4581
vn -0.2908 -0.6472 0.7047
vn -0.2701 -0.7180 0.6415
vn -0.8895 0.4179 0.1846
vn -0.7169 0.4124 0.5621
vn -0.8274 0.4419 0.3465
vn 0.0155 -0.4010 -0.9159
vn -0.2411 -0.8027 -0.5454
vn -0.1006 -0.6213 -0.7771
vn 0.7000 0.5147 -0.4950
vn 0.0931 0.8124 -0.5756
vn 0.2595 0.4501 -0.8545
vn 0.2429 0.2520 -0.9368
vn 0.5204 -0.0009 -0.8539
vn 0.0967 0.2170 -0.9714
vn 0.2595 0.4501 -0.8545
vn 0.1514 0.4234 -0.8932
vn -0.0068 0.0397 -0.9992
vn 0.2165 -0.0282 -0.9759
vn 0.8029 0.2206 -0.5538
vn -0.0068 0.0397 -0.9992
vn 0.5146 -0.0323 0.8568
vn -0.0660 -0.0986 0.9929
vn -0.3537 -0.4024 0.8444
vn -0.3125 -0.7545 0.5771
vn -0.7669 -0.5006 0.4015
vn -0.8274 0.4419 0.3465
vn -0.4005 -0.7093 -0.5800
vn -0.4433 -0.7677 -0.4628
vn -0.2951 -0.7463 -0.5966
vn -0.4101 -0.7644 0.4976
vn -0.2617 -0.7499 0.6076
vn -0.5221 -0.5358 0.6636
vn -0.4005 -0.7093 -0.5800
vn -0.2951 -0.7463 -0.5966
vn -0.6572 -0.4931 -0.5700
vn -0.2639 0.6635 -0.7001
vn -0.9010 0.3793 -0.2107
vn -0.7792 -0.4603 -0.4253
vn -0.0817 -0.4656 0.8812
vn -0.2769 -0.8129 0.5124
vn -0.4101 -0.7644 0.4976
vn -0.2617 -0.7499 0.6076
vn -0.4101 -0.7644 0.4976
vn -0.2027 -0.8944 0.3987
vn -0.0068 0.0397 -0.9992
vn 0.1514 0.4234 -0.8932
vn 0.2165 -0.0282 -0.9759
vn -0.7669 -0.5006 0.4015
vn -0.3125 -0.7545 0.5771
vn -0.2908 -0.6472 0.7047
vn 0.0807 0.6812 0.7276
vn 0.0196 0.3156 0.9487
vn -0.0718 0.5769 0.8137
vn 0.0807 0.6812 0.7276
vn -0.0718 0.5769 0.8137
vn -0.1491 0.1595 0.9759
vn -0.7046 0.4310 -0.5636
vn -0.9010 0.3793 -0.2107
vn -0.2639 0.6635 -0.7001
vn -0.3537 -0.4024 0.8444
vn -0.2769 -0.8129 0.5124
vn -0.0817 -0.4656 0.8812
vn -0.1006 -0.6213 -0.7771
vn -0.3892 -0.2327 -0.8913
vn 0.5204 -0.0009 -0.8539
vn -0.0660 -0.0986 0.9929
vn 0.5146 -0.0323 0.8568
vn -0.2339 0.0043 0.9722
vn -0.4433 -0.7677 -0.4628
vn -0.3811 -0.6790 -0.6275
vn -0.7792 -0.4603 -0.4253
vn -0.2951 -0.7463 -0.5966
vn -0.2411 -0.8027 -0.5454
vn -0.6572 -0.4931 -0.5700
vn 0.2159 0.0604 0.9745
vn -0.0718 0.5769 0.8137
vn 0.0196 0.3156 0.9487
vn 0.2165 -0.0282 -0.9759
vn 0.5128 0.1389 -0.8472
vn 0.7937 0.2224 -0.5661
vn -0.9138 0.3505 -0.2051
vn -0.9010 0.3793 -0.2107
vn -0.7046 0.4310 -0.5636
vn -0.7669 -0.5006 0.4015
vn -0.9010 0.3793 -0.2107
vn -0.8274 0.4419 0.3465
vn 0.3684 0.7867 -0.4954
vn 0.1514 0.4234 -0.8932
vn 0.2595 0.4501 -0.8545
vn -0.8274 0.4419 0.3465
vn -0.9010 0.3793 -0.2107
vn -0.9138 0.3505 -0.2051
vn 0.0931 0.8124 -0.5756
vn 0.3684 0.7867 -0.4954
vn 0.2595 0.4501 -0.8545
vn -0.2769 -0.8129 0.5124
vn -0.2027 -0.8944 0.3987
vn -0.4101 -0.7644 0.4976
vn -0.7669 -0.5006 0.4015
vn -0.2908 -0.6472 0.7047
vn -0.3834 -0.8020 0.4581
vn 0.4024 0.0358 -0.9148
vn 0.2165 -0.0282 -0.9759
vn 0.1514 0.4234 -0.8932
vn -0.4433 -0.7677 -0.4628
vn -0.5126 -0.8124 -0.2779
vn -0.2951 -0.7463 -0.5966
vn 0.3827 0.0766 0.9207
vn 0.2945 0.7778 0.5552
vn -0.0718 0.5769 0.8137
vn -0.0718 0.5769 0.8137
vn 0.2159 0.0604 0.9745
vn 0.3827 0.0766 0.9207
vn -0.8882 -0.4318 -0.1568
vn -0.8895 0.4179 0.1846
vn -0.9138 0.3505 -0.2051
vn -0.7669 -0.5006 0.4015
vn -0.4573 -0.8893 -0.0021
vn -0.9010 0.3793 -0.2107
vn 0.4547 0.0802 0.8870
vn -0.4281 0.4968 0.7549
vn -0.2339 0.0043 0.9722
vn -0.4573 -0.8893 -0.0021
vn -0.7792 -0.4603 -0.4253
vn -0.9010 0.3793 -0.2107
vn -0.1491 0.1595 0.9759
vn -0.0718 0.5769 0.8137
vn 0.2945 0.7778 0.5552
vn -0.8274 0.4419 0.3465
vn -0.9138 0.3505 -0.2051
vn -0.8895 0.4179 0.1846
vn -0.4573 -0.8893 -0.0021
vn -0.4433 -0.7677 -0.4628
vn -0.7792 -0.4603 -0.4253
vn 0.3827 0.0766 0.9207
vn 0.4928 0.0128 0.8701
vn 0.2945 0.7778 0.5552
vn 0.4024 0.0358 -0.9148
vn 0.1514 0.4234 -0.8932
vn 0.3684 0.7867 -0.4954
vn -0.3834 -0.8020 0.4581
vn -0.2617 -0.7499 0.6076
vn -0.5187 -0.7977 0.3075
vn 0.5563 0.5866 0.5886
vn 0.4393 0.0996 0.8928
vn 0.8576 0.3642 0.3631
vn 0.3827 0.0766 0.9207
vn 0.4393 0.0996 0.8928
vn 0.0590 0.0723 0.9956
vn -0.4573 -0.8893 -0.0021
vn -0.7669 -0.5006 0.4015
vn -0.3834 -0.8020 0.4581
vn -0.3834 -0.8020 0.4581
vn -0.4909 -0.8711 0.0175
vn -0.4573 -0.8893 -0.0021
vn -0.4909 -0.8711 0.0175
vn -0.5126 -0.8124 -0.2779
vn -0.4433 -0.7677 -0.4628
vn 0.5204 -0.0009 -0.8539
vn -0.3892 -0.2327 -0.8913
vn -0.4716 -0.0762 -0.8785
vn 0.8427 0.1240 0.5239
vn 0.4928 0.0128 0.8701
vn 0.3827 0.0766 0.9207
vn 0.5204 -0.0009 -0.8539
vn -0.4716 -0.0762 -0.8785
vn 0.0967 0.2170 -0.9714
vn 0.3827 0.0766 0.9207
vn 0.0590 0.0723 0.9956
vn 0.8427 0.1240 0.5239
vn -0.4909 -0.8711 0.0175
vn -0.4433 -0.7677 -0.4628
vn -0.4573 -0.8893 -0.0021
vn -0.2617 -0.7499 0.6076
vn -0.2027 -0.8944 0.3987
vn -0.4802 -0.8363 0.2647
vn -0.0660 -0.0986 0.9929
vn -0.2339 0.0043 0.9722
vn -0.3825 0.0648 0.9217
vn -0.4909 -0.8711 0.0175
vn -0.3834 -0.8020 0.4581
vn -0.5187 -0.7977 0.3075
vn -0.1491 0.1595 0.9759
vn -0.4281 0.4968 0.7549
vn 0.4547 0.0802 0.8870
vn -0.2951 -0.7463 -0.5966
vn -0.4077 -0.8732 -0.2671
vn -0.2411 -0.8027 -0.5454
vn -0.4671 -0.1099 -0.8773
vn -0.3892 -0.2327 -0.8913
vn -0.1006 -0.6213 -0.7771
vn -0.4716 -0.0762 -0.8785
vn -0.3892 -0.2327 -0.8913
vn -0.4671 -0.1099 -0.8773
vn -0.5187 -0.7977 0.3075
vn -0.2617 -0.7499 0.6076
vn -0.4802 -0.8363 0.2647
vn -0.1006 -0.6213 -0.7771
vn -0.2411 -0.8027 -0.5454
vn -0.4035 -0.7195 -0.5653
vn -0.5126 -0.8124 -0.2779
vn -0.4077 -0.8732 -0.2671
vn -0.2951 -0.7463 -0.5966
vn -0.4802 -0.8363 0.2647
vn -0.2027 -0.8944 0.3987
vn -0.2769 -0.8129 0.5124
vn -0.1491 0.1595 0.9759
vn 0.2945 0.7778 0.5552
vn -0.2620 0.5868 0.7662
vn 0.8427 0.1240 0.5239
vn 0.0590 0.0723 0.9956
vn 0.4393 0.0996 0.8928
vn 0.2945 0.7778 0.5552
vn 0.0486 0.0536 0.9974
vn -0.2620 0.5868 0.7662
vn 0.2945 0.7778 0.5552
vn 0.4928 0.0128 0.8701
vn 0.0486 0.0536 0.9974
vn -0.2769 -0.8129 0.5124
vn -0.6000 -0.7995 0.0271
vn -0.4802 -0.8363 0.2647
vn -0.4671 -0.1099 -0.8773
vn -0.1006 -0.6213 -0.7771
vn -0.4486 -0.1351 -0.8835
vn -0.4716 -0.0762 -0.8785
vn -0.4671 -0.1099 -0.8773
vn -0.5756 0.0165 -0.8176
vn 0.4393 0.0996 0.8928
vn 0.2903 0.1928 0.9373
vn 0.8427 0.1240 0.5239
vn -0.2620 0.5868 0.7662
vn -0.4281 0.4968 0.7549
vn -0.1491 0.1595 0.9759
vn 0.8427 0.1240 0.5239
vn 0.6353 -0.1819 0.7506
vn 0.4928 0.0128 0.8701
vn -0.2411 -0.8027 -0.5454
vn -0.4810 -0.8382 -0.2572
vn -0.4035 -0.7195 -0.5653
vn 0.0486 0.0536 0.9974
vn 0.4928 0.0128 0.8701
vn -0.3748 -0.1420 0.9162
vn -0.3537 -0.4024 0.8444
vn -0.0660 -0.0986 0.9929
vn -0.4475 -0.0376 0.8935
vn 0.6353 -0.1819 0.7506
vn 0.8427 0.1240 0.5239
vn 0.2903 0.1928 0.9373
vn 0.6353 -0.1819 0.7506
vn -0.3748 -0.1420 0.9162
vn 0.4928 0.0128 0.8701
vn -0.5187 -0.7977 0.3075
vn -0.4802 -0.8363 0.2647
vn -0.4909 -0.8711 0.0175
vn -0.0660 -0.0986 0.9929
vn -0.3825 0.0648 0.9217
vn -0.4475 -0.0376 0.8935
vn -0.5126 -0.8124 -0.2779
vn -0.4909 -0.8711 0.0175
vn -0.4077 -0.8732 -0.2671
vn -0.5335 -0.3540 0.7681
vn 0.6353 -0.1819 0.7506
vn 0.5412 0.3799 0.7501
vn -0.4802 -0.8363 0.2647
vn -0.4565 -0.8896 -0.0167
vn -0.4909 -0.8711 0.0175
vn -0.4810 -0.8382 -0.2572
vn -0.2411 -0.8027 -0.5454
vn -0.4077 -0.8732 -0.2671
vn -0.4035 -0.7195 -0.5653
vn -0.4486 -0.1351 -0.8835
vn -0.1006 -0.6213 -0.7771
vn 0.0967 0.2170 -0.9714
vn -0.4716 -0.0762 -0.8785
vn -0.4712 0.5458 -0.6929
vn -0.2620 0.5868 0.7662
vn 0.0486 0.0536 0.9974
vn 0.1633 -0.3155 0.9348
vn -0.3748 -0.1420 0.9162
vn 0.1633 -0.3155 0.9348
vn 0.0486 0.0536 0.9974
vn -0.2339 0.0043 0.9722
vn -0.4281 0.4968 0.7549
vn -0.3825 0.0648 0.9217
vn -0.4281 0.4968 0.7549
vn -0.2620 0.5868 0.7662
vn 0.4118 0.0636 0.9090
vn -0.7556 -0.5367 0.3755
vn -0.2769 -0.8129 0.5124
vn -0.3537 -0.4024 0.8444
vn -0.4565 -0.8896 -0.0167
vn -0.4077 -0.8732 -0.2671
vn -0.4909 -0.8711 0.0175
vn -0.4565 -0.8896 -0.0167
vn -0.4802 -0.8363 0.2647
vn -0.6000 -0.7995 0.0271
vn -0.7556 -0.5367 0.3755
vn -0.6000 -0.7995 0.0271
vn -0.2769 -0.8129 0.5124
vn -0.2720 0.3514 0.8958
vn -0.2620 0.5868 0.7662
vn 0.1633 -0.3155 0.9348
vn -0.4565 -0.8896 -0.0167
vn -0.6000 -0.7995 0.0271
vn -0.4077 -0.8732 -0.2671
vn -0.4077 -0.8732 -0.2671
vn -0.6000 -0.7995 0.0271
vn -0.4810 -0.8382 -0.2572
vn -0.3825 0.0648 0.9217
vn -0.4281 0.4968 0.7549
vn -0.5831 0.0223 0.8121
vn -0.2620 0.5868 0.7662
vn -0.2720 0.3514 0.8958
vn 0.4118 0.0636 0.9090
vn -0.3748 -0.1420 0.9162
vn 0.6353 -0.1819 0.7506
vn -0.5335 -0.3540 0.7681
vn -0.3748 -0.1420 0.9162
vn 0.6445 0.2600 0.7191
vn 0.1633 -0.3155 0.9348
vn -0.4810 -0.8382 -0.2572
vn -0.6000 -0.7995 0.0271
vn -0.3354 -0.7843 -0.5219
vn -0.4716 -0.0762 -0.8785
vn -0.5756 0.0165 -0.8176
vn 0.2443 0.0723 -0.9670
vn 0.1633 -0.3155 0.9348
vn 0.4118 0.0636 0.9090
vn -0.2720 0.3514 0.8958
vn -0.8395 -0.3083 0.4474
vn -0.7556 -0.5367 0.3755
vn -0.3537 -0.4024 0.8444
vn -0.3748 -0.1420 0.9162
vn -0.1790 0.1927 0.9648
vn 0.6445 0.2600 0.7191
vn -0.4281 0.4968 0.7549
vn 0.4118 0.0636 0.9090
vn -0.1248 -0.4694 0.8741
vn -0.3748 -0.1420 0.9162
vn -0.5335 -0.3540 0.7681
vn -0.1790 0.1927 0.9648
vn -0.4810 -0.8382 -0.2572
vn -0.8771 -0.2732 -0.3949
vn -0.4035 -0.7195 -0.5653
vn 0.8385 -0.0766 0.5395
vn 0.1633 -0.3155 0.9348
vn 0.2391 0.8182 0.5228
vn -0.5756 0.0165 -0.8176
vn -0.4671 -0.1099 -0.8773
vn -0.5274 0.3738 -0.7629
vn 0.2391 0.8182 0.5228
vn 0.1633 -0.3155 0.9348
vn 0.6445 0.2600 0.7191
vn 0.1633 -0.3155 0.9348
vn 0.8385 -0.0766 0.5395
vn 0.6526 -0.7097 0.2654
vn 0.1633 -0.3155 0.9348
vn 0.6526 -0.7097 0.2654
vn 0.4118 0.0636 0.9090
vn 0.6445 0.2600 0.7191
vn 0.8932 0.0086 0.4495
vn 0.2391 0.8182 0.5228
vn 0.8301 -0.1958 0.5221
vn 0.8932 0.0086 0.4495
vn 0.6445 0.2600 0.7191
vn 0.3621 -0.5372 0.7618
vn 0.8385 -0.0766 0.5395
vn 0.2391 0.8182 0.5228
vn -0.9764 -0.1473 0.1582
vn -0.6000 -0.7995 0.0271
vn -0.7556 -0.5367 0.3755
vn 0.2391 0.8182 0.5228
vn 0.8932 0.0086 0.4495
vn -0.3572 0.4316 0.8283
vn 0.0000 1.0000 0.0000
vn 0.0000 1.0000 0.0000
vn 0.0000 1.0000 0.0000
vn 0.0000 1.0000 0.0000
vn 0.0000 1.0000 0.0000
vn 0.0000 1.0000 0.0000
vn 0.0000 1.0000 0.0000
vn 0.0000 1.0000 0.0000
vn 0.0000 1.0000 0.0000
vn 0.0000 1.0000 0.0000
vn 0.0000 1.0000 0.0000
vn 0.0000 1.0000 0.0000
vn 0.0000 1.0000 0.0000
vn 0.0000 1.0000 0.0000
vn 0.0000 1.0000 0.0000
vn 0.0000 1.0000 0.0000
vn 0.0000 1.0000 0.0000
vn 0.0000 1.0000 0.0000
vn 0.0000 1.0000 0.0000
vn 0.0000 1.0000 0.0000
vn 0.0000 1.0000 0.0000
vn 0.0000 1.0000 0.0000
vn 0.0000 1.0000 0.0000
vn 0.0000 1.0000 0.0000
vn 0.0000 1.0000 0.0000
vn 0.0000 1.0000 0.0000
vn 0.0000 1.0000 0.0000
vn 0.0000 1.0000 0.0000
vn 0.0000 1.0000 0.0000
vn 0.0000 1.0000 0.0000
vn 0.0000 1.0000 0.0000
vn 0.0000 1.0000 0.0000
vn 0.0000 1.0000 0.0000
vn 0.0000 1.0000 0.0000
vn 0.0000 1.0000 0.0000
vn 0.0000 1.0000 0.0000
vn 0.0000 1.0000 0.0000
vn 0.0000 1.0000 0.0000
vn 0.0000 1.0000 0.0000
vn 0.0000 1.0000 0.0000
vn 0.0000 1.0000 0.0000
vn 0.0000 1.0000 0.0000
vn 0.0000 1.0000 0.0000
vn 0.0000 1.0000 0.0000
vn 0.0000 1.0000 0.0000
vn 0.0000 1.0000 0.0000
vn 0.0000 1.0000 0.0000
vn 0.0000 1.0000 0.0000
vn 0.0000 1.0000 0.0000
vn 0.0000 1.0000 0.0000
vn 0.0000 1.0000 0.0000
vn 0.0000 1.0000 0.0000
vn 0.0000 1.0000 0.0000
vn 0.0000 1.0000 0.0000
vn 0.0000 1.0000 0.0000
vn 0.0000 1.0000 0.0000
vn 0.0000 1.0000 0.0000
vn 0.0000 1.0000 0.0000
vn 0.0000 1.0000 0.0000
vn 0.0000 1.0000 0.0000
vn 0.0000 1.0000 0.0000
vn 0.0000 1.0000 0.0000
vn 0.0000 1.0000 0.0000
vn 0.0000 1.0000 0.0000
vn 0.0000 1.0000 0.0000
vn 0.0000 1.0000 0.0000
vn 0.0000 1.0000 0.0000
vn 0.0000 1.0000 0.0000
vn 0.0000 1.0000 0.0000
vn 0.0000 1.0000 0.0000
vn 0.0000 1.0000 0.0000
vn 0.0000 1.0000 0.0000
vn 0.0000 1.0000 0.0000
vn 0.0000 1.0000 0.0000
vn 0.0000 1.0000 0.0000
vn 0.0000 1.0000 0.0000
vn 0.0000 1.0000 0.0000
vn 0.0000 1.0000 0.0000
vn 0.0000 1.0000 0.0000
vn 0.0000 1.0000 0.0000
vn 0.0000 1.0000 0.0000
vn 0.0000 1.0000 0.0000
vn 0.0000 1.0000 0.0000
vn 0.0000 1.0000 0.0000
vn 0.0000 1.0000 0.0000
vn 0.0000 1.0000 0.0000
vn 0.0000 1.0000 0.0000
vn 0.0000 1.0000 0.0000
f 1/1/1 2/2/2 3/3/3
f 4/4/4 5/5/5 6/6/6
f 7/7/7 8/8/8 9/9/9
f 10/10/10 11/11/11 12/12/12
f 13/13/13 14/14/14 15/15/15
f 16/16/16 17/17/17 18/18/18
f 19/19/19 20/20/20 21/21/21
f 22/22/22 23/23/23 24/24/24
f 25/25/25 26/26/26 27/27/27
f 28/28/28 29/29/29 30/30/30
f 31/31/31 32/32/32 33/33/33
f 34/34/34 35/35/35 36/36/36
f 37/37/37 38/38/38 39/39/39
f 40/40/40 41/41/41 42/42/42
f 43/43/43 44/44/44 45/45/45
f 46/46/46 47/47/47 48/48/48
f 49/49/49 50/50/50 51/51/51
f 52/52/52 53/53/53 54/54/54
f 55/55/55 56/56/56 57/57/57
f 58/58/58 59/59/59 60/60/60
f 61/61/61 62/62/62 63/63/63
f 64/64/64 65/65/65 66/66/66
f 67/67/67 68/68/68 69/69/69
f 70/70/70 71/71/71 72/72/72
f 73/73/73 74/74/74 75/75/75
f 76/76/76 77/77/77 78/78/78
f 79/79/79 80/80/80 81/81/81
f 82/82/82 83/83/83 84/84/84
f 85/85/85 86/86/86 87/87/87
f 88/88/88 89/89/89 90/90/90
f 91/91/91 92/92/92 93/93/93
f 94/94/94 95/95/95 96/96/96
f 97/97/97 98/98/98 99/99/99
f 100/100/100 101/101/101 102/102/102
f 103/103/103 104/104/104 105/105/105
f 106/106/106 107/107/107 108/108/108
f 109/109/109 110/110/110 111/111/111
f 112/112/112 113/113/113 114/114/114
f 115/115/115 116/116/116 117/117/117
f 118/118/118 119/119/119 120/120/120
f 121/121/121 122/122/122 123/123/123
f 124/124/124 125/125/125 126/126/126
f 127/127/127 128/128/128 129/129/129
f 130/130/130 131/131/131 132/132/132
f 133/133/133 134/134/134 135/135/135
f 136/136/136 137/137/137 138/138/138
f 139/139/139 140/140/140 141/141/141
f 142/142/142 143/143/143 144/144/144
f 145/145/145 146/146/146 147/147/147
f 148/148/148 149/149/149 150/150/150
f 151/151/151 152/152/152 153/153/153
f 154/154/154 155/155/155 156/156/156
f 157/157/157 158/158/158 159/159/159
f 160/160/160 161/161/161 162/162/162
f 163/163/163 164/164/164 165/165/165
f 166/166/166 167/167/167 168/168/168
f 169/169/169 170/170/170 171/171/171
f 172/172/172 173/173/173 174/174/174
f 175/175/175 176/176/176 177/177/177
f 178/178/178 179/179/179 180/180/180
f 181/181/181 182/182/182 183/183/183
f 184/184/184 185/185/185 186/186/186
f 187/187/187 188/188/188 189/189/189
f 190/190/190 191/191/191 192/192/192
f 193/193/193 194/194/194 195/195/195
f 196/196/196 197/197/197 198/198/198
f 199/199/199 200/200/200 201/201/201
f 202/202/202 203/203/203 204/204/204
f 205/205/205 206/206/206 207/207/207
f 208/208/208 209/209/209 210/210/210
f 211/211/211 212/212/212 213/213/213
f 214/214/214 215/215/215 216/216/216
f 217/217/217 218/218/218 219/219/219
f 220/220/220 221/221/221 222/222/222
f 223/223/223 224/224/224 225/225/225
f 226/226/226 227/227/227 228/228/228
f 229/229/229 230/230/230 231/231/231
f 232/232/232 233/233/233 234/234/234
f 235/235/235 236/236/236 237/237/237
f 238/238/238 239/239/239 240/240/240
f 241/241/241 242/242/242 243/243/243
f 244/244/244 245/245/245 246/246/246
f 247/247/247 248/248/248 249/249/249
f 250/250/250 251/251/251 252/252/252
f 253/253/253 254/254/254 255/255/255
f 256/256/256 257/257/257 258/258/258
f 259/259/259 260/260/260 261/261/261
f 262/262/262 263/263/263 264/264/264
f 265/265/265 266/266/266 267/267/267
f 268/268/268 269/269/269 270/270/270
f 271/271/271 272/272/272 273/273/273
f 274/274/274 275/275/275 276/276/276
f 277/277/277 278/278/278 279/279/279
f 280/280/280 281/281/281 282/282/282
f 283/283/283 284/284/284 285/285/285
f 286/286/286 287/287/287 288/288/288
f 289/289/289 290/290/290 291/291/291
f 292/292/292 293/293/293 294/294/294
f 295/295/295 296/296/296 297/297/297
f 298/298/298 299/299/299 300/300/300
f 301/301/301 302/302/302 303/303/303
f 304/304/304 305/305/305 306/306/306
f 307/307/307 308/308/308 309/309/309
f 310/310/310 311/311/311 312/312/312
f 313/313/313 314/314/314 315/315/315
f 316/316/316 317/317/317 318/318/318
f 319/319/319 320/320/320 321/321/321
f 322/322/322 323/323/323 324/324/324
f 325/325/325 326/326/326 327/327/327
f 328/328/328 329/329/329 330/330/330
f 331/331/331 332/332/332 333/333/333
f 334/334/334 335/335/335 336/336/336
f 337/337/337 338/338/338 339/339/339
f 340/340/340 341/341/341 342/342/342
f 343/343/343 344/344/344 345/345/345
f 346/346/346 347/347/347 348/348/348
f 349/349/349 350/350/350 351/351/351
f 352/352/352 353/353/353 354/354/354
f 355/355/355 356/356/356 357/357/357
f 358/358/358 359/359/359 360/360/360
f 361/361/361 362/362/362 363/363/363
f 364/364/364 365/365/365 366/366/366
f 367/367/367 368/368/368 369/369/369
f 370/370/370 371/371/371 372/372/372
f 373/373/373 374/374/374 375/375/375
f 376/376/376 377/377/377 378/378/378
f 379/379/379 380/380/380 381/381/381
f 382/382/382 383/383/383 384/384/384
f 385/385/385 386/386/386 387/387/387
f 388/388/388 389/389/389 390/390/390
f 391/391/391 392/392/392 393/393/393
f 394/394/394 395/395/395 396/396/396
f 397/397/397 398/398/398 399/399/399
f 400/400/400 401/401/401 402/402/402
f 403/403/403 404/404/404 405/405/405
f 406/406/406 407/407/407 408/408/408
f 409/409/409 410/410/410 411/411/411
f 412/412/412 413/413/413 414/414/414
f 415/415/415 416/416/416 417/417/417
f 418/418/418 419/419/419 420/420/420
f 421/421/421 422/422/422 423/423/423
f 424/424/424 425/425/425 426/426/426
f 427/427/427 428/428/428 429/429/429
f 430/430/430 431/431/431 432/432/432
f 433/433/433 434/434/434 435/435/435
f 436/436/436 437/437/437 438/438/438
f 439/439/439 440/440/440 441/441/441
f 442/442/442 443/443/443 444/444/444
f 445/445/445 446/446/446 447/447/447
f 448/448/448 449/449/449 450/450/450
f 451/451/451 452/452/452 453/453/453
f 454/454/454 455/455/455 456/456/456
f 457/457/457 458/458/458 459/459/459
f 460/460/460 461/461/461 462/462/462
f 463/463/463 464/464/464 465/465/465
f 466/466/466 467/467/467 468/468/468
f 469/469/469 470/470/470 471/471/471
f 472/472/472 473/473/473 474/474/474
f 475/475/475 476/476/476 477/477/477
f 478/478/478 479/479/479 480/480/480
f 481/481/481 482/482/482 483/483/483
f 484/484/484 485/485/485 486/486/486
f 487/487/487 488/488/488 489/489/489
f 490/490/490 491/491/491 492/492/492
f 493/493/493 494/494/494 495/495/495
f 496/496/496 497/497/497 498/498/498
f 499/499/499 500/500/500 501/501/501
f 502/502/502 503/503/503 504/504/504
f 505/505/505 506/506/506 507/507/507
f 508/508/508 509/509/509 510/510/510
f 511/511/511 512/512/512 513/513/513
f 514/514/514 515/515/515 516/516/516
f 517/517/517 518/518/518 519/519/519
f 520/520/520 521/521/521 522/522/522
f 523/523/523 524/524/524 525/525/525
f 526/526/526 527/527/527 528/528/528
f 529/529/529 530/530/530 531/531/531
f 532/532/532 533/533/533 534/534/534
f 535/535/535 536/536/536 537/537/537
f 538/538/538 539/539/539 540/540/540
f 541/541/541 542/542/542 543/543/543
f 544/544/544 545/545/545 546/546/546
f 547/547/547 548/548/548 549/549/549
f 550/550/550 551/551/551 552/552/552
f 553/553/553 554/554/554 555/555/555
f 556/556/556 557/557/557 558/558/558
f 559/559/559 560/560/560 561/561/561
f 562/562/562 563/563/563 564/564/564
f 565/565/565 566/566/566 567/567/567
f 568/568/568 569/569/569 570/570/570
f 571/571/571 572/572/572 573/573/573
f 574/574/574 575/575/575 576/576/576
f 577/577/577 578/578/578 579/579/579
f 580/580/580 581/581/581 582/582/582
f 583/583/583 584/584/584 585/585/585
f 586/586/586 587/587/587 588/588/588
f 589/589/589 590/590/590 591/591/591
f 592/592/592 593/593/593 594/594/594
f 595/595/595 596/596/596 597/597/597
f 598/598/598 599/599/599 600/600/600
f 601/601/601 602/602/602 603/603/603
f 604/604/604 605/605/605 606/606/606
f 607/607/607 608/608/608 609/609/609
f 610/610/610 611/611/611 612/612/612
f 613/613/613 614/614/614 615/615/615
f 616/616/616 617/617/617 618/618/618
f 619/619/619 620/620/620 621/621/621
f 622/622/622 623/623/623 624/624/624
f 625/625/625 626/626/626 627/627/627
f 628/628/628 629/629/629 630/630/630
f 631/631/631 632/632/632 633/633/633
f 634/634/634 635/635/635 636/636/636
f 637/637/637 638/638/638 639/639/639
f 640/640/640 641/641/641 642/642/642
f 643/643/643 644/644/644 645/645/645
f 646/646/646 647/647/647 648/648/648
f 649/649/649 650/650/650 651/651/651
f 652/652/652 653/653/653 654/654/654
f 655/655/655 656/656/656 657/657/657
f 658/658/658 659/659/659 660/660/660
f 661/661/661 662/662/662 663/663/663
f 664/664/664 665/665/665 666/666/666
f 667/667/667 668/668/668 669/669/669
f 670/670/670 671/671/671 672/672/672
f 673/673/673 674/674/674 675/675/675
f 676/676/676 677/677/677 678/678/678
f 679/679/679 680/680/680 681/681/681
f 682/682/682 683/683/683 684/684/684
f 685/685/685 686/686/686 687/687/687
f 688/688/688 689/689/689 690/690/690
f 691/691/691 692/692/692 693/693/693
f 694/694/694 695/695/695 696/696/696
f 697/697/697 698/698/698 699/699/699
f 700/700/700 701/701/701 702/702/702
f 703/703/703 704/704/704 705/705/705
f 706/706/706 707/707/707 708/708/708
f 709/709/709 710/710/710 711/711/711
f 712/712/712 713/713/713 714/714/714
f 715/715/715 716/716/716 717/717/717
f 718/718/718 719/719/719 720/720/720
f 721/721/721 722/722/722 723/723/723
f 724/724/724 725/725/725 726/726/726
f 727/727/727 728/728/728 729/729/729
f 730/730/730 731/731/731 732/732/732
f 733/733/733 734/734/734 735/735/735
f 736/736/736 737/737/737 738/738/738
f 739/739/739 740/740/740 741/741/741
f 742/742/742 743/743/743 744/744/744
f 745/745/745 746/746/746 747/747/747
f 748/748/748 749/749/749 750/750/750
f 751/751/751 752/752/752 753/753/753
f 754/754/754 755/755/755 756/756/756
f 757/757/757 758/758/758 759/759/759
f 760/760/760 761/761/761 762/762/762
f 763/763/763 764/764/764 765/765/765
f 766/766/766 767/767/767 768/768/768
f 769/769/769 770/770/770 771/771/771
f 772/772/772 773/773/773 774/774/774
f 775/775/775 776/776/776 777/777/777
f 778/778/778 779/779/779 780/780/780
f 781/781/781 782/782/782 783/783/783
f 784/784/784 785/785/785 786/786/786
f 787/787/787 788/788/788 789/789/789
f 790/790/790 791/791/791 792/792/792
f 793/793/793 794/794/794 795/795/795
f 796/796/796 797/797/797 798/798/798
f 799/799/799 800/800/800 801/801/801
f 802/802/802 803/803/803 804/804/804
f 805/805/805 806/806/806 807/807/807
f 808/808/808 809/809/809 810/810/810
f 811/811/811 812/812/812 813/813/813
f 814/814/814 815/815/815 816/816/816
f 817/817/817 818/818/818 819/819/819
f 820/820/820 821/821/821 822/822/822
f 823/823/823 824/824/824 825/825/825
f 826/826/826 827/827/827 828/828/828
f 829/829/829 830/830/830 831/831/831
f 832/832/832 833/833/833 834/834/834
f 835/835/835 836/836/836 837/837/837
f 838/838/838 839/839/839 840/840/840
f 841/841/841 842/842/842 843/843/843
f 844/844/844 845/845/845 846/846/846
f 847/847/847 848/848/848 849/849/849
f 850/850/850 851/851/851 852/852/852
f 853/853/853 854/854/854 855/855/855
f 856/856/856 857/857/857 858/858/858
f 859/859/859 860/860/860 861/861/861
f 862/862/862 863/863/863 864/864/864
f 865/865/865 866/866/866 867/867/867
f 868/868/868 869/869/869 870/870/870
f 871/871/871 872/872/872 873/873/873
f 874/874/874 875/875/875 876/876/876
f 877/877/877 878/878/878 879/879/879
f 880/880/880 881/881/881 882/882/882
f 883/883/883 884/884/884 885/885/885
f 886/886/886 887/887/887 888/888/888
f 889/889/889 890/890/890 891/891/891
f 892/892/892 893/893/893 894/894/894
f 895/895/895 896/896/896 897/897/897
f 898/898/898 899/899/899 900/900/900
f 901/901/901 902/902/902 903/903/903
f 904/904/904 905/905/905 906/906/906
f 907/907/907 908/908/908 909/909/909
f 910/910/910 911/911/911 912/912/912
f 913/913/913 914/914/914 915/915/915
f 916/916/916 917/917/917 918/918/918
f 919/919/919 920/920/920 921/921/921
f 922/922/922 923/923/923 924/924/924
f 925/925/925 926/926/926 927/927/927
f 928/928/928 929/929/929 930/930/930
f 931/931/931 932/932/932 933/933/933
f 934/934/934 935/935/935 936/936/936
f 937/937/937 938/938/938 939/939/939
f 940/940/940 941/941/941 942/942/942
f 943/943/943 944/944/944 945/945/945
f 946/946/946 947/947/947 948/948/948
f 949/949/949 950/950/950 951/951/951
f 952/952/952 953/953/953 954/954/954
f 955/955/955 956/956/956 957/957/957
f 958/958/958 959/959/959 960/960/960
f 961/961/961 962/962/962 963/963/963
f 964/964/964 965/965/965 966/966/966
f 967/967/967 968/968/968 969/969/969
f 970/970/970 971/971/971 972/972/972
f 973/973/973 974/974/974 975/975/975
f 976/976/976 977/977/977 978/978/978
f 979/979/979 980/980/980 981/981/981
f 982/982/982 983/983/983 984/984/984
f 985/985/985 986/986/986 987/987/987
f 988/988/988 989/989/989 990/990/990
f 991/991/991 992/992/992 993/993/993
f 994/994/994 995/995/995 996/996/996
f 997/997/997 998/998/998 999/999/999
f 1000/1000/1000 1001/1001/1001 1002/1002/1002
f 1003/1003/1003 1004/1004/1004 1005/1005/1005
f 1006/1006/1006 1007/1007/1007 1008/1008/1008
f 1009/1009/1009 1010/1010/1010 1011/1011/1011
f 1012/1012/1012 1013/1013/1013 1014/1014/1014
f 1015/1015/1015 1016/1016/1016 1017/1017/1017
f 1018/1018/1018 1019/1019/1019 1020/1020/1020
f 1021/1021/1021 1022/1022/1022 1023/1023/1023
f 1024/1024/1024 1025/1025/1025 1026/1026/1026
f 1027/1027/1027 1028/1028/1028 1029/1029/1029
f 1030/1030/1030 1031/1031/1031 1032/1032/1032
f 1033/1033/1033 1034/1034/1034 1035/1035/1035
f 1036/1036/1036 1037/1037/1037 1038/1038/1038
f 1039/1039/1039 1040/1040/1040 1041/1041/1041
f 1042/1042/1042 1043/1043/1043 1044/1044/1044
f 1045/1045/1045 1046/1046/1046 1047/1047/1047
f 1048/1048/1048 1049/1049/1049 1050/1050/1050
f 1051/1051/1051 1052/1052/1052 1053/1053/1053
f 1054/1054/1054 1055/1055/1055 1056/1056/1056
f 1057/1057/1057 1058/1058/1058 1059/1059/1059
f 1060/1060/1060 1061/1061/1061 1062/1062/1062
f 1063/1063/1063 1064/1064/1064 1065/1065/1065
f 1066/1066/1066 1067/1067/1067 1068/1068/1068
f 1069/1069/1069 1070/1070/1070 1071/1071/1071
f 1072/1072/1072 1073/1073/1073 1074/1074/1074
f 1075/1075/1075 1076/1076/1076 1077/1077/1077
f 1078/1078/1078 1079/1079/1079 1080/1080/1080
f 1081/1081/1081 1082/1082/1082 1083/1083/1083
f 1084/1084/1084 1085/1085/1085 1086/1086/1086
f 1087/1087/1087 1088/1088/1088 1089/1089/1089
f 1090/1090/1090 1091/1091/1091 1092/1092/1092
f 1093/1093/1093 1094/1094/1094 1095/1095/1095
f 1096/1096/1096 1097/1097/1097 1098/1098/1098
f 1099/1099/1099 1100/1100/1100 1101/1101/1101
f 1102/1102/1102 1103/1103/1103 1104/1104/1104
f 1105/1105/1105 1106/1106/1106 1107/1107/1107
f 1108/1108/1108 1109/1109/1109 1110/1110/1110
f 1111/1111/1111 1112/1112/1112 1113/1113/1113
f 1114/1114/1114 1115/1115/1115 1116/1116/1116
f 1117/1117/1117 1118/1118/1118 1119/1119/1119
f 1120/1120/1120 1121/1121/1121 1122/1122/1122
f 1123/1123/1123 1124/1124/1124 1125/1125/1125
f 1126/1126/1126 1127/1127/1127 1128/1128/1128
f 1129/1129/1129 1130/1130/1130 1131/1131/1131
f 1132/1132/1132 1133/1133/1133 1134/1134/1134
f 1135/1135/1135 1136/1136/1136 1137/1137/1137
f 1138/1138/1138 1139/1139/1139 1140/1140/1140
f 1141/1141/1141 1142/1142/1142 1143/1143/1143
f 1144/1144/1144 1145/1145/1145 1146/1146/1146
f 1147/1147/1147 1148/1148/1148 1149/1149/1149
f 1150/1150/1150 1151/1151/1151 1152/1152/1152
f 1153/1153/1153 1154/1154/1154 1155/1155/1155
f 1156/1156/1156 1157/1157/1157 1158/1158/1158
f 1159/1159/1159 1160/1160/1160 1161/1161/1161
f 1162/1162/1162 1163/1163/1163 1164/1164/1164
f 1165/1165/1165 1166/1166/1166 1167/1167/1167
f 1168/1168/1168 1169/1169/1169 1170/1170/1170
f 1171/1171/1171 1172/1172/1172 1173/1173/1173
f 1174/1174/1174 1175/1175/1175 1176/1176/1176
f 1177/1177/1177 1178/1178/1178 1179/1179/1179
f 1180/1180/1180 1181/1181/1181 1182/1182/1182
f 1183/1183/1183 1184/1184/1184 1185/1185/1185
f 1186/1186/1186 1187/1187/1187 1188/1188/1188
f 1189/1189/1189 1190/1190/1190 1191/1191/1191
f 1192/1192/1192 1193/1193/1193 1194/1194/1194
f 1195/1195/1195 1196/1196/1196 1197/1197/1197
f 1198/1198/1198 1199/1199/1199 1200/1200/1200
f 1201/1201/1201 1202/1202/1202 1203/1203/1203
f 1204/1204/1204 1205/1205/1205 1206/1206/1206
f 1207/1207/1207 1208/1208/1208 1209/1209/1209
f 1210/1210/1210 1211/1211/1211 1212/1212/1212
f 1213/1213/1213 1214/1214/1214 1215/1215/1215
f 1216/1216/1216 1217/1217/1217 1218/1218/1218
f 1219/1219/1219 1220/1220/1220 1221/1221/1221
f 1222/1222/1222 1223/1223/1223 1224/1224/1224
f 1225/1225/1225 1226/1226/1226 1227/1227/1227
f 1228/1228/1228 1229/1229/1229 1230/1230/1230
f 1231/1231/1231 1232/1232/1232 1233/1233/1233
f 1234/1234/1234 1235/1235/1235 1236/1236/1236
f 1237/1237/1237 1238/1238/1238 1239/1239/1239
f 1240/1240/1240 1241/1241/1241 1242/1242/1242
f 1243/1243/1243 1244/1244/1244 1245/1245/1245
f 1246/1246/1246 1247/1247/1247 1248/1248/1248
f 1249/1249/1249 1250/1250/1250 1251/1251/1251
f 1252/1252/1252 1253/1253/1253 1254/1254/1254
f 1255/1255/1255 1256/1256/1256 1257/1257/1257
f 1258/1258/1258 1259/1259/1259 1260/1260/1260
f 1261/1261/1261 1262/1262/1262 1263/1263/1263
f 1264/1264/1264 1265/1265/1265 1266/1266/1266
f 1267/1267/1267 1268/1268/1268 1269/1269/1269
f 1270/1270/1270 1271/1271/1271 1272/1272/1272
f 1273/1273/1273 1274/1274/1274 1275/1275/1275
f 1276/1276/1276 1277/1277/1277 1278/1278/1278
f 1279/1279/1279 1280/1280/1280 1281/1281/1281
f 1282/1282/1282 1283/1283/1283 1284/1284/1284
f 1285/1285/1285 1286/1286/1286 1287/1287/1287
f 1288/1288/1288 1289/1289/1289 1290/1290/1290
f 1291/1291/1291 1292/1292/1292 1293/1293/1293
f 1294/1294/1294 1295/1295/1295 1296/1296/1296
f 1297/1297/1297 1298/1298/1298 1299/1299/1299
f 1300/1300/1300 1301/1301/1301 1302/1302/1302
f 1303/1303/1303 1304/1304/1304 1305/1305/1305
f 1306/1306/1306 1307/1307/1307 1308/1308/1308
f 1309/1309/1309 1310/1310/1310 1311/1311/1311
f 1312/1312/1312 1313/1313/1313 1314/1314/1314
f 1315/1315/1315 1316/1316/1316 1317/1317/1317
f 1318/1318/1318 1319/1319/1319 1320/1320/1320
f 1321/1321/1321 1322/1322/1322 1323/1323/1323
f 1324/1324/1324 1325/1325/1325 1326/1326/1326
f 1327/1327/1327 1328/1328/1328 1329/1329/1329
f 1330/1330/1330 1331/1331/1331 1332/1332/1332
f 1333/1333/1333 1334/1334/1334 1335/1335/1335
f 1336/1336/1336 1337/1337/1337 1338/1338/1338
f 1339/1339/1339 1340/1340/1340 1341/1341/1341
f 1342/1342/1342 1343/1343/1343 1344/1344/1344
f 1345/1345/1345 1346/1346/1346 1347/1347/1347
f 1348/1348/1348 1349/1349/1349 1350/1350/1350
f 1351/1351/1351 1352/1352/1352 1353/1353/1353
f 1354/1354/1354 1355/1355/1355 1356/1356/1356
f 1357/1357/1357 1358/1358/1358 1359/1359/1359
f 1360/1360/1360 1361/1361/1361 1362/1362/1362
f 1363/1363/1363 1364/1364/1364 1365/1365/1365
f 1366/1366/1366 1367/1367/1367 1368/1368/1368
f 1366/1366/1366 1368/1368/1368 1367/1367/1367
f 1366/1366/1366 1368/1368/1368 1369/1369/1369
f 1366/1366/1366 1369/1369/1369 1368/1368/1368
f 1366/1366/1366 1369/1369/1369 1370/1370/1370
f 1366/1366/1366 1370/1370/1370 1369/1369/1369
f 1366/1366/1366 1370/1370/1370 1371/1371/1371
f 1366/1366/1366 1371/1371/1371 1370/1370/1370
f 1366/1366/1366 1371/1371/1371 1372/1372/1372
f 1366/1366/1366 1372/1372/1372 1371/1371/1371
f 1366/1366/1366 1372/1372/1372 1373/1373/1373
f 1366/1366/1366 1373/1373/1373 1372/1372/1372
f 1366/1366/1366 1373/1373/1373 1374/1374/1374
f 1366/1366/1366 1374/1374/1374 1373/1373/1373
f 1366/1366/1366 1374/1374/1374 1375/1375/1375
f 1366/1366/1366 1375/1375/1375 1374/1374/1374
f 1366/1366/1366 1375/1375/1375 1376/1376/1376
f 1366/1366/1366 1376/1376/1376 1375/1375/1375
f 1366/1366/1366 1376/1376/1376 1377/1377/1377
f 1366/1366/1366 1377/1377/1377 1376/1376/1376
f 1366/1366/1366 1377/1377/1377 1378/1378/1378
f 1366/1366/1366 1378/1378/1378 1377/1377/1377
f 1366/1366/1366 1378/1378/1378 1379/1379/1379
f 1366/1366/1366 1379/1379/1379 1378/1378/1378
f 1366/1366/1366 1379/1379/1379 1380/1380/1380
f 1366/1366/1366 1380/1380/1380 1379/1379/1379
f 1366/1366/1366 1380/1380/1380 1381/1381/1381
f 1366/1366/1366 1381/1381/1381 1380/1380/1380
f 1366/1366/1366 1381/1381/1381 1382/1382/1382
f 1366/1366/1366 1382/1382/1382 1381/1381/1381
f 1366/1366/1366 1382/1382/1382 1383/1383/1383
f 1366/1366/1366 1383/1383/1383 1382/1382/1382
f 1366/1366/1366 1383/1383/1383 1384/1384/1384
f 1366/1366/1366 1384/1384/1384 1383/1383/1383
f 1366/1366/1366 1384/1384/1384 1385/1385/1385
f 1366/1366/1366 1385/1385/1385 1384/1384/1384
f 1366/1366/1366 1385/1385/1385 1386/1386/1386
f 1366/1366/1366 1386/1386/1386 1385/1385/1385
f 1366/1366/1366 1386/1386/1386 1387/1387/1387
f 1366/1366/1366 1387/1387/1387 1386/1386/1386
f 1366/1366/1366 1387/1387/1387 1388/1388/1388
f 1366/1366/1366 1388/1388/1388 1387/1387/1387
f 1366/1366/1366 1388/1388/1388 1389/1389/1389
f 1366/1366/1366 1389/1389/1389 1388/1388/1388
f 1366/1366/1366 1389/1389/1389 1390/1390/1390
f 1366/1366/1366 1390/1390/1390 1389/1389/1389
f 1366/1366/1366 1390/1390/1390 1391/1391/1391
f 1366/1366/1366 1391/1391/1391 1390/1390/1390
f 1366/1366/1366 1391/1391/1391 1392/1392/1392
f 1366/1366/1366 1392/1392/1392 1391/1391/1391
f 1366/1366/1366 1392/1392/1392 1393/1393/1393
f 1366/1366/1366 1393/1393/1393 1392/1392/1392
f 1366/1366/1366 1393/1393/1393 1394/1394/1394
f 1366/1366/1366 1394/1394/1394 1393/1393/1393
f 1366/1366/1366 1394/1394/1394 1395/1395/1395
f 1366/1366/1366 1395/1395/1395 1394/1394/1394
f 1366/1366/1366 1395/1395/1395 1396/1396/1396
f 1366/1366/1366 1396/1396/1396 1395/1395/1395
f 1366/1366/1366 1396/1396/1396 1367/1367/1367
f 1366/1366/1366 1367/1367/1367 1396/1396/1396
f 1397/1397/1397 1398/1398/1398 1399/1399/1399
f 1397/1397/1397 1399/1399/1399 1398/1398/1398
f 1397/1397/1397 1399/1399/1399 1400/1400/1400
f 1397/1397/1397 1400/1400/1400 1399/1399/1399
f 1397/1397/1397 1400/1400/1400 1401/1401/1401
f 1397/1397/1397 1401/1401/1401 1400/1400/1400
f 1397/1397/1397 1401/1401/1401 1402/1402/1402
f 1397/1397/1397 1402/1402/1402 1401/1401/1401
f 1397/1397/1397 1402/1402/1402 1403/1403/1403
f 1397/1397/1397 1403/1403/1403 1402/1402/1402
f 1397/1397/1397 1403/1403/1403 1404/1404/1404
f 1397/1397/1397 1404/1404/1404 1403/1403/1403
f 1397/1397/1397 1404/1404/1404 1405/1405/1405
f 1397/1397/1397 1405/1405/1405 1404/1404/1404
f 1397/1397/1397 1405/1405/1405 1406/1406/1406
f 1397/1397/1397 1406/1406/1406 1405/1405/1405
f 1397/1397/1397 1406/1406/1406 1407/1407/1407
f 1397/1397/1397 1407/1407/1407 1406/1406/1406
f 1397/1397/1397 1407/1407/1407 1408/1408/1408
f 1397/1397/1397 1408/1408/1408 1407/1407/1407
f 1397/1397/1397 1408/1408/1408 1409/1409/1409
f 1397/1397/1397 1409/1409/1409 1408/1408/1408
f 1397/1397/1397 1409/1409/1409 1410/1410/1410
f 1397/1397/1397 1410/1410/1410 1409/1409/1409
f 1397/1397/1397 1410/1410/1410 1411/1411/1411
f 1397/1397/1397 1411/1411/1411 1410/1410/1410
f 1397/1397/1397 1411/1411/1411 1412/1412/1412
f 1397/1397/1397 1412/1412/1412 1411/1411/1411
f 1397/1397/1397 1412/1412/1412 1413/1413/1413
f 1397/1397/1397 1413/1413/1413 1412/1412/1412
f 1397/1397/1397 1413/1413/1413 1414/1414/1414
f 1397/1397/1397 1414/1414/1414 1413/1413/1413
f 1397/1397/1397 1414/1414/1414 1415/1415/1415
f 1397/1397/1397 1415/1415/1415 1414/1414/1414
f 1397/1397/1397 1415/1415/1415 1416/1416/1416
f 1397/1397/1397 1416/1416/1416 1415/1415/1415
f 1397/1397/1397 1416/1416/1416 1417/1417/1417
f 1397/1397/1397 1417/1417/1417 1416/1416/1416
f 1397/1397/1397 1417/1417/1417 1418/1418/1418
f 1397/1397/1397 1418/1418/1418 1417/1417/1417
f 1397/1397/1397 1418/1418/1418 1419/1419/1419
f 1397/1397/1397 1419/1419/1419 1418/1418/1418
f 1397/1397/1397 1419/1419/1419 1420/1420/1420
f 1397/1397/1397 1420/1420/1420 1419/1419/1419
f 1397/1397/1397 1420/1420/1420 1421/1421/1421
f 1397/1397/1397 1421/1421/1421 1420/1420/1420
f 1397/1397/1397 1421/1421/1421 1422/1422/1422
f 1397/1397/1397 1422/1422/1422 1421/1421/1421
f 1397/1397/1397 1422/1422/1422 1423/1423/1423
f 1397/1397/1397 1423/1423/1423 1422/1422/1422
f 1397/1397/1397 1423/1423/1423 1424/1424/1424
f 1397/1397/1397 1424/1424/1424 1423/1423/1423
f 1397/1397/1397 1424/1424/1424 1425/1425/1425
f 1397/1397/1397 1425/1425/1425 1424/1424/1424
f 1397/1397/1397 1425/1425/1425 1426/1426/1426
f 1397/1397/1397 1426/1426/1426 1425/1425/1425
f 1397/1397/1397 1426/1426/1426 1427/1427/1427
f 1397/1397/1397 1427/1427/1427 1426/1426/1426
f 1397/1397/1397 1427/1427/1427 1428/1428/1428
f 1397/1397/1397 1428/1428/1428 1427/1427/1427
f 1397/1397/1397 1428/1428/1428 1429/1429/1429
f 1397/1397/1397 1429/1429/1429 1428/1428/1428
f 1397/1397/1397 1429/1429/1429 1430/1430/1430
f 1397/1397/1397 1430/1430/1430 1429/1429/1429
f 1397/1397/1397 1430/1430/1430 1431/1431/1431
f 1397/1397/1397 1431/1431/1431 1430/1430/1430
f 1397/1397/1397 1431/1431/1431 1432/1432/1432
f 1397/1397/1397 1432/1432/1432 1431/1431/1431
f 1397/1397/1397 1432/1432/1432 1433/1433/1433
f 1397/1397/1397 1433/1433/1433 1432/1432/1432
f 1397/1397/1397 1433/1433/1433 1434/1434/1434
f 1397/1397/1397 1434/1434/1434 1433/1433/1433
f 1397/1397/1397 1434/1434/1434 1435/1435/1435
f 1397/1397/1397 1435/1435/1435 1434/1434/1434
f 1397/1397/1397 1435/1435/1435 1436/1436/1436
f 1397/1397/1397 1436/1436/1436 1435/1435/1435
f 1397/1397/1397 1436/1436/1436 1437/1437/1437
f 1397/1397/1397 1437/1437/1437 1436/1436/1436
f 1397/1397/1397 1437/1437/1437 1438/1438/1438
f 1397/1397/1397 1438/1438/1438 1437/1437/1437
f 1397/1397/1397 1438/1438/1438 1439/1439/1439
f 1397/1397/1397 1439/1439/1439 1438/1438/1438
f 1397/1397/1397 1439/1439/1439 1440/1440/1440
f 1397/1397/1397 1440/1440/1440 1439/1439/1439
f 1397/1397/1397 1440/1440/1440 1441/1441/1441
f 1397/1397/1397 1441/1441/1441 1440/1440/1440
f 1397/1397/1397 1441/1441/1441 1442/1442/1442
f 1397/1397/1397 1442/1442/1442 1441/1441/1441
f 1397/1397/1397 1442/1442/1442 1443/1443/1443
f 1397/1397/1397 1443/1443/1443 1442/1442/1442
f 1397/1397/1397 1443/1443/1443 1444/1444/1444
f 1397/1397/1397 1444/1444/1444 1443/1443/1443
f 1397/1397/1397 1444/1444/1444 1445/1445/1445
f 1397/1397/1397 1445/1445/1445 1444/1444/1444
f 1397/1397/1397 1445/1445/1445 1446/1446/1446
f 1397/1397/1397 1446/1446/1446 1445/1445/1445
f 1397/1397/1397 1446/1446/1446 1447/1447/1447
f 1397/1397/1397 1447/1447/1447 1446/1446/1446
f 1397/1397/1397 1447/1447/1447 1448/1448/1448
f 1397/1397/1397 1448/1448/1448 1447/1447/1447
f 1397/1397/1397 1448/1448/1448 1449/1449/1449
f 1397/1397/1397 1449/1449/1449 1448/1448/1448
f 1397/1397/1397 1449/1449/1449 1450/1450/1450
f 1397/1397/1397 1450/1450/1450 1449/1449/1449
f 1397/1397/1397 1450/1450/1450 1451/1451/1451
f 1397/1397/1397 1451/1451/1451 1450/1450/1450
f 1397/1397/1397 1451/1451/1451 1452/1452/1452
f 1397/1397/1397 1452/1452/1452 1451/1451/1451
f 1397/1397/1397 1452/1452/1452 1453/1453/1453
f 1397/1397/1397 1453/1453/1453 1452/1452/1452
f 1397/1397/1397 1453/1453/1453 1398/1398/1398
f 1397/1397/1397 1398/1398/1398 1453/1453/1453
