o leg_left
v -0.34362 1.58179 -0.31194
v -0.37766 1.22095 -0.33525
v -0.45564 1.37864 -0.58780
v -0.38222 1.44336 -0.33898
v -0.47362 1.30425 -0.20833
v -0.30965 1.59537 -0.12615
v -0.40351 1.24670 -0.25370
v -0.37766 1.22095 -0.33525
v -0.35244 1.24967 -0.15850
v -0.40351 1.24670 -0.25370
v -0.43488 1.30413 -0.14488
v -0.42879 1.18705 -0.38109
v -0.42133 1.23205 -0.30259
v -0.40351 1.24670 -0.25370
v -0.35244 1.24967 -0.15850
v -0.43488 1.30413 -0.14488
v -0.39032 1.04601 -0.06875
v -0.42133 1.23205 -0.30259
v -0.42377 1.10974 0.04152
v -0.37554 1.46494 0.00306
v -0.47089 1.14553 0.12470
v -0.42133 1.23205 -0.30259
v -0.40532 0.95984 0.20738
v -0.39388 1.01803 0.23714
v -0.39038 0.95360 0.27347
v -0.43488 1.30413 -0.14488
v -0.42377 1.10974 0.04152
v -0.40536 0.92978 0.22570
v -0.42072 0.72842 0.23421
v -0.47141 1.28936 -0.23278
v -0.39032 1.04601 -0.06875
v -0.42879 1.18705 -0.38109
v -0.35244 1.24967 -0.15850
v -0.48693 0.91292 -0.30744
v -0.40331 0.97039 -0.03282
v -0.47362 1.30425 -0.20833
v -0.45535 1.48632 -0.25377
v -0.52663 1.03422 0.28200
v -0.39038 0.95360 0.27347
v -0.39388 1.01803 0.23714
v -0.44801 0.97807 -0.01537
v -0.40331 0.97039 -0.03282
v -0.44969 1.09996 -0.01825
v -0.45535 1.48632 -0.25377
v -0.40653 1.12145 -0.41386
v -0.49903 0.88163 -0.41350
v -0.42985 1.08737 -0.52110
v -0.47141 1.28936 -0.23278
v -0.48040 0.97882 0.08621
v -0.52753 0.97360 0.31205
v -0.42133 1.23205 -0.30259
v -0.48830 1.18756 -0.57727
v -0.37766 1.22095 -0.33525
v -0.46947 0.92923 0.09225
v -0.44243 1.13417 -0.40887
v -0.40653 1.12145 -0.41386
v -0.42985 1.08737 -0.52110
v -0.45969 1.11289 -0.05629
v -0.40653 1.12145 -0.41386
v -0.44243 1.13417 -0.40887
v -0.47142 0.91525 -0.32214
v -0.46532 1.16394 -0.46216
v -0.48693 0.91292 -0.30744
v -0.40331 0.97039 -0.03282
v -0.44801 0.97807 -0.01537
v -0.45969 1.11289 -0.05629
v -0.40536 0.92978 0.22570
v -0.65253 0.76804 0.30443
v -0.42072 0.72842 0.23421
v -0.44323 1.08737 -0.05204
v -0.52663 1.03422 0.28200
v -0.39388 1.01803 0.23714
v -0.48040 0.97882 0.08621
v -0.39038 0.95360 0.27347
v -0.55857 0.96405 0.27459
v -0.40536 0.92978 0.22570
v -0.47142 0.91525 -0.32214
v -0.46188 0.71953 0.11552
v -0.45802 0.90452 0.06023
v -0.44243 1.13417 -0.40887
v -0.46532 1.16394 -0.46216
v -0.48830 1.18756 -0.57727
v -0.44323 1.08737 -0.05204
v -0.44969 1.09996 -0.01825
v -0.44801 0.97807 -0.01537
v -0.49795 1.40185 -0.23095
v -0.40532 0.95984 0.20738
v -0.45802 0.90452 0.06023
v -0.46947 0.92923 0.09225
v -0.44323 1.08737 -0.05204
v -0.45969 1.11289 -0.05629
v -0.44969 1.09996 -0.01825
v -0.46926 1.01083 -0.34971
v -0.46293 0.94467 0.06479
v -0.42072 0.72842 0.23421
v -0.46247 0.55754 0.22755
v -0.44572 0.71921 0.22295
v -0.48068 0.70790 0.12151
v -0.42072 0.72842 0.23421
v -0.44572 0.71921 0.22295
v -0.47362 1.30425 -0.20833
v -0.42133 1.23205 -0.30259
v -0.48830 1.18756 -0.57727
v -0.47996 1.13152 -0.48364
v -0.46188 0.71953 0.11552
v -0.46926 1.01083 -0.34971
v -0.47207 1.33402 -0.63602
v -0.45701 1.35992 -0.57626
v -0.48830 1.18756 -0.57727
v -0.52753 0.97360 0.31205
v -0.47996 1.13152 -0.48364
v -0.48087 0.90716 -0.02994
v -0.45088 0.72173 0.28810
v -0.46705 0.55364 0.29447
v -0.42072 0.72842 0.23421
v -0.48693 0.91292 -0.30744
v -0.51174 0.91157 -0.30280
v -0.49795 1.40185 -0.23095
v -0.50646 0.56435 0.10540
v -0.48068 0.70790 0.12151
v -0.44572 0.71921 0.22295
v -0.47142 0.91525 -0.32214
v -0.48693 0.91292 -0.30744
v -0.49903 0.88163 -0.41350
v -0.55857 0.96405 0.27459
v -0.48068 0.70790 0.12151
v -0.50569 0.73059 0.10371
v -0.46188 0.71953 0.11552
v -0.45802 0.90452 0.06023
v -0.46293 0.94467 0.06479
v -0.49783 0.93129 0.05254
v -0.49896 1.13375 -0.53990
v -0.49783 0.93129 0.05254
v -0.49699 0.79633 0.09899
v -0.45802 0.90452 0.06023
v -0.46293 0.94467 0.06479
v -0.45802 0.90452 0.06023
v -0.50061 0.82565 0.03186
v -0.53579 1.31359 -0.20621
v -0.50061 0.82565 0.03186
v -0.45802 0.90452 0.06023
v -0.51605 0.82818 0.05444
v -0.48693 0.91292 -0.30744
v -0.56458 0.92449 -0.33839
v -0.49903 0.88163 -0.41350
v -0.47207 1.33402 -0.63602
v -0.50347 1.33953 -0.66463
v -0.49234 1.40807 -0.73061
v -0.50061 0.82565 0.03186
v -0.51174 0.91157 -0.30280
v -0.52666 0.84691 -0.25368
v -0.46947 0.92923 0.09225
v -0.53306 0.94462 0.10356
v -0.48040 0.97882 0.08621
v -0.42377 1.10974 0.04152
v -0.57558 1.15967 0.11422
v -0.44969 1.09996 -0.01825
v -0.45802 0.90452 0.06023
v -0.49699 0.79633 0.09899
v -0.51605 0.82818 0.05444
v -0.47362 1.30425 -0.20833
v -0.47141 1.28936 -0.23278
v -0.53579 1.31359 -0.20621
v -0.59258 1.15021 -0.50293
v -0.47089 1.14553 0.12470
v -0.51535 0.79195 0.06484
v -0.50569 0.73059 0.10371
v -0.50646 0.56435 0.10540
v -0.50469 0.77511 0.02093
v -0.50569 0.73059 0.10371
v -0.59920 1.14134 -0.50953
v -0.42985 1.08737 -0.52110
v -0.49903 0.88163 -0.41350
v -0.47996 1.13152 -0.48364
v -0.59258 1.15021 -0.50293
v -0.49896 1.13375 -0.53990
v -0.53306 0.94462 0.10356
v -0.56871 0.76997 -0.18119
v -0.52666 0.84691 -0.25368
v -0.48087 0.90716 -0.02994
v -0.55898 0.84428 -0.24716
v -0.56941 0.75337 0.08640
v -0.50569 0.73059 0.10371
v -0.50469 0.77511 0.02093
v -0.53579 1.31359 -0.20621
v -0.50061 0.82565 0.03186
v -0.51605 0.82818 0.05444
v -0.53565 0.81809 0.01600
v -0.59920 1.14134 -0.50953
v -0.42072 0.72842 0.23421
v -0.61176 0.74086 0.32037
v -0.45088 0.72173 0.28810
v -0.55898 0.84428 -0.24716
v -0.50469 0.77511 0.02093
v -0.54395 0.69807 -0.06631
v -0.53565 0.81809 0.01600
v -0.51535 0.79195 0.06484
v -0.57649 0.82784 0.05069
v -0.51605 0.82818 0.05444
v -0.56871 0.76997 -0.18119
v -0.47207 1.33402 -0.63602
v -0.48830 1.18756 -0.57727
v -0.66967 1.23121 -0.55643
v -0.48693 0.91292 -0.30744
v -0.51174 0.91157 -0.30280
v -0.56458 0.92449 -0.33839
v -0.53360 0.67488 -0.07665
v -0.50569 0.73059 0.10371
v -0.56941 0.75337 0.08640
v -0.54395 0.69807 -0.06631
v -0.54774 0.78032 -0.07957
v -0.53565 0.81809 0.01600
v -0.55898 0.84428 -0.24716
v -0.64355 0.74720 0.28244
v -0.64355 0.74720 0.28244
v -0.42072 0.72842 0.23421
v -0.65253 0.76804 0.30443
v -0.57649 0.82784 0.05069
v -0.52663 1.03422 0.28200
v -0.56298 0.98249 0.25865
v -0.52753 0.97360 0.31205
v -0.52666 0.84691 -0.25368
v -0.63663 0.96204 0.04730
v -0.59284 0.93045 0.04425
v -0.49783 0.93129 0.05254
v -0.54407 1.16615 0.14580
v -0.54407 1.16615 0.14580
v -0.53316 1.29586 0.06855
v -0.57558 1.15967 0.11422
v -0.57558 0.85183 -0.29443
v -0.56458 0.92449 -0.33839
v -0.55898 0.84428 -0.24716
v -0.58118 0.78579 -0.11549
v -0.54774 0.78032 -0.07957
v -0.58118 0.78579 -0.11549
v -0.53565 0.81809 0.01600
v -0.55857 0.96405 0.27459
v -0.53565 0.81809 0.01600
v -0.58219 0.79533 0.05644
v -0.56124 0.69780 -0.10483
v -0.56847 0.74904 -0.12676
v -0.56847 0.74904 -0.12676
v -0.58932 1.37042 -0.62398
v -0.50347 1.33953 -0.66463
v -0.47207 1.33402 -0.63602
v -0.57649 0.82784 0.05069
v -0.64188 1.38332 -0.61098
v -0.58932 1.37042 -0.62398
v -0.47207 1.33402 -0.63602
v -0.61815 1.00496 0.13773
v -0.57649 0.82784 0.05069
v -0.56941 0.75337 0.08640
v -0.58219 0.79533 0.05644
v -0.49234 1.40807 -0.73061
v -0.70538 1.57402 -0.63730
v -0.48040 0.97882 0.08621
v -0.62452 0.98301 0.12424
v -0.61815 1.00496 0.13773
v -0.59284 0.93045 0.04425
v -0.55898 0.84428 -0.24716
v -0.56871 0.76997 -0.18119
v -0.78793 0.82372 -0.12433
v -0.62452 0.98301 0.12424
v -0.49234 1.40807 -0.73061
v -0.50347 1.33953 -0.66463
v -0.75856 1.41057 -0.63888
v -0.62910 0.94111 0.14104
v -0.46293 0.94467 0.06479
v -0.69300 1.01104 0.12055
v -0.49783 0.93129 0.05254
v -0.63307 0.57459 0.33306
v -0.45088 0.72173 0.28810
v -0.61176 0.74086 0.32037
v -0.55857 0.96405 0.27459
v -0.56298 0.98249 0.25865
v -0.63332 0.97533 0.29056
v -0.64803 0.75993 -0.10301
v -0.58118 0.78579 -0.11549
v -0.56847 0.74904 -0.12676
v -0.65952 1.14301 0.03801
v -0.64188 1.38332 -0.61098
v -0.57558 0.85183 -0.29443
v -0.55898 0.84428 -0.24716
v -0.77521 0.90290 -0.20563
v -0.59780 1.16354 -0.46464
v -0.65638 1.18039 -0.45233
v -0.59258 1.15021 -0.50293
v -0.63332 0.97533 0.29056
v -0.59780 1.16354 -0.46464
v -0.59258 1.15021 -0.50293
v -0.59920 1.14134 -0.50953
v -0.65555 0.92753 -0.40527
v -0.64765 0.93725 0.06677
v -0.49896 1.13375 -0.53990
v -0.59258 1.15021 -0.50293
v -0.56458 0.92449 -0.33839
v -0.57558 0.85183 -0.29443
v -0.63470 0.94834 -0.33241
v -0.75793 1.47010 -0.69821
v -0.65555 0.92753 -0.40527
v -0.44969 1.09996 -0.01825
v -0.65952 1.14301 0.03801
v -0.69300 1.01104 0.12055
v -0.72867 0.81496 -0.08181
v -0.63470 0.94834 -0.33241
v -0.62910 0.94111 0.14104
v -0.74002 1.17352 0.05205
v -0.72867 0.81496 -0.08181
v -0.62910 0.94111 0.14104
v -0.46293 0.94467 0.06479
v -0.65415 1.71001 -0.55144
v -0.62764 1.84432 -0.53257
v -0.56298 0.98249 0.25865
v -0.62910 0.94111 0.14104
v -0.68436 0.91998 0.10274
v -0.61815 1.00496 0.13773
v -0.62452 0.98301 0.12424
v -0.63332 0.97533 0.29056
v -0.63663 0.96204 0.04730
v -0.77521 0.90290 -0.20563
v -0.62530 0.90610 0.05136
v -0.59780 1.16354 -0.46464
v -0.59920 1.14134 -0.50953
v -0.66054 0.95255 -0.36186
v -0.59284 0.93045 0.04425
v -0.62530 0.90610 0.05136
v -0.64765 0.93725 0.06677
v -0.78793 0.82372 -0.12433
v -0.63663 0.96204 0.04730
v -0.64765 0.93725 0.06677
v -0.62530 0.90610 0.05136
v -0.65638 1.18039 -0.45233
v -0.59780 1.16354 -0.46464
v -0.66054 0.95255 -0.36186
v -0.64188 1.38332 -0.61098
v -0.68597 1.38536 -0.62248
v -0.70538 1.57402 -0.63730
v -0.61176 0.74086 0.32037
v -0.64355 0.74720 0.28244
v -0.66035 0.58155 0.29657
v -0.67612 1.18271 0.13752
v -0.62910 0.94111 0.14104
v -0.64765 0.93725 0.06677
v -0.67108 0.89757 0.08546
v -0.65555 0.92753 -0.40527
v -0.68592 0.98029 0.05828
v -0.67108 0.89757 0.08546
v -0.68436 0.91998 0.10274
v -0.62910 0.94111 0.14104
v -0.66054 0.95255 -0.36186
v -0.66035 0.58155 0.29657
v -0.67039 0.76994 0.26817
v -0.72711 0.77940 0.27806
v -0.64355 0.74720 0.28244
v -0.65253 0.76804 0.30443
v -0.67039 0.76994 0.26817
v -0.68597 1.38536 -0.62248
v -0.69890 0.90027 0.08440
v -0.68592 0.98029 0.05828
v -0.67039 0.76994 0.26817
v -0.79451 1.20019 -0.50466
v -0.67108 0.89757 0.08546
v -0.67474 0.78706 0.07307
v -0.67159 0.75893 0.10242
v -0.67112 0.87269 0.06478
v -0.69636 0.77469 0.11612
v -0.63332 0.97533 0.29056
v -0.68436 0.91998 0.10274
v -0.67108 0.89757 0.08546
v -0.67039 0.76994 0.26817
v -0.65253 0.76804 0.30443
v -0.65853 1.48076 -0.20289
v -0.68346 1.39909 -0.18617
v -0.68819 1.37012 -0.16471
v -0.70065 1.11965 -0.05897
v -0.72456 1.04909 -0.03482
v -0.65952 1.14301 0.03801
v -0.71997 0.98657 -0.37510
v -0.74347 1.20437 -0.44977
v -0.62764 1.84432 -0.53257
v -0.74990 1.47880 -0.28960
v -0.64864 1.71678 -0.32436
v -0.74002 1.17352 0.05205
v -0.65853 1.48076 -0.20289
v -0.68652 1.50882 -0.20633
v -0.68346 1.39909 -0.18617
v -0.50347 1.33953 -0.66463
v -0.68597 1.38536 -0.62248
v -0.75856 1.41057 -0.63888
v -0.69994 0.87493 0.05827
v -0.67474 0.78706 0.07307
v -0.67112 0.87269 0.06478
v -0.67159 0.75893 0.10242
v -0.69636 0.77469 0.11612
v -0.67108 0.89757 0.08546
v -0.64803 0.75993 -0.10301
v -0.73279 0.79499 -0.06084
v -0.72867 0.81496 -0.08181
v -0.68819 1.37012 -0.16471
v -0.68346 1.39909 -0.18617
v -0.72293 1.36644 -0.17536
v -0.69994 0.87493 0.05827
v -0.67112 0.87269 0.06478
v -0.69890 0.90027 0.08440
v -0.68436 0.91998 0.10274
v -0.67108 0.89757 0.08546
v -0.72293 1.36644 -0.17536
v -0.64864 1.71678 -0.32436
v -0.74990 1.47880 -0.28960
v -0.69141 1.54209 -0.28623
v -0.73948 1.26338 -0.56038
v -0.73672 1.42302 -0.55844
v -0.70947 0.80848 0.05265
v -0.67159 0.75893 0.10242
v -0.67474 0.78706 0.07307
v -0.70947 0.80848 0.05265
v -0.69300 1.01104 0.12055
v -0.73672 1.42302 -0.55844
v -0.70538 1.57402 -0.63730
v -0.71887 1.41614 -0.56723
v -0.83376 1.27024 -0.47204
v -0.68592 0.98029 0.05828
v -0.75217 0.92777 -0.11356
v -0.69890 0.90027 0.08440
v -0.72499 1.43699 -0.53721
v -0.69994 0.87493 0.05827
v -0.73120 0.83833 -0.03258
v -0.70947 0.80848 0.05265
v -0.71887 1.41614 -0.56723
v -0.70538 1.57402 -0.63730
v -0.75793 1.47010 -0.69821
v -0.69141 1.54209 -0.28623
v -0.73887 1.36907 -0.25458
v -0.68652 1.50882 -0.20633
v -0.72293 1.36644 -0.17536
v -0.74209 1.13446 -0.05033
v -0.70065 1.11965 -0.05897
v -0.73948 1.26338 -0.56038
v -0.71646 1.37645 -0.59619
v -0.68597 1.38536 -0.62248
v -0.77801 0.77565 0.10475
v -0.69636 0.77469 0.11612
v -0.67159 0.75893 0.10242
v -0.73305 1.30278 -0.11748
v -0.75675 0.84506 -0.03921
v -0.69636 0.77469 0.11612
v -0.72711 0.77940 0.27806
v -0.67039 0.76994 0.26817
v -0.77801 0.77565 0.10475
v -0.79003 0.92416 -0.16101
v -0.74347 1.20437 -0.44977
v -0.74921 1.39781 -0.59145
v -0.73887 1.36907 -0.25458
v -0.77801 0.77565 0.10475
v -0.73305 1.30278 -0.11748
v -0.72848 1.22337 -0.08620
v -0.68819 1.37012 -0.16471
v -0.68597 1.38536 -0.62248
v -0.74921 1.39781 -0.59145
v -0.71887 1.41614 -0.56723
v -0.69994 0.87493 0.05827
v -0.69890 0.90027 0.08440
v -0.73120 0.83833 -0.03258
v -0.72499 1.43699 -0.53721
v -0.73279 0.79499 -0.06084
v -0.80219 0.99266 -0.28592
v -0.72848 1.22337 -0.08620
v -0.70947 0.80848 0.05265
v -0.73279 0.79499 -0.06084
v -0.74557 0.78001 0.02048
v -0.76180 0.80889 0.05745
v -0.73120 0.83833 -0.03258
v -0.69890 0.90027 0.08440
v -0.75675 0.84506 -0.03921
v -0.73672 1.42302 -0.55844
v -0.72867 0.81496 -0.08181
v -0.75217 0.92777 -0.11356
v -0.73780 1.41925 -0.52042
v -0.72456 1.04909 -0.03482
v -0.70065 1.11965 -0.05897
v -0.74209 1.13446 -0.05033
v -0.77545 1.11600 -0.04100
v -0.71887 1.41614 -0.56723
v -0.79451 1.20019 -0.50466
v -0.83376 1.27024 -0.47204
v -0.72499 1.43699 -0.53721
v -0.73780 1.41925 -0.52042
v -0.74209 1.13446 -0.05033
v -0.74921 1.39781 -0.59145
v -0.71997 0.98657 -0.37510
v -0.66054 0.95255 -0.36186
v -0.77107 0.98944 -0.35066
v -0.77537 1.06228 -0.37435
v -0.79451 1.20019 -0.50466
v -0.83376 1.27024 -0.47204
v -0.73305 1.30278 -0.11748
v -0.77545 1.11600 -0.04100
v -0.77696 1.01345 -0.19564
v -0.72456 1.04909 -0.03482
v -0.77469 1.06630 -0.02078
v -0.75793 1.47010 -0.69821
v -0.79451 1.20019 -0.50466
v -0.78558 1.24495 -0.48984
v -0.77303 0.99584 -0.36862
v -0.79003 0.92416 -0.16101
v -0.77696 1.01345 -0.19564
v -0.75856 1.41057 -0.63888
v -0.77331 0.78348 -0.07950
v -0.63470 0.94834 -0.33241
v -0.85825 0.99602 -0.32563
v -0.66054 0.95255 -0.36186
v -0.81295 1.04040 -0.12868
v -0.78558 1.24495 -0.48984
v -0.83376 1.27024 -0.47204
v -0.73780 1.41925 -0.52042
v -0.74347 1.20437 -0.44977
v -0.77537 1.06228 -0.37435
v -0.74664 1.21388 -0.43607
v -0.77469 1.06630 -0.02078
v -0.81623 0.90953 -0.24242
v -0.74557 0.78001 0.02048
v -0.76180 0.80889 0.05745
v -0.70947 0.80848 0.05265
v -0.77303 0.99584 -0.36862
v -0.76888 1.27901 -0.24664
v -0.78793 0.82372 -0.12433
v -0.74664 1.21388 -0.43607
v -0.78149 1.23524 -0.44066
v -0.81623 0.90953 -0.24242
v -0.85825 0.99602 -0.32563
v -0.77521 0.90290 -0.20563
v -0.81757 1.19496 -0.40935
v -0.81533 1.29002 -0.25059
v -0.76888 1.27901 -0.24664
v -0.78149 1.23524 -0.44066
v -0.78149 1.23524 -0.44066
v -0.80267 1.25670 -0.42200
v -0.78558 1.24495 -0.48984
v -0.80219 0.99266 -0.28592
v -0.80267 1.25670 -0.42200
v -0.77303 0.99584 -0.36862
v -0.77107 0.98944 -0.35066
v -0.77537 1.06228 -0.37435
v -0.81295 1.04040 -0.12868
v -0.77469 1.06630 -0.02078
v -0.74664 1.21388 -0.43607
v -0.81757 1.19496 -0.40935
v -0.78149 1.23524 -0.44066
v -0.80219 0.99266 -0.28592
v -0.81623 0.90953 -0.24242
v -0.81757 1.19496 -0.40935
v -0.80267 1.25670 -0.42200
v -0.78149 1.23524 -0.44066
v -0.81533 1.29002 -0.25059
v -0.77537 1.06228 -0.37435
v -0.81533 1.29002 -0.25059
v -0.76888 1.27901 -0.24664
v -0.83376 1.27024 -0.47204
v -0.85825 0.99602 -0.32563
v -0.54774 0.78032 -0.07957
v -0.46247 0.55754 0.22755
v -0.50646 0.56435 0.10540
v -0.44572 0.71921 0.22295
v -0.46247 0.55754 0.22755
v -0.42072 0.72842 0.23421
v -0.48517 0.55929 0.23714
v -0.48517 0.55929 0.23714
v -0.42072 0.72842 0.23421
v -0.46705 0.55364 0.29447
v -0.63307 0.57459 0.33306
v -0.46705 0.55364 0.29447
v -0.45088 0.72173 0.28810
v -0.50786 0.55019 0.14361
v -0.46247 0.55754 0.22755
v -0.48517 0.55929 0.23714
v -0.46247 0.55754 0.22755
v -0.50786 0.55019 0.14361
v -0.50646 0.56435 0.10540
v -0.50646 0.56435 0.10540
v -0.50569 0.73059 0.10371
v -0.48068 0.70790 0.12151
v -0.49632 0.11058 -0.67200
v -0.52163 0.26043 -0.72680
v -0.50055 0.30773 -0.66091
v -0.49533 0.50449 0.21548
v -0.48517 0.55929 0.23714
v -0.48905 0.31285 -0.56488
v -0.49919 0.36793 -0.53683
v -0.49172 0.26256 -0.55352
v -0.49172 0.26256 -0.55352
v -0.51500 0.25204 -0.54004
v -0.53220 0.23975 -0.55393
v -0.48905 0.31285 -0.56488
v -0.53772 0.31451 -0.58320
v -0.49919 0.36793 -0.53683
v -0.51832 0.68983 0.11176
v -0.50569 0.73059 0.10371
v -0.50646 0.56435 0.10540
v -0.53220 0.23975 -0.55393
v -0.48905 0.31285 -0.56488
v -0.49172 0.26256 -0.55352
v -0.53772 0.31451 -0.58320
v -0.51295 0.30762 -0.68324
v -0.52474 0.50486 0.11007
v -0.53057 0.37121 -0.45696
v -0.49632 0.11058 -0.67200
v -0.52441 0.16001 -0.61792
v -0.51351 0.11104 -0.62339
v -0.50055 0.30773 -0.66091
v -0.49632 0.11058 -0.67200
v -0.51351 0.11104 -0.62339
v -0.52245 0.11097 -0.72203
v -0.52245 0.11097 -0.72203
v -0.49919 0.36793 -0.53683
v -0.65216 0.36751 -0.56623
v -0.53057 0.37121 -0.45696
v -0.50055 0.30773 -0.66091
v -0.51784 0.16230 -0.59796
v -0.52441 0.16001 -0.61792
v -0.50055 0.30773 -0.66091
v -0.52803 0.23687 -0.57392
v -0.51784 0.16230 -0.59796
v -0.53220 0.23975 -0.55393
v -0.53772 0.31451 -0.58320
v -0.50469 0.77511 0.02093
v -0.54632 0.56133 -0.01915
v -0.53360 0.67488 -0.07665
v -0.51295 0.30762 -0.68324
v -0.53772 0.31451 -0.58320
v -0.50055 0.30773 -0.66091
v -0.51500 0.25204 -0.54004
v -0.52223 0.16668 -0.52999
v -0.53220 0.23975 -0.55393
v -0.54318 0.35192 -0.43629
v -0.50646 0.56435 0.10540
v -0.51500 0.25204 -0.54004
v -0.54691 0.23257 -0.45539
v -0.52223 0.16668 -0.52999
v -0.54756 0.17089 -0.46206
v -0.52245 0.11097 -0.72203
v -0.61327 0.25814 -0.73631
v -0.52163 0.26043 -0.72680
v -0.51351 0.11104 -0.62339
v -0.52441 0.16001 -0.61792
v -0.61690 0.10680 -0.66597
v -0.54632 0.56133 -0.01915
v -0.54691 0.23257 -0.45539
v -0.61690 0.10680 -0.66597
v -0.61913 0.16330 -0.66304
v -0.54691 0.23257 -0.45539
v -0.53360 0.67488 -0.07665
v -0.56124 0.69780 -0.10483
v -0.54395 0.69807 -0.06631
v -0.57388 0.49857 -0.04957
v -0.54395 0.69807 -0.06631
v -0.56124 0.69780 -0.10483
v -0.54774 0.78032 -0.07957
v -0.51295 0.30762 -0.68324
v -0.52163 0.26043 -0.72680
v -0.61327 0.25814 -0.73631
v -0.54632 0.56133 -0.01915
v -0.56124 0.69780 -0.10483
v -0.53360 0.67488 -0.07665
v -0.61004 0.30114 -0.70737
v -0.52441 0.16001 -0.61792
v -0.62506 0.17051 -0.61076
v -0.61913 0.16330 -0.66304
v -0.59031 0.48314 -0.11582
v -0.58611 0.58378 -0.20742
v -0.56124 0.69780 -0.10483
v -0.69003 0.57605 0.27501
v -0.49533 0.50449 0.21548
v -0.48517 0.55929 0.23714
v -0.56330 0.37608 -0.39224
v -0.61693 0.25160 -0.19701
v -0.51784 0.16230 -0.59796
v -0.62506 0.17051 -0.61076
v -0.51784 0.16230 -0.59796
v -0.52803 0.23687 -0.57392
v -0.62588 0.22838 -0.59661
v -0.57388 0.49857 -0.04957
v -0.61271 0.51248 -0.07755
v -0.59031 0.48314 -0.11582
v -0.65213 0.17308 -0.57032
v -0.59889 0.22610 -0.56025
v -0.66669 0.17147 -0.49430
v -0.54756 0.17089 -0.46206
v -0.54691 0.23257 -0.45539
v -0.52803 0.23687 -0.57392
v -0.53220 0.23975 -0.55393
v -0.59889 0.22610 -0.56025
v -0.59386 0.39051 -0.28837
v -0.62229 0.30916 -0.60035
v -0.62588 0.22838 -0.59661
v -0.68056 0.34753 -0.44315
v -0.54318 0.35192 -0.43629
v -0.56330 0.37608 -0.39224
v -0.58962 0.38535 -0.37064
v -0.59386 0.39051 -0.28837
v -0.48517 0.55929 0.23714
v -0.46705 0.55364 0.29447
v -0.63307 0.57459 0.33306
v -0.54691 0.23257 -0.45539
v -0.63077 0.23934 -0.24982
v -0.61811 0.22786 -0.38432
v -0.62229 0.30916 -0.60035
v -0.57388 0.49857 -0.04957
v -0.60689 0.49765 -0.00853
v -0.61271 0.51248 -0.07755
v -0.61004 0.30114 -0.70737
v -0.54318 0.35192 -0.43629
v -0.68615 0.36109 -0.41436
v -0.56330 0.37608 -0.39224
v -0.52474 0.50486 0.11007
v -0.58611 0.58378 -0.20742
v -0.65596 0.71756 -0.08777
v -0.56124 0.69780 -0.10483
v -0.59386 0.39051 -0.28837
v -0.58962 0.38535 -0.37064
v -0.59837 0.42259 -0.36672
v -0.59031 0.48314 -0.11582
v -0.61271 0.51248 -0.07755
v -0.62458 0.48579 -0.11356
v -0.61358 0.38571 -0.19662
v -0.69003 0.57605 0.27501
v -0.62046 0.10714 -0.73010
v -0.52223 0.16668 -0.52999
v -0.54756 0.17089 -0.46206
v -0.66669 0.17147 -0.49430
v -0.61693 0.25160 -0.19701
v -0.59031 0.48314 -0.11582
v -0.63234 0.57707 -0.20776
v -0.58611 0.58378 -0.20742
v -0.59899 0.05005 0.31073
v -0.61582 0.25643 0.24759
v -0.59852 0.18032 0.31189
v -0.65596 0.71756 -0.08777
v -0.56847 0.74904 -0.12676
v -0.56124 0.69780 -0.10483
v -0.61796 0.43635 -0.25259
v -0.61358 0.38571 -0.19662
v -0.63511 0.04631 0.17803
v -0.61595 0.58363 -0.27584
v -0.63299 0.46257 -0.14327
v -0.60091 0.44513 -0.14260
v -0.65213 0.17308 -0.57032
v -0.70028 0.50948 0.04037
v -0.59899 0.05005 0.31073
v -0.70591 0.04670 0.32972
v -0.63511 0.04631 0.17803
v -0.60091 0.44513 -0.14260
v -0.62046 0.10714 -0.73010
v -0.66347 0.22442 -0.48167
v -0.68056 0.34753 -0.44315
v -0.59837 0.42259 -0.36672
v -0.58962 0.38535 -0.37064
v -0.66541 0.42486 -0.35588
v -0.63272 0.36358 -0.17567
v -0.62458 0.48579 -0.11356
v -0.61811 0.22786 -0.38432
v -0.63077 0.23934 -0.24982
v -0.61922 0.17448 -0.38194
v -0.61595 0.58363 -0.27584
v -0.63172 0.11384 0.17313
v -0.63053 0.17279 -0.26012
v -0.59837 0.42259 -0.36672
v -0.66541 0.42486 -0.35588
v -0.61796 0.43635 -0.25259
v -0.63949 0.26662 -0.18328
v -0.59852 0.18032 0.31189
v -0.61582 0.25643 0.24759
v -0.69016 0.22715 0.28122
v -0.65216 0.36751 -0.56623
v -0.59852 0.18032 0.31189
v -0.69354 0.17978 0.33313
v -0.59899 0.05005 0.31073
v -0.64803 0.75993 -0.10301
v -0.61271 0.51248 -0.07755
v -0.60689 0.49765 -0.00853
v -0.62458 0.48579 -0.11356
v -0.63299 0.46257 -0.14327
v -0.61913 0.16330 -0.66304
v -0.61004 0.30114 -0.70737
v -0.61327 0.25814 -0.73631
v -0.67135 0.38309 -0.36030
v -0.61830 0.10545 0.12232
v -0.64119 0.10696 0.03924
v -0.61524 0.25290 0.13082
v -0.62046 0.10714 -0.73010
v -0.61524 0.25290 0.13082
v -0.63501 0.26213 0.13413
v -0.61830 0.10545 0.12232
v -0.62229 0.30916 -0.60035
v -0.67135 0.38309 -0.36030
v -0.58962 0.38535 -0.37064
v -0.63299 0.46257 -0.14327
v -0.61358 0.38571 -0.19662
v -0.60091 0.44513 -0.14260
v -0.64185 0.37926 -0.11846
v -0.63501 0.26213 0.13413
v -0.61176 0.74086 0.32037
v -0.66035 0.58155 0.29657
v -0.63307 0.57459 0.33306
v -0.49533 0.50449 0.21548
v -0.69235 0.52801 0.27331
v -0.61690 0.10680 -0.66597
v -0.63272 0.36358 -0.17567
v -0.64185 0.37926 -0.11846
v -0.61931 0.36870 -0.01946
v -0.63149 0.32942 0.12174
v -0.69333 0.23320 -0.36669
v -0.66347 0.22442 -0.48167
v -0.62451 0.27302 -0.02016
v -0.63272 0.36358 -0.17567
v -0.61931 0.36870 -0.01946
v -0.65029 0.24099 -0.57371
v -0.62229 0.30916 -0.60035
v -0.62588 0.22838 -0.59661
v -0.62588 0.22838 -0.59661
v -0.62506 0.17051 -0.61076
v -0.63526 0.12602 0.14014
v -0.61830 0.10545 0.12232
v -0.63501 0.26213 0.13413
v -0.59889 0.22610 -0.56025
v -0.65029 0.24099 -0.57371
v -0.62588 0.22838 -0.59661
v -0.66342 0.36764 -0.48225
v -0.63234 0.57707 -0.20776
v -0.63526 0.12602 0.14014
v -0.62451 0.27302 -0.02016
v -0.66471 0.33587 -0.00065
v -0.63765 0.27957 -0.01213
v -0.64779 0.14340 0.03286
v -0.63949 0.26662 -0.18328
v -0.61595 0.58363 -0.27584
v -0.65418 0.29035 0.00608
v -0.63149 0.32942 0.12174
v -0.61524 0.25290 0.13082
v -0.65029 0.24099 -0.57371
v -0.63765 0.27957 -0.01213
v -0.65869 0.26473 -0.09256
v -0.62451 0.27302 -0.02016
v -0.61931 0.36870 -0.01946
v -0.65292 0.45673 -0.36475
v -0.63765 0.27957 -0.01213
v -0.61922 0.17448 -0.38194
v -0.69333 0.23320 -0.36669
v -0.61811 0.22786 -0.38432
v -0.66195 0.17014 -0.05204
v -0.63949 0.26662 -0.18328
v -0.62451 0.27302 -0.02016
v -0.65869 0.26473 -0.09256
v -0.63234 0.57707 -0.20776
v -0.66541 0.42486 -0.35588
v -0.69354 0.17978 0.33313
v -0.68858 0.23958 -0.24171
v -0.71175 0.39912 -0.05233
v -0.64185 0.37926 -0.11846
v -0.70028 0.50948 0.04037
v -0.61524 0.25290 0.13082
v -0.63765 0.27957 -0.01213
v -0.65418 0.29035 0.00608
v -0.65869 0.26473 -0.09256
v -0.62229 0.30916 -0.60035
v -0.66369 0.26240 -0.58768
v -0.65216 0.36751 -0.56623
v -0.66471 0.33587 -0.00065
v -0.65418 0.29035 0.00608
v -0.63949 0.26662 -0.18328
v -0.62229 0.30916 -0.60035
v -0.65029 0.24099 -0.57371
v -0.66369 0.26240 -0.58768
v -0.66914 0.14887 -0.04207
v -0.71771 0.25568 0.27272
v -0.65029 0.24099 -0.57371
v -0.65213 0.17308 -0.57032
v -0.66347 0.22442 -0.48167
v -0.71771 0.25568 0.27272
v -0.61582 0.25643 0.24759
v -0.63501 0.26213 0.13413
v -0.68858 0.23958 -0.24171
v -0.63053 0.17279 -0.26012
v -0.63077 0.23934 -0.24982
v -0.68858 0.23958 -0.24171
v -0.60689 0.49765 -0.00853
v -0.64779 0.14340 0.03286
v -0.64119 0.10696 0.03924
v -0.78214 0.11075 0.08110
v -0.65029 0.24099 -0.57371
v -0.66347 0.22442 -0.48167
v -0.66369 0.26240 -0.58768
v -0.63307 0.57459 0.33306
v -0.66035 0.58155 0.29657
v -0.69003 0.57605 0.27501
v -0.66369 0.26240 -0.58768
v -0.66347 0.22442 -0.48167
v -0.65216 0.36751 -0.56623
v -0.73991 0.32874 0.15466
v -0.63149 0.32942 0.12174
v -0.66471 0.33587 -0.00065
v -0.66669 0.17147 -0.49430
v -0.66342 0.36764 -0.48225
v -0.69308 0.18129 -0.23882
v -0.76576 0.17869 -0.33122
v -0.63053 0.17279 -0.26012
v -0.69308 0.18129 -0.23882
v -0.76576 0.17869 -0.33122
v -0.66195 0.17014 -0.05204
v -0.66914 0.14887 -0.04207
v -0.79589 0.16840 -0.01240
v -0.72680 0.52339 0.16811
v -0.68056 0.34753 -0.44315
v -0.68615 0.36109 -0.41436
v -0.66541 0.42486 -0.35588
v -0.67135 0.38309 -0.36030
v -0.72867 0.04445 0.20737
v -0.61830 0.10545 0.12232
v -0.63526 0.12602 0.14014
v -0.76529 0.11077 0.15879
v -0.61922 0.17448 -0.38194
v -0.69308 0.18129 -0.23882
v -0.68858 0.23958 -0.24171
v -0.71175 0.39912 -0.05233
v -0.77545 0.14710 0.07129
v -0.69235 0.52801 0.27331
v -0.63234 0.57707 -0.20776
v -0.61595 0.58363 -0.27584
v -0.79671 0.56391 -0.19662
v -0.69920 0.38080 -0.44318
v -0.66195 0.17014 -0.05204
v -0.63526 0.12602 0.14014
v -0.63172 0.11384 0.17313
v -0.76529 0.11077 0.15879
v -0.61830 0.10545 0.12232
v -0.76529 0.11077 0.15879
v -0.64119 0.10696 0.03924
v -0.68615 0.36109 -0.41436
v -0.70328 0.23748 -0.38405
v -0.70328 0.23748 -0.38405
v -0.76273 0.25575 0.15473
v -0.70591 0.04670 0.32972
v -0.63511 0.04631 0.17803
v -0.72867 0.04445 0.20737
v -0.63172 0.11384 0.17313
v -0.73560 0.11253 0.21023
v -0.66035 0.58155 0.29657
v -0.72798 0.58983 0.30858
v -0.69003 0.57605 0.27501
v -0.77637 0.71880 -0.05207
v -0.68615 0.36109 -0.41436
v -0.71634 0.35977 -0.44851
v -0.69920 0.38080 -0.44318
v -0.64779 0.14340 0.03286
v -0.77545 0.14710 0.07129
v -0.79371 0.14981 -0.00602
v -0.79371 0.14981 -0.00602
v -0.79393 0.58637 -0.17674
v -0.82247 0.60291 -0.16167
v -0.69016 0.22715 0.28122
v -0.70829 0.20746 0.28358
v -0.69354 0.17978 0.33313
v -0.73458 0.56708 0.13166
v -0.77637 0.71880 -0.05207
v -0.70829 0.20746 0.28358
v -0.79671 0.56391 -0.19662
v -0.70328 0.23748 -0.38405
v -0.73991 0.32874 0.15466
v -0.76273 0.25575 0.15473
v -0.78214 0.11075 0.08110
v -0.76888 0.33043 0.03068
v -0.78841 0.39973 -0.03066
v -0.84251 0.58588 -0.22193
v -0.70591 0.04670 0.32972
v -0.69354 0.17978 0.33313
v -0.70829 0.20746 0.28358
v -0.69003 0.57605 0.27501
v -0.72680 0.52339 0.16811
v -0.69235 0.52801 0.27331
v -0.73458 0.56708 0.13166
v -0.66035 0.58155 0.29657
v -0.72711 0.77940 0.27806
v -0.72798 0.58983 0.30858
v -0.78637 0.24336 -0.33035
v -0.76888 0.33043 0.03068
v -0.70591 0.04670 0.32972
v -0.66914 0.14887 -0.04207
v -0.70328 0.23748 -0.38405
v -0.71395 0.17564 -0.39896
v -0.73836 0.26337 -0.54382
v -0.76267 0.53476 0.05419
v -0.78706 0.56846 0.10952
v -0.70591 0.04670 0.32972
v -0.73560 0.11253 0.21023
v -0.72867 0.04445 0.20737
v -0.73560 0.11253 0.21023
v -0.76273 0.25575 0.15473
v -0.76529 0.11077 0.15879
v -0.71634 0.35977 -0.44851
v -0.71771 0.25568 0.27272
v -0.73718 0.36305 -0.53967
v -0.79706 0.38172 0.02372
v -0.75206 0.17532 -0.53478
v -0.76267 0.53476 0.05419
v -0.79706 0.38172 0.02372
v -0.76267 0.53476 0.05419
v -0.73279 0.79499 -0.06084
v -0.64803 0.75993 -0.10301
v -0.77331 0.78348 -0.07950
v -0.83097 0.18105 -0.11597
v -0.73836 0.26337 -0.54382
v -0.75971 0.32756 -0.54291
v -0.73718 0.36305 -0.53967
v -0.61595 0.58363 -0.27584
v -0.65292 0.45673 -0.36475
v -0.87268 0.46651 -0.31551
v -0.76273 0.25575 0.15473
v -0.73991 0.32874 0.15466
v -0.77287 0.28969 0.03471
v -0.76888 0.33043 0.03068
v -0.78637 0.24336 -0.33035
v -0.75989 0.55849 0.02575
v -0.79312 0.49553 -0.05629
v -0.76267 0.53476 0.05419
v -0.72711 0.77940 0.27806
v -0.78706 0.56846 0.10952
v -0.72798 0.58983 0.30858
v -0.73836 0.26337 -0.54382
v -0.77734 0.23198 -0.59318
v -0.75971 0.32756 -0.54291
v -0.70328 0.23748 -0.38405
v -0.87641 0.23675 -0.34582
v -0.71395 0.17564 -0.39896
v -0.66541 0.42486 -0.35588
v -0.86488 0.44514 -0.31203
v -0.65292 0.45673 -0.36475
v -0.76267 0.53476 0.05419
v -0.77331 0.78348 -0.07950
v -0.77637 0.71880 -0.05207
v -0.74557 0.78001 0.02048
v -0.77331 0.78348 -0.07950
v -0.77287 0.28969 0.03471
v -0.78759 0.27536 0.04716
v -0.76273 0.25575 0.15473
v -0.75971 0.32756 -0.54291
v -0.77734 0.23198 -0.59318
v -0.78006 0.35086 -0.61875
v -0.75989 0.55849 0.02575
v -0.76267 0.53476 0.05419
v -0.80340 0.54407 0.05853
v -0.78214 0.11075 0.08110
v -0.78841 0.39973 -0.03066
v -0.73836 0.26337 -0.54382
v -0.80553 0.23893 -0.52191
v -0.77734 0.23198 -0.59318
v -0.78133 0.29399 -0.73186
v -0.77900 0.16356 -0.60061
v -0.78378 0.23970 -0.68088
v -0.79589 0.16840 -0.01240
v -0.87641 0.23675 -0.34582
v -0.75989 0.55849 0.02575
v -0.78749 0.56433 0.02836
v -0.79312 0.49553 -0.05629
v -0.74557 0.78001 0.02048
v -0.80744 0.70232 -0.02838
v -0.76180 0.80889 0.05745
v -0.77801 0.77565 0.10475
v -0.78759 0.27536 0.04716
v -0.78841 0.39973 -0.03066
v -0.78840 0.15034 -0.70382
v -0.71395 0.17564 -0.39896
v -0.87909 0.18031 -0.35619
v -0.91231 0.17763 -0.47738
v -0.80109 0.15023 -0.79622
v -0.78759 0.27536 0.04716
v -0.79246 0.35021 -0.70560
v -0.76180 0.80889 0.05745
v -0.80744 0.70232 -0.02838
v -0.80340 0.54407 0.05853
v -0.78749 0.56433 0.02836
v -0.73836 0.26337 -0.54382
v -0.75206 0.17532 -0.53478
v -0.80553 0.23893 -0.52191
v -0.78759 0.27536 0.04716
v -0.79589 0.16840 -0.01240
v -0.77545 0.14710 0.07129
v -0.79471 0.29032 -0.80688
v -0.78967 0.63235 -0.00189
v -0.77637 0.71880 -0.05207
v -0.78749 0.56433 0.02836
v -0.77287 0.28969 0.03471
v -0.76888 0.33043 0.03068
v -0.78759 0.27536 0.04716
v -0.78759 0.27536 0.04716
v -0.77637 0.71880 -0.05207
v -0.80340 0.54407 0.05853
v -0.81598 0.49833 -0.06296
v -0.83097 0.18105 -0.11597
v -0.79371 0.14981 -0.00602
v -0.79393 0.58637 -0.17674
v -0.79671 0.56391 -0.19662
v -0.66541 0.42486 -0.35588
v -0.69920 0.38080 -0.44318
v -0.89622 0.39165 -0.40500
v -0.80744 0.70232 -0.02838
v -0.80216 0.47501 -0.08931
v -0.71634 0.35977 -0.44851
v -0.73718 0.36305 -0.53967
v -0.89212 0.36546 -0.41338
v -0.80340 0.54407 0.05853
v -0.77734 0.23198 -0.59318
v -0.91273 0.17375 -0.56022
v -0.77900 0.16356 -0.60061
v -0.78749 0.56433 0.02836
v -0.77637 0.71880 -0.05207
v -0.82247 0.60291 -0.16167
v -0.77900 0.16356 -0.60061
v -0.95177 0.15403 -0.66245
v -0.78840 0.15034 -0.70382
v -0.81822 0.28739 -0.80896
v -0.79471 0.29032 -0.80688
v -0.80109 0.15023 -0.79622
v -0.75971 0.32756 -0.54291
v -0.78006 0.35086 -0.61875
v -0.91433 0.34976 -0.57573
v -0.79393 0.58637 -0.17674
v -0.79312 0.49553 -0.05629
v -0.82247 0.60291 -0.16167
v -0.79706 0.38172 0.02372
v -0.82417 0.39635 -0.13074
v -0.90088 0.33236 -0.51463
v -0.71634 0.35977 -0.44851
v -0.89622 0.39165 -0.40500
v -0.69920 0.38080 -0.44318
v -0.96522 0.18364 -0.22877
v -0.82380 0.15970 -0.81764
v -0.81822 0.28739 -0.80896
v -0.80109 0.15023 -0.79622
v -0.80216 0.47501 -0.08931
v -0.82483 0.47379 -0.09189
v -0.78841 0.39973 -0.03066
v -0.82417 0.39635 -0.13074
v -0.79706 0.38172 0.02372
v -0.79312 0.49553 -0.05629
v -0.81598 0.49833 -0.06296
v -0.82247 0.60291 -0.16167
v -0.81598 0.49833 -0.06296
v -0.87909 0.18031 -0.35619
v -0.97652 0.24537 -0.23057
v -0.87268 0.46651 -0.31551
v -0.83185 0.35169 -0.10210
v -0.75206 0.17532 -0.53478
v -0.77734 0.23198 -0.59318
v -0.90313 0.24884 -0.50310
v -0.91773 0.25281 -0.55334
v -0.79471 0.29032 -0.80688
v -0.81822 0.28739 -0.80896
v -0.78133 0.29399 -0.73186
v -0.89212 0.36546 -0.41338
v -0.82483 0.47379 -0.09189
v -0.86255 0.41742 -0.13502
v -0.82417 0.39635 -0.13074
v -0.80216 0.47501 -0.08931
v -0.82417 0.39635 -0.13074
v -0.95282 0.29356 -0.77248
v -0.81822 0.28739 -0.80896
v -0.82380 0.15970 -0.81764
v -0.85061 0.15913 -0.94616
v -0.80553 0.23893 -0.52191
v -0.84984 0.18341 -0.10919
v -0.83097 0.18105 -0.11597
v -0.83185 0.35169 -0.10210
v -0.87847 0.42398 -0.28737
v -0.86255 0.41742 -0.13502
v -0.82483 0.47379 -0.09189
v -0.84124 0.29444 -0.91683
v -0.97323 0.29855 -0.91321
v -0.83185 0.35169 -0.10210
v -0.82417 0.39635 -0.13074
v -0.87197 0.35901 -0.12888
v -0.84251 0.58588 -0.22193
v -0.84124 0.29444 -0.91683
v -0.90088 0.33236 -0.51463
v -0.86488 0.44514 -0.31203
v -0.88619 0.21050 -1.01109
v -0.91773 0.25281 -0.55334
v -0.87641 0.23675 -0.34582
v -0.78637 0.24336 -0.33035
v -0.88822 0.24333 -0.34327
v -0.84251 0.58588 -0.22193
v -0.84984 0.18341 -0.10919
v -0.83185 0.35169 -0.10210
v -0.87197 0.35901 -0.12888
v -0.87847 0.42398 -0.28737
v -0.91007 0.43062 -0.26892
v -0.86255 0.41742 -0.13502
v -0.84984 0.18341 -0.10919
v -0.97652 0.24537 -0.23057
v -0.88822 0.24333 -0.34327
v -0.78637 0.24336 -0.33035
v -0.78133 0.29399 -0.73186
v -0.93907 0.35414 -0.67029
v -0.79246 0.35021 -0.70560
v -0.90491 0.37074 -0.49258
v -0.90313 0.24884 -0.50310
v -0.82417 0.39635 -0.13074
v -0.86255 0.41742 -0.13502
v -0.87197 0.35901 -0.12888
v -0.95626 0.15777 -0.78372
v -0.82380 0.15970 -0.81764
v -0.80109 0.15023 -0.79622
v -0.88619 0.21050 -1.01109
v -0.98303 0.20669 -0.99525
v -0.97323 0.29855 -0.91321
v -0.86618 0.06814 -0.93656
v -0.88777 0.06853 -1.00702
v -0.96522 0.18364 -0.22877
v -0.88164 0.37297 -0.29433
v -0.87847 0.42398 -0.28737
v -0.86488 0.44514 -0.31203
v -0.88164 0.37297 -0.29433
v -0.86488 0.44514 -0.31203
v -0.89622 0.39165 -0.40500
v -0.86488 0.44514 -0.31203
v -0.87847 0.42398 -0.28737
v -0.87268 0.46651 -0.31551
v -0.97107 0.15495 -0.90585
v -0.93907 0.35414 -0.67029
v -0.87268 0.46651 -0.31551
v -0.79246 0.35021 -0.70560
v -0.90491 0.37074 -0.49258
v -0.86255 0.41742 -0.13502
v -0.91007 0.43062 -0.26892
v -0.87197 0.35901 -0.12888
v -0.89599 0.35594 -0.36399
v -0.87641 0.23675 -0.34582
v -0.91231 0.17763 -0.47738
v -0.87909 0.18031 -0.35619
v -0.97652 0.24537 -0.23057
v -0.96131 0.29908 -0.71118
v -0.88822 0.24333 -0.34327
v -0.89212 0.36546 -0.41338
v -0.88164 0.37297 -0.29433
v -0.93568 0.36582 -0.38373
v -0.92398 0.37684 -0.26499
v -0.91231 0.17763 -0.47738
v -0.90491 0.37074 -0.49258
v -1.05343 0.38059 -0.31005
v -0.87641 0.23675 -0.34582
v -0.88822 0.24333 -0.34327
v -0.91231 0.17763 -0.47738
v -0.91273 0.17375 -0.56022
v -0.88619 0.21050 -1.01109
v -0.88777 0.06853 -1.00702
v -0.98303 0.20669 -0.99525
v -0.92398 0.37684 -0.26499
v -0.89599 0.35594 -0.36399
v -0.85061 0.15913 -0.94616
v -0.97107 0.15495 -0.90585
v -0.86618 0.06814 -0.93656
v -0.88164 0.37297 -0.29433
v -0.91007 0.43062 -0.26892
v -0.87847 0.42398 -0.28737
v -0.87197 0.35901 -0.12888
v -1.05343 0.38059 -0.31005
v -0.93568 0.36582 -0.38373
v -0.89599 0.35594 -0.36399
v -0.88822 0.24333 -0.34327
v -0.85061 0.15913 -0.94616
v -0.90313 0.24884 -0.50310
v -0.91231 0.17763 -0.47738
v -0.90088 0.33236 -0.51463
v -0.90088 0.33236 -0.51463
v -0.91433 0.34976 -0.57573
v -0.90313 0.24884 -0.50310
v -0.91773 0.25281 -0.55334
v -0.97786 0.15755 -0.76519
v -0.96131 0.29908 -0.71118
v -0.92398 0.37684 -0.26499
v -0.91273 0.17375 -0.56022
v -0.95177 0.15403 -0.66245
v -0.97107 0.06925 -0.90506
v -0.92823 0.23814 -0.36279
v -0.92823 0.23814 -0.36279
v -0.86618 0.06814 -0.93656
v -0.99069 0.06871 -0.98606
v -0.88777 0.06853 -1.00702
v -0.84124 0.29444 -0.91683
v -0.94234 0.24846 -0.64182
v -0.92823 0.23814 -0.36279
v -0.98187 0.27324 -0.47922
v -0.93568 0.36582 -0.38373
v -0.97374 0.29479 -0.76493
v -0.93907 0.35414 -0.67029
v -0.98807 0.16561 -0.44650
v -0.92823 0.23814 -0.36279
v -0.93330 0.16883 -0.37098
v -0.96131 0.29908 -0.71118
v -0.98187 0.27324 -0.47922
v -0.92823 0.23814 -0.36279
v -0.98629 0.25611 -0.45377
v -0.97107 0.06925 -0.90506
v -0.95626 0.15777 -0.78372
v -0.97374 0.29479 -0.76493
v -0.95282 0.29356 -0.77248
v -0.98629 0.25611 -0.45377
v -0.96522 0.18364 -0.22877
v -0.97374 0.29479 -0.76493
v -0.99091 0.33210 -0.49248
v -0.99073 0.38047 -0.46673
v -0.97786 0.15755 -0.76519
v -0.99069 0.06871 -0.98606
v -0.99073 0.38047 -0.46673
v -1.04353 0.17717 -0.29531
v -0.98807 0.16561 -0.44650
v -0.93330 0.16883 -0.37098
v -0.97786 0.15755 -0.76519
v -0.97107 0.15495 -0.90585
v -0.95626 0.15777 -0.78372
v -0.99031 0.16520 -0.92817
v -0.97107 0.15495 -0.90585
v -0.99031 0.16520 -0.92817
v -0.97107 0.06925 -0.90506
v -1.12688 0.18162 -0.37960
v -0.98303 0.20669 -0.99525
v -0.99031 0.16520 -0.92817
v -0.97323 0.29855 -0.91321
v -0.95282 0.29356 -0.77248
v -0.95626 0.15777 -0.78372
v -1.03678 0.24769 -0.28818
v -0.97107 0.06925 -0.90506
v -0.98303 0.20669 -0.99525
v -0.99069 0.06871 -0.98606
v -0.97107 0.06925 -0.90506
v -0.98629 0.25611 -0.45377
v -1.03911 0.26695 -0.44793
v -0.98187 0.27324 -0.47922
v -0.93330 0.16883 -0.37098
v -0.92823 0.23814 -0.36279
v -1.04353 0.17717 -0.29531
v -1.03357 0.32618 -0.47487
v -0.98187 0.27324 -0.47922
v -1.03911 0.26695 -0.44793
v -0.99091 0.33210 -0.49248
v -1.03357 0.32618 -0.47487
v -0.99073 0.38047 -0.46673
v -0.99091 0.33210 -0.49248
v -1.09897 0.25892 -0.41324
v -1.12131 0.39216 -0.37388
v -1.03678 0.24769 -0.28818
v -0.98629 0.25611 -0.45377
v -0.98807 0.16561 -0.44650
v -1.12688 0.18162 -0.37960
v -1.03678 0.24769 -0.28818
v -1.03357 0.32618 -0.47487
v -1.03911 0.26695 -0.44793
v -1.05757 0.11140 -0.47195
v -1.09897 0.25892 -0.41324
v -1.10572 0.33322 -0.43476
v -1.03678 0.24769 -0.28818
v -1.12688 0.18162 -0.37960
v -1.04353 0.17717 -0.29531
v -1.03357 0.32618 -0.47487
v -1.09549 0.32618 -0.60337
v -1.10572 0.33322 -0.43476
v -1.11140 0.11004 -0.57921
v -1.09549 0.32618 -0.60337
v -1.12075 0.26685 -0.37533
v -1.05757 0.11140 -0.47195
v -1.03911 0.26695 -0.44793
v -1.09897 0.25892 -0.41324
v -1.12839 0.11763 -0.42934
v -1.11140 0.11004 -0.57921
v -1.12839 0.11763 -0.42934
v -1.20774 0.11514 -0.51981
v -1.12131 0.39216 -0.37388
v -1.15206 0.34652 -0.38875
v -1.12412 0.16480 -0.58512
v -1.12739 0.29215 -0.60105
v -1.09549 0.32618 -0.60337
v -1.05757 0.11140 -0.47195
v -1.11140 0.11004 -0.57921
v -1.12688 0.18162 -0.37960
v -1.12075 0.26685 -0.37533
v -1.09897 0.25892 -0.41324
v -1.09897 0.25892 -0.41324
v -1.12075 0.26685 -0.37533
v -1.15170 0.27748 -0.38204
v -1.03678 0.24769 -0.28818
v -1.15206 0.34652 -0.38875
v -1.12131 0.39216 -0.37388
v -1.21595 0.32914 -0.55648
v -1.09549 0.32618 -0.60337
v -1.12739 0.29215 -0.60105
v -1.10572 0.33322 -0.43476
v -1.15170 0.27748 -0.38204
v -1.15206 0.34652 -0.38875
v -1.09897 0.25892 -0.41324
v -1.10572 0.33322 -0.43476
v -1.20774 0.11514 -0.51981
v -1.09897 0.25892 -0.41324
v -1.15170 0.27748 -0.38204
v -1.20774 0.11514 -0.51981
v -1.12412 0.16480 -0.58512
v -1.11140 0.11004 -0.57921
v -1.21595 0.32914 -0.55648
v -1.17660 0.30736 -0.70513
v -1.12412 0.16480 -0.58512
v -1.18157 0.17099 -0.70479
v -1.21595 0.32914 -0.55648
v -1.12739 0.29215 -0.60105
v -1.21478 0.17229 -0.53257
v -1.12839 0.11763 -0.42934
v -1.24139 0.22180 -0.76875
v -1.17660 0.30736 -0.70513
v -1.21595 0.32914 -0.55648
v -1.12739 0.29215 -0.60105
v -1.12412 0.16480 -0.58512
v -1.21478 0.17229 -0.53257
v -1.28773 0.17113 -0.62012
v -1.25613 0.07490 -0.75739
v -1.21127 0.07308 -0.69634
v -1.21478 0.17229 -0.53257
v -1.21127 0.07308 -0.69634
v -1.18157 0.17099 -0.70479
v -1.28150 0.07664 -0.62704
v -1.18157 0.17099 -0.70479
v -1.24139 0.22180 -0.76875
v -1.29301 0.28559 -0.67525
v -1.28010 0.31150 -0.63256
v -1.28773 0.17113 -0.62012
v -1.21127 0.07308 -0.69634
v -1.33896 0.08161 -0.70049
v -1.25613 0.07490 -0.75739
v -1.32210 0.23507 -0.70957
v -1.24139 0.22180 -0.76875
v -1.25613 0.07490 -0.75739
v -1.32210 0.23507 -0.70957
v -1.28150 0.07664 -0.62704
v -1.28773 0.17113 -0.62012
v -1.28010 0.31150 -0.63256
v -1.29857 0.27978 -0.64789
v -1.28150 0.07664 -0.62704
v -1.28773 0.17113 -0.62012
v -1.33896 0.08161 -0.70049
v -1.29301 0.28559 -0.67525
v -1.29857 0.27978 -0.64789
v -1.28010 0.31150 -0.63256
v -1.32210 0.23507 -0.70957
v -1.29301 0.28559 -0.67525
v -1.29857 0.27978 -0.64789
v -1.29301 0.28559 -0.67525
v -1.28773 0.17113 -0.62012
v -1.33896 0.08161 -0.70049
v -0.37554 1.46494 0.00306
v -0.51210 1.32182 0.08760
v -0.47089 1.14553 0.12470
v -0.47095 1.52249 -0.00351
v -0.47095 1.52249 -0.00351
v -0.54407 1.16615 0.14580
v -0.51210 1.32182 0.08760
v -0.54116 1.69729 -0.07510
v -0.53316 1.29586 0.06855
v -0.60774 1.43839 0.05224
v -0.57925 1.76859 -0.08705
v -0.51812 1.99522 -0.29667
v -0.55176 1.73228 -0.18286
v -0.53524 1.77832 -0.02435
v -0.57925 1.76859 -0.08705
v -0.54407 1.16615 0.14580
v -0.55176 1.84993 -0.27115
v -0.54116 1.69729 -0.07510
v -0.55176 1.73228 -0.18286
v -0.67612 1.18271 0.13752
v -0.53316 1.29586 0.06855
v -0.57324 1.65060 -0.23733
v -0.56490 1.70586 -0.24562
v -0.56490 1.70586 -0.24562
v -0.57086 1.97887 -0.28346
v -0.55176 1.84993 -0.27115
v -0.61169 1.81377 -0.26531
v -0.56490 1.70586 -0.24562
v -0.57324 1.65060 -0.23733
v -0.61212 1.68496 -0.13976
v -0.57086 1.97887 -0.28346
v -0.62764 1.84432 -0.53257
v -0.59510 1.89535 -0.36343
v -0.60774 1.43839 0.05224
v -0.53389 1.69799 -0.02825
v -0.61212 1.68496 -0.13976
v -0.61169 1.81377 -0.26531
v -0.56490 1.70586 -0.24562
v -0.61398 1.64883 -0.23030
v -0.64965 1.65449 -0.23309
v -0.57324 1.65060 -0.23733
v -0.74002 1.17352 0.05205
v -0.64864 1.71678 -0.32436
v -0.57558 1.15967 0.11422
v -0.69141 1.54209 -0.28623
v -0.61398 1.64883 -0.23030
v -0.57324 1.65060 -0.23733
v -0.64965 1.65449 -0.23309
v -0.65853 1.48076 -0.20289
v -0.61212 1.68496 -0.13976
v -0.61398 1.64883 -0.23030
v -0.61398 1.64883 -0.23030
v -0.64965 1.65449 -0.23309
v -0.65853 1.48076 -0.20289
v -0.64965 1.65449 -0.23309
v -0.68652 1.50882 -0.20633
v -0.67612 1.18271 0.13752
v -0.74002 1.17352 0.05205
v -0.68652 1.50882 -0.20633
v -0.49679 1.53161 -0.27226
v -0.42133 1.23205 -0.30259
v -0.34362 1.58179 -0.31194
v -0.40351 1.24670 -0.25370
v -0.45535 1.48632 -0.25377
v -0.47362 1.30425 -0.20833
v -0.30965 1.59537 -0.12615
v -0.42377 1.10974 0.04152
v -0.37554 1.46494 0.00306
v -0.51210 1.32182 0.08760
v -0.47095 1.52249 -0.00351
v -0.60774 1.43839 0.05224
v -0.53389 1.69799 -0.02825
v -0.61212 1.68496 -0.13976
v -0.54116 1.69729 -0.07510
v -0.55176 1.73228 -0.18286
v -0.53524 1.77832 -0.02435
v -0.57925 1.76859 -0.08705
v -0.51812 1.99522 -0.29667
v -0.55176 1.84993 -0.27115
v -0.57086 1.97887 -0.28346
v -0.62764 1.84432 -0.53257
v -0.65415 1.71001 -0.55144
v -0.70538 1.57402 -0.63730
v -0.49234 1.40807 -0.73061
v -0.47207 1.33402 -0.63602
v -0.45701 1.35992 -0.57626
v -0.48830 1.18756 -0.57727
v -0.45564 1.37864 -0.58780
v -0.37766 1.22095 -0.33525
v -0.38222 1.44336 -0.33898
vt 0.25867 0.37026
vt 0.66706 0.51964
vt 0.65740 0.54822
vt 0.26076 0.43659
vt 0.57027 0.14518
vt 0.54304 0.12528
vt 0.34524 0.56379
vt 0.25421 0.45739
vt 0.52955 0.65036
vt 0.53843 0.65613
vt 0.52649 0.65964
vt 0.55240 0.65727
vt 0.26590 0.33588
vt 0.26063 0.33646
vt 0.14212 0.01488
vt 0.13878 0.00569
vt 0.16423 0.01389
vt 0.25964 0.45792
vt 0.12271 0.03784
vt 0.08737 0.03784
vt 0.12074 0.02803
vt 0.54351 0.65766
vt 0.58216 0.10383
vt 0.58518 0.10888
vt 0.58090 0.10914
vt 0.57146 0.13799
vt 0.59464 0.12530
vt 0.57906 0.10619
vt 0.55970 0.10787
vt 0.53510 0.66353
vt 0.26687 0.57446
vt 0.29448 0.59398
vt 0.27071 0.59626
vt 0.29386 0.56558
vt 0.26517 0.56633
vt 0.25329 0.69038
vt 0.27094 0.68489
vt 0.94921 0.67115
vt 0.95647 0.68490
vt 0.94921 0.68498
vt 0.17310 0.00888
vt 0.17253 0.01361
vt 0.59421 0.13174
vt 0.32634 0.54895
vt 0.80751 0.11006
vt 0.81832 0.08730
vt 0.81874 0.11105
vt 0.34462 0.55569
vt 0.59718 0.10384
vt 0.95584 0.67081
vt 0.36508 0.75448
vt 0.33702 0.75448
vt 0.36284 0.74951
vt 0.59599 0.09990
vt 0.91053 0.52070
vt 0.91009 0.52444
vt 0.89887 0.52346
vt 0.15958 0.00558
vt 0.32897 0.81526
vt 0.32897 0.81149
vt 0.35198 0.81484
vt 0.56083 0.66042
vt 0.69331 0.71244
vt 0.66468 0.71442
vt 0.66385 0.70973
vt 0.59207 0.13519
vt 0.80111 0.67340
vt 0.78112 0.69574
vt 0.78137 0.67168
vt 0.16187 0.00753
vt 0.88833 0.80177
vt 0.90198 0.79953
vt 0.90198 0.81701
vt 0.35126 0.91232
vt 0.34596 0.92797
vt 0.34585 0.91185
vt 0.80840 0.08706
vt 0.55452 0.09193
vt 0.57234 0.08846
vt 0.29838 0.58941
vt 0.30346 0.59330
vt 0.67603 0.54435
vt 0.50879 0.30347
vt 0.50548 0.30679
vt 0.50742 0.27474
vt 0.26141 0.68437
vt 0.41942 0.75073
vt 0.42143 0.76686
vt 0.41850 0.76396
vt 0.00199 0.43851
vt 0.00022 0.43608
vt 0.00427 0.43574
vt 0.34262 0.81211
vt 0.49909 0.27671
vt 0.92519 0.82874
vt 0.92519 0.81148
vt 0.92760 0.82724
vt 0.95183 0.24837
vt 0.96434 0.24629
vt 0.96241 0.24837
vt 0.53232 0.66401
vt 0.28617 0.59630
vt 0.31417 0.59810
vt 0.90309 0.51725
vt 0.95199 0.24614
vt 0.29565 0.57602
vt 0.92862 0.03351
vt 0.92268 0.03628
vt 0.92275 0.01911
vt 0.35056 0.92641
vt 0.30650 0.59059
vt 0.50291 0.25617
vt 0.90270 0.23373
vt 0.90698 0.21772
vt 0.90818 0.23637
vt 0.35317 0.81309
vt 0.69344 0.70997
vt 0.33587 0.54849
vt 0.75374 0.88845
vt 0.76620 0.88126
vt 0.77371 0.88870
vt 0.96866 0.97696
vt 0.96761 0.97514
vt 0.97850 0.97569
vt 0.80171 0.68951
vt 0.88261 0.64622
vt 0.88548 0.64862
vt 0.88099 0.64776
vt 0.22468 0.99513
vt 0.22791 0.99747
vt 0.22490 0.99988
vt 0.31218 0.59190
vt 0.41695 0.76849
vt 0.88509 0.65513
vt 0.88216 0.66666
vt 0.89237 0.96586
vt 0.89599 0.96417
vt 0.90503 0.96597
vt 0.34559 0.54853
vt 0.50506 0.98634
vt 0.50791 0.97758
vt 0.50768 0.98699
vt 0.92212 0.02997
vt 0.91874 0.03752
vt 0.91121 0.03000
vt 0.45457 0.97007
vt 0.45160 0.97304
vt 0.44263 0.97027
vt 0.49049 0.25963
vt 0.56984 0.24290
vt 0.55443 0.23506
vt 0.01398 0.56136
vt 0.01502 0.55494
vt 0.01883 0.56007
vt 0.03292 0.10205
vt 0.02305 0.08795
vt 0.03848 0.09877
vt 0.89375 0.42147
vt 0.90563 0.42086
vt 0.90228 0.42545
vt 0.91088 0.99788
vt 0.91030 0.99513
vt 0.91705 0.99772
vt 0.90007 0.50631
vt 0.02363 0.09834
vt 0.90590 0.42467
vt 0.83279 0.23357
vt 0.84908 0.23414
vt 0.82806 0.24148
vt 0.91214 0.42112
vt 0.79342 0.13911
vt 0.81087 0.13836
vt 0.81087 0.16211
vt 0.29210 0.96950
vt 0.29210 0.95815
vt 0.29722 0.96673
vt 0.41203 0.76469
vt 0.45826 0.23224
vt 0.24832 0.82772
vt 0.22516 0.82772
vt 0.24839 0.82448
vt 0.96732 0.72130
vt 0.96103 0.72401
vt 0.96071 0.71480
vt 0.25169 0.68443
vt 0.27962 0.79471
vt 0.28169 0.79298
vt 0.28251 0.79725
vt 0.89885 0.50600
vt 0.84080 0.56920
vt 0.82070 0.56480
vt 0.83689 0.56453
vt 0.45561 0.22864
vt 0.20521 0.92126
vt 0.21653 0.92538
vt 0.20224 0.92554
vt 0.28460 0.96619
vt 0.28215 0.97284
vt 0.28099 0.96702
vt 0.28040 0.81730
vt 0.72702 0.24493
vt 0.71167 0.24744
vt 0.71007 0.22910
vt 0.97837 0.52165
vt 0.97595 0.52215
vt 0.97073 0.51849
vt 0.21892 0.92415
vt 0.29136 0.96378
vt 0.28993 0.97048
vt 0.52435 0.94302
vt 0.51857 0.93724
vt 0.52409 0.92873
vt 0.97081 0.53041
vt 0.81838 0.56911
vt 0.42906 0.81358
vt 0.45140 0.81553
vt 0.42735 0.81616
vt 0.28731 0.79490
vt 0.87781 0.05525
vt 0.88261 0.05071
vt 0.88425 0.05684
vt 0.97403 0.53001
vt 0.96303 0.62233
vt 0.95840 0.62491
vt 0.94914 0.62361
vt 0.02026 0.09138
vt 0.70951 0.92671
vt 0.70951 0.94155
vt 0.70516 0.92752
vt 0.43969 0.97061
vt 0.44758 0.97348
vt 0.43566 0.97351
vt 0.28332 0.81123
vt 0.27830 0.92893
vt 0.28201 0.93204
vt 0.26819 0.92976
vt 0.88467 0.05200
vt 0.96484 0.71162
vt 0.96914 0.71642
vt 0.37829 0.98175
vt 0.38219 0.98564
vt 0.28421 0.92874
vt 0.86435 0.26466
vt 0.86713 0.27405
vt 0.86392 0.27675
vt 0.96993 0.71324
vt 0.92175 0.89748
vt 0.92128 0.89204
vt 0.92204 0.87997
vt 0.88744 0.81874
vt 0.08451 0.00265
vt 0.09264 0.00265
vt 0.08757 0.00384
vt 0.68260 0.10447
vt 0.65833 0.11845
vt 0.09648 0.94282
vt 0.11110 0.94282
vt 0.11090 0.94541
vt 0.40838 0.77223
vt 0.16786 0.79571
vt 0.17738 0.79345
vt 0.18444 0.81515
vt 0.01802 0.54547
vt 0.76003 0.32518
vt 0.76942 0.32506
vt 0.76942 0.35114
vt 0.01361 0.54492
vt 0.12084 0.64211
vt 0.09675 0.64131
vt 0.11836 0.63916
vt 0.11075 0.79645
vt 0.11075 0.81982
vt 0.09933 0.80833
vt 0.00105 0.03042
vt 0.00336 0.02967
vt 0.00444 0.03720
vt 0.90942 0.65194
vt 0.90352 0.65595
vt 0.90125 0.65270
vt 0.02971 0.07891
vt 0.72606 0.22745
vt 0.12130 0.60247
vt 0.12206 0.60738
vt 0.09973 0.60679
vt 0.29198 0.86650
vt 0.28598 0.86756
vt 0.29290 0.86260
vt 0.80153 0.69709
vt 0.38344 0.99056
vt 0.38414 0.99451
vt 0.38332 0.99547
vt 0.91162 0.04600
vt 0.40255 0.77176
vt 0.70519 0.24800
vt 0.70215 0.23847
vt 0.31494 0.80044
vt 0.31494 0.79204
vt 0.32218 0.80124
vt 0.66792 0.12705
vt 0.79488 0.16304
vt 0.82130 0.11455
vt 0.81950 0.13619
vt 0.80395 0.13755
vt 0.29843 0.81136
vt 0.91923 0.04479
vt 0.40193 0.76427
vt 0.02645 0.07100
vt 0.91861 0.65531
vt 0.88420 0.03697
vt 0.80403 0.11345
vt 0.48258 0.49088
vt 0.46892 0.50305
vt 0.89401 0.84093
vt 0.89155 0.85454
vt 0.88759 0.86020
vt 0.87789 0.03826
vt 0.87978 0.03648
vt 0.88643 0.84040
vt 0.10499 0.63520
vt 0.17345 0.81733
vt 0.96135 0.62767
vt 0.52271 0.81150
vt 0.52271 0.81641
vt 0.49890 0.81181
vt 0.27851 0.99159
vt 0.28137 0.99444
vt 0.27863 0.99743
vt 0.30321 0.81674
vt 0.75565 0.00920
vt 0.75384 0.00647
vt 0.75680 0.00371
vt 0.18626 0.80200
vt 0.18570 0.79593
vt 0.20951 0.79593
vt 0.86391 0.25922
vt 0.86583 0.25519
vt 0.47510 0.47727
vt 0.81004 0.90246
vt 0.80859 0.89779
vt 0.82472 0.89494
vt 0.01901 0.07841
vt 0.40413 0.99529
vt 0.39972 0.98921
vt 0.40418 0.98724
vt 0.49875 0.81674
vt 0.75083 0.01133
vt 0.01519 0.00632
vt 0.01672 0.00366
vt 0.02324 0.00597
vt 0.91636 0.04738
vt 0.51468 0.87277
vt 0.53274 0.86793
vt 0.53522 0.87309
vt 0.00064 0.65616
vt 0.00159 0.65322
vt 0.00435 0.65606
vt 0.72542 0.22302
vt 0.74819 0.00341
vt 0.09973 0.63515
vt 0.80602 0.89510
vt 0.70212 0.21807
vt 0.75082 0.00265
vt 0.50877 0.95381
vt 0.51184 0.95638
vt 0.50033 0.95399
vt 0.07835 0.85781
vt 0.05988 0.87722
vt 0.06400 0.85781
vt 0.49814 0.95628
vt 0.07999 0.87285
vt 0.08033 0.87680
vt 0.13286 0.39297
vt 0.12911 0.38530
vt 0.12911 0.38174
vt 0.13249 0.45909
vt 0.12484 0.45976
vt 0.13193 0.44853
vt 0.20763 0.80250
vt 0.27712 0.86762
vt 0.27996 0.38644
vt 0.26228 0.42745
vt 0.26156 0.40188
vt 0.13415 0.35304
vt 0.25357 0.94505
vt 0.25162 0.94167
vt 0.26210 0.94483
vt 0.23634 0.76605
vt 0.21751 0.76776
vt 0.21027 0.76512
vt 0.33908 0.99386
vt 0.33425 0.98618
vt 0.34079 0.99151
vt 0.92585 0.42498
vt 0.92706 0.42204
vt 0.93953 0.42424
vt 0.99497 0.38514
vt 0.98507 0.38514
vt 0.98559 0.38232
vt 0.62525 0.95765
vt 0.62326 0.95469
vt 0.62828 0.95574
vt 0.99840 0.76304
vt 0.99990 0.76553
vt 0.99561 0.76527
vt 0.94141 0.42182
vt 0.99734 0.76740
vt 0.26634 0.94194
vt 0.15267 0.35605
vt 0.15039 0.33057
vt 0.15424 0.33810
vt 0.71131 0.22166
vt 0.47444 0.45773
vt 0.33336 0.99056
vt 0.58063 0.97432
vt 0.57995 0.97825
vt 0.57629 0.98082
vt 0.11651 0.44612
vt 0.69084 0.07311
vt 0.69084 0.05613
vt 0.69290 0.07299
vt 0.52884 0.51736
vt 0.11324 0.72832
vt 0.09447 0.72832
vt 0.11295 0.71998
vt 0.47678 0.45894
vt 0.94500 0.72798
vt 0.93558 0.72439
vt 0.94419 0.72143
vt 0.55215 0.91838
vt 0.53518 0.91915
vt 0.54196 0.90820
vt 0.45336 0.11991
vt 0.43606 0.12433
vt 0.44735 0.11390
vt 0.43297 0.11703
vt 0.03711 0.06960
vt 0.03888 0.07363
vt 0.22416 0.80791
vt 0.22153 0.79636
vt 0.22439 0.79350
vt 0.69263 0.96229
vt 0.69403 0.97025
vt 0.69220 0.97284
vt 0.63273 0.96297
vt 0.09862 0.71823
vt 0.92051 0.27479
vt 0.91479 0.25967
vt 0.92051 0.25966
vt 0.57007 0.97427
vt 0.09679 0.61090
vt 0.18654 0.81086
vt 0.21773 0.79569
vt 0.15511 0.32026
vt 0.91282 0.27727
vt 0.35246 0.01383
vt 0.34436 0.01166
vt 0.36113 0.01080
vt 0.51658 0.00680
vt 0.52226 0.00268
vt 0.52357 0.00668
vt 0.96644 0.44669
vt 0.96522 0.45004
vt 0.96520 0.43668
vt 0.51314 0.50411
vt 0.93283 0.72012
vt 0.33975 0.80038
vt 0.12632 0.36518
vt 0.95307 0.53450
vt 0.94664 0.54396
vt 0.94773 0.53583
vt 0.57119 0.98005
vt 0.30048 0.80642
vt 0.30235 0.79320
vt 0.30287 0.80762
vt 0.52534 0.00561
vt 0.93075 0.72209
vt 0.09913 0.61638
vt 0.47536 0.45529
vt 0.32699 0.00742
vt 0.33463 0.00663
vt 0.33489 0.01102
vt 0.33224 0.01381
vt 0.21268 0.77280
vt 0.22107 0.81728
vt 0.88169 0.36099
vt 0.88169 0.38153
vt 0.88078 0.37898
vt 0.12383 0.35602
vt 0.47085 0.45574
vt 0.75137 0.47557
vt 0.74517 0.47268
vt 0.75660 0.47370
vt 0.20260 0.81020
vt 0.27252 0.86187
vt 0.28338 0.44643
vt 0.42489 0.11441
vt 0.40469 0.11524
vt 0.02039 0.27045
vt 0.02143 0.28736
vt 0.01607 0.28783
vt 0.76123 0.35208
vt 0.46631 0.43255
vt 0.46912 0.43615
vt 0.20865 0.80772
vt 0.11691 0.47653
vt 0.12638 0.47664
vt 0.54982 0.91068
vt 0.94214 0.54434
vt 0.03776 0.25976
vt 0.01564 0.25608
vt 0.03580 0.25643
vt 0.01514 0.27636
vt 0.90130 0.41997
vt 0.90130 0.41436
vt 0.91906 0.41730
vt 0.93545 0.34368
vt 0.93405 0.35969
vt 0.93381 0.34340
vt 0.32708 0.01280
vt 0.09651 0.60240
vt 0.66666 0.99504
vt 0.66380 0.99897
vt 0.66118 0.99454
vt 0.75669 0.47557
vt 0.42729 0.12754
vt 0.08950 0.71869
vt 0.27650 0.86916
vt 0.27247 0.86914
vt 0.33972 0.79108
vt 0.76531 0.47179
vt 0.08486 0.72888
vt 0.42549 0.14603
vt 0.15028 0.31062
vt 0.15496 0.31092
vt 0.46761 0.43074
vt 0.35879 0.81052
vt 0.36053 0.81353
vt 0.35393 0.81134
vt 0.02022 0.26103
vt 0.43168 0.14463
vt 0.00222 0.95391
vt 0.00376 0.95283
vt 0.00341 0.96034
vt 0.40086 0.12654
vt 0.39943 0.11512
vt 0.75867 0.49727
vt 0.76523 0.49333
vt 0.76241 0.49876
vt 0.12724 0.48601
vt 0.11800 0.48497
vt 0.99059 0.52755
vt 0.99694 0.52755
vt 0.99577 0.53083
vt 0.26153 0.44739
vt 0.75848 0.48098
vt 0.37740 0.81667
vt 0.37811 0.81202
vt 0.35553 0.81672
vt 0.40397 0.14658
vt 0.37855 0.99031
vt 0.63650 0.91924
vt 0.63650 0.93205
vt 0.62049 0.91995
vt 0.91960 0.58344
vt 0.91809 0.60073
vt 0.91723 0.58291
vt 0.70216 0.90321
vt 0.72000 0.90321
vt 0.70218 0.90916
vt 0.91431 0.73864
vt 0.92800 0.74859
vt 0.91794 0.76186
vt 0.13026 0.98656
vt 0.13970 0.98656
vt 0.13948 0.98899
vt 0.14829 0.26741
vt 0.14572 0.25833
vt 0.14729 0.25464
vt 0.31092 0.92189
vt 0.32730 0.92189
vt 0.32506 0.92491
vt 0.89241 0.56612
vt 0.88634 0.55141
vt 0.89310 0.54667
vt 0.14162 0.26576
vt 0.14717 0.26775
vt 0.32963 0.42475
vt 0.33178 0.42944
vt 0.32550 0.42489
vt 0.98181 0.02196
vt 0.98026 0.02435
vt 0.97777 0.02413
vt 0.94443 0.44611
vt 0.94443 0.45124
vt 0.93826 0.44625
vt 0.33141 0.92463
vt 0.32739 0.92317
vt 0.34377 0.92327
vt 0.00554 0.44907
vt 0.01025 0.44208
vt 0.00969 0.44714
vt 0.00521 0.44115
vt 0.89059 0.54664
vt 0.14097 0.25499
vt 0.32933 0.43777
vt 0.47556 0.87749
vt 0.48045 0.88348
vt 0.47556 0.88258
vt 0.49500 0.87859
vt 0.13802 0.95178
vt 0.13503 0.95589
vt 0.13695 0.94632
vt 0.88685 0.56614
vt 0.85175 0.93508
vt 0.83640 0.93508
vt 0.85020 0.92677
vt 0.90731 0.48028
vt 0.92303 0.48028
vt 0.92252 0.48230
vt 0.92928 0.55975
vt 0.93900 0.55382
vt 0.94497 0.55882
vt 0.93944 0.55183
vt 0.93152 0.55153
vt 0.44877 0.83415
vt 0.46940 0.84127
vt 0.45743 0.84524
vt 0.25156 0.97328
vt 0.26140 0.97590
vt 0.25289 0.97541
vt 0.94885 0.22673
vt 0.95734 0.22722
vt 0.94990 0.22899
vt 0.32697 0.44051
vt 0.47040 0.82841
vt 0.00699 0.31429
vt 0.00935 0.30547
vt 0.01546 0.31353
vt 0.01540 0.30637
vt 0.77438 0.92729
vt 0.75989 0.93637
vt 0.75964 0.92729
vt 0.01768 0.60216
vt 0.01278 0.60130
vt 0.01826 0.59115
vt 0.14592 0.24182
vt 0.98115 0.03343
vt 0.12645 0.94897
vt 0.01268 0.59095
vt 0.31522 0.43232
vt 0.10381 0.99776
vt 0.10381 0.99326
vt 0.10627 0.99662
vt 0.13926 0.23861
vt 0.00696 0.45557
vt 0.00568 0.45161
vt 0.01428 0.45183
vt 0.62351 0.97418
vt 0.62210 0.98041
vt 0.61302 0.98041
vt 0.94395 0.60031
vt 0.94395 0.61626
vt 0.94128 0.61263
vt 0.25406 0.96372
vt 0.97907 0.23043
vt 0.98779 0.22556
vt 0.98941 0.23053
vt 0.13745 0.23196
vt 0.14723 0.22277
vt 0.15895 0.23262
vt 0.85048 0.75494
vt 0.87092 0.74905
vt 0.87108 0.75494
vt 0.32738 0.44617
vt 0.30837 0.45928
vt 0.97766 0.22890
vt 0.60806 0.98019
vt 0.59753 0.98194
vt 0.59753 0.97415
vt 0.60746 0.97435
vt 0.62013 0.99305
vt 0.62013 0.99796
vt 0.61490 0.99756
vt 0.95697 0.24063
vt 0.95151 0.23554
vt 0.97220 0.03857
vt 0.97286 0.05072
vt 0.96676 0.05125
vt 0.99448 0.33101
vt 0.99449 0.33304
vt 0.98778 0.33363
vt 0.32517 0.45735
vt 0.26391 0.96776
vt 0.98455 0.33054
vt 0.83588 0.92220
vt 0.84934 0.92384
vt 0.98902 0.92105
vt 0.98703 0.91820
vt 0.98890 0.91029
vt 0.69990 0.85677
vt 0.70042 0.86270
vt 0.68350 0.86270
vt 0.71686 0.14958
vt 0.70550 0.13087
vt 0.71548 0.13975
vt 0.94436 0.45976
vt 0.70309 0.14863
vt 0.69884 0.15161
vt 0.70009 0.14474
vt 0.61370 0.97534
vt 0.88600 0.95066
vt 0.87199 0.94789
vt 0.88417 0.94565
vt 0.70338 0.16510
vt 0.13516 0.81215
vt 0.12553 0.79579
vt 0.13516 0.79684
vt 0.73876 0.35212
vt 0.73947 0.36116
vt 0.73506 0.35871
vt 0.97218 0.00004
vt 0.97742 0.00004
vt 0.97391 0.00296
vt 0.73445 0.34293
vt 0.67932 0.85586
vt 0.12791 0.94281
vt 0.03297 0.95342
vt 0.03363 0.94630
vt 0.04579 0.94630
vt 0.70034 0.12893
vt 0.94367 0.95123
vt 0.95683 0.94780
vt 0.95703 0.95240
vt 0.11182 0.85515
vt 0.13212 0.86170
vt 0.12221 0.86269
vt 0.85760 0.65987
vt 0.85297 0.65107
vt 0.85844 0.65022
vt 0.72850 0.34350
vt 0.32190 0.46666
vt 0.11938 0.84389
vt 0.47186 0.85652
vt 0.47494 0.87402
vt 0.47167 0.87552
vt 0.04638 0.95390
vt 0.68861 0.15377
vt 0.95375 0.19432
vt 0.96442 0.19525
vt 0.95380 0.20788
vt 0.73820 0.33257
vt 0.77479 0.93698
vt 0.96690 0.03945
vt 0.87244 0.95104
vt 0.00875 0.84149
vt 0.01241 0.84051
vt 0.00865 0.84818
vt 0.31698 0.46809
vt 0.94388 0.94784
vt 0.96599 0.57397
vt 0.95268 0.57514
vt 0.96573 0.56871
vt 0.72007 0.33246
vt 0.12505 0.84742
vt 0.95367 0.56858
vt 0.98634 0.79943
vt 0.98841 0.80580
vt 0.97716 0.80635
vt 0.30744 0.46214
vt 0.84933 0.32106
vt 0.85927 0.32180
vt 0.85566 0.32955
vt 0.93731 0.46157
vt 0.95818 0.24918
vt 0.96777 0.24918
vt 0.95827 0.26202
vt 0.85312 0.65933
vt 0.32089 0.48364
vt 0.31489 0.48738
vt 0.32198 0.48034
vt 0.32397 0.47613
vt 0.88198 0.18266
vt 0.89578 0.18639
vt 0.89167 0.18944
vt 0.01281 0.84862
vt 0.09038 0.17146
vt 0.09156 0.16305
vt 0.10470 0.17411
vt 0.87676 0.18952
vt 0.84802 0.09494
vt 0.84894 0.09691
vt 0.83346 0.09518
vt 0.89603 0.17575
vt 0.87360 0.94218
vt 0.88165 0.94325
vt 0.98825 0.38197
vt 0.99379 0.37436
vt 0.99185 0.38213
vt 0.31535 0.47349
vt 0.13918 0.85280
vt 0.90089 0.60903
vt 0.91747 0.60903
vt 0.91684 0.61353
vt 0.70336 0.17589
vt 0.68300 0.17612
vt 0.87643 0.18319
vt 0.78231 0.07638
vt 0.77793 0.08035
vt 0.76809 0.08245
vt 0.85566 0.09629
vt 0.71864 0.13280
vt 0.72592 0.14201
vt 0.90136 0.92109
vt 0.91681 0.92985
vt 0.90136 0.93054
vt 0.00462 0.63274
vt 0.01235 0.63274
vt 0.00517 0.63622
vt 0.88805 0.17576
vt 0.88243 0.17744
vt 0.92160 0.44298
vt 0.91936 0.44075
vt 0.93493 0.44134
vt 0.94608 0.00294
vt 0.94064 0.00294
vt 0.94267 0.00006
vt 0.83686 0.92675
vt 0.32749 0.49001
vt 0.12793 0.84547
vt 0.54871 0.89792
vt 0.54401 0.90389
vt 0.54716 0.89848
vt 0.09525 0.16268
vt 0.91750 0.92026
vt 0.33097 0.49291
vt 0.94943 0.65881
vt 0.94037 0.66704
vt 0.93614 0.66053
vt 0.95027 0.24083
vt 0.16659 0.00427
vt 0.15826 0.00427
vt 0.16604 0.00271
vt 0.54869 0.90736
vt 0.71412 0.34194
vt 0.10922 0.16033
vt 0.32970 0.05817
vt 0.32207 0.05261
vt 0.32970 0.05290
vt 0.09898 0.15462
vt 0.60485 0.83233
vt 0.58884 0.83023
vt 0.59657 0.82847
vt 0.13072 0.81340
vt 0.71472 0.34429
vt 0.84882 0.33065
vt 0.70812 0.12575
vt 0.87195 0.46903
vt 0.86944 0.45968
vt 0.88558 0.47319
vt 0.44438 0.94601
vt 0.42988 0.94601
vt 0.43118 0.94371
vt 0.10879 0.15202
vt 0.98354 0.33189
vt 0.98835 0.33593
vt 0.97772 0.33627
vt 0.95208 0.66263
vt 0.54464 0.89928
vt 0.70014 0.12594
vt 0.46544 0.99735
vt 0.45772 0.99735
vt 0.45955 0.99517
vt 0.09661 0.15510
vt 0.85871 0.33213
vt 0.60669 0.98223
vt 0.60553 0.98883
vt 0.59740 0.98274
vt 0.97434 0.73400
vt 0.96430 0.73645
vt 0.96079 0.72565
vt 0.46527 0.00068
vt 0.45932 0.00731
vt 0.45952 0.00068
vt 0.61176 0.82834
vt 0.88544 0.46273
vt 0.01774 0.22839
vt 0.01409 0.22903
vt 0.01367 0.21454
vt 0.97543 0.87805
vt 0.96626 0.87643
vt 0.97735 0.87595
vt 0.96530 0.42998
vt 0.96978 0.42919
vt 0.97332 0.43009
vt 0.86918 0.03067
vt 0.87205 0.04139
vt 0.85863 0.03194
vt 0.03399 0.96591
vt 0.03433 0.95475
vt 0.04684 0.95475
vt 0.59794 0.98809
vt 0.85799 0.04027
vt 0.10256 0.13627
vt 0.31442 0.05839
vt 0.60502 0.05812
vt 0.59847 0.05766
vt 0.59547 0.04646
vt 0.58044 0.95443
vt 0.58143 0.95222
vt 0.59421 0.95447
vt 0.68258 0.16521
vt 0.85964 0.04462
vt 0.35099 0.97613
vt 0.35393 0.98439
vt 0.35048 0.98204
vt 0.96345 0.20748
vt 0.69308 0.04489
vt 0.69066 0.04286
vt 0.69255 0.02996
vt 0.61072 0.04750
vt 0.46583 0.00642
vt 0.10830 0.13683
vt 0.77521 0.08965
vt 0.01737 0.21525
vt 0.85058 0.75020
vt 0.80288 0.23894
vt 0.79608 0.23761
vt 0.81071 0.22465
vt 0.35412 0.97419
vt 0.59392 0.07579
vt 0.34773 0.00774
vt 0.34637 0.01094
vt 0.33540 0.00353
vt 0.69958 0.93937
vt 0.68465 0.93937
vt 0.69936 0.93088
vt 0.85812 0.04741
vt 0.87004 0.05167
vt 0.72065 0.13296
vt 0.97290 0.72163
vt 0.96897 0.26230
vt 0.98789 0.66282
vt 0.98789 0.67248
vt 0.98124 0.66223
vt 0.33561 0.00938
vt 0.76059 0.21372
vt 0.76736 0.21450
vt 0.76268 0.21672
vt 0.11316 0.79541
vt 0.66972 0.92663
vt 0.66588 0.92896
vt 0.66607 0.92625
vt 0.06270 0.94527
vt 0.07584 0.94563
vt 0.07516 0.95344
vt 0.59421 0.95252
vt 0.11448 0.81340
vt 0.11135 0.81168
vt 0.79674 0.99548
vt 0.79457 0.99396
vt 0.79660 0.98855
vt 0.76296 0.23154
vt 0.85925 0.67213
vt 0.85380 0.33143
vt 0.11471 0.81636
vt 0.67694 0.93703
vt 0.85548 0.10745
vt 0.84828 0.10966
vt 0.68488 0.93154
vt 0.53332 0.90292
vt 0.87045 0.47674
vt 0.80971 0.21915
vt 0.31037 0.92220
vt 0.29765 0.92561
vt 0.29392 0.92119
vt 0.47176 0.82547
vt 0.48309 0.83022
vt 0.47217 0.83019
vt 0.48658 0.82576
vt 0.85345 0.86437
vt 0.87310 0.87076
vt 0.85418 0.87115
vt 0.72105 0.12320
vt 0.04654 0.96548
vt 0.83733 0.33212
vt 0.06238 0.95296
vt 0.08484 0.88640
vt 0.09098 0.88804
vt 0.08235 0.90253
vt 0.68185 0.15340
vt 0.76732 0.23508
vt 0.19744 0.70534
vt 0.18817 0.69517
vt 0.19468 0.69339
vt 0.98117 0.67310
vt 0.17298 0.69279
vt 0.18688 0.68946
vt 0.07281 0.89292
vt 0.17606 0.70485
vt 0.07252 0.90214
vt 0.53063 0.90807
vt 0.09115 0.90194
vt 0.49481 0.82864
vt 0.77109 0.10027
vt 0.88604 0.47995
vt 0.88250 0.96219
vt 0.89211 0.96476
vt 0.87935 0.96546
vt 0.58112 0.06336
vt 0.85468 0.88779
vt 0.84868 0.89070
vt 0.84492 0.88894
vt 0.83418 0.18606
vt 0.81852 0.18496
vt 0.81852 0.16275
vt 0.46679 0.96435
vt 0.46679 0.95681
vt 0.47877 0.96144
vt 0.47932 0.95743
vt 0.31219 0.05208
vt 0.80439 0.53661
vt 0.79682 0.54418
vt 0.80233 0.53358
vt 0.17008 0.67998
vt 0.15607 0.65660
vt 0.17593 0.66198
vt 0.91008 0.97127
vt 0.90610 0.97695
vt 0.90579 0.96617
vt 0.91326 0.34809
vt 0.91326 0.33062
vt 0.91957 0.34736
vt 0.27367 0.84590
vt 0.29389 0.84590
vt 0.27259 0.84921
vt 0.76289 0.24026
vt 0.85232 0.67208
vt 0.98870 0.87418
vt 0.98870 0.86434
vt 0.99533 0.87214
vt 0.97552 0.06479
vt 0.97358 0.06344
vt 0.97498 0.05247
vt 0.65445 0.75121
vt 0.64906 0.76055
vt 0.64675 0.74879
vt 0.99933 0.40503
vt 0.99568 0.40499
vt 0.99568 0.40086
vt 0.18488 0.68188
vt 0.78786 0.54024
vt 0.54010 0.99405
vt 0.54607 0.98972
vt 0.54622 0.99730
vt 0.63550 0.75419
vt 0.64821 0.76728
vt 0.64040 0.75965
vt 0.58025 0.07417
vt 0.72750 0.11689
vt 0.07770 0.97116
vt 0.07746 0.97395
vt 0.06700 0.97140
vt 0.49709 0.94720
vt 0.50735 0.95093
vt 0.49315 0.95010
vt 0.15257 0.67674
vt 0.16833 0.68276
vt 0.77605 0.09745
vt 0.63795 0.76842
vt 0.91520 0.69903
vt 0.91543 0.68221
vt 0.92782 0.68221
vt 0.62876 0.76830
vt 0.03024 0.21408
vt 0.63811 0.74855
vt 0.14751 0.67981
vt 0.14044 0.66748
vt 0.76698 0.24086
vt 0.99933 0.40224
vt 0.55486 0.89240
vt 0.54606 0.89298
vt 0.55085 0.88622
vt 0.50681 0.77405
vt 0.49637 0.78015
vt 0.49411 0.77170
vt 0.62799 0.75446
vt 0.88325 0.54298
vt 0.88238 0.55288
vt 0.88247 0.53568
vt 0.99885 0.88779
vt 0.99780 0.89170
vt 0.99765 0.88574
vt 0.53130 0.89732
vt 0.50692 0.94677
vt 0.88466 0.53245
vt 0.06601 0.97355
vt 0.49790 0.79089
vt 0.49453 0.77952
vt 0.80426 0.55705
vt 0.80181 0.55873
vt 0.79229 0.85167
vt 0.79089 0.86177
vt 0.77109 0.86177
vt 0.88558 0.55019
vt 0.79432 0.54721
vt 0.91131 0.16033
vt 0.92053 0.16033
vt 0.91181 0.17800
vt 0.15126 0.65335
vt 0.54064 0.93712
vt 0.52742 0.93027
vt 0.54123 0.93036
vt 0.92101 0.15404
vt 0.91675 0.13738
vt 0.93305 0.13880
vt 0.35503 0.03587
vt 0.36543 0.02105
vt 0.36517 0.03766
vt 0.47819 0.95651
vt 0.47819 0.95417
vt 0.49187 0.95640
vt 0.93269 0.52709
vt 0.93237 0.53515
vt 0.91853 0.53394
vt 0.88229 0.93684
vt 0.89715 0.93684
vt 0.88248 0.94041
vt 0.51735 0.77628
vt 0.78593 0.55054
vt 0.84961 0.90487
vt 0.89607 0.08997
vt 0.89285 0.10820
vt 0.89383 0.08841
vt 0.57341 0.04789
vt 0.47616 0.95658
vt 0.46373 0.95438
vt 0.47739 0.95360
vt 0.82330 0.23017
vt 0.82418 0.22810
vt 0.92971 0.58178
vt 0.91939 0.57996
vt 0.93490 0.57940
vt 0.94992 0.75530
vt 0.94778 0.75431
vt 0.94937 0.74021
vt 0.93242 0.15298
vt 0.91892 0.33055
vt 0.29106 0.05315
vt 0.29477 0.84799
vt 0.51469 0.78921
vt 0.92911 0.69894
vt 0.95237 0.10503
vt 0.93793 0.11020
vt 0.93785 0.10503
vt 0.78699 0.88865
vt 0.78589 0.88658
vt 0.79433 0.88701
vt 0.89554 0.10764
vt 0.85918 0.98695
vt 0.85133 0.98795
vt 0.85133 0.98361
vt 0.86025 0.98497
vt 0.51937 0.79167
vt 0.78415 0.87293
vt 0.83246 0.83934
vt 0.83347 0.82675
vt 0.84640 0.82675
vt 0.94774 0.11104
vt 0.11301 0.92464
vt 0.11284 0.92266
vt 0.12968 0.92370
vt 0.92943 0.10949
vt 0.92539 0.12405
vt 0.91786 0.12650
vt 0.77517 0.88851
vt 0.77054 0.87634
vt 0.99421 0.29181
vt 0.99421 0.28653
vt 0.99880 0.29037
vt 0.91189 0.11057
vt 0.84333 0.84008
vt 0.91850 0.52754
vt 0.77208 0.85080
vt 0.85367 0.83186
vt 0.52614 0.93800
vt 0.99490 0.41348
vt 0.99412 0.42247
vt 0.99415 0.41236
vt 0.83375 0.16311
vt 0.43132 0.10517
vt 0.43197 0.08849
vt 0.43678 0.08849
vt 0.91719 0.00568
vt 0.92063 0.00694
vt 0.91809 0.02077
vt 0.57913 0.06323
vt 0.74473 0.81629
vt 0.75761 0.81051
vt 0.76590 0.81631
vt 0.68369 0.90215
vt 0.70015 0.90867
vt 0.68529 0.90816
vt 0.84541 0.90612
vt 0.54945 0.87648
vt 0.64131 0.00018
vt 0.64265 0.00431
vt 0.63679 0.00410
vt 0.37710 0.02373
vt 0.37706 0.03721
vt 0.37429 0.03883
vt 0.97006 0.52930
vt 0.96085 0.53229
vt 0.95709 0.52071
vt 0.84623 0.81761
vt 0.85349 0.81787
vt 0.29232 0.05920
vt 0.00117 0.03367
vt 0.00332 0.03828
vt 0.00141 0.04118
vt 0.66111 0.76208
vt 0.65538 0.75723
vt 0.66482 0.75156
vt 0.99150 0.80334
vt 0.98824 0.80215
vt 0.99330 0.80195
vt 0.38912 0.02533
vt 0.91822 0.54358
vt 0.92628 0.10554
vt 0.93308 0.54377
vt 0.91972 0.17750
vt 0.94177 0.94153
vt 0.92770 0.94153
vt 0.94256 0.93572
vt 0.66601 0.75678
vt 0.17232 0.94077
vt 0.18697 0.94077
vt 0.17550 0.94546
vt 0.44933 0.10170
vt 0.70154 0.90171
vt 0.67484 0.76384
vt 0.66752 0.75204
vt 0.20091 0.64745
vt 0.21088 0.64478
vt 0.20189 0.65245
vt 0.54194 0.87672
vt 0.67082 0.74484
vt 0.46209 0.09014
vt 0.85052 0.94020
vt 0.85075 0.94154
vt 0.83587 0.94060
vt 0.35452 0.02208
vt 0.95702 0.17930
vt 0.95702 0.19330
vt 0.94736 0.17982
vt 0.92809 0.93605
vt 0.20670 0.64316
vt 0.96261 0.89264
vt 0.96261 0.88012
vt 0.97152 0.89059
vt 0.25508 0.99372
vt 0.25001 0.99827
vt 0.25008 0.99460
vt 0.18878 0.65857
vt 0.21414 0.65815
vt 0.96783 0.83737
vt 0.97202 0.83894
vt 0.97202 0.85025
vt 0.38999 0.03782
vt 0.68197 0.74947
vt 0.68693 0.75511
vt 0.67520 0.74464
vt 0.76355 0.76425
vt 0.76189 0.75807
vt 0.77178 0.76539
vt 0.77147 0.76022
vt 0.37589 0.02120
vt 0.78943 0.86983
vt 0.25548 0.99880
vt 0.77929 0.75985
vt 0.78134 0.74909
vt 0.97105 0.87981
vt 0.96760 0.85014
vt 0.75501 0.80694
vt 0.98165 0.13464
vt 0.98991 0.12433
vt 0.98891 0.13464
vt 0.96927 0.51612
vt 0.77201 0.75118
vt 0.93941 0.78360
vt 0.93941 0.79669
vt 0.92785 0.78902
vt 0.78405 0.87074
vt 0.76157 0.74843
vt 0.80151 0.97407
vt 0.79112 0.98086
vt 0.79231 0.97407
vt 0.76713 0.74401
vt 0.96098 0.94180
vt 0.96098 0.95490
vt 0.95918 0.94427
vt 0.98171 0.12384
vt 0.37505 0.95219
vt 0.36148 0.95438
vt 0.36161 0.95219
vt 0.80169 0.98302
vt 0.44752 0.10762
vt 0.76759 0.73861
vt 0.93423 0.79974
vt 0.22060 0.64283
vt 0.78112 0.73864
vt 0.94667 0.19346
vt 0.92890 0.79889
vt 0.24520 0.93689
vt 0.25819 0.92769
vt 0.25840 0.93689
vt 0.37500 0.95499
vt 0.39443 0.94375
vt 0.40652 0.94481
vt 0.39189 0.94547
vt 0.98922 0.18287
vt 0.99098 0.18539
vt 0.98107 0.18512
vt 0.24309 0.92539
vt 0.82532 0.05538
vt 0.82202 0.06246
vt 0.81358 0.05213
vt 0.80195 0.05996
vt 0.80995 0.07075
vt 0.74209 0.80850
vt 0.82580 0.07162
vt 0.91836 0.73970
vt 0.93194 0.74112
vt 0.93145 0.74932
vt 0.95174 0.55126
vt 0.94783 0.54761
vt 0.95407 0.54928
vt 0.95452 0.41185
vt 0.96140 0.41246
vt 0.95427 0.42506
vt 0.65447 0.99848
vt 0.65677 0.99154
vt 0.66066 0.99670
vt 0.89511 0.56514
vt 0.89392 0.56071
vt 0.90022 0.56342
vt 0.65172 0.99481
vt 0.94114 0.54605
vt 0.22339 0.65841
vt 0.96128 0.42547
vt 0.20315 0.93511
vt 0.20270 0.92617
vt 0.21796 0.92617
vt 0.45749 0.10270
vt 0.61472 0.84708
vt 0.60860 0.84908
vt 0.59352 0.84504
vt 0.21493 0.93438
vt 0.89376 0.55254
vt 0.54312 0.96084
vt 0.55475 0.96903
vt 0.54312 0.96785
vt 0.94298 0.40438
vt 0.94298 0.41844
vt 0.93483 0.40391
vt 0.59407 0.83323
vt 0.61556 0.83305
vt 0.55519 0.96061
vt 0.93678 0.32168
vt 0.93735 0.30607
vt 0.94411 0.30726
vt 0.94495 0.32155
vt 0.32195 0.96173
vt 0.33365 0.97093
vt 0.32195 0.97290
vt 0.90065 0.54759
vt 0.89522 0.54614
vt 0.63114 0.85974
vt 0.61853 0.86076
vt 0.61501 0.85780
vt 0.33374 0.96276
vt 0.63649 0.85818
vt 0.19563 0.98418
vt 0.20058 0.99100
vt 0.19662 0.99287
vt 0.95273 0.45037
vt 0.95317 0.44601
vt 0.95637 0.44521
vt 0.94184 0.44185
vt 0.47387 0.09535
vt 0.47134 0.09033
vt 0.95327 0.15025
vt 0.96539 0.14631
vt 0.96369 0.15059
vt 0.01375 0.50220
vt 0.00754 0.50845
vt 0.00721 0.50163
vt 0.06932 0.70046
vt 0.06734 0.70785
vt 0.05424 0.68636
vt 0.01369 0.50985
vt 0.47239 0.10203
vt 0.80314 0.96765
vt 0.79298 0.97313
vt 0.79198 0.96765
vt 0.93028 0.41945
vt 0.07446 0.82284
vt 0.07203 0.80391
vt 0.08237 0.81195
vt 0.05115 0.70755
vt 0.06606 0.81507
vt 0.80333 0.97346
vt 0.06611 0.68651
vt 0.08662 0.82098
vt 0.59986 0.82194
vt 0.60730 0.80856
vt 0.61075 0.81841
vt 0.82681 0.95708
vt 0.82442 0.94701
vt 0.83476 0.94262
vt 0.09512 0.80912
vt 0.08923 0.80452
vt 0.05286 0.69201
vt 0.14438 0.95598
vt 0.14176 0.94621
vt 0.15411 0.95569
vt 0.83975 0.95504
vt 0.58763 0.82317
vt 0.59292 0.81211
vt 0.59741 0.80972
vt 0.15514 0.94639
vt 0.98757 0.19658
vt 0.99537 0.18666
vt 0.99504 0.19658
vt 0.65657 0.92766
vt 0.65652 0.93761
vt 0.64192 0.93761
vt 0.58636 0.81330
vt 0.98617 0.18695
vt 0.04163 0.69202
vt 0.04132 0.70593
vt 0.03896 0.70280
vt 0.87551 0.68325
vt 0.87551 0.69261
vt 0.86631 0.68358
vt 0.99682 0.77745
vt 0.99662 0.78025
vt 0.99270 0.78044
vt 0.86601 0.69882
vt 0.87023 0.70398
vt 0.93148 0.96647
vt 0.92986 0.96417
vt 0.94239 0.96444
vt 0.64133 0.92770
vt 0.09806 0.57361
vt 0.08902 0.56415
vt 0.09124 0.55313
vt 0.05087 0.66314
vt 0.47890 0.00766
vt 0.08655 0.55416
vt 0.06450 0.66366
vt 0.42356 0.92911
vt 0.06575 0.66168
vt 0.47120 0.01457
vt 0.64762 0.83236
vt 0.63821 0.84903
vt 0.63748 0.93284
vt 0.63726 0.92275
vt 0.63968 0.92677
vt 0.07479 0.66344
vt 0.63778 0.83984
vt 0.09680 0.98402
vt 0.09283 0.97835
vt 0.45429 0.01479
vt 0.46395 0.00792
vt 0.09663 0.97357
vt 0.09324 0.97415
vt 0.63792 0.93703
vt 0.69699 0.72591
vt 0.68925 0.72403
vt 0.68670 0.72746
vt 0.63731 0.83092
vt 0.42548 0.91883
vt 0.42788 0.92511
vt 0.40306 0.72108
vt 0.39837 0.73800
vt 0.39915 0.72711
vt 0.43648 0.01441
vt 0.41935 0.01450
vt 0.41935 0.00617
vt 0.39277 0.72257
vt 0.68031 0.72403
vt 0.42797 0.91918
vt 0.67665 0.72887
vt 0.67688 0.72422
vt 0.45340 0.00827
vt 0.38758 0.72772
vt 0.45485 0.00838
vt 0.37644 0.72820
vt 0.29794 0.99217
vt 0.29837 0.98969
vt 0.29825 0.99435
vt 0.37279 0.01391
vt 0.38357 0.00613
vt 0.38333 0.01205
vt 0.24764 0.98288
vt 0.24783 0.98069
vt 0.25835 0.98287
vt 0.38264 0.72317
vt 0.25712 0.98079
vt 0.45339 0.01478
vt 0.34946 0.00555
vt 0.37338 0.72391
vt 0.26590 0.33588
vt 0.26590 0.33588
vt 0.26590 0.33588
vt 0.26590 0.33588
vt 0.26590 0.33588
vt 0.26590 0.33588
vt 0.26590 0.33588
vt 0.26590 0.33588
vt 0.26590 0.33588
vt 0.26590 0.33588
vt 0.26590 0.33588
vt 0.26590 0.33588
vt 0.26590 0.33588
vt 0.26590 0.33588
vt 0.26590 0.33588
vt 0.26590 0.33588
vt 0.26590 0.33588
vt 0.26590 0.33588
vt 0.26590 0.33588
vt 0.26590 0.33588
vt 0.26590 0.33588
vt 0.26590 0.33588
vt 0.26590 0.33588
vt 0.26590 0.33588
vt 0.26590 0.33588
vt 0.26590 0.33588
vt 0.26590 0.33588
vt 0.26590 0.33588
vt 0.26590 0.33588
vt 0.26590 0.33588
vt 0.26590 0.33588
vn 0.9378 -0.2257 -0.2639
vn 0.9017 -0.1822 -0.3922
vn 0.9013 -0.1830 -0.3926
vn 0.8457 0.0243 0.5331
vn 0.8154 -0.3238 -0.4799
vn 0.8294 -0.3370 -0.4456
vn 0.3575 0.0731 0.9311
vn 0.6480 0.0261 0.7612
vn 0.5395 0.7814 -0.3138
vn 0.6327 0.6773 -0.3755
vn 0.4849 0.8170 -0.3120
vn 0.5778 0.6826 -0.4474
vn 0.9375 -0.2156 -0.2730
vn 0.9365 -0.2155 -0.2767
vn 0.3566 0.3204 0.8776
vn 0.3839 0.3216 0.8656
vn 0.4507 0.3069 0.8383
vn 0.6029 0.0257 0.7974
vn 0.8570 -0.0610 0.5117
vn 0.8570 -0.0610 0.5117
vn 0.8570 -0.0610 0.5117
vn 0.6399 0.6388 -0.4271
vn 0.9368 -0.0260 -0.3488
vn 0.9313 0.0031 -0.3642
vn 0.9685 -0.0991 -0.2284
vn 0.8386 -0.3250 -0.4372
vn 0.8821 -0.2988 -0.3642
vn 0.9799 -0.1047 -0.1696
vn 0.9470 -0.1062 -0.3031
vn 0.4830 0.8083 -0.3366
vn 0.9345 -0.2693 -0.2329
vn 0.9495 -0.2020 -0.2401
vn 0.9297 -0.2789 -0.2404
vn 0.9377 -0.2618 -0.2283
vn 0.9356 -0.2692 -0.2286
vn -0.0666 -0.2400 -0.9685
vn -0.0788 -0.2340 -0.9690
vn 0.3115 0.4372 0.8437
vn 0.3244 0.4608 0.8261
vn 0.3331 0.4769 0.8134
vn 0.4246 0.3084 0.8512
vn 0.3922 0.3389 0.8552
vn 0.8992 -0.2759 -0.3396
vn 0.3506 0.0751 0.9335
vn 0.9280 -0.3581 -0.1031
vn 0.9249 -0.3570 -0.1308
vn 0.9293 -0.3586 -0.0881
vn 0.3594 0.0750 0.9302
vn 0.8523 0.1189 -0.5094
vn 0.3020 0.4198 0.8559
vn -0.1100 -0.9766 0.1850
vn -0.1100 -0.9766 0.1850
vn -0.1100 -0.9766 0.1850
vn 0.8520 0.1258 -0.5082
vn 0.3564 0.8759 -0.3253
vn 0.2706 0.8989 -0.3445
vn 0.3657 0.8256 -0.4296
vn 0.4805 0.3485 0.8048
vn 0.2434 0.3292 0.9123
vn 0.2745 0.3225 0.9059
vn 0.6351 0.2058 0.7445
vn 0.5624 0.6931 -0.4509
vn 0.0751 -0.9753 0.2076
vn -0.0782 -0.9708 0.2270
vn -0.0680 -0.9718 0.2258
vn 0.9046 -0.2701 -0.3297
vn 0.2978 0.0096 0.9546
vn 0.2795 0.0178 0.9600
vn 0.2927 0.0181 0.9560
vn 0.5573 0.4245 0.7136
vn 0.0544 0.9641 -0.2599
vn 0.0275 0.9635 -0.2661
vn 0.0623 0.9641 -0.2581
vn -0.0531 -0.9009 0.4308
vn -0.0562 -0.9399 0.3368
vn -0.0521 -0.8871 0.4586
vn 0.9227 -0.3561 -0.1479
vn 0.9412 -0.1147 -0.3178
vn 0.9459 -0.1034 -0.3074
vn 0.9633 -0.1422 -0.2278
vn 0.9414 -0.1315 -0.3106
vn 0.9042 -0.1760 -0.3891
vn 0.9832 0.0179 0.1815
vn 0.9828 0.0179 0.1839
vn 0.9761 -0.2053 0.0711
vn -0.0535 -0.2381 -0.9698
vn 0.4324 0.7820 -0.4489
vn 0.5187 0.7565 -0.3983
vn 0.4211 0.8366 -0.3503
vn 0.8425 0.5373 -0.0389
vn 0.8425 0.5373 -0.0389
vn 0.8425 0.5373 -0.0389
vn 0.6859 0.1874 0.7031
vn 0.9676 -0.2510 0.0267
vn 0.4312 -0.0703 -0.8995
vn 0.4312 -0.0703 -0.8995
vn 0.4312 -0.0703 -0.8995
vn 0.4829 -0.8701 -0.0985
vn 0.3846 -0.9224 -0.0366
vn 0.3525 -0.9357 -0.0172
vn 0.6104 0.6997 -0.3713
vn 0.9691 -0.1166 -0.2174
vn 0.9257 -0.2715 -0.2634
vn 0.3572 0.8060 -0.4720
vn 0.4981 -0.8603 -0.1083
vn 0.9529 -0.2495 -0.1722
vn 0.9700 -0.1751 -0.1685
vn 0.9700 -0.1751 -0.1685
vn 0.9700 -0.1751 -0.1685
vn -0.0574 -0.9550 0.2910
vn 0.9181 -0.2432 -0.3131
vn 0.9237 -0.3692 -0.1021
vn 0.8742 -0.0658 0.4811
vn 0.8742 -0.0658 0.4811
vn 0.8742 -0.0658 0.4811
vn 0.6592 0.1947 0.7264
vn 0.0910 -0.9745 0.2052
vn 0.3703 0.0723 0.9261
vn 0.9414 -0.1343 -0.3095
vn 0.9414 -0.1343 -0.3095
vn 0.9414 -0.1343 -0.3095
vn 0.3523 -0.9078 0.2276
vn 0.3523 -0.9078 0.2276
vn 0.3523 -0.9078 0.2276
vn 0.2681 0.0181 0.9632
vn 0.0821 -0.5576 -0.8260
vn 0.2048 -0.2105 -0.9559
vn 0.0956 -0.3385 -0.9361
vn -0.2790 -0.1419 0.9498
vn -0.2790 -0.1419 0.9498
vn -0.2790 -0.1419 0.9498
vn 0.8690 -0.3866 -0.3088
vn 0.2552 0.9386 -0.2323
vn -0.0897 -0.2486 -0.9644
vn -0.1656 -0.2793 -0.9458
vn 0.3447 0.1473 -0.9271
vn 0.3447 0.1473 -0.9271
vn 0.3447 0.1473 -0.9271
vn 0.4061 0.0810 0.9102
vn 0.6634 -0.5433 0.5145
vn 0.6634 -0.5433 0.5145
vn 0.6634 -0.5433 0.5145
vn -0.2566 -0.9187 0.3002
vn -0.2596 -0.9149 0.3092
vn -0.2551 -0.9187 0.3016
vn 0.4403 -0.6588 -0.6101
vn 0.4403 -0.6588 -0.6101
vn 0.4403 -0.6588 -0.6101
vn 0.9317 -0.3338 -0.1428
vn 0.9383 -0.3186 -0.1344
vn 0.9353 -0.3302 -0.1270
vn -0.2110 -0.1638 -0.9637
vn -0.2571 -0.1393 -0.9563
vn -0.2261 -0.1407 -0.9639
vn -0.1871 -0.9473 0.2600
vn -0.1533 -0.9347 0.3208
vn -0.1682 -0.9487 0.2677
vn 0.6558 -0.4527 -0.6042
vn 0.8291 -0.2339 -0.5078
vn 0.7360 -0.3609 -0.5728
vn 0.1107 0.8531 -0.5098
vn 0.1107 0.8531 -0.5098
vn 0.1107 0.8531 -0.5098
vn 0.1339 0.5792 -0.8041
vn -0.1582 -0.9344 0.3193
vn 0.8803 -0.1283 -0.4568
vn 0.9999 -0.0045 0.0097
vn 0.9999 -0.0045 0.0097
vn 0.9999 -0.0045 0.0097
vn 0.8788 -0.1488 -0.4534
vn -0.1801 -0.4015 -0.8980
vn -0.1899 -0.4041 -0.8948
vn -0.1743 -0.3999 -0.8998
vn -0.1666 -0.9859 0.0172
vn -0.1666 -0.9859 0.0172
vn -0.1666 -0.9859 0.0172
vn 0.0482 0.9840 -0.1713
vn 0.9142 -0.3372 -0.2250
vn 0.1255 -0.9641 0.2339
vn 0.1255 -0.9641 0.2339
vn 0.1255 -0.9641 0.2339
vn 0.3248 0.7536 0.5715
vn 0.1822 0.8651 0.4674
vn 0.3790 0.6489 0.6597
vn -0.0693 -0.2416 -0.9679
vn 0.1183 -0.9722 0.2021
vn 0.0566 -0.9724 0.2263
vn 0.0720 -0.9711 0.2277
vn 0.1139 0.5368 -0.8360
vn 0.1432 0.9738 0.1769
vn 0.1074 0.9897 0.0952
vn 0.1564 0.9657 0.2073
vn 0.9153 -0.3277 -0.2342
vn 0.6431 0.4069 -0.6488
vn 0.5178 0.5121 -0.6853
vn 0.6535 0.3968 -0.6446
vn 0.0132 -0.4190 -0.9079
vn -0.0072 -0.3773 -0.9261
vn 0.0611 -0.2742 -0.9597
vn -0.1021 -0.9756 0.1943
vn -0.2043 -0.3228 -0.9242
vn -0.2514 -0.4688 -0.8468
vn -0.1822 -0.4453 -0.8767
vn -0.0102 -0.9447 -0.3277
vn 0.0880 -0.8607 -0.5014
vn 0.2133 -0.7732 -0.5972
vn 0.4951 0.5285 -0.6896
vn 0.0406 -0.5301 -0.8469
vn -0.0007 -0.4870 -0.8734
vn 0.9906 0.0240 -0.1349
vn 0.9906 0.0240 -0.1349
vn 0.9906 0.0240 -0.1349
vn 0.0313 -0.6498 -0.7594
vn 0.1011 0.9916 0.0810
vn 0.0933 -0.7032 0.7048
vn 0.0933 -0.7032 0.7048
vn 0.0933 -0.7032 0.7048
vn -0.0106 -0.9658 0.2589
vn -0.8156 0.3120 0.4872
vn -0.8189 0.3862 0.4245
vn -0.7734 0.2929 0.5622
vn -0.1147 -0.5839 -0.8037
vn 0.0622 -0.0100 0.9980
vn -0.0079 -0.1068 0.9942
vn -0.0831 -0.2091 0.9744
vn -0.1597 -0.9235 0.3489
vn -0.6854 0.4143 0.5988
vn -0.6854 0.4143 0.5988
vn -0.6854 0.4143 0.5988
vn 0.8656 -0.3486 -0.3596
vn 0.8656 -0.3486 -0.3596
vn 0.8656 -0.3486 -0.3596
vn -0.0578 -0.9730 0.2234
vn 0.5740 0.6981 -0.4279
vn 0.6621 0.5231 -0.5366
vn 0.5230 0.7680 -0.3697
vn -0.7705 0.3013 0.5617
vn 0.5209 0.3320 0.7864
vn 0.5422 0.3936 0.7424
vn 0.9232 -0.0338 -0.3829
vn 0.9232 -0.0338 -0.3829
vn 0.6955 0.4195 -0.5834
vn -0.1492 -0.9144 0.3763
vn -0.2686 -0.9507 0.1554
vn -0.2822 -0.9509 0.1268
vn 0.6501 0.0204 0.7596
vn -0.3093 -0.8672 -0.3903
vn -0.3093 -0.8672 -0.3903
vn -0.3093 -0.8672 -0.3903
vn 0.0888 0.9637 -0.2517
vn 0.7238 -0.2411 -0.6465
vn 0.7238 -0.2411 -0.6465
vn 0.7238 -0.2411 -0.6465
vn -0.0411 0.4491 -0.8926
vn -0.1003 0.3263 -0.9399
vn -0.1973 0.5541 -0.8087
vn -0.1973 0.5541 -0.8087
vn -0.1973 0.5541 -0.8087
vn 0.0164 0.9686 -0.2479
vn -0.3282 -0.6171 -0.7151
vn -0.3355 -0.6005 -0.7259
vn -0.3171 -0.6416 -0.6984
vn -0.3200 -0.2737 -0.9070
vn -0.2513 -0.6560 -0.7116
vn -0.2532 -0.6492 -0.7172
vn -0.2456 -0.6764 -0.6944
vn -0.3344 -0.3191 -0.8867
vn -0.0092 -0.6619 0.7496
vn -0.2419 -0.8647 0.4402
vn -0.0403 -0.7036 0.7094
vn 0.2020 0.0488 0.9782
vn 0.2020 0.0488 0.9782
vn 0.2020 0.0488 0.9782
vn 0.2505 0.6668 0.7019
vn 0.2505 0.6668 0.7019
vn 0.2505 0.6668 0.7019
vn -0.2179 0.0945 -0.9714
vn -0.2433 0.1679 -0.9553
vn -0.2547 0.2020 -0.9457
vn -0.2259 -0.8926 0.3902
vn -0.0009 -0.3375 -0.9413
vn -0.2657 -0.9631 -0.0433
vn -0.2715 -0.9607 -0.0579
vn -0.3083 -0.9338 0.1817
vn -0.2060 -0.9326 0.2964
vn -0.2442 -0.9368 0.2506
vn -0.2229 -0.9332 0.2818
vn 0.2152 0.0453 0.9755
vn -0.6212 0.7101 -0.3316
vn -0.6212 0.7101 -0.3316
vn -0.6212 0.7101 -0.3316
vn -0.3342 -0.8810 0.3349
vn -0.0229 0.9916 -0.1271
vn -0.3945 -0.4702 -0.7895
vn -0.2216 -0.7106 -0.6678
vn -0.2345 -0.4770 -0.8471
vn -0.2896 -0.4787 -0.8288
vn -0.3225 -0.5111 -0.7967
vn 0.0115 0.5013 -0.8652
vn -0.1639 -0.3971 -0.9030
vn 0.3230 0.4312 0.8425
vn 0.3159 0.4442 0.8384
vn 0.3208 0.4353 0.8412
vn -0.2840 -0.9302 0.2323
vn -0.3495 -0.8697 0.3484
vn -0.0516 0.9979 -0.0390
vn -0.2427 -0.9077 0.3424
vn -0.2090 0.0695 -0.9754
vn -0.8549 0.2966 0.4256
vn 0.3270 0.4238 0.8447
vn -0.9348 0.2710 -0.2296
vn -0.9526 0.2179 -0.2123
vn -0.2014 0.9532 -0.2254
vn -0.2161 0.9527 -0.2137
vn -0.2068 0.9531 -0.2211
vn -0.8319 -0.0946 0.5468
vn -0.8612 0.1592 0.4827
vn -0.1998 0.9533 -0.2267
vn -0.2165 -0.8803 0.4222
vn -0.3100 -0.6564 -0.6878
vn 0.1407 0.1001 0.9850
vn -0.9658 0.2434 -0.0900
vn -0.9670 0.2324 -0.1046
vn -0.9678 0.1677 -0.1876
vn -0.3509 0.2005 -0.9147
vn -0.3509 0.2005 -0.9147
vn -0.3509 0.2005 -0.9147
vn -0.2908 -0.9327 0.2133
vn 0.5033 0.3842 0.7740
vn 0.4066 0.3288 0.8524
vn 0.7262 0.1950 0.6592
vn -0.1842 -0.3451 -0.9203
vn -0.2878 -0.3489 -0.8919
vn -0.0606 -0.3674 -0.9281
vn -0.1369 -0.9223 0.3614
vn -0.1354 -0.9147 0.3808
vn -0.9523 0.2748 0.1330
vn -0.7489 0.1313 0.6496
vn -0.5454 0.1260 0.8287
vn -0.6342 0.1293 0.7623
vn -0.1670 -0.9593 0.2279
vn -0.8102 0.5600 0.1732
vn -0.8102 0.5600 0.1732
vn -0.8102 0.5600 0.1732
vn -0.9669 0.1565 -0.2015
vn 0.2165 0.3707 0.9032
vn 0.2276 0.6756 -0.7012
vn 0.2276 0.6756 -0.7012
vn 0.2276 0.6756 -0.7012
vn -0.5452 -0.7519 0.3707
vn 0.1948 0.1563 0.9683
vn 0.1948 0.1563 0.9683
vn 0.1948 0.1563 0.9683
vn -0.7054 -0.6353 0.3144
vn -0.7054 -0.6353 0.3144
vn -0.7054 -0.6353 0.3144
vn 0.1280 -0.3791 -0.9164
vn 0.0610 0.3595 0.9311
vn -0.3009 -0.8677 0.3956
vn -0.3869 0.1172 0.9146
vn -0.2032 -0.5938 -0.7785
vn 0.0067 0.4228 0.9062
vn -0.9854 0.0571 0.1605
vn -0.9926 0.0419 0.1143
vn -0.9999 0.0086 0.0136
vn -0.9709 0.1302 0.2011
vn -0.9630 0.1282 0.2370
vn -0.9672 0.1013 0.2330
vn -1.0000 0.0034 -0.0020
vn -0.9438 0.1376 0.3004
vn -0.8890 0.1121 0.4440
vn -0.9571 0.2809 0.0704
vn -0.9131 0.3282 0.2418
vn -0.9625 0.2694 0.0301
vn -0.8770 0.3922 0.2775
vn -0.9150 0.3066 0.2622
vn -0.8770 0.3936 0.2757
vn -0.1261 -0.3055 -0.9438
vn -0.3274 -0.8710 0.3664
vn -0.9217 0.3747 0.0999
vn -0.9352 0.3491 0.0590
vn -0.9001 0.4060 0.1579
vn -0.9806 0.1956 -0.0122
vn 0.0618 0.1820 0.9814
vn 0.0764 0.1822 0.9803
vn 0.1096 0.1825 0.9771
vn -0.2815 -0.9390 -0.1976
vn -0.3159 -0.9470 -0.0577
vn -0.3556 -0.9213 0.1576
vn -0.3007 0.0740 0.9508
vn -0.4234 0.0311 0.9054
vn -0.2117 0.1030 0.9719
vn -0.5299 -0.1011 -0.8420
vn -0.5578 -0.0911 -0.8249
vn -0.7663 -0.0026 -0.6424
vn -0.5432 -0.5522 -0.6324
vn -0.5432 -0.5522 -0.6324
vn -0.5432 -0.5522 -0.6324
vn -0.2878 0.6299 0.7213
vn -0.2919 0.5996 0.7452
vn -0.2852 0.6472 0.7070
vn -0.2090 -0.6980 0.6849
vn -0.1602 -0.6744 0.7208
vn -0.1468 -0.6674 0.7301
vn -0.7876 0.0083 -0.6161
vn -0.0908 -0.6365 0.7659
vn 0.1164 0.1826 0.9763
vn -0.3560 0.2816 0.8910
vn -0.3200 0.2625 0.9103
vn -0.3517 0.2775 0.8940
vn -0.1712 -0.4774 -0.8618
vn -0.9052 0.4134 0.0992
vn -0.5069 -0.0001 0.8620
vn 0.1052 0.7436 0.6603
vn 0.0412 0.7235 0.6891
vn 0.0981 0.7635 0.6383
vn -0.9034 0.3365 0.2659
vn -0.5136 -0.3111 -0.7997
vn -0.5136 -0.3111 -0.7997
vn -0.5136 -0.3111 -0.7997
vn -0.6942 0.1567 -0.7025
vn -0.9277 0.2430 0.2834
vn -0.9270 0.2946 0.2323
vn -0.9217 0.2637 0.2846
vn -0.8849 0.4114 0.2182
vn -0.9527 0.1128 0.2823
vn -0.9846 -0.0170 0.1741
vn -0.9620 0.0600 0.2663
vn -0.8692 0.3087 0.3864
vn -0.8989 0.2396 0.3668
vn -0.8784 0.2887 0.3809
vn -0.9401 0.2905 0.1784
vn -0.9334 0.2990 0.1984
vn -0.9397 0.2886 0.1833
vn -0.9301 0.3098 0.1973
vn -0.2497 -0.9030 0.3496
vn -0.2638 -0.9012 0.3438
vn -0.6411 -0.1101 -0.7596
vn -0.5026 -0.3254 -0.8009
vn -0.5777 -0.2826 -0.7658
vn 0.1014 0.7385 -0.6666
vn 0.1014 0.7385 -0.6666
vn 0.1014 0.7385 -0.6666
vn -0.2815 0.6697 0.6872
vn -0.9121 0.3009 0.2784
vn 0.0441 0.9988 -0.0207
vn 0.1232 0.9924 -0.0055
vn 0.1649 0.9863 0.0027
vn 0.1025 0.7751 0.6235
vn -0.3460 -0.8804 0.3244
vn -0.1958 -0.3369 -0.9210
vn -0.3701 -0.3794 -0.8480
vn -0.2218 0.2487 0.9428
vn 0.0153 0.9995 -0.0261
vn 0.3374 0.3617 0.8691
vn 0.0818 0.3691 0.9258
vn 0.3651 0.3593 0.8588
vn -0.0914 0.8458 -0.5256
vn -0.0640 0.8327 -0.5500
vn -0.0411 0.8208 -0.5697
vn -0.7898 -0.4244 0.4427
vn -0.7898 -0.4244 0.4427
vn -0.7898 -0.4244 0.4427
vn -0.6476 0.1289 -0.7510
vn -0.9995 0.0218 0.0228
vn -0.3016 -0.4340 -0.8490
vn -0.9709 0.2393 0.0052
vn -0.6407 0.7667 0.0405
vn -0.3927 0.9135 0.1065
vn -0.5874 0.8073 0.0564
vn 0.0601 0.8069 0.5876
vn -0.3358 -0.8222 0.4596
vn -0.3405 -0.7888 0.5116
vn -0.3483 -0.8367 0.4226
vn 0.0065 0.7934 -0.6086
vn -0.9900 0.1005 -0.0985
vn -0.4255 -0.8112 0.4012
vn -0.9165 0.3971 0.0482
vn 0.2800 0.2755 0.9196
vn 0.2756 0.2263 0.9342
vn 0.1362 0.2922 0.9466
vn 0.1784 0.2888 0.9406
vn -0.3702 -0.8876 0.2741
vn -0.5359 -0.1898 -0.8226
vn 0.8514 -0.5134 0.1072
vn 0.8514 -0.5134 0.1072
vn 0.8514 -0.5134 0.1072
vn -0.9899 0.1383 -0.0328
vn -0.9546 0.2906 0.0656
vn -0.2999 -0.7905 -0.5341
vn -0.3027 -0.7156 -0.6295
vn -0.2738 -0.6205 -0.7348
vn -0.4001 -0.2841 -0.8713
vn -0.3482 -0.8571 0.3796
vn -0.9398 0.3387 0.0447
vn -0.9389 0.2926 0.1813
vn -0.9503 0.2113 0.2287
vn -0.2162 -0.9383 0.2700
vn -0.2393 -0.9285 0.2838
vn -0.2254 -0.9318 0.2846
vn -0.2436 -0.6833 -0.6883
vn -0.9784 0.2034 0.0376
vn -0.9770 0.2090 -0.0422
vn -0.1362 -0.0898 -0.9866
vn -0.9373 0.2371 0.2553
vn -0.9394 0.2444 0.2405
vn -0.8069 0.4212 0.4141
vn -0.3228 0.9386 0.1221
vn -0.2058 -0.9757 0.0757
vn -0.2198 -0.9500 0.2218
vn -0.2072 -0.9774 0.0420
vn -0.1822 -0.9422 0.2813
vn -0.3735 -0.0600 -0.9257
vn -0.3735 -0.0600 -0.9257
vn -0.3735 -0.0600 -0.9257
vn -0.9597 0.0712 -0.2718
vn -0.9597 0.0712 -0.2718
vn -0.9597 0.0712 -0.2718
vn 0.3632 0.3558 0.8611
vn -0.2913 -0.9441 0.1544
vn -0.0516 0.7759 -0.6287
vn -0.0516 0.7759 -0.6287
vn -0.0516 0.7759 -0.6287
vn -0.2001 -0.9297 -0.3092
vn -0.9384 0.2856 0.1944
vn -0.9301 0.2974 0.2154
vn -0.4651 -0.7478 0.4738
vn -0.5012 -0.7119 0.4919
vn -0.2850 -0.4062 -0.8682
vn -0.2781 -0.3469 -0.8957
vn -0.9394 0.3071 0.1522
vn -0.9532 0.2583 0.1570
vn -0.1135 0.1594 0.9807
vn -0.0590 0.1072 0.9925
vn -0.9809 0.1585 0.1128
vn -0.7400 -0.6689 -0.0705
vn -0.5507 -0.8313 0.0748
vn -0.5584 -0.8295 0.0031
vn -0.2292 -0.9424 0.2437
vn -0.9535 0.2610 0.1505
vn -0.9947 -0.0264 0.0991
vn -0.9947 -0.0264 0.0991
vn -0.9947 -0.0264 0.0991
vn -0.9503 0.2491 0.1865
vn -0.9448 0.1110 0.3083
vn -0.2263 -0.4034 -0.8866
vn -0.2467 -0.3589 -0.9002
vn -0.1892 -0.4913 -0.8502
vn -0.9427 0.2651 0.2023
vn -0.9400 0.2512 0.2309
vn -0.6583 0.0047 -0.7527
vn -0.6583 0.0047 -0.7527
vn -0.6583 0.0047 -0.7527
vn -0.9406 0.3360 0.0483
vn -0.2731 -0.3214 -0.9067
vn -0.2760 -0.9471 0.1637
vn -0.2409 -0.9559 0.1680
vn -0.4839 -0.8728 0.0646
vn -0.9517 0.2619 0.1599
vn 0.9232 -0.0338 -0.3829
vn 0.9336 -0.1065 -0.3422
vn 0.9336 -0.1065 -0.3422
vn 0.9336 -0.1065 -0.3422
vn 0.3772 -0.1279 0.9173
vn 0.3772 -0.1279 0.9173
vn 0.3772 -0.1279 0.9173
vn 0.8855 -0.3428 -0.3137
vn 0.8855 -0.3428 -0.3137
vn 0.8855 -0.3428 -0.3137
vn 0.2282 0.0150 0.9735
vn 0.2282 0.0150 0.9735
vn 0.2282 0.0150 0.9735
vn -0.0325 -0.9940 0.1046
vn -0.0325 -0.9940 0.1046
vn -0.0325 -0.9940 0.1046
vn 0.6004 -0.7568 -0.2584
vn 0.8481 -0.4544 -0.2727
vn 0.7067 -0.6715 -0.2229
vn 0.5733 -0.0110 -0.8193
vn 0.5733 -0.0110 -0.8193
vn 0.5733 -0.0110 -0.8193
vn 0.9034 -0.0041 -0.4287
vn 0.9295 0.0536 -0.3650
vn 0.9110 0.1362 -0.3892
vn 0.9651 -0.1096 -0.2379
vn 0.9698 -0.0903 -0.2264
vn 0.9516 0.0189 0.3069
vn 0.9343 0.0098 0.3564
vn 0.9126 -0.0459 0.4063
vn 0.4327 -0.9004 0.0446
vn 0.4288 -0.9027 0.0359
vn 0.4830 -0.8604 0.1627
vn 0.3240 0.4761 -0.8176
vn 0.1809 0.5671 -0.8035
vn 0.2189 0.5374 -0.8144
vn -0.5232 -0.0063 -0.8522
vn -0.5232 -0.0063 -0.8522
vn -0.5232 -0.0063 -0.8522
vn 0.2390 -0.2804 -0.9296
vn 0.2701 -0.2968 -0.9160
vn 0.1365 -0.2252 -0.9647
vn 0.3236 -0.3243 -0.8889
vn 0.8395 0.2770 -0.4675
vn 0.9487 -0.1459 -0.2805
vn 0.9016 -0.0586 0.4287
vn 0.9109 0.0736 0.4060
vn 0.9013 0.0404 0.4313
vn 0.9295 0.1703 0.3272
vn 0.8847 -0.0072 0.4662
vn -0.0195 -0.9998 0.0024
vn 0.0248 -0.9997 -0.0016
vn 0.0302 -0.9995 -0.0034
vn 0.8861 -0.0197 -0.4631
vn 0.0048 0.9992 -0.0391
vn -0.0149 0.9997 -0.0172
vn -0.0335 0.9666 0.2542
vn 0.9315 -0.2320 -0.2802
vn 0.9315 -0.2320 -0.2802
vn 0.9315 -0.2320 -0.2802
vn 0.9265 0.1170 0.3578
vn 0.9631 -0.0483 0.2648
vn 0.9469 0.0262 0.3204
vn 0.9462 0.0598 0.3179
vn 0.8867 0.2238 0.4045
vn 0.9662 -0.1487 -0.2103
vn 0.9604 -0.1421 -0.2399
vn 0.9787 -0.1687 -0.1168
vn -0.0060 0.9975 -0.0701
vn -0.0326 0.9965 -0.0766
vn 0.0791 0.9957 -0.0489
vn 0.6811 -0.1423 -0.7182
vn 0.3540 -0.2472 -0.9020
vn 0.4908 -0.1717 -0.8542
vn 0.9240 -0.0410 0.3802
vn 0.9455 -0.1280 -0.2995
vn 0.9379 -0.0389 0.3446
vn 0.9366 -0.0431 0.3478
vn 0.9368 -0.0424 0.3473
vn 0.9349 -0.0480 0.3516
vn 0.0908 -0.0405 -0.9950
vn 0.0966 -0.0369 -0.9946
vn 0.1041 -0.0323 -0.9940
vn -0.3679 -0.1836 0.9116
vn -0.3868 -0.1494 0.9100
vn -0.4138 -0.0980 0.9051
vn 0.9437 -0.2435 -0.2238
vn 0.3767 -0.9237 -0.0704
vn 0.0409 -0.9991 -0.0056
vn -0.4310 -0.0636 0.9001
vn 0.9249 -0.0881 0.3698
vn 0.7842 0.5085 -0.3556
vn 0.7842 0.5085 -0.3556
vn 0.7842 0.5085 -0.3556
vn 0.9323 -0.3121 -0.1828
vn 0.9121 -0.0239 -0.4094
vn 0.9121 -0.0239 -0.4094
vn 0.9121 -0.0239 -0.4094
vn 0.0972 0.6296 -0.7708
vn 0.0599 0.6710 -0.7390
vn 0.1285 0.5924 -0.7953
vn 0.4306 -0.4456 -0.7849
vn 0.4306 -0.4456 -0.7849
vn 0.4306 -0.4456 -0.7849
vn -0.0466 0.9957 -0.0800
vn -0.0929 -0.9859 0.1393
vn -0.0939 -0.9874 0.1277
vn -0.0940 -0.9876 0.1255
vn 0.9402 -0.2664 -0.2124
vn 0.9677 -0.1241 -0.2193
vn 0.9775 -0.0246 -0.2095
vn 0.2536 -0.1096 0.9611
vn 0.1587 -0.3395 0.9271
vn 0.1371 -0.3859 0.9123
vn 0.9371 0.1137 0.3299
vn 0.8518 -0.0408 0.5222
vn -0.0925 -0.9853 0.1433
vn -0.1736 -0.2716 0.9466
vn -0.1365 -0.3207 0.9373
vn -0.1572 -0.2935 0.9429
vn -0.2001 -0.2354 0.9511
vn -0.5123 -0.7996 0.3133
vn -0.5123 -0.7996 0.3133
vn -0.5123 -0.7996 0.3133
vn 0.2251 -0.1010 -0.9691
vn 0.1194 0.0683 -0.9905
vn -0.2196 -0.1801 0.9588
vn -0.2603 -0.1012 0.9602
vn -0.2447 -0.1320 0.9606
vn 0.1672 -0.9815 0.0935
vn 0.1812 -0.9673 0.1773
vn 0.1285 -0.9855 -0.1105
vn 0.9663 0.0088 0.2573
vn -0.0467 0.9957 -0.0800
vn 0.1200 -0.9813 -0.1507
vn -0.0973 0.8836 0.4581
vn -0.0569 0.7471 0.6623
vn 0.2995 0.9531 -0.0443
vn 0.2995 0.9531 -0.0443
vn 0.2995 0.9531 -0.0443
vn -0.1227 -0.9920 -0.0310
vn -0.1374 -0.9890 -0.0541
vn -0.0836 -0.9961 0.0300
vn 0.0744 -0.9957 0.0551
vn 0.1792 -0.9686 0.1722
vn 0.0234 -0.9988 -0.0428
vn 0.1477 0.5668 -0.8105
vn -0.1064 -0.9885 -0.1078
vn -0.0410 -0.9990 0.0179
vn -0.2078 -0.9598 -0.1888
vn 0.1684 0.5418 -0.8235
vn -0.0168 0.8789 -0.4768
vn -0.0255 0.9114 -0.4108
vn -0.0351 0.8852 -0.4639
vn -0.0705 -0.9955 0.0628
vn -0.0604 0.6477 -0.7595
vn -0.1410 0.6349 -0.7596
vn 0.0054 0.6682 -0.7440
vn 0.8178 0.5476 0.1772
vn 0.9737 0.2249 0.0361
vn 0.9586 0.2746 0.0752
vn -0.0223 -0.7996 0.6001
vn -0.0223 -0.7996 0.6001
vn -0.0223 -0.7996 0.6001
vn 0.9971 0.0558 -0.0525
vn -0.0729 -0.9963 0.0464
vn 0.0396 -0.9992 -0.0076
vn -0.0271 -0.9993 0.0247
vn -0.0196 -0.9983 0.0546
vn -0.0340 -0.9994 -0.0032
vn -0.0352 -0.9241 0.3806
vn -0.0575 -0.7113 -0.7005
vn 0.0711 -0.6813 -0.7286
vn 0.1027 -0.6719 -0.7335
vn 0.9650 -0.0016 -0.2623
vn 0.9785 -0.0154 -0.2059
vn 0.9653 -0.0012 -0.2611
vn -0.2803 -0.2995 -0.9120
vn -0.2623 -0.3732 -0.8899
vn -0.2439 -0.4106 -0.8786
vn 0.9954 0.0332 -0.0896
vn 0.8868 -0.0869 0.4540
vn 0.9745 -0.0153 -0.2240
vn 0.3498 0.6690 0.6558
vn 0.3498 0.6690 0.6558
vn 0.3498 0.6690 0.6558
vn -0.0403 -0.9988 -0.0289
vn -0.1699 -0.9826 0.0754
vn 0.0346 -0.9992 0.0187
vn 0.0305 -0.9994 0.0168
vn 0.0290 -0.9994 0.0161
vn 0.9873 -0.0554 -0.1486
vn 0.0838 -0.0449 -0.9955
vn -0.2004 -0.2157 0.9557
vn -0.0076 0.9040 -0.4274
vn -0.1571 0.0667 -0.9853
vn -0.1463 0.0874 -0.9854
vn -0.1356 0.1077 -0.9849
vn 0.8306 -0.0766 0.5516
vn -0.1010 -0.7186 -0.6880
vn 0.9953 -0.0166 0.0952
vn 0.9956 -0.0123 0.0931
vn 0.9954 -0.0149 0.0943
vn 0.9696 -0.0510 -0.2393
vn 0.9925 -0.0399 -0.1153
vn 0.9957 -0.0107 0.0923
vn 0.0146 0.9930 -0.1172
vn 0.0146 0.9930 -0.1172
vn 0.0146 0.9930 -0.1172
vn 0.4671 -0.1015 0.8783
vn 0.1113 0.6876 0.7175
vn 0.1138 0.6110 0.7834
vn 0.0882 0.4896 0.8675
vn 0.1553 0.5567 -0.8161
vn 0.2182 -0.0095 0.9759
vn 0.1997 -0.0235 0.9796
vn 0.1930 -0.0287 0.9808
vn -0.2878 -0.2890 -0.9131
vn 0.9600 -0.2460 -0.1339
vn 0.9724 -0.1829 -0.1446
vn 0.9745 -0.1593 -0.1578
vn 0.9929 -0.1124 -0.0398
vn -0.9988 0.0240 -0.0427
vn -0.9969 0.0446 -0.0654
vn -0.9980 0.0633 0.0021
vn -0.1278 0.1224 -0.9842
vn 0.9641 -0.0047 -0.2657
vn 0.9435 0.0389 -0.3292
vn 0.9708 -0.0695 -0.2297
vn -0.9999 0.0081 0.0130
vn 0.1708 0.0130 0.9852
vn 0.2183 0.0863 0.9721
vn 0.1374 -0.0599 0.9887
vn -0.9920 0.0310 -0.1222
vn -0.0517 0.9244 -0.3778
vn -0.0847 0.8740 -0.4785
vn -0.3376 -0.5928 0.7312
vn -0.3376 -0.5928 0.7312
vn -0.3376 -0.5928 0.7312
vn 0.9947 -0.0930 0.0428
vn 0.9870 -0.0200 -0.1594
vn -0.7787 0.1463 0.6101
vn -0.7787 0.1463 0.6101
vn -0.7787 0.1463 0.6101
vn -0.1106 -0.9935 0.0273
vn -0.0837 -0.9950 0.0552
vn -0.9976 -0.0422 0.0551
vn 0.6985 0.7107 -0.0832
vn 0.5972 0.8005 -0.0506
vn 0.3062 0.9408 0.1454
vn 0.2784 0.1598 0.9471
vn -0.1602 -0.9850 -0.0649
vn 0.0163 -0.9966 0.0803
vn 0.9947 -0.0566 -0.0855
vn 0.9944 -0.0594 -0.0871
vn 0.9951 -0.0535 -0.0837
vn -0.6851 -0.0033 -0.7284
vn -0.6851 -0.0033 -0.7284
vn -0.6851 -0.0033 -0.7284
vn -0.9906 0.0330 -0.1330
vn -0.9933 0.0139 -0.1146
vn 0.7402 0.0283 0.6718
vn 0.7402 0.0283 0.6718
vn 0.7402 0.0283 0.6718
vn -0.3161 -0.9322 0.1761
vn -0.3161 -0.9322 0.1761
vn -0.3161 -0.9322 0.1761
vn -0.0684 0.9726 0.2222
vn 0.9754 0.1041 0.1946
vn 0.9940 -0.0067 -0.1091
vn 0.4731 0.0292 0.8805
vn 0.3765 0.1073 0.9202
vn 0.6165 0.1382 0.7752
vn 0.9511 -0.0411 -0.3062
vn 0.9941 -0.0624 -0.0888
vn 0.9607 0.1320 0.2440
vn 0.9519 0.1803 -0.2477
vn 0.9532 0.1754 -0.2463
vn 0.9537 0.1733 -0.2457
vn 0.2380 -0.0548 -0.9697
vn -0.3053 -0.9190 0.2494
vn -0.3053 -0.9190 0.2494
vn -0.3053 -0.9190 0.2494
vn 0.3456 0.0718 0.9356
vn 0.9070 -0.2613 -0.3302
vn 0.9701 -0.1333 -0.2028
vn -0.2705 -0.0926 -0.9583
vn -0.3195 -0.1320 -0.9383
vn -0.2305 -0.0384 -0.9723
vn 0.9568 -0.1925 -0.2177
vn 0.3904 -0.9184 0.0636
vn 0.1940 -0.9808 0.0207
vn 0.2287 -0.9731 0.0282
vn -0.1081 0.6490 -0.7531
vn 0.8401 -0.4237 -0.3388
vn 0.1461 0.7260 0.6720
vn -0.0533 -0.9396 0.3381
vn 0.3542 -0.6228 0.6976
vn 0.3680 -0.6481 0.6667
vn 0.1523 -0.6143 0.7742
vn 0.5893 0.8058 0.0579
vn 0.5893 0.8058 0.0579
vn 0.5893 0.8058 0.0579
vn 0.9738 -0.1147 -0.1964
vn -0.5088 0.2254 -0.8309
vn -0.5088 0.2254 -0.8309
vn -0.5088 0.2254 -0.8309
vn 0.9511 0.1833 -0.2485
vn 0.7868 0.2644 0.5577
vn -0.2059 -0.8107 0.5480
vn 0.2209 -0.4323 -0.8742
vn 0.2209 -0.4323 -0.8742
vn 0.2209 -0.4323 -0.8742
vn 0.8635 -0.4216 -0.2768
vn 0.1166 0.3610 0.9252
vn -0.9902 0.0199 -0.1382
vn -0.9869 0.0477 -0.1539
vn -0.9843 0.0654 -0.1638
vn -0.0228 0.9992 0.0329
vn 0.0048 0.9988 0.0494
vn -0.0238 0.9992 0.0323
vn 0.2321 -0.0658 0.9705
vn 0.2329 -0.0650 0.9703
vn 0.1367 -0.1511 0.9790
vn 0.4166 -0.9065 0.0694
vn 0.2613 -0.6971 0.6677
vn -0.2840 -0.2126 -0.9349
vn -0.2834 -0.2149 -0.9346
vn -0.2854 -0.2028 -0.9367
vn -0.7563 -0.6164 -0.2193
vn -0.7563 -0.6164 -0.2193
vn -0.7563 -0.6164 -0.2193
vn -0.4986 0.7032 0.5069
vn -0.4986 0.7032 0.5069
vn -0.4986 0.7032 0.5069
vn -0.9941 0.1013 0.0384
vn -0.9757 0.0340 -0.2165
vn -0.9972 0.0421 -0.0622
vn -0.0154 0.9991 0.0384
vn 0.0091 0.9987 0.0502
vn -0.0199 0.9991 0.0362
vn -0.9773 0.1036 -0.1850
vn -0.9689 -0.0006 -0.2476
vn 0.9797 -0.0921 -0.1778
vn -0.3992 -0.1289 -0.9078
vn -0.0609 -0.9976 0.0330
vn 0.0403 -0.9992 -0.0035
vn -0.0281 -0.9996 0.0011
vn -0.2633 -0.3351 -0.9046
vn -0.2634 -0.3355 -0.9045
vn -0.2636 -0.3401 -0.9027
vn -0.1217 -0.9901 0.0697
vn -0.9648 -0.0534 -0.2575
vn 0.9356 0.0192 -0.3526
vn 0.9584 -0.0547 -0.2801
vn 0.9691 -0.1145 -0.2186
vn 0.0243 -0.9996 0.0139
vn 0.1815 -0.5543 0.8123
vn 0.1815 -0.5543 0.8123
vn 0.1815 -0.5543 0.8123
vn -0.0346 -0.9993 -0.0171
vn 0.3250 0.0218 0.9455
vn 0.9796 -0.0846 -0.1820
vn 0.1981 0.9402 0.2772
vn -0.2805 -0.2017 -0.9384
vn 0.2762 -0.0472 0.9600
vn -0.0744 0.9942 0.0778
vn -0.0372 0.9863 0.1607
vn 0.0622 0.8366 0.5443
vn 0.9224 0.0513 -0.3829
vn -0.0231 -0.9981 -0.0573
vn 0.0592 -0.9344 -0.3514
vn 0.0503 -0.9635 -0.2630
vn 0.0294 -0.9977 -0.0608
vn -0.0381 -0.9992 -0.0077
vn -0.0295 -0.9996 0.0012
vn -0.0341 -0.9994 -0.0035
vn -0.9613 -0.0242 -0.2746
vn -0.9238 0.0345 -0.3813
vn -0.2544 -0.9657 -0.0525
vn -0.0469 0.9987 0.0185
vn 0.1760 -0.0415 0.9835
vn -0.2978 -0.0542 -0.9531
vn -0.3232 -0.0153 -0.9462
vn -0.3131 -0.0310 -0.9492
vn 0.0206 -0.9995 0.0222
vn -0.0586 -0.9450 0.3217
vn -0.1536 -0.9684 0.1963
vn -0.1528 -0.9629 0.2225
vn -0.1432 0.6623 -0.7354
vn 0.7199 -0.3018 -0.6250
vn 0.7141 -0.3274 -0.6188
vn 0.6904 -0.4120 -0.5946
vn -0.0301 -0.9982 -0.0517
vn -0.0369 -0.9990 -0.0263
vn -0.0334 -0.9987 -0.0394
vn -0.2637 -0.3407 -0.9024
vn -0.1202 0.5854 -0.8018
vn -0.0881 0.6688 -0.7382
vn -0.5967 0.6118 0.5193
vn -0.5967 0.6118 0.5193
vn -0.5967 0.6118 0.5193
vn -0.1317 -0.9663 0.2210
vn -0.2465 -0.3501 -0.9037
vn 0.2191 0.2548 0.9418
vn -0.1034 0.6665 -0.7383
vn 0.7289 -0.2567 -0.6347
vn 0.2005 0.0138 0.9796
vn 0.1615 -0.0496 0.9856
vn -0.0251 -0.9997 0.0058
vn 0.2096 0.2386 0.9482
vn 0.1419 -0.6157 0.7751
vn 0.0622 0.8134 0.5783
vn -0.9425 0.0792 0.3248
vn -0.9425 0.0792 0.3248
vn -0.9425 0.0792 0.3248
vn -0.9513 0.0449 0.3051
vn -0.9518 0.0722 0.2981
vn -0.9502 0.0349 0.3097
vn -0.9497 0.0830 0.3021
vn 0.1912 0.1552 0.9692
vn 0.1912 0.1552 0.9692
vn 0.1912 0.1552 0.9692
vn 0.0263 -0.9885 0.1489
vn -0.0449 0.9987 0.0240
vn 0.3127 0.2663 0.9117
vn -0.0265 -0.9975 -0.0653
vn 0.9717 -0.0721 -0.2250
vn 0.9618 -0.1303 -0.2409
vn 0.9690 -0.0735 -0.2360
vn -0.3708 -0.9284 0.0241
vn -0.1614 -0.9186 0.3606
vn -0.9741 -0.0338 0.2235
vn -0.9479 -0.0199 0.3180
vn -0.9771 -0.1072 0.1838
vn -0.3364 0.0054 -0.9417
vn -0.9527 -0.0010 0.3038
vn -0.9325 0.0266 0.3601
vn 0.9758 -0.0067 -0.2186
vn -0.9486 -0.0193 0.3158
vn 0.9748 -0.0023 -0.2229
vn 0.2261 0.2520 0.9409
vn 0.9481 -0.1748 -0.2656
vn -0.9476 0.0876 0.3071
vn 0.1268 0.9265 0.3543
vn -0.0261 -0.5283 0.8487
vn 0.0415 0.8076 -0.5882
vn 0.0415 0.8076 -0.5882
vn 0.0415 0.8076 -0.5882
vn -0.0513 -0.9987 -0.0036
vn 0.0796 0.0405 -0.9960
vn -0.0480 0.1211 -0.9915
vn -0.1042 0.1951 -0.9752
vn -0.1590 0.6112 -0.7753
vn -0.1502 0.5963 -0.7886
vn -0.1643 0.6200 -0.7672
vn -0.9417 0.2946 0.1628
vn -0.9498 0.2580 0.1770
vn -0.9627 0.1731 0.2082
vn -0.9667 0.1171 0.2275
vn -0.4273 -0.1241 -0.8956
vn -0.9426 0.2961 0.1546
vn -0.9731 0.0874 0.2130
vn -0.9612 0.1939 0.1961
vn -0.9588 0.0488 0.2799
vn -0.9655 0.0713 0.2506
vn -0.9589 0.0493 0.2793
vn 0.6834 0.2371 -0.6905
vn 0.6834 0.2371 -0.6905
vn 0.6834 0.2371 -0.6905
vn 0.2091 -0.2632 0.9418
vn 0.2341 -0.2041 0.9505
vn 0.2155 -0.2484 0.9444
vn -0.2285 -0.1769 -0.9573
vn -0.2230 -0.2309 -0.9471
vn -0.2280 -0.1818 -0.9565
vn -0.1738 -0.8733 0.4552
vn -0.2381 -0.3695 -0.8982
vn -0.9499 0.1589 0.2691
vn -0.9499 0.1589 0.2691
vn -0.9499 0.1589 0.2691
vn -0.5442 0.7941 0.2706
vn -0.5442 0.7941 0.2706
vn -0.5442 0.7941 0.2706
vn 0.9624 -0.0359 -0.2693
vn 0.9947 -0.0212 -0.1011
vn 0.9902 0.0377 -0.1348
vn -0.2275 -0.7433 -0.6291
vn -0.2355 -0.7348 -0.6361
vn -0.2285 -0.7423 -0.6300
vn -0.9757 0.0199 0.2180
vn -0.9560 0.0495 0.2893
vn 0.4011 -0.8828 0.2447
vn 0.4011 -0.8828 0.2447
vn 0.4011 -0.8828 0.2447
vn 0.9950 0.0012 -0.1003
vn 0.9965 -0.0225 -0.0807
vn 0.9959 -0.0710 -0.0567
vn -0.0209 -0.9932 -0.1143
vn 0.0424 -0.9839 0.1734
vn -0.1026 -0.7686 0.6315
vn -0.1239 -0.7660 0.6308
vn -0.2493 -0.7434 0.6207
vn -0.3719 0.6880 -0.6232
vn -0.5730 0.7118 -0.4063
vn -0.3196 0.6736 -0.6664
vn -0.9727 0.1638 0.1646
vn -0.9736 0.0147 0.2277
vn 0.0999 0.9397 0.3272
vn 0.9938 -0.0534 -0.0975
vn -0.0158 -0.9998 0.0148
vn -0.0210 -0.9994 0.0278
vn -0.0172 -0.9997 0.0182
vn 0.9867 -0.0699 -0.1469
vn -0.2760 -0.2029 -0.9395
vn 0.9572 0.2541 -0.1385
vn -0.9117 0.4100 -0.0243
vn -0.9782 0.1332 0.1594
vn -0.1497 -0.8724 0.4653
vn -0.2180 -0.7530 -0.6208
vn -0.2923 -0.0525 -0.9549
vn -0.2784 -0.0901 -0.9562
vn -0.2212 0.0114 -0.9752
vn -0.9626 -0.0443 0.2673
vn -0.9619 -0.0690 0.2647
vn -0.9731 -0.0476 0.2256
vn 0.9833 -0.0579 -0.1725
vn -0.5485 -0.3820 -0.7438
vn -0.4189 -0.4068 -0.8118
vn -0.7467 -0.2901 -0.5986
vn 0.6376 0.0138 0.7702
vn 0.6376 0.0138 0.7702
vn 0.6376 0.0138 0.7702
vn 0.1760 0.2268 0.9579
vn -0.6263 0.7063 -0.3301
vn -0.7015 -0.3250 -0.6343
vn -0.2705 -0.7382 0.6179
vn -0.9566 -0.0546 0.2863
vn -0.9729 -0.0355 0.2286
vn -0.9957 0.0703 0.0597
vn -0.9930 0.0938 0.0711
vn -0.0306 0.8888 -0.4573
vn -0.0357 0.8977 -0.4392
vn -0.0248 0.8783 -0.4774
vn -0.4210 -0.4127 -0.8077
vn -0.9669 0.1206 0.2247
vn 0.0378 0.9989 0.0273
vn 0.0442 0.9984 0.0352
vn 0.0540 0.9974 0.0473
vn -0.9607 0.1144 0.2530
vn 0.2745 -0.0968 0.9567
vn 0.2677 -0.0790 0.9603
vn 0.2796 -0.1103 0.9537
vn -0.9648 0.1586 0.2098
vn -0.9602 0.1802 0.2133
vn -0.9640 0.1624 0.2104
vn 0.0003 -0.9885 0.1514
vn -0.0225 -0.9971 0.0733
vn -0.0074 -0.9982 0.0600
vn 0.0976 -0.0800 -0.9920
vn 0.0976 -0.0800 -0.9920
vn 0.0976 -0.0800 -0.9920
vn 0.0809 0.9599 0.2683
vn 0.0471 0.9899 0.1336
vn 0.0464 0.9862 0.1591
vn -0.6154 -0.6313 -0.4719
vn -0.6154 -0.6313 -0.4719
vn -0.6154 -0.6313 -0.4719
vn -0.9653 0.0280 0.2596
vn -0.9390 0.0876 0.3326
vn -0.2156 0.4382 -0.8726
vn -0.1597 0.3558 -0.9208
vn -0.1779 0.2827 -0.9426
vn -0.1582 0.3616 -0.9188
vn -0.0284 -0.9995 0.0110
vn 0.6904 0.0190 -0.7232
vn 0.6904 0.0190 -0.7232
vn 0.6904 0.0190 -0.7232
vn -0.0926 0.7499 0.6551
vn -0.1152 0.7446 0.6575
vn -0.5683 0.8038 0.1759
vn -0.5683 0.8038 0.1759
vn -0.5683 0.8038 0.1759
vn 0.1288 -0.6764 -0.7252
vn 0.1288 -0.6764 -0.7252
vn 0.1288 -0.6764 -0.7252
vn -0.9694 0.1339 0.2056
vn 0.2413 -0.1865 0.9523
vn -0.4573 -0.1143 -0.8819
vn -0.2225 -0.2354 -0.9461
vn -0.9632 0.1295 0.2354
vn -0.0123 -0.9999 0.0058
vn -0.1143 -0.9931 0.0262
vn -0.1388 -0.9903 -0.0086
vn -0.1558 -0.9872 -0.0328
vn -0.1213 0.9923 -0.0269
vn 0.0016 0.9997 -0.0247
vn -0.0057 0.9967 -0.0810
vn -0.1799 0.2743 -0.9447
vn -0.1386 -0.4450 0.8847
vn -0.3277 -0.4259 0.8433
vn -0.2848 -0.4318 0.8558
vn -0.0775 -0.4476 0.8909
vn -0.9393 0.2844 0.1918
vn 0.0291 0.9985 -0.0467
vn 0.9780 -0.0254 -0.2071
vn 0.9785 -0.0289 -0.2040
vn 0.9253 -0.0339 -0.3777
vn -0.0891 -0.9941 0.0617
vn 0.3287 -0.0748 0.9415
vn 0.3287 -0.0748 0.9415
vn 0.3287 -0.0748 0.9415
vn -0.9670 0.2062 0.1499
vn -0.8632 0.4924 0.1114
vn -0.9422 0.2773 0.1879
vn 0.0458 0.9981 0.0415
vn 0.0319 0.9990 0.0308
vn -0.3953 0.5429 0.7409
vn -0.3953 0.5429 0.7409
vn -0.3953 0.5429 0.7409
vn -0.9694 0.1316 0.2071
vn 0.9596 -0.0055 -0.2813
vn 0.0840 0.9631 0.2557
vn -0.0201 0.8695 -0.4935
vn 0.8807 0.0115 -0.4735
vn 0.2632 -0.0672 0.9624
vn -0.1074 -0.5201 0.8473
vn -0.1074 -0.5201 0.8473
vn -0.1074 -0.5201 0.8473
vn -0.1730 0.6343 -0.7535
vn -0.6770 -0.0227 0.7356
vn -0.5519 0.0239 0.8336
vn -0.6415 0.0111 0.7671
vn 0.2163 0.9761 0.0195
vn 0.2163 0.9761 0.0195
vn 0.2163 0.9761 0.0195
vn -0.0925 -0.9919 0.0873
vn -0.0270 -0.9990 0.0364
vn 0.0330 -0.9985 0.0440
vn -0.0018 -0.9999 0.0167
vn -0.1681 0.4546 -0.8747
vn -0.1001 0.5713 -0.8146
vn -0.2069 0.3802 -0.9015
vn -0.2188 0.4686 -0.8559
vn -0.3011 -0.2187 -0.9282
vn -0.0490 0.1122 0.9925
vn -0.0490 0.1122 0.9925
vn -0.0490 0.1122 0.9925
vn -0.0295 -0.9981 -0.0536
vn -0.0299 -0.9813 -0.1904
vn -0.0464 -0.9911 -0.1245
vn -0.0696 0.7101 -0.7006
vn -0.1457 0.6676 -0.7301
vn -0.0579 0.7161 -0.6956
vn 0.9382 -0.1910 -0.2885
vn 0.9172 -0.1213 -0.3794
vn -0.4563 -0.1093 -0.8831
vn -0.9076 0.1114 -0.4049
vn -0.9076 0.1114 -0.4049
vn -0.9076 0.1114 -0.4049
vn -0.9563 0.2403 0.1666
vn -0.9500 0.2621 0.1694
vn -0.9976 0.0577 0.0371
vn -0.6607 -0.3495 -0.6643
vn -0.6607 -0.3495 -0.6643
vn -0.6607 -0.3495 -0.6643
vn 0.0267 -0.9996 0.0093
vn 0.0125 0.9996 0.0250
vn -0.9794 0.1857 0.0789
vn 0.0242 0.9996 -0.0109
vn 0.0616 0.9965 0.0565
vn -0.9203 0.1847 0.3448
vn -0.8988 0.2397 0.3671
vn -0.9136 0.2029 0.3523
vn -0.9992 0.0325 0.0233
vn -0.9644 -0.0029 0.2644
vn -0.9644 -0.0029 0.2644
vn -0.9644 -0.0029 0.2644
vn -0.7034 -0.0165 0.7106
vn -0.0730 0.6134 -0.7864
vn -0.9936 0.0272 0.1098
vn -0.9993 -0.0264 0.0283
vn 0.0896 0.9870 -0.1332
vn 0.1539 0.9860 -0.0644
vn 0.0126 0.9997 0.0220
vn -0.3270 -0.2835 -0.9015
vn -0.9979 0.0456 0.0468
vn -0.6640 0.0565 0.7456
vn -0.3538 -0.8133 0.4620
vn -0.3538 -0.8133 0.4620
vn -0.3538 -0.8133 0.4620
vn -0.0158 -0.9807 0.1951
vn -0.1603 -0.0265 -0.9867
vn -0.1841 -0.0433 -0.9820
vn -0.1760 -0.0376 -0.9837
vn -0.8908 0.2577 0.3742
vn 0.3648 0.8844 -0.2913
vn 0.3156 0.0459 0.9478
vn 0.3000 0.0251 0.9536
vn 0.3052 0.0319 0.9518
vn -0.5303 0.1091 -0.8408
vn -0.5199 0.1166 -0.8462
vn -0.4756 0.1477 -0.8672
vn -0.0189 0.9904 0.1369
vn 0.0948 0.9952 0.0232
vn 0.4228 -0.1323 -0.8965
vn 0.4135 -0.1371 -0.9001
vn 0.4408 -0.1228 -0.8891
vn 0.0338 -0.9994 -0.0026
vn -0.9091 -0.0328 -0.4152
vn -0.9969 0.0406 0.0676
vn -0.9746 0.0182 -0.2234
vn -0.9714 0.0580 0.2303
vn -0.9626 0.0882 0.2562
vn -0.9605 0.0843 0.2651
vn -0.9550 0.0573 0.2910
vn -0.0478 -0.9982 -0.0366
vn 0.0202 0.9960 -0.0869
vn -0.5621 0.0854 -0.8226
vn -0.9244 -0.0907 0.3705
vn -0.9604 0.0119 0.2785
vn 0.2878 0.0088 0.9577
vn 0.4477 -0.1192 -0.8862
vn 0.0411 -0.9967 0.0695
vn -0.0049 -1.0000 0.0011
vn -0.0060 -1.0000 0.0036
vn -0.0027 -1.0000 -0.0046
vn 0.0049 0.7456 -0.6663
vn -0.9608 0.0606 0.2704
vn 0.9062 -0.0164 -0.4225
vn 0.8965 0.0096 -0.4430
vn 0.8898 0.0589 -0.4525
vn 0.0274 0.9959 -0.0859
vn -0.9499 0.1084 0.2931
vn 0.8270 -0.0347 -0.5612
vn 0.8230 -0.0243 -0.5675
vn 0.8092 0.0102 -0.5874
vn -0.9617 0.0147 0.2737
vn 0.4534 -0.7739 -0.4422
vn 0.4534 -0.7739 -0.4422
vn 0.4534 -0.7739 -0.4422
vn -0.0079 -0.9999 0.0086
vn -0.6223 0.0279 -0.7823
vn -0.3786 0.0782 -0.9223
vn -0.3337 0.0862 -0.9387
vn 0.8360 -0.0604 -0.5454
vn -0.7153 -0.1107 0.6900
vn -0.9688 0.0119 0.2474
vn 0.8707 0.1157 -0.4781
vn 0.1490 0.9871 0.0588
vn -0.9686 0.0286 0.2470
vn -0.1993 -0.0541 -0.9784
vn 0.8248 0.2632 -0.5005
vn -0.0724 -0.9961 0.0496
vn -0.0591 -0.9968 0.0546
vn -0.0309 -0.9974 0.0650
vn -0.6510 0.0210 -0.7588
vn -0.5434 -0.8351 0.0852
vn -0.5434 -0.8351 0.0852
vn -0.5434 -0.8351 0.0852
vn -0.7560 0.0060 0.6546
vn -0.7560 0.0060 0.6546
vn -0.7560 0.0060 0.6546
vn -0.0949 -0.9946 0.0413
vn -0.9957 0.0363 -0.0856
vn -0.9948 -0.0721 -0.0722
vn -0.9883 0.1154 0.0999
vn -0.9801 0.0545 0.1911
vn -0.9732 0.0056 0.2298
vn -0.0671 -0.9973 0.0300
vn -0.9342 -0.2489 -0.2554
vn -0.9696 0.0694 0.2345
vn -0.9696 0.0694 0.2345
vn -0.9696 0.0694 0.2345
vn -0.2251 -0.7898 -0.5706
vn -0.2251 -0.7895 -0.5710
vn -0.2251 -0.7898 -0.5705
vn 0.5535 -0.1375 0.8214
vn 0.5533 -0.1371 0.8216
vn 0.5532 -0.1365 0.8218
vn -0.3809 -0.3001 -0.8746
vn -0.3880 -0.3075 -0.8688
vn -0.4214 -0.3426 -0.8397
vn -0.3945 0.4329 -0.8105
vn -0.4007 0.4370 -0.8053
vn -0.4102 0.4830 -0.7736
vn -0.3382 -0.2558 -0.9056
vn -0.2251 -0.7894 -0.5711
vn 0.1232 0.9912 0.0485
vn 0.5530 -0.1360 0.8220
vn -0.4084 -0.1289 -0.9037
vn -0.4392 -0.0633 -0.8962
vn -0.3822 -0.1809 -0.9062
vn -0.6664 0.0417 0.7444
vn 0.9272 -0.1129 -0.3571
vn 0.9929 -0.1115 -0.0408
vn 0.9056 -0.1068 -0.4105
vn -0.3315 -0.2733 -0.9030
vn -0.4457 0.5561 -0.7016
vn -0.7140 0.0049 0.7002
vn -0.7158 0.0102 0.6982
vn -0.7111 -0.0030 0.7030
vn 0.0767 0.9964 -0.0370
vn 0.0297 0.9988 -0.0399
vn 0.0465 0.9982 -0.0389
vn 0.8914 -0.1086 -0.4400
vn 0.8950 -0.1141 -0.4313
vn -0.7182 0.0168 0.6957
vn 0.4977 -0.1965 0.8448
vn 0.5112 -0.1901 0.8382
vn 0.5057 -0.1927 0.8409
vn 0.4923 -0.1990 0.8474
vn -0.0383 -0.9982 0.0462
vn -0.0433 -0.9980 0.0456
vn -0.0233 -0.9986 0.0479
vn -0.4662 0.5730 -0.6740
vn -0.5010 0.5542 -0.6647
vn -0.0075 -0.1111 -0.9938
vn 0.0587 -0.1225 -0.9907
vn 0.0481 -0.1207 -0.9915
vn -0.0615 -0.9972 0.0435
vn -0.0123 -0.1102 -0.9938
vn -0.8559 0.0872 -0.5098
vn -0.8559 0.0872 -0.5098
vn -0.8559 0.0872 -0.5098
vn -0.3268 -0.9450 0.0099
vn -0.3391 -0.9374 0.0788
vn -0.3356 -0.9402 0.0581
vn -0.3473 -0.9286 0.1305
vn -0.6349 0.1005 0.7660
vn -0.6526 0.2016 0.7304
vn -0.3445 0.2616 -0.9016
vn -0.3445 0.2616 -0.9016
vn -0.3445 0.2616 -0.9016
vn -0.6470 -0.1695 -0.7434
vn -0.6346 -0.1861 -0.7501
vn -0.7131 -0.0715 -0.6974
vn -0.7639 0.1060 0.6366
vn -0.7525 0.0980 0.6512
vn -0.7384 0.0905 0.6683
vn -0.5597 -0.2771 -0.7810
vn -0.6195 0.0728 0.7816
vn -0.5074 -0.2357 -0.8289
vn -0.5153 -0.2213 -0.8280
vn -0.5211 -0.2105 -0.8272
vn 0.0086 0.9991 -0.0412
vn 0.8467 -0.0312 -0.5311
vn 0.9010 -0.0326 -0.4326
vn 0.7882 -0.0929 -0.6083
vn -0.7507 0.0927 0.6541
vn 0.9018 -0.0308 -0.4310
vn -0.5011 -0.2469 -0.8294
vn -0.7504 0.0815 0.6559
vn 0.6996 -0.0716 -0.7110
vn -0.0760 0.9243 -0.3739
vn 0.1374 0.9846 -0.1079
vn 0.3685 0.9288 -0.0385
vn -0.0396 -0.9992 0.0043
vn -0.0504 -0.9972 0.0552
vn -0.0393 -0.9992 0.0027
vn 0.7311 -0.2123 -0.6484
vn 0.7689 -0.2827 -0.5734
vn -0.6057 0.1155 0.7872
vn 0.6908 -0.1484 0.7077
vn 0.6597 -0.0832 0.7469
vn 0.6525 -0.0693 0.7546
vn -0.0308 -0.9988 -0.0369
vn -0.3242 0.6885 -0.6487
vn -0.3104 0.7634 -0.5664
vn -0.1695 0.9402 -0.2954
vn 0.6235 -0.0162 0.7817
vn -0.0668 -0.9978 0.0029
vn -0.0666 -0.9978 -0.0009
vn -0.0673 -0.9975 0.0198
vn -0.5817 0.0032 -0.8134
vn -0.5916 -0.0030 -0.8062
vn -0.5751 0.0074 -0.8181
vn -0.3715 0.6586 -0.6544
vn -0.0661 -0.9977 -0.0159
vn -0.7641 0.0898 0.6388
vn -0.7727 0.1523 0.6162
vn -0.7651 0.1037 0.6355
vn -0.7871 -0.0965 0.6092
vn -0.8655 0.0721 0.4956
vn -0.8501 0.0140 0.5264
vn -0.8493 0.5244 -0.0615
vn -0.8493 0.5244 -0.0615
vn -0.8493 0.5244 -0.0615
vn -0.8778 0.1598 0.4516
vn -0.8665 0.1836 0.4642
vn -0.9613 -0.1543 -0.2282
vn -0.9613 -0.1543 -0.2282
vn -0.9613 -0.1543 -0.2282
vn -0.5654 0.0133 -0.8247
vn 0.2954 0.2972 0.9080
vn 0.2971 0.2661 0.9170
vn 0.3230 0.2666 0.9080
vn -0.7701 0.3689 0.5205
vn 0.2511 0.2274 0.9409
vn 0.3359 0.2685 0.9028
vn -0.8270 0.3560 0.4351
vn -0.0084 0.9985 -0.0540
vn -0.8271 0.3461 0.4428
vn 0.2324 0.2458 0.9411
vn -0.9858 0.1417 -0.0905
vn -0.9584 0.2840 0.0276
vn 0.0435 -0.9300 0.3649
vn -0.2110 -0.9326 0.2929
vn -0.1903 -0.9349 0.2997
vn -0.8256 0.3384 0.4516
vn -0.9826 0.1719 -0.0708
vn -0.9367 0.2953 0.1880
vn -0.9686 0.1943 0.1551
vn 0.2633 0.2321 0.9364
vn 0.2747 0.2231 0.9353
vn -0.9765 0.1631 0.1405
vn -0.9767 0.1675 0.1339
vn 0.0783 -0.9246 0.3728
vn 0.1518 0.2293 0.9614
vn 0.0427 0.1246 0.9913
vn 0.0094 0.1600 0.9871
vn -0.9907 0.0696 -0.1172
vn -0.0334 0.9384 -0.3438
vn 0.0476 0.9586 -0.2808
vn -0.9735 0.2185 0.0670
vn -0.9560 0.2756 0.1007
vn -0.9694 0.2239 0.1012
vn -0.7696 0.3824 0.5113
vn -0.7783 0.3771 0.5020
vn -0.7761 0.3788 0.5042
vn -0.9545 0.2820 0.0972
vn 0.0320 0.1743 0.9842
vn -0.1033 0.9245 -0.3668
vn 0.0432 0.1689 0.9847
vn 0.0620 0.1388 0.9884
vn -0.7625 0.3804 0.5233
vn -0.9504 0.2818 0.1314
vn 0.2694 0.2298 0.9352
vn -0.9476 0.2693 0.1715
vn 0.0743 0.7765 0.6257
vn 0.0743 0.7765 0.6257
vn 0.0743 0.7765 0.6257
vn -0.9716 0.2332 -0.0402
vn -0.9694 0.2385 -0.0588
vn -0.9668 0.2436 -0.0774
vn -0.0492 0.1735 0.9836
vn -0.0378 0.1730 0.9842
vn 0.0288 0.1698 0.9851
vn -0.9466 0.2649 0.1837
vn 0.0481 0.1687 0.9845
vn -0.7602 0.3793 0.5275
vn -0.9724 0.2310 -0.0324
vn -0.9473 0.2712 0.1708
vn 0.0000 1.0000 0.0000
vn 0.0000 1.0000 0.0000
vn 0.0000 1.0000 0.0000
vn 0.0000 1.0000 0.0000
vn 0.0000 1.0000 0.0000
vn 0.0000 1.0000 0.0000
vn 0.0000 1.0000 0.0000
vn 0.0000 1.0000 0.0000
vn 0.0000 1.0000 0.0000
vn 0.0000 1.0000 0.0000
vn 0.0000 1.0000 0.0000
vn 0.0000 1.0000 0.0000
vn 0.0000 1.0000 0.0000
vn 0.0000 1.0000 0.0000
vn 0.0000 1.0000 0.0000
vn 0.0000 1.0000 0.0000
vn 0.0000 1.0000 0.0000
vn 0.0000 1.0000 0.0000
vn 0.0000 1.0000 0.0000
vn 0.0000 1.0000 0.0000
vn 0.0000 1.0000 0.0000
vn 0.0000 1.0000 0.0000
vn 0.0000 1.0000 0.0000
vn 0.0000 1.0000 0.0000
vn 0.0000 1.0000 0.0000
vn 0.0000 1.0000 0.0000
vn 0.0000 1.0000 0.0000
vn 0.0000 1.0000 0.0000
vn 0.0000 1.0000 0.0000
vn 0.0000 1.0000 0.0000
vn 0.0000 1.0000 0.0000
f 9/9/9 10/10/10 11/11/11
f 12/12/12 10/10/10 9/9/9
f 13/13/13 1/1/1 14/14/14
f 15/15/15 16/16/16 17/17/17
f 8/8/8 4/4/4 18/18/18
f 19/19/19 20/20/20 21/21/21
f 12/12/12 22/22/22 10/10/10
f 23/23/23 24/24/24 25/25/25
f 26/26/26 6/6/6 27/27/27
f 25/25/25 28/28/28 23/23/23
f 28/28/28 29/29/29 23/23/23
f 11/11/11 10/10/10 30/30/30
f 31/31/31 32/32/32 33/33/33
f 34/34/34 31/31/31 35/35/35
f 38/38/38 39/39/39 40/40/40
f 41/41/41 42/42/42 17/17/17
f 27/27/27 43/43/43 26/26/26
f 45/45/45 46/46/46 47/47/47
f 31/31/31 34/34/34 32/32/32
f 44/44/44 48/48/48 7/7/7
f 23/23/23 49/49/49 24/24/24
f 39/39/39 38/38/38 50/50/50
f 51/51/51 52/52/52 53/53/53
f 54/54/54 49/49/49 23/23/23
f 55/55/55 56/56/56 57/57/57
f 17/17/17 16/16/16 58/58/58
f 59/59/59 60/60/60 61/61/61
f 22/22/22 12/12/12 62/62/62
f 1455/1455/1455 1456/1456/1456 1454/1454/1454
f 6/6/6 26/26/26 5/5/5
f 63/63/63 64/64/64 65/65/65
f 66/66/66 26/26/26 43/43/43
f 67/67/67 68/68/68 69/69/69
f 17/17/17 70/70/70 41/41/41
f 71/71/71 72/72/72 73/73/73
f 74/74/74 75/75/75 76/76/76
f 77/77/77 46/46/46 45/45/45
f 78/78/78 79/79/79 29/29/29
f 17/17/17 58/58/58 70/70/70
f 32/32/32 80/80/80 81/81/81
f 82/82/82 3/3/3 2/2/2
f 29/29/29 79/79/79 23/23/23
f 83/83/83 84/84/84 85/85/85
f 37/37/37 36/36/36 86/86/86
f 87/87/87 88/88/88 89/89/89
f 90/90/90 91/91/91 92/92/92
f 61/61/61 60/60/60 93/93/93
f 561/561/561 562/562/562 563/563/563
f 84/84/84 94/94/94 85/85/85
f 95/95/95 96/96/96 97/97/97
f 98/98/98 99/99/99 100/100/100
f 30/30/30 101/101/101 11/11/11
f 564/564/564 565/565/565 566/566/566
f 102/102/102 81/81/81 103/103/103
f 57/57/57 104/104/104 55/55/55
f 99/99/99 98/98/98 105/105/105
f 32/32/32 106/106/106 80/80/80
f 107/107/107 108/108/108 109/109/109
f 74/74/74 110/110/110 75/75/75
f 32/32/32 34/34/34 106/106/106
f 103/103/103 81/81/81 111/111/111
f 112/112/112 85/85/85 94/94/94
f 113/113/113 114/114/114 115/115/115
f 61/61/61 93/93/93 116/116/116
f 63/63/63 65/65/65 117/117/117
f 48/48/48 44/44/44 118/118/118
f 567/567/567 568/568/568 569/569/569
f 119/119/119 120/120/120 121/121/121
f 122/122/122 123/123/123 124/124/124
f 68/68/68 67/67/67 125/125/125
f 126/126/126 127/127/127 128/128/128
f 129/129/129 130/130/130 131/131/131
f 103/103/103 111/111/111 132/132/132
f 89/89/89 88/88/88 133/133/133
f 128/128/128 127/127/127 134/134/134
f 570/570/570 571/571/571 572/572/572
f 135/135/135 128/128/128 134/134/134
f 136/136/136 137/137/137 138/138/138
f 573/573/573 574/574/574 575/575/575
f 48/48/48 118/118/118 139/139/139
f 576/576/576 577/577/577 578/578/578
f 579/579/579 580/580/580 581/581/581
f 140/140/140 141/141/141 142/142/142
f 143/143/143 144/144/144 145/145/145
f 1455/1455/1455 1459/1459/1459 1456/1456/1456
f 146/146/146 147/147/147 148/148/148
f 94/94/94 149/149/149 112/112/112
f 150/150/150 85/85/85 151/151/151
f 152/152/152 153/153/153 154/154/154
f 155/155/155 156/156/156 157/157/157
f 158/158/158 159/159/159 160/160/160
f 582/582/582 583/583/583 584/584/584
f 585/585/585 577/577/577 586/586/586
f 587/587/587 588/588/588 589/589/589
f 590/590/590 591/591/591 592/592/592
f 593/593/593 594/594/594 595/595/595
f 596/596/596 597/597/597 598/598/598
f 161/161/161 162/162/162 163/163/163
f 112/112/112 151/151/151 85/85/85
f 599/599/599 600/600/600 601/601/601
f 599/599/599 602/602/602 600/600/600
f 583/583/583 603/603/603 584/584/584
f 164/164/164 104/104/104 57/57/57
f 165/165/165 156/156/156 155/155/155
f 160/160/160 159/159/159 166/166/166
f 167/167/167 168/168/168 169/169/169
f 1460/1460/1460 1457/1457/1457 1462/1462/1462
f 159/159/159 170/170/170 166/166/166
f 577/577/577 585/585/585 604/604/604
f 171/171/171 172/172/172 173/173/173
f 174/174/174 175/175/175 176/176/176
f 133/133/133 177/177/177 89/89/89
f 589/589/589 588/588/588 605/605/605
f 606/606/606 607/607/607 608/608/608
f 609/609/609 607/607/607 606/606/606
f 149/149/149 178/178/178 112/112/112
f 610/610/610 611/611/611 612/612/612
f 179/179/179 180/180/180 181/181/181
f 182/182/182 183/183/183 184/184/184
f 36/36/36 185/185/185 86/86/86
f 583/583/583 582/582/582 613/613/613
f 614/614/614 615/615/615 616/616/616
f 617/617/617 618/618/618 619/619/619
f 620/620/620 621/621/621 622/622/622
f 186/186/186 187/187/187 188/188/188
f 623/623/623 620/620/620 624/624/624
f 620/620/620 623/623/623 621/621/621
f 625/625/625 626/626/626 627/627/627
f 57/57/57 189/189/189 164/164/164
f 628/628/628 629/629/629 630/630/630
f 190/190/190 191/191/191 192/192/192
f 631/631/631 632/632/632 633/633/633
f 605/605/605 634/634/634 589/589/589
f 112/112/112 178/178/178 193/193/193
f 194/194/194 195/195/195 196/196/196
f 197/197/197 198/198/198 199/199/199
f 200/200/200 186/186/186 188/188/188
f 201/201/201 202/202/202 203/203/203
f 625/625/625 635/635/635 626/626/626
f 204/204/204 205/205/205 206/206/206
f 207/207/207 195/195/195 194/194/194
f 197/197/197 208/208/208 209/209/209
f 636/636/636 637/637/637 638/638/638
f 637/637/637 639/639/639 638/638/638
f 640/640/640 641/641/641 642/642/642
f 1466/1466/1466 1467/1467/1467 1468/1468/1468
f 210/210/210 211/211/211 212/212/212
f 643/643/643 644/644/644 645/645/645
f 578/578/578 577/577/577 646/646/646
f 590/590/590 647/647/647 591/591/591
f 1469/1469/1469 1460/1460/1460 1462/1462/1462
f 1465/1465/1465 1470/1470/1470 1464/1464/1464
f 205/205/205 213/213/213 206/206/206
f 191/191/191 190/190/190 214/214/214
f 215/215/215 216/216/216 217/217/217
f 197/197/197 209/209/209 198/198/198
f 188/188/188 187/187/187 218/218/218
f 648/648/648 612/612/612 611/611/611
f 644/644/644 649/649/649 645/645/645
f 219/219/219 220/220/220 221/221/221
f 634/634/634 650/650/650 589/589/589
f 205/205/205 222/222/222 213/213/213
f 223/223/223 224/224/224 225/225/225
f 1458/1458/1458 1473/1473/1473 1474/1474/1474
f 165/165/165 226/226/226 156/156/156
f 1472/1472/1472 1475/1475/1475 1471/1471/1471
f 227/227/227 228/228/228 229/229/229
f 651/651/651 652/652/652 653/653/653
f 654/654/654 646/646/646 577/577/577
f 230/230/230 231/231/231 232/232/232
f 655/655/655 656/656/656 657/657/657
f 200/200/200 188/188/188 233/233/233
f 658/658/658 659/659/659 660/660/660
f 661/661/661 662/662/662 663/663/663
f 664/664/664 629/629/629 628/628/628
f 234/234/234 235/235/235 236/236/236
f 221/221/221 220/220/220 237/237/237
f 654/654/654 577/577/577 604/604/604
f 184/184/184 238/238/238 239/239/239
f 240/240/240 241/241/241 560/560/560
f 665/665/665 666/666/666 667/667/667
f 184/184/184 239/239/239 182/182/182
f 646/646/646 668/668/668 669/669/669
f 646/646/646 669/669/669 670/670/670
f 234/234/234 242/242/242 235/235/235
f 243/243/243 244/244/244 245/245/245
f 1472/1472/1472 1476/1476/1476 1475/1475/1475
f 1466/1466/1466 1468/1468/1468 1477/1477/1477
f 238/238/238 246/246/246 239/239/239
f 671/671/671 672/672/672 673/673/673
f 247/247/247 248/248/248 249/249/249
f 71/71/71 73/73/73 250/250/250
f 654/654/654 668/668/668 646/646/646
f 634/634/634 674/674/674 675/675/675
f 665/665/665 676/676/676 666/666/666
f 677/677/677 678/678/678 679/679/679
f 679/679/679 680/680/680 677/677/677
f 681/681/681 682/682/682 683/683/683
f 251/251/251 252/252/252 253/253/253
f 1480/1480/1480 1479/1479/1479 1478/1478/1478
f 632/632/632 684/684/684 633/633/633
f 675/675/675 650/650/650 634/634/634
f 1481/1481/1481 1464/1464/1464 1470/1470/1470
f 685/685/685 633/633/633 684/684/684
f 256/256/256 257/257/257 258/258/258
f 686/686/686 687/687/687 688/688/688
f 689/689/689 690/690/690 691/691/691
f 675/675/675 674/674/674 692/692/692
f 664/664/664 693/693/693 629/629/629
f 177/177/177 133/133/133 259/259/259
f 689/689/689 691/691/691 694/694/694
f 260/260/260 261/261/261 262/262/262
f 154/154/154 153/153/153 263/263/263
f 616/616/616 695/695/695 696/696/696
f 697/697/697 698/698/698 699/699/699
f 700/700/700 701/701/701 702/702/702
f 264/264/264 265/265/265 266/266/266
f 263/263/263 153/153/153 267/267/267
f 703/703/703 704/704/704 705/705/705
f 595/595/595 594/594/594 706/706/706
f 1458/1458/1458 1463/1463/1463 1473/1473/1473
f 1482/1482/1482 1483/1483/1483 1461/1461/1461
f 268/268/268 269/269/269 270/270/270
f 271/271/271 272/272/272 273/273/273
f 274/274/274 275/275/275 276/276/276
f 277/277/277 278/278/278 279/279/279
f 707/707/707 708/708/708 709/709/709
f 1484/1484/1484 1485/1485/1485 1486/1486/1486
f 1487/1487/1487 1488/1488/1488 1489/1489/1489
f 658/658/658 660/660/660 710/710/710
f 711/711/711 712/712/712 713/713/713
f 708/708/708 707/707/707 714/714/714
f 715/715/715 716/716/716 717/717/717
f 280/280/280 157/157/157 156/156/156
f 1484/1484/1484 1486/1486/1486 1490/1490/1490
f 718/718/718 719/719/719 720/720/720
f 1491/1491/1491 1479/1479/1479 1480/1480/1480
f 201/201/201 203/203/203 281/281/281
f 721/721/721 722/722/722 723/723/723
f 282/282/282 283/283/283 284/284/284
f 285/285/285 286/286/286 287/287/287
f 720/720/720 724/724/724 718/718/718
f 68/68/68 125/125/125 288/288/288
f 702/702/702 725/725/725 700/700/700
f 289/289/289 290/290/290 291/291/291
f 726/726/726 612/612/612 648/648/648
f 727/727/727 728/728/728 729/729/729
f 703/703/703 730/730/730 704/704/704
f 731/731/731 732/732/732 733/733/733
f 145/145/145 144/144/144 292/292/292
f 259/259/259 293/293/293 177/177/177
f 294/294/294 295/295/295 202/202/202
f 1483/1483/1483 1482/1482/1482 1492/1492/1492
f 296/296/296 297/297/297 298/298/298
f 734/734/734 735/735/735 736/736/736
f 737/737/737 738/738/738 739/739/739
f 720/720/720 740/740/740 724/724/724
f 692/692/692 741/741/741 675/675/675
f 734/734/734 742/742/742 735/735/735
f 743/743/743 744/744/744 745/745/745
f 254/254/254 299/299/299 255/255/255
f 727/727/727 729/729/729 746/746/746
f 171/171/171 173/173/173 300/300/300
f 714/714/714 747/747/747 708/708/708
f 301/301/301 302/302/302 303/303/303
f 748/748/748 749/749/749 750/750/750
f 751/751/751 724/724/724 740/740/740
f 752/752/752 641/641/641 640/640/640
f 686/686/686 688/688/688 753/753/753
f 711/711/711 754/754/754 712/712/712
f 755/755/755 756/756/756 757/757/757
f 233/233/233 304/304/304 200/200/200
f 1491/1491/1491 1493/1493/1493 1494/1494/1494
f 675/675/675 741/741/741 758/758/758
f 731/731/731 759/759/759 732/732/732
f 1489/1489/1489 1495/1495/1495 1487/1487/1487
f 760/760/760 761/761/761 762/762/762
f 751/751/751 740/740/740 763/763/763
f 764/764/764 735/735/735 742/742/742
f 761/761/761 765/765/765 762/762/762
f 1486/1486/1486 1496/1496/1496 1490/1490/1490
f 144/144/144 305/305/305 292/292/292
f 766/766/766 767/767/767 768/768/768
f 293/293/293 306/306/306 177/177/177
f 280/280/280 156/156/156 307/307/307
f 1491/1491/1491 1480/1480/1480 1493/1493/1493
f 278/278/278 277/277/277 308/308/308
f 675/675/675 758/758/758 769/769/769
f 770/770/770 771/771/771 772/772/772
f 1485/1485/1485 1496/1496/1496 1486/1486/1486
f 220/220/220 219/219/219 309/309/309
f 1474/1474/1474 1473/1473/1473 1497/1497/1497
f 706/706/706 773/773/773 595/595/595
f 774/774/774 775/775/775 776/776/776
f 301/301/301 303/303/303 310/310/310
f 737/737/737 777/777/777 738/738/738
f 778/778/778 779/779/779 780/780/780
f 781/781/781 780/780/780 779/779/779
f 1490/1490/1490 1496/1496/1496 1498/1498/1498
f 782/782/782 783/783/783 784/784/784
f 756/756/756 785/785/785 757/757/757
f 786/786/786 787/787/787 788/788/788
f 784/784/784 789/789/789 782/782/782
f 313/313/313 314/314/314 315/315/315
f 790/790/790 791/791/791 792/792/792
f 783/783/783 782/782/782 793/793/793
f 794/794/794 795/795/795 713/713/713
f 219/219/219 316/316/316 317/317/317
f 796/796/796 797/797/797 798/798/798
f 313/313/313 315/315/315 318/318/318
f 319/319/319 270/270/270 269/269/269
f 1499/1499/1499 1500/1500/1500 1501/1501/1501
f 262/262/262 320/320/320 260/260/260
f 224/224/224 223/223/223 321/321/321
f 799/799/799 781/781/781 779/779/779
f 735/735/735 764/764/764 800/800/800
f 322/322/322 323/323/323 324/324/324
f 801/801/801 802/802/802 803/803/803
f 714/714/714 804/804/804 805/805/805
f 782/782/782 789/789/789 806/806/806
f 807/807/807 808/808/808 809/809/809
f 790/790/790 810/810/810 791/791/791
f 811/811/811 812/812/812 703/703/703
f 703/703/703 705/705/705 811/811/811
f 741/741/741 781/781/781 758/758/758
f 1502/1502/1502 1503/1503/1503 1504/1504/1504
f 317/317/317 309/309/309 219/219/219
f 813/813/813 814/814/814 815/815/815
f 816/816/816 817/817/817 818/818/818
f 782/782/782 819/819/819 793/793/793
f 1505/1505/1505 1506/1506/1506 1507/1507/1507
f 782/782/782 820/820/820 819/819/819
f 325/325/325 326/326/326 327/327/327
f 821/821/821 822/822/822 823/823/823
f 824/824/824 825/825/825 826/826/826
f 695/695/695 616/616/616 827/827/827
f 200/200/200 304/304/304 328/328/328
f 828/828/828 780/780/780 781/781/781
f 800/800/800 764/764/764 829/829/829
f 830/830/830 831/831/831 832/832/832
f 329/329/329 330/330/330 331/331/331
f 615/615/615 827/827/827 616/616/616
f 787/787/787 833/833/833 788/788/788
f 813/813/813 834/834/834 814/814/814
f 781/781/781 835/835/835 828/828/828
f 1498/1498/1498 1508/1508/1508 1490/1490/1490
f 836/836/836 837/837/837 838/838/838
f 685/685/685 684/684/684 839/839/839
f 840/840/840 841/841/841 842/842/842
f 830/830/830 843/843/843 831/831/831
f 794/794/794 713/713/713 712/712/712
f 332/332/332 333/333/333 334/334/334
f 335/335/335 336/336/336 243/243/243
f 338/338/338 339/339/339 340/340/340
f 763/763/763 740/740/740 844/844/844
f 833/833/833 845/845/845 788/788/788
f 846/846/846 847/847/847 848/848/848
f 833/833/833 849/849/849 845/845/845
f 307/307/307 156/156/156 341/341/341
f 758/758/758 781/781/781 799/799/799
f 850/850/850 851/851/851 852/852/852
f 853/853/853 716/716/716 715/715/715
f 740/740/740 854/854/854 844/844/844
f 342/342/342 343/343/343 344/344/344
f 772/772/772 855/855/855 770/770/770
f 324/324/324 323/323/323 345/345/345
f 730/730/730 856/856/856 704/704/704
f 329/329/329 346/346/346 330/330/330
f 857/857/857 858/858/858 859/859/859
f 860/860/860 861/861/861 862/862/862
f 336/336/336 244/244/244 243/243/243
f 1507/1507/1507 1506/1506/1506 1509/1509/1509
f 863/863/863 845/845/845 849/849/849
f 864/864/864 865/865/865 866/866/866
f 867/867/867 837/837/837 836/836/836
f 832/832/832 831/831/831 868/868/868
f 869/869/869 856/856/856 730/730/730
f 870/870/870 871/871/871 872/872/872
f 347/347/347 348/348/348 349/349/349
f 305/305/305 350/350/350 292/292/292
f 833/833/833 873/873/873 849/849/849
f 772/772/772 771/771/771 874/874/874
f 351/351/351 352/352/352 353/353/353
f 354/354/354 355/355/355 356/356/356
f 281/281/281 203/203/203 357/357/357
f 1487/1487/1487 1495/1495/1495 1510/1510/1510
f 875/875/875 876/876/876 877/877/877
f 878/878/878 879/879/879 880/880/880
f 881/881/881 882/882/882 883/883/883
f 884/884/884 850/850/850 852/852/852
f 885/885/885 859/859/859 858/858/858
f 330/330/330 346/346/346 358/358/358
f 269/269/269 359/359/359 319/319/319
f 886/886/886 887/887/887 888/888/888
f 889/889/889 890/890/890 891/891/891
f 892/892/892 893/893/893 894/894/894
f 895/895/895 896/896/896 897/897/897
f 898/898/898 899/899/899 900/900/900
f 339/339/339 360/360/360 340/340/340
f 202/202/202 295/295/295 361/361/361
f 876/876/876 901/901/901 877/877/877
f 896/896/896 902/902/902 897/897/897
f 330/330/330 358/358/358 362/362/362
f 903/903/903 863/863/863 849/849/849
f 846/846/846 904/904/904 847/847/847
f 905/905/905 906/906/906 907/907/907
f 908/908/908 909/909/909 910/910/910
f 203/203/203 202/202/202 361/361/361
f 714/714/714 911/911/911 747/747/747
f 902/902/902 896/896/896 912/912/912
f 363/363/363 364/364/364 365/365/365
f 1511/1511/1511 1503/1503/1503 1502/1502/1502
f 366/366/366 367/367/367 368/368/368
f 365/365/365 364/364/364 369/369/369
f 913/913/913 914/914/914 915/915/915
f 749/749/749 916/916/916 750/750/750
f 917/917/917 918/918/918 919/919/919
f 905/905/905 907/907/907 920/920/920
f 921/921/921 882/882/882 881/881/881
f 367/367/367 370/370/370 371/371/371
f 1508/1508/1508 1498/1498/1498 1512/1512/1512
f 863/863/863 903/903/903 922/922/922
f 808/808/808 923/923/923 809/809/809
f 372/372/372 373/373/373 374/374/374
f 367/367/367 366/366/366 370/370/370
f 375/375/375 376/376/376 377/377/377
f 886/886/886 888/888/888 924/924/924
f 672/672/672 671/671/671 925/925/925
f 926/926/926 927/927/927 928/928/928
f 334/334/334 378/378/378 332/332/332
f 287/287/287 286/286/286 379/379/379
f 380/380/380 381/381/381 382/382/382
f 914/914/914 913/913/913 929/929/929
f 372/372/372 374/374/374 383/383/383
f 384/384/384 385/385/385 386/386/386
f 387/387/387 388/388/388 389/389/389
f 390/390/390 391/391/391 392/392/392
f 393/393/393 394/394/394 395/395/395
f 930/930/930 907/907/907 906/906/906
f 396/396/396 397/397/397 398/398/398
f 399/399/399 400/400/400 401/401/401
f 931/931/931 932/932/932 933/933/933
f 934/934/934 935/935/935 936/936/936
f 402/402/402 403/403/403 404/404/404
f 937/937/937 896/896/896 938/938/938
f 896/896/896 937/937/937 912/912/912
f 812/812/812 811/811/811 939/939/939
f 395/395/395 394/394/394 405/405/405
f 878/878/878 880/880/880 940/940/940
f 403/403/403 406/406/406 404/404/404
f 386/386/386 385/385/385 407/407/407
f 408/408/408 409/409/409 410/410/410
f 776/776/776 775/775/775 941/941/941
f 942/942/942 943/943/943 944/944/944
f 932/932/932 945/945/945 933/933/933
f 911/911/911 714/714/714 805/805/805
f 946/946/946 947/947/947 948/948/948
f 357/357/357 203/203/203 411/411/411
f 853/853/853 949/949/949 716/716/716
f 311/311/311 337/337/337 412/412/412
f 950/950/950 951/951/951 952/952/952
f 390/390/390 413/413/413 391/391/391
f 953/953/953 954/954/954 955/955/955
f 414/414/414 415/415/415 416/416/416
f 910/910/910 909/909/909 956/956/956
f 417/417/417 377/377/377 376/376/376
f 418/418/418 419/419/419 420/420/420
f 853/853/853 957/957/957 958/958/958
f 959/959/959 960/960/960 961/961/961
f 948/948/948 947/947/947 962/962/962
f 312/312/312 311/311/311 421/421/421
f 422/422/422 423/423/423 424/424/424
f 425/425/425 311/311/311 412/412/412
f 426/426/426 427/427/427 428/428/428
f 429/429/429 430/430/430 431/431/431
f 737/737/737 963/963/963 777/777/777
f 964/964/964 772/772/772 874/874/874
f 853/853/853 965/965/965 957/957/957
f 950/950/950 966/966/966 951/951/951
f 432/432/432 433/433/433 434/434/434
f 434/434/434 433/433/433 435/435/435
f 791/791/791 967/967/967 968/968/968
f 307/307/307 436/436/436 437/437/437
f 438/438/438 439/439/439 440/440/440
f 936/936/936 935/935/935 969/969/969
f 831/831/831 843/843/843 970/970/970
f 971/971/971 857/857/857 859/859/859
f 441/441/441 442/442/442 443/443/443
f 399/399/399 401/401/401 444/444/444
f 928/928/928 927/927/927 972/972/972
f 973/973/973 974/974/974 975/975/975
f 423/423/423 445/445/445 424/424/424
f 976/976/976 977/977/977 978/978/978
f 977/977/977 976/976/976 979/979/979
f 980/980/980 981/981/981 982/982/982
f 446/446/446 447/447/447 448/448/448
f 449/449/449 414/414/414 416/416/416
f 269/269/269 450/450/450 359/359/359
f 811/811/811 983/983/983 939/939/939
f 900/900/900 984/984/984 898/898/898
f 332/332/332 378/378/378 451/451/451
f 307/307/307 437/437/437 280/280/280
f 439/439/439 452/452/452 440/440/440
f 453/453/453 410/410/410 409/409/409
f 985/985/985 964/964/964 874/874/874
f 953/953/953 955/955/955 986/986/986
f 791/791/791 810/810/810 967/967/967
f 853/853/853 958/958/958 949/949/949
f 446/446/446 454/454/454 447/447/447
f 455/455/455 456/456/456 457/457/457
f 458/458/458 459/459/459 460/460/460
f 461/461/461 462/462/462 463/463/463
f 421/421/421 311/311/311 464/464/464
f 987/987/987 988/988/988 989/989/989
f 747/747/747 911/911/911 990/990/990
f 962/962/962 947/947/947 991/991/991
f 411/411/411 203/203/203 361/361/361
f 992/992/992 993/993/993 994/994/994
f 944/944/944 943/943/943 995/995/995
f 996/996/996 997/997/997 993/993/993
f 989/989/989 998/998/998 987/987/987
f 427/427/427 465/465/465 428/428/428
f 996/996/996 993/993/993 999/999/999
f 999/999/999 993/993/993 992/992/992
f 297/297/297 466/466/466 298/298/298
f 998/998/998 989/989/989 1000/1000/1000
f 383/383/383 374/374/374 467/467/467
f 843/843/843 1001/1001/1001 970/970/970
f 468/468/468 469/469/469 470/470/470
f 471/471/471 449/449/449 416/416/416
f 472/472/472 473/473/473 474/474/474
f 460/460/460 459/459/459 475/475/475
f 465/465/465 427/427/427 476/476/476
f 1002/1002/1002 989/989/989 988/988/988
f 359/359/359 450/450/450 477/477/477
f 478/478/478 425/425/425 412/412/412
f 479/479/479 480/480/480 481/481/481
f 482/482/482 456/456/456 455/455/455
f 389/389/389 388/388/388 483/483/483
f 438/438/438 484/484/484 439/439/439
f 1003/1003/1003 977/977/977 979/979/979
f 485/485/485 486/486/486 487/487/487
f 488/488/488 383/383/383 467/467/467
f 412/412/412 489/489/489 478/478/478
f 809/809/809 923/923/923 1004/1004/1004
f 859/859/859 1005/1005/1005 971/971/971
f 1006/1006/1006 1007/1007/1007 1008/1008/1008
f 472/472/472 474/474/474 304/304/304
f 490/490/490 491/491/491 492/492/492
f 451/451/451 378/378/378 493/493/493
f 481/481/481 456/456/456 482/482/482
f 379/379/379 494/494/494 287/287/287
f 452/452/452 439/439/439 484/484/484
f 380/380/380 495/495/495 381/381/381
f 435/435/435 433/433/433 496/496/496
f 496/496/496 433/433/433 497/497/497
f 930/930/930 1009/1009/1009 907/907/907
f 1010/1010/1010 1011/1011/1011 1012/1012/1012
f 1013/1013/1013 1014/1014/1014 1015/1015/1015
f 498/498/498 499/499/499 500/500/500
f 266/266/266 501/501/501 264/264/264
f 1016/1016/1016 1017/1017/1017 1018/1018/1018
f 502/502/502 503/503/503 478/478/478
f 1018/1018/1018 1017/1017/1017 1019/1019/1019
f 904/904/904 1020/1020/1020 847/847/847
f 474/474/474 328/328/328 304/304/304
f 378/378/378 504/504/504 493/493/493
f 502/502/502 478/478/478 489/489/489
f 376/376/376 505/505/505 417/417/417
f 505/505/505 376/376/376 506/506/506
f 429/429/429 431/431/431 507/507/507
f 479/479/479 481/481/481 482/482/482
f 469/469/469 508/508/508 470/470/470
f 509/509/509 510/510/510 511/511/511
f 498/498/498 500/500/500 512/512/512
f 513/513/513 514/514/514 515/515/515
f 516/516/516 517/517/517 518/518/518
f 482/482/482 519/519/519 479/479/479
f 284/284/284 520/520/520 282/282/282
f 521/521/521 522/522/522 523/523/523
f 490/490/490 492/492/492 524/524/524
f 1021/1021/1021 1022/1022/1022 1023/1023/1023
f 1024/1024/1024 1025/1025/1025 1026/1026/1026
f 1027/1027/1027 1028/1028/1028 1029/1029/1029
f 1030/1030/1030 1031/1031/1031 1032/1032/1032
f 477/477/477 450/450/450 284/284/284
f 1033/1033/1033 1034/1034/1034 1035/1035/1035
f 991/991/991 1036/1036/1036 962/962/962
f 777/777/777 963/963/963 1037/1037/1037
f 497/497/497 433/433/433 525/525/525
f 423/423/423 526/526/526 445/445/445
f 1038/1038/1038 1039/1039/1039 1040/1040/1040
f 527/527/527 528/528/528 494/494/494
f 494/494/494 379/379/379 527/527/527
f 1041/1041/1041 1042/1042/1042 1043/1043/1043
f 1044/1044/1044 1045/1045/1045 1046/1046/1046
f 297/297/297 529/529/529 466/466/466
f 1047/1047/1047 1048/1048/1048 1049/1049/1049
f 491/491/491 530/530/530 492/492/492
f 996/996/996 1050/1050/1050 997/997/997
f 1022/1022/1022 1051/1051/1051 1023/1023/1023
f 1052/1052/1052 1053/1053/1053 1054/1054/1054
f 1045/1045/1045 1055/1055/1055 1046/1046/1046
f 1056/1056/1056 1057/1057/1057 1045/1045/1045
f 1058/1058/1058 1009/1009/1009 930/930/930
f 939/939/939 983/983/983 1059/1059/1059
f 1060/1060/1060 1061/1061/1061 1062/1062/1062
f 1063/1063/1063 1064/1064/1064 1065/1065/1065
f 1066/1066/1066 1025/1025/1025 1024/1024/1024
f 531/531/531 526/526/526 423/423/423
f 497/497/497 525/525/525 532/532/532
f 1045/1045/1045 1057/1057/1057 1055/1055/1055
f 1067/1067/1067 1050/1050/1050 996/996/996
f 1068/1068/1068 1004/1004/1004 923/923/923
f 1057/1057/1057 1069/1069/1069 1055/1055/1055
f 1070/1070/1070 1071/1071/1071 1072/1072/1072
f 533/533/533 534/534/534 453/453/453
f 1057/1057/1057 1056/1056/1056 1069/1069/1069
f 1055/1055/1055 1069/1069/1069 1073/1073/1073
f 924/924/924 888/888/888 1074/1074/1074
f 1046/1046/1046 1055/1055/1055 1075/1075/1075
f 502/502/502 535/535/535 503/503/503
f 536/536/536 537/537/537 538/538/538
f 1066/1066/1066 1076/1076/1076 1077/1077/1077
f 1036/1036/1036 991/991/991 1078/1078/1078
f 1047/1047/1047 1049/1049/1049 1079/1079/1079
f 510/510/510 509/509/509 539/539/539
f 1080/1080/1080 1081/1081/1081 1082/1082/1082
f 284/284/284 450/450/450 520/520/520
f 453/453/453 409/409/409 533/533/533
f 540/540/540 532/532/532 525/525/525
f 1083/1083/1083 1084/1084/1084 1085/1085/1085
f 541/541/541 542/542/542 543/543/543
f 1073/1073/1073 1086/1086/1086 1055/1055/1055
f 1077/1077/1077 1025/1025/1025 1066/1066/1066
f 497/497/497 544/544/544 545/545/545
f 1087/1087/1087 1088/1088/1088 1089/1089/1089
f 1090/1090/1090 1091/1091/1091 1092/1092/1092
f 970/970/970 1001/1001/1001 1093/1093/1093
f 1064/1064/1064 1063/1063/1063 1094/1094/1094
f 546/546/546 547/547/547 548/548/548
f 1089/1089/1089 1095/1095/1095 1087/1087/1087
f 1061/1061/1061 1096/1096/1096 1062/1062/1062
f 506/506/506 549/549/549 550/550/550
f 1084/1084/1084 1083/1083/1083 1097/1097/1097
f 1084/1084/1084 1098/1098/1098 1085/1085/1085
f 1099/1099/1099 1100/1100/1100 1022/1022/1022
f 1101/1101/1101 1102/1102/1102 1103/1103/1103
f 1087/1087/1087 1104/1104/1104 1088/1088/1088
f 1087/1087/1087 1095/1095/1095 1104/1104/1104
f 1100/1100/1100 1105/1105/1105 1022/1022/1022
f 551/551/551 552/552/552 553/553/553
f 554/554/554 381/381/381 495/495/495
f 1022/1022/1022 1105/1105/1105 1051/1051/1051
f 550/550/550 505/505/505 506/506/506
f 1106/1106/1106 1107/1107/1107 1108/1108/1108
f 1025/1025/1025 1077/1077/1077 1109/1109/1109
f 1110/1110/1110 1111/1111/1111 1112/1112/1112
f 1113/1113/1113 1114/1114/1114 1115/1115/1115
f 1116/1116/1116 1117/1117/1117 1118/1118/1118
f 1119/1119/1119 1120/1120/1120 1121/1121/1121
f 1122/1122/1122 1123/1123/1123 1124/1124/1124
f 1125/1125/1125 1126/1126/1126 1127/1127/1127
f 547/547/547 546/546/546 555/555/555
f 556/556/556 537/537/537 557/557/557
f 1097/1097/1097 1083/1083/1083 1128/1128/1128
f 1105/1105/1105 1129/1129/1129 1051/1051/1051
f 1011/1011/1011 1130/1130/1130 1012/1012/1012
f 1131/1131/1131 1132/1132/1132 1133/1133/1133
f 907/907/907 1009/1009/1009 1134/1134/1134
f 1135/1135/1135 1136/1136/1136 1137/1137/1137
f 1138/1138/1138 972/972/972 1139/1139/1139
f 1138/1138/1138 928/928/928 972/972/972
f 539/539/539 498/498/498 510/510/510
f 1140/1140/1140 1141/1141/1141 1142/1142/1142
f 1143/1143/1143 1144/1144/1144 1145/1145/1145
f 510/510/510 498/498/498 512/512/512
f 556/556/556 558/558/558 537/537/537
f 1115/1115/1115 1146/1146/1146 1113/1113/1113
f 558/558/558 538/538/538 537/537/537
f 497/497/497 532/532/532 544/544/544
f 1031/1031/1031 1147/1147/1147 1032/1032/1032
f 904/904/904 1148/1148/1148 1020/1020/1020
f 1035/1035/1035 1034/1034/1034 1149/1149/1149
f 1150/1150/1150 1097/1097/1097 1128/1128/1128
f 1072/1072/1072 1151/1151/1151 1070/1070/1070
f 1152/1152/1152 1153/1153/1153 1154/1154/1154
f 1155/1155/1155 1156/1156/1156 1157/1157/1157
f 1131/1131/1131 1158/1158/1158 1132/1132/1132
f 1159/1159/1159 1160/1160/1160 1161/1161/1161
f 1159/1159/1159 1161/1161/1161 1162/1162/1162
f 1128/1128/1128 1163/1163/1163 1150/1150/1150
f 555/555/555 530/530/530 547/547/547
f 1156/1156/1156 1164/1164/1164 1157/1157/1157
f 1165/1165/1165 1166/1166/1166 1167/1167/1167
f 1152/1152/1152 1168/1168/1168 1153/1153/1153
f 1169/1169/1169 1170/1170/1170 1171/1171/1171
f 1172/1172/1172 1173/1173/1173 1174/1174/1174
f 1175/1175/1175 1176/1176/1176 1164/1164/1164
f 1177/1177/1177 1178/1178/1178 1179/1179/1179
f 530/530/530 555/555/555 492/492/492
f 1174/1174/1174 1180/1180/1180 1172/1172/1172
f 1167/1167/1167 1181/1181/1181 1165/1165/1165
f 1124/1124/1124 1182/1182/1182 1122/1122/1122
f 1175/1175/1175 1164/1164/1164 1156/1156/1156
f 1101/1101/1101 1103/1103/1103 1183/1183/1183
f 1167/1167/1167 1184/1184/1184 1181/1181/1181
f 532/532/532 559/559/559 544/544/544
f 1111/1111/1111 1110/1110/1110 1185/1185/1185
f 1186/1186/1186 1187/1187/1187 1188/1188/1188
f 1015/1015/1015 1189/1189/1189 1013/1013/1013
f 1190/1190/1190 1191/1191/1191 1192/1192/1192
f 1193/1193/1193 1194/1194/1194 1195/1195/1195
f 1196/1196/1196 1134/1134/1134 1009/1009/1009
f 1197/1197/1197 1198/1198/1198 1199/1199/1199
f 1200/1200/1200 1201/1201/1201 1202/1202/1202
f 1012/1012/1012 1130/1130/1130 1203/1203/1203
f 1082/1082/1082 1081/1081/1081 1204/1204/1204
f 1205/1205/1205 1206/1206/1206 1207/1207/1207
f 1208/1208/1208 1209/1209/1209 1210/1210/1210
f 1211/1211/1211 1212/1212/1212 1213/1213/1213
f 1167/1167/1167 1214/1214/1214 1215/1215/1215
f 904/904/904 1216/1216/1216 1148/1148/1148
f 1217/1217/1217 1218/1218/1218 1219/1219/1219
f 1220/1220/1220 1221/1221/1221 1222/1222/1222
f 1223/1223/1223 1224/1224/1224 1225/1225/1225
f 1118/1118/1118 1117/1117/1117 1210/1210/1210
f 1226/1226/1226 1209/1209/1209 1208/1208/1208
f 1123/1123/1123 1227/1227/1227 1124/1124/1124
f 1180/1180/1180 1228/1228/1228 1172/1172/1172
f 1167/1167/1167 1215/1215/1215 1184/1184/1184
f 1227/1227/1227 1123/1123/1123 1229/1229/1229
f 1107/1107/1107 1230/1230/1230 1108/1108/1108
f 1231/1231/1231 1232/1232/1232 1233/1233/1233
f 1220/1220/1220 1222/1222/1222 1234/1234/1234
f 1235/1235/1235 1236/1236/1236 1237/1237/1237
f 1190/1190/1190 1192/1192/1192 1238/1238/1238
f 1239/1239/1239 1201/1201/1201 1200/1200/1200
f 1240/1240/1240 1234/1234/1234 1241/1241/1241
f 1242/1242/1242 1243/1243/1243 1244/1244/1244
f 1234/1234/1234 1222/1222/1222 1241/1241/1241
f 1081/1081/1081 1245/1245/1245 1204/1204/1204
f 1241/1241/1241 1246/1246/1246 1240/1240/1240
f 1238/1238/1238 1192/1192/1192 1247/1247/1247
f 1248/1248/1248 1249/1249/1249 1250/1250/1250
f 1117/1117/1117 1116/1116/1116 1251/1251/1251
f 1252/1252/1252 1253/1253/1253 1254/1254/1254
f 1255/1255/1255 1233/1233/1233 1232/1232/1232
f 1242/1242/1242 1256/1256/1256 1243/1243/1243
f 1257/1257/1257 1258/1258/1258 1259/1259/1259
f 1260/1260/1260 1261/1261/1261 1262/1262/1262
f 1263/1263/1263 1244/1244/1244 1264/1264/1264
f 1265/1265/1265 1266/1266/1266 1267/1267/1267
f 1226/1226/1226 1268/1268/1268 1209/1209/1209
f 1269/1269/1269 1270/1270/1270 1271/1271/1271
f 1272/1272/1272 1273/1273/1273 1274/1274/1274
f 1246/1246/1246 1270/1270/1270 1240/1240/1240
f 1275/1275/1275 1274/1274/1274 1273/1273/1273
f 1270/1270/1270 1246/1246/1246 1271/1271/1271
f 1210/1210/1210 1117/1117/1117 1276/1276/1276
f 1157/1157/1157 1164/1164/1164 1277/1277/1277
f 1260/1260/1260 1278/1278/1278 1261/1261/1261
f 1279/1279/1279 1275/1275/1275 1280/1280/1280
f 1258/1258/1258 1281/1281/1281 1259/1259/1259
f 1267/1267/1267 1282/1282/1282 1265/1265/1265
f 1197/1197/1197 1283/1283/1283 1198/1198/1198
f 1284/1284/1284 1285/1285/1285 1286/1286/1286
f 1208/1208/1208 1210/1210/1210 1276/1276/1276
f 1211/1211/1211 1213/1213/1213 1287/1287/1287
f 1243/1243/1243 1264/1264/1264 1244/1244/1244
f 1280/1280/1280 1275/1275/1275 1288/1288/1288
f 1275/1275/1275 1273/1273/1273 1288/1288/1288
f 1289/1289/1289 1290/1290/1290 1291/1291/1291
f 1164/1164/1164 1292/1292/1292 1277/1277/1277
f 1273/1273/1273 1293/1293/1293 1288/1288/1288
f 1294/1294/1294 1295/1295/1295 1296/1296/1296
f 1293/1293/1293 1297/1297/1297 1288/1288/1288
f 1298/1298/1298 1299/1299/1299 1300/1300/1300
f 1285/1285/1285 1284/1284/1284 1301/1301/1301
f 1302/1302/1302 1303/1303/1303 1304/1304/1304
f 1294/1294/1294 1305/1305/1305 1295/1295/1295
f 1238/1238/1238 1306/1306/1306 1190/1190/1190
f 1288/1288/1288 1297/1297/1297 1307/1307/1307
f 1290/1290/1290 1308/1308/1308 1291/1291/1291
f 1264/1264/1264 1243/1243/1243 1309/1309/1309
f 1280/1280/1280 1288/1288/1288 1307/1307/1307
f 1280/1280/1280 1307/1307/1307 1310/1310/1310
f 1254/1254/1254 1253/1253/1253 1311/1311/1311
f 1312/1312/1312 1291/1291/1291 1308/1308/1308
f 1313/1313/1313 1314/1314/1314 1315/1315/1315
f 1303/1303/1303 1302/1302/1302 1316/1316/1316
f 1317/1317/1317 1318/1318/1318 1319/1319/1319
f 1320/1320/1320 1321/1321/1321 1322/1322/1322
f 1323/1323/1323 1314/1314/1314 1313/1313/1313
f 1324/1324/1324 1325/1325/1325 1326/1326/1326
f 1326/1326/1326 1325/1325/1325 1327/1327/1327
f 1325/1325/1325 1328/1328/1328 1327/1327/1327
f 1329/1329/1329 1283/1283/1283 1197/1197/1197
f 1324/1324/1324 1330/1330/1330 1325/1325/1325
f 1331/1331/1331 1332/1332/1332 1333/1333/1333
f 1334/1334/1334 1335/1335/1335 1336/1336/1336
f 1337/1337/1337 1338/1338/1338 1339/1339/1339
f 1340/1340/1340 1341/1341/1341 1342/1342/1342
f 1343/1343/1343 1344/1344/1344 1345/1345/1345
f 1341/1341/1341 1340/1340/1340 1346/1346/1346
f 1347/1347/1347 1335/1335/1335 1334/1334/1334
f 1348/1348/1348 1264/1264/1264 1309/1309/1309
f 1339/1339/1339 1338/1338/1338 1349/1349/1349
f 1350/1350/1350 1351/1351/1351 1352/1352/1352
f 1353/1353/1353 1238/1238/1238 1247/1247/1247
f 1354/1354/1354 1355/1355/1355 1356/1356/1356
f 1357/1357/1357 1350/1350/1350 1352/1352/1352
f 1344/1344/1344 1358/1358/1358 1345/1345/1345
f 1359/1359/1359 1360/1360/1360 1361/1361/1361
f 1362/1362/1362 1363/1363/1363 1364/1364/1364
f 1365/1365/1365 1354/1354/1354 1356/1356/1356
f 1354/1354/1354 1365/1365/1365 1366/1366/1366
f 1359/1359/1359 1367/1367/1367 1360/1360/1360
f 1368/1368/1368 1369/1369/1369 1370/1370/1370
f 1371/1371/1371 1368/1368/1368 1370/1370/1370
f 1372/1372/1372 1373/1373/1373 1374/1374/1374
f 1375/1375/1375 1345/1345/1345 1358/1358/1358
f 1358/1358/1358 1376/1376/1376 1375/1375/1375
f 1377/1377/1377 1378/1378/1378 1379/1379/1379
f 1372/1372/1372 1380/1380/1380 1373/1373/1373
f 1381/1381/1381 1377/1377/1377 1379/1379/1379
f 1382/1382/1382 1383/1383/1383 1384/1384/1384
f 1385/1385/1385 1386/1386/1386 1387/1387/1387
f 1386/1386/1386 1388/1388/1388 1387/1387/1387
f 1389/1389/1389 1247/1247/1247 1390/1390/1390
f 1391/1391/1391 1392/1392/1392 1393/1393/1393
f 1389/1389/1389 1353/1353/1353 1247/1247/1247
f 1394/1394/1394 1395/1395/1395 1396/1396/1396
f 1397/1397/1397 1398/1398/1398 1399/1399/1399
f 1394/1394/1394 1400/1400/1400 1395/1395/1395
f 1353/1353/1353 1389/1389/1389 1401/1401/1401
f 1402/1402/1402 1403/1403/1403 1404/1404/1404
f 1363/1363/1363 1405/1405/1405 1364/1364/1364
f 1406/1406/1406 1407/1407/1407 1408/1408/1408
f 1399/1399/1399 1398/1398/1398 1409/1409/1409
f 1406/1406/1406 1410/1410/1410 1407/1407/1407
f 1402/1402/1402 1411/1411/1411 1403/1403/1403
f 1412/1412/1412 1397/1397/1397 1399/1399/1399
f 1406/1406/1406 1408/1408/1408 1413/1413/1413
f 1414/1414/1414 1415/1415/1415 1416/1416/1416
f 1417/1417/1417 1418/1418/1418 1419/1419/1419
f 1420/1420/1420 1408/1408/1408 1421/1421/1421
f 1409/1409/1409 1422/1422/1422 1399/1399/1399
f 1420/1420/1420 1413/1413/1413 1408/1408/1408
f 1423/1423/1423 1424/1424/1424 1425/1425/1425
f 1417/1417/1417 1419/1419/1419 1426/1426/1426
f 1427/1427/1427 1428/1428/1428 1414/1414/1414
f 1429/1429/1429 1415/1415/1415 1414/1414/1414
f 1429/1429/1429 1414/1414/1414 1428/1428/1428
f 1424/1424/1424 1430/1430/1430 1425/1425/1425
f 1431/1431/1431 1432/1432/1432 1433/1433/1433
f 1434/1434/1434 1435/1435/1435 1436/1436/1436
f 1437/1437/1437 1428/1428/1428 1427/1427/1427
f 1431/1431/1431 1438/1438/1438 1432/1432/1432
f 1409/1409/1409 1439/1439/1439 1422/1422/1422
f 1409/1409/1409 1440/1440/1440 1441/1441/1441
f 1442/1442/1442 1443/1443/1443 1444/1444/1444
f 1439/1439/1439 1409/1409/1409 1441/1441/1441
f 1445/1445/1445 1446/1446/1446 1447/1447/1447
f 1448/1448/1448 1443/1443/1443 1449/1449/1449
f 1450/1450/1450 1451/1451/1451 1452/1452/1452
f 1443/1443/1443 1448/1448/1448 1444/1444/1444
f 1436/1436/1436 1453/1453/1453 1434/1434/1434
f 80/80/80 111/111/111 81/81/81
f 1513/1513/1513 1514/1514/1514 1515/1515/1515
f 1513/1513/1513 1515/1515/1515 1514/1514/1514
f 1513/1513/1513 1515/1515/1515 1516/1516/1516
f 1513/1513/1513 1516/1516/1516 1515/1515/1515
f 1513/1513/1513 1516/1516/1516 1517/1517/1517
f 1513/1513/1513 1517/1517/1517 1516/1516/1516
f 1513/1513/1513 1517/1517/1517 1518/1518/1518
f 1513/1513/1513 1518/1518/1518 1517/1517/1517
f 1513/1513/1513 1518/1518/1518 1519/1519/1519
f 1513/1513/1513 1519/1519/1519 1518/1518/1518
f 1513/1513/1513 1519/1519/1519 1520/1520/1520
f 1513/1513/1513 1520/1520/1520 1519/1519/1519
f 1513/1513/1513 1520/1520/1520 1521/1521/1521
f 1513/1513/1513 1521/1521/1521 1520/1520/1520
f 1513/1513/1513 1521/1521/1521 1522/1522/1522
f 1513/1513/1513 1522/1522/1522 1521/1521/1521
f 1513/1513/1513 1522/1522/1522 1523/1523/1523
f 1513/1513/1513 1523/1523/1523 1522/1522/1522
f 1513/1513/1513 1523/1523/1523 1524/1524/1524
f 1513/1513/1513 1524/1524/1524 1523/1523/1523
f 1513/1513/1513 1524/1524/1524 1525/1525/1525
f 1513/1513/1513 1525/1525/1525 1524/1524/1524
f 1513/1513/1513 1525/1525/1525 1526/1526/1526
f 1513/1513/1513 1526/1526/1526 1525/1525/1525
f 1513/1513/1513 1526/1526/1526 1527/1527/1527
f 1513/1513/1513 1527/1527/1527 1526/1526/1526
f 1513/1513/1513 1527/1527/1527 1528/1528/1528
f 1513/1513/1513 1528/1528/1528 1527/1527/1527
f 1513/1513/1513 1528/1528/1528 1529/1529/1529
f 1513/1513/1513 1529/1529/1529 1528/1528/1528
f 1513/1513/1513 1529/1529/1529 1530/1530/1530
f 1513/1513/1513 1530/1530/1530 1529/1529/1529
f 1513/1513/1513 1530/1530/1530 1531/1531/1531
f 1513/1513/1513 1531/1531/1531 1530/1530/1530
f 1513/1513/1513 1531/1531/1531 1532/1532/1532
f 1513/1513/1513 1532/1532/1532 1531/1531/1531
f 1513/1513/1513 1532/1532/1532 1533/1533/1533
f 1513/1513/1513 1533/1533/1533 1532/1532/1532
f 1513/1513/1513 1533/1533/1533 1534/1534/1534
f 1513/1513/1513 1534/1534/1534 1533/1533/1533
f 1513/1513/1513 1534/1534/1534 1535/1535/1535
f 1513/1513/1513 1535/1535/1535 1534/1534/1534
f 1513/1513/1513 1535/1535/1535 1536/1536/1536
f 1513/1513/1513 1536/1536/1536 1535/1535/1535
f 1513/1513/1513 1536/1536/1536 1537/1537/1537
f 1513/1513/1513 1537/1537/1537 1536/1536/1536
f 1513/1513/1513 1537/1537/1537 1538/1538/1538
f 1513/1513/1513 1538/1538/1538 1537/1537/1537
f 1513/1513/1513 1538/1538/1538 1539/1539/1539
f 1513/1513/1513 1539/1539/1539 1538/1538/1538
f 1513/1513/1513 1539/1539/1539 1540/1540/1540
f 1513/1513/1513 1540/1540/1540 1539/1539/1539
f 1513/1513/1513 1540/1540/1540 1541/1541/1541
f 1513/1513/1513 1541/1541/1541 1540/1540/1540
f 1513/1513/1513 1541/1541/1541 1542/1542/1542
f 1513/1513/1513 1542/1542/1542 1541/1541/1541
f 1513/1513/1513 1542/1542/1542 1543/1543/1543
f 1513/1513/1513 1543/1543/1543 1542/1542/1542
f 1513/1513/1513 1543/1543/1543 1514/1514/1514
f 1513/1513/1513 1514/1514/1514 1543/1543/1543
