o leg_right
v 0.63218 1.87841 -0.29725
v 0.43619 1.83588 -0.35024
v 0.45437 1.89110 -0.31225
v 0.63218 1.87841 -0.29725
v 0.45437 1.89110 -0.31225
v 0.45898 2.11755 -0.42374
v 0.48180 1.06573 -0.43861
v 0.52573 0.97875 -0.39215
v 0.49278 0.96827 -0.37535
v 0.52059 1.12551 -0.49872
v 0.52059 1.12551 -0.49872
v 0.44393 1.07008 -0.46035
v 0.59410 1.21325 -0.55819
v 0.50009 1.20361 -0.57921
v 0.50009 1.20361 -0.57921
v 0.51307 1.27449 -0.67324
v 0.50416 1.19755 -0.62546
v 0.51307 1.27449 -0.67324
v 0.45993 1.63349 -0.46733
v 0.48180 1.06573 -0.43861
v 0.49278 0.96827 -0.37535
v 0.47250 1.18308 -0.01601
v 0.48180 1.06573 -0.43861
v 0.46475 1.25914 -0.32249
v 0.45993 1.63349 -0.46733
v 0.48171 1.26855 -0.10307
v 0.45765 1.32971 -0.16684
v 0.47284 1.33188 -0.17747
v 0.48180 1.06573 -0.43861
v 0.46475 1.25914 -0.32249
v 0.41129 1.30818 -0.31535
v 0.47284 1.33188 -0.17747
v 0.45611 1.38334 -0.24537
v 0.45611 1.38334 -0.24537
v 0.41349 1.77466 -0.26221
v 0.45765 1.32971 -0.16684
v 0.45961 1.21680 -0.03297
v 0.43474 1.51894 -0.17772
v 0.45611 1.38334 -0.24537
v 0.44393 1.07008 -0.46035
v 0.43619 1.83588 -0.35024
v 0.43040 1.44884 0.13656
v 0.43339 2.06120 -0.40615
v 0.43619 1.83588 -0.35024
v 0.45437 1.89110 -0.31225
v 0.40480 1.58361 -0.27045
v 0.44393 1.07008 -0.46035
v 0.41129 1.30818 -0.31535
v 0.41932 1.50789 0.09252
v 0.41306 1.58738 -0.00718
v 0.45611 1.38334 -0.24537
v 0.43619 1.83588 -0.35024
v 0.40273 1.85202 -0.36230
v 0.41850 1.96362 -0.48600
v 0.41349 1.77466 -0.26221
v 0.41310 1.65514 -0.07969
v 0.41932 1.50789 0.09252
v 0.43652 1.48609 0.13933
v 0.41127 1.56384 0.15475
v 0.38129 1.50786 -0.20934
v 0.43474 1.51894 -0.17772
v 0.38724 1.56656 -0.14477
v 0.38129 1.50786 -0.20934
v 0.38125 1.90800 -0.43883
v 0.38374 1.42063 0.01066
v 0.41310 1.65514 -0.07969
v 0.41306 1.58738 -0.00718
v 0.41310 1.65514 -0.07969
v 0.41127 1.56384 0.15475
v 0.24847 1.58562 0.17334
v 0.41932 1.50789 0.09252
v 0.40273 1.85202 -0.36230
v 0.36806 1.80605 -0.53602
v 0.41932 1.50789 0.09252
v 0.38374 1.42063 0.01066
v 0.37957 1.49384 -0.08806
v 0.38724 1.56656 -0.14477
v 0.38125 1.90800 -0.43883
v 0.32292 1.56641 -0.15536
v 0.47054 1.84332 0.09792
v 0.38913 1.83157 0.09370
v 0.38020 1.81026 0.20528
v 0.38020 1.81026 0.20528
v 0.38974 1.70322 0.18899
v 0.45485 1.69371 0.19634
v 0.41127 1.56384 0.15475
v 0.44764 1.65860 0.23128
v 0.24847 1.58562 0.17334
v 0.39462 1.78495 0.06483
v 0.38974 1.70322 0.18899
v 0.38020 1.81026 0.20528
v 0.34005 1.90250 0.14510
v 0.38913 1.83157 0.09370
v 0.47054 1.84332 0.09792
v 0.38913 1.83157 0.09370
v 0.44764 1.65860 0.23128
v 0.38974 1.70322 0.18899
v 0.28343 1.67130 0.23015
v 0.29275 1.78479 0.06270
v 0.39462 1.78495 0.06483
v 0.39462 1.78495 0.06483
v 0.29275 1.78479 0.06270
v 0.27474 1.99235 0.22396
v 0.52808 2.03307 0.23514
v 0.29275 1.78479 0.06270
v 0.34005 1.90250 0.14510
v 0.31683 1.74247 0.50561
v 0.34005 1.90250 0.14510
v 0.25922 1.87816 0.27101
v 0.31683 1.74247 0.50561
v 0.27669 1.92087 0.16653
v 0.28343 1.67130 0.23015
v 0.28343 1.67130 0.23015
v 0.27295 1.95694 0.28583
v 0.27669 1.92087 0.16653
v 0.27474 1.99235 0.22396
v 0.27669 1.92087 0.16653
v 0.25922 1.87816 0.27101
v 0.34005 1.90250 0.14510
v 1.20815 0.16638 -0.83200
v 1.19141 0.23048 -0.77588
v 1.21681 0.02253 -0.82358
v 1.19064 0.13100 -0.74050
v 1.21681 0.02253 -0.82358
v 1.17018 0.03283 -0.73105
v 1.12118 0.01412 -0.86062
v 1.17662 0.26162 -0.74112
v 1.21681 0.02253 -0.82358
v 1.19064 0.13100 -0.74050
v 1.15956 0.11296 -0.73272
v 1.20815 0.16638 -0.83200
v 1.21681 0.02253 -0.82358
v 1.12118 0.01412 -0.86062
v 1.11891 0.12662 -0.63096
v 1.10842 0.16458 -0.87304
v 1.17018 0.03283 -0.73105
v 1.21681 0.02253 -0.82358
v 1.15956 0.11296 -0.73272
v 1.19064 0.13100 -0.74050
v 1.11891 0.12662 -0.63096
v 1.15956 0.11296 -0.73272
v 1.17662 0.26162 -0.74112
v 1.19141 0.23048 -0.77588
v 1.06167 0.25814 -0.80030
v 1.12110 0.25851 -0.65188
v 1.20815 0.16638 -0.83200
v 1.06747 0.23166 -0.82462
v 1.07655 0.02217 -0.80282
v 1.11922 0.28688 -0.64730
v 1.10842 0.16458 -0.87304
v 1.12110 0.25851 -0.65188
v 1.17662 0.26162 -0.74112
v 1.03205 0.25776 -0.68598
v 1.07290 0.11827 -0.81303
v 1.07655 0.02217 -0.80282
v 1.15956 0.11296 -0.73272
v 1.17018 0.03283 -0.73105
v 1.07290 0.11827 -0.81303
v 1.10842 0.16458 -0.87304
v 1.12118 0.01412 -0.86062
v 1.04463 0.08008 -0.51221
v 1.11524 0.07286 -0.62890
v 1.11891 0.12662 -0.63096
v 1.11524 0.07286 -0.62890
v 1.01061 0.07276 -0.67113
v 1.12110 0.25851 -0.65188
v 1.03205 0.25776 -0.68598
v 1.11922 0.28688 -0.64730
v 1.06747 0.23166 -0.82462
v 1.09397 0.29670 -0.46849
v 1.09332 0.23078 -0.45942
v 1.04134 0.28831 -0.50706
v 1.02631 0.12539 -0.67805
v 1.07290 0.11827 -0.81303
v 1.15956 0.11296 -0.73272
v 1.07655 0.02217 -0.80282
v 1.09397 0.29670 -0.46849
v 1.05914 0.35360 -0.44327
v 0.99158 0.34969 -0.36026
v 1.09332 0.23078 -0.45942
v 1.06167 0.25814 -0.80030
v 1.04134 0.28831 -0.50706
v 1.03633 0.23376 -0.49431
v 1.03633 0.23376 -0.49431
v 1.09332 0.23078 -0.45942
v 1.06026 0.22099 -0.44834
v 1.09397 0.29670 -0.46849
v 1.04134 0.28831 -0.50706
v 1.05914 0.35360 -0.44327
v 1.11891 0.12662 -0.63096
v 1.04134 0.28831 -0.50706
v 1.11922 0.28688 -0.64730
v 0.95276 0.28977 -0.54309
v 1.06359 0.13965 -0.45580
v 1.03633 0.23376 -0.49431
v 1.06026 0.22099 -0.44834
v 1.06359 0.13965 -0.45580
v 1.06026 0.22099 -0.44834
v 0.98761 0.14099 -0.36870
v 1.03633 0.23376 -0.49431
v 1.06359 0.13965 -0.45580
v 0.91412 0.13481 -0.52685
v 1.03633 0.23376 -0.49431
v 1.02631 0.12539 -0.67805
v 1.06167 0.25814 -0.80030
v 1.04463 0.08008 -0.51221
v 1.03633 0.23376 -0.49431
v 0.95424 0.23181 -0.53755
v 0.99158 0.34969 -0.36026
v 1.05914 0.35360 -0.44327
v 0.90827 0.34699 -0.53058
v 1.03205 0.25776 -0.68598
v 0.91280 0.23605 -0.54673
v 1.02631 0.12539 -0.67805
v 1.00070 0.29296 -0.68690
v 1.04463 0.08008 -0.51221
v 1.01061 0.07276 -0.67113
v 1.11524 0.07286 -0.62890
v 0.90827 0.34699 -0.53058
v 1.02631 0.12539 -0.67805
v 1.00070 0.29296 -0.68690
v 1.06026 0.22099 -0.44834
v 1.09332 0.23078 -0.45942
v 0.99149 0.21154 -0.36440
v 1.01061 0.07276 -0.67113
v 1.03633 0.23376 -0.49431
v 0.91280 0.23605 -0.54673
v 0.95424 0.23181 -0.53755
v 0.99149 0.21154 -0.36440
v 0.99149 0.21154 -0.36440
v 0.96979 0.08172 -0.54740
v 0.95276 0.28977 -0.54309
v 0.96979 0.08172 -0.54740
v 0.95424 0.23181 -0.53755
v 1.00070 0.29296 -0.68690
v 1.01061 0.07276 -0.67113
v 0.95276 0.28977 -0.54309
v 0.96979 0.08172 -0.54740
v 0.95424 0.23181 -0.53755
v 0.91280 0.23605 -0.54673
v 0.95276 0.28977 -0.54309
v 0.91280 0.29567 -0.55374
v 0.91280 0.29567 -0.55374
v 0.87321 0.34858 -0.44752
v 0.83201 2.01442 -0.29440
v 0.91280 0.29567 -0.55374
v 0.91280 0.23605 -0.54673
v 0.87321 0.34858 -0.44752
v 0.90827 0.34699 -0.53058
v 0.87058 0.20118 -0.43489
v 0.91412 0.13481 -0.52685
v 0.82179 0.33825 -0.44752
v 0.88120 0.34135 -0.30889
v 0.87321 0.34858 -0.44752
v 0.82773 0.27534 -0.41769
v 0.82179 0.33825 -0.44752
v 0.82219 1.13927 -0.48563
v 0.82118 1.01627 -0.34033
v 0.82529 0.98357 -0.41080
v 0.82885 0.39820 -0.32404
v 0.82179 0.33825 -0.44752
v 0.81824 0.48211 -0.36550
v 0.81820 0.36702 -0.44132
v 0.82219 0.11016 -0.70268
v 0.82151 0.10281 -0.80288
v 0.82138 0.24780 -0.80256
v 0.81966 0.21987 -0.69155
v 0.81577 0.25249 -0.72388
v 0.82560 0.24867 -0.54376
v 0.82116 0.33622 -0.54307
v 0.82179 0.33825 -0.44752
v 0.83485 1.11816 -0.39224
v 0.81969 1.10431 -0.39097
v 0.82219 1.13927 -0.48563
v 0.81969 1.10431 -0.39097
v 0.82219 1.13927 -0.48563
v 0.79365 1.24033 -0.53145
v 0.80133 1.24372 -0.45791
v 0.81007 1.07008 -0.02207
v 0.82573 0.91478 -0.25024
v 0.79133 1.33097 -0.24302
v 0.80004 0.11572 -0.68783
v 0.82219 0.11016 -0.70268
v 0.81966 0.21987 -0.69155
v 0.82138 0.24780 -0.80256
v 0.79801 0.25431 -0.74498
v 0.81577 0.25249 -0.72388
v 0.83485 1.11816 -0.39224
v 0.82151 0.10281 -0.80288
v 0.82219 0.11016 -0.70268
v 0.79702 0.10248 -0.81247
v 0.82151 0.10281 -0.80288
v 0.79702 0.10248 -0.81247
v 0.82138 0.24780 -0.80256
v 0.79600 0.23931 -0.81777
v 0.82560 0.24867 -0.54376
v 0.80289 0.23179 -0.54533
v 0.82116 0.33622 -0.54307
v 0.82116 0.33622 -0.54307
v 0.80289 0.23179 -0.54533
v 0.80200 0.30049 -0.55412
v 0.79800 0.19849 -0.58691
v 0.80514 0.12671 -0.59661
v 0.82573 0.91478 -0.25024
v 0.81007 1.07008 -0.02207
v 0.77818 1.00536 -0.11157
v 0.81577 0.25249 -0.72388
v 0.79801 0.25431 -0.74498
v 0.79486 0.30689 -0.70403
v 0.80200 0.30049 -0.55412
v 0.80004 0.11572 -0.68783
v 0.79486 0.30689 -0.70403
v 0.78662 0.99227 -0.33009
v 0.82573 0.91478 -0.25024
v 0.77879 0.90241 -0.26702
v 0.82118 1.01627 -0.34033
v 0.80289 0.23179 -0.54533
v 0.83485 1.11816 -0.39224
v 0.76804 1.41907 -0.23955
v 0.81969 1.10431 -0.39097
v 0.80033 1.13224 0.06928
v 0.79392 1.24075 -0.02097
v 0.79496 1.20923 -0.57510
v 0.80070 1.29065 -0.62461
v 0.78280 1.39130 -0.13524
v 0.80033 1.13224 0.06928
v 0.76431 1.07856 0.00724
v 0.79133 1.33097 -0.24302
v 0.81969 1.10431 -0.39097
v 0.76966 1.33446 -0.26467
v 0.66908 1.79676 -0.23034
v 0.79478 0.10061 -0.96225
v 0.79190 0.21032 -0.97731
v 0.79702 0.10248 -0.81247
v 0.79600 0.23931 -0.81777
v 0.79103 0.24334 -0.93936
v 0.76966 1.33446 -0.26467
v 0.79801 0.79450 -0.09016
v 0.77990 0.77634 -0.13300
v 0.77879 0.90241 -0.26702
v 0.77879 0.90241 -0.26702
v 0.82529 0.98357 -0.41080
v 0.82118 1.01627 -0.34033
v 0.78185 0.98805 -0.36672
v 0.76804 1.41907 -0.23955
v 0.77486 1.41020 -0.55346
v 0.78662 0.99227 -0.33009
v 0.77937 0.84507 0.02902
v 0.77818 1.00536 -0.11157
v 0.79801 0.79450 -0.09016
v 0.77937 0.84507 0.02902
v 0.77404 0.80373 -0.05934
v 0.77963 0.09450 -0.94098
v 0.64196 0.10080 -0.96174
v 0.78662 0.99227 -0.33009
v 0.77879 0.90241 -0.26702
v 0.77914 0.89792 -0.30103
v 0.79801 0.79450 -0.09016
v 0.69700 0.78789 -0.10061
v 0.77990 0.77634 -0.13300
v 0.80033 1.13224 0.06928
v 0.79392 1.24075 -0.02097
v 0.75554 1.22787 -0.00931
v 0.77494 0.14675 -1.03673
v 0.78185 0.98805 -0.36672
v 0.76431 1.07856 0.00724
v 0.77920 0.92398 0.15007
v 0.77726 0.00243 -0.94439
v 0.79478 0.10061 -0.96225
v 0.77963 0.09450 -0.94098
v 0.77726 0.00243 -0.94439
v 0.77172 0.00000 -1.02913
v 0.80200 0.30049 -0.55412
v 0.79486 0.30689 -0.70403
v 0.64448 0.30506 -0.55799
v 0.64616 0.30732 -0.70581
v 0.79486 0.30689 -0.70403
v 0.79801 0.25431 -0.74498
v 0.78280 1.39130 -0.13524
v 0.74696 1.39357 -0.14984
v 0.79478 0.10061 -0.96225
v 0.79103 0.24334 -0.93936
v 0.62365 0.24855 -0.80911
v 0.79600 0.23931 -0.81777
v 0.78280 1.39130 -0.13524
v 0.74696 1.39357 -0.14984
v 0.65510 0.97017 -0.42420
v 0.73617 1.42938 -0.21599
v 0.74696 1.39357 -0.14984
v 0.76966 1.33446 -0.26467
v 0.73617 1.42938 -0.21599
v 0.63218 1.87841 -0.29725
v 0.51307 1.27449 -0.67324
v 0.72604 1.61907 -0.43925
v 0.77486 1.41020 -0.55346
v 0.73268 1.59189 -0.17422
v 0.72604 1.61907 -0.43925
v 0.77726 0.00243 -0.94439
v 0.66391 0.00079 -0.94710
v 0.77172 0.00000 -1.02913
v 0.62365 0.24855 -0.80911
v 0.62067 0.24853 -0.73624
v 0.64616 0.30732 -0.70581
v 0.73268 1.59189 -0.17422
v 0.75554 1.22787 -0.00931
v 0.82219 1.13927 -0.48563
v 0.82529 0.98357 -0.41080
v 0.65340 1.09185 -0.48559
v 0.73212 1.36584 0.09899
v 0.73268 1.59189 -0.17422
v 0.77726 0.00243 -0.94439
v 0.77963 0.09450 -0.94098
v 0.66391 0.00079 -0.94710
v 0.79103 0.24334 -0.93936
v 0.79190 0.21032 -0.97731
v 0.64581 0.21121 -0.97943
v 0.71494 1.53590 0.09877
v 0.77494 0.14675 -1.03673
v 0.79365 1.24033 -0.53145
v 0.64540 1.21805 -0.54248
v 0.79496 1.20923 -0.57510
v 0.71301 1.48309 0.17616
v 0.51991 1.05571 -0.02494
v 0.62365 0.24855 -0.80911
v 0.82138 0.24780 -0.80256
v 0.79600 0.23931 -0.81777
v 0.63689 0.98194 -0.38802
v 0.64540 1.21805 -0.54248
v 0.79365 1.24033 -0.53145
v 0.70383 1.69112 -0.10279
v 0.66908 1.79676 -0.23034
v 0.72187 1.90822 -0.15289
v 0.71293 1.90700 0.04031
v 0.64448 0.30506 -0.55799
v 0.82116 0.33622 -0.54307
v 0.80200 0.30049 -0.55412
v 0.77914 0.89792 -0.30103
v 0.77879 0.90241 -0.26702
v 0.53606 0.88872 -0.28160
v 0.78185 0.98805 -0.36672
v 0.77914 0.89792 -0.30103
v 0.63689 0.98194 -0.38802
v 0.77172 0.00000 -1.02913
v 0.65993 0.15374 -1.03639
v 0.77494 0.14675 -1.03673
v 0.62067 0.24853 -0.73624
v 0.68168 1.82264 -0.04843
v 0.68985 1.77489 -0.34538
v 0.68168 1.82264 -0.04843
v 0.80070 1.29065 -0.62461
v 0.69202 1.88162 -0.26252
v 0.63323 1.90554 -0.23590
v 0.51860 1.96900 -0.12008
v 0.68168 1.82264 -0.04843
v 0.64495 0.10487 -0.81742
v 0.64196 0.10080 -0.96174
v 0.64316 0.23830 -0.94222
v 0.65942 0.00035 -1.02855
v 0.70383 1.69112 -0.10279
v 0.67669 1.55719 0.06911
v 0.71494 1.53590 0.09877
v 0.72187 1.90822 -0.15289
v 0.76431 1.07856 0.00724
v 0.51991 1.05571 -0.02494
v 0.77920 0.92398 0.15007
v 0.66262 1.50171 0.16806
v 0.71301 1.48309 0.17616
v 0.63218 1.87841 -0.29725
v 0.68985 1.77489 -0.34538
v 0.59410 1.21325 -0.55819
v 0.68168 1.82264 -0.04843
v 0.67637 1.68975 -0.09692
v 0.70383 1.69112 -0.10279
v 0.67637 1.68975 -0.09692
v 0.68168 1.82264 -0.04843
v 0.66149 1.79329 -0.03503
v 0.67637 1.68975 -0.09692
v 0.69202 1.88162 -0.26252
v 0.67330 1.85708 -0.29777
v 0.65993 0.15374 -1.03639
v 0.64035 1.86534 0.05503
v 0.65554 1.80199 0.02424
v 0.71293 1.90700 0.04031
v 0.67330 1.85708 -0.29777
v 0.65554 1.80199 0.02424
v 0.66149 1.79329 -0.03503
v 0.64316 0.23830 -0.94222
v 0.67330 1.85708 -0.29777
v 0.65942 0.00035 -1.02855
v 0.63323 1.90554 -0.23590
v 0.65510 0.97017 -0.42420
v 0.63323 1.90554 -0.23590
v 0.66149 1.79329 -0.03503
v 0.67669 1.55719 0.06911
v 0.67637 1.68975 -0.09692
v 0.73212 1.36584 0.09899
v 0.71301 1.48309 0.17616
v 0.43040 1.44884 0.13656
v 0.66391 0.00079 -0.94710
v 0.64196 0.10080 -0.96174
v 0.65942 0.00035 -1.02855
v 0.64581 0.21121 -0.97943
v 0.65993 0.15374 -1.03639
v 0.65510 0.97017 -0.42420
v 0.63689 0.98194 -0.38802
v 0.63269 0.98547 -0.40911
v 0.48766 1.20331 -0.03001
v 0.47599 1.10143 0.04448
v 0.65554 1.80199 0.02424
v 0.66262 1.50171 0.16806
v 0.64035 1.86534 0.05503
v 0.65510 0.97017 -0.42420
v 0.63269 0.98547 -0.40911
v 0.65340 1.09185 -0.48559
v 0.64540 1.21805 -0.54248
v 0.64495 0.10487 -0.81742
v 0.64316 0.23830 -0.94222
v 0.62365 0.24855 -0.80911
v 0.63476 1.82731 0.22764
v 0.53858 1.95424 0.08347
v 0.64540 1.21805 -0.54248
v 0.61462 1.08699 -0.46704
v 0.59410 1.21325 -0.55819
v 0.75554 1.22787 -0.00931
v 0.41127 1.56384 0.15475
v 0.66262 1.50171 0.16806
v 0.45485 1.69371 0.19634
v 0.63476 1.82731 0.22764
v 0.46540 1.48557 0.11934
v 0.66262 1.50171 0.16806
v 0.43652 1.48609 0.13933
v 0.53858 1.95424 0.08347
v 0.71293 1.90700 0.04031
v 0.63269 0.98547 -0.40911
v 0.59935 0.96825 -0.44084
v 0.61462 1.08699 -0.46704
v 0.63269 0.98547 -0.40911
v 0.77990 0.77634 -0.13300
v 0.53606 0.88872 -0.28160
v 0.77879 0.90241 -0.26702
v 0.66262 1.50171 0.16806
v 0.46540 1.48557 0.11934
v 0.71301 1.48309 0.17616
v 0.59410 1.21325 -0.55819
v 0.59410 1.21325 -0.55819
v 0.59935 0.96825 -0.44084
v 0.52793 0.96626 -0.43688
v 0.47054 1.84332 0.09792
v 0.63476 1.82731 0.22764
v 0.64035 1.86534 0.05503
v 0.50009 1.20361 -0.57921
v 0.52793 0.96626 -0.43688
v 0.59935 0.96825 -0.44084
v 0.63269 0.98547 -0.40911
v 0.63689 0.98194 -0.38802
v 0.52573 0.97875 -0.39215
v 0.79496 1.20923 -0.57510
v 0.51307 1.27449 -0.67324
v 0.80070 1.29065 -0.62461
v 0.49814 0.88094 -0.31348
v 0.38020 1.81026 0.20528
v 0.52573 0.97875 -0.39215
v 0.48766 1.20331 -0.03001
v 0.50881 1.92380 -0.23064
v 0.49814 0.88094 -0.31348
v 0.71301 1.48309 0.17616
v 0.46540 1.48557 0.11934
v 0.43040 1.44884 0.13656
v 0.47883 1.94588 -0.24507
v 0.43652 1.48609 0.13933
v 0.47904 1.84432 0.06689
v 0.52059 1.12551 -0.49872
v 0.50416 1.19755 -0.62546
v 0.49289 1.92978 0.07985
v 0.53858 1.95424 0.08347
v 0.51860 1.96900 -0.12008
v 0.52059 1.12551 -0.49872
v 0.52793 0.96626 -0.43688
v 0.52573 0.97875 -0.39215
v 0.49278 0.96827 -0.37535
v 0.50416 1.19755 -0.62546
v 0.49573 2.18027 -0.08181
v 0.49475 1.90054 0.13847
v 0.50881 1.92380 -0.23064
v 0.49291 0.93627 -0.21949
v 0.49289 1.92978 0.07985
v 0.47904 1.84432 0.06689
v 0.49289 1.92978 0.07985
v 0.47904 1.84432 0.06689
v 0.47054 1.84332 0.09792
v 0.49814 0.88094 -0.31348
v 0.49291 0.93627 -0.21949
v 0.49278 0.96827 -0.37535
v 0.47250 1.18308 -0.01601
v 0.48171 1.26855 -0.10307
v 0.47250 1.18308 -0.01601
v 0.48766 1.20331 -0.03001
v 0.45961 1.21680 -0.03297
v 0.48171 1.26855 -0.10307
v 0.52808 2.03307 0.23514
v 0.47054 1.84332 0.09792
v 0.49475 1.90054 0.13847
v 0.41932 1.50789 0.09252
v 0.47284 1.33188 -0.17747
v 0.45961 1.21680 -0.03297
v 0.45765 1.32971 -0.16684
v 0.38020 1.81026 0.20528
v 0.45485 1.69371 0.19634
v 0.44764 1.65860 0.23128
v 0.41127 1.56384 0.15475
v 0.46540 1.48557 0.11934
v 0.43652 1.48609 0.13933
v 0.41932 1.50789 0.09252
v 0.44764 1.65860 0.23128
v 0.45485 1.69371 0.19634
v 0.38974 1.70322 0.18899
v 0.34005 1.90250 0.14510
v 0.48766 1.20331 -0.03001
v 0.99149 0.21154 -0.36440
v 0.99158 0.34969 -0.36026
v 0.92764 0.20634 -0.28575
v 0.99149 0.21154 -0.36440
v 0.88005 0.14025 -0.43609
v 0.98761 0.14099 -0.36870
v 0.88005 0.14025 -0.43609
v 1.06359 0.13965 -0.45580
v 0.98761 0.14099 -0.36870
v 0.87058 0.20118 -0.43489
v 0.91412 0.13481 -0.52685
v 0.87058 0.20118 -0.43489
v 0.99149 0.21154 -0.36440
v 0.80196 0.20879 -0.34921
v 0.92764 0.20634 -0.28575
v 0.81995 0.32968 -0.13372
v 0.99158 0.34969 -0.36026
v 0.85323 0.33974 -0.22621
v 0.92354 0.15784 -0.27985
v 0.80864 0.15789 -0.33917
v 0.92764 0.20634 -0.28575
v 0.87058 0.20118 -0.43489
v 0.91412 0.13481 -0.52685
v 0.88005 0.14025 -0.43609
v 0.88120 0.34135 -0.30889
v 0.80196 0.20879 -0.34921
v 0.81294 0.26011 -0.13513
v 0.88120 0.34135 -0.30889
v 0.82978 0.34941 -0.34307
v 0.88100 0.39627 -0.31365
v 0.82773 0.27534 -0.41769
v 0.87321 0.34858 -0.44752
v 0.87058 0.20118 -0.43489
v 0.85323 0.33974 -0.22621
v 0.88120 0.34135 -0.30889
v 0.88100 0.39627 -0.31365
v 0.81766 0.39465 -0.16081
v 0.88100 0.39627 -0.31365
v 0.83413 0.40059 -0.23278
v 0.81766 0.39465 -0.16081
v 0.88100 0.39627 -0.31365
v 0.82978 0.34941 -0.34307
v 0.82885 0.39820 -0.32404
v 0.81995 0.32968 -0.13372
v 0.82885 0.39820 -0.32404
v 0.81485 0.20710 -0.39224
v 0.82179 0.33825 -0.44752
v 0.82978 0.34941 -0.34307
v 0.83494 0.83063 0.05357
v 0.83485 0.70876 0.17174
v 0.83463 0.64741 0.20148
v 0.83201 0.53939 0.05050
v 0.83182 0.69716 -0.05069
v 0.82554 0.17080 -0.15999
v 0.83427 0.71104 0.32420
v 0.83577 0.70485 0.25284
v 0.82194 0.88634 0.19156
v 0.82562 0.91940 0.31580
v 0.92354 0.15784 -0.27985
v 0.81485 0.20710 -0.39224
v 0.83463 0.64741 0.20148
v 0.80364 0.64904 0.20698
v 0.83201 0.53939 0.05050
v 0.83463 0.64741 0.20148
v 0.83485 0.70876 0.17174
v 0.80825 0.68339 0.19192
v 0.81099 0.37285 -0.15707
v 0.82885 0.39820 -0.32404
v 0.81824 0.48211 -0.36550
v 0.83413 0.40059 -0.23278
v 0.82978 0.34941 -0.34307
v 0.82179 0.33825 -0.44752
v 0.82554 0.17080 -0.15999
v 0.65715 0.15616 -0.26467
v 0.92354 0.15784 -0.27985
v 0.83577 0.70485 0.25284
v 0.83427 0.71104 0.32420
v 0.80438 0.70677 0.32008
v 0.81043 0.70896 -0.05206
v 0.83494 0.83063 0.05357
v 0.83182 0.69716 -0.05069
v 0.81766 0.39465 -0.16081
v 0.81341 0.47067 -0.31159
v 0.76304 0.79577 0.00992
v 0.82560 0.24867 -0.54376
v 0.82179 0.33825 -0.44752
v 0.82773 0.27534 -0.41769
v 0.83201 0.53939 0.05050
v 0.81043 0.70896 -0.05206
v 0.83182 0.69716 -0.05069
v 0.85323 0.33974 -0.22621
v 0.81099 0.37285 -0.15707
v 0.81995 0.32968 -0.13372
v 0.81485 0.20710 -0.39224
v 0.80864 0.15789 -0.33917
v 0.80816 0.58804 0.01843
v 0.78193 0.81675 0.08404
v 0.83494 0.83063 0.05357
v 0.80364 0.64904 0.20698
v 0.81325 0.14538 -0.39846
v 0.81288 0.14118 -0.52196
v 0.81083 0.26579 -0.01362
v 0.81322 0.37127 -0.01134
v 0.80825 0.68339 0.19192
v 0.81294 0.26011 -0.13513
v 0.81288 0.14118 -0.52196
v 0.78326 0.20041 -0.53038
v 0.82560 0.24867 -0.54376
v 0.82194 0.88634 0.19156
v 0.83577 0.70485 0.25284
v 0.79389 0.88761 0.17177
v 0.81343 0.49344 -0.08298
v 0.80909 0.61808 -0.17799
v 0.80816 0.58804 0.01843
v 0.82194 0.88634 0.19156
v 0.78082 0.92131 0.30970
v 0.82562 0.91940 0.31580
v 0.83494 0.83063 0.05357
v 0.76304 0.79577 0.00992
v 0.77937 0.84507 0.02902
v 0.78082 0.92131 0.30970
v 0.78176 0.74554 0.32815
v 0.82562 0.91940 0.31580
v 0.81043 0.70896 -0.05206
v 0.80032 0.47727 -0.10935
v 0.81485 0.20710 -0.39224
v 0.80196 0.20879 -0.34921
v 0.78761 0.22213 -0.35637
v 0.81294 0.26011 -0.13513
v 0.81083 0.26579 -0.01362
v 0.79445 0.26278 -0.00988
v 0.79636 0.59219 -0.21465
v 0.80909 0.61808 -0.17799
v 0.81343 0.49344 -0.08298
v 0.78303 0.55379 -0.13499
v 0.82554 0.17080 -0.15999
v 0.79014 0.24103 -0.15427
v 0.78821 0.17345 -0.16264
v 0.79765 0.72134 -0.08168
v 0.81294 0.26011 -0.13513
v 0.81083 0.26579 -0.01362
v 0.81322 0.37127 -0.01134
v 0.76829 0.33407 -0.00537
v 0.78764 0.37941 -0.09583
v 0.81322 0.37127 -0.01134
v 0.81099 0.37285 -0.15707
v 0.80816 0.58804 0.01843
v 0.78404 0.47926 -0.09031
v 0.81343 0.49344 -0.08298
v 0.80825 0.68339 0.19192
v 0.79389 0.88761 0.17177
v 0.83577 0.70485 0.25284
v 0.79801 0.79450 -0.09016
v 0.76304 0.79577 0.00992
v 0.81043 0.70896 -0.05206
v 0.79801 0.79450 -0.09016
v 0.81766 0.39465 -0.16081
v 0.80032 0.47727 -0.10935
v 0.79101 0.41774 -0.14380
v 0.79014 0.24103 -0.15427
v 0.77801 0.28948 -0.00781
v 0.79101 0.41774 -0.14380
v 0.77733 0.37478 -0.13770
v 0.80364 0.64904 0.20698
v 0.80825 0.68339 0.19192
v 0.80026 0.67681 0.33732
v 0.80438 0.70677 0.32008
v 0.82560 0.24867 -0.54376
v 0.78326 0.20041 -0.53038
v 0.80289 0.23179 -0.54533
v 0.78326 0.20041 -0.53038
v 0.79800 0.19849 -0.58691
v 0.80289 0.23179 -0.54533
v 0.78193 0.81675 0.08404
v 0.80032 0.47727 -0.10935
v 0.78404 0.47926 -0.09031
v 0.79101 0.41774 -0.14380
v 0.78082 0.92131 0.30970
v 0.78948 0.92887 0.38106
v 0.80645 0.76429 0.42402
v 0.80514 0.12671 -0.59661
v 0.63749 0.12630 -0.59339
v 0.80004 0.11572 -0.68783
v 0.79445 0.26278 -0.00988
v 0.82116 0.33622 -0.54307
v 0.61905 0.34203 -0.53690
v 0.82179 0.33825 -0.44752
v 0.77733 0.37478 -0.13770
v 0.83427 0.71104 0.32420
v 0.80438 0.70677 0.32008
v 0.75705 0.82108 0.08830
v 0.77937 0.84507 0.02902
v 0.78176 0.74554 0.32815
v 0.81485 0.20710 -0.39224
v 0.62458 0.21707 -0.38373
v 0.81325 0.14538 -0.39846
v 0.60035 0.37072 -0.00296
v 0.78404 0.47926 -0.09031
v 0.77312 0.58070 0.01600
v 0.80438 0.70677 0.32008
v 0.78176 0.74554 0.32815
v 0.80026 0.67681 0.33732
v 0.79765 0.72134 -0.08168
v 0.69700 0.78789 -0.10061
v 0.79801 0.79450 -0.09016
v 0.79389 0.88761 0.17177
v 0.79445 0.26278 -0.00988
v 0.77801 0.28948 -0.00781
v 0.78346 0.25214 0.12872
v 0.78299 0.10292 0.12463
v 0.78080 0.14506 0.02447
v 0.78346 0.25214 0.12872
v 0.78506 0.10139 0.04203
v 0.58398 0.60740 0.15425
v 0.76822 0.55650 0.03688
v 0.80909 0.61808 -0.17799
v 0.78303 0.55379 -0.13499
v 0.77520 0.59282 -0.19492
v 0.77733 0.37478 -0.13770
v 0.79101 0.41774 -0.14380
v 0.78764 0.37941 -0.09583
v 0.77650 0.14741 -0.05520
v 0.79445 0.26278 -0.00988
v 0.78404 0.47926 -0.09031
v 0.78821 0.17345 -0.16264
v 0.79014 0.24103 -0.15427
v 0.76822 0.55650 0.03688
v 0.77404 0.80373 -0.05934
v 0.76304 0.79577 0.00992
v 0.79801 0.79450 -0.09016
v 0.65932 0.92864 0.40131
v 0.80645 0.76429 0.42402
v 0.78948 0.92887 0.38106
v 0.78346 0.25214 0.12872
v 0.77801 0.28948 -0.00781
v 0.76826 0.25772 0.12889
v 0.80032 0.47727 -0.10935
v 0.79636 0.59219 -0.21465
v 0.77520 0.59282 -0.19492
v 0.78303 0.55379 -0.13499
v 0.78404 0.47926 -0.09031
v 0.80032 0.47727 -0.10935
v 0.77520 0.59282 -0.19492
v 0.78303 0.55379 -0.13499
v 0.80032 0.47727 -0.10935
v 0.77312 0.58070 0.01600
v 0.76380 0.11755 0.13488
v 0.78299 0.10292 0.12463
v 0.76826 0.25772 0.12889
v 0.78346 0.25214 0.12872
v 0.78193 0.81675 0.08404
v 0.75705 0.82108 0.08830
v 0.73018 0.89474 0.15648
v 0.76594 0.90247 0.18078
v 0.77312 0.58070 0.01600
v 0.76826 0.25772 0.12889
v 0.77801 0.28948 -0.00781
v 0.77062 0.32847 0.12048
v 0.81824 0.48211 -0.36550
v 0.57414 0.46209 -0.33234
v 0.81341 0.47067 -0.31159
v 0.77937 0.84507 0.02902
v 0.76583 0.84316 0.01866
v 0.77404 0.80373 -0.05934
v 0.76829 0.33407 -0.00537
v 0.81485 0.20710 -0.39224
v 0.78761 0.22213 -0.35637
v 0.62458 0.21707 -0.38373
v 0.76583 0.84316 0.01866
v 0.76380 0.11755 0.13488
v 0.76826 0.25772 0.12889
v 0.75752 0.10303 0.17562
v 0.73995 0.83806 0.04742
v 0.76304 0.79577 0.00992
v 0.77404 0.80373 -0.05934
v 0.76583 0.84316 0.01866
v 0.75398 0.25636 0.25678
v 0.75831 0.04340 0.30838
v 0.74652 0.04372 0.17149
v 0.73018 0.89474 0.15648
v 0.75705 0.82108 0.08830
v 0.74502 0.85839 0.11302
v 0.71304 0.88400 0.08813
v 0.77937 0.84507 0.02902
v 0.77920 0.92398 0.15007
v 0.75179 0.18802 0.31245
v 0.81325 0.14538 -0.39846
v 0.62541 0.14575 -0.52651
v 0.81288 0.14118 -0.52196
v 0.62934 0.38581 -0.08751
v 0.78176 0.74554 0.32815
v 0.80645 0.76429 0.42402
v 0.64750 0.74349 0.32450
v 0.77650 0.14741 -0.05520
v 0.64610 0.14757 -0.05475
v 0.78821 0.17345 -0.16264
v 0.64768 0.32846 0.12059
v 0.77062 0.32847 0.12048
v 0.76829 0.33407 -0.00537
v 0.64347 0.33043 0.00033
v 0.69910 0.73071 -0.08631
v 0.67284 0.77021 0.43489
v 0.73995 0.83806 0.04742
v 0.62548 0.14513 -0.39394
v 0.59388 0.57949 -0.20555
v 0.77520 0.59282 -0.19492
v 0.79636 0.59219 -0.21465
v 0.58808 0.66105 0.33260
v 0.80026 0.67681 0.33732
v 0.78176 0.74554 0.32815
v 0.77937 0.84507 0.02902
v 0.71304 0.88400 0.08813
v 0.73995 0.83806 0.04742
v 0.65296 0.11365 0.13186
v 0.76380 0.11755 0.13488
v 0.75752 0.10303 0.17562
v 0.67284 0.77021 0.43489
v 0.71304 0.88400 0.08813
v 0.64648 0.26239 0.12082
v 0.76826 0.25772 0.12889
v 0.77062 0.32847 0.12048
v 0.73018 0.89474 0.15648
v 0.64495 0.10487 -0.81742
v 0.82219 0.11016 -0.70268
v 0.62331 0.10546 -0.70237
v 0.75398 0.25636 0.25678
v 0.65511 0.18891 0.30798
v 0.75179 0.18802 0.31245
v 0.65868 0.21571 0.26708
v 0.76826 0.25772 0.12889
v 0.64648 0.26239 0.12082
v 0.75398 0.25636 0.25678
v 0.64394 0.90449 0.32214
v 0.78948 0.92887 0.38106
v 0.78082 0.92131 0.30970
v 0.61786 0.89854 0.17229
v 0.65544 0.04317 0.31590
v 0.75831 0.04340 0.30838
v 0.75179 0.18802 0.31245
v 0.65511 0.18891 0.30798
v 0.78080 0.14506 0.02447
v 0.79800 0.19849 -0.58691
v 0.78326 0.20041 -0.53038
v 0.64493 0.21119 -0.53312
v 0.64347 0.33043 0.00033
v 0.80026 0.67681 0.33732
v 0.58808 0.66105 0.33260
v 0.65932 0.92864 0.40131
v 0.64493 0.21119 -0.53312
v 0.77990 0.77634 -0.13300
v 0.69700 0.78789 -0.10061
v 0.55134 0.76482 -0.15410
v 0.63981 0.34093 -0.44500
v 0.81820 0.36702 -0.44132
v 0.82179 0.33825 -0.44752
v 0.58773 0.35376 -0.44554
v 0.64768 0.32846 0.12059
v 0.56402 0.58428 -0.22618
v 0.58961 0.70465 0.32078
v 0.74652 0.04372 0.17149
v 0.65621 0.10349 0.17175
v 0.75752 0.10303 0.17562
v 0.78506 0.10139 0.04203
v 0.63757 0.10237 0.03432
v 0.78080 0.14506 0.02447
v 0.56131 0.72166 -0.08058
v 0.75831 0.04340 0.30838
v 0.65018 0.04243 0.23198
v 0.65557 0.04340 0.17977
v 0.74652 0.04372 0.17149
v 0.63702 0.14753 0.02452
v 0.62777 0.17266 -0.25016
v 0.79765 0.72134 -0.08168
v 0.80909 0.61808 -0.17799
v 0.56131 0.72166 -0.08058
v 0.65621 0.10349 0.17175
v 0.62548 0.14513 -0.39394
v 0.65557 0.04340 0.17977
v 0.54470 0.92813 0.31183
v 0.63757 0.10237 0.03432
v 0.78506 0.10139 0.04203
v 0.78299 0.10292 0.12463
v 0.61923 0.54692 0.03298
v 0.81824 0.48211 -0.36550
v 0.64750 0.74349 0.32450
v 0.61654 0.88636 0.08921
v 0.82116 0.33622 -0.54307
v 0.64448 0.30506 -0.55799
v 0.61905 0.34203 -0.53690
v 0.78299 0.10292 0.12463
v 0.76380 0.11755 0.13488
v 0.63440 0.10687 0.12878
v 0.60035 0.37072 -0.00296
v 0.58146 0.47387 -0.37073
v 0.63981 0.34093 -0.44500
v 0.63359 0.78353 -0.11361
v 0.63702 0.14753 0.02452
v 0.65868 0.21571 0.26708
v 0.75398 0.25636 0.25678
v 0.65010 0.25294 0.24989
v 0.65296 0.11365 0.13186
v 0.65544 0.04317 0.31590
v 0.54427 0.53618 0.05119
v 0.63359 0.78353 -0.11361
v 0.76822 0.55650 0.03688
v 0.61923 0.54692 0.03298
v 0.78764 0.37941 -0.09583
v 0.62541 0.14575 -0.52651
v 0.65010 0.25294 0.24989
v 0.58146 0.47387 -0.37073
v 0.77520 0.59282 -0.19492
v 0.59388 0.57949 -0.20555
v 0.64052 0.20244 -0.58275
v 0.62934 0.38581 -0.08751
v 0.65544 0.04317 0.31590
v 0.65868 0.21571 0.26708
v 0.65018 0.04243 0.23198
v 0.80514 0.12671 -0.59661
v 0.64052 0.20244 -0.58275
v 0.63749 0.12630 -0.59339
v 0.71304 0.88400 0.08813
v 0.54470 0.92813 0.31183
v 0.64394 0.90449 0.32214
v 0.78082 0.92131 0.30970
v 0.65621 0.10349 0.17175
v 0.65010 0.25294 0.24989
v 0.65296 0.11365 0.13186
v 0.65511 0.18891 0.30798
v 0.64648 0.26239 0.12082
v 0.65557 0.04340 0.17977
v 0.63440 0.10687 0.12878
v 0.79800 0.19849 -0.58691
v 0.56115 0.59106 -0.18668
v 0.61654 0.88636 0.08921
v 0.64394 0.90449 0.32214
v 0.67284 0.77021 0.43489
v 0.65932 0.92864 0.40131
v 0.54505 0.92375 0.13321
v 0.77920 0.92398 0.15007
v 0.51991 1.05571 -0.02494
v 0.52526 0.21931 -0.34546
v 0.64648 0.26239 0.12082
v 0.64347 0.33043 0.00033
v 0.64414 0.28861 -0.00479
v 0.64750 0.74349 0.32450
v 0.64495 0.10487 -0.81742
v 0.62120 0.10670 -0.81141
v 0.62365 0.24855 -0.80911
v 0.64648 0.26239 0.12082
v 0.64414 0.28861 -0.00479
v 0.62666 0.27089 -0.00408
v 0.64414 0.28861 -0.00479
v 0.62666 0.27089 -0.00408
v 0.54505 0.92375 0.13321
v 0.64448 0.30506 -0.55799
v 0.64616 0.30732 -0.70581
v 0.62067 0.24853 -0.73624
v 0.64768 0.32846 0.12059
v 0.64052 0.20244 -0.58275
v 0.64493 0.21119 -0.53312
v 0.64648 0.26239 0.12082
v 0.52526 0.21931 -0.34546
v 0.61681 0.24671 -0.54772
v 0.60025 0.26827 -0.01188
v 0.61923 0.54692 0.03298
v 0.83201 0.53939 0.05050
v 0.54427 0.53618 0.05119
v 0.81341 0.47067 -0.31159
v 0.57414 0.46209 -0.33234
v 0.56402 0.58428 -0.22618
v 0.64448 0.30506 -0.55799
v 0.63008 0.24778 0.12227
v 0.62777 0.17266 -0.25016
v 0.64610 0.14757 -0.05475
v 0.62653 0.24816 -0.16597
v 0.62331 0.10546 -0.70237
v 0.63749 0.12630 -0.59339
v 0.63304 0.19050 -0.68732
v 0.62666 0.27089 -0.00408
v 0.63702 0.14753 0.02452
v 0.63008 0.24778 0.12227
v 0.63440 0.10687 0.12878
v 0.63008 0.24778 0.12227
v 0.78761 0.22213 -0.35637
v 0.63757 0.10237 0.03432
v 0.61681 0.24671 -0.54772
v 0.61905 0.34203 -0.53690
v 0.64448 0.30506 -0.55799
v 0.62569 0.22192 -0.24541
v 0.62120 0.10670 -0.81141
v 0.62777 0.17266 -0.25016
v 0.56113 0.16131 -0.24922
v 0.65715 0.15616 -0.26467
v 0.56113 0.16131 -0.24922
v 0.61654 0.88636 0.08921
v 0.62565 0.84231 0.04380
v 0.62261 0.82494 0.06703
v 0.62653 0.24816 -0.16597
v 0.60025 0.26827 -0.01188
v 0.60255 0.24993 -0.16919
v 0.62565 0.84231 0.04380
v 0.59285 0.85198 0.02995
v 0.63981 0.34093 -0.44500
v 0.61905 0.34203 -0.53690
v 0.61317 0.31953 -0.42376
v 0.62548 0.14513 -0.39394
v 0.62458 0.21707 -0.38373
v 0.62541 0.14575 -0.52651
v 0.61681 0.24671 -0.54772
v 0.62261 0.82494 0.06703
v 0.62565 0.84231 0.04380
v 0.59285 0.85198 0.02995
v 0.61786 0.89854 0.17229
v 0.62195 0.37720 -0.17814
v 0.62934 0.38581 -0.08751
v 0.61384 0.48389 -0.08214
v 0.62365 0.24855 -0.80911
v 0.61923 0.54692 0.03298
v 0.62120 0.10670 -0.81141
v 0.61112 0.57615 0.01172
v 0.61317 0.31953 -0.42376
v 0.63981 0.34093 -0.44500
v 0.61317 0.31953 -0.42376
v 0.58773 0.35376 -0.44554
v 0.62569 0.22192 -0.24541
v 0.62653 0.24816 -0.16597
v 0.58124 0.23681 -0.17040
v 0.62666 0.27089 -0.00408
v 0.54689 0.79051 -0.10717
v 0.61905 0.34203 -0.53690
v 0.60383 0.46608 -0.12153
v 0.58359 0.35744 -0.16591
v 0.62934 0.38581 -0.08751
v 0.62195 0.37720 -0.17814
v 0.62777 0.17266 -0.25016
v 0.62569 0.22192 -0.24541
v 0.55961 0.22281 -0.25181
v 0.61317 0.31953 -0.42376
v 0.62458 0.21707 -0.38373
v 0.55741 0.22493 -0.48168
v 0.60035 0.37072 -0.00296
v 0.61112 0.57615 0.01172
v 0.62653 0.24816 -0.16597
v 0.60255 0.24993 -0.16919
v 0.58124 0.23681 -0.17040
v 0.79636 0.59219 -0.21465
v 0.60089 0.79180 -0.09265
v 0.58536 0.82514 0.06712
v 0.62261 0.82494 0.06703
v 0.58536 0.82514 0.06712
v 0.59192 0.55380 -0.14328
v 0.60192 0.83665 -0.01791
v 0.60089 0.79180 -0.09265
v 0.60446 0.79185 0.00959
v 0.59285 0.85198 0.02995
v 0.57726 0.87491 0.15222
v 0.77990 0.77634 -0.13300
v 0.55134 0.76482 -0.15410
v 0.53606 0.88872 -0.28160
v 0.58359 0.35744 -0.16591
v 0.60255 0.24993 -0.16919
v 0.60035 0.37072 -0.00296
v 0.60025 0.26827 -0.01188
v 0.58773 0.35376 -0.44554
v 0.62195 0.37720 -0.17814
v 0.60383 0.46608 -0.12153
v 0.57718 0.46226 -0.12901
v 0.61384 0.48389 -0.08214
v 0.61112 0.57615 0.01172
v 0.56687 0.58444 0.01175
v 0.54689 0.79051 -0.10717
v 0.60446 0.79185 0.00959
v 0.60089 0.79180 -0.09265
v 0.59388 0.57949 -0.20555
v 0.52772 0.15787 -0.34796
v 0.56113 0.16131 -0.24922
v 0.58359 0.35744 -0.16591
v 0.56687 0.58444 0.01175
v 0.60446 0.79185 0.00959
v 0.56807 0.78827 0.01184
v 0.59285 0.85198 0.02995
v 0.54514 0.89176 0.17608
v 0.56454 0.50011 -0.08648
v 0.56807 0.78827 0.01184
v 0.57494 0.40614 -0.17601
v 0.58961 0.70465 0.32078
v 0.56444 0.67488 0.17760
v 0.58808 0.66105 0.33260
v 0.53149 0.82268 0.05299
v 0.62195 0.37720 -0.17814
v 0.57494 0.40614 -0.17601
v 0.58359 0.35744 -0.16591
v 0.60192 0.83665 -0.01791
v 0.54587 0.87767 0.04289
v 0.55741 0.22493 -0.48168
v 0.57925 0.36651 -0.34287
v 0.58146 0.47387 -0.37073
v 0.58773 0.35376 -0.44554
v 0.58398 0.60740 0.15425
v 0.58808 0.66105 0.33260
v 0.56853 0.63654 0.18514
v 0.55961 0.22281 -0.25181
v 0.61384 0.48389 -0.08214
v 0.56115 0.59106 -0.18668
v 0.59192 0.55380 -0.14328
v 0.60383 0.46608 -0.12153
v 0.59388 0.57949 -0.20555
v 0.57718 0.46226 -0.12901
v 0.59192 0.55380 -0.14328
v 0.56115 0.59106 -0.18668
v 0.59388 0.57949 -0.20555
v 0.56853 0.63654 0.18514
v 0.54689 0.79051 -0.10717
v 0.56889 0.41951 -0.32813
v 0.57726 0.87491 0.15222
v 0.58536 0.82514 0.06712
v 0.56621 0.73255 0.13780
v 0.56853 0.63654 0.18514
v 0.57718 0.46226 -0.12901
v 0.56402 0.58428 -0.22618
v 0.61384 0.48389 -0.08214
v 0.56454 0.50011 -0.08648
v 0.56115 0.59106 -0.18668
v 0.56402 0.58428 -0.22618
v 0.58961 0.70465 0.32078
v 0.54900 0.69795 0.31220
v 0.56444 0.67488 0.17760
v 0.57494 0.40614 -0.17601
v 0.57414 0.46209 -0.33234
v 0.54900 0.69795 0.31220
v 0.47599 1.10143 0.04448
v 0.51991 1.05571 -0.02494
v 0.80033 1.13224 0.06928
v 0.56621 0.73255 0.13780
v 0.56444 0.67488 0.17760
v 0.55125 0.36231 -0.48308
v 0.51956 0.30813 -0.59022
v 0.52772 0.15787 -0.34796
v 0.56853 0.63654 0.18514
v 0.56444 0.67488 0.17760
v 0.53843 0.64086 0.18185
v 0.56444 0.67488 0.17760
v 0.53843 0.64086 0.18185
v 0.53149 0.82268 0.05299
v 0.56131 0.72166 -0.08058
v 0.53782 0.69615 -0.04779
v 0.56807 0.78827 0.01184
v 0.56454 0.50011 -0.08648
v 0.56687 0.58444 0.01175
v 0.56115 0.59106 -0.18668
v 0.54689 0.79051 -0.10717
v 0.56131 0.72166 -0.08058
v 0.56807 0.78827 0.01184
v 0.55700 0.16458 -0.48580
v 0.53322 0.24112 -0.54878
v 0.45778 0.22410 -0.42551
v 0.57925 0.36651 -0.34287
v 0.50654 0.36799 -0.31748
v 0.52778 0.40927 -0.31830
v 0.53782 0.69615 -0.04779
v 0.56889 0.41951 -0.32813
v 0.52778 0.40927 -0.31830
v 0.57494 0.40614 -0.17601
v 0.53782 0.69615 -0.04779
v 0.56115 0.59106 -0.18668
v 0.56113 0.16131 -0.24922
v 0.55961 0.22281 -0.25181
v 0.52526 0.21931 -0.34546
v 0.56444 0.67488 0.17760
v 0.54514 0.89176 0.17608
v 0.57726 0.87491 0.15222
v 0.50654 0.36799 -0.31748
v 0.58773 0.35376 -0.44554
v 0.45951 0.36681 -0.41979
v 0.57925 0.36651 -0.34287
v 0.56889 0.41951 -0.32813
v 0.53843 0.64086 0.18185
v 0.52378 0.36241 -0.56455
v 0.52772 0.15787 -0.34796
v 0.55125 0.36231 -0.48308
v 0.56444 0.67488 0.17760
v 0.54900 0.69795 0.31220
v 0.54470 0.92813 0.31183
v 0.52788 0.16226 -0.55178
v 0.54514 0.89176 0.17608
v 0.53606 0.88872 -0.28160
v 0.55134 0.76482 -0.15410
v 0.54689 0.79051 -0.10717
v 0.54587 0.87767 0.04289
v 0.57494 0.40614 -0.17601
v 0.50654 0.36799 -0.31748
v 0.58359 0.35744 -0.16591
v 0.53782 0.69615 -0.04779
v 0.53843 0.64086 0.18185
v 0.53782 0.69615 -0.04779
v 0.54427 0.53618 0.05119
v 0.45778 0.22410 -0.42551
v 0.55700 0.16458 -0.48580
v 0.55741 0.22493 -0.48168
v 0.51991 1.05571 -0.02494
v 0.54505 0.92375 0.13321
v 0.50654 0.36799 -0.31748
v 0.57494 0.40614 -0.17601
v 0.52778 0.40927 -0.31830
v 0.53149 0.82268 0.05299
v 0.58124 0.23681 -0.17040
v 0.45778 0.22410 -0.42551
v 0.52378 0.36241 -0.56455
v 0.50516 0.21986 -0.59211
v 0.53606 0.88872 -0.28160
v 0.49291 0.93627 -0.21949
v 0.47599 1.10143 0.04448
v 0.48766 1.20331 -0.03001
v 0.47250 1.18308 -0.01601
v 0.52378 0.36241 -0.56455
v 0.51956 0.30813 -0.59022
v 0.41081 0.30066 -0.54958
v 0.50142 0.16458 -0.59211
v 0.46363 0.30196 -0.68734
v 0.50516 0.21986 -0.59211
v 0.40884 0.16640 -0.54305
v 0.50142 0.16458 -0.59211
v 0.40815 0.16927 -0.49499
v 0.52788 0.16226 -0.55178
v 0.55700 0.16458 -0.48580
v 0.52788 0.16226 -0.55178
v 0.41393 0.24405 -0.51383
v 0.53322 0.24112 -0.54878
v 0.53322 0.24112 -0.54878
v 0.41393 0.24405 -0.51383
v 0.50516 0.21986 -0.59211
v 0.46204 0.16563 -0.42761
v 0.48163 0.15800 -0.62301
v 0.41236 0.21742 -0.54285
v 0.46363 0.30196 -0.68734
v 0.48570 0.11118 -0.62801
v 0.45504 0.25983 -0.71313
v 0.48163 0.15800 -0.62301
v 0.46204 0.16563 -0.42761
v 0.50142 0.16458 -0.59211
v 0.40884 0.16640 -0.54305
v 0.48163 0.15800 -0.62301
v 0.39138 0.36692 -0.51390
v 0.47599 1.10143 0.04448
v 0.47250 1.18308 -0.01601
v 0.49291 0.93627 -0.21949
v 0.39138 0.36692 -0.51390
v 0.45951 0.36681 -0.41979
v 0.45608 0.11529 -0.70076
v 0.41236 0.21742 -0.54285
v 0.51956 0.30813 -0.59022
v 0.46363 0.30196 -0.68734
v 0.35491 0.30004 -0.63035
v 0.45778 0.22410 -0.42551
v 0.40815 0.16927 -0.49499
v 0.46204 0.16563 -0.42761
v 0.45608 0.11529 -0.70076
v 0.48570 0.11118 -0.62801
v 0.35613 0.10976 -0.63038
v 0.40815 0.16927 -0.49499
v 0.39419 0.15805 -0.58125
v 0.45608 0.11529 -0.70076
v 0.36084 0.11820 -0.66877
v 0.45504 0.25983 -0.71313
v 0.41081 0.30066 -0.54958
v 0.37917 0.26040 -0.51131
v 0.46363 0.30196 -0.68734
v 0.45504 0.25983 -0.71313
v 0.35491 0.30004 -0.63035
v 0.41393 0.24405 -0.51383
v 0.45778 0.22410 -0.42551
v 0.37917 0.26040 -0.51131
v 0.41393 0.24405 -0.51383
v 0.36747 0.26239 -0.68293
v 0.41236 0.21742 -0.54285
v 0.41393 0.24405 -0.51383
v 0.41081 0.30066 -0.54958
v 0.48570 0.11118 -0.62801
v 0.48163 0.15800 -0.62301
v 0.39419 0.15805 -0.58125
v 0.37477 0.31923 -0.52217
v 0.38695 0.11104 -0.58120
v 0.41081 0.30066 -0.54958
v 0.41393 0.24405 -0.51383
v 0.37917 0.26040 -0.51131
v 0.39138 0.36692 -0.51390
v 0.37477 0.31923 -0.52217
v 0.38695 0.11104 -0.58120
v 0.41236 0.21742 -0.54285
v 0.39419 0.15805 -0.58125
v 0.40884 0.16640 -0.54305
v 0.36747 0.26239 -0.68293
v 0.41081 0.30066 -0.54958
v 0.35491 0.30004 -0.63035
v 0.37477 0.31923 -0.52217
v 0.36084 0.11820 -0.66877
v 0.35613 0.10976 -0.63038
v 0.38695 0.11104 -0.58120
v 0.35613 0.10976 -0.63038
v 0.36747 0.26239 -0.68293
v 0.36084 0.11820 -0.66877
v 0.35491 0.30004 -0.63035
v 0.88120 0.34135 -0.30889
v 0.82885 0.39820 -0.32404
v 0.38374 1.42063 0.01066
v 0.24847 1.58562 0.17334
v 0.31599 1.40742 0.00325
v 0.27051 1.61405 0.36469
v 0.31683 1.74247 0.50561
v 0.28343 1.67130 0.23015
v 0.24847 1.58562 0.17334
v 0.23584 1.50379 0.31369
v 0.42165 1.79159 -0.11543
v 0.63218 1.87841 -0.29725
v 0.83201 2.01442 -0.29440
v 0.63323 1.90554 -0.23590
v 0.47883 1.94588 -0.24507
v 0.50881 1.92380 -0.23064
v 0.51860 1.96900 -0.12008
v 0.49289 1.92978 0.07985
v 0.49573 2.18027 -0.08181
v 0.49475 1.90054 0.13847
v 0.52808 2.03307 0.23514
v 0.27474 1.99235 0.22396
v 0.27295 1.95694 0.28583
v 0.25922 1.87816 0.27101
v 0.31683 1.74247 0.50561
v 0.27051 1.61405 0.36469
v 0.23584 1.50379 0.31369
v 0.24847 1.58562 0.17334
v 0.31599 1.40742 0.00325
v 0.38374 1.42063 0.01066
v 0.37957 1.49384 -0.08806
v 0.38724 1.56656 -0.14477
v 0.32292 1.56641 -0.15536
v 0.38129 1.50786 -0.20934
v 0.40480 1.58361 -0.27045
v 0.50009 1.20361 -0.57921
v 0.41349 1.77466 -0.26221
v 0.40273 1.85202 -0.36230
v 0.36806 1.80605 -0.53602
v 0.38125 1.90800 -0.43883
v 0.41850 1.96362 -0.48600
v 0.43619 1.83588 -0.35024
v 0.43339 2.06120 -0.40615
v 0.45437 1.89110 -0.31225
v 0.45898 2.11755 -0.42374
vt 0.26648 0.38654
vt 0.28242 0.37947
vt 0.28146 0.38523
vt 0.68885 0.75722
vt 0.69846 0.74566
vt 0.71584 0.75783
vt 0.22305 0.92510
vt 0.23149 0.92175
vt 0.23285 0.92468
vt 0.21625 0.92121
vt 0.89228 0.67652
vt 0.89757 0.66976
vt 0.88786 0.68642
vt 0.89594 0.68542
vt 0.47727 0.55088
vt 0.47801 0.56081
vt 0.47474 0.55390
vt 0.27021 0.32604
vt 0.27835 0.36014
vt 0.89399 0.66887
vt 0.29140 0.04667
vt 0.25618 0.04667
vt 0.29172 0.03687
vt 0.27496 0.02791
vt 0.51306 0.56204
vt 0.58455 0.00485
vt 0.59214 0.00353
vt 0.59280 0.00495
vt 0.68104 0.50340
vt 0.68174 0.52239
vt 0.67741 0.52673
vt 0.26135 0.02896
vt 0.26406 0.02219
vt 0.60008 0.00444
vt 0.53257 0.55355
vt 0.38927 0.73918
vt 0.39056 0.75384
vt 0.37666 0.72927
vt 0.38937 0.73119
vt 0.67736 0.50314
vt 0.53279 0.56275
vt 0.36629 0.75426
vt 0.93146 0.54706
vt 0.92131 0.56372
vt 0.92708 0.56289
vt 0.51881 0.54523
vt 0.47370 0.53555
vt 0.49728 0.53591
vt 0.36424 0.74835
vt 0.36356 0.73764
vt 0.68245 0.53468
vt 0.70723 0.78364
vt 0.70920 0.78626
vt 0.70260 0.79868
vt 0.71257 0.77614
vt 0.36244 0.72938
vt 0.00121 0.29534
vt 0.00262 0.29099
vt 0.00827 0.29511
vt 0.67672 0.54588
vt 0.68176 0.54752
vt 0.67862 0.55298
vt 0.51640 0.53716
vt 0.70793 0.79433
vt 0.58026 0.88757
vt 0.55946 0.88320
vt 0.56752 0.88107
vt 0.68229 0.56173
vt 0.84564 0.17749
vt 0.83500 0.18642
vt 0.84270 0.17107
vt 0.06046 0.72236
vt 0.06928 0.70976
vt 0.57761 0.87742
vt 0.83506 0.16388
vt 0.57066 0.89137
vt 0.56291 0.89204
vt 0.06860 0.72163
vt 0.67316 0.55337
vt 0.14536 0.95687
vt 0.15236 0.95675
vt 0.15305 0.96641
vt 0.70451 0.97046
vt 0.70060 0.96208
vt 0.70509 0.95868
vt 0.57952 0.93856
vt 0.57858 0.92780
vt 0.59357 0.93897
vt 0.91137 0.96868
vt 0.92296 0.96361
vt 0.92283 0.97285
vt 0.96669 0.58235
vt 0.96206 0.58952
vt 0.95521 0.58807
vt 0.91315 0.97302
vt 0.90572 0.56455
vt 0.91101 0.55969
vt 0.91973 0.56472
vt 0.96994 0.59479
vt 0.96130 0.59415
vt 0.91147 0.54705
vt 0.92013 0.54751
vt 0.82683 0.44962
vt 0.82057 0.47054
vt 0.06147 0.50011
vt 0.07416 0.50222
vt 0.07416 0.53581
vt 0.61011 0.65194
vt 0.59928 0.65894
vt 0.57652 0.65284
vt 0.83453 0.45086
vt 0.59244 0.92981
vt 0.05858 0.51709
vt 0.34507 0.66525
vt 0.33803 0.65732
vt 0.34560 0.65921
vt 0.60891 0.65772
vt 0.33839 0.66703
vt 0.83612 0.45654
vt 0.95025 0.06829
vt 0.94826 0.06592
vt 0.95536 0.06876
vt 0.95194 0.06518
vt 0.99569 0.57022
vt 0.99569 0.56651
vt 0.99933 0.56989
vt 0.94732 0.06446
vt 0.66676 0.00747
vt 0.66676 0.00252
vt 0.66807 0.00264
vt 0.99431 0.19769
vt 0.99945 0.19771
vt 0.99945 0.20137
vt 0.95257 0.06056
vt 0.99406 0.20152
vt 0.99223 0.99619
vt 0.99526 0.99832
vt 0.99027 0.99830
vt 0.09282 0.99485
vt 0.09282 0.99018
vt 0.09381 0.99399
vt 0.00062 0.45701
vt 0.00062 0.45527
vt 0.00521 0.45667
vt 0.94782 0.06075
vt 0.00086 0.45219
vt 0.00536 0.45539
vt 0.99982 0.56732
vt 0.94683 0.06046
vt 0.00470 0.45217
vt 0.77946 0.00395
vt 0.77914 0.00022
vt 0.78284 0.00430
vt 0.00435 0.56537
vt 0.00435 0.56882
vt 0.00019 0.56598
vt 0.00014 0.56886
vt 0.71144 0.99084
vt 0.71315 0.99328
vt 0.70776 0.99329
vt 0.95473 0.05577
vt 0.95448 0.06063
vt 0.00530 0.80044
vt 0.00520 0.80236
vt 0.00119 0.80236
vt 0.72183 0.00486
vt 0.71843 0.00486
vt 0.72183 0.00384
vt 0.71550 0.99098
vt 0.15163 0.00106
vt 0.15163 0.00343
vt 0.14930 0.00119
vt 0.99490 0.18101
vt 0.99303 0.17628
vt 0.99723 0.17642
vt 0.70800 0.99069
vt 0.06430 0.99685
vt 0.06289 0.99897
vt 0.05908 0.99897
vt 0.06394 0.99451
vt 0.78374 0.00019
vt 0.94738 0.05477
vt 0.94937 0.05450
vt 0.99697 0.42121
vt 0.99505 0.42261
vt 0.99507 0.42132
vt 0.28640 0.99733
vt 0.28599 0.99503
vt 0.28886 0.99669
vt 0.99849 0.18015
vt 0.73571 0.00151
vt 0.74133 0.00052
vt 0.73589 0.00491
vt 0.99738 0.51944
vt 0.99364 0.51944
vt 0.99486 0.51799
vt 0.28961 0.99845
vt 0.28986 0.99556
vt 0.29372 0.99837
vt 0.14927 0.00319
vt 0.38732 0.00627
vt 0.38746 0.00038
vt 0.39084 0.00499
vt 0.71146 0.98575
vt 0.71640 0.99005
vt 0.62399 0.00124
vt 0.62950 0.00109
vt 0.62950 0.00440
vt 0.50414 0.98804
vt 0.50793 0.98843
vt 0.50633 0.99442
vt 0.71618 0.98585
vt 0.39113 0.00022
vt 0.00160 0.80043
vt 0.74129 0.00497
vt 0.99842 0.46150
vt 0.99525 0.45666
vt 0.99926 0.45672
vt 0.28861 0.99049
vt 0.71797 0.00957
vt 0.71738 0.00355
vt 0.78471 0.00807
vt 0.78417 0.00924
vt 0.78415 0.00424
vt 0.71729 0.01142
vt 0.36866 0.98913
vt 0.36866 0.99391
vt 0.36836 0.99242
vt 0.29373 0.99585
vt 0.05896 0.99405
vt 0.99548 0.46130
vt 0.28626 0.99163
vt 0.62413 0.00418
vt 0.00973 0.58324
vt 0.00432 0.58577
vt 0.00424 0.57790
vt 0.00969 0.58531
vt 0.00889 0.57793
vt 0.99839 0.72924
vt 0.99826 0.73076
vt 0.99632 0.72936
vt 0.28663 0.99019
vt 0.99612 0.73084
vt 0.50335 0.99321
vt 0.14627 0.92334
vt 0.08796 0.99505
vt 0.08796 0.99291
vt 0.09218 0.99648
vt 0.08898 0.99678
vt 0.09205 0.99121
vt 0.08820 0.98925
vt 0.50200 0.99450
vt 0.50005 0.98950
vt 0.00587 0.52541
vt 0.00262 0.52541
vt 0.00466 0.52399
vt 0.23472 0.92002
vt 0.23307 0.91345
vt 0.23579 0.91397
vt 0.00544 0.08476
vt 0.00055 0.08476
vt 0.00540 0.08141
vt 0.00118 0.08392
vt 0.19253 0.95015
vt 0.18973 0.94757
vt 0.19445 0.94660
vt 0.19733 0.94986
vt 0.19696 0.94790
vt 0.00165 0.35009
vt 0.00386 0.34789
vt 0.00633 0.35022
vt 0.81426 0.99985
vt 0.81407 0.99915
vt 0.81766 0.99934
vt 0.23271 0.91705
vt 0.38604 0.71552
vt 0.38333 0.71857
vt 0.38218 0.71620
vt 0.22275 0.90839
vt 0.23258 0.90865
vt 0.22367 0.92054
vt 0.67718 0.99280
vt 0.67811 0.99255
vt 0.67804 0.99647
vt 0.00672 0.99558
vt 0.00740 0.99770
vt 0.00671 0.99839
vt 0.38540 0.71214
vt 0.41124 0.98322
vt 0.41124 0.97965
vt 0.41211 0.98357
vt 0.99085 0.00278
vt 0.99085 0.00372
vt 0.98569 0.00271
vt 0.98598 0.00377
vt 0.99533 0.49749
vt 0.99579 0.49839
vt 0.99223 0.49712
vt 0.60558 0.99212
vt 0.60558 0.99590
vt 0.60500 0.99350
vt 0.20075 0.95123
vt 0.20048 0.95370
vt 0.96204 0.88091
vt 0.96201 0.89075
vt 0.96066 0.88688
vt 0.23552 0.99685
vt 0.23454 0.99685
vt 0.23546 0.99466
vt 0.20398 0.94724
vt 0.19773 0.95395
vt 0.19852 0.94575
vt 0.17722 0.99752
vt 0.17573 0.99360
vt 0.17756 0.99362
vt 0.17597 0.99842
vt 0.20286 0.95048
vt 0.31245 0.89253
vt 0.30021 0.89253
vt 0.31275 0.89186
vt 0.21880 0.90830
vt 0.21914 0.91331
vt 0.38501 0.71948
vt 0.38318 0.72235
vt 0.21929 0.92005
vt 0.96189 0.89469
vt 0.96041 0.89187
vt 0.73298 0.95528
vt 0.72330 0.95573
vt 0.73269 0.95422
vt 0.36041 0.71737
vt 0.04763 0.99012
vt 0.04370 0.99046
vt 0.04783 0.98479
vt 0.04295 0.98474
vt 0.04259 0.98905
vt 0.30325 0.89173
vt 0.96580 0.61168
vt 0.96557 0.61344
vt 0.95925 0.61514
vt 0.96033 0.88026
vt 0.99673 0.99522
vt 0.99397 0.99544
vt 0.99504 0.99380
vt 0.37317 0.71181
vt 0.37817 0.72189
vt 0.99372 0.99392
vt 0.96636 0.60706
vt 0.95892 0.60851
vt 0.56921 0.99119
vt 0.56921 0.99584
vt 0.56852 0.99243
vt 0.41270 0.98816
vt 0.41760 0.98892
vt 0.71193 0.00087
vt 0.71179 0.00478
vt 0.71073 0.00418
vt 0.42287 0.99882
vt 0.42287 0.99519
vt 0.42444 0.99798
vt 0.97221 0.35511
vt 0.96719 0.35487
vt 0.96781 0.35351
vt 0.04585 0.99277
vt 0.71078 0.00021
vt 0.95879 0.60352
vt 0.96612 0.60193
vt 0.81318 0.99993
vt 0.80957 0.99993
vt 0.81001 0.99908
vt 0.05122 0.98979
vt 0.05108 0.99281
vt 0.74839 0.99313
vt 0.74792 0.99846
vt 0.74278 0.99306
vt 0.82465 0.00211
vt 0.82443 0.00740
vt 0.82205 0.00740
vt 0.73722 0.95646
vt 0.73728 0.95508
vt 0.41210 0.98890
vt 0.99803 0.71773
vt 0.99365 0.72388
vt 0.99370 0.71773
vt 0.96047 0.35446
vt 0.96008 0.35313
vt 0.99680 0.98912
vt 0.89465 0.77188
vt 0.89465 0.76917
vt 0.89862 0.77163
vt 0.29928 0.89140
vt 0.13782 0.92172
vt 0.12220 0.39747
vt 0.12459 0.38100
vt 0.12902 0.38843
vt 0.29353 0.89303
vt 0.36954 0.72139
vt 0.00425 0.56049
vt 0.00425 0.56453
vt 0.00124 0.56076
vt 0.01375 0.99584
vt 0.01368 0.99843
vt 0.74263 0.99832
vt 0.88885 0.77333
vt 0.89743 0.76195
vt 0.76387 0.98342
vt 0.75772 0.98342
vt 0.76246 0.97734
vt 0.89122 0.76093
vt 0.36649 0.71232
vt 0.00597 0.66855
vt 0.00597 0.67182
vt 0.00194 0.66838
vt 0.69948 0.99406
vt 0.69950 0.99586
vt 0.69430 0.99586
vt 0.88588 0.76385
vt 0.69888 0.99895
vt 0.96703 0.97750
vt 0.96170 0.97796
vt 0.96663 0.97563
vt 0.88619 0.76053
vt 0.95163 0.89108
vt 0.88800 0.00279
vt 0.88096 0.00279
vt 0.88188 0.00220
vt 0.99539 0.98859
vt 0.76739 0.97716
vt 0.76784 0.98249
vt 0.88441 0.77279
vt 0.67445 0.95933
vt 0.67891 0.96197
vt 0.67891 0.96886
vt 0.42960 0.00184
vt 0.42319 0.00184
vt 0.42412 0.00066
vt 0.89350 0.97260
vt 0.89472 0.97264
vt 0.89397 0.98127
vt 0.98387 0.74008
vt 0.98783 0.74008
vt 0.98372 0.74530
vt 0.64861 0.00020
vt 0.64323 0.00429
vt 0.64338 0.00020
vt 0.82235 0.00108
vt 0.35698 0.71179
vt 0.36297 0.72074
vt 0.87933 0.77340
vt 0.13149 0.39281
vt 0.11993 0.37064
vt 0.11763 0.36979
vt 0.11286 0.36580
vt 0.67563 0.96578
vt 0.41752 0.98378
vt 0.00101 0.67194
vt 0.99837 0.72299
vt 0.00136 0.56476
vt 0.97575 0.22309
vt 0.97690 0.23083
vt 0.97557 0.23215
vt 0.12046 0.36652
vt 0.69017 0.96653
vt 0.68138 0.96592
vt 0.69137 0.95912
vt 0.97752 0.23485
vt 0.97570 0.23549
vt 0.11799 0.37215
vt 0.12129 0.37528
vt 0.95979 0.97779
vt 0.01275 0.60953
vt 0.00771 0.60953
vt 0.00772 0.60853
vt 0.97674 0.22327
vt 0.99570 0.00273
vt 0.99681 0.00350
vt 0.99602 0.00775
vt 0.67753 0.95806
vt 0.67644 0.95679
vt 0.69478 0.99874
vt 0.45441 0.00511
vt 0.45588 0.00301
vt 0.45654 0.00726
vt 0.35955 0.72047
vt 0.67463 0.96844
vt 0.67439 0.96631
vt 0.69421 0.99422
vt 0.11963 0.37228
vt 0.64869 0.00419
vt 0.13797 0.92410
vt 0.75761 0.97733
vt 0.46288 0.14184
vt 0.97636 0.49581
vt 0.97115 0.48824
vt 0.97784 0.49175
vt 0.13350 0.96447
vt 0.13853 0.96470
vt 0.13764 0.97489
vt 0.01239 0.32376
vt 0.01271 0.32010
vt 0.01529 0.32359
vt 0.01323 0.31615
vt 0.01538 0.31812
vt 0.01572 0.86250
vt 0.01722 0.86250
vt 0.01667 0.86305
vt 0.96806 0.34391
vt 0.97255 0.34349
vt 0.97435 0.49653
vt 0.96727 0.48703
vt 0.97366 0.49900
vt 0.32006 0.96818
vt 0.32115 0.96838
vt 0.32033 0.97303
vt 0.32092 0.97793
vt 0.00758 0.32011
vt 0.01187 0.31523
vt 0.00707 0.31496
vt 0.96737 0.49885
vt 0.44993 0.00714
vt 0.97707 0.98559
vt 0.98223 0.98747
vt 0.97664 0.98746
vt 0.12720 0.96423
vt 0.76277 0.96889
vt 0.75962 0.96022
vt 0.76738 0.96671
vt 0.77143 0.95975
vt 0.09040 0.00406
vt 0.09763 0.00469
vt 0.08950 0.00492
vt 0.11326 0.35852
vt 0.11976 0.35967
vt 0.98644 0.98744
vt 0.64056 0.98840
vt 0.63638 0.98715
vt 0.64056 0.98665
vt 0.08341 0.96878
vt 0.09224 0.97520
vt 0.08358 0.97533
vt 0.00865 0.22900
vt 0.00928 0.22178
vt 0.00931 0.23082
vt 0.63090 0.98821
vt 0.98668 0.79846
vt 0.99635 0.79875
vt 0.99635 0.80130
vt 0.01245 0.87437
vt 0.01446 0.88156
vt 0.00858 0.87932
vt 0.95634 0.97772
vt 0.00494 0.73558
vt 0.00240 0.73578
vt 0.00116 0.73454
vt 0.00102 0.73378
vt 0.00497 0.73393
vt 0.08176 0.97179
vt 0.07858 0.98219
vt 0.07837 0.97179
vt 0.98834 0.75010
vt 0.77182 0.96886
vt 0.98384 0.74926
vt 0.12694 0.97383
vt 0.11316 0.37006
vt 0.89278 0.98260
vt 0.98830 0.87878
vt 0.98769 0.88780
vt 0.98603 0.88875
vt 0.45660 0.14529
vt 0.75986 0.96835
vt 0.01131 0.87420
vt 0.99027 0.80134
vt 0.08181 0.98230
vt 0.88255 0.99696
vt 0.88233 0.99513
vt 0.88963 0.99513
vt 0.98769 0.82187
vt 0.99377 0.82219
vt 0.99384 0.82384
vt 0.98454 0.75043
vt 0.95613 0.97607
vt 0.96707 0.51223
vt 0.97250 0.50078
vt 0.45782 0.14348
vt 0.89664 0.98299
vt 0.97250 0.50311
vt 0.44912 0.00272
vt 0.44865 0.00580
vt 0.97548 0.50219
vt 0.97513 0.50109
vt 0.31204 0.93658
vt 0.30815 0.93658
vt 0.31235 0.93278
vt 0.29743 0.93268
vt 0.58165 0.98095
vt 0.58103 0.97664
vt 0.45840 0.00071
vt 0.45801 0.00175
vt 0.45492 0.00092
vt 0.01165 0.46017
vt 0.00904 0.46834
vt 0.00961 0.46577
vt 0.98852 0.88968
vt 0.58152 0.98444
vt 0.12736 0.97486
vt 0.45178 0.00178
vt 0.01737 0.87293
vt 0.99944 0.01934
vt 0.99767 0.01912
vt 0.99757 0.01460
vt 0.00255 0.15307
vt 0.00255 0.15182
vt 0.00444 0.15225
vt 0.17376 0.99476
vt 0.17513 0.99590
vt 0.17368 0.99776
vt 0.01441 0.46847
vt 0.58165 0.97746
vt 0.75593 0.61927
vt 0.76879 0.61927
vt 0.75567 0.62871
vt 0.92343 0.95937
vt 0.91105 0.95284
vt 0.92286 0.95281
vt 0.94706 0.09943
vt 0.93368 0.08868
vt 0.94440 0.08793
vt 0.91040 0.95854
vt 0.93884 0.10319
vt 0.94444 0.77015
vt 0.94444 0.78320
vt 0.93431 0.76870
vt 0.93511 0.78178
vt 0.77921 0.41391
vt 0.78031 0.44039
vt 0.77683 0.42278
vt 0.09423 0.42372
vt 0.09318 0.43570
vt 0.08969 0.42323
vt 0.98336 0.47288
vt 0.97422 0.46624
vt 0.98321 0.46715
vt 0.77458 0.43059
vt 0.08834 0.43626
vt 0.76108 0.64619
vt 0.72844 0.00527
vt 0.72265 0.00527
vt 0.72752 0.00022
vt 0.75624 0.94204
vt 0.75199 0.94939
vt 0.75122 0.93565
vt 0.32732 0.88013
vt 0.32652 0.88821
vt 0.32139 0.88821
vt 0.32269 0.87287
vt 0.67332 0.00662
vt 0.68042 0.01166
vt 0.68447 0.01723
vt 0.21582 0.99785
vt 0.21365 0.99118
vt 0.21799 0.99340
vt 0.76757 0.64575
vt 0.67733 0.00373
vt 0.93836 0.76770
vt 0.95820 0.79912
vt 0.96146 0.80836
vt 0.86246 0.54296
vt 0.86472 0.55858
vt 0.86362 0.56483
vt 0.84635 0.56475
vt 0.84732 0.54734
vt 0.75270 0.64385
vt 0.11448 0.88839
vt 0.11548 0.88180
vt 0.13327 0.88025
vt 0.13352 0.89221
vt 0.75117 0.62947
vt 0.75776 0.93534
vt 0.33884 0.71444
vt 0.33833 0.71155
vt 0.35611 0.71416
vt 0.38190 0.78544
vt 0.38449 0.77965
vt 0.38562 0.78338
vt 0.32479 0.87239
vt 0.09801 0.87203
vt 0.09487 0.86385
vt 0.10650 0.87262
vt 0.95504 0.13171
vt 0.94571 0.12872
vt 0.12958 0.06536
vt 0.14333 0.05299
vt 0.13787 0.07720
vt 0.76682 0.95889
vt 0.76016 0.95857
vt 0.76065 0.95578
vt 0.94019 0.05757
vt 0.92526 0.05494
vt 0.94101 0.05545
vt 0.11336 0.87317
vt 0.09985 0.86516
vt 0.93020 0.06182
vt 0.83184 0.90188
vt 0.82552 0.89140
vt 0.83184 0.88989
vt 0.89356 0.78587
vt 0.87540 0.78212
vt 0.87698 0.78048
vt 0.87035 0.10738
vt 0.87412 0.11460
vt 0.86991 0.11656
vt 0.83865 0.88891
vt 0.14612 0.06844
vt 0.88772 0.78633
vt 0.39400 0.76959
vt 0.39039 0.76501
vt 0.38454 0.78673
vt 0.84414 0.89069
vt 0.84211 0.90201
vt 0.86382 0.12769
vt 0.87363 0.12815
vt 0.77277 0.95620
vt 0.86341 0.11638
vt 0.89707 0.73050
vt 0.89104 0.73199
vt 0.88737 0.72712
vt 0.73220 0.88923
vt 0.74999 0.89078
vt 0.73105 0.89221
vt 0.82937 0.39556
vt 0.82937 0.38097
vt 0.84222 0.39426
vt 0.07025 0.28654
vt 0.05679 0.28773
vt 0.05619 0.28312
vt 0.49577 0.99251
vt 0.49554 0.98404
vt 0.49911 0.98775
vt 0.88129 0.86660
vt 0.88129 0.85016
vt 0.88549 0.86634
vt 0.84382 0.38134
vt 0.11870 0.86568
vt 0.00683 0.54238
vt 0.00265 0.54238
vt 0.00286 0.54045
vt 0.41047 0.95440
vt 0.39917 0.95377
vt 0.39890 0.95221
vt 0.10961 0.85438
vt 0.66232 0.91979
vt 0.66245 0.93437
vt 0.65973 0.92692
vt 0.00813 0.66368
vt 0.01476 0.66681
vt 0.00844 0.66716
vt 0.84232 0.37850
vt 0.01682 0.66425
vt 0.27216 0.87960
vt 0.27242 0.86979
vt 0.27647 0.87344
vt 0.87645 0.09765
vt 0.88442 0.09979
vt 0.87087 0.10017
vt 0.68450 0.94820
vt 0.67029 0.95103
vt 0.67159 0.94820
vt 0.25924 0.89001
vt 0.24438 0.87796
vt 0.26231 0.88424
vt 0.01208 0.92560
vt 0.01512 0.91622
vt 0.02086 0.92544
vt 0.84627 0.37291
vt 0.80439 0.97369
vt 0.80439 0.98289
vt 0.80240 0.97675
vt 0.41248 0.95179
vt 0.27535 0.87754
vt 0.32088 0.86971
vt 0.32501 0.86878
vt 0.95609 0.68626
vt 0.95699 0.68966
vt 0.94370 0.68697
vt 0.94488 0.68999
vt 0.99757 0.84711
vt 0.99757 0.84101
vt 0.99844 0.84462
vt 0.99309 0.49268
vt 0.99749 0.49587
vt 0.99253 0.49635
vt 0.24318 0.88844
vt 0.51051 0.99696
vt 0.50917 0.99505
vt 0.51678 0.99540
vt 0.92617 0.40291
vt 0.93240 0.40545
vt 0.92883 0.42094
vt 0.15669 0.86704
vt 0.14110 0.86704
vt 0.15638 0.85848
vt 0.27370 0.87995
vt 0.89414 0.89416
vt 0.87532 0.89416
vt 0.89392 0.88528
vt 0.87248 0.09693
vt 0.88618 0.84694
vt 0.88338 0.84647
vt 0.39621 0.77047
vt 0.39614 0.76417
vt 0.91989 0.41810
vt 0.68194 0.90756
vt 0.66420 0.90756
vt 0.68211 0.90179
vt 0.29221 0.87065
vt 0.65940 0.93500
vt 0.88716 0.78962
vt 0.00573 0.56892
vt 0.00994 0.56944
vt 0.00353 0.57130
vt 0.71115 0.81023
vt 0.72250 0.80977
vt 0.71518 0.81577
vt 0.07209 0.29014
vt 0.09281 0.96012
vt 0.09281 0.96304
vt 0.07985 0.96065
vt 0.62045 0.73410
vt 0.62995 0.73756
vt 0.62075 0.74798
vt 0.62812 0.73356
vt 0.34454 0.69110
vt 0.88986 0.79093
vt 0.00317 0.47662
vt 0.00931 0.47216
vt 0.00699 0.47844
vt 0.37889 0.81450
vt 0.38188 0.81151
vt 0.38186 0.81723
vt 0.63737 0.73742
vt 0.63371 0.74847
vt 0.38948 0.81189
vt 0.64752 0.73942
vt 0.64702 0.74574
vt 0.40252 0.81677
vt 0.96952 0.98574
vt 0.97598 0.98688
vt 0.96613 0.98731
vt 0.92979 0.01941
vt 0.94296 0.00354
vt 0.94204 0.01941
vt 0.25484 0.95958
vt 0.24167 0.95958
vt 0.25467 0.95808
vt 0.41490 0.94364
vt 0.42941 0.94364
vt 0.42826 0.94608
vt 0.06916 0.00485
vt 0.06108 0.00485
vt 0.06181 0.00263
vt 0.39900 0.95126
vt 0.39272 0.95355
vt 0.38543 0.95114
vt 0.68399 0.95150
vt 0.47148 0.94600
vt 0.47008 0.94400
vt 0.48451 0.94512
vt 0.48397 0.94372
vt 0.08178 0.28778
vt 0.08116 0.29036
vt 0.07265 0.29708
vt 0.07035 0.29308
vt 0.40305 0.81381
vt 0.84907 0.94964
vt 0.84681 0.96253
vt 0.84254 0.95079
vt 0.20654 0.83776
vt 0.18418 0.83240
vt 0.20654 0.83262
vt 0.00861 0.25415
vt 0.01009 0.25475
vt 0.01135 0.26282
vt 0.84256 0.96251
vt 0.55269 0.69348
vt 0.54861 0.69517
vt 0.53718 0.68487
vt 0.49947 0.98620
vt 0.87794 0.43535
vt 0.87027 0.44591
vt 0.87579 0.43190
vt 0.39903 0.76707
vt 0.01213 0.32807
vt 0.01281 0.33460
vt 0.00764 0.32828
vt 0.86099 0.43834
vt 0.86960 0.41986
vt 0.87963 0.42778
vt 0.47993 0.97333
vt 0.47943 0.98298
vt 0.47898 0.97869
vt 0.32560 0.66070
vt 0.31922 0.65432
vt 0.33265 0.65477
vt 0.86089 0.43014
vt 0.73229 0.90215
vt 0.74973 0.91410
vt 0.73229 0.91364
vt 0.87672 0.08290
vt 0.79350 0.95152
vt 0.78910 0.94324
vt 0.80571 0.94890
vt 0.12107 0.05827
vt 0.12425 0.04657
vt 0.13069 0.06205
vt 0.30173 0.97469
vt 0.30153 0.96325
vt 0.31324 0.96325
vt 0.28807 0.87426
vt 0.71906 0.80550
vt 0.93051 0.00431
vt 0.47509 0.98378
vt 0.66467 0.90082
vt 0.86430 0.29594
vt 0.86381 0.27900
vt 0.86572 0.27710
vt 0.46319 0.79481
vt 0.46336 0.77501
vt 0.46991 0.77633
vt 0.00901 0.22083
vt 0.00901 0.21181
vt 0.01145 0.21754
vt 0.01705 0.98110
vt 0.02736 0.98066
vt 0.02701 0.98471
vt 0.80090 0.93920
vt 0.47467 0.97757
vt 0.97487 0.42755
vt 0.97473 0.41619
vt 0.98136 0.41619
vt 0.47974 0.97330
vt 0.14218 0.84604
vt 0.15845 0.85703
vt 0.13995 0.85670
vt 0.58304 0.98412
vt 0.59411 0.98904
vt 0.58557 0.99192
vt 0.59271 0.98470
vt 0.97848 0.16393
vt 0.96712 0.16393
vt 0.97795 0.15197
vt 0.96999 0.81031
vt 0.96215 0.79778
vt 0.96886 0.79748
vt 0.06615 0.30822
vt 0.95030 0.71773
vt 0.95988 0.71731
vt 0.95988 0.73078
vt 0.95089 0.73130
vt 0.11381 0.05669
vt 0.14188 0.94551
vt 0.14315 0.94022
vt 0.15606 0.94022
vt 0.31292 0.97487
vt 0.32595 0.71090
vt 0.32721 0.69115
vt 0.96216 0.81003
vt 0.88726 0.74434
vt 0.30187 0.65480
vt 0.30523 0.66245
vt 0.30009 0.67610
vt 0.87699 0.88556
vt 0.37612 0.84485
vt 0.37636 0.84760
vt 0.35465 0.84540
vt 0.98102 0.42762
vt 0.86623 0.29875
vt 0.46737 0.79444
vt 0.15588 0.98002
vt 0.15041 0.98848
vt 0.15034 0.97905
vt 0.65923 0.95216
vt 0.67296 0.95216
vt 0.65973 0.95653
vt 0.72872 0.79701
vt 0.96277 0.32096
vt 0.97229 0.32877
vt 0.97144 0.33358
vt 0.96295 0.33374
vt 0.67311 0.95645
vt 0.14238 0.04971
vt 0.11907 0.83220
vt 0.11793 0.81907
vt 0.14106 0.83215
vt 0.01758 0.98491
vt 0.74975 0.90177
vt 0.15604 0.98852
vt 0.04796 0.30867
vt 0.95849 0.84397
vt 0.95812 0.85770
vt 0.95043 0.85770
vt 0.88627 0.80435
vt 0.37654 0.83204
vt 0.47060 0.78881
vt 0.32551 0.66968
vt 0.47371 0.89412
vt 0.47080 0.87763
vt 0.47480 0.87534
vt 0.43349 0.85696
vt 0.43320 0.85938
vt 0.42330 0.86631
vt 0.88462 0.07997
vt 0.18455 0.83617
vt 0.35945 0.84677
vt 0.72727 0.80608
vt 0.11736 0.04379
vt 0.99590 0.81930
vt 0.98669 0.81631
vt 0.99634 0.81543
vt 0.42506 0.86572
vt 0.97236 0.32095
vt 0.35619 0.68739
vt 0.30408 0.66837
vt 0.86586 0.83548
vt 0.87975 0.83548
vt 0.86544 0.85614
vt 0.89284 0.74743
vt 0.96826 0.15194
vt 0.35450 0.83223
vt 0.12105 0.81622
vt 0.13791 0.81450
vt 0.15653 0.94490
vt 0.88007 0.85421
vt 0.88551 0.56670
vt 0.86941 0.56233
vt 0.88551 0.55888
vt 0.93729 0.34749
vt 0.94444 0.36281
vt 0.93729 0.36309
vt 0.07481 0.30081
vt 0.48841 0.79721
vt 0.48557 0.78811
vt 0.48686 0.77529
vt 0.87982 0.55326
vt 0.86593 0.56058
vt 0.87884 0.54954
vt 0.87194 0.56612
vt 0.86499 0.54857
vt 0.88541 0.55400
vt 0.94969 0.84389
vt 0.94403 0.34816
vt 0.14099 0.81650
vt 0.07108 0.30951
vt 0.94377 0.80311
vt 0.93571 0.81754
vt 0.93597 0.80243
vt 0.69322 0.57843
vt 0.69360 0.60026
vt 0.67416 0.57539
vt 0.52747 0.68294
vt 0.80506 0.95720
vt 0.81104 0.96860
vt 0.80713 0.96895
vt 0.94653 0.81783
vt 0.27771 0.95122
vt 0.27732 0.95347
vt 0.26420 0.95199
vt 0.97570 0.02938
vt 0.97595 0.04132
vt 0.97365 0.04099
vt 0.28786 0.87817
vt 0.28945 0.87986
vt 0.33064 0.67652
vt 0.11348 0.76413
vt 0.12651 0.75973
vt 0.13101 0.76455
vt 0.81121 0.95740
vt 0.11836 0.77265
vt 0.11368 0.77316
vt 0.43306 0.87708
vt 0.08715 0.46200
vt 0.88328 0.74628
vt 0.29200 0.88021
vt 0.04172 0.32535
vt 0.06123 0.32914
vt 0.03458 0.32658
vt 0.85312 0.06842
vt 0.85360 0.09077
vt 0.83851 0.09077
vt 0.87838 0.74268
vt 0.43102 0.87693
vt 0.54320 0.04142
vt 0.52821 0.05211
vt 0.53299 0.03888
vt 0.13183 0.77820
vt 0.12126 0.77920
vt 0.12804 0.77106
vt 0.51867 0.04399
vt 0.52158 0.05544
vt 0.97368 0.02904
vt 0.51466 0.06322
vt 0.50920 0.05128
vt 0.08691 0.43757
vt 0.52268 0.05960
vt 0.01143 0.15123
vt 0.01143 0.16015
vt 0.00853 0.15657
vt 0.54066 0.03758
vt 0.13995 0.84655
vt 0.83852 0.98969
vt 0.84460 0.99132
vt 0.83554 0.99135
vt 0.14446 0.04400
vt 0.96776 0.85670
vt 0.96881 0.85084
vt 0.97136 0.85177
vt 0.94309 0.06764
vt 0.92865 0.06509
vt 0.94338 0.06540
vt 0.31971 0.66835
vt 0.31908 0.67172
vt 0.26708 0.98353
vt 0.25861 0.98126
vt 0.26933 0.98054
vt 0.11500 0.89135
vt 0.12173 0.89076
vt 0.11440 0.90366
vt 0.12370 0.90615
vt 0.79691 0.78245
vt 0.79957 0.78298
vt 0.80017 0.78635
vt 0.97117 0.86373
vt 0.79336 0.84612
vt 0.78626 0.85078
vt 0.78019 0.84380
vt 0.13750 0.76260
vt 0.76816 0.84594
vt 0.14151 0.77517
vt 0.76802 0.84249
vt 0.13110 0.89501
vt 0.00070 0.78030
vt 0.00373 0.77810
vt 0.00528 0.78228
vt 0.53013 0.69600
vt 0.52580 0.70247
vt 0.52266 0.69944
vt 0.92788 0.06755
vt 0.30507 0.67642
vt 0.13261 0.90564
vt 0.78410 0.84248
vt 0.93875 0.64226
vt 0.94298 0.63449
vt 0.94286 0.64298
vt 0.99327 0.36133
vt 0.99787 0.36154
vt 0.99787 0.36771
vt 0.06024 0.67596
vt 0.06167 0.68559
vt 0.05118 0.68476
vt 0.93915 0.62698
vt 0.04124 0.32193
vt 0.97758 0.22312
vt 0.97839 0.22523
vt 0.97779 0.22748
vt 0.83859 0.06911
vt 0.30625 0.67136
vt 0.79589 0.78576
vt 0.06898 0.31953
vt 0.06762 0.32067
vt 0.78026 0.83493
vt 0.60213 0.96044
vt 0.59650 0.95460
vt 0.60569 0.95707
vt 0.60609 0.96306
vt 0.06480 0.31244
vt 0.54214 0.71311
vt 0.56351 0.71349
vt 0.56515 0.73000
vt 0.93691 0.57781
vt 0.92679 0.57869
vt 0.93698 0.56252
vt 0.92753 0.56398
vt 0.05690 0.67244
vt 0.98505 0.38795
vt 0.99499 0.38788
vt 0.99477 0.39047
vt 0.33464 0.96155
vt 0.32241 0.96078
vt 0.32205 0.95661
vt 0.69896 0.96225
vt 0.69557 0.97388
vt 0.69425 0.96445
vt 0.78314 0.82936
vt 0.09287 0.46184
vt 0.99215 0.36751
vt 0.98848 0.22405
vt 0.03716 0.32098
vt 0.93375 0.81947
vt 0.93346 0.82287
vt 0.92775 0.81959
vt 0.06216 0.31287
vt 0.33409 0.95674
vt 0.69895 0.97350
vt 0.98814 0.39206
vt 0.85773 0.94226
vt 0.87153 0.94226
vt 0.85751 0.94646
vt 0.79528 0.79091
vt 0.11207 0.99406
vt 0.11048 0.99895
vt 0.10799 0.99497
vt 0.31436 0.67120
vt 0.32121 0.67638
vt 0.53676 0.67381
vt 0.71250 0.05527
vt 0.70315 0.05963
vt 0.70731 0.04713
vt 0.92756 0.80147
vt 0.92756 0.81879
vt 0.92523 0.80497
vt 0.52543 0.69200
vt 0.36467 0.94539
vt 0.34990 0.94539
vt 0.35585 0.94433
vt 0.41332 0.92438
vt 0.41409 0.93752
vt 0.41076 0.92484
vt 0.54619 0.00577
vt 0.54014 0.00577
vt 0.54103 0.00221
vt 0.34061 0.68961
vt 0.73396 0.80148
vt 0.70968 0.05964
vt 0.89187 0.37580
vt 0.90105 0.37649
vt 0.89876 0.38723
vt 0.87152 0.94592
vt 0.71818 0.07659
vt 0.70362 0.07662
vt 0.30479 0.94113
vt 0.30201 0.94510
vt 0.29002 0.94124
vt 0.41124 0.93939
vt 0.60869 0.95225
vt 0.60735 0.95593
vt 0.59491 0.95301
vt 0.71951 0.06991
vt 0.70628 0.06177
vt 0.46703 0.79834
vt 0.52778 0.58805
vt 0.53432 0.59385
vt 0.51722 0.61655
vt 0.78494 0.78491
vt 0.89770 0.39366
vt 0.05182 0.67109
vt 0.04083 0.67640
vt 0.15415 0.04356
vt 0.11739 0.99933
vt 0.11739 0.99568
vt 0.12014 0.99859
vt 0.77855 0.78366
vt 0.77518 0.78582
vt 0.92844 0.82624
vt 0.78638 0.32513
vt 0.78198 0.32449
vt 0.78561 0.31454
vt 0.76161 0.91391
vt 0.77366 0.91391
vt 0.76005 0.92641
vt 0.99200 0.39884
vt 0.98535 0.40100
vt 0.98455 0.39042
vt 0.05109 0.68899
vt 0.04397 0.68434
vt 0.52614 0.67328
vt 0.00692 0.35496
vt 0.00744 0.36211
vt 0.00340 0.36058
vt 0.03508 0.30909
vt 0.67369 0.95636
vt 0.67369 0.95232
vt 0.68759 0.95341
vt 0.77638 0.92568
vt 0.78441 0.34065
vt 0.98915 0.56651
vt 0.99488 0.56658
vt 0.99488 0.57586
vt 0.57225 0.87755
vt 0.55200 0.87755
vt 0.55381 0.87394
vt 0.17509 0.82737
vt 0.16848 0.83990
vt 0.16465 0.82829
vt 0.17642 0.83441
vt 0.00204 0.35677
vt 0.34062 0.68676
vt 0.04367 0.67074
vt 0.98917 0.57621
vt 0.16371 0.83862
vt 0.81508 0.42484
vt 0.82768 0.42700
vt 0.82768 0.44841
vt 0.04589 0.69004
vt 0.81503 0.44510
vt 0.12686 0.04623
vt 0.12644 0.02963
vt 0.13119 0.02809
vt 0.14663 0.02338
vt 0.57731 0.63582
vt 0.59212 0.63844
vt 0.57640 0.64043
vt 0.94350 0.82622
vt 0.84453 0.40165
vt 0.85944 0.38551
vt 0.86006 0.40301
vt 0.81120 0.98043
vt 0.80557 0.96967
vt 0.81120 0.96979
vt 0.15455 0.03942
vt 0.15549 0.02014
vt 0.94362 0.01875
vt 0.94362 0.00371
vt 0.94760 0.01707
vt 0.84510 0.38092
vt 0.57759 0.65160
vt 0.60398 0.65109
vt 0.15585 0.84011
vt 0.03856 0.68436
vt 0.56163 0.60208
vt 0.55555 0.59642
vt 0.98288 0.67874
vt 0.98288 0.69053
vt 0.98169 0.68812
vt 0.93429 0.15143
vt 0.93366 0.14587
vt 0.94445 0.14492
vt 0.03429 0.68653
vt 0.03095 0.67477
vt 0.62954 0.97470
vt 0.62485 0.98488
vt 0.62441 0.97515
vt 0.65926 0.95712
vt 0.67158 0.95784
vt 0.67099 0.96453
vt 0.52801 0.95747
vt 0.53957 0.96448
vt 0.52801 0.96483
vt 0.01970 0.96328
vt 0.01975 0.97484
vt 0.01469 0.96462
vt 0.80575 0.98003
vt 0.03064 0.68647
vt 0.62959 0.98447
vt 0.52330 0.87844
vt 0.52108 0.89701
vt 0.51934 0.88091
vt 0.52328 0.89320
vt 0.66065 0.96503
vt 0.99644 0.97267
vt 0.99644 0.98242
vt 0.99298 0.97294
vt 0.94749 0.15148
vt 0.69161 0.71359
vt 0.69161 0.72304
vt 0.66268 0.71580
vt 0.15392 0.82706
vt 0.60258 0.63788
vt 0.51463 0.89356
vt 0.01612 0.97429
vt 0.97008 0.66274
vt 0.98052 0.66316
vt 0.98052 0.67458
vt 0.91420 0.98219
vt 0.92313 0.98524
vt 0.91542 0.98751
vt 0.97791 0.18632
vt 0.98523 0.18632
vt 0.98049 0.19741
vt 0.54035 0.95732
vt 0.99258 0.98195
vt 0.90077 0.94235
vt 0.91011 0.94235
vt 0.90088 0.95585
vt 0.97145 0.67348
vt 0.61455 0.64699
vt 0.97813 0.28547
vt 0.98279 0.28547
vt 0.97729 0.29686
vt 0.92260 0.97806
vt 0.87050 0.95569
vt 0.87401 0.96647
vt 0.87072 0.96504
vt 0.98275 0.29409
vt 0.65445 0.99190
vt 0.65094 0.99083
vt 0.65169 0.98464
vt 0.98510 0.26463
vt 0.98947 0.26517
vt 0.98947 0.27419
vt 0.94857 0.14685
vt 0.98581 0.19647
vt 0.34449 0.99275
vt 0.35072 0.99285
vt 0.34936 0.99616
vt 0.61336 0.63707
vt 0.61522 0.64145
vt 0.98508 0.27479
vt 0.91415 0.59932
vt 0.91037 0.59368
vt 0.91415 0.59456
vt 0.90950 0.95583
vt 0.91335 0.60705
vt 0.90421 0.60675
vt 0.34389 0.99727
vt 0.97726 0.19565
vt 0.90469 0.58906
vt 0.91009 0.58927
vt 0.92002 0.48649
vt 0.90559 0.48219
vt 0.91906 0.48293
vt 0.90234 0.48738
vt 0.95820 0.81315
vt 0.95848 0.12827
vt 0.94696 0.01907
vt 0.94551 0.03532
vt 0.94284 0.02002
vt 0.71215 0.84388
vt 0.70084 0.84009
vt 0.71277 0.85279
vt 0.71936 0.85328
vt 0.71982 0.84338
vt 0.26648 0.38654
vt 0.26648 0.38654
vt 0.26648 0.38654
vt 0.26648 0.38654
vt 0.26648 0.38654
vt 0.26648 0.38654
vt 0.26648 0.38654
vt 0.26648 0.38654
vt 0.26648 0.38654
vt 0.26648 0.38654
vt 0.26648 0.38654
vt 0.26648 0.38654
vt 0.26648 0.38654
vt 0.26648 0.38654
vt 0.26648 0.38654
vt 0.26648 0.38654
vt 0.26648 0.38654
vt 0.26648 0.38654
vt 0.26648 0.38654
vt 0.26648 0.38654
vt 0.26648 0.38654
vt 0.26648 0.38654
vt 0.26648 0.38654
vt 0.26648 0.38654
vt 0.26648 0.38654
vt 0.26648 0.38654
vt 0.26648 0.38654
vt 0.26648 0.38654
vt 0.26648 0.38654
vt 0.26648 0.38654
vt 0.26648 0.38654
vt 0.26648 0.38654
vt 0.26648 0.38654
vt 0.26648 0.38654
vt 0.26648 0.38654
vn 0.1180 0.5149 -0.8491
vn 0.1164 0.5189 -0.8469
vn 0.1090 0.5389 -0.8353
vn 0.0440 -0.4420 -0.8959
vn 0.0671 -0.4418 -0.8946
vn 0.1726 -0.4379 -0.8823
vn -0.3019 -0.5634 -0.7690
vn -0.2507 -0.5516 -0.7955
vn -0.2351 -0.5477 -0.8030
vn -0.3118 -0.5654 -0.7636
vn 0.0148 -0.5829 -0.8124
vn 0.2259 -0.7350 -0.6394
vn 0.1989 -0.6866 -0.6993
vn 0.2236 -0.6989 -0.6794
vn -0.9709 0.0248 -0.2381
vn -0.9870 -0.0288 -0.1579
vn -0.9939 0.0563 -0.0947
vn 0.1212 0.5073 -0.8532
vn 0.1210 0.5074 -0.8532
vn 0.2538 -0.7628 -0.5948
vn -0.9942 -0.1070 0.0078
vn -0.9990 -0.0425 0.0166
vn -0.9949 -0.1004 0.0060
vn -0.9969 -0.0709 0.0329
vn -0.9797 -0.0327 -0.1977
vn -0.3099 -0.7419 -0.5946
vn -0.2937 -0.7630 -0.5758
vn -0.2810 -0.7787 -0.5609
vn -0.4599 -0.5051 0.7304
vn -0.3586 -0.5053 0.7849
vn -0.3776 -0.5019 0.7782
vn -0.9971 -0.0286 0.0700
vn -0.9805 -0.1484 0.1291
vn -0.2639 -0.7989 -0.5405
vn -0.9666 0.0169 -0.2555
vn -0.9887 -0.1245 -0.0835
vn -0.9930 -0.1064 -0.0515
vn -0.9905 -0.1220 -0.0636
vn -0.9902 -0.1236 -0.0650
vn -0.4727 -0.5047 0.7224
vn -0.9717 0.0221 -0.2352
vn -0.9876 -0.1500 -0.0471
vn 0.9797 -0.0367 -0.1968
vn 0.9618 -0.0546 -0.2684
vn 0.9369 -0.0732 -0.3419
vn -0.9366 0.0473 -0.3473
vn -0.9340 0.0835 -0.3474
vn -0.9414 0.0445 -0.3345
vn -0.9747 -0.2141 -0.0644
vn -0.9884 -0.1342 -0.0718
vn -0.4023 -0.4785 0.7805
vn -0.1480 -0.7705 -0.6200
vn -0.0856 -0.7548 -0.6503
vn 0.0282 -0.6731 -0.7390
vn -0.1670 -0.7887 -0.5916
vn -0.9916 -0.0940 -0.0883
vn -0.9238 -0.3363 0.1829
vn -0.9238 -0.3363 0.1829
vn -0.9238 -0.3363 0.1829
vn -0.2463 -0.6194 0.7454
vn -0.2668 -0.5955 0.7578
vn -0.0928 -0.6585 0.7468
vn -0.9442 0.0301 -0.3281
vn 0.1267 -0.6999 -0.7029
vn 0.9618 -0.1908 -0.1964
vn 0.9689 -0.1923 -0.1560
vn 0.9643 -0.1894 -0.1852
vn -0.0268 -0.5868 0.8093
vn -0.0235 -0.7449 0.6668
vn 0.0040 -0.7165 0.6975
vn 0.0114 -0.7085 0.7056
vn 0.9838 -0.0106 -0.1788
vn 0.9804 0.0042 -0.1968
vn 0.9582 -0.1913 -0.2126
vn 0.0282 -0.6900 0.7233
vn 0.9671 -0.1924 -0.1667
vn 0.9732 -0.1961 -0.1199
vn 0.9733 0.0792 -0.2153
vn -0.0773 -0.7164 0.6934
vn -0.1495 0.9733 0.1739
vn -0.1495 0.9733 0.1739
vn -0.1495 0.9733 0.1739
vn -0.1339 -0.1607 0.9779
vn -0.1339 -0.1607 0.9779
vn -0.1339 -0.1607 0.9779
vn 0.0045 -0.6294 0.7771
vn -0.0148 -0.5967 0.8023
vn -0.0251 -0.5787 0.8151
vn -0.9937 -0.0675 -0.0899
vn -0.9932 -0.0751 -0.0885
vn -0.9934 -0.0718 -0.0891
vn 0.0266 -0.5744 0.8181
vn 0.0184 -0.5621 0.8269
vn 0.0394 -0.5683 0.8219
vn -0.9940 -0.0605 -0.0912
vn 0.0510 0.7211 0.6910
vn 0.0042 0.7849 0.6196
vn -0.0022 0.7996 0.6005
vn 0.0037 -0.5577 0.8300
vn -0.0169 -0.5278 0.8492
vn -0.0208 0.8303 0.5569
vn -0.0130 0.8280 0.5605
vn 0.0715 -0.6281 0.7748
vn 0.0671 -0.6301 0.7736
vn 0.9573 -0.2781 -0.0786
vn 0.9433 -0.3216 -0.0820
vn 0.9644 -0.2530 -0.0766
vn 0.3729 0.8367 0.4011
vn 0.3674 0.8405 0.3983
vn 0.3653 0.8419 0.3972
vn 0.0826 -0.6228 0.7780
vn -0.0475 -0.5384 0.8413
vn 0.9801 -0.1852 -0.0710
vn 0.9886 -0.1346 0.0667
vn 0.9932 -0.0992 0.0611
vn 0.9995 0.0027 0.0305
vn 0.3781 0.8330 0.4038
vn 0.9795 -0.1855 0.0788
vn 0.0721 -0.6278 0.7750
vn 0.9752 0.0710 0.2097
vn 0.9569 0.0914 0.2758
vn 0.9744 0.0700 0.2135
vn 0.9305 0.0822 0.3571
vn 0.0372 -0.9909 0.1290
vn 0.0240 -0.9907 0.1340
vn 0.0193 -0.9906 0.1358
vn 0.8822 0.0891 0.4624
vn 0.4601 -0.4673 0.7550
vn 0.4601 -0.4673 0.7550
vn 0.4601 -0.4673 0.7550
vn 0.3743 -0.0396 -0.9265
vn 0.3634 -0.0326 -0.9310
vn 0.3705 -0.0372 -0.9281
vn 0.8446 0.0386 0.5339
vn 0.3808 -0.0439 -0.9236
vn 0.8914 0.1272 0.4350
vn 0.8914 0.1272 0.4350
vn 0.8914 0.1272 0.4350
vn 0.5342 -0.7831 0.3185
vn 0.5342 -0.7831 0.3185
vn 0.5342 -0.7831 0.3185
vn 0.2726 0.7713 -0.5751
vn 0.2752 0.7165 -0.6410
vn 0.2734 0.7023 -0.6573
vn 0.9318 0.0417 0.3605
vn 0.2751 0.6707 -0.6888
vn 0.2738 0.6764 -0.6837
vn 0.0044 -0.9900 0.1413
vn 0.8842 0.0236 0.4665
vn 0.2732 0.6670 -0.6931
vn -0.0176 0.9996 0.0240
vn -0.0236 0.9997 0.0082
vn -0.0236 0.9997 0.0082
vn -0.6771 0.0524 0.7340
vn -0.6502 0.0079 0.7597
vn -0.6363 -0.0138 0.7713
vn -0.6026 -0.0633 0.7956
vn -0.8643 -0.0975 -0.4934
vn -0.8184 -0.1046 -0.5651
vn -0.8019 -0.1027 -0.5886
vn 0.8607 0.0072 0.5090
vn 0.8539 -0.0383 0.5191
vn 0.3950 -0.1145 -0.9115
vn 0.3736 -0.0609 -0.9256
vn 0.4220 -0.1870 -0.8871
vn 0.3510 0.1717 -0.9205
vn 0.1424 0.0933 -0.9854
vn 0.3440 0.1911 -0.9193
vn -0.9332 -0.0373 -0.3575
vn 0.5991 -0.1150 -0.7924
vn 0.5552 -0.1722 -0.8137
vn 0.5502 -0.1785 -0.8157
vn -0.0641 -0.9955 0.0700
vn -0.0831 -0.9963 0.0239
vn -0.0676 -0.9958 0.0616
vn -0.7943 -0.0939 -0.6002
vn 0.7483 0.1096 0.6542
vn 0.7577 0.1866 0.6254
vn 0.7192 0.0522 0.6928
vn 0.7183 0.0351 0.6949
vn -0.0282 0.9996 -0.0040
vn 0.8739 0.0330 0.4850
vn 0.8781 0.0074 0.4784
vn 0.1602 -0.9264 -0.3408
vn 0.1602 -0.9264 -0.3408
vn 0.1602 -0.9264 -0.3408
vn 0.4240 0.5711 -0.7029
vn 0.3915 0.5632 -0.7277
vn 0.4023 0.5813 -0.7073
vn -0.0454 -0.9923 0.1151
vn 0.0168 0.9999 -0.0008
vn 0.0312 0.9993 0.0221
vn 0.0264 0.9995 0.0144
vn 0.8930 0.0773 -0.4433
vn 0.8930 0.0773 -0.4433
vn 0.8930 0.0773 -0.4433
vn 0.7530 -0.0295 0.6574
vn 0.7612 -0.0475 0.6468
vn 0.7667 -0.0599 0.6393
vn 0.4977 -0.2405 -0.8333
vn 0.4235 -0.2353 -0.8748
vn 0.3989 -0.1983 -0.8953
vn 0.4093 -0.2138 -0.8870
vn -0.9592 -0.0183 -0.2820
vn -0.9670 0.0241 -0.2535
vn -0.4374 -0.1116 0.8923
vn -0.4599 -0.1272 0.8788
vn -0.4491 -0.1197 0.8854
vn -0.0559 0.9983 0.0184
vn -0.0483 0.9988 0.0077
vn -0.0176 0.9998 -0.0073
vn -0.9677 0.0270 -0.2506
vn 0.3820 -0.1732 -0.9078
vn 0.4420 -0.2453 -0.8628
vn 0.0394 0.9986 0.0353
vn -0.0353 -0.9979 0.0535
vn -0.0295 -0.9982 0.0522
vn -0.0193 -0.9986 0.0501
vn 0.3408 0.4843 -0.8058
vn -0.1621 -0.0768 -0.9838
vn 0.1536 0.1185 -0.9810
vn 0.3310 -0.9288 0.1667
vn 0.3310 -0.9288 0.1667
vn 0.3310 -0.9288 0.1667
vn -0.1712 -0.0781 -0.9821
vn -0.1763 -0.9098 0.3757
vn -0.1763 -0.9098 0.3757
vn -0.1763 -0.9098 0.3757
vn 0.7754 -0.0808 0.6263
vn 0.6843 -0.0223 0.7289
vn -0.0484 -0.9972 0.0562
vn 0.3282 0.4381 -0.8369
vn -0.4251 -0.1030 0.8993
vn -0.9465 -0.0641 -0.3164
vn -0.9454 -0.0629 -0.3198
vn -0.9467 -0.0717 -0.3141
vn -0.9469 -0.0545 -0.3169
vn -0.9484 -0.0781 -0.3072
vn 0.2068 -0.0878 -0.9744
vn 0.2199 -0.0978 -0.9706
vn 0.2274 -0.1035 -0.9683
vn 0.2911 0.4148 -0.8621
vn 0.2403 -0.1134 -0.9641
vn -0.1104 0.9844 0.1372
vn 0.3351 -0.8231 0.4585
vn -0.9374 -0.0026 -0.3481
vn -0.9330 -0.0469 -0.3567
vn -0.9329 0.0082 -0.3599
vn -0.9166 0.0943 -0.3886
vn -0.9300 -0.0440 -0.3648
vn -0.9230 -0.0856 -0.3752
vn -0.1221 0.9866 0.1082
vn -0.0715 0.9974 0.0083
vn 0.0845 -0.4205 -0.9034
vn 0.0845 -0.4205 -0.9034
vn 0.0845 -0.4205 -0.9034
vn 0.9984 0.0399 0.0407
vn 0.9967 0.0648 0.0497
vn 0.9984 0.0391 0.0400
vn 0.9924 0.0787 -0.0949
vn 0.9813 0.1130 -0.1556
vn 0.9907 0.0851 -0.1063
vn 0.9472 0.1761 -0.2678
vn 0.9999 0.0093 0.0047
vn 1.0000 0.0009 -0.0068
vn 0.9989 0.0428 0.0176
vn 0.9778 0.1584 0.1375
vn 0.9766 0.2041 0.0684
vn 0.9987 0.0507 -0.0077
vn 0.9987 0.0507 -0.0077
vn 0.9987 0.0507 -0.0077
vn 0.6414 -0.7250 -0.2508
vn 0.6414 -0.7250 -0.2508
vn 0.6414 -0.7250 -0.2508
vn 0.9966 0.0528 0.0625
vn 0.9716 0.2184 -0.0915
vn 0.9890 0.1478 0.0107
vn 0.9660 0.2462 -0.0784
vn 0.9954 0.0929 0.0252
vn 0.9963 0.0819 0.0252
vn 0.9958 0.0862 0.0312
vn 0.5428 -0.0723 0.8367
vn 0.5428 -0.0723 0.8367
vn 0.5428 -0.0723 0.8367
vn 0.0115 0.9965 -0.0823
vn 0.0610 0.9943 -0.0877
vn 0.1576 0.9864 -0.0476
vn 0.9707 0.2321 -0.0615
vn -0.0152 -0.9972 0.0732
vn -0.0174 -0.9971 0.0737
vn -0.0112 -0.9979 0.0635
vn 0.3648 0.0024 -0.9311
vn 0.3855 -0.0017 -0.9227
vn 0.5003 -0.0248 -0.8655
vn 0.5209 -0.0291 -0.8531
vn 0.0607 0.0110 -0.9981
vn 0.0607 0.0110 -0.9981
vn 0.0607 0.0110 -0.9981
vn 0.6203 -0.0916 -0.7790
vn 0.6203 -0.0916 -0.7790
vn 0.6203 -0.0916 -0.7790
vn 0.9920 0.0183 0.1250
vn 0.9938 -0.0572 0.0957
vn 0.0292 -0.8322 0.5537
vn 0.1840 -0.8178 0.5453
vn 0.0895 -0.8236 0.5600
vn 0.6961 0.4666 -0.5456
vn 0.6961 0.4666 -0.5456
vn 0.6961 0.4666 -0.5456
vn 0.9993 0.0312 0.0224
vn 0.9820 -0.1861 -0.0325
vn 0.9295 0.3677 -0.0286
vn 0.2637 -0.6245 -0.7352
vn 0.3701 -0.5695 -0.7340
vn 0.4058 -0.5485 -0.7311
vn 0.2278 -0.6406 -0.7333
vn 0.9933 -0.0019 -0.1154
vn 0.3883 -0.3470 0.8537
vn 0.5474 -0.2207 0.8072
vn 0.4136 -0.3387 0.8451
vn 0.9948 0.0964 0.0327
vn 0.9968 0.0776 0.0199
vn 0.9978 -0.0364 0.0558
vn 0.9890 0.0852 0.1209
vn 0.9953 0.0935 0.0264
vn 0.0780 -0.7758 0.6261
vn 0.1058 -0.7883 0.6062
vn 0.5808 0.6610 -0.4752
vn 0.6615 0.4662 -0.5874
vn 0.5891 0.6151 -0.5240
vn 0.9793 0.2020 0.0125
vn 0.9880 -0.0338 -0.1507
vn 0.9952 0.0176 -0.0966
vn 0.9997 0.0132 -0.0224
vn 0.9995 0.0147 -0.0283
vn 0.9968 0.0704 -0.0384
vn 0.7528 -0.1740 0.6348
vn 0.9983 -0.0185 -0.0559
vn 0.9211 -0.2798 -0.2708
vn 0.9954 0.0277 -0.0913
vn 0.0222 -0.8335 0.5521
vn 0.1935 -0.9385 0.2860
vn 0.4522 -0.8580 0.2436
vn 0.2549 -0.9388 0.2318
vn 0.9631 0.2545 -0.0881
vn 0.9768 0.1302 0.1703
vn 0.5742 -0.8185 0.0194
vn 0.9955 0.0815 0.0481
vn 0.9958 0.0837 0.0358
vn 0.1797 -0.8952 0.4079
vn 0.1797 -0.8952 0.4079
vn 0.1797 -0.8952 0.4079
vn 0.1928 -0.9806 0.0348
vn -0.0340 -0.9983 0.0466
vn 0.9896 -0.1078 -0.0949
vn 0.9971 -0.0730 0.0197
vn 0.9968 -0.0797 -0.0021
vn 0.0209 -0.9236 0.3828
vn 0.0209 -0.9236 0.3828
vn 0.0209 -0.9236 0.3828
vn -0.0903 0.6062 0.7902
vn 0.0307 0.6191 0.7847
vn -0.0417 0.6171 0.7858
vn 0.9627 -0.0213 -0.2697
vn 0.9868 -0.1138 -0.1154
vn 0.9972 0.0673 0.0315
vn 0.9974 0.0608 -0.0382
vn 0.8195 -0.0424 0.5715
vn 0.8195 -0.0424 0.5715
vn 0.8195 -0.0424 0.5715
vn 0.9808 -0.1858 -0.0588
vn 0.9808 -0.1257 -0.1492
vn 0.0280 0.9988 0.0413
vn 0.0159 0.9995 0.0288
vn 0.0154 0.9995 0.0284
vn -0.0440 0.5091 -0.8596
vn 0.0112 0.6148 -0.7886
vn -0.0076 0.5800 -0.8146
vn 0.2653 0.8726 -0.4102
vn 0.2233 0.8839 -0.4109
vn 0.3811 -0.9245 0.0059
vn 0.0186 0.9997 -0.0161
vn 0.0065 0.9995 -0.0316
vn 0.0550 0.9980 0.0308
vn -0.2344 0.6176 0.7507
vn -0.2634 0.6160 0.7424
vn 0.0076 -0.9594 0.2818
vn 0.9818 0.1788 -0.0633
vn 0.9918 0.1277 -0.0073
vn 0.9461 0.3231 0.0207
vn 0.5371 -0.2082 0.8174
vn 0.5227 -0.7753 0.3547
vn 0.1212 0.5113 -0.8508
vn 0.1266 0.5084 -0.8518
vn 0.1255 0.5093 -0.8514
vn 0.5404 -0.1985 0.8177
vn 0.9788 0.1377 0.1517
vn 0.0139 -0.9995 0.0278
vn 0.0038 -0.9999 0.0147
vn 0.0072 -0.9998 0.0190
vn 0.0038 1.0000 0.0003
vn -0.0040 0.9997 -0.0232
vn 0.0027 0.9999 0.0153
vn 0.9888 0.1306 0.0723
vn 0.9927 0.0958 0.0738
vn 0.1136 -0.4050 -0.9072
vn 0.1137 -0.4361 -0.8927
vn 0.1156 -0.4189 -0.9006
vn 0.9911 0.1007 0.0869
vn 0.9556 0.2574 -0.1435
vn -0.0233 -0.0365 0.9991
vn -0.0786 0.0320 0.9964
vn -0.0989 0.0572 0.9935
vn 0.0083 0.7654 -0.6435
vn 0.0145 0.7210 -0.6928
vn 0.0086 0.7530 -0.6580
vn 0.9891 0.1158 0.0905
vn 0.0231 0.6896 -0.7238
vn 0.0787 -0.8108 0.5800
vn 0.0133 -0.9483 0.3172
vn 0.0641 -0.8579 0.5098
vn 0.9906 0.1002 0.0931
vn -0.0166 -0.7513 0.6598
vn 0.0203 0.8583 -0.5127
vn 0.0203 0.8583 -0.5127
vn 0.0203 0.8583 -0.5127
vn -0.0050 -0.9516 0.3073
vn 0.1278 -0.4009 -0.9072
vn 0.1163 -0.3918 -0.9127
vn 0.9563 0.0745 0.2827
vn 0.9247 -0.3614 -0.1193
vn 0.9077 -0.4194 -0.0150
vn 0.8940 -0.4406 0.0818
vn 0.0317 0.2800 -0.9595
vn 0.0317 0.2800 -0.9595
vn 0.0317 0.2800 -0.9595
vn 0.0483 -0.9897 0.1348
vn 0.0480 -0.9902 0.1311
vn -0.0668 -0.9487 0.3092
vn 0.1419 -0.5859 -0.7979
vn 0.1115 -0.6174 -0.7787
vn 0.0811 -0.6364 -0.7671
vn -0.0057 -0.0513 -0.9987
vn -0.0058 -0.0514 -0.9987
vn -0.0061 -0.0516 -0.9986
vn -0.0588 0.4788 -0.8759
vn 0.9576 0.2686 -0.1045
vn 0.9799 0.1286 0.1524
vn 0.9289 0.0034 0.3704
vn 0.1129 0.5261 -0.8429
vn 0.2493 0.8750 -0.4149
vn 0.2252 0.9253 -0.3051
vn 0.1856 0.9688 -0.1641
vn 0.9106 -0.4084 0.0628
vn -0.0170 -0.9991 0.0399
vn -0.1432 0.1125 0.9833
vn -0.0323 0.9962 -0.0814
vn -0.0031 -1.0000 0.0056
vn 0.0789 0.7803 0.6204
vn 0.0082 0.8140 0.5809
vn 0.0851 0.8380 0.5390
vn 0.2577 0.9561 -0.1397
vn -0.1584 0.6618 0.7328
vn -0.1584 0.6618 0.7328
vn -0.1584 0.6618 0.7328
vn 0.1782 0.8224 0.5403
vn 0.2085 0.8054 0.5549
vn 0.2437 0.7091 -0.6617
vn 0.3209 0.5405 -0.7778
vn 0.0115 -0.9333 0.3588
vn 0.2125 -0.3424 0.9152
vn 0.2125 -0.3424 0.9152
vn 0.2125 -0.3424 0.9152
vn 0.0939 0.7781 0.6210
vn 0.7605 -0.2492 0.5996
vn 0.7605 -0.2492 0.5996
vn 0.7605 -0.2492 0.5996
vn 0.9215 -0.3280 -0.2081
vn 0.9080 -0.3389 -0.2464
vn 0.0409 0.7084 -0.7047
vn 0.2608 -0.1911 0.9463
vn 0.3676 -0.3337 0.8681
vn 0.2940 -0.1806 0.9386
vn 0.9818 0.1068 0.1569
vn 0.8520 -0.4968 0.1652
vn 0.8459 -0.5089 0.1596
vn -0.0161 0.8078 -0.5893
vn 0.2985 0.5939 -0.7471
vn -0.0053 -0.0510 -0.9987
vn 0.5266 -0.7807 0.3363
vn 0.1051 -0.4468 -0.8885
vn 0.0538 0.4221 0.9049
vn 0.9917 0.0995 0.0809
vn 0.9771 0.1180 0.1771
vn 0.9924 0.0973 0.0757
vn -0.0654 -0.5989 0.7981
vn -0.0492 -0.5547 0.8306
vn -0.0577 -0.5785 0.8136
vn -0.9769 -0.2064 0.0550
vn -0.9930 -0.0312 -0.1138
vn -0.9896 -0.1294 -0.0626
vn -0.9908 0.0119 -0.1350
vn -0.9726 -0.0087 -0.2324
vn -0.5739 -0.8186 -0.0224
vn -0.5739 -0.8186 -0.0224
vn -0.5739 -0.8186 -0.0224
vn -0.1170 0.5955 0.7948
vn -0.1173 0.5948 0.7952
vn 0.9789 0.1155 0.1687
vn 0.9834 0.1060 0.1474
vn 0.9881 0.0967 0.1198
vn -0.6739 -0.3403 -0.6558
vn -0.6742 -0.3400 -0.6556
vn -0.6778 -0.3376 -0.6531
vn -0.6782 -0.3374 -0.6529
vn -0.9963 -0.0651 -0.0553
vn -0.9970 -0.0397 -0.0662
vn -0.9815 -0.1378 -0.1332
vn 0.9959 0.0762 0.0491
vn 0.0988 -0.1604 0.9821
vn 0.2655 -0.5271 -0.8073
vn 0.0233 -0.5029 -0.8641
vn 0.2935 -0.5278 -0.7971
vn -0.0426 -0.5933 0.8038
vn -0.1129 -0.2506 0.9615
vn -0.0770 -0.2201 0.9724
vn -0.0744 -0.1860 0.9797
vn -0.0509 -0.1623 0.9854
vn 0.0552 -0.9929 0.1057
vn 0.0552 -0.9929 0.1057
vn 0.0552 -0.9929 0.1057
vn 0.2802 0.9595 0.0305
vn 0.2657 0.9639 0.0184
vn -0.0105 -0.4970 -0.8677
vn 0.7528 -0.2327 -0.6157
vn 0.8308 -0.2197 -0.5114
vn 0.7312 -0.2353 -0.6403
vn 0.0820 -0.7256 -0.6832
vn 0.0820 -0.7256 -0.6832
vn 0.0820 -0.7256 -0.6832
vn -0.2216 -0.1833 0.9578
vn -0.2216 -0.1833 0.9578
vn -0.2216 -0.1833 0.9578
vn 0.8442 -0.2167 -0.4903
vn -0.1925 -0.3906 -0.9002
vn -0.0379 -0.4323 -0.9009
vn -0.0851 -0.4208 -0.9032
vn -0.0954 0.9831 0.1561
vn -0.0775 0.9728 0.2182
vn -0.0798 0.9791 0.1871
vn 0.0165 -0.9866 0.1625
vn 0.0923 -0.9472 0.3070
vn 0.0492 -0.8987 0.4359
vn 0.0510 -0.9983 0.0275
vn 0.0346 -0.9846 -0.1714
vn 0.0958 -0.9709 0.2196
vn 0.1696 -0.5233 -0.8351
vn 0.1661 -0.5315 -0.8306
vn 0.1707 -0.5207 -0.8365
vn 0.0132 -0.6370 -0.7708
vn -0.0784 -0.1261 0.9889
vn -0.0397 -0.6194 -0.7841
vn -0.1512 -0.5789 0.8013
vn -0.0979 0.9242 -0.3691
vn -0.1191 -0.9227 0.3668
vn -0.1810 0.5535 0.8129
vn -0.1867 0.5572 0.8091
vn -0.1883 0.5582 0.8080
vn 0.0699 0.4679 0.8810
vn -0.1074 -0.2269 0.9680
vn -0.1295 0.9916 -0.0033
vn -0.2908 -0.3579 -0.8873
vn 0.1650 -0.5341 -0.8291
vn -0.4406 0.8899 0.1179
vn -0.4759 0.8726 0.1100
vn -0.3647 0.9215 0.1339
vn -0.9977 -0.0587 -0.0327
vn -0.9977 -0.0587 -0.0327
vn -0.9977 -0.0587 -0.0327
vn -0.2202 -0.5729 -0.7895
vn 0.0171 -0.9912 0.1313
vn 0.9755 -0.1321 -0.1760
vn 0.9826 -0.1632 -0.0890
vn 0.1279 0.6583 0.7418
vn -0.2335 -0.8435 0.4836
vn 0.9905 -0.0938 -0.1009
vn 0.0733 -0.1874 0.9795
vn 0.0022 -0.1503 0.9886
vn 0.9368 -0.3439 0.0645
vn 0.8366 -0.5048 0.2129
vn -0.9974 -0.0709 -0.0137
vn -0.9974 -0.0711 -0.0137
vn -0.9974 -0.0711 -0.0137
vn -0.9974 -0.0712 -0.0137
vn -0.3891 0.6776 0.6240
vn -0.3365 0.6896 0.6413
vn -0.2834 -0.7267 -0.6258
vn -0.2771 -0.7292 -0.6257
vn -0.2424 -0.7425 -0.6245
vn 0.0282 -0.5913 0.8059
vn 0.0286 -0.5914 0.8059
vn 0.0961 -0.6022 0.7925
vn -0.1952 0.5625 0.8034
vn -0.3921 0.6769 0.6230
vn -0.3562 -0.5801 0.7325
vn -0.2373 -0.7443 -0.6243
vn -0.0850 0.9701 0.2272
vn 0.9525 -0.2894 -0.0944
vn 0.9525 -0.2894 -0.0944
vn 0.9525 -0.2894 -0.0944
vn -0.2469 -0.9100 -0.3330
vn -0.2469 -0.9100 -0.3330
vn -0.2469 -0.9100 -0.3330
vn 0.0224 0.7029 0.7109
vn 0.0224 0.7029 0.7109
vn 0.0224 0.7029 0.7109
vn 0.0238 -0.5905 0.8067
vn -0.3276 0.6914 0.6440
vn 0.7769 -0.0194 0.6294
vn 0.7858 -0.0367 0.6174
vn 0.7825 -0.0216 0.6223
vn -0.5206 -0.0437 0.8527
vn -0.5060 -0.0734 0.8594
vn -0.5307 -0.0224 0.8473
vn 0.0014 -0.9991 0.0433
vn 0.0004 -0.9994 0.0339
vn -0.0018 -0.9999 0.0139
vn -0.4954 -0.0940 0.8636
vn 0.0033 -0.9981 0.0610
vn 0.0079 -0.9955 0.0948
vn 0.0155 -0.9998 0.0128
vn -0.0079 -0.9994 0.0339
vn 0.0098 -0.9983 -0.0581
vn 0.0510 0.9907 0.1262
vn -0.0380 0.9987 0.0349
vn 0.0316 0.9938 0.1063
vn 0.4538 -0.1452 -0.8792
vn 0.2483 -0.1440 -0.9579
vn 0.4520 -0.1384 -0.8812
vn -0.9300 -0.1379 -0.3407
vn -0.9300 -0.1379 -0.3407
vn -0.9300 -0.1379 -0.3407
vn -0.0787 0.9969 -0.0073
vn 0.1455 -0.2384 -0.9602
vn 0.7911 -0.0693 0.6078
vn 0.5447 -0.0704 -0.8357
vn 0.5447 -0.0704 -0.8357
vn 0.5447 -0.0704 -0.8357
vn -0.5159 -0.1007 -0.8507
vn -0.4696 -0.0670 -0.8803
vn -0.5582 -0.1324 -0.8191
vn 0.9169 0.0919 0.3884
vn 0.9466 0.0313 0.3208
vn 0.9365 0.0712 0.3435
vn 0.7042 -0.0388 0.7089
vn 0.0758 0.9971 -0.0094
vn 0.3062 0.9435 0.1270
vn 0.3570 0.9207 0.1577
vn 0.1953 0.3596 -0.9124
vn 0.1953 0.3596 -0.9124
vn 0.1953 0.3596 -0.9124
vn 0.7976 -0.0925 0.5961
vn 0.0427 0.9987 -0.0287
vn -0.0986 -0.9951 0.0094
vn 0.2316 0.9653 -0.1208
vn 0.2316 0.9653 -0.1208
vn 0.9998 -0.0123 -0.0132
vn 1.0000 -0.0065 -0.0059
vn 0.9999 -0.0092 -0.0121
vn 0.9999 -0.0068 -0.0125
vn 0.9999 -0.0102 -0.0132
vn 0.7823 -0.0503 0.6209
vn 0.9978 0.0654 -0.0063
vn 0.9966 0.0807 0.0140
vn 0.9984 0.0486 -0.0286
vn 0.9984 0.0398 -0.0402
vn 0.7747 0.0115 0.6322
vn -0.6102 -0.1731 -0.7731
vn 0.0604 -0.8123 0.5801
vn 0.0584 -0.8912 0.4499
vn 0.0194 -0.8191 0.5734
vn 0.2124 0.3934 0.8945
vn 0.0798 0.5949 0.7998
vn 0.1769 0.4674 0.8662
vn 0.6630 -0.0749 0.7449
vn 0.9936 0.0961 -0.0600
vn 0.9676 0.2496 0.0375
vn 0.8815 0.4371 0.1786
vn 0.9954 0.0508 -0.0816
vn 0.9954 0.0508 -0.0816
vn -0.0194 -0.9883 0.1512
vn -0.1248 -0.9879 0.0922
vn 0.0101 -0.9977 0.0674
vn 0.2971 -0.9404 0.1654
vn 0.1291 -0.9877 0.0884
vn 0.1801 -0.9773 0.1119
vn 0.3124 0.5861 -0.7476
vn 0.1894 0.6217 -0.7600
vn 0.3614 0.5687 -0.7389
vn 0.9643 0.2464 0.0970
vn 0.9233 0.3559 0.1441
vn 0.1571 0.6292 -0.7612
vn 0.9977 -0.0675 0.0068
vn 0.9964 0.0782 -0.0334
vn 0.9978 -0.0663 -0.0028
vn 0.0611 -0.5427 -0.8377
vn -0.1981 -0.5256 -0.8274
vn -0.2372 -0.5246 -0.8176
vn 0.8614 0.3680 0.3500
vn 0.9292 0.2729 0.2492
vn 0.9460 0.2385 0.2198
vn 0.9954 -0.0837 0.0476
vn 0.0010 -0.9999 -0.0125
vn 0.1414 -0.4955 -0.8570
vn 0.2211 0.6666 0.7118
vn 0.1601 0.7965 0.5830
vn 0.1810 0.3744 0.9094
vn 0.9971 -0.0650 0.0386
vn 0.9931 -0.1174 0.0010
vn 0.9997 -0.0136 0.0225
vn 0.9996 -0.0222 -0.0155
vn 0.3272 -0.9278 0.1791
vn 0.9947 -0.1007 0.0219
vn -0.0248 -0.1476 -0.9887
vn -0.0418 -0.1611 -0.9861
vn -0.0960 -0.1870 -0.9777
vn 0.5544 -0.2280 -0.8004
vn 0.5544 -0.2280 -0.8004
vn 0.5544 -0.2280 -0.8004
vn 0.9990 0.0435 0.0114
vn 0.9983 0.0526 -0.0251
vn 0.9999 0.0132 0.0067
vn 0.1761 0.9589 -0.2225
vn 0.0763 0.9745 -0.2110
vn 0.0763 0.9630 -0.2585
vn 0.4383 0.1947 -0.8775
vn 0.4855 0.1713 -0.8573
vn 0.4967 0.1655 -0.8520
vn -0.1301 0.1028 0.9862
vn 0.0459 -0.0041 0.9989
vn -0.0899 0.0931 0.9916
vn 0.9792 0.0903 -0.1819
vn 0.9893 0.1330 0.0597
vn -0.6287 -0.7613 -0.1585
vn -0.6287 -0.7613 -0.1585
vn -0.6287 -0.7613 -0.1585
vn 0.5651 -0.8188 0.1008
vn 0.1913 -0.9803 0.0491
vn 0.2546 -0.9653 0.0581
vn 0.9940 0.0905 0.0614
vn 0.1671 -0.5940 -0.7869
vn 0.3720 -0.4914 -0.7875
vn 0.2027 -0.5787 -0.7899
vn -0.1822 -0.1707 0.9683
vn -0.3803 -0.2639 0.8864
vn -0.0788 -0.1203 0.9896
vn 0.9290 0.1358 -0.3441
vn -0.4551 -0.2977 0.8392
vn 0.1815 0.0127 0.9833
vn 0.1021 0.0363 0.9941
vn 0.0910 0.0519 0.9945
vn 0.1613 0.9867 0.0205
vn 0.0775 0.9924 0.0951
vn 0.1021 0.9925 -0.0675
vn 0.1121 -0.7149 0.6902
vn 0.1617 -0.7154 0.6797
vn 0.1763 -0.7152 0.6763
vn 0.9368 0.0315 -0.3485
vn 0.9700 0.0446 -0.2392
vn 0.9081 0.0226 -0.4182
vn 0.9095 0.2720 0.3144
vn 0.9095 0.2720 0.3144
vn 0.9095 0.2720 0.3144
vn 0.9087 -0.0525 -0.4141
vn 0.1027 -0.5103 0.8538
vn 0.1027 -0.5103 0.8538
vn 0.1027 -0.5103 0.8538
vn 0.5859 -0.8037 0.1036
vn 0.1683 -0.0085 0.9857
vn 0.5119 -0.0411 0.8581
vn 0.5073 -0.0279 0.8613
vn 0.9926 -0.1113 0.0495
vn 0.9926 -0.1107 0.0495
vn 0.9929 -0.1086 0.0496
vn 0.9929 -0.1078 0.0496
vn 0.4937 -0.6060 -0.6237
vn 0.4937 -0.6060 -0.6237
vn 0.4937 -0.6060 -0.6237
vn 0.8703 -0.4294 0.2414
vn 0.8703 -0.4294 0.2414
vn 0.8703 -0.4294 0.2414
vn 0.9831 0.0518 -0.1758
vn 0.6536 -0.4531 0.6063
vn 0.6536 -0.4531 0.6063
vn 0.6536 -0.4531 0.6063
vn 0.9850 0.0384 -0.1681
vn 0.9895 0.0688 -0.1273
vn 0.9763 0.0018 -0.2164
vn 0.0047 -0.9928 0.1194
vn 0.0307 -0.9861 0.1634
vn 0.0208 -0.9588 0.2834
vn 0.2128 0.0556 0.9755
vn 0.0281 0.9994 -0.0215
vn 0.0191 0.9998 -0.0011
vn 0.0245 0.9996 -0.0133
vn -0.0054 0.9941 -0.1087
vn 0.0162 -0.0893 0.9959
vn -0.0959 -0.2561 0.9619
vn 0.0805 0.8841 0.4603
vn 0.0459 0.9199 0.3895
vn 0.9692 -0.0206 -0.2455
vn 0.0392 -0.1012 0.9941
vn 0.0272 -0.1320 0.9909
vn 0.0357 -0.1101 0.9933
vn -0.0622 0.0135 0.9980
vn 0.4183 -0.4629 -0.7815
vn 0.0697 -0.5790 -0.8123
vn 0.7072 0.2772 0.6504
vn 0.7072 0.2772 0.6504
vn 0.7072 0.2772 0.6504
vn 0.0751 -0.1806 -0.9807
vn 0.1353 -0.2109 -0.9681
vn 0.1097 -0.1150 -0.9873
vn 0.2711 0.8653 -0.4215
vn 0.8503 0.5153 0.1070
vn 0.8503 0.5153 0.1070
vn 0.8503 0.5153 0.1070
vn 0.9996 0.0257 -0.0111
vn 0.9990 0.0333 -0.0307
vn 0.9980 -0.0628 0.0041
vn 0.9941 0.1063 0.0229
vn -0.0630 -0.8420 0.5358
vn 0.0284 -0.5555 -0.8311
vn 0.6665 -0.5819 -0.4661
vn 0.6665 -0.5819 -0.4661
vn 0.6665 -0.5819 -0.4661
vn 0.9268 -0.3224 -0.1924
vn 0.9958 -0.0913 -0.0029
vn 0.9954 -0.0955 -0.0033
vn 0.9943 -0.1052 0.0199
vn 0.9850 -0.1684 0.0386
vn 0.9940 0.0236 0.1071
vn 0.9943 -0.0407 0.0985
vn 0.9943 -0.0955 0.0467
vn 0.9880 -0.0420 0.1485
vn 0.5472 0.8172 0.1808
vn 0.5472 0.8172 0.1808
vn 0.5472 0.8172 0.1808
vn 0.1228 0.2429 0.9622
vn 0.1146 0.2360 0.9650
vn 0.1478 0.2640 0.9531
vn 0.3373 0.9114 0.2358
vn 0.3373 0.9114 0.2358
vn 0.3373 0.9114 0.2358
vn 0.5718 0.5649 0.5950
vn 0.5718 0.5649 0.5950
vn 0.5718 0.5649 0.5950
vn 0.7274 0.3601 0.5841
vn 0.7274 0.3601 0.5841
vn 0.7274 0.3601 0.5841
vn 0.9737 0.2269 0.0206
vn 0.9737 0.2269 0.0206
vn 0.9737 0.2269 0.0206
vn 0.1017 -0.7145 0.6922
vn 0.4839 0.0220 0.8748
vn 0.4407 0.0172 0.8975
vn 0.0572 -0.0220 0.9981
vn 0.0014 -0.0274 0.9996
vn 0.0272 0.7758 -0.6303
vn 0.0898 0.7592 -0.6447
vn 0.0787 0.9194 -0.3853
vn 0.1999 0.9242 -0.3255
vn 0.9852 -0.0616 0.1600
vn 0.9975 -0.0256 0.0652
vn 0.9897 0.1426 0.0136
vn 0.9985 0.0221 0.0508
vn -0.0513 0.9759 0.2119
vn -0.0417 0.9609 0.2736
vn -0.0527 0.9778 0.2027
vn -0.2010 -0.8826 0.4250
vn -0.2010 -0.8826 0.4250
vn -0.2010 -0.8826 0.4250
vn 0.9769 0.2134 -0.0086
vn -0.0324 -0.9304 0.3650
vn -0.0281 -0.9397 0.3410
vn -0.0062 -0.9979 0.0641
vn 0.5937 0.1120 -0.7968
vn 0.9893 -0.0254 0.1434
vn 0.9927 -0.0339 0.1160
vn 0.9982 -0.0533 0.0276
vn 0.0126 0.9252 0.3792
vn 0.9855 -0.0851 0.1467
vn 0.9855 -0.0851 0.1467
vn 0.9855 -0.0851 0.1467
vn 0.9974 -0.0021 0.0726
vn 0.9996 -0.0279 -0.0055
vn 0.9807 -0.1760 -0.0849
vn 0.9656 0.2084 0.1554
vn 0.9000 0.4019 -0.1686
vn 0.8972 0.4360 -0.0698
vn -0.0103 -0.8350 0.5501
vn -0.0049 -0.8377 0.5461
vn -0.0164 -0.8267 0.5623
vn 0.9950 0.0423 0.0909
vn -0.0149 -0.9997 0.0189
vn -0.0086 -0.9999 0.0097
vn -0.0252 -0.9991 0.0340
vn 0.0136 0.9877 0.1556
vn 0.0099 -0.9818 0.1894
vn -0.0057 -0.9770 0.2132
vn -0.0099 -0.9755 0.2196
vn -0.0017 -0.9908 -0.1351
vn 0.0170 -0.9956 -0.0926
vn -0.0286 -0.9994 0.0180
vn -0.0142 0.9994 0.0310
vn -0.0001 0.9990 0.0445
vn -0.0141 0.9994 0.0311
vn -0.0467 0.0255 0.9986
vn 0.0309 -0.3860 -0.9220
vn 0.0887 0.2138 0.9728
vn 0.8119 0.5368 -0.2293
vn 0.0240 -0.1401 0.9898
vn -0.0479 0.9604 0.2746
vn -0.0669 0.9924 -0.1034
vn -0.0650 0.9963 -0.0560
vn -0.0789 0.2319 0.9695
vn -0.0313 0.1239 0.9918
vn -0.0380 0.1211 0.9919
vn 0.4432 -0.4350 0.7838
vn 0.4432 -0.4350 0.7838
vn 0.4432 -0.4350 0.7838
vn 0.0149 -0.9630 -0.2693
vn 0.0422 -0.9432 -0.3296
vn 0.0341 -0.9495 -0.3118
vn -0.0235 -0.9704 0.2402
vn 0.7203 0.6403 -0.2668
vn -0.0198 0.0423 0.9989
vn -0.0611 0.1199 0.9909
vn -0.0415 0.0831 0.9957
vn 0.7234 0.6308 -0.2806
vn -0.0270 -0.9996 0.0001
vn 0.0234 -0.9782 0.2065
vn 0.0249 -0.9950 0.0969
vn -0.1104 0.6985 0.7071
vn -0.1725 0.7434 0.6462
vn -0.0300 0.6319 0.7745
vn -0.2915 0.8116 0.5063
vn 0.0373 0.9992 0.0148
vn 0.0047 0.9992 0.0406
vn -0.0016 0.9990 0.0455
vn -0.0734 0.9725 -0.2211
vn -0.1010 0.9824 -0.1570
vn -0.1294 0.9876 -0.0890
vn -0.0468 0.9535 -0.2978
vn 0.0285 0.0048 0.9996
vn 0.0730 -0.0248 0.9970
vn 0.0005 0.0235 0.9997
vn -0.0456 0.0541 0.9975
vn -0.0069 -0.9998 -0.0200
vn -0.0640 -0.9965 0.0530
vn -0.0780 -0.9969 0.0134
vn -0.0325 -0.9895 0.1410
vn -0.0284 0.9994 0.0174
vn 0.0678 -0.9754 0.2096
vn 0.0971 -0.9611 0.2586
vn -0.0458 0.9579 -0.2833
vn 0.1610 -0.1630 -0.9734
vn 0.0132 -0.9307 0.3655
vn 0.0097 -0.9275 0.3736
vn -0.0269 -0.8883 0.4584
vn 0.0148 0.9999 0.0086
vn -0.0054 0.3872 -0.9220
vn 0.0050 0.2003 -0.9797
vn -0.0056 0.4630 -0.8864
vn 0.0010 0.0033 1.0000
vn -0.0469 0.9560 0.2897
vn -0.1213 0.0985 0.9877
vn -0.0046 -0.0028 -1.0000
vn -0.0427 -0.0604 -0.9973
vn 0.0384 0.0622 -0.9973
vn 0.0460 -0.3688 -0.9284
vn 0.0059 -0.2439 -0.9698
vn 0.0368 -0.3404 -0.9396
vn -0.0585 -0.4167 -0.9072
vn 0.0063 -1.0000 -0.0001
vn 0.0153 -0.9998 -0.0089
vn 0.0109 -0.9999 -0.0087
vn 0.0034 -1.0000 -0.0026
vn -0.0040 -0.2122 -0.9772
vn -0.0803 -0.9793 0.1856
vn -0.0025 0.6819 -0.7314
vn -0.0141 0.6447 -0.7643
vn -0.0286 0.6476 -0.7615
vn 0.0051 -0.9689 -0.2472
vn 0.0012 -1.0000 -0.0047
vn -0.0894 -0.1308 -0.9874
vn -0.0129 0.9768 -0.2139
vn -0.0196 -0.9991 0.0376
vn -0.0076 -0.9998 0.0183
vn -0.0140 -0.9995 0.0286
vn 0.0543 -0.4901 -0.8700
vn -0.0105 0.5426 -0.8399
vn -0.0529 -0.0212 0.9984
vn -0.1115 -0.8110 0.5744
vn -0.0126 0.4889 -0.8722
vn -0.0126 0.4889 -0.8722
vn -0.0126 0.4889 -0.8722
vn 0.0079 -0.5667 0.8239
vn 0.0075 -0.5631 0.8264
vn -0.1306 -0.0652 0.9893
vn 0.0044 0.9842 0.1772
vn -0.0396 0.9573 0.2864
vn -0.0153 -0.1040 -0.9945
vn 0.0202 -0.3928 -0.9194
vn -0.0172 -0.9998 -0.0024
vn -0.0738 0.4040 0.9118
vn -0.0738 0.4040 0.9118
vn -0.0738 0.4040 0.9118
vn -0.0837 -0.2142 0.9732
vn 0.0029 -1.0000 0.0086
vn -0.0345 -0.8154 0.5778
vn -0.0407 -0.8875 0.4591
vn 0.0175 -0.5984 0.8010
vn 0.0177 -0.5982 0.8011
vn 0.0178 -0.5982 0.8012
vn 0.0785 -0.1233 -0.9893
vn -0.0378 0.9965 0.0740
vn 0.0004 0.5287 -0.8488
vn 0.0087 0.5486 -0.8360
vn -0.0621 0.7859 -0.6153
vn -0.0201 -0.9843 0.1753
vn 0.0180 -0.5981 0.8012
vn -0.9988 0.0300 0.0398
vn -0.9662 -0.0196 0.2569
vn -0.9998 0.0190 -0.0113
vn 0.0218 -0.1338 0.9908
vn 0.0202 -0.1372 0.9903
vn 0.0193 -0.1392 0.9901
vn 0.0157 0.9881 -0.1530
vn -0.0921 0.0834 0.9923
vn -0.0280 0.2984 0.9540
vn 0.0217 0.4746 0.8799
vn -0.9993 -0.0305 -0.0198
vn -0.9940 -0.0346 0.1033
vn -0.9971 -0.0604 0.0471
vn -0.9958 -0.0072 -0.0915
vn -0.9988 -0.0417 0.0249
vn -0.9954 0.0061 -0.0961
vn -0.0253 -0.9986 0.0468
vn 0.0229 -0.1316 0.9910
vn -0.0495 0.6873 -0.7247
vn 0.0226 0.9891 -0.1454
vn -0.9767 -0.0321 0.2121
vn -0.9752 -0.0252 0.2200
vn -0.9784 -0.0405 0.2025
vn -0.0471 0.7633 0.6444
vn -0.0471 0.7633 0.6444
vn -0.0471 0.7633 0.6444
vn -0.1215 -0.9914 0.0489
vn -0.9995 0.0101 0.0306
vn -0.9998 -0.0071 0.0209
vn -0.9997 -0.0179 0.0149
vn -0.9735 -0.0182 0.2279
vn -0.2435 0.0199 -0.9697
vn -0.2435 0.0199 -0.9697
vn -0.2435 0.0199 -0.9697
vn -0.6553 0.7395 0.1544
vn -0.6995 0.6968 0.1585
vn -0.6946 0.7018 0.1581
vn 0.1591 -0.1175 0.9803
vn -0.1953 -0.0174 0.9806
vn -0.1351 -0.8272 0.5454
vn -0.9920 0.0842 0.0945
vn -0.9167 0.3996 -0.0043
vn -0.9975 0.0527 0.0478
vn -0.9992 0.0182 0.0352
vn -0.9954 0.0034 0.0959
vn -0.9962 0.0178 0.0855
vn 0.0137 0.0501 0.9987
vn 0.0232 -0.0050 -0.9997
vn 0.1972 -0.2351 -0.9518
vn -0.2312 -0.0303 0.9724
vn -0.0339 -0.7938 -0.6072
vn 0.0086 -0.8766 -0.4812
vn -0.1430 -0.6352 -0.7590
vn 0.0269 0.6377 -0.7698
vn 0.0417 0.6573 -0.7525
vn 0.0328 0.6456 -0.7630
vn 0.1767 -0.2513 -0.9517
vn 0.0459 0.0475 0.9978
vn -0.9955 -0.0771 0.0546
vn -0.9911 -0.1316 -0.0186
vn -0.9919 -0.1146 0.0556
vn -0.9948 0.0476 0.0902
vn -0.9947 0.0565 0.0858
vn -0.9857 -0.0074 0.1684
vn -0.9939 -0.1086 -0.0206
vn -0.9939 -0.0843 -0.0716
vn -0.6496 0.7446 0.1538
vn -0.9986 -0.0496 -0.0209
vn -0.9993 -0.0297 0.0216
vn -0.0307 -0.4979 -0.8667
vn -0.9993 -0.0193 -0.0326
vn -0.5373 0.1076 -0.8365
vn -0.5373 0.1076 -0.8365
vn -0.5373 0.1076 -0.8365
vn -0.9987 -0.0447 0.0254
vn -0.0796 -0.9968 -0.0098
vn 0.1047 -0.5451 0.8318
vn 0.1047 -0.5451 0.8318
vn 0.1047 -0.5451 0.8318
vn -0.0102 -0.9999 0.0100
vn -0.9952 -0.0975 -0.0026
vn -0.9864 -0.0401 -0.1592
vn -0.9932 -0.0629 -0.0979
vn -0.0739 -0.9904 0.1167
vn 0.0450 -0.9896 0.1368
vn -0.0883 -0.9895 0.1141
vn -0.4451 -0.6858 0.5758
vn -0.3784 -0.8425 0.3834
vn -0.5530 0.8222 0.1347
vn -0.5530 0.8222 0.1347
vn -0.5530 0.8222 0.1347
vn -0.9999 -0.0127 0.0005
vn -0.9979 -0.0623 0.0196
vn -0.9978 -0.0609 0.0246
vn -0.9988 -0.0484 0.0061
vn -0.0030 0.8068 0.5908
vn -0.0158 0.8018 0.5974
vn -0.0775 0.8131 0.5769
vn -0.9934 -0.1098 0.0319
vn -0.9626 -0.2181 0.1610
vn -0.9813 -0.1609 0.1054
vn -0.9670 -0.1651 0.1939
vn -0.9998 -0.0094 -0.0158
vn -0.9761 -0.1680 0.1377
vn -0.9997 0.0170 0.0196
vn -0.9757 -0.1698 0.1387
vn -0.9984 -0.0559 0.0036
vn -0.1407 -0.6039 -0.7846
vn -0.1407 -0.6039 -0.7846
vn -0.1407 -0.6039 -0.7846
vn 0.0461 -0.9742 0.2207
vn 0.2032 -0.9304 0.3051
vn 0.0530 -0.9635 0.2625
vn 0.0570 -0.9887 0.1388
vn -0.0718 -0.8816 0.4666
vn -0.9985 0.0288 -0.0462
vn -0.9046 -0.2835 0.3183
vn -0.4786 0.8772 -0.0381
vn -0.4974 0.8672 -0.0235
vn -0.4689 0.8821 -0.0455
vn -0.0483 -0.0328 0.9983
vn -0.0973 -0.0996 0.9903
vn -0.0355 -0.0154 0.9992
vn 0.7398 -0.0245 -0.6723
vn 0.8126 -0.1314 -0.5678
vn 0.8966 -0.0091 -0.4428
vn -0.5037 0.8637 -0.0186
vn -0.1084 -0.6008 -0.7920
vn -0.1243 0.1109 0.9860
vn -0.0853 0.0467 0.9953
vn -0.0557 -0.0017 0.9984
vn 0.0174 0.6250 -0.7804
vn -0.0778 -0.9188 0.3869
vn -0.1396 0.7566 0.6388
vn 0.0031 0.8196 -0.5730
vn -0.0451 0.8257 -0.5624
vn -0.9895 -0.1417 -0.0301
vn -0.9954 -0.0845 -0.0458
vn -0.9988 -0.0351 0.0349
vn -0.9953 -0.0850 -0.0465
vn -0.9799 -0.1417 -0.1403
vn -0.1745 0.7943 -0.5820
vn 0.1002 -0.7075 -0.6995
vn 0.1002 -0.7075 -0.6995
vn 0.1002 -0.7075 -0.6995
vn -0.9777 -0.1759 0.1150
vn -0.9912 -0.1129 0.0690
vn -0.9970 -0.0684 0.0366
vn -0.9999 0.0023 -0.0149
vn 0.7035 0.0335 -0.7099
vn -0.2844 -0.5873 0.7577
vn -0.1507 -0.5527 0.8196
vn -0.1990 -0.5666 0.7996
vn -0.2576 -0.7210 0.6433
vn -0.1324 -0.7088 0.6929
vn -0.1724 -0.7141 0.6785
vn -0.0420 0.9991 0.0092
vn -0.0767 0.9967 0.0263
vn -0.0240 0.9997 0.0003
vn -0.9830 -0.1571 -0.0956
vn 0.0313 0.0419 -0.9986
vn 0.0070 0.0423 0.9991
vn -0.0342 -0.0365 0.9987
vn -0.2318 -0.5482 -0.8035
vn -0.0885 0.3041 -0.9485
vn -0.2973 0.4802 -0.8253
vn -0.3491 0.3795 -0.8568
vn -0.1057 0.9117 -0.3970
vn -0.2927 -0.7221 0.6269
vn -0.0956 0.9948 0.0357
vn -0.3346 -0.5972 0.7290
vn -0.9846 0.0771 0.1571
vn -0.9880 -0.0486 0.1464
vn -0.9866 0.0509 0.1551
vn -0.2483 0.6775 0.6923
vn 0.1854 0.2309 0.9551
vn 0.1854 0.2309 0.9551
vn 0.1854 0.2309 0.9551
vn -0.1343 -0.8745 0.4660
vn -0.3067 -0.8585 0.4109
vn -0.0298 -0.9984 -0.0482
vn -0.9860 -0.0226 -0.1650
vn -0.9843 0.0156 -0.1759
vn -0.9966 -0.0009 -0.0822
vn -0.7593 -0.6182 0.2034
vn -0.7593 -0.6182 0.2034
vn -0.7593 -0.6182 0.2034
vn -0.3395 -0.9090 0.2416
vn 0.4214 -0.5185 -0.7440
vn 0.4214 -0.5185 -0.7440
vn 0.4214 -0.5185 -0.7440
vn -0.2978 0.5512 0.7794
vn -0.4082 0.5391 0.7367
vn -0.3140 0.5500 0.7739
vn -0.4840 -0.8035 -0.3467
vn -0.4840 -0.8035 -0.3467
vn -0.4840 -0.8035 -0.3467
vn -0.1878 -0.7694 0.6105
vn -0.0987 -0.3764 -0.9212
vn -0.9754 -0.0204 -0.2195
vn -0.9903 0.0878 -0.1079
vn -0.9849 0.0913 -0.1472
vn -0.9970 0.0763 0.0104
vn -0.9866 -0.0771 0.1436
vn -0.9981 -0.0375 0.0496
vn -0.9987 -0.0444 0.0241
vn -0.1828 -0.7310 -0.6574
vn -0.1828 -0.7310 -0.6574
vn -0.1828 -0.7310 -0.6574
vn -0.4194 0.5374 0.7317
vn 0.1227 -0.9757 0.1813
vn 0.1227 -0.9757 0.1813
vn 0.1227 -0.9757 0.1813
vn -0.9992 0.0061 0.0403
vn -0.9778 0.1024 -0.1830
vn -0.2062 -0.0023 0.9785
vn 0.0128 -0.8313 0.5557
vn -0.0214 -0.8397 0.5427
vn 0.0351 -0.8242 0.5651
vn -0.4547 0.5137 0.7276
vn -0.9957 0.0713 0.0590
vn 0.8661 0.0397 -0.4982
vn 0.9133 -0.0440 -0.4048
vn -0.0010 -0.9994 0.0352
vn -0.0807 0.1841 0.9796
vn -0.0807 0.1841 0.9796
vn -0.0807 0.1841 0.9796
vn -0.5312 0.4922 0.6896
vn -0.5116 0.4930 0.7037
vn -0.4223 0.4747 -0.7722
vn -0.8666 0.3764 -0.3277
vn -0.8657 0.3843 -0.3209
vn -0.8540 0.4497 -0.2617
vn -0.9996 -0.0058 0.0287
vn -0.9891 -0.1452 0.0237
vn -0.9920 -0.1242 0.0245
vn -0.9755 -0.1382 0.1710
vn -0.9755 -0.1382 0.1710
vn -0.9755 -0.1382 0.1710
vn 0.9285 -0.0169 -0.3710
vn 0.9180 -0.0500 -0.3935
vn -0.0630 -0.9980 -0.0111
vn -0.2994 0.1781 -0.9374
vn -0.3233 0.1477 -0.9347
vn -0.3047 0.1714 -0.9369
vn -0.3131 -0.5088 -0.8019
vn -0.2194 0.9711 0.0940
vn -0.2194 0.9711 0.0940
vn -0.2194 0.9711 0.0940
vn -0.9702 -0.2417 0.0199
vn -0.8705 0.3109 -0.3814
vn -0.9413 -0.0235 0.3366
vn -0.9387 -0.0087 0.3446
vn -0.9435 -0.0366 0.3295
vn -0.6155 -0.0603 -0.7858
vn -0.6155 -0.0603 -0.7858
vn -0.6155 -0.0603 -0.7858
vn 0.0447 0.9956 -0.0823
vn 0.0805 0.9968 0.0011
vn 0.0664 0.9977 -0.0161
vn -0.0235 0.9919 -0.1251
vn -0.2759 0.2071 -0.9386
vn -0.1774 -0.7719 0.6105
vn 0.9448 0.0772 -0.3184
vn -0.9455 -0.0508 0.3217
vn 0.0801 0.9958 0.0454
vn -0.9970 -0.0433 -0.0648
vn -0.9937 -0.0187 -0.1107
vn -0.9976 -0.0626 -0.0286
vn 0.9145 -0.0466 -0.4019
vn -0.9959 -0.0885 0.0205
vn -0.9938 -0.1094 0.0182
vn -0.9900 -0.1398 -0.0173
vn -0.9962 -0.0863 0.0133
vn -0.9924 -0.1167 0.0390
vn -0.8914 -0.0652 0.4485
vn -0.8999 -0.0180 0.4358
vn -0.8919 -0.0284 0.4514
vn -0.2975 0.5856 -0.7540
vn -0.9990 -0.0447 -0.0081
vn -0.9990 -0.0444 -0.0080
vn -0.9989 -0.0454 -0.0083
vn 0.5125 -0.0151 0.8585
vn 0.5005 -0.0414 0.8647
vn 0.4905 -0.0627 0.8692
vn -0.9907 -0.1318 0.0332
vn -0.9908 -0.1239 0.0541
vn -0.8484 0.4423 0.2909
vn -0.8484 0.4423 0.2909
vn -0.8484 0.4423 0.2909
vn -0.9990 -0.0437 -0.0079
vn -0.8950 -0.0096 0.4460
vn -0.8364 -0.0168 0.5479
vn 0.0335 0.9993 -0.0154
vn 0.8795 -0.0942 -0.4664
vn -0.1516 -0.8329 0.5323
vn -0.1451 -0.8341 0.5322
vn -0.0492 0.5931 0.8036
vn -0.0492 0.5931 0.8036
vn -0.0492 0.5931 0.8036
vn -0.3350 0.4069 -0.8498
vn -0.3425 0.4232 -0.8388
vn -0.3656 0.3668 -0.8555
vn 0.8663 -0.1009 -0.4893
vn 0.8677 -0.1142 -0.4838
vn 0.4680 -0.0329 0.8831
vn 0.4687 -0.0345 0.8827
vn 0.4675 -0.0316 0.8834
vn -0.0315 -0.9995 0.0001
vn -0.0346 -0.9981 0.0502
vn -0.0328 -0.9992 0.0214
vn -0.3358 -0.0310 -0.9414
vn -0.3830 -0.1081 -0.9174
vn -0.2795 0.0553 -0.9585
vn 0.0918 -0.9162 0.3901
vn 0.2714 -0.7839 0.5585
vn 0.1413 -0.8873 0.4389
vn 0.5225 0.0074 0.8526
vn 0.8473 -0.1248 -0.5162
vn 0.4693 -0.0358 0.8823
vn 0.9544 0.0177 -0.2981
vn 0.9553 0.0093 -0.2955
vn 0.9416 0.0014 -0.3368
vn 0.9933 0.0937 -0.0681
vn -0.0296 -0.9991 -0.0303
vn 0.0684 -0.9838 0.1655
vn 0.0817 -0.9808 0.1773
vn 0.0725 -0.9829 0.1692
vn -0.3770 0.3510 -0.8571
vn -0.9978 -0.0616 -0.0254
vn -0.9978 -0.0616 -0.0254
vn -0.9978 -0.0616 -0.0254
vn 0.0270 0.9995 -0.0183
vn -0.8474 0.0190 0.5307
vn 0.9254 -0.0257 -0.3782
vn 0.3492 -0.6997 0.6233
vn -0.0466 0.9989 -0.0101
vn -0.0390 0.9984 -0.0409
vn -0.0479 0.9988 -0.0045
vn -0.8266 0.0366 0.5616
vn -0.8440 0.0950 0.5279
vn -0.7806 -0.0791 0.6200
vn -0.0094 -0.9958 -0.0915
vn 0.0117 -0.9992 -0.0384
vn -0.0289 -0.9959 -0.0857
vn -0.4298 -0.1893 -0.8829
vn 0.0859 -0.9797 0.1811
vn -0.3195 -0.0831 -0.9439
vn -0.3223 -0.0810 -0.9432
vn -0.3242 -0.0796 -0.9426
vn -0.0567 0.9979 0.0317
vn -0.7625 0.0195 0.6467
vn -0.3991 0.5367 -0.7434
vn -0.3424 0.6130 -0.7120
vn -0.2671 0.6995 -0.6629
vn -0.8629 0.1851 0.4703
vn -0.4252 -0.9051 0.0067
vn -0.4252 -0.9051 0.0067
vn -0.4252 -0.9051 0.0067
vn -0.1847 0.7775 -0.6011
vn -0.9977 -0.0133 0.0659
vn -0.9977 -0.0133 0.0659
vn -0.9977 -0.0133 0.0659
vn 0.4294 -0.0605 0.9011
vn 0.4302 -0.0587 0.9008
vn 0.4282 -0.0633 0.9015
vn -0.4706 0.3074 -0.8271
vn 0.0106 -0.9998 0.0194
vn -0.5449 -0.3117 -0.7784
vn -0.3028 -0.5208 -0.7982
vn -0.4470 -0.4063 -0.7969
vn -0.7971 0.1775 0.5772
vn -0.7886 0.0978 0.6071
vn 0.4276 -0.0648 0.9017
vn -0.8694 -0.0132 0.4940
vn -0.8471 0.0183 0.5312
vn -0.9364 0.0634 0.3452
vn -0.3271 -0.0774 -0.9418
vn -0.8220 0.0306 0.5686
vn -0.8268 -0.0079 0.5625
vn -0.6534 -0.1844 -0.7342
vn -0.1055 -0.9684 -0.2258
vn -0.8132 0.0510 0.5798
vn -0.8417 0.1301 0.5241
vn -0.9894 0.0243 -0.1431
vn -0.9765 -0.0016 -0.2155
vn -0.9928 0.0344 -0.1144
vn -0.9736 -0.0062 -0.2282
vn 0.2316 0.9653 -0.1208
vn 0.9954 0.0508 -0.0816
vn 0.0522 -0.6791 0.7322
vn -0.0137 -0.6634 0.7481
vn 0.0596 -0.6773 0.7333
vn 0.9580 -0.2782 -0.0702
vn 0.9651 -0.2444 -0.0945
vn 0.9416 -0.3328 -0.0512
vn 0.9484 -0.3107 -0.0631
vn 0.9605 -0.2693 -0.0706
vn 0.0000 1.0000 0.0000
vn 0.0000 1.0000 0.0000
vn 0.0000 1.0000 0.0000
vn 0.0000 1.0000 0.0000
vn 0.0000 1.0000 0.0000
vn 0.0000 1.0000 0.0000
vn 0.0000 1.0000 0.0000
vn 0.0000 1.0000 0.0000
vn 0.0000 1.0000 0.0000
vn 0.0000 1.0000 0.0000
vn 0.0000 1.0000 0.0000
vn 0.0000 1.0000 0.0000
vn 0.0000 1.0000 0.0000
vn 0.0000 1.0000 0.0000
vn 0.0000 1.0000 0.0000
vn 0.0000 1.0000 0.0000
vn 0.0000 1.0000 0.0000
vn 0.0000 1.0000 0.0000
vn 0.0000 1.0000 0.0000
vn 0.0000 1.0000 0.0000
vn 0.0000 1.0000 0.0000
vn 0.0000 1.0000 0.0000
vn 0.0000 1.0000 0.0000
vn 0.0000 1.0000 0.0000
vn 0.0000 1.0000 0.0000
vn 0.0000 1.0000 0.0000
vn 0.0000 1.0000 0.0000
vn 0.0000 1.0000 0.0000
vn 0.0000 1.0000 0.0000
vn 0.0000 1.0000 0.0000
vn 0.0000 1.0000 0.0000
vn 0.0000 1.0000 0.0000
vn 0.0000 1.0000 0.0000
vn 0.0000 1.0000 0.0000
vn 0.0000 1.0000 0.0000
f 120/120/120 121/121/121 122/122/122
f 123/123/123 122/122/122 121/121/121
f 124/124/124 125/125/125 126/126/126
f 121/121/121 127/127/127 123/123/123
f 128/128/128 129/129/129 130/130/130
f 131/131/131 132/132/132 133/133/133
f 134/134/134 123/123/123 127/127/127
f 133/133/133 135/135/135 131/131/131
f 136/136/136 137/137/137 138/138/138
f 139/139/139 140/140/140 141/141/141
f 142/142/142 143/143/143 144/144/144
f 134/134/134 127/127/127 145/145/145
f 143/143/143 146/146/146 147/147/147
f 125/125/125 148/148/148 126/126/126
f 149/149/149 134/134/134 145/145/145
f 146/146/146 150/150/150 147/147/147
f 151/151/151 152/152/152 153/153/153
f 154/154/154 155/155/155 156/156/156
f 155/155/155 157/157/157 156/156/156
f 158/158/158 159/159/159 160/160/160
f 161/161/161 162/162/162 134/134/134
f 143/143/143 147/147/147 144/144/144
f 163/163/163 164/164/164 165/165/165
f 166/166/166 167/167/167 168/168/168
f 169/169/169 159/159/159 158/158/158
f 170/170/170 171/171/171 172/172/172
f 173/173/173 174/174/174 175/175/175
f 176/176/176 158/158/158 160/160/160
f 177/177/177 178/178/178 179/179/179
f 179/179/179 180/180/180 177/177/177
f 152/152/152 181/181/181 153/153/153
f 161/161/161 134/134/134 149/149/149
f 149/149/149 182/182/182 183/183/183
f 184/184/184 185/185/185 186/186/186
f 187/187/187 188/188/188 189/189/189
f 190/190/190 173/173/173 175/175/175
f 191/191/191 192/192/192 193/193/193
f 194/194/194 195/195/195 196/196/196
f 197/197/197 198/198/198 199/199/199
f 149/149/149 183/183/183 161/161/161
f 200/200/200 172/172/172 171/171/171
f 201/201/201 202/202/202 203/203/203
f 169/169/169 158/158/158 204/204/204
f 169/169/169 204/204/204 205/205/205
f 206/206/206 207/207/207 208/208/208
f 209/209/209 210/210/210 211/211/211
f 205/205/205 204/204/204 212/212/212
f 213/213/213 203/203/203 202/202/202
f 163/163/163 165/165/165 214/214/214
f 215/215/215 193/193/193 192/192/192
f 216/216/216 217/217/217 218/218/218
f 189/189/189 188/188/188 219/219/219
f 220/220/220 221/221/221 167/167/167
f 222/222/222 223/223/223 224/224/224
f 168/168/168 167/167/167 221/221/221
f 220/220/220 225/225/225 221/221/221
f 226/226/226 227/227/227 228/228/228
f 199/199/199 198/198/198 229/229/229
f 179/179/179 230/230/230 180/180/180
f 217/217/217 216/216/216 231/231/231
f 219/219/219 188/188/188 232/232/232
f 208/208/208 233/233/233 206/206/206
f 234/234/234 235/235/235 236/236/236
f 235/235/235 234/234/234 237/237/237
f 234/234/234 236/236/236 238/238/238
f 619/619/619 620/620/620 621/621/621
f 622/622/622 623/623/623 624/624/624
f 625/625/625 626/626/626 627/627/627
f 239/239/239 240/240/240 241/241/241
f 219/219/219 232/232/232 242/242/242
f 623/623/623 622/622/622 628/628/628
f 625/625/625 629/629/629 626/626/626
f 630/630/630 631/631/631 632/632/632
f 631/631/631 633/633/633 632/632/632
f 240/240/240 243/243/243 241/241/241
f 244/244/244 209/209/209 211/211/211
f 246/246/246 247/247/247 248/248/248
f 634/634/634 635/635/635 636/636/636
f 248/248/248 249/249/249 246/246/246
f 637/637/637 638/638/638 639/639/639
f 248/248/248 247/247/247 250/250/250
f 250/250/250 247/247/247 251/251/251
f 640/640/640 641/641/641 642/642/642
f 635/635/635 643/643/643 636/636/636
f 638/638/638 644/644/644 639/639/639
f 645/645/645 621/621/621 620/620/620
f 646/646/646 647/647/647 648/648/648
f 209/209/209 244/244/244 252/252/252
f 649/649/649 650/650/650 651/651/651
f 253/253/253 209/209/209 252/252/252
f 652/652/652 653/653/653 654/654/654
f 655/655/655 652/652/652 654/654/654
f 656/656/656 657/657/657 658/658/658
f 659/659/659 660/660/660 661/661/661
f 620/620/620 662/662/662 645/645/645
f 657/657/657 656/656/656 663/663/663
f 254/254/254 255/255/255 256/256/256
f 664/664/664 630/630/630 632/632/632
f 1421/1421/1421 665/665/665 666/666/666
f 667/667/667 668/668/668 669/669/669
f 669/669/669 670/670/670 671/671/671
f 671/671/671 667/667/667 669/669/669
f 672/672/672 621/621/621 645/645/645
f 673/673/673 674/674/674 675/675/675
f 676/676/676 673/673/673 675/675/675
f 621/621/621 672/672/672 677/677/677
f 651/651/651 678/678/678 649/649/649
f 679/679/679 680/680/680 681/681/681
f 682/682/682 683/683/683 684/684/684
f 652/652/652 655/655/655 685/685/685
f 686/686/686 687/687/687 688/688/688
f 257/257/257 258/258/258 259/259/259
f 1422/1422/1422 689/689/689 690/690/690
f 691/691/691 692/692/692 693/693/693
f 694/694/694 695/695/695 696/696/696
f 697/697/697 698/698/698 699/699/699
f 260/260/260 261/261/261 262/262/262
f 700/700/700 688/688/688 701/701/701
f 261/261/261 263/263/263 262/262/262
f 264/264/264 265/265/265 266/266/266
f 266/266/266 267/267/267 264/264/264
f 266/266/266 268/268/268 267/267/267
f 698/698/698 697/697/697 702/702/702
f 703/703/703 704/704/704 705/705/705
f 269/269/269 270/270/270 271/271/271
f 706/706/706 707/707/707 708/708/708
f 709/709/709 710/710/710 711/711/711
f 272/272/272 273/273/273 274/274/274
f 701/701/701 688/688/688 687/687/687
f 275/275/275 258/258/258 257/257/257
f 703/703/703 705/705/705 712/712/712
f 692/692/692 713/713/713 693/693/693
f 706/706/706 714/714/714 707/707/707
f 715/715/715 683/683/683 716/716/716
f 682/682/682 684/684/684 717/717/717
f 703/703/703 712/712/712 718/718/718
f 276/276/276 277/277/277 278/278/278
f 703/703/703 718/718/718 719/719/719
f 279/279/279 280/280/280 281/281/281
f 281/281/281 258/258/258 275/275/275
f 258/258/258 281/281/281 280/280/280
f 720/720/720 710/710/710 721/721/721
f 694/694/694 696/696/696 722/722/722
f 720/720/720 723/723/723 711/711/711
f 684/684/684 683/683/683 715/715/715
f 720/720/720 711/711/711 710/710/710
f 724/724/724 725/725/725 726/726/726
f 727/727/727 728/728/728 729/729/729
f 282/282/282 283/283/283 284/284/284
f 730/730/730 731/731/731 732/732/732
f 733/733/733 734/734/734 735/735/735
f 285/285/285 286/286/286 287/287/287
f 736/736/736 737/737/737 738/738/738
f 739/739/739 740/740/740 741/741/741
f 732/732/732 731/731/731 742/742/742
f 743/743/743 700/700/700 701/701/701
f 744/744/744 745/745/745 746/746/746
f 288/288/288 276/276/276 278/278/278
f 289/289/289 290/290/290 291/291/291
f 292/292/292 293/293/293 294/294/294
f 295/295/295 294/294/294 293/293/293
f 296/296/296 297/297/297 298/298/298
f 747/747/747 748/748/748 749/749/749
f 299/299/299 300/300/300 301/301/301
f 701/701/701 750/750/750 743/743/743
f 751/751/751 752/752/752 753/753/753
f 754/754/754 755/755/755 756/756/756
f 267/267/267 268/268/268 302/302/302
f 302/302/302 303/303/303 267/267/267
f 742/742/742 731/731/731 757/757/757
f 758/758/758 755/755/755 754/754/754
f 759/759/759 760/760/760 761/761/761
f 762/762/762 763/763/763 764/764/764
f 765/765/765 766/766/766 767/767/767
f 304/304/304 305/305/305 306/306/306
f 307/307/307 308/308/308 309/309/309
f 302/302/302 268/268/268 310/310/310
f 768/768/768 769/769/769 770/770/770
f 303/303/303 311/311/311 267/267/267
f 310/310/310 268/268/268 312/312/312
f 771/771/771 772/772/772 773/773/773
f 757/757/757 774/774/774 742/742/742
f 775/775/775 776/776/776 777/777/777
f 747/747/747 749/749/749 778/778/778
f 759/759/759 761/761/761 779/779/779
f 655/655/655 780/780/780 781/781/781
f 313/313/313 314/314/314 315/315/315
f 314/314/314 313/313/313 316/316/316
f 782/782/782 783/783/783 784/784/784
f 317/317/317 302/302/302 310/310/310
f 783/783/783 785/785/785 784/784/784
f 318/318/318 319/319/319 320/320/320
f 321/321/321 279/279/279 281/281/281
f 786/786/786 787/787/787 788/788/788
f 281/281/281 322/322/322 321/321/321
f 789/789/789 790/790/790 791/791/791
f 277/277/277 323/323/323 324/324/324
f 768/768/768 792/792/792 769/769/769
f 793/793/793 794/794/794 795/795/795
f 322/322/322 281/281/281 325/325/325
f 796/796/796 797/797/797 798/798/798
f 799/799/799 800/800/800 801/801/801
f 759/759/759 779/779/779 802/802/802
f 803/803/803 804/804/804 805/805/805
f 764/764/764 806/806/806 762/762/762
f 807/807/807 740/740/740 808/808/808
f 807/807/807 741/741/741 740/740/740
f 809/809/809 716/716/716 810/810/810
f 326/326/326 327/327/327 305/305/305
f 328/328/328 329/329/329 330/330/330
f 278/278/278 331/331/331 288/288/288
f 332/332/332 333/333/333 334/334/334
f 781/781/781 685/685/685 655/655/655
f 335/335/335 334/334/334 333/333/333
f 335/335/335 333/333/333 336/336/336
f 798/798/798 811/811/811 796/796/796
f 320/320/320 319/319/319 337/337/337
f 338/338/338 339/339/339 340/340/340
f 812/812/812 813/813/813 814/814/814
f 760/760/760 815/815/815 761/761/761
f 752/752/752 816/816/816 753/753/753
f 817/817/817 714/714/714 706/706/706
f 818/818/818 819/819/819 820/820/820
f 821/821/821 822/822/822 823/823/823
f 715/715/715 716/716/716 809/809/809
f 733/733/733 824/824/824 734/734/734
f 304/304/304 306/306/306 341/341/341
f 342/342/342 343/343/343 344/344/344
f 331/331/331 345/345/345 288/288/288
f 825/825/825 826/826/826 827/827/827
f 324/324/324 346/346/346 277/277/277
f 828/828/828 829/829/829 830/830/830
f 829/829/829 828/828/828 831/831/831
f 681/681/681 680/680/680 832/832/832
f 817/817/817 706/706/706 833/833/833
f 834/834/834 835/835/835 836/836/836
f 343/343/343 347/347/347 344/344/344
f 348/348/348 338/338/338 349/349/349
f 350/350/350 351/351/351 352/352/352
f 837/837/837 838/838/838 839/839/839
f 829/829/829 840/840/840 830/830/830
f 840/840/840 841/841/841 830/830/830
f 349/349/349 338/338/338 340/340/340
f 842/842/842 839/839/839 838/838/838
f 843/843/843 844/844/844 840/840/840
f 842/842/842 845/845/845 839/839/839
f 840/840/840 844/844/844 841/841/841
f 353/353/353 291/291/291 354/354/354
f 355/355/355 356/356/356 357/357/357
f 358/358/358 359/359/359 360/360/360
f 846/846/846 847/847/847 848/848/848
f 849/849/849 850/850/850 851/851/851
f 361/361/361 362/362/362 363/363/363
f 852/852/852 853/853/853 854/854/854
f 364/364/364 333/333/333 332/332/332
f 357/357/357 365/365/365 355/355/355
f 855/855/855 856/856/856 857/857/857
f 348/348/348 366/366/366 367/367/367
f 368/368/368 369/369/369 370/370/370
f 366/366/366 348/348/348 349/349/349
f 332/332/332 371/371/371 372/372/372
f 858/858/858 859/859/859 860/860/860
f 327/327/327 306/306/306 305/305/305
f 372/372/372 364/364/364 332/332/332
f 861/861/861 862/862/862 863/863/863
f 373/373/373 374/374/374 375/375/375
f 766/766/766 765/765/765 864/864/864
f 865/865/865 866/866/866 867/867/867
f 867/867/867 866/866/866 868/868/868
f 376/376/376 377/377/377 378/378/378
f 869/869/869 870/870/870 824/824/824
f 824/824/824 871/871/871 872/872/872
f 824/824/824 872/872/872 734/734/734
f 328/328/328 330/330/330 379/379/379
f 330/330/330 380/380/380 379/379/379
f 873/873/873 845/845/845 842/842/842
f 874/874/874 875/875/875 876/876/876
f 353/353/353 381/381/381 291/291/291
f 382/382/382 383/383/383 384/384/384
f 877/877/877 878/878/878 879/879/879
f 880/880/880 881/881/881 882/882/882
f 278/278/278 277/277/277 331/331/331
f 876/876/876 875/875/875 883/883/883
f 363/363/363 385/385/385 386/386/386
f 884/884/884 885/885/885 886/886/886
f 738/738/738 737/737/737 887/887/887
f 824/824/824 870/870/870 871/871/871
f 363/363/363 362/362/362 385/385/385
f 888/888/888 889/889/889 890/890/890
f 809/809/809 810/810/810 891/891/891
f 342/342/342 344/344/344 387/387/387
f 892/892/892 893/893/893 894/894/894
f 895/895/895 890/890/890 889/889/889
f 895/895/895 896/896/896 890/890/890
f 388/388/388 389/389/389 390/390/390
f 896/896/896 897/897/897 890/890/890
f 898/898/898 899/899/899 900/900/900
f 319/319/319 391/391/391 337/337/337
f 901/901/901 902/902/902 903/903/903
f 904/904/904 896/896/896 895/895/895
f 393/393/393 394/394/394 395/395/395
f 905/905/905 906/906/906 907/907/907
f 762/762/762 908/908/908 763/763/763
f 319/319/319 396/396/396 391/391/391
f 909/909/909 910/910/910 911/911/911
f 277/277/277 346/346/346 397/397/397
f 398/398/398 399/399/399 400/400/400
f 912/912/912 913/913/913 914/914/914
f 401/401/401 402/402/402 285/285/285
f 374/374/374 403/403/403 375/375/375
f 915/915/915 916/916/916 917/917/917
f 918/918/918 761/761/761 815/815/815
f 919/919/919 822/822/822 821/821/821
f 849/849/849 920/920/920 850/850/850
f 404/404/404 405/405/405 389/389/389
f 900/900/900 899/899/899 921/921/921
f 813/813/813 922/922/922 814/814/814
f 402/402/402 286/286/286 285/285/285
f 923/923/923 924/924/924 925/925/925
f 926/926/926 927/927/927 928/928/928
f 929/929/929 930/930/930 931/931/931
f 406/406/406 407/407/407 408/408/408
f 404/404/404 389/389/389 388/388/388
f 409/409/409 405/405/405 404/404/404
f 410/410/410 345/345/345 331/331/331
f 932/932/932 933/933/933 934/934/934
f 411/411/411 412/412/412 413/413/413
f 414/414/414 415/415/415 416/416/416
f 910/910/910 935/935/935 911/911/911
f 900/900/900 921/921/921 936/936/936
f 277/277/277 397/397/397 331/331/331
f 937/937/937 938/938/938 939/939/939
f 936/936/936 940/940/940 900/900/900
f 409/409/409 404/404/404 417/417/417
f 941/941/941 942/942/942 943/943/943
f 418/418/418 416/416/416 415/415/415
f 944/944/944 945/945/945 946/946/946
f 944/944/944 947/947/947 945/945/945
f 948/948/948 949/949/949 950/950/950
f 951/951/951 952/952/952 953/953/953
f 734/734/734 872/872/872 954/954/954
f 419/419/419 420/420/420 421/421/421
f 417/417/417 422/422/422 409/409/409
f 955/955/955 956/956/956 957/957/957
f 955/955/955 957/957/957 958/958/958
f 959/959/959 913/913/913 912/912/912
f 960/960/960 961/961/961 962/962/962
f 917/917/917 963/963/963 915/915/915
f 964/964/964 965/965/965 680/680/680
f 951/951/951 966/966/966 952/952/952
f 327/327/327 326/326/326 423/423/423
f 424/424/424 425/425/425 426/426/426
f 725/725/725 724/724/724 967/967/967
f 427/427/427 387/387/387 344/344/344
f 408/408/408 428/428/428 429/429/429
f 408/408/408 429/429/429 406/406/406
f 430/430/430 417/417/417 404/404/404
f 431/431/431 432/432/432 433/433/433
f 968/968/968 969/969/969 970/970/970
f 434/434/434 435/435/435 436/436/436
f 804/804/804 971/971/971 805/805/805
f 972/972/972 973/973/973 974/974/974
f 437/437/437 438/438/438 439/439/439
f 440/440/440 441/441/441 442/442/442
f 443/443/443 444/444/444 445/445/445
f 376/376/376 378/378/378 446/446/446
f 975/975/975 937/937/937 939/939/939
f 925/925/925 976/976/976 923/923/923
f 926/926/926 928/928/928 977/977/977
f 872/872/872 871/871/871 954/954/954
f 410/410/410 331/331/331 447/447/447
f 448/448/448 331/331/331 397/397/397
f 430/430/430 404/404/404 449/449/449
f 801/801/801 800/800/800 943/943/943
f 978/978/978 979/979/979 980/980/980
f 981/981/981 982/982/982 983/983/983
f 821/821/821 984/984/984 919/919/919
f 450/450/450 393/393/393 395/395/395
f 451/451/451 452/452/452 453/453/453
f 433/433/433 454/454/454 431/431/431
f 455/455/455 354/354/354 291/291/291
f 985/985/985 986/986/986 987/987/987
f 987/987/987 988/988/988 985/985/985
f 412/412/412 456/456/456 413/413/413
f 982/982/982 989/989/989 983/983/983
f 914/914/914 990/990/990 691/691/691
f 382/382/382 457/457/457 383/383/383
f 991/991/991 992/992/992 993/993/993
f 400/400/400 399/399/399 458/458/458
f 994/994/994 932/932/932 934/934/934
f 905/905/905 995/995/995 906/906/906
f 692/692/692 691/691/691 990/990/990
f 459/459/459 460/460/460 461/461/461
f 462/462/462 451/451/451 453/453/453
f 996/996/996 979/979/979 978/978/978
f 463/463/463 464/464/464 465/465/465
f 734/734/734 954/954/954 997/997/997
f 998/998/998 999/999/999 1000/1000/1000
f 706/706/706 1001/1001/1001 833/833/833
f 461/461/461 466/466/466 467/467/467
f 461/461/461 460/460/460 466/466/466
f 394/394/394 468/468/468 469/469/469
f 421/421/421 420/420/420 470/470/470
f 471/471/471 472/472/472 473/473/473
f 942/942/942 801/801/801 943/943/943
f 972/972/972 974/974/974 1002/1002/1002
f 1003/1003/1003 977/977/977 928/928/928
f 1004/1004/1004 901/901/901 903/903/903
f 459/459/459 474/474/474 460/460/460
f 1005/1005/1005 1006/1006/1006 1007/1007/1007
f 1008/1008/1008 1009/1009/1009 1010/1010/1010
f 1011/1011/1011 763/763/763 908/908/908
f 1012/1012/1012 878/878/878 877/877/877
f 475/475/475 476/476/476 477/477/477
f 478/478/478 431/431/431 479/479/479
f 455/455/455 291/291/291 290/290/290
f 480/480/480 416/416/416 418/418/418
f 913/913/913 990/990/990 914/914/914
f 1013/1013/1013 974/974/974 973/973/973
f 481/481/481 482/482/482 483/483/483
f 331/331/331 448/448/448 484/484/484
f 454/454/454 433/433/433 485/485/485
f 431/431/431 478/478/478 432/432/432
f 454/454/454 485/485/485 486/486/486
f 1014/1014/1014 822/822/822 919/919/919
f 959/959/959 1015/1015/1015 913/913/913
f 416/416/416 487/487/487 414/414/414
f 1016/1016/1016 1017/1017/1017 1018/1018/1018
f 469/469/469 468/468/468 488/488/488
f 1009/1009/1009 1019/1019/1019 1010/1010/1010
f 986/986/986 985/985/985 1020/1020/1020
f 832/832/832 1021/1021/1021 681/681/681
f 969/969/969 1022/1022/1022 970/970/970
f 451/451/451 468/468/468 452/452/452
f 444/444/444 443/443/443 489/489/489
f 1023/1023/1023 1024/1024/1024 1025/1025/1025
f 392/392/392 245/245/245 490/490/490
f 724/724/724 1026/1026/1026 967/967/967
f 950/950/950 949/949/949 1027/1027/1027
f 974/974/974 1028/1028/1028 1002/1002/1002
f 992/992/992 1029/1029/1029 1030/1030/1030
f 408/408/408 407/407/407 491/491/491
f 468/468/468 451/451/451 488/488/488
f 493/493/493 494/494/494 495/495/495
f 1031/1031/1031 960/960/960 962/962/962
f 1024/1024/1024 1032/1032/1032 1025/1025/1025
f 496/496/496 497/497/497 498/498/498
f 499/499/499 500/500/500 501/501/501
f 502/502/502 503/503/503 501/501/501
f 500/500/500 502/502/502 501/501/501
f 1033/1033/1033 1034/1034/1034 1035/1035/1035
f 1036/1036/1036 1037/1037/1037 1038/1038/1038
f 871/871/871 1039/1039/1039 954/954/954
f 1040/1040/1040 1041/1041/1041 1042/1042/1042
f 504/504/504 505/505/505 506/506/506
f 361/361/361 507/507/507 508/508/508
f 509/509/509 494/494/494 493/493/493
f 1043/1043/1043 1044/1044/1044 1045/1045/1045
f 1033/1033/1033 1046/1046/1046 1034/1034/1034
f 1035/1035/1035 1034/1034/1034 1044/1044/1044
f 1047/1047/1047 1045/1045/1045 1044/1044/1044
f 510/510/510 494/494/494 511/511/511
f 1043/1043/1043 1048/1048/1048 1044/1044/1044
f 998/998/998 1000/1000/1000 1049/1049/1049
f 1037/1037/1037 1036/1036/1036 1050/1050/1050
f 992/992/992 1030/1030/1030 1051/1051/1051
f 954/954/954 1039/1039/1039 1052/1052/1052
f 511/511/511 494/494/494 509/509/509
f 1035/1035/1035 1044/1044/1044 1048/1048/1048
f 512/512/512 513/513/513 514/514/514
f 1053/1053/1053 1054/1054/1054 1055/1055/1055
f 514/514/514 513/513/513 515/515/515
f 1056/1056/1056 1057/1057/1057 1058/1058/1058
f 886/886/886 885/885/885 1059/1059/1059
f 1060/1060/1060 1061/1061/1061 1062/1062/1062
f 1053/1053/1053 1063/1063/1063 1054/1054/1054
f 500/500/500 516/516/516 517/517/517
f 517/517/517 516/516/516 518/518/518
f 511/511/511 519/519/519 510/510/510
f 1064/1064/1064 1065/1065/1065 1066/1066/1066
f 1067/1067/1067 1068/1068/1068 1069/1069/1069
f 1070/1070/1070 918/918/918 1071/1071/1071
f 965/965/965 832/832/832 680/680/680
f 903/903/903 1072/1072/1072 1004/1004/1004
f 1073/1073/1073 1074/1074/1074 1075/1075/1075
f 502/502/502 500/500/500 517/517/517
f 1061/1061/1061 1060/1060/1060 1076/1076/1076
f 1073/1073/1073 1077/1077/1077 1078/1078/1078
f 483/483/483 520/520/520 481/481/481
f 1019/1019/1019 1079/1079/1079 1010/1010/1010
f 521/521/521 522/522/522 523/523/523
f 1080/1080/1080 644/644/644 638/638/638
f 967/967/967 1026/1026/1026 1081/1081/1081
f 918/918/918 1082/1082/1082 1071/1071/1071
f 1083/1083/1083 1084/1084/1084 1085/1085/1085
f 1086/1086/1086 1087/1087/1087 1088/1088/1088
f 1081/1081/1081 1089/1089/1089 967/967/967
f 1010/1010/1010 1079/1079/1079 1090/1090/1090
f 1091/1091/1091 1092/1092/1092 1093/1093/1093
f 1094/1094/1094 1095/1095/1095 1096/1096/1096
f 1095/1095/1095 1077/1077/1077 1096/1096/1096
f 1097/1097/1097 1093/1093/1093 1092/1092/1092
f 1097/1097/1097 1092/1092/1092 1098/1098/1098
f 498/498/498 524/524/524 496/496/496
f 1067/1067/1067 1069/1069/1069 1099/1099/1099
f 1097/1097/1097 1100/1100/1100 1101/1101/1101
f 1080/1080/1080 1102/1102/1102 644/644/644
f 1040/1040/1040 1003/1003/1003 1041/1041/1041
f 507/507/507 361/361/361 363/363/363
f 525/525/525 526/526/526 527/527/527
f 528/528/528 527/527/527 526/526/526
f 1097/1097/1097 1098/1098/1098 1100/1100/1100
f 1100/1100/1100 1098/1098/1098 1103/1103/1103
f 1104/1104/1104 1105/1105/1105 1106/1106/1106
f 1093/1093/1093 1107/1107/1107 1091/1091/1091
f 943/943/943 1108/1108/1108 941/941/941
f 1109/1109/1109 1110/1110/1110 1111/1111/1111
f 692/692/692 1112/1112/1112 713/713/713
f 1113/1113/1113 1114/1114/1114 1115/1115/1115
f 1116/1116/1116 1117/1117/1117 1118/1118/1118
f 993/993/993 992/992/992 1051/1051/1051
f 529/529/529 530/530/530 531/531/531
f 532/532/532 533/533/533 462/462/462
f 1119/1119/1119 1004/1004/1004 1120/1120/1120
f 1121/1121/1121 1122/1122/1122 1123/1123/1123
f 1075/1075/1075 1077/1077/1077 1073/1073/1073
f 1124/1124/1124 1125/1125/1125 1126/1126/1126
f 1126/1126/1126 1125/1125/1125 1127/1127/1127
f 1077/1077/1077 1075/1075/1075 1096/1096/1096
f 1128/1128/1128 1129/1129/1129 1130/1130/1130
f 534/534/534 522/522/522 521/521/521
f 1075/1075/1075 1094/1094/1094 1096/1096/1096
f 1113/1113/1113 1115/1115/1115 1131/1131/1131
f 1132/1132/1132 1133/1133/1133 1134/1134/1134
f 1135/1135/1135 1094/1094/1094 1075/1075/1075
f 1134/1134/1134 1133/1133/1133 1136/1136/1136
f 1094/1094/1094 1135/1135/1135 1137/1137/1137
f 1136/1136/1136 1138/1138/1138 1134/1134/1134
f 1125/1125/1125 1139/1139/1139 1127/1127/1127
f 1140/1140/1140 1141/1141/1141 1142/1142/1142
f 1143/1143/1143 1144/1144/1144 1145/1145/1145
f 1117/1117/1117 1116/1116/1116 1146/1146/1146
f 919/919/919 984/984/984 1014/1014/1014
f 970/970/970 1022/1022/1022 1147/1147/1147
f 1127/1127/1127 1139/1139/1139 1148/1148/1148
f 1132/1132/1132 1134/1134/1134 1149/1149/1149
f 1150/1150/1150 1151/1151/1151 1152/1152/1152
f 1153/1153/1153 1154/1154/1154 1155/1155/1155
f 1156/1156/1156 1157/1157/1157 1158/1158/1158
f 815/815/815 1082/1082/1082 918/918/918
f 1159/1159/1159 1151/1151/1151 1150/1150/1150
f 1083/1083/1083 1085/1085/1085 1160/1160/1160
f 535/535/535 536/536/536 537/537/537
f 1161/1161/1161 1162/1162/1162 1163/1163/1163
f 1088/1088/1088 1164/1164/1164 1086/1086/1086
f 1022/1022/1022 1165/1165/1165 1147/1147/1147
f 538/538/538 539/539/539 540/540/540
f 1128/1128/1128 1130/1130/1130 1166/1166/1166
f 1167/1167/1167 1168/1168/1168 954/954/954
f 541/541/541 542/542/542 543/543/543
f 536/536/536 535/535/535 544/544/544
f 1134/1134/1134 1169/1169/1169 1149/1149/1149
f 1170/1170/1170 1171/1171/1171 1172/1172/1172
f 1172/1172/1172 1173/1173/1173 1170/1170/1170
f 954/954/954 1168/1168/1168 1174/1174/1174
f 1175/1175/1175 1176/1176/1176 1177/1177/1177
f 545/545/545 546/546/546 547/547/547
f 1178/1178/1178 1179/1179/1179 1180/1180/1180
f 1180/1180/1180 1179/1179/1179 1181/1181/1181
f 1156/1156/1156 1158/1158/1158 1182/1182/1182
f 1183/1183/1183 1184/1184/1184 1185/1185/1185
f 1186/1186/1186 1187/1187/1187 1188/1188/1188
f 1189/1189/1189 1190/1190/1190 1191/1191/1191
f 1149/1149/1149 1169/1169/1169 1192/1192/1192
f 548/548/548 549/549/549 550/550/550
f 421/421/421 470/470/470 551/551/551
f 638/638/638 1193/1193/1193 1080/1080/1080
f 1153/1153/1153 1155/1155/1155 1194/1194/1194
f 1162/1162/1162 1195/1195/1195 1163/1163/1163
f 1196/1196/1196 1160/1160/1160 1085/1085/1085
f 977/977/977 1003/1003/1003 1040/1040/1040
f 1197/1197/1197 1198/1198/1198 1199/1199/1199
f 954/954/954 1174/1174/1174 1200/1200/1200
f 552/552/552 553/553/553 554/554/554
f 1188/1188/1188 1201/1201/1201 1186/1186/1186
f 1189/1189/1189 1202/1202/1202 1190/1190/1190
f 555/555/555 556/556/556 554/554/554
f 1185/1185/1185 1203/1203/1203 1183/1183/1183
f 1204/1204/1204 1205/1205/1205 1206/1206/1206
f 1130/1130/1130 1207/1207/1207 1166/1166/1166
f 1208/1208/1208 1209/1209/1209 1210/1210/1210
f 1211/1211/1211 1120/1120/1120 1212/1212/1212
f 1059/1059/1059 1213/1213/1213 886/886/886
f 1214/1214/1214 1215/1215/1215 1216/1216/1216
f 1217/1217/1217 1218/1218/1218 1219/1219/1219
f 1145/1145/1145 1220/1220/1220 1143/1143/1143
f 1221/1221/1221 1222/1222/1222 1223/1223/1223
f 1224/1224/1224 1225/1225/1225 1226/1226/1226
f 1227/1227/1227 1228/1228/1228 1229/1229/1229
f 1230/1230/1230 1021/1021/1021 832/832/832
f 1014/1014/1014 984/984/984 1231/1231/1231
f 1214/1214/1214 1232/1232/1232 1215/1215/1215
f 557/557/557 558/558/558 559/559/559
f 1233/1233/1233 1234/1234/1234 1235/1235/1235
f 1206/1206/1206 1205/1205/1205 1236/1236/1236
f 1232/1232/1232 1237/1237/1237 1238/1238/1238
f 1239/1239/1239 1240/1240/1240 1241/1241/1241
f 1225/1225/1225 1242/1242/1242 1226/1226/1226
f 1243/1243/1243 1244/1244/1244 1245/1245/1245
f 441/441/441 560/560/560 442/442/442
f 527/527/527 528/528/528 561/561/561
f 1232/1232/1232 1246/1246/1246 1237/1237/1237
f 1232/1232/1232 1247/1247/1247 1215/1215/1215
f 1247/1247/1247 1232/1232/1232 1238/1238/1238
f 1248/1248/1248 977/977/977 1040/1040/1040
f 1147/1147/1147 1165/1165/1165 1212/1212/1212
f 1165/1165/1165 1211/1211/1211 1212/1212/1212
f 1120/1120/1120 1004/1004/1004 1072/1072/1072
f 1249/1249/1249 1250/1250/1250 1251/1251/1251
f 532/532/532 462/462/462 453/453/453
f 1166/1166/1166 1207/1207/1207 1252/1252/1252
f 1235/1235/1235 1253/1253/1253 1233/1233/1233
f 1254/1254/1254 1158/1158/1158 1255/1255/1255
f 713/713/713 1112/1112/1112 1256/1256/1256
f 442/442/442 560/560/560 562/562/562
f 1257/1257/1257 1258/1258/1258 1259/1259/1259
f 1260/1260/1260 1252/1252/1252 1261/1261/1261
f 1199/1199/1199 1198/1198/1198 1262/1262/1262
f 954/954/954 1200/1200/1200 997/997/997
f 498/498/498 563/563/563 524/524/524
f 1263/1263/1263 1264/1264/1264 1265/1265/1265
f 1254/1254/1254 1182/1182/1182 1158/1158/1158
f 1266/1266/1266 1267/1267/1267 1268/1268/1268
f 1269/1269/1269 1270/1270/1270 1271/1271/1271
f 1272/1272/1272 1273/1273/1273 1158/1158/1158
f 1274/1274/1274 1213/1213/1213 1059/1059/1059
f 1220/1220/1220 1145/1145/1145 1274/1274/1274
f 1275/1275/1275 1276/1276/1276 1277/1277/1277
f 1085/1085/1085 1278/1278/1278 1196/1196/1196
f 452/452/452 564/564/564 453/453/453
f 1279/1279/1279 1280/1280/1280 1281/1281/1281
f 1268/1268/1268 1267/1267/1267 1282/1282/1282
f 1263/1263/1263 1283/1283/1283 1264/1264/1264
f 1284/1284/1284 1285/1285/1285 1286/1286/1286
f 1287/1287/1287 1288/1288/1288 1289/1289/1289
f 1158/1158/1158 1273/1273/1273 1255/1255/1255
f 1072/1072/1072 1212/1212/1212 1120/1120/1120
f 1220/1220/1220 1274/1274/1274 1059/1059/1059
f 1290/1290/1290 1291/1291/1291 1292/1292/1292
f 1290/1290/1290 1293/1293/1293 1291/1291/1291
f 1275/1275/1275 1277/1277/1277 1294/1294/1294
f 1230/1230/1230 1295/1295/1295 1021/1021/1021
f 1254/1254/1254 1255/1255/1255 1296/1296/1296
f 1297/1297/1297 1284/1284/1284 1286/1286/1286
f 437/437/437 439/439/439 565/565/565
f 554/554/554 556/556/556 552/552/552
f 1291/1291/1291 1298/1298/1298 1292/1292/1292
f 1252/1252/1252 1207/1207/1207 1261/1261/1261
f 1299/1299/1299 1300/1300/1300 1301/1301/1301
f 1272/1272/1272 1302/1302/1302 1273/1273/1273
f 1299/1299/1299 1301/1301/1301 1303/1303/1303
f 1304/1304/1304 1305/1305/1305 1306/1306/1306
f 1307/1307/1307 1304/1304/1304 1306/1306/1306
f 1308/1308/1308 1309/1309/1309 1310/1310/1310
f 1311/1311/1311 1262/1262/1262 1198/1198/1198
f 566/566/566 567/567/567 568/568/568
f 1312/1312/1312 1313/1313/1313 1314/1314/1314
f 1315/1315/1315 1316/1316/1316 1317/1317/1317
f 1318/1318/1318 1307/1307/1307 1319/1319/1319
f 1/1/1 2/2/2 3/3/3
f 1320/1320/1320 1321/1321/1321 1322/1322/1322
f 1323/1323/1323 1313/1313/1313 1312/1312/1312
f 1304/1304/1304 1307/1307/1307 1318/1318/1318
f 1310/1310/1310 1309/1309/1309 1324/1324/1324
f 525/525/525 570/570/570 526/526/526
f 550/550/550 571/571/571 548/548/548
f 545/545/545 547/547/547 572/572/572
f 1324/1324/1324 1309/1309/1309 1325/1325/1325
f 573/573/573 558/558/558 557/557/557
f 1292/1292/1292 1298/1298/1298 1326/1326/1326
f 574/574/574 575/575/575 576/576/576
f 393/393/393 468/468/468 394/394/394
f 4/4/4 5/5/5 6/6/6
f 577/577/577 578/578/578 579/579/579
f 1273/1273/1273 1327/1327/1327 1255/1255/1255
f 560/560/560 580/580/580 562/562/562
f 1328/1328/1328 1250/1250/1250 1329/1329/1329
f 421/421/421 551/551/551 581/581/581
f 584/584/584 492/492/492 569/569/569
f 565/565/565 439/439/439 585/585/585
f 7/7/7 8/8/8 9/9/9
f 8/8/8 7/7/7 10/10/10
f 11/11/11 12/12/12 13/13/13
f 1330/1330/1330 1331/1331/1331 1332/1332/1332
f 1249/1249/1249 1329/1329/1329 1250/1250/1250
f 582/582/582 583/583/583 586/586/586
f 13/13/13 12/12/12 14/14/14
f 520/520/520 587/587/587 481/481/481
f 520/520/520 588/588/588 587/587/587
f 1333/1333/1333 1334/1334/1334 1335/1335/1335
f 1327/1327/1327 1336/1336/1336 1337/1337/1337
f 1338/1338/1338 1339/1339/1339 1340/1340/1340
f 15/15/15 16/16/16 17/17/17
f 1341/1341/1341 1342/1342/1342 1343/1343/1343
f 1344/1344/1344 1345/1345/1345 1346/1346/1346
f 1/1/1 18/18/18 19/19/19
f 1337/1337/1337 1255/1255/1255 1327/1327/1327
f 1347/1347/1347 1348/1348/1348 1349/1349/1349
f 11/11/11 20/20/20 12/12/12
f 2/2/2 1/1/1 19/19/19
f 1316/1316/1316 1315/1315/1315 1350/1350/1350
f 589/589/589 586/586/586 583/583/583
f 1336/1336/1336 1351/1351/1351 1337/1337/1337
f 583/583/583 590/590/590 589/589/589
f 591/591/591 592/592/592 593/593/593
f 21/21/21 22/22/22 23/23/23
f 592/592/592 594/594/594 593/593/593
f 618/618/618 595/595/595 596/596/596
f 1339/1339/1339 1338/1338/1338 1352/1352/1352
f 1353/1353/1353 1354/1354/1354 1355/1355/1355
f 1354/1354/1354 1353/1353/1353 1356/1356/1356
f 597/597/597 598/598/598 599/599/599
f 22/22/22 24/24/24 23/23/23
f 25/25/25 16/16/16 15/15/15
f 1357/1357/1357 1341/1341/1341 1343/1343/1343
f 1358/1358/1358 1359/1359/1359 1360/1360/1360
f 26/26/26 27/27/27 28/28/28
f 600/600/600 601/601/601 602/602/602
f 1361/1361/1361 1333/1333/1333 1335/1335/1335
f 1362/1362/1362 1363/1363/1363 1364/1364/1364
f 1326/1326/1326 1365/1365/1365 1292/1292/1292
f 568/568/568 567/567/567 603/603/603
f 1325/1325/1325 1309/1309/1309 1366/1366/1366
f 595/595/595 604/604/604 596/596/596
f 29/29/29 30/30/30 31/31/31
f 605/605/605 563/563/563 498/498/498
f 599/599/599 598/598/598 606/606/606
f 1355/1355/1355 1354/1354/1354 1367/1367/1367
f 1349/1349/1349 1348/1348/1348 1368/1368/1368
f 22/22/22 32/32/32 24/24/24
f 33/33/33 24/24/24 32/32/32
f 1369/1369/1369 1370/1370/1370 1371/1371/1371
f 28/28/28 27/27/27 34/34/34
f 549/549/549 548/548/548 607/607/607
f 1372/1372/1372 1373/1373/1373 1374/1374/1374
f 25/25/25 15/15/15 35/35/35
f 36/36/36 37/37/37 38/38/38
f 38/38/38 39/39/39 36/36/36
f 608/608/608 609/609/609 610/610/610
f 31/31/31 40/40/40 29/29/29
f 41/41/41 25/25/25 35/35/35
f 611/611/611 612/612/612 613/613/613
f 37/37/37 42/42/42 38/38/38
f 614/614/614 615/615/615 616/616/616
f 600/600/600 617/617/617 601/601/601
f 1375/1375/1375 1376/1376/1376 1377/1377/1377
f 80/80/80 81/81/81 82/82/82
f 1344/1344/1344 1378/1378/1378 1345/1345/1345
f 43/43/43 45/45/45 44/44/44
f 15/15/15 47/47/47 48/48/48
f 42/42/42 49/49/49 38/38/38
f 50/50/50 38/38/38 49/49/49
f 1379/1379/1379 1360/1360/1360 1359/1359/1359
f 1380/1380/1380 1381/1381/1381 1382/1382/1382
f 1371/1371/1371 1383/1383/1383 1369/1369/1369
f 1366/1366/1366 1384/1384/1384 1325/1325/1325
f 1385/1385/1385 1386/1386/1386 1387/1387/1387
f 30/30/30 51/51/51 31/31/31
f 1388/1388/1388 1373/1373/1373 1372/1372/1372
f 1389/1389/1389 1390/1390/1390 1391/1391/1391
f 52/52/52 53/53/53 54/54/54
f 52/52/52 55/55/55 53/53/53
f 56/56/56 38/38/38 50/50/50
f 57/57/57 58/58/58 59/59/59
f 60/60/60 51/51/51 61/61/61
f 61/61/61 62/62/62 60/60/60
f 46/46/46 15/15/15 63/63/63
f 1386/1386/1386 1392/1392/1392 1387/1387/1387
f 60/60/60 31/31/31 51/51/51
f 54/54/54 53/53/53 64/64/64
f 1393/1393/1393 1394/1394/1394 1395/1395/1395
f 1396/1396/1396 1397/1397/1397 1398/1398/1398
f 65/65/65 66/66/66 67/67/67
f 68/68/68 62/62/62 61/61/61
f 1361/1361/1361 1335/1335/1335 1399/1399/1399
f 15/15/15 48/48/48 63/63/63
f 69/69/69 70/70/70 71/71/71
f 65/65/65 67/67/67 74/74/74
f 83/83/83 84/84/84 85/85/85
f 1400/1400/1400 1377/1377/1377 1376/1376/1376
f 75/75/75 71/71/71 70/70/70
f 1401/1401/1401 1402/1402/1402 1403/1403/1403
f 1404/1404/1404 1405/1405/1405 1366/1366/1366
f 76/76/76 66/66/66 65/65/65
f 1398/1398/1398 1406/1406/1406 1396/1396/1396
f 1407/1407/1407 1408/1408/1408 1409/1409/1409
f 1366/1366/1366 1405/1405/1405 1384/1384/1384
f 1381/1381/1381 1410/1410/1410 1382/1382/1382
f 76/76/76 77/77/77 66/66/66
f 86/86/86 87/87/87 88/88/88
f 73/73/73 78/78/78 72/72/72
f 89/89/89 90/90/90 91/91/91
f 92/92/92 93/93/93 94/94/94
f 1411/1411/1411 1412/1412/1412 1407/1407/1407
f 95/95/95 89/89/89 91/91/91
f 1413/1413/1413 1401/1401/1401 1403/1403/1403
f 62/62/62 79/79/79 60/60/60
f 96/96/96 97/97/97 98/98/98
f 1375/1375/1375 1377/1377/1377 1414/1414/1414
f 1412/1412/1412 1408/1408/1408 1407/1407/1407
f 99/99/99 93/93/93 92/92/92
f 100/100/100 93/93/93 99/99/99
f 98/98/98 97/97/97 101/101/101
f 101/101/101 102/102/102 98/98/98
f 1415/1415/1415 1416/1416/1416 1408/1408/1408
f 1417/1417/1417 1418/1418/1418 1419/1419/1419
f 1417/1417/1417 1420/1420/1420 1418/1418/1418
f 1415/1415/1415 1408/1408/1408 1412/1412/1412
f 103/103/103 119/119/119 104/104/104
f 105/105/105 106/106/106 107/107/107
f 108/108/108 109/109/109 110/110/110
f 1423/1423/1423 1424/1424/1424 1425/1425/1425
f 119/119/119 103/103/103 111/111/111
f 88/88/88 87/87/87 112/112/112
f 1428/1428/1428 1427/1427/1427 1426/1426/1426
f 107/107/107 113/113/113 105/105/105
f 114/114/114 115/115/115 116/116/116
f 117/117/117 109/109/109 108/108/108
f 1428/1428/1428 1426/1426/1426 1429/1429/1429
f 114/114/114 118/118/118 115/115/115
f 1429/1429/1429 1426/1426/1426 1430/1430/1430
f 1431/1431/1431 1432/1432/1432 1433/1433/1433
f 1431/1431/1431 1433/1433/1433 1432/1432/1432
f 1431/1431/1431 1433/1433/1433 1434/1434/1434
f 1431/1431/1431 1434/1434/1434 1433/1433/1433
f 1431/1431/1431 1434/1434/1434 1435/1435/1435
f 1431/1431/1431 1435/1435/1435 1434/1434/1434
f 1431/1431/1431 1435/1435/1435 1436/1436/1436
f 1431/1431/1431 1436/1436/1436 1435/1435/1435
f 1431/1431/1431 1436/1436/1436 1437/1437/1437
f 1431/1431/1431 1437/1437/1437 1436/1436/1436
f 1431/1431/1431 1437/1437/1437 1438/1438/1438
f 1431/1431/1431 1438/1438/1438 1437/1437/1437
f 1431/1431/1431 1438/1438/1438 1439/1439/1439
f 1431/1431/1431 1439/1439/1439 1438/1438/1438
f 1431/1431/1431 1439/1439/1439 1440/1440/1440
f 1431/1431/1431 1440/1440/1440 1439/1439/1439
f 1431/1431/1431 1440/1440/1440 1441/1441/1441
f 1431/1431/1431 1441/1441/1441 1440/1440/1440
f 1431/1431/1431 1441/1441/1441 1442/1442/1442
f 1431/1431/1431 1442/1442/1442 1441/1441/1441
f 1431/1431/1431 1442/1442/1442 1443/1443/1443
f 1431/1431/1431 1443/1443/1443 1442/1442/1442
f 1431/1431/1431 1443/1443/1443 1444/1444/1444
f 1431/1431/1431 1444/1444/1444 1443/1443/1443
f 1431/1431/1431 1444/1444/1444 1445/1445/1445
f 1431/1431/1431 1445/1445/1445 1444/1444/1444
f 1431/1431/1431 1445/1445/1445 1446/1446/1446
f 1431/1431/1431 1446/1446/1446 1445/1445/1445
f 1431/1431/1431 1446/1446/1446 1447/1447/1447
f 1431/1431/1431 1447/1447/1447 1446/1446/1446
f 1431/1431/1431 1447/1447/1447 1448/1448/1448
f 1431/1431/1431 1448/1448/1448 1447/1447/1447
f 1431/1431/1431 1448/1448/1448 1449/1449/1449
f 1431/1431/1431 1449/1449/1449 1448/1448/1448
f 1431/1431/1431 1449/1449/1449 1450/1450/1450
f 1431/1431/1431 1450/1450/1450 1449/1449/1449
f 1431/1431/1431 1450/1450/1450 1451/1451/1451
f 1431/1431/1431 1451/1451/1451 1450/1450/1450
f 1431/1431/1431 1451/1451/1451 1452/1452/1452
f 1431/1431/1431 1452/1452/1452 1451/1451/1451
f 1431/1431/1431 1452/1452/1452 1453/1453/1453
f 1431/1431/1431 1453/1453/1453 1452/1452/1452
f 1431/1431/1431 1453/1453/1453 1454/1454/1454
f 1431/1431/1431 1454/1454/1454 1453/1453/1453
f 1431/1431/1431 1454/1454/1454 1455/1455/1455
f 1431/1431/1431 1455/1455/1455 1454/1454/1454
f 1431/1431/1431 1455/1455/1455 1456/1456/1456
f 1431/1431/1431 1456/1456/1456 1455/1455/1455
f 1431/1431/1431 1456/1456/1456 1457/1457/1457
f 1431/1431/1431 1457/1457/1457 1456/1456/1456
f 1431/1431/1431 1457/1457/1457 1458/1458/1458
f 1431/1431/1431 1458/1458/1458 1457/1457/1457
f 1431/1431/1431 1458/1458/1458 1459/1459/1459
f 1431/1431/1431 1459/1459/1459 1458/1458/1458
f 1431/1431/1431 1459/1459/1459 1460/1460/1460
f 1431/1431/1431 1460/1460/1460 1459/1459/1459
f 1431/1431/1431 1460/1460/1460 1461/1461/1461
f 1431/1431/1431 1461/1461/1461 1460/1460/1460
f 1431/1431/1431 1461/1461/1461 1462/1462/1462
f 1431/1431/1431 1462/1462/1462 1461/1461/1461
f 1431/1431/1431 1462/1462/1462 1463/1463/1463
f 1431/1431/1431 1463/1463/1463 1462/1462/1462
f 1431/1431/1431 1463/1463/1463 1464/1464/1464
f 1431/1431/1431 1464/1464/1464 1463/1463/1463
f 1431/1431/1431 1464/1464/1464 1465/1465/1465
f 1431/1431/1431 1465/1465/1465 1464/1464/1464
f 1431/1431/1431 1465/1465/1465 1432/1432/1432
f 1431/1431/1431 1432/1432/1432 1465/1465/1465
