o wing_right
v 2.46483 3.17948 -0.30403
v 2.56454 3.07419 -0.09856
v 2.58840 3.31008 -0.16673
v 2.44529 3.24652 -0.17667
v 2.44617 3.22031 -0.32182
v 2.53909 3.24167 -0.38564
v 2.58840 3.31008 -0.16673
v 2.58830 3.30668 -0.20513
v 2.44529 3.24652 -0.17667
v 2.39315 3.46088 -0.28114
v 2.50020 3.29018 -0.21642
v 2.58830 3.30668 -0.20513
v 2.44959 3.24339 -0.20962
v 2.44959 3.24339 -0.20962
v 2.38602 3.20737 -0.32620
v 2.46483 3.17948 -0.30403
v 2.60377 2.99924 -0.21977
v 2.19222 3.74535 -0.49487
v 2.64786 4.15829 -0.52839
v 2.46647 3.18788 -0.35383
v 2.44959 3.24339 -0.20962
v 2.56454 3.07419 -0.09856
v 2.44529 3.24652 -0.17667
v 2.37375 3.49256 -0.39920
v 2.54793 3.25831 -0.37686
v 2.34153 3.23806 -0.23084
v 2.30619 3.58340 -0.51067
v 2.50127 3.30716 -0.18487
v 2.50020 3.29018 -0.21642
v 2.39315 3.46088 -0.28114
v 2.50127 3.30716 -0.18487
v 2.32606 3.24901 -0.18090
v 2.50020 3.29018 -0.21642
v 2.44617 3.22031 -0.32182
v 2.59955 3.02087 -0.11879
v 2.44617 3.22031 -0.32182
v 2.34153 3.23806 -0.23084
v 2.38657 3.18586 -0.40726
v 2.26510 3.95266 -0.53379
v 2.38602 3.20737 -0.32620
v 2.34228 4.00888 -0.58453
v 2.47559 4.12155 -0.54750
v 2.26510 3.95266 -0.53379
v 2.38551 4.17181 -0.62047
v 2.45319 4.09753 -0.58412
v 2.22683 4.06414 -0.61851
v 2.19952 4.08329 -0.41086
v 2.26471 3.99415 -0.39434
v 2.44796 4.15769 -0.38385
v 2.33743 4.02578 -0.44104
v 2.43946 4.11092 -0.44629
v 2.26471 3.99415 -0.39434
v 2.38657 3.18586 -0.40726
v 2.30337 3.28712 -0.44591
v 2.54793 3.25831 -0.37686
v 2.14529 3.78188 -0.34237
v 2.30619 3.58340 -0.51067
v 2.38602 3.20737 -0.32620
v 2.31013 3.27153 -0.36013
v 2.38657 3.18586 -0.40726
v 2.34228 4.00888 -0.58453
v 2.50127 3.30716 -0.18487
v 2.14529 3.78188 -0.34237
v 1.98633 3.70453 -0.36408
v 2.36484 4.24512 -0.54333
v 2.38551 4.17181 -0.62047
v 2.22683 4.06414 -0.61851
v 2.27820 3.61350 -0.34437
v 2.30337 3.28712 -0.44591
v 2.15879 3.77130 -0.40075
v 2.33743 4.02578 -0.44104
v 2.20918 3.92344 -0.43299
v 2.19952 4.08329 -0.41086
v 2.38579 4.23446 -0.41777
v 2.36484 4.24512 -0.54333
v 2.34153 3.23806 -0.23084
v 2.32606 3.24901 -0.18090
v 2.28855 3.30076 -0.26686
v 2.22292 3.39686 -0.48840
v 2.19222 3.74535 -0.49487
v 2.20918 3.92344 -0.43299
v 2.20345 3.73052 -0.56872
v 2.22111 3.39622 -0.23890
v 2.30619 3.58340 -0.51067
v 2.20557 3.71969 -0.57148
v 2.20345 3.73052 -0.56872
v 2.22292 3.39686 -0.48840
v 2.27820 3.61350 -0.34437
v 2.66102 4.17481 -0.42897
v 2.22111 3.39622 -0.23890
v 2.32606 3.24901 -0.18090
v 2.09469 3.56625 -0.55767
v 2.14419 3.50185 -0.27984
v 2.15879 3.77130 -0.40075
v 2.10737 3.80861 -0.52442
v 2.06003 4.01960 -0.52841
v 2.13606 3.50116 -0.46221
v 2.14419 3.50185 -0.27984
v 2.08775 3.80808 -0.54945
v 2.20557 3.71969 -0.57148
v 1.96159 3.70973 -0.45871
v 2.07777 3.80491 -0.57422
v 2.09469 3.56625 -0.55767
v 2.06224 3.80619 -0.42887
v 2.08775 3.80808 -0.54945
v 2.26510 3.95266 -0.53379
v 2.10737 3.80861 -0.52442
v 2.06003 4.01960 -0.52841
v 2.01987 3.66697 -0.59477
v 2.19222 3.74535 -0.49487
v 2.20345 3.73052 -0.56872
v 2.28855 3.30076 -0.26686
v 1.54738 3.34842 -0.51084
v 2.01987 3.66697 -0.59477
v 2.20345 3.73052 -0.56872
v 2.06224 3.80619 -0.42887
v 2.01987 3.66697 -0.59477
v 2.15024 3.73636 -0.51473
v 2.06147 3.82175 -0.37948
v 2.14529 3.78188 -0.34237
v 2.15879 3.77130 -0.40075
v 1.98633 3.70453 -0.36408
v 2.10737 3.80861 -0.52442
v 2.15024 3.73636 -0.51473
v 2.08775 3.80808 -0.54945
v 2.06147 3.82175 -0.37948
v 2.09341 3.56055 -0.48768
v 2.01987 3.66697 -0.59477
v 2.01067 3.68726 -0.53722
v 2.15024 3.73636 -0.51473
v 2.09341 3.56055 -0.48768
v 2.13606 3.50116 -0.46221
v 1.82466 3.62032 -0.58775
v 1.96894 3.86938 -0.59211
v 2.15024 3.73636 -0.51473
v 2.07727 3.77075 -0.54572
v 2.08775 3.80808 -0.54945
v 2.03080 3.96023 -0.40904
v 2.34228 4.00888 -0.58453
v 2.07777 3.80491 -0.57422
v 2.04419 3.87694 -0.60470
v 2.07777 3.80491 -0.57422
v 2.07727 3.77075 -0.54572
v 2.07731 3.76108 -0.60789
v 2.34228 4.00888 -0.58453
v 2.04419 3.87694 -0.60470
v 1.96894 3.86938 -0.59211
v 1.96894 3.86938 -0.59211
v 2.08775 3.80808 -0.54945
v 1.98633 3.70453 -0.36408
v 2.05031 3.87063 -0.63268
v 2.06082 3.77064 -0.42131
v 2.01067 3.68726 -0.53722
v 2.06147 3.82175 -0.37948
v 2.01733 3.96861 -0.38553
v 2.05671 3.79630 -0.34974
v 2.05671 3.79630 -0.34974
v 2.06082 3.77064 -0.42131
v 2.06224 3.80619 -0.42887
v 2.06147 3.82175 -0.37948
v 2.03080 3.96023 -0.40904
v 1.96159 3.70973 -0.45871
v 1.98633 3.70453 -0.36408
v 1.99522 3.69922 -0.42011
v 2.00282 3.73479 -0.55369
v 2.07731 3.76108 -0.60789
v 2.07727 3.77075 -0.54572
v 2.04419 3.87694 -0.60470
v 2.01067 3.68726 -0.53722
v 2.01850 3.96735 -0.45595
v 2.05031 3.87063 -0.63268
v 2.07731 3.76108 -0.60789
v 1.96299 3.85154 -0.64738
v 2.00282 3.73479 -0.55369
v 1.92055 3.66471 -0.56617
v 1.96500 3.71259 -0.43352
v 2.03080 3.96023 -0.40904
v 2.05031 3.87063 -0.63268
v 1.96299 3.85154 -0.64738
v 2.04419 3.87694 -0.60470
v 2.01987 3.66697 -0.59477
v 1.99703 3.97520 -0.51986
v 1.99522 3.69922 -0.42011
v 1.96500 3.71259 -0.43352
v 2.06082 3.77064 -0.42131
v 2.05671 3.79630 -0.34974
v 1.99522 3.69922 -0.42011
v 1.99703 3.97520 -0.51986
v 2.01733 3.96861 -0.38553
v 2.03080 3.96023 -0.40904
v 1.97739 3.95113 -0.44133
v 1.96894 3.86938 -0.59211
v 2.16324 2.44371 -0.09025
v 1.96159 3.70973 -0.45871
v 1.97739 3.95113 -0.44133
v 1.90481 3.73244 -0.32985
v 1.88435 3.94617 -0.42471
v 2.01316 3.99075 -0.45603
v 2.01850 3.96735 -0.45595
v 1.99703 3.97520 -0.51986
v 1.98648 3.69226 -0.61762
v 1.98648 3.69226 -0.61762
v 1.92055 3.66471 -0.56617
v 1.97739 3.95113 -0.44133
v 2.01850 3.96735 -0.45595
v 2.01316 3.99075 -0.45603
v 1.96532 4.01134 -0.58556
v 1.99522 3.69922 -0.42011
v 1.96500 3.71259 -0.43352
v 1.96159 3.70973 -0.45871
v 2.31013 3.27153 -0.36013
v 1.96081 3.66261 -0.70892
v 1.86742 3.97277 -0.42409
v 2.01316 3.99075 -0.45603
v 1.96532 4.01134 -0.58556
v 1.81173 3.99917 -0.55042
v 1.96894 3.86938 -0.59211
v 1.93252 3.92676 -0.68380
v 1.96299 3.85154 -0.64738
v 1.82466 3.62032 -0.58775
v 1.96299 3.85154 -0.64738
v 1.96081 3.66261 -0.70892
v 1.91607 3.86522 -0.73020
v 1.98648 3.69226 -0.61762
v 1.88435 3.94617 -0.42471
v 1.53082 3.36212 -0.60892
v 2.15221 2.43209 -0.15675
v 1.90481 3.73244 -0.32985
v 2.05671 3.79630 -0.34974
v 2.01733 3.96861 -0.38553
v 1.84668 3.95107 -0.36900
v 1.86742 3.97277 -0.42409
v 1.91607 3.86522 -0.73020
v 1.88361 3.86439 -0.67380
v 1.96299 3.85154 -0.64738
v 1.82078 3.58984 -0.70494
v 1.81173 3.99917 -0.55042
v 1.96532 4.01134 -0.58556
v 1.93252 3.92676 -0.68380
v 1.90481 3.73244 -0.32985
v 1.78975 3.84749 -0.66410
v 1.96299 3.85154 -0.64738
v 1.88361 3.86439 -0.67380
v 1.93252 3.92676 -0.68380
v 1.77770 3.84149 -0.72226
v 1.86465 3.74095 -0.39957
v 1.91607 3.86522 -0.73020
v 1.96081 3.66261 -0.70892
v 1.82078 3.58984 -0.70494
v 1.84668 3.95107 -0.36900
v 1.86465 3.74095 -0.39957
v 1.90481 3.73244 -0.32985
v 1.84668 3.95107 -0.36900
v 1.86465 3.74095 -0.39957
v 1.84823 3.67769 -0.48559
v 1.96159 3.70973 -0.45871
v 1.77321 3.89324 -0.66413
v 1.78975 3.84749 -0.66410
v 1.88435 3.94617 -0.42471
v 1.86742 3.97277 -0.42409
v 1.82612 3.90264 -0.52832
v 1.83791 3.69610 -0.44101
v 1.84823 3.67769 -0.48559
v 1.77607 3.60800 -0.49692
v 1.86465 3.74095 -0.39957
v 1.84190 3.73438 -0.40701
v 1.83791 3.69610 -0.44101
v 1.86465 3.74095 -0.39957
v 1.81229 3.82894 -0.46963
v 1.84190 3.73438 -0.40701
v 1.81229 3.82894 -0.46963
v 1.81173 3.99917 -0.55042
v 1.82612 3.90264 -0.52832
v 1.83791 3.69610 -0.44101
v 1.84190 3.73438 -0.40701
v 1.81229 3.82894 -0.46963
v 1.82466 3.62032 -0.58775
v 1.82257 3.61372 -0.62645
v 1.82078 3.58984 -0.70494
v 1.79432 3.88133 -0.53218
v 1.79432 3.88133 -0.53218
v 1.78665 3.73850 -0.71337
v 1.82399 3.87226 -0.53109
v 1.81229 3.82894 -0.46963
v 1.79432 3.88133 -0.53218
v 1.78809 3.74555 -0.67693
v 1.77607 3.60800 -0.49692
v 1.77321 3.89324 -0.66413
v 1.77349 3.85827 -0.62006
v 1.78665 3.73850 -0.71337
v 1.77770 3.84149 -0.72226
v 1.58152 3.40418 -0.59772
v 1.77321 3.89324 -0.66413
v 1.79585 3.82038 -0.63209
v 1.79585 3.82038 -0.63209
v 1.77349 3.85827 -0.62006
v 1.82612 3.90264 -0.52832
v 1.79585 3.82038 -0.63209
v 1.77770 3.84149 -0.72226
v 1.82399 3.87226 -0.53109
v 1.79432 3.88133 -0.53218
v 1.76725 3.83876 -0.60061
v 1.78975 3.84749 -0.66410
v 1.77321 3.89324 -0.66413
v 1.78809 3.74555 -0.67693
v 1.76725 3.83876 -0.60061
v 1.79585 3.82038 -0.63209
v 1.79585 3.82038 -0.63209
v 1.76725 3.83876 -0.60061
v 1.77349 3.85827 -0.62006
v 1.79432 3.88133 -0.53218
v 1.77349 3.85827 -0.62006
v 1.76725 3.83876 -0.60061
v 1.58152 3.40418 -0.59772
v 1.82257 3.61372 -0.62645
v 1.82466 3.62032 -0.58775
v 1.76725 3.83876 -0.60061
v 1.81229 3.82894 -0.46963
v 1.82399 3.87226 -0.53109
v 1.56479 3.38140 -0.65401
v 1.56479 3.38140 -0.65401
v 1.78809 3.74555 -0.67693
v 1.82257 3.61372 -0.62645
v 1.64935 3.49311 -0.50956
v 1.55329 3.44075 -0.47518
v 1.81229 3.82894 -0.46963
v 1.55329 3.44075 -0.47518
v 1.83791 3.69610 -0.44101
v 1.64935 3.49311 -0.50956
v 1.46959 3.49819 -0.51427
v 1.51861 3.42373 -0.68323
v 1.56098 3.42338 -0.52171
v 1.43559 3.52407 -0.63463
v 1.46959 3.49819 -0.51427
v 1.56098 3.42338 -0.52171
v 1.58152 3.40418 -0.59772
v 1.52229 3.41640 -0.61865
v 1.56479 3.38140 -0.65401
v 1.52229 3.41640 -0.61865
v 1.50790 3.39650 -0.51885
v 1.49084 2.60403 -0.31375
v 1.51861 3.42373 -0.68323
v 1.56479 3.38140 -0.65401
v 1.52229 3.41640 -0.61865
v 1.54143 3.34196 -0.67291
v 1.52229 3.41640 -0.61865
v 1.53082 3.36212 -0.60892
v 1.49218 3.47304 -0.54337
v 1.43559 3.52407 -0.63463
v 1.48646 3.47690 -0.70503
v 1.51861 3.42373 -0.68323
v 1.50129 3.44531 -0.71796
v 1.56098 3.42338 -0.52171
v 1.55329 3.44075 -0.47518
v 1.49218 3.47304 -0.54337
v 1.48646 3.47690 -0.70503
v 1.46959 3.49819 -0.51427
v 1.49210 3.40500 -0.48447
v 1.49218 3.47304 -0.54337
v 1.46959 3.49819 -0.51427
v 1.50790 3.39650 -0.51885
v 1.48646 3.47690 -0.70503
v 1.50129 3.44531 -0.71796
v 1.43559 3.52407 -0.63463
v 1.53082 3.36212 -0.60892
v 1.30110 3.21198 -0.64438
v 1.54143 3.34196 -0.67291
v 1.49210 3.40500 -0.48447
v 1.35544 3.31529 -0.49152
v 1.50790 3.39650 -0.51885
v 1.48646 3.47690 -0.70503
v 1.34022 3.42608 -0.51484
v 1.49210 3.40500 -0.48447
v 1.46959 3.49819 -0.51427
v 1.34022 3.42608 -0.51484
v 1.28535 3.23710 -0.55185
v 1.31687 3.21188 -0.68568
v 1.35544 3.31529 -0.49152
v 1.50129 3.44531 -0.71796
v 1.54143 3.34196 -0.67291
v 1.31687 3.21188 -0.68568
v 1.21609 3.38966 -0.64617
v 1.50129 3.44531 -0.71796
v 1.21609 3.38966 -0.64617
v 1.43559 3.52407 -0.63463
v 1.16342 3.19238 -0.50467
v 2.37375 3.49256 -0.39920
v 2.39315 3.46088 -0.28114
v 2.15879 3.77130 -0.40075
v 2.34153 3.23806 -0.23084
v 4.13444 4.72629 -0.38994
v 4.04742 4.78816 -0.56484
v 4.13444 4.72629 -0.38994
v 4.00894 4.69594 -0.53667
v 4.04586 4.85379 -0.44008
v 4.00997 4.86383 -0.40705
v 3.90052 4.94352 -0.40893
v 4.13444 4.72629 -0.38994
v 4.02987 4.76463 -0.39778
v 4.00997 4.86383 -0.40705
v 4.13444 4.72629 -0.38994
v 4.04586 4.85379 -0.44008
v 3.96569 4.78680 -0.38577
v 4.04586 4.85379 -0.44008
v 4.04742 4.78816 -0.56484
v 3.90052 4.94352 -0.40893
v 3.96569 4.78680 -0.38577
v 4.02987 4.76463 -0.39778
v 4.13444 4.72629 -0.38994
v 3.90052 4.94352 -0.40893
v 4.02987 4.76463 -0.39778
v 3.88934 4.70923 -0.56659
v 3.96569 4.78680 -0.38577
v 3.91083 4.81258 -0.38324
v 3.91083 4.81258 -0.38324
v 3.90052 4.94352 -0.40893
v 3.90464 4.91796 -0.38103
v 3.91083 4.81258 -0.38324
v 3.70107 5.00000 -0.45612
v 3.69824 4.91907 -0.60248
v 3.70223 4.86735 -0.40465
v 3.91083 4.81258 -0.38324
v 3.90464 4.91796 -0.38103
v 3.70223 4.86735 -0.40465
v 3.90052 4.94352 -0.40893
v 3.71112 4.98468 -0.40753
v 3.90464 4.91796 -0.38103
v 3.71112 4.98468 -0.40753
v 3.70107 5.00000 -0.45612
v 3.70107 5.00000 -0.45612
v 3.69378 4.93779 -0.58977
v 3.36186 4.91804 -0.48840
v 3.52119 4.92741 -0.41328
v 3.52119 4.92741 -0.41328
v 3.70223 4.86735 -0.40465
v 3.57510 4.82917 -0.40171
v 3.67694 4.79281 -0.56984
v 3.57510 4.82917 -0.40171
v 3.36186 4.91804 -0.48840
v 3.57510 4.82917 -0.40171
v 3.49497 4.72720 -0.57522
v 3.39588 4.89250 -0.58805
v 3.46440 4.79122 -0.40883
v 3.42604 4.90131 -0.40655
v 3.46882 4.75730 -0.39224
v 3.49497 4.72720 -0.57522
v 3.39820 4.67292 -0.48969
v 3.50068 4.68689 -0.59894
v 3.46882 4.75730 -0.39224
v 3.46440 4.79122 -0.40883
v 3.55579 4.33853 -0.31778
v 3.33161 4.28723 -0.32885
v 3.46440 4.79122 -0.40883
v 3.33161 4.28723 -0.32885
v 3.42604 4.90131 -0.40655
v 3.42604 4.90131 -0.40655
v 2.90095 3.46896 -0.20576
v 3.44098 4.22343 -0.40292
v 3.37076 4.70967 -0.39063
v 3.46882 4.75730 -0.39224
v 3.42604 4.90131 -0.40655
v 3.30254 4.83834 -0.40640
v 3.37076 4.70967 -0.39063
v 3.39367 4.64000 -0.59945
v 3.39820 4.67292 -0.48969
v 3.37687 4.62755 -0.47540
v 3.32905 4.89546 -0.57062
v 3.37687 4.62755 -0.47540
v 3.39820 4.67292 -0.48969
v 3.34134 4.62513 -0.46970
v 3.37006 4.61018 -0.56974
v 3.37687 4.62755 -0.47540
v 3.34134 4.62513 -0.46970
v 3.39820 4.67292 -0.48969
v 3.37076 4.70967 -0.39063
v 3.33701 4.73721 -0.40522
v 3.43424 4.17006 -0.38711
v 3.44098 4.22343 -0.40292
v 2.87450 4.41970 -0.46269
v 3.32905 4.89546 -0.57062
v 3.29068 4.87501 -0.47167
v 3.34700 4.71694 -0.46620
v 3.16838 4.33823 -0.43647
v 3.39820 4.67292 -0.48969
v 3.34700 4.71694 -0.46620
v 3.31763 4.69985 -0.47088
v 3.31763 4.69985 -0.47088
v 3.37076 4.70967 -0.39063
v 3.30254 4.83834 -0.40640
v 3.33701 4.73721 -0.40522
v 3.34700 4.71694 -0.46620
v 3.33701 4.73721 -0.40522
v 3.31763 4.69985 -0.47088
v 3.30254 4.83834 -0.40640
v 3.13687 4.51982 -0.37523
v 3.31386 4.66131 -0.46626
v 3.32251 4.88103 -0.55823
v 3.29068 4.87501 -0.47167
v 3.32905 4.89546 -0.57062
v 3.29798 4.71922 -0.40466
v 3.30842 4.76663 -0.64156
v 3.29798 4.71922 -0.40466
v 3.31386 4.66131 -0.46626
v 3.31763 4.69985 -0.47088
v 3.20236 4.34665 -0.33873
v 3.29647 4.67847 -0.39425
v 3.28434 4.54921 -0.45631
v 3.32251 4.88103 -0.55823
v 3.26443 4.84963 -0.58325
v 3.29068 4.87501 -0.47167
v 3.20916 4.58720 -0.45238
v 3.33701 4.73721 -0.40522
v 3.30254 4.83834 -0.40640
v 3.11407 4.71798 -0.41099
v 3.29798 4.71922 -0.40466
v 3.16838 4.33823 -0.43647
v 3.25077 4.47691 -0.43868
v 3.29647 4.67847 -0.39425
v 3.29647 4.67847 -0.39425
v 3.20916 4.58720 -0.45238
v 3.31386 4.66131 -0.46626
v 3.25077 4.47691 -0.43868
v 3.13703 4.51858 -0.43452
v 3.20884 4.60396 -0.39632
v 3.20236 4.34665 -0.33873
v 3.13687 4.51982 -0.37523
v 3.07160 4.40860 -0.36247
v 3.20884 4.60396 -0.39632
v 3.18790 4.64565 -0.40842
v 3.11407 4.71798 -0.41099
v 3.10710 4.57606 -0.46199
v 3.20916 4.58720 -0.45238
v 3.20884 4.60396 -0.39632
v 3.18790 4.64565 -0.40842
v 3.19215 4.62985 -0.45887
v 3.19215 4.62985 -0.45887
v 3.13703 4.51858 -0.43452
v 3.19215 4.62985 -0.45887
v 3.18790 4.64565 -0.40842
v 3.10710 4.57606 -0.46199
v 3.10700 4.54024 -0.43905
v 3.01310 4.70731 -0.47729
v 3.04548 4.55946 -0.40235
v 3.04548 4.55946 -0.40235
v 3.08736 4.73334 -0.56905
v 3.05680 4.54367 -0.44696
v 3.08606 4.37464 -0.45090
v 3.13687 4.51982 -0.37523
v 3.13703 4.51858 -0.43452
v 3.07160 4.40860 -0.36247
v 3.08606 4.37464 -0.45090
v 3.08604 4.43441 -0.41381
v 3.07283 4.55144 -0.43033
v 3.07160 4.40860 -0.36247
v 3.10700 4.54024 -0.43905
v 3.10710 4.57606 -0.46199
v 3.09860 4.54477 -0.47610
v 3.10700 4.54024 -0.43905
v 3.09860 4.54477 -0.47610
v 3.07283 4.55144 -0.43033
v 3.08606 4.37464 -0.45090
v 3.08604 4.43441 -0.41381
v 3.07374 4.42978 -0.46059
v 3.08606 4.37464 -0.45090
v 3.09860 4.54477 -0.47610
v 3.07283 4.55144 -0.43033
v 3.09860 4.54477 -0.47610
v 3.05680 4.54367 -0.44696
v 2.80711 4.55124 -0.56185
v 3.01310 4.70731 -0.47729
v 2.84976 4.56224 -0.40314
v 3.13703 4.51858 -0.43452
v 3.07283 4.55144 -0.43033
v 3.03127 4.45947 -0.41759
v 3.03127 4.45947 -0.41759
v 3.07283 4.55144 -0.43033
v 3.01116 4.44718 -0.46985
v 3.05680 4.54367 -0.44696
v 3.08604 4.43441 -0.41381
v 3.03127 4.45947 -0.41759
v 3.07374 4.42978 -0.46059
v 3.01116 4.44718 -0.46985
v 3.07374 4.42978 -0.46059
v 3.08604 4.43441 -0.41381
v 3.01116 4.44718 -0.46985
v 2.84976 4.56224 -0.40314
v 2.81936 4.59785 -0.46471
v 2.81936 4.59785 -0.46471
v 3.05680 4.54367 -0.44696
v 2.87450 4.41970 -0.46269
v 3.01116 4.44718 -0.46985
v 2.91144 4.47255 -0.39329
v 2.87450 4.41970 -0.46269
v 2.91144 4.47255 -0.39329
v 2.83473 4.26418 -0.42668
v 2.81940 4.23943 -0.52413
v 2.80711 4.55124 -0.56185
v 2.78731 4.39191 -0.38762
v 2.84976 4.56224 -0.40314
v 2.84524 4.54041 -0.41079
v 2.91144 4.47255 -0.39329
v 2.89022 4.49789 -0.66088
v 2.76389 4.40405 -0.65146
v 2.84524 4.54041 -0.41079
v 2.73713 4.46666 -0.39750
v 2.91144 4.47255 -0.39329
v 2.78880 4.36181 -0.45578
v 2.78880 4.36181 -0.45578
v 2.78257 4.30653 -0.60805
v 2.78731 4.39191 -0.38762
v 2.78880 4.36181 -0.45578
v 2.84576 4.29873 -0.28700
v 2.83473 4.26418 -0.42668
v 2.83473 4.26418 -0.42668
v 2.84576 4.29873 -0.28700
v 2.67743 4.21845 -0.24913
v 2.78731 4.39191 -0.38762
v 2.75729 4.46634 -0.30294
v 2.81936 4.59785 -0.46471
v 2.80711 4.55124 -0.56185
v 2.84524 4.54041 -0.41079
v 2.84976 4.56224 -0.40314
v 2.67730 4.49045 -0.53609
v 2.78257 4.30653 -0.60805
v 2.75660 4.32108 -0.69701
v 2.76389 4.40405 -0.65146
v 2.74961 4.45191 -0.62609
v 2.84524 4.54041 -0.41079
v 2.73249 4.47040 -0.42950
v 2.73713 4.46666 -0.39750
v 2.37375 3.49256 -0.39920
v 2.75610 4.35528 -0.63650
v 2.77470 4.33291 -0.67291
v 2.71209 4.45354 -0.71441
v 2.76389 4.40405 -0.65146
v 2.73713 4.46666 -0.39750
v 2.77470 4.33291 -0.67291
v 2.75610 4.35528 -0.63650
v 2.75660 4.32108 -0.69701
v 2.75610 4.35528 -0.63650
v 2.76389 4.40405 -0.65146
v 2.75610 4.35528 -0.63650
v 2.77470 4.33291 -0.67291
v 2.77470 4.33291 -0.67291
v 2.75660 4.32108 -0.69701
v 2.74153 4.32332 -0.74371
v 2.74153 4.32332 -0.74371
v 2.80757 4.21035 -0.68385
v 2.64786 4.15829 -0.52839
v 2.67730 4.49045 -0.53609
v 2.80711 4.55124 -0.56185
v 2.74961 4.45191 -0.62609
v 2.73955 4.47888 -0.63657
v 2.63704 4.13424 -0.65397
v 2.75660 4.32108 -0.69701
v 2.80757 4.21035 -0.68385
v 2.73713 4.46666 -0.39750
v 2.73249 4.47040 -0.42950
v 2.72669 4.47466 -0.39408
v 2.73249 4.47040 -0.42950
v 2.70737 4.46914 -0.42049
v 2.72669 4.47466 -0.39408
v 2.68431 4.43612 -0.61566
v 2.69886 4.49831 -0.44327
v 2.70737 4.46914 -0.42049
v 2.73249 4.47040 -0.42950
v 2.60730 4.38526 -0.26676
v 2.84576 4.29873 -0.28700
v 2.75729 4.46634 -0.30294
v 2.63704 4.13424 -0.65397
v 2.39315 3.46088 -0.28114
v 2.69886 4.49831 -0.44327
v 2.73249 4.47040 -0.42950
v 2.67730 4.49045 -0.53609
v 2.74961 4.45191 -0.62609
v 2.73955 4.47888 -0.63657
v 2.56682 4.38743 -0.60889
v 2.66102 4.17481 -0.42897
v 2.56682 4.38743 -0.60889
v 2.52616 4.35192 -0.39396
v 2.66102 4.17481 -0.42897
v 2.73713 4.46666 -0.39750
v 2.72669 4.47466 -0.39408
v 2.58445 4.35744 -0.39130
v 2.58445 4.35744 -0.39130
v 2.72669 4.47466 -0.39408
v 2.70737 4.46914 -0.42049
v 2.75729 4.46634 -0.30294
v 2.73713 4.46666 -0.39750
v 2.58445 4.35744 -0.39130
v 2.56950 4.37180 -0.59781
v 2.67743 4.21845 -0.24913
v 2.67743 4.21845 -0.24913
v 2.61893 4.24954 -0.45008
v 2.66102 4.17481 -0.42897
v 2.58193 4.23223 -0.73047
v 2.60730 4.38526 -0.26676
v 2.58830 3.30668 -0.20513
v 2.67968 3.19872 -0.16051
v 2.60067 4.23655 -0.67312
v 2.58445 4.35744 -0.39130
v 2.61419 4.20591 -0.60057
v 2.63704 4.13424 -0.65397
v 2.64786 4.15829 -0.52839
v 2.68431 4.43612 -0.61566
v 2.56682 4.38743 -0.60889
v 2.56950 4.37180 -0.59781
v 2.61502 4.21540 -0.55042
v 2.62308 4.27260 -0.38857
v 2.60067 4.23655 -0.67312
v 2.67968 3.19872 -0.16051
v 2.58830 3.30668 -0.20513
v 2.58840 3.31008 -0.16673
v 2.69886 4.49831 -0.44327
v 2.67730 4.49045 -0.53609
v 2.48935 4.35883 -0.54938
v 2.61893 4.24954 -0.45008
v 2.53903 4.19401 -0.44982
v 2.58445 4.35744 -0.39130
v 2.60730 4.38526 -0.26676
v 2.57042 4.31079 -0.64403
v 2.48935 4.35883 -0.54938
v 2.55631 4.35885 -0.69298
v 2.73955 4.47888 -0.63657
v 2.71209 4.45354 -0.71441
v 2.60067 4.23655 -0.67312
v 2.58193 4.23223 -0.73047
v 2.62308 4.27260 -0.38857
v 2.71209 4.45354 -0.71441
v 2.74153 4.32332 -0.74371
v 2.58193 4.23223 -0.73047
v 2.61893 4.24954 -0.45008
v 2.62308 4.27260 -0.38857
v 2.53903 4.19401 -0.44982
v 2.56682 4.38743 -0.60889
v 2.55631 4.35885 -0.69298
v 2.64786 4.15829 -0.52839
v 2.55631 4.35885 -0.69298
v 2.56950 4.37180 -0.59781
v 2.56682 4.38743 -0.60889
v 2.38388 4.19617 -0.63777
v 2.57042 4.31079 -0.64403
v 2.61419 4.20591 -0.60057
v 2.57042 4.31079 -0.64403
v 2.52616 4.35192 -0.39396
v 2.61419 4.20591 -0.60057
v 2.61502 4.21540 -0.55042
v 2.45319 4.09753 -0.58412
v 2.38388 4.19617 -0.63777
v 2.61502 4.21540 -0.55042
v 2.47559 4.12155 -0.54750
v 2.47559 4.12155 -0.54750
v 2.44796 4.15769 -0.38385
v 2.43946 4.11092 -0.44629
v 2.36530 4.28289 -0.54533
v 2.38594 4.25818 -0.39820
v 2.44796 4.15769 -0.38385
v 2.36530 4.28289 -0.54533
v 2.43946 4.11092 -0.44629
v 2.34228 4.00888 -0.58453
v 2.45319 4.09753 -0.58412
v 2.38551 4.17181 -0.62047
v 2.38579 4.23446 -0.41777
v 2.44796 4.15769 -0.38385
v 2.38594 4.25818 -0.39820
v 2.44796 4.15769 -0.38385
v 2.38579 4.23446 -0.41777
v 2.19952 4.08329 -0.41086
v 2.33743 4.02578 -0.44104
v 2.26510 3.95266 -0.53379
v 2.38594 4.25818 -0.39820
v 2.36484 4.24512 -0.54333
v 2.38388 4.19617 -0.63777
v 2.38551 4.17181 -0.62047
v 2.26471 3.99415 -0.39434
v 2.36530 4.28289 -0.54533
v 2.15879 3.77130 -0.40075
v 2.66102 4.17481 -0.42897
v 2.64786 4.15829 -0.52839
v 2.90095 3.46896 -0.20576
v 3.63715 2.36998 0.21855
v 3.40321 2.30642 0.30798
v 3.19895 2.59098 0.18849
v 3.11358 2.70121 0.06489
v 3.08491 2.22478 0.13283
v 3.11358 2.70121 0.06489
v 3.10952 2.40831 0.16661
v 2.96796 2.65230 0.15557
v 3.19895 2.59098 0.18849
v 3.07340 2.51188 0.23348
v 3.07340 2.51188 0.23348
v 2.99244 2.87340 -0.00417
v 2.97953 2.89609 0.05853
v 3.08485 2.25711 0.17904
v 2.91380 2.20374 0.14567
v 3.03902 2.47811 0.03189
v 2.96796 2.65230 0.15557
v 2.84116 2.82933 0.06518
v 2.99244 2.87340 -0.00417
v 2.90975 2.69751 0.04321
v 3.08491 2.22478 0.13283
v 2.91380 2.20374 0.14567
v 2.92407 2.87326 -0.01314
v 2.87286 2.27852 0.12127
v 2.90975 2.69751 0.04321
v 2.91314 2.19073 0.10726
v 2.91314 2.19073 0.10726
v 2.87322 2.26210 0.07680
v 2.97953 2.89609 0.05853
v 2.78822 2.30297 0.04607
v 2.90334 2.85194 -0.00149
v 2.90334 2.85194 -0.00149
v 2.92407 2.87326 -0.01314
v 2.90503 2.88382 0.02708
v 2.90334 2.85194 -0.00149
v 2.97953 2.89609 0.05853
v 2.99244 2.87340 -0.00417
v 2.85537 2.83403 -0.01203
v 2.87322 2.26210 0.07680
v 2.91314 2.19073 0.10726
v 2.91380 2.20374 0.14567
v 2.79174 2.30768 0.08844
v 2.87286 2.27852 0.12127
v 2.84116 2.82933 0.06518
v 2.84116 2.82933 0.06518
v 2.67968 3.19872 -0.16051
v 2.84187 2.80123 -0.00120
v 2.77466 2.77386 -0.12189
v 2.60530 2.36931 -0.01196
v 2.80258 2.26224 0.07129
v 2.84187 2.80123 -0.00120
v 2.87286 2.27852 0.12127
v 2.80520 2.27808 0.10106
v 2.87322 2.26210 0.07680
v 2.85537 2.83403 -0.01203
v 2.84187 2.80123 -0.00120
v 2.84116 2.82933 0.06518
v 2.82037 3.00373 -0.02813
v 2.90503 2.88382 0.02708
v 2.92407 2.87326 -0.01314
v 2.80258 2.26224 0.07129
v 2.76709 2.82701 0.03841
v 2.80520 2.27808 0.10106
v 2.67968 3.19872 -0.16051
v 2.80520 2.27808 0.10106
v 2.79174 2.30768 0.08844
v 2.80258 2.26224 0.07129
v 2.78822 2.30297 0.04607
v 2.85537 2.83403 -0.01203
v 2.76654 2.80932 -0.02503
v 2.85537 2.83403 -0.01203
v 2.79174 2.30768 0.08844
v 2.74975 2.30004 0.07873
v 2.78822 2.30297 0.04607
v 2.76654 2.80932 -0.02503
v 2.74584 2.29088 0.04683
v 2.74584 2.29088 0.04683
v 2.60530 2.36931 -0.01196
v 2.74584 2.29088 0.04683
v 2.74975 2.30004 0.07873
v 2.74975 2.30004 0.07873
v 2.79174 2.30768 0.08844
v 2.60530 2.36931 -0.01196
v 2.58840 3.31008 -0.16673
v 2.90503 2.88382 0.02708
v 2.82037 3.00373 -0.02813
v 2.56454 3.07419 -0.09856
v 2.76654 2.80932 -0.02503
v 2.76709 2.82701 0.03841
v 2.61512 3.00952 -0.06171
v 2.61512 3.00952 -0.06171
v 2.76709 2.82701 0.03841
v 2.58840 3.31008 -0.16673
v 2.59910 2.39371 0.04094
v 2.60377 2.99924 -0.21977
v 2.59955 3.02087 -0.11879
v 2.60530 2.36931 -0.01196
v 2.79174 2.30768 0.08844
v 2.59910 2.39371 0.04094
v 2.59955 3.02087 -0.11879
v 2.60530 2.36931 -0.01196
v 2.59910 2.39371 0.04094
v 2.59230 2.30507 -0.00075
v 2.58263 2.33092 0.04812
v 2.56454 3.07419 -0.09856
v 2.59230 2.30507 -0.00075
v 2.43957 2.38038 -0.06905
v 2.48378 2.32694 0.01837
v 2.58263 2.33092 0.04812
v 2.59230 2.30507 -0.00075
v 2.58263 2.33092 0.04812
v 2.46698 2.30138 -0.04152
v 2.46698 2.30138 -0.04152
v 2.44959 3.24339 -0.20962
v 2.48378 2.32694 0.01837
v 2.43939 2.39186 -0.01773
v 2.34153 3.23806 -0.23084
v 2.38602 3.20737 -0.32620
v 2.46698 2.30138 -0.04152
v 2.43939 2.39186 -0.01773
v 2.43957 2.38038 -0.06905
v 2.23685 2.37363 -0.07535
v 2.31013 3.27153 -0.36013
v 2.15221 2.43209 -0.15675
v 2.16324 2.44371 -0.09025
v 2.48378 2.32694 0.01837
v 2.43939 2.39186 -0.01773
v 2.46698 2.30138 -0.04152
v 2.43957 2.38038 -0.06905
v 2.43939 2.39186 -0.01773
v 2.23685 2.37363 -0.07535
v 2.18005 2.34233 -0.11583
v 2.43957 2.38038 -0.06905
v 2.18005 2.34233 -0.11583
v 2.15221 2.43209 -0.15675
v 2.23685 2.37363 -0.07535
v 2.16324 2.44371 -0.09025
v 2.17744 2.36430 -0.07055
v 2.17744 2.36430 -0.07055
v 2.18005 2.34233 -0.11583
v 2.15454 2.42238 -0.14559
v 2.15221 2.43209 -0.15675
v 2.17744 2.36430 -0.07055
v 2.16324 2.44371 -0.09025
v 2.16324 2.44371 -0.09025
v 1.77708 2.35640 -0.18169
v 2.15454 2.42238 -0.14559
v 1.54738 3.34842 -0.51084
v 1.77708 2.35640 -0.18169
v 2.15454 2.42238 -0.14559
v 1.76156 2.33510 -0.23073
v 1.51364 2.29655 -0.23633
v 1.76156 2.33510 -0.23073
v 1.50191 2.67461 -0.40708
v 1.49084 2.60403 -0.31375
v 1.51364 2.29655 -0.23633
v 1.52849 2.27999 -0.28177
v 1.53082 3.36212 -0.60892
v 1.52849 2.27999 -0.28177
v 1.49789 2.34385 -0.31810
v 1.50481 2.28932 -0.26892
v 1.49789 2.34385 -0.31810
v 1.52849 2.27999 -0.28177
v 1.50481 2.28932 -0.26892
v 1.49789 2.34385 -0.31810
v 1.50481 2.28932 -0.26892
v 1.50232 2.24965 -0.28450
v 1.50232 2.24965 -0.28450
v 1.50481 2.28932 -0.26892
v 1.48264 2.27383 -0.22931
v 1.48264 2.27383 -0.22931
v 1.50481 2.28932 -0.26892
v 1.51364 2.29655 -0.23633
v 1.48264 2.27383 -0.22931
v 1.30110 3.21198 -0.64438
v 1.50232 2.24965 -0.28450
v 1.34386 2.20760 -0.31366
v 1.50232 2.24965 -0.28450
v 1.48264 2.27383 -0.22931
v 1.34386 2.20760 -0.31366
v 1.50790 3.39650 -0.51885
v 1.28535 3.23710 -0.55185
v 1.03080 3.06273 -0.58576
v 1.35544 3.31529 -0.49152
v 1.16342 3.19238 -0.50467
v 1.28535 3.23710 -0.55185
v 1.18953 3.14034 -0.65606
v 1.30110 3.21198 -0.64438
v 1.18953 3.14034 -0.65606
v 1.31687 3.21188 -0.68568
v 1.31687 3.21188 -0.68568
v 1.03401 3.04141 -0.69627
v 1.50129 3.44531 -0.71796
v 1.03388 3.04143 -0.66641
v 1.00193 3.15442 -0.75045
v 0.99305 3.21397 -0.54095
v 1.16342 3.19238 -0.50467
v 1.34022 3.42608 -0.51484
v 1.21609 3.38966 -0.64617
v 0.99305 3.21397 -0.54095
v 1.34022 3.42608 -0.51484
v 1.03388 3.04143 -0.66641
v 1.03401 3.04141 -0.69627
v 1.03080 3.06273 -0.58576
v 1.00193 3.15442 -0.75045
v 1.21609 3.38966 -0.64617
v 1.50129 3.44531 -0.71796
v 1.02177 3.09985 -0.51755
v 0.98719 3.24548 -0.66644
v 0.98719 3.24548 -0.66644
v 1.04433 2.94179 -0.54786
v 1.05311 2.90320 -0.62596
v 0.89154 2.85534 -0.64907
v 1.03388 3.04143 -0.66641
v 1.05311 2.90320 -0.62596
v 1.06183 2.84371 -0.77417
v 1.04433 2.94179 -0.54786
v 1.03080 3.06273 -0.58576
v 1.03187 3.03503 -0.37547
v 1.02177 3.09985 -0.51755
v 1.01716 3.04667 -0.78151
v 1.03401 3.04141 -0.69627
v 1.02177 3.09985 -0.51755
v 0.89752 2.79900 -0.77277
v 1.06183 2.84371 -0.77417
v 1.05311 2.90320 -0.62596
v 1.04433 2.94179 -0.54786
v 0.88304 3.00101 -0.37575
v 1.03187 3.03503 -0.37547
v 0.97634 3.25492 -0.52348
v 0.99358 3.12419 -0.77385
v 1.00193 3.15442 -0.75045
v 0.99305 3.21397 -0.54095
v 1.00016 3.24557 -0.76811
v 0.98719 3.24548 -0.66644
v 0.97032 3.32233 -0.61989
v 0.89752 2.79900 -0.77277
v 1.01716 3.04667 -0.78151
v 1.06183 2.84371 -0.77417
v 0.89154 2.89895 -0.57132
v 0.97032 3.32233 -0.61989
v 0.81688 3.27985 -0.60985
v 0.97634 3.25492 -0.52348
v 0.82860 3.20542 -0.51094
v 1.03187 3.03503 -0.37547
v 0.80075 3.15899 -1.03570
v 0.99358 3.12419 -0.77385
v 1.00016 3.24557 -0.76811
v 0.82649 3.19328 -0.77730
v 0.97032 3.32233 -0.61989
v 1.00016 3.24557 -0.76811
v 2.16324 2.44371 -0.09025
v 2.15221 2.43209 -0.15675
v 3.19414 4.00255 -0.35747
v 4.04742 4.78816 -0.56484
v 4.13444 4.72629 -0.38994
v 4.00894 4.69594 -0.53667
v 4.02987 4.76463 -0.39778
v 3.88934 4.70923 -0.56659
v 3.70223 4.86735 -0.40465
v 3.67694 4.79281 -0.56984
v 3.57510 4.82917 -0.40171
v 3.49497 4.72720 -0.57522
v 3.46882 4.75730 -0.39224
v 3.50068 4.68689 -0.59894
v 3.39820 4.67292 -0.48969
v 3.39367 4.64000 -0.59945
v 3.37687 4.62755 -0.47540
v 3.37006 4.61018 -0.56974
v 3.34134 4.62513 -0.46970
v 3.28434 4.54921 -0.45631
v 3.20916 4.58720 -0.45238
v 3.25077 4.47691 -0.43868
v 3.13687 4.51982 -0.37523
v 3.55579 4.33853 -0.31778
v 3.33161 4.28723 -0.32885
v 3.44098 4.22343 -0.40292
v 2.87450 4.41970 -0.46269
v 3.43424 4.17006 -0.38711
v 2.90095 3.46896 -0.20576
v 3.63715 2.36998 0.21855
v 3.11358 2.70121 0.06489
v 3.19895 2.59098 0.18849
v 2.96796 2.65230 0.15557
v 3.40321 2.30642 0.30798
v 3.07340 2.51188 0.23348
v 3.10952 2.40831 0.16661
v 2.90975 2.69751 0.04321
v 3.08485 2.25711 0.17904
v 2.91380 2.20374 0.14567
v 3.08491 2.22478 0.13283
v 3.03902 2.47811 0.03189
v 2.77466 2.77386 -0.12189
v 2.60530 2.36931 -0.01196
v 2.60377 2.99924 -0.21977
v 2.46483 3.17948 -0.30403
v 2.46647 3.18788 -0.35383
v 2.44617 3.22031 -0.32182
v 2.53909 3.24167 -0.38564
v 2.38657 3.18586 -0.40726
v 2.54793 3.25831 -0.37686
v 2.37375 3.49256 -0.39920
v 2.81940 4.23943 -0.52413
v 2.64786 4.15829 -0.52839
v 2.80757 4.21035 -0.68385
v 2.75660 4.32108 -0.69701
v 2.78257 4.30653 -0.60805
v 2.76389 4.40405 -0.65146
v 2.89022 4.49789 -0.66088
v 2.80711 4.55124 -0.56185
v 3.08736 4.73334 -0.56905
v 3.29068 4.87501 -0.47167
v 3.26443 4.84963 -0.58325
v 3.32251 4.88103 -0.55823
v 3.30842 4.76663 -0.64156
v 3.32905 4.89546 -0.57062
v 3.39588 4.89250 -0.58805
v 3.36186 4.91804 -0.48840
v 3.69378 4.93779 -0.58977
v 3.70107 5.00000 -0.45612
v 3.69824 4.91907 -0.60248
v 3.90052 4.94352 -0.40893
v 1.01411 2.94259 -0.57811
v 1.34386 2.20760 -0.31366
v 1.49789 2.34385 -0.31810
v 0.89154 2.85534 -0.64907
v 1.05311 2.90320 -0.62596
v 0.89752 2.79900 -0.77277
v 1.01716 3.04667 -0.78151
v 0.80075 3.15899 -1.03570
v 1.00016 3.24557 -0.76811
v 0.82649 3.19328 -0.77730
v 0.97032 3.32233 -0.61989
v 0.81688 3.27985 -0.60985
v 0.97634 3.25492 -0.52348
v 0.82860 3.20542 -0.51094
v 1.03187 3.03503 -0.37547
v 0.88304 3.00101 -0.37575
v 1.04433 2.94179 -0.54786
v 0.89154 2.89895 -0.57132
v 1.48264 2.27383 -0.22931
vt 0.97286 0.81457
vt 0.92935 0.73881
vt 0.92935 0.72277
vt 0.93842 0.72744
vt 0.97570 0.20193
vt 0.97795 0.20904
vt 0.15793 0.97269
vt 0.16043 0.97291
vt 0.15808 0.98289
vt 0.43974 0.69810
vt 0.43562 0.68497
vt 0.44012 0.68120
vt 0.16025 0.98283
vt 0.43114 0.68540
vt 0.67254 0.86778
vt 0.66752 0.87031
vt 0.65181 0.86894
vt 0.19273 0.11972
vt 0.17581 0.15601
vt 0.97233 0.81781
vt 0.94783 0.77079
vt 0.94783 0.75566
vt 0.94987 0.77005
vt 0.67860 0.26810
vt 0.68353 0.24972
vt 0.42639 0.69077
vt 0.68300 0.27745
vt 0.13227 0.59001
vt 0.12994 0.59022
vt 0.13009 0.57646
vt 0.55762 0.97079
vt 0.56962 0.97061
vt 0.55803 0.97309
vt 0.97531 0.81653
vt 0.42615 0.66767
vt 0.67052 0.87124
vt 0.56889 0.97400
vt 0.98235 0.19934
vt 0.19376 0.13419
vt 0.97703 0.19815
vt 0.08007 0.66370
vt 0.06887 0.66070
vt 0.08643 0.66071
vt 0.32559 0.00617
vt 0.32620 0.01309
vt 0.31314 0.00563
vt 0.05248 0.06912
vt 0.05183 0.06189
vt 0.06782 0.06189
vt 0.27181 0.69110
vt 0.26317 0.69110
vt 0.27688 0.68791
vt 0.47494 0.63462
vt 0.46605 0.63462
vt 0.47839 0.62348
vt 0.13453 0.55016
vt 0.45068 0.62227
vt 0.14932 0.16733
vt 0.14932 0.17416
vt 0.14393 0.16815
vt 0.31697 0.01333
vt 0.34578 0.09494
vt 0.30736 0.10575
vt 0.30192 0.09552
vt 0.11738 0.01998
vt 0.11807 0.02700
vt 0.10621 0.03085
vt 0.13005 0.56337
vt 0.14441 0.17702
vt 0.68802 0.08727
vt 0.68343 0.10713
vt 0.68270 0.09648
vt 0.03058 0.28009
vt 0.02995 0.29568
vt 0.02167 0.29496
vt 0.14013 0.63306
vt 0.13665 0.63306
vt 0.14048 0.62724
vt 0.45680 0.63415
vt 0.67775 0.28925
vt 0.28249 0.69090
vt 0.68268 0.28971
vt 0.13617 0.62073
vt 0.97654 0.33295
vt 0.97654 0.34465
vt 0.97605 0.34520
vt 0.14473 0.18629
vt 0.21386 0.23680
vt 0.20230 0.19382
vt 0.32745 0.08850
vt 0.33925 0.08487
vt 0.44228 0.63363
vt 0.31891 0.09102
vt 0.13057 0.55001
vt 0.19962 0.12159
vt 0.09395 0.02770
vt 0.14929 0.19403
vt 0.13577 0.61183
vt 0.10124 0.66250
vt 0.43899 0.62174
vt 0.14071 0.59099
vt 0.10179 0.66415
vt 0.14508 0.20081
vt 0.68177 0.08429
vt 0.94997 0.69214
vt 0.94997 0.70706
vt 0.94823 0.69326
vt 0.02270 0.27031
vt 0.79843 0.95183
vt 0.81235 0.95183
vt 0.81034 0.95635
vt 0.60261 0.19527
vt 0.64096 0.22862
vt 0.43378 0.63326
vt 0.43835 0.62136
vt 0.29472 0.69098
vt 0.20294 0.11027
vt 0.19535 0.11812
vt 0.03448 0.06207
vt 0.04726 0.96687
vt 0.04726 0.97082
vt 0.03568 0.96680
vt 0.99354 0.25381
vt 0.98823 0.25239
vt 0.99481 0.25218
vt 0.29423 0.68765
vt 0.14930 0.19907
vt 0.93815 0.97882
vt 0.93521 0.97608
vt 0.94103 0.96829
vt 0.38146 0.22943
vt 0.38190 0.23444
vt 0.36817 0.21579
vt 0.08602 0.03690
vt 0.39052 0.22122
vt 0.38749 0.21649
vt 0.38932 0.21474
vt 0.03896 0.07035
vt 0.84045 0.71394
vt 0.86111 0.70722
vt 0.86165 0.71273
vt 0.00893 0.60262
vt 0.00771 0.60000
vt 0.01178 0.60043
vt 0.78685 0.44609
vt 0.78500 0.42494
vt 0.78648 0.42018
vt 0.29206 0.00618
vt 0.00719 0.60248
vt 0.13524 0.59426
vt 0.01169 0.60794
vt 0.68346 0.08263
vt 0.38102 0.21909
vt 0.98120 0.74798
vt 0.98294 0.73815
vt 0.98292 0.74987
vt 0.72483 0.99848
vt 0.72460 0.99353
vt 0.72696 0.99374
vt 0.72699 0.99711
vt 0.03072 0.26651
vt 0.41845 0.00355
vt 0.41845 0.00992
vt 0.41688 0.00656
vt 0.50209 0.83671
vt 0.49656 0.83957
vt 0.49683 0.83549
vt 0.00979 0.60809
vt 0.14949 0.20942
vt 0.02756 0.26613
vt 0.98670 0.47464
vt 0.98736 0.48212
vt 0.98082 0.47480
vt 0.38211 0.21596
vt 0.37510 0.21687
vt 0.68174 0.07550
vt 0.98114 0.73856
vt 0.84475 0.99275
vt 0.84293 0.99835
vt 0.84294 0.99217
vt 0.14548 0.20931
vt 0.02323 0.26529
vt 0.03557 0.97051
vt 0.39096 0.98030
vt 0.38383 0.97862
vt 0.38383 0.97367
vt 0.68391 0.07633
vt 0.08906 0.02894
vt 0.82515 0.22425
vt 0.82375 0.22544
vt 0.82090 0.22249
vt 0.83988 0.99610
vt 0.56547 0.23914
vt 0.63877 0.19279
vt 0.02831 0.26320
vt 0.39461 0.97329
vt 0.82058 0.21634
vt 0.83176 0.00454
vt 0.83311 0.00532
vt 0.83023 0.00867
vt 0.98071 0.48544
vt 0.50373 0.84154
vt 0.50881 0.83890
vt 0.98352 0.79787
vt 0.98058 0.79718
vt 0.98071 0.79562
vt 0.82557 0.01119
vt 0.67813 0.99157
vt 0.67668 0.98976
vt 0.67738 0.98825
vt 0.38412 0.25419
vt 0.50518 0.84784
vt 0.99048 0.79544
vt 0.98330 0.36669
vt 0.97428 0.36564
vt 0.97428 0.35537
vt 0.83296 0.01674
vt 0.82623 0.01986
vt 0.83198 0.02041
vt 0.51542 0.84126
vt 0.95117 0.73305
vt 0.96236 0.73951
vt 0.94882 0.73884
vt 0.96182 0.73307
vt 0.98965 0.79731
vt 0.34301 0.21994
vt 0.34779 0.29823
vt 0.66967 0.99340
vt 0.85354 0.93022
vt 0.86526 0.93037
vt 0.86624 0.94153
vt 0.98329 0.35692
vt 0.96375 0.70223
vt 0.96562 0.70603
vt 0.96030 0.70745
vt 0.51536 0.84914
vt 0.98162 0.60695
vt 0.98289 0.61714
vt 0.97419 0.61714
vt 0.85133 0.94078
vt 0.97177 0.70701
vt 0.23489 0.96024
vt 0.23253 0.96521
vt 0.22919 0.96123
vt 0.97283 0.70327
vt 0.66973 0.98814
vt 0.93141 0.25956
vt 0.93139 0.27312
vt 0.92148 0.27577
vt 0.82358 0.21315
vt 0.93639 0.48935
vt 0.93416 0.48458
vt 0.94907 0.48377
vt 0.37544 0.66301
vt 0.37141 0.65726
vt 0.37921 0.65635
vt 0.22924 0.97189
vt 0.23237 0.97144
vt 0.60245 0.90182
vt 0.60417 0.90070
vt 0.60651 0.90897
vt 0.37197 0.66042
vt 0.64266 0.19962
vt 0.64278 0.20618
vt 0.00520 0.68562
vt 0.00593 0.68419
vt 0.00927 0.68414
vt 0.04662 0.00274
vt 0.05468 0.00274
vt 0.04721 0.00424
vt 0.94367 0.49281
vt 0.61198 0.90544
vt 0.81271 0.21395
vt 0.01130 0.20085
vt 0.00856 0.19894
vt 0.01140 0.19186
vt 0.90166 0.82570
vt 0.89919 0.82502
vt 0.89428 0.82293
vt 0.94823 0.49577
vt 0.81164 0.21169
vt 0.92139 0.26584
vt 0.94929 0.00193
vt 0.94464 0.00024
vt 0.95007 0.00007
vt 0.89487 0.83342
vt 0.36485 0.65702
vt 0.97120 0.60691
vt 0.80559 0.21174
vt 0.89256 0.83271
vt 0.92227 0.25916
vt 0.34734 0.21950
vt 0.61312 0.91579
vt 0.60808 0.91766
vt 0.00752 0.09189
vt 0.00995 0.09359
vt 0.00775 0.10072
vt 0.89734 0.83855
vt 0.89126 0.83933
vt 0.41553 0.00008
vt 0.41468 0.00191
vt 0.40932 0.00055
vt 0.89506 0.84009
vt 0.89471 0.84324
vt 0.71546 0.35439
vt 0.70843 0.35066
vt 0.71143 0.35036
vt 0.52843 0.99507
vt 0.52936 0.99794
vt 0.52753 0.99790
vt 0.99933 0.86598
vt 0.99933 0.87204
vt 0.99767 0.87125
vt 0.49660 0.82958
vt 0.51731 0.82723
vt 0.51776 0.82974
vt 0.41701 0.57809
vt 0.41416 0.58666
vt 0.41224 0.58209
vt 0.49472 0.82594
vt 0.76133 0.67837
vt 0.75268 0.65193
vt 0.76133 0.65573
vt 0.64318 0.21732
vt 0.34701 0.66044
vt 0.39288 0.67525
vt 0.42233 0.68255
vt 0.39738 0.68304
vt 0.35370 0.65715
vt 0.44522 0.58811
vt 0.75687 0.67890
vt 0.64400 0.22464
vt 0.44676 0.57995
vt 0.42398 0.67567
vt 0.34634 0.65724
vt 0.99524 0.24948
vt 0.99652 0.24553
vt 0.99927 0.24877
vt 0.34438 0.21658
vt 0.64503 0.22837
vt 0.60669 0.26529
vt 0.68746 0.00014
vt 0.69110 0.00278
vt 0.68715 0.00436
vt 0.98466 0.21020
vt 0.98781 0.21545
vt 0.98428 0.21460
vt 0.64960 0.22564
vt 0.70770 0.38046
vt 0.75264 0.67826
vt 0.98998 0.21182
vt 0.99244 0.21031
vt 0.05528 0.99780
vt 0.05201 0.99780
vt 0.05478 0.99212
vt 0.99426 0.21190
vt 0.05224 0.99073
vt 0.99339 0.05555
vt 0.99411 0.06136
vt 0.99123 0.06171
vt 0.99580 0.05631
vt 0.00573 0.72694
vt 0.00675 0.72475
vt 0.00639 0.73333
vt 0.89671 0.08887
vt 0.91466 0.09004
vt 0.89710 0.09327
vt 0.85433 0.89048
vt 0.85526 0.90108
vt 0.85182 0.89024
vt 0.71412 0.38068
vt 0.45484 0.58858
vt 0.74716 0.00549
vt 0.74937 0.01163
vt 0.73977 0.01247
vt 0.85183 0.90816
vt 0.91399 0.09284
vt 0.73652 0.00579
vt 0.65332 0.86976
vt 0.66006 0.87365
vt 0.65349 0.88922
vt 0.46351 0.58030
vt 0.08090 0.88174
vt 0.08090 0.86228
vt 0.08827 0.87732
vt 0.72169 0.00644
vt 0.17480 0.10846
vt 0.20314 0.24431
vt 0.22484 0.22917
vt 0.59678 0.19550
vt 0.67730 0.98039
vt 0.67232 0.96921
vt 0.01101 0.58108
vt 0.01824 0.59024
vt 0.68050 0.97119
vt 0.89260 0.50167
vt 0.90069 0.50167
vt 0.88175 0.50410
vt 0.01767 0.58092
vt 0.24189 0.87300
vt 0.24292 0.88407
vt 0.23961 0.87491
vt 0.89202 0.50710
vt 0.84788 0.70501
vt 0.83946 0.70501
vt 0.85211 0.69555
vt 0.23617 0.98140
vt 0.24022 0.98068
vt 0.24687 0.98116
vt 0.24243 0.86493
vt 0.40210 0.85431
vt 0.40436 0.86764
vt 0.40613 0.85516
vt 0.89558 0.50781
vt 0.02570 0.71450
vt 0.01771 0.71450
vt 0.01954 0.71315
vt 0.40961 0.85615
vt 0.85130 0.68288
vt 0.84131 0.68271
vt 0.42104 0.86223
vt 0.72367 0.01208
vt 0.72964 0.01005
vt 0.73139 0.02247
vt 0.68035 0.37090
vt 0.67834 0.35950
vt 0.68262 0.37106
vt 0.73770 0.01938
vt 0.67525 0.35927
vt 0.80650 0.24138
vt 0.80786 0.23267
vt 0.82736 0.23977
vt 0.67769 0.34767
vt 0.73874 0.03118
vt 0.99149 0.68895
vt 0.98356 0.68895
vt 0.98898 0.67832
vt 0.73206 0.03036
vt 0.67244 0.33854
vt 0.97092 0.10891
vt 0.97330 0.12163
vt 0.82583 0.23348
vt 0.97737 0.11162
vt 0.67784 0.34176
vt 0.90524 0.40732
vt 0.91440 0.41373
vt 0.22000 0.95281
vt 0.21312 0.94704
vt 0.22629 0.94669
vt 0.90448 0.40946
vt 0.73303 0.59980
vt 0.74102 0.58861
vt 0.73245 0.03736
vt 0.74733 0.16294
vt 0.73940 0.03705
vt 0.89924 0.41404
vt 0.35982 0.35097
vt 0.75294 0.16968
vt 0.47068 0.99221
vt 0.47061 0.98570
vt 0.47949 0.98413
vt 0.47943 0.99241
vt 0.22650 0.95320
vt 0.60650 0.99744
vt 0.60648 0.99059
vt 0.60959 0.99059
vt 0.82973 0.23485
vt 0.53815 0.87612
vt 0.54126 0.87595
vt 0.53717 0.87803
vt 0.99106 0.93339
vt 0.99680 0.93331
vt 0.99699 0.93545
vt 0.63406 0.99163
vt 0.63398 0.99815
vt 0.63125 0.99839
vt 0.40465 0.32141
vt 0.40799 0.32118
vt 0.41847 0.35559
vt 0.66768 0.33587
vt 0.67374 0.33364
vt 0.63091 0.99452
vt 0.41428 0.33780
vt 0.99767 0.97050
vt 0.99752 0.96623
vt 0.99948 0.96563
vt 0.54069 0.88112
vt 0.18252 0.00483
vt 0.17377 0.00483
vt 0.18004 0.00365
vt 0.99807 0.62154
vt 0.99419 0.62154
vt 0.99838 0.61952
vt 0.67826 0.33350
vt 0.60139 0.75204
vt 0.53846 0.88042
vt 0.82154 0.95950
vt 0.81799 0.95527
vt 0.82273 0.95965
vt 0.99413 0.61898
vt 0.81839 0.96738
vt 0.19591 0.00074
vt 0.19132 0.00305
vt 0.19162 0.00074
vt 0.74072 0.58010
vt 0.19585 0.00325
vt 0.53159 0.87934
vt 0.08470 0.29359
vt 0.08614 0.29755
vt 0.07947 0.29538
vt 0.53185 0.88437
vt 0.02162 0.40603
vt 0.01542 0.40755
vt 0.01542 0.39419
vt 0.02128 0.40349
vt 0.75223 0.15192
vt 0.59455 0.74753
vt 0.02335 0.40208
vt 0.00684 0.78427
vt 0.00837 0.77611
vt 0.01126 0.78325
vt 0.52672 0.87948
vt 0.52628 0.88670
vt 0.00520 0.77760
vt 0.74657 0.15446
vt 0.73254 0.57233
vt 0.74021 0.57136
vt 0.02431 0.39528
vt 0.02145 0.39553
vt 0.67933 0.32019
vt 0.52906 0.88986
vt 0.32161 0.00054
vt 0.32510 0.00057
vt 0.32510 0.00345
vt 0.32194 0.00329
vt 0.53387 0.88626
vt 0.60172 0.74851
vt 0.30283 0.72827
vt 0.30283 0.73144
vt 0.29686 0.72754
vt 0.52671 0.88889
vt 0.67508 0.31432
vt 0.02113 0.38559
vt 0.29290 0.73093
vt 0.08521 0.31021
vt 0.29322 0.72804
vt 0.75223 0.14647
vt 0.57095 0.98465
vt 0.57095 0.98111
vt 0.57866 0.98528
vt 0.41637 0.34283
vt 0.57684 0.98225
vt 0.52610 0.89101
vt 0.74656 0.14571
vt 0.99778 0.65708
vt 0.99573 0.65559
vt 0.99769 0.65480
vt 0.00253 0.63715
vt 0.00119 0.63530
vt 0.00430 0.63583
vt 0.58025 0.97979
vt 0.99936 0.73161
vt 0.99765 0.73396
vt 0.99515 0.73162
vt 0.29545 0.72597
vt 0.99684 0.75044
vt 0.99368 0.75044
vt 0.99639 0.74906
vt 0.08464 0.33016
vt 0.07954 0.31475
vt 0.68115 0.30195
vt 0.99360 0.59267
vt 0.99791 0.59249
vt 0.99791 0.59856
vt 0.00123 0.01186
vt 0.00280 0.00600
vt 0.00426 0.01346
vt 0.00390 0.00696
vt 0.82117 0.00438
vt 0.81757 0.00438
vt 0.82044 0.00157
vt 0.42060 0.34753
vt 0.41967 0.34373
vt 0.99431 0.59863
vt 0.81655 0.00111
vt 0.01461 0.37589
vt 0.07853 0.32801
vt 0.67661 0.30110
vt 0.95545 0.95703
vt 0.94225 0.95703
vt 0.94987 0.95365
vt 0.28335 0.73056
vt 0.28020 0.72586
vt 0.02113 0.37603
vt 0.40883 0.35748
vt 0.39096 0.26885
vt 0.29298 0.23081
vt 0.27452 0.73007
vt 0.44338 0.00067
vt 0.44257 0.00182
vt 0.43686 0.00107
vt 0.28494 0.23305
vt 0.97923 0.47550
vt 0.19417 0.99187
vt 0.18631 0.99187
vt 0.19504 0.98618
vt 0.41476 0.36054
vt 0.27401 0.72565
vt 0.97318 0.47319
vt 0.18620 0.98646
vt 0.20172 0.95291
vt 0.21145 0.95862
vt 0.20288 0.95948
vt 0.71836 0.96624
vt 0.71815 0.97486
vt 0.70679 0.97486
vt 0.20597 0.95161
vt 0.21142 0.94727
vt 0.99123 0.73242
vt 0.98562 0.72919
vt 0.99495 0.72915
vt 0.99542 0.73048
vt 0.29511 0.22238
vt 0.99103 0.94075
vt 0.98912 0.94602
vt 0.28497 0.22364
vt 0.28818 0.22458
vt 0.77676 0.97962
vt 0.76899 0.98156
vt 0.76890 0.97962
vt 0.40600 0.32018
vt 0.97689 0.47349
vt 0.98891 0.63513
vt 0.98666 0.62694
vt 0.99066 0.63100
vt 0.20575 0.94620
vt 0.99528 0.76397
vt 0.99252 0.76363
vt 0.99650 0.76248
vt 0.98759 0.94216
vt 0.64942 0.00001
vt 0.65119 0.00253
vt 0.64921 0.00449
vt 0.96118 0.59537
vt 0.96244 0.59684
vt 0.96294 0.59973
vt 0.98422 0.63473
vt 0.98390 0.53733
vt 0.97615 0.52608
vt 0.76765 0.98871
vt 0.77635 0.98894
vt 0.99233 0.62810
vt 0.99178 0.62635
vt 0.97713 0.91874
vt 0.98445 0.93007
vt 0.97713 0.93003
vt 0.84471 0.00431
vt 0.84465 0.00625
vt 0.84391 0.00423
vt 0.00250 0.33461
vt 0.00200 0.33310
vt 0.00398 0.33305
vt 0.28957 0.22076
vt 0.09703 0.78667
vt 0.09787 0.78878
vt 0.09637 0.78932
vt 0.98447 0.95518
vt 0.97312 0.94508
vt 0.98447 0.94477
vt 0.98381 0.52604
vt 0.35895 0.38162
vt 0.89975 0.99778
vt 0.89781 0.99584
vt 0.90508 0.99573
vt 0.98112 0.71335
vt 0.98295 0.71319
vt 0.98198 0.72493
vt 0.70696 0.96377
vt 0.29081 0.21326
vt 0.11082 0.78785
vt 0.40318 0.36768
vt 0.86663 0.97665
vt 0.86642 0.97744
vt 0.85542 0.97702
vt 0.71524 0.02272
vt 0.71524 0.01171
vt 0.71690 0.01279
vt 0.75842 0.97641
vt 0.75820 0.97064
vt 0.76925 0.96869
vt 0.29102 0.21297
vt 0.97369 0.95643
vt 0.97742 0.24752
vt 0.97216 0.23603
vt 0.97742 0.23643
vt 0.97395 0.59974
vt 0.76883 0.97642
vt 0.34949 0.36929
vt 0.34287 0.36342
vt 0.98368 0.91941
vt 0.10789 0.78977
vt 0.75436 0.92361
vt 0.75014 0.92007
vt 0.75776 0.91923
vt 0.99248 0.17529
vt 0.98491 0.17595
vt 0.98456 0.17485
vt 0.75740 0.92336
vt 0.97170 0.23994
vt 0.97311 0.59623
vt 0.01085 0.11982
vt 0.01085 0.12868
vt 0.00861 0.12813
vt 0.80106 0.81350
vt 0.80222 0.80791
vt 0.81589 0.80671
vt 0.37948 0.64886
vt 0.38527 0.64835
vt 0.96619 0.24077
vt 0.96661 0.24850
vt 0.75354 0.93083
vt 0.29467 0.20866
vt 0.60798 0.96147
vt 0.62057 0.95658
vt 0.61894 0.96147
vt 0.75065 0.92663
vt 0.74723 0.92778
vt 0.10924 0.79517
vt 0.96700 0.85864
vt 0.95914 0.85645
vt 0.95914 0.84545
vt 0.76359 0.24269
vt 0.76739 0.24167
vt 0.76365 0.24850
vt 0.60879 0.95619
vt 0.96686 0.84768
vt 0.38498 0.27547
vt 0.75159 0.93453
vt 0.75728 0.93346
vt 0.75693 0.93456
vt 0.95115 0.05153
vt 0.95140 0.03845
vt 0.95855 0.03971
vt 0.28699 0.21081
vt 0.81463 0.81617
vt 0.01724 0.06355
vt 0.01420 0.06382
vt 0.01662 0.05194
vt 0.28808 0.19778
vt 0.78261 0.39372
vt 0.78333 0.40373
vt 0.01433 0.05378
vt 0.76784 0.25417
vt 0.39301 0.64838
vt 0.29540 0.20000
vt 0.12085 0.78698
vt 0.12170 0.79404
vt 0.82458 0.80658
vt 0.76364 0.25625
vt 0.01701 0.04347
vt 0.95903 0.05134
vt 0.95273 0.05237
vt 0.92693 0.38992
vt 0.93050 0.38481
vt 0.92795 0.39144
vt 0.95602 0.66230
vt 0.95602 0.66854
vt 0.94169 0.66839
vt 0.40095 0.64844
vt 0.78594 0.41965
vt 0.82469 0.81557
vt 0.91930 0.38990
vt 0.91381 0.38651
vt 0.91493 0.38512
vt 0.76669 0.26881
vt 0.91899 0.39214
vt 0.41892 0.65368
vt 0.38042 0.65404
vt 0.78675 0.39372
vt 0.49184 0.28866
vt 0.44794 0.35253
vt 0.35379 0.10579
vt 0.14147 0.61233
vt 0.47806 0.33353
vt 0.48660 0.39137
vt 0.14543 0.62194
vt 0.48301 0.10421
vt 0.38444 0.11550
vt 0.37442 0.10652
vt 0.48105 0.11110
vt 0.37373 0.11525
vt 0.48527 0.32350
vt 0.14141 0.63451
vt 0.66207 0.34488
vt 0.65366 0.35059
vt 0.49912 0.38236
vt 0.47076 0.11410
vt 0.39759 0.11577
vt 0.14519 0.63430
vt 0.46365 0.11174
vt 0.34582 0.98111
vt 0.33643 0.98331
vt 0.48912 0.32351
vt 0.65539 0.35522
vt 0.67469 0.36931
vt 0.33595 0.98110
vt 0.48113 0.38315
vt 0.48404 0.37925
vt 0.39659 0.10725
vt 0.48438 0.37372
vt 0.49018 0.32494
vt 0.98928 0.14904
vt 0.98913 0.14727
vt 0.99151 0.14818
vt 0.98176 0.98961
vt 0.97684 0.99295
vt 0.97667 0.98916
vt 0.98463 0.98911
vt 0.04309 0.00488
vt 0.04346 0.00002
vt 0.04572 0.00002
vt 0.65377 0.36010
vt 0.04573 0.00497
vt 0.45825 0.11815
vt 0.98541 0.99343
vt 0.50374 0.30429
vt 0.45680 0.11440
vt 0.50912 0.36084
vt 0.48395 0.36240
vt 0.48237 0.37566
vt 0.67670 0.37638
vt 0.00434 0.68695
vt 0.00046 0.68626
vt 0.00410 0.68431
vt 0.81284 0.99782
vt 0.81087 0.99846
vt 0.80991 0.99455
vt 0.64280 0.56615
vt 0.63405 0.56611
vt 0.63383 0.56357
vt 0.00015 0.68440
vt 0.99233 0.15648
vt 0.65297 0.35833
vt 0.65797 0.56408
vt 0.00329 0.06975
vt 0.00134 0.06975
vt 0.00338 0.06787
vt 0.00062 0.06748
vt 0.67862 0.37716
vt 0.67437 0.38015
vt 0.98892 0.15193
vt 0.67877 0.00376
vt 0.67723 0.00187
vt 0.68005 0.00175
vt 0.98871 0.15712
vt 0.48274 0.37189
vt 0.67812 0.00023
vt 0.97266 0.41500
vt 0.98207 0.41334
vt 0.98293 0.41500
vt 0.97615 0.30060
vt 0.97737 0.29849
vt 0.97744 0.31079
vt 0.66558 0.56667
vt 0.21985 0.69016
vt 0.21112 0.69059
vt 0.19857 0.68181
vt 0.02277 0.04271
vt 0.01915 0.04335
vt 0.01937 0.02897
vt 0.20359 0.68175
vt 0.21796 0.68203
vt 0.18833 0.69101
vt 0.65055 0.37173
vt 0.51724 0.34624
vt 0.02195 0.02681
vt 0.97640 0.04200
vt 0.97640 0.05431
vt 0.97320 0.04267
vt 0.67750 0.39575
vt 0.83796 0.00019
vt 0.84122 0.00036
vt 0.83692 0.00375
vt 0.84005 0.00381
vt 0.01954 0.02395
vt 0.48033 0.36321
vt 0.48115 0.35301
vt 0.64356 0.37457
vt 0.64726 0.37015
vt 0.00245 0.23722
vt 0.00218 0.23410
vt 0.00980 0.23745
vt 0.47759 0.35639
vt 0.02091 0.01104
vt 0.00794 0.23420
vt 0.64475 0.37925
vt 0.67760 0.41558
vt 0.52349 0.32956
vt 0.94046 0.00127
vt 0.93529 0.00295
vt 0.93571 0.00005
vt 0.63675 0.38791
vt 0.52523 0.32397
vt 0.47784 0.33633
vt 0.63708 0.39363
vt 0.99879 0.39962
vt 0.99572 0.39962
vt 0.99828 0.39728
vt 0.97904 0.52030
vt 0.97856 0.51849
vt 0.98607 0.51867
vt 0.98851 0.51988
vt 0.01255 0.25457
vt 0.02171 0.25212
vt 0.02337 0.25537
vt 0.19624 0.99933
vt 0.19624 0.99568
vt 0.19797 0.99807
vt 0.98815 0.51812
vt 0.99883 0.16625
vt 0.99567 0.16646
vt 0.99518 0.16624
vt 0.99876 0.16804
vt 0.99585 0.16859
vt 0.80730 0.75598
vt 0.80729 0.74151
vt 0.80923 0.75507
vt 0.52295 0.16888
vt 0.50782 0.14951
vt 0.53903 0.50506
vt 0.54834 0.51636
vt 0.49953 0.15629
vt 0.80895 0.74043
vt 0.54193 0.53152
vt 0.50489 0.16180
vt 0.80704 0.73171
vt 0.80884 0.73172
vt 0.51964 0.54395
vt 0.55399 0.52300
vt 0.55246 0.52539
vt 0.80807 0.73105
vt 0.51195 0.00357
vt 0.51195 0.00641
vt 0.51101 0.00603
vt 0.00641 0.46290
vt 0.00378 0.46300
vt 0.00307 0.46165
vt 0.99780 0.73755
vt 0.99733 0.73900
vt 0.99572 0.73843
vt 0.67215 0.00364
vt 0.67215 0.00534
vt 0.67116 0.00462
vt 0.49861 0.15636
vt 0.52820 0.54883
vt 0.55539 0.52336
vt 0.55940 0.52772
vt 0.58259 0.99291
vt 0.58034 0.99271
vt 0.58283 0.98699
vt 0.49977 0.19945
vt 0.49358 0.19493
vt 0.48452 0.18935
vt 0.29630 0.94546
vt 0.28818 0.94551
vt 0.29257 0.94331
vt 0.53233 0.55113
vt 0.98270 0.72601
vt 0.98270 0.73074
vt 0.98116 0.72567
vt 0.85829 0.10624
vt 0.85829 0.09448
vt 0.86229 0.11610
vt 0.53804 0.55428
vt 0.86277 0.09551
vt 0.03235 0.93395
vt 0.03704 0.92982
vt 0.04684 0.93339
vt 0.93711 0.57909
vt 0.94687 0.58364
vt 0.93237 0.58362
vt 0.98291 0.73731
vt 0.98185 0.73741
vt 0.28154 0.94271
vt 0.58914 0.86840
vt 0.57820 0.87311
vt 0.56854 0.86861
vt 0.28214 0.94543
vt 0.58784 0.87265
vt 0.94676 0.57903
vt 0.48327 0.18439
vt 0.54210 0.55106
vt 0.54636 0.55536
vt 0.94491 0.17347
vt 0.94438 0.17861
vt 0.93868 0.17861
vt 0.94654 0.17863
vt 0.94734 0.17416
vt 0.95353 0.17848
vt 0.95012 0.17408
vt 0.94117 0.17164
vt 0.94393 0.17307
vt 0.03100 0.92990
vt 0.53921 0.00595
vt 0.53315 0.00573
vt 0.53315 0.00003
vt 0.00525 0.98453
vt 0.01053 0.97768
vt 0.00510 0.97755
vt 0.95261 0.16889
vt 0.94245 0.16904
vt 0.94372 0.16847
vt 0.95131 0.16998
vt 0.94461 0.16529
vt 0.94788 0.16690
vt 0.95064 0.16518
vt 0.37198 0.93306
vt 0.37991 0.93881
vt 0.37251 0.93909
vt 0.47540 0.18136
vt 0.95219 0.60186
vt 0.95785 0.60235
vt 0.95248 0.60604
vt 0.95799 0.60678
vt 0.95223 0.61568
vt 0.38506 0.93272
vt 0.38278 0.93848
vt 0.38700 0.93947
vt 0.00696 0.48766
vt 0.00101 0.49424
vt 0.00052 0.48823
vt 0.52006 0.14136
vt 0.53868 0.50546
vt 0.67232 0.96921
vt 0.67232 0.96921
vt 0.67232 0.96921
vt 0.67232 0.96921
vt 0.67232 0.96921
vt 0.67232 0.96921
vt 0.67232 0.96921
vt 0.67232 0.96921
vt 0.67232 0.96921
vt 0.67232 0.96921
vt 0.67232 0.96921
vt 0.67232 0.96921
vt 0.67232 0.96921
vt 0.67232 0.96921
vt 0.67232 0.96921
vt 0.67232 0.96921
vt 0.67232 0.96921
vt 0.67232 0.96921
vt 0.67232 0.96921
vt 0.67232 0.96921
vt 0.67232 0.96921
vt 0.67232 0.96921
vt 0.67232 0.96921
vt 0.67232 0.96921
vt 0.67232 0.96921
vt 0.67232 0.96921
vt 0.67232 0.96921
vt 0.67232 0.96921
vt 0.67232 0.96921
vt 0.67232 0.96921
vt 0.67232 0.96921
vt 0.67232 0.96921
vt 0.67232 0.96921
vt 0.67232 0.96921
vt 0.67232 0.96921
vt 0.67232 0.96921
vt 0.67232 0.96921
vt 0.67232 0.96921
vt 0.67232 0.96921
vt 0.67232 0.96921
vt 0.67232 0.96921
vt 0.67232 0.96921
vt 0.67232 0.96921
vt 0.67232 0.96921
vt 0.67232 0.96921
vt 0.67232 0.96921
vt 0.67232 0.96921
vt 0.67232 0.96921
vt 0.67232 0.96921
vt 0.67232 0.96921
vt 0.67232 0.96921
vt 0.67232 0.96921
vt 0.67232 0.96921
vt 0.67232 0.96921
vt 0.67232 0.96921
vt 0.67232 0.96921
vt 0.67232 0.96921
vt 0.67232 0.96921
vt 0.67232 0.96921
vt 0.67232 0.96921
vt 0.67232 0.96921
vt 0.67232 0.96921
vt 0.67232 0.96921
vt 0.67232 0.96921
vt 0.67232 0.96921
vt 0.67232 0.96921
vt 0.67232 0.96921
vt 0.67232 0.96921
vt 0.67232 0.96921
vt 0.55940 0.52772
vt 0.55940 0.52772
vt 0.55940 0.52772
vt 0.55940 0.52772
vt 0.55940 0.52772
vt 0.55940 0.52772
vt 0.55940 0.52772
vt 0.55940 0.52772
vt 0.55940 0.52772
vt 0.55940 0.52772
vt 0.55940 0.52772
vt 0.55940 0.52772
vt 0.55940 0.52772
vt 0.55940 0.52772
vt 0.55940 0.52772
vt 0.55940 0.52772
vt 0.55940 0.52772
vt 0.55940 0.52772
vt 0.55940 0.52772
vn -0.8345 -0.5416 -0.1014
vn -0.1940 0.2904 0.9370
vn -0.1940 0.2904 0.9370
vn -0.1940 0.2904 0.9370
vn 0.2668 -0.9506 0.1587
vn 0.2576 -0.9648 0.0522
vn -0.4000 0.9130 -0.0797
vn -0.4010 0.9119 -0.0874
vn -0.4063 0.9045 -0.1295
vn -0.1697 0.2546 0.9521
vn -0.1779 0.3019 0.9366
vn -0.1723 0.2724 0.9466
vn -0.4074 0.9027 -0.1388
vn -0.1968 0.3045 0.9320
vn 0.1442 -0.3330 -0.9318
vn 0.1471 -0.3265 -0.9337
vn 0.1489 -0.3222 -0.9349
vn 0.2119 -0.1512 -0.9655
vn 0.1491 -0.2423 -0.9587
vn -0.9097 -0.4034 -0.0980
vn -0.8105 -0.5836 -0.0502
vn -0.8105 -0.5836 -0.0502
vn -0.8105 -0.5836 -0.0502
vn 0.8048 0.5935 -0.0074
vn 0.8037 0.5933 -0.0450
vn -0.1983 0.2794 0.9395
vn 0.8147 0.5796 -0.0168
vn 0.8573 0.4661 -0.2185
vn 0.8589 0.4382 -0.2650
vn 0.7830 0.6141 0.0989
vn 0.2910 -0.8466 0.4457
vn 0.2782 -0.9090 0.3103
vn 0.2891 -0.8598 0.4209
vn -0.8863 -0.4510 -0.1052
vn -0.1984 0.2528 0.9469
vn 0.1409 -0.3407 -0.9295
vn 0.2754 -0.9176 0.2866
vn 0.2629 -0.9444 0.1974
vn 0.1404 -0.2302 -0.9630
vn 0.1859 -0.9494 0.2531
vn 0.6262 -0.7745 0.0893
vn 0.6267 -0.7733 0.0964
vn 0.6248 -0.7754 0.0911
vn 0.1855 -0.2904 -0.9388
vn 0.1829 -0.2645 -0.9469
vn 0.1496 -0.2853 -0.9467
vn -0.0988 0.1256 0.9871
vn -0.0901 0.1174 0.9890
vn -0.1330 0.0857 0.9874
vn 0.5834 -0.6756 0.4508
vn 0.5843 -0.6722 0.4546
vn 0.5823 -0.6924 0.4260
vn 0.2510 -0.1583 -0.9550
vn 0.2395 -0.1975 -0.9506
vn 0.2462 -0.1886 -0.9507
vn 0.7829 0.6179 0.0727
vn 0.2301 -0.2244 -0.9469
vn -0.6812 -0.7087 0.1833
vn -0.7568 -0.6536 -0.0021
vn -0.7193 -0.6893 0.0862
vn 0.1648 -0.2433 -0.9558
vn -0.1075 0.2855 0.9523
vn -0.2105 0.1620 0.9641
vn -0.1844 0.1954 0.9632
vn -0.4426 0.6104 -0.6569
vn -0.4161 0.6008 -0.6826
vn -0.4839 0.6150 -0.6226
vn 0.7836 0.6177 0.0667
vn -0.7846 -0.6180 -0.0505
vn -0.1861 0.2427 0.9521
vn -0.1386 0.2491 0.9585
vn -0.1468 0.2514 0.9567
vn -0.5765 0.7821 0.2366
vn -0.6174 0.7684 0.1683
vn -0.6028 0.7741 0.1934
vn -0.7377 -0.6702 -0.0814
vn -0.7698 -0.6365 -0.0471
vn -0.8037 -0.5950 0.0097
vn 0.2205 -0.2121 -0.9520
vn 0.8179 0.5754 0.0011
vn 0.5661 -0.6906 0.4500
vn 0.8182 0.5749 0.0089
vn -0.8134 -0.5813 0.0230
vn 0.7551 0.2967 -0.5846
vn 0.7551 0.2967 -0.5846
vn 0.7551 0.2967 -0.5846
vn -0.7788 -0.6223 -0.0796
vn -0.1602 0.2531 0.9541
vn -0.1542 0.2493 0.9561
vn -0.0852 0.3069 0.9479
vn -0.0827 0.3137 0.9459
vn 0.2102 -0.2266 -0.9510
vn -0.0672 0.3352 0.9397
vn 0.7835 0.6176 0.0692
vn 0.2183 -0.1570 -0.9632
vn -0.4991 0.5860 -0.6383
vn -0.7801 -0.6201 -0.0835
vn -0.8080 -0.5689 0.1534
vn 0.6044 -0.7874 -0.1214
vn 0.1414 -0.0102 -0.9899
vn -0.8100 -0.5590 0.1773
vn 0.6011 -0.7866 -0.1415
vn -0.8101 -0.5843 -0.0483
vn -0.1928 0.2344 0.9528
vn 0.5886 -0.6736 -0.4470
vn 0.5886 -0.6736 -0.4470
vn 0.5886 -0.6736 -0.4470
vn -0.5566 0.7898 0.2576
vn -0.2890 0.9292 -0.2305
vn -0.2890 0.9292 -0.2305
vn -0.2890 0.9292 -0.2305
vn -0.2859 0.2662 0.9205
vn -0.0820 0.2205 0.9719
vn 0.1769 -0.1970 -0.9643
vn 0.0484 0.2559 -0.9655
vn 0.6312 -0.7287 0.2657
vn 0.3269 0.3825 -0.8642
vn 0.3610 0.2797 -0.8896
vn -0.0969 0.1688 0.9809
vn -0.3955 0.8834 -0.2515
vn -0.3936 0.8898 -0.2310
vn -0.3869 0.9065 -0.1689
vn 0.7318 0.3563 -0.5810
vn 0.7318 0.3563 -0.5810
vn 0.7318 0.3563 -0.5810
vn 0.6381 -0.7315 0.2404
vn -0.8080 -0.5859 -0.0625
vn -0.2581 0.8974 -0.3578
vn -0.2581 0.8974 -0.3578
vn -0.2581 0.8974 -0.3578
vn 0.3111 -0.1770 -0.9337
vn 0.3069 -0.1822 -0.9341
vn 0.2757 -0.2285 -0.9337
vn -0.4990 0.5768 -0.6467
vn 0.2723 -0.2576 -0.9271
vn 0.2768 -0.2438 -0.9295
vn 0.3110 -0.1807 -0.9331
vn -0.1217 0.1813 0.9759
vn 0.1970 -0.3027 -0.9325
vn 0.1970 -0.3027 -0.9325
vn 0.1970 -0.3027 -0.9325
vn 0.9846 0.0328 -0.1716
vn 0.9846 -0.1203 -0.1268
vn 0.9867 0.0925 -0.1340
vn -0.1913 0.5559 -0.8090
vn -0.1913 0.5559 -0.8090
vn -0.1913 0.5559 -0.8090
vn 0.1325 -0.3034 -0.9436
vn 0.9010 -0.2857 -0.3265
vn -0.8110 -0.5562 0.1814
vn 0.9252 0.3795 -0.0080
vn -0.2038 0.1630 0.9654
vn 0.3147 -0.2214 -0.9230
vn 0.8804 0.2803 0.3825
vn 0.8738 0.2790 0.3982
vn 0.8810 0.2805 0.3810
vn 0.9951 -0.0794 0.0596
vn 0.9975 -0.0257 0.0665
vn 0.9967 -0.0508 0.0633
vn 0.9910 -0.1223 0.0540
vn -0.4767 0.8442 0.2450
vn 0.3355 0.9414 -0.0359
vn 0.3355 0.9414 -0.0359
vn 0.3355 0.9414 -0.0359
vn 0.5259 -0.7918 0.3108
vn 0.4729 -0.8483 0.2384
vn 0.4185 -0.8974 0.1398
vn 0.8870 0.4525 0.0920
vn -0.8183 -0.5738 0.0334
vn -0.4662 0.8475 0.2538
vn 0.1994 -0.1693 -0.9652
vn 0.2105 -0.1553 -0.9652
vn 0.2070 -0.1597 -0.9652
vn 0.2810 -0.2724 -0.9203
vn 0.3170 -0.1960 -0.9280
vn -0.2427 0.2830 0.9279
vn 0.8728 0.2788 0.4007
vn -0.1660 0.9535 -0.2516
vn -0.1493 0.9482 -0.2803
vn -0.1584 0.9512 -0.2648
vn -0.8134 -0.5771 0.0734
vn -0.5282 0.8029 0.2762
vn -0.3842 0.9114 -0.1473
vn 0.4172 -0.8292 0.3719
vn 0.4600 -0.8271 0.3229
vn 0.4310 -0.8289 0.3565
vn -0.2547 0.3341 0.9075
vn -0.4941 0.5758 -0.6514
vn -0.0337 0.9631 -0.2670
vn 0.0316 0.9471 -0.3193
vn -0.0726 0.9654 -0.2504
vn -0.1437 0.9462 -0.2898
vn -0.2949 0.2303 0.9273
vn -0.2930 0.1956 0.9359
vn -0.2902 0.9320 0.2173
vn 0.3997 -0.8291 0.3909
vn -0.1772 0.9607 -0.2138
vn 0.9305 0.2241 -0.2897
vn 0.9339 0.2123 -0.2877
vn 0.9223 0.1875 -0.3379
vn 0.2159 -0.1484 -0.9651
vn 0.5289 -0.8056 0.2669
vn 0.4641 -0.8657 0.1876
vn 0.2059 0.1614 0.9652
vn 0.3084 0.0734 0.9484
vn 0.2595 0.1212 0.9581
vn 0.9241 0.0730 -0.3751
vn -0.4579 -0.8743 0.1609
vn -0.2697 -0.9521 0.1443
vn -0.2970 -0.9481 0.1132
vn 0.2689 -0.2538 -0.9291
vn 0.4433 -0.8814 0.1629
vn 0.1758 0.1144 0.9778
vn -0.0527 0.9784 0.1997
vn -0.0389 0.9845 0.1709
vn -0.0544 0.9776 0.2033
vn 0.9410 0.1264 -0.3138
vn 0.9458 0.1158 -0.3033
vn 0.9384 0.2864 -0.1935
vn 0.4266 -0.8885 0.1692
vn 0.8961 0.1281 -0.4249
vn 0.9292 0.1048 -0.3544
vn 0.8711 0.1430 -0.4698
vn 0.9516 0.0852 -0.2952
vn 0.1707 0.0857 0.9816
vn 0.2910 -0.1611 -0.9431
vn 0.2635 -0.2737 -0.9250
vn -0.2641 -0.9630 0.0534
vn 0.0583 0.2008 0.9779
vn 0.0718 0.2185 0.9732
vn 0.0611 0.2045 0.9770
vn -0.0686 0.9701 0.2329
vn -0.0220 0.9997 0.0060
vn -0.0649 0.9976 -0.0226
vn 0.1300 0.9875 0.0894
vn 0.4555 -0.8651 0.2099
vn -0.2185 0.7609 -0.6110
vn -0.1988 0.7745 -0.6005
vn -0.2163 0.7625 -0.6098
vn 0.0491 0.1887 0.9808
vn -0.1753 0.9819 -0.0717
vn 0.2473 -0.3394 -0.9076
vn 0.0083 -0.1588 -0.9873
vn 0.1089 -0.2400 -0.9646
vn -0.1723 0.9829 -0.0657
vn -0.2812 -0.9586 0.0450
vn -0.0251 -0.0874 -0.9959
vn 0.0233 -0.0993 -0.9948
vn -0.0122 -0.0871 -0.9961
vn -0.2174 0.9545 -0.2040
vn -0.8669 -0.1436 0.4773
vn -0.8650 -0.1439 0.4807
vn -0.9032 -0.0894 0.4198
vn 0.1967 -0.8074 0.5562
vn 0.4388 -0.7545 0.4881
vn 0.0919 -0.8105 0.5785
vn -0.0997 -0.0484 -0.9938
vn -0.0965 -0.0356 -0.9947
vn -0.6848 -0.4494 0.5737
vn -0.7945 -0.3091 0.5227
vn -0.9144 -0.0917 0.3944
vn 0.5627 -0.7073 0.4279
vn -0.2593 0.1126 0.9592
vn -0.3076 0.2157 0.9268
vn -0.0545 -0.6599 0.7494
vn -0.0545 -0.6599 0.7494
vn -0.0545 -0.6599 0.7494
vn -0.3892 0.4209 0.8194
vn -0.3892 0.4209 0.8194
vn -0.3892 0.4209 0.8194
vn -0.9196 -0.0608 0.3880
vn -0.9234 -0.0506 0.3804
vn -0.5060 0.8462 -0.1669
vn -0.9576 -0.1292 0.2576
vn -0.9576 -0.1292 0.2576
vn -0.9576 -0.1292 0.2576
vn -0.9699 -0.2261 0.0909
vn -0.9704 -0.2240 0.0903
vn -0.9716 -0.2199 0.0878
vn -0.9550 0.0254 0.2956
vn -0.5425 0.8314 -0.1204
vn -0.0551 -0.0760 -0.9956
vn -0.2163 -0.7781 -0.5897
vn -0.2163 -0.7781 -0.5897
vn -0.2163 -0.7781 -0.5897
vn -0.9869 -0.1250 0.1019
vn 0.5646 -0.6852 0.4601
vn -0.2342 0.7496 -0.6190
vn -0.5470 0.8324 -0.0887
vn -0.9854 -0.1554 0.0692
vn -0.0418 -0.0895 -0.9951
vn 0.2887 -0.1380 -0.9474
vn -0.9248 -0.0993 0.3672
vn -0.9216 -0.1246 0.3677
vn 0.5911 0.5392 -0.5999
vn 0.5911 0.5392 -0.5999
vn 0.5911 0.5392 -0.5999
vn -0.9880 -0.0777 0.1338
vn -0.9861 -0.0232 0.1646
vn -0.2575 -0.7715 0.5819
vn -0.2575 -0.7715 0.5819
vn -0.2575 -0.7715 0.5819
vn -0.9854 -0.1625 0.0501
vn -0.9349 -0.3380 -0.1082
vn -0.4276 0.5197 -0.7396
vn -0.4407 0.5076 -0.7403
vn -0.4870 0.4855 -0.7260
vn -0.7865 -0.2913 -0.5445
vn -0.7865 -0.2913 -0.5445
vn -0.7865 -0.2913 -0.5445
vn -0.9095 0.4007 0.1105
vn -0.9095 0.4007 0.1105
vn -0.9095 0.4007 0.1105
vn 0.6595 -0.7444 0.1044
vn 0.6595 -0.7460 0.0928
vn 0.6595 -0.7461 0.0915
vn -0.6930 0.6584 0.2938
vn -0.7006 0.6521 0.2898
vn -0.7284 0.6176 0.2968
vn 0.6595 -0.7443 0.1052
vn 0.3331 -0.2613 -0.9060
vn 0.3249 -0.2546 -0.9108
vn 0.3316 -0.2604 -0.9067
vn -0.2462 0.1650 0.9551
vn 0.5466 -0.7334 0.4041
vn -0.2662 0.1640 0.9499
vn -0.2980 0.1855 0.9364
vn -0.2549 0.1564 0.9542
vn 0.5456 -0.6728 0.4997
vn -0.5811 0.7482 0.3201
vn 0.3096 -0.2413 -0.9197
vn -0.1785 0.2054 0.9623
vn -0.5733 0.7587 0.3095
vn -0.3052 0.1903 0.9331
vn 0.5433 -0.7530 0.3711
vn -0.3272 -0.8382 0.4364
vn -0.3272 -0.8382 0.4364
vn -0.3272 -0.8382 0.4364
vn 0.3086 -0.1208 -0.9435
vn -0.0229 0.2230 0.9746
vn 0.1053 0.2470 0.9633
vn -0.6583 -0.7512 -0.0478
vn -0.6583 -0.7512 -0.0478
vn -0.6583 -0.7512 -0.0478
vn 0.9741 0.2246 -0.0259
vn 0.9733 0.2272 0.0316
vn 0.9790 0.1731 0.1078
vn -0.0937 0.2862 0.9536
vn -0.4357 0.5587 -0.7057
vn 0.2789 -0.2152 -0.9359
vn 0.9402 0.2696 -0.2082
vn 0.8910 0.4134 -0.1876
vn -0.6128 -0.7681 0.1855
vn -0.6131 -0.7679 0.1858
vn -0.6135 -0.7674 0.1864
vn 0.8718 0.4682 -0.1439
vn -0.6137 -0.7671 0.1867
vn 0.8855 0.3035 0.3518
vn 0.8697 0.3225 0.3737
vn 0.8623 0.3309 0.3834
vn 0.8943 0.2923 0.3388
vn -0.8533 -0.2042 -0.4797
vn -0.8533 -0.2042 -0.4797
vn -0.8533 -0.2042 -0.4797
vn 0.4787 -0.8115 0.3350
vn 0.4842 -0.8485 0.2135
vn 0.4797 -0.8165 0.3212
vn 0.4847 -0.7709 0.4133
vn 0.4836 -0.7642 0.4267
vn 0.4845 -0.7694 0.4163
vn -0.4395 0.5664 -0.6971
vn -0.4979 0.8221 0.2761
vn -0.1593 0.2341 0.9591
vn -0.1531 0.2673 0.9514
vn -0.1685 0.2015 0.9649
vn 0.4835 -0.7636 0.4279
vn 0.4844 -0.8546 0.1870
vn -0.1762 0.1795 0.9679
vn 0.2327 -0.3113 -0.9214
vn 0.2327 -0.3113 -0.9214
vn 0.2327 -0.3113 -0.9214
vn -0.5142 0.8175 0.2594
vn -0.3034 0.5615 -0.7699
vn -0.3034 0.5615 -0.7699
vn -0.3034 0.5615 -0.7699
vn -0.1806 0.1787 0.9672
vn 0.1560 -0.2497 -0.9557
vn -0.1743 0.2620 0.9492
vn -0.1380 0.2390 0.9612
vn -0.2914 0.2477 0.9240
vn 0.8521 0.4517 -0.2642
vn 0.8501 0.4572 -0.2612
vn -0.3594 -0.8040 0.4737
vn -0.3670 -0.7975 0.4788
vn 0.8387 0.4862 -0.2453
vn 0.2008 0.2978 0.9333
vn 0.1237 0.2060 0.9707
vn 0.1101 0.2036 0.9729
vn -0.3361 -0.8231 0.4577
vn 0.5685 0.7195 0.3989
vn 0.6183 0.6197 0.4834
vn 0.6030 0.6545 0.4561
vn 0.1018 0.1867 0.9771
vn 0.4096 0.8095 -0.4207
vn 0.3750 0.8089 -0.4527
vn 0.3615 0.8112 -0.4596
vn -0.3382 -0.9380 -0.0753
vn -0.3382 -0.9380 -0.0753
vn -0.3382 -0.9380 -0.0753
vn 0.5447 0.7566 0.3618
vn -0.2364 -0.8476 0.4750
vn -0.2675 -0.8179 0.5094
vn -0.2782 -0.8346 0.4755
vn 0.1391 0.2011 0.9696
vn 0.9940 0.0603 -0.0914
vn 0.9940 0.0603 -0.0914
vn 0.9940 0.0603 -0.0914
vn -0.3088 -0.8126 0.4943
vn 0.3410 0.8199 -0.4600
vn 0.3478 0.8134 -0.4663
vn -0.2394 -0.8184 0.5224
vn -0.1091 -0.0273 0.9937
vn -0.1136 -0.0094 0.9935
vn -0.0726 0.0362 0.9967
vn 0.1721 0.7712 0.6129
vn 0.0003 0.9464 0.3229
vn 0.1655 0.7392 0.6528
vn -0.0833 0.0307 0.9961
vn -0.0952 0.9399 0.3280
vn -0.1777 0.8958 -0.4073
vn -0.1721 0.9059 -0.3869
vn -0.1126 0.9458 -0.3047
vn -0.2486 0.8794 0.4059
vn -0.0149 0.0523 0.9985
vn 0.2759 -0.8913 0.3599
vn 0.2646 -0.8969 0.3543
vn 0.2505 -0.9037 0.3472
vn -0.0444 0.0928 0.9947
vn -0.4052 0.8651 0.2956
vn 0.2608 -0.8801 0.3968
vn 0.2452 -0.8810 0.4045
vn -0.1033 0.9545 -0.2799
vn 0.2763 -0.8789 0.3889
vn -0.2799 0.8709 0.4040
vn 0.9658 0.1968 0.1688
vn 0.9889 0.0728 0.1293
vn 0.4391 -0.8315 0.3402
vn 0.4318 -0.8520 0.2961
vn 0.4405 -0.8117 0.3836
vn 0.9262 0.2560 0.2767
vn -0.0815 0.1783 0.9806
vn -0.0658 0.0726 0.9952
vn -0.0149 0.0388 0.9991
vn -0.4072 -0.8902 0.2041
vn 0.0695 0.0036 0.9976
vn 0.8776 0.2980 0.3755
vn -0.0953 0.2736 0.9571
vn -0.4175 -0.8954 0.1549
vn -0.0374 0.0934 0.9949
vn -0.0277 0.0907 0.9955
vn -0.0397 0.0941 0.9948
vn -0.0479 0.0964 0.9942
vn 0.4032 -0.8160 0.4144
vn 0.8495 -0.5239 0.0625
vn 0.9117 -0.4025 0.0831
vn 0.8910 -0.4477 0.0757
vn -0.0241 0.9664 -0.2559
vn 0.1378 0.2381 0.9614
vn 0.2223 0.1390 0.9650
vn 0.1750 0.0880 0.9806
vn -0.1132 -0.9869 0.1150
vn 0.0945 -0.9803 0.1736
vn 0.0416 -0.9863 0.1593
vn -0.6257 -0.7688 0.1319
vn -0.6542 -0.7501 0.0970
vn -0.6380 -0.7611 0.1171
vn -0.0085 0.2636 0.9646
vn -0.0034 0.2824 0.9593
vn -0.0369 0.2466 0.9684
vn -0.5217 0.8527 -0.0261
vn -0.4569 0.7995 0.3899
vn -0.5993 -0.7838 0.1624
vn -0.0197 0.2411 0.9703
vn 0.0826 -0.3927 0.9159
vn 0.0826 -0.3927 0.9159
vn 0.0826 -0.3927 0.9159
vn 0.2524 0.0952 0.9629
vn -0.4989 -0.1601 0.8517
vn -0.4989 -0.1601 0.8517
vn -0.4989 -0.1601 0.8517
vn 0.4295 -0.8335 0.3475
vn 0.4043 -0.8411 0.3592
vn 0.4165 -0.8376 0.3536
vn -0.4371 0.7479 0.4996
vn 0.3679 0.9298 0.0131
vn 0.1969 0.0564 0.9788
vn -0.9421 0.1908 -0.2756
vn -0.9328 0.1369 -0.3334
vn -0.9447 0.2186 -0.2446
vn 0.3943 -0.8439 0.3638
vn -0.9454 0.2598 -0.1969
vn 0.9680 -0.0015 0.2508
vn 0.9608 -0.0299 0.2756
vn 0.9524 -0.0573 0.2993
vn -0.0522 0.2331 0.9710
vn 0.9730 0.0225 0.2295
vn 0.1299 0.1175 0.9845
vn -0.4397 0.8926 -0.0996
vn -0.4781 0.8741 -0.0863
vn -0.5029 0.8600 -0.0866
vn 0.0218 0.1603 0.9868
vn -0.0280 0.0244 0.9993
vn -0.0261 0.0028 0.9997
vn -0.0221 0.0372 0.9991
vn -0.0350 0.1585 0.9867
vn -0.4218 -0.8802 0.2175
vn 0.4145 0.9100 0.0009
vn -0.0787 0.1685 0.9826
vn 0.5902 -0.7518 0.2940
vn 0.6089 -0.7489 0.2613
vn 0.5755 -0.7533 0.3184
vn 0.1151 0.1651 0.9795
vn 0.0559 0.3545 0.9334
vn 0.6278 -0.7447 0.2263
vn -0.4284 -0.8741 0.2291
vn -0.0688 0.1534 0.9858
vn -0.0653 0.1755 0.9823
vn -0.1828 0.1883 0.9650
vn -0.0965 0.0359 0.9947
vn -0.4386 0.7175 0.5411
vn -0.0409 0.3561 0.9336
vn -0.9173 -0.3908 0.0760
vn -0.9006 -0.4177 0.1198
vn -0.9143 -0.3961 0.0845
vn -0.9301 -0.3655 0.0361
vn -0.1050 0.1086 0.9885
vn 0.3433 0.9390 -0.0188
vn 0.5027 -0.8120 0.2966
vn 0.5031 -0.8120 0.2959
vn 0.5320 -0.7297 0.4294
vn 0.3269 0.6051 0.7259
vn -0.4194 0.7314 0.5377
vn 0.0001 0.0641 0.9979
vn 0.5298 -0.7609 0.3747
vn -0.5478 0.8337 -0.0691
vn 0.5505 -0.7056 0.4462
vn -0.4426 -0.8630 0.2435
vn -0.8630 0.5050 -0.0129
vn -0.8608 0.5088 -0.0050
vn -0.9338 0.3449 -0.0950
vn 0.0207 0.3922 0.9196
vn -0.9269 0.3674 -0.0759
vn 0.3817 0.6638 0.6432
vn -0.4514 -0.8552 0.2546
vn -0.9593 0.1541 0.2364
vn -0.9593 0.1541 0.2364
vn -0.9593 0.1541 0.2364
vn 0.3211 0.9461 0.0428
vn 0.3211 0.9461 0.0428
vn 0.3211 0.9461 0.0428
vn -0.9696 0.1288 -0.2080
vn -0.9497 -0.1654 0.2661
vn -0.9497 -0.1654 0.2661
vn -0.9497 -0.1654 0.2661
vn 0.5146 -0.4647 0.7206
vn -0.1995 0.9473 -0.2505
vn -0.1995 0.9473 -0.2505
vn -0.1995 0.9473 -0.2505
vn -0.4921 0.8193 -0.2942
vn -0.4846 0.8136 -0.3212
vn -0.3781 0.7220 0.5795
vn 0.0835 0.1334 0.9875
vn 0.1094 0.0877 0.9901
vn 0.0637 0.1677 0.9838
vn -0.8730 0.4270 0.2357
vn -0.8226 0.3045 0.4802
vn -0.8677 0.4027 0.2915
vn -0.7509 0.2064 0.6273
vn -0.4190 -0.8861 0.1980
vn -0.3491 -0.8961 0.2739
vn -0.3647 -0.8948 0.2576
vn -0.0195 0.2338 0.9721
vn -0.1039 0.1495 0.9833
vn 0.0332 0.2197 0.9750
vn -0.2977 -0.8974 0.3256
vn -0.0027 0.0887 0.9961
vn -0.4806 0.8128 -0.3293
vn -0.3659 0.7159 0.5946
vn 0.1057 -0.2766 0.9552
vn 0.1057 -0.2766 0.9552
vn 0.1057 -0.2766 0.9552
vn 0.5161 -0.7884 0.3348
vn 0.5261 -0.7839 0.3297
vn -0.0025 0.1075 0.9942
vn -0.0646 0.2493 0.9663
vn 0.1712 -0.2332 -0.9572
vn -0.3700 0.6093 -0.7013
vn 0.5369 -0.7732 0.3374
vn -0.4470 -0.2119 0.8691
vn -0.4470 -0.2119 0.8691
vn -0.4470 -0.2119 0.8691
vn -0.3259 0.6525 -0.6841
vn 0.1836 -0.3500 -0.9186
vn -0.0310 0.2211 0.9748
vn -0.0290 0.1522 0.9879
vn -0.0298 0.1787 0.9835
vn -0.0885 0.2461 0.9652
vn 0.5436 -0.7633 0.3489
vn 0.1904 -0.3686 -0.9099
vn -0.0278 0.1126 0.9932
vn 0.9073 0.3885 -0.1610
vn 0.8999 0.4153 -0.1334
vn 0.9105 0.3789 -0.1656
vn 0.4526 -0.8742 0.1758
vn 0.4561 -0.8716 0.1796
vn 0.4519 -0.8748 0.1750
vn 0.8830 0.4490 -0.1367
vn 0.8586 0.4956 -0.1312
vn -0.9484 -0.1869 0.2561
vn -0.9500 -0.2175 0.2241
vn -0.9255 -0.0669 0.3728
vn -0.8905 0.0253 0.4542
vn -0.4067 0.7056 -0.5803
vn 0.9376 0.2782 -0.2087
vn 0.9135 0.3658 -0.1781
vn -0.3337 0.3619 -0.8705
vn -0.3508 0.6203 -0.7016
vn -0.4697 0.8447 0.2568
vn -0.5377 0.7806 0.3187
vn -0.5402 0.8232 0.1746
vn 0.1607 -0.2524 -0.9542
vn 0.3468 -0.3252 -0.8798
vn 0.8460 0.2837 -0.4515
vn 0.8428 0.3153 -0.4361
vn 0.8531 0.3036 -0.4243
vn 0.8280 0.5327 -0.1747
vn -0.0852 -0.8677 0.4897
vn -0.0852 -0.8677 0.4897
vn -0.0852 -0.8677 0.4897
vn 0.9053 0.3730 -0.2032
vn 0.8899 -0.0023 0.4561
vn 0.8899 -0.0023 0.4561
vn 0.8899 -0.0023 0.4561
vn 0.7535 -0.5987 -0.2718
vn 0.6654 -0.7067 -0.2404
vn 0.5077 -0.8371 -0.2039
vn 0.8507 0.2909 -0.4379
vn 0.4220 -0.8967 0.1333
vn 0.4224 -0.8965 0.1338
vn -0.4561 0.8468 0.2736
vn -0.3915 0.9055 0.1637
vn 0.9435 0.3223 -0.0770
vn 0.8829 0.3496 -0.3133
vn -0.0648 -0.1845 -0.9807
vn -0.0804 -0.1746 -0.9813
vn -0.0995 -0.1625 -0.9817
vn 0.6091 0.7931 0.0044
vn 0.6091 0.7931 0.0044
vn 0.6091 0.7931 0.0044
vn -0.0975 0.9861 -0.1347
vn -0.0975 0.9861 -0.1347
vn -0.0975 0.9861 -0.1347
vn -0.3267 0.6404 -0.6951
vn -0.0731 0.6005 0.7963
vn -0.0310 0.5977 0.8011
vn 0.2310 0.6398 0.7330
vn 0.1430 0.1658 0.9757
vn 0.1430 0.1657 0.9758
vn 0.1440 0.1687 0.9751
vn 0.4234 -0.8958 0.1351
vn -0.1454 0.2640 0.9535
vn 0.6745 0.7058 -0.2164
vn 0.6745 0.7058 -0.2164
vn 0.6745 0.7058 -0.2164
vn -0.0356 0.3505 0.9359
vn -0.0356 0.3505 0.9359
vn -0.0356 0.3505 0.9359
vn 0.4489 -0.8769 0.1718
vn -0.2523 0.4933 -0.8325
vn -0.0542 0.1176 0.9916
vn -0.1420 0.2515 0.9574
vn 0.1733 -0.1873 0.9669
vn 0.1733 -0.1873 0.9669
vn 0.1733 -0.1873 0.9669
vn -0.6057 0.7417 0.2881
vn -0.6057 0.7417 0.2881
vn -0.6057 0.7417 0.2881
vn -0.5464 0.8367 0.0375
vn -0.5739 0.8093 0.1250
vn -0.5228 0.8520 -0.0275
vn -0.4780 0.6304 -0.6117
vn 0.1420 0.1629 0.9764
vn -0.8953 -0.3913 0.2128
vn -0.8863 -0.4210 0.1929
vn -0.8776 -0.4414 0.1872
vn 0.4668 -0.8780 -0.1056
vn -0.4921 0.8644 -0.1028
vn -0.1433 0.2797 0.9493
vn -0.1405 0.2743 0.9513
vn -0.0425 -0.1984 -0.9792
vn -0.0628 0.1920 0.9794
vn -0.9132 -0.3926 0.1094
vn -0.9202 -0.3798 0.0945
vn -0.8932 -0.4295 0.1333
vn -0.1802 0.5483 0.8167
vn -0.1802 0.5483 0.8167
vn -0.1802 0.5483 0.8167
vn -0.8790 -0.4657 0.1028
vn -0.8989 -0.3904 0.1988
vn 0.4647 -0.8813 -0.0855
vn 0.7737 0.6310 -0.0578
vn 0.7737 0.6310 -0.0578
vn 0.7737 0.6310 -0.0578
vn -0.5889 0.8007 0.1102
vn -0.5755 0.8152 0.0646
vn -0.5510 0.8200 0.1549
vn -0.1347 0.1983 0.9708
vn -0.1342 0.2010 0.9704
vn -0.9002 -0.3737 0.2234
vn -0.9028 -0.3537 0.2446
vn -0.9638 -0.2386 0.1189
vn -0.4350 0.6243 -0.6489
vn -0.4959 0.8470 -0.1913
vn -0.5141 0.8474 -0.1330
vn -0.5263 0.8456 -0.0896
vn -0.9118 -0.4027 0.0797
vn -0.9066 -0.3653 0.2113
vn -0.0196 0.0440 0.9988
vn -0.2157 0.1962 -0.9566
vn -0.1812 0.1767 -0.9674
vn -0.2304 0.2045 -0.9514
vn 0.5516 -0.7926 0.2599
vn 0.5431 -0.7939 0.2734
vn 0.5466 -0.7750 0.3173
vn -0.4838 0.8453 -0.2268
vn -0.2651 0.2240 -0.9378
vn 0.1390 -0.2435 -0.9599
vn -0.9787 -0.1687 0.1166
vn -0.9899 -0.0948 0.1052
vn -0.9856 -0.1064 0.1311
vn 0.0720 -0.4211 -0.9041
vn 0.1643 -0.3183 -0.9337
vn 0.1640 -0.3394 -0.9262
vn -0.4448 0.5852 -0.6780
vn -0.5706 0.8007 0.1823
vn 0.5627 -0.8139 0.1448
vn 0.5612 -0.8137 0.1513
vn 0.6003 -0.7865 0.1452
vn -0.4054 0.6253 -0.6668
vn 0.1632 -0.2720 -0.9483
vn 0.1648 -0.2811 -0.9454
vn 0.5659 -0.8042 0.1815
vn 0.5768 -0.7086 0.4065
vn -0.1403 0.2250 0.9642
vn -0.4044 0.6251 -0.6676
vn -0.0883 0.0872 0.9923
vn -0.0574 0.0749 0.9955
vn -0.5307 0.8267 0.1870
vn 0.5864 -0.6846 0.4330
vn 0.6187 -0.7748 0.1298
vn 0.1340 -0.3992 -0.9070
vn -0.2071 -0.5758 -0.7909
vn -0.9087 -0.2624 0.3247
vn -0.7691 -0.4040 0.4952
vn -0.9125 -0.2467 0.3264
vn -0.1834 0.2692 0.9455
vn -0.1834 0.2692 0.9455
vn -0.1834 0.2692 0.9455
vn -0.1539 0.2569 0.9541
vn 0.1651 -0.2824 -0.9450
vn -0.5475 0.8093 0.2127
vn -0.9989 -0.0075 -0.0468
vn -0.9830 -0.1268 -0.1325
vn -0.9813 -0.1508 -0.1197
vn 0.5862 -0.6847 0.4331
vn -0.9999 0.0128 0.0080
vn -0.1552 0.2599 0.9531
vn -0.1382 0.2111 0.9676
vn 0.1636 -0.2741 -0.9477
vn -0.1035 0.3146 0.9436
vn -0.0502 0.3410 0.9387
vn 0.1471 0.6541 0.7419
vn 0.8355 0.5399 -0.1027
vn -0.0794 0.3166 0.9452
vn 0.1586 -0.3567 -0.9206
vn 0.8253 0.5607 -0.0672
vn -0.8404 -0.4785 0.2545
vn 0.0054 0.4517 0.8921
vn -0.0408 0.3701 0.9281
vn -0.8399 -0.4691 0.2730
vn 0.1718 0.5678 0.8051
vn -0.1135 0.3200 0.9406
vn 0.8238 0.5654 -0.0413
vn -0.3750 0.0704 0.9244
vn -0.2358 0.1559 0.9592
vn 0.1663 -0.3339 -0.9278
vn -0.8425 -0.4778 0.2489
vn -0.0845 0.3548 0.9311
vn 0.8239 0.5656 -0.0351
vn -0.8455 -0.4790 0.2360
vn 0.1373 -0.9540 0.2664
vn 0.1389 -0.9412 0.3079
vn -0.1242 0.4324 0.8931
vn -0.2124 0.3749 0.9024
vn -0.2993 0.1932 0.9344
vn 0.1391 -0.9387 0.3154
vn 0.1968 -0.2896 -0.9367
vn 0.1808 -0.3218 -0.9294
vn -0.1099 0.3215 0.9405
vn 0.1520 -0.3769 -0.9137
vn -0.1093 0.5563 0.8237
vn 0.4977 -0.6428 0.5823
vn 0.7462 -0.4659 0.4756
vn 0.4898 -0.5961 0.6362
vn -0.2585 0.9051 -0.3376
vn -0.2999 0.9159 -0.2669
vn -0.2278 0.8996 -0.3725
vn -0.4084 0.9092 -0.0811
vn -0.8876 -0.4336 0.1556
vn -0.8890 -0.4289 0.1604
vn -0.8884 -0.4310 0.1583
vn -0.2294 0.2182 0.9485
vn -0.8870 -0.4354 0.1538
vn -0.8524 -0.4786 0.2107
vn -0.4354 0.8999 -0.0254
vn -0.1708 0.2971 0.9394
vn -0.8568 -0.4780 0.1933
vn 0.1472 -0.3266 -0.9336
vn 0.2369 -0.2850 -0.9288
vn 0.0660 -0.5083 -0.8586
vn -0.2498 0.2990 0.9210
vn -0.0967 -0.9339 0.3442
vn -0.0591 -0.9016 0.4285
vn -0.0803 -0.9208 0.3816
vn -0.9306 0.3334 -0.1510
vn -0.9306 0.3334 -0.1510
vn -0.9306 0.3334 -0.1510
vn 0.7717 0.6265 0.1096
vn 0.7569 0.6239 0.1944
vn 0.7603 0.6247 0.1779
vn -0.0387 -0.8808 0.4718
vn 0.2519 -0.8999 0.3560
vn -0.2774 0.2673 0.9228
vn 0.7649 0.6330 0.1194
vn -0.9175 -0.3120 0.2466
vn -0.9437 -0.2872 0.1644
vn -0.9410 -0.2902 0.1740
vn -0.9567 -0.2696 0.1095
vn -0.2390 0.3917 0.8885
vn -0.2440 0.2611 0.9340
vn 0.2549 -0.9127 0.3193
vn 0.1565 -0.9830 0.0963
vn 0.2174 -0.9612 0.1700
vn 0.2057 -0.9661 0.1558
vn 0.2232 -0.9394 0.2601
vn 0.1145 -0.4563 -0.8824
vn 0.2705 -0.9336 0.2350
vn -0.5563 -0.7781 0.2917
vn -0.5563 -0.7781 0.2917
vn -0.5563 -0.7781 0.2917
vn -0.2802 0.4937 0.8233
vn -0.2802 0.4937 0.8233
vn -0.2802 0.4937 0.8233
vn 0.7644 0.6334 0.1205
vn -0.1188 0.3861 0.9148
vn -0.1738 0.3051 0.9363
vn -0.1629 0.3173 0.9342
vn -0.8012 -0.5767 0.1599
vn -0.8008 -0.5751 0.1673
vn -0.8049 -0.5834 0.1087
vn -0.0823 0.4413 0.8936
vn -0.0968 0.4155 0.9044
vn -0.1790 0.2898 0.9402
vn -0.2562 0.2090 0.9438
vn 0.1575 -0.3090 -0.9379
vn -0.8138 -0.5744 0.0877
vn -0.4516 -0.8292 0.3295
vn -0.4516 -0.8292 0.3295
vn -0.4516 -0.8292 0.3295
vn -0.2120 0.2413 0.9470
vn 0.9684 -0.1631 0.1888
vn 0.9539 -0.1846 0.2367
vn 0.9509 -0.1884 0.2454
vn 0.9318 -0.2106 0.2957
vn -0.8283 -0.5589 0.0395
vn 0.3051 -0.2213 -0.9262
vn 0.2808 -0.2551 -0.9253
vn -0.3249 0.2533 0.9112
vn -0.2901 0.1836 0.9392
vn -0.1189 -0.8872 0.4458
vn -0.1104 -0.8928 0.4367
vn -0.0992 -0.8999 0.4246
vn 0.3078 -0.2162 -0.9266
vn -0.8326 -0.5536 0.0182
vn -0.0874 -0.9071 0.4117
vn -0.3195 0.2140 0.9231
vn -0.2321 0.2197 0.9476
vn 0.1872 -0.2849 -0.9401
vn -0.9496 -0.3066 0.0653
vn -0.9496 -0.3066 0.0653
vn -0.9496 -0.3066 0.0653
vn -0.1853 0.1957 0.9630
vn 0.2007 -0.2777 -0.9395
vn 0.2361 -0.2705 -0.9333
vn -0.0274 0.1802 0.9833
vn -0.8464 -0.3610 0.3915
vn -0.8464 -0.3610 0.3915
vn -0.8464 -0.3610 0.3915
vn 0.0241 -0.9653 0.2601
vn 0.0257 -0.9756 0.2183
vn 0.0444 -0.8360 0.5470
vn 0.1153 -0.8576 0.5013
vn 0.2155 -0.3489 -0.9120
vn 0.2155 -0.3489 -0.9120
vn 0.2155 -0.3489 -0.9120
vn 0.0395 0.2472 0.9682
vn 0.0395 0.2472 0.9682
vn 0.0395 0.2472 0.9682
vn 0.1738 -0.8820 0.4380
vn -0.9577 -0.2789 0.0708
vn -0.9602 -0.2794 -0.0014
vn -0.9377 -0.3342 -0.0950
vn -0.9673 -0.2214 0.1239
vn -0.9718 -0.1241 0.2005
vn 0.1305 -0.9318 0.3387
vn 0.1299 -0.9241 0.3593
vn 0.1303 -0.9313 0.3401
vn -0.2434 0.2488 0.9375
vn -0.2638 0.2482 0.9321
vn 0.2963 -0.6889 -0.6615
vn 0.2552 -0.2904 -0.9222
vn -0.0710 0.2513 0.9653
vn 0.1327 -0.9233 0.3605
vn 0.2839 -0.2722 -0.9194
vn -0.1137 0.2515 0.9612
vn 0.0378 -0.9355 0.3512
vn 0.0234 -0.9368 0.3490
vn 0.2960 -0.2805 -0.9131
vn 0.3189 -0.2673 -0.9093
vn 0.3668 -0.2709 -0.8900
vn -0.2237 -0.9370 0.2683
vn -0.5515 -0.5961 -0.5835
vn -0.5515 -0.5961 -0.5835
vn -0.5515 -0.5961 -0.5835
vn 0.9895 -0.0050 -0.1447
vn 0.9895 -0.0050 -0.1447
vn 0.9895 -0.0050 -0.1447
vn 0.8856 -0.2168 0.4108
vn 0.8856 -0.2168 0.4108
vn 0.8856 -0.2168 0.4108
vn 0.5936 -0.8045 0.0175
vn 0.5936 -0.8045 0.0175
vn 0.5936 -0.8045 0.0175
vn -0.1667 0.2651 0.9497
vn 0.3057 -0.2867 -0.9079
vn 0.2519 -0.3145 -0.9152
vn 0.1793 -0.2338 -0.9556
vn 0.1532 -0.8839 0.4419
vn 0.2038 -0.9044 0.3748
vn 0.3287 -0.9259 0.1861
vn -0.3112 0.2444 0.9184
vn -0.3043 0.2472 0.9199
vn -0.2924 0.2516 0.9226
vn 0.4569 -0.7627 0.4577
vn 0.4569 -0.7589 0.4640
vn 0.4570 -0.7619 0.4589
vn 0.2724 -0.3051 -0.9125
vn 0.5148 -0.8340 0.1986
vn 0.5152 -0.8324 0.2041
vn 0.5156 -0.8364 0.1858
vn 0.2145 -0.2981 -0.9301
vn 0.2582 -0.3471 -0.9016
vn 0.2402 -0.3269 -0.9140
vn 0.2898 -0.2831 -0.9143
vn 0.2649 -0.3547 -0.8967
vn -0.1858 0.1623 0.9691
vn -0.1841 0.1731 0.9676
vn -0.1829 0.1804 0.9664
vn -0.5203 0.8144 0.2569
vn -0.5288 0.8144 0.2389
vn -0.5173 0.8143 0.2632
vn 0.5168 -0.8560 0.0174
vn 0.5161 -0.8565 0.0029
vn 0.4533 -0.7575 0.4698
vn -0.3164 0.6101 -0.7264
vn -0.3060 0.6046 -0.7354
vn -0.3034 0.6032 -0.7376
vn 0.4517 -0.7572 0.4719
vn -0.3224 0.6132 -0.7212
vn -0.5332 0.8143 0.2294
vn -0.2562 0.2740 0.9270
vn 0.3024 -0.2637 -0.9160
vn 0.1743 -0.3025 -0.9371
vn 0.9904 0.1381 0.0034
vn 0.9904 0.1385 0.0027
vn 0.9851 0.1617 -0.0583
vn 0.9934 0.1143 0.0100
vn 0.9893 0.1450 0.0141
vn 0.9802 0.1955 0.0316
vn 0.9693 0.2414 0.0475
vn 0.9511 0.2565 -0.1721
vn 0.9768 0.1831 -0.1108
vn -0.1874 0.1518 0.9705
vn 0.2246 -0.8911 0.3944
vn 0.2465 -0.8943 0.3735
vn 0.2283 -0.8917 0.3909
vn 0.1815 -0.8650 0.4677
vn 0.1856 -0.8625 0.4707
vn 0.1950 -0.8568 0.4775
vn 0.9409 0.3028 0.1519
vn 0.9397 0.1067 -0.3250
vn 0.9711 0.0070 -0.2387
vn 0.9438 0.2785 0.1778
vn 0.9954 0.0563 0.0775
vn 0.9856 0.1430 0.0900
vn 0.9755 0.2100 0.0649
vn 0.0028 -0.0366 -0.9993
vn 0.0053 0.0120 -0.9999
vn 0.0013 -0.0359 -0.9994
vn -0.1349 0.2676 0.9540
vn -0.1841 0.8001 0.5709
vn -0.1975 0.7824 0.5906
vn -0.1577 0.6854 0.7109
vn -0.1581 0.6509 0.7425
vn -0.1170 0.5288 0.8406
vn -0.4017 -0.0332 -0.9152
vn 0.0440 0.0855 -0.9954
vn 0.0370 0.0429 -0.9984
vn -0.2463 0.8477 -0.4699
vn -0.2475 0.8478 -0.4689
vn -0.2288 0.8449 -0.4836
vn -0.2755 0.2447 0.9297
vn 0.2851 -0.5392 -0.7924
vn 0.0000 1.0000 0.0000
vn 0.0000 1.0000 0.0000
vn 0.0000 1.0000 0.0000
vn 0.0000 1.0000 0.0000
vn 0.0000 1.0000 0.0000
vn 0.0000 1.0000 0.0000
vn 0.0000 1.0000 0.0000
vn 0.0000 1.0000 0.0000
vn 0.0000 1.0000 0.0000
vn 0.0000 1.0000 0.0000
vn 0.0000 1.0000 0.0000
vn 0.0000 1.0000 0.0000
vn 0.0000 1.0000 0.0000
vn 0.0000 1.0000 0.0000
vn 0.0000 1.0000 0.0000
vn 0.0000 1.0000 0.0000
vn 0.0000 1.0000 0.0000
vn 0.0000 1.0000 0.0000
vn 0.0000 1.0000 0.0000
vn 0.0000 1.0000 0.0000
vn 0.0000 1.0000 0.0000
vn 0.0000 1.0000 0.0000
vn 0.0000 1.0000 0.0000
vn 0.0000 1.0000 0.0000
vn 0.0000 1.0000 0.0000
vn 0.0000 1.0000 0.0000
vn 0.0000 1.0000 0.0000
vn 0.0000 1.0000 0.0000
vn 0.0000 1.0000 0.0000
vn 0.0000 1.0000 0.0000
vn 0.0000 1.0000 0.0000
vn 0.0000 1.0000 0.0000
vn 0.0000 1.0000 0.0000
vn 0.0000 1.0000 0.0000
vn 0.0000 1.0000 0.0000
vn 0.0000 1.0000 0.0000
vn 0.0000 1.0000 0.0000
vn 0.0000 1.0000 0.0000
vn 0.0000 1.0000 0.0000
vn 0.0000 1.0000 0.0000
vn 0.0000 1.0000 0.0000
vn 0.0000 1.0000 0.0000
vn 0.0000 1.0000 0.0000
vn 0.0000 1.0000 0.0000
vn 0.0000 1.0000 0.0000
vn 0.0000 1.0000 0.0000
vn 0.0000 1.0000 0.0000
vn 0.0000 1.0000 0.0000
vn 0.0000 1.0000 0.0000
vn 0.0000 1.0000 0.0000
vn 0.0000 1.0000 0.0000
vn 0.0000 1.0000 0.0000
vn 0.0000 1.0000 0.0000
vn 0.0000 1.0000 0.0000
vn 0.0000 1.0000 0.0000
vn 0.0000 1.0000 0.0000
vn 0.0000 1.0000 0.0000
vn 0.0000 1.0000 0.0000
vn 0.0000 1.0000 0.0000
vn 0.0000 1.0000 0.0000
vn 0.0000 1.0000 0.0000
vn 0.0000 1.0000 0.0000
vn 0.0000 1.0000 0.0000
vn 0.0000 1.0000 0.0000
vn 0.0000 1.0000 0.0000
vn 0.0000 1.0000 0.0000
vn 0.0000 1.0000 0.0000
vn 0.0000 1.0000 0.0000
vn 0.0000 1.0000 0.0000
vn 0.0000 1.0000 0.0000
vn 0.0000 1.0000 0.0000
vn 0.0000 1.0000 0.0000
vn 0.0000 1.0000 0.0000
vn 0.0000 1.0000 0.0000
vn 0.0000 1.0000 0.0000
vn 0.0000 1.0000 0.0000
vn 0.0000 1.0000 0.0000
vn 0.0000 1.0000 0.0000
vn 0.0000 1.0000 0.0000
vn 0.0000 1.0000 0.0000
vn 0.0000 1.0000 0.0000
vn 0.0000 1.0000 0.0000
vn 0.0000 1.0000 0.0000
vn 0.0000 1.0000 0.0000
vn 0.0000 1.0000 0.0000
vn 0.0000 1.0000 0.0000
vn 0.0000 1.0000 0.0000
vn 0.0000 1.0000 0.0000
f 392/392/392 395/395/395 391/391/391
f 396/396/396 397/397/397 398/398/398
f 399/399/399 394/394/394 393/393/393
f 400/400/400 401/401/401 402/402/402
f 398/398/398 397/397/397 403/403/403
f 404/404/404 405/405/405 406/406/406
f 407/407/407 408/408/408 409/409/409
f 410/410/410 400/400/400 402/402/402
f 412/412/412 411/411/411 413/413/413
f 414/414/414 403/403/403 397/397/397
f 415/415/415 416/416/416 417/417/417
f 413/413/413 418/418/418 412/412/412
f 419/419/419 406/406/406 420/420/420
f 418/418/418 421/421/421 412/412/412
f 422/422/422 423/423/423 424/424/424
f 425/425/425 426/426/426 427/427/427
f 424/424/424 423/423/423 428/428/428
f 426/426/426 425/425/425 429/429/429
f 430/430/430 431/431/431 432/432/432
f 429/429/429 433/433/433 426/426/426
f 424/424/424 428/428/428 434/434/434
f 435/435/435 436/436/436 437/437/437
f 424/424/424 434/434/434 438/438/438
f 429/429/429 439/439/439 433/433/433
f 440/440/440 443/443/443 441/441/441
f 433/433/433 439/439/439 444/444/444
f 447/447/447 448/448/448 449/449/449
f 446/446/446 450/450/450 445/445/445
f 434/434/434 453/453/453 438/438/438
f 434/434/434 455/455/455 453/453/453
f 450/450/450 456/456/456 445/445/445
f 459/459/459 460/460/460 461/461/461
f 459/459/459 461/461/461 462/462/462
f 449/449/449 463/463/463 447/447/447
f 464/464/464 465/465/465 466/466/466
f 442/442/442 467/467/467 432/432/432
f 468/468/468 469/469/469 470/470/470
f 471/471/471 472/472/472 473/473/473
f 474/474/474 475/475/475 476/476/476
f 439/439/439 480/480/480 481/481/481
f 474/474/474 476/476/476 482/482/482
f 481/481/481 444/444/444 439/439/439
f 483/483/483 479/479/479 478/478/478
f 484/484/484 485/485/485 486/486/486
f 487/487/487 470/470/470 469/469/469
f 488/488/488 489/489/489 490/490/490
f 491/491/491 492/492/492 493/493/493
f 494/494/494 444/444/444 481/481/481
f 487/487/487 496/496/496 470/470/470
f 497/497/497 498/498/498 499/499/499
f 500/500/500 493/493/493 492/492/492
f 501/501/501 497/497/497 499/499/499
f 502/502/502 503/503/503 504/504/504
f 451/451/451 505/505/505 452/452/452
f 502/502/502 506/506/506 503/503/503
f 508/508/508 509/509/509 510/510/510
f 511/511/511 507/507/507 470/470/470
f 512/512/512 513/513/513 514/514/514
f 514/514/514 515/515/515 512/512/512
f 454/454/454 516/516/516 458/458/458
f 470/470/470 496/496/496 511/511/511
f 518/518/518 515/515/515 514/514/514
f 519/519/519 520/520/520 521/521/521
f 511/511/511 523/523/523 522/522/522
f 520/520/520 519/519/519 524/524/524
f 454/454/454 525/525/525 516/516/516
f 451/451/451 526/526/526 527/527/527
f 528/528/528 518/518/518 529/529/529
f 530/530/530 494/494/494 481/481/481
f 511/511/511 531/531/531 523/523/523
f 532/532/532 533/533/533 534/534/534
f 534/534/534 535/535/535 532/532/532
f 514/514/514 529/529/529 518/518/518
f 527/527/527 505/505/505 451/451/451
f 531/531/531 511/511/511 536/536/536
f 784/784/784 781/781/781 780/780/780
f 537/537/537 495/495/495 517/517/517
f 538/538/538 539/539/539 540/540/540
f 541/541/541 523/523/523 531/531/531
f 542/542/542 530/530/530 481/481/481
f 529/529/529 514/514/514 543/543/543
f 540/540/540 539/539/539 544/544/544
f 544/544/544 546/546/546 540/540/540
f 516/516/516 525/525/525 547/547/547
f 548/548/548 549/549/549 550/550/550
f 479/479/479 483/483/483 551/551/551
f 550/550/550 549/549/549 552/552/552
f 523/523/523 541/541/541 553/553/553
f 525/525/525 554/554/554 547/547/547
f 555/555/555 556/556/556 557/557/557
f 558/558/558 559/559/559 560/560/560
f 561/561/561 550/550/550 552/552/552
f 562/562/562 563/563/563 564/564/564
f 546/546/546 565/565/565 540/540/540
f 782/782/782 788/788/788 791/791/791
f 780/780/780 792/792/792 784/784/784
f 566/566/566 567/567/567 568/568/568
f 786/786/786 793/793/793 783/783/783
f 510/510/510 569/569/569 570/570/570
f 530/530/530 542/542/542 571/571/571
f 572/572/572 573/573/573 574/574/574
f 575/575/575 576/576/576 577/577/577
f 577/577/577 576/576/576 578/578/578
f 579/579/579 580/580/580 581/581/581
f 582/582/582 551/551/551 583/583/583
f 574/574/574 584/584/584 572/572/572
f 545/545/545 569/569/569 510/510/510
f 787/787/787 790/790/790 797/797/797
f 788/788/788 789/789/789 798/798/798
f 585/585/585 581/581/581 580/580/580
f 479/479/479 551/551/551 582/582/582
f 793/793/793 786/786/786 799/799/799
f 797/797/797 800/800/800 787/787/787
f 543/543/543 514/514/514 586/586/586
f 803/803/803 792/792/792 780/780/780
f 569/569/569 587/587/587 570/570/570
f 542/542/542 588/588/588 571/571/571
f 589/589/589 590/590/590 591/591/591
f 795/795/795 794/794/794 804/804/804
f 801/801/801 802/802/802 806/806/806
f 785/785/785 807/807/807 808/808/808
f 798/798/798 789/789/789 809/809/809
f 546/546/546 544/544/544 592/592/592
f 546/546/546 592/592/592 593/593/593
f 586/586/586 594/594/594 543/543/543
f 479/479/479 595/595/595 477/477/477
f 796/796/796 785/785/785 810/810/810
f 477/477/477 595/595/595 457/457/457
f 792/792/792 803/803/803 811/811/811
f 812/812/812 813/813/813 814/814/814
f 815/815/815 816/816/816 817/817/817
f 816/816/816 815/815/815 818/818/818
f 819/819/819 820/820/820 821/821/821
f 593/593/593 592/592/592 598/598/598
f 822/822/822 794/794/794 805/805/805
f 821/821/821 823/823/823 819/819/819
f 800/800/800 797/797/797 824/824/824
f 816/816/816 818/818/818 825/825/825
f 780/780/780 826/826/826 803/803/803
f 599/599/599 600/600/600 601/601/601
f 800/800/800 824/824/824 827/827/827
f 808/808/808 810/810/810 785/785/785
f 796/796/796 810/810/810 829/829/829
f 808/808/808 830/830/830 810/810/810
f 822/822/822 805/805/805 831/831/831
f 832/832/832 833/833/833 834/834/834
f 794/794/794 822/822/822 804/804/804
f 604/604/604 605/605/605 606/606/606
f 479/479/479 607/607/607 595/595/595
f 835/835/835 836/836/836 837/837/837
f 593/593/593 598/598/598 608/608/608
f 838/838/838 839/839/839 840/840/840
f 605/605/605 610/610/610 606/606/606
f 833/833/833 841/841/841 834/834/834
f 842/842/842 812/812/812 814/814/814
f 611/611/611 612/612/612 613/613/613
f 804/804/804 822/822/822 843/843/843
f 614/614/614 615/615/615 616/616/616
f 617/617/617 612/612/612 611/611/611
f 618/618/618 612/612/612 617/617/617
f 619/619/619 620/620/620 621/621/621
f 619/619/619 621/621/621 622/622/622
f 602/602/602 623/623/623 597/597/597
f 840/840/840 844/844/844 838/838/838
f 845/845/845 846/846/846 847/847/847
f 847/847/847 846/846/846 848/848/848
f 849/849/849 850/850/850 831/831/831
f 851/851/851 812/812/812 842/842/842
f 852/852/852 853/853/853 854/854/854
f 626/626/626 627/627/627 602/602/602
f 628/628/628 629/629/629 630/630/630
f 855/855/855 851/851/851 842/842/842
f 602/602/602 627/627/627 623/623/623
f 632/632/632 603/603/603 609/609/609
f 796/796/796 829/829/829 828/828/828
f 810/810/810 856/856/856 829/829/829
f 854/854/854 853/853/853 857/857/857
f 633/633/633 634/634/634 635/635/635
f 618/618/618 617/617/617 636/636/636
f 637/637/637 638/638/638 639/639/639
f 640/640/640 624/624/624 625/625/625
f 641/641/641 642/642/642 643/643/643
f 644/644/644 645/645/645 646/646/646
f 633/633/633 647/647/647 634/634/634
f 650/650/650 628/628/628 651/651/651
f 652/652/652 635/635/635 653/653/653
f 650/650/650 629/629/629 628/628/628
f 654/654/654 655/655/655 656/656/656
f 635/635/635 634/634/634 653/653/653
f 858/858/858 859/859/859 860/860/860
f 861/861/861 862/862/862 863/863/863
f 838/838/838 844/844/844 864/864/864
f 865/865/865 866/866/866 867/867/867
f 657/657/657 658/658/658 659/659/659
f 660/660/660 661/661/661 662/662/662
f 868/868/868 869/869/869 870/870/870
f 623/623/623 627/627/627 663/663/663
f 664/664/664 665/665/665 666/666/666
f 865/865/865 871/871/871 872/872/872
f 667/667/667 668/668/668 669/669/669
f 670/670/670 648/648/648 649/649/649
f 867/867/867 866/866/866 873/873/873
f 457/457/457 595/595/595 671/671/671
f 672/672/672 673/673/673 674/674/674
f 675/675/675 676/676/676 677/677/677
f 678/678/678 614/614/614 616/616/616
f 663/663/663 627/627/627 679/679/679
f 665/665/665 664/664/664 680/680/680
f 671/671/671 595/595/595 681/681/681
f 874/874/874 822/822/822 831/831/831
f 682/682/682 683/683/683 684/684/684
f 685/685/685 686/686/686 687/687/687
f 688/688/688 689/689/689 690/690/690
f 623/623/623 663/663/663 691/691/691
f 667/667/667 692/692/692 668/668/668
f 693/693/693 694/694/694 695/695/695
f 645/645/645 696/696/696 646/646/646
f 690/690/690 697/697/697 688/688/688
f 831/831/831 850/850/850 874/874/874
f 870/870/870 876/876/876 868/868/868
f 457/457/457 698/698/698 699/699/699
f 654/654/654 700/700/700 655/655/655
f 701/701/701 665/665/665 680/680/680
f 877/877/877 878/878/878 879/879/879
f 702/702/702 703/703/703 704/704/704
f 705/705/705 706/706/706 707/707/707
f 704/704/704 708/708/708 702/702/702
f 693/693/693 709/709/709 694/694/694
f 850/850/850 880/880/880 874/874/874
f 645/645/645 710/710/710 696/696/696
f 711/711/711 712/712/712 713/713/713
f 714/714/714 715/715/715 716/716/716
f 778/778/778 717/717/717 718/718/718
f 693/693/693 719/719/719 709/709/709
f 719/719/719 693/693/693 720/720/720
f 703/703/703 702/702/702 721/721/721
f 722/722/722 623/623/623 691/691/691
f 723/723/723 724/724/724 725/725/725
f 726/726/726 703/703/703 721/721/721
f 726/726/726 721/721/721 727/727/727
f 867/867/867 871/871/871 865/865/865
f 728/728/728 701/701/701 680/680/680
f 729/729/729 730/730/730 731/731/731
f 881/881/881 882/882/882 883/883/883
f 884/884/884 883/883/883 882/882/882
f 732/732/732 733/733/733 734/734/734
f 724/724/724 723/723/723 735/735/735
f 729/729/729 731/731/731 736/736/736
f 631/631/631 737/737/737 596/596/596
f 671/671/671 698/698/698 457/457/457
f 876/876/876 870/870/870 885/885/885
f 738/738/738 727/727/727 721/721/721
f 739/739/739 740/740/740 721/721/721
f 740/740/740 738/738/738 721/721/721
f 741/741/741 742/742/742 743/743/743
f 722/722/722 691/691/691 744/744/744
f 829/829/829 886/886/886 887/887/887
f 874/874/874 888/888/888 889/889/889
f 890/890/890 891/891/891 892/892/892
f 887/887/887 886/886/886 893/893/893
f 2/2/2 3/3/3 4/4/4
f 714/714/714 716/716/716 745/745/745
f 7/7/7 8/8/8 9/9/9
f 10/10/10 11/11/11 12/12/12
f 746/746/746 747/747/747 748/748/748
f 876/876/876 885/885/885 894/894/894
f 722/722/722 744/744/744 749/749/749
f 9/9/9 8/8/8 13/13/13
f 12/12/12 11/11/11 14/14/14
f 891/891/891 895/895/895 892/892/892
f 15/15/15 16/16/16 17/17/17
f 750/750/750 779/779/779 751/751/751
f 747/747/747 752/752/752 748/748/748
f 387/387/387 18/18/18 19/19/19
f 753/753/753 734/734/734 733/733/733
f 718/718/718 754/754/754 778/778/778
f 888/888/888 874/874/874 896/896/896
f 874/874/874 880/880/880 897/897/897
f 749/749/749 755/755/755 722/722/722
f 21/21/21 22/22/22 23/23/23
f 680/680/680 756/756/756 757/757/757
f 757/757/757 728/728/728 680/680/680
f 906/906/906 907/907/907 908/908/908
f 11/11/11 26/26/26 14/14/14
f 758/758/758 745/745/745 716/716/716
f 24/24/24 25/25/25 27/27/27
f 753/753/753 759/759/759 734/734/734
f 28/28/28 29/29/29 30/30/30
f 898/898/898 875/875/875 829/829/829
f 31/31/31 32/32/32 33/33/33
f 34/34/34 20/20/20 1/1/1
f 748/748/748 752/752/752 760/760/760
f 899/899/899 900/900/900 901/901/901
f 897/897/897 896/896/896 874/874/874
f 35/35/35 14/14/14 26/26/26
f 36/36/36 16/16/16 15/15/15
f 741/741/741 743/743/743 761/761/761
f 33/33/33 32/32/32 37/37/37
f 898/898/898 829/829/829 887/887/887
f 38/38/38 6/6/6 5/5/5
f 19/19/19 18/18/18 39/39/39
f 761/761/761 762/762/762 741/741/741
f 763/763/763 764/764/764 765/765/765
f 5/5/5 40/40/40 38/38/38
f 41/41/41 42/42/42 43/43/43
f 766/766/766 767/767/767 768/768/768
f 778/778/778 754/754/754 769/769/769
f 751/751/751 779/779/779 770/770/770
f 44/44/44 45/45/45 46/46/46
f 47/47/47 48/48/48 49/49/49
f 771/771/771 745/745/745 758/758/758
f 772/772/772 763/763/763 765/765/765
f 772/772/772 773/773/773 774/774/774
f 775/775/775 759/759/759 753/753/753
f 772/772/772 765/765/765 776/776/776
f 776/776/776 773/773/773 772/772/772
f 50/50/50 51/51/51 52/52/52
f 53/53/53 54/54/54 55/55/55
f 30/30/30 56/56/56 28/28/28
f 57/57/57 55/55/55 54/54/54
f 58/58/58 59/59/59 60/60/60
f 45/45/45 61/61/61 46/46/46
f 909/909/909 910/910/910 911/911/911
f 62/62/62 63/63/63 64/64/64
f 65/65/65 66/66/66 67/67/67
f 896/896/896 897/897/897 902/902/902
f 56/56/56 30/30/30 68/68/68
f 69/69/69 60/60/60 59/59/59
f 778/778/778 769/769/769 777/777/777
f 903/903/903 898/898/898 887/887/887
f 70/70/70 71/71/71 72/72/72
f 73/73/73 74/74/74 75/75/75
f 76/76/76 77/77/77 78/78/78
f 57/57/57 54/54/54 79/79/79
f 904/904/904 903/903/903 887/887/887
f 80/80/80 24/24/24 27/27/27
f 50/50/50 52/52/52 81/81/81
f 82/82/82 80/80/80 27/27/27
f 78/78/78 77/77/77 83/83/83
f 84/84/84 85/85/85 86/86/86
f 69/69/69 59/59/59 87/87/87
f 88/88/88 388/388/388 89/89/89
f 90/90/90 91/91/91 62/62/62
f 57/57/57 79/79/79 92/92/92
f 909/909/909 911/911/911 912/912/912
f 913/913/913 914/914/914 915/915/915
f 93/93/93 90/90/90 62/62/62
f 94/94/94 56/56/56 68/68/68
f 39/39/39 18/18/18 95/95/95
f 897/897/897 905/905/905 902/902/902
f 96/96/96 65/65/65 67/67/67
f 97/97/97 87/87/87 59/59/59
f 89/89/89 389/389/389 88/88/88
f 62/62/62 64/64/64 93/93/93
f 98/98/98 78/78/78 83/83/83
f 41/41/41 43/43/43 99/99/99
f 916/916/916 917/917/917 918/918/918
f 57/57/57 92/92/92 100/100/100
f 98/98/98 101/101/101 78/78/78
f 102/102/102 41/41/41 99/99/99
f 919/919/919 912/912/912 911/911/911
f 97/97/97 103/103/103 87/87/87
f 70/70/70 72/72/72 104/104/104
f 105/105/105 106/106/106 107/107/107
f 108/108/108 73/73/73 75/75/75
f 109/109/109 110/110/110 111/111/111
f 390/390/390 112/112/112 113/113/113
f 920/920/920 921/921/921 922/922/922
f 92/92/92 114/114/114 100/100/100
f 115/115/115 100/100/100 114/114/114
f 921/921/921 920/920/920 923/923/923
f 921/921/921 923/923/923 924/924/924
f 81/81/81 52/52/52 116/116/116
f 117/117/117 118/118/118 18/18/18
f 18/18/18 118/118/118 95/95/95
f 119/119/119 48/48/48 47/47/47
f 120/120/120 121/121/121 122/122/122
f 123/123/123 124/124/124 125/125/125
f 52/52/52 126/126/126 116/116/116
f 127/127/127 103/103/103 97/97/97
f 128/128/128 129/129/129 130/130/130
f 131/131/131 132/132/132 133/133/133
f 134/134/134 96/96/96 67/67/67
f 135/135/135 136/136/136 137/137/137
f 138/138/138 119/119/119 47/47/47
f 139/139/139 140/140/140 141/141/141
f 142/142/142 143/143/143 144/144/144
f 145/145/145 146/146/146 147/147/147
f 148/148/148 46/46/46 61/61/61
f 149/149/149 143/143/143 142/142/142
f 101/101/101 98/98/98 150/150/150
f 151/151/151 142/142/142 144/144/144
f 104/104/104 152/152/152 70/70/70
f 135/135/135 153/153/153 136/136/136
f 154/154/154 155/155/155 156/156/156
f 157/157/157 158/158/158 159/159/159
f 157/157/157 159/159/159 160/160/160
f 161/161/161 73/73/73 108/108/108
f 162/162/162 163/163/163 164/164/164
f 165/165/165 166/166/166 167/167/167
f 151/151/151 168/168/168 142/142/142
f 127/127/127 169/169/169 103/103/103
f 161/161/161 108/108/108 170/170/170
f 171/171/171 172/172/172 173/173/173
f 174/174/174 136/136/136 153/153/153
f 131/131/131 133/133/133 175/175/175
f 70/70/70 152/152/152 176/176/176
f 154/154/154 177/177/177 155/155/155
f 178/178/178 179/179/179 180/180/180
f 103/103/103 169/169/169 181/181/181
f 182/182/182 170/170/170 108/108/108
f 121/121/121 183/183/183 122/122/122
f 184/184/184 185/185/185 186/186/186
f 70/70/70 176/176/176 187/187/187
f 134/134/134 188/188/188 96/96/96
f 189/189/189 190/190/190 191/191/191
f 925/925/925 926/926/926 927/927/927
f 192/192/192 180/180/180 179/179/179
f 113/113/113 193/193/193 390/390/390
f 194/194/194 113/113/113 112/112/112
f 161/161/161 170/170/170 195/195/195
f 184/184/184 186/186/186 196/196/196
f 191/191/191 197/197/197 189/189/189
f 131/131/131 175/175/175 153/153/153
f 198/198/198 199/199/199 200/200/200
f 153/153/153 175/175/175 174/174/174
f 173/173/173 172/172/172 201/201/201
f 166/166/166 165/165/165 202/202/202
f 165/165/165 203/203/203 202/202/202
f 204/204/204 205/205/205 206/206/206
f 200/200/200 207/207/207 198/198/198
f 208/208/208 209/209/209 210/210/210
f 211/211/211 133/133/133 132/132/132
f 1032/1032/1032 928/928/928 929/929/929
f 203/203/203 212/212/212 202/202/202
f 204/204/204 206/206/206 213/213/213
f 214/214/214 215/215/215 216/216/216
f 207/207/207 200/200/200 217/217/217
f 217/217/217 218/218/218 207/207/207
f 218/218/218 217/217/217 219/219/219
f 220/220/220 212/212/212 203/203/203
f 221/221/221 222/222/222 223/223/223
f 221/221/221 224/224/224 222/222/222
f 225/225/225 204/204/204 213/213/213
f 226/226/226 211/211/211 227/227/227
f 228/228/228 210/210/210 209/209/209
f 229/229/229 230/230/230 231/231/231
f 930/930/930 931/931/931 1033/1033/1033
f 214/214/214 216/216/216 232/232/232
f 233/233/233 234/234/234 235/235/235
f 220/220/220 236/236/236 212/212/212
f 237/237/237 238/238/238 239/239/239
f 231/231/231 240/240/240 229/229/229
f 234/234/234 233/233/233 241/241/241
f 242/242/242 243/243/243 244/244/244
f 245/245/245 241/241/241 233/233/233
f 228/228/228 246/246/246 210/210/210
f 247/247/247 248/248/248 249/249/249
f 250/250/250 189/189/189 197/197/197
f 251/251/251 252/252/252 253/253/253
f 254/254/254 255/255/255 256/256/256
f 243/243/243 257/257/257 244/244/244
f 257/257/257 243/243/243 258/258/258
f 259/259/259 260/260/260 261/261/261
f 255/255/255 254/254/254 262/262/262
f 194/194/194 263/263/263 264/264/264
f 265/265/265 266/266/266 267/267/267
f 268/268/268 269/269/269 270/270/270
f 271/271/271 251/251/251 253/253/253
f 260/260/260 272/272/272 261/261/261
f 273/273/273 250/250/250 197/197/197
f 928/928/928 932/932/932 929/929/929
f 274/274/274 275/275/275 276/276/276
f 277/277/277 278/278/278 279/279/279
f 271/271/271 253/253/253 280/280/280
f 933/933/933 927/927/927 926/926/926
f 273/273/273 281/281/281 250/250/250
f 247/247/247 249/249/249 282/282/282
f 283/283/283 284/284/284 285/285/285
f 278/278/278 286/286/286 279/279/279
f 255/255/255 262/262/262 287/287/287
f 1033/1033/1033 931/931/931 934/934/934
f 288/288/288 237/237/237 239/239/239
f 273/273/273 289/289/289 281/281/281
f 286/286/286 290/290/290 279/279/279
f 247/247/247 282/282/282 291/291/291
f 211/211/211 292/292/292 133/133/133
f 113/113/113 194/194/194 264/264/264
f 261/261/261 293/293/293 294/294/294
f 272/272/272 293/293/293 261/261/261
f 295/295/295 296/296/296 297/297/297
f 286/286/286 298/298/298 299/299/299
f 300/300/300 301/301/301 302/302/302
f 303/303/303 299/299/299 298/298/298
f 303/303/303 298/298/298 304/304/304
f 305/305/305 306/306/306 307/307/307
f 299/299/299 290/290/290 286/286/286
f 308/308/308 309/309/309 310/310/310
f 311/311/311 312/312/312 313/313/313
f 314/314/314 315/315/315 316/316/316
f 317/317/317 318/318/318 319/319/319
f 315/315/315 314/314/314 320/320/320
f 321/321/321 322/322/322 323/323/323
f 928/928/928 935/935/935 932/932/932
f 113/113/113 264/264/264 324/324/324
f 287/287/287 262/262/262 325/325/325
f 326/326/326 327/327/327 328/328/328
f 325/325/325 329/329/329 287/287/287
f 330/330/330 318/318/318 317/317/317
f 933/933/933 936/936/936 937/937/937
f 331/331/331 322/322/322 321/321/321
f 933/933/933 926/926/926 936/936/936
f 1033/1033/1033 934/934/934 938/938/938
f 332/332/332 113/113/113 324/324/324
f 333/333/333 330/330/330 317/317/317
f 326/326/326 334/334/334 327/327/327
f 934/934/934 931/931/931 939/939/939
f 226/226/226 292/292/292 211/211/211
f 329/329/329 325/325/325 335/335/335
f 336/336/336 337/337/337 338/338/338
f 292/292/292 226/226/226 339/339/339
f 113/113/113 340/340/340 341/341/341
f 332/332/332 340/340/340 113/113/113
f 342/342/342 343/343/343 344/344/344
f 345/345/345 346/346/346 347/347/347
f 332/332/332 348/348/348 340/340/340
f 305/305/305 349/349/349 306/306/306
f 350/350/350 322/322/322 331/331/331
f 939/939/939 940/940/940 934/934/934
f 346/346/346 345/345/345 351/351/351
f 937/937/937 936/936/936 941/941/941
f 345/345/345 352/352/352 351/351/351
f 942/942/942 943/943/943 944/944/944
f 353/353/353 354/354/354 355/355/355
f 351/351/351 352/352/352 356/356/356
f 945/945/945 946/946/946 947/947/947
f 948/948/948 949/949/949 950/950/950
f 951/951/951 952/952/952 953/953/953
f 354/354/354 357/357/357 355/355/355
f 932/932/932 935/935/935 954/954/954
f 358/358/358 359/359/359 360/360/360
f 361/361/361 359/359/359 358/358/358
f 362/362/362 363/363/363 364/364/364
f 938/938/938 934/934/934 955/955/955
f 365/365/365 366/366/366 367/367/367
f 368/368/368 369/369/369 370/370/370
f 305/305/305 371/371/371 349/349/349
f 956/956/956 957/957/957 940/940/940
f 958/958/958 959/959/959 960/960/960
f 330/330/330 333/333/333 372/372/372
f 373/373/373 374/374/374 375/375/375
f 370/370/370 369/369/369 376/376/376
f 367/367/367 366/366/366 377/377/377
f 378/378/378 373/373/373 375/375/375
f 961/961/961 962/962/962 935/935/935
f 379/379/379 380/380/380 381/381/381
f 935/935/935 962/962/962 963/963/963
f 954/954/954 935/935/935 963/963/963
f 964/964/964 965/965/965 966/966/966
f 967/967/967 955/955/955 934/934/934
f 968/968/968 969/969/969 970/970/970
f 372/372/372 333/333/333 382/382/382
f 383/383/383 384/384/384 385/385/385
f 375/375/375 386/386/386 378/378/378
f 971/971/971 972/972/972 973/973/973
f 934/934/934 940/940/940 974/974/974
f 967/967/967 934/934/934 974/974/974
f 975/975/975 973/973/973 972/972/972
f 976/976/976 977/977/977 978/978/978
f 979/979/979 980/980/980 981/981/981
f 982/982/982 970/970/970 969/969/969
f 982/982/982 983/983/983 970/970/970
f 966/966/966 965/965/965 984/984/984
f 985/985/985 986/986/986 987/987/987
f 965/965/965 988/988/988 984/984/984
f 985/985/985 989/989/989 986/986/986
f 980/980/980 979/979/979 990/990/990
f 963/963/963 991/991/991 954/954/954
f 940/940/940 992/992/992 974/974/974
f 992/992/992 940/940/940 993/993/993
f 994/994/994 995/995/995 996/996/996
f 997/997/997 998/998/998 999/999/999
f 1000/1000/1000 999/999/999 998/998/998
f 996/996/996 1001/1001/1001 1002/1002/1002
f 1002/1002/1002 994/994/994 996/996/996
f 976/976/976 1003/1003/1003 977/977/977
f 1004/1004/1004 1005/1005/1005 1006/1006/1006
f 1008/1008/1008 1007/1007/1007 1009/1009/1009
f 999/999/999 1000/1000/1000 1010/1010/1010
f 1011/1011/1011 1002/1002/1002 1001/1001/1001
f 1011/1011/1011 1012/1012/1012 1002/1002/1002
f 1000/1000/1000 1013/1013/1013 1010/1010/1010
f 1012/1012/1012 1014/1014/1014 1015/1015/1015
f 1011/1011/1011 1014/1014/1014 1012/1012/1012
f 1015/1015/1015 1014/1014/1014 1016/1016/1016
f 1017/1017/1017 1018/1018/1018 1019/1019/1019
f 1010/1010/1010 1013/1013/1013 1016/1016/1016
f 1013/1013/1013 1015/1015/1015 1016/1016/1016
f 954/954/954 991/991/991 1020/1020/1020
f 1021/1021/1021 1022/1022/1022 1023/1023/1023
f 1024/1024/1024 1025/1025/1025 1023/1023/1023
f 1018/1018/1018 1026/1026/1026 1027/1027/1027
f 1027/1027/1027 1026/1026/1026 1028/1028/1028
f 1029/1029/1029 1030/1030/1030 1031/1031/1031
f 1034/1034/1034 1035/1035/1035 1036/1036/1036
f 1034/1034/1034 1036/1036/1036 1035/1035/1035
f 1034/1034/1034 1036/1036/1036 1037/1037/1037
f 1034/1034/1034 1037/1037/1037 1036/1036/1036
f 1034/1034/1034 1037/1037/1037 1038/1038/1038
f 1034/1034/1034 1038/1038/1038 1037/1037/1037
f 1034/1034/1034 1038/1038/1038 1039/1039/1039
f 1034/1034/1034 1039/1039/1039 1038/1038/1038
f 1034/1034/1034 1039/1039/1039 1040/1040/1040
f 1034/1034/1034 1040/1040/1040 1039/1039/1039
f 1034/1034/1034 1040/1040/1040 1041/1041/1041
f 1034/1034/1034 1041/1041/1041 1040/1040/1040
f 1034/1034/1034 1041/1041/1041 1042/1042/1042
f 1034/1034/1034 1042/1042/1042 1041/1041/1041
f 1034/1034/1034 1042/1042/1042 1043/1043/1043
f 1034/1034/1034 1043/1043/1043 1042/1042/1042
f 1034/1034/1034 1043/1043/1043 1044/1044/1044
f 1034/1034/1034 1044/1044/1044 1043/1043/1043
f 1034/1034/1034 1044/1044/1044 1045/1045/1045
f 1034/1034/1034 1045/1045/1045 1044/1044/1044
f 1034/1034/1034 1045/1045/1045 1046/1046/1046
f 1034/1034/1034 1046/1046/1046 1045/1045/1045
f 1034/1034/1034 1046/1046/1046 1047/1047/1047
f 1034/1034/1034 1047/1047/1047 1046/1046/1046
f 1034/1034/1034 1047/1047/1047 1048/1048/1048
f 1034/1034/1034 1048/1048/1048 1047/1047/1047
f 1034/1034/1034 1048/1048/1048 1049/1049/1049
f 1034/1034/1034 1049/1049/1049 1048/1048/1048
f 1034/1034/1034 1049/1049/1049 1050/1050/1050
f 1034/1034/1034 1050/1050/1050 1049/1049/1049
f 1034/1034/1034 1050/1050/1050 1051/1051/1051
f 1034/1034/1034 1051/1051/1051 1050/1050/1050
f 1034/1034/1034 1051/1051/1051 1052/1052/1052
f 1034/1034/1034 1052/1052/1052 1051/1051/1051
f 1034/1034/1034 1052/1052/1052 1053/1053/1053
f 1034/1034/1034 1053/1053/1053 1052/1052/1052
f 1034/1034/1034 1053/1053/1053 1054/1054/1054
f 1034/1034/1034 1054/1054/1054 1053/1053/1053
f 1034/1034/1034 1054/1054/1054 1055/1055/1055
f 1034/1034/1034 1055/1055/1055 1054/1054/1054
f 1034/1034/1034 1055/1055/1055 1056/1056/1056
f 1034/1034/1034 1056/1056/1056 1055/1055/1055
f 1034/1034/1034 1056/1056/1056 1057/1057/1057
f 1034/1034/1034 1057/1057/1057 1056/1056/1056
f 1034/1034/1034 1057/1057/1057 1058/1058/1058
f 1034/1034/1034 1058/1058/1058 1057/1057/1057
f 1034/1034/1034 1058/1058/1058 1059/1059/1059
f 1034/1034/1034 1059/1059/1059 1058/1058/1058
f 1034/1034/1034 1059/1059/1059 1060/1060/1060
f 1034/1034/1034 1060/1060/1060 1059/1059/1059
f 1034/1034/1034 1060/1060/1060 1061/1061/1061
f 1034/1034/1034 1061/1061/1061 1060/1060/1060
f 1034/1034/1034 1061/1061/1061 1062/1062/1062
f 1034/1034/1034 1062/1062/1062 1061/1061/1061
f 1034/1034/1034 1062/1062/1062 1063/1063/1063
f 1034/1034/1034 1063/1063/1063 1062/1062/1062
f 1034/1034/1034 1063/1063/1063 1064/1064/1064
f 1034/1034/1034 1064/1064/1064 1063/1063/1063
f 1034/1034/1034 1064/1064/1064 1065/1065/1065
f 1034/1034/1034 1065/1065/1065 1064/1064/1064
f 1034/1034/1034 1065/1065/1065 1066/1066/1066
f 1034/1034/1034 1066/1066/1066 1065/1065/1065
f 1034/1034/1034 1066/1066/1066 1067/1067/1067
f 1034/1034/1034 1067/1067/1067 1066/1066/1066
f 1034/1034/1034 1067/1067/1067 1068/1068/1068
f 1034/1034/1034 1068/1068/1068 1067/1067/1067
f 1034/1034/1034 1068/1068/1068 1069/1069/1069
f 1034/1034/1034 1069/1069/1069 1068/1068/1068
f 1034/1034/1034 1069/1069/1069 1070/1070/1070
f 1034/1034/1034 1070/1070/1070 1069/1069/1069
f 1034/1034/1034 1070/1070/1070 1071/1071/1071
f 1034/1034/1034 1071/1071/1071 1070/1070/1070
f 1034/1034/1034 1071/1071/1071 1072/1072/1072
f 1034/1034/1034 1072/1072/1072 1071/1071/1071
f 1034/1034/1034 1072/1072/1072 1073/1073/1073
f 1034/1034/1034 1073/1073/1073 1072/1072/1072
f 1034/1034/1034 1073/1073/1073 1074/1074/1074
f 1034/1034/1034 1074/1074/1074 1073/1073/1073
f 1034/1034/1034 1074/1074/1074 1075/1075/1075
f 1034/1034/1034 1075/1075/1075 1074/1074/1074
f 1034/1034/1034 1075/1075/1075 1076/1076/1076
f 1034/1034/1034 1076/1076/1076 1075/1075/1075
f 1034/1034/1034 1076/1076/1076 1077/1077/1077
f 1034/1034/1034 1077/1077/1077 1076/1076/1076
f 1034/1034/1034 1077/1077/1077 1078/1078/1078
f 1034/1034/1034 1078/1078/1078 1077/1077/1077
f 1034/1034/1034 1078/1078/1078 1079/1079/1079
f 1034/1034/1034 1079/1079/1079 1078/1078/1078
f 1034/1034/1034 1079/1079/1079 1080/1080/1080
f 1034/1034/1034 1080/1080/1080 1079/1079/1079
f 1034/1034/1034 1080/1080/1080 1081/1081/1081
f 1034/1034/1034 1081/1081/1081 1080/1080/1080
f 1034/1034/1034 1081/1081/1081 1082/1082/1082
f 1034/1034/1034 1082/1082/1082 1081/1081/1081
f 1034/1034/1034 1082/1082/1082 1083/1083/1083
f 1034/1034/1034 1083/1083/1083 1082/1082/1082
f 1034/1034/1034 1083/1083/1083 1084/1084/1084
f 1034/1034/1034 1084/1084/1084 1083/1083/1083
f 1034/1034/1034 1084/1084/1084 1085/1085/1085
f 1034/1034/1034 1085/1085/1085 1084/1084/1084
f 1034/1034/1034 1085/1085/1085 1086/1086/1086
f 1034/1034/1034 1086/1086/1086 1085/1085/1085
f 1034/1034/1034 1086/1086/1086 1087/1087/1087
f 1034/1034/1034 1087/1087/1087 1086/1086/1086
f 1034/1034/1034 1087/1087/1087 1088/1088/1088
f 1034/1034/1034 1088/1088/1088 1087/1087/1087
f 1034/1034/1034 1088/1088/1088 1089/1089/1089
f 1034/1034/1034 1089/1089/1089 1088/1088/1088
f 1034/1034/1034 1089/1089/1089 1090/1090/1090
f 1034/1034/1034 1090/1090/1090 1089/1089/1089
f 1034/1034/1034 1090/1090/1090 1091/1091/1091
f 1034/1034/1034 1091/1091/1091 1090/1090/1090
f 1034/1034/1034 1091/1091/1091 1092/1092/1092
f 1034/1034/1034 1092/1092/1092 1091/1091/1091
f 1034/1034/1034 1092/1092/1092 1093/1093/1093
f 1034/1034/1034 1093/1093/1093 1092/1092/1092
f 1034/1034/1034 1093/1093/1093 1094/1094/1094
f 1034/1034/1034 1094/1094/1094 1093/1093/1093
f 1034/1034/1034 1094/1094/1094 1095/1095/1095
f 1034/1034/1034 1095/1095/1095 1094/1094/1094
f 1034/1034/1034 1095/1095/1095 1096/1096/1096
f 1034/1034/1034 1096/1096/1096 1095/1095/1095
f 1034/1034/1034 1096/1096/1096 1097/1097/1097
f 1034/1034/1034 1097/1097/1097 1096/1096/1096
f 1034/1034/1034 1097/1097/1097 1098/1098/1098
f 1034/1034/1034 1098/1098/1098 1097/1097/1097
f 1034/1034/1034 1098/1098/1098 1099/1099/1099
f 1034/1034/1034 1099/1099/1099 1098/1098/1098
f 1034/1034/1034 1099/1099/1099 1100/1100/1100
f 1034/1034/1034 1100/1100/1100 1099/1099/1099
f 1034/1034/1034 1100/1100/1100 1101/1101/1101
f 1034/1034/1034 1101/1101/1101 1100/1100/1100
f 1034/1034/1034 1101/1101/1101 1102/1102/1102
f 1034/1034/1034 1102/1102/1102 1101/1101/1101
f 1034/1034/1034 1102/1102/1102 1035/1035/1035
f 1034/1034/1034 1035/1035/1035 1102/1102/1102
f 1103/1103/1103 1104/1104/1104 1105/1105/1105
f 1103/1103/1103 1105/1105/1105 1104/1104/1104
f 1103/1103/1103 1105/1105/1105 1106/1106/1106
f 1103/1103/1103 1106/1106/1106 1105/1105/1105
f 1103/1103/1103 1106/1106/1106 1107/1107/1107
f 1103/1103/1103 1107/1107/1107 1106/1106/1106
f 1103/1103/1103 1107/1107/1107 1108/1108/1108
f 1103/1103/1103 1108/1108/1108 1107/1107/1107
f 1103/1103/1103 1108/1108/1108 1109/1109/1109
f 1103/1103/1103 1109/1109/1109 1108/1108/1108
f 1103/1103/1103 1109/1109/1109 1110/1110/1110
f 1103/1103/1103 1110/1110/1110 1109/1109/1109
f 1103/1103/1103 1110/1110/1110 1111/1111/1111
f 1103/1103/1103 1111/1111/1111 1110/1110/1110
f 1103/1103/1103 1111/1111/1111 1112/1112/1112
f 1103/1103/1103 1112/1112/1112 1111/1111/1111
f 1103/1103/1103 1112/1112/1112 1113/1113/1113
f 1103/1103/1103 1113/1113/1113 1112/1112/1112
f 1103/1103/1103 1113/1113/1113 1114/1114/1114
f 1103/1103/1103 1114/1114/1114 1113/1113/1113
f 1103/1103/1103 1114/1114/1114 1115/1115/1115
f 1103/1103/1103 1115/1115/1115 1114/1114/1114
f 1103/1103/1103 1115/1115/1115 1116/1116/1116
f 1103/1103/1103 1116/1116/1116 1115/1115/1115
f 1103/1103/1103 1116/1116/1116 1117/1117/1117
f 1103/1103/1103 1117/1117/1117 1116/1116/1116
f 1103/1103/1103 1117/1117/1117 1118/1118/1118
f 1103/1103/1103 1118/1118/1118 1117/1117/1117
f 1103/1103/1103 1118/1118/1118 1119/1119/1119
f 1103/1103/1103 1119/1119/1119 1118/1118/1118
f 1103/1103/1103 1119/1119/1119 1120/1120/1120
f 1103/1103/1103 1120/1120/1120 1119/1119/1119
f 1103/1103/1103 1120/1120/1120 1121/1121/1121
f 1103/1103/1103 1121/1121/1121 1120/1120/1120
f 1103/1103/1103 1121/1121/1121 1104/1104/1104
f 1103/1103/1103 1104/1104/1104 1121/1121/1121
