o head
v 0.72814 7.43452 -1.77710
v 0.83865 7.86778 -1.95748
v 0.80289 7.81013 -1.72970
v 0.72814 7.43452 -1.77710
v 0.83468 7.59343 -1.94149
v 0.83865 7.86778 -1.95748
v 0.87326 7.99876 -2.00364
v 0.80151 8.05007 -1.70962
v 0.74073 7.91795 -1.77953
v 0.76982 8.18118 -2.06668
v 0.77380 8.21309 -1.70627
v 0.87326 7.99876 -2.00364
v 0.80151 8.05007 -1.70962
v 0.87326 7.99876 -2.00364
v 0.77380 8.21309 -1.70627
v 0.71151 8.03623 -2.20326
v 0.76982 8.18118 -2.06668
v 0.87326 7.99876 -2.00364
v 0.76982 8.18118 -2.06668
v 0.78124 8.39936 -1.92124
v 0.77380 8.21309 -1.70627
v 0.87326 7.99876 -2.00364
v 0.75949 7.81272 -2.34257
v 0.71151 8.03623 -2.20326
v 0.80289 7.81013 -1.72970
v 0.80151 8.05007 -1.70962
v 0.76966 7.76057 -1.55947
v 0.80151 8.05007 -1.70962
v 0.73092 8.05777 -1.57376
v 0.76966 7.76057 -1.55947
v 0.71151 8.03623 -2.20326
v 0.75949 7.81272 -2.34257
v 0.71485 7.71247 -2.54873
v 0.80151 8.05007 -1.70962
v 0.80289 7.81013 -1.72970
v 0.74073 7.91795 -1.77953
v 0.71485 7.71247 -2.54873
v 0.76353 7.91372 -2.84710
v 0.71151 8.03623 -2.20326
v 0.72775 7.56094 -1.57266
v 0.76966 7.76057 -1.55947
v 0.76977 7.81984 -1.40372
v 0.78723 8.17466 -1.40575
v 0.79734 8.20308 -1.54429
v 0.74113 8.27363 -1.44916
v 0.78124 8.39936 -1.92124
v 0.69706 8.23193 -2.30642
v 0.77391 8.38283 -2.34999
v 0.78024 7.87992 -1.37854
v 0.78723 8.17466 -1.40575
v 0.76214 7.73839 -1.12931
v 0.73814 7.40731 -2.20148
v 0.65787 7.49600 -2.23109
v 0.83468 7.59343 -1.94149
v 0.74073 7.91795 -1.77953
v 0.80289 7.81013 -1.72970
v 0.83865 7.86778 -1.95748
v 0.71485 7.71247 -2.54873
v 0.75689 7.69469 -2.88593
v 0.76353 7.91372 -2.84710
v 0.79734 8.20308 -1.54429
v 0.73092 8.05777 -1.57376
v 0.74113 8.27363 -1.44916
v 0.83468 7.59343 -1.94149
v 0.67798 7.24016 -2.07008
v 0.73814 7.40731 -2.20148
v 0.83865 7.86778 -1.95748
v 0.67180 7.88108 -1.99911
v 0.74073 7.91795 -1.77953
v 0.65853 7.64165 -2.04523
v 0.83865 7.86778 -1.95748
v 0.83468 7.59343 -1.94149
v 0.65058 7.82134 -2.38166
v 0.71485 7.71247 -2.54873
v 0.75949 7.81272 -2.34257
v 0.67798 7.24016 -2.07008
v 0.83468 7.59343 -1.94149
v 0.72814 7.43452 -1.77710
v 0.78024 7.87992 -1.37854
v 0.76214 7.73839 -1.12931
v 0.71830 7.83711 -1.35736
v 0.73092 8.05777 -1.57376
v 0.70875 8.39693 -1.60581
v 0.74113 8.27363 -1.44916
v 0.65787 7.49600 -2.23109
v 0.65853 7.64165 -2.04523
v 0.83468 7.59343 -1.94149
v 0.83865 7.86778 -1.95748
v 0.65853 7.64165 -2.04523
v 0.67180 7.88108 -1.99911
v 0.87326 7.99876 -2.00364
v 0.74073 7.91795 -1.77953
v 0.67180 7.88108 -1.99911
v 0.77380 8.21309 -1.70627
v 0.78124 8.39936 -1.92124
v 0.68040 8.38550 -1.78460
v 0.65326 8.49623 -2.05994
v 0.78124 8.39936 -1.92124
v 0.77391 8.38283 -2.34999
v 0.75949 7.81272 -2.34257
v 0.87326 7.99876 -2.00364
v 0.67180 7.88108 -1.99911
v 0.69958 7.95564 -2.85567
v 0.71151 8.03623 -2.20326
v 0.76353 7.91372 -2.84710
v 0.72814 7.43452 -1.77710
v 0.80289 7.81013 -1.72970
v 0.76966 7.76057 -1.55947
v 0.74113 8.27363 -1.44916
v 0.70875 8.39693 -1.60581
v 0.77282 8.41043 -1.62769
v 0.75689 7.69469 -2.88593
v 0.71485 7.71247 -2.54873
v 0.63606 7.67337 -2.69454
v 0.78723 8.17466 -1.40575
v 0.78024 7.87992 -1.37854
v 0.71830 7.83711 -1.35736
v 0.78124 8.39936 -1.92124
v 0.59654 8.23460 -2.17596
v 0.69706 8.23193 -2.30642
v 0.79734 8.20308 -1.54429
v 0.78723 8.17466 -1.40575
v 0.73092 8.05777 -1.57376
v 0.73092 8.05777 -1.57376
v 0.80151 8.05007 -1.70962
v 0.77380 8.21309 -1.70627
v 0.77391 8.38283 -2.34999
v 0.69706 8.23193 -2.30642
v 0.66371 8.06096 -2.46523
v 0.76966 7.76057 -1.55947
v 0.72775 7.56094 -1.57266
v 0.72814 7.43452 -1.77710
v 0.69685 8.15268 -1.10951
v 0.76214 7.73839 -1.12931
v 0.78723 8.17466 -1.40575
v 0.77380 8.21309 -1.70627
v 0.70875 8.39693 -1.60581
v 0.73092 8.05777 -1.57376
v 0.71830 7.83711 -1.35736
v 0.76966 7.76057 -1.55947
v 0.73092 8.05777 -1.57376
v 0.71830 7.83711 -1.35736
v 0.73092 8.05777 -1.57376
v 0.78723 8.17466 -1.40575
v 0.76977 7.81984 -1.40372
v 0.76966 7.76057 -1.55947
v 0.71830 7.83711 -1.35736
v 0.69979 7.15166 -2.34924
v 0.70157 7.33885 -2.33605
v 0.73814 7.40731 -2.20148
v 0.70875 8.39693 -1.60581
v 0.77380 8.21309 -1.70627
v 0.68040 8.38550 -1.78460
v 0.69807 8.40754 -1.40972
v 0.74113 8.27363 -1.44916
v 0.77282 8.41043 -1.62769
v 0.77391 8.38283 -2.34999
v 0.66371 8.06096 -2.46523
v 0.58011 8.21445 -2.56778
v 0.67798 7.24016 -2.07008
v 0.69979 7.15166 -2.34924
v 0.73814 7.40731 -2.20148
v 0.70875 8.39693 -1.60581
v 0.68040 8.38550 -1.78460
v 0.71833 8.53484 -1.75471
v 0.76977 7.81984 -1.40372
v 0.71830 7.83711 -1.35736
v 0.70942 7.70705 -1.37559
v 0.71151 8.03623 -2.20326
v 0.59654 8.23460 -2.17596
v 0.76982 8.18118 -2.06668
v 0.76982 8.18118 -2.06668
v 0.59654 8.23460 -2.17596
v 0.78124 8.39936 -1.92124
v 0.78723 8.17466 -1.40575
v 0.74113 8.27363 -1.44916
v 0.59859 8.34286 -1.28050
v 0.77282 8.41043 -1.62769
v 0.70875 8.39693 -1.60581
v 0.69807 8.40754 -1.40972
v 0.74113 8.27363 -1.44916
v 0.69807 8.40754 -1.40972
v 0.59859 8.34286 -1.28050
v 0.64531 7.51284 -2.80959
v 0.75689 7.69469 -2.88593
v 0.63606 7.67337 -2.69454
v 0.75949 7.81272 -2.34257
v 0.66137 7.81058 -2.17868
v 0.65058 7.82134 -2.38166
v 0.75689 7.69469 -2.88593
v 0.68751 7.66164 -3.00645
v 0.68806 7.88875 -3.00612
v 0.68806 7.88875 -3.00612
v 0.76353 7.91372 -2.84710
v 0.75689 7.69469 -2.88593
v 0.72814 7.43452 -1.77710
v 0.53653 7.24266 -2.00077
v 0.67798 7.24016 -2.07008
v 0.66371 8.06096 -2.46523
v 0.69958 7.95564 -2.85567
v 0.68742 8.10478 -2.74453
v 0.71151 8.03623 -2.20326
v 0.69958 7.95564 -2.85567
v 0.66371 8.06096 -2.46523
v 0.69979 7.15166 -2.34924
v 0.67798 7.24016 -2.07008
v 0.61881 7.14864 -2.28008
v 0.65787 7.49600 -2.23109
v 0.73814 7.40731 -2.20148
v 0.60131 7.35914 -2.28069
v 0.68751 7.66164 -3.00645
v 0.75689 7.69469 -2.88593
v 0.61633 7.66000 -2.84403
v 0.78124 8.39936 -1.92124
v 0.65326 8.49623 -2.05994
v 0.68040 8.38550 -1.78460
v 0.75949 7.81272 -2.34257
v 0.67180 7.88108 -1.99911
v 0.66137 7.81058 -2.17868
v 0.69706 8.23193 -2.30642
v 0.48397 8.13663 -2.32953
v 0.66371 8.06096 -2.46523
v 0.67030 7.88449 -0.97198
v 0.69685 8.15268 -1.10951
v 0.54975 8.17900 -1.00035
v 0.69958 7.95564 -2.85567
v 0.76353 7.91372 -2.84710
v 0.61193 7.91054 -2.90052
v 0.70875 8.39693 -1.60581
v 0.59859 8.34286 -1.28050
v 0.69807 8.40754 -1.40972
v 0.59429 7.49944 -2.89421
v 0.68751 7.66164 -3.00645
v 0.61633 7.66000 -2.84403
v 0.71485 7.71247 -2.54873
v 0.63341 7.76102 -2.55703
v 0.63606 7.67337 -2.69454
v 0.60062 8.54530 -1.80037
v 0.71833 8.53484 -1.75471
v 0.68040 8.38550 -1.78460
v 0.66137 7.81058 -2.17868
v 0.65853 7.64165 -2.04523
v 0.58902 7.70712 -2.17826
v 0.75689 7.69469 -2.88593
v 0.64531 7.51284 -2.80959
v 0.61633 7.66000 -2.84403
v 0.70174 8.64312 -0.39172
v 0.64555 8.55867 -0.67887
v 0.42741 8.59056 -0.67771
v 0.68806 7.88875 -3.00612
v 0.57828 7.94538 -3.01999
v 0.76353 7.91372 -2.84710
v 0.65853 7.64165 -2.04523
v 0.66137 7.81058 -2.17868
v 0.67180 7.88108 -1.99911
v 0.59859 8.34286 -1.28050
v 0.70875 8.39693 -1.60581
v 0.71833 8.53484 -1.75471
v 0.73814 7.40731 -2.20148
v 0.70157 7.33885 -2.33605
v 0.60131 7.35914 -2.28069
v 0.71485 7.71247 -2.54873
v 0.65058 7.82134 -2.38166
v 0.63341 7.76102 -2.55703
v 0.57828 7.94538 -3.01999
v 0.61193 7.91054 -2.90052
v 0.76353 7.91372 -2.84710
v 0.63231 8.09074 -2.29718
v 0.71151 8.03623 -2.20326
v 0.66371 8.06096 -2.46523
v 0.55545 8.48559 -2.24111
v 0.65326 8.49623 -2.05994
v 0.77391 8.38283 -2.34999
v 0.71151 8.03623 -2.20326
v 0.63231 8.09074 -2.29718
v 0.69706 8.23193 -2.30642
v 0.59654 8.23460 -2.17596
v 0.71151 8.03623 -2.20326
v 0.69706 8.23193 -2.30642
v 0.68040 8.38550 -1.78460
v 0.65326 8.49623 -2.05994
v 0.60062 8.54530 -1.80037
v 0.65853 7.64165 -2.04523
v 0.65787 7.49600 -2.23109
v 0.58902 7.70712 -2.17826
v 0.63381 7.65388 -2.26053
v 0.58902 7.70712 -2.17826
v 0.65787 7.49600 -2.23109
v 0.78723 8.17466 -1.40575
v 0.59859 8.34286 -1.28050
v 0.45730 8.26717 -1.21387
v 0.78723 8.17466 -1.40575
v 0.45730 8.26717 -1.21387
v 0.69685 8.15268 -1.10951
v 0.59718 8.21910 -1.09718
v 0.69685 8.15268 -1.10951
v 0.45730 8.26717 -1.21387
v 0.66371 8.06096 -2.46523
v 0.48397 8.13663 -2.32953
v 0.63231 8.09074 -2.29718
v 0.63381 7.65388 -2.26053
v 0.51056 7.64348 -2.29094
v 0.58902 7.70712 -2.17826
v 0.68751 7.66164 -3.00645
v 0.59429 7.49944 -2.89421
v 0.57683 7.60344 -2.95394
v 0.57828 7.94538 -3.01999
v 0.68806 7.88875 -3.00612
v 0.68751 7.66164 -3.00645
v 0.59718 8.21910 -1.09718
v 0.54975 8.17900 -1.00035
v 0.69685 8.15268 -1.10951
v 0.69958 7.95564 -2.85567
v 0.61193 7.91054 -2.90052
v 0.57828 7.94538 -3.01999
v 0.69958 7.95564 -2.85567
v 0.57828 7.94538 -3.01999
v 0.68742 8.10478 -2.74453
v 0.60622 7.49127 -2.34082
v 0.65787 7.49600 -2.23109
v 0.60131 7.35914 -2.28069
v 0.58902 7.70712 -2.17826
v 0.63606 7.67337 -2.69454
v 0.63341 7.76102 -2.55703
v 0.59859 8.34286 -1.28050
v 0.71833 8.53484 -1.75471
v 0.59833 8.42854 -1.29110
v 0.58902 7.70712 -2.17826
v 0.63341 7.76102 -2.55703
v 0.65058 7.82134 -2.38166
v 0.57376 8.16618 -2.61517
v 0.58011 8.21445 -2.56778
v 0.66371 8.06096 -2.46523
v 0.77391 8.38283 -2.34999
v 0.58011 8.21445 -2.56778
v 0.55545 8.48559 -2.24111
v 0.59571 7.66651 -3.12535
v 0.58921 7.92045 -3.12779
v 0.57828 7.94538 -3.01999
v 0.59571 7.66651 -3.12535
v 0.57828 7.94538 -3.01999
v 0.68751 7.66164 -3.00645
v 0.63231 8.09074 -2.29718
v 0.48397 8.13663 -2.32953
v 0.69706 8.23193 -2.30642
v 0.63606 7.67337 -2.69454
v 0.61633 7.66000 -2.84403
v 0.64531 7.51284 -2.80959
v 0.57376 8.16618 -2.61517
v 0.66371 8.06096 -2.46523
v 0.68742 8.10478 -2.74453
v 0.58849 8.26032 -2.61406
v 0.58011 8.21445 -2.56778
v 0.57376 8.16618 -2.61517
v 0.65058 7.82134 -2.38166
v 0.66137 7.81058 -2.17868
v 0.58902 7.70712 -2.17826
v 0.65326 8.49623 -2.05994
v 0.49778 8.63281 -2.05832
v 0.60062 8.54530 -1.80037
v 0.48365 7.64675 -2.99909
v 0.59429 7.49944 -2.89421
v 0.61633 7.66000 -2.84403
v 0.68751 7.66164 -3.00645
v 0.41261 7.64855 -3.11512
v 0.59571 7.66651 -3.12535
v 0.60062 8.54530 -1.80037
v 0.51401 8.54062 -1.70226
v 0.71833 8.53484 -1.75471
v 0.60622 7.49127 -2.34082
v 0.51348 7.48206 -2.35996
v 0.65787 7.49600 -2.23109
v 0.71833 8.53484 -1.75471
v 0.51401 8.54062 -1.70226
v 0.51644 8.52341 -1.43883
v 0.58921 7.92045 -3.12779
v 0.30398 7.92583 -3.15637
v 0.57828 7.94538 -3.01999
v 0.59571 7.66651 -3.12535
v 0.32382 7.66251 -3.16316
v 0.58921 7.92045 -3.12779
v 0.60131 7.35914 -2.28069
v 0.52943 7.39591 -2.37485
v 0.60622 7.49127 -2.34082
v 0.63381 7.65388 -2.26053
v 0.65787 7.49600 -2.23109
v 0.51056 7.64348 -2.29094
v 0.58011 8.21445 -2.56778
v 0.58849 8.26032 -2.61406
v 0.55545 8.48559 -2.24111
v 0.54975 8.17900 -1.00035
v 0.59718 8.21910 -1.09718
v 0.45730 8.26717 -1.21387
v 0.67798 7.24016 -2.07008
v 0.28507 7.21357 -2.12739
v 0.61881 7.14864 -2.28008
v 0.59571 7.66651 -3.12535
v 0.41261 7.64855 -3.11512
v 0.32382 7.66251 -3.16316
v 0.57683 7.60344 -2.95394
v 0.59429 7.49944 -2.89421
v 0.48365 7.64675 -2.99909
v 0.28507 7.21357 -2.12739
v 0.67798 7.24016 -2.07008
v 0.56367 7.26822 -2.05879
v 0.60622 7.49127 -2.34082
v 0.52943 7.39591 -2.37485
v 0.51348 7.48206 -2.35996
v 0.59833 8.42854 -1.29110
v 0.51644 8.52341 -1.43883
v 0.45465 8.41420 -1.24927
v 0.63606 7.67337 -2.69454
v 0.48365 7.64675 -2.99909
v 0.61633 7.66000 -2.84403
v 0.65326 8.49623 -2.05994
v 0.55545 8.48559 -2.24111
v 0.49778 8.63281 -2.05832
v 0.41261 7.64855 -3.11512
v 0.68751 7.66164 -3.00645
v 0.48365 7.64675 -2.99909
v 0.51644 8.52341 -1.43883
v 0.59833 8.42854 -1.29110
v 0.71833 8.53484 -1.75471
v 0.49778 8.63281 -2.05832
v 0.55545 8.48559 -2.24111
v 0.54529 8.57285 -2.26293
v 0.59859 8.34286 -1.28050
v 0.59833 8.42854 -1.29110
v 0.45465 8.41420 -1.24927
v 0.60062 8.54530 -1.80037
v 0.49778 8.63281 -2.05832
v 0.51401 8.54062 -1.70226
v 0.68751 7.66164 -3.00645
v 0.57683 7.60344 -2.95394
v 0.46593 7.56835 -2.99205
v 0.65787 7.49600 -2.23109
v 0.51348 7.48206 -2.35996
v 0.49368 7.42340 -2.29795
v 0.49778 8.63281 -2.05832
v 0.49305 8.62565 -1.69695
v 0.51401 8.54062 -1.70226
v 0.65787 7.49600 -2.23109
v 0.49368 7.42340 -2.29795
v 0.51056 7.64348 -2.29094
v 0.51056 7.64348 -2.29094
v 0.44043 7.65678 -2.05818
v 0.58902 7.70712 -2.17826
v 0.45730 8.26717 -1.21387
v 0.41229 8.18446 -0.97166
v 0.54975 8.17900 -1.00035
v 0.37137 8.26795 -0.88363
v 0.64555 8.55867 -0.67887
v 0.72674 8.13926 -0.61627
v 0.52943 7.39591 -2.37485
v 0.49368 7.42340 -2.29795
v 0.51348 7.48206 -2.35996
v 0.48365 7.64675 -2.99909
v 0.68751 7.66164 -3.00645
v 0.46593 7.56835 -2.99205
v 0.50173 8.58402 -1.43175
v 0.46056 8.54106 -1.25518
v 0.51644 8.52341 -1.43883
v 0.45759 7.53451 -3.08852
v 0.41261 7.64855 -3.11512
v 0.48365 7.64675 -2.99909
v 0.48365 7.64675 -2.99909
v 0.46593 7.56835 -2.99205
v 0.57683 7.60344 -2.95394
v 0.51644 8.52341 -1.43883
v 0.46056 8.54106 -1.25518
v 0.45465 8.41420 -1.24927
v 0.46593 7.56835 -2.99205
v 0.45759 7.53451 -3.08852
v 0.48365 7.64675 -2.99909
v 0.51056 7.64348 -2.29094
v 0.49368 7.42340 -2.29795
v 0.44043 7.65678 -2.05818
v 0.38971 8.26589 -0.72520
v 0.53466 8.62261 -0.43921
v 0.42741 8.59056 -0.67771
v 0.59859 8.34286 -1.28050
v 0.45465 8.41420 -1.24927
v 0.45730 8.26717 -1.21387
v 0.48365 7.64675 -2.99909
v 0.63606 7.67337 -2.69454
v 0.24097 7.71815 -2.90427
v 0.54529 8.57285 -2.26293
v 0.55545 8.48559 -2.24111
v 0.09555 8.45930 -2.34055
v 0.54529 8.57285 -2.26293
v 0.09555 8.45930 -2.34055
v 0.14395 8.57323 -2.32289
v 0.35972 8.62664 -1.68595
v 0.51644 8.52341 -1.43883
v 0.51401 8.54062 -1.70226
v 0.32382 7.66251 -3.16316
v 0.30398 7.92583 -3.15637
v 0.58921 7.92045 -3.12779
v 0.10165 8.64803 -2.05807
v 0.49778 8.63281 -2.05832
v 0.54529 8.57285 -2.26293
v 0.58902 7.70712 -2.17826
v 0.44043 7.65678 -2.05818
v 0.14627 7.62675 -2.11189
v 0.51644 8.52341 -1.43883
v 0.35972 8.62664 -1.68595
v 0.50173 8.58402 -1.43175
v 0.51401 8.54062 -1.70226
v 0.49305 8.62565 -1.69695
v 0.35972 8.62664 -1.68595
v 0.49778 8.63281 -2.05832
v 0.10165 8.64803 -2.05807
v 0.49305 8.62565 -1.69695
v 0.37876 7.93486 -0.81981
v 0.54975 8.17900 -1.00035
v 0.41229 8.18446 -0.97166
v 0.42741 8.59056 -0.67771
v 0.31820 8.44722 -0.67234
v 0.38971 8.26589 -0.72520
v 0.49305 8.62565 -1.69695
v 0.10165 8.64803 -2.05807
v 0.35972 8.62664 -1.68595
v 0.55545 8.48559 -2.24111
v 0.58849 8.26032 -2.61406
v 0.09555 8.45930 -2.34055
v 0.45730 8.26717 -1.21387
v 0.45465 8.41420 -1.24927
v 0.41229 8.18446 -0.97166
v 0.53466 8.62261 -0.43921
v 0.38971 8.26589 -0.72520
v 0.31820 8.44722 -0.67234
v 0.37137 8.26795 -0.88363
v 0.37876 7.93486 -0.81981
v 0.41229 8.18446 -0.97166
v 0.46593 7.56835 -2.99205
v 0.48365 7.64675 -2.99909
v 0.39216 7.64634 -3.04024
v 0.00921 7.67173 -2.24899
v 0.63606 7.67337 -2.69454
v 0.58902 7.70712 -2.17826
v 0.42741 8.59056 -0.67771
v 0.32428 8.59540 -0.81961
v 0.31255 8.59508 -0.73057
v 0.45759 7.53451 -3.08852
v 0.46593 7.56835 -2.99205
v 0.39216 7.64634 -3.04024
v 0.64555 8.55867 -0.67887
v 0.32428 8.59540 -0.81961
v 0.42741 8.59056 -0.67771
v 0.39216 7.64634 -3.04024
v 0.41261 7.64855 -3.11512
v 0.45759 7.53451 -3.08852
v 0.31255 8.59508 -0.73057
v 0.31820 8.44722 -0.67234
v 0.42741 8.59056 -0.67771
v 0.39216 7.64634 -3.04024
v 0.48365 7.64675 -2.99909
v 0.24097 7.71815 -2.90427
v 0.12078 8.26010 -2.64058
v 0.58849 8.26032 -2.61406
v 0.12346 8.16730 -2.66045
v 0.41229 8.18446 -0.97166
v 0.27504 8.40415 -1.21298
v 0.28218 8.29499 -1.07385
v 0.45465 8.41420 -1.24927
v 0.27504 8.40415 -1.21298
v 0.41229 8.18446 -0.97166
v 0.32382 7.66251 -3.16316
v 0.41261 7.64855 -3.11512
v 0.39216 7.64634 -3.04024
v 0.46056 8.54106 -1.25518
v -0.16602 8.56923 -1.33173
v 0.45465 8.41420 -1.24927
v 0.31366 7.57210 -2.99141
v 0.39216 7.64634 -3.04024
v 0.24097 7.71815 -2.90427
v 0.32382 7.66251 -3.16316
v 0.39216 7.64634 -3.04024
v 0.29152 7.67403 -3.09999
v 0.64555 8.55867 -0.67887
v 0.37137 8.26795 -0.88363
v 0.32428 8.59540 -0.81961
v 0.50173 8.58402 -1.43175
v -0.16602 8.56923 -1.33173
v 0.46056 8.54106 -1.25518
v 0.57376 8.16618 -2.61517
v 0.12346 8.16730 -2.66045
v 0.58849 8.26032 -2.61406
v 0.31366 7.57210 -2.99141
v 0.29152 7.67403 -3.09999
v 0.39216 7.64634 -3.04024
v 0.10165 8.64803 -2.05807
v 0.54529 8.57285 -2.26293
v 0.14395 8.57323 -2.32289
v 0.68742 8.10478 -2.74453
v 0.57828 7.94538 -3.01999
v 0.10108 8.14182 -2.79342
v -0.02666 7.18150 -2.41054
v 0.61881 7.14864 -2.28008
v 0.28507 7.21357 -2.12739
v 0.58902 7.70712 -2.17826
v 0.14627 7.62675 -2.11189
v 0.00921 7.67173 -2.24899
v 0.30398 7.92583 -3.15637
v 0.10108 8.14182 -2.79342
v 0.57828 7.94538 -3.01999
v 0.41229 8.18446 -0.97166
v 0.16798 8.16490 -0.95952
v 0.37137 8.26795 -0.88363
v 0.32428 8.59540 -0.81961
v 0.37137 8.26795 -0.88363
v 0.22042 8.26312 -0.86756
v 0.14627 7.62675 -2.11189
v 0.44043 7.65678 -2.05818
v 0.49368 7.42340 -2.29795
v 0.30398 7.92583 -3.15637
v 0.32382 7.66251 -3.16316
v 0.27766 7.88165 -3.07486
v 0.28218 8.29499 -1.07385
v 0.27504 8.40415 -1.21298
v 0.32428 8.59540 -0.81961
v 0.22042 8.26312 -0.86756
v 0.37137 8.26795 -0.88363
v 0.16798 8.16490 -0.95952
v 0.31366 7.57210 -2.99141
v 0.24097 7.71815 -2.90427
v 0.26325 7.63686 -2.98034
v 0.35972 8.62664 -1.68595
v -0.08333 8.64384 -1.74711
v 0.50173 8.58402 -1.43175
v 0.31273 8.27041 -0.71258
v 0.35982 8.51324 -0.55912
v 0.31820 8.44722 -0.67234
v 0.29152 7.67403 -3.09999
v 0.27766 7.88165 -3.07486
v 0.32382 7.66251 -3.16316
v 0.31255 8.59508 -0.73057
v 0.32428 8.59540 -0.81961
v 0.31820 8.44722 -0.67234
v 0.24791 8.94519 -0.78080
v 0.32428 8.59540 -0.81961
v 0.27504 8.40415 -1.21298
v 0.32428 8.59540 -0.81961
v 0.24791 8.94519 -0.78080
v 0.23607 8.52990 -0.77843
v 0.24097 7.71815 -2.90427
v 0.13478 7.67275 -2.82956
v 0.26325 7.63686 -2.98034
v 0.29152 7.67403 -3.09999
v 0.31366 7.57210 -2.99141
v 0.26325 7.63686 -2.98034
v 0.45465 8.41420 -1.24927
v 0.10535 8.36080 -1.19780
v 0.27504 8.40415 -1.21298
v 0.31273 8.27041 -0.71258
v 0.31820 8.44722 -0.67234
v 0.32428 8.59540 -0.81961
v 0.26325 7.63686 -2.98034
v 0.17316 7.65999 -3.02656
v 0.29152 7.67403 -3.09999
v 0.32428 8.59540 -0.81961
v 0.22042 8.26312 -0.86756
v 0.31273 8.27041 -0.71258
v 0.28218 8.29499 -1.07385
v 0.32428 8.59540 -0.81961
v 0.16841 8.26498 -1.01491
v 0.24097 7.71815 -2.90427
v 0.63606 7.67337 -2.69454
v 0.11180 7.74960 -2.73730
v 0.12346 8.16730 -2.66045
v 0.57376 8.16618 -2.61517
v 0.68742 8.10478 -2.74453
v 0.41229 8.18446 -0.97166
v 0.16841 8.26498 -1.01491
v 0.16798 8.16490 -0.95952
v 0.28218 8.29499 -1.07385
v 0.16841 8.26498 -1.01491
v 0.41229 8.18446 -0.97166
v 0.15259 8.09959 -0.84076
v 0.35982 8.51324 -0.55912
v 0.31273 8.27041 -0.71258
v 0.49368 7.42340 -2.29795
v 0.17615 7.45442 -2.30783
v 0.14627 7.62675 -2.11189
v 0.63606 7.67337 -2.69454
v 0.00921 7.67173 -2.24899
v 0.11180 7.74960 -2.73730
v 0.24791 8.94519 -0.78080
v 0.27504 8.40415 -1.21298
v 0.23634 8.86566 -0.95333
v 0.20200 8.27757 -0.68621
v 0.22042 8.26312 -0.86756
v 0.23607 8.52990 -0.77843
v 0.29152 7.67403 -3.09999
v 0.17965 7.89462 -3.07028
v 0.27766 7.88165 -3.07486
v 0.27766 7.88165 -3.07486
v 0.20166 7.91476 -2.95139
v 0.30398 7.92583 -3.15637
v 0.32428 8.59540 -0.81961
v 0.23607 8.52990 -0.77843
v 0.16841 8.26498 -1.01491
v 0.24549 7.52410 -3.00203
v 0.17316 7.65999 -3.02656
v 0.26325 7.63686 -2.98034
v 0.27766 7.88165 -3.07486
v 0.17965 7.89462 -3.07028
v 0.20166 7.91476 -2.95139
v 0.27504 8.40415 -1.21298
v 0.10535 8.36080 -1.19780
v 0.18413 8.51306 -1.16216
v 0.22042 8.26312 -0.86756
v 0.14972 8.26479 -0.80476
v 0.31273 8.27041 -0.71258
v 0.20166 7.91476 -2.95139
v 0.10108 8.14182 -2.79342
v 0.30398 7.92583 -3.15637
v 0.24549 7.52410 -3.00203
v 0.26325 7.63686 -2.98034
v 0.18300 7.51281 -2.87708
v 0.31273 8.27041 -0.71258
v 0.14972 8.26479 -0.80476
v 0.15259 8.09959 -0.84076
v 0.35972 8.62664 -1.68595
v 0.10165 8.64803 -2.05807
v -0.08333 8.64384 -1.74711
v 0.16841 8.26498 -1.01491
v 0.23607 8.52990 -0.77843
v 0.22042 8.26312 -0.86756
v 0.22042 8.26312 -0.86756
v 0.16798 8.16490 -0.95952
v 0.16841 8.26498 -1.01491
v 0.22042 8.26312 -0.86756
v 0.14972 8.26479 -0.80476
v 0.23607 8.52990 -0.77843
v 0.23607 8.52990 -0.77843
v 0.08975 8.36556 -0.72287
v 0.20200 8.27757 -0.68621
v 0.17316 7.65999 -3.02656
v 0.24549 7.52410 -3.00203
v 0.12377 7.51248 -2.94589
v 0.20296 7.48925 -2.19386
v 0.14627 7.62675 -2.11189
v 0.17615 7.45442 -2.30783
v 0.17316 7.65999 -3.02656
v 0.17965 7.89462 -3.07028
v 0.29152 7.67403 -3.09999
v 0.22042 8.26312 -0.86756
v 0.20200 8.27757 -0.68621
v 0.14972 8.26479 -0.80476
v 0.05175 8.76970 -1.01008
v 0.23634 8.86566 -0.95333
v 0.27504 8.40415 -1.21298
v 0.23634 8.86566 -0.95333
v 0.05709 8.99305 -0.75797
v 0.24791 8.94519 -0.78080
v 0.18300 7.51281 -2.87708
v 0.26325 7.63686 -2.98034
v 0.13478 7.67275 -2.82956
v 0.17615 7.45442 -2.30783
v 0.15875 7.31139 -2.49697
v 0.17122 7.49020 -2.40114
v 0.12377 7.51248 -2.94589
v 0.24549 7.52410 -3.00203
v 0.18300 7.51281 -2.87708
v 0.24791 8.94519 -0.78080
v 0.16295 9.00000 -0.61286
v 0.23607 8.52990 -0.77843
v 0.16295 9.00000 -0.61286
v 0.15827 8.81980 -0.60853
v 0.23607 8.52990 -0.77843
v 0.10535 8.36080 -1.19780
v 0.11619 8.57244 -1.23972
v 0.18413 8.51306 -1.16216
v 0.23607 8.52990 -0.77843
v 0.15827 8.81980 -0.60853
v 0.14582 8.47422 -0.53387
v 0.20296 7.48925 -2.19386
v 0.17615 7.45442 -2.30783
v 0.14627 7.62675 -2.11189
v 0.27504 8.40415 -1.21298
v 0.18413 8.51306 -1.16216
v 0.05175 8.76970 -1.01008
v 0.15504 7.65602 -2.32360
v 0.14627 7.62675 -2.11189
v 0.17615 7.45442 -2.30783
v 0.17965 7.89462 -3.07028
v 0.17316 7.65999 -3.02656
v 0.20166 7.91476 -2.95139
v 0.14562 8.80433 -0.52609
v 0.14582 8.47422 -0.53387
v 0.15827 8.81980 -0.60853
v 0.14972 8.26479 -0.80476
v 0.08199 8.14240 -0.77219
v 0.15259 8.09959 -0.84076
v 0.08975 8.36556 -0.72287
v 0.23607 8.52990 -0.77843
v 0.14582 8.47422 -0.53387
v 0.28507 7.21357 -2.12739
v -0.06677 7.18098 -2.24352
v -0.02666 7.18150 -2.41054
v 0.68742 8.10478 -2.74453
v 0.10108 8.14182 -2.79342
v 0.12346 8.16730 -2.66045
v 0.05709 8.99305 -0.75797
v 0.23634 8.86566 -0.95333
v 0.05175 8.76970 -1.01008
v 0.13478 7.67275 -2.82956
v 0.24097 7.71815 -2.90427
v 0.11180 7.74960 -2.73730
v 0.08975 8.36556 -0.72287
v 0.14972 8.26479 -0.80476
v 0.20200 8.27757 -0.68621
v 0.15259 8.09959 -0.84076
v 0.08199 8.14240 -0.77219
v 0.17754 8.16032 -0.63246
v 0.17615 7.45442 -2.30783
v 0.17122 7.49020 -2.40114
v 0.09575 7.43750 -2.39743
v 0.17316 7.65999 -3.02656
v 0.07475 7.89265 -2.99686
v 0.20166 7.91476 -2.95139
v -0.08333 8.64384 -1.74711
v -0.16602 8.56923 -1.33173
v 0.50173 8.58402 -1.43175
v 0.02832 8.98216 -0.62007
v 0.16295 9.00000 -0.61286
v 0.05709 8.99305 -0.75797
v 0.01132 8.47910 -0.52590
v 0.14582 8.47422 -0.53387
v 0.14562 8.80433 -0.52609
v 0.12078 8.26010 -2.64058
v 0.09555 8.45930 -2.34055
v 0.58849 8.26032 -2.61406
v 0.14562 8.80433 -0.52609
v 0.15827 8.81980 -0.60853
v 0.02158 8.79237 -0.52824
v 0.16295 9.00000 -0.61286
v 0.24791 8.94519 -0.78080
v 0.05709 8.99305 -0.75797
v 0.20166 7.91476 -2.95139
v 0.09567 8.01227 -2.85397
v 0.10108 8.14182 -2.79342
v 0.07821 7.68567 -2.99882
v 0.07475 7.89265 -2.99686
v 0.17316 7.65999 -3.02656
v 0.15875 7.31139 -2.49697
v 0.09575 7.43750 -2.39743
v 0.17122 7.49020 -2.40114
v 0.07084 7.66760 -2.76570
v 0.13478 7.67275 -2.82956
v 0.11180 7.74960 -2.73730
v 0.14972 8.26479 -0.80476
v 0.08975 8.36556 -0.72287
v 0.08199 8.14240 -0.77219
v 0.09567 8.01227 -2.85397
v 0.20166 7.91476 -2.95139
v 0.01894 7.99858 -2.78111
v 0.10165 8.64803 -2.05807
v 0.14395 8.57323 -2.32289
v 0.09555 8.45930 -2.34055
v 0.14627 7.62675 -2.11189
v 0.15504 7.65602 -2.32360
v 0.00921 7.67173 -2.24899
v 0.18413 8.51306 -1.16216
v 0.11619 8.57244 -1.23972
v 0.05175 8.76970 -1.01008
v 0.20166 7.91476 -2.95139
v 0.07475 7.89265 -2.99686
v 0.01894 7.99858 -2.78111
v 0.17316 7.65999 -3.02656
v 0.12377 7.51248 -2.94589
v 0.13478 7.67275 -2.82956
v 0.15504 7.65602 -2.32360
v 0.17615 7.45442 -2.30783
v -0.02642 7.38552 -2.33990
v 0.02832 8.98216 -0.62007
v 0.15827 8.81980 -0.60853
v 0.16295 9.00000 -0.61286
v 0.13478 7.67275 -2.82956
v 0.12377 7.51248 -2.94589
v 0.18300 7.51281 -2.87708
v 0.12346 8.16730 -2.66045
v 0.05237 8.11788 -2.56656
v 0.12078 8.26010 -2.64058
v 0.12346 8.16730 -2.66045
v 0.10108 8.14182 -2.79342
v 0.05237 8.11788 -2.56656
v 0.14582 8.47422 -0.53387
v 0.01224 8.32292 -0.85712
v 0.08975 8.36556 -0.72287
v 0.05175 8.76970 -1.01008
v 0.03405 8.82647 -0.85841
v 0.05709 8.99305 -0.75797
v 0.05175 8.76970 -1.01008
v 0.11619 8.57244 -1.23972
v -0.05446 8.74947 -1.09093
v 0.17316 7.65999 -3.02656
v 0.13478 7.67275 -2.82956
v -0.04318 7.66678 -2.64160
v 0.12884 8.15185 -2.41071
v 0.05237 8.11788 -2.56656
v -0.04112 8.09109 -2.30180
v 0.10165 8.64803 -2.05807
v -0.11877 8.56673 -2.06090
v -0.03271 8.57842 -1.96499
v 0.02158 8.79237 -0.52824
v 0.01132 8.47910 -0.52590
v 0.14562 8.80433 -0.52609
v -0.00293 8.28549 -2.59394
v 0.12078 8.26010 -2.64058
v 0.05237 8.11788 -2.56656
v 0.12884 8.15185 -2.41071
v -0.03816 8.15787 -2.53228
v 0.05237 8.11788 -2.56656
v 0.05900 7.79998 -2.60384
v 0.11180 7.74960 -2.73730
v 0.01898 7.86587 -2.21652
v -0.07858 8.50200 -2.15116
v 0.10165 8.64803 -2.05807
v 0.09555 8.45930 -2.34055
v 0.12078 8.26010 -2.64058
v -0.14185 8.45343 -2.34595
v 0.09555 8.45930 -2.34055
v 0.17316 7.65999 -3.02656
v -0.04318 7.66678 -2.64160
v 0.07821 7.68567 -2.99882
v 0.11180 7.74960 -2.73730
v 0.05900 7.79998 -2.60384
v 0.07084 7.66760 -2.76570
v 0.00921 7.67173 -2.24899
v 0.01898 7.86587 -2.21652
v 0.11180 7.74960 -2.73730
v 0.05900 7.79998 -2.60384
v 0.05607 7.66998 -2.65217
v 0.07084 7.66760 -2.76570
v 0.13478 7.67275 -2.82956
v 0.07084 7.66760 -2.76570
v -0.04318 7.66678 -2.64160
v 0.17615 7.45442 -2.30783
v 0.09575 7.43750 -2.39743
v -0.02642 7.38552 -2.33990
v 0.08975 8.36556 -0.72287
v 0.01224 8.32292 -0.85712
v 0.08199 8.14240 -0.77219
v 0.15827 8.81980 -0.60853
v 0.02832 8.98216 -0.62007
v 0.02158 8.79237 -0.52824
v 0.09567 8.01227 -2.85397
v 0.05237 8.11788 -2.56656
v 0.10108 8.14182 -2.79342
v 0.09567 8.01227 -2.85397
v -0.04112 8.09109 -2.30180
v 0.05237 8.11788 -2.56656
v 0.14582 8.47422 -0.53387
v 0.01132 8.47910 -0.52590
v 0.01224 8.32292 -0.85712
v -0.07858 8.50200 -2.15116
v -0.11877 8.56673 -2.06090
v 0.10165 8.64803 -2.05807
v -0.03271 8.57842 -1.96499
v -0.08333 8.64384 -1.74711
v 0.10165 8.64803 -2.05807
v 0.07084 7.66760 -2.76570
v 0.05607 7.66998 -2.65217
v -0.04318 7.66678 -2.64160
v 0.15504 7.65602 -2.32360
v -0.02642 7.38552 -2.33990
v 0.00921 7.67173 -2.24899
v -0.03816 8.15787 -2.53228
v 0.12884 8.15185 -2.41071
v 0.00730 8.19545 -2.40923
v -0.16607 8.50928 -1.34454
v 0.10535 8.36080 -1.19780
v 0.45465 8.41420 -1.24927
v 0.02158 8.79237 -0.52824
v 0.05709 8.99305 -0.75797
v 0.03405 8.82647 -0.85841
v 0.07475 7.89265 -2.99686
v -0.04318 7.66678 -2.64160
v 0.01894 7.99858 -2.78111
v 0.10535 8.36080 -1.19780
v -0.05446 8.74947 -1.09093
v 0.11619 8.57244 -1.23972
v -0.15942 8.34287 -1.20592
v 0.10535 8.36080 -1.19780
v -0.16607 8.50928 -1.34454
v 0.45465 8.41420 -1.24927
v -0.16602 8.56923 -1.33173
v -0.16607 8.50928 -1.34454
v 0.02158 8.79237 -0.52824
v 0.03405 8.82647 -0.85841
v 0.01224 8.32292 -0.85712
v 0.05709 8.99305 -0.75797
v 0.02158 8.79237 -0.52824
v 0.02832 8.98216 -0.62007
v 0.05900 7.79998 -2.60384
v -0.03803 7.77963 -2.41599
v 0.02962 7.75935 -2.54612
v -0.04112 8.09109 -2.30180
v 0.00730 8.19545 -2.40923
v 0.12884 8.15185 -2.41071
v 0.10535 8.36080 -1.19780
v -0.15942 8.34287 -1.20592
v -0.01880 8.36161 -1.13408
v -0.14185 8.45343 -2.34595
v 0.12078 8.26010 -2.64058
v -0.00293 8.28549 -2.59394
v 0.00921 7.67173 -2.24899
v -0.02642 7.38552 -2.33990
v 0.01214 7.48658 -2.23608
v 0.05900 7.79998 -2.60384
v -0.04318 7.66678 -2.64160
v 0.05607 7.66998 -2.65217
v -0.04318 7.66678 -2.64160
v 0.07475 7.89265 -2.99686
v 0.07821 7.68567 -2.99882
v 0.00921 7.67173 -2.24899
v -0.04578 7.77835 -2.25828
v 0.01898 7.86587 -2.21652
v -0.03803 7.77963 -2.41599
v 0.05900 7.79998 -2.60384
v 0.01898 7.86587 -2.21652
v 0.02158 8.79237 -0.52824
v 0.01224 8.32292 -0.85712
v 0.01132 8.47910 -0.52590
v 0.09567 8.01227 -2.85397
v 0.01894 7.99858 -2.78111
v -0.04112 8.09109 -2.30180
v 0.10535 8.36080 -1.19780
v -0.01880 8.36161 -1.13408
v -0.14728 8.47355 -1.02926
v 0.01894 7.99858 -2.78111
v -0.04318 7.66678 -2.64160
v -0.03000 7.84317 -2.72959
v -0.14185 8.45343 -2.34595
v -0.07858 8.50200 -2.15116
v 0.09555 8.45930 -2.34055
v -0.05215 8.31925 -2.17912
v 0.00730 8.19545 -2.40923
v 0.01884 8.21088 -2.27005
v -0.04023 8.87616 -0.76248
v 0.03405 8.82647 -0.85841
v 0.05175 8.76970 -1.01008
v 0.28507 7.21357 -2.12739
v -0.09300 7.20408 -1.87936
v -0.10537 7.25586 -2.11573
v 0.00730 8.19545 -2.40923
v -0.04112 8.09109 -2.30180
v 0.01884 8.21088 -2.27005
v 0.01224 8.32292 -0.85712
v -0.03378 8.24929 -0.93253
v 0.08199 8.14240 -0.77219
v -0.03378 8.24929 -0.93253
v -0.08293 8.13962 -0.99329
v 0.08199 8.14240 -0.77219
v -0.03803 7.77963 -2.41599
v 0.01898 7.86587 -2.21652
v -0.04578 7.77835 -2.25828
v -0.14728 8.47355 -1.02926
v -0.05446 8.74947 -1.09093
v 0.10535 8.36080 -1.19780
v 0.28507 7.21357 -2.12739
v -0.10537 7.25586 -2.11573
v -0.08436 7.31134 -2.27801
v 0.03405 8.82647 -0.85841
v -0.04023 8.87616 -0.76248
v 0.01224 8.32292 -0.85712
v -0.05654 7.60997 -2.20955
v 0.00921 7.67173 -2.24899
v 0.01214 7.48658 -2.23608
v -0.00293 8.28549 -2.59394
v 0.05237 8.11788 -2.56656
v -0.03816 8.15787 -2.53228
v 0.00921 7.67173 -2.24899
v -0.05654 7.60997 -2.20955
v -0.04578 7.77835 -2.25828
v 0.01224 8.32292 -0.85712
v -0.04023 8.87616 -0.76248
v -0.05245 8.47035 -0.74823
v -0.06677 7.18098 -2.24352
v 0.28507 7.21357 -2.12739
v -0.08436 7.31134 -2.27801
v -0.15942 8.34287 -1.20592
v -0.01425 8.32956 -1.01011
v -0.01880 8.36161 -1.13408
v -0.03378 8.24929 -0.93253
v -0.01425 8.32956 -1.01011
v -0.08293 8.13962 -0.99329
v -0.09803 8.16484 -0.88389
v 0.08199 8.14240 -0.77219
v -0.08293 8.13962 -0.99329
v -0.05245 8.47035 -0.74823
v -0.03378 8.24929 -0.93253
v 0.01224 8.32292 -0.85712
v 0.05900 7.79998 -2.60384
v 0.02962 7.75935 -2.54612
v -0.04318 7.66678 -2.64160
v -0.04318 7.66678 -2.64160
v 0.02962 7.75935 -2.54612
v -0.03000 7.84317 -2.72959
v 0.05175 8.76970 -1.01008
v -0.05446 8.74947 -1.09093
v -0.16919 8.90285 -0.77688
v 0.00730 8.19545 -2.40923
v -0.05215 8.31925 -2.17912
v -0.03816 8.15787 -2.53228
v -0.05654 7.60997 -2.20955
v -0.05398 7.86766 -2.21304
v -0.04578 7.77835 -2.25828
v -0.03378 8.24929 -0.93253
v -0.20014 8.50437 -0.88718
v -0.01425 8.32956 -1.01011
v 0.02962 7.75935 -2.54612
v -0.03803 7.77963 -2.41599
v -0.03000 7.84317 -2.72959
v -0.22487 8.57584 -1.87485
v -0.03271 8.57842 -1.96499
v -0.11877 8.56673 -2.06090
v -0.02642 7.38552 -2.33990
v -0.06677 7.18098 -2.24352
v -0.08436 7.31134 -2.27801
v -0.00293 8.28549 -2.59394
v -0.03816 8.15787 -2.53228
v -0.13898 8.31889 -2.33331
v 0.08199 8.14240 -0.77219
v -0.09803 8.16484 -0.88389
v -0.13236 8.20779 -0.71540
v -0.11774 7.78239 -2.35945
v -0.03803 7.77963 -2.41599
v -0.04578 7.77835 -2.25828
v -0.03816 8.15787 -2.53228
v -0.05215 8.31925 -2.17912
v -0.13898 8.31889 -2.33331
v -0.08436 7.31134 -2.27801
v 0.01214 7.48658 -2.23608
v -0.02642 7.38552 -2.33990
v -0.03378 8.24929 -0.93253
v -0.05245 8.47035 -0.74823
v -0.17675 8.47200 -0.76191
v 0.01214 7.48658 -2.23608
v -0.14850 7.59564 -2.27742
v -0.05654 7.60997 -2.20955
v -0.01880 8.36161 -1.13408
v -0.01425 8.32956 -1.01011
v -0.14728 8.47355 -1.02926
v -0.16919 8.90285 -0.77688
v -0.05446 8.74947 -1.09093
v -0.14728 8.47355 -1.02926
v -0.05654 7.60997 -2.20955
v -0.14850 7.59564 -2.27742
v -0.24800 7.69625 -2.10221
v -0.03271 8.57842 -1.96499
v -0.22487 8.57584 -1.87485
v -0.08333 8.64384 -1.74711
v -0.04023 8.87616 -0.76248
v -0.17675 8.47200 -0.76191
v -0.05245 8.47035 -0.74823
v 0.05175 8.76970 -1.01008
v -0.16919 8.90285 -0.77688
v -0.04023 8.87616 -0.76248
v -0.00293 8.28549 -2.59394
v -0.13898 8.31889 -2.33331
v -0.14185 8.45343 -2.34595
v -0.16919 8.90285 -0.77688
v -0.14728 8.47355 -1.02926
v -0.20014 8.50437 -0.88718
v -0.14728 8.47355 -1.02926
v -0.01425 8.32956 -1.01011
v -0.20014 8.50437 -0.88718
v -0.22766 8.01835 -2.30402
v 0.01894 7.99858 -2.78111
v -0.03000 7.84317 -2.72959
v -0.18754 7.91394 -2.05588
v -0.05398 7.86766 -2.21304
v -0.05654 7.60997 -2.20955
v -0.05398 7.86766 -2.21304
v -0.11774 7.78239 -2.35945
v -0.04578 7.77835 -2.25828
v 0.01884 8.21088 -2.27005
v -0.23928 8.22064 -2.14729
v -0.05215 8.31925 -2.17912
v -0.30068 8.27676 -0.96490
v -0.08293 8.13962 -0.99329
v -0.01425 8.32956 -1.01011
v 0.01214 7.48658 -2.23608
v -0.08436 7.31134 -2.27801
v -0.14850 7.59564 -2.27742
v -0.04112 8.09109 -2.30180
v 0.01894 7.99858 -2.78111
v -0.22766 8.01835 -2.30402
v -0.22487 8.57584 -1.87485
v -0.16607 8.50928 -1.34454
v -0.08333 8.64384 -1.74711
v -0.08333 8.64384 -1.74711
v -0.16607 8.50928 -1.34454
v -0.16602 8.56923 -1.33173
v -0.08436 7.31134 -2.27801
v -0.10537 7.25586 -2.11573
v -0.16406 7.35865 -2.27864
v -0.08436 7.31134 -2.27801
v -0.16406 7.35865 -2.27864
v -0.14850 7.59564 -2.27742
v -0.11774 7.78239 -2.35945
v -0.05398 7.86766 -2.21304
v -0.24815 7.91267 -2.25745
v -0.13898 8.31889 -2.33331
v -0.05215 8.31925 -2.17912
v -0.23901 8.33291 -2.11432
v -0.17675 8.47200 -0.76191
v -0.04023 8.87616 -0.76248
v -0.16919 8.90285 -0.77688
v -0.03378 8.24929 -0.93253
v -0.17675 8.47200 -0.76191
v -0.20014 8.50437 -0.88718
v -0.18754 7.91394 -2.05588
v -0.24815 7.91267 -2.25745
v -0.05398 7.86766 -2.21304
v -0.03803 7.77963 -2.41599
v -0.24815 7.91267 -2.25745
v -0.03000 7.84317 -2.72959
v -0.22487 8.57584 -1.87485
v -0.29006 8.56500 -1.58676
v -0.16607 8.50928 -1.34454
v -0.19588 7.34512 -1.95153
v -0.10537 7.25586 -2.11573
v -0.07832 7.35547 -1.94831
v -0.19588 7.34512 -1.95153
v -0.07832 7.35547 -1.94831
v -0.31934 7.51489 -1.86967
v 0.01884 8.21088 -2.27005
v -0.04112 8.09109 -2.30180
v -0.21401 8.20989 -2.28216
v -0.14185 8.45343 -2.34595
v -0.28637 8.41811 -1.96788
v -0.07858 8.50200 -2.15116
v -0.03803 7.77963 -2.41599
v -0.11774 7.78239 -2.35945
v -0.24815 7.91267 -2.25745
v -0.11877 8.56673 -2.06090
v -0.07858 8.50200 -2.15116
v -0.22487 8.57584 -1.87485
v -0.15572 8.34276 -0.72424
v -0.09803 8.16484 -0.88389
v -0.19588 8.30294 -0.82777
v -0.17901 8.40930 -1.88849
v -0.22487 8.57584 -1.87485
v -0.07858 8.50200 -2.15116
v -0.05654 7.60997 -2.20955
v -0.24800 7.69625 -2.10221
v -0.18754 7.91394 -2.05588
v -0.18754 7.91394 -2.05588
v -0.24800 7.69625 -2.10221
v -0.31195 7.91085 -2.08161
v -0.09803 8.16484 -0.88389
v -0.08293 8.13962 -0.99329
v -0.28570 8.30621 -0.75645
v -0.09803 8.16484 -0.88389
v -0.28570 8.30621 -0.75645
v -0.19588 8.30294 -0.82777
v -0.28637 8.41811 -1.96788
v -0.17901 8.40930 -1.88849
v -0.07858 8.50200 -2.15116
v -0.16607 8.50928 -1.34454
v -0.22121 8.37569 -1.34603
v -0.15942 8.34287 -1.20592
v -0.16406 7.35865 -2.27864
v -0.24800 7.69625 -2.10221
v -0.14850 7.59564 -2.27742
v -0.17675 8.47200 -0.76191
v -0.16919 8.90285 -0.77688
v -0.20014 8.50437 -0.88718
v -0.04112 8.09109 -2.30180
v -0.22766 8.01835 -2.30402
v -0.21401 8.20989 -2.28216
v -0.10537 7.25586 -2.11573
v -0.19588 7.34512 -1.95153
v -0.16406 7.35865 -2.27864
v 0.01884 8.21088 -2.27005
v -0.21401 8.20989 -2.28216
v -0.23928 8.22064 -2.14729
v -0.23901 8.33291 -2.11432
v -0.05215 8.31925 -2.17912
v -0.23928 8.22064 -2.14729
v -0.27173 8.06467 -0.95570
v -0.08293 8.13962 -0.99329
v -0.30068 8.27676 -0.96490
v -0.23901 8.33291 -2.11432
v -0.14185 8.45343 -2.34595
v -0.13898 8.31889 -2.33331
v -0.08293 8.13962 -0.99329
v -0.27173 8.06467 -0.95570
v -0.28570 8.30621 -0.75645
v -0.15572 8.34276 -0.72424
v -0.19588 8.30294 -0.82777
v -0.28570 8.30621 -0.75645
v -0.19588 7.34512 -1.95153
v -0.31934 7.51489 -1.86967
v -0.16406 7.35865 -2.27864
v -0.31109 8.32503 -1.13450
v -0.15942 8.34287 -1.20592
v -0.22121 8.37569 -1.34603
v -0.14185 8.45343 -2.34595
v -0.23901 8.33291 -2.11432
v -0.28637 8.41811 -1.96788
v -0.23928 8.22064 -2.14729
v -0.21401 8.20989 -2.28216
v -0.24643 7.98278 -2.15266
v -0.22766 8.01835 -2.30402
v -0.24643 7.98278 -2.15266
v -0.21401 8.20989 -2.28216
v -0.24815 7.91267 -2.25745
v -0.18754 7.91394 -2.05588
v -0.24643 7.98278 -2.15266
v -0.22766 8.01835 -2.30402
v -0.03000 7.84317 -2.72959
v -0.24815 7.91267 -2.25745
v -0.31109 8.32503 -1.13450
v -0.30068 8.27676 -0.96490
v -0.01425 8.32956 -1.01011
v -0.22121 8.37569 -1.34603
v -0.16607 8.50928 -1.34454
v -0.32762 8.46186 -1.39822
v -0.32871 8.23186 -1.68423
v -0.27485 8.48960 -1.75833
v -0.17901 8.40930 -1.88849
v -0.27138 8.30032 -1.90719
v -0.32871 8.23186 -1.68423
v -0.17901 8.40930 -1.88849
v -0.31109 8.32503 -1.13450
v -0.01425 8.32956 -1.01011
v -0.15942 8.34287 -1.20592
v -0.24643 7.98278 -2.15266
v -0.22766 8.01835 -2.30402
v -0.24815 7.91267 -2.25745
v -0.34260 7.58757 -2.06649
v -0.24800 7.69625 -2.10221
v -0.16406 7.35865 -2.27864
v -0.18754 7.91394 -2.05588
v -0.34565 7.89754 -1.92156
v -0.33884 7.98239 -2.03481
v -0.22487 8.57584 -1.87485
v -0.17901 8.40930 -1.88849
v -0.27485 8.48960 -1.75833
v -0.22487 8.57584 -1.87485
v -0.27485 8.48960 -1.75833
v -0.29006 8.56500 -1.58676
v -0.31195 7.91085 -2.08161
v -0.34565 7.89754 -1.92156
v -0.18754 7.91394 -2.05588
v -0.16406 7.35865 -2.27864
v -0.31934 7.51489 -1.86967
v -0.34260 7.58757 -2.06649
v -0.17901 8.40930 -1.88849
v -0.28637 8.41811 -1.96788
v -0.27138 8.30032 -1.90719
v -0.28637 8.41811 -1.96788
v -0.23901 8.33291 -2.11432
v -0.27138 8.30032 -1.90719
v -0.32871 8.23186 -1.68423
v -0.27138 8.30032 -1.90719
v -0.36974 8.25356 -1.80341
v -0.32762 8.46186 -1.39822
v -0.16607 8.50928 -1.34454
v -0.29006 8.56500 -1.58676
v -0.28570 8.30621 -0.75645
v -0.27173 8.06467 -0.95570
v -0.31951 8.30942 -0.64627
v -0.29006 8.56500 -1.58676
v -0.27485 8.48960 -1.75833
v -0.32590 8.43884 -1.56722
v -0.41041 8.41328 -0.54702
v -0.31951 8.30942 -0.64627
v -0.27173 8.06467 -0.95570
v -0.34345 8.33342 -1.33359
v -0.27333 8.24094 -1.28484
v -0.22121 8.37569 -1.34603
v -0.30068 8.27676 -0.96490
v -0.32716 8.13254 -0.99240
v -0.27173 8.06467 -0.95570
v -0.18754 7.91394 -2.05588
v -0.33884 7.98239 -2.03481
v -0.24643 7.98278 -2.15266
v -0.23901 8.33291 -2.11432
v -0.23928 8.22064 -2.14729
v -0.33884 7.98239 -2.03481
v -0.32871 8.23186 -1.68423
v -0.32313 8.35862 -1.78155
v -0.27485 8.48960 -1.75833
v -0.31951 8.30942 -0.64627
v -0.33559 8.62530 -0.65416
v -0.28570 8.30621 -0.75645
v -0.24800 7.69625 -2.10221
v -0.34260 7.58757 -2.06649
v -0.31195 7.91085 -2.08161
v -0.23901 8.33291 -2.11432
v -0.33884 7.98239 -2.03481
v -0.36974 8.25356 -1.80341
v -0.27333 8.24094 -1.28484
v -0.31109 8.32503 -1.13450
v -0.22121 8.37569 -1.34603
v -0.24643 7.98278 -2.15266
v -0.33884 7.98239 -2.03481
v -0.23928 8.22064 -2.14729
v -0.31934 7.51489 -1.86967
v -0.12842 7.47268 -1.83580
v -0.35794 7.42962 -1.81853
v -0.29006 8.56500 -1.58676
v -0.32590 8.43884 -1.56722
v -0.34166 8.27005 -1.44336
v -0.22121 8.37569 -1.34603
v -0.32762 8.46186 -1.39822
v -0.34166 8.27005 -1.44336
v -0.27138 8.30032 -1.90719
v -0.23901 8.33291 -2.11432
v -0.36974 8.25356 -1.80341
v -0.31109 8.32503 -1.13450
v -0.32716 8.13254 -0.99240
v -0.30068 8.27676 -0.96490
v -0.34166 8.27005 -1.44336
v -0.32762 8.46186 -1.39822
v -0.29006 8.56500 -1.58676
v -0.22121 8.37569 -1.34603
v -0.34166 8.27005 -1.44336
v -0.34345 8.33342 -1.33359
v -0.31109 8.32503 -1.13450
v -0.27333 8.24094 -1.28484
v -0.37868 8.21855 -1.15287
v -0.31195 7.91085 -2.08161
v -0.34260 7.58757 -2.06649
v -0.34565 7.89754 -1.92156
v -0.32590 8.43884 -1.56722
v -0.42604 8.34839 -1.48817
v -0.34166 8.27005 -1.44336
v -0.32871 8.23186 -1.68423
v -0.36974 8.25356 -1.80341
v -0.36260 8.09637 -1.63427
v -0.32313 8.35862 -1.78155
v -0.32871 8.23186 -1.68423
v -0.40995 8.35010 -1.64450
v -0.32590 8.43884 -1.56722
v -0.40995 8.35010 -1.64450
v -0.42604 8.34839 -1.48817
v -0.37077 7.76506 -1.73313
v -0.34565 7.89754 -1.92156
v -0.31934 7.51489 -1.86967
v -0.32716 8.13254 -0.99240
v -0.37868 8.21855 -1.15287
v -0.40771 8.00476 -0.97280
v -0.34345 8.33342 -1.33359
v -0.34166 8.27005 -1.44336
v -0.27333 8.24094 -1.28484
v -0.37077 7.76506 -1.73313
v -0.31934 7.51489 -1.86967
v -0.35794 7.42962 -1.81853
v -0.37868 8.21855 -1.15287
v -0.32716 8.13254 -0.99240
v -0.31109 8.32503 -1.13450
v -0.31934 7.51489 -1.86967
v -0.34565 7.89754 -1.92156
v -0.34260 7.58757 -2.06649
v -0.36260 8.09637 -1.63427
v -0.45521 8.20957 -1.58610
v -0.32871 8.23186 -1.68423
v -0.43299 7.80753 -1.48775
v -0.43874 7.97140 -1.41894
v -0.36260 8.09637 -1.63427
v -0.34565 7.89754 -1.92156
v -0.37077 7.76506 -1.73313
v -0.43137 7.81128 -1.72679
v -0.27485 8.48960 -1.75833
v -0.32313 8.35862 -1.78155
v -0.40995 8.35010 -1.64450
v -0.36974 8.25356 -1.80341
v -0.33884 7.98239 -2.03481
v -0.34565 7.89754 -1.92156
v -0.32590 8.43884 -1.56722
v -0.27485 8.48960 -1.75833
v -0.40995 8.35010 -1.64450
v -0.35794 7.42962 -1.81853
v -0.41275 7.47186 -1.61238
v -0.37077 7.76506 -1.73313
v -0.27173 8.06467 -0.95570
v -0.32716 8.13254 -0.99240
v -0.40771 8.00476 -0.97280
v -0.46297 8.07570 -1.59375
v -0.45521 8.20957 -1.58610
v -0.36260 8.09637 -1.63427
v -0.32871 8.23186 -1.68423
v -0.45521 8.20957 -1.58610
v -0.40995 8.35010 -1.64450
v -0.36260 8.09637 -1.63427
v -0.46385 7.88255 -1.64175
v -0.43299 7.80753 -1.48775
v -0.49623 8.20732 -1.16099
v -0.37868 8.21855 -1.15287
v -0.27333 8.24094 -1.28484
v -0.34565 7.89754 -1.92156
v -0.43137 7.81128 -1.72679
v -0.36974 8.25356 -1.80341
v -0.49623 8.20732 -1.16099
v -0.27333 8.24094 -1.28484
v -0.34166 8.27005 -1.44336
v -0.43874 7.97140 -1.41894
v -0.43299 7.80753 -1.48775
v -0.45159 7.79261 -1.42027
v -0.37077 7.76506 -1.73313
v -0.46247 7.49428 -1.61343
v -0.43137 7.81128 -1.72679
v -0.34166 8.27005 -1.44336
v -0.42604 8.34839 -1.48817
v -0.45521 8.20957 -1.58610
v -0.36260 8.09637 -1.63427
v -0.36974 8.25356 -1.80341
v -0.46385 7.88255 -1.64175
v -0.40995 8.35010 -1.64450
v -0.45521 8.20957 -1.58610
v -0.42604 8.34839 -1.48817
v -0.43137 7.81128 -1.72679
v -0.46385 7.88255 -1.64175
v -0.36974 8.25356 -1.80341
v -0.34166 8.27005 -1.44336
v -0.47385 8.18133 -1.35480
v -0.49623 8.20732 -1.16099
v -0.47385 8.18133 -1.35480
v -0.34166 8.27005 -1.44336
v -0.45521 8.20957 -1.58610
v -0.46385 7.88255 -1.64175
v -0.43137 7.81128 -1.72679
v -0.46247 7.49428 -1.61343
v -0.43874 7.97140 -1.41894
v -0.46297 8.07570 -1.59375
v -0.36260 8.09637 -1.63427
v -0.49623 8.20732 -1.16099
v -0.47385 8.18133 -1.35480
v -0.49434 8.04687 -1.16702
v -0.46385 7.88255 -1.64175
v -0.52697 7.72664 -1.45385
v -0.43299 7.80753 -1.48775
v -0.46297 8.07570 -1.59375
v -0.43874 7.97140 -1.41894
v -0.52278 7.97987 -1.39717
v -0.45521 8.20957 -1.58610
v -0.55350 8.07674 -1.24591
v -0.47385 8.18133 -1.35480
v -0.49434 8.04687 -1.16702
v -0.37868 8.21855 -1.15287
v -0.49623 8.20732 -1.16099
v -0.55350 8.07674 -1.24591
v -0.45521 8.20957 -1.58610
v -0.46297 8.07570 -1.59375
v -0.43874 7.97140 -1.41894
v -0.52976 7.81330 -1.42091
v -0.52278 7.97987 -1.39717
v -0.47385 8.18133 -1.35480
v -0.55350 8.07674 -1.24591
v -0.49434 8.04687 -1.16702
v -0.52278 7.97987 -1.39717
v -0.55350 8.07674 -1.24591
v -0.46297 8.07570 -1.59375
v -0.55350 8.07674 -1.24591
v -0.52278 7.97987 -1.39717
v -0.57319 7.94439 -1.25152
v 0.05852 7.92707 -1.22739
v 0.72775 7.56094 -1.57266
v 0.76977 7.81984 -1.40372
v 0.70942 7.70705 -1.37559
v 0.71830 7.83711 -1.35736
v 0.76214 7.73839 -1.12931
v 0.69685 8.15268 -1.10951
v 0.67030 7.88449 -0.97198
v 0.54975 8.17900 -1.00035
v 0.37876 7.93486 -0.81981
v 0.37137 8.26795 -0.88363
v 0.72674 8.13926 -0.61627
v 0.64555 8.55867 -0.67887
v 0.70174 8.64312 -0.39172
v 0.42741 8.59056 -0.67771
v 0.53466 8.62261 -0.43921
v 0.31820 8.44722 -0.67234
v 0.35982 8.51324 -0.55912
v 0.15259 8.09959 -0.84076
v 0.17754 8.16032 -0.63246
v 0.08199 8.14240 -0.77219
v -0.13236 8.20779 -0.71540
v -0.09803 8.16484 -0.88389
v -0.15572 8.34276 -0.72424
v -0.28570 8.30621 -0.75645
v -0.33559 8.62530 -0.65416
v -0.31951 8.30942 -0.64627
v -0.41041 8.41328 -0.54702
v -0.27173 8.06467 -0.95570
v -0.40771 8.00476 -0.97280
v -0.37868 8.21855 -1.15287
v -0.49434 8.04687 -1.16702
v -0.55350 8.07674 -1.24591
v -0.57319 7.94439 -1.25152
v -0.52278 7.97987 -1.39717
v -0.52976 7.81330 -1.42091
v -0.43874 7.97140 -1.41894
v -0.45159 7.79261 -1.42027
v -0.43299 7.80753 -1.48775
v -0.52697 7.72664 -1.45385
v -0.46385 7.88255 -1.64175
v -0.46247 7.49428 -1.61343
v -0.37077 7.76506 -1.73313
v -0.41275 7.47186 -1.61238
v -0.35794 7.42962 -1.81853
v -0.12842 7.47268 -1.83580
v -0.31934 7.51489 -1.86967
v -0.07832 7.35547 -1.94831
v -0.10537 7.25586 -2.11573
v -0.09300 7.20408 -1.87936
v 0.28507 7.21357 -2.12739
v 0.56367 7.26822 -2.05879
v 0.67798 7.24016 -2.07008
v 0.53653 7.24266 -2.00077
v 0.72814 7.43452 -1.77710
v 0.32961 7.31408 -2.34292
v 0.69979 7.15166 -2.34924
v 0.70157 7.33885 -2.33605
v 0.60131 7.35914 -2.28069
v 0.52943 7.39591 -2.37485
v 0.49368 7.42340 -2.29795
v 0.17615 7.45442 -2.30783
v 0.15875 7.31139 -2.49697
v 0.09575 7.43750 -2.39743
v -0.02642 7.38552 -2.33990
v -0.06677 7.18098 -2.24352
v -0.02666 7.18150 -2.41054
v 0.61881 7.14864 -2.28008
vt 0.22674 0.45795
vt 0.21277 0.47791
vt 0.20919 0.46644
vt 0.22656 0.45783
vt 0.22444 0.47038
vt 0.21277 0.47791
vt 0.05332 0.40545
vt 0.04027 0.41151
vt 0.03961 0.40661
vt 0.05208 0.73423
vt 0.05154 0.71596
vt 0.06275 0.73153
vt 0.03920 0.14615
vt 0.05407 0.14185
vt 0.03973 0.15433
vt 0.00000 0.97727
vt 0.00000 0.96694
vt 0.00949 0.96923
vt 0.22764 0.26898
vt 0.22373 0.28165
vt 0.21068 0.27570
vt 0.79402 0.88753
vt 0.77386 0.88966
vt 0.78338 0.88006
vt 0.70211 0.69098
vt 0.69937 0.67913
vt 0.71115 0.69071
vt 0.69937 0.67913
vt 0.70649 0.67609
vt 0.71148 0.69037
vt 0.78337 0.88004
vt 0.77384 0.88964
vt 0.76213 0.89105
vt 0.02734 0.07909
vt 0.01518 0.07870
vt 0.02055 0.07462
vt 0.48967 0.33655
vt 0.50313 0.34902
vt 0.46994 0.34999
vt 0.60638 0.35662
vt 0.61605 0.35656
vt 0.60921 0.36538
vt 0.78552 0.53971
vt 0.79229 0.54200
vt 0.78669 0.54499
vt 0.56451 0.85490
vt 0.58326 0.84457
vt 0.58598 0.85293
vt 0.12224 0.95874
vt 0.10892 0.95194
vt 0.13505 0.95195
vt 0.61113 0.11431
vt 0.61068 0.11921
vt 0.59489 0.11652
vt 0.92382 0.43419
vt 0.92505 0.44084
vt 0.91366 0.43706
vt 0.48967 0.33655
vt 0.50675 0.33845
vt 0.50309 0.34903
vt 0.44291 0.12958
vt 0.45062 0.13239
vt 0.43815 0.13416
vt 0.57178 0.17130
vt 0.58537 0.15606
vt 0.58781 0.16623
vt 0.95597 0.59764
vt 0.94726 0.59764
vt 0.95316 0.58749
vt 0.34428 0.17105
vt 0.33199 0.16198
vt 0.34580 0.16055
vt 0.89638 0.48170
vt 0.90069 0.47233
vt 0.90146 0.48408
vt 0.58537 0.15606
vt 0.57178 0.17131
vt 0.56774 0.15941
vt 0.12224 0.95874
vt 0.13505 0.95195
vt 0.12480 0.95861
vt 0.04296 0.32770
vt 0.04056 0.34474
vt 0.03469 0.33699
vt 0.61068 0.11921
vt 0.59900 0.12155
vt 0.59489 0.11652
vt 0.33199 0.16198
vt 0.34428 0.17105
vt 0.33194 0.17070
vt 0.17452 0.64713
vt 0.17106 0.66045
vt 0.16361 0.65137
vt 0.60571 0.12586
vt 0.59173 0.12918
vt 0.59589 0.12171
vt 0.77134 0.55777
vt 0.76562 0.56669
vt 0.75990 0.54585
vt 0.15998 0.63351
vt 0.17467 0.64748
vt 0.16361 0.65137
vt 0.30654 0.85720
vt 0.33899 0.85922
vt 0.30619 0.86066
vt 0.22664 0.45774
vt 0.20919 0.46644
vt 0.20680 0.45790
vt 0.01367 0.97956
vt 0.01592 0.96984
vt 0.01397 0.96809
vt 0.03872 0.83536
vt 0.05564 0.83622
vt 0.04893 0.84061
vt 0.10892 0.95194
vt 0.12224 0.95874
vt 0.12480 0.95861
vt 0.75250 0.24108
vt 0.74779 0.22398
vt 0.75491 0.21970
vt 0.79229 0.54200
vt 0.78552 0.53971
vt 0.79467 0.53414
vt 0.70649 0.67609
vt 0.69937 0.67913
vt 0.69730 0.67120
vt 0.58590 0.85279
vt 0.58355 0.84471
vt 0.59094 0.83543
vt 0.20691 0.45707
vt 0.21581 0.45229
vt 0.22663 0.45779
vt 0.11803 0.93957
vt 0.13504 0.95190
vt 0.10892 0.95194
vt 0.69791 0.67048
vt 0.70053 0.65991
vt 0.70649 0.67609
vt 0.78518 0.52224
vt 0.79551 0.51883
vt 0.79434 0.53373
vt 0.62280 0.01904
vt 0.62870 0.02959
vt 0.62498 0.03631
vt 0.78734 0.52086
vt 0.79548 0.51888
vt 0.78498 0.52261
vt 0.67291 0.09994
vt 0.68237 0.10058
vt 0.68585 0.10759
vt 0.70064 0.66001
vt 0.69821 0.67078
vt 0.69192 0.66250
vt 0.84674 0.83305
vt 0.85407 0.83330
vt 0.85034 0.84413
vt 0.92099 0.60681
vt 0.92232 0.58910
vt 0.93129 0.59399
vt 0.67723 0.11414
vt 0.67291 0.09996
vt 0.68594 0.10737
vt 0.70059 0.65972
vt 0.69192 0.66250
vt 0.69177 0.65457
vt 0.99179 0.20883
vt 0.99514 0.20948
vt 0.99239 0.21542
vt 0.95191 0.05636
vt 0.94293 0.04896
vt 0.95264 0.04712
vt 0.64529 0.11592
vt 0.63494 0.11386
vt 0.64993 0.10446
vt 0.06059 0.14870
vt 0.05678 0.14456
vt 0.06273 0.13461
vt 0.85034 0.84413
vt 0.85011 0.84202
vt 0.84674 0.83305
vt 0.85410 0.83350
vt 0.84674 0.83305
vt 0.84704 0.82419
vt 0.47768 0.06542
vt 0.46876 0.07222
vt 0.46940 0.06078
vt 0.65678 0.04737
vt 0.66591 0.04650
vt 0.65669 0.05063
vt 0.50675 0.33845
vt 0.51396 0.33798
vt 0.51202 0.34929
vt 0.51202 0.34929
vt 0.50304 0.34906
vt 0.50675 0.33845
vt 0.89895 0.43213
vt 0.91155 0.44464
vt 0.90495 0.44900
vt 0.28790 0.99374
vt 0.30751 0.98783
vt 0.30213 0.99549
vt 0.43249 0.94360
vt 0.46483 0.95102
vt 0.44436 0.95001
vt 0.72815 0.39469
vt 0.71419 0.39084
vt 0.72570 0.38990
vt 0.54312 0.00688
vt 0.54118 0.01248
vt 0.53525 0.00675
vt 0.98697 0.05164
vt 0.98112 0.04740
vt 0.98711 0.04269
vt 0.26512 0.99855
vt 0.25477 0.99947
vt 0.26674 0.99036
vt 0.10969 0.62059
vt 0.09148 0.62159
vt 0.10047 0.61803
vt 0.75471 0.21979
vt 0.74445 0.21394
vt 0.75483 0.20792
vt 0.09226 0.31561
vt 0.08750 0.30251
vt 0.09593 0.30137
vt 0.60683 0.00424
vt 0.60990 0.00660
vt 0.60179 0.00624
vt 0.43055 0.99522
vt 0.41317 0.99553
vt 0.42140 0.99225
vt 0.96912 0.32731
vt 0.97142 0.33798
vt 0.96357 0.33367
vt 0.98937 0.78125
vt 0.98781 0.77671
vt 0.99587 0.77575
vt 0.35996 0.01783
vt 0.36605 0.01585
vt 0.36682 0.02374
vt 0.73827 0.04348
vt 0.74467 0.03472
vt 0.74457 0.04299
vt 0.92989 0.34804
vt 0.91956 0.35271
vt 0.92263 0.34575
vt 0.13637 0.91679
vt 0.14430 0.90522
vt 0.15336 0.90973
vt 0.12765 0.08319
vt 0.13001 0.07737
vt 0.13385 0.08967
vt 0.94941 0.35360
vt 0.96025 0.35426
vt 0.95688 0.36341
vt 0.41317 0.99553
vt 0.43055 0.99522
vt 0.43960 0.99528
vt 0.98207 0.72897
vt 0.98020 0.72158
vt 0.98607 0.72188
vt 0.90113 0.47245
vt 0.89624 0.48165
vt 0.89666 0.47225
vt 0.62845 0.07920
vt 0.62980 0.08557
vt 0.62412 0.09133
vt 0.43560 0.94972
vt 0.43240 0.94374
vt 0.44436 0.95001
vt 0.77322 0.54766
vt 0.77097 0.55732
vt 0.76026 0.54567
vt 0.41991 0.02277
vt 0.41709 0.01800
vt 0.42092 0.01168
vt 0.64966 0.00547
vt 0.64534 0.01618
vt 0.64184 0.00561
vt 0.80674 0.10832
vt 0.79176 0.10690
vt 0.80342 0.09989
vt 0.90374 0.32678
vt 0.90759 0.31560
vt 0.91199 0.32614
vt 0.01214 0.07921
vt 0.01599 0.08306
vt 0.00458 0.08208
vt 0.49912 0.21097
vt 0.51281 0.21424
vt 0.51493 0.22275
vt 0.21767 0.19801
vt 0.20287 0.18484
vt 0.21707 0.18237
vt 0.89200 0.11174
vt 0.88674 0.10869
vt 0.90114 0.10908
vt 0.44436 0.95001
vt 0.43516 0.95772
vt 0.43560 0.94972
vt 0.66763 0.00644
vt 0.67141 0.01165
vt 0.66387 0.01038
vt 0.95465 0.83316
vt 0.96256 0.82552
vt 0.96124 0.83135
vt 0.04626 0.51724
vt 0.04341 0.52284
vt 0.03194 0.52283
vt 0.09158 0.29876
vt 0.09585 0.30156
vt 0.08750 0.30251
vt 0.92575 0.04082
vt 0.92973 0.03720
vt 0.93591 0.03925
vt 0.79398 0.31072
vt 0.78582 0.31696
vt 0.79277 0.30145
vt 0.50257 0.01013
vt 0.50106 0.00431
vt 0.50867 0.00605
vt 0.16841 0.74292
vt 0.16896 0.76916
vt 0.16511 0.76205
vt 0.14288 0.68031
vt 0.14641 0.65400
vt 0.14696 0.67878
vt 0.41247 0.93818
vt 0.39367 0.93315
vt 0.40272 0.93101
vt 0.05616 0.10825
vt 0.05841 0.10670
vt 0.06386 0.11511
vt 0.76026 0.54567
vt 0.76236 0.52913
vt 0.77322 0.54766
vt 0.02709 0.37016
vt 0.03992 0.36972
vt 0.04133 0.37515
vt 0.02313 0.68405
vt 0.03748 0.67939
vt 0.02696 0.69060
vt 0.30197 0.02117
vt 0.29726 0.02765
vt 0.29618 0.01585
vt 0.77535 0.05515
vt 0.76950 0.05024
vt 0.77536 0.04535
vt 0.05616 0.10825
vt 0.06386 0.11511
vt 0.04953 0.11468
vt 0.33511 0.92671
vt 0.33497 0.93000
vt 0.33156 0.92996
vt 0.40291 0.93072
vt 0.41309 0.93207
vt 0.41247 0.93818
vt 0.91155 0.24772
vt 0.90133 0.24769
vt 0.90824 0.23471
vt 0.55447 0.05759
vt 0.54820 0.04893
vt 0.55663 0.04749
vt 0.86049 0.67013
vt 0.85259 0.68282
vt 0.85373 0.67358
vt 0.27743 0.37999
vt 0.27136 0.37740
vt 0.28181 0.37532
vt 0.96736 0.99932
vt 0.96342 0.99656
vt 0.97312 0.99751
vt 0.28181 0.37532
vt 0.27135 0.37738
vt 0.26573 0.36529
vt 0.78568 0.32257
vt 0.77120 0.32213
vt 0.78582 0.31696
vt 0.78007 0.10869
vt 0.79395 0.10869
vt 0.78023 0.12152
vt 0.99388 0.16936
vt 0.98881 0.16567
vt 0.99409 0.16202
vt 0.65652 0.10073
vt 0.66465 0.10183
vt 0.65498 0.10697
vt 0.33523 0.92985
vt 0.33511 0.92671
vt 0.35661 0.93174
vt 0.06639 0.07070
vt 0.07116 0.07283
vt 0.07026 0.08145
vt 0.71410 0.39016
vt 0.72147 0.37157
vt 0.72570 0.38990
vt 0.85373 0.67358
vt 0.85259 0.68282
vt 0.84918 0.68669
vt 0.20928 0.05173
vt 0.21066 0.05769
vt 0.20434 0.04906
vt 0.55417 0.93020
vt 0.53522 0.93690
vt 0.53967 0.93295
vt 0.35858 0.00648
vt 0.36056 0.01258
vt 0.35645 0.01079
vt 0.26684 0.35557
vt 0.26573 0.36529
vt 0.25925 0.35581
vt 0.31908 0.53290
vt 0.30891 0.51898
vt 0.31681 0.52563
vt 0.39136 0.04787
vt 0.40176 0.04744
vt 0.39506 0.05765
vt 0.85259 0.68282
vt 0.86049 0.67013
vt 0.85900 0.68036
vt 0.26573 0.36529
vt 0.26684 0.35557
vt 0.28181 0.37532
vt 0.52457 0.08700
vt 0.52457 0.07478
vt 0.52870 0.07676
vt 0.51281 0.21424
vt 0.51601 0.21127
vt 0.52043 0.21744
vt 0.27743 0.37999
vt 0.27836 0.39468
vt 0.27155 0.37744
vt 0.50453 0.07719
vt 0.50706 0.07104
vt 0.51186 0.06748
vt 0.96632 0.05959
vt 0.96795 0.04993
vt 0.97181 0.05174
vt 0.56891 0.18966
vt 0.56923 0.20792
vt 0.56480 0.20780
vt 0.66467 0.10188
vt 0.66516 0.11154
vt 0.65498 0.10697
vt 0.91699 0.13029
vt 0.91699 0.11799
vt 0.92319 0.12582
vt 0.07026 0.08145
vt 0.06080 0.07412
vt 0.06626 0.07075
vt 0.43251 0.31024
vt 0.44395 0.29323
vt 0.45343 0.31065
vt 0.07067 0.92582
vt 0.06788 0.92935
vt 0.06622 0.92525
vt 0.51307 0.07137
vt 0.50453 0.07719
vt 0.51186 0.06748
vt 0.92023 0.43382
vt 0.91114 0.43625
vt 0.91921 0.43081
vt 0.98329 0.66646
vt 0.98616 0.66091
vt 0.99058 0.66617
vt 0.18122 0.04923
vt 0.17720 0.04874
vt 0.18055 0.04360
vt 0.91921 0.43081
vt 0.91114 0.43625
vt 0.90773 0.43081
vt 0.98583 0.36317
vt 0.99014 0.36558
vt 0.98295 0.36606
vt 0.92845 0.77697
vt 0.91795 0.78044
vt 0.92533 0.76507
vt 0.11085 0.56882
vt 0.09743 0.55129
vt 0.10932 0.55372
vt 0.51281 0.21424
vt 0.52043 0.21744
vt 0.51493 0.22275
vt 0.30891 0.51898
vt 0.31911 0.53287
vt 0.29739 0.52630
vt 0.11806 0.45305
vt 0.11355 0.45384
vt 0.11194 0.43010
vt 0.11806 0.45305
vt 0.11220 0.43003
vt 0.11796 0.43255
vt 0.26319 0.38076
vt 0.26573 0.36529
vt 0.27146 0.37733
vt 0.79395 0.10869
vt 0.79471 0.12201
vt 0.78023 0.12152
vt 0.41984 0.68462
vt 0.41614 0.70252
vt 0.40535 0.70380
vt 0.32197 0.55908
vt 0.31572 0.56687
vt 0.30055 0.56739
vt 0.03888 0.96748
vt 0.03888 0.98316
vt 0.03590 0.96859
vt 0.97441 0.66831
vt 0.97060 0.67053
vt 0.96584 0.66574
vt 0.41614 0.70252
vt 0.42117 0.68194
vt 0.43358 0.70495
vt 0.02610 0.50059
vt 0.03668 0.51261
vt 0.03035 0.51345
vt 0.60465 0.16071
vt 0.60718 0.15280
vt 0.61627 0.15091
vt 0.43358 0.70495
vt 0.42117 0.68194
vt 0.43580 0.69811
vt 0.61134 0.93520
vt 0.61134 0.95727
vt 0.58776 0.93841
vt 0.05446 0.73819
vt 0.05894 0.73286
vt 0.05823 0.74955
vt 0.13930 0.16021
vt 0.14050 0.13835
vt 0.14661 0.14530
vt 0.03276 0.35012
vt 0.04838 0.35012
vt 0.03581 0.35516
vt 0.17717 0.04877
vt 0.18122 0.04923
vt 0.17981 0.05410
vt 0.29249 0.56137
vt 0.31904 0.53300
vt 0.32197 0.55908
vt 0.98138 0.96590
vt 0.98138 0.97398
vt 0.97854 0.97098
vt 0.99599 0.19565
vt 0.99634 0.20073
vt 0.99046 0.19982
vt 0.14436 0.90513
vt 0.16017 0.90625
vt 0.15336 0.90973
vt 0.81205 0.00157
vt 0.81523 0.00388
vt 0.81097 0.00827
vt 0.98152 0.47360
vt 0.98152 0.46628
vt 0.98720 0.47233
vt 0.30402 0.51765
vt 0.30891 0.51898
vt 0.29739 0.52630
vt 0.10091 0.33690
vt 0.09988 0.31331
vt 0.10540 0.33674
vt 0.88297 0.31745
vt 0.87446 0.33135
vt 0.87596 0.32334
vt 0.88244 0.33415
vt 0.87447 0.33136
vt 0.88297 0.31745
vt 0.84918 0.68669
vt 0.85259 0.68282
vt 0.85605 0.68467
vt 0.37225 0.88738
vt 0.34033 0.88738
vt 0.37228 0.88095
vt 0.49161 0.05275
vt 0.48593 0.05361
vt 0.49036 0.04365
vt 0.84918 0.68669
vt 0.85605 0.68467
vt 0.85189 0.68910
vt 0.44395 0.29323
vt 0.43218 0.30992
vt 0.42779 0.29531
vt 0.45224 0.70385
vt 0.46099 0.67321
vt 0.46220 0.70509
vt 0.10466 0.31389
vt 0.10540 0.33674
vt 0.09988 0.31331
vt 0.41571 0.02292
vt 0.40829 0.02460
vt 0.41103 0.01918
vt 0.41968 0.68539
vt 0.40535 0.70380
vt 0.40708 0.68057
vt 0.79277 0.30145
vt 0.78582 0.31696
vt 0.76302 0.29990
vt 0.73898 0.35935
vt 0.72570 0.38990
vt 0.72150 0.37156
vt 0.32197 0.55908
vt 0.30055 0.56739
vt 0.29249 0.56137
vt 0.77120 0.32213
vt 0.76300 0.29992
vt 0.78582 0.31696
vt 0.93261 0.16058
vt 0.93212 0.14929
vt 0.93815 0.15856
vt 0.42779 0.29528
vt 0.43218 0.30992
vt 0.42534 0.31128
vt 0.61881 0.76601
vt 0.62097 0.78104
vt 0.60397 0.78277
vt 0.24542 0.70518
vt 0.23825 0.69392
vt 0.24807 0.70110
vt 0.32280 0.84646
vt 0.32464 0.83866
vt 0.34035 0.85138
vt 0.93836 0.15157
vt 0.93815 0.15856
vt 0.93212 0.14929
vt 0.94719 0.36649
vt 0.95636 0.36480
vt 0.95123 0.36736
vt 0.43775 0.69885
vt 0.43785 0.67610
vt 0.45224 0.70385
vt 0.90797 0.36100
vt 0.89702 0.35327
vt 0.90330 0.35407
vt 0.24166 0.69267
vt 0.24807 0.70110
vt 0.23825 0.69392
vt 0.90330 0.34675
vt 0.90715 0.34526
vt 0.90330 0.35407
vt 0.35575 0.84533
vt 0.34035 0.85138
vt 0.32456 0.83867
vt 0.87349 0.89694
vt 0.87606 0.88056
vt 0.87822 0.89957
vt 0.04456 0.86096
vt 0.04804 0.85495
vt 0.04853 0.86510
vt 0.97888 0.30530
vt 0.97502 0.29901
vt 0.97877 0.29881
vt 0.08536 0.45163
vt 0.08536 0.46968
vt 0.08471 0.46085
vt 0.90797 0.36100
vt 0.90330 0.35407
vt 0.90715 0.34526
vt 0.99380 0.83267
vt 0.98881 0.83108
vt 0.99391 0.82618
vt 0.20466 0.16362
vt 0.19966 0.14823
vt 0.20797 0.14821
vt 0.71781 0.19389
vt 0.69959 0.19389
vt 0.71767 0.18783
vt 0.29739 0.52630
vt 0.31909 0.53297
vt 0.29240 0.53586
vt 0.76496 0.29326
vt 0.78783 0.29364
vt 0.79277 0.30145
vt 0.88297 0.31745
vt 0.87118 0.31962
vt 0.87209 0.31443
vt 0.87596 0.32334
vt 0.87118 0.31962
vt 0.88297 0.31745
vt 0.14060 0.25732
vt 0.14060 0.28227
vt 0.13751 0.26922
vt 0.60397 0.78277
vt 0.60556 0.76674
vt 0.61881 0.76601
vt 0.31910 0.53306
vt 0.29249 0.56137
vt 0.29240 0.53586
vt 0.35581 0.84524
vt 0.32459 0.83862
vt 0.34900 0.83976
vt 0.19413 0.12335
vt 0.20196 0.12610
vt 0.19324 0.13571
vt 0.93444 0.24627
vt 0.92954 0.23467
vt 0.93444 0.23568
vt 0.24807 0.70110
vt 0.25534 0.69919
vt 0.24542 0.70518
vt 0.69959 0.19389
vt 0.70105 0.18869
vt 0.71767 0.18783
vt 0.98428 0.41630
vt 0.97811 0.42114
vt 0.97842 0.41595
vt 0.98980 0.81532
vt 0.99456 0.81687
vt 0.99200 0.82251
vt 0.78580 0.03840
vt 0.77724 0.03615
vt 0.78440 0.03096
vt 0.97221 0.86899
vt 0.97221 0.86464
vt 0.98038 0.86742
vt 0.80296 0.43406
vt 0.80848 0.42044
vt 0.80832 0.44411
vt 0.05427 0.86633
vt 0.04853 0.86510
vt 0.05561 0.85938
vt 0.29668 0.07826
vt 0.30400 0.08283
vt 0.30069 0.08988
vt 0.43775 0.69885
vt 0.42101 0.68144
vt 0.43785 0.67610
vt 0.20851 0.12908
vt 0.19324 0.13571
vt 0.20196 0.12610
vt 0.20196 0.12610
vt 0.20821 0.12382
vt 0.20851 0.12908
vt 0.51054 0.08407
vt 0.51407 0.08663
vt 0.50499 0.09579
vt 0.91128 0.53839
vt 0.91685 0.52955
vt 0.92259 0.53315
vt 0.98559 0.45487
vt 0.97803 0.45697
vt 0.97812 0.45017
vt 0.39287 0.99977
vt 0.40073 0.99632
vt 0.38748 0.99682
vt 0.92800 0.24627
vt 0.92954 0.23467
vt 0.93444 0.24627
vt 0.96797 0.08547
vt 0.96944 0.07719
vt 0.97142 0.08282
vt 0.25826 0.72832
vt 0.26732 0.72442
vt 0.26600 0.74864
vt 0.26737 0.72436
vt 0.26011 0.71292
vt 0.26879 0.71572
vt 0.05561 0.85938
vt 0.04853 0.86510
vt 0.04804 0.85495
vt 0.18865 0.97916
vt 0.19198 0.96778
vt 0.19301 0.97733
vt 0.99056 0.37906
vt 0.98846 0.38552
vt 0.98598 0.37889
vt 0.13241 0.38016
vt 0.12387 0.38301
vt 0.13141 0.36107
vt 0.12387 0.38301
vt 0.12330 0.37472
vt 0.13141 0.36107
vt 0.92834 0.13541
vt 0.93872 0.13204
vt 0.93687 0.13776
vt 0.13141 0.36107
vt 0.12330 0.37472
vt 0.11932 0.35893
vt 0.39287 0.99977
vt 0.38748 0.99682
vt 0.40073 0.99632
vt 0.26599 0.74878
vt 0.26252 0.74277
vt 0.25826 0.72839
vt 0.33325 0.05344
vt 0.34352 0.05678
vt 0.33218 0.06364
vt 0.90742 0.65490
vt 0.90394 0.66645
vt 0.90147 0.65318
vt 0.11944 0.37413
vt 0.11932 0.35893
vt 0.12330 0.37472
vt 0.47322 0.09337
vt 0.47735 0.09853
vt 0.47317 0.10116
vt 0.94996 0.18798
vt 0.94002 0.18475
vt 0.95001 0.17761
vt 0.72157 0.37168
vt 0.73118 0.35554
vt 0.73898 0.35935
vt 0.79277 0.30145
vt 0.76302 0.29991
vt 0.76496 0.29326
vt 0.26011 0.71292
vt 0.26737 0.72436
vt 0.25826 0.72832
vt 0.04804 0.85495
vt 0.04456 0.86096
vt 0.04409 0.85019
vt 0.98546 0.71513
vt 0.99205 0.71513
vt 0.98952 0.72032
vt 0.48728 0.82902
vt 0.48493 0.83026
vt 0.47800 0.82508
vt 0.99071 0.24736
vt 0.98574 0.24826
vt 0.98608 0.24410
vt 0.60617 0.09690
vt 0.61780 0.09149
vt 0.61958 0.09815
vt 0.43785 0.67610
vt 0.46099 0.67321
vt 0.45224 0.70385
vt 0.25975 0.70643
vt 0.26597 0.70708
vt 0.26011 0.71292
vt 0.03854 0.47413
vt 0.03233 0.47437
vt 0.03233 0.45916
vt 0.58774 0.95661
vt 0.58776 0.93840
vt 0.61134 0.95727
vt 0.98708 0.98653
vt 0.98409 0.98904
vt 0.98409 0.98163
vt 0.26597 0.70708
vt 0.26881 0.71564
vt 0.26011 0.71292
vt 0.25543 0.69941
vt 0.26411 0.69972
vt 0.26917 0.70487
vt 0.60737 0.09223
vt 0.61780 0.09149
vt 0.60633 0.09722
vt 0.52474 0.12857
vt 0.53324 0.12693
vt 0.53460 0.13136
vt 0.04882 0.85056
vt 0.04804 0.85495
vt 0.04409 0.85019
vt 0.47322 0.09337
vt 0.47702 0.08799
vt 0.47737 0.09852
vt 0.97142 0.88800
vt 0.96870 0.89636
vt 0.97010 0.88333
vt 0.05433 0.75860
vt 0.04641 0.77022
vt 0.04033 0.76853
vt 0.71628 0.05867
vt 0.70600 0.06201
vt 0.70747 0.05383
vt 0.79253 0.48610
vt 0.78715 0.48714
vt 0.78510 0.47305
vt 0.91914 0.48666
vt 0.91224 0.48666
vt 0.91411 0.47434
vt 0.45728 0.02676
vt 0.46610 0.02740
vt 0.46119 0.03614
vt 0.07976 0.54348
vt 0.08993 0.54206
vt 0.09367 0.55228
vt 0.33130 0.04484
vt 0.32217 0.04187
vt 0.32986 0.03874
vt 0.94636 0.85588
vt 0.95589 0.85897
vt 0.95254 0.86211
vt 0.84975 0.71863
vt 0.85620 0.71886
vt 0.84858 0.72328
vt 0.93999 0.53596
vt 0.93917 0.52913
vt 0.94575 0.53887
vt 0.66835 0.11680
vt 0.67028 0.09935
vt 0.67085 0.10673
vt 0.64341 0.79948
vt 0.64401 0.79200
vt 0.65039 0.78562
vt 0.78507 0.47304
vt 0.78715 0.48714
vt 0.77971 0.47619
vt 0.84179 0.84754
vt 0.84545 0.85701
vt 0.84282 0.86983
vt 0.34717 0.10843
vt 0.35364 0.11401
vt 0.33946 0.11475
vt 0.42017 0.68408
vt 0.41765 0.67513
vt 0.42409 0.67702
vt 0.03805 0.45970
vt 0.03854 0.47413
vt 0.03233 0.45916
vt 0.93368 0.02024
vt 0.93511 0.02672
vt 0.92650 0.02570
vt 0.11651 0.20105
vt 0.11729 0.21141
vt 0.11258 0.20901
vt 0.79899 0.27358
vt 0.80264 0.26693
vt 0.79341 0.29269
vt 0.92247 0.27205
vt 0.93065 0.28167
vt 0.91398 0.28118
vt 0.26477 0.63405
vt 0.26079 0.61223
vt 0.27169 0.61724
vt 0.84640 0.83677
vt 0.84687 0.85908
vt 0.84277 0.84044
vt 0.87357 0.12366
vt 0.88100 0.12560
vt 0.87058 0.12747
vt 0.80336 0.29244
vt 0.79341 0.29269
vt 0.80264 0.26693
vt 0.47278 0.04239
vt 0.46874 0.03681
vt 0.47179 0.03190
vt 0.43841 0.10018
vt 0.43661 0.09599
vt 0.43369 0.08799
vt 0.27280 0.06155
vt 0.27588 0.06637
vt 0.27220 0.07245
vt 0.92771 0.69940
vt 0.93084 0.69301
vt 0.93823 0.69902
vt 0.30801 0.03884
vt 0.31760 0.03884
vt 0.31075 0.04572
vt 0.03520 0.80070
vt 0.05082 0.80070
vt 0.04024 0.80586
vt 0.27643 0.91264
vt 0.24765 0.90909
vt 0.26175 0.90729
vt 0.91299 0.28844
vt 0.91299 0.29465
vt 0.89620 0.29345
vt 0.92258 0.27191
vt 0.92821 0.26995
vt 0.93077 0.28152
vt 0.01024 0.11162
vt 0.00004 0.10573
vt 0.01813 0.10772
vt 0.97474 0.55489
vt 0.97433 0.56066
vt 0.96936 0.56149
vt 0.94718 0.35346
vt 0.94890 0.36984
vt 0.93991 0.35749
vt 0.11729 0.21141
vt 0.11663 0.20104
vt 0.12111 0.20567
vt 0.56160 0.31676
vt 0.57665 0.30823
vt 0.59360 0.31440
vt 0.63870 0.77765
vt 0.65039 0.78562
vt 0.64401 0.79200
vt 0.08228 0.47376
vt 0.10051 0.48623
vt 0.08207 0.48621
vt 0.07223 0.48329
vt 0.08200 0.46588
vt 0.08125 0.47909
vt 0.56342 0.30598
vt 0.57665 0.30823
vt 0.56161 0.31678
vt 0.37228 0.88095
vt 0.34033 0.88738
vt 0.34039 0.88439
vt 0.63870 0.77765
vt 0.64401 0.79200
vt 0.62151 0.79768
vt 0.65039 0.78562
vt 0.63870 0.77765
vt 0.64824 0.77948
vt 0.11865 0.34952
vt 0.11290 0.35850
vt 0.11558 0.35151
vt 0.95099 0.72283
vt 0.94441 0.72718
vt 0.94037 0.72212
vt 0.47010 0.21940
vt 0.45788 0.21923
vt 0.46453 0.21619
vt 0.26079 0.61223
vt 0.26454 0.63410
vt 0.26026 0.62890
vt 0.88547 0.50636
vt 0.88827 0.52114
vt 0.88384 0.51559
vt 0.87490 0.01617
vt 0.87796 0.00806
vt 0.88070 0.01230
vt 0.10051 0.48623
vt 0.08228 0.47376
vt 0.09174 0.46928
vt 0.36622 0.05373
vt 0.36633 0.04765
vt 0.37181 0.04549
vt 0.11290 0.35850
vt 0.11861 0.34944
vt 0.11649 0.36927
vt 0.63870 0.77765
vt 0.62151 0.79768
vt 0.62469 0.78112
vt 0.27643 0.91264
vt 0.27171 0.91471
vt 0.24765 0.90909
vt 0.07223 0.48329
vt 0.06854 0.47803
vt 0.06861 0.46882
vt 0.08307 0.95019
vt 0.08360 0.93175
vt 0.08453 0.94168
vt 0.26079 0.61223
vt 0.26805 0.60446
vt 0.27176 0.61710
vt 0.33079 0.06608
vt 0.33086 0.07962
vt 0.32750 0.07336
vt 0.78246 0.46019
vt 0.78525 0.46554
vt 0.78507 0.47304
vt 0.31766 0.42134
vt 0.33497 0.43624
vt 0.32343 0.44033
vt 0.98163 0.27742
vt 0.98307 0.26960
vt 0.98807 0.27443
vt 0.62155 0.79770
vt 0.61970 0.80227
vt 0.61204 0.79567
vt 0.04290 0.08161
vt 0.04817 0.07836
vt 0.04721 0.09103
vt 0.11290 0.35850
vt 0.11649 0.36927
vt 0.11138 0.36633
vt 0.06861 0.46882
vt 0.08200 0.46588
vt 0.07223 0.48329
vt 0.31770 0.42132
vt 0.32343 0.44033
vt 0.31484 0.44187
vt 0.50552 0.92642
vt 0.50346 0.92074
vt 0.52873 0.92667
vt 0.03282 0.36359
vt 0.02962 0.35978
vt 0.03900 0.35978
vt 0.93368 0.02024
vt 0.92650 0.02570
vt 0.92630 0.02041
vt 0.02962 0.35978
vt 0.03282 0.36359
vt 0.02405 0.36221
vt 0.52875 0.92659
vt 0.50346 0.92074
vt 0.52216 0.92054
vt 0.73951 0.84309
vt 0.75798 0.83968
vt 0.73995 0.84995
vt 0.45788 0.21923
vt 0.46470 0.21032
vt 0.46453 0.21619
vt 0.66258 0.00449
vt 0.66726 0.00328
vt 0.66189 0.01066
vt 0.53289 0.14882
vt 0.53097 0.15842
vt 0.52852 0.14597
vt 0.68960 0.12321
vt 0.68430 0.11103
vt 0.68838 0.11435
vt 0.11878 0.34936
vt 0.11558 0.35151
vt 0.11110 0.34530
vt 0.95463 0.58810
vt 0.96228 0.58810
vt 0.95759 0.59763
vt 0.78507 0.47304
vt 0.77971 0.47619
vt 0.77639 0.45958
vt 0.12111 0.20567
vt 0.13364 0.20054
vt 0.11729 0.21141
vt 0.11545 0.18986
vt 0.11982 0.20212
vt 0.11607 0.19871
vt 0.06415 0.24922
vt 0.04999 0.24996
vt 0.06186 0.24468
vt 0.26103 0.27818
vt 0.26851 0.27818
vt 0.25484 0.28682
vt 0.00043 0.11595
vt 0.01024 0.11162
vt 0.01104 0.11811
vt 0.92633 0.05272
vt 0.93789 0.05289
vt 0.93139 0.05512
vt 0.76667 0.60371
vt 0.77368 0.60602
vt 0.76780 0.61862
vt 0.53095 0.15841
vt 0.53289 0.14882
vt 0.54000 0.15282
vt 0.62712 0.01053
vt 0.62712 0.00560
vt 0.63339 0.01052
vt 0.11729 0.21141
vt 0.13359 0.20048
vt 0.13099 0.20902
vt 0.88442 0.52590
vt 0.88384 0.51559
vt 0.88828 0.52173
vt 0.68430 0.11103
vt 0.68960 0.12321
vt 0.68433 0.12553
vt 0.03734 0.50985
vt 0.04602 0.51488
vt 0.04041 0.51643
vt 0.33485 0.11454
vt 0.33688 0.12008
vt 0.32782 0.12049
vt 0.84239 0.15885
vt 0.83096 0.17135
vt 0.81987 0.16330
vt 0.65802 0.06631
vt 0.65982 0.06077
vt 0.66993 0.06599
vt 0.01024 0.11162
vt 0.00043 0.11595
vt 0.00004 0.10573
vt 0.59707 0.22305
vt 0.57829 0.22881
vt 0.57837 0.22305
vt 0.78507 0.47304
vt 0.77639 0.45958
vt 0.78246 0.46019
vt 0.76667 0.60371
vt 0.76780 0.61862
vt 0.76102 0.61941
vt 0.84239 0.15885
vt 0.81987 0.16330
vt 0.82338 0.15710
vt 0.32782 0.12049
vt 0.33688 0.12008
vt 0.32609 0.12740
vt 0.61429 0.40789
vt 0.63156 0.38695
vt 0.63575 0.39448
vt 0.13040 0.20065
vt 0.11982 0.20212
vt 0.11545 0.18986
vt 0.36759 0.04196
vt 0.36759 0.03282
vt 0.37092 0.03813
vt 0.73157 0.13532
vt 0.71712 0.13511
vt 0.72626 0.12934
vt 0.01767 0.46174
vt 0.00932 0.45330
vt 0.01715 0.44822
vt 0.03734 0.50985
vt 0.04210 0.50068
vt 0.04602 0.51488
vt 0.78150 0.42596
vt 0.75771 0.41905
vt 0.78475 0.41660
vt 0.16672 0.82209
vt 0.16486 0.79499
vt 0.17395 0.81486
vt 0.17395 0.81486
vt 0.16455 0.79519
vt 0.16711 0.79423
vt 0.31484 0.44187
vt 0.32343 0.44033
vt 0.31536 0.44653
vt 0.04210 0.50068
vt 0.04624 0.50288
vt 0.04602 0.51488
vt 0.60205 0.04443
vt 0.59922 0.03573
vt 0.60948 0.03681
vt 0.50493 0.07853
vt 0.51332 0.07551
vt 0.51501 0.08537
vt 0.57829 0.22881
vt 0.59707 0.22305
vt 0.59815 0.22905
vt 0.06415 0.24922
vt 0.05127 0.25588
vt 0.04999 0.24996
vt 0.94758 0.26350
vt 0.94758 0.27413
vt 0.93854 0.26917
vt 0.26851 0.27818
vt 0.28133 0.28578
vt 0.25484 0.28682
vt 0.68995 0.92852
vt 0.67504 0.92943
vt 0.66387 0.92120
vt 0.54709 0.06048
vt 0.54709 0.04998
vt 0.55262 0.05824
vt 0.90534 0.65323
vt 0.90046 0.64980
vt 0.91546 0.64809
vt 0.91964 0.37581
vt 0.91340 0.37274
vt 0.91952 0.36403
vt 0.26079 0.61223
vt 0.26137 0.59180
vt 0.26805 0.60451
vt 0.52236 0.11654
vt 0.51788 0.11862
vt 0.50746 0.11647
vt 0.24938 0.66496
vt 0.25531 0.66561
vt 0.23956 0.66951
vt 0.92542 0.61448
vt 0.93675 0.61448
vt 0.92941 0.61817
vt 0.24489 0.67646
vt 0.23956 0.66951
vt 0.25532 0.66579
vt 0.25178 0.99992
vt 0.25466 0.98835
vt 0.26631 0.98857
vt 0.54102 0.07367
vt 0.52936 0.07367
vt 0.53896 0.06758
vt 0.53289 0.14882
vt 0.52852 0.14597
vt 0.54479 0.14569
vt 0.90294 0.07637
vt 0.91524 0.07637
vt 0.91070 0.07906
vt 0.26143 0.59153
vt 0.26785 0.58950
vt 0.26808 0.60438
vt 0.98285 0.34546
vt 0.98363 0.35270
vt 0.97580 0.35382
vt 0.26026 0.89354
vt 0.27943 0.89811
vt 0.26874 0.90202
vt 0.72530 0.21564
vt 0.72530 0.23549
vt 0.71948 0.21731
vt 0.91331 0.37261
vt 0.90979 0.36319
vt 0.91952 0.36403
vt 0.32343 0.44033
vt 0.33198 0.44640
vt 0.31536 0.44653
vt 0.01818 0.51894
vt 0.01320 0.50827
vt 0.01906 0.50452
vt 0.71614 0.12928
vt 0.72605 0.12919
vt 0.71712 0.13511
vt 0.00788 0.46270
vt 0.00932 0.45330
vt 0.01767 0.46177
vt 0.76943 0.63069
vt 0.76102 0.61941
vt 0.76780 0.61862
vt 0.54747 0.11669
vt 0.55041 0.10765
vt 0.56348 0.11376
vt 0.87895 0.00760
vt 0.87895 0.00217
vt 0.88401 0.00370
vt 0.33198 0.44640
vt 0.33643 0.45685
vt 0.31536 0.44653
vt 0.93106 0.50358
vt 0.92317 0.50677
vt 0.91987 0.49958
vt 0.76102 0.61941
vt 0.76943 0.63069
vt 0.76667 0.63914
vt 0.60133 0.40768
vt 0.60608 0.40260
vt 0.61086 0.41502
vt 0.61429 0.40789
vt 0.61086 0.41502
vt 0.60608 0.40260
vt 0.93701 0.68432
vt 0.94764 0.68432
vt 0.94213 0.68812
vt 0.61429 0.40789
vt 0.63575 0.39448
vt 0.61696 0.41319
vt 0.45096 0.21571
vt 0.45144 0.20764
vt 0.46470 0.21019
vt 0.07015 0.13674
vt 0.06393 0.13296
vt 0.07220 0.12963
vt 0.23714 0.69002
vt 0.23577 0.67627
vt 0.24489 0.67646
vt 0.24676 0.68305
vt 0.23714 0.69002
vt 0.24489 0.67646
vt 0.45096 0.21571
vt 0.46477 0.21037
vt 0.45788 0.21923
vt 0.61086 0.41502
vt 0.61429 0.40789
vt 0.61696 0.41319
vt 0.27820 0.89071
vt 0.27943 0.89811
vt 0.26026 0.89354
vt 0.56631 0.07993
vt 0.56587 0.09044
vt 0.56033 0.08591
vt 0.23956 0.66951
vt 0.24489 0.67646
vt 0.23577 0.67627
vt 0.76693 0.92937
vt 0.76620 0.92166
vt 0.77398 0.91621
vt 0.67103 0.03303
vt 0.66275 0.03312
vt 0.67100 0.02660
vt 0.31536 0.44653
vt 0.33639 0.45693
vt 0.32650 0.46088
vt 0.77478 0.00788
vt 0.78142 0.00674
vt 0.77971 0.01323
vt 0.76667 0.63914
vt 0.76943 0.63069
vt 0.77305 0.64065
vt 0.91902 0.82517
vt 0.93070 0.82847
vt 0.92327 0.83002
vt 0.66403 0.92989
vt 0.66385 0.92101
vt 0.67504 0.92943
vt 0.49476 0.89869
vt 0.48055 0.90120
vt 0.49741 0.89409
vt 0.77398 0.91621
vt 0.76620 0.92166
vt 0.76904 0.91178
vt 0.54674 0.26161
vt 0.53938 0.26429
vt 0.52120 0.26223
vt 0.99450 0.05191
vt 0.99076 0.05706
vt 0.98840 0.04949
vt 0.00504 0.12548
vt 0.00491 0.13234
vt 0.00112 0.13453
vt 0.56631 0.07993
vt 0.56033 0.08591
vt 0.55979 0.07836
vt 0.59594 0.40526
vt 0.60133 0.40768
vt 0.60626 0.42103
vt 0.00440 0.74762
vt 0.00098 0.74030
vt 0.00398 0.73381
vt 0.49741 0.89409
vt 0.51017 0.90112
vt 0.49476 0.89869
vt 0.27943 0.89811
vt 0.27820 0.89071
vt 0.29008 0.90205
vt 0.59594 0.40526
vt 0.60626 0.42103
vt 0.58818 0.42095
vt 0.97054 0.38919
vt 0.96779 0.39767
vt 0.96299 0.38679
vt 0.61086 0.41502
vt 0.60626 0.42103
vt 0.60133 0.40768
vt 0.42619 0.10566
vt 0.43252 0.09872
vt 0.42833 0.10976
vt 0.77398 0.91621
vt 0.76901 0.91181
vt 0.76507 0.90200
vt 0.07015 0.13674
vt 0.07220 0.12963
vt 0.07961 0.13631
vt 0.08105 0.46421
vt 0.08318 0.45377
vt 0.08381 0.47126
vt 0.49885 0.06532
vt 0.48991 0.05883
vt 0.49662 0.05754
vt 0.76507 0.90200
vt 0.77452 0.90520
vt 0.77398 0.91621
vt 0.51208 0.04193
vt 0.50307 0.04485
vt 0.50610 0.03921
vt 0.94085 0.02013
vt 0.94085 0.02825
vt 0.93549 0.02253
vt 0.34362 0.28919
vt 0.35529 0.27764
vt 0.35024 0.29417
vt 0.97734 0.88274
vt 0.97855 0.87494
vt 0.98479 0.87520
vt 0.39794 0.86191
vt 0.40148 0.86718
vt 0.39057 0.86322
vt 0.14009 0.18985
vt 0.13961 0.19791
vt 0.13310 0.19415
vt 0.98324 0.93316
vt 0.97622 0.93494
vt 0.97811 0.92723
vt 0.36180 0.29594
vt 0.35024 0.29416
vt 0.36536 0.28177
vt 0.03566 0.26397
vt 0.04424 0.26246
vt 0.03441 0.27087
vt 0.99438 0.89905
vt 0.99438 0.90545
vt 0.98803 0.89930
vt 0.36192 0.29597
vt 0.36524 0.28174
vt 0.37051 0.28073
vt 0.04424 0.26246
vt 0.03566 0.26397
vt 0.04388 0.25660
vt 0.36516 0.28158
vt 0.35024 0.29417
vt 0.35529 0.27764
vt 0.13971 0.20540
vt 0.13264 0.20216
vt 0.13961 0.19791
vt 0.09316 0.28009
vt 0.09903 0.28686
vt 0.09012 0.29655
vt 0.81016 0.07079
vt 0.80653 0.05969
vt 0.81026 0.05919
vt 0.95176 0.78909
vt 0.95880 0.79037
vt 0.95808 0.79855
vt 0.58818 0.42111
vt 0.60626 0.42103
vt 0.60581 0.42818
vt 0.95123 0.79909
vt 0.95176 0.78909
vt 0.95808 0.79855
vt 0.37051 0.28073
vt 0.37681 0.28973
vt 0.36190 0.29597
vt 0.00112 0.13453
vt 0.00491 0.13234
vt 0.00614 0.13924
vt 0.13508 0.20849
vt 0.13264 0.20216
vt 0.13971 0.20540
vt 0.13961 0.19791
vt 0.13264 0.20216
vt 0.13310 0.19415
vt 0.39057 0.86322
vt 0.38056 0.86976
vt 0.37384 0.86409
vt 0.93054 0.67500
vt 0.92725 0.67935
vt 0.91942 0.67908
vt 0.60571 0.42817
vt 0.60203 0.43919
vt 0.58828 0.42099
vt 0.52587 0.15110
vt 0.52451 0.16402
vt 0.51567 0.16415
vt 0.09903 0.28686
vt 0.09317 0.28006
vt 0.09627 0.27823
vt 0.60568 0.43941
vt 0.61010 0.45417
vt 0.60203 0.43919
vt 0.95071 0.03120
vt 0.95438 0.02615
vt 0.96033 0.03250
vt 0.39057 0.86322
vt 0.40129 0.86728
vt 0.38056 0.86976
vt 0.64868 0.02272
vt 0.65631 0.02024
vt 0.65398 0.02863
vt 0.60203 0.43919
vt 0.59633 0.44035
vt 0.58827 0.42100
vt 0.87032 0.82508
vt 0.86502 0.81756
vt 0.86922 0.80855
vt 0.86502 0.81756
vt 0.87032 0.82508
vt 0.86135 0.82879
vt 0.59633 0.44035
vt 0.60203 0.43919
vt 0.61043 0.45407
vt 0.02652 0.16668
vt 0.02256 0.15711
vt 0.02683 0.15353
vt 0.96814 0.08858
vt 0.96534 0.09720
vt 0.96082 0.08752
vt 0.38056 0.86976
vt 0.36823 0.86655
vt 0.37404 0.86402
vt 0.02256 0.15711
vt 0.02652 0.16668
vt 0.02254 0.16856
vt 0.86135 0.82879
vt 0.86151 0.80968
vt 0.86502 0.81756
vt 0.95039 0.81219
vt 0.95825 0.81762
vt 0.95301 0.81911
vt 0.25499 0.83594
vt 0.26670 0.85104
vt 0.26030 0.85331
vt 0.96022 0.71829
vt 0.96413 0.70994
vt 0.96462 0.71843
vt 0.91955 0.60495
vt 0.92736 0.60131
vt 0.93125 0.60475
vt 0.25260 0.84483
vt 0.25499 0.83594
vt 0.26030 0.85331
vt 0.25499 0.83594
vt 0.25260 0.84483
vt 0.24853 0.83795
vt 0.60638 0.35662
vt 0.60638 0.35662
vt 0.60638 0.35662
vt 0.60638 0.35662
vt 0.60638 0.35662
vt 0.60638 0.35662
vt 0.60638 0.35662
vt 0.60638 0.35662
vt 0.60638 0.35662
vt 0.60638 0.35662
vt 0.60638 0.35662
vt 0.60638 0.35662
vt 0.60638 0.35662
vt 0.60638 0.35662
vt 0.60638 0.35662
vt 0.60638 0.35662
vt 0.60638 0.35662
vt 0.60638 0.35662
vt 0.60638 0.35662
vt 0.60638 0.35662
vt 0.60638 0.35662
vt 0.60638 0.35662
vt 0.60638 0.35662
vt 0.60638 0.35662
vt 0.60638 0.35662
vt 0.60638 0.35662
vt 0.60638 0.35662
vt 0.60638 0.35662
vt 0.60638 0.35662
vt 0.60638 0.35662
vt 0.60638 0.35662
vt 0.60638 0.35662
vt 0.60638 0.35662
vt 0.60638 0.35662
vt 0.60638 0.35662
vt 0.60638 0.35662
vt 0.60638 0.35662
vt 0.60638 0.35662
vt 0.60638 0.35662
vt 0.60638 0.35662
vt 0.60638 0.35662
vt 0.60638 0.35662
vt 0.60638 0.35662
vt 0.60638 0.35662
vt 0.60638 0.35662
vt 0.60638 0.35662
vt 0.60638 0.35662
vt 0.60638 0.35662
vt 0.60638 0.35662
vt 0.60638 0.35662
vt 0.60638 0.35662
vt 0.60638 0.35662
vt 0.60638 0.35662
vt 0.60638 0.35662
vt 0.60638 0.35662
vt 0.67291 0.09994
vt 0.67291 0.09994
vt 0.67291 0.09994
vt 0.67291 0.09994
vt 0.67291 0.09994
vt 0.67291 0.09994
vt 0.67291 0.09994
vt 0.67291 0.09994
vt 0.67291 0.09994
vt 0.67291 0.09994
vt 0.67291 0.09994
vt 0.67291 0.09994
vt 0.67291 0.09994
vn 0.8510 -0.5037 0.1486
vn 0.7694 0.4836 -0.4174
vn 0.9970 -0.0013 0.0779
vn 0.8510 -0.5037 0.1486
vn 0.9973 -0.0167 -0.0708
vn 0.7694 0.4836 -0.4174
vn 0.9768 -0.1938 -0.0907
vn 0.9661 0.0178 0.2577
vn 0.9854 0.0314 -0.1671
vn 0.7996 0.3631 -0.4784
vn 0.9434 0.2307 0.2383
vn 0.9768 -0.1938 -0.0907
vn 0.9661 0.0178 0.2577
vn 0.9768 -0.1938 -0.0907
vn 0.9434 0.2307 0.2383
vn 0.8375 0.3800 -0.3927
vn 0.7996 0.3631 -0.4784
vn 0.9768 -0.1938 -0.0907
vn 0.7996 0.3631 -0.4784
vn 0.8447 0.5173 0.1374
vn 0.9434 0.2307 0.2383
vn 0.9768 -0.1938 -0.0907
vn 0.8225 -0.5422 -0.1719
vn 0.8375 0.3800 -0.3927
vn 0.9970 -0.0013 0.0779
vn 0.9661 0.0178 0.2577
vn 0.9872 -0.0572 0.1488
vn 0.9661 0.0178 0.2577
vn 0.9901 0.0205 0.1392
vn 0.9872 -0.0572 0.1488
vn 0.8375 0.3800 -0.3927
vn 0.8225 -0.5422 -0.1719
vn 0.4591 -0.8058 0.3741
vn 0.9661 0.0178 0.2577
vn 0.9970 -0.0013 0.0779
vn 0.9854 0.0314 -0.1671
vn 0.4591 -0.8058 0.3741
vn 0.8699 0.4399 -0.2229
vn 0.8375 0.3800 -0.3927
vn 0.9910 -0.1335 -0.0123
vn 0.9872 -0.0572 0.1488
vn 0.7546 0.6324 0.1751
vn 0.9593 0.2169 0.1811
vn 0.5548 0.3748 -0.7428
vn 0.9299 0.3274 0.1679
vn 0.8447 0.5173 0.1374
vn 0.8611 -0.4781 0.1729
vn 0.8208 0.3943 -0.4132
vn 0.6064 -0.3094 -0.7325
vn 0.9593 0.2169 0.1811
vn 0.9849 -0.1527 -0.0821
vn 0.8948 0.1139 -0.4317
vn 0.6737 0.3107 -0.6705
vn 0.9973 -0.0167 -0.0708
vn 0.9854 0.0314 -0.1671
vn 0.9970 -0.0013 0.0779
vn 0.7694 0.4836 -0.4174
vn 0.4591 -0.8058 0.3741
vn 0.8712 -0.4579 -0.1772
vn 0.8699 0.4399 -0.2229
vn 0.5548 0.3748 -0.7428
vn 0.9901 0.0205 0.1392
vn 0.9299 0.3274 0.1679
vn 0.9973 -0.0167 -0.0708
vn 0.5617 -0.7712 0.2997
vn 0.8948 0.1139 -0.4317
vn 0.7694 0.4836 -0.4174
vn 0.8577 -0.3688 -0.3583
vn 0.9854 0.0314 -0.1671
vn 0.7453 0.2609 -0.6136
vn 0.7694 0.4836 -0.4174
vn 0.9973 -0.0167 -0.0708
vn 0.4031 -0.8948 0.1920
vn 0.4591 -0.8058 0.3741
vn 0.8225 -0.5422 -0.1719
vn 0.5617 -0.7712 0.2997
vn 0.9973 -0.0167 -0.0708
vn 0.8510 -0.5037 0.1486
vn 0.6064 -0.3094 -0.7325
vn 0.9849 -0.1527 -0.0821
vn 0.9449 -0.2782 -0.1723
vn 0.9901 0.0205 0.1392
vn 0.9197 0.3774 -0.1079
vn 0.9299 0.3274 0.1679
vn 0.6737 0.3107 -0.6705
vn 0.7453 0.2609 -0.6136
vn 0.9973 -0.0167 -0.0708
vn 0.7694 0.4836 -0.4174
vn 0.7453 0.2609 -0.6136
vn 0.8577 -0.3688 -0.3583
vn 0.9768 -0.1938 -0.0907
vn 0.9854 0.0314 -0.1671
vn 0.8577 -0.3688 -0.3583
vn 0.9434 0.2307 0.2383
vn 0.8447 0.5173 0.1374
vn 0.8942 0.4469 0.0271
vn 0.6106 0.7878 -0.0808
vn 0.8447 0.5173 0.1374
vn 0.8208 0.3943 -0.4132
vn 0.8225 -0.5422 -0.1719
vn 0.9768 -0.1938 -0.0907
vn 0.8577 -0.3688 -0.3583
vn 0.6973 0.4281 -0.5749
vn 0.8375 0.3800 -0.3927
vn 0.8699 0.4399 -0.2229
vn 0.8510 -0.5037 0.1486
vn 0.9970 -0.0013 0.0779
vn 0.9872 -0.0572 0.1488
vn 0.9299 0.3274 0.1679
vn 0.9197 0.3774 -0.1079
vn 0.5441 0.3129 -0.7785
vn 0.8712 -0.4579 -0.1772
vn 0.4591 -0.8058 0.3741
vn 0.1112 -0.9707 0.2131
vn 0.9593 0.2169 0.1811
vn 0.6064 -0.3094 -0.7325
vn 0.9449 -0.2782 -0.1723
vn 0.8447 0.5173 0.1374
vn 0.9859 -0.1663 -0.0197
vn 0.8611 -0.4781 0.1729
vn 0.5548 0.3748 -0.7428
vn 0.9593 0.2169 0.1811
vn 0.9901 0.0205 0.1392
vn 0.9901 0.0205 0.1392
vn 0.9661 0.0178 0.2577
vn 0.9434 0.2307 0.2383
vn 0.8208 0.3943 -0.4132
vn 0.8611 -0.4781 0.1729
vn 0.9108 0.4105 -0.0430
vn 0.9872 -0.0572 0.1488
vn 0.9910 -0.1335 -0.0123
vn 0.8510 -0.5037 0.1486
vn 0.7361 0.5407 0.4071
vn 0.9849 -0.1527 -0.0821
vn 0.9593 0.2169 0.1811
vn 0.9434 0.2307 0.2383
vn 0.9197 0.3774 -0.1079
vn 0.9901 0.0205 0.1392
vn 0.9449 -0.2782 -0.1723
vn 0.9872 -0.0572 0.1488
vn 0.9901 0.0205 0.1392
vn 0.9449 -0.2782 -0.1723
vn 0.9901 0.0205 0.1392
vn 0.9593 0.2169 0.1811
vn 0.7546 0.6324 0.1751
vn 0.9872 -0.0572 0.1488
vn 0.9449 -0.2782 -0.1723
vn 0.9866 -0.1505 0.0631
vn 0.7320 0.4825 -0.4810
vn 0.8948 0.1139 -0.4317
vn 0.9197 0.3774 -0.1079
vn 0.9434 0.2307 0.2383
vn 0.8942 0.4469 0.0271
vn 0.2859 0.8662 0.4097
vn 0.9299 0.3274 0.1679
vn 0.5441 0.3129 -0.7785
vn 0.8208 0.3943 -0.4132
vn 0.9108 0.4105 -0.0430
vn 0.9574 0.0836 -0.2763
vn 0.5617 -0.7712 0.2997
vn 0.9866 -0.1505 0.0631
vn 0.8948 0.1139 -0.4317
vn 0.9197 0.3774 -0.1079
vn 0.8942 0.4469 0.0271
vn 0.7454 0.5762 -0.3351
vn 0.7546 0.6324 0.1751
vn 0.9449 -0.2782 -0.1723
vn 0.8764 0.3056 0.3722
vn 0.8375 0.3800 -0.3927
vn 0.9859 -0.1663 -0.0197
vn 0.7996 0.3631 -0.4784
vn 0.7996 0.3631 -0.4784
vn 0.9859 -0.1663 -0.0197
vn 0.8447 0.5173 0.1374
vn 0.9593 0.2169 0.1811
vn 0.9299 0.3274 0.1679
vn 0.5850 0.1349 0.7997
vn 0.5441 0.3129 -0.7785
vn 0.9197 0.3774 -0.1079
vn 0.2859 0.8662 0.4097
vn 0.9299 0.3274 0.1679
vn 0.2859 0.8662 0.4097
vn 0.5850 0.1349 0.7997
vn -0.1047 -0.9943 -0.0180
vn 0.8712 -0.4579 -0.1772
vn 0.1112 -0.9707 0.2131
vn 0.8225 -0.5422 -0.1719
vn 0.7392 -0.6735 0.0025
vn 0.4031 -0.8948 0.1920
vn 0.8712 -0.4579 -0.1772
vn 0.7151 -0.5010 -0.4874
vn 0.5713 0.3548 -0.7401
vn 0.5713 0.3548 -0.7401
vn 0.8699 0.4399 -0.2229
vn 0.8712 -0.4579 -0.1772
vn 0.8510 -0.5037 0.1486
vn 0.1759 -0.9839 -0.0322
vn 0.5617 -0.7712 0.2997
vn 0.9108 0.4105 -0.0430
vn 0.6973 0.4281 -0.5749
vn 0.7218 0.6553 -0.2225
vn 0.8375 0.3800 -0.3927
vn 0.6973 0.4281 -0.5749
vn 0.9108 0.4105 -0.0430
vn 0.9866 -0.1505 0.0631
vn 0.5617 -0.7712 0.2997
vn 0.2165 -0.6337 0.7427
vn 0.6737 0.3107 -0.6705
vn 0.8948 0.1139 -0.4317
vn 0.6014 0.6283 -0.4935
vn 0.7151 -0.5010 -0.4874
vn 0.8712 -0.4579 -0.1772
vn -0.2563 -0.9651 0.0540
vn 0.8447 0.5173 0.1374
vn 0.6106 0.7878 -0.0808
vn 0.8942 0.4469 0.0271
vn 0.8225 -0.5422 -0.1719
vn 0.8577 -0.3688 -0.3583
vn 0.7392 -0.6735 0.0025
vn 0.8611 -0.4781 0.1729
vn 0.9911 -0.0747 -0.1104
vn 0.9108 0.4105 -0.0430
vn 0.7349 0.3913 0.5539
vn 0.7361 0.5407 0.4071
vn 0.3475 0.6572 0.6688
vn 0.6973 0.4281 -0.5749
vn 0.8699 0.4399 -0.2229
vn 0.7905 0.4819 -0.3779
vn 0.9197 0.3774 -0.1079
vn 0.5850 0.1349 0.7997
vn 0.2859 0.8662 0.4097
vn -0.0159 -0.9665 0.2562
vn 0.7151 -0.5010 -0.4874
vn -0.2563 -0.9651 0.0540
vn 0.4591 -0.8058 0.3741
vn 0.4126 -0.8128 0.4112
vn 0.1112 -0.9707 0.2131
vn 0.4601 0.8874 -0.0287
vn 0.7454 0.5762 -0.3351
vn 0.8942 0.4469 0.0271
vn 0.7392 -0.6735 0.0025
vn 0.7453 0.2609 -0.6136
vn 0.8575 -0.2408 -0.4547
vn 0.8712 -0.4579 -0.1772
vn -0.1047 -0.9943 -0.0180
vn -0.2563 -0.9651 0.0540
vn 0.5763 0.6456 0.5010
vn 0.6771 0.5200 -0.5207
vn -0.3239 0.8721 0.3667
vn 0.5713 0.3548 -0.7401
vn 0.4580 0.7409 -0.4912
vn 0.8699 0.4399 -0.2229
vn 0.7453 0.2609 -0.6136
vn 0.7392 -0.6735 0.0025
vn 0.8577 -0.3688 -0.3583
vn 0.5850 0.1349 0.7997
vn 0.9197 0.3774 -0.1079
vn 0.7454 0.5762 -0.3351
vn 0.8948 0.1139 -0.4317
vn 0.7320 0.4825 -0.4810
vn 0.6014 0.6283 -0.4935
vn 0.4591 -0.8058 0.3741
vn 0.4031 -0.8948 0.1920
vn 0.4126 -0.8128 0.4112
vn 0.4580 0.7409 -0.4912
vn 0.7905 0.4819 -0.3779
vn 0.8699 0.4399 -0.2229
vn 0.6201 0.4751 -0.6242
vn 0.8375 0.3800 -0.3927
vn 0.9108 0.4105 -0.0430
vn 0.4818 0.6771 -0.5562
vn 0.6106 0.7878 -0.0808
vn 0.8208 0.3943 -0.4132
vn 0.8375 0.3800 -0.3927
vn 0.6201 0.4751 -0.6242
vn 0.8611 -0.4781 0.1729
vn 0.9859 -0.1663 -0.0197
vn 0.8375 0.3800 -0.3927
vn 0.8611 -0.4781 0.1729
vn 0.8942 0.4469 0.0271
vn 0.6106 0.7878 -0.0808
vn 0.4601 0.8874 -0.0287
vn 0.7453 0.2609 -0.6136
vn 0.6737 0.3107 -0.6705
vn 0.8575 -0.2408 -0.4547
vn 0.7373 0.4348 -0.5170
vn 0.8575 -0.2408 -0.4547
vn 0.6737 0.3107 -0.6705
vn 0.9593 0.2169 0.1811
vn 0.5850 0.1349 0.7997
vn 0.6967 0.4937 0.5204
vn 0.9593 0.2169 0.1811
vn 0.6967 0.4937 0.5204
vn 0.7361 0.5407 0.4071
vn 0.3921 0.8997 0.1919
vn 0.7361 0.5407 0.4071
vn 0.6967 0.4937 0.5204
vn 0.9108 0.4105 -0.0430
vn 0.9911 -0.0747 -0.1104
vn 0.6201 0.4751 -0.6242
vn 0.7373 0.4348 -0.5170
vn -0.4088 0.4447 -0.7969
vn 0.8575 -0.2408 -0.4547
vn 0.7151 -0.5010 -0.4874
vn -0.0159 -0.9665 0.2562
vn 0.1465 -0.7461 -0.6495
vn 0.4580 0.7409 -0.4912
vn 0.5713 0.3548 -0.7401
vn 0.7151 -0.5010 -0.4874
vn 0.3921 0.8997 0.1919
vn 0.3475 0.6572 0.6688
vn 0.7361 0.5407 0.4071
vn 0.6973 0.4281 -0.5749
vn 0.7905 0.4819 -0.3779
vn 0.4580 0.7409 -0.4912
vn 0.6973 0.4281 -0.5749
vn 0.4580 0.7409 -0.4912
vn 0.7218 0.6553 -0.2225
vn 0.5426 0.5830 -0.6047
vn 0.6737 0.3107 -0.6705
vn 0.6014 0.6283 -0.4935
vn 0.8575 -0.2408 -0.4547
vn 0.1112 -0.9707 0.2131
vn 0.4126 -0.8128 0.4112
vn 0.5850 0.1349 0.7997
vn 0.7454 0.5762 -0.3351
vn 0.5994 0.4767 0.6430
vn 0.8575 -0.2408 -0.4547
vn 0.4126 -0.8128 0.4112
vn 0.4031 -0.8948 0.1920
vn 0.5932 0.6272 -0.5047
vn 0.9574 0.0836 -0.2763
vn 0.9108 0.4105 -0.0430
vn 0.8208 0.3943 -0.4132
vn 0.9574 0.0836 -0.2763
vn 0.4818 0.6771 -0.5562
vn 0.4888 -0.5247 -0.6970
vn 0.6489 0.5074 -0.5670
vn 0.4580 0.7409 -0.4912
vn 0.4888 -0.5247 -0.6970
vn 0.4580 0.7409 -0.4912
vn 0.7151 -0.5010 -0.4874
vn 0.6201 0.4751 -0.6242
vn 0.9911 -0.0747 -0.1104
vn 0.8611 -0.4781 0.1729
vn 0.1112 -0.9707 0.2131
vn -0.2563 -0.9651 0.0540
vn -0.1047 -0.9943 -0.0180
vn 0.5932 0.6272 -0.5047
vn 0.9108 0.4105 -0.0430
vn 0.7218 0.6553 -0.2225
vn 0.7001 0.3497 -0.6226
vn 0.9574 0.0836 -0.2763
vn 0.5932 0.6272 -0.5047
vn 0.4031 -0.8948 0.1920
vn 0.7392 -0.6735 0.0025
vn 0.8575 -0.2408 -0.4547
vn 0.6106 0.7878 -0.0808
vn 0.3721 0.9206 -0.1186
vn 0.4601 0.8874 -0.0287
vn -0.1005 -0.9805 0.1688
vn -0.0159 -0.9665 0.2562
vn -0.2563 -0.9651 0.0540
vn 0.7151 -0.5010 -0.4874
vn -0.0397 -0.9308 -0.3635
vn 0.4888 -0.5247 -0.6970
vn 0.4601 0.8874 -0.0287
vn 0.4419 0.8664 0.2324
vn 0.7454 0.5762 -0.3351
vn 0.5426 0.5830 -0.6047
vn -0.5714 0.6575 -0.4911
vn 0.6737 0.3107 -0.6705
vn 0.7454 0.5762 -0.3351
vn 0.4419 0.8664 0.2324
vn 0.7040 0.6869 0.1804
vn 0.6489 0.5074 -0.5670
vn -0.4031 0.4144 -0.8159
vn 0.4580 0.7409 -0.4912
vn 0.4888 -0.5247 -0.6970
vn -0.4123 -0.5717 -0.7093
vn 0.6489 0.5074 -0.5670
vn 0.6014 0.6283 -0.4935
vn -0.4378 0.6159 -0.6550
vn 0.5426 0.5830 -0.6047
vn 0.7373 0.4348 -0.5170
vn 0.6737 0.3107 -0.6705
vn -0.4088 0.4447 -0.7969
vn 0.9574 0.0836 -0.2763
vn 0.7001 0.3497 -0.6226
vn 0.4818 0.6771 -0.5562
vn 0.3475 0.6572 0.6688
vn 0.3921 0.8997 0.1919
vn 0.6967 0.4937 0.5204
vn 0.5617 -0.7712 0.2997
vn -0.0060 -0.9792 0.2026
vn 0.2165 -0.6337 0.7427
vn 0.4888 -0.5247 -0.6970
vn -0.0397 -0.9308 -0.3635
vn -0.4123 -0.5717 -0.7093
vn 0.1465 -0.7461 -0.6495
vn -0.0159 -0.9665 0.2562
vn -0.1005 -0.9805 0.1688
vn -0.0060 -0.9792 0.2026
vn 0.5617 -0.7712 0.2997
vn -0.1358 -0.9749 0.1763
vn 0.5426 0.5830 -0.6047
vn -0.4378 0.6159 -0.6550
vn -0.5714 0.6575 -0.4911
vn 0.5994 0.4767 0.6430
vn 0.7040 0.6869 0.1804
vn 0.3479 0.4267 0.8348
vn 0.1112 -0.9707 0.2131
vn -0.1005 -0.9805 0.1688
vn -0.2563 -0.9651 0.0540
vn 0.6106 0.7878 -0.0808
vn 0.4818 0.6771 -0.5562
vn 0.3721 0.9206 -0.1186
vn -0.0397 -0.9308 -0.3635
vn 0.7151 -0.5010 -0.4874
vn -0.1005 -0.9805 0.1688
vn 0.7040 0.6869 0.1804
vn 0.5994 0.4767 0.6430
vn 0.7454 0.5762 -0.3351
vn 0.3721 0.9206 -0.1186
vn 0.4818 0.6771 -0.5562
vn 0.6642 0.4644 -0.5857
vn 0.5850 0.1349 0.7997
vn 0.5994 0.4767 0.6430
vn 0.3479 0.4267 0.8348
vn 0.4601 0.8874 -0.0287
vn 0.3721 0.9206 -0.1186
vn 0.4419 0.8664 0.2324
vn 0.7151 -0.5010 -0.4874
vn 0.1465 -0.7461 -0.6495
vn 0.0221 -0.7145 0.6993
vn 0.6737 0.3107 -0.6705
vn -0.5714 0.6575 -0.4911
vn -0.4439 0.5941 -0.6708
vn 0.3721 0.9206 -0.1186
vn 0.5233 0.6105 0.5945
vn 0.4419 0.8664 0.2324
vn 0.6737 0.3107 -0.6705
vn -0.4439 0.5941 -0.6708
vn -0.4088 0.4447 -0.7969
vn -0.4088 0.4447 -0.7969
vn -0.2802 -0.2197 -0.9345
vn 0.8575 -0.2408 -0.4547
vn 0.6967 0.4937 0.5204
vn 0.4331 0.7445 0.5081
vn 0.3475 0.6572 0.6688
vn 0.3909 0.3071 -0.8677
vn 0.6771 0.5200 -0.5207
vn 0.9211 -0.1877 -0.3411
vn -0.4378 0.6159 -0.6550
vn -0.4439 0.5941 -0.6708
vn -0.5714 0.6575 -0.4911
vn -0.1005 -0.9805 0.1688
vn 0.7151 -0.5010 -0.4874
vn 0.0221 -0.7145 0.6993
vn 0.6863 0.7266 0.0326
vn 0.4706 0.4992 0.7275
vn 0.7040 0.6869 0.1804
vn 0.1675 -0.8467 -0.5050
vn -0.0397 -0.9308 -0.3635
vn -0.1005 -0.9805 0.1688
vn -0.1005 -0.9805 0.1688
vn 0.0221 -0.7145 0.6993
vn 0.1465 -0.7461 -0.6495
vn 0.7040 0.6869 0.1804
vn 0.4706 0.4992 0.7275
vn 0.3479 0.4267 0.8348
vn 0.0221 -0.7145 0.6993
vn 0.1675 -0.8467 -0.5050
vn -0.1005 -0.9805 0.1688
vn -0.4088 0.4447 -0.7969
vn -0.4439 0.5941 -0.6708
vn -0.2802 -0.2197 -0.9345
vn 0.0218 0.9330 0.3592
vn -0.3956 0.7780 0.4881
vn -0.3239 0.8721 0.3667
vn 0.5850 0.1349 0.7997
vn 0.3479 0.4267 0.8348
vn 0.6967 0.4937 0.5204
vn -0.1005 -0.9805 0.1688
vn 0.1112 -0.9707 0.2131
vn 0.2391 -0.8357 0.4944
vn 0.6642 0.4644 -0.5857
vn 0.4818 0.6771 -0.5562
vn -0.1411 0.7733 -0.6181
vn 0.6642 0.4644 -0.5857
vn -0.1411 0.7733 -0.6181
vn -0.3253 0.6196 -0.7143
vn 0.1304 0.9796 0.1529
vn 0.7040 0.6869 0.1804
vn 0.4419 0.8664 0.2324
vn -0.4123 -0.5717 -0.7093
vn -0.4031 0.4144 -0.8159
vn 0.6489 0.5074 -0.5670
vn -0.2018 0.9557 -0.2143
vn 0.3721 0.9206 -0.1186
vn 0.6642 0.4644 -0.5857
vn 0.8575 -0.2408 -0.4547
vn -0.2802 -0.2197 -0.9345
vn 0.5917 -0.0626 -0.8037
vn 0.7040 0.6869 0.1804
vn 0.1304 0.9796 0.1529
vn 0.6863 0.7266 0.0326
vn 0.4419 0.8664 0.2324
vn 0.5233 0.6105 0.5945
vn 0.1304 0.9796 0.1529
vn 0.3721 0.9206 -0.1186
vn -0.2018 0.9557 -0.2143
vn 0.5233 0.6105 0.5945
vn 0.8563 0.4540 0.2462
vn 0.3475 0.6572 0.6688
vn 0.4331 0.7445 0.5081
vn -0.3239 0.8721 0.3667
vn -0.8713 0.2275 0.4348
vn 0.0218 0.9330 0.3592
vn 0.5233 0.6105 0.5945
vn -0.2018 0.9557 -0.2143
vn 0.1304 0.9796 0.1529
vn 0.4818 0.6771 -0.5562
vn 0.7001 0.3497 -0.6226
vn -0.1411 0.7733 -0.6181
vn 0.6967 0.4937 0.5204
vn 0.3479 0.4267 0.8348
vn 0.4331 0.7445 0.5081
vn -0.3956 0.7780 0.4881
vn 0.0218 0.9330 0.3592
vn -0.8713 0.2275 0.4348
vn 0.3909 0.3071 -0.8677
vn 0.8563 0.4540 0.2462
vn 0.4331 0.7445 0.5081
vn 0.0221 -0.7145 0.6993
vn -0.1005 -0.9805 0.1688
vn -0.2821 -0.9381 0.2010
vn -0.5436 -0.1368 -0.8281
vn 0.1112 -0.9707 0.2131
vn 0.8575 -0.2408 -0.4547
vn -0.3239 0.8721 0.3667
vn 0.8973 0.4307 0.0969
vn -0.7131 0.6429 0.2795
vn 0.1675 -0.8467 -0.5050
vn 0.0221 -0.7145 0.6993
vn -0.2821 -0.9381 0.2010
vn 0.6771 0.5200 -0.5207
vn 0.8973 0.4307 0.0969
vn -0.3239 0.8721 0.3667
vn -0.2821 -0.9381 0.2010
vn -0.0397 -0.9308 -0.3635
vn 0.1675 -0.8467 -0.5050
vn -0.7131 0.6429 0.2795
vn -0.8713 0.2275 0.4348
vn -0.3239 0.8721 0.3667
vn -0.2821 -0.9381 0.2010
vn -0.1005 -0.9805 0.1688
vn 0.2391 -0.8357 0.4944
vn -0.1963 0.4449 -0.8738
vn 0.7001 0.3497 -0.6226
vn -0.4528 0.7021 -0.5496
vn 0.4331 0.7445 0.5081
vn 0.2466 0.7114 -0.6581
vn 0.5982 0.4347 0.6732
vn 0.3479 0.4267 0.8348
vn 0.2466 0.7114 -0.6581
vn 0.4331 0.7445 0.5081
vn -0.4123 -0.5717 -0.7093
vn -0.0397 -0.9308 -0.3635
vn -0.2821 -0.9381 0.2010
vn 0.4706 0.4992 0.7275
vn -0.6682 0.4805 0.5680
vn 0.3479 0.4267 0.8348
vn 0.0561 -0.9726 0.2256
vn -0.2821 -0.9381 0.2010
vn 0.2391 -0.8357 0.4944
vn -0.4123 -0.5717 -0.7093
vn -0.2821 -0.9381 0.2010
vn -0.5476 -0.5960 -0.5873
vn 0.6771 0.5200 -0.5207
vn 0.3909 0.3071 -0.8677
vn 0.8973 0.4307 0.0969
vn 0.6863 0.7266 0.0326
vn -0.6682 0.4805 0.5680
vn 0.4706 0.4992 0.7275
vn 0.5932 0.6272 -0.5047
vn -0.4528 0.7021 -0.5496
vn 0.7001 0.3497 -0.6226
vn 0.0561 -0.9726 0.2256
vn -0.5476 -0.5960 -0.5873
vn -0.2821 -0.9381 0.2010
vn -0.2018 0.9557 -0.2143
vn 0.6642 0.4644 -0.5857
vn -0.3253 0.6196 -0.7143
vn 0.7218 0.6553 -0.2225
vn 0.4580 0.7409 -0.4912
vn -0.5608 0.7192 -0.4101
vn -0.9587 -0.2385 -0.1547
vn 0.2165 -0.6337 0.7427
vn -0.0060 -0.9792 0.2026
vn 0.8575 -0.2408 -0.4547
vn 0.5917 -0.0626 -0.8037
vn -0.5436 -0.1368 -0.8281
vn -0.4031 0.4144 -0.8159
vn -0.5608 0.7192 -0.4101
vn 0.4580 0.7409 -0.4912
vn 0.4331 0.7445 0.5081
vn 0.6374 0.7701 0.0240
vn 0.3909 0.3071 -0.8677
vn 0.8973 0.4307 0.0969
vn 0.3909 0.3071 -0.8677
vn 0.2968 0.5622 -0.7719
vn 0.5917 -0.0626 -0.8037
vn -0.2802 -0.2197 -0.9345
vn -0.4439 0.5941 -0.6708
vn -0.4031 0.4144 -0.8159
vn -0.4123 -0.5717 -0.7093
vn -0.7137 0.0588 -0.6980
vn 0.5982 0.4347 0.6732
vn 0.2466 0.7114 -0.6581
vn 0.8973 0.4307 0.0969
vn 0.2968 0.5622 -0.7719
vn 0.3909 0.3071 -0.8677
vn 0.6374 0.7701 0.0240
vn 0.0561 -0.9726 0.2256
vn 0.2391 -0.8357 0.4944
vn -0.0586 -0.9968 0.0540
vn 0.1304 0.9796 0.1529
vn -0.2677 0.9632 0.0236
vn 0.6863 0.7266 0.0326
vn -0.6741 0.6749 -0.3002
vn -0.6652 0.7463 -0.0217
vn -0.8713 0.2275 0.4348
vn -0.5476 -0.5960 -0.5873
vn -0.7137 0.0588 -0.6980
vn -0.4123 -0.5717 -0.7093
vn -0.7131 0.6429 0.2795
vn 0.8973 0.4307 0.0969
vn -0.8713 0.2275 0.4348
vn 0.7819 0.6233 -0.0087
vn 0.8973 0.4307 0.0969
vn 0.2466 0.7114 -0.6581
vn 0.8973 0.4307 0.0969
vn 0.7819 0.6233 -0.0087
vn 0.8395 -0.2455 0.4847
vn 0.2391 -0.8357 0.4944
vn 0.3640 -0.7585 0.5405
vn -0.0586 -0.9968 0.0540
vn -0.5476 -0.5960 -0.5873
vn 0.0561 -0.9726 0.2256
vn -0.0586 -0.9968 0.0540
vn 0.3479 0.4267 0.8348
vn -0.2928 0.9318 -0.2143
vn 0.2466 0.7114 -0.6581
vn -0.6741 0.6749 -0.3002
vn -0.8713 0.2275 0.4348
vn 0.8973 0.4307 0.0969
vn -0.0586 -0.9968 0.0540
vn -0.4485 -0.3770 -0.8104
vn -0.5476 -0.5960 -0.5873
vn 0.8973 0.4307 0.0969
vn 0.2968 0.5622 -0.7719
vn -0.6741 0.6749 -0.3002
vn 0.5982 0.4347 0.6732
vn 0.8973 0.4307 0.0969
vn 0.8175 0.0431 0.5743
vn 0.2391 -0.8357 0.4944
vn 0.1112 -0.9707 0.2131
vn 0.2940 -0.9067 0.3024
vn -0.4528 0.7021 -0.5496
vn 0.5932 0.6272 -0.5047
vn 0.7218 0.6553 -0.2225
vn 0.4331 0.7445 0.5081
vn 0.8175 0.0431 0.5743
vn 0.6374 0.7701 0.0240
vn 0.5982 0.4347 0.6732
vn 0.8175 0.0431 0.5743
vn 0.4331 0.7445 0.5081
vn -0.0742 0.7184 0.6916
vn -0.6652 0.7463 -0.0217
vn -0.6741 0.6749 -0.3002
vn -0.4439 0.5941 -0.6708
vn 0.3804 0.6405 -0.6671
vn 0.5917 -0.0626 -0.8037
vn 0.1112 -0.9707 0.2131
vn -0.5436 -0.1368 -0.8281
vn 0.2940 -0.9067 0.3024
vn 0.7819 0.6233 -0.0087
vn 0.2466 0.7114 -0.6581
vn 0.5364 0.6082 -0.5851
vn 0.3024 -0.5346 0.7892
vn 0.2968 0.5622 -0.7719
vn 0.8395 -0.2455 0.4847
vn -0.5476 -0.5960 -0.5873
vn -0.6208 0.5701 -0.5382
vn -0.7137 0.0588 -0.6980
vn -0.7137 0.0588 -0.6980
vn -0.6449 0.4043 -0.6485
vn -0.4031 0.4144 -0.8159
vn 0.8973 0.4307 0.0969
vn 0.8395 -0.2455 0.4847
vn 0.8175 0.0431 0.5743
vn 0.5825 -0.6300 -0.5137
vn -0.4485 -0.3770 -0.8104
vn -0.0586 -0.9968 0.0540
vn -0.7137 0.0588 -0.6980
vn -0.6208 0.5701 -0.5382
vn -0.6449 0.4043 -0.6485
vn 0.2466 0.7114 -0.6581
vn -0.2928 0.9318 -0.2143
vn 0.4563 0.4138 -0.7877
vn 0.2968 0.5622 -0.7719
vn -0.2016 -0.5270 0.8256
vn -0.6741 0.6749 -0.3002
vn -0.6449 0.4043 -0.6485
vn -0.5608 0.7192 -0.4101
vn -0.4031 0.4144 -0.8159
vn 0.5825 -0.6300 -0.5137
vn -0.0586 -0.9968 0.0540
vn 0.1825 -0.6825 0.7078
vn -0.6741 0.6749 -0.3002
vn -0.2016 -0.5270 0.8256
vn -0.0742 0.7184 0.6916
vn 0.1304 0.9796 0.1529
vn -0.2018 0.9557 -0.2143
vn -0.2677 0.9632 0.0236
vn 0.8175 0.0431 0.5743
vn 0.8395 -0.2455 0.4847
vn 0.2968 0.5622 -0.7719
vn 0.2968 0.5622 -0.7719
vn 0.6374 0.7701 0.0240
vn 0.8175 0.0431 0.5743
vn 0.2968 0.5622 -0.7719
vn -0.2016 -0.5270 0.8256
vn 0.8395 -0.2455 0.4847
vn 0.8395 -0.2455 0.4847
vn -0.3208 -0.5067 0.8002
vn 0.3024 -0.5346 0.7892
vn -0.4485 -0.3770 -0.8104
vn 0.5825 -0.6300 -0.5137
vn -0.7428 -0.6419 -0.1901
vn 0.0000 0.0000 0.0000
vn 0.5917 -0.0626 -0.8037
vn 0.3804 0.6405 -0.6671
vn -0.4485 -0.3770 -0.8104
vn -0.6208 0.5701 -0.5382
vn -0.5476 -0.5960 -0.5873
vn 0.2968 0.5622 -0.7719
vn 0.3024 -0.5346 0.7892
vn -0.2016 -0.5270 0.8256
vn 0.0740 0.7796 -0.6218
vn 0.5364 0.6082 -0.5851
vn 0.2466 0.7114 -0.6581
vn 0.5364 0.6082 -0.5851
vn -0.5346 0.7969 -0.2813
vn 0.7819 0.6233 -0.0087
vn 0.1825 -0.6825 0.7078
vn -0.0586 -0.9968 0.0540
vn 0.3640 -0.7585 0.5405
vn 0.3804 0.6405 -0.6671
vn 0.0831 0.6880 -0.7209
vn 0.3642 0.8856 -0.2884
vn -0.7428 -0.6419 -0.1901
vn 0.5825 -0.6300 -0.5137
vn 0.1825 -0.6825 0.7078
vn 0.7819 0.6233 -0.0087
vn 0.4151 0.6634 0.6225
vn 0.8395 -0.2455 0.4847
vn 0.4151 0.6634 0.6225
vn 0.7797 0.2288 0.5828
vn 0.8395 -0.2455 0.4847
vn -0.2928 0.9318 -0.2143
vn 0.1683 0.2801 -0.9451
vn 0.4563 0.4138 -0.7877
vn 0.8395 -0.2455 0.4847
vn 0.7797 0.2288 0.5828
vn 0.5273 -0.4739 0.7052
vn 0.0000 0.0000 0.0000
vn 0.3804 0.6405 -0.6671
vn 0.5917 -0.0626 -0.8037
vn 0.2466 0.7114 -0.6581
vn 0.4563 0.4138 -0.7877
vn 0.0740 0.7796 -0.6218
vn 0.4908 0.6299 -0.6019
vn 0.5917 -0.0626 -0.8037
vn 0.3804 0.6405 -0.6671
vn -0.6208 0.5701 -0.5382
vn -0.4485 -0.3770 -0.8104
vn -0.6449 0.4043 -0.6485
vn 0.5063 0.5505 0.6638
vn 0.5273 -0.4739 0.7052
vn 0.7797 0.2288 0.5828
vn -0.2016 -0.5270 0.8256
vn 0.2400 0.9484 0.2074
vn -0.0742 0.7184 0.6916
vn -0.3208 -0.5067 0.8002
vn 0.8395 -0.2455 0.4847
vn 0.5273 -0.4739 0.7052
vn -0.0060 -0.9792 0.2026
vn -0.7007 -0.5593 0.4430
vn -0.9587 -0.2385 -0.1547
vn 0.7218 0.6553 -0.2225
vn -0.5608 0.7192 -0.4101
vn -0.4528 0.7021 -0.5496
vn -0.5346 0.7969 -0.2813
vn 0.5364 0.6082 -0.5851
vn 0.0740 0.7796 -0.6218
vn 0.3640 -0.7585 0.5405
vn 0.2391 -0.8357 0.4944
vn 0.2940 -0.9067 0.3024
vn -0.3208 -0.5067 0.8002
vn -0.2016 -0.5270 0.8256
vn 0.3024 -0.5346 0.7892
vn -0.0742 0.7184 0.6916
vn 0.2400 0.9484 0.2074
vn 0.3787 0.9231 -0.0674
vn 0.3804 0.6405 -0.6671
vn 0.3642 0.8856 -0.2884
vn -0.5255 0.7323 -0.4331
vn -0.4485 -0.3770 -0.8104
vn -0.4389 0.4452 -0.7805
vn -0.6449 0.4043 -0.6485
vn -0.2677 0.9632 0.0236
vn -0.6682 0.4805 0.5680
vn 0.6863 0.7266 0.0326
vn -0.6916 0.5571 0.4596
vn 0.4151 0.6634 0.6225
vn -0.5346 0.7969 -0.2813
vn -0.6084 -0.4109 0.6790
vn 0.5273 -0.4739 0.7052
vn 0.5063 0.5505 0.6638
vn -0.1963 0.4449 -0.8738
vn -0.1411 0.7733 -0.6181
vn 0.7001 0.3497 -0.6226
vn 0.5063 0.5505 0.6638
vn 0.7797 0.2288 0.5828
vn -0.6292 0.3094 0.7130
vn 0.4151 0.6634 0.6225
vn 0.7819 0.6233 -0.0087
vn -0.5346 0.7969 -0.2813
vn -0.6449 0.4043 -0.6485
vn -0.6527 0.2865 -0.7014
vn -0.5608 0.7192 -0.4101
vn -0.6288 -0.4775 -0.6137
vn -0.4389 0.4452 -0.7805
vn -0.4485 -0.3770 -0.8104
vn 0.0831 0.6880 -0.7209
vn -0.5255 0.7323 -0.4331
vn 0.3642 0.8856 -0.2884
vn 0.6863 0.3601 -0.6319
vn 0.3640 -0.7585 0.5405
vn 0.2940 -0.9067 0.3024
vn -0.2016 -0.5270 0.8256
vn -0.3208 -0.5067 0.8002
vn 0.2400 0.9484 0.2074
vn -0.6527 0.2865 -0.7014
vn -0.6449 0.4043 -0.6485
vn -0.6984 0.5819 -0.4167
vn -0.2018 0.9557 -0.2143
vn -0.3253 0.6196 -0.7143
vn -0.1411 0.7733 -0.6181
vn 0.5917 -0.0626 -0.8037
vn 0.4908 0.6299 -0.6019
vn -0.5436 -0.1368 -0.8281
vn 0.4563 0.4138 -0.7877
vn 0.1683 0.2801 -0.9451
vn 0.0740 0.7796 -0.6218
vn -0.6449 0.4043 -0.6485
vn -0.4389 0.4452 -0.7805
vn -0.6984 0.5819 -0.4167
vn -0.4485 -0.3770 -0.8104
vn -0.7428 -0.6419 -0.1901
vn 0.3640 -0.7585 0.5405
vn 0.4908 0.6299 -0.6019
vn 0.3804 0.6405 -0.6671
vn -0.7412 0.3591 -0.5672
vn -0.6916 0.5571 0.4596
vn 0.7797 0.2288 0.5828
vn 0.4151 0.6634 0.6225
vn 0.3640 -0.7585 0.5405
vn -0.7428 -0.6419 -0.1901
vn 0.1825 -0.6825 0.7078
vn -0.4528 0.7021 -0.5496
vn -0.9162 0.0742 -0.3937
vn -0.1963 0.4449 -0.8738
vn -0.4528 0.7021 -0.5496
vn -0.5608 0.7192 -0.4101
vn -0.9162 0.0742 -0.3937
vn 0.5273 -0.4739 0.7052
vn -0.6092 -0.3808 0.6956
vn -0.3208 -0.5067 0.8002
vn 0.0740 0.7796 -0.6218
vn -0.6604 0.7491 -0.0517
vn -0.5346 0.7969 -0.2813
vn 0.0740 0.7796 -0.6218
vn 0.1683 0.2801 -0.9451
vn -0.3859 0.5907 -0.7086
vn -0.4485 -0.3770 -0.8104
vn 0.3640 -0.7585 0.5405
vn -0.6893 -0.6002 0.4057
vn -0.9771 -0.0977 -0.1888
vn -0.9162 0.0742 -0.3937
vn -0.4364 0.5804 -0.6875
vn -0.2018 0.9557 -0.2143
vn -0.5842 0.6918 -0.4245
vn -0.3700 0.9178 -0.1439
vn -0.6292 0.3094 0.7130
vn -0.6084 -0.4109 0.6790
vn 0.5063 0.5505 0.6638
vn -0.4969 0.3208 -0.8063
vn -0.1963 0.4449 -0.8738
vn -0.9162 0.0742 -0.3937
vn -0.9771 -0.0977 -0.1888
vn -0.7099 -0.6462 -0.2802
vn -0.9162 0.0742 -0.3937
vn 0.1935 -0.9239 0.3301
vn 0.2940 -0.9067 0.3024
vn -0.1735 -0.7101 -0.6824
vn -0.4182 0.8342 -0.3595
vn -0.2018 0.9557 -0.2143
vn -0.1411 0.7733 -0.6181
vn -0.1963 0.4449 -0.8738
vn -0.6095 0.6328 -0.4776
vn -0.1411 0.7733 -0.6181
vn -0.4485 -0.3770 -0.8104
vn -0.6893 -0.6002 0.4057
vn -0.6288 -0.4775 -0.6137
vn 0.2940 -0.9067 0.3024
vn 0.1935 -0.9239 0.3301
vn 0.6863 0.3601 -0.6319
vn -0.5436 -0.1368 -0.8281
vn -0.1735 -0.7101 -0.6824
vn 0.2940 -0.9067 0.3024
vn 0.1935 -0.9239 0.3301
vn 0.5763 -0.6659 0.4737
vn 0.6863 0.3601 -0.6319
vn 0.3640 -0.7585 0.5405
vn 0.6863 0.3601 -0.6319
vn -0.6893 -0.6002 0.4057
vn 0.3804 0.6405 -0.6671
vn -0.5255 0.7323 -0.4331
vn -0.7412 0.3591 -0.5672
vn -0.3208 -0.5067 0.8002
vn -0.6092 -0.3808 0.6956
vn 0.2400 0.9484 0.2074
vn 0.7797 0.2288 0.5828
vn -0.6916 0.5571 0.4596
vn -0.6292 0.3094 0.7130
vn -0.6527 0.2865 -0.7014
vn -0.9162 0.0742 -0.3937
vn -0.5608 0.7192 -0.4101
vn -0.6527 0.2865 -0.7014
vn -0.4364 0.5804 -0.6875
vn -0.9162 0.0742 -0.3937
vn 0.5273 -0.4739 0.7052
vn -0.6084 -0.4109 0.6790
vn -0.6092 -0.3808 0.6956
vn -0.4182 0.8342 -0.3595
vn -0.5842 0.6918 -0.4245
vn -0.2018 0.9557 -0.2143
vn -0.3700 0.9178 -0.1439
vn -0.2677 0.9632 0.0236
vn -0.2018 0.9557 -0.2143
vn 0.6863 0.3601 -0.6319
vn 0.5763 -0.6659 0.4737
vn -0.6893 -0.6002 0.4057
vn 0.4908 0.6299 -0.6019
vn -0.7412 0.3591 -0.5672
vn -0.5436 -0.1368 -0.8281
vn -0.7099 -0.6462 -0.2802
vn -0.9771 -0.0977 -0.1888
vn -0.5351 -0.8392 0.0970
vn -0.5692 0.4220 0.7057
vn -0.2928 0.9318 -0.2143
vn 0.3479 0.4267 0.8348
vn -0.6292 0.3094 0.7130
vn -0.5346 0.7969 -0.2813
vn -0.6604 0.7491 -0.0517
vn -0.4389 0.4452 -0.7805
vn -0.6893 -0.6002 0.4057
vn -0.6984 0.5819 -0.4167
vn -0.2928 0.9318 -0.2143
vn -0.3859 0.5907 -0.7086
vn 0.1683 0.2801 -0.9451
vn -0.1648 0.9168 0.3637
vn -0.2928 0.9318 -0.2143
vn -0.5692 0.4220 0.7057
vn 0.3479 0.4267 0.8348
vn -0.6682 0.4805 0.5680
vn -0.5692 0.4220 0.7057
vn -0.6292 0.3094 0.7130
vn -0.6604 0.7491 -0.0517
vn -0.6092 -0.3808 0.6956
vn -0.5346 0.7969 -0.2813
vn -0.6292 0.3094 0.7130
vn -0.6916 0.5571 0.4596
vn 0.1935 -0.9239 0.3301
vn -0.0048 -0.9987 -0.0502
vn 0.4138 -0.8196 0.3963
vn -0.4364 0.5804 -0.6875
vn -0.5351 -0.8392 0.0970
vn -0.9771 -0.0977 -0.1888
vn -0.2928 0.9318 -0.2143
vn -0.1648 0.9168 0.3637
vn -0.5025 0.7634 -0.4058
vn -0.6095 0.6328 -0.4776
vn -0.1963 0.4449 -0.8738
vn -0.4969 0.3208 -0.8063
vn -0.5436 -0.1368 -0.8281
vn -0.7412 0.3591 -0.5672
vn -0.7299 0.2274 -0.6446
vn 0.1935 -0.9239 0.3301
vn -0.6893 -0.6002 0.4057
vn 0.5763 -0.6659 0.4737
vn -0.6893 -0.6002 0.4057
vn -0.4389 0.4452 -0.7805
vn -0.6288 -0.4775 -0.6137
vn -0.5436 -0.1368 -0.8281
vn -0.5030 -0.6978 -0.5100
vn -0.1735 -0.7101 -0.6824
vn -0.0048 -0.9987 -0.0502
vn 0.1935 -0.9239 0.3301
vn -0.1735 -0.7101 -0.6824
vn -0.6292 0.3094 0.7130
vn -0.6092 -0.3808 0.6956
vn -0.6084 -0.4109 0.6790
vn -0.6527 0.2865 -0.7014
vn -0.6984 0.5819 -0.4167
vn -0.4364 0.5804 -0.6875
vn -0.2928 0.9318 -0.2143
vn -0.5025 0.7634 -0.4058
vn -0.8354 -0.2579 -0.4853
vn -0.6984 0.5819 -0.4167
vn -0.6893 -0.6002 0.4057
vn -0.3854 -0.4291 -0.8169
vn -0.6095 0.6328 -0.4776
vn -0.4182 0.8342 -0.3595
vn -0.1411 0.7733 -0.6181
vn -0.6270 -0.5299 -0.5711
vn -0.5351 -0.8392 0.0970
vn -0.8989 0.0810 -0.4307
vn 0.4269 0.6742 0.6027
vn -0.6604 0.7491 -0.0517
vn 0.0740 0.7796 -0.6218
vn -0.0060 -0.9792 0.2026
vn -0.6801 -0.7258 -0.1030
vn -0.4917 -0.8589 -0.1432
vn -0.5351 -0.8392 0.0970
vn -0.4364 0.5804 -0.6875
vn -0.8989 0.0810 -0.4307
vn -0.6092 -0.3808 0.6956
vn -0.9378 -0.1030 0.3316
vn 0.2400 0.9484 0.2074
vn -0.9378 -0.1030 0.3316
vn -0.2645 0.7304 0.6297
vn 0.2400 0.9484 0.2074
vn -0.0048 -0.9987 -0.0502
vn -0.1735 -0.7101 -0.6824
vn -0.5030 -0.6978 -0.5100
vn -0.8354 -0.2579 -0.4853
vn -0.3859 0.5907 -0.7086
vn -0.2928 0.9318 -0.2143
vn -0.0060 -0.9792 0.2026
vn -0.4917 -0.8589 -0.1432
vn -0.5614 -0.4760 -0.6769
vn -0.6604 0.7491 -0.0517
vn 0.4269 0.6742 0.6027
vn -0.6092 -0.3808 0.6956
vn -0.1736 0.3244 -0.9299
vn -0.5436 -0.1368 -0.8281
vn -0.7299 0.2274 -0.6446
vn -0.4969 0.3208 -0.8063
vn -0.9162 0.0742 -0.3937
vn -0.7099 -0.6462 -0.2802
vn -0.5436 -0.1368 -0.8281
vn -0.1736 0.3244 -0.9299
vn -0.5030 -0.6978 -0.5100
vn -0.6092 -0.3808 0.6956
vn 0.4269 0.6742 0.6027
vn 0.3564 -0.2454 0.9015
vn -0.7007 -0.5593 0.4430
vn -0.0060 -0.9792 0.2026
vn -0.5614 -0.4760 -0.6769
vn -0.1648 0.9168 0.3637
vn -0.9947 0.0309 0.0985
vn -0.5025 0.7634 -0.4058
vn -0.9378 -0.1030 0.3316
vn -0.9947 0.0309 0.0985
vn -0.2645 0.7304 0.6297
vn 0.4370 0.8749 -0.2087
vn 0.2400 0.9484 0.2074
vn -0.2645 0.7304 0.6297
vn 0.3564 -0.2454 0.9015
vn -0.9378 -0.1030 0.3316
vn -0.6092 -0.3808 0.6956
vn 0.1935 -0.9239 0.3301
vn 0.4138 -0.8196 0.3963
vn -0.6893 -0.6002 0.4057
vn -0.6893 -0.6002 0.4057
vn 0.4138 -0.8196 0.3963
vn -0.3854 -0.4291 -0.8169
vn 0.0740 0.7796 -0.6218
vn -0.3859 0.5907 -0.7086
vn -0.5514 0.7622 0.3392
vn -0.5351 -0.8392 0.0970
vn -0.6270 -0.5299 -0.5711
vn -0.7099 -0.6462 -0.2802
vn -0.1736 0.3244 -0.9299
vn -0.8131 -0.5813 -0.0307
vn -0.5030 -0.6978 -0.5100
vn -0.9378 -0.1030 0.3316
vn -0.9727 -0.1881 -0.1358
vn -0.9947 0.0309 0.0985
vn 0.4138 -0.8196 0.3963
vn -0.0048 -0.9987 -0.0502
vn -0.3854 -0.4291 -0.8169
vn -0.7506 0.5628 -0.3462
vn -0.3700 0.9178 -0.1439
vn -0.5842 0.6918 -0.4245
vn -0.7412 0.3591 -0.5672
vn -0.7007 -0.5593 0.4430
vn -0.5614 -0.4760 -0.6769
vn -0.4969 0.3208 -0.8063
vn -0.7099 -0.6462 -0.2802
vn -0.8497 -0.4975 -0.1745
vn 0.2400 0.9484 0.2074
vn 0.4370 0.8749 -0.2087
vn 0.6514 0.7583 0.0263
vn -0.6470 -0.6914 -0.3216
vn -0.0048 -0.9987 -0.0502
vn -0.5030 -0.6978 -0.5100
vn -0.7099 -0.6462 -0.2802
vn -0.6270 -0.5299 -0.5711
vn -0.8497 -0.4975 -0.1745
vn -0.5614 -0.4760 -0.6769
vn -0.7299 0.2274 -0.6446
vn -0.7412 0.3591 -0.5672
vn -0.9378 -0.1030 0.3316
vn 0.3564 -0.2454 0.9015
vn -0.6562 -0.3409 0.6732
vn -0.7299 0.2274 -0.6446
vn -0.2246 0.4666 -0.8555
vn -0.1736 0.3244 -0.9299
vn -0.5025 0.7634 -0.4058
vn -0.9947 0.0309 0.0985
vn -0.8354 -0.2579 -0.4853
vn -0.5514 0.7622 0.3392
vn -0.3859 0.5907 -0.7086
vn -0.8354 -0.2579 -0.4853
vn -0.1736 0.3244 -0.9299
vn -0.2246 0.4666 -0.8555
vn -0.3835 0.2221 -0.8964
vn -0.3700 0.9178 -0.1439
vn -0.7506 0.5628 -0.3462
vn -0.2677 0.9632 0.0236
vn 0.4269 0.6742 0.6027
vn -0.6562 -0.3409 0.6732
vn 0.3564 -0.2454 0.9015
vn 0.0740 0.7796 -0.6218
vn -0.5514 0.7622 0.3392
vn 0.4269 0.6742 0.6027
vn -0.4969 0.3208 -0.8063
vn -0.8497 -0.4975 -0.1745
vn -0.6095 0.6328 -0.4776
vn -0.5514 0.7622 0.3392
vn -0.8354 -0.2579 -0.4853
vn -0.9727 -0.1881 -0.1358
vn -0.8354 -0.2579 -0.4853
vn -0.9947 0.0309 0.0985
vn -0.9727 -0.1881 -0.1358
vn -0.8579 0.2648 -0.4403
vn -0.6984 0.5819 -0.4167
vn -0.3854 -0.4291 -0.8169
vn -0.5736 -0.3512 -0.7400
vn -0.8131 -0.5813 -0.0307
vn -0.1736 0.3244 -0.9299
vn -0.8131 -0.5813 -0.0307
vn -0.6470 -0.6914 -0.3216
vn -0.5030 -0.6978 -0.5100
vn -0.8989 0.0810 -0.4307
vn -0.7600 0.3226 -0.5642
vn -0.6270 -0.5299 -0.5711
vn -0.5080 0.4841 0.7125
vn -0.2645 0.7304 0.6297
vn -0.9947 0.0309 0.0985
vn -0.7299 0.2274 -0.6446
vn -0.5614 -0.4760 -0.6769
vn -0.2246 0.4666 -0.8555
vn -0.4364 0.5804 -0.6875
vn -0.6984 0.5819 -0.4167
vn -0.8579 0.2648 -0.4403
vn -0.7506 0.5628 -0.3462
vn -0.5692 0.4220 0.7057
vn -0.2677 0.9632 0.0236
vn -0.2677 0.9632 0.0236
vn -0.5692 0.4220 0.7057
vn -0.6682 0.4805 0.5680
vn -0.5614 -0.4760 -0.6769
vn -0.4917 -0.8589 -0.1432
vn -0.5696 -0.3718 -0.7330
vn -0.5614 -0.4760 -0.6769
vn -0.5696 -0.3718 -0.7330
vn -0.2246 0.4666 -0.8555
vn -0.6470 -0.6914 -0.3216
vn -0.8131 -0.5813 -0.0307
vn -0.8813 -0.4718 -0.0283
vn -0.8497 -0.4975 -0.1745
vn -0.6270 -0.5299 -0.5711
vn -0.8672 0.0142 -0.4977
vn -0.6562 -0.3409 0.6732
vn 0.4269 0.6742 0.6027
vn -0.5514 0.7622 0.3392
vn -0.9378 -0.1030 0.3316
vn -0.6562 -0.3409 0.6732
vn -0.9727 -0.1881 -0.1358
vn -0.5736 -0.3512 -0.7400
vn -0.8813 -0.4718 -0.0283
vn -0.8131 -0.5813 -0.0307
vn -0.0048 -0.9987 -0.0502
vn -0.8813 -0.4718 -0.0283
vn -0.3854 -0.4291 -0.8169
vn -0.7506 0.5628 -0.3462
vn -0.5370 0.8428 0.0361
vn -0.5692 0.4220 0.7057
vn -0.4485 -0.7490 0.4877
vn -0.4917 -0.8589 -0.1432
vn -0.8236 -0.4771 0.3068
vn -0.4485 -0.7490 0.4877
vn -0.8236 -0.4771 0.3068
vn -0.8528 -0.3972 -0.3390
vn -0.8989 0.0810 -0.4307
vn -0.4364 0.5804 -0.6875
vn -0.5125 0.6089 -0.6055
vn -0.6095 0.6328 -0.4776
vn -0.8300 0.5181 0.2065
vn -0.4182 0.8342 -0.3595
vn -0.0048 -0.9987 -0.0502
vn -0.6470 -0.6914 -0.3216
vn -0.8813 -0.4718 -0.0283
vn -0.5842 0.6918 -0.4245
vn -0.4182 0.8342 -0.3595
vn -0.7506 0.5628 -0.3462
vn 0.8882 0.4026 -0.2213
vn 0.4370 0.8749 -0.2087
vn -0.1266 0.5675 -0.8136
vn -0.9271 0.3561 -0.1168
vn -0.7506 0.5628 -0.3462
vn -0.4182 0.8342 -0.3595
vn -0.1736 0.3244 -0.9299
vn -0.3835 0.2221 -0.8964
vn -0.5736 -0.3512 -0.7400
vn -0.5736 -0.3512 -0.7400
vn -0.3835 0.2221 -0.8964
vn -0.4512 0.6390 -0.6230
vn 0.4370 0.8749 -0.2087
vn -0.2645 0.7304 0.6297
vn -0.6962 0.3248 -0.6402
vn 0.4370 0.8749 -0.2087
vn -0.6962 0.3248 -0.6402
vn -0.1266 0.5675 -0.8136
vn -0.8300 0.5181 0.2065
vn -0.9271 0.3561 -0.1168
vn -0.4182 0.8342 -0.3595
vn -0.5692 0.4220 0.7057
vn -0.6510 0.4526 0.6094
vn -0.1648 0.9168 0.3637
vn -0.5696 -0.3718 -0.7330
vn -0.3835 0.2221 -0.8964
vn -0.2246 0.4666 -0.8555
vn -0.6562 -0.3409 0.6732
vn -0.5514 0.7622 0.3392
vn -0.9727 -0.1881 -0.1358
vn -0.4364 0.5804 -0.6875
vn -0.8579 0.2648 -0.4403
vn -0.5125 0.6089 -0.6055
vn -0.4917 -0.8589 -0.1432
vn -0.4485 -0.7490 0.4877
vn -0.5696 -0.3718 -0.7330
vn -0.8989 0.0810 -0.4307
vn -0.5125 0.6089 -0.6055
vn -0.7600 0.3226 -0.5642
vn -0.8672 0.0142 -0.4977
vn -0.6270 -0.5299 -0.5711
vn -0.7600 0.3226 -0.5642
vn -0.6424 0.5873 0.4923
vn -0.2645 0.7304 0.6297
vn -0.5080 0.4841 0.7125
vn -0.8672 0.0142 -0.4977
vn -0.6095 0.6328 -0.4776
vn -0.8497 -0.4975 -0.1745
vn -0.2645 0.7304 0.6297
vn -0.6424 0.5873 0.4923
vn -0.6962 0.3248 -0.6402
vn 0.8882 0.4026 -0.2213
vn -0.1266 0.5675 -0.8136
vn -0.6962 0.3248 -0.6402
vn -0.4485 -0.7490 0.4877
vn -0.8528 -0.3972 -0.3390
vn -0.5696 -0.3718 -0.7330
vn -0.6190 0.7833 0.0573
vn -0.1648 0.9168 0.3637
vn -0.6510 0.4526 0.6094
vn -0.6095 0.6328 -0.4776
vn -0.8672 0.0142 -0.4977
vn -0.8300 0.5181 0.2065
vn -0.7600 0.3226 -0.5642
vn -0.5125 0.6089 -0.6055
vn -0.9476 -0.2547 -0.1929
vn -0.8579 0.2648 -0.4403
vn -0.9476 -0.2547 -0.1929
vn -0.5125 0.6089 -0.6055
vn -0.8813 -0.4718 -0.0283
vn -0.5736 -0.3512 -0.7400
vn -0.9476 -0.2547 -0.1929
vn -0.8579 0.2648 -0.4403
vn -0.3854 -0.4291 -0.8169
vn -0.8813 -0.4718 -0.0283
vn -0.6190 0.7833 0.0573
vn -0.5080 0.4841 0.7125
vn -0.9947 0.0309 0.0985
vn -0.6510 0.4526 0.6094
vn -0.5692 0.4220 0.7057
vn -0.7914 0.3450 0.5047
vn -0.9096 0.1504 -0.3874
vn -0.8912 0.1924 -0.4108
vn -0.9271 0.3561 -0.1168
vn -0.6722 0.7214 0.1666
vn -0.9096 0.1504 -0.3874
vn -0.9271 0.3561 -0.1168
vn -0.6190 0.7833 0.0573
vn -0.9947 0.0309 0.0985
vn -0.1648 0.9168 0.3637
vn -0.9476 -0.2547 -0.1929
vn -0.8579 0.2648 -0.4403
vn -0.8813 -0.4718 -0.0283
vn -0.9128 -0.1299 -0.3872
vn -0.3835 0.2221 -0.8964
vn -0.5696 -0.3718 -0.7330
vn -0.5736 -0.3512 -0.7400
vn -0.9594 -0.0295 -0.2803
vn -0.8409 -0.3054 -0.4468
vn -0.7506 0.5628 -0.3462
vn -0.9271 0.3561 -0.1168
vn -0.8912 0.1924 -0.4108
vn -0.7506 0.5628 -0.3462
vn -0.8912 0.1924 -0.4108
vn -0.5370 0.8428 0.0361
vn -0.4512 0.6390 -0.6230
vn -0.9594 -0.0295 -0.2803
vn -0.5736 -0.3512 -0.7400
vn -0.5696 -0.3718 -0.7330
vn -0.8528 -0.3972 -0.3390
vn -0.9128 -0.1299 -0.3872
vn -0.9271 0.3561 -0.1168
vn -0.8300 0.5181 0.2065
vn -0.6722 0.7214 0.1666
vn -0.8300 0.5181 0.2065
vn -0.8672 0.0142 -0.4977
vn -0.6722 0.7214 0.1666
vn -0.9096 0.1504 -0.3874
vn -0.6722 0.7214 0.1666
vn -0.7736 0.6317 0.0504
vn -0.7914 0.3450 0.5047
vn -0.5692 0.4220 0.7057
vn -0.5370 0.8428 0.0361
vn -0.6962 0.3248 -0.6402
vn -0.6424 0.5873 0.4923
vn -0.5224 0.5096 -0.6837
vn -0.5370 0.8428 0.0361
vn -0.8912 0.1924 -0.4108
vn -0.8397 0.5180 0.1630
vn 0.7157 0.2522 -0.6512
vn -0.5224 0.5096 -0.6837
vn -0.6424 0.5873 0.4923
vn -0.7997 0.4897 0.3474
vn -0.7058 0.6957 0.1339
vn -0.6510 0.4526 0.6094
vn -0.5080 0.4841 0.7125
vn -0.6804 0.2671 0.6825
vn -0.6424 0.5873 0.4923
vn -0.5736 -0.3512 -0.7400
vn -0.8409 -0.3054 -0.4468
vn -0.9476 -0.2547 -0.1929
vn -0.8672 0.0142 -0.4977
vn -0.7600 0.3226 -0.5642
vn -0.8409 -0.3054 -0.4468
vn -0.9096 0.1504 -0.3874
vn -0.0004 -0.1746 -0.9846
vn -0.8912 0.1924 -0.4108
vn -0.5224 0.5096 -0.6837
vn -0.0170 0.8178 -0.5753
vn -0.6962 0.3248 -0.6402
vn -0.3835 0.2221 -0.8964
vn -0.9128 -0.1299 -0.3872
vn -0.4512 0.6390 -0.6230
vn -0.8672 0.0142 -0.4977
vn -0.8409 -0.3054 -0.4468
vn -0.7736 0.6317 0.0504
vn -0.7058 0.6957 0.1339
vn -0.6190 0.7833 0.0573
vn -0.6510 0.4526 0.6094
vn -0.9476 -0.2547 -0.1929
vn -0.8409 -0.3054 -0.4468
vn -0.7600 0.3226 -0.5642
vn -0.8528 -0.3972 -0.3390
vn -0.5591 -0.7131 -0.4229
vn -0.7017 -0.5006 -0.5070
vn -0.5370 0.8428 0.0361
vn -0.8397 0.5180 0.1630
vn -0.7488 0.5377 0.3876
vn -0.6510 0.4526 0.6094
vn -0.7914 0.3450 0.5047
vn -0.7488 0.5377 0.3876
vn -0.6722 0.7214 0.1666
vn -0.8672 0.0142 -0.4977
vn -0.7736 0.6317 0.0504
vn -0.6190 0.7833 0.0573
vn -0.6804 0.2671 0.6825
vn -0.5080 0.4841 0.7125
vn -0.7488 0.5377 0.3876
vn -0.7914 0.3450 0.5047
vn -0.5370 0.8428 0.0361
vn -0.6510 0.4526 0.6094
vn -0.7488 0.5377 0.3876
vn -0.7997 0.4897 0.3474
vn -0.6190 0.7833 0.0573
vn -0.7058 0.6957 0.1339
vn -0.6056 0.7221 0.3343
vn -0.4512 0.6390 -0.6230
vn -0.9128 -0.1299 -0.3872
vn -0.9594 -0.0295 -0.2803
vn -0.8397 0.5180 0.1630
vn -0.6736 0.4213 0.6073
vn -0.7488 0.5377 0.3876
vn -0.9096 0.1504 -0.3874
vn -0.7736 0.6317 0.0504
vn -0.9599 0.1012 -0.2615
vn -0.0004 -0.1746 -0.9846
vn -0.9096 0.1504 -0.3874
vn -0.8827 0.2937 -0.3669
vn -0.8397 0.5180 0.1630
vn -0.8827 0.2937 -0.3669
vn -0.6736 0.4213 0.6073
vn -0.7358 -0.3038 -0.6053
vn -0.9594 -0.0295 -0.2803
vn -0.8528 -0.3972 -0.3390
vn -0.6804 0.2671 0.6825
vn -0.6056 0.7221 0.3343
vn -0.5531 0.7332 0.3957
vn -0.7997 0.4897 0.3474
vn -0.7488 0.5377 0.3876
vn -0.7058 0.6957 0.1339
vn -0.7358 -0.3038 -0.6053
vn -0.8528 -0.3972 -0.3390
vn -0.7017 -0.5006 -0.5070
vn -0.6056 0.7221 0.3343
vn -0.6804 0.2671 0.6825
vn -0.6190 0.7833 0.0573
vn -0.8528 -0.3972 -0.3390
vn -0.9594 -0.0295 -0.2803
vn -0.9128 -0.1299 -0.3872
vn -0.9599 0.1012 -0.2615
vn -0.8999 0.1566 -0.4070
vn -0.9096 0.1504 -0.3874
vn -0.8508 0.5145 0.1070
vn -0.6058 -0.3215 -0.7278
vn -0.9599 0.1012 -0.2615
vn -0.9594 -0.0295 -0.2803
vn -0.7358 -0.3038 -0.6053
vn -0.8181 -0.1983 -0.5398
vn -0.8912 0.1924 -0.4108
vn -0.0004 -0.1746 -0.9846
vn -0.8827 0.2937 -0.3669
vn -0.7736 0.6317 0.0504
vn -0.8409 -0.3054 -0.4468
vn -0.9594 -0.0295 -0.2803
vn -0.8397 0.5180 0.1630
vn -0.8912 0.1924 -0.4108
vn -0.8827 0.2937 -0.3669
vn -0.7017 -0.5006 -0.5070
vn -0.7082 -0.4147 -0.5714
vn -0.7358 -0.3038 -0.6053
vn -0.6424 0.5873 0.4923
vn -0.6804 0.2671 0.6825
vn -0.5531 0.7332 0.3957
vn -0.6072 -0.4045 -0.6839
vn -0.8999 0.1566 -0.4070
vn -0.9599 0.1012 -0.2615
vn -0.9096 0.1504 -0.3874
vn -0.8999 0.1566 -0.4070
vn -0.8827 0.2937 -0.3669
vn -0.9599 0.1012 -0.2615
vn -0.9716 0.2327 -0.0418
vn -0.8508 0.5145 0.1070
vn -0.6668 0.5015 0.5513
vn -0.6056 0.7221 0.3343
vn -0.7058 0.6957 0.1339
vn -0.9594 -0.0295 -0.2803
vn -0.8181 -0.1983 -0.5398
vn -0.7736 0.6317 0.0504
vn -0.6668 0.5015 0.5513
vn -0.7058 0.6957 0.1339
vn -0.7488 0.5377 0.3876
vn -0.6058 -0.3215 -0.7278
vn -0.8508 0.5145 0.1070
vn -0.8906 0.0903 -0.4456
vn -0.7358 -0.3038 -0.6053
vn -0.5961 -0.4331 -0.6761
vn -0.8181 -0.1983 -0.5398
vn -0.7488 0.5377 0.3876
vn -0.6736 0.4213 0.6073
vn -0.8999 0.1566 -0.4070
vn -0.9599 0.1012 -0.2615
vn -0.7736 0.6317 0.0504
vn -0.9716 0.2327 -0.0418
vn -0.8827 0.2937 -0.3669
vn -0.8999 0.1566 -0.4070
vn -0.6736 0.4213 0.6073
vn -0.8181 -0.1983 -0.5398
vn -0.9716 0.2327 -0.0418
vn -0.7736 0.6317 0.0504
vn -0.7488 0.5377 0.3876
vn -0.7385 0.6739 -0.0231
vn -0.6668 0.5015 0.5513
vn -0.7385 0.6739 -0.0231
vn -0.7488 0.5377 0.3876
vn -0.8999 0.1566 -0.4070
vn -0.9716 0.2327 -0.0418
vn -0.8181 -0.1983 -0.5398
vn -0.5961 -0.4331 -0.6761
vn -0.6058 -0.3215 -0.7278
vn -0.6072 -0.4045 -0.6839
vn -0.9599 0.1012 -0.2615
vn -0.6668 0.5015 0.5513
vn -0.7385 0.6739 -0.0231
vn -0.8591 0.3061 0.4102
vn -0.9716 0.2327 -0.0418
vn -0.9104 0.2575 0.3238
vn -0.8508 0.5145 0.1070
vn -0.6072 -0.4045 -0.6839
vn -0.6058 -0.3215 -0.7278
vn -0.8317 -0.0545 -0.5525
vn -0.8999 0.1566 -0.4070
vn -0.8377 0.4390 0.3250
vn -0.7385 0.6739 -0.0231
vn -0.8591 0.3061 0.4102
vn -0.6056 0.7221 0.3343
vn -0.6668 0.5015 0.5513
vn -0.8377 0.4390 0.3250
vn -0.8999 0.1566 -0.4070
vn -0.6072 -0.4045 -0.6839
vn -0.6058 -0.3215 -0.7278
vn -0.5684 -0.3116 -0.7615
vn -0.8317 -0.0545 -0.5525
vn -0.7385 0.6739 -0.0231
vn -0.8377 0.4390 0.3250
vn -0.8591 0.3061 0.4102
vn -0.8317 -0.0545 -0.5525
vn -0.8377 0.4390 0.3250
vn -0.6072 -0.4045 -0.6839
vn -0.8377 0.4390 0.3250
vn -0.8317 -0.0545 -0.5525
vn -0.9583 0.2481 0.1416
vn 0.0000 1.0000 0.0000
vn 0.0000 1.0000 0.0000
vn 0.0000 1.0000 0.0000
vn 0.0000 1.0000 0.0000
vn 0.0000 1.0000 0.0000
vn 0.0000 1.0000 0.0000
vn 0.0000 1.0000 0.0000
vn 0.0000 1.0000 0.0000
vn 0.0000 1.0000 0.0000
vn 0.0000 1.0000 0.0000
vn 0.0000 1.0000 0.0000
vn 0.0000 1.0000 0.0000
vn 0.0000 1.0000 0.0000
vn 0.0000 1.0000 0.0000
vn 0.0000 1.0000 0.0000
vn 0.0000 1.0000 0.0000
vn 0.0000 1.0000 0.0000
vn 0.0000 1.0000 0.0000
vn 0.0000 1.0000 0.0000
vn 0.0000 1.0000 0.0000
vn 0.0000 1.0000 0.0000
vn 0.0000 1.0000 0.0000
vn 0.0000 1.0000 0.0000
vn 0.0000 1.0000 0.0000
vn 0.0000 1.0000 0.0000
vn 0.0000 1.0000 0.0000
vn 0.0000 1.0000 0.0000
vn 0.0000 1.0000 0.0000
vn 0.0000 1.0000 0.0000
vn 0.0000 1.0000 0.0000
vn 0.0000 1.0000 0.0000
vn 0.0000 1.0000 0.0000
vn 0.0000 1.0000 0.0000
vn 0.0000 1.0000 0.0000
vn 0.0000 1.0000 0.0000
vn 0.0000 1.0000 0.0000
vn 0.0000 1.0000 0.0000
vn 0.0000 1.0000 0.0000
vn 0.0000 1.0000 0.0000
vn 0.0000 1.0000 0.0000
vn 0.0000 1.0000 0.0000
vn 0.0000 1.0000 0.0000
vn 0.0000 1.0000 0.0000
vn 0.0000 1.0000 0.0000
vn 0.0000 1.0000 0.0000
vn 0.0000 1.0000 0.0000
vn 0.0000 1.0000 0.0000
vn 0.0000 1.0000 0.0000
vn 0.0000 1.0000 0.0000
vn 0.0000 1.0000 0.0000
vn 0.0000 1.0000 0.0000
vn 0.0000 1.0000 0.0000
vn 0.0000 1.0000 0.0000
vn 0.0000 1.0000 0.0000
vn 0.0000 1.0000 0.0000
vn 0.0000 1.0000 0.0000
vn 0.0000 1.0000 0.0000
vn 0.0000 1.0000 0.0000
vn 0.0000 1.0000 0.0000
vn 0.0000 1.0000 0.0000
vn 0.0000 1.0000 0.0000
vn 0.0000 1.0000 0.0000
vn 0.0000 1.0000 0.0000
vn 0.0000 1.0000 0.0000
vn 0.0000 1.0000 0.0000
vn 0.0000 1.0000 0.0000
vn 0.0000 1.0000 0.0000
vn 0.0000 1.0000 0.0000
f 1/1/1 2/2/2 3/3/3
f 4/4/4 5/5/5 6/6/6
f 7/7/7 8/8/8 9/9/9
f 10/10/10 11/11/11 12/12/12
f 13/13/13 14/14/14 15/15/15
f 16/16/16 17/17/17 18/18/18
f 19/19/19 20/20/20 21/21/21
f 22/22/22 23/23/23 24/24/24
f 25/25/25 26/26/26 27/27/27
f 28/28/28 29/29/29 30/30/30
f 31/31/31 32/32/32 33/33/33
f 34/34/34 35/35/35 36/36/36
f 37/37/37 38/38/38 39/39/39
f 40/40/40 41/41/41 42/42/42
f 43/43/43 44/44/44 45/45/45
f 46/46/46 47/47/47 48/48/48
f 49/49/49 50/50/50 51/51/51
f 52/52/52 53/53/53 54/54/54
f 55/55/55 56/56/56 57/57/57
f 58/58/58 59/59/59 60/60/60
f 61/61/61 62/62/62 63/63/63
f 64/64/64 65/65/65 66/66/66
f 67/67/67 68/68/68 69/69/69
f 70/70/70 71/71/71 72/72/72
f 73/73/73 74/74/74 75/75/75
f 76/76/76 77/77/77 78/78/78
f 79/79/79 80/80/80 81/81/81
f 82/82/82 83/83/83 84/84/84
f 85/85/85 86/86/86 87/87/87
f 88/88/88 89/89/89 90/90/90
f 91/91/91 92/92/92 93/93/93
f 94/94/94 95/95/95 96/96/96
f 97/97/97 98/98/98 99/99/99
f 100/100/100 101/101/101 102/102/102
f 103/103/103 104/104/104 105/105/105
f 106/106/106 107/107/107 108/108/108
f 109/109/109 110/110/110 111/111/111
f 112/112/112 113/113/113 114/114/114
f 115/115/115 116/116/116 117/117/117
f 118/118/118 119/119/119 120/120/120
f 121/121/121 122/122/122 123/123/123
f 124/124/124 125/125/125 126/126/126
f 127/127/127 128/128/128 129/129/129
f 130/130/130 131/131/131 132/132/132
f 133/133/133 134/134/134 135/135/135
f 136/136/136 137/137/137 138/138/138
f 139/139/139 140/140/140 141/141/141
f 142/142/142 143/143/143 144/144/144
f 145/145/145 146/146/146 147/147/147
f 148/148/148 149/149/149 150/150/150
f 151/151/151 152/152/152 153/153/153
f 154/154/154 155/155/155 156/156/156
f 157/157/157 158/158/158 159/159/159
f 160/160/160 161/161/161 162/162/162
f 163/163/163 164/164/164 165/165/165
f 166/166/166 167/167/167 168/168/168
f 169/169/169 170/170/170 171/171/171
f 172/172/172 173/173/173 174/174/174
f 175/175/175 176/176/176 177/177/177
f 178/178/178 179/179/179 180/180/180
f 181/181/181 182/182/182 183/183/183
f 184/184/184 185/185/185 186/186/186
f 187/187/187 188/188/188 189/189/189
f 190/190/190 191/191/191 192/192/192
f 193/193/193 194/194/194 195/195/195
f 196/196/196 197/197/197 198/198/198
f 199/199/199 200/200/200 201/201/201
f 202/202/202 203/203/203 204/204/204
f 205/205/205 206/206/206 207/207/207
f 208/208/208 209/209/209 210/210/210
f 211/211/211 212/212/212 213/213/213
f 214/214/214 215/215/215 216/216/216
f 217/217/217 218/218/218 219/219/219
f 220/220/220 221/221/221 222/222/222
f 223/223/223 224/224/224 225/225/225
f 226/226/226 227/227/227 228/228/228
f 229/229/229 230/230/230 231/231/231
f 232/232/232 233/233/233 234/234/234
f 235/235/235 236/236/236 237/237/237
f 238/238/238 239/239/239 240/240/240
f 241/241/241 242/242/242 243/243/243
f 244/244/244 245/245/245 246/246/246
f 247/247/247 248/248/248 249/249/249
f 250/250/250 251/251/251 252/252/252
f 253/253/253 254/254/254 255/255/255
f 256/256/256 257/257/257 258/258/258
f 259/259/259 260/260/260 261/261/261
f 262/262/262 263/263/263 264/264/264
f 265/265/265 266/266/266 267/267/267
f 268/268/268 269/269/269 270/270/270
f 271/271/271 272/272/272 273/273/273
f 274/274/274 275/275/275 276/276/276
f 277/277/277 278/278/278 279/279/279
f 280/280/280 281/281/281 282/282/282
f 283/283/283 284/284/284 285/285/285
f 286/286/286 287/287/287 288/288/288
f 289/289/289 290/290/290 291/291/291
f 292/292/292 293/293/293 294/294/294
f 295/295/295 296/296/296 297/297/297
f 298/298/298 299/299/299 300/300/300
f 301/301/301 302/302/302 303/303/303
f 304/304/304 305/305/305 306/306/306
f 307/307/307 308/308/308 309/309/309
f 310/310/310 311/311/311 312/312/312
f 313/313/313 314/314/314 315/315/315
f 316/316/316 317/317/317 318/318/318
f 319/319/319 320/320/320 321/321/321
f 322/322/322 323/323/323 324/324/324
f 325/325/325 326/326/326 327/327/327
f 328/328/328 329/329/329 330/330/330
f 331/331/331 332/332/332 333/333/333
f 334/334/334 335/335/335 336/336/336
f 337/337/337 338/338/338 339/339/339
f 340/340/340 341/341/341 342/342/342
f 343/343/343 344/344/344 345/345/345
f 346/346/346 347/347/347 348/348/348
f 349/349/349 350/350/350 351/351/351
f 352/352/352 353/353/353 354/354/354
f 355/355/355 356/356/356 357/357/357
f 358/358/358 359/359/359 360/360/360
f 361/361/361 362/362/362 363/363/363
f 364/364/364 365/365/365 366/366/366
f 367/367/367 368/368/368 369/369/369
f 370/370/370 371/371/371 372/372/372
f 373/373/373 374/374/374 375/375/375
f 376/376/376 377/377/377 378/378/378
f 379/379/379 380/380/380 381/381/381
f 382/382/382 383/383/383 384/384/384
f 385/385/385 386/386/386 387/387/387
f 388/388/388 389/389/389 390/390/390
f 391/391/391 392/392/392 393/393/393
f 394/394/394 395/395/395 396/396/396
f 397/397/397 398/398/398 399/399/399
f 400/400/400 401/401/401 402/402/402
f 403/403/403 404/404/404 405/405/405
f 406/406/406 407/407/407 408/408/408
f 409/409/409 410/410/410 411/411/411
f 412/412/412 413/413/413 414/414/414
f 415/415/415 416/416/416 417/417/417
f 418/418/418 419/419/419 420/420/420
f 421/421/421 422/422/422 423/423/423
f 424/424/424 425/425/425 426/426/426
f 427/427/427 428/428/428 429/429/429
f 430/430/430 431/431/431 432/432/432
f 433/433/433 434/434/434 435/435/435
f 436/436/436 437/437/437 438/438/438
f 439/439/439 440/440/440 441/441/441
f 442/442/442 443/443/443 444/444/444
f 445/445/445 446/446/446 447/447/447
f 448/448/448 449/449/449 450/450/450
f 451/451/451 452/452/452 453/453/453
f 454/454/454 455/455/455 456/456/456
f 457/457/457 458/458/458 459/459/459
f 460/460/460 461/461/461 462/462/462
f 463/463/463 464/464/464 465/465/465
f 466/466/466 467/467/467 468/468/468
f 469/469/469 470/470/470 471/471/471
f 472/472/472 473/473/473 474/474/474
f 475/475/475 476/476/476 477/477/477
f 478/478/478 479/479/479 480/480/480
f 481/481/481 482/482/482 483/483/483
f 484/484/484 485/485/485 486/486/486
f 487/487/487 488/488/488 489/489/489
f 490/490/490 491/491/491 492/492/492
f 493/493/493 494/494/494 495/495/495
f 496/496/496 497/497/497 498/498/498
f 499/499/499 500/500/500 501/501/501
f 502/502/502 503/503/503 504/504/504
f 505/505/505 506/506/506 507/507/507
f 508/508/508 509/509/509 510/510/510
f 511/511/511 512/512/512 513/513/513
f 514/514/514 515/515/515 516/516/516
f 517/517/517 518/518/518 519/519/519
f 520/520/520 521/521/521 522/522/522
f 523/523/523 524/524/524 525/525/525
f 526/526/526 527/527/527 528/528/528
f 529/529/529 530/530/530 531/531/531
f 532/532/532 533/533/533 534/534/534
f 535/535/535 536/536/536 537/537/537
f 538/538/538 539/539/539 540/540/540
f 541/541/541 542/542/542 543/543/543
f 544/544/544 545/545/545 546/546/546
f 547/547/547 548/548/548 549/549/549
f 550/550/550 551/551/551 552/552/552
f 553/553/553 554/554/554 555/555/555
f 556/556/556 557/557/557 558/558/558
f 559/559/559 560/560/560 561/561/561
f 562/562/562 563/563/563 564/564/564
f 565/565/565 566/566/566 567/567/567
f 568/568/568 569/569/569 570/570/570
f 571/571/571 572/572/572 573/573/573
f 574/574/574 575/575/575 576/576/576
f 577/577/577 578/578/578 579/579/579
f 580/580/580 581/581/581 582/582/582
f 583/583/583 584/584/584 585/585/585
f 586/586/586 587/587/587 588/588/588
f 589/589/589 590/590/590 591/591/591
f 592/592/592 593/593/593 594/594/594
f 595/595/595 596/596/596 597/597/597
f 598/598/598 599/599/599 600/600/600
f 601/601/601 602/602/602 603/603/603
f 604/604/604 605/605/605 606/606/606
f 607/607/607 608/608/608 609/609/609
f 610/610/610 611/611/611 612/612/612
f 613/613/613 614/614/614 615/615/615
f 616/616/616 617/617/617 618/618/618
f 619/619/619 620/620/620 621/621/621
f 622/622/622 623/623/623 624/624/624
f 625/625/625 626/626/626 627/627/627
f 628/628/628 629/629/629 630/630/630
f 631/631/631 632/632/632 633/633/633
f 634/634/634 635/635/635 636/636/636
f 637/637/637 638/638/638 639/639/639
f 640/640/640 641/641/641 642/642/642
f 643/643/643 644/644/644 645/645/645
f 646/646/646 647/647/647 648/648/648
f 649/649/649 650/650/650 651/651/651
f 652/652/652 653/653/653 654/654/654
f 655/655/655 656/656/656 657/657/657
f 658/658/658 659/659/659 660/660/660
f 661/661/661 662/662/662 663/663/663
f 664/664/664 665/665/665 666/666/666
f 667/667/667 668/668/668 669/669/669
f 670/670/670 671/671/671 672/672/672
f 673/673/673 674/674/674 675/675/675
f 676/676/676 677/677/677 678/678/678
f 679/679/679 680/680/680 681/681/681
f 682/682/682 683/683/683 684/684/684
f 685/685/685 686/686/686 687/687/687
f 688/688/688 689/689/689 690/690/690
f 691/691/691 692/692/692 693/693/693
f 694/694/694 695/695/695 696/696/696
f 697/697/697 698/698/698 699/699/699
f 700/700/700 701/701/701 702/702/702
f 703/703/703 704/704/704 705/705/705
f 706/706/706 707/707/707 708/708/708
f 709/709/709 710/710/710 711/711/711
f 712/712/712 713/713/713 714/714/714
f 715/715/715 716/716/716 717/717/717
f 718/718/718 719/719/719 720/720/720
f 721/721/721 722/722/722 723/723/723
f 724/724/724 725/725/725 726/726/726
f 727/727/727 728/728/728 729/729/729
f 730/730/730 731/731/731 732/732/732
f 733/733/733 734/734/734 735/735/735
f 736/736/736 737/737/737 738/738/738
f 739/739/739 740/740/740 741/741/741
f 742/742/742 743/743/743 744/744/744
f 745/745/745 746/746/746 747/747/747
f 748/748/748 749/749/749 750/750/750
f 751/751/751 752/752/752 753/753/753
f 754/754/754 755/755/755 756/756/756
f 757/757/757 758/758/758 759/759/759
f 760/760/760 761/761/761 762/762/762
f 763/763/763 764/764/764 765/765/765
f 766/766/766 767/767/767 768/768/768
f 769/769/769 770/770/770 771/771/771
f 772/772/772 773/773/773 774/774/774
f 775/775/775 776/776/776 777/777/777
f 778/778/778 779/779/779 780/780/780
f 781/781/781 782/782/782 783/783/783
f 784/784/784 785/785/785 786/786/786
f 787/787/787 788/788/788 789/789/789
f 790/790/790 791/791/791 792/792/792
f 793/793/793 794/794/794 795/795/795
f 796/796/796 797/797/797 798/798/798
f 799/799/799 800/800/800 801/801/801
f 802/802/802 803/803/803 804/804/804
f 805/805/805 806/806/806 807/807/807
f 808/808/808 809/809/809 810/810/810
f 811/811/811 812/812/812 813/813/813
f 814/814/814 815/815/815 816/816/816
f 817/817/817 818/818/818 819/819/819
f 820/820/820 821/821/821 822/822/822
f 823/823/823 824/824/824 825/825/825
f 826/826/826 827/827/827 828/828/828
f 829/829/829 830/830/830 831/831/831
f 832/832/832 833/833/833 834/834/834
f 835/835/835 836/836/836 837/837/837
f 838/838/838 839/839/839 840/840/840
f 841/841/841 842/842/842 843/843/843
f 844/844/844 845/845/845 846/846/846
f 847/847/847 848/848/848 849/849/849
f 850/850/850 851/851/851 852/852/852
f 853/853/853 854/854/854 855/855/855
f 856/856/856 857/857/857 858/858/858
f 859/859/859 860/860/860 861/861/861
f 862/862/862 863/863/863 864/864/864
f 865/865/865 866/866/866 867/867/867
f 868/868/868 869/869/869 870/870/870
f 871/871/871 872/872/872 873/873/873
f 874/874/874 875/875/875 876/876/876
f 877/877/877 878/878/878 879/879/879
f 880/880/880 881/881/881 882/882/882
f 883/883/883 884/884/884 885/885/885
f 886/886/886 887/887/887 888/888/888
f 889/889/889 890/890/890 891/891/891
f 892/892/892 893/893/893 894/894/894
f 895/895/895 896/896/896 897/897/897
f 898/898/898 899/899/899 900/900/900
f 901/901/901 902/902/902 903/903/903
f 904/904/904 905/905/905 906/906/906
f 907/907/907 908/908/908 909/909/909
f 910/910/910 911/911/911 912/912/912
f 913/913/913 914/914/914 915/915/915
f 916/916/916 917/917/917 918/918/918
f 919/919/919 920/920/920 921/921/921
f 922/922/922 923/923/923 924/924/924
f 925/925/925 926/926/926 927/927/927
f 928/928/928 929/929/929 930/930/930
f 931/931/931 932/932/932 933/933/933
f 934/934/934 935/935/935 936/936/936
f 937/937/937 938/938/938 939/939/939
f 940/940/940 941/941/941 942/942/942
f 943/943/943 944/944/944 945/945/945
f 946/946/946 947/947/947 948/948/948
f 949/949/949 950/950/950 951/951/951
f 952/952/952 953/953/953 954/954/954
f 955/955/955 956/956/956 957/957/957
f 958/958/958 959/959/959 960/960/960
f 961/961/961 962/962/962 963/963/963
f 964/964/964 965/965/965 966/966/966
f 967/967/967 968/968/968 969/969/969
f 970/970/970 971/971/971 972/972/972
f 973/973/973 974/974/974 975/975/975
f 976/976/976 977/977/977 978/978/978
f 979/979/979 980/980/980 981/981/981
f 982/982/982 983/983/983 984/984/984
f 985/985/985 986/986/986 987/987/987
f 988/988/988 989/989/989 990/990/990
f 991/991/991 992/992/992 993/993/993
f 994/994/994 995/995/995 996/996/996
f 997/997/997 998/998/998 999/999/999
f 1000/1000/1000 1001/1001/1001 1002/1002/1002
f 1003/1003/1003 1004/1004/1004 1005/1005/1005
f 1006/1006/1006 1007/1007/1007 1008/1008/1008
f 1009/1009/1009 1010/1010/1010 1011/1011/1011
f 1012/1012/1012 1013/1013/1013 1014/1014/1014
f 1015/1015/1015 1016/1016/1016 1017/1017/1017
f 1018/1018/1018 1019/1019/1019 1020/1020/1020
f 1021/1021/1021 1022/1022/1022 1023/1023/1023
f 1024/1024/1024 1025/1025/1025 1026/1026/1026
f 1027/1027/1027 1028/1028/1028 1029/1029/1029
f 1030/1030/1030 1031/1031/1031 1032/1032/1032
f 1033/1033/1033 1034/1034/1034 1035/1035/1035
f 1036/1036/1036 1037/1037/1037 1038/1038/1038
f 1039/1039/1039 1040/1040/1040 1041/1041/1041
f 1042/1042/1042 1043/1043/1043 1044/1044/1044
f 1045/1045/1045 1046/1046/1046 1047/1047/1047
f 1048/1048/1048 1049/1049/1049 1050/1050/1050
f 1051/1051/1051 1052/1052/1052 1053/1053/1053
f 1054/1054/1054 1055/1055/1055 1056/1056/1056
f 1057/1057/1057 1058/1058/1058 1059/1059/1059
f 1060/1060/1060 1061/1061/1061 1062/1062/1062
f 1063/1063/1063 1064/1064/1064 1065/1065/1065
f 1066/1066/1066 1067/1067/1067 1068/1068/1068
f 1069/1069/1069 1070/1070/1070 1071/1071/1071
f 1072/1072/1072 1073/1073/1073 1074/1074/1074
f 1075/1075/1075 1076/1076/1076 1077/1077/1077
f 1078/1078/1078 1079/1079/1079 1080/1080/1080
f 1081/1081/1081 1082/1082/1082 1083/1083/1083
f 1084/1084/1084 1085/1085/1085 1086/1086/1086
f 1087/1087/1087 1088/1088/1088 1089/1089/1089
f 1090/1090/1090 1091/1091/1091 1092/1092/1092
f 1093/1093/1093 1094/1094/1094 1095/1095/1095
f 1096/1096/1096 1097/1097/1097 1098/1098/1098
f 1099/1099/1099 1100/1100/1100 1101/1101/1101
f 1102/1102/1102 1103/1103/1103 1104/1104/1104
f 1105/1105/1105 1106/1106/1106 1107/1107/1107
f 1108/1108/1108 1109/1109/1109 1110/1110/1110
f 1111/1111/1111 1112/1112/1112 1113/1113/1113
f 1114/1114/1114 1115/1115/1115 1116/1116/1116
f 1117/1117/1117 1118/1118/1118 1119/1119/1119
f 1120/1120/1120 1121/1121/1121 1122/1122/1122
f 1123/1123/1123 1124/1124/1124 1125/1125/1125
f 1126/1126/1126 1127/1127/1127 1128/1128/1128
f 1129/1129/1129 1130/1130/1130 1131/1131/1131
f 1132/1132/1132 1133/1133/1133 1134/1134/1134
f 1135/1135/1135 1136/1136/1136 1137/1137/1137
f 1138/1138/1138 1139/1139/1139 1140/1140/1140
f 1141/1141/1141 1142/1142/1142 1143/1143/1143
f 1144/1144/1144 1145/1145/1145 1146/1146/1146
f 1147/1147/1147 1148/1148/1148 1149/1149/1149
f 1150/1150/1150 1151/1151/1151 1152/1152/1152
f 1153/1153/1153 1154/1154/1154 1155/1155/1155
f 1156/1156/1156 1157/1157/1157 1158/1158/1158
f 1159/1159/1159 1160/1160/1160 1161/1161/1161
f 1162/1162/1162 1163/1163/1163 1164/1164/1164
f 1165/1165/1165 1166/1166/1166 1167/1167/1167
f 1168/1168/1168 1169/1169/1169 1170/1170/1170
f 1171/1171/1171 1172/1172/1172 1173/1173/1173
f 1174/1174/1174 1175/1175/1175 1176/1176/1176
f 1177/1177/1177 1178/1178/1178 1179/1179/1179
f 1180/1180/1180 1181/1181/1181 1182/1182/1182
f 1183/1183/1183 1184/1184/1184 1185/1185/1185
f 1186/1186/1186 1187/1187/1187 1188/1188/1188
f 1189/1189/1189 1190/1190/1190 1191/1191/1191
f 1192/1192/1192 1193/1193/1193 1194/1194/1194
f 1195/1195/1195 1196/1196/1196 1197/1197/1197
f 1198/1198/1198 1199/1199/1199 1200/1200/1200
f 1201/1201/1201 1202/1202/1202 1203/1203/1203
f 1204/1204/1204 1205/1205/1205 1206/1206/1206
f 1207/1207/1207 1208/1208/1208 1209/1209/1209
f 1210/1210/1210 1211/1211/1211 1212/1212/1212
f 1213/1213/1213 1214/1214/1214 1215/1215/1215
f 1216/1216/1216 1217/1217/1217 1218/1218/1218
f 1219/1219/1219 1220/1220/1220 1221/1221/1221
f 1222/1222/1222 1223/1223/1223 1224/1224/1224
f 1225/1225/1225 1226/1226/1226 1227/1227/1227
f 1228/1228/1228 1229/1229/1229 1230/1230/1230
f 1231/1231/1231 1232/1232/1232 1233/1233/1233
f 1234/1234/1234 1235/1235/1235 1236/1236/1236
f 1237/1237/1237 1238/1238/1238 1239/1239/1239
f 1240/1240/1240 1241/1241/1241 1242/1242/1242
f 1243/1243/1243 1244/1244/1244 1245/1245/1245
f 1246/1246/1246 1247/1247/1247 1248/1248/1248
f 1249/1249/1249 1250/1250/1250 1251/1251/1251
f 1252/1252/1252 1253/1253/1253 1254/1254/1254
f 1255/1255/1255 1256/1256/1256 1257/1257/1257
f 1258/1258/1258 1259/1259/1259 1260/1260/1260
f 1261/1261/1261 1262/1262/1262 1263/1263/1263
f 1264/1264/1264 1265/1265/1265 1266/1266/1266
f 1267/1267/1267 1268/1268/1268 1269/1269/1269
f 1270/1270/1270 1271/1271/1271 1272/1272/1272
f 1273/1273/1273 1274/1274/1274 1275/1275/1275
f 1276/1276/1276 1277/1277/1277 1278/1278/1278
f 1279/1279/1279 1280/1280/1280 1281/1281/1281
f 1282/1282/1282 1283/1283/1283 1284/1284/1284
f 1285/1285/1285 1286/1286/1286 1287/1287/1287
f 1288/1288/1288 1289/1289/1289 1290/1290/1290
f 1291/1291/1291 1292/1292/1292 1293/1293/1293
f 1294/1294/1294 1295/1295/1295 1296/1296/1296
f 1297/1297/1297 1298/1298/1298 1299/1299/1299
f 1300/1300/1300 1301/1301/1301 1302/1302/1302
f 1303/1303/1303 1304/1304/1304 1305/1305/1305
f 1306/1306/1306 1307/1307/1307 1308/1308/1308
f 1309/1309/1309 1310/1310/1310 1311/1311/1311
f 1312/1312/1312 1313/1313/1313 1314/1314/1314
f 1315/1315/1315 1316/1316/1316 1317/1317/1317
f 1318/1318/1318 1319/1319/1319 1320/1320/1320
f 1321/1321/1321 1322/1322/1322 1323/1323/1323
f 1324/1324/1324 1325/1325/1325 1326/1326/1326
f 1327/1327/1327 1328/1328/1328 1329/1329/1329
f 1330/1330/1330 1331/1331/1331 1332/1332/1332
f 1333/1333/1333 1334/1334/1334 1335/1335/1335
f 1336/1336/1336 1337/1337/1337 1338/1338/1338
f 1339/1339/1339 1340/1340/1340 1341/1341/1341
f 1342/1342/1342 1343/1343/1343 1344/1344/1344
f 1345/1345/1345 1346/1346/1346 1347/1347/1347
f 1348/1348/1348 1349/1349/1349 1350/1350/1350
f 1351/1351/1351 1352/1352/1352 1353/1353/1353
f 1354/1354/1354 1355/1355/1355 1356/1356/1356
f 1357/1357/1357 1358/1358/1358 1359/1359/1359
f 1360/1360/1360 1361/1361/1361 1362/1362/1362
f 1363/1363/1363 1364/1364/1364 1365/1365/1365
f 1366/1366/1366 1367/1367/1367 1368/1368/1368
f 1369/1369/1369 1370/1370/1370 1371/1371/1371
f 1372/1372/1372 1373/1373/1373 1374/1374/1374
f 1375/1375/1375 1376/1376/1376 1377/1377/1377
f 1378/1378/1378 1379/1379/1379 1380/1380/1380
f 1381/1381/1381 1382/1382/1382 1383/1383/1383
f 1384/1384/1384 1385/1385/1385 1386/1386/1386
f 1387/1387/1387 1388/1388/1388 1389/1389/1389
f 1390/1390/1390 1391/1391/1391 1392/1392/1392
f 1393/1393/1393 1394/1394/1394 1395/1395/1395
f 1396/1396/1396 1397/1397/1397 1398/1398/1398
f 1399/1399/1399 1400/1400/1400 1401/1401/1401
f 1402/1402/1402 1403/1403/1403 1404/1404/1404
f 1405/1405/1405 1406/1406/1406 1407/1407/1407
f 1408/1408/1408 1409/1409/1409 1410/1410/1410
f 1411/1411/1411 1412/1412/1412 1413/1413/1413
f 1414/1414/1414 1415/1415/1415 1416/1416/1416
f 1417/1417/1417 1418/1418/1418 1419/1419/1419
f 1420/1420/1420 1421/1421/1421 1422/1422/1422
f 1423/1423/1423 1424/1424/1424 1425/1425/1425
f 1426/1426/1426 1427/1427/1427 1428/1428/1428
f 1429/1429/1429 1430/1430/1430 1431/1431/1431
f 1432/1432/1432 1433/1433/1433 1434/1434/1434
f 1435/1435/1435 1436/1436/1436 1437/1437/1437
f 1438/1438/1438 1439/1439/1439 1440/1440/1440
f 1441/1441/1441 1442/1442/1442 1443/1443/1443
f 1444/1444/1444 1445/1445/1445 1446/1446/1446
f 1447/1447/1447 1448/1448/1448 1449/1449/1449
f 1450/1450/1450 1451/1451/1451 1452/1452/1452
f 1453/1453/1453 1454/1454/1454 1455/1455/1455
f 1456/1456/1456 1457/1457/1457 1458/1458/1458
f 1459/1459/1459 1460/1460/1460 1461/1461/1461
f 1462/1462/1462 1463/1463/1463 1464/1464/1464
f 1465/1465/1465 1466/1466/1466 1467/1467/1467
f 1468/1468/1468 1469/1469/1469 1470/1470/1470
f 1471/1471/1471 1472/1472/1472 1473/1473/1473
f 1474/1474/1474 1475/1475/1475 1476/1476/1476
f 1477/1477/1477 1478/1478/1478 1479/1479/1479
f 1480/1480/1480 1481/1481/1481 1482/1482/1482
f 1483/1483/1483 1484/1484/1484 1485/1485/1485
f 1486/1486/1486 1487/1487/1487 1488/1488/1488
f 1489/1489/1489 1490/1490/1490 1491/1491/1491
f 1492/1492/1492 1493/1493/1493 1494/1494/1494
f 1495/1495/1495 1496/1496/1496 1497/1497/1497
f 1498/1498/1498 1499/1499/1499 1500/1500/1500
f 1501/1501/1501 1502/1502/1502 1503/1503/1503
f 1504/1504/1504 1505/1505/1505 1506/1506/1506
f 1507/1507/1507 1508/1508/1508 1509/1509/1509
f 1510/1510/1510 1511/1511/1511 1512/1512/1512
f 1513/1513/1513 1514/1514/1514 1515/1515/1515
f 1516/1516/1516 1517/1517/1517 1518/1518/1518
f 1519/1519/1519 1520/1520/1520 1521/1521/1521
f 1522/1522/1522 1523/1523/1523 1524/1524/1524
f 1525/1525/1525 1526/1526/1526 1527/1527/1527
f 1528/1528/1528 1529/1529/1529 1530/1530/1530
f 1531/1531/1531 1532/1532/1532 1533/1533/1533
f 1534/1534/1534 1535/1535/1535 1536/1536/1536
f 1537/1537/1537 1538/1538/1538 1539/1539/1539
f 1540/1540/1540 1541/1541/1541 1542/1542/1542
f 1543/1543/1543 1544/1544/1544 1545/1545/1545
f 1546/1546/1546 1547/1547/1547 1548/1548/1548
f 1549/1549/1549 1550/1550/1550 1551/1551/1551
f 1552/1552/1552 1553/1553/1553 1554/1554/1554
f 1555/1555/1555 1556/1556/1556 1557/1557/1557
f 1558/1558/1558 1559/1559/1559 1560/1560/1560
f 1561/1561/1561 1562/1562/1562 1563/1563/1563
f 1564/1564/1564 1565/1565/1565 1566/1566/1566
f 1564/1564/1564 1566/1566/1566 1565/1565/1565
f 1564/1564/1564 1566/1566/1566 1567/1567/1567
f 1564/1564/1564 1567/1567/1567 1566/1566/1566
f 1564/1564/1564 1567/1567/1567 1568/1568/1568
f 1564/1564/1564 1568/1568/1568 1567/1567/1567
f 1564/1564/1564 1568/1568/1568 1569/1569/1569
f 1564/1564/1564 1569/1569/1569 1568/1568/1568
f 1564/1564/1564 1569/1569/1569 1570/1570/1570
f 1564/1564/1564 1570/1570/1570 1569/1569/1569
f 1564/1564/1564 1570/1570/1570 1571/1571/1571
f 1564/1564/1564 1571/1571/1571 1570/1570/1570
f 1564/1564/1564 1571/1571/1571 1572/1572/1572
f 1564/1564/1564 1572/1572/1572 1571/1571/1571
f 1564/1564/1564 1572/1572/1572 1573/1573/1573
f 1564/1564/1564 1573/1573/1573 1572/1572/1572
f 1564/1564/1564 1573/1573/1573 1574/1574/1574
f 1564/1564/1564 1574/1574/1574 1573/1573/1573
f 1564/1564/1564 1574/1574/1574 1575/1575/1575
f 1564/1564/1564 1575/1575/1575 1574/1574/1574
f 1564/1564/1564 1575/1575/1575 1576/1576/1576
f 1564/1564/1564 1576/1576/1576 1575/1575/1575
f 1564/1564/1564 1576/1576/1576 1577/1577/1577
f 1564/1564/1564 1577/1577/1577 1576/1576/1576
f 1564/1564/1564 1577/1577/1577 1578/1578/1578
f 1564/1564/1564 1578/1578/1578 1577/1577/1577
f 1564/1564/1564 1578/1578/1578 1579/1579/1579
f 1564/1564/1564 1579/1579/1579 1578/1578/1578
f 1564/1564/1564 1579/1579/1579 1580/1580/1580
f 1564/1564/1564 1580/1580/1580 1579/1579/1579
f 1564/1564/1564 1580/1580/1580 1581/1581/1581
f 1564/1564/1564 1581/1581/1581 1580/1580/1580
f 1564/1564/1564 1581/1581/1581 1582/1582/1582
f 1564/1564/1564 1582/1582/1582 1581/1581/1581
f 1564/1564/1564 1582/1582/1582 1583/1583/1583
f 1564/1564/1564 1583/1583/1583 1582/1582/1582
f 1564/1564/1564 1583/1583/1583 1584/1584/1584
f 1564/1564/1564 1584/1584/1584 1583/1583/1583
f 1564/1564/1564 1584/1584/1584 1585/1585/1585
f 1564/1564/1564 1585/1585/1585 1584/1584/1584
f 1564/1564/1564 1585/1585/1585 1586/1586/1586
f 1564/1564/1564 1586/1586/1586 1585/1585/1585
f 1564/1564/1564 1586/1586/1586 1587/1587/1587
f 1564/1564/1564 1587/1587/1587 1586/1586/1586
f 1564/1564/1564 1587/1587/1587 1588/1588/1588
f 1564/1564/1564 1588/1588/1588 1587/1587/1587
f 1564/1564/1564 1588/1588/1588 1589/1589/1589
f 1564/1564/1564 1589/1589/1589 1588/1588/1588
f 1564/1564/1564 1589/1589/1589 1590/1590/1590
f 1564/1564/1564 1590/1590/1590 1589/1589/1589
f 1564/1564/1564 1590/1590/1590 1591/1591/1591
f 1564/1564/1564 1591/1591/1591 1590/1590/1590
f 1564/1564/1564 1591/1591/1591 1592/1592/1592
f 1564/1564/1564 1592/1592/1592 1591/1591/1591
f 1564/1564/1564 1592/1592/1592 1593/1593/1593
f 1564/1564/1564 1593/1593/1593 1592/1592/1592
f 1564/1564/1564 1593/1593/1593 1594/1594/1594
f 1564/1564/1564 1594/1594/1594 1593/1593/1593
f 1564/1564/1564 1594/1594/1594 1595/1595/1595
f 1564/1564/1564 1595/1595/1595 1594/1594/1594
f 1564/1564/1564 1595/1595/1595 1596/1596/1596
f 1564/1564/1564 1596/1596/1596 1595/1595/1595
f 1564/1564/1564 1596/1596/1596 1597/1597/1597
f 1564/1564/1564 1597/1597/1597 1596/1596/1596
f 1564/1564/1564 1597/1597/1597 1598/1598/1598
f 1564/1564/1564 1598/1598/1598 1597/1597/1597
f 1564/1564/1564 1598/1598/1598 1599/1599/1599
f 1564/1564/1564 1599/1599/1599 1598/1598/1598
f 1564/1564/1564 1599/1599/1599 1600/1600/1600
f 1564/1564/1564 1600/1600/1600 1599/1599/1599
f 1564/1564/1564 1600/1600/1600 1601/1601/1601
f 1564/1564/1564 1601/1601/1601 1600/1600/1600
f 1564/1564/1564 1601/1601/1601 1602/1602/1602
f 1564/1564/1564 1602/1602/1602 1601/1601/1601
f 1564/1564/1564 1602/1602/1602 1603/1603/1603
f 1564/1564/1564 1603/1603/1603 1602/1602/1602
f 1564/1564/1564 1603/1603/1603 1604/1604/1604
f 1564/1564/1564 1604/1604/1604 1603/1603/1603
f 1564/1564/1564 1604/1604/1604 1605/1605/1605
f 1564/1564/1564 1605/1605/1605 1604/1604/1604
f 1564/1564/1564 1605/1605/1605 1606/1606/1606
f 1564/1564/1564 1606/1606/1606 1605/1605/1605
f 1564/1564/1564 1606/1606/1606 1607/1607/1607
f 1564/1564/1564 1607/1607/1607 1606/1606/1606
f 1564/1564/1564 1607/1607/1607 1608/1608/1608
f 1564/1564/1564 1608/1608/1608 1607/1607/1607
f 1564/1564/1564 1608/1608/1608 1609/1609/1609
f 1564/1564/1564 1609/1609/1609 1608/1608/1608
f 1564/1564/1564 1609/1609/1609 1610/1610/1610
f 1564/1564/1564 1610/1610/1610 1609/1609/1609
f 1564/1564/1564 1610/1610/1610 1611/1611/1611
f 1564/1564/1564 1611/1611/1611 1610/1610/1610
f 1564/1564/1564 1611/1611/1611 1612/1612/1612
f 1564/1564/1564 1612/1612/1612 1611/1611/1611
f 1564/1564/1564 1612/1612/1612 1613/1613/1613
f 1564/1564/1564 1613/1613/1613 1612/1612/1612
f 1564/1564/1564 1613/1613/1613 1614/1614/1614
f 1564/1564/1564 1614/1614/1614 1613/1613/1613
f 1564/1564/1564 1614/1614/1614 1615/1615/1615
f 1564/1564/1564 1615/1615/1615 1614/1614/1614
f 1564/1564/1564 1615/1615/1615 1616/1616/1616
f 1564/1564/1564 1616/1616/1616 1615/1615/1615
f 1564/1564/1564 1616/1616/1616 1617/1617/1617
f 1564/1564/1564 1617/1617/1617 1616/1616/1616
f 1564/1564/1564 1617/1617/1617 1618/1618/1618
f 1564/1564/1564 1618/1618/1618 1617/1617/1617
f 1564/1564/1564 1618/1618/1618 1565/1565/1565
f 1564/1564/1564 1565/1565/1565 1618/1618/1618
f 1619/1619/1619 1620/1620/1620 1621/1621/1621
f 1619/1619/1619 1621/1621/1621 1620/1620/1620
f 1619/1619/1619 1621/1621/1621 1622/1622/1622
f 1619/1619/1619 1622/1622/1622 1621/1621/1621
f 1619/1619/1619 1622/1622/1622 1623/1623/1623
f 1619/1619/1619 1623/1623/1623 1622/1622/1622
f 1619/1619/1619 1623/1623/1623 1624/1624/1624
f 1619/1619/1619 1624/1624/1624 1623/1623/1623
f 1619/1619/1619 1624/1624/1624 1625/1625/1625
f 1619/1619/1619 1625/1625/1625 1624/1624/1624
f 1619/1619/1619 1625/1625/1625 1626/1626/1626
f 1619/1619/1619 1626/1626/1626 1625/1625/1625
f 1619/1619/1619 1626/1626/1626 1627/1627/1627
f 1619/1619/1619 1627/1627/1627 1626/1626/1626
f 1619/1619/1619 1627/1627/1627 1628/1628/1628
f 1619/1619/1619 1628/1628/1628 1627/1627/1627
f 1619/1619/1619 1628/1628/1628 1629/1629/1629
f 1619/1619/1619 1629/1629/1629 1628/1628/1628
f 1619/1619/1619 1629/1629/1629 1630/1630/1630
f 1619/1619/1619 1630/1630/1630 1629/1629/1629
f 1619/1619/1619 1630/1630/1630 1631/1631/1631
f 1619/1619/1619 1631/1631/1631 1630/1630/1630
f 1619/1619/1619 1631/1631/1631 1620/1620/1620
f 1619/1619/1619 1620/1620/1620 1631/1631/1631
