o arm_left
v -0.15516 1.13648 -0.00466
v -0.14744 1.13237 0.01676
v -0.15647 1.13445 0.01557
v -0.17315 1.05804 -0.10071
v -0.14408 1.05248 -0.10022
v -0.14289 1.04952 -0.07620
v -0.14553 0.98899 0.02123
v -0.14461 0.99908 0.02245
v -0.16945 1.00925 0.03866
v -0.15690 0.94753 0.02320
v -0.15523 0.94595 -0.03407
v -0.15180 0.94627 -0.03539
v -0.15622 0.94715 -0.07676
v -0.15180 0.94627 -0.03539
v -0.15523 0.94595 -0.03407
v -0.15622 0.94715 -0.07676
v -0.15523 0.94595 -0.03407
v -0.16112 0.94680 -0.03488
v -0.11558 1.14789 -0.06660
v -0.19048 1.13939 -0.08139
v -0.18075 1.17219 -0.08135
v -0.15452 1.16071 0.06433
v -0.15353 1.13473 0.06499
v -0.15133 1.12905 0.08618
v -0.15452 1.16071 0.06433
v -0.15133 1.12905 0.08618
v -0.15176 1.16205 0.09071
v -0.15176 1.16205 0.09071
v -0.15416 1.18686 0.03883
v -0.15452 1.16071 0.06433
v -0.15452 1.16071 0.06433
v -0.15447 1.18728 0.01358
v -0.15280 1.17522 -0.00987
v -0.15447 1.18728 0.01358
v -0.15452 1.16071 0.06433
v -0.15416 1.18686 0.03883
v -0.15516 1.13648 -0.00466
v -0.15280 1.17522 -0.00987
v -0.15170 1.13934 -0.00772
v -0.15280 1.17522 -0.00987
v -0.15574 1.15956 0.01630
v -0.15452 1.16071 0.06433
v -0.15690 0.94753 0.02320
v -0.14553 0.98899 0.02123
v -0.18436 0.95392 0.03934
v -0.15416 1.18686 0.03883
v -0.16739 1.18719 0.01425
v -0.15447 1.18728 0.01358
v -0.14604 1.13685 0.04523
v -0.15353 1.13473 0.06499
v -0.15867 1.07357 0.06391
v -0.15574 1.15956 0.01630
v -0.15280 1.17522 -0.00987
v -0.15516 1.13648 -0.00466
v -0.14604 1.13685 0.04523
v -0.15867 1.07357 0.06391
v -0.15486 1.07320 0.03015
v -0.14066 1.00218 0.02492
v -0.16572 1.01052 0.04652
v -0.16945 1.00925 0.03866
v -0.15574 1.15956 0.01630
v -0.15516 1.13648 -0.00466
v -0.15647 1.13445 0.01557
v -0.16112 0.94680 -0.03488
v -0.16221 0.94767 -0.05308
v -0.15622 0.94715 -0.07676
v -0.15866 1.01929 -0.07809
v -0.16658 1.05234 -0.07844
v -0.14289 1.04952 -0.07620
v -0.16560 0.90783 -0.03178
v -0.15523 0.94595 -0.03407
v -0.17102 0.90749 0.01719
v -0.15523 0.94595 -0.03407
v -0.15690 0.94753 0.02320
v -0.16015 0.94666 0.01646
v -0.15523 0.94595 -0.03407
v -0.16015 0.94666 0.01646
v -0.17102 0.90749 0.01719
v -0.15622 0.94715 -0.07676
v -0.16221 0.94767 -0.05308
v -0.16782 0.94861 -0.06444
v -0.15416 1.18686 0.03883
v -0.16757 1.18792 0.03938
v -0.16739 1.18719 0.01425
v -0.21112 1.14022 0.06461
v -0.15353 1.13473 0.06499
v -0.15452 1.16071 0.06433
v -0.15574 1.15956 0.01630
v -0.18173 1.16766 0.00923
v -0.15452 1.16071 0.06433
v -0.16560 0.90783 -0.03178
v -0.17276 0.90922 -0.03189
v -0.16112 0.94680 -0.03488
v -0.14289 1.04952 -0.07620
v -0.16658 1.05234 -0.07844
v -0.16586 1.05376 -0.06957
v -0.16560 0.90783 -0.03178
v -0.16112 0.94680 -0.03488
v -0.15523 0.94595 -0.03407
v -0.14289 1.04952 -0.07620
v -0.16586 1.05376 -0.06957
v -0.17317 1.05895 -0.07039
v -0.17304 1.16940 -0.03096
v -0.18075 1.17219 -0.08135
v -0.18317 1.17156 -0.07409
v -0.17721 1.06477 0.04023
v -0.19152 1.01873 0.04163
v -0.15213 1.06054 0.04331
v -0.14553 0.98899 0.02123
v -0.16945 1.00925 0.03866
v -0.18436 0.95392 0.03934
v -0.15213 1.06054 0.04331
v -0.15419 1.06002 0.03091
v -0.17567 1.06607 0.02957
v -0.17128 0.91860 -0.04846
v -0.16112 0.94680 -0.03488
v -0.17276 0.90922 -0.03189
v -0.17128 0.91860 -0.04846
v -0.16221 0.94767 -0.05308
v -0.16112 0.94680 -0.03488
v -0.16221 0.94767 -0.05308
v -0.17128 0.91860 -0.04846
v -0.16782 0.94861 -0.06444
v -0.17102 0.90749 0.01719
v -0.17276 0.90922 -0.03189
v -0.16560 0.90783 -0.03178
v -0.15690 0.94753 0.02320
v -0.18680 0.95397 0.03201
v -0.16015 0.94666 0.01646
v -0.18173 1.16766 0.00923
v -0.15574 1.15956 0.01630
v -0.15647 1.13445 0.01557
v -0.21384 0.96153 -0.07838
v -0.15866 1.01929 -0.07809
v -0.13761 1.01423 -0.07687
v -0.14408 1.05248 -0.10022
v -0.19150 1.13695 -0.10182
v -0.12866 1.11869 -0.09955
v -0.14040 1.15714 -0.03023
v -0.17304 1.16940 -0.03096
v -0.18487 1.12306 -0.02978
v -0.18075 1.17219 -0.08135
v -0.17304 1.16940 -0.03096
v -0.11558 1.14789 -0.06660
v -0.18680 0.95397 0.03201
v -0.17102 0.90749 0.01719
v -0.16015 0.94666 0.01646
v -0.17721 1.06477 0.04023
v -0.15213 1.06054 0.04331
v -0.17567 1.06607 0.02957
v -0.17102 0.90749 0.01719
v -0.17818 0.90679 0.00650
v -0.17276 0.90922 -0.03189
v -0.17315 1.05804 -0.10071
v -0.14289 1.04952 -0.07620
v -0.17317 1.05895 -0.07039
v -0.19150 1.13695 -0.10182
v -0.19048 1.13939 -0.08139
v -0.12303 1.12021 -0.06745
v -0.19150 1.13695 -0.10182
v -0.17315 1.05804 -0.10071
v -0.18025 1.03376 -0.10280
v -0.16658 1.05234 -0.07844
v -0.17629 1.02737 -0.06963
v -0.16586 1.05376 -0.06957
v -0.17591 1.02518 -0.07783
v -0.16658 1.05234 -0.07844
v -0.15866 1.01929 -0.07809
v -0.16658 1.05234 -0.07844
v -0.17591 1.02518 -0.07783
v -0.17629 1.02737 -0.06963
v -0.18083 1.03260 -0.07160
v -0.17317 1.05895 -0.07039
v -0.16586 1.05376 -0.06957
v -0.17315 1.05804 -0.10071
v -0.19150 1.13695 -0.10182
v -0.14408 1.05248 -0.10022
v -0.14040 1.15714 -0.03023
v -0.18487 1.12306 -0.02978
v -0.13980 1.10504 -0.02854
v -0.15647 1.13445 0.01557
v -0.14826 1.11683 0.01791
v -0.18173 1.16766 0.00923
v -0.18317 1.17156 -0.07409
v -0.19282 1.17303 -0.07147
v -0.19851 1.17390 -0.06038
v -0.16782 0.94861 -0.06444
v -0.17128 0.91860 -0.04846
v -0.17690 0.92252 -0.05905
v -0.16945 1.00925 0.03866
v -0.16572 1.01052 0.04652
v -0.19362 1.01974 0.03567
v -0.17567 1.06607 0.02957
v -0.15419 1.06002 0.03091
v -0.15486 1.07320 0.03015
v -0.18439 0.89021 -0.05674
v -0.17753 0.92128 -0.06285
v -0.17128 0.91860 -0.04846
v -0.17276 0.90922 -0.03189
v -0.18767 0.85864 -0.03400
v -0.17128 0.91860 -0.04846
v -0.13761 1.01423 -0.07687
v -0.15622 0.94715 -0.07676
v -0.21384 0.96153 -0.07838
v -0.17128 0.91860 -0.04846
v -0.17753 0.92128 -0.06285
v -0.17690 0.92252 -0.05905
v -0.18025 1.03376 -0.10280
v -0.17317 1.05895 -0.07039
v -0.18083 1.03260 -0.07160
v -0.19362 1.01974 0.03567
v -0.16572 1.01052 0.04652
v -0.19152 1.01873 0.04163
v -0.15622 0.94715 -0.07676
v -0.16782 0.94861 -0.06444
v -0.21264 0.95964 -0.06722
v -0.16586 1.05376 -0.06957
v -0.17629 1.02737 -0.06963
v -0.18083 1.03260 -0.07160
v -0.18025 1.03376 -0.10280
v -0.17315 1.05804 -0.10071
v -0.17317 1.05895 -0.07039
v -0.18449 1.08092 0.02953
v -0.17567 1.06607 0.02957
v -0.15486 1.07320 0.03015
v -0.17276 0.90922 -0.03189
v -0.17818 0.90679 0.00650
v -0.18767 0.85864 -0.03400
v -0.14826 1.11683 0.01791
v -0.14627 1.11331 -0.00418
v -0.19462 1.12779 0.00506
v -0.18487 1.12306 -0.02978
v -0.17304 1.16940 -0.03096
v -0.18173 1.16766 0.00923
v -0.14627 1.11331 -0.00418
v -0.13980 1.10504 -0.02854
v -0.18487 1.12306 -0.02978
v -0.18680 0.95397 0.03201
v -0.15690 0.94753 0.02320
v -0.18436 0.95392 0.03934
v -0.15353 1.13473 0.06499
v -0.21112 1.14022 0.06461
v -0.15867 1.07357 0.06391
v -0.17128 0.91860 -0.04846
v -0.18767 0.85864 -0.03400
v -0.18439 0.89021 -0.05674
v -0.19851 1.17390 -0.06038
v -0.17304 1.16940 -0.03096
v -0.18317 1.17156 -0.07409
v -0.15867 1.07357 0.06391
v -0.18885 1.08111 0.06444
v -0.15486 1.07320 0.03015
v -0.17828 0.85509 -0.02345
v -0.19003 0.85712 -0.07611
v -0.18767 0.85864 -0.03400
v -0.17828 0.85509 -0.02345
v -0.20183 0.77296 -0.05009
v -0.19003 0.85712 -0.07611
v -0.19850 0.77280 -0.01149
v -0.20183 0.77296 -0.05009
v -0.17828 0.85509 -0.02345
v -0.18173 1.16766 0.00923
v -0.19462 1.12779 0.00506
v -0.18487 1.12306 -0.02978
v -0.21296 0.96249 0.03546
v -0.18436 0.95392 0.03934
v -0.16945 1.00925 0.03866
v -0.15486 1.07320 0.03015
v -0.18885 1.08111 0.06444
v -0.18449 1.08092 0.02953
v -0.19152 1.01873 0.04163
v -0.17721 1.06477 0.04023
v -0.17567 1.06607 0.02957
v -0.17567 1.06607 0.02957
v -0.18449 1.08092 0.02953
v -0.19146 1.02724 0.03107
v -0.18885 1.08111 0.06444
v -0.15867 1.07357 0.06391
v -0.21112 1.14022 0.06461
v -0.17629 1.02737 -0.06963
v -0.17591 1.02518 -0.07783
v -0.20180 1.03110 -0.07197
v -0.18439 0.89021 -0.05674
v -0.23563 0.89545 -0.05705
v -0.17753 0.92128 -0.06285
v -0.17591 1.02518 -0.07783
v -0.15866 1.01929 -0.07809
v -0.19908 1.02907 -0.07855
v -0.15213 1.06054 0.04331
v -0.19152 1.01873 0.04163
v -0.16572 1.01052 0.04652
v -0.18173 1.16766 0.00923
v -0.14826 1.11683 0.01791
v -0.19462 1.12779 0.00506
v -0.19059 0.86072 0.00534
v -0.18606 0.85672 0.02301
v -0.17828 0.85509 -0.02345
v -0.14627 1.11331 -0.00418
v -0.18487 1.12306 -0.02978
v -0.19462 1.12779 0.00506
v -0.19850 0.77280 -0.01149
v -0.18606 0.85672 0.02301
v -0.19770 0.79850 0.00674
v -0.21112 1.14022 0.06461
v -0.15452 1.16071 0.06433
v -0.20571 1.17207 0.06233
v -0.19850 0.77280 -0.01149
v -0.17828 0.85509 -0.02345
v -0.18606 0.85672 0.02301
v -0.18075 1.17219 -0.08135
v -0.19048 1.13939 -0.08139
v -0.18317 1.17156 -0.07409
v -0.19152 1.01873 0.04163
v -0.17567 1.06607 0.02957
v -0.19146 1.02724 0.03107
v -0.19250 0.86034 -0.04539
v -0.18767 0.85864 -0.03400
v -0.19003 0.85712 -0.07611
v -0.19146 1.02724 0.03107
v -0.18449 1.08092 0.02953
v -0.19291 1.04688 0.03086
v -0.19291 1.04688 0.03086
v -0.18449 1.08092 0.02953
v -0.18885 1.08111 0.06444
v -0.18767 0.85864 -0.03400
v -0.19250 0.86034 -0.04539
v -0.18439 0.89021 -0.05674
v -0.18747 0.88908 0.01234
v -0.17818 0.90679 0.00650
v -0.20716 0.89490 0.02789
v -0.17818 0.90679 0.00650
v -0.19059 0.86072 0.00534
v -0.18767 0.85864 -0.03400
v -0.18747 0.88908 0.01234
v -0.19059 0.86072 0.00534
v -0.17818 0.90679 0.00650
v -0.19291 1.04688 0.03086
v -0.18885 1.08111 0.06444
v -0.19477 1.04657 0.06391
v -0.19059 0.86072 0.00534
v -0.17828 0.85509 -0.02345
v -0.18767 0.85864 -0.03400
v -0.21384 0.96153 -0.07838
v -0.19908 1.02907 -0.07855
v -0.15866 1.01929 -0.07809
v -0.18025 1.03376 -0.10280
v -0.21423 1.04202 -0.10196
v -0.19150 1.13695 -0.10182
v -0.19048 1.13939 -0.08139
v -0.19233 1.13869 -0.07441
v -0.18317 1.17156 -0.07409
v -0.19048 1.13939 -0.08139
v -0.19150 1.13695 -0.10182
v -0.19367 1.13869 -0.09051
v -0.18436 0.95392 0.03934
v -0.21296 0.96249 0.03546
v -0.18680 0.95397 0.03201
v -0.18885 1.08111 0.06444
v -0.21112 1.14022 0.06461
v -0.19477 1.04657 0.06391
v -0.18975 0.88900 0.02100
v -0.19593 0.86093 0.01886
v -0.18747 0.88908 0.01234
v -0.19250 0.86034 -0.04539
v -0.19003 0.85712 -0.07611
v -0.23879 0.87262 -0.08202
v -0.18606 0.85672 0.02301
v -0.19059 0.86072 0.00534
v -0.19593 0.86093 0.01886
v -0.17629 1.02737 -0.06963
v -0.20180 1.03110 -0.07197
v -0.18083 1.03260 -0.07160
v -0.18317 1.17156 -0.07409
v -0.19233 1.13869 -0.07441
v -0.19282 1.17303 -0.07147
v -0.16945 1.00925 0.03866
v -0.19362 1.01974 0.03567
v -0.21296 0.96249 0.03546
v -0.19146 1.02724 0.03107
v -0.19362 1.01974 0.03567
v -0.19152 1.01873 0.04163
v -0.17591 1.02518 -0.07783
v -0.19908 1.02907 -0.07855
v -0.20180 1.03110 -0.07197
v -0.19048 1.13939 -0.08139
v -0.19367 1.13869 -0.09051
v -0.20093 1.13953 -0.07266
v -0.19048 1.13939 -0.08139
v -0.20093 1.13953 -0.07266
v -0.19233 1.13869 -0.07441
v -0.19851 1.17390 -0.06038
v -0.18173 1.16766 0.00923
v -0.17304 1.16940 -0.03096
v -0.19850 0.77280 -0.01149
v -0.19770 0.79850 0.00674
v -0.20335 0.77337 0.00599
v -0.19593 0.86093 0.01886
v -0.19059 0.86072 0.00534
v -0.18747 0.88908 0.01234
v -0.20716 0.89490 0.02789
v -0.18975 0.88900 0.02100
v -0.18747 0.88908 0.01234
v -0.20093 1.13953 -0.07266
v -0.19282 1.17303 -0.07147
v -0.19233 1.13869 -0.07441
v -0.19291 1.04688 0.03086
v -0.19477 1.04657 0.06391
v -0.21944 1.05036 0.06404
v -0.19362 1.01974 0.03567
v -0.19146 1.02724 0.03107
v -0.20819 1.02920 0.03052
v -0.20606 0.91026 0.02807
v -0.20716 0.89490 0.02789
v -0.17818 0.90679 0.00650
v -0.19146 1.02724 0.03107
v -0.19291 1.04688 0.03086
v -0.20091 1.04481 0.02742
v -0.19770 0.79850 0.00674
v -0.18606 0.85672 0.02301
v -0.20113 0.80050 0.02340
v -0.17102 0.90749 0.01719
v -0.20606 0.91026 0.02807
v -0.17818 0.90679 0.00650
v -0.18680 0.95397 0.03201
v -0.20847 0.91169 0.03626
v -0.17102 0.90749 0.01719
v -0.19146 1.02724 0.03107
v -0.20091 1.04481 0.02742
v -0.20658 1.03099 0.02679
v -0.22353 0.91654 0.03694
v -0.20847 0.91169 0.03626
v -0.18680 0.95397 0.03201
v -0.18439 0.89021 -0.05674
v -0.19250 0.86034 -0.04539
v -0.23706 0.87447 -0.05007
v -0.15452 1.16071 0.06433
v -0.18173 1.16766 0.00923
v -0.20571 1.17207 0.06233
v -0.17102 0.90749 0.01719
v -0.20847 0.91169 0.03626
v -0.20606 0.91026 0.02807
v -0.18083 1.03260 -0.07160
v -0.20180 1.03110 -0.07197
v -0.21061 1.03881 -0.06944
v -0.19908 1.02907 -0.07855
v -0.21303 0.98988 -0.07501
v -0.20180 1.03110 -0.07197
v -0.20999 0.77393 -0.07219
v -0.20183 0.77296 -0.05009
v -0.19850 0.77280 -0.01149
v -0.18606 0.85672 0.02301
v -0.19593 0.86093 0.01886
v -0.21142 0.86239 0.03163
v -0.20335 0.77337 0.00599
v -0.19770 0.79850 0.00674
v -0.20883 0.80072 0.00532
v -0.21137 1.17303 0.04800
v -0.20571 1.17207 0.06233
v -0.18173 1.16766 0.00923
v -0.20883 0.80072 0.00532
v -0.21295 0.77682 0.00589
v -0.20335 0.77337 0.00599
v -0.19291 1.04688 0.03086
v -0.21944 1.05036 0.06404
v -0.21567 1.04994 0.02644
v -0.19367 1.13869 -0.09051
v -0.19150 1.13695 -0.10182
v -0.21781 1.04078 -0.09460
v -0.19593 0.86093 0.01886
v -0.18975 0.88900 0.02100
v -0.20705 0.89240 0.03293
v -0.21384 0.96153 -0.07838
v -0.21303 0.98988 -0.07501
v -0.19908 1.02907 -0.07855
v -0.21104 0.80227 0.01508
v -0.20883 0.80072 0.00532
v -0.19770 0.79850 0.00674
v -0.21296 0.96249 0.03546
v -0.19362 1.01974 0.03567
v -0.20819 1.02920 0.03052
v -0.19851 1.17390 -0.06038
v -0.23405 1.17696 0.02521
v -0.22313 1.17442 0.04167
v -0.20658 1.03099 0.02679
v -0.20819 1.02920 0.03052
v -0.19146 1.02724 0.03107
v -0.19282 1.17303 -0.07147
v -0.21303 1.14024 -0.04602
v -0.19851 1.17390 -0.06038
v -0.19850 0.77280 -0.01149
v -0.20335 0.77337 0.00599
v -0.21295 0.77682 0.00589
v -0.20183 0.77296 -0.05009
v -0.20999 0.77393 -0.07219
v -0.19003 0.85712 -0.07611
v -0.19291 1.04688 0.03086
v -0.21567 1.04994 0.02644
v -0.20091 1.04481 0.02742
v -0.20705 0.89240 0.03293
v -0.18975 0.88900 0.02100
v -0.20716 0.89490 0.02789
v -0.21352 0.77423 -0.02840
v -0.19850 0.77280 -0.01149
v -0.21295 0.77682 0.00589
v -0.19282 1.17303 -0.07147
v -0.20093 1.13953 -0.07266
v -0.21303 1.14024 -0.04602
v -0.20091 1.04481 0.02742
v -0.21845 1.01508 0.02076
v -0.20658 1.03099 0.02679
v -0.17690 0.92252 -0.05905
v -0.22650 0.94049 -0.06007
v -0.22016 0.94080 -0.06156
v -0.21264 0.95964 -0.06722
v -0.21384 0.96153 -0.07838
v -0.15622 0.94715 -0.07676
v -0.17753 0.92128 -0.06285
v -0.22637 0.93864 -0.06406
v -0.17690 0.92252 -0.05905
v -0.21352 0.77423 -0.02840
v -0.21814 0.77503 -0.06631
v -0.19850 0.77280 -0.01149
v -0.20999 0.77393 -0.07219
v -0.19850 0.77280 -0.01149
v -0.21814 0.77503 -0.06631
v -0.21104 0.80227 0.01508
v -0.19770 0.79850 0.00674
v -0.20113 0.80050 0.02340
v -0.19851 1.17390 -0.06038
v -0.21303 1.14024 -0.04602
v -0.22170 1.17595 -0.03989
v -0.19250 0.86034 -0.04539
v -0.23879 0.87262 -0.08202
v -0.23706 0.87447 -0.05007
v -0.21343 1.04598 0.01831
v -0.20091 1.04481 0.02742
v -0.21567 1.04994 0.02644
v -0.18083 1.03260 -0.07160
v -0.21423 1.04202 -0.10196
v -0.18025 1.03376 -0.10280
v -0.20180 1.03110 -0.07197
v -0.21303 0.98988 -0.07501
v -0.21801 1.01806 -0.06794
v -0.18173 1.16766 0.00923
v -0.19851 1.17390 -0.06038
v -0.22313 1.17442 0.04167
v -0.21206 0.86097 0.03760
v -0.18606 0.85672 0.02301
v -0.21142 0.86239 0.03163
v -0.20093 1.13953 -0.07266
v -0.19367 1.13869 -0.09051
v -0.21442 1.14028 -0.06032
v -0.21845 1.01508 0.02076
v -0.20091 1.04481 0.02742
v -0.21343 1.04598 0.01831
v -0.20658 1.03099 0.02679
v -0.21845 1.01508 0.02076
v -0.20819 1.02920 0.03052
v -0.21157 1.03830 -0.09165
v -0.18083 1.03260 -0.07160
v -0.21061 1.03881 -0.06944
v -0.21801 1.01806 -0.06794
v -0.21061 1.03881 -0.06944
v -0.20180 1.03110 -0.07197
v -0.20705 0.89240 0.03293
v -0.21142 0.86239 0.03163
v -0.19593 0.86093 0.01886
v -0.17690 0.92252 -0.05905
v -0.22016 0.94080 -0.06156
v -0.21264 0.95964 -0.06722
v -0.21264 0.95964 -0.06722
v -0.16782 0.94861 -0.06444
v -0.17690 0.92252 -0.05905
v -0.17690 0.92252 -0.05905
v -0.22637 0.93864 -0.06406
v -0.22650 0.94049 -0.06007
v -0.21423 1.04202 -0.10196
v -0.18083 1.03260 -0.07160
v -0.21157 1.03830 -0.09165
v -0.18173 1.16766 0.00923
v -0.22313 1.17442 0.04167
v -0.21137 1.17303 0.04800
v -0.21781 1.04078 -0.09460
v -0.19150 1.13695 -0.10182
v -0.21423 1.04202 -0.10196
v -0.21518 1.14054 -0.07812
v -0.19367 1.13869 -0.09051
v -0.21781 1.04078 -0.09460
v -0.21142 0.86239 0.03163
v -0.20705 0.89240 0.03293
v -0.22507 0.89557 0.03739
v -0.21206 0.86097 0.03760
v -0.20113 0.80050 0.02340
v -0.18606 0.85672 0.02301
v -0.20716 0.89490 0.02789
v -0.20606 0.91026 0.02807
v -0.22483 0.89659 0.03115
v -0.21518 1.14054 -0.07812
v -0.21442 1.14028 -0.06032
v -0.19367 1.13869 -0.09051
v -0.19851 1.17390 -0.06038
v -0.22170 1.17595 -0.03989
v -0.23121 1.17760 -0.01958
v -0.21352 0.77423 -0.02840
v -0.21295 0.77682 0.00589
v -0.21788 0.74388 -0.02489
v -0.20847 0.91169 0.03626
v -0.22353 0.91654 0.03694
v -0.20606 0.91026 0.02807
v -0.21157 1.03830 -0.09165
v -0.21801 1.01806 -0.06794
v -0.21823 1.01446 -0.08989
v -0.21771 1.14238 0.04660
v -0.21112 1.14022 0.06461
v -0.20571 1.17207 0.06233
v -0.20883 0.80072 0.00532
v -0.21104 0.80227 0.01508
v -0.21295 0.77682 0.00589
v -0.21295 0.77682 0.00589
v -0.21104 0.80227 0.01508
v -0.21504 0.77513 0.01724
v -0.23563 0.89545 -0.05705
v -0.18439 0.89021 -0.05674
v -0.23706 0.87447 -0.05007
v -0.20571 1.17207 0.06233
v -0.21137 1.17303 0.04800
v -0.21771 1.14238 0.04660
v -0.21157 1.03830 -0.09165
v -0.21061 1.03881 -0.06944
v -0.21801 1.01806 -0.06794
v -0.21423 1.04202 -0.10196
v -0.21157 1.03830 -0.09165
v -0.21781 1.04078 -0.09460
v -0.21303 1.14024 -0.04602
v -0.20093 1.13953 -0.07266
v -0.21442 1.14028 -0.06032
v -0.21384 0.96153 -0.07838
v -0.21264 0.95964 -0.06722
v -0.21984 0.94423 -0.07694
v -0.21341 0.74254 -0.02529
v -0.21788 0.74388 -0.02489
v -0.22014 0.74297 0.02196
v -0.22074 0.73935 -0.02676
v -0.21341 0.74254 -0.02529
v -0.22130 0.71161 -0.02161
v -0.21303 0.98988 -0.07501
v -0.22750 0.99562 -0.06596
v -0.21801 1.01806 -0.06794
v -0.22313 1.17442 0.04167
v -0.21771 1.14238 0.04660
v -0.21137 1.17303 0.04800
v -0.21823 1.01446 -0.08989
v -0.22469 1.01611 -0.09307
v -0.21781 1.04078 -0.09460
v -0.21504 0.77513 0.01724
v -0.21788 0.74388 -0.02489
v -0.21295 0.77682 0.00589
v -0.21504 0.77513 0.01724
v -0.22367 0.74616 0.01919
v -0.21788 0.74388 -0.02489
v -0.21567 1.04994 0.02644
v -0.21845 1.01508 0.02076
v -0.21343 1.04598 0.01831
v -0.22074 0.73935 -0.02676
v -0.21352 0.77423 -0.02840
v -0.21788 0.74388 -0.02489
v -0.21264 0.95964 -0.06722
v -0.22016 0.94080 -0.06156
v -0.21984 0.94423 -0.07694
v -0.21823 1.01446 -0.08989
v -0.21781 1.04078 -0.09460
v -0.21157 1.03830 -0.09165
v -0.20705 0.89240 0.03293
v -0.20716 0.89490 0.02789
v -0.22507 0.89557 0.03739
v -0.22682 1.14200 0.05035
v -0.21112 1.14022 0.06461
v -0.21771 1.14238 0.04660
v -0.21303 0.98988 -0.07501
v -0.21384 0.96153 -0.07838
v -0.21984 0.94423 -0.07694
v -0.21814 0.77503 -0.06631
v -0.21352 0.77423 -0.02840
v -0.22074 0.73935 -0.02676
v -0.22170 1.17595 -0.03989
v -0.21303 1.14024 -0.04602
v -0.23156 1.14333 -0.04093
v -0.22785 0.99262 0.02391
v -0.20819 1.02920 0.03052
v -0.21845 1.01508 0.02076
v -0.21341 0.74254 -0.02529
v -0.22074 0.73935 -0.02676
v -0.21788 0.74388 -0.02489
v -0.19003 0.85712 -0.07611
v -0.25537 0.80947 -0.08099
v -0.23879 0.87262 -0.08202
v -0.22837 0.91183 0.03099
v -0.22483 0.89659 0.03115
v -0.20606 0.91026 0.02807
v -0.22353 0.91654 0.03694
v -0.18680 0.95397 0.03201
v -0.21296 0.96249 0.03546
v -0.19477 1.04657 0.06391
v -0.21112 1.14022 0.06461
v -0.21944 1.05036 0.06404
v -0.22679 1.01169 0.06470
v -0.21567 1.04994 0.02644
v -0.21944 1.05036 0.06404
v -0.21303 0.98988 -0.07501
v -0.23296 0.99472 -0.06818
v -0.22750 0.99562 -0.06596
v -0.21112 1.14022 0.06461
v -0.22682 1.14200 0.05035
v -0.21994 1.14127 0.06286
v -0.21814 0.77503 -0.06631
v -0.22074 0.73935 -0.02676
v -0.22706 0.73779 -0.06815
v -0.22014 0.74297 0.02196
v -0.21788 0.74388 -0.02489
v -0.22367 0.74616 0.01919
v -0.20716 0.89490 0.02789
v -0.22483 0.89659 0.03115
v -0.22507 0.89557 0.03739
v -0.21104 0.80227 0.01508
v -0.20113 0.80050 0.02340
v -0.22433 0.80632 0.03190
v -0.22711 0.71022 -0.04543
v -0.21985 0.73691 -0.04395
v -0.22074 0.73935 -0.02676
v -0.22679 1.01169 0.06470
v -0.21845 1.01508 0.02076
v -0.21567 1.04994 0.02644
v -0.22785 0.99262 0.02391
v -0.21845 1.01508 0.02076
v -0.22558 1.01294 0.02163
v -0.21112 1.14022 0.06461
v -0.21994 1.14127 0.06286
v -0.21944 1.05036 0.06404
v -0.21142 0.86239 0.03163
v -0.23366 0.86675 0.03926
v -0.21206 0.86097 0.03760
v -0.21504 0.77513 0.01724
v -0.21104 0.80227 0.01508
v -0.22433 0.80632 0.03190
v -0.22679 1.01169 0.06470
v -0.22152 1.01369 0.03044
v -0.21845 1.01508 0.02076
v -0.20113 0.80050 0.02340
v -0.21206 0.86097 0.03760
v -0.22918 0.80910 0.04998
v -0.22625 0.99065 0.03018
v -0.21296 0.96249 0.03546
v -0.20819 1.02920 0.03052
v -0.19003 0.85712 -0.07611
v -0.20999 0.77393 -0.07219
v -0.23753 0.78145 -0.07586
v -0.21985 0.73691 -0.04395
v -0.22711 0.71022 -0.04543
v -0.23362 0.71191 -0.06743
v -0.21985 0.73691 -0.04395
v -0.22706 0.73779 -0.06815
v -0.22074 0.73935 -0.02676
v -0.22014 0.74297 0.02196
v -0.22130 0.71161 -0.02161
v -0.21341 0.74254 -0.02529
v -0.22711 0.71022 -0.04543
v -0.22074 0.73935 -0.02676
v -0.22130 0.71161 -0.02161
v -0.19003 0.85712 -0.07611
v -0.23237 0.80307 -0.07817
v -0.25537 0.80947 -0.08099
v -0.22526 0.90479 0.04364
v -0.22308 0.90487 0.06284
v -0.22507 0.89557 0.03739
v -0.22014 0.74297 0.02196
v -0.22699 0.71412 0.02276
v -0.22130 0.71161 -0.02161
v -0.22526 0.90479 0.04364
v -0.22507 0.89557 0.03739
v -0.22258 0.90913 0.04127
v -0.22469 1.01611 -0.09307
v -0.21823 1.01446 -0.08989
v -0.24415 1.02249 -0.08261
v -0.22258 0.90913 0.04127
v -0.22483 0.89659 0.03115
v -0.22837 0.91183 0.03099
v -0.21823 1.01446 -0.08989
v -0.21801 1.01806 -0.06794
v -0.24415 1.02249 -0.08261
v -0.19851 1.17390 -0.06038
v -0.23121 1.17760 -0.01958
v -0.23405 1.17696 0.02521
v -0.22014 0.74297 0.02196
v -0.22367 0.74616 0.01919
v -0.23604 0.74816 0.03363
v -0.23563 1.14291 -0.04645
v -0.21303 1.14024 -0.04602
v -0.21442 1.14028 -0.06032
v -0.22483 0.89659 0.03115
v -0.22258 0.90913 0.04127
v -0.22507 0.89557 0.03739
v -0.22014 0.74297 0.02196
v -0.23604 0.74816 0.03363
v -0.23505 0.74615 0.03863
v -0.22625 0.99065 0.03018
v -0.20819 1.02920 0.03052
v -0.22785 0.99262 0.02391
v -0.21781 1.04078 -0.09460
v -0.22469 1.01611 -0.09307
v -0.24415 1.02249 -0.08261
v -0.22526 0.90479 0.04364
v -0.22258 0.90913 0.04127
v -0.22916 0.91005 0.04376
v -0.22353 0.91654 0.03694
v -0.24255 0.91595 0.02479
v -0.20606 0.91026 0.02807
v -0.21845 1.01508 0.02076
v -0.23837 1.01974 0.00625
v -0.22558 1.01294 0.02163
v -0.24984 1.02167 0.04455
v -0.21845 1.01508 0.02076
v -0.22152 1.01369 0.03044
v -0.21296 0.96249 0.03546
v -0.22625 0.99065 0.03018
v -0.23524 0.99192 0.02882
v -0.24539 1.01707 0.06228
v -0.22679 1.01169 0.06470
v -0.21944 1.05036 0.06404
v -0.22682 1.14200 0.05035
v -0.21771 1.14238 0.04660
v -0.23547 1.14366 0.04495
v -0.23156 1.14333 -0.04093
v -0.21303 1.14024 -0.04602
v -0.23563 1.14291 -0.04645
v -0.23701 1.05522 -0.06600
v -0.23563 1.14291 -0.04645
v -0.21442 1.14028 -0.06032
v -0.20113 0.80050 0.02340
v -0.22918 0.80910 0.04998
v -0.24446 0.80932 0.04995
v -0.24255 0.91595 0.02479
v -0.22837 0.91183 0.03099
v -0.20606 0.91026 0.02807
v -0.23405 1.17696 0.02521
v -0.22916 1.14402 0.04202
v -0.22313 1.17442 0.04167
v -0.21504 0.77513 0.01724
v -0.22433 0.80632 0.03190
v -0.23604 0.74816 0.03363
v -0.22916 1.14402 0.04202
v -0.21771 1.14238 0.04660
v -0.22313 1.17442 0.04167
v -0.21206 0.86097 0.03760
v -0.23407 0.86317 0.04535
v -0.22918 0.80910 0.04998
v -0.17753 0.92128 -0.06285
v -0.23563 0.89545 -0.05705
v -0.22637 0.93864 -0.06406
v -0.22164 0.67672 -0.06759
v -0.23009 0.64411 -0.06721
v -0.25465 0.67257 -0.08433
v -0.23487 0.71152 -0.03106
v -0.22130 0.71161 -0.02161
v -0.22699 0.71412 0.02276
v -0.23362 0.71191 -0.06743
v -0.22706 0.73779 -0.06815
v -0.21985 0.73691 -0.04395
v -0.22130 0.71161 -0.02161
v -0.23487 0.71152 -0.03106
v -0.22711 0.71022 -0.04543
v -0.24539 1.01707 0.06228
v -0.21944 1.05036 0.06404
v -0.21994 1.14127 0.06286
v -0.21771 1.14238 0.04660
v -0.22916 1.14402 0.04202
v -0.23547 1.14366 0.04495
v -0.23837 1.01974 0.00625
v -0.21845 1.01508 0.02076
v -0.24620 1.02349 0.02671
v -0.23701 1.05522 -0.06600
v -0.21442 1.14028 -0.06032
v -0.21518 1.14054 -0.07812
v -0.22918 0.80910 0.04998
v -0.23407 0.86317 0.04535
v -0.24446 0.80932 0.04995
v -0.24446 0.80932 0.04995
v -0.22433 0.80632 0.03190
v -0.20113 0.80050 0.02340
v -0.22308 0.90487 0.06284
v -0.22526 0.90479 0.04364
v -0.23401 0.90598 0.06369
v -0.22367 0.74616 0.01919
v -0.21504 0.77513 0.01724
v -0.23604 0.74816 0.03363
v -0.22625 0.99065 0.03018
v -0.22785 0.99262 0.02391
v -0.23524 0.99192 0.02882
v -0.21303 0.98988 -0.07501
v -0.21984 0.94423 -0.07694
v -0.23296 0.99472 -0.06818
v -0.24539 1.01707 0.06228
v -0.21994 1.14127 0.06286
v -0.22682 1.14200 0.05035
v -0.21781 1.04078 -0.09460
v -0.24415 1.02249 -0.08261
v -0.21518 1.14054 -0.07812
v -0.24255 0.91595 0.02479
v -0.22353 0.91654 0.03694
v -0.25481 0.92076 0.02730
v -0.20999 0.77393 -0.07219
v -0.21814 0.77503 -0.06631
v -0.23753 0.78145 -0.07586
v -0.22164 0.67672 -0.06759
v -0.25155 0.68208 -0.08667
v -0.23418 0.69419 -0.04051
v -0.21206 0.86097 0.03760
v -0.23366 0.86675 0.03926
v -0.23407 0.86317 0.04535
v -0.23198 0.86271 0.06596
v -0.23407 0.86317 0.04535
v -0.22507 0.89557 0.03739
v -0.23753 0.78145 -0.07586
v -0.21814 0.77503 -0.06631
v -0.23886 0.78005 -0.06989
v -0.21142 0.86239 0.03163
v -0.22507 0.89557 0.03739
v -0.23366 0.86675 0.03926
v -0.23401 0.90598 0.06369
v -0.24460 0.86909 0.06697
v -0.22308 0.90487 0.06284
v -0.23296 0.99472 -0.06818
v -0.23462 0.99508 -0.05371
v -0.22750 0.99562 -0.06596
v -0.22170 1.17595 -0.03989
v -0.24074 1.14433 -0.02137
v -0.23121 1.17760 -0.01958
v -0.21801 1.01806 -0.06794
v -0.23462 0.99508 -0.05371
v -0.24318 0.99875 -0.03968
v -0.23156 1.14333 -0.04093
v -0.24074 1.14433 -0.02137
v -0.22170 1.17595 -0.03989
v -0.22526 0.90479 0.04364
v -0.22916 0.91005 0.04376
v -0.23401 0.90598 0.06369
v -0.23237 0.80307 -0.07817
v -0.19003 0.85712 -0.07611
v -0.23753 0.78145 -0.07586
v -0.22650 0.94049 -0.06007
v -0.22637 0.93864 -0.06406
v -0.23520 0.91766 -0.05270
v -0.21845 1.01508 0.02076
v -0.24984 1.02167 0.04455
v -0.24620 1.02349 0.02671
v -0.23198 0.86271 0.06596
v -0.22507 0.89557 0.03739
v -0.22308 0.90487 0.06284
v -0.23462 0.99508 -0.05371
v -0.21801 1.01806 -0.06794
v -0.22750 0.99562 -0.06596
v -0.22507 0.89557 0.03739
v -0.23407 0.86317 0.04535
v -0.23366 0.86675 0.03926
v -0.21801 1.01806 -0.06794
v -0.23587 1.02344 -0.04199
v -0.23477 1.02269 -0.05797
v -0.22711 0.71022 -0.04543
v -0.23487 0.71152 -0.03106
v -0.24488 0.71251 -0.04791
v -0.24289 0.71676 0.01910
v -0.23487 0.71152 -0.03106
v -0.22699 0.71412 0.02276
v -0.22258 0.90913 0.04127
v -0.22837 0.91183 0.03099
v -0.23722 0.91114 0.02700
v -0.24460 0.86909 0.06697
v -0.23198 0.86271 0.06596
v -0.22308 0.90487 0.06284
v -0.22014 0.74297 0.02196
v -0.23505 0.74615 0.03863
v -0.22699 0.71412 0.02276
v -0.23563 0.89545 -0.05705
v -0.23520 0.91766 -0.05270
v -0.22637 0.93864 -0.06406
v -0.23407 0.86317 0.04535
v -0.23198 0.86271 0.06596
v -0.24190 0.80556 0.06714
v -0.23520 0.91766 -0.05270
v -0.24416 0.94710 -0.05681
v -0.22650 0.94049 -0.06007
v -0.22837 0.91183 0.03099
v -0.24255 0.91595 0.02479
v -0.23722 0.91114 0.02700
v -0.22650 0.94049 -0.06007
v -0.24416 0.94710 -0.05681
v -0.22016 0.94080 -0.06156
v -0.22016 0.94080 -0.06156
v -0.24341 0.94900 -0.06659
v -0.21984 0.94423 -0.07694
v -0.21801 1.01806 -0.06794
v -0.23477 1.02269 -0.05797
v -0.24370 1.02534 -0.06194
v -0.22916 0.91005 0.04376
v -0.23639 0.91159 0.07683
v -0.23401 0.90598 0.06369
v -0.23505 0.74615 0.03863
v -0.24245 0.71912 0.04013
v -0.22699 0.71412 0.02276
v -0.25155 0.68208 -0.08667
v -0.22164 0.67672 -0.06759
v -0.25465 0.67257 -0.08433
v -0.24415 1.02249 -0.08261
v -0.23701 1.05522 -0.06600
v -0.21518 1.14054 -0.07812
v -0.24415 1.02249 -0.08261
v -0.21801 1.01806 -0.06794
v -0.24370 1.02534 -0.06194
v -0.23563 0.89545 -0.05705
v -0.23911 0.89787 -0.04609
v -0.23520 0.91766 -0.05270
v -0.22916 0.91005 0.04376
v -0.24869 0.91517 0.02707
v -0.23639 0.91159 0.07683
v -0.23237 0.80307 -0.07817
v -0.23753 0.78145 -0.07586
v -0.23599 0.80308 -0.07124
v -0.23837 1.01974 0.00625
v -0.22785 0.99262 0.02391
v -0.22558 1.01294 0.02163
v -0.24869 0.91517 0.02707
v -0.22916 0.91005 0.04376
v -0.22258 0.90913 0.04127
v -0.21814 0.77503 -0.06631
v -0.22706 0.73779 -0.06815
v -0.23886 0.78005 -0.06989
v -0.23599 0.80308 -0.07124
v -0.23753 0.78145 -0.07586
v -0.23886 0.78005 -0.06989
v -0.24369 1.14476 0.02356
v -0.22916 1.14402 0.04202
v -0.23405 1.17696 0.02521
v -0.24245 0.71912 0.04013
v -0.24289 0.71676 0.01910
v -0.22699 0.71412 0.02276
v -0.23522 0.89426 -0.06402
v -0.23563 0.89545 -0.05705
v -0.23706 0.87447 -0.05007
v -0.24460 0.86909 0.06697
v -0.24190 0.80556 0.06714
v -0.23198 0.86271 0.06596
v -0.22433 0.80632 0.03190
v -0.25252 0.75288 0.04054
v -0.23604 0.74816 0.03363
v -0.23401 0.90598 0.06369
v -0.23639 0.91159 0.07683
v -0.24460 0.86909 0.06697
v -0.23462 0.99508 -0.05371
v -0.23296 0.99472 -0.06818
v -0.24416 0.94710 -0.05681
v -0.21801 1.01806 -0.06794
v -0.24318 0.99875 -0.03968
v -0.23587 1.02344 -0.04199
v -0.23853 0.87408 -0.06311
v -0.23706 0.87447 -0.05007
v -0.23879 0.87262 -0.08202
v -0.23477 1.02269 -0.05797
v -0.23587 1.02344 -0.04199
v -0.24318 0.99875 -0.03968
v -0.23706 0.87447 -0.05007
v -0.23853 0.87408 -0.06311
v -0.23522 0.89426 -0.06402
v -0.23121 1.17760 -0.01958
v -0.24369 1.14476 0.02356
v -0.23405 1.17696 0.02521
v -0.24245 0.71912 0.04013
v -0.23505 0.74615 0.03863
v -0.26709 0.72600 0.04586
v -0.24074 1.14433 -0.02137
v -0.23156 1.14333 -0.04093
v -0.23563 1.14291 -0.04645
v -0.22152 1.01369 0.03044
v -0.24539 1.01707 0.06228
v -0.24984 1.02167 0.04455
v -0.26709 0.72600 0.04586
v -0.23505 0.74615 0.03863
v -0.25690 0.75308 0.04582
v -0.22433 0.80632 0.03190
v -0.24446 0.80932 0.04995
v -0.25310 0.81198 0.03922
v -0.23911 0.89787 -0.04609
v -0.23563 0.89545 -0.05705
v -0.23522 0.89426 -0.06402
v -0.24190 0.80556 0.06714
v -0.24460 0.86909 0.06697
v -0.25727 0.81082 0.06756
v -0.24341 0.94900 -0.06659
v -0.22016 0.94080 -0.06156
v -0.24416 0.94710 -0.05681
v -0.23477 1.02269 -0.05797
v -0.24318 0.99875 -0.03968
v -0.24165 0.99913 -0.05756
v -0.24890 0.69319 -0.04854
v -0.24821 0.68833 -0.04632
v -0.23418 0.69419 -0.04051
v -0.24335 0.71349 -0.03325
v -0.24488 0.71251 -0.04791
v -0.23487 0.71152 -0.03106
v -0.23886 0.78005 -0.06989
v -0.22706 0.73779 -0.06815
v -0.25300 0.80694 -0.07294
v -0.23418 0.69419 -0.04051
v -0.24094 0.64866 -0.04230
v -0.22164 0.67672 -0.06759
v -0.24446 0.80932 0.04995
v -0.23407 0.86317 0.04535
v -0.24190 0.80556 0.06714
v -0.24733 0.68923 0.01996
v -0.23487 0.71152 -0.03106
v -0.24289 0.71676 0.01910
v -0.24460 0.86909 0.06697
v -0.23639 0.91159 0.07683
v -0.24553 0.87051 0.07683
v -0.22152 1.01369 0.03044
v -0.22679 1.01169 0.06470
v -0.24539 1.01707 0.06228
v -0.24131 0.68238 -0.04094
v -0.23418 0.69419 -0.04051
v -0.24821 0.68833 -0.04632
v -0.25300 0.80694 -0.07294
v -0.23237 0.80307 -0.07817
v -0.23599 0.80308 -0.07124
v -0.24782 0.99184 -0.03518
v -0.23462 0.99508 -0.05371
v -0.24416 0.94710 -0.05681
v -0.24074 1.14433 -0.02137
v -0.24369 1.14476 0.02356
v -0.23121 1.17760 -0.01958
v -0.23563 1.14291 -0.04645
v -0.24640 1.14436 -0.02309
v -0.24074 1.14433 -0.02137
v -0.24341 0.94900 -0.06659
v -0.23296 0.99472 -0.06818
v -0.21984 0.94423 -0.07694
v -0.24456 0.99710 0.00725
v -0.22785 0.99262 0.02391
v -0.23837 1.01974 0.00625
v -0.24415 1.02249 -0.08261
v -0.24370 1.02534 -0.06194
v -0.23701 1.05522 -0.06600
v -0.23701 1.05522 -0.06600
v -0.25495 1.05589 -0.05752
v -0.23563 1.14291 -0.04645
v -0.25481 0.92076 0.02730
v -0.23524 0.99192 0.02882
v -0.25950 0.99439 0.00354
v -0.24094 0.64866 -0.04230
v -0.23418 0.69419 -0.04051
v -0.24566 0.64815 -0.04054
v -0.23520 0.91766 -0.05270
v -0.23911 0.89787 -0.04609
v -0.25766 0.90773 -0.04946
v -0.23520 0.91766 -0.05270
v -0.25766 0.90773 -0.04946
v -0.24416 0.94710 -0.05681
v -0.22353 0.91654 0.03694
v -0.21296 0.96249 0.03546
v -0.25481 0.92076 0.02730
v -0.22916 1.14402 0.04202
v -0.24369 1.14476 0.02356
v -0.23547 1.14366 0.04495
v -0.23237 0.80307 -0.07817
v -0.25300 0.80694 -0.07294
v -0.25537 0.80947 -0.08099
v -0.23487 0.71152 -0.03106
v -0.24733 0.68923 0.01996
v -0.23964 0.68670 -0.03057
v -0.24341 0.94900 -0.06659
v -0.24416 0.94710 -0.05681
v -0.23296 0.99472 -0.06818
v -0.24782 0.99184 -0.03518
v -0.24318 0.99875 -0.03968
v -0.23462 0.99508 -0.05371
v -0.25481 0.92076 0.02730
v -0.21296 0.96249 0.03546
v -0.23524 0.99192 0.02882
v -0.23964 0.68670 -0.03057
v -0.24996 0.68862 -0.03340
v -0.23487 0.71152 -0.03106
v -0.23487 0.71152 -0.03106
v -0.24996 0.68862 -0.03340
v -0.24335 0.71349 -0.03325
v -0.22785 0.99262 0.02391
v -0.25950 0.99439 0.00354
v -0.23524 0.99192 0.02882
v -0.22258 0.90913 0.04127
v -0.23722 0.91114 0.02700
v -0.24869 0.91517 0.02707
v -0.23418 0.69419 -0.04051
v -0.24131 0.68238 -0.04094
v -0.24566 0.64815 -0.04054
v -0.23701 1.05522 -0.06600
v -0.25097 1.02951 -0.05921
v -0.25495 1.05589 -0.05752
v -0.24370 1.02534 -0.06194
v -0.25097 1.02951 -0.05921
v -0.23701 1.05522 -0.06600
v -0.23722 0.91114 0.02700
v -0.24255 0.91595 0.02479
v -0.24869 0.91517 0.02707
v -0.23522 0.89426 -0.06402
v -0.25543 0.89912 -0.06567
v -0.23911 0.89787 -0.04609
v -0.24131 0.68238 -0.04094
v -0.25142 0.68298 0.00457
v -0.24566 0.64815 -0.04054
v -0.23964 0.68670 -0.03057
v -0.25319 0.68724 0.00508
v -0.24996 0.68862 -0.03340
v -0.23477 1.02269 -0.05797
v -0.24165 0.99913 -0.05756
v -0.25447 1.00173 -0.06068
v -0.24318 0.99875 -0.03968
v -0.24782 0.99184 -0.03518
v -0.24730 0.99752 -0.01948
v -0.24456 0.99710 0.00725
v -0.24620 1.02349 0.02671
v -0.25274 0.99885 0.02577
v -0.24620 1.02349 0.02671
v -0.24456 0.99710 0.00725
v -0.23837 1.01974 0.00625
v -0.23604 0.74816 0.03363
v -0.25252 0.75288 0.04054
v -0.23505 0.74615 0.03863
v -0.25142 0.68298 0.00457
v -0.24131 0.68238 -0.04094
v -0.24821 0.68833 -0.04632
v -0.24460 0.86909 0.06697
v -0.24553 0.87051 0.07683
v -0.24693 0.86866 0.07360
v -0.24165 0.99913 -0.05756
v -0.24318 0.99875 -0.03968
v -0.25447 1.00173 -0.06068
v -0.23362 0.71191 -0.06743
v -0.22711 0.71022 -0.04543
v -0.24488 0.71251 -0.04791
v -0.22785 0.99262 0.02391
v -0.24456 0.99710 0.00725
v -0.25950 0.99439 0.00354
v -0.24074 1.14433 -0.02137
v -0.25202 1.14511 0.02356
v -0.24369 1.14476 0.02356
v -0.24446 0.80932 0.04995
v -0.24190 0.80556 0.06714
v -0.25702 0.80867 0.05867
v -0.24074 1.14433 -0.02137
v -0.24640 1.14436 -0.02309
v -0.25202 1.14511 0.02356
v -0.24821 0.68833 -0.04632
v -0.24488 0.71251 -0.04791
v -0.24335 0.71349 -0.03325
v -0.24289 0.71676 0.01910
v -0.24245 0.71912 0.04013
v -0.25469 0.72008 0.01744
v -0.24821 0.68833 -0.04632
v -0.24890 0.69319 -0.04854
v -0.24488 0.71251 -0.04791
v -0.24539 1.01707 0.06228
v -0.22682 1.14200 0.05035
v -0.24984 1.02167 0.04455
v -0.26448 0.91242 -0.03418
v -0.24782 0.99184 -0.03518
v -0.24416 0.94710 -0.05681
v -0.23563 1.14291 -0.04645
v -0.27566 1.03299 -0.03015
v -0.24640 1.14436 -0.02309
v -0.24620 1.02349 0.02671
v -0.24984 1.02167 0.04455
v -0.26107 1.02737 0.03368
v -0.23964 0.68670 -0.03057
v -0.24733 0.68923 0.01996
v -0.25319 0.68724 0.00508
v -0.24821 0.68833 -0.04632
v -0.24335 0.71349 -0.03325
v -0.24996 0.68862 -0.03340
v -0.24640 1.14436 -0.02309
v -0.27566 1.03299 -0.03015
v -0.28086 1.03535 0.01706
v -0.24255 0.91595 0.02479
v -0.25630 0.92015 0.01646
v -0.24869 0.91517 0.02707
v -0.25142 0.68298 0.00457
v -0.24821 0.68833 -0.04632
v -0.24996 0.68862 -0.03340
v -0.25447 1.00173 -0.06068
v -0.25097 1.02951 -0.05921
v -0.24370 1.02534 -0.06194
v -0.23362 0.71191 -0.06743
v -0.24488 0.71251 -0.04791
v -0.27118 0.71933 -0.05637
v -0.23522 0.89426 -0.06402
v -0.23853 0.87408 -0.06311
v -0.26061 0.87864 -0.06791
v -0.23418 0.69419 -0.04051
v -0.25155 0.68208 -0.08667
v -0.24890 0.69319 -0.04854
v -0.22682 1.14200 0.05035
v -0.23547 1.14366 0.04495
v -0.26196 1.02811 0.04186
v -0.25630 0.92015 0.01646
v -0.24255 0.91595 0.02479
v -0.25481 0.92076 0.02730
v -0.25252 0.75288 0.04054
v -0.22433 0.80632 0.03190
v -0.25310 0.81198 0.03922
v -0.25202 1.14511 0.02356
v -0.24640 1.14436 -0.02309
v -0.28086 1.03535 0.01706
v -0.25447 1.00173 -0.06068
v -0.24370 1.02534 -0.06194
v -0.23477 1.02269 -0.05797
v -0.24369 1.14476 0.02356
v -0.25202 1.14511 0.02356
v -0.23547 1.14366 0.04495
v -0.25727 0.81082 0.06756
v -0.24460 0.86909 0.06697
v -0.24693 0.86866 0.07360
v -0.28086 1.03535 0.01706
v -0.26196 1.02811 0.04186
v -0.23547 1.14366 0.04495
v -0.24456 0.99710 0.00725
v -0.24730 0.99752 -0.01948
v -0.25950 0.99439 0.00354
v -0.24730 0.99752 -0.01948
v -0.25274 0.99885 0.02577
v -0.26549 1.00279 0.03335
v -0.24733 0.68923 0.01996
v -0.25868 0.68853 0.00774
v -0.25319 0.68724 0.00508
v -0.23911 0.89787 -0.04609
v -0.25725 0.90141 -0.04802
v -0.25766 0.90773 -0.04946
v -0.23639 0.91159 0.07683
v -0.24869 0.91517 0.02707
v -0.25904 0.92126 0.06231
v -0.25274 0.99885 0.02577
v -0.24620 1.02349 0.02671
v -0.26107 1.02737 0.03368
v -0.25495 1.05589 -0.05752
v -0.25097 1.02951 -0.05921
v -0.26057 1.03066 -0.05722
v -0.25142 0.68298 0.00457
v -0.25772 0.68367 0.03368
v -0.26101 0.64963 0.03210
v -0.24996 0.68862 -0.03340
v -0.25319 0.68724 0.00508
v -0.25142 0.68298 0.00457
v -0.23505 0.74615 0.03863
v -0.25252 0.75288 0.04054
v -0.25690 0.75308 0.04582
v -0.23639 0.91159 0.07683
v -0.25904 0.92126 0.06231
v -0.26085 0.91840 0.07294
v -0.27807 0.81507 -0.06709
v -0.23879 0.87262 -0.08202
v -0.25537 0.80947 -0.08099
v -0.25702 0.80867 0.05867
v -0.24190 0.80556 0.06714
v -0.25727 0.81082 0.06756
v -0.24869 0.91517 0.02707
v -0.25265 0.91183 0.03252
v -0.25904 0.92126 0.06231
v -0.25274 0.99885 0.02577
v -0.24730 0.99752 -0.01948
v -0.24456 0.99710 0.00725
v -0.26448 0.91242 -0.03418
v -0.24416 0.94710 -0.05681
v -0.25766 0.90773 -0.04946
v -0.25412 0.64827 -0.00867
v -0.25142 0.68298 0.00457
v -0.26101 0.64963 0.03210
v -0.24782 0.99184 -0.03518
v -0.26472 0.92120 -0.02519
v -0.25950 0.99439 0.00354
v -0.25252 0.75288 0.04054
v -0.25310 0.81198 0.03922
v -0.25904 0.78489 0.03960
v -0.22682 1.14200 0.05035
v -0.26196 1.02811 0.04186
v -0.24984 1.02167 0.04455
v -0.25725 0.90141 -0.04802
v -0.23911 0.89787 -0.04609
v -0.25543 0.89912 -0.06567
v -0.24446 0.80932 0.04995
v -0.25702 0.80867 0.05867
v -0.25310 0.81198 0.03922
v -0.25265 0.91183 0.03252
v -0.24869 0.91517 0.02707
v -0.25630 0.92015 0.01646
v -0.24693 0.86866 0.07360
v -0.26245 0.87252 0.06900
v -0.26982 0.86764 0.07083
v -0.25202 1.14511 0.02356
v -0.28086 1.03535 0.01706
v -0.23547 1.14366 0.04495
v -0.24289 0.71676 0.01910
v -0.25469 0.72008 0.01744
v -0.26107 0.69091 0.01831
v -0.25727 0.81082 0.06756
v -0.24693 0.86866 0.07360
v -0.26536 0.78535 0.07215
v -0.23522 0.89426 -0.06402
v -0.26061 0.87864 -0.06791
v -0.25543 0.89912 -0.06567
v -0.26107 0.69091 0.01831
v -0.24733 0.68923 0.01996
v -0.24289 0.71676 0.01910
v -0.26035 0.68276 0.00857
v -0.25772 0.68367 0.03368
v -0.25142 0.68298 0.00457
v -0.24245 0.71912 0.04013
v -0.26709 0.72600 0.04586
v -0.25469 0.72008 0.01744
v -0.27118 0.71933 -0.05637
v -0.24488 0.71251 -0.04791
v -0.27315 0.70217 -0.05511
v -0.24553 0.87051 0.07683
v -0.26914 0.87646 0.07322
v -0.24693 0.86866 0.07360
v -0.23879 0.87262 -0.08202
v -0.26061 0.87864 -0.06791
v -0.23853 0.87408 -0.06311
v -0.25274 0.99885 0.02577
v -0.26107 1.02737 0.03368
v -0.26549 1.00279 0.03335
v -0.25447 1.00173 -0.06068
v -0.27114 1.03025 -0.02787
v -0.25097 1.02951 -0.05921
v -0.26448 0.91242 -0.03418
v -0.26472 0.92120 -0.02519
v -0.24782 0.99184 -0.03518
v -0.26536 0.78535 0.07215
v -0.25310 0.81198 0.03922
v -0.25702 0.80867 0.05867
v -0.25265 0.91183 0.03252
v -0.25630 0.92015 0.01646
v -0.25481 0.92076 0.02730
v -0.25265 0.91183 0.03252
v -0.25481 0.92076 0.02730
v -0.25904 0.92126 0.06231
v -0.24890 0.69319 -0.04854
v -0.27315 0.70217 -0.05511
v -0.24488 0.71251 -0.04791
v -0.26268 0.68838 -0.06478
v -0.25155 0.68208 -0.08667
v -0.25465 0.67257 -0.08433
v -0.24782 0.99184 -0.03518
v -0.25950 0.99439 0.00354
v -0.24730 0.99752 -0.01948
v -0.25310 0.81198 0.03922
v -0.26536 0.78535 0.07215
v -0.25904 0.78489 0.03960
v -0.24890 0.69319 -0.04854
v -0.26062 0.69363 -0.06212
v -0.27572 0.70015 -0.06863
v -0.25142 0.68298 0.00457
v -0.25868 0.68853 0.00774
v -0.26035 0.68276 0.00857
v -0.25537 0.80947 -0.08099
v -0.25300 0.80694 -0.07294
v -0.27807 0.81507 -0.06709
v -0.22706 0.73779 -0.06815
v -0.26679 0.74614 -0.07491
v -0.26719 0.74853 -0.07167
v -0.27959 0.92648 0.05861
v -0.25904 0.92126 0.06231
v -0.25481 0.92076 0.02730
v -0.25495 1.05589 -0.05752
v -0.27566 1.03299 -0.03015
v -0.23563 1.14291 -0.04645
v -0.24984 1.02167 0.04455
v -0.26196 1.02811 0.04186
v -0.26107 1.02737 0.03368
v -0.25142 0.68298 0.00457
v -0.25319 0.68724 0.00508
v -0.25868 0.68853 0.00774
v -0.25155 0.68208 -0.08667
v -0.26062 0.69363 -0.06212
v -0.24890 0.69319 -0.04854
v -0.25252 0.75288 0.04054
v -0.28549 0.76085 0.04039
v -0.25690 0.75308 0.04582
v -0.25702 0.80867 0.05867
v -0.25727 0.81082 0.06756
v -0.26536 0.78535 0.07215
v -0.25155 0.68208 -0.08667
v -0.26268 0.68838 -0.06478
v -0.26062 0.69363 -0.06212
v -0.23639 0.91159 0.07683
v -0.26085 0.91840 0.07294
v -0.24553 0.87051 0.07683
v -0.24733 0.68923 0.01996
v -0.26107 0.69091 0.01831
v -0.25868 0.68853 0.00774
v -0.25300 0.80694 -0.07294
v -0.23599 0.80308 -0.07124
v -0.23886 0.78005 -0.06989
v -0.24693 0.86866 0.07360
v -0.26914 0.87646 0.07322
v -0.26245 0.87252 0.06900
v -0.24553 0.87051 0.07683
v -0.26085 0.91840 0.07294
v -0.26914 0.87646 0.07322
v -0.27566 1.03299 -0.03015
v -0.25495 1.05589 -0.05752
v -0.26057 1.03066 -0.05722
v -0.26268 0.68838 -0.06478
v -0.25465 0.67257 -0.08433
v -0.26434 0.65629 -0.07553
v -0.25543 0.89912 -0.06567
v -0.25766 0.90773 -0.04946
v -0.25725 0.90141 -0.04802
v -0.26061 0.87864 -0.06791
v -0.23879 0.87262 -0.08202
v -0.27807 0.81507 -0.06709
v -0.25772 0.68367 0.03368
v -0.26035 0.68276 0.00857
v -0.26816 0.68368 0.03292
v -0.26719 0.74853 -0.07167
v -0.25300 0.80694 -0.07294
v -0.22706 0.73779 -0.06815
v -0.25300 0.80694 -0.07294
v -0.26719 0.74853 -0.07167
v -0.27350 0.81315 -0.06360
v -0.24693 0.86866 0.07360
v -0.26982 0.86764 0.07083
v -0.26536 0.78535 0.07215
v -0.25543 0.89912 -0.06567
v -0.26061 0.87864 -0.06791
v -0.25766 0.90773 -0.04946
v -0.26057 1.03066 -0.05722
v -0.25097 1.02951 -0.05921
v -0.27566 1.03299 -0.03015
v -0.25447 1.00173 -0.06068
v -0.27725 1.00386 -0.02857
v -0.27114 1.03025 -0.02787
v -0.23362 0.71191 -0.06743
v -0.27118 0.71933 -0.05637
v -0.27195 0.72194 -0.07407
v -0.26107 0.69091 0.01831
v -0.26035 0.68276 0.00857
v -0.25868 0.68853 0.00774
v -0.27572 0.70015 -0.06863
v -0.26062 0.69363 -0.06212
v -0.27921 0.69239 -0.07026
v -0.26268 0.68838 -0.06478
v -0.26434 0.65629 -0.07553
v -0.26115 0.68786 -0.08294
v -0.26816 0.68368 0.03292
v -0.26101 0.64963 0.03210
v -0.25772 0.68367 0.03368
v -0.24730 0.99752 -0.01948
v -0.26549 1.00279 0.03335
v -0.28115 1.00487 0.01307
v -0.26914 0.87646 0.07322
v -0.26085 0.91840 0.07294
v -0.25904 0.92126 0.06231
v -0.25300 0.80694 -0.07294
v -0.27350 0.81315 -0.06360
v -0.27807 0.81507 -0.06709
v -0.25469 0.72008 0.01744
v -0.26816 0.68368 0.03292
v -0.26107 0.69091 0.01831
v -0.26816 0.68368 0.03292
v -0.26035 0.68276 0.00857
v -0.26107 0.69091 0.01831
v -0.28399 0.79140 0.03654
v -0.25904 0.78489 0.03960
v -0.26536 0.78535 0.07215
v -0.26448 0.91242 -0.03418
v -0.26452 0.91345 -0.01887
v -0.26472 0.92120 -0.02519
v -0.26448 0.91242 -0.03418
v -0.25766 0.90773 -0.04946
v -0.27193 0.91137 -0.05226
v -0.28086 1.03535 0.01706
v -0.26107 1.02737 0.03368
v -0.26196 1.02811 0.04186
v -0.28086 1.03535 0.01706
v -0.27601 1.03157 0.01557
v -0.26107 1.02737 0.03368
v -0.26062 0.69363 -0.06212
v -0.26268 0.68838 -0.06478
v -0.27921 0.69239 -0.07026
v -0.26914 0.87646 0.07322
v -0.26787 0.87624 0.06308
v -0.26245 0.87252 0.06900
v -0.27195 0.72194 -0.07407
v -0.26679 0.74614 -0.07491
v -0.23362 0.71191 -0.06743
v -0.25252 0.75288 0.04054
v -0.25904 0.78489 0.03960
v -0.29777 0.77007 0.03543
v -0.27572 0.70015 -0.06863
v -0.27315 0.70217 -0.05511
v -0.24890 0.69319 -0.04854
v -0.26245 0.87252 0.06900
v -0.26787 0.87624 0.06308
v -0.27207 0.86721 0.06171
v -0.27959 0.92648 0.05861
v -0.27335 0.92751 0.00258
v -0.28212 0.92821 0.02442
v -0.26679 0.74614 -0.07491
v -0.22706 0.73779 -0.06815
v -0.23362 0.71191 -0.06743
v -0.27229 0.82862 -0.06169
v -0.25766 0.90773 -0.04946
v -0.26061 0.87864 -0.06791
v -0.26061 0.87864 -0.06791
v -0.27807 0.81507 -0.06709
v -0.27229 0.82862 -0.06169
v -0.25904 0.92126 0.06231
v -0.27869 0.87085 0.06258
v -0.26787 0.87624 0.06308
v -0.24730 0.99752 -0.01948
v -0.28115 1.00487 0.01307
v -0.24318 0.99875 -0.03968
v -0.25481 0.92076 0.02730
v -0.25950 0.99439 0.00354
v -0.27335 0.92751 0.00258
v -0.27317 0.65054 0.03120
v -0.26101 0.64963 0.03210
v -0.26816 0.68368 0.03292
v -0.26268 0.68838 -0.06478
v -0.26115 0.68786 -0.08294
v -0.27921 0.69239 -0.07026
v -0.25252 0.75288 0.04054
v -0.29777 0.77007 0.03543
v -0.28549 0.76085 0.04039
v -0.26787 0.87624 0.06308
v -0.26914 0.87646 0.07322
v -0.25904 0.92126 0.06231
v -0.27335 0.92751 0.00258
v -0.25950 0.99439 0.00354
v -0.26472 0.92120 -0.02519
v -0.26709 0.72600 0.04586
v -0.26816 0.68368 0.03292
v -0.25469 0.72008 0.01744
v -0.26982 0.86764 0.07083
v -0.26245 0.87252 0.06900
v -0.27207 0.86721 0.06171
v -0.25097 1.02951 -0.05921
v -0.27114 1.03025 -0.02787
v -0.27566 1.03299 -0.03015
v -0.26452 0.91345 -0.01887
v -0.27335 0.92751 0.00258
v -0.26472 0.92120 -0.02519
v -0.27207 0.86721 0.06171
v -0.26787 0.87624 0.06308
v -0.27869 0.87085 0.06258
v -0.28324 0.91722 -0.01999
v -0.26448 0.91242 -0.03418
v -0.27193 0.91137 -0.05226
v -0.26536 0.78535 0.07215
v -0.26982 0.86764 0.07083
v -0.29095 0.79250 0.06758
v -0.25904 0.92126 0.06231
v -0.27959 0.92648 0.05861
v -0.27869 0.87085 0.06258
v -0.27959 0.92648 0.05861
v -0.25481 0.92076 0.02730
v -0.27335 0.92751 0.00258
v -0.27601 1.03157 0.01557
v -0.28115 1.00487 0.01307
v -0.26107 1.02737 0.03368
v -0.26448 0.91242 -0.03418
v -0.28324 0.91722 -0.01999
v -0.26452 0.91345 -0.01887
v -0.26709 0.72600 0.04586
v -0.27146 0.73130 0.05071
v -0.26816 0.68368 0.03292
v -0.28115 1.00487 0.01307
v -0.26549 1.00279 0.03335
v -0.26107 1.02737 0.03368
v -0.24318 0.99875 -0.03968
v -0.27725 1.00386 -0.02857
v -0.25447 1.00173 -0.06068
v -0.26816 0.68368 0.03292
v -0.27146 0.73130 0.05071
v -0.28053 0.68922 0.05209
v -0.29055 0.73643 0.04174
v -0.26709 0.72600 0.04586
v -0.25690 0.75308 0.04582
v -0.27229 0.82862 -0.06169
v -0.27928 0.82013 -0.04826
v -0.25766 0.90773 -0.04946
v -0.24318 0.99875 -0.03968
v -0.28115 1.00487 0.01307
v -0.27725 1.00386 -0.02857
v -0.26115 0.68786 -0.08294
v -0.29052 0.65922 -0.09585
v -0.28728 0.69208 -0.08932
v -0.26719 0.74853 -0.07167
v -0.26679 0.74614 -0.07491
v -0.28816 0.75185 -0.06606
v -0.27572 0.70015 -0.06863
v -0.27195 0.72194 -0.07407
v -0.27118 0.71933 -0.05637
v -0.26816 0.68368 0.03292
v -0.28486 0.68869 0.06948
v -0.29212 0.62187 0.06958
v -0.27229 0.82862 -0.06169
v -0.27807 0.81507 -0.06709
v -0.27928 0.82013 -0.04826
v -0.27207 0.86721 0.06171
v -0.28646 0.80978 0.06302
v -0.26982 0.86764 0.07083
v -0.28115 1.00487 0.01307
v -0.27114 1.03025 -0.02787
v -0.27725 1.00386 -0.02857
v -0.27601 1.03157 0.01557
v -0.27114 1.03025 -0.02787
v -0.28115 1.00487 0.01307
v -0.27193 0.91137 -0.05226
v -0.25766 0.90773 -0.04946
v -0.27928 0.82013 -0.04826
v -0.27350 0.81315 -0.06360
v -0.27928 0.82013 -0.04826
v -0.27807 0.81507 -0.06709
v -0.27566 1.03299 -0.03015
v -0.27114 1.03025 -0.02787
v -0.28086 1.03535 0.01706
v -0.27118 0.71933 -0.05637
v -0.27315 0.70217 -0.05511
v -0.27572 0.70015 -0.06863
v -0.28399 0.79140 0.03654
v -0.26536 0.78535 0.07215
v -0.29095 0.79250 0.06758
v -0.27601 1.03157 0.01557
v -0.28086 1.03535 0.01706
v -0.27114 1.03025 -0.02787
v -0.27195 0.72194 -0.07407
v -0.27572 0.70015 -0.06863
v -0.27921 0.69239 -0.07026
v -0.28324 0.91722 -0.01999
v -0.27335 0.92751 0.00258
v -0.26452 0.91345 -0.01887
v -0.26816 0.68368 0.03292
v -0.28053 0.68922 0.05209
v -0.28486 0.68869 0.06948
v -0.29055 0.73643 0.04174
v -0.25690 0.75308 0.04582
v -0.28549 0.76085 0.04039
v -0.27869 0.87085 0.06258
v -0.28646 0.80978 0.06302
v -0.27207 0.86721 0.06171
v -0.28189 0.87350 -0.04849
v -0.27193 0.91137 -0.05226
v -0.27928 0.82013 -0.04826
v -0.28324 0.91722 -0.01999
v -0.27193 0.91137 -0.05226
v -0.28189 0.87350 -0.04849
v -0.26679 0.74614 -0.07491
v -0.27195 0.72194 -0.07407
v -0.30101 0.69627 -0.06336
v -0.26719 0.74853 -0.07167
v -0.28816 0.75185 -0.06606
v -0.27350 0.81315 -0.06360
v -0.30101 0.69627 -0.06336
v -0.27195 0.72194 -0.07407
v -0.27921 0.69239 -0.07026
v -0.29582 0.81176 0.06047
v -0.28646 0.80978 0.06302
v -0.27869 0.87085 0.06258
v -0.27146 0.73130 0.05071
v -0.29390 0.73488 0.04748
v -0.28053 0.68922 0.05209
v -0.27869 0.87085 0.06258
v -0.27959 0.92648 0.05861
v -0.29094 0.87403 0.06113
v -0.27335 0.92751 0.00258
v -0.28796 0.93007 -0.00065
v -0.28212 0.92821 0.02442
v -0.28324 0.91722 -0.01999
v -0.28796 0.93007 -0.00065
v -0.27335 0.92751 0.00258
v -0.29777 0.77007 0.03543
v -0.25904 0.78489 0.03960
v -0.28399 0.79140 0.03654
v -0.27146 0.73130 0.05071
v -0.26709 0.72600 0.04586
v -0.29055 0.73643 0.04174
v -0.26115 0.68786 -0.08294
v -0.30101 0.69627 -0.06336
v -0.27921 0.69239 -0.07026
v -0.28083 0.81060 0.03648
v -0.29697 0.81717 0.03493
v -0.28839 0.81280 0.03437
v -0.28728 0.69208 -0.08932
v -0.30101 0.69627 -0.06336
v -0.26115 0.68786 -0.08294
v -0.28083 0.81060 0.03648
v -0.28399 0.79140 0.03654
v -0.29095 0.79250 0.06758
v -0.28189 0.87350 -0.04849
v -0.28575 0.87366 -0.02747
v -0.29001 0.87577 -0.02766
v -0.27928 0.82013 -0.04826
v -0.29016 0.82234 -0.04794
v -0.28189 0.87350 -0.04849
v -0.29016 0.82234 -0.04794
v -0.28575 0.87366 -0.02747
v -0.28189 0.87350 -0.04849
v -0.28646 0.80978 0.06302
v -0.28083 0.81060 0.03648
v -0.29095 0.79250 0.06758
v -0.28212 0.92821 0.02442
v -0.29441 0.87450 0.03061
v -0.29094 0.87403 0.06113
v -0.29697 0.81717 0.03493
v -0.27869 0.87085 0.06258
v -0.28276 0.87012 0.03276
v -0.28276 0.87012 0.03276
v -0.27869 0.87085 0.06258
v -0.29094 0.87403 0.06113
v -0.29016 0.82234 -0.04794
v -0.27928 0.82013 -0.04826
v -0.29089 0.82084 -0.02443
v -0.29777 0.77007 0.03543
v -0.28763 0.76677 0.04740
v -0.28549 0.76085 0.04039
v -0.27146 0.73130 0.05071
v -0.29055 0.73643 0.04174
v -0.29390 0.73488 0.04748
v -0.30229 0.69933 -0.05467
v -0.28744 0.76512 -0.05482
v -0.27350 0.81315 -0.06360
v -0.30229 0.69933 -0.05467
v -0.27350 0.81315 -0.06360
v -0.28816 0.75185 -0.06606
v -0.29016 0.82234 -0.04794
v -0.29089 0.82084 -0.02443
v -0.29774 0.82446 -0.02830
v -0.29697 0.81717 0.03493
v -0.28083 0.81060 0.03648
v -0.28646 0.80978 0.06302
v -0.29441 0.87450 0.03061
v -0.28212 0.92821 0.02442
v -0.29815 0.88839 0.00281
v -0.29697 0.81717 0.03493
v -0.29582 0.81176 0.06047
v -0.27869 0.87085 0.06258
v -0.26982 0.86764 0.07083
v -0.28646 0.80978 0.06302
v -0.29095 0.79250 0.06758
v -0.28796 0.93007 -0.00065
v -0.28324 0.91722 -0.01999
v -0.28189 0.87350 -0.04849
v -0.28212 0.92821 0.02442
v -0.29094 0.87403 0.06113
v -0.27959 0.92648 0.05861
v -0.28549 0.76085 0.04039
v -0.28763 0.76677 0.04740
v -0.29055 0.73643 0.04174
v -0.28763 0.76677 0.04740
v -0.29390 0.73488 0.04748
v -0.29055 0.73643 0.04174
v -0.28189 0.87350 -0.04849
v -0.29001 0.87577 -0.02766
v -0.29815 0.88839 0.00281
v -0.28728 0.69208 -0.08932
v -0.29052 0.65922 -0.09585
v -0.30358 0.69296 -0.06601
v -0.28276 0.87012 0.03276
v -0.29094 0.87403 0.06113
v -0.29441 0.87450 0.03061
v -0.30101 0.69627 -0.06336
v -0.28728 0.69208 -0.08932
v -0.30358 0.69296 -0.06601
v -0.29089 0.82084 -0.02443
v -0.27928 0.82013 -0.04826
v -0.27350 0.81315 -0.06360
v -0.28839 0.81280 0.03437
v -0.29777 0.77007 0.03543
v -0.28399 0.79140 0.03654
v -0.28189 0.87350 -0.04849
v -0.29815 0.88839 0.00281
v -0.28796 0.93007 -0.00065
v -0.28839 0.81280 0.03437
v -0.28399 0.79140 0.03654
v -0.28083 0.81060 0.03648
v -0.29016 0.82234 -0.04794
v -0.29774 0.82446 -0.02830
v -0.28575 0.87366 -0.02747
v -0.28763 0.76677 0.04740
v -0.29777 0.77007 0.03543
v -0.30480 0.77089 0.04339
v -0.30101 0.69627 -0.06336
v -0.28816 0.75185 -0.06606
v -0.26679 0.74614 -0.07491
v -0.29582 0.81176 0.06047
v -0.29697 0.81717 0.03493
v -0.28646 0.80978 0.06302
v -0.28053 0.68922 0.05209
v -0.29390 0.73488 0.04748
v -0.32551 0.69991 0.04162
v -0.28816 0.75185 -0.06606
v -0.30101 0.69627 -0.06336
v -0.30229 0.69933 -0.05467
v -0.28796 0.93007 -0.00065
v -0.29815 0.88839 0.00281
v -0.28212 0.92821 0.02442
v -0.29089 0.82084 -0.02443
v -0.27350 0.81315 -0.06360
v -0.29547 0.80103 -0.02418
v -0.28839 0.81280 0.03437
v -0.29697 0.81717 0.03493
v -0.30206 0.82047 0.00816
v -0.29774 0.82446 -0.02830
v -0.29001 0.87577 -0.02766
v -0.28575 0.87366 -0.02747
v -0.29777 0.77007 0.03543
v -0.28839 0.81280 0.03437
v -0.31603 0.77528 0.00601
v -0.29441 0.87450 0.03061
v -0.29697 0.81717 0.03493
v -0.28276 0.87012 0.03276
v -0.29089 0.82084 -0.02443
v -0.29547 0.80103 -0.02418
v -0.30504 0.80184 -0.02810
v -0.29089 0.82084 -0.02443
v -0.30504 0.80184 -0.02810
v -0.29774 0.82446 -0.02830
v -0.31595 0.80945 0.00544
v -0.29815 0.88839 0.00281
v -0.29001 0.87577 -0.02766
v -0.28839 0.81280 0.03437
v -0.30817 0.80507 0.00500
v -0.31603 0.77528 0.00601
v -0.29774 0.82446 -0.02830
v -0.30504 0.80184 -0.02810
v -0.29001 0.87577 -0.02766
v -0.30229 0.69933 -0.05467
v -0.31575 0.70257 -0.05660
v -0.30019 0.76840 -0.05766
v -0.30019 0.76840 -0.05766
v -0.28744 0.76512 -0.05482
v -0.30229 0.69933 -0.05467
v -0.31682 0.69412 0.06352
v -0.28486 0.68869 0.06948
v -0.28053 0.68922 0.05209
v -0.32551 0.69991 0.04162
v -0.29390 0.73488 0.04748
v -0.28763 0.76677 0.04740
v -0.29815 0.88839 0.00281
v -0.31135 0.82445 0.00661
v -0.30948 0.81918 0.03285
v -0.31595 0.80945 0.00544
v -0.29001 0.87577 -0.02766
v -0.30504 0.80184 -0.02810
v -0.31603 0.77528 0.00601
v -0.29547 0.80103 -0.02418
v -0.27350 0.81315 -0.06360
v -0.30948 0.81918 0.03285
v -0.29441 0.87450 0.03061
v -0.29815 0.88839 0.00281
v -0.28744 0.76512 -0.05482
v -0.31172 0.77122 -0.03295
v -0.31603 0.77528 0.00601
v -0.31603 0.77528 0.00601
v -0.27350 0.81315 -0.06360
v -0.28744 0.76512 -0.05482
v -0.30101 0.69627 -0.06336
v -0.31053 0.69617 -0.03865
v -0.30229 0.69933 -0.05467
v -0.30019 0.76840 -0.05766
v -0.31172 0.77122 -0.03295
v -0.28744 0.76512 -0.05482
v -0.30948 0.81918 0.03285
v -0.29697 0.81717 0.03493
v -0.29441 0.87450 0.03061
v -0.28839 0.81280 0.03437
v -0.30206 0.82047 0.00816
v -0.30817 0.80507 0.00500
v -0.31359 0.77249 0.03447
v -0.29777 0.77007 0.03543
v -0.31603 0.77528 0.00601
v -0.29547 0.80103 -0.02418
v -0.31603 0.77528 0.00601
v -0.30817 0.80507 0.00500
v -0.29052 0.65922 -0.09585
v -0.31178 0.65435 -0.06711
v -0.30358 0.69296 -0.06601
v -0.29547 0.80103 -0.02418
v -0.30817 0.80507 0.00500
v -0.31595 0.80945 0.00544
v -0.29547 0.80103 -0.02418
v -0.31595 0.80945 0.00544
v -0.30504 0.80184 -0.02810
v -0.30206 0.82047 0.00816
v -0.31595 0.80945 0.00544
v -0.30817 0.80507 0.00500
v -0.30948 0.81918 0.03285
v -0.30206 0.82047 0.00816
v -0.29697 0.81717 0.03493
v -0.30019 0.76840 -0.05766
v -0.31575 0.70257 -0.05660
v -0.31172 0.77122 -0.03295
v -0.30206 0.82047 0.00816
v -0.31135 0.82445 0.00661
v -0.31595 0.80945 0.00544
v -0.29815 0.88839 0.00281
v -0.31595 0.80945 0.00544
v -0.31135 0.82445 0.00661
v -0.30101 0.69627 -0.06336
v -0.32198 0.69594 -0.03132
v -0.31053 0.69617 -0.03865
v -0.31359 0.77249 0.03447
v -0.30480 0.77089 0.04339
v -0.29777 0.77007 0.03543
v -0.30206 0.82047 0.00816
v -0.30948 0.81918 0.03285
v -0.31135 0.82445 0.00661
v -0.31919 0.69497 -0.06646
v -0.30101 0.69627 -0.06336
v -0.30358 0.69296 -0.06601
v -0.30358 0.69296 -0.06601
v -0.31178 0.65435 -0.06711
v -0.31919 0.69497 -0.06646
v -0.31053 0.69617 -0.03865
v -0.32198 0.69594 -0.03132
v -0.31318 0.69561 -0.03622
v -0.31603 0.77528 0.00601
v -0.31172 0.77122 -0.03295
v -0.32160 0.77564 0.00376
v -0.31053 0.69617 -0.03865
v -0.32072 0.69908 -0.03054
v -0.30229 0.69933 -0.05467
v -0.30101 0.69627 -0.06336
v -0.31919 0.69497 -0.06646
v -0.32198 0.69594 -0.03132
v -0.31053 0.69617 -0.03865
v -0.31318 0.69561 -0.03622
v -0.32072 0.69908 -0.03054
v -0.31575 0.70257 -0.05660
v -0.30229 0.69933 -0.05467
v -0.32072 0.69908 -0.03054
v -0.31172 0.77122 -0.03295
v -0.31575 0.70257 -0.05660
v -0.32723 0.70250 -0.03197
v -0.32551 0.69991 0.04162
v -0.30480 0.77089 0.04339
v -0.31359 0.77249 0.03447
v -0.31603 0.77528 0.00601
v -0.32160 0.77564 0.00376
v -0.31359 0.77249 0.03447
v -0.32551 0.69991 0.04162
v -0.28763 0.76677 0.04740
v -0.30480 0.77089 0.04339
v -0.31178 0.65435 -0.06711
v -0.32377 0.65908 -0.06808
v -0.31919 0.69497 -0.06646
v -0.31318 0.69561 -0.03622
v -0.32198 0.69594 -0.03132
v -0.32072 0.69908 -0.03054
v -0.28053 0.68922 0.05209
v -0.31149 0.69519 0.03079
v -0.31682 0.69412 0.06352
v -0.31149 0.69519 0.03079
v -0.32551 0.69991 0.04162
v -0.32802 0.69565 -0.01135
v -0.32551 0.69991 0.04162
v -0.31149 0.69519 0.03079
v -0.28053 0.68922 0.05209
v -0.31682 0.69412 0.06352
v -0.29212 0.62187 0.06958
v -0.28486 0.68869 0.06948
v -0.32802 0.69565 -0.01135
v -0.32198 0.69594 -0.03132
v -0.31919 0.69497 -0.06646
v -0.32072 0.69908 -0.03054
v -0.32198 0.69594 -0.03132
v -0.32802 0.69565 -0.01135
v -0.31149 0.69519 0.03079
v -0.32802 0.69565 -0.01135
v -0.33383 0.69431 0.02659
v -0.32802 0.69565 -0.01135
v -0.32551 0.69991 0.04162
v -0.32958 0.69987 0.00339
v -0.32072 0.69908 -0.03054
v -0.32723 0.70250 -0.03197
v -0.31575 0.70257 -0.05660
v -0.32958 0.69987 0.00339
v -0.32723 0.70250 -0.03197
v -0.32072 0.69908 -0.03054
v -0.32802 0.69565 -0.01135
v -0.32958 0.69987 0.00339
v -0.32072 0.69908 -0.03054
v -0.32551 0.69991 0.04162
v -0.31359 0.77249 0.03447
v -0.32160 0.77564 0.00376
v -0.31682 0.69412 0.06352
v -0.31149 0.69519 0.03079
v -0.32925 0.69377 0.02865
v -0.32802 0.69565 -0.01135
v -0.31919 0.69497 -0.06646
v -0.32377 0.65908 -0.06808
v -0.32958 0.69987 0.00339
v -0.32551 0.69991 0.04162
v -0.33622 0.70359 0.00215
v -0.32160 0.77564 0.00376
v -0.31172 0.77122 -0.03295
v -0.32723 0.70250 -0.03197
v -0.32958 0.69987 0.00339
v -0.33622 0.70359 0.00215
v -0.32723 0.70250 -0.03197
v -0.32160 0.77564 0.00376
v -0.32723 0.70250 -0.03197
v -0.33622 0.70359 0.00215
v -0.31149 0.69519 0.03079
v -0.33383 0.69431 0.02659
v -0.32925 0.69377 0.02865
v -0.32891 0.62462 0.06277
v -0.31682 0.69412 0.06352
v -0.32925 0.69377 0.02865
v -0.33383 0.69431 0.02659
v -0.32802 0.69565 -0.01135
v -0.33795 0.65980 0.02504
v -0.33622 0.70359 0.00215
v -0.32551 0.69991 0.04162
v -0.32160 0.77564 0.00376
v -0.32802 0.69565 -0.01135
v -0.32377 0.65908 -0.06808
v -0.33795 0.65980 0.02504
v -0.33259 0.65739 0.02520
v -0.32925 0.69377 0.02865
v -0.33795 0.65980 0.02504
v -0.33383 0.69431 0.02659
v -0.33795 0.65980 0.02504
v -0.32925 0.69377 0.02865
v -0.15216 1.09302 -0.00663
v -0.15516 1.13648 -0.00466
v -0.14744 1.13237 0.01676
v -0.15647 1.13445 0.01557
v -0.14826 1.11683 0.01791
v -0.14627 1.11331 -0.00418
v -0.13980 1.10504 -0.02854
v -0.14040 1.15714 -0.03023
v -0.17304 1.16940 -0.03096
v -0.11558 1.14789 -0.06660
v -0.19048 1.13939 -0.08139
v -0.12303 1.12021 -0.06745
v -0.19150 1.13695 -0.10182
v -0.12866 1.11869 -0.09955
v -0.14408 1.05248 -0.10022
v -0.14289 1.04952 -0.07620
v -0.15866 1.01929 -0.07809
v -0.13761 1.01423 -0.07687
v -0.15622 0.94715 -0.07676
v -0.15180 0.94627 -0.03539
v -0.15690 0.94753 0.02320
v -0.14553 0.98899 0.02123
v -0.14461 0.99908 0.02245
v -0.16945 1.00925 0.03866
v -0.14066 1.00218 0.02492
v -0.16572 1.01052 0.04652
v -0.15213 1.06054 0.04331
v -0.15419 1.06002 0.03091
v -0.15486 1.07320 0.03015
v -0.14604 1.13685 0.04523
v -0.15353 1.13473 0.06499
v -0.15133 1.12905 0.08618
v -0.15176 1.16205 0.09071
v -0.15416 1.18686 0.03883
v -0.16757 1.18792 0.03938
v -0.16739 1.18719 0.01425
v -0.15447 1.18728 0.01358
v -0.15280 1.17522 -0.00987
v -0.15170 1.13934 -0.00772
v -0.28048 0.66065 -0.01546
v -0.23009 0.64411 -0.06721
v -0.22164 0.67672 -0.06759
v -0.24094 0.64866 -0.04230
v -0.24566 0.64815 -0.04054
v -0.25142 0.68298 0.00457
v -0.25412 0.64827 -0.00867
v -0.26101 0.64963 0.03210
v -0.27317 0.65054 0.03120
v -0.26816 0.68368 0.03292
v -0.29212 0.62187 0.06958
v -0.31682 0.69412 0.06352
v -0.32891 0.62462 0.06277
v -0.32925 0.69377 0.02865
v -0.33259 0.65739 0.02520
v -0.33795 0.65980 0.02504
v -0.32377 0.65908 -0.06808
v -0.31178 0.65435 -0.06711
v -0.29052 0.65922 -0.09585
v -0.26115 0.68786 -0.08294
v -0.26434 0.65629 -0.07553
v -0.25465 0.67257 -0.08433
vt 0.26791 0.26761
vt 0.27088 0.26375
vt 0.26980 0.26834
vt 0.32723 0.02818
vt 0.32227 0.02817
vt 0.32192 0.02008
vt 0.00865 0.01440
vt 0.00795 0.01682
vt 0.00374 0.01505
vt 0.07884 0.68883
vt 0.07930 0.66777
vt 0.07994 0.66731
vt 0.07926 0.65206
vt 0.07994 0.66731
vt 0.07930 0.66777
vt 0.07925 0.65206
vt 0.07930 0.66777
vt 0.07820 0.66743
vt 0.09503 0.07344
vt 0.09935 0.09268
vt 0.09466 0.09294
vt 0.49192 0.06930
vt 0.49232 0.07640
vt 0.48953 0.07876
vt 0.49192 0.06930
vt 0.48953 0.07876
vt 0.48829 0.06996
vt 0.24078 0.66332
vt 0.23350 0.67975
vt 0.23653 0.66646
vt 0.23649 0.66679
vt 0.22851 0.67919
vt 0.22536 0.67132
vt 0.22851 0.67919
vt 0.23660 0.66675
vt 0.23350 0.67975
vt 0.48361 0.51520
vt 0.47824 0.51520
vt 0.48313 0.51404
vt 0.07740 0.09014
vt 0.08129 0.08694
vt 0.08778 0.08936
vt 0.28137 0.08920
vt 0.28928 0.08920
vt 0.28103 0.10113
vt 0.13231 0.01204
vt 0.13017 0.00386
vt 0.13231 0.00369
vt 0.45489 0.91860
vt 0.45200 0.91788
vt 0.45210 0.90102
vt 0.08129 0.08694
vt 0.07740 0.09014
vt 0.07891 0.07982
vt 0.45489 0.91860
vt 0.45210 0.90102
vt 0.45676 0.90086
vt 0.46788 0.61295
vt 0.46591 0.60445
vt 0.46710 0.60411
vt 0.08129 0.08694
vt 0.07891 0.07982
vt 0.08170 0.08009
vt 0.07820 0.66743
vt 0.07805 0.66072
vt 0.07925 0.65206
vt 0.05124 0.44416
vt 0.04747 0.45321
vt 0.04612 0.44477
vt 0.12324 0.07271
vt 0.12388 0.08720
vt 0.11418 0.07260
vt 0.07930 0.66777
vt 0.07884 0.68883
vt 0.07826 0.68633
vt 0.12388 0.08720
vt 0.11454 0.08754
vt 0.11418 0.07260
vt 0.07925 0.65206
vt 0.07805 0.66072
vt 0.07705 0.65650
vt 0.13231 0.01204
vt 0.13008 0.01217
vt 0.13017 0.00386
vt 0.07738 0.71316
vt 0.06946 0.71192
vt 0.07021 0.70494
vt 0.46226 0.18201
vt 0.45857 0.18429
vt 0.46207 0.16882
vt 0.47134 0.84913
vt 0.47267 0.84890
vt 0.47252 0.86341
vt 0.49094 0.90484
vt 0.49411 0.89991
vt 0.49484 0.90253
vt 0.47134 0.84913
vt 0.47252 0.86341
vt 0.47142 0.86369
vt 0.32192 0.02008
vt 0.32578 0.01766
vt 0.32722 0.01801
vt 0.39263 0.80544
vt 0.40063 0.81078
vt 0.39937 0.81117
vt 0.47350 0.31398
vt 0.46687 0.31398
vt 0.47396 0.30701
vt 0.28928 0.08920
vt 0.29157 0.10158
vt 0.28103 0.10113
vt 0.44350 0.58927
vt 0.44201 0.59104
vt 0.43994 0.58652
vt 0.09242 0.79679
vt 0.09655 0.78794
vt 0.09477 0.80201
vt 0.09242 0.79679
vt 0.09340 0.78563
vt 0.09655 0.78794
vt 0.09340 0.78563
vt 0.09242 0.79679
vt 0.09113 0.78449
vt 0.25178 0.25182
vt 0.24771 0.26795
vt 0.24654 0.26661
vt 0.07884 0.68883
vt 0.07327 0.69238
vt 0.07826 0.68633
vt 0.47132 0.28299
vt 0.47163 0.27529
vt 0.47502 0.27408
vt 0.06611 0.43838
vt 0.05124 0.44416
vt 0.05148 0.43813
vt 0.38600 0.45130
vt 0.37504 0.42732
vt 0.38600 0.42850
vt 0.45331 0.28723
vt 0.45318 0.27766
vt 0.45972 0.27873
vt 0.45015 0.95844
vt 0.44900 0.97227
vt 0.44059 0.96244
vt 0.07136 0.82161
vt 0.06559 0.83651
vt 0.06552 0.82157
vt 0.44098 0.58438
vt 0.44350 0.58927
vt 0.43994 0.58652
vt 0.25176 0.25180
vt 0.25199 0.25652
vt 0.24771 0.26795
vt 0.32723 0.02818
vt 0.32192 0.02008
vt 0.32722 0.01801
vt 0.41413 0.48911
vt 0.41073 0.48797
vt 0.41019 0.46403
vt 0.37504 0.42732
vt 0.38104 0.45169
vt 0.38077 0.46019
vt 0.48595 0.80812
vt 0.49049 0.81076
vt 0.48573 0.81110
vt 0.05348 0.44922
vt 0.04747 0.45321
vt 0.05124 0.44416
vt 0.48595 0.80812
vt 0.49077 0.80797
vt 0.49049 0.81076
vt 0.45860 0.22339
vt 0.45921 0.21426
vt 0.46057 0.21560
vt 0.38104 0.45169
vt 0.37504 0.42732
vt 0.38600 0.45130
vt 0.45331 0.28723
vt 0.45972 0.27874
vt 0.46005 0.29205
vt 0.47502 0.27408
vt 0.47714 0.27077
vt 0.47132 0.28299
vt 0.49570 0.49188
vt 0.49402 0.49344
vt 0.49191 0.49169
vt 0.09113 0.78449
vt 0.09242 0.79679
vt 0.09034 0.79472
vt 0.46710 0.60411
vt 0.46591 0.60445
vt 0.46819 0.59716
vt 0.30872 0.96939
vt 0.30887 0.97552
vt 0.30713 0.97453
vt 0.08903 0.80657
vt 0.08968 0.79473
vt 0.09242 0.79679
vt 0.09477 0.80201
vt 0.09134 0.82017
vt 0.09242 0.79679
vt 0.36532 0.84247
vt 0.37363 0.86194
vt 0.36551 0.87656
vt 0.14324 0.01086
vt 0.14324 0.00500
vt 0.14361 0.00628
vt 0.48444 0.25094
vt 0.48905 0.26144
vt 0.48444 0.26142
vt 0.46819 0.59716
vt 0.46591 0.60445
vt 0.46732 0.59745
vt 0.07926 0.65207
vt 0.07705 0.65650
vt 0.06858 0.65499
vt 0.46058 0.21561
vt 0.45955 0.22490
vt 0.45860 0.22339
vt 0.48444 0.25094
vt 0.48869 0.25130
vt 0.48905 0.26144
vt 0.30700 0.96610
vt 0.30872 0.96939
vt 0.30712 0.97449
vt 0.09477 0.80201
vt 0.10129 0.80785
vt 0.09134 0.82017
vt 0.44379 0.13320
vt 0.44518 0.13871
vt 0.43822 0.14089
vt 0.18155 0.04438
vt 0.17499 0.04455
vt 0.17558 0.03331
vt 0.44517 0.13871
vt 0.44744 0.14440
vt 0.44118 0.14897
vt 0.07327 0.69238
vt 0.07884 0.68883
vt 0.07375 0.69505
vt 0.06946 0.71192
vt 0.07738 0.71316
vt 0.06871 0.72871
vt 0.09242 0.79679
vt 0.09134 0.82017
vt 0.08903 0.80657
vt 0.39671 0.81547
vt 0.39263 0.80544
vt 0.39937 0.81117
vt 0.38068 0.01806
vt 0.38122 0.02654
vt 0.37601 0.01803
vt 0.25138 0.32756
vt 0.26088 0.33332
vt 0.25317 0.33153
vt 0.05760 0.90325
vt 0.06275 0.87199
vt 0.06753 0.90325
vt 0.05563 0.87203
vt 0.06275 0.87199
vt 0.05760 0.90325
vt 0.17557 0.03333
vt 0.18132 0.03437
vt 0.18155 0.04438
vt 0.30360 0.09031
vt 0.30913 0.09031
vt 0.30883 0.11137
vt 0.37601 0.01804
vt 0.38122 0.02654
vt 0.37639 0.02641
vt 0.47495 0.14500
vt 0.46832 0.14485
vt 0.46807 0.14191
vt 0.30872 0.96939
vt 0.30700 0.96610
vt 0.31440 0.96760
vt 0.07297 0.72809
vt 0.06871 0.72871
vt 0.07738 0.71316
vt 0.32926 0.01475
vt 0.32783 0.01475
vt 0.32923 0.00607
vt 0.42051 0.93732
vt 0.41118 0.94061
vt 0.42013 0.92543
vt 0.05348 0.44922
vt 0.05124 0.44416
vt 0.05695 0.45434
vt 0.47396 0.30701
vt 0.46687 0.31398
vt 0.46683 0.30643
vt 0.47132 0.28299
vt 0.47714 0.27077
vt 0.47706 0.28430
vt 0.24591 0.33169
vt 0.24274 0.32902
vt 0.25138 0.32756
vt 0.44518 0.13872
vt 0.44118 0.14897
vt 0.43822 0.14090
vt 0.05563 0.87203
vt 0.04893 0.90294
vt 0.05207 0.88118
vt 0.07739 0.71315
vt 0.07022 0.70492
vt 0.07741 0.70426
vt 0.05563 0.87203
vt 0.05760 0.90325
vt 0.04893 0.90294
vt 0.47773 0.34612
vt 0.48337 0.34612
vt 0.47793 0.34863
vt 0.47495 0.14500
vt 0.46807 0.14191
vt 0.47382 0.14203
vt 0.25518 0.33374
vt 0.25317 0.33153
vt 0.26088 0.33332
vt 0.31440 0.96760
vt 0.30700 0.96610
vt 0.31182 0.96598
vt 0.49147 0.49173
vt 0.49177 0.50134
vt 0.48694 0.50134
vt 0.09134 0.82017
vt 0.08916 0.81869
vt 0.08903 0.80657
vt 0.10140 0.81551
vt 0.10129 0.80785
vt 0.10594 0.81826
vt 0.10129 0.80785
vt 0.09829 0.82435
vt 0.09134 0.82017
vt 0.10140 0.81551
vt 0.09829 0.82435
vt 0.10129 0.80785
vt 0.49147 0.49173
vt 0.48694 0.50134
vt 0.48692 0.49172
vt 0.24591 0.33169
vt 0.25138 0.32756
vt 0.25317 0.33153
vt 0.06611 0.43838
vt 0.05695 0.45434
vt 0.05124 0.44416
vt 0.38077 0.46019
vt 0.37490 0.46005
vt 0.37504 0.42732
vt 0.48881 0.80351
vt 0.48881 0.80551
vt 0.48418 0.80408
vt 0.41073 0.48797
vt 0.41413 0.48911
vt 0.41219 0.48940
vt 0.07375 0.69505
vt 0.06824 0.69400
vt 0.07327 0.69238
vt 0.07297 0.72809
vt 0.07738 0.71316
vt 0.07296 0.73772
vt 0.10291 0.81683
vt 0.10075 0.82651
vt 0.10140 0.81551
vt 0.25518 0.33374
vt 0.26088 0.33332
vt 0.26129 0.35225
vt 0.24274 0.32902
vt 0.24591 0.33169
vt 0.24333 0.33309
vt 0.45955 0.22490
vt 0.45521 0.22528
vt 0.45860 0.22339
vt 0.47885 0.95080
vt 0.47259 0.95080
vt 0.47863 0.94712
vt 0.19639 0.97759
vt 0.19628 0.97031
vt 0.20457 0.97118
vt 0.47382 0.14203
vt 0.47491 0.14325
vt 0.47495 0.14500
vt 0.32783 0.01475
vt 0.32805 0.00688
vt 0.32923 0.00607
vt 0.31888 0.76121
vt 0.31800 0.75924
vt 0.32062 0.75985
vt 0.31888 0.76121
vt 0.32062 0.75985
vt 0.31985 0.76171
vt 0.39671 0.81547
vt 0.38583 0.80597
vt 0.39263 0.80544
vt 0.47695 0.85166
vt 0.47300 0.86253
vt 0.47308 0.85154
vt 0.10075 0.82651
vt 0.09829 0.82435
vt 0.10140 0.81551
vt 0.01325 0.06778
vt 0.00971 0.06913
vt 0.00854 0.06680
vt 0.27724 0.01211
vt 0.27724 0.02158
vt 0.27603 0.01243
vt 0.24317 0.01666
vt 0.24771 0.01641
vt 0.24801 0.02324
vt 0.29671 0.99685
vt 0.29546 0.99685
vt 0.29575 0.99225
vt 0.10723 0.81322
vt 0.10594 0.81826
vt 0.10129 0.80785
vt 0.31440 0.96760
vt 0.31182 0.96598
vt 0.31238 0.96378
vt 0.05207 0.88118
vt 0.04893 0.90294
vt 0.04893 0.88153
vt 0.25179 0.25180
vt 0.25842 0.25448
vt 0.25199 0.25652
vt 0.07136 0.82161
vt 0.07326 0.83873
vt 0.06559 0.83651
vt 0.31440 0.96760
vt 0.31238 0.96378
vt 0.31440 0.96316
vt 0.07618 0.83841
vt 0.07326 0.83873
vt 0.07136 0.82161
vt 0.42051 0.93732
vt 0.42065 0.94944
vt 0.41202 0.94858
vt 0.30993 0.09193
vt 0.30484 0.07421
vt 0.31439 0.07706
vt 0.25178 0.25181
vt 0.25955 0.25224
vt 0.25842 0.25448
vt 0.44778 0.94244
vt 0.45129 0.94172
vt 0.45281 0.94436
vt 0.47471 0.48076
vt 0.47350 0.49454
vt 0.47351 0.48018
vt 0.33879 0.49533
vt 0.33720 0.48580
vt 0.33676 0.46930
vt 0.24274 0.32902
vt 0.24333 0.33309
vt 0.24063 0.33816
vt 0.47392 0.00815
vt 0.47392 0.01762
vt 0.47182 0.01750
vt 0.08811 0.51525
vt 0.09058 0.51251
vt 0.08790 0.53322
vt 0.16652 0.98018
vt 0.16970 0.98834
vt 0.16825 0.99157
vt 0.24317 0.01666
vt 0.24801 0.02324
vt 0.24282 0.02305
vt 0.37857 0.67425
vt 0.37663 0.67381
vt 0.37809 0.64042
vt 0.46472 0.93153
vt 0.45942 0.93128
vt 0.45942 0.92345
vt 0.38008 0.33623
vt 0.37860 0.32615
vt 0.37927 0.31086
vt 0.39090 0.63484
vt 0.38926 0.63659
vt 0.38804 0.63314
vt 0.20457 0.97118
vt 0.19628 0.97031
vt 0.19582 0.96542
vt 0.07734 0.54894
vt 0.08221 0.51640
vt 0.08570 0.51431
vt 0.49933 0.84785
vt 0.49993 0.84754
vt 0.49985 0.85216
vt 0.29968 0.06612
vt 0.29972 0.08303
vt 0.29792 0.06907
vt 0.33676 0.46930
vt 0.33789 0.46189
vt 0.34006 0.46206
vt 0.06275 0.87199
vt 0.06709 0.87177
vt 0.06753 0.90325
vt 0.31182 0.96598
vt 0.31196 0.95956
vt 0.31238 0.96378
vt 0.01361 0.06973
vt 0.00971 0.06913
vt 0.01325 0.06778
vt 0.33986 0.47672
vt 0.33676 0.46930
vt 0.34006 0.46206
vt 0.47403 0.12321
vt 0.47767 0.11712
vt 0.48037 0.12306
vt 0.31348 0.00806
vt 0.31527 0.01702
vt 0.31384 0.01210
vt 0.34345 0.68087
vt 0.35308 0.68303
vt 0.35196 0.68386
vt 0.06858 0.65499
vt 0.06835 0.65083
vt 0.07926 0.65207
vt 0.08295 0.96452
vt 0.09248 0.96499
vt 0.08288 0.96600
vt 0.33986 0.47672
vt 0.34059 0.49294
vt 0.33676 0.46930
vt 0.33879 0.49533
vt 0.33676 0.46930
vt 0.34059 0.49295
vt 0.39090 0.63484
vt 0.38804 0.63314
vt 0.39079 0.63005
vt 0.29792 0.06907
vt 0.29972 0.08303
vt 0.29369 0.07664
vt 0.25518 0.33374
vt 0.26129 0.35225
vt 0.25543 0.35101
vt 0.18780 0.00109
vt 0.18780 0.00535
vt 0.18657 0.00182
vt 0.48032 0.48076
vt 0.47479 0.49155
vt 0.47510 0.47984
vt 0.45129 0.94172
vt 0.45304 0.92779
vt 0.45413 0.93744
vt 0.08790 0.53323
vt 0.07734 0.54894
vt 0.08570 0.51431
vt 0.23950 0.33800
vt 0.24274 0.32902
vt 0.24063 0.33816
vt 0.32062 0.75985
vt 0.31800 0.75924
vt 0.32300 0.75823
vt 0.31528 0.01701
vt 0.31348 0.00806
vt 0.31561 0.00841
vt 0.14098 0.03058
vt 0.14367 0.02873
vt 0.14133 0.03158
vt 0.47664 0.49080
vt 0.48032 0.48076
vt 0.48037 0.49098
vt 0.45413 0.93744
vt 0.45281 0.94436
vt 0.45129 0.94172
vt 0.45942 0.92345
vt 0.46499 0.92414
vt 0.46472 0.93153
vt 0.34344 0.68094
vt 0.35196 0.68386
vt 0.35143 0.69154
vt 0.35143 0.69154
vt 0.34293 0.69124
vt 0.34344 0.68094
vt 0.08288 0.96601
vt 0.09248 0.96499
vt 0.09258 0.96660
vt 0.47479 0.49155
vt 0.48032 0.48076
vt 0.47664 0.49080
vt 0.08790 0.53322
vt 0.08570 0.51431
vt 0.08811 0.51525
vt 0.37809 0.64042
vt 0.37663 0.67381
vt 0.37674 0.64108
vt 0.33692 0.83889
vt 0.33278 0.83984
vt 0.33278 0.80600
vt 0.46499 0.92414
vt 0.45942 0.92345
vt 0.45950 0.91653
vt 0.43273 0.90828
vt 0.43821 0.88784
vt 0.43824 0.90925
vt 0.10594 0.81826
vt 0.10723 0.81322
vt 0.10892 0.82114
vt 0.32092 0.75569
vt 0.32300 0.75823
vt 0.31800 0.75924
vt 0.07734 0.54894
vt 0.07641 0.53773
vt 0.07741 0.52974
vt 0.42041 0.86162
vt 0.41308 0.86162
vt 0.42017 0.84847
vt 0.25955 0.25224
vt 0.26221 0.25464
vt 0.25842 0.25448
vt 0.38333 0.01116
vt 0.38716 0.00373
vt 0.38749 0.01116
vt 0.49350 0.04991
vt 0.49196 0.05423
vt 0.48867 0.04828
vt 0.48891 0.97421
vt 0.49077 0.97376
vt 0.48906 0.98313
vt 0.41308 0.86162
vt 0.41062 0.87209
vt 0.41067 0.86035
vt 0.41118 0.94061
vt 0.42051 0.93732
vt 0.41202 0.94858
vt 0.37330 0.04893
vt 0.37050 0.04825
vt 0.37089 0.03680
vt 0.38333 0.01116
vt 0.38346 0.00371
vt 0.38716 0.00373
vt 0.47479 0.49155
vt 0.47664 0.49080
vt 0.47600 0.49290
vt 0.32463 0.76046
vt 0.32062 0.75985
vt 0.32300 0.75823
vt 0.17614 0.01415
vt 0.17602 0.00997
vt 0.17941 0.01246
vt 0.08857 0.72384
vt 0.08803 0.72216
vt 0.09569 0.70930
vt 0.46954 0.95435
vt 0.46858 0.95147
vt 0.47542 0.95186
vt 0.49175 0.47145
vt 0.49277 0.47775
vt 0.48842 0.48001
vt 0.48113 0.52262
vt 0.47625 0.51554
vt 0.48187 0.51793
vt 0.12505 0.00347
vt 0.12504 0.00595
vt 0.12074 0.00595
vt 0.41067 0.86035
vt 0.42017 0.84847
vt 0.41308 0.86162
vt 0.41067 0.86035
vt 0.41069 0.84744
vt 0.42017 0.84847
vt 0.47217 0.03416
vt 0.47153 0.04380
vt 0.47101 0.03525
vt 0.46935 0.86458
vt 0.46935 0.84938
vt 0.46995 0.86249
vt 0.17602 0.00997
vt 0.17952 0.00667
vt 0.17941 0.01246
vt 0.12505 0.00347
vt 0.12074 0.00595
vt 0.12089 0.00351
vt 0.01361 0.06973
vt 0.01325 0.06778
vt 0.01698 0.06813
vt 0.33727 0.76962
vt 0.33800 0.77527
vt 0.33623 0.77134
vt 0.37860 0.32615
vt 0.38008 0.33623
vt 0.37982 0.34296
vt 0.45886 0.57574
vt 0.45846 0.59200
vt 0.45086 0.59187
vt 0.30355 0.02716
vt 0.30355 0.01694
vt 0.30597 0.01916
vt 0.14699 0.02929
vt 0.14133 0.03158
vt 0.14364 0.02864
vt 0.49928 0.98492
vt 0.49932 0.98146
vt 0.49998 0.98348
vt 0.08217 0.94989
vt 0.07099 0.93019
vt 0.08299 0.93103
vt 0.11092 0.81699
vt 0.10892 0.82114
vt 0.10723 0.81322
vt 0.07618 0.83841
vt 0.07136 0.82161
vt 0.07645 0.82107
vt 0.07296 0.73772
vt 0.07738 0.71316
vt 0.07638 0.73786
vt 0.47770 0.04454
vt 0.47217 0.03416
vt 0.47735 0.03375
vt 0.13354 0.03515
vt 0.13010 0.03116
vt 0.13116 0.03055
vt 0.33799 0.77528
vt 0.33727 0.76962
vt 0.33835 0.77290
vt 0.45886 0.57570
vt 0.45086 0.59187
vt 0.45072 0.57401
vt 0.09569 0.70930
vt 0.08803 0.72216
vt 0.09459 0.70846
vt 0.01325 0.06778
vt 0.01646 0.06605
vt 0.01698 0.06813
vt 0.39090 0.63484
vt 0.39079 0.63005
vt 0.39491 0.63444
vt 0.26254 0.08941
vt 0.26298 0.07763
vt 0.26666 0.07687
vt 0.47770 0.04454
vt 0.47156 0.04381
vt 0.47217 0.03416
vt 0.05697 0.00463
vt 0.05677 0.01135
vt 0.05602 0.00995
vt 0.07739 0.71316
vt 0.07863 0.71331
vt 0.07638 0.73786
vt 0.24063 0.33816
vt 0.23875 0.34610
vt 0.23950 0.33800
vt 0.36868 0.02457
vt 0.36362 0.02457
vt 0.36348 0.01656
vt 0.47770 0.04454
vt 0.47293 0.04419
vt 0.47156 0.04376
vt 0.43821 0.88784
vt 0.43273 0.90828
vt 0.43093 0.88800
vt 0.08022 0.81224
vt 0.07645 0.82107
vt 0.07877 0.79685
vt 0.08217 0.94989
vt 0.06642 0.94963
vt 0.06666 0.93906
vt 0.26298 0.07763
vt 0.26254 0.08941
vt 0.25764 0.08922
vt 0.45522 0.43902
vt 0.45608 0.42839
vt 0.45604 0.44625
vt 0.26793 0.09034
vt 0.25871 0.10391
vt 0.25776 0.09034
vt 0.26254 0.08941
vt 0.26667 0.07688
vt 0.26777 0.08871
vt 0.08217 0.94989
vt 0.07076 0.93902
vt 0.07099 0.93019
vt 0.30305 0.26446
vt 0.30344 0.25740
vt 0.30460 0.26712
vt 0.26793 0.09034
vt 0.26826 0.10298
vt 0.25871 0.10391
vt 0.30308 0.26438
vt 0.30460 0.26712
vt 0.30214 0.26522
vt 0.47714 0.55727
vt 0.47591 0.55697
vt 0.47984 0.55175
vt 0.01241 0.00695
vt 0.01417 0.00211
vt 0.01460 0.00780
vt 0.47591 0.55697
vt 0.47485 0.54982
vt 0.47984 0.55175
vt 0.07734 0.54894
vt 0.07741 0.52974
vt 0.08221 0.51640
vt 0.09569 0.70930
vt 0.09459 0.70846
vt 0.09569 0.70060
vt 0.32609 0.75493
vt 0.32463 0.76046
vt 0.32300 0.75823
vt 0.30430 0.26936
vt 0.30214 0.26522
vt 0.30460 0.26712
vt 0.09569 0.70930
vt 0.09569 0.70060
vt 0.09681 0.69994
vt 0.14718 0.03111
vt 0.14133 0.03158
vt 0.14699 0.02929
vt 0.33278 0.80600
vt 0.33310 0.79742
vt 0.33694 0.79810
vt 0.32866 0.99632
vt 0.32969 0.99607
vt 0.32920 0.99848
vt 0.26221 0.25464
vt 0.26410 0.26203
vt 0.25842 0.25448
vt 0.26354 0.98859
vt 0.26351 0.99547
vt 0.26275 0.98988
vt 0.36198 0.43024
vt 0.36261 0.41934
vt 0.36336 0.42172
vt 0.07645 0.82107
vt 0.08022 0.81224
vt 0.08189 0.81262
vt 0.07911 0.74810
vt 0.07645 0.74867
vt 0.07640 0.73787
vt 0.33727 0.76962
vt 0.33623 0.77134
vt 0.33715 0.76679
vt 0.32649 0.75663
vt 0.32463 0.76046
vt 0.32609 0.75493
vt 0.12777 0.26399
vt 0.13957 0.25682
vt 0.13987 0.26378
vt 0.04324 0.10596
vt 0.04197 0.09162
vt 0.04357 0.08701
vt 0.47517 0.62957
vt 0.47240 0.63158
vt 0.46835 0.62979
vt 0.25986 0.04887
vt 0.25302 0.04887
vt 0.25783 0.04281
vt 0.38898 0.15214
vt 0.39617 0.15710
vt 0.38418 0.16514
vt 0.49307 0.95115
vt 0.49478 0.95115
vt 0.49327 0.95965
vt 0.43273 0.90828
vt 0.42844 0.90741
vt 0.43093 0.88800
vt 0.42013 0.92543
vt 0.41118 0.94061
vt 0.41062 0.92420
vt 0.00791 0.05767
vt 0.00769 0.07203
vt 0.00033 0.06238
vt 0.21202 0.70066
vt 0.20922 0.70807
vt 0.19810 0.70093
vt 0.25764 0.08922
vt 0.25760 0.07783
vt 0.26298 0.07763
vt 0.20922 0.70807
vt 0.21202 0.70066
vt 0.21424 0.70542
vt 0.07911 0.74810
vt 0.07638 0.73786
vt 0.07863 0.71331
vt 0.33623 0.77134
vt 0.33639 0.76793
vt 0.33715 0.76679
vt 0.35920 0.42068
vt 0.36257 0.41932
vt 0.36046 0.42625
vt 0.42471 0.71066
vt 0.42543 0.73483
vt 0.42299 0.73483
vt 0.43093 0.88800
vt 0.42844 0.90741
vt 0.42816 0.88718
vt 0.39988 0.63542
vt 0.39491 0.63444
vt 0.39079 0.63005
vt 0.21739 0.99128
vt 0.22093 0.99160
vt 0.21738 0.99534
vt 0.38306 0.15730
vt 0.38898 0.15214
vt 0.38418 0.16514
vt 0.44346 0.45612
vt 0.44367 0.45857
vt 0.44206 0.45800
vt 0.37860 0.32615
vt 0.37982 0.34296
vt 0.37463 0.32651
vt 0.24836 0.91619
vt 0.26575 0.91746
vt 0.26558 0.92137
vt 0.33278 0.80600
vt 0.33694 0.79810
vt 0.33692 0.83889
vt 0.26410 0.26203
vt 0.26221 0.25464
vt 0.26648 0.26325
vt 0.33879 0.49533
vt 0.34059 0.49296
vt 0.34484 0.49748
vt 0.24976 0.09189
vt 0.25740 0.09189
vt 0.24948 0.10663
vt 0.23950 0.33800
vt 0.23875 0.34610
vt 0.23747 0.34560
vt 0.31137 0.25821
vt 0.31091 0.26577
vt 0.30460 0.26712
vt 0.34484 0.49748
vt 0.34059 0.49297
vt 0.34510 0.49485
vt 0.46499 0.92414
vt 0.45950 0.91653
vt 0.46501 0.91535
vt 0.32054 0.88042
vt 0.31348 0.88154
vt 0.32075 0.87639
vt 0.13010 0.03116
vt 0.13009 0.02580
vt 0.13116 0.03055
vt 0.46409 0.94798
vt 0.47021 0.95687
vt 0.46388 0.95621
vt 0.05285 0.31015
vt 0.05611 0.30291
vt 0.05905 0.30299
vt 0.48175 0.63490
vt 0.48456 0.63684
vt 0.48001 0.64359
vt 0.45899 0.53611
vt 0.45928 0.53385
vt 0.46300 0.53581
vt 0.07076 0.93902
vt 0.08217 0.94989
vt 0.06666 0.93906
vt 0.46220 0.74511
vt 0.46142 0.74466
vt 0.46302 0.73587
vt 0.36260 0.41934
vt 0.36198 0.43024
vt 0.36046 0.42625
vt 0.31137 0.25821
vt 0.30460 0.26712
vt 0.30344 0.25740
vt 0.48106 0.65061
vt 0.47635 0.64375
vt 0.48076 0.64543
vt 0.30460 0.26712
vt 0.31091 0.26577
vt 0.31012 0.26784
vt 0.16826 0.01094
vt 0.16829 0.00217
vt 0.16942 0.00595
vt 0.21424 0.70542
vt 0.21202 0.70066
vt 0.21604 0.69682
vt 0.19844 0.69650
vt 0.21202 0.70066
vt 0.19810 0.70093
vt 0.49584 0.01902
vt 0.49641 0.02332
vt 0.49566 0.02657
vt 0.31348 0.88154
vt 0.31280 0.87651
vt 0.32075 0.87639
vt 0.19229 0.04089
vt 0.19271 0.03130
vt 0.19861 0.04155
vt 0.46138 0.72821
vt 0.46302 0.73587
vt 0.46142 0.74466
vt 0.31091 0.26577
vt 0.31137 0.25821
vt 0.32199 0.26023
vt 0.35357 0.67370
vt 0.35660 0.68338
vt 0.35308 0.68303
vt 0.49868 0.00845
vt 0.49868 0.01434
vt 0.49810 0.01184
vt 0.35308 0.68303
vt 0.35660 0.68338
vt 0.35196 0.68386
vt 0.48345 0.09527
vt 0.48764 0.09918
vt 0.48291 0.10097
vt 0.47485 0.54982
vt 0.47708 0.54481
vt 0.47878 0.54509
vt 0.45928 0.53385
vt 0.46552 0.53403
vt 0.46300 0.53581
vt 0.19271 0.03130
vt 0.19870 0.03141
vt 0.19861 0.04155
vt 0.00026 0.05801
vt 0.00791 0.05767
vt 0.00033 0.06238
vt 0.03867 0.49224
vt 0.04124 0.50367
vt 0.03866 0.53303
vt 0.47984 0.55175
vt 0.47485 0.54982
vt 0.47878 0.54509
vt 0.46138 0.72821
vt 0.46354 0.72813
vt 0.46302 0.73587
vt 0.19809 0.96378
vt 0.19792 0.95415
vt 0.20373 0.96904
vt 0.49136 0.96215
vt 0.49146 0.95393
vt 0.49278 0.96165
vt 0.03272 0.00702
vt 0.03739 0.00702
vt 0.03510 0.01033
vt 0.19792 0.95415
vt 0.19809 0.96378
vt 0.19698 0.96514
vt 0.08346 0.93998
vt 0.09163 0.94058
vt 0.08332 0.94920
vt 0.49278 0.96165
vt 0.49146 0.95393
vt 0.49254 0.95311
vt 0.49251 0.65662
vt 0.48990 0.66042
vt 0.48915 0.65029
vt 0.19384 0.69812
vt 0.19844 0.69650
vt 0.19810 0.70093
vt 0.49588 0.10426
vt 0.49602 0.10685
vt 0.49208 0.10896
vt 0.31348 0.88154
vt 0.30214 0.87581
vt 0.31280 0.87651
vt 0.39617 0.15710
vt 0.38566 0.17244
vt 0.38418 0.16514
vt 0.46300 0.53581
vt 0.46552 0.53403
vt 0.46363 0.54991
vt 0.05611 0.30291
vt 0.05402 0.30159
vt 0.05493 0.28529
vt 0.12374 0.01724
vt 0.12543 0.00607
vt 0.12730 0.01210
vt 0.25781 0.35182
vt 0.25543 0.35101
vt 0.26129 0.35225
vt 0.48990 0.56925
vt 0.49055 0.56504
vt 0.49400 0.56668
vt 0.49208 0.10896
vt 0.49212 0.10413
vt 0.49588 0.10426
vt 0.13916 0.08116
vt 0.13092 0.09313
vt 0.13094 0.08080
vt 0.00799 0.11881
vt 0.00799 0.10684
vt 0.01358 0.11889
vt 0.32946 0.75693
vt 0.32649 0.75663
vt 0.32609 0.75493
vt 0.36336 0.42172
vt 0.36430 0.43252
vt 0.36198 0.43024
vt 0.01358 0.11889
vt 0.00799 0.10684
vt 0.01311 0.10658
vt 0.39491 0.63444
vt 0.39988 0.63540
vt 0.39955 0.64052
vt 0.08582 0.99657
vt 0.08530 0.99239
vt 0.08530 0.98978
vt 0.30214 0.87581
vt 0.31348 0.88155
vt 0.30251 0.88174
vt 0.48764 0.09918
vt 0.48345 0.09527
vt 0.48810 0.09562
vt 0.28573 0.02384
vt 0.28911 0.03315
vt 0.28580 0.03287
vt 0.49826 0.32632
vt 0.49712 0.32596
vt 0.49791 0.31920
vt 0.21299 0.69711
vt 0.21604 0.69682
vt 0.21202 0.70066
vt 0.08332 0.94920
vt 0.09163 0.94058
vt 0.07834 0.95756
vt 0.31939 0.08789
vt 0.31622 0.10645
vt 0.31213 0.09031
vt 0.32103 0.26646
vt 0.31091 0.26577
vt 0.32199 0.26023
vt 0.00434 0.93385
vt 0.00979 0.91210
vt 0.01029 0.93385
vt 0.46364 0.54992
vt 0.46552 0.53403
vt 0.46547 0.54951
vt 0.36336 0.42172
vt 0.36637 0.42911
vt 0.36430 0.43252
vt 0.49555 0.32273
vt 0.49789 0.31920
vt 0.49712 0.32596
vt 0.00190 0.51085
vt 0.00262 0.50302
vt 0.00351 0.50526
vt 0.06099 0.29976
vt 0.05611 0.30291
vt 0.05493 0.28529
vt 0.48185 0.24242
vt 0.47994 0.25418
vt 0.47727 0.23987
vt 0.32609 0.75493
vt 0.32962 0.75534
vt 0.32946 0.75693
vt 0.37502 0.34375
vt 0.37463 0.32651
vt 0.37982 0.34296
vt 0.47988 0.65845
vt 0.47552 0.65983
vt 0.47931 0.64988
vt 0.03867 0.49224
vt 0.04211 0.49346
vt 0.04124 0.50367
vt 0.12777 0.26399
vt 0.12727 0.25863
vt 0.13957 0.25682
vt 0.13532 0.17087
vt 0.12176 0.17204
vt 0.12233 0.15917
vt 0.44114 0.42952
vt 0.44052 0.44909
vt 0.44012 0.42889
vt 0.35357 0.67370
vt 0.35329 0.66591
vt 0.35707 0.66788
vt 0.35357 0.67370
vt 0.35707 0.66786
vt 0.35660 0.68338
vt 0.07618 0.83841
vt 0.07645 0.82107
vt 0.08221 0.83975
vt 0.33639 0.76793
vt 0.33509 0.76202
vt 0.33715 0.76679
vt 0.00262 0.50302
vt 0.00190 0.51085
vt 0.00030 0.51055
vt 0.00979 0.91210
vt 0.00434 0.93385
vt 0.00439 0.91203
vt 0.05313 0.28533
vt 0.05493 0.28529
vt 0.05402 0.30159
vt 0.06099 0.29976
vt 0.05905 0.30299
vt 0.05611 0.30291
vt 0.08220 0.83975
vt 0.07645 0.82107
vt 0.08189 0.81262
vt 0.19809 0.03051
vt 0.19577 0.03049
vt 0.19811 0.01973
vt 0.19811 0.01973
vt 0.19576 0.03048
vt 0.19620 0.01954
vt 0.44367 0.45857
vt 0.43987 0.47015
vt 0.44206 0.45800
vt 0.19698 0.96514
vt 0.19653 0.95764
vt 0.19792 0.95415
vt 0.44052 0.44909
vt 0.43958 0.44356
vt 0.44012 0.42889
vt 0.12777 0.26399
vt 0.12387 0.26135
vt 0.12727 0.25863
vt 0.12353 0.26367
vt 0.12387 0.26135
vt 0.12777 0.26399
vt 0.49928 0.87239
vt 0.49998 0.87479
vt 0.49934 0.87686
vt 0.08530 0.98978
vt 0.08914 0.98992
vt 0.08582 0.99657
vt 0.09907 0.59031
vt 0.09556 0.60892
vt 0.09212 0.58548
vt 0.36345 0.11380
vt 0.35552 0.11021
vt 0.36373 0.10925
vt 0.31533 0.01857
vt 0.31588 0.02753
vt 0.31345 0.02851
vt 0.05905 0.30299
vt 0.06099 0.29976
vt 0.06053 0.30612
vt 0.47700 0.44523
vt 0.48187 0.45232
vt 0.47719 0.45269
vt 0.00003 0.01913
vt 0.00003 0.01011
vt 0.00220 0.01486
vt 0.09569 0.70060
vt 0.09489 0.69289
vt 0.09681 0.69994
vt 0.25704 0.92504
vt 0.26698 0.92516
vt 0.26775 0.92940
vt 0.49998 0.70434
vt 0.49995 0.70802
vt 0.49956 0.70679
vt 0.24979 0.92942
vt 0.24648 0.92942
vt 0.25016 0.92454
vt 0.21978 0.70632
vt 0.21424 0.70542
vt 0.21604 0.69682
vt 0.44367 0.45857
vt 0.44225 0.46693
vt 0.43987 0.47015
vt 0.32946 0.75693
vt 0.33564 0.76000
vt 0.33509 0.76202
vt 0.39988 0.63540
vt 0.40184 0.63017
vt 0.40264 0.63644
vt 0.32946 0.75693
vt 0.32962 0.75534
vt 0.33564 0.76000
vt 0.48255 0.55933
vt 0.48292 0.56973
vt 0.47979 0.57028
vt 0.19844 0.69650
vt 0.19384 0.69812
vt 0.19578 0.69279
vt 0.48255 0.55933
vt 0.48312 0.56132
vt 0.48292 0.56973
vt 0.24836 0.91617
vt 0.26558 0.92139
vt 0.24874 0.92128
vt 0.06064 0.27133
vt 0.06099 0.29976
vt 0.05493 0.28529
vt 0.37151 0.25408
vt 0.35568 0.24713
vt 0.37151 0.24701
vt 0.36046 0.42625
vt 0.36198 0.43024
vt 0.35970 0.43063
vt 0.36345 0.11380
vt 0.35253 0.11364
vt 0.35552 0.11021
vt 0.48255 0.55933
vt 0.47979 0.57028
vt 0.47976 0.55931
vt 0.37151 0.24701
vt 0.35568 0.24713
vt 0.35618 0.23412
vt 0.49841 0.37318
vt 0.49655 0.37802
vt 0.49720 0.37305
vt 0.25704 0.92504
vt 0.26775 0.92940
vt 0.26498 0.92903
vt 0.12004 0.26222
vt 0.12387 0.26135
vt 0.12353 0.26367
vt 0.22006 0.70679
vt 0.21604 0.69682
vt 0.22287 0.69051
vt 0.27962 0.00368
vt 0.27997 0.01118
vt 0.27574 0.01154
vt 0.24948 0.10663
vt 0.25740 0.09189
vt 0.25305 0.10647
vt 0.16079 0.93512
vt 0.16079 0.93791
vt 0.14453 0.93938
vt 0.26578 0.26712
vt 0.26410 0.26203
vt 0.26648 0.26334
vt 0.04816 0.95210
vt 0.05937 0.95210
vt 0.05765 0.96267
vt 0.37178 0.23412
vt 0.37151 0.24701
vt 0.35618 0.23412
vt 0.38703 0.98488
vt 0.38998 0.98887
vt 0.38933 0.99133
vt 0.33509 0.76202
vt 0.33564 0.76000
vt 0.33715 0.76679
vt 0.12900 0.24988
vt 0.13994 0.24836
vt 0.13986 0.25081
vt 0.11325 0.94584
vt 0.11432 0.93731
vt 0.12981 0.94737
vt 0.44225 0.46693
vt 0.44351 0.47649
vt 0.43987 0.47015
vt 0.24270 0.92867
vt 0.23433 0.92794
vt 0.23274 0.92327
vt 0.35253 0.11364
vt 0.35474 0.10805
vt 0.35552 0.11021
vt 0.35329 0.66591
vt 0.35669 0.66564
vt 0.35707 0.66788
vt 0.20373 0.96904
vt 0.19792 0.95415
vt 0.20439 0.95861
vt 0.35665 0.99169
vt 0.36015 0.99178
vt 0.36015 0.99641
vt 0.12727 0.25863
vt 0.12387 0.26135
vt 0.12373 0.25865
vt 0.09556 0.60892
vt 0.09340 0.62086
vt 0.08667 0.61524
vt 0.14883 0.02323
vt 0.14061 0.02263
vt 0.14075 0.02072
vt 0.09681 0.69994
vt 0.09489 0.69289
vt 0.09535 0.69011
vt 0.20373 0.96904
vt 0.20439 0.95861
vt 0.20611 0.96087
vt 0.42255 0.48599
vt 0.42780 0.46198
vt 0.42755 0.48599
vt 0.40264 0.63644
vt 0.40184 0.63017
vt 0.40394 0.63438
vt 0.47344 0.31637
vt 0.47241 0.31809
vt 0.46660 0.31672
vt 0.23433 0.92794
vt 0.24270 0.92867
vt 0.23785 0.93047
vt 0.06064 0.27133
vt 0.05493 0.28529
vt 0.05727 0.26974
vt 0.08954 0.59856
vt 0.09556 0.60891
vt 0.08667 0.61524
vt 0.06099 0.29976
vt 0.06288 0.27443
vt 0.06853 0.29873
vt 0.14547 0.14079
vt 0.15751 0.14818
vt 0.15161 0.14733
vt 0.16079 0.93512
vt 0.14453 0.93938
vt 0.14397 0.93576
vt 0.08924 0.99649
vt 0.08582 0.99657
vt 0.08914 0.98992
vt 0.39988 0.63540
vt 0.40264 0.63644
vt 0.39955 0.64052
vt 0.49614 0.37129
vt 0.49720 0.37305
vt 0.49655 0.37802
vt 0.39609 0.61238
vt 0.39304 0.61226
vt 0.39210 0.60952
vt 0.12829 0.95416
vt 0.11325 0.94584
vt 0.12981 0.94737
vt 0.48072 0.40701
vt 0.48089 0.41228
vt 0.47452 0.41228
vt 0.12900 0.24990
vt 0.13986 0.25081
vt 0.12419 0.25241
vt 0.27962 0.00368
vt 0.27575 0.01157
vt 0.27579 0.00377
vt 0.47452 0.41228
vt 0.47478 0.40636
vt 0.48072 0.40701
vt 0.25577 0.92842
vt 0.25068 0.92491
vt 0.25704 0.92509
vt 0.19384 0.69812
vt 0.18886 0.68985
vt 0.19578 0.69279
vt 0.48263 0.13938
vt 0.48236 0.15150
vt 0.47896 0.14019
vt 0.21912 0.00858
vt 0.22051 0.01720
vt 0.21854 0.00948
vt 0.26129 0.35225
vt 0.25843 0.36021
vt 0.25781 0.35182
vt 0.35665 0.99169
vt 0.36015 0.99641
vt 0.35673 0.99591
vt 0.47941 0.81255
vt 0.47302 0.81255
vt 0.47711 0.80638
vt 0.06064 0.27133
vt 0.06288 0.27443
vt 0.06099 0.29976
vt 0.12418 0.25243
vt 0.12899 0.23937
vt 0.12851 0.24671
vt 0.46337 0.72154
vt 0.46153 0.72725
vt 0.46162 0.72323
vt 0.46337 0.72156
vt 0.46163 0.72327
vt 0.46172 0.71031
vt 0.47815 0.15146
vt 0.47896 0.14019
vt 0.48236 0.15150
vt 0.17508 0.17226
vt 0.17285 0.18211
vt 0.17095 0.17992
vt 0.06099 0.29976
vt 0.06196 0.31212
vt 0.06053 0.30612
vt 0.12899 0.23937
vt 0.12417 0.25242
vt 0.12391 0.24024
vt 0.25305 0.10647
vt 0.25667 0.10401
vt 0.26034 0.10577
vt 0.34240 0.00000
vt 0.34364 0.00293
vt 0.34243 0.00381
vt 0.00030 0.51055
vt 0.00190 0.51085
vt 0.00076 0.52051
vt 0.01180 0.73327
vt 0.01025 0.71600
vt 0.01108 0.71555
vt 0.41313 0.64138
vt 0.41693 0.64354
vt 0.41485 0.65581
vt 0.35922 0.25597
vt 0.35568 0.24713
vt 0.37151 0.25408
vt 0.36198 0.43024
vt 0.36040 0.43242
vt 0.35970 0.43063
vt 0.34240 0.00000
vt 0.34332 0.00035
vt 0.34364 0.00293
vt 0.25740 0.09189
vt 0.25667 0.10401
vt 0.25305 0.10647
vt 0.09489 0.69289
vt 0.09097 0.68074
vt 0.09535 0.69011
vt 0.12851 0.24671
vt 0.12901 0.24992
vt 0.12418 0.25243
vt 0.17285 0.18211
vt 0.17508 0.17226
vt 0.17641 0.17220
vt 0.46523 0.29300
vt 0.46053 0.29383
vt 0.46496 0.27753
vt 0.35253 0.11364
vt 0.35239 0.10770
vt 0.35474 0.10805
vt 0.38427 0.02189
vt 0.38598 0.02736
vt 0.38260 0.03262
vt 0.21854 0.00948
vt 0.22051 0.01720
vt 0.21912 0.01549
vt 0.46496 0.27753
vt 0.46053 0.29383
vt 0.46044 0.27811
vt 0.35568 0.24713
vt 0.35922 0.25597
vt 0.35567 0.25567
vt 0.17508 0.17226
vt 0.17095 0.17992
vt 0.16788 0.17349
vt 0.49627 0.86548
vt 0.49287 0.86556
vt 0.49317 0.86338
vt 0.42292 0.46177
vt 0.42780 0.46198
vt 0.42255 0.48599
vt 0.25068 0.92491
vt 0.25577 0.92842
vt 0.25034 0.92932
vt 0.09115 0.95833
vt 0.07834 0.95756
vt 0.09163 0.94058
vt 0.42328 0.55730
vt 0.42367 0.53520
vt 0.42756 0.55796
vt 0.39609 0.61238
vt 0.39208 0.60962
vt 0.39715 0.58107
vt 0.17841 0.92917
vt 0.17452 0.92989
vt 0.17988 0.92303
vt 0.35018 0.41384
vt 0.35080 0.41143
vt 0.35174 0.42178
vt 0.32647 0.20511
vt 0.31923 0.20592
vt 0.31923 0.19596
vt 0.21983 0.70641
vt 0.22287 0.69051
vt 0.22690 0.69336
vt 0.26523 0.10822
vt 0.26269 0.10631
vt 0.26368 0.10465
vt 0.35523 0.98845
vt 0.35523 0.99600
vt 0.35339 0.98815
vt 0.07815 0.14779
vt 0.08522 0.15071
vt 0.07870 0.15548
vt 0.33819 0.07186
vt 0.34034 0.05766
vt 0.34042 0.07225
vt 0.24270 0.92867
vt 0.23274 0.92327
vt 0.23624 0.91691
vt 0.44788 0.06566
vt 0.45574 0.06615
vt 0.45627 0.07012
vt 0.00190 0.51085
vt 0.00173 0.51943
vt 0.00076 0.52051
vt 0.27058 0.10130
vt 0.26539 0.11579
vt 0.26523 0.10822
vt 0.26539 0.11579
vt 0.26269 0.10631
vt 0.26523 0.10822
vt 0.48149 0.11450
vt 0.47673 0.11524
vt 0.47669 0.10305
vt 0.06064 0.27133
vt 0.06341 0.27096
vt 0.06288 0.27443
vt 0.43387 0.35880
vt 0.43360 0.35243
vt 0.43630 0.35348
vt 0.35602 0.43163
vt 0.35970 0.43063
vt 0.36040 0.43242
vt 0.35602 0.43163
vt 0.35644 0.43010
vt 0.35970 0.43063
vt 0.35523 0.99600
vt 0.35391 0.99569
vt 0.35339 0.98815
vt 0.22051 0.01720
vt 0.21877 0.01867
vt 0.21912 0.01549
vt 0.07575 0.97946
vt 0.07575 0.99001
vt 0.06719 0.97858
vt 0.14547 0.14079
vt 0.15161 0.14733
vt 0.14624 0.16149
vt 0.26034 0.10577
vt 0.25842 0.11029
vt 0.25305 0.10649
vt 0.21822 0.00011
vt 0.21822 0.00336
vt 0.21637 0.00325
vt 0.41313 0.64138
vt 0.40962 0.66090
vt 0.40992 0.65226
vt 0.07575 0.99001
vt 0.06697 0.98997
vt 0.06719 0.97859
vt 0.16508 0.92757
vt 0.17987 0.92304
vt 0.17453 0.92988
vt 0.15880 0.13180
vt 0.17091 0.13087
vt 0.16828 0.13325
vt 0.05693 0.56323
vt 0.05517 0.54365
vt 0.05693 0.54635
vt 0.24270 0.92867
vt 0.23624 0.91691
vt 0.24648 0.92942
vt 0.13534 0.17082
vt 0.12233 0.15917
vt 0.13489 0.15923
vt 0.33773 0.05758
vt 0.34034 0.05766
vt 0.33819 0.07186
vt 0.39203 0.07497
vt 0.39203 0.06719
vt 0.39575 0.07328
vt 0.14547 0.14079
vt 0.14624 0.16149
vt 0.14491 0.15519
vt 0.44784 0.06941
vt 0.44788 0.06566
vt 0.45627 0.07012
vt 0.06831 0.26978
vt 0.06853 0.29873
vt 0.06288 0.27443
vt 0.27464 0.11202
vt 0.26539 0.11579
vt 0.27058 0.10130
vt 0.49711 0.26896
vt 0.49875 0.26949
vt 0.49679 0.27235
vt 0.35080 0.41143
vt 0.35246 0.42112
vt 0.35174 0.42178
vt 0.06348 0.27088
vt 0.06811 0.26817
vt 0.06288 0.27443
vt 0.05649 0.54276
vt 0.05693 0.54635
vt 0.05517 0.54365
vt 0.43624 0.36624
vt 0.43387 0.35880
vt 0.43630 0.35348
vt 0.39715 0.58105
vt 0.39208 0.60960
vt 0.39219 0.58088
vt 0.05693 0.56323
vt 0.05298 0.56369
vt 0.05517 0.54365
vt 0.41313 0.64138
vt 0.41485 0.65581
vt 0.40962 0.66090
vt 0.01610 0.01685
vt 0.01323 0.01203
vt 0.01824 0.01190
vt 0.43387 0.35880
vt 0.43624 0.36624
vt 0.43289 0.36409
vt 0.27464 0.11202
vt 0.27621 0.11377
vt 0.26539 0.11579
vt 0.24710 0.04083
vt 0.25177 0.03935
vt 0.25266 0.04836
vt 0.24648 0.92942
vt 0.24393 0.91713
vt 0.25016 0.92454
vt 0.26539 0.11579
vt 0.27621 0.11377
vt 0.26848 0.12368
vt 0.01907 0.11740
vt 0.01358 0.11889
vt 0.01311 0.10658
vt 0.16508 0.92757
vt 0.16329 0.92229
vt 0.17988 0.92305
vt 0.24648 0.92942
vt 0.23624 0.91691
vt 0.24393 0.91713
vt 0.41623 0.89871
vt 0.41013 0.91241
vt 0.41043 0.89807
vt 0.01108 0.71555
vt 0.01025 0.71600
vt 0.01171 0.70627
vt 0.05718 0.04208
vt 0.05235 0.04321
vt 0.05334 0.03583
vt 0.15629 0.90631
vt 0.14768 0.90782
vt 0.14753 0.87916
vt 0.16508 0.92757
vt 0.16231 0.92921
vt 0.16329 0.92229
vt 0.41136 0.21360
vt 0.41194 0.19185
vt 0.41307 0.21406
vt 0.31154 0.20549
vt 0.31923 0.19596
vt 0.31923 0.20592
vt 0.48285 0.78272
vt 0.47800 0.78978
vt 0.48036 0.77712
vt 0.38256 0.68470
vt 0.37983 0.68469
vt 0.37967 0.65151
vt 0.00173 0.51943
vt 0.00367 0.52473
vt 0.00076 0.52051
vt 0.35174 0.42178
vt 0.35246 0.42112
vt 0.35602 0.43163
vt 0.05334 0.03583
vt 0.05703 0.03616
vt 0.05718 0.04208
vt 0.48149 0.11450
vt 0.47669 0.10305
vt 0.48164 0.10279
vt 0.35644 0.43010
vt 0.35602 0.43163
vt 0.35246 0.42112
vt 0.05235 0.04321
vt 0.05718 0.04208
vt 0.05890 0.04346
vt 0.43624 0.36624
vt 0.43332 0.37411
vt 0.43288 0.36420
vt 0.28038 0.10601
vt 0.27951 0.09615
vt 0.28045 0.08874
vt 0.01907 0.11740
vt 0.01311 0.10658
vt 0.01952 0.10680
vt 0.05517 0.54365
vt 0.05575 0.52104
vt 0.05649 0.54276
vt 0.38265 0.67024
vt 0.38256 0.68470
vt 0.37967 0.65151
vt 0.17616 0.34280
vt 0.17607 0.33004
vt 0.18330 0.32999
vt 0.03061 0.14218
vt 0.02533 0.14251
vt 0.01845 0.13229
vt 0.00918 0.78267
vt 0.01386 0.78267
vt 0.01299 0.80950
vt 0.01844 0.13231
vt 0.02533 0.14251
vt 0.01880 0.14217
vt 0.05388 0.52115
vt 0.05570 0.52103
vt 0.05517 0.54365
vt 0.39601 0.65637
vt 0.39114 0.65545
vt 0.39643 0.63802
vt 0.05517 0.54365
vt 0.05298 0.56369
vt 0.05283 0.54393
vt 0.40962 0.66090
vt 0.40691 0.65958
vt 0.40992 0.65226
vt 0.43624 0.36624
vt 0.43608 0.37495
vt 0.43332 0.37413
vt 0.14624 0.16149
vt 0.15161 0.14733
vt 0.15143 0.15840
vt 0.42642 0.01985
vt 0.42757 0.02260
vt 0.42203 0.02277
vt 0.39203 0.06719
vt 0.40032 0.07699
vt 0.39575 0.07328
vt 0.49743 0.85977
vt 0.49743 0.86620
vt 0.49712 0.86270
vt 0.39776 0.06542
vt 0.40033 0.07699
vt 0.39203 0.06719
vt 0.40695 0.19224
vt 0.40704 0.18508
vt 0.41290 0.18534
vt 0.47526 0.00575
vt 0.47914 0.00467
vt 0.47939 0.00629
vt 0.37967 0.65151
vt 0.38171 0.65127
vt 0.38264 0.67024
vt 0.31133 0.95719
vt 0.30193 0.96508
vt 0.30180 0.95726
vt 0.41193 0.19183
vt 0.40695 0.19224
vt 0.41290 0.18534
vt 0.16514 0.32731
vt 0.17528 0.32945
vt 0.17525 0.34075
vt 0.15303 0.12124
vt 0.16323 0.11018
vt 0.16312 0.12124
vt 0.42331 0.03849
vt 0.41778 0.03841
vt 0.41835 0.03386
vt 0.35264 0.01222
vt 0.35450 0.01049
vt 0.35429 0.02023
vt 0.49725 0.36902
vt 0.49383 0.36902
vt 0.49440 0.36517
vt 0.04235 0.01037
vt 0.03772 0.01037
vt 0.03768 0.00747
vt 0.13131 0.66336
vt 0.12573 0.68986
vt 0.11979 0.70798
vt 0.13129 0.66333
vt 0.11979 0.70798
vt 0.12453 0.68280
vt 0.35264 0.01222
vt 0.35429 0.02023
vt 0.35270 0.02000
vt 0.48687 0.45020
vt 0.49008 0.45005
vt 0.48974 0.46001
vt 0.17528 0.32941
vt 0.16514 0.32731
vt 0.17292 0.31892
vt 0.15303 0.12124
vt 0.15194 0.11188
vt 0.16323 0.11018
vt 0.41307 0.21406
vt 0.41196 0.19185
vt 0.41289 0.18534
vt 0.17446 0.35083
vt 0.17616 0.34280
vt 0.18330 0.32999
vt 0.16514 0.32731
vt 0.17525 0.34075
vt 0.16539 0.33993
vt 0.46449 0.90180
vt 0.46333 0.89852
vt 0.46981 0.90118
vt 0.46333 0.89852
vt 0.47026 0.89842
vt 0.46981 0.90118
vt 0.18330 0.32999
vt 0.18367 0.33822
vt 0.18237 0.35044
vt 0.05968 0.78045
vt 0.05631 0.76777
vt 0.06538 0.77624
vt 0.42331 0.03849
vt 0.41835 0.03386
vt 0.42400 0.03405
vt 0.15881 0.03078
vt 0.15247 0.03069
vt 0.15847 0.02877
vt 0.00777 0.20192
vt 0.00751 0.19218
vt 0.00857 0.18598
vt 0.13659 0.05900
vt 0.14464 0.05919
vt 0.14025 0.06241
vt 0.18330 0.32999
vt 0.18237 0.35044
vt 0.17446 0.35083
vt 0.13659 0.05900
vt 0.14025 0.06241
vt 0.13667 0.06199
vt 0.31133 0.95719
vt 0.31124 0.96497
vt 0.30193 0.96508
vt 0.22382 0.32623
vt 0.22722 0.32703
vt 0.22667 0.33144
vt 0.01845 0.13229
vt 0.03062 0.13202
vt 0.03061 0.14218
vt 0.48794 0.45958
vt 0.48687 0.45020
vt 0.48974 0.46000
vt 0.39637 0.63800
vt 0.39114 0.65545
vt 0.38628 0.63768
vt 0.12453 0.68280
vt 0.12976 0.66081
vt 0.13129 0.66334
vt 0.16502 0.31783
vt 0.17292 0.31892
vt 0.16514 0.32731
vt 0.00777 0.20192
vt 0.00857 0.18598
vt 0.01151 0.20213
vt 0.48505 0.43931
vt 0.48328 0.43904
vt 0.48284 0.42899
vt 0.01395 0.53301
vt 0.01480 0.55202
vt 0.01395 0.55164
vt 0.45234 0.59671
vt 0.45234 0.61538
vt 0.44489 0.59752
vt 0.10072 0.11037
vt 0.10251 0.08951
vt 0.10302 0.10966
vt 0.18196 0.00888
vt 0.18570 0.00853
vt 0.18603 0.01228
vt 0.18196 0.00888
vt 0.18603 0.01228
vt 0.18166 0.01200
vt 0.19722 0.34820
vt 0.18237 0.35044
vt 0.18367 0.33822
vt 0.39128 0.07745
vt 0.39127 0.09078
vt 0.38589 0.09436
vt 0.01395 0.53301
vt 0.01426 0.52429
vt 0.01480 0.55202
vt 0.22406 0.17499
vt 0.22413 0.18095
vt 0.20972 0.18176
vt 0.20972 0.18176
vt 0.20969 0.17601
vt 0.22406 0.17498
vt 0.41913 0.70278
vt 0.41346 0.71107
vt 0.41104 0.70515
vt 0.38628 0.63768
vt 0.39114 0.65545
vt 0.39077 0.66929
vt 0.17292 0.31892
vt 0.18493 0.31999
vt 0.18588 0.32968
vt 0.19722 0.34820
vt 0.18367 0.33822
vt 0.19745 0.33494
vt 0.01687 0.21460
vt 0.01151 0.20213
vt 0.00857 0.18598
vt 0.18588 0.32968
vt 0.17533 0.32934
vt 0.17292 0.31892
vt 0.24191 0.30143
vt 0.24100 0.31549
vt 0.23467 0.32653
vt 0.13878 0.70249
vt 0.11979 0.70798
vt 0.12573 0.68986
vt 0.12976 0.66082
vt 0.13515 0.66414
vt 0.13128 0.66336
vt 0.24396 0.30542
vt 0.24100 0.31549
vt 0.24191 0.30143
vt 0.10015 0.08930
vt 0.10251 0.08951
vt 0.10072 0.11037
vt 0.39128 0.07745
vt 0.39387 0.08741
vt 0.39127 0.09078
vt 0.22931 0.33243
vt 0.22722 0.32703
vt 0.23468 0.32654
vt 0.01151 0.20213
vt 0.01687 0.21459
vt 0.01121 0.21392
vt 0.05631 0.76777
vt 0.06298 0.76009
vt 0.06538 0.77624
vt 0.24770 0.03759
vt 0.24180 0.03722
vt 0.24111 0.03424
vt 0.24770 0.03759
vt 0.24111 0.03424
vt 0.24774 0.03377
vt 0.49511 0.09157
vt 0.49798 0.08832
vt 0.49821 0.09157
vt 0.48101 0.43775
vt 0.48284 0.42899
vt 0.48328 0.43904
vt 0.11983 0.24269
vt 0.10541 0.24269
vt 0.11978 0.23100
vt 0.49511 0.09157
vt 0.49510 0.08781
vt 0.49798 0.08832
vt 0.17292 0.31892
vt 0.18780 0.31931
vt 0.18493 0.31999
vt 0.41140 0.12239
vt 0.41889 0.11589
vt 0.41691 0.12008
vt 0.22931 0.33243
vt 0.22667 0.33144
vt 0.22722 0.32703
vt 0.48284 0.42899
vt 0.48101 0.43775
vt 0.48104 0.42788
vt 0.45132 0.70761
vt 0.44759 0.71016
vt 0.44798 0.70820
vt 0.44798 0.70820
vt 0.44794 0.69136
vt 0.45132 0.70761
vt 0.41696 0.12022
vt 0.41889 0.11589
vt 0.41756 0.11926
vt 0.23467 0.32654
vt 0.24100 0.31549
vt 0.23574 0.32797
vt 0.27861 0.87564
vt 0.27642 0.87207
vt 0.28199 0.87390
vt 0.41140 0.12240
vt 0.41140 0.11452
vt 0.41889 0.11589
vt 0.49764 0.95778
vt 0.49777 0.95931
vt 0.49703 0.96334
vt 0.28112 0.86729
vt 0.28199 0.87383
vt 0.27642 0.87207
vt 0.11978 0.23100
vt 0.10541 0.24269
vt 0.10475 0.23118
vt 0.39239 0.36459
vt 0.37662 0.36448
vt 0.37688 0.35912
vt 0.23468 0.32653
vt 0.23574 0.32797
vt 0.22931 0.33243
vt 0.38628 0.63768
vt 0.39077 0.66929
vt 0.38691 0.66920
vt 0.44794 0.69136
vt 0.45065 0.69223
vt 0.45132 0.70761
vt 0.49777 0.95931
vt 0.49776 0.96361
vt 0.49703 0.96334
vt 0.41104 0.70515
vt 0.41512 0.69113
vt 0.41913 0.70278
vt 0.24163 0.18380
vt 0.24086 0.17603
vt 0.25105 0.18450
vt 0.24086 0.17603
vt 0.24163 0.18380
vt 0.23456 0.19092
vt 0.40240 0.91767
vt 0.41020 0.88898
vt 0.40942 0.91760
vt 0.42330 0.11479
vt 0.41889 0.11589
vt 0.41140 0.11452
vt 0.22284 0.05177
vt 0.22294 0.05324
vt 0.21849 0.05358
vt 0.43495 0.73870
vt 0.43806 0.72042
vt 0.43967 0.73646
vt 0.25100 0.18458
vt 0.24086 0.17603
vt 0.24844 0.18082
vt 0.27642 0.87207
vt 0.27618 0.86859
vt 0.28112 0.86729
vt 0.26983 0.87172
vt 0.27618 0.86859
vt 0.27642 0.87207
vt 0.21849 0.05358
vt 0.21537 0.05159
vt 0.22284 0.05177
vt 0.39239 0.36459
vt 0.37688 0.35912
vt 0.37704 0.34552
vt 0.41913 0.70278
vt 0.41512 0.69113
vt 0.41836 0.68707
vt 0.23797 0.26763
vt 0.22607 0.26670
vt 0.22610 0.25126
vt 0.26983 0.87172
vt 0.26273 0.87298
vt 0.26964 0.86799
vt 0.12007 0.21469
vt 0.11978 0.23100
vt 0.10475 0.23118
vt 0.26983 0.87172
vt 0.26964 0.86799
vt 0.27618 0.86859
vt 0.12007 0.21469
vt 0.10475 0.23118
vt 0.10441 0.21614
vt 0.41512 0.69113
vt 0.41902 0.68536
vt 0.41836 0.68707
vt 0.39525 0.66011
vt 0.40458 0.63651
vt 0.41038 0.64723
vt 0.24616 0.26752
vt 0.23797 0.26763
vt 0.24617 0.25269
vt 0.39270 0.34709
vt 0.39239 0.36459
vt 0.37704 0.34552
vt 0.23797 0.26763
vt 0.22610 0.25126
vt 0.24616 0.25269
vt 0.46680 0.40972
vt 0.46662 0.39408
vt 0.46797 0.40887
vt 0.46770 0.39404
vt 0.46797 0.40887
vt 0.46662 0.39408
vt 0.31042 0.97328
vt 0.31042 0.97328
vt 0.31042 0.97328
vt 0.31042 0.97328
vt 0.31042 0.97328
vt 0.31042 0.97328
vt 0.31042 0.97328
vt 0.31042 0.97328
vt 0.31042 0.97328
vt 0.31042 0.97328
vt 0.31042 0.97328
vt 0.31042 0.97328
vt 0.31042 0.97328
vt 0.31042 0.97328
vt 0.31042 0.97328
vt 0.31042 0.97328
vt 0.31042 0.97328
vt 0.31042 0.97328
vt 0.31042 0.97328
vt 0.31042 0.97328
vt 0.31042 0.97328
vt 0.31042 0.97328
vt 0.31042 0.97328
vt 0.31042 0.97328
vt 0.31042 0.97328
vt 0.31042 0.97328
vt 0.31042 0.97328
vt 0.31042 0.97328
vt 0.31042 0.97328
vt 0.31042 0.97328
vt 0.31042 0.97328
vt 0.31042 0.97328
vt 0.31042 0.97328
vt 0.31042 0.97328
vt 0.31042 0.97328
vt 0.31042 0.97328
vt 0.31042 0.97328
vt 0.31042 0.97328
vt 0.31042 0.97328
vt 0.31042 0.97328
vt 0.31042 0.97328
vt 0.31042 0.97328
vt 0.31042 0.97328
vt 0.31042 0.97328
vt 0.31042 0.97328
vt 0.31042 0.97328
vt 0.31042 0.97328
vt 0.31042 0.97328
vt 0.31042 0.97328
vt 0.31042 0.97328
vt 0.31042 0.97328
vt 0.31042 0.97328
vt 0.31042 0.97328
vt 0.31042 0.97328
vt 0.31042 0.97328
vt 0.31042 0.97328
vt 0.31042 0.97328
vt 0.31042 0.97328
vt 0.31042 0.97328
vt 0.31042 0.97328
vt 0.31042 0.97328
vn -0.6629 -0.5961 -0.4530
vn 0.2942 -0.8766 -0.3808
vn -0.1933 -0.3401 -0.9203
vn 0.3306 -0.3655 -0.8701
vn 0.4205 -0.6471 -0.6359
vn 0.3223 -0.5614 -0.7622
vn 0.8511 -0.1656 0.4982
vn 0.6019 -0.5773 0.5518
vn -0.0846 -0.6492 0.7559
vn 0.5380 -0.6943 0.4780
vn 0.3111 -0.9217 -0.2318
vn 0.6543 -0.7562 -0.0103
vn 0.3993 -0.6846 -0.6098
vn 0.6543 -0.7562 -0.0103
vn 0.3111 -0.9217 -0.2318
vn 0.3993 -0.6846 -0.6098
vn 0.3111 -0.9217 -0.2318
vn 0.4439 -0.7088 -0.5482
vn 0.7774 0.3747 -0.5052
vn -0.1379 0.9011 -0.4112
vn -0.2218 0.6991 -0.6797
vn -0.8355 0.3444 0.4281
vn -0.2595 -0.6173 0.7427
vn -0.5581 -0.6575 0.5062
vn -0.8355 0.3444 0.4281
vn -0.5581 -0.6575 0.5062
vn -0.6573 -0.0523 0.7518
vn -0.6573 -0.0523 0.7518
vn -0.9088 -0.2593 0.3269
vn -0.8355 0.3444 0.4281
vn -0.8355 0.3444 0.4281
vn -0.8913 -0.3111 -0.3298
vn -0.9920 -0.0604 -0.1110
vn -0.8913 -0.3111 -0.3298
vn -0.8355 0.3444 0.4281
vn -0.9088 -0.2593 0.3269
vn -0.6629 -0.5961 -0.4530
vn -0.9920 -0.0604 -0.1110
vn -0.5890 -0.5950 -0.5468
vn -0.9920 -0.0604 -0.1110
vn -0.7510 0.5183 -0.4090
vn -0.8355 0.3444 0.4281
vn 0.5380 -0.6943 0.4780
vn 0.8511 -0.1656 0.4982
vn -0.0062 -0.6377 0.7703
vn -0.9088 -0.2593 0.3269
vn -0.5892 -0.5799 -0.5627
vn -0.8913 -0.3111 -0.3298
vn 0.5284 -0.8466 0.0633
vn -0.2595 -0.6173 0.7427
vn 0.4167 -0.6879 0.5943
vn -0.7510 0.5183 -0.4090
vn -0.9920 -0.0604 -0.1110
vn -0.6629 -0.5961 -0.4530
vn 0.5284 -0.8466 0.0633
vn 0.4167 -0.6879 0.5943
vn 0.4166 -0.2871 0.8626
vn 0.6705 -0.5480 0.5001
vn 0.0377 -0.5548 0.8311
vn -0.0846 -0.6492 0.7559
vn -0.7510 0.5183 -0.4090
vn -0.6629 -0.5961 -0.4530
vn -0.1933 -0.3401 -0.9203
vn 0.4439 -0.7088 -0.5482
vn 0.3998 -0.8971 -0.1879
vn 0.3993 -0.6846 -0.6098
vn 0.0742 0.0011 -0.9972
vn -0.4189 0.6395 -0.6447
vn 0.3223 -0.5614 -0.7622
vn 0.4700 -0.7062 -0.5295
vn 0.3111 -0.9217 -0.2318
vn 0.5602 -0.6944 0.4517
vn 0.3111 -0.9217 -0.2318
vn 0.5380 -0.6943 0.4780
vn 0.4603 -0.8203 0.3396
vn 0.3111 -0.9217 -0.2318
vn 0.4603 -0.8203 0.3396
vn 0.5602 -0.6944 0.4517
vn 0.3993 -0.6846 -0.6098
vn 0.3998 -0.8971 -0.1879
vn 0.0783 -0.8951 -0.4390
vn -0.9088 -0.2593 0.3269
vn -0.5873 -0.5252 0.6158
vn -0.5892 -0.5799 -0.5627
vn -0.2857 0.2441 0.9267
vn -0.2595 -0.6173 0.7427
vn -0.8355 0.3444 0.4281
vn -0.7510 0.5183 -0.4090
vn 0.5547 0.8050 -0.2103
vn -0.8355 0.3444 0.4281
vn 0.4700 -0.7062 -0.5295
vn 0.7627 -0.5765 -0.2932
vn 0.4439 -0.7088 -0.5482
vn 0.3223 -0.5614 -0.7622
vn -0.4189 0.6395 -0.6447
vn -0.3936 0.0792 -0.9158
vn 0.4700 -0.7062 -0.5295
vn 0.4439 -0.7088 -0.5482
vn 0.3111 -0.9217 -0.2318
vn 0.3223 -0.5614 -0.7622
vn -0.3936 0.0792 -0.9158
vn 0.3910 -0.7325 -0.5573
vn 0.4502 0.8102 0.3754
vn -0.2218 0.6991 -0.6797
vn -0.3523 0.8798 -0.3193
vn -0.5069 0.6730 0.5386
vn -0.6930 -0.4103 0.5928
vn 0.3711 0.6108 0.6994
vn 0.8511 -0.1656 0.4982
vn -0.0846 -0.6492 0.7559
vn -0.0062 -0.6377 0.7703
vn 0.3711 0.6108 0.6994
vn 0.3933 0.7499 0.5319
vn -0.1915 0.3988 0.8968
vn 0.9162 -0.2956 -0.2706
vn 0.4439 -0.7088 -0.5482
vn 0.7627 -0.5765 -0.2932
vn 0.9162 -0.2956 -0.2706
vn 0.3998 -0.8971 -0.1879
vn 0.4439 -0.7088 -0.5482
vn 0.3998 -0.8971 -0.1879
vn 0.9162 -0.2956 -0.2706
vn 0.0783 -0.8951 -0.4390
vn 0.5602 -0.6944 0.4517
vn 0.7627 -0.5765 -0.2932
vn 0.4700 -0.7062 -0.5295
vn 0.5380 -0.6943 0.4780
vn 0.0267 -0.7405 0.6715
vn 0.4603 -0.8203 0.3396
vn 0.5547 0.8050 -0.2103
vn -0.7510 0.5183 -0.4090
vn -0.1933 -0.3401 -0.9203
vn -0.1289 -0.3083 -0.9425
vn 0.0742 0.0011 -0.9972
vn 0.7049 0.3025 -0.6416
vn 0.4205 -0.6471 -0.6359
vn -0.3349 0.6622 -0.6703
vn 0.6700 0.3982 -0.6266
vn 0.2306 0.6818 0.6942
vn 0.4502 0.8102 0.3754
vn 0.6437 0.4486 0.6200
vn -0.2218 0.6991 -0.6797
vn 0.4502 0.8102 0.3754
vn 0.7774 0.3747 -0.5052
vn 0.0267 -0.7405 0.6715
vn 0.5602 -0.6944 0.4517
vn 0.4603 -0.8203 0.3396
vn -0.5069 0.6730 0.5386
vn 0.3711 0.6108 0.6994
vn -0.1915 0.3988 0.8968
vn 0.5602 -0.6944 0.4517
vn 0.5225 -0.8177 0.2417
vn 0.7627 -0.5765 -0.2932
vn 0.3306 -0.3655 -0.8701
vn 0.3223 -0.5614 -0.7622
vn 0.3910 -0.7325 -0.5573
vn -0.3349 0.6622 -0.6703
vn -0.1379 0.9011 -0.4112
vn 0.7817 0.2741 -0.5603
vn -0.3349 0.6622 -0.6703
vn 0.3306 -0.3655 -0.8701
vn 0.4142 -0.6847 -0.5997
vn -0.4189 0.6395 -0.6447
vn -0.3529 0.5606 -0.7492
vn -0.3936 0.0792 -0.9158
vn -0.1484 0.4597 -0.8756
vn -0.4189 0.6395 -0.6447
vn 0.0742 0.0011 -0.9972
vn -0.4189 0.6395 -0.6447
vn -0.1484 0.4597 -0.8756
vn -0.3529 0.5606 -0.7492
vn 0.3256 -0.5127 -0.7945
vn 0.3910 -0.7325 -0.5573
vn -0.3936 0.0792 -0.9158
vn 0.3306 -0.3655 -0.8701
vn -0.3349 0.6622 -0.6703
vn 0.4205 -0.6471 -0.6359
vn 0.2306 0.6818 0.6942
vn 0.6437 0.4486 0.6200
vn -0.4279 0.8060 0.4090
vn -0.1933 -0.3401 -0.9203
vn 0.7419 0.5751 -0.3447
vn 0.5547 0.8050 -0.2103
vn -0.3523 0.8798 -0.3193
vn -0.3703 0.7135 -0.5948
vn -0.4268 0.8273 -0.3654
vn 0.0783 -0.8951 -0.4390
vn 0.9162 -0.2956 -0.2706
vn 0.7045 0.2406 -0.6676
vn -0.0846 -0.6492 0.7559
vn 0.0377 -0.5548 0.8311
vn -0.4698 0.1326 0.8728
vn -0.1915 0.3988 0.8968
vn 0.3933 0.7499 0.5319
vn 0.4166 -0.2871 0.8626
vn 0.5105 -0.3455 -0.7874
vn 0.5559 0.2735 -0.7849
vn 0.9162 -0.2956 -0.2706
vn 0.7627 -0.5765 -0.2932
vn 0.8705 0.4793 -0.1119
vn 0.9162 -0.2956 -0.2706
vn 0.7049 0.3025 -0.6416
vn 0.3993 -0.6846 -0.6098
vn -0.1289 -0.3083 -0.9425
vn 0.9162 -0.2956 -0.2706
vn 0.5559 0.2735 -0.7849
vn 0.7045 0.2406 -0.6676
vn 0.4142 -0.6847 -0.5997
vn 0.3910 -0.7325 -0.5573
vn 0.3256 -0.5127 -0.7945
vn -0.4698 0.1326 0.8728
vn 0.0377 -0.5548 0.8311
vn -0.6930 -0.4103 0.5928
vn 0.3993 -0.6846 -0.6098
vn 0.0783 -0.8951 -0.4390
vn 0.3547 -0.7489 -0.5598
vn -0.3936 0.0792 -0.9158
vn -0.3529 0.5606 -0.7492
vn 0.3256 -0.5127 -0.7945
vn 0.4142 -0.6847 -0.5997
vn 0.3306 -0.3655 -0.8701
vn 0.3910 -0.7325 -0.5573
vn 0.3751 -0.7008 0.6068
vn -0.1915 0.3988 0.8968
vn 0.4166 -0.2871 0.8626
vn 0.7627 -0.5765 -0.2932
vn 0.5225 -0.8177 0.2417
vn 0.8705 0.4793 -0.1119
vn 0.7419 0.5751 -0.3447
vn -0.2149 0.9766 0.0055
vn 0.8601 0.3465 -0.3744
vn 0.6437 0.4486 0.6200
vn 0.4502 0.8102 0.3754
vn 0.5547 0.8050 -0.2103
vn -0.2149 0.9766 0.0055
vn -0.4279 0.8060 0.4090
vn 0.6437 0.4486 0.6200
vn 0.0267 -0.7405 0.6715
vn 0.5380 -0.6943 0.4780
vn -0.0062 -0.6377 0.7703
vn -0.2595 -0.6173 0.7427
vn -0.2857 0.2441 0.9267
vn 0.4167 -0.6879 0.5943
vn 0.9162 -0.2956 -0.2706
vn 0.8705 0.4793 -0.1119
vn 0.5105 -0.3455 -0.7874
vn -0.4268 0.8273 -0.3654
vn 0.4502 0.8102 0.3754
vn -0.3523 0.8798 -0.3193
vn 0.4167 -0.6879 0.5943
vn 0.2182 -0.3246 0.9203
vn 0.4166 -0.2871 0.8626
vn 0.9095 0.4148 -0.0287
vn 0.6675 0.4026 -0.6264
vn 0.8705 0.4793 -0.1119
vn 0.9095 0.4148 -0.0287
vn 0.5769 -0.8030 -0.1497
vn 0.6675 0.4026 -0.6264
vn 0.5819 -0.8076 0.0959
vn 0.5769 -0.8030 -0.1497
vn 0.9095 0.4148 -0.0287
vn 0.5547 0.8050 -0.2103
vn 0.8601 0.3465 -0.3744
vn 0.6437 0.4486 0.6200
vn -0.1322 0.0075 0.9912
vn -0.0062 -0.6377 0.7703
vn -0.0846 -0.6492 0.7559
vn 0.4166 -0.2871 0.8626
vn 0.2182 -0.3246 0.9203
vn 0.3751 -0.7008 0.6068
vn -0.6930 -0.4103 0.5928
vn -0.5069 0.6730 0.5386
vn -0.1915 0.3988 0.8968
vn -0.1915 0.3988 0.8968
vn 0.3751 -0.7008 0.6068
vn -0.5125 0.4050 0.7572
vn 0.2182 -0.3246 0.9203
vn 0.4167 -0.6879 0.5943
vn -0.2857 0.2441 0.9267
vn -0.3529 0.5606 -0.7492
vn -0.1484 0.4597 -0.8756
vn -0.2596 0.3927 -0.8823
vn 0.5105 -0.3455 -0.7874
vn 0.1619 0.4845 -0.8597
vn 0.5559 0.2735 -0.7849
vn -0.1484 0.4597 -0.8756
vn 0.0742 0.0011 -0.9972
vn -0.2897 0.6014 -0.7445
vn 0.3711 0.6108 0.6994
vn -0.6930 -0.4103 0.5928
vn 0.0377 -0.5548 0.8311
vn 0.5547 0.8050 -0.2103
vn 0.7419 0.5751 -0.3447
vn 0.8601 0.3465 -0.3744
vn 0.8852 0.4242 0.1908
vn 0.7726 0.3924 0.4990
vn 0.9095 0.4148 -0.0287
vn -0.2149 0.9766 0.0055
vn 0.6437 0.4486 0.6200
vn 0.8601 0.3465 -0.3744
vn 0.5819 -0.8076 0.0959
vn 0.7726 0.3924 0.4990
vn 0.6730 -0.4827 0.5604
vn -0.2857 0.2441 0.9267
vn -0.8355 0.3444 0.4281
vn -0.3362 0.6978 0.6325
vn 0.5819 -0.8076 0.0959
vn 0.9095 0.4148 -0.0287
vn 0.7726 0.3924 0.4990
vn -0.2218 0.6991 -0.6797
vn -0.1379 0.9011 -0.4112
vn -0.3523 0.8798 -0.3193
vn -0.6930 -0.4103 0.5928
vn -0.1915 0.3988 0.8968
vn -0.5125 0.4050 0.7572
vn 0.6737 0.5338 -0.5111
vn 0.8705 0.4793 -0.1119
vn 0.6675 0.4026 -0.6264
vn -0.5125 0.4050 0.7572
vn 0.3751 -0.7008 0.6068
vn 0.1846 -0.4260 0.8857
vn 0.1846 -0.4260 0.8857
vn 0.3751 -0.7008 0.6068
vn 0.2182 -0.3246 0.9203
vn 0.8705 0.4793 -0.1119
vn 0.6737 0.5338 -0.5111
vn 0.5105 -0.3455 -0.7874
vn 0.8196 -0.0697 0.5686
vn 0.5225 -0.8177 0.2417
vn 0.4474 0.5072 0.7366
vn 0.5225 -0.8177 0.2417
vn 0.8852 0.4242 0.1908
vn 0.8705 0.4793 -0.1119
vn 0.8196 -0.0697 0.5686
vn 0.8852 0.4242 0.1908
vn 0.5225 -0.8177 0.2417
vn 0.1846 -0.4260 0.8857
vn 0.2182 -0.3246 0.9203
vn 0.4586 -0.6704 0.5833
vn 0.8852 0.4242 0.1908
vn 0.9095 0.4148 -0.0287
vn 0.8705 0.4793 -0.1119
vn -0.1289 -0.3083 -0.9425
vn -0.2897 0.6014 -0.7445
vn 0.0742 0.0011 -0.9972
vn 0.4142 -0.6847 -0.5997
vn -0.5352 -0.4108 -0.7381
vn -0.3349 0.6622 -0.6703
vn -0.1379 0.9011 -0.4112
vn -0.4252 0.7413 -0.5193
vn -0.3523 0.8798 -0.3193
vn -0.1379 0.9011 -0.4112
vn -0.3349 0.6622 -0.6703
vn -0.3228 0.8697 -0.3735
vn -0.0062 -0.6377 0.7703
vn -0.1322 0.0075 0.9912
vn 0.0267 -0.7405 0.6715
vn 0.2182 -0.3246 0.9203
vn -0.2857 0.2441 0.9267
vn 0.4586 -0.6704 0.5833
vn 0.7800 0.3860 0.4926
vn 0.6840 0.5437 0.4863
vn 0.8196 -0.0697 0.5686
vn 0.6737 0.5338 -0.5111
vn 0.6675 0.4026 -0.6264
vn 0.0100 0.6363 -0.7714
vn 0.7726 0.3924 0.4990
vn 0.8852 0.4242 0.1908
vn 0.6840 0.5437 0.4863
vn -0.3529 0.5606 -0.7492
vn -0.2596 0.3927 -0.8823
vn 0.3256 -0.5127 -0.7945
vn -0.3523 0.8798 -0.3193
vn -0.4252 0.7413 -0.5193
vn -0.3703 0.7135 -0.5948
vn -0.0846 -0.6492 0.7559
vn -0.4698 0.1326 0.8728
vn -0.1322 0.0075 0.9912
vn -0.5125 0.4050 0.7572
vn -0.4698 0.1326 0.8728
vn -0.6930 -0.4103 0.5928
vn -0.1484 0.4597 -0.8756
vn -0.2897 0.6014 -0.7445
vn -0.2596 0.3927 -0.8823
vn -0.1379 0.9011 -0.4112
vn -0.3228 0.8697 -0.3735
vn -0.2999 0.8638 -0.4048
vn -0.1379 0.9011 -0.4112
vn -0.2999 0.8638 -0.4048
vn -0.4252 0.7413 -0.5193
vn -0.4268 0.8273 -0.3654
vn 0.5547 0.8050 -0.2103
vn 0.4502 0.8102 0.3754
vn 0.5819 -0.8076 0.0959
vn 0.6730 -0.4827 0.5604
vn 0.2866 -0.7261 0.6250
vn 0.6840 0.5437 0.4863
vn 0.8852 0.4242 0.1908
vn 0.8196 -0.0697 0.5686
vn 0.4474 0.5072 0.7366
vn 0.7800 0.3860 0.4926
vn 0.8196 -0.0697 0.5686
vn -0.2999 0.8638 -0.4048
vn -0.3703 0.7135 -0.5948
vn -0.4252 0.7413 -0.5193
vn 0.1846 -0.4260 0.8857
vn 0.4586 -0.6704 0.5833
vn 0.2057 -0.3268 0.9224
vn -0.4698 0.1326 0.8728
vn -0.5125 0.4050 0.7572
vn -0.4725 0.6486 0.5967
vn 0.1541 -0.7138 0.6832
vn 0.4474 0.5072 0.7366
vn 0.5225 -0.8177 0.2417
vn -0.5125 0.4050 0.7572
vn 0.1846 -0.4260 0.8857
vn -0.3777 -0.2526 0.8908
vn 0.6730 -0.4827 0.5604
vn 0.7726 0.3924 0.4990
vn 0.4892 -0.7535 0.4392
vn 0.5602 -0.6944 0.4517
vn 0.1541 -0.7138 0.6832
vn 0.5225 -0.8177 0.2417
vn 0.0267 -0.7405 0.6715
vn 0.0092 -0.6563 0.7545
vn 0.5602 -0.6944 0.4517
vn -0.5125 0.4050 0.7572
vn -0.3777 -0.2526 0.8908
vn -0.5369 0.5068 0.6745
vn -0.1845 -0.4934 0.8500
vn 0.0092 -0.6563 0.7545
vn 0.0267 -0.7405 0.6715
vn 0.5105 -0.3455 -0.7874
vn 0.6737 0.5338 -0.5111
vn 0.6417 0.3217 -0.6962
vn -0.8355 0.3444 0.4281
vn 0.5547 0.8050 -0.2103
vn -0.3362 0.6978 0.6325
vn 0.5602 -0.6944 0.4517
vn 0.0092 -0.6563 0.7545
vn 0.1541 -0.7138 0.6832
vn 0.3256 -0.5127 -0.7945
vn -0.2596 0.3927 -0.8823
vn 0.3312 -0.6989 -0.6339
vn -0.2897 0.6014 -0.7445
vn -0.4556 0.1503 -0.8774
vn -0.2596 0.3927 -0.8823
vn 0.3521 -0.7068 -0.6135
vn 0.5769 -0.8030 -0.1497
vn 0.5819 -0.8076 0.0959
vn 0.7726 0.3924 0.4990
vn 0.6840 0.5437 0.4863
vn 0.4610 0.5732 0.6775
vn 0.2866 -0.7261 0.6250
vn 0.6730 -0.4827 0.5604
vn 0.3572 -0.6242 0.6948
vn -0.3270 0.8642 0.3824
vn -0.3362 0.6978 0.6325
vn 0.5547 0.8050 -0.2103
vn 0.3572 -0.6242 0.6948
vn 0.7720 -0.4545 0.4443
vn 0.2866 -0.7261 0.6250
vn 0.1846 -0.4260 0.8857
vn 0.2057 -0.3268 0.9224
vn 0.5152 -0.7993 0.3094
vn -0.3228 0.8697 -0.3735
vn -0.3349 0.6622 -0.6703
vn -0.4519 -0.1841 -0.8728
vn 0.6840 0.5437 0.4863
vn 0.7800 0.3860 0.4926
vn 0.4364 0.4125 0.7996
vn -0.1289 -0.3083 -0.9425
vn -0.4556 0.1503 -0.8774
vn -0.2897 0.6014 -0.7445
vn 0.4211 -0.8361 0.3515
vn 0.3572 -0.6242 0.6948
vn 0.6730 -0.4827 0.5604
vn -0.1322 0.0075 0.9912
vn -0.4698 0.1326 0.8728
vn -0.4725 0.6486 0.5967
vn -0.4268 0.8273 -0.3654
vn -0.5793 0.7806 0.2345
vn -0.3836 0.7225 0.5752
vn -0.5369 0.5068 0.6745
vn -0.4725 0.6486 0.5967
vn -0.5125 0.4050 0.7572
vn -0.3703 0.7135 -0.5948
vn -0.4155 0.6870 -0.5962
vn -0.4268 0.8273 -0.3654
vn 0.5819 -0.8076 0.0959
vn 0.2866 -0.7261 0.6250
vn 0.7720 -0.4545 0.4443
vn 0.5769 -0.8030 -0.1497
vn 0.3521 -0.7068 -0.6135
vn 0.6675 0.4026 -0.6264
vn 0.1846 -0.4260 0.8857
vn 0.5152 -0.7993 0.3094
vn -0.3777 -0.2526 0.8908
vn 0.4364 0.4125 0.7996
vn 0.7800 0.3860 0.4926
vn 0.4474 0.5072 0.7366
vn 0.5934 -0.8033 -0.0506
vn 0.5819 -0.8076 0.0959
vn 0.7720 -0.4545 0.4443
vn -0.3703 0.7135 -0.5948
vn -0.2999 0.8638 -0.4048
vn -0.4155 0.6870 -0.5962
vn -0.3777 -0.2526 0.8908
vn -0.5009 -0.0206 0.8652
vn -0.5369 0.5068 0.6745
vn 0.7045 0.2406 -0.6676
vn -0.3500 0.1384 -0.9265
vn -0.0161 -0.6538 -0.7565
vn 0.3547 -0.7489 -0.5598
vn -0.1289 -0.3083 -0.9425
vn 0.3993 -0.6846 -0.6098
vn 0.5559 0.2735 -0.7849
vn -0.3668 0.5333 -0.7622
vn 0.7045 0.2406 -0.6676
vn 0.5934 -0.8033 -0.0506
vn 0.1980 -0.8902 -0.4103
vn 0.5819 -0.8076 0.0959
vn 0.3521 -0.7068 -0.6135
vn 0.5819 -0.8076 0.0959
vn 0.1980 -0.8902 -0.4103
vn 0.4211 -0.8361 0.3515
vn 0.6730 -0.4827 0.5604
vn 0.4892 -0.7535 0.4392
vn -0.4268 0.8273 -0.3654
vn -0.4155 0.6870 -0.5962
vn -0.4919 0.7067 -0.5085
vn 0.6737 0.5338 -0.5111
vn 0.0100 0.6363 -0.7714
vn 0.6417 0.3217 -0.6962
vn 0.1716 -0.4300 0.8864
vn -0.3777 -0.2526 0.8908
vn 0.5152 -0.7993 0.3094
vn 0.3256 -0.5127 -0.7945
vn -0.5352 -0.4108 -0.7381
vn 0.4142 -0.6847 -0.5997
vn -0.2596 0.3927 -0.8823
vn -0.4556 0.1503 -0.8774
vn -0.3272 -0.5060 -0.7981
vn 0.5547 0.8050 -0.2103
vn -0.4268 0.8273 -0.3654
vn -0.3836 0.7225 0.5752
vn 0.4524 0.5438 0.7068
vn 0.7726 0.3924 0.4990
vn 0.4610 0.5732 0.6775
vn -0.2999 0.8638 -0.4048
vn -0.3228 0.8697 -0.3735
vn -0.3604 0.9057 -0.2231
vn -0.5009 -0.0206 0.8652
vn -0.3777 -0.2526 0.8908
vn 0.1716 -0.4300 0.8864
vn -0.5369 0.5068 0.6745
vn -0.5009 -0.0206 0.8652
vn -0.4725 0.6486 0.5967
vn 0.3216 -0.8294 -0.4568
vn 0.3256 -0.5127 -0.7945
vn 0.3312 -0.6989 -0.6339
vn -0.3272 -0.5060 -0.7981
vn 0.3312 -0.6989 -0.6339
vn -0.2596 0.3927 -0.8823
vn 0.4364 0.4125 0.7996
vn 0.4610 0.5732 0.6775
vn 0.6840 0.5437 0.4863
vn 0.7045 0.2406 -0.6676
vn -0.0161 -0.6538 -0.7565
vn 0.3547 -0.7489 -0.5598
vn 0.3547 -0.7489 -0.5598
vn 0.0783 -0.8951 -0.4390
vn 0.7045 0.2406 -0.6676
vn 0.7045 0.2406 -0.6676
vn -0.3668 0.5333 -0.7622
vn -0.3500 0.1384 -0.9265
vn -0.5352 -0.4108 -0.7381
vn 0.3256 -0.5127 -0.7945
vn 0.3216 -0.8294 -0.4568
vn 0.5547 0.8050 -0.2103
vn -0.3836 0.7225 0.5752
vn -0.3270 0.8642 0.3824
vn -0.4519 -0.1841 -0.8728
vn -0.3349 0.6622 -0.6703
vn -0.5352 -0.4108 -0.7381
vn -0.5834 0.7240 -0.3681
vn -0.3228 0.8697 -0.3735
vn -0.4519 -0.1841 -0.8728
vn 0.4610 0.5732 0.6775
vn 0.4364 0.4125 0.7996
vn 0.9296 0.0714 0.3615
vn 0.4524 0.5438 0.7068
vn 0.4892 -0.7535 0.4392
vn 0.7726 0.3924 0.4990
vn 0.4474 0.5072 0.7366
vn 0.1541 -0.7138 0.6832
vn 0.6645 0.5132 0.5432
vn -0.5834 0.7240 -0.3681
vn -0.3604 0.9057 -0.2231
vn -0.3228 0.8697 -0.3735
vn -0.4268 0.8273 -0.3654
vn -0.4919 0.7067 -0.5085
vn -0.5645 0.8092 -0.1628
vn 0.5934 -0.8033 -0.0506
vn 0.7720 -0.4545 0.4443
vn 0.7518 0.2913 -0.5915
vn 0.0092 -0.6563 0.7545
vn -0.1845 -0.4934 0.8500
vn 0.1541 -0.7138 0.6832
vn 0.3216 -0.8294 -0.4568
vn -0.3272 -0.5060 -0.7981
vn 0.4810 -0.8041 -0.3493
vn -0.4879 0.6476 0.5853
vn -0.2857 0.2441 0.9267
vn -0.3362 0.6978 0.6325
vn 0.3572 -0.6242 0.6948
vn 0.4211 -0.8361 0.3515
vn 0.7720 -0.4545 0.4443
vn 0.7720 -0.4545 0.4443
vn 0.4211 -0.8361 0.3515
vn 0.8866 -0.1742 0.4285
vn 0.1619 0.4845 -0.8597
vn 0.5105 -0.3455 -0.7874
vn 0.6417 0.3217 -0.6962
vn -0.3362 0.6978 0.6325
vn -0.3270 0.8642 0.3824
vn -0.4879 0.6476 0.5853
vn 0.3216 -0.8294 -0.4568
vn 0.3312 -0.6989 -0.6339
vn -0.3272 -0.5060 -0.7981
vn -0.5352 -0.4108 -0.7381
vn 0.3216 -0.8294 -0.4568
vn -0.4519 -0.1841 -0.8728
vn -0.4155 0.6870 -0.5962
vn -0.2999 0.8638 -0.4048
vn -0.3604 0.9057 -0.2231
vn -0.1289 -0.3083 -0.9425
vn 0.3547 -0.7489 -0.5598
vn 0.2606 -0.6187 -0.7412
vn 0.7646 0.3982 -0.5068
vn 0.7518 0.2913 -0.5915
vn 0.8732 0.3152 0.3717
vn 0.7972 -0.1253 -0.5906
vn 0.7646 0.3982 -0.5068
vn 0.6725 -0.7391 -0.0397
vn -0.4556 0.1503 -0.8774
vn -0.4206 0.7066 -0.5690
vn -0.3272 -0.5060 -0.7981
vn -0.3836 0.7225 0.5752
vn -0.4879 0.6476 0.5853
vn -0.3270 0.8642 0.3824
vn 0.4810 -0.8041 -0.3493
vn -0.1940 -0.6395 -0.7439
vn -0.4519 -0.1841 -0.8728
vn 0.8866 -0.1742 0.4285
vn 0.7518 0.2913 -0.5915
vn 0.7720 -0.4545 0.4443
vn 0.8866 -0.1742 0.4285
vn 0.8575 0.3811 0.3455
vn 0.7518 0.2913 -0.5915
vn 0.5152 -0.7993 0.3094
vn -0.5009 -0.0206 0.8652
vn 0.1716 -0.4300 0.8864
vn 0.7972 -0.1253 -0.5906
vn 0.5934 -0.8033 -0.0506
vn 0.7518 0.2913 -0.5915
vn 0.3547 -0.7489 -0.5598
vn -0.0161 -0.6538 -0.7565
vn 0.2606 -0.6187 -0.7412
vn 0.4810 -0.8041 -0.3493
vn -0.4519 -0.1841 -0.8728
vn 0.3216 -0.8294 -0.4568
vn 0.4364 0.4125 0.7996
vn 0.4474 0.5072 0.7366
vn 0.9296 0.0714 0.3615
vn -0.3897 0.7619 0.5174
vn -0.2857 0.2441 0.9267
vn -0.4879 0.6476 0.5853
vn -0.4556 0.1503 -0.8774
vn -0.1289 -0.3083 -0.9425
vn 0.2606 -0.6187 -0.7412
vn 0.1980 -0.8902 -0.4103
vn 0.5934 -0.8033 -0.0506
vn 0.7972 -0.1253 -0.5906
vn -0.4919 0.7067 -0.5085
vn -0.4155 0.6870 -0.5962
vn -0.2905 0.8367 -0.4643
vn -0.4992 0.7113 0.4948
vn -0.4725 0.6486 0.5967
vn -0.5009 -0.0206 0.8652
vn 0.7646 0.3982 -0.5068
vn 0.7972 -0.1253 -0.5906
vn 0.7518 0.2913 -0.5915
vn 0.6675 0.4026 -0.6264
vn -0.3137 -0.5120 -0.7997
vn 0.0100 0.6363 -0.7714
vn 0.1440 0.8539 0.5001
vn 0.6645 0.5132 0.5432
vn 0.1541 -0.7138 0.6832
vn -0.1845 -0.4934 0.8500
vn 0.0267 -0.7405 0.6715
vn -0.1322 0.0075 0.9912
vn 0.4586 -0.6704 0.5833
vn -0.2857 0.2441 0.9267
vn 0.2057 -0.3268 0.9224
vn 0.3470 -0.7017 0.6223
vn 0.5152 -0.7993 0.3094
vn 0.2057 -0.3268 0.9224
vn -0.4556 0.1503 -0.8774
vn -0.5620 0.6280 -0.5383
vn -0.4206 0.7066 -0.5690
vn -0.2857 0.2441 0.9267
vn -0.3897 0.7619 0.5174
vn -0.3599 0.6855 0.6329
vn 0.1980 -0.8902 -0.4103
vn 0.7972 -0.1253 -0.5906
vn 0.6628 -0.1230 -0.7386
vn 0.8732 0.3152 0.3717
vn 0.7518 0.2913 -0.5915
vn 0.8575 0.3811 0.3455
vn 0.4474 0.5072 0.7366
vn 0.6645 0.5132 0.5432
vn 0.9296 0.0714 0.3615
vn 0.4211 -0.8361 0.3515
vn 0.4892 -0.7535 0.4392
vn 0.1235 -0.8711 0.4752
vn 0.5706 -0.8096 -0.1378
vn 0.9286 0.3510 -0.1204
vn 0.7972 -0.1253 -0.5906
vn 0.3470 -0.7017 0.6223
vn -0.5009 -0.0206 0.8652
vn 0.5152 -0.7993 0.3094
vn -0.4992 0.7113 0.4948
vn -0.5009 -0.0206 0.8652
vn -0.3114 0.4259 0.8495
vn -0.2857 0.2441 0.9267
vn -0.3599 0.6855 0.6329
vn 0.2057 -0.3268 0.9224
vn 0.4610 0.5732 0.6775
vn 0.8084 0.2308 0.5415
vn 0.4524 0.5438 0.7068
vn 0.8866 -0.1742 0.4285
vn 0.4211 -0.8361 0.3515
vn 0.1235 -0.8711 0.4752
vn 0.3470 -0.7017 0.6223
vn 0.0399 -0.9930 -0.1110
vn -0.5009 -0.0206 0.8652
vn 0.4892 -0.7535 0.4392
vn 0.4524 0.5438 0.7068
vn 0.2469 -0.4992 0.8306
vn -0.3150 0.3625 0.8771
vn -0.1322 0.0075 0.9912
vn -0.4725 0.6486 0.5967
vn 0.6675 0.4026 -0.6264
vn 0.3521 -0.7068 -0.6135
vn -0.5681 -0.4154 -0.7105
vn 0.9286 0.3510 -0.1204
vn 0.5706 -0.8096 -0.1378
vn 0.3786 -0.6973 -0.6086
vn 0.9286 0.3510 -0.1204
vn 0.6628 -0.1230 -0.7386
vn 0.7972 -0.1253 -0.5906
vn 0.8732 0.3152 0.3717
vn 0.6725 -0.7391 -0.0397
vn 0.7646 0.3982 -0.5068
vn 0.5706 -0.8096 -0.1378
vn 0.7972 -0.1253 -0.5906
vn 0.6725 -0.7391 -0.0397
vn 0.6675 0.4026 -0.6264
vn -0.1026 -0.2689 -0.9577
vn -0.3137 -0.5120 -0.7997
vn 0.9094 0.2066 0.3609
vn 0.6929 0.5098 0.5099
vn 0.9296 0.0714 0.3615
vn 0.8732 0.3152 0.3717
vn 0.5399 -0.7587 0.3645
vn 0.6725 -0.7391 -0.0397
vn 0.9094 0.2066 0.3609
vn 0.9296 0.0714 0.3615
vn 0.8197 0.4923 0.2928
vn -0.1940 -0.6395 -0.7439
vn 0.4810 -0.8041 -0.3493
vn -0.8139 -0.4521 -0.3650
vn 0.8197 0.4923 0.2928
vn 0.6645 0.5132 0.5432
vn 0.1440 0.8539 0.5001
vn 0.4810 -0.8041 -0.3493
vn -0.3272 -0.5060 -0.7981
vn -0.8139 -0.4521 -0.3650
vn -0.4268 0.8273 -0.3654
vn -0.5645 0.8092 -0.1628
vn -0.5793 0.7806 0.2345
vn 0.8732 0.3152 0.3717
vn 0.8575 0.3811 0.3455
vn 0.5890 0.5160 0.6219
vn -0.4601 0.7335 -0.5003
vn -0.4155 0.6870 -0.5962
vn -0.3604 0.9057 -0.2231
vn 0.6645 0.5132 0.5432
vn 0.8197 0.4923 0.2928
vn 0.9296 0.0714 0.3615
vn 0.8732 0.3152 0.3717
vn 0.5890 0.5160 0.6219
vn 0.5657 0.4111 0.7148
vn -0.3150 0.3625 0.8771
vn -0.4725 0.6486 0.5967
vn -0.4992 0.7113 0.4948
vn -0.4519 -0.1841 -0.8728
vn -0.1940 -0.6395 -0.7439
vn -0.8139 -0.4521 -0.3650
vn 0.9094 0.2066 0.3609
vn 0.8197 0.4923 0.2928
vn 0.4429 0.8601 0.2531
vn -0.1845 -0.4934 0.8500
vn -0.1490 -0.1869 0.9710
vn 0.1541 -0.7138 0.6832
vn -0.5009 -0.0206 0.8652
vn 0.0243 -0.5376 0.8429
vn -0.3114 0.4259 0.8495
vn -0.6660 -0.7103 0.2278
vn -0.5009 -0.0206 0.8652
vn 0.0399 -0.9930 -0.1110
vn -0.1322 0.0075 0.9912
vn -0.3150 0.3625 0.8771
vn -0.2939 0.6504 0.7004
vn -0.6527 -0.5030 0.5665
vn 0.3470 -0.7017 0.6223
vn 0.2057 -0.3268 0.9224
vn -0.3897 0.7619 0.5174
vn -0.4879 0.6476 0.5853
vn -0.4279 0.6984 0.5737
vn -0.2905 0.8367 -0.4643
vn -0.4155 0.6870 -0.5962
vn -0.4601 0.7335 -0.5003
vn -0.8255 0.2041 -0.5262
vn -0.4601 0.7335 -0.5003
vn -0.3604 0.9057 -0.2231
vn 0.4892 -0.7535 0.4392
vn 0.2469 -0.4992 0.8306
vn 0.2231 -0.9686 0.1098
vn -0.1490 -0.1869 0.9710
vn 0.1440 0.8539 0.5001
vn 0.1541 -0.7138 0.6832
vn -0.5793 0.7806 0.2345
vn -0.3318 0.7557 0.5647
vn -0.3836 0.7225 0.5752
vn 0.8866 -0.1742 0.4285
vn 0.1235 -0.8711 0.4752
vn 0.5890 0.5160 0.6219
vn -0.3318 0.7557 0.5647
vn -0.4879 0.6476 0.5853
vn -0.3836 0.7225 0.5752
vn 0.4524 0.5438 0.7068
vn 0.9344 0.0418 0.3538
vn 0.2469 -0.4992 0.8306
vn 0.5559 0.2735 -0.7849
vn 0.1619 0.4845 -0.8597
vn -0.3668 0.5333 -0.7622
vn 0.9250 0.2322 -0.3007
vn 0.9358 -0.2222 -0.2737
vn -0.2967 0.0215 -0.9547
vn 0.2811 -0.9397 -0.1946
vn 0.6725 -0.7391 -0.0397
vn 0.5399 -0.7587 0.3645
vn 0.3786 -0.6973 -0.6086
vn 0.6628 -0.1230 -0.7386
vn 0.9286 0.3510 -0.1204
vn 0.6725 -0.7391 -0.0397
vn 0.2811 -0.9397 -0.1946
vn 0.5706 -0.8096 -0.1378
vn -0.6527 -0.5030 0.5665
vn 0.2057 -0.3268 0.9224
vn -0.3599 0.6855 0.6329
vn -0.4879 0.6476 0.5853
vn -0.3318 0.7557 0.5647
vn -0.4279 0.6984 0.5737
vn 0.0243 -0.5376 0.8429
vn -0.5009 -0.0206 0.8652
vn 0.1573 -0.9219 0.3540
vn -0.8255 0.2041 -0.5262
vn -0.3604 0.9057 -0.2231
vn -0.5834 0.7240 -0.3681
vn 0.2469 -0.4992 0.8306
vn 0.9344 0.0418 0.3538
vn 0.2231 -0.9686 0.1098
vn 0.2231 -0.9686 0.1098
vn 0.1235 -0.8711 0.4752
vn 0.4892 -0.7535 0.4392
vn 0.6929 0.5098 0.5099
vn 0.9094 0.2066 0.3609
vn 0.8451 0.1217 0.5206
vn 0.8575 0.3811 0.3455
vn 0.8866 -0.1742 0.4285
vn 0.5890 0.5160 0.6219
vn -0.3150 0.3625 0.8771
vn -0.4992 0.7113 0.4948
vn -0.2939 0.6504 0.7004
vn -0.4556 0.1503 -0.8774
vn 0.2606 -0.6187 -0.7412
vn -0.5620 0.6280 -0.5383
vn -0.6527 -0.5030 0.5665
vn -0.3599 0.6855 0.6329
vn -0.3897 0.7619 0.5174
vn -0.4519 -0.1841 -0.8728
vn -0.8139 -0.4521 -0.3650
vn -0.5834 0.7240 -0.3681
vn -0.1490 -0.1869 0.9710
vn -0.1845 -0.4934 0.8500
vn 0.4499 0.4134 0.7916
vn 0.3521 -0.7068 -0.6135
vn 0.1980 -0.8902 -0.4103
vn -0.5681 -0.4154 -0.7105
vn 0.9250 0.2322 -0.3007
vn -0.0791 0.3837 -0.9201
vn 0.3874 0.6905 0.6108
vn 0.4524 0.5438 0.7068
vn 0.8084 0.2308 0.5415
vn 0.9344 0.0418 0.3538
vn 0.7437 -0.1302 0.6557
vn 0.9344 0.0418 0.3538
vn 0.9296 0.0714 0.3615
vn -0.5681 -0.4154 -0.7105
vn 0.1980 -0.8902 -0.4103
vn -0.0882 -0.2410 -0.9665
vn 0.4610 0.5732 0.6775
vn 0.9296 0.0714 0.3615
vn 0.8084 0.2308 0.5415
vn 0.8451 0.1217 0.5206
vn 0.6474 -0.1514 0.7470
vn 0.6929 0.5098 0.5099
vn -0.5620 0.6280 -0.5383
vn -0.8538 0.2912 -0.4316
vn -0.4206 0.7066 -0.5690
vn -0.4919 0.7067 -0.5085
vn -0.5263 0.8339 -0.1665
vn -0.5645 0.8092 -0.1628
vn -0.3272 -0.5060 -0.7981
vn -0.8538 0.2912 -0.4316
vn -0.6851 -0.5177 -0.5124
vn -0.2905 0.8367 -0.4643
vn -0.5263 0.8339 -0.1665
vn -0.4919 0.7067 -0.5085
vn 0.9094 0.2066 0.3609
vn 0.4429 0.8601 0.2531
vn 0.8451 0.1217 0.5206
vn -0.1026 -0.2689 -0.9577
vn 0.6675 0.4026 -0.6264
vn -0.5681 -0.4154 -0.7105
vn -0.3500 0.1384 -0.9265
vn -0.3668 0.5333 -0.7622
vn -0.5551 -0.0645 -0.8293
vn -0.5009 -0.0206 0.8652
vn -0.6660 -0.7103 0.2278
vn 0.1573 -0.9219 0.3540
vn 0.7437 -0.1302 0.6557
vn 0.9296 0.0714 0.3615
vn 0.6929 0.5098 0.5099
vn -0.8538 0.2912 -0.4316
vn -0.3272 -0.5060 -0.7981
vn -0.4206 0.7066 -0.5690
vn 0.9296 0.0714 0.3615
vn 0.9344 0.0418 0.3538
vn 0.8084 0.2308 0.5415
vn -0.3272 -0.5060 -0.7981
vn 0.1208 -0.6390 -0.7597
vn 0.1629 -0.9522 -0.2582
vn 0.5706 -0.8096 -0.1378
vn 0.2811 -0.9397 -0.1946
vn 0.2575 -0.8896 -0.3772
vn 0.0484 -0.8879 0.4575
vn 0.2811 -0.9397 -0.1946
vn 0.5399 -0.7587 0.3645
vn 0.8197 0.4923 0.2928
vn 0.1440 0.8539 0.5001
vn -0.0558 0.7745 0.6301
vn 0.6474 -0.1514 0.7470
vn 0.7437 -0.1302 0.6557
vn 0.6929 0.5098 0.5099
vn 0.8732 0.3152 0.3717
vn 0.5657 0.4111 0.7148
vn 0.5399 -0.7587 0.3645
vn 0.1619 0.4845 -0.8597
vn -0.5551 -0.0645 -0.8293
vn -0.3668 0.5333 -0.7622
vn 0.9344 0.0418 0.3538
vn 0.7437 -0.1302 0.6557
vn 0.4938 -0.7167 0.4924
vn -0.5551 -0.0645 -0.8293
vn -0.7922 -0.1319 -0.5958
vn -0.3500 0.1384 -0.9265
vn 0.1440 0.8539 0.5001
vn -0.1490 -0.1869 0.9710
vn -0.0558 0.7745 0.6301
vn -0.3500 0.1384 -0.9265
vn -0.7922 -0.1319 -0.5958
vn -0.0161 -0.6538 -0.7565
vn -0.0161 -0.6538 -0.7565
vn -0.7821 -0.3696 -0.5017
vn 0.2606 -0.6187 -0.7412
vn -0.3272 -0.5060 -0.7981
vn 0.1629 -0.9522 -0.2582
vn -0.4745 -0.3486 -0.8083
vn 0.4429 0.8601 0.2531
vn 0.5902 0.4237 0.6871
vn 0.8451 0.1217 0.5206
vn 0.5657 0.4111 0.7148
vn 0.2147 -0.6719 0.7088
vn 0.5399 -0.7587 0.3645
vn -0.0791 0.3837 -0.9201
vn 0.9250 0.2322 -0.3007
vn -0.2967 0.0215 -0.9547
vn -0.8139 -0.4521 -0.3650
vn -0.8255 0.2041 -0.5262
vn -0.5834 0.7240 -0.3681
vn -0.8139 -0.4521 -0.3650
vn -0.3272 -0.5060 -0.7981
vn -0.4745 -0.3486 -0.8083
vn 0.1619 0.4845 -0.8597
vn -0.3363 0.5137 -0.7893
vn -0.5551 -0.0645 -0.8293
vn 0.4429 0.8601 0.2531
vn 0.0014 0.9563 0.2923
vn 0.5902 0.4237 0.6871
vn -0.1026 -0.2689 -0.9577
vn -0.5681 -0.4154 -0.7105
vn -0.4953 -0.4875 -0.7191
vn 0.0243 -0.5376 0.8429
vn -0.4992 0.7113 0.4948
vn -0.3114 0.4259 0.8495
vn 0.0014 0.9563 0.2923
vn 0.4429 0.8601 0.2531
vn 0.8197 0.4923 0.2928
vn 0.1980 -0.8902 -0.4103
vn 0.6628 -0.1230 -0.7386
vn -0.0882 -0.2410 -0.9665
vn -0.4953 -0.4875 -0.7191
vn -0.5681 -0.4154 -0.7105
vn -0.0882 -0.2410 -0.9665
vn -0.4650 0.8715 0.1559
vn -0.3318 0.7557 0.5647
vn -0.5793 0.7806 0.2345
vn 0.2147 -0.6719 0.7088
vn 0.0484 -0.8879 0.4575
vn 0.5399 -0.7587 0.3645
vn 0.7107 0.4157 -0.5675
vn 0.1619 0.4845 -0.8597
vn 0.6417 0.3217 -0.6962
vn 0.6474 -0.1514 0.7470
vn 0.4938 -0.7167 0.4924
vn 0.7437 -0.1302 0.6557
vn 0.1235 -0.8711 0.4752
vn 0.3197 0.6049 0.7294
vn 0.5890 0.5160 0.6219
vn 0.8451 0.1217 0.5206
vn 0.5902 0.4237 0.6871
vn 0.6474 -0.1514 0.7470
vn -0.8538 0.2912 -0.4316
vn -0.5620 0.6280 -0.5383
vn -0.7922 -0.1319 -0.5958
vn -0.3272 -0.5060 -0.7981
vn -0.6851 -0.5177 -0.5124
vn 0.1208 -0.6390 -0.7597
vn 0.6361 0.6788 -0.3669
vn 0.6417 0.3217 -0.6962
vn 0.0100 0.6363 -0.7714
vn 0.1629 -0.9522 -0.2582
vn 0.1208 -0.6390 -0.7597
vn -0.6851 -0.5177 -0.5124
vn 0.6417 0.3217 -0.6962
vn 0.6361 0.6788 -0.3669
vn 0.7107 0.4157 -0.5675
vn -0.5645 0.8092 -0.1628
vn -0.4650 0.8715 0.1559
vn -0.5793 0.7806 0.2345
vn 0.2147 -0.6719 0.7088
vn 0.5657 0.4111 0.7148
vn 0.4658 -0.1683 0.8687
vn -0.5263 0.8339 -0.1665
vn -0.2905 0.8367 -0.4643
vn -0.4601 0.7335 -0.5003
vn 0.0399 -0.9930 -0.1110
vn -0.6527 -0.5030 0.5665
vn -0.6660 -0.7103 0.2278
vn 0.4658 -0.1683 0.8687
vn 0.5657 0.4111 0.7148
vn 0.2127 0.5626 0.7989
vn 0.1235 -0.8711 0.4752
vn 0.2231 -0.9686 0.1098
vn 0.4434 -0.7319 0.5175
vn -0.3363 0.5137 -0.7893
vn 0.1619 0.4845 -0.8597
vn 0.7107 0.4157 -0.5675
vn 0.4938 -0.7167 0.4924
vn 0.6474 -0.1514 0.7470
vn 0.6628 -0.4274 0.6149
vn -0.7821 -0.3696 -0.5017
vn -0.0161 -0.6538 -0.7565
vn -0.7922 -0.1319 -0.5958
vn 0.1629 -0.9522 -0.2582
vn -0.6851 -0.5177 -0.5124
vn 0.5018 -0.7165 -0.4846
vn 0.5149 0.6476 -0.5617
vn 0.5372 0.4134 0.7352
vn 0.3874 0.6905 0.6108
vn 0.4625 -0.7453 -0.4803
vn 0.2575 -0.8896 -0.3772
vn 0.2811 -0.9397 -0.1946
vn -0.0882 -0.2410 -0.9665
vn 0.6628 -0.1230 -0.7386
vn -0.2849 -0.6391 -0.7144
vn 0.3874 0.6905 0.6108
vn 0.5403 -0.5523 0.6349
vn 0.9250 0.2322 -0.3007
vn 0.2231 -0.9686 0.1098
vn 0.9344 0.0418 0.3538
vn 0.4938 -0.7167 0.4924
vn 0.4191 -0.5844 0.6948
vn 0.2811 -0.9397 -0.1946
vn 0.0484 -0.8879 0.4575
vn 0.6474 -0.1514 0.7470
vn 0.5902 0.4237 0.6871
vn 0.4259 -0.5071 0.7493
vn 0.0399 -0.9930 -0.1110
vn 0.3470 -0.7017 0.6223
vn -0.6527 -0.5030 0.5665
vn 0.3321 0.3441 0.8782
vn 0.3874 0.6905 0.6108
vn 0.5372 0.4134 0.7352
vn -0.2849 -0.6391 -0.7144
vn -0.1026 -0.2689 -0.9577
vn -0.4953 -0.4875 -0.7191
vn -0.8786 0.3172 -0.3572
vn -0.8538 0.2912 -0.4316
vn -0.7922 -0.1319 -0.5958
vn -0.5263 0.8339 -0.1665
vn -0.4650 0.8715 0.1559
vn -0.5645 0.8092 -0.1628
vn -0.4601 0.7335 -0.5003
vn -0.6064 0.7698 -0.1992
vn -0.5263 0.8339 -0.1665
vn -0.7821 -0.3696 -0.5017
vn -0.5620 0.6280 -0.5383
vn 0.2606 -0.6187 -0.7412
vn -0.3122 0.1970 0.9294
vn -0.4992 0.7113 0.4948
vn 0.0243 -0.5376 0.8429
vn -0.8139 -0.4521 -0.3650
vn -0.4745 -0.3486 -0.8083
vn -0.8255 0.2041 -0.5262
vn -0.8255 0.2041 -0.5262
vn -0.6590 0.1701 -0.7327
vn -0.4601 0.7335 -0.5003
vn 0.4499 0.4134 0.7916
vn -0.2939 0.6504 0.7004
vn -0.7559 0.6230 0.2012
vn 0.5403 -0.5523 0.6349
vn 0.3874 0.6905 0.6108
vn 0.8333 -0.2317 0.5019
vn -0.5551 -0.0645 -0.8293
vn -0.3363 0.5137 -0.7893
vn -0.0966 0.2201 -0.9707
vn -0.5551 -0.0645 -0.8293
vn -0.0966 0.2201 -0.9707
vn -0.7922 -0.1319 -0.5958
vn -0.1845 -0.4934 0.8500
vn -0.1322 0.0075 0.9912
vn 0.4499 0.4134 0.7916
vn -0.3318 0.7557 0.5647
vn -0.4650 0.8715 0.1559
vn -0.4279 0.6984 0.5737
vn -0.1026 -0.2689 -0.9577
vn -0.2849 -0.6391 -0.7144
vn -0.3137 -0.5120 -0.7997
vn 0.2811 -0.9397 -0.1946
vn 0.4191 -0.5844 0.6948
vn 0.5709 -0.6898 -0.4452
vn -0.7821 -0.3696 -0.5017
vn -0.7922 -0.1319 -0.5958
vn -0.5620 0.6280 -0.5383
vn -0.8786 0.3172 -0.3572
vn -0.6851 -0.5177 -0.5124
vn -0.8538 0.2912 -0.4316
vn 0.4499 0.4134 0.7916
vn -0.1322 0.0075 0.9912
vn -0.2939 0.6504 0.7004
vn 0.5709 -0.6898 -0.4452
vn 0.9716 -0.0831 -0.2215
vn 0.2811 -0.9397 -0.1946
vn 0.2811 -0.9397 -0.1946
vn 0.9716 -0.0831 -0.2215
vn 0.4625 -0.7453 -0.4803
vn -0.4992 0.7113 0.4948
vn -0.7559 0.6230 0.2012
vn -0.2939 0.6504 0.7004
vn 0.8197 0.4923 0.2928
vn -0.0558 0.7745 0.6301
vn 0.0014 0.9563 0.2923
vn 0.3874 0.6905 0.6108
vn 0.3321 0.3441 0.8782
vn 0.8333 -0.2317 0.5019
vn -0.8255 0.2041 -0.5262
vn -0.4818 -0.0823 -0.8724
vn -0.6590 0.1701 -0.7327
vn -0.4745 -0.3486 -0.8083
vn -0.4818 -0.0823 -0.8724
vn -0.8255 0.2041 -0.5262
vn -0.0558 0.7745 0.6301
vn -0.1490 -0.1869 0.9710
vn 0.0014 0.9563 0.2923
vn 0.7107 0.4157 -0.5675
vn -0.3154 0.6679 -0.6741
vn -0.3363 0.5137 -0.7893
vn 0.3321 0.3441 0.8782
vn 0.9128 0.2376 0.3321
vn 0.8333 -0.2317 0.5019
vn 0.5709 -0.6898 -0.4452
vn 0.5046 -0.6917 0.5167
vn 0.9716 -0.0831 -0.2215
vn 0.1629 -0.9522 -0.2582
vn 0.5018 -0.7165 -0.4846
vn -0.3985 -0.5283 -0.7497
vn -0.6851 -0.5177 -0.5124
vn -0.8786 0.3172 -0.3572
vn -0.9384 -0.1993 -0.2824
vn -0.3122 0.1970 0.9294
vn 0.1573 -0.9219 0.3540
vn 0.3539 -0.7784 0.5185
vn 0.1573 -0.9219 0.3540
vn -0.3122 0.1970 0.9294
vn 0.0243 -0.5376 0.8429
vn 0.5890 0.5160 0.6219
vn 0.3197 0.6049 0.7294
vn 0.5657 0.4111 0.7148
vn 0.9128 0.2376 0.3321
vn 0.3321 0.3441 0.8782
vn 0.5372 0.4134 0.7352
vn 0.6474 -0.1514 0.7470
vn 0.4259 -0.5071 0.7493
vn 0.3982 -0.6406 0.6566
vn 0.5018 -0.7165 -0.4846
vn -0.6851 -0.5177 -0.5124
vn -0.3985 -0.5283 -0.7497
vn 0.3786 -0.6973 -0.6086
vn 0.5706 -0.8096 -0.1378
vn 0.2575 -0.8896 -0.3772
vn -0.4992 0.7113 0.4948
vn -0.3122 0.1970 0.9294
vn -0.7559 0.6230 0.2012
vn -0.5263 0.8339 -0.1665
vn -0.6484 0.7308 0.2132
vn -0.4650 0.8715 0.1559
vn 0.2231 -0.9686 0.1098
vn 0.4938 -0.7167 0.4924
vn 0.5959 -0.7999 0.0713
vn -0.5263 0.8339 -0.1665
vn -0.6064 0.7698 -0.1992
vn -0.6484 0.7308 0.2132
vn 0.5372 0.4134 0.7352
vn 0.2575 -0.8896 -0.3772
vn 0.4625 -0.7453 -0.4803
vn 0.0484 -0.8879 0.4575
vn 0.2147 -0.6719 0.7088
vn 0.2497 -0.6234 0.7410
vn 0.5372 0.4134 0.7352
vn 0.5149 0.6476 -0.5617
vn 0.2575 -0.8896 -0.3772
vn -0.6527 -0.5030 0.5665
vn -0.3897 0.7619 0.5174
vn -0.6660 -0.7103 0.2278
vn -0.4794 0.8262 -0.2960
vn -0.8786 0.3172 -0.3572
vn -0.7922 -0.1319 -0.5958
vn -0.4601 0.7335 -0.5003
vn -0.8839 -0.3798 -0.2730
vn -0.6064 0.7698 -0.1992
vn 0.1573 -0.9219 0.3540
vn -0.6660 -0.7103 0.2278
vn -0.4579 -0.7695 0.4452
vn 0.5709 -0.6898 -0.4452
vn 0.4191 -0.5844 0.6948
vn 0.5046 -0.6917 0.5167
vn 0.5372 0.4134 0.7352
vn 0.4625 -0.7453 -0.4803
vn 0.9716 -0.0831 -0.2215
vn -0.6064 0.7698 -0.1992
vn -0.8839 -0.3798 -0.2730
vn -0.9336 -0.2779 0.2261
vn -0.1490 -0.1869 0.9710
vn 0.4290 -0.2294 0.8737
vn 0.0014 0.9563 0.2923
vn 0.9128 0.2376 0.3321
vn 0.5372 0.4134 0.7352
vn 0.9716 -0.0831 -0.2215
vn -0.3985 -0.5283 -0.7497
vn -0.4818 -0.0823 -0.8724
vn -0.4745 -0.3486 -0.8083
vn 0.3786 -0.6973 -0.6086
vn 0.2575 -0.8896 -0.3772
vn 0.5039 -0.6861 -0.5248
vn 0.7107 0.4157 -0.5675
vn 0.6361 0.6788 -0.3669
vn -0.6626 0.3221 -0.6761
vn 0.3874 0.6905 0.6108
vn -0.0791 0.3837 -0.9201
vn 0.5149 0.6476 -0.5617
vn -0.3897 0.7619 0.5174
vn -0.4279 0.6984 0.5737
vn -0.6174 -0.4490 0.6459
vn 0.4290 -0.2294 0.8737
vn -0.1490 -0.1869 0.9710
vn 0.4499 0.4134 0.7916
vn 0.3197 0.6049 0.7294
vn 0.1235 -0.8711 0.4752
vn 0.4434 -0.7319 0.5175
vn -0.6484 0.7308 0.2132
vn -0.6064 0.7698 -0.1992
vn -0.9336 -0.2779 0.2261
vn -0.3985 -0.5283 -0.7497
vn -0.4745 -0.3486 -0.8083
vn 0.1629 -0.9522 -0.2582
vn -0.4650 0.8715 0.1559
vn -0.6484 0.7308 0.2132
vn -0.4279 0.6984 0.5737
vn 0.6628 -0.4274 0.6149
vn 0.6474 -0.1514 0.7470
vn 0.3982 -0.6406 0.6566
vn -0.9336 -0.2779 0.2261
vn -0.6174 -0.4490 0.6459
vn -0.4279 0.6984 0.5737
vn -0.3122 0.1970 0.9294
vn -0.9384 -0.1993 -0.2824
vn -0.7559 0.6230 0.2012
vn -0.9384 -0.1993 -0.2824
vn 0.3539 -0.7784 0.5185
vn -0.2685 -0.5262 0.8068
vn 0.4191 -0.5844 0.6948
vn 0.4751 -0.6432 0.6005
vn 0.5046 -0.6917 0.5167
vn -0.3363 0.5137 -0.7893
vn 0.6524 0.4249 -0.6276
vn -0.0966 0.2201 -0.9707
vn 0.5902 0.4237 0.6871
vn 0.0014 0.9563 0.2923
vn 0.0038 0.9374 0.3483
vn 0.3539 -0.7784 0.5185
vn 0.1573 -0.9219 0.3540
vn -0.4579 -0.7695 0.4452
vn -0.6590 0.1701 -0.7327
vn -0.4818 -0.0823 -0.8724
vn -0.5525 -0.5517 -0.6249
vn 0.9128 0.2376 0.3321
vn 0.5130 0.5609 0.6498
vn 0.4410 -0.6350 0.6342
vn 0.9716 -0.0831 -0.2215
vn 0.5046 -0.6917 0.5167
vn 0.9128 0.2376 0.3321
vn 0.5657 0.4111 0.7148
vn 0.3197 0.6049 0.7294
vn 0.2127 0.5626 0.7989
vn 0.5902 0.4237 0.6871
vn 0.0038 0.9374 0.3483
vn -0.5454 0.6233 0.5604
vn -0.8503 -0.3749 -0.3694
vn 0.0100 0.6363 -0.7714
vn -0.3137 -0.5120 -0.7997
vn 0.5959 -0.7999 0.0713
vn 0.4938 -0.7167 0.4924
vn 0.6628 -0.4274 0.6149
vn 0.0014 0.9563 0.2923
vn 0.1011 0.9884 -0.1130
vn 0.0038 0.9374 0.3483
vn 0.3539 -0.7784 0.5185
vn -0.9384 -0.1993 -0.2824
vn -0.3122 0.1970 0.9294
vn -0.4794 0.8262 -0.2960
vn -0.7922 -0.1319 -0.5958
vn -0.0966 0.2201 -0.9707
vn 0.7699 -0.4079 0.4909
vn 0.9128 0.2376 0.3321
vn 0.4410 -0.6350 0.6342
vn -0.8786 0.3172 -0.3572
vn -0.9771 0.0703 -0.2010
vn -0.7559 0.6230 0.2012
vn 0.3197 0.6049 0.7294
vn 0.4434 -0.7319 0.5175
vn 0.1587 -0.3188 0.9344
vn -0.3897 0.7619 0.5174
vn -0.6174 -0.4490 0.6459
vn -0.6660 -0.7103 0.2278
vn 0.6524 0.4249 -0.6276
vn -0.3363 0.5137 -0.7893
vn -0.3154 0.6679 -0.6741
vn 0.2231 -0.9686 0.1098
vn 0.5959 -0.7999 0.0713
vn 0.4434 -0.7319 0.5175
vn 0.1011 0.9884 -0.1130
vn 0.0014 0.9563 0.2923
vn 0.4290 -0.2294 0.8737
vn 0.3982 -0.6406 0.6566
vn -0.6088 -0.2649 0.7478
vn -0.5843 0.4686 0.6626
vn -0.6484 0.7308 0.2132
vn -0.9336 -0.2779 0.2261
vn -0.4279 0.6984 0.5737
vn 0.0484 -0.8879 0.4575
vn 0.2497 -0.6234 0.7410
vn 0.6894 -0.4341 0.5799
vn 0.6628 -0.4274 0.6149
vn 0.3982 -0.6406 0.6566
vn 0.3049 -0.6983 0.6477
vn 0.7107 0.4157 -0.5675
vn -0.6626 0.3221 -0.6761
vn -0.3154 0.6679 -0.6741
vn 0.6894 -0.4341 0.5799
vn 0.4191 -0.5844 0.6948
vn 0.0484 -0.8879 0.4575
vn 0.6468 0.5882 0.4855
vn 0.5130 0.5609 0.6498
vn 0.9128 0.2376 0.3321
vn 0.2147 -0.6719 0.7088
vn 0.4658 -0.1683 0.8687
vn 0.2497 -0.6234 0.7410
vn 0.5039 -0.6861 -0.5248
vn 0.2575 -0.8896 -0.3772
vn 0.7159 0.3484 -0.6051
vn 0.4259 -0.5071 0.7493
vn -0.7855 -0.3387 0.5180
vn 0.3982 -0.6406 0.6566
vn 0.0100 0.6363 -0.7714
vn -0.6626 0.3221 -0.6761
vn 0.6361 0.6788 -0.3669
vn 0.3539 -0.7784 0.5185
vn -0.4579 -0.7695 0.4452
vn -0.2685 -0.5262 0.8068
vn -0.3985 -0.5283 -0.7497
vn -0.8456 -0.4518 -0.2843
vn -0.4818 -0.0823 -0.8724
vn -0.4794 0.8262 -0.2960
vn -0.9771 0.0703 -0.2010
vn -0.8786 0.3172 -0.3572
vn 0.3049 -0.6983 0.6477
vn 0.4434 -0.7319 0.5175
vn 0.5959 -0.7999 0.0713
vn 0.1011 0.9884 -0.1130
vn 0.4290 -0.2294 0.8737
vn 0.4499 0.4134 0.7916
vn 0.1011 0.9884 -0.1130
vn 0.4499 0.4134 0.7916
vn 0.0038 0.9374 0.3483
vn 0.5149 0.6476 -0.5617
vn 0.7159 0.3484 -0.6051
vn 0.2575 -0.8896 -0.3772
vn -0.0185 0.7040 -0.7099
vn -0.0791 0.3837 -0.9201
vn -0.2967 0.0215 -0.9547
vn -0.8786 0.3172 -0.3572
vn -0.7559 0.6230 0.2012
vn -0.9384 -0.1993 -0.2824
vn 0.4434 -0.7319 0.5175
vn 0.3049 -0.6983 0.6477
vn 0.1587 -0.3188 0.9344
vn 0.5149 0.6476 -0.5617
vn 0.3239 0.7580 -0.5662
vn 0.8288 0.0009 -0.5595
vn 0.9128 0.2376 0.3321
vn 0.4751 -0.6432 0.6005
vn 0.6468 0.5882 0.4855
vn -0.3137 -0.5120 -0.7997
vn -0.2849 -0.6391 -0.7144
vn -0.8503 -0.3749 -0.3694
vn 0.6628 -0.1230 -0.7386
vn 0.0071 0.4177 -0.9086
vn -0.0063 0.4767 -0.8790
vn -0.4430 0.7133 0.5431
vn 0.0038 0.9374 0.3483
vn 0.4499 0.4134 0.7916
vn -0.6590 0.1701 -0.7327
vn -0.8839 -0.3798 -0.2730
vn -0.4601 0.7335 -0.5003
vn -0.6660 -0.7103 0.2278
vn -0.6174 -0.4490 0.6459
vn -0.4579 -0.7695 0.4452
vn 0.9128 0.2376 0.3321
vn 0.5046 -0.6917 0.5167
vn 0.4751 -0.6432 0.6005
vn -0.0791 0.3837 -0.9201
vn 0.3239 0.7580 -0.5662
vn 0.5149 0.6476 -0.5617
vn 0.3197 0.6049 0.7294
vn 0.5299 0.4402 0.7249
vn 0.2127 0.5626 0.7989
vn 0.5959 -0.7999 0.0713
vn 0.6628 -0.4274 0.6149
vn 0.3049 -0.6983 0.6477
vn -0.0791 0.3837 -0.9201
vn -0.0185 0.7040 -0.7099
vn 0.3239 0.7580 -0.5662
vn 0.5902 0.4237 0.6871
vn -0.5454 0.6233 0.5604
vn 0.4259 -0.5071 0.7493
vn 0.4191 -0.5844 0.6948
vn 0.6894 -0.4341 0.5799
vn 0.4751 -0.6432 0.6005
vn -0.2849 -0.6391 -0.7144
vn -0.4953 -0.4875 -0.7191
vn -0.0882 -0.2410 -0.9665
vn 0.3982 -0.6406 0.6566
vn -0.7855 -0.3387 0.5180
vn -0.6088 -0.2649 0.7478
vn 0.4259 -0.5071 0.7493
vn -0.5454 0.6233 0.5604
vn -0.7855 -0.3387 0.5180
vn -0.8839 -0.3798 -0.2730
vn -0.6590 0.1701 -0.7327
vn -0.5525 -0.5517 -0.6249
vn -0.0185 0.7040 -0.7099
vn -0.2967 0.0215 -0.9547
vn 0.3723 0.1214 -0.9201
vn -0.3154 0.6679 -0.6741
vn -0.0966 0.2201 -0.9707
vn 0.6524 0.4249 -0.6276
vn -0.6626 0.3221 -0.6761
vn 0.0100 0.6363 -0.7714
vn -0.8503 -0.3749 -0.3694
vn 0.5130 0.5609 0.6498
vn 0.6468 0.5882 0.4855
vn 0.7368 0.1164 0.6660
vn -0.0063 0.4767 -0.8790
vn -0.2849 -0.6391 -0.7144
vn 0.6628 -0.1230 -0.7386
vn -0.2849 -0.6391 -0.7144
vn -0.0063 0.4767 -0.8790
vn -0.7279 -0.5615 -0.3936
vn 0.3982 -0.6406 0.6566
vn -0.5843 0.4686 0.6626
vn 0.3049 -0.6983 0.6477
vn -0.3154 0.6679 -0.6741
vn -0.6626 0.3221 -0.6761
vn -0.0966 0.2201 -0.9707
vn -0.5525 -0.5517 -0.6249
vn -0.4818 -0.0823 -0.8724
vn -0.8839 -0.3798 -0.2730
vn -0.3985 -0.5283 -0.7497
vn -0.8149 -0.5115 -0.2726
vn -0.8456 -0.4518 -0.2843
vn 0.3786 -0.6973 -0.6086
vn 0.5039 -0.6861 -0.5248
vn 0.0174 -0.3089 -0.9509
vn 0.6894 -0.4341 0.5799
vn 0.6468 0.5882 0.4855
vn 0.4751 -0.6432 0.6005
vn 0.8288 0.0009 -0.5595
vn 0.3239 0.7580 -0.5662
vn 0.1685 0.7033 -0.6906
vn -0.0185 0.7040 -0.7099
vn 0.3723 0.1214 -0.9201
vn 0.7410 0.5082 -0.4389
vn 0.7368 0.1164 0.6660
vn 0.4410 -0.6350 0.6342
vn 0.5130 0.5609 0.6498
vn -0.9384 -0.1993 -0.2824
vn -0.2685 -0.5262 0.8068
vn -0.8471 -0.4887 0.2086
vn -0.7855 -0.3387 0.5180
vn -0.5454 0.6233 0.5604
vn 0.0038 0.9374 0.3483
vn -0.2849 -0.6391 -0.7144
vn -0.7279 -0.5615 -0.3936
vn -0.8503 -0.3749 -0.3694
vn 0.2497 -0.6234 0.7410
vn 0.7368 0.1164 0.6660
vn 0.6894 -0.4341 0.5799
vn 0.7368 0.1164 0.6660
vn 0.6468 0.5882 0.4855
vn 0.6894 -0.4341 0.5799
vn -0.5270 -0.2285 0.8186
vn 0.1587 -0.3188 0.9344
vn 0.3049 -0.6983 0.6477
vn -0.4794 0.8262 -0.2960
vn -0.6405 0.6850 -0.3472
vn -0.9771 0.0703 -0.2010
vn -0.4794 0.8262 -0.2960
vn -0.0966 0.2201 -0.9707
vn -0.2633 0.6080 -0.7490
vn -0.9336 -0.2779 0.2261
vn -0.4579 -0.7695 0.4452
vn -0.6174 -0.4490 0.6459
vn -0.9336 -0.2779 0.2261
vn -0.8569 -0.4640 0.2247
vn -0.4579 -0.7695 0.4452
vn 0.3239 0.7580 -0.5662
vn -0.0185 0.7040 -0.7099
vn 0.1685 0.7033 -0.6906
vn -0.7855 -0.3387 0.5180
vn -0.6448 -0.0515 0.7626
vn -0.6088 -0.2649 0.7478
vn 0.0174 -0.3089 -0.9509
vn 0.0071 0.4177 -0.9086
vn 0.3786 -0.6973 -0.6086
vn 0.3197 0.6049 0.7294
vn 0.1587 -0.3188 0.9344
vn -0.0875 0.8264 0.5562
vn 0.8288 0.0009 -0.5595
vn 0.7159 0.3484 -0.6051
vn 0.5149 0.6476 -0.5617
vn -0.6088 -0.2649 0.7478
vn -0.6448 -0.0515 0.7626
vn -0.4461 0.1882 0.8750
vn -0.4430 0.7133 0.5431
vn -0.4553 0.8864 -0.0835
vn -0.5137 0.8463 0.1410
vn 0.0071 0.4177 -0.9086
vn 0.6628 -0.1230 -0.7386
vn 0.3786 -0.6973 -0.6086
vn -0.9555 0.2949 -0.0112
vn -0.0966 0.2201 -0.9707
vn -0.6626 0.3221 -0.6761
vn -0.6626 0.3221 -0.6761
vn -0.8503 -0.3749 -0.3694
vn -0.9555 0.2949 -0.0112
vn 0.0038 0.9374 0.3483
vn -0.3435 -0.1715 0.9234
vn -0.6448 -0.0515 0.7626
vn -0.9384 -0.1993 -0.2824
vn -0.8471 -0.4887 0.2086
vn -0.6851 -0.5177 -0.5124
vn 0.4499 0.4134 0.7916
vn -0.7559 0.6230 0.2012
vn -0.4553 0.8864 -0.0835
vn 0.7330 -0.4883 0.4737
vn 0.4410 -0.6350 0.6342
vn 0.7368 0.1164 0.6660
vn -0.0185 0.7040 -0.7099
vn 0.7410 0.5082 -0.4389
vn 0.1685 0.7033 -0.6906
vn 0.3197 0.6049 0.7294
vn -0.0875 0.8264 0.5562
vn 0.5299 0.4402 0.7249
vn -0.6448 -0.0515 0.7626
vn -0.7855 -0.3387 0.5180
vn 0.0038 0.9374 0.3483
vn -0.4553 0.8864 -0.0835
vn -0.7559 0.6230 0.2012
vn -0.9771 0.0703 -0.2010
vn 0.4658 -0.1683 0.8687
vn 0.7368 0.1164 0.6660
vn 0.2497 -0.6234 0.7410
vn -0.5843 0.4686 0.6626
vn -0.6088 -0.2649 0.7478
vn -0.4461 0.1882 0.8750
vn -0.4818 -0.0823 -0.8724
vn -0.8456 -0.4518 -0.2843
vn -0.8839 -0.3798 -0.2730
vn -0.6405 0.6850 -0.3472
vn -0.4553 0.8864 -0.0835
vn -0.9771 0.0703 -0.2010
vn -0.4461 0.1882 0.8750
vn -0.6448 -0.0515 0.7626
vn -0.3435 -0.1715 0.9234
vn -0.5281 0.7137 -0.4602
vn -0.4794 0.8262 -0.2960
vn -0.2633 0.6080 -0.7490
vn 0.3049 -0.6983 0.6477
vn -0.5843 0.4686 0.6626
vn -0.7943 -0.4096 0.4487
vn 0.0038 0.9374 0.3483
vn -0.4430 0.7133 0.5431
vn -0.3435 -0.1715 0.9234
vn -0.4430 0.7133 0.5431
vn 0.4499 0.4134 0.7916
vn -0.4553 0.8864 -0.0835
vn -0.8569 -0.4640 0.2247
vn -0.8471 -0.4887 0.2086
vn -0.4579 -0.7695 0.4452
vn -0.4794 0.8262 -0.2960
vn -0.5281 0.7137 -0.4602
vn -0.6405 0.6850 -0.3472
vn 0.4658 -0.1683 0.8687
vn 0.5330 0.6395 0.5541
vn 0.7368 0.1164 0.6660
vn -0.8471 -0.4887 0.2086
vn -0.2685 -0.5262 0.8068
vn -0.4579 -0.7695 0.4452
vn -0.6851 -0.5177 -0.5124
vn -0.8149 -0.5115 -0.2726
vn -0.3985 -0.5283 -0.7497
vn 0.7368 0.1164 0.6660
vn 0.5330 0.6395 0.5541
vn 0.5352 0.6277 0.5652
vn 0.4531 0.4075 0.7929
vn 0.4658 -0.1683 0.8687
vn 0.2127 0.5626 0.7989
vn -0.9555 0.2949 -0.0112
vn -0.8049 -0.0230 -0.5929
vn -0.0966 0.2201 -0.9707
vn -0.6851 -0.5177 -0.5124
vn -0.8471 -0.4887 0.2086
vn -0.8149 -0.5115 -0.2726
vn 0.7410 0.5082 -0.4389
vn -0.2557 0.1458 -0.9557
vn -0.1970 0.6753 -0.7107
vn -0.0063 0.4767 -0.8790
vn 0.0071 0.4177 -0.9086
vn -0.7433 0.2004 -0.6382
vn 0.8288 0.0009 -0.5595
vn 0.0174 -0.3089 -0.9509
vn 0.5039 -0.6861 -0.5248
vn 0.7368 0.1164 0.6660
vn 0.4451 0.5137 0.7335
vn 0.3359 -0.6152 0.7132
vn -0.9555 0.2949 -0.0112
vn -0.8503 -0.3749 -0.3694
vn -0.8049 -0.0230 -0.5929
vn -0.4461 0.1882 0.8750
vn -0.9765 -0.0438 0.2108
vn -0.5843 0.4686 0.6626
vn -0.8471 -0.4887 0.2086
vn -0.8456 -0.4518 -0.2843
vn -0.8149 -0.5115 -0.2726
vn -0.8569 -0.4640 0.2247
vn -0.8456 -0.4518 -0.2843
vn -0.8471 -0.4887 0.2086
vn -0.2633 0.6080 -0.7490
vn -0.0966 0.2201 -0.9707
vn -0.8049 -0.0230 -0.5929
vn -0.7279 -0.5615 -0.3936
vn -0.8049 -0.0230 -0.5929
vn -0.8503 -0.3749 -0.3694
vn -0.8839 -0.3798 -0.2730
vn -0.8456 -0.4518 -0.2843
vn -0.9336 -0.2779 0.2261
vn 0.5039 -0.6861 -0.5248
vn 0.7159 0.3484 -0.6051
vn 0.8288 0.0009 -0.5595
vn -0.5270 -0.2285 0.8186
vn 0.3049 -0.6983 0.6477
vn -0.7943 -0.4096 0.4487
vn -0.8569 -0.4640 0.2247
vn -0.9336 -0.2779 0.2261
vn -0.8456 -0.4518 -0.2843
vn 0.0174 -0.3089 -0.9509
vn 0.8288 0.0009 -0.5595
vn 0.1685 0.7033 -0.6906
vn -0.5281 0.7137 -0.4602
vn -0.4553 0.8864 -0.0835
vn -0.6405 0.6850 -0.3472
vn 0.7368 0.1164 0.6660
vn 0.5352 0.6277 0.5652
vn 0.4451 0.5137 0.7335
vn 0.4531 0.4075 0.7929
vn 0.2127 0.5626 0.7989
vn 0.5299 0.4402 0.7249
vn -0.3435 -0.1715 0.9234
vn -0.9765 -0.0438 0.2108
vn -0.4461 0.1882 0.8750
vn -0.7175 0.0649 -0.6935
vn -0.2633 0.6080 -0.7490
vn -0.8049 -0.0230 -0.5929
vn -0.5281 0.7137 -0.4602
vn -0.2633 0.6080 -0.7490
vn -0.7175 0.0649 -0.6935
vn 0.0071 0.4177 -0.9086
vn 0.0174 -0.3089 -0.9509
vn -0.4583 0.7006 -0.5469
vn -0.0063 0.4767 -0.8790
vn -0.7433 0.2004 -0.6382
vn -0.7279 -0.5615 -0.3936
vn -0.4583 0.7006 -0.5469
vn 0.0174 -0.3089 -0.9509
vn 0.1685 0.7033 -0.6906
vn -0.7379 -0.5124 0.4392
vn -0.9765 -0.0438 0.2108
vn -0.3435 -0.1715 0.9234
vn 0.5330 0.6395 0.5541
vn 0.0410 0.2069 0.9775
vn 0.5352 0.6277 0.5652
vn -0.3435 -0.1715 0.9234
vn -0.4430 0.7133 0.5431
vn -0.6919 -0.4068 0.5965
vn -0.4553 0.8864 -0.0835
vn -0.5301 0.8225 -0.2060
vn -0.5137 0.8463 0.1410
vn -0.5281 0.7137 -0.4602
vn -0.5301 0.8225 -0.2060
vn -0.4553 0.8864 -0.0835
vn -0.0875 0.8264 0.5562
vn 0.1587 -0.3188 0.9344
vn -0.5270 -0.2285 0.8186
vn 0.5330 0.6395 0.5541
vn 0.4658 -0.1683 0.8687
vn 0.4531 0.4075 0.7929
vn 0.7410 0.5082 -0.4389
vn -0.4583 0.7006 -0.5469
vn 0.1685 0.7033 -0.6906
vn -0.8221 -0.3925 0.4124
vn -0.6638 -0.6817 0.3077
vn -0.5847 -0.4762 0.6568
vn -0.1970 0.6753 -0.7107
vn -0.4583 0.7006 -0.5469
vn 0.7410 0.5082 -0.4389
vn -0.8221 -0.3925 0.4124
vn -0.5270 -0.2285 0.8186
vn -0.7943 -0.4096 0.4487
vn -0.7175 0.0649 -0.6935
vn -0.6453 -0.3642 -0.6715
vn -0.8337 0.0461 -0.5502
vn -0.8049 -0.0230 -0.5929
vn -0.5784 -0.4742 -0.6638
vn -0.7175 0.0649 -0.6935
vn -0.5784 -0.4742 -0.6638
vn -0.6453 -0.3642 -0.6715
vn -0.7175 0.0649 -0.6935
vn -0.9765 -0.0438 0.2108
vn -0.8221 -0.3925 0.4124
vn -0.7943 -0.4096 0.4487
vn -0.5137 0.8463 0.1410
vn -0.9028 0.0161 0.4297
vn -0.6919 -0.4068 0.5965
vn -0.6638 -0.6817 0.3077
vn -0.3435 -0.1715 0.9234
vn -0.7281 -0.3652 0.5802
vn -0.7281 -0.3652 0.5802
vn -0.3435 -0.1715 0.9234
vn -0.6919 -0.4068 0.5965
vn -0.5784 -0.4742 -0.6638
vn -0.8049 -0.0230 -0.5929
vn -0.4166 -0.4328 -0.7995
vn -0.0875 0.8264 0.5562
vn 0.5766 0.5391 0.6139
vn 0.5299 0.4402 0.7249
vn 0.5330 0.6395 0.5541
vn 0.4531 0.4075 0.7929
vn 0.0410 0.2069 0.9775
vn -0.7924 0.0906 -0.6032
vn -0.6740 0.3975 -0.6226
vn -0.7279 -0.5615 -0.3936
vn -0.7924 0.0906 -0.6032
vn -0.7279 -0.5615 -0.3936
vn -0.7433 0.2004 -0.6382
vn -0.5784 -0.4742 -0.6638
vn -0.4166 -0.4328 -0.7995
vn -0.3476 -0.2258 -0.9101
vn -0.6638 -0.6817 0.3077
vn -0.8221 -0.3925 0.4124
vn -0.9765 -0.0438 0.2108
vn -0.9028 0.0161 0.4297
vn -0.5137 0.8463 0.1410
vn -0.9710 0.2340 -0.0498
vn -0.6638 -0.6817 0.3077
vn -0.7379 -0.5124 0.4392
vn -0.3435 -0.1715 0.9234
vn -0.5843 0.4686 0.6626
vn -0.9765 -0.0438 0.2108
vn -0.7943 -0.4096 0.4487
vn -0.5301 0.8225 -0.2060
vn -0.5281 0.7137 -0.4602
vn -0.7175 0.0649 -0.6935
vn -0.5137 0.8463 0.1410
vn -0.6919 -0.4068 0.5965
vn -0.4430 0.7133 0.5431
vn 0.5299 0.4402 0.7249
vn 0.5766 0.5391 0.6139
vn 0.4531 0.4075 0.7929
vn 0.5766 0.5391 0.6139
vn 0.0410 0.2069 0.9775
vn 0.4531 0.4075 0.7929
vn -0.7175 0.0649 -0.6935
vn -0.8337 0.0461 -0.5502
vn -0.9710 0.2340 -0.0498
vn -0.1970 0.6753 -0.7107
vn -0.2557 0.1458 -0.9557
vn -0.3405 0.4757 -0.8110
vn -0.7281 -0.3652 0.5802
vn -0.6919 -0.4068 0.5965
vn -0.9028 0.0161 0.4297
vn -0.4583 0.7006 -0.5469
vn -0.1970 0.6753 -0.7107
vn -0.3405 0.4757 -0.8110
vn -0.4166 -0.4328 -0.7995
vn -0.8049 -0.0230 -0.5929
vn -0.7279 -0.5615 -0.3936
vn -0.5847 -0.4762 0.6568
vn -0.0875 0.8264 0.5562
vn -0.5270 -0.2285 0.8186
vn -0.7175 0.0649 -0.6935
vn -0.9710 0.2340 -0.0498
vn -0.5301 0.8225 -0.2060
vn -0.5847 -0.4762 0.6568
vn -0.5270 -0.2285 0.8186
vn -0.8221 -0.3925 0.4124
vn -0.5784 -0.4742 -0.6638
vn -0.3476 -0.2258 -0.9101
vn -0.6453 -0.3642 -0.6715
vn 0.5766 0.5391 0.6139
vn -0.0875 0.8264 0.5562
vn -0.2228 0.7020 0.6764
vn -0.4583 0.7006 -0.5469
vn -0.7433 0.2004 -0.6382
vn 0.0071 0.4177 -0.9086
vn -0.7379 -0.5124 0.4392
vn -0.6638 -0.6817 0.3077
vn -0.9765 -0.0438 0.2108
vn 0.5352 0.6277 0.5652
vn 0.0410 0.2069 0.9775
vn -0.6683 -0.4444 0.5965
vn -0.7433 0.2004 -0.6382
vn -0.4583 0.7006 -0.5469
vn -0.7924 0.0906 -0.6032
vn -0.5301 0.8225 -0.2060
vn -0.9710 0.2340 -0.0498
vn -0.5137 0.8463 0.1410
vn -0.4166 -0.4328 -0.7995
vn -0.7279 -0.5615 -0.3936
vn -0.7447 -0.1357 -0.6535
vn -0.5847 -0.4762 0.6568
vn -0.6638 -0.6817 0.3077
vn -0.6433 -0.5056 0.5749
vn -0.3476 -0.2258 -0.9101
vn -0.8337 0.0461 -0.5502
vn -0.6453 -0.3642 -0.6715
vn -0.0875 0.8264 0.5562
vn -0.5847 -0.4762 0.6568
vn -0.4506 0.8914 0.0479
vn -0.9028 0.0161 0.4297
vn -0.6638 -0.6817 0.3077
vn -0.7281 -0.3652 0.5802
vn -0.4166 -0.4328 -0.7995
vn -0.7447 -0.1357 -0.6535
vn -0.4408 -0.5825 -0.6829
vn -0.4166 -0.4328 -0.7995
vn -0.4408 -0.5825 -0.6829
vn -0.3476 -0.2258 -0.9101
vn -0.8286 -0.3354 0.4482
vn -0.9710 0.2340 -0.0498
vn -0.8337 0.0461 -0.5502
vn -0.5847 -0.4762 0.6568
vn -0.9089 -0.1868 0.3729
vn -0.4506 0.8914 0.0479
vn -0.3476 -0.2258 -0.9101
vn -0.4408 -0.5825 -0.6829
vn -0.8337 0.0461 -0.5502
vn -0.7924 0.0906 -0.6032
vn -0.5006 -0.4376 -0.7469
vn -0.2057 0.6588 -0.7236
vn -0.2057 0.6588 -0.7236
vn -0.6740 0.3975 -0.6226
vn -0.7924 0.0906 -0.6032
vn -0.4195 0.6698 0.6127
vn 0.4451 0.5137 0.7335
vn 0.5352 0.6277 0.5652
vn -0.6683 -0.4444 0.5965
vn 0.0410 0.2069 0.9775
vn 0.5766 0.5391 0.6139
vn -0.9710 0.2340 -0.0498
vn -0.8362 -0.0419 0.5469
vn -0.6856 -0.4975 0.5315
vn -0.8286 -0.3354 0.4482
vn -0.8337 0.0461 -0.5502
vn -0.4408 -0.5825 -0.6829
vn -0.4506 0.8914 0.0479
vn -0.7447 -0.1357 -0.6535
vn -0.7279 -0.5615 -0.3936
vn -0.6856 -0.4975 0.5315
vn -0.9028 0.0161 0.4297
vn -0.9710 0.2340 -0.0498
vn -0.6740 0.3975 -0.6226
vn -0.5286 0.7949 -0.2978
vn -0.4506 0.8914 0.0479
vn -0.4506 0.8914 0.0479
vn -0.7279 -0.5615 -0.3936
vn -0.6740 0.3975 -0.6226
vn -0.4583 0.7006 -0.5469
vn -0.7494 0.3605 -0.5553
vn -0.7924 0.0906 -0.6032
vn -0.2057 0.6588 -0.7236
vn -0.5286 0.7949 -0.2978
vn -0.6740 0.3975 -0.6226
vn -0.6856 -0.4975 0.5315
vn -0.6638 -0.6817 0.3077
vn -0.9028 0.0161 0.4297
vn -0.5847 -0.4762 0.6568
vn -0.6433 -0.5056 0.5749
vn -0.9089 -0.1868 0.3729
vn -0.5362 0.7446 0.3975
vn -0.0875 0.8264 0.5562
vn -0.4506 0.8914 0.0479
vn -0.7447 -0.1357 -0.6535
vn -0.4506 0.8914 0.0479
vn -0.9089 -0.1868 0.3729
vn -0.2557 0.1458 -0.9557
vn -0.7719 0.0684 -0.6321
vn -0.3405 0.4757 -0.8110
vn -0.7447 -0.1357 -0.6535
vn -0.9089 -0.1868 0.3729
vn -0.8286 -0.3354 0.4482
vn -0.7447 -0.1357 -0.6535
vn -0.8286 -0.3354 0.4482
vn -0.4408 -0.5825 -0.6829
vn -0.6433 -0.5056 0.5749
vn -0.8286 -0.3354 0.4482
vn -0.9089 -0.1868 0.3729
vn -0.6856 -0.4975 0.5315
vn -0.6433 -0.5056 0.5749
vn -0.6638 -0.6817 0.3077
vn -0.2057 0.6588 -0.7236
vn -0.5006 -0.4376 -0.7469
vn -0.5286 0.7949 -0.2978
vn -0.6433 -0.5056 0.5749
vn -0.8362 -0.0419 0.5469
vn -0.8286 -0.3354 0.4482
vn -0.9710 0.2340 -0.0498
vn -0.8286 -0.3354 0.4482
vn -0.8362 -0.0419 0.5469
vn -0.4583 0.7006 -0.5469
vn -0.4244 0.8617 -0.2780
vn -0.7494 0.3605 -0.5553
vn -0.5362 0.7446 0.3975
vn -0.2228 0.7020 0.6764
vn -0.0875 0.8264 0.5562
vn -0.6433 -0.5056 0.5749
vn -0.6856 -0.4975 0.5315
vn -0.8362 -0.0419 0.5469
vn -0.4888 0.5968 -0.6363
vn -0.4583 0.7006 -0.5469
vn -0.3405 0.4757 -0.8110
vn -0.3405 0.4757 -0.8110
vn -0.7719 0.0684 -0.6321
vn -0.4888 0.5968 -0.6363
vn -0.7494 0.3605 -0.5553
vn -0.4244 0.8617 -0.2780
vn -0.4146 0.8503 -0.3243
vn -0.4506 0.8914 0.0479
vn -0.5286 0.7949 -0.2978
vn -0.6425 0.7662 -0.0132
vn -0.7494 0.3605 -0.5553
vn -0.7663 -0.4325 -0.4750
vn -0.7924 0.0906 -0.6032
vn -0.4583 0.7006 -0.5469
vn -0.4888 0.5968 -0.6363
vn -0.4244 0.8617 -0.2780
vn -0.7494 0.3605 -0.5553
vn -0.4146 0.8503 -0.3243
vn -0.7663 -0.4325 -0.4750
vn -0.5006 -0.4376 -0.7469
vn -0.7924 0.0906 -0.6032
vn -0.7663 -0.4325 -0.4750
vn -0.5286 0.7949 -0.2978
vn -0.5006 -0.4376 -0.7469
vn -0.8541 -0.4238 -0.3013
vn -0.6683 -0.4444 0.5965
vn -0.2228 0.7020 0.6764
vn -0.5362 0.7446 0.3975
vn -0.4506 0.8914 0.0479
vn -0.6425 0.7662 -0.0132
vn -0.5362 0.7446 0.3975
vn -0.6683 -0.4444 0.5965
vn 0.5766 0.5391 0.6139
vn -0.2228 0.7020 0.6764
vn -0.7719 0.0684 -0.6321
vn -0.6151 -0.4014 -0.6786
vn -0.4888 0.5968 -0.6363
vn -0.4146 0.8503 -0.3243
vn -0.4244 0.8617 -0.2780
vn -0.7663 -0.4325 -0.4750
vn 0.5352 0.6277 0.5652
vn -0.8799 0.0920 0.4661
vn -0.4195 0.6698 0.6127
vn -0.8799 0.0920 0.4661
vn -0.6683 -0.4444 0.5965
vn -0.9329 0.3164 -0.1721
vn -0.6683 -0.4444 0.5965
vn -0.8799 0.0920 0.4661
vn 0.5352 0.6277 0.5652
vn -0.4195 0.6698 0.6127
vn 0.3359 -0.6152 0.7132
vn 0.4451 0.5137 0.7335
vn -0.9329 0.3164 -0.1721
vn -0.4244 0.8617 -0.2780
vn -0.4888 0.5968 -0.6363
vn -0.7663 -0.4325 -0.4750
vn -0.4244 0.8617 -0.2780
vn -0.9329 0.3164 -0.1721
vn -0.8799 0.0920 0.4661
vn -0.9329 0.3164 -0.1721
vn -0.6811 0.6032 0.4150
vn -0.9329 0.3164 -0.1721
vn -0.6683 -0.4444 0.5965
vn -0.6753 -0.7373 0.0180
vn -0.7663 -0.4325 -0.4750
vn -0.8541 -0.4238 -0.3013
vn -0.5006 -0.4376 -0.7469
vn -0.6753 -0.7373 0.0180
vn -0.8541 -0.4238 -0.3013
vn -0.7663 -0.4325 -0.4750
vn -0.9329 0.3164 -0.1721
vn -0.6753 -0.7373 0.0180
vn -0.7663 -0.4325 -0.4750
vn -0.6683 -0.4444 0.5965
vn -0.5362 0.7446 0.3975
vn -0.6425 0.7662 -0.0132
vn -0.4195 0.6698 0.6127
vn -0.8799 0.0920 0.4661
vn -0.4696 0.6559 0.5910
vn -0.9329 0.3164 -0.1721
vn -0.4888 0.5968 -0.6363
vn -0.6151 -0.4014 -0.6786
vn -0.6753 -0.7373 0.0180
vn -0.6683 -0.4444 0.5965
vn -0.9295 -0.3687 -0.0113
vn -0.6425 0.7662 -0.0132
vn -0.5286 0.7949 -0.2978
vn -0.8541 -0.4238 -0.3013
vn -0.6753 -0.7373 0.0180
vn -0.9295 -0.3687 -0.0113
vn -0.8541 -0.4238 -0.3013
vn -0.6425 0.7662 -0.0132
vn -0.8541 -0.4238 -0.3013
vn -0.9295 -0.3687 -0.0113
vn -0.8799 0.0920 0.4661
vn -0.6811 0.6032 0.4150
vn -0.4696 0.6559 0.5910
vn -0.6029 -0.5592 0.5691
vn -0.4195 0.6698 0.6127
vn -0.4696 0.6559 0.5910
vn -0.6811 0.6032 0.4150
vn -0.9329 0.3164 -0.1721
vn -0.7606 -0.4126 0.5013
vn -0.9295 -0.3687 -0.0113
vn -0.6683 -0.4444 0.5965
vn -0.6425 0.7662 -0.0132
vn -0.9329 0.3164 -0.1721
vn -0.6151 -0.4014 -0.6786
vn -0.7606 -0.4126 0.5013
vn -0.9521 -0.2240 0.2083
vn -0.4696 0.6559 0.5910
vn -0.7606 -0.4126 0.5013
vn -0.6811 0.6032 0.4150
vn -0.7606 -0.4126 0.5013
vn -0.4696 0.6559 0.5910
vn 0.0000 1.0000 0.0000
vn 0.0000 1.0000 0.0000
vn 0.0000 1.0000 0.0000
vn 0.0000 1.0000 0.0000
vn 0.0000 1.0000 0.0000
vn 0.0000 1.0000 0.0000
vn 0.0000 1.0000 0.0000
vn 0.0000 1.0000 0.0000
vn 0.0000 1.0000 0.0000
vn 0.0000 1.0000 0.0000
vn 0.0000 1.0000 0.0000
vn 0.0000 1.0000 0.0000
vn 0.0000 1.0000 0.0000
vn 0.0000 1.0000 0.0000
vn 0.0000 1.0000 0.0000
vn 0.0000 1.0000 0.0000
vn 0.0000 1.0000 0.0000
vn 0.0000 1.0000 0.0000
vn 0.0000 1.0000 0.0000
vn 0.0000 1.0000 0.0000
vn 0.0000 1.0000 0.0000
vn 0.0000 1.0000 0.0000
vn 0.0000 1.0000 0.0000
vn 0.0000 1.0000 0.0000
vn 0.0000 1.0000 0.0000
vn 0.0000 1.0000 0.0000
vn 0.0000 1.0000 0.0000
vn 0.0000 1.0000 0.0000
vn 0.0000 1.0000 0.0000
vn 0.0000 1.0000 0.0000
vn 0.0000 1.0000 0.0000
vn 0.0000 1.0000 0.0000
vn 0.0000 1.0000 0.0000
vn 0.0000 1.0000 0.0000
vn 0.0000 1.0000 0.0000
vn 0.0000 1.0000 0.0000
vn 0.0000 1.0000 0.0000
vn 0.0000 1.0000 0.0000
vn 0.0000 1.0000 0.0000
vn 0.0000 1.0000 0.0000
vn 0.0000 1.0000 0.0000
vn 0.0000 1.0000 0.0000
vn 0.0000 1.0000 0.0000
vn 0.0000 1.0000 0.0000
vn 0.0000 1.0000 0.0000
vn 0.0000 1.0000 0.0000
vn 0.0000 1.0000 0.0000
vn 0.0000 1.0000 0.0000
vn 0.0000 1.0000 0.0000
vn 0.0000 1.0000 0.0000
vn 0.0000 1.0000 0.0000
vn 0.0000 1.0000 0.0000
vn 0.0000 1.0000 0.0000
vn 0.0000 1.0000 0.0000
vn 0.0000 1.0000 0.0000
vn 0.0000 1.0000 0.0000
vn 0.0000 1.0000 0.0000
vn 0.0000 1.0000 0.0000
vn 0.0000 1.0000 0.0000
vn 0.0000 1.0000 0.0000
vn 0.0000 1.0000 0.0000
f 1/1/1 2/2/2 3/3/3
f 4/4/4 5/5/5 6/6/6
f 7/7/7 8/8/8 9/9/9
f 10/10/10 11/11/11 12/12/12
f 13/13/13 14/14/14 15/15/15
f 16/16/16 17/17/17 18/18/18
f 19/19/19 20/20/20 21/21/21
f 22/22/22 23/23/23 24/24/24
f 25/25/25 26/26/26 27/27/27
f 28/28/28 29/29/29 30/30/30
f 31/31/31 32/32/32 33/33/33
f 34/34/34 35/35/35 36/36/36
f 37/37/37 38/38/38 39/39/39
f 40/40/40 41/41/41 42/42/42
f 43/43/43 44/44/44 45/45/45
f 46/46/46 47/47/47 48/48/48
f 49/49/49 50/50/50 51/51/51
f 52/52/52 53/53/53 54/54/54
f 55/55/55 56/56/56 57/57/57
f 58/58/58 59/59/59 60/60/60
f 61/61/61 62/62/62 63/63/63
f 64/64/64 65/65/65 66/66/66
f 67/67/67 68/68/68 69/69/69
f 70/70/70 71/71/71 72/72/72
f 73/73/73 74/74/74 75/75/75
f 76/76/76 77/77/77 78/78/78
f 79/79/79 80/80/80 81/81/81
f 82/82/82 83/83/83 84/84/84
f 85/85/85 86/86/86 87/87/87
f 88/88/88 89/89/89 90/90/90
f 91/91/91 92/92/92 93/93/93
f 94/94/94 95/95/95 96/96/96
f 97/97/97 98/98/98 99/99/99
f 100/100/100 101/101/101 102/102/102
f 103/103/103 104/104/104 105/105/105
f 106/106/106 107/107/107 108/108/108
f 109/109/109 110/110/110 111/111/111
f 112/112/112 113/113/113 114/114/114
f 115/115/115 116/116/116 117/117/117
f 118/118/118 119/119/119 120/120/120
f 121/121/121 122/122/122 123/123/123
f 124/124/124 125/125/125 126/126/126
f 127/127/127 128/128/128 129/129/129
f 130/130/130 131/131/131 132/132/132
f 133/133/133 134/134/134 135/135/135
f 136/136/136 137/137/137 138/138/138
f 139/139/139 140/140/140 141/141/141
f 142/142/142 143/143/143 144/144/144
f 145/145/145 146/146/146 147/147/147
f 148/148/148 149/149/149 150/150/150
f 151/151/151 152/152/152 153/153/153
f 154/154/154 155/155/155 156/156/156
f 157/157/157 158/158/158 159/159/159
f 160/160/160 161/161/161 162/162/162
f 163/163/163 164/164/164 165/165/165
f 166/166/166 167/167/167 168/168/168
f 169/169/169 170/170/170 171/171/171
f 172/172/172 173/173/173 174/174/174
f 175/175/175 176/176/176 177/177/177
f 178/178/178 179/179/179 180/180/180
f 181/181/181 182/182/182 183/183/183
f 184/184/184 185/185/185 186/186/186
f 187/187/187 188/188/188 189/189/189
f 190/190/190 191/191/191 192/192/192
f 193/193/193 194/194/194 195/195/195
f 196/196/196 197/197/197 198/198/198
f 199/199/199 200/200/200 201/201/201
f 202/202/202 203/203/203 204/204/204
f 205/205/205 206/206/206 207/207/207
f 208/208/208 209/209/209 210/210/210
f 211/211/211 212/212/212 213/213/213
f 214/214/214 215/215/215 216/216/216
f 217/217/217 218/218/218 219/219/219
f 220/220/220 221/221/221 222/222/222
f 223/223/223 224/224/224 225/225/225
f 226/226/226 227/227/227 228/228/228
f 229/229/229 230/230/230 231/231/231
f 232/232/232 233/233/233 234/234/234
f 235/235/235 236/236/236 237/237/237
f 238/238/238 239/239/239 240/240/240
f 241/241/241 242/242/242 243/243/243
f 244/244/244 245/245/245 246/246/246
f 247/247/247 248/248/248 249/249/249
f 250/250/250 251/251/251 252/252/252
f 253/253/253 254/254/254 255/255/255
f 256/256/256 257/257/257 258/258/258
f 259/259/259 260/260/260 261/261/261
f 262/262/262 263/263/263 264/264/264
f 265/265/265 266/266/266 267/267/267
f 268/268/268 269/269/269 270/270/270
f 271/271/271 272/272/272 273/273/273
f 274/274/274 275/275/275 276/276/276
f 277/277/277 278/278/278 279/279/279
f 280/280/280 281/281/281 282/282/282
f 283/283/283 284/284/284 285/285/285
f 286/286/286 287/287/287 288/288/288
f 289/289/289 290/290/290 291/291/291
f 292/292/292 293/293/293 294/294/294
f 295/295/295 296/296/296 297/297/297
f 298/298/298 299/299/299 300/300/300
f 301/301/301 302/302/302 303/303/303
f 304/304/304 305/305/305 306/306/306
f 307/307/307 308/308/308 309/309/309
f 310/310/310 311/311/311 312/312/312
f 313/313/313 314/314/314 315/315/315
f 316/316/316 317/317/317 318/318/318
f 319/319/319 320/320/320 321/321/321
f 322/322/322 323/323/323 324/324/324
f 325/325/325 326/326/326 327/327/327
f 328/328/328 329/329/329 330/330/330
f 331/331/331 332/332/332 333/333/333
f 334/334/334 335/335/335 336/336/336
f 337/337/337 338/338/338 339/339/339
f 340/340/340 341/341/341 342/342/342
f 343/343/343 344/344/344 345/345/345
f 346/346/346 347/347/347 348/348/348
f 349/349/349 350/350/350 351/351/351
f 352/352/352 353/353/353 354/354/354
f 355/355/355 356/356/356 357/357/357
f 358/358/358 359/359/359 360/360/360
f 361/361/361 362/362/362 363/363/363
f 364/364/364 365/365/365 366/366/366
f 367/367/367 368/368/368 369/369/369
f 370/370/370 371/371/371 372/372/372
f 373/373/373 374/374/374 375/375/375
f 376/376/376 377/377/377 378/378/378
f 379/379/379 380/380/380 381/381/381
f 382/382/382 383/383/383 384/384/384
f 385/385/385 386/386/386 387/387/387
f 388/388/388 389/389/389 390/390/390
f 391/391/391 392/392/392 393/393/393
f 394/394/394 395/395/395 396/396/396
f 397/397/397 398/398/398 399/399/399
f 400/400/400 401/401/401 402/402/402
f 403/403/403 404/404/404 405/405/405
f 406/406/406 407/407/407 408/408/408
f 409/409/409 410/410/410 411/411/411
f 412/412/412 413/413/413 414/414/414
f 415/415/415 416/416/416 417/417/417
f 418/418/418 419/419/419 420/420/420
f 421/421/421 422/422/422 423/423/423
f 424/424/424 425/425/425 426/426/426
f 427/427/427 428/428/428 429/429/429
f 430/430/430 431/431/431 432/432/432
f 433/433/433 434/434/434 435/435/435
f 436/436/436 437/437/437 438/438/438
f 439/439/439 440/440/440 441/441/441
f 442/442/442 443/443/443 444/444/444
f 445/445/445 446/446/446 447/447/447
f 448/448/448 449/449/449 450/450/450
f 451/451/451 452/452/452 453/453/453
f 454/454/454 455/455/455 456/456/456
f 457/457/457 458/458/458 459/459/459
f 460/460/460 461/461/461 462/462/462
f 463/463/463 464/464/464 465/465/465
f 466/466/466 467/467/467 468/468/468
f 469/469/469 470/470/470 471/471/471
f 472/472/472 473/473/473 474/474/474
f 475/475/475 476/476/476 477/477/477
f 478/478/478 479/479/479 480/480/480
f 481/481/481 482/482/482 483/483/483
f 484/484/484 485/485/485 486/486/486
f 487/487/487 488/488/488 489/489/489
f 490/490/490 491/491/491 492/492/492
f 493/493/493 494/494/494 495/495/495
f 496/496/496 497/497/497 498/498/498
f 499/499/499 500/500/500 501/501/501
f 502/502/502 503/503/503 504/504/504
f 505/505/505 506/506/506 507/507/507
f 508/508/508 509/509/509 510/510/510
f 511/511/511 512/512/512 513/513/513
f 514/514/514 515/515/515 516/516/516
f 517/517/517 518/518/518 519/519/519
f 520/520/520 521/521/521 522/522/522
f 523/523/523 524/524/524 525/525/525
f 526/526/526 527/527/527 528/528/528
f 529/529/529 530/530/530 531/531/531
f 532/532/532 533/533/533 534/534/534
f 535/535/535 536/536/536 537/537/537
f 538/538/538 539/539/539 540/540/540
f 541/541/541 542/542/542 543/543/543
f 544/544/544 545/545/545 546/546/546
f 547/547/547 548/548/548 549/549/549
f 550/550/550 551/551/551 552/552/552
f 553/553/553 554/554/554 555/555/555
f 556/556/556 557/557/557 558/558/558
f 559/559/559 560/560/560 561/561/561
f 562/562/562 563/563/563 564/564/564
f 565/565/565 566/566/566 567/567/567
f 568/568/568 569/569/569 570/570/570
f 571/571/571 572/572/572 573/573/573
f 574/574/574 575/575/575 576/576/576
f 577/577/577 578/578/578 579/579/579
f 580/580/580 581/581/581 582/582/582
f 583/583/583 584/584/584 585/585/585
f 586/586/586 587/587/587 588/588/588
f 589/589/589 590/590/590 591/591/591
f 592/592/592 593/593/593 594/594/594
f 595/595/595 596/596/596 597/597/597
f 598/598/598 599/599/599 600/600/600
f 601/601/601 602/602/602 603/603/603
f 604/604/604 605/605/605 606/606/606
f 607/607/607 608/608/608 609/609/609
f 610/610/610 611/611/611 612/612/612
f 613/613/613 614/614/614 615/615/615
f 616/616/616 617/617/617 618/618/618
f 619/619/619 620/620/620 621/621/621
f 622/622/622 623/623/623 624/624/624
f 625/625/625 626/626/626 627/627/627
f 628/628/628 629/629/629 630/630/630
f 631/631/631 632/632/632 633/633/633
f 634/634/634 635/635/635 636/636/636
f 637/637/637 638/638/638 639/639/639
f 640/640/640 641/641/641 642/642/642
f 643/643/643 644/644/644 645/645/645
f 646/646/646 647/647/647 648/648/648
f 649/649/649 650/650/650 651/651/651
f 652/652/652 653/653/653 654/654/654
f 655/655/655 656/656/656 657/657/657
f 658/658/658 659/659/659 660/660/660
f 661/661/661 662/662/662 663/663/663
f 664/664/664 665/665/665 666/666/666
f 667/667/667 668/668/668 669/669/669
f 670/670/670 671/671/671 672/672/672
f 673/673/673 674/674/674 675/675/675
f 676/676/676 677/677/677 678/678/678
f 679/679/679 680/680/680 681/681/681
f 682/682/682 683/683/683 684/684/684
f 685/685/685 686/686/686 687/687/687
f 688/688/688 689/689/689 690/690/690
f 691/691/691 692/692/692 693/693/693
f 694/694/694 695/695/695 696/696/696
f 697/697/697 698/698/698 699/699/699
f 700/700/700 701/701/701 702/702/702
f 703/703/703 704/704/704 705/705/705
f 706/706/706 707/707/707 708/708/708
f 709/709/709 710/710/710 711/711/711
f 712/712/712 713/713/713 714/714/714
f 715/715/715 716/716/716 717/717/717
f 718/718/718 719/719/719 720/720/720
f 721/721/721 722/722/722 723/723/723
f 724/724/724 725/725/725 726/726/726
f 727/727/727 728/728/728 729/729/729
f 730/730/730 731/731/731 732/732/732
f 733/733/733 734/734/734 735/735/735
f 736/736/736 737/737/737 738/738/738
f 739/739/739 740/740/740 741/741/741
f 742/742/742 743/743/743 744/744/744
f 745/745/745 746/746/746 747/747/747
f 748/748/748 749/749/749 750/750/750
f 751/751/751 752/752/752 753/753/753
f 754/754/754 755/755/755 756/756/756
f 757/757/757 758/758/758 759/759/759
f 760/760/760 761/761/761 762/762/762
f 763/763/763 764/764/764 765/765/765
f 766/766/766 767/767/767 768/768/768
f 769/769/769 770/770/770 771/771/771
f 772/772/772 773/773/773 774/774/774
f 775/775/775 776/776/776 777/777/777
f 778/778/778 779/779/779 780/780/780
f 781/781/781 782/782/782 783/783/783
f 784/784/784 785/785/785 786/786/786
f 787/787/787 788/788/788 789/789/789
f 790/790/790 791/791/791 792/792/792
f 793/793/793 794/794/794 795/795/795
f 796/796/796 797/797/797 798/798/798
f 799/799/799 800/800/800 801/801/801
f 802/802/802 803/803/803 804/804/804
f 805/805/805 806/806/806 807/807/807
f 808/808/808 809/809/809 810/810/810
f 811/811/811 812/812/812 813/813/813
f 814/814/814 815/815/815 816/816/816
f 817/817/817 818/818/818 819/819/819
f 820/820/820 821/821/821 822/822/822
f 823/823/823 824/824/824 825/825/825
f 826/826/826 827/827/827 828/828/828
f 829/829/829 830/830/830 831/831/831
f 832/832/832 833/833/833 834/834/834
f 835/835/835 836/836/836 837/837/837
f 838/838/838 839/839/839 840/840/840
f 841/841/841 842/842/842 843/843/843
f 844/844/844 845/845/845 846/846/846
f 847/847/847 848/848/848 849/849/849
f 850/850/850 851/851/851 852/852/852
f 853/853/853 854/854/854 855/855/855
f 856/856/856 857/857/857 858/858/858
f 859/859/859 860/860/860 861/861/861
f 862/862/862 863/863/863 864/864/864
f 865/865/865 866/866/866 867/867/867
f 868/868/868 869/869/869 870/870/870
f 871/871/871 872/872/872 873/873/873
f 874/874/874 875/875/875 876/876/876
f 877/877/877 878/878/878 879/879/879
f 880/880/880 881/881/881 882/882/882
f 883/883/883 884/884/884 885/885/885
f 886/886/886 887/887/887 888/888/888
f 889/889/889 890/890/890 891/891/891
f 892/892/892 893/893/893 894/894/894
f 895/895/895 896/896/896 897/897/897
f 898/898/898 899/899/899 900/900/900
f 901/901/901 902/902/902 903/903/903
f 904/904/904 905/905/905 906/906/906
f 907/907/907 908/908/908 909/909/909
f 910/910/910 911/911/911 912/912/912
f 913/913/913 914/914/914 915/915/915
f 916/916/916 917/917/917 918/918/918
f 919/919/919 920/920/920 921/921/921
f 922/922/922 923/923/923 924/924/924
f 925/925/925 926/926/926 927/927/927
f 928/928/928 929/929/929 930/930/930
f 931/931/931 932/932/932 933/933/933
f 934/934/934 935/935/935 936/936/936
f 937/937/937 938/938/938 939/939/939
f 940/940/940 941/941/941 942/942/942
f 943/943/943 944/944/944 945/945/945
f 946/946/946 947/947/947 948/948/948
f 949/949/949 950/950/950 951/951/951
f 952/952/952 953/953/953 954/954/954
f 955/955/955 956/956/956 957/957/957
f 958/958/958 959/959/959 960/960/960
f 961/961/961 962/962/962 963/963/963
f 964/964/964 965/965/965 966/966/966
f 967/967/967 968/968/968 969/969/969
f 970/970/970 971/971/971 972/972/972
f 973/973/973 974/974/974 975/975/975
f 976/976/976 977/977/977 978/978/978
f 979/979/979 980/980/980 981/981/981
f 982/982/982 983/983/983 984/984/984
f 985/985/985 986/986/986 987/987/987
f 988/988/988 989/989/989 990/990/990
f 991/991/991 992/992/992 993/993/993
f 994/994/994 995/995/995 996/996/996
f 997/997/997 998/998/998 999/999/999
f 1000/1000/1000 1001/1001/1001 1002/1002/1002
f 1003/1003/1003 1004/1004/1004 1005/1005/1005
f 1006/1006/1006 1007/1007/1007 1008/1008/1008
f 1009/1009/1009 1010/1010/1010 1011/1011/1011
f 1012/1012/1012 1013/1013/1013 1014/1014/1014
f 1015/1015/1015 1016/1016/1016 1017/1017/1017
f 1018/1018/1018 1019/1019/1019 1020/1020/1020
f 1021/1021/1021 1022/1022/1022 1023/1023/1023
f 1024/1024/1024 1025/1025/1025 1026/1026/1026
f 1027/1027/1027 1028/1028/1028 1029/1029/1029
f 1030/1030/1030 1031/1031/1031 1032/1032/1032
f 1033/1033/1033 1034/1034/1034 1035/1035/1035
f 1036/1036/1036 1037/1037/1037 1038/1038/1038
f 1039/1039/1039 1040/1040/1040 1041/1041/1041
f 1042/1042/1042 1043/1043/1043 1044/1044/1044
f 1045/1045/1045 1046/1046/1046 1047/1047/1047
f 1048/1048/1048 1049/1049/1049 1050/1050/1050
f 1051/1051/1051 1052/1052/1052 1053/1053/1053
f 1054/1054/1054 1055/1055/1055 1056/1056/1056
f 1057/1057/1057 1058/1058/1058 1059/1059/1059
f 1060/1060/1060 1061/1061/1061 1062/1062/1062
f 1063/1063/1063 1064/1064/1064 1065/1065/1065
f 1066/1066/1066 1067/1067/1067 1068/1068/1068
f 1069/1069/1069 1070/1070/1070 1071/1071/1071
f 1072/1072/1072 1073/1073/1073 1074/1074/1074
f 1075/1075/1075 1076/1076/1076 1077/1077/1077
f 1078/1078/1078 1079/1079/1079 1080/1080/1080
f 1081/1081/1081 1082/1082/1082 1083/1083/1083
f 1084/1084/1084 1085/1085/1085 1086/1086/1086
f 1087/1087/1087 1088/1088/1088 1089/1089/1089
f 1090/1090/1090 1091/1091/1091 1092/1092/1092
f 1093/1093/1093 1094/1094/1094 1095/1095/1095
f 1096/1096/1096 1097/1097/1097 1098/1098/1098
f 1099/1099/1099 1100/1100/1100 1101/1101/1101
f 1102/1102/1102 1103/1103/1103 1104/1104/1104
f 1105/1105/1105 1106/1106/1106 1107/1107/1107
f 1108/1108/1108 1109/1109/1109 1110/1110/1110
f 1111/1111/1111 1112/1112/1112 1113/1113/1113
f 1114/1114/1114 1115/1115/1115 1116/1116/1116
f 1117/1117/1117 1118/1118/1118 1119/1119/1119
f 1120/1120/1120 1121/1121/1121 1122/1122/1122
f 1123/1123/1123 1124/1124/1124 1125/1125/1125
f 1126/1126/1126 1127/1127/1127 1128/1128/1128
f 1129/1129/1129 1130/1130/1130 1131/1131/1131
f 1132/1132/1132 1133/1133/1133 1134/1134/1134
f 1135/1135/1135 1136/1136/1136 1137/1137/1137
f 1138/1138/1138 1139/1139/1139 1140/1140/1140
f 1141/1141/1141 1142/1142/1142 1143/1143/1143
f 1144/1144/1144 1145/1145/1145 1146/1146/1146
f 1147/1147/1147 1148/1148/1148 1149/1149/1149
f 1150/1150/1150 1151/1151/1151 1152/1152/1152
f 1153/1153/1153 1154/1154/1154 1155/1155/1155
f 1156/1156/1156 1157/1157/1157 1158/1158/1158
f 1159/1159/1159 1160/1160/1160 1161/1161/1161
f 1162/1162/1162 1163/1163/1163 1164/1164/1164
f 1165/1165/1165 1166/1166/1166 1167/1167/1167
f 1168/1168/1168 1169/1169/1169 1170/1170/1170
f 1171/1171/1171 1172/1172/1172 1173/1173/1173
f 1174/1174/1174 1175/1175/1175 1176/1176/1176
f 1177/1177/1177 1178/1178/1178 1179/1179/1179
f 1180/1180/1180 1181/1181/1181 1182/1182/1182
f 1183/1183/1183 1184/1184/1184 1185/1185/1185
f 1186/1186/1186 1187/1187/1187 1188/1188/1188
f 1189/1189/1189 1190/1190/1190 1191/1191/1191
f 1192/1192/1192 1193/1193/1193 1194/1194/1194
f 1195/1195/1195 1196/1196/1196 1197/1197/1197
f 1198/1198/1198 1199/1199/1199 1200/1200/1200
f 1201/1201/1201 1202/1202/1202 1203/1203/1203
f 1204/1204/1204 1205/1205/1205 1206/1206/1206
f 1207/1207/1207 1208/1208/1208 1209/1209/1209
f 1210/1210/1210 1211/1211/1211 1212/1212/1212
f 1213/1213/1213 1214/1214/1214 1215/1215/1215
f 1216/1216/1216 1217/1217/1217 1218/1218/1218
f 1219/1219/1219 1220/1220/1220 1221/1221/1221
f 1222/1222/1222 1223/1223/1223 1224/1224/1224
f 1225/1225/1225 1226/1226/1226 1227/1227/1227
f 1228/1228/1228 1229/1229/1229 1230/1230/1230
f 1231/1231/1231 1232/1232/1232 1233/1233/1233
f 1234/1234/1234 1235/1235/1235 1236/1236/1236
f 1237/1237/1237 1238/1238/1238 1239/1239/1239
f 1240/1240/1240 1241/1241/1241 1242/1242/1242
f 1243/1243/1243 1244/1244/1244 1245/1245/1245
f 1246/1246/1246 1247/1247/1247 1248/1248/1248
f 1249/1249/1249 1250/1250/1250 1251/1251/1251
f 1252/1252/1252 1253/1253/1253 1254/1254/1254
f 1255/1255/1255 1256/1256/1256 1257/1257/1257
f 1258/1258/1258 1259/1259/1259 1260/1260/1260
f 1261/1261/1261 1262/1262/1262 1263/1263/1263
f 1264/1264/1264 1265/1265/1265 1266/1266/1266
f 1267/1267/1267 1268/1268/1268 1269/1269/1269
f 1270/1270/1270 1271/1271/1271 1272/1272/1272
f 1273/1273/1273 1274/1274/1274 1275/1275/1275
f 1276/1276/1276 1277/1277/1277 1278/1278/1278
f 1279/1279/1279 1280/1280/1280 1281/1281/1281
f 1282/1282/1282 1283/1283/1283 1284/1284/1284
f 1285/1285/1285 1286/1286/1286 1287/1287/1287
f 1288/1288/1288 1289/1289/1289 1290/1290/1290
f 1291/1291/1291 1292/1292/1292 1293/1293/1293
f 1294/1294/1294 1295/1295/1295 1296/1296/1296
f 1297/1297/1297 1298/1298/1298 1299/1299/1299
f 1300/1300/1300 1301/1301/1301 1302/1302/1302
f 1303/1303/1303 1304/1304/1304 1305/1305/1305
f 1306/1306/1306 1307/1307/1307 1308/1308/1308
f 1309/1309/1309 1310/1310/1310 1311/1311/1311
f 1312/1312/1312 1313/1313/1313 1314/1314/1314
f 1315/1315/1315 1316/1316/1316 1317/1317/1317
f 1318/1318/1318 1319/1319/1319 1320/1320/1320
f 1321/1321/1321 1322/1322/1322 1323/1323/1323
f 1324/1324/1324 1325/1325/1325 1326/1326/1326
f 1327/1327/1327 1328/1328/1328 1329/1329/1329
f 1330/1330/1330 1331/1331/1331 1332/1332/1332
f 1333/1333/1333 1334/1334/1334 1335/1335/1335
f 1336/1336/1336 1337/1337/1337 1338/1338/1338
f 1339/1339/1339 1340/1340/1340 1341/1341/1341
f 1342/1342/1342 1343/1343/1343 1344/1344/1344
f 1345/1345/1345 1346/1346/1346 1347/1347/1347
f 1348/1348/1348 1349/1349/1349 1350/1350/1350
f 1351/1351/1351 1352/1352/1352 1353/1353/1353
f 1354/1354/1354 1355/1355/1355 1356/1356/1356
f 1357/1357/1357 1358/1358/1358 1359/1359/1359
f 1360/1360/1360 1361/1361/1361 1362/1362/1362
f 1363/1363/1363 1364/1364/1364 1365/1365/1365
f 1366/1366/1366 1367/1367/1367 1368/1368/1368
f 1369/1369/1369 1370/1370/1370 1371/1371/1371
f 1372/1372/1372 1373/1373/1373 1374/1374/1374
f 1375/1375/1375 1376/1376/1376 1377/1377/1377
f 1378/1378/1378 1379/1379/1379 1380/1380/1380
f 1381/1381/1381 1382/1382/1382 1383/1383/1383
f 1384/1384/1384 1385/1385/1385 1386/1386/1386
f 1387/1387/1387 1388/1388/1388 1389/1389/1389
f 1390/1390/1390 1391/1391/1391 1392/1392/1392
f 1393/1393/1393 1394/1394/1394 1395/1395/1395
f 1396/1396/1396 1397/1397/1397 1398/1398/1398
f 1399/1399/1399 1400/1400/1400 1401/1401/1401
f 1402/1402/1402 1403/1403/1403 1404/1404/1404
f 1405/1405/1405 1406/1406/1406 1407/1407/1407
f 1408/1408/1408 1409/1409/1409 1410/1410/1410
f 1411/1411/1411 1412/1412/1412 1413/1413/1413
f 1414/1414/1414 1415/1415/1415 1416/1416/1416
f 1417/1417/1417 1418/1418/1418 1419/1419/1419
f 1420/1420/1420 1421/1421/1421 1422/1422/1422
f 1423/1423/1423 1424/1424/1424 1425/1425/1425
f 1426/1426/1426 1427/1427/1427 1428/1428/1428
f 1429/1429/1429 1430/1430/1430 1431/1431/1431
f 1432/1432/1432 1433/1433/1433 1434/1434/1434
f 1435/1435/1435 1436/1436/1436 1437/1437/1437
f 1438/1438/1438 1439/1439/1439 1440/1440/1440
f 1441/1441/1441 1442/1442/1442 1443/1443/1443
f 1444/1444/1444 1445/1445/1445 1446/1446/1446
f 1447/1447/1447 1448/1448/1448 1449/1449/1449
f 1450/1450/1450 1451/1451/1451 1452/1452/1452
f 1453/1453/1453 1454/1454/1454 1455/1455/1455
f 1456/1456/1456 1457/1457/1457 1458/1458/1458
f 1459/1459/1459 1460/1460/1460 1461/1461/1461
f 1462/1462/1462 1463/1463/1463 1464/1464/1464
f 1465/1465/1465 1466/1466/1466 1467/1467/1467
f 1468/1468/1468 1469/1469/1469 1470/1470/1470
f 1471/1471/1471 1472/1472/1472 1473/1473/1473
f 1474/1474/1474 1475/1475/1475 1476/1476/1476
f 1477/1477/1477 1478/1478/1478 1479/1479/1479
f 1480/1480/1480 1481/1481/1481 1482/1482/1482
f 1483/1483/1483 1484/1484/1484 1485/1485/1485
f 1486/1486/1486 1487/1487/1487 1488/1488/1488
f 1489/1489/1489 1490/1490/1490 1491/1491/1491
f 1492/1492/1492 1493/1493/1493 1494/1494/1494
f 1495/1495/1495 1496/1496/1496 1497/1497/1497
f 1498/1498/1498 1499/1499/1499 1500/1500/1500
f 1501/1501/1501 1502/1502/1502 1503/1503/1503
f 1504/1504/1504 1505/1505/1505 1506/1506/1506
f 1507/1507/1507 1508/1508/1508 1509/1509/1509
f 1510/1510/1510 1511/1511/1511 1512/1512/1512
f 1513/1513/1513 1514/1514/1514 1515/1515/1515
f 1516/1516/1516 1517/1517/1517 1518/1518/1518
f 1519/1519/1519 1520/1520/1520 1521/1521/1521
f 1522/1522/1522 1523/1523/1523 1524/1524/1524
f 1525/1525/1525 1526/1526/1526 1527/1527/1527
f 1528/1528/1528 1529/1529/1529 1530/1530/1530
f 1531/1531/1531 1532/1532/1532 1533/1533/1533
f 1534/1534/1534 1535/1535/1535 1536/1536/1536
f 1537/1537/1537 1538/1538/1538 1539/1539/1539
f 1540/1540/1540 1541/1541/1541 1542/1542/1542
f 1543/1543/1543 1544/1544/1544 1545/1545/1545
f 1546/1546/1546 1547/1547/1547 1548/1548/1548
f 1549/1549/1549 1550/1550/1550 1551/1551/1551
f 1552/1552/1552 1553/1553/1553 1554/1554/1554
f 1555/1555/1555 1556/1556/1556 1557/1557/1557
f 1558/1558/1558 1559/1559/1559 1560/1560/1560
f 1561/1561/1561 1562/1562/1562 1563/1563/1563
f 1564/1564/1564 1565/1565/1565 1566/1566/1566
f 1567/1567/1567 1568/1568/1568 1569/1569/1569
f 1570/1570/1570 1571/1571/1571 1572/1572/1572
f 1573/1573/1573 1574/1574/1574 1575/1575/1575
f 1576/1576/1576 1577/1577/1577 1578/1578/1578
f 1579/1579/1579 1580/1580/1580 1581/1581/1581
f 1582/1582/1582 1583/1583/1583 1584/1584/1584
f 1585/1585/1585 1586/1586/1586 1587/1587/1587
f 1588/1588/1588 1589/1589/1589 1590/1590/1590
f 1591/1591/1591 1592/1592/1592 1593/1593/1593
f 1594/1594/1594 1595/1595/1595 1596/1596/1596
f 1597/1597/1597 1598/1598/1598 1599/1599/1599
f 1600/1600/1600 1601/1601/1601 1602/1602/1602
f 1603/1603/1603 1604/1604/1604 1605/1605/1605
f 1606/1606/1606 1607/1607/1607 1608/1608/1608
f 1609/1609/1609 1610/1610/1610 1611/1611/1611
f 1612/1612/1612 1613/1613/1613 1614/1614/1614
f 1615/1615/1615 1616/1616/1616 1617/1617/1617
f 1618/1618/1618 1619/1619/1619 1620/1620/1620
f 1621/1621/1621 1622/1622/1622 1623/1623/1623
f 1624/1624/1624 1625/1625/1625 1626/1626/1626
f 1627/1627/1627 1628/1628/1628 1629/1629/1629
f 1630/1630/1630 1631/1631/1631 1632/1632/1632
f 1633/1633/1633 1634/1634/1634 1635/1635/1635
f 1636/1636/1636 1637/1637/1637 1638/1638/1638
f 1639/1639/1639 1640/1640/1640 1641/1641/1641
f 1642/1642/1642 1643/1643/1643 1644/1644/1644
f 1645/1645/1645 1646/1646/1646 1647/1647/1647
f 1648/1648/1648 1649/1649/1649 1650/1650/1650
f 1651/1651/1651 1652/1652/1652 1653/1653/1653
f 1654/1654/1654 1655/1655/1655 1656/1656/1656
f 1657/1657/1657 1658/1658/1658 1659/1659/1659
f 1660/1660/1660 1661/1661/1661 1662/1662/1662
f 1663/1663/1663 1664/1664/1664 1665/1665/1665
f 1666/1666/1666 1667/1667/1667 1668/1668/1668
f 1669/1669/1669 1670/1670/1670 1671/1671/1671
f 1672/1672/1672 1673/1673/1673 1674/1674/1674
f 1675/1675/1675 1676/1676/1676 1677/1677/1677
f 1678/1678/1678 1679/1679/1679 1680/1680/1680
f 1681/1681/1681 1682/1682/1682 1683/1683/1683
f 1684/1684/1684 1685/1685/1685 1686/1686/1686
f 1687/1687/1687 1688/1688/1688 1689/1689/1689
f 1690/1690/1690 1691/1691/1691 1692/1692/1692
f 1693/1693/1693 1694/1694/1694 1695/1695/1695
f 1696/1696/1696 1697/1697/1697 1698/1698/1698
f 1699/1699/1699 1700/1700/1700 1701/1701/1701
f 1702/1702/1702 1703/1703/1703 1704/1704/1704
f 1705/1705/1705 1706/1706/1706 1707/1707/1707
f 1708/1708/1708 1709/1709/1709 1710/1710/1710
f 1711/1711/1711 1712/1712/1712 1713/1713/1713
f 1714/1714/1714 1715/1715/1715 1716/1716/1716
f 1717/1717/1717 1718/1718/1718 1719/1719/1719
f 1720/1720/1720 1721/1721/1721 1722/1722/1722
f 1723/1723/1723 1724/1724/1724 1725/1725/1725
f 1726/1726/1726 1727/1727/1727 1728/1728/1728
f 1729/1729/1729 1730/1730/1730 1731/1731/1731
f 1732/1732/1732 1733/1733/1733 1734/1734/1734
f 1735/1735/1735 1736/1736/1736 1737/1737/1737
f 1738/1738/1738 1739/1739/1739 1740/1740/1740
f 1741/1741/1741 1742/1742/1742 1743/1743/1743
f 1744/1744/1744 1745/1745/1745 1746/1746/1746
f 1747/1747/1747 1748/1748/1748 1749/1749/1749
f 1750/1750/1750 1751/1751/1751 1752/1752/1752
f 1753/1753/1753 1754/1754/1754 1755/1755/1755
f 1756/1756/1756 1757/1757/1757 1758/1758/1758
f 1759/1759/1759 1760/1760/1760 1761/1761/1761
f 1762/1762/1762 1763/1763/1763 1764/1764/1764
f 1765/1765/1765 1766/1766/1766 1767/1767/1767
f 1768/1768/1768 1769/1769/1769 1770/1770/1770
f 1771/1771/1771 1772/1772/1772 1773/1773/1773
f 1774/1774/1774 1775/1775/1775 1776/1776/1776
f 1777/1777/1777 1778/1778/1778 1779/1779/1779
f 1780/1780/1780 1781/1781/1781 1782/1782/1782
f 1783/1783/1783 1784/1784/1784 1785/1785/1785
f 1786/1786/1786 1787/1787/1787 1788/1788/1788
f 1789/1789/1789 1790/1790/1790 1791/1791/1791
f 1792/1792/1792 1793/1793/1793 1794/1794/1794
f 1795/1795/1795 1796/1796/1796 1797/1797/1797
f 1798/1798/1798 1799/1799/1799 1800/1800/1800
f 1801/1801/1801 1802/1802/1802 1803/1803/1803
f 1804/1804/1804 1805/1805/1805 1806/1806/1806
f 1807/1807/1807 1808/1808/1808 1809/1809/1809
f 1810/1810/1810 1811/1811/1811 1812/1812/1812
f 1813/1813/1813 1814/1814/1814 1815/1815/1815
f 1816/1816/1816 1817/1817/1817 1818/1818/1818
f 1819/1819/1819 1820/1820/1820 1821/1821/1821
f 1822/1822/1822 1823/1823/1823 1824/1824/1824
f 1825/1825/1825 1826/1826/1826 1827/1827/1827
f 1828/1828/1828 1829/1829/1829 1830/1830/1830
f 1831/1831/1831 1832/1832/1832 1833/1833/1833
f 1834/1834/1834 1835/1835/1835 1836/1836/1836
f 1837/1837/1837 1838/1838/1838 1839/1839/1839
f 1840/1840/1840 1841/1841/1841 1842/1842/1842
f 1843/1843/1843 1844/1844/1844 1845/1845/1845
f 1846/1846/1846 1847/1847/1847 1848/1848/1848
f 1849/1849/1849 1850/1850/1850 1851/1851/1851
f 1852/1852/1852 1853/1853/1853 1854/1854/1854
f 1855/1855/1855 1856/1856/1856 1857/1857/1857
f 1858/1858/1858 1859/1859/1859 1860/1860/1860
f 1861/1861/1861 1862/1862/1862 1863/1863/1863
f 1864/1864/1864 1865/1865/1865 1866/1866/1866
f 1867/1867/1867 1868/1868/1868 1869/1869/1869
f 1870/1870/1870 1871/1871/1871 1872/1872/1872
f 1873/1873/1873 1874/1874/1874 1875/1875/1875
f 1876/1876/1876 1877/1877/1877 1878/1878/1878
f 1879/1879/1879 1880/1880/1880 1881/1881/1881
f 1882/1882/1882 1883/1883/1883 1884/1884/1884
f 1885/1885/1885 1886/1886/1886 1887/1887/1887
f 1888/1888/1888 1889/1889/1889 1890/1890/1890
f 1891/1891/1891 1892/1892/1892 1893/1893/1893
f 1894/1894/1894 1895/1895/1895 1896/1896/1896
f 1897/1897/1897 1898/1898/1898 1899/1899/1899
f 1900/1900/1900 1901/1901/1901 1902/1902/1902
f 1903/1903/1903 1904/1904/1904 1905/1905/1905
f 1906/1906/1906 1907/1907/1907 1908/1908/1908
f 1909/1909/1909 1910/1910/1910 1911/1911/1911
f 1912/1912/1912 1913/1913/1913 1914/1914/1914
f 1915/1915/1915 1916/1916/1916 1917/1917/1917
f 1918/1918/1918 1919/1919/1919 1920/1920/1920
f 1921/1921/1921 1922/1922/1922 1923/1923/1923
f 1924/1924/1924 1925/1925/1925 1926/1926/1926
f 1927/1927/1927 1928/1928/1928 1929/1929/1929
f 1930/1930/1930 1931/1931/1931 1932/1932/1932
f 1933/1933/1933 1934/1934/1934 1935/1935/1935
f 1936/1936/1936 1937/1937/1937 1938/1938/1938
f 1939/1939/1939 1940/1940/1940 1941/1941/1941
f 1942/1942/1942 1943/1943/1943 1944/1944/1944
f 1945/1945/1945 1946/1946/1946 1947/1947/1947
f 1948/1948/1948 1949/1949/1949 1950/1950/1950
f 1951/1951/1951 1952/1952/1952 1953/1953/1953
f 1954/1954/1954 1955/1955/1955 1956/1956/1956
f 1957/1957/1957 1958/1958/1958 1959/1959/1959
f 1960/1960/1960 1961/1961/1961 1962/1962/1962
f 1963/1963/1963 1964/1964/1964 1965/1965/1965
f 1966/1966/1966 1967/1967/1967 1968/1968/1968
f 1969/1969/1969 1970/1970/1970 1971/1971/1971
f 1972/1972/1972 1973/1973/1973 1974/1974/1974
f 1975/1975/1975 1976/1976/1976 1977/1977/1977
f 1978/1978/1978 1979/1979/1979 1980/1980/1980
f 1981/1981/1981 1982/1982/1982 1983/1983/1983
f 1984/1984/1984 1985/1985/1985 1986/1986/1986
f 1987/1987/1987 1988/1988/1988 1989/1989/1989
f 1990/1990/1990 1991/1991/1991 1992/1992/1992
f 1993/1993/1993 1994/1994/1994 1995/1995/1995
f 1996/1996/1996 1997/1997/1997 1998/1998/1998
f 1999/1999/1999 2000/2000/2000 2001/2001/2001
f 2002/2002/2002 2003/2003/2003 2004/2004/2004
f 2005/2005/2005 2006/2006/2006 2007/2007/2007
f 2008/2008/2008 2009/2009/2009 2010/2010/2010
f 2011/2011/2011 2012/2012/2012 2013/2013/2013
f 2014/2014/2014 2015/2015/2015 2016/2016/2016
f 2017/2017/2017 2018/2018/2018 2019/2019/2019
f 2020/2020/2020 2021/2021/2021 2022/2022/2022
f 2023/2023/2023 2024/2024/2024 2025/2025/2025
f 2026/2026/2026 2027/2027/2027 2028/2028/2028
f 2029/2029/2029 2030/2030/2030 2031/2031/2031
f 2032/2032/2032 2033/2033/2033 2034/2034/2034
f 2035/2035/2035 2036/2036/2036 2037/2037/2037
f 2038/2038/2038 2039/2039/2039 2040/2040/2040
f 2041/2041/2041 2042/2042/2042 2043/2043/2043
f 2044/2044/2044 2045/2045/2045 2046/2046/2046
f 2047/2047/2047 2048/2048/2048 2049/2049/2049
f 2050/2050/2050 2051/2051/2051 2052/2052/2052
f 2053/2053/2053 2054/2054/2054 2055/2055/2055
f 2056/2056/2056 2057/2057/2057 2058/2058/2058
f 2059/2059/2059 2060/2060/2060 2061/2061/2061
f 2062/2062/2062 2063/2063/2063 2064/2064/2064
f 2065/2065/2065 2066/2066/2066 2067/2067/2067
f 2068/2068/2068 2069/2069/2069 2070/2070/2070
f 2071/2071/2071 2072/2072/2072 2073/2073/2073
f 2074/2074/2074 2075/2075/2075 2076/2076/2076
f 2077/2077/2077 2078/2078/2078 2079/2079/2079
f 2080/2080/2080 2081/2081/2081 2082/2082/2082
f 2083/2083/2083 2084/2084/2084 2085/2085/2085
f 2086/2086/2086 2087/2087/2087 2088/2088/2088
f 2089/2089/2089 2090/2090/2090 2091/2091/2091
f 2092/2092/2092 2093/2093/2093 2094/2094/2094
f 2095/2095/2095 2096/2096/2096 2097/2097/2097
f 2098/2098/2098 2099/2099/2099 2100/2100/2100
f 2101/2101/2101 2102/2102/2102 2103/2103/2103
f 2104/2104/2104 2105/2105/2105 2106/2106/2106
f 2107/2107/2107 2108/2108/2108 2109/2109/2109
f 2110/2110/2110 2111/2111/2111 2112/2112/2112
f 2113/2113/2113 2114/2114/2114 2115/2115/2115
f 2116/2116/2116 2117/2117/2117 2118/2118/2118
f 2119/2119/2119 2120/2120/2120 2121/2121/2121
f 2122/2122/2122 2123/2123/2123 2124/2124/2124
f 2125/2125/2125 2126/2126/2126 2127/2127/2127
f 2128/2128/2128 2129/2129/2129 2130/2130/2130
f 2131/2131/2131 2132/2132/2132 2133/2133/2133
f 2134/2134/2134 2135/2135/2135 2136/2136/2136
f 2137/2137/2137 2138/2138/2138 2139/2139/2139
f 2140/2140/2140 2141/2141/2141 2142/2142/2142
f 2140/2140/2140 2142/2142/2142 2141/2141/2141
f 2140/2140/2140 2142/2142/2142 2143/2143/2143
f 2140/2140/2140 2143/2143/2143 2142/2142/2142
f 2140/2140/2140 2143/2143/2143 2144/2144/2144
f 2140/2140/2140 2144/2144/2144 2143/2143/2143
f 2140/2140/2140 2144/2144/2144 2145/2145/2145
f 2140/2140/2140 2145/2145/2145 2144/2144/2144
f 2140/2140/2140 2145/2145/2145 2146/2146/2146
f 2140/2140/2140 2146/2146/2146 2145/2145/2145
f 2140/2140/2140 2146/2146/2146 2147/2147/2147
f 2140/2140/2140 2147/2147/2147 2146/2146/2146
f 2140/2140/2140 2147/2147/2147 2148/2148/2148
f 2140/2140/2140 2148/2148/2148 2147/2147/2147
f 2140/2140/2140 2148/2148/2148 2149/2149/2149
f 2140/2140/2140 2149/2149/2149 2148/2148/2148
f 2140/2140/2140 2149/2149/2149 2150/2150/2150
f 2140/2140/2140 2150/2150/2150 2149/2149/2149
f 2140/2140/2140 2150/2150/2150 2151/2151/2151
f 2140/2140/2140 2151/2151/2151 2150/2150/2150
f 2140/2140/2140 2151/2151/2151 2152/2152/2152
f 2140/2140/2140 2152/2152/2152 2151/2151/2151
f 2140/2140/2140 2152/2152/2152 2153/2153/2153
f 2140/2140/2140 2153/2153/2153 2152/2152/2152
f 2140/2140/2140 2153/2153/2153 2154/2154/2154
f 2140/2140/2140 2154/2154/2154 2153/2153/2153
f 2140/2140/2140 2154/2154/2154 2155/2155/2155
f 2140/2140/2140 2155/2155/2155 2154/2154/2154
f 2140/2140/2140 2155/2155/2155 2156/2156/2156
f 2140/2140/2140 2156/2156/2156 2155/2155/2155
f 2140/2140/2140 2156/2156/2156 2157/2157/2157
f 2140/2140/2140 2157/2157/2157 2156/2156/2156
f 2140/2140/2140 2157/2157/2157 2158/2158/2158
f 2140/2140/2140 2158/2158/2158 2157/2157/2157
f 2140/2140/2140 2158/2158/2158 2159/2159/2159
f 2140/2140/2140 2159/2159/2159 2158/2158/2158
f 2140/2140/2140 2159/2159/2159 2160/2160/2160
f 2140/2140/2140 2160/2160/2160 2159/2159/2159
f 2140/2140/2140 2160/2160/2160 2161/2161/2161
f 2140/2140/2140 2161/2161/2161 2160/2160/2160
f 2140/2140/2140 2161/2161/2161 2162/2162/2162
f 2140/2140/2140 2162/2162/2162 2161/2161/2161
f 2140/2140/2140 2162/2162/2162 2163/2163/2163
f 2140/2140/2140 2163/2163/2163 2162/2162/2162
f 2140/2140/2140 2163/2163/2163 2164/2164/2164
f 2140/2140/2140 2164/2164/2164 2163/2163/2163
f 2140/2140/2140 2164/2164/2164 2165/2165/2165
f 2140/2140/2140 2165/2165/2165 2164/2164/2164
f 2140/2140/2140 2165/2165/2165 2166/2166/2166
f 2140/2140/2140 2166/2166/2166 2165/2165/2165
f 2140/2140/2140 2166/2166/2166 2167/2167/2167
f 2140/2140/2140 2167/2167/2167 2166/2166/2166
f 2140/2140/2140 2167/2167/2167 2168/2168/2168
f 2140/2140/2140 2168/2168/2168 2167/2167/2167
f 2140/2140/2140 2168/2168/2168 2169/2169/2169
f 2140/2140/2140 2169/2169/2169 2168/2168/2168
f 2140/2140/2140 2169/2169/2169 2170/2170/2170
f 2140/2140/2140 2170/2170/2170 2169/2169/2169
f 2140/2140/2140 2170/2170/2170 2171/2171/2171
f 2140/2140/2140 2171/2171/2171 2170/2170/2170
f 2140/2140/2140 2171/2171/2171 2172/2172/2172
f 2140/2140/2140 2172/2172/2172 2171/2171/2171
f 2140/2140/2140 2172/2172/2172 2173/2173/2173
f 2140/2140/2140 2173/2173/2173 2172/2172/2172
f 2140/2140/2140 2173/2173/2173 2174/2174/2174
f 2140/2140/2140 2174/2174/2174 2173/2173/2173
f 2140/2140/2140 2174/2174/2174 2175/2175/2175
f 2140/2140/2140 2175/2175/2175 2174/2174/2174
f 2140/2140/2140 2175/2175/2175 2176/2176/2176
f 2140/2140/2140 2176/2176/2176 2175/2175/2175
f 2140/2140/2140 2176/2176/2176 2177/2177/2177
f 2140/2140/2140 2177/2177/2177 2176/2176/2176
f 2140/2140/2140 2177/2177/2177 2178/2178/2178
f 2140/2140/2140 2178/2178/2178 2177/2177/2177
f 2140/2140/2140 2178/2178/2178 2141/2141/2141
f 2140/2140/2140 2141/2141/2141 2178/2178/2178
f 2179/2179/2179 2180/2180/2180 2181/2181/2181
f 2179/2179/2179 2181/2181/2181 2180/2180/2180
f 2179/2179/2179 2181/2181/2181 2182/2182/2182
f 2179/2179/2179 2182/2182/2182 2181/2181/2181
f 2179/2179/2179 2182/2182/2182 2183/2183/2183
f 2179/2179/2179 2183/2183/2183 2182/2182/2182
f 2179/2179/2179 2183/2183/2183 2184/2184/2184
f 2179/2179/2179 2184/2184/2184 2183/2183/2183
f 2179/2179/2179 2184/2184/2184 2185/2185/2185
f 2179/2179/2179 2185/2185/2185 2184/2184/2184
f 2179/2179/2179 2185/2185/2185 2186/2186/2186
f 2179/2179/2179 2186/2186/2186 2185/2185/2185
f 2179/2179/2179 2186/2186/2186 2187/2187/2187
f 2179/2179/2179 2187/2187/2187 2186/2186/2186
f 2179/2179/2179 2187/2187/2187 2188/2188/2188
f 2179/2179/2179 2188/2188/2188 2187/2187/2187
f 2179/2179/2179 2188/2188/2188 2189/2189/2189
f 2179/2179/2179 2189/2189/2189 2188/2188/2188
f 2179/2179/2179 2189/2189/2189 2190/2190/2190
f 2179/2179/2179 2190/2190/2190 2189/2189/2189
f 2179/2179/2179 2190/2190/2190 2191/2191/2191
f 2179/2179/2179 2191/2191/2191 2190/2190/2190
f 2179/2179/2179 2191/2191/2191 2192/2192/2192
f 2179/2179/2179 2192/2192/2192 2191/2191/2191
f 2179/2179/2179 2192/2192/2192 2193/2193/2193
f 2179/2179/2179 2193/2193/2193 2192/2192/2192
f 2179/2179/2179 2193/2193/2193 2194/2194/2194
f 2179/2179/2179 2194/2194/2194 2193/2193/2193
f 2179/2179/2179 2194/2194/2194 2195/2195/2195
f 2179/2179/2179 2195/2195/2195 2194/2194/2194
f 2179/2179/2179 2195/2195/2195 2196/2196/2196
f 2179/2179/2179 2196/2196/2196 2195/2195/2195
f 2179/2179/2179 2196/2196/2196 2197/2197/2197
f 2179/2179/2179 2197/2197/2197 2196/2196/2196
f 2179/2179/2179 2197/2197/2197 2198/2198/2198
f 2179/2179/2179 2198/2198/2198 2197/2197/2197
f 2179/2179/2179 2198/2198/2198 2199/2199/2199
f 2179/2179/2179 2199/2199/2199 2198/2198/2198
f 2179/2179/2179 2199/2199/2199 2200/2200/2200
f 2179/2179/2179 2200/2200/2200 2199/2199/2199
f 2179/2179/2179 2200/2200/2200 2180/2180/2180
f 2179/2179/2179 2180/2180/2180 2200/2200/2200
