o arm_left
v -0.24898 1.20884 -0.02541
v -0.22921 1.20642 -0.02631
v -0.26542 1.21230 -0.02679
v -0.26895 1.21129 -0.02666
v -0.24898 1.20884 -0.02541
v -0.26542 1.21230 -0.02679
v -0.26542 1.21230 -0.02679
v -0.22891 1.20625 -0.08541
v -0.26837 1.21104 -0.08567
v -0.26895 1.21129 -0.02666
v -0.15623 1.16168 -0.10545
v -0.16592 1.16475 -0.11035
v -0.16024 1.16439 -0.09955
v -0.15927 1.16191 -0.09020
v -0.16067 1.16166 -0.09818
v -0.15634 1.16235 -0.16435
v -0.16509 1.16484 -0.14302
v -0.16017 1.16620 -0.08342
v -0.16654 1.16988 -0.05840
v -0.15424 1.16193 -0.07580
v -0.16068 1.16480 -0.08625
v -0.16390 1.16652 -0.08733
v -0.15927 1.16191 -0.09020
v -0.16698 1.16300 -0.08930
v -0.16068 1.16480 -0.08625
v -0.16024 1.16439 -0.09955
v -0.15927 1.16191 -0.09020
v -0.16067 1.16166 -0.09818
v -0.16698 1.16300 -0.08930
v -0.16223 1.18193 -0.14236
v -0.16441 1.18224 -0.11051
v -0.16166 1.18236 -0.11321
v -0.16870 1.16953 -0.08503
v -0.16166 1.18236 -0.11321
v -0.16441 1.18224 -0.11051
v -0.16316 1.17589 -0.11098
v -0.16067 1.16166 -0.09818
v -0.16024 1.16439 -0.09955
v -0.17004 1.16586 -0.09954
v -0.16698 1.16300 -0.08930
v -0.16390 1.16652 -0.08733
v -0.16068 1.16480 -0.08625
v -0.18417 1.16881 -0.16475
v -0.16592 1.16475 -0.11035
v -0.16166 1.18236 -0.11321
v -0.16316 1.17589 -0.11098
v -0.15634 1.16235 -0.16435
v -0.15631 1.15997 -0.16522
v -0.18417 1.16881 -0.16475
v -0.16223 1.18193 -0.14236
v -0.16483 1.19451 -0.08554
v -0.16376 1.19468 -0.06562
v -0.16870 1.16953 -0.08503
v -0.16592 1.16475 -0.11035
v -0.16509 1.16484 -0.14302
v -0.16654 1.16988 -0.05840
v -0.16654 1.17410 -0.05576
v -0.16995 1.10608 -0.16435
v -0.16223 1.18193 -0.14236
v -0.16509 1.16484 -0.14302
v -0.18266 1.16910 -0.14398
v -0.17004 1.16586 -0.09954
v -0.17844 1.16908 -0.10930
v -0.16390 1.16652 -0.08733
v -0.17996 1.16629 -0.08689
v -0.16870 1.16953 -0.08503
v -0.16698 1.16300 -0.08930
v -0.17844 1.16908 -0.10930
v -0.18044 1.16567 -0.09777
v -0.20808 1.19208 -0.14328
v -0.20808 1.19208 -0.14328
v -0.18686 1.09708 -0.13719
v -0.17747 1.10390 -0.13634
v -0.17036 1.10348 -0.13687
v -0.18542 1.10683 -0.16480
v -0.18044 1.16567 -0.09777
v -0.17996 1.16629 -0.08689
v -0.16483 1.19451 -0.08554
v -0.22891 1.20625 -0.08541
v -0.18530 1.10657 -0.13700
v -0.19999 1.05658 0.01261
v -0.17055 1.02873 0.00861
v -0.16313 1.05897 0.00683
v -0.21751 1.17796 -0.14402
v -0.19659 1.17290 -0.14383
v -0.18266 1.16910 -0.14398
v -0.19962 1.17075 -0.09752
v -0.19235 1.08410 -0.16714
v -0.22431 1.08508 -0.16636
v -0.19950 1.17505 -0.09907
v -0.18542 1.10683 -0.16480
v -0.18530 1.10657 -0.13700
v -0.18686 1.09708 -0.13719
v -0.19659 1.17290 -0.14383
v -0.20208 1.17674 -0.10755
v -0.21807 1.19456 -0.10922
v -0.19950 1.17505 -0.09907
v -0.19547 1.06364 -0.14300
v -0.19949 1.05886 0.02378
v -0.19825 1.05856 0.01315
v -0.19536 1.07104 0.01178
v -0.19200 1.08624 0.01094
v -0.20208 1.17674 -0.10755
v -0.21807 1.19456 -0.10922
v -0.19962 1.17075 -0.09752
v -0.20592 1.17289 -0.08626
v -0.19536 1.07104 0.01178
v -0.19825 1.05856 0.01315
v -0.19999 1.05658 0.01261
v -0.19946 1.05724 0.02218
v -0.20592 1.17289 -0.08626
v -0.19999 1.05658 0.01261
v -0.19825 1.05856 0.01315
v -0.19946 1.05724 0.02218
v -0.24739 1.18361 -0.16312
v -0.21054 1.17759 -0.09824
v -0.23094 1.02261 -0.14567
v -0.21059 1.04969 -0.14563
v -0.19921 1.04839 -0.14501
v -0.21054 1.17759 -0.09824
v -0.23596 1.18351 -0.10756
v -0.19946 1.05724 0.02218
v -0.22371 1.06101 0.01329
v -0.19999 1.05658 0.01261
v -0.21059 1.04969 -0.14563
v -0.22625 1.05235 -0.16649
v -0.20168 1.04895 -0.16931
v -0.22009 1.05434 -0.16925
v -0.22625 1.05235 -0.16649
v -0.24920 1.20304 -0.12241
v -0.21751 1.17796 -0.14402
v -0.22973 1.17795 -0.09697
v -0.22009 1.05434 -0.16925
v -0.20168 1.04895 -0.16931
v -0.22625 1.05235 -0.16649
v -0.22457 1.18057 -0.09867
v -0.23297 1.19568 -0.14616
v -0.23596 1.18351 -0.10756
v -0.22457 1.18057 -0.09867
v -0.22423 1.06169 0.02348
v -0.23332 1.17844 -0.08641
v -0.22501 1.05144 -0.14480
v -0.24150 1.19945 -0.14555
v -0.23332 1.17844 -0.08641
v -0.24952 1.20214 -0.10923
v -0.22973 1.17795 -0.09697
v -0.23269 1.18088 -0.14552
v -0.22501 1.05144 -0.14480
v -0.24952 1.20214 -0.10923
v -0.16483 1.19451 -0.08554
v -0.22891 1.20625 -0.08541
v -0.22921 1.20642 -0.02631
v -0.23269 1.18088 -0.14552
v -0.20808 1.19208 -0.14328
v -0.23297 1.19568 -0.14616
v -0.24150 1.19945 -0.14555
v -0.22423 1.06169 0.02348
v -0.22371 1.06101 0.01329
v -0.22545 1.05342 0.01322
v -0.24739 1.18361 -0.16312
v -0.22423 1.06169 0.02348
v -0.18558 1.11531 0.02425
v -0.27621 1.01029 0.02580
v -0.22197 1.17442 -0.02335
v -0.21505 1.17244 -0.02458
v -0.25504 1.18135 -0.02483
v -0.22625 1.05235 -0.16649
v -0.22501 1.05144 -0.14480
v -0.23094 1.02261 -0.14567
v -0.23871 1.18346 -0.09837
v -0.25504 1.18135 -0.02483
v -0.21087 1.17444 -0.02163
v -0.23896 0.99857 -0.14768
v -0.27162 1.18695 -0.16265
v -0.23871 1.18346 -0.09837
v -0.25504 1.18135 -0.02483
v -0.22921 1.20642 -0.02631
v -0.24898 1.20884 -0.02541
v -0.23782 0.99975 -0.16509
v -0.24150 1.19945 -0.14555
v -0.26837 1.21104 -0.08567
v -0.25419 1.18815 -0.10899
v -0.25068 1.20096 -0.14281
v -0.25309 1.18263 -0.09576
v -0.25068 1.20096 -0.14281
v -0.25309 1.18263 -0.09576
v -0.25420 1.18625 -0.14442
v -0.25504 1.18135 -0.02483
v -0.25098 1.18103 -0.01652
v -0.23068 1.17836 -0.01521
v -0.26489 1.18598 -0.09578
v -0.25419 1.18815 -0.10899
v -0.25844 1.18790 -0.09778
v -0.25068 1.20096 -0.14281
v -0.25419 1.18815 -0.10899
v -0.24952 1.20214 -0.10923
v -0.24920 1.20304 -0.12241
v -0.27934 1.15459 -0.16277
v -0.26489 1.18598 -0.09578
v -0.24739 1.18361 -0.16312
v -0.27162 1.18695 -0.16265
v -0.27115 1.18837 -0.16136
v -0.25420 1.18625 -0.14442
v -0.25844 1.18790 -0.09778
v -0.26542 1.21230 -0.02679
v -0.25420 1.18625 -0.14442
v -0.26560 1.18691 -0.08637
v -0.30840 1.01376 -0.16227
v -0.29818 1.06941 -0.16208
v -0.24588 1.18738 -0.01471
v -0.26515 1.18479 -0.01539
v -0.26762 1.19196 -0.01538
v -0.25098 1.18103 -0.01652
v -0.23782 0.99975 -0.16509
v -0.26515 1.18479 -0.01539
v -0.26737 1.18502 -0.02454
v -0.24220 1.18636 0.02595
v -0.27292 1.18061 0.02231
v -0.26601 1.18957 -0.09779
v -0.27115 1.18837 -0.16136
v -0.26560 1.18691 -0.08637
v -0.27199 1.19268 -0.08527
v -0.26601 1.18957 -0.09779
v -0.26489 1.18598 -0.09578
v -0.26560 1.18691 -0.08637
v -0.26945 1.19258 -0.02474
v -0.26737 1.18502 -0.02454
v -0.27199 1.19268 -0.08527
v -0.26895 1.21129 -0.02666
v -0.26737 1.18502 -0.02454
v -0.26762 1.19196 -0.01538
v -0.26515 1.18479 -0.01539
v -0.26945 1.19258 -0.02474
v -0.27339 1.19372 -0.03005
v -0.26895 1.21129 -0.02666
v -0.26837 1.21104 -0.08567
v -0.27199 1.19268 -0.08527
v -0.27339 1.19372 -0.03005
v -0.26945 1.19258 -0.02474
v -0.26895 1.21129 -0.02666
v -0.26945 1.19258 -0.02474
v -0.28893 1.19716 -0.01295
v -0.26762 1.19196 -0.01538
v -0.28266 1.19200 -0.13644
v -0.24588 1.18738 -0.01471
v -0.27115 1.18837 -0.16136
v -0.27162 1.18695 -0.16265
v -0.28266 1.19200 -0.13644
v -0.27704 1.19466 0.00968
v -0.27339 1.19372 -0.03005
v -0.28341 1.13345 0.02203
v -0.29193 1.09383 0.02207
v -0.30080 1.19924 -0.10037
v -0.28866 1.19297 -0.12552
v -0.27162 1.18695 -0.16265
v -0.27934 1.15459 -0.16277
v -0.28866 1.19297 -0.12552
v -0.28341 1.13345 0.02203
v -0.27704 1.19466 0.00968
v -0.28893 1.19716 -0.01295
v -0.28266 1.19200 -0.13644
v -0.28866 1.19297 -0.12552
v -0.29570 1.19665 -0.11305
v -0.29529 1.19793 -0.02454
v -0.28866 1.19297 -0.12552
v -0.29200 1.19464 -0.12210
v -0.29570 1.19665 -0.11305
v -0.30784 1.11803 -0.12372
v -0.29570 1.19665 -0.11305
v -0.29818 1.06941 -0.16208
v -0.29193 1.09383 0.02207
v -0.30115 1.19958 -0.04054
v -0.29529 1.19793 -0.02454
v -0.29200 1.19464 -0.12210
v -0.30213 1.19811 -0.09975
v -0.29570 1.19665 -0.11305
v -0.30080 1.19924 -0.10037
v -0.33150 1.01873 -0.02320
v -0.30115 1.19958 -0.04054
v -0.32181 1.10659 -0.10174
v -0.32653 1.08605 -0.04393
v -0.30115 1.19958 -0.04054
v -0.30840 1.01376 -0.16227
v -0.31705 1.01362 -0.14651
v -0.31985 1.01597 -0.13985
v -0.33941 1.01994 -0.09728
v -0.33945 1.02122 -0.04353
v -0.16870 1.16953 -0.08503
v -0.20208 1.17674 -0.10755
v -0.19950 1.17505 -0.09907
v -0.22197 1.17442 -0.02335
v -0.27621 1.01029 0.02580
v -0.15403 1.10255 -0.13084
v -0.17036 1.10348 -0.13687
v -0.15403 1.10255 -0.13084
v -0.16748 1.11193 -0.13118
v -0.15895 1.07780 -0.09783
v -0.16652 1.04456 -0.14401
v -0.16819 1.10646 -0.13221
v -0.16819 1.10646 -0.13221
v -0.16313 1.05897 0.00683
v -0.16063 1.13854 -0.13031
v -0.16748 1.11193 -0.13118
v -0.16652 1.04456 -0.14401
v -0.19547 1.06364 -0.14300
v -0.15872 1.08003 -0.13914
v -0.16995 1.10608 -0.16435
v -0.17203 1.10397 -0.16413
v -0.18542 1.10683 -0.16480
v -0.17036 1.10348 -0.13687
v -0.17036 1.10348 -0.13687
v -0.17203 1.10397 -0.16413
v -0.16995 1.10608 -0.16435
v -0.17974 0.98744 0.00463
v -0.16819 1.10646 -0.13221
v -0.16995 1.10608 -0.16435
v -0.17747 1.10390 -0.13634
v -0.17203 1.10397 -0.16413
v -0.17036 1.10348 -0.13687
v -0.18530 1.10657 -0.13700
v -0.17036 1.10348 -0.13687
v -0.15531 1.09583 -0.13666
v -0.23094 1.02261 -0.14567
v -0.19921 1.04839 -0.14501
v -0.18686 1.09708 -0.13719
v -0.18542 1.10683 -0.16480
v -0.19201 0.93504 -0.14497
v -0.19235 1.08410 -0.16714
v -0.18542 1.10683 -0.16480
v -0.19547 1.06364 -0.14300
v -0.19921 1.04839 -0.14501
v -0.20008 1.05008 -0.16894
v -0.20008 1.05008 -0.16894
v -0.20168 1.04895 -0.16931
v -0.19235 1.08410 -0.16714
v -0.19921 1.04839 -0.14501
v -0.20168 1.04895 -0.16931
v -0.20008 1.05008 -0.16894
v -0.19921 1.04839 -0.14501
v -0.21059 1.04969 -0.14563
v -0.20168 1.04895 -0.16931
v -0.22009 1.05434 -0.16925
v -0.15631 1.15997 -0.16522
v -0.17974 0.98744 0.00463
v -0.16313 1.05897 0.00683
v -0.17055 1.02873 0.00861
v -0.17756 1.00046 0.00854
v -0.18094 0.98621 0.00852
v -0.18094 0.98621 0.00852
v -0.17756 1.00046 0.00854
v -0.23479 0.94105 0.01242
v -0.19201 0.93504 -0.14497
v -0.16652 1.04456 -0.14401
v -0.18765 0.95461 0.00771
v -0.18765 0.95461 0.00771
v -0.19197 0.93434 0.00629
v -0.19999 1.05658 0.01261
v -0.17055 1.02873 0.00861
v -0.19027 0.94423 -0.14655
v -0.19403 0.93576 -0.14781
v -0.19201 0.93504 -0.14497
v -0.19201 0.93504 -0.14497
v -0.19403 0.93576 -0.14781
v -0.23896 0.99857 -0.14768
v -0.19358 0.93183 0.00775
v -0.19361 0.93451 -0.15335
v -0.19538 0.92610 0.00590
v -0.23079 0.94537 -0.14729
v -0.23896 0.99857 -0.14768
v -0.19403 0.93576 -0.14781
v -0.21481 0.84465 -0.05687
v -0.20128 0.90076 -0.14995
v -0.19361 0.93451 -0.15335
v -0.22931 0.94372 -0.15412
v -0.19197 0.93434 0.00629
v -0.19538 0.92610 0.00590
v -0.23479 0.94105 0.01242
v -0.22931 0.94372 -0.15412
v -0.19361 0.93451 -0.15335
v -0.20128 0.90076 -0.14995
v -0.19358 0.93183 0.00775
v -0.21505 0.84420 -0.00636
v -0.19538 0.92610 0.00590
v -0.19197 0.93434 0.00629
v -0.23054 0.87906 0.00712
v -0.21505 0.84420 -0.00636
v -0.23079 0.94537 -0.14729
v -0.21505 0.84420 -0.00636
v -0.21375 0.84076 -0.00710
v -0.21481 0.84465 -0.05687
v -0.21473 0.84253 -0.15088
v -0.21375 0.84076 -0.00710
v -0.21505 0.84420 -0.00636
v -0.22317 0.84557 0.00185
v -0.21505 0.84420 -0.00636
v -0.23032 0.84790 0.00247
v -0.22317 0.84557 0.00185
v -0.23732 0.84674 0.01749
v -0.22576 0.78523 -0.00768
v -0.23032 0.84790 0.00247
v -0.21473 0.84253 -0.15088
v -0.23272 0.84846 -0.15068
v -0.23557 1.00260 0.01266
v -0.22371 1.06101 0.01329
v -0.19201 0.93504 -0.14497
v -0.23896 0.99857 -0.14768
v -0.23094 1.02261 -0.14567
v -0.22881 0.87135 -0.15126
v -0.23090 1.02844 0.02375
v -0.22371 1.06101 0.01329
v -0.22423 1.06169 0.02348
v -0.28487 0.95455 0.01224
v -0.28443 0.88351 0.01269
v -0.23725 1.00006 0.01265
v -0.22926 0.87049 -0.16679
v -0.27724 0.88323 -0.16622
v -0.22881 0.87135 -0.15126
v -0.23726 0.82390 -0.15109
v -0.23554 0.87134 0.00892
v -0.23946 0.85101 0.00670
v -0.23557 1.00260 0.01266
v -0.22423 1.06169 0.02348
v -0.27621 1.01029 0.02580
v -0.23090 1.02844 0.02375
v -0.24685 0.87663 -0.15135
v -0.22926 0.87049 -0.16679
v -0.22881 0.87135 -0.15126
v -0.23272 0.84846 -0.15068
v -0.23732 0.84674 0.01749
v -0.23933 0.84982 0.00693
v -0.23601 1.00228 0.02278
v -0.26355 0.95167 -0.15549
v -0.23726 0.82390 -0.15109
v -0.24312 0.87396 0.01184
v -0.23725 1.00006 0.01265
v -0.23554 0.87134 0.00892
v -0.23644 0.87132 0.01733
v -0.23588 0.86964 0.01796
v -0.23588 0.86964 0.01796
v -0.23946 0.85101 0.00670
v -0.23554 0.87134 0.00892
v -0.26546 0.88112 -0.15333
v -0.26355 0.95167 -0.15549
v -0.23951 0.84934 0.01742
v -0.23933 0.84982 0.00693
v -0.24109 0.80591 -0.15076
v -0.23951 0.84934 0.01742
v -0.23732 0.84674 0.01749
v -0.23933 0.84982 0.00693
v -0.23588 0.86964 0.01796
v -0.23644 0.87132 0.01733
v -0.24481 0.87229 0.01884
v -0.23725 1.00006 0.01265
v -0.23601 1.00228 0.02278
v -0.25497 1.00446 0.02413
v -0.24685 0.87663 -0.15135
v -0.23933 0.84982 0.00693
v -0.23601 1.00228 0.02278
v -0.24312 0.87396 0.01184
v -0.24481 0.87229 0.01884
v -0.23644 0.87132 0.01733
v -0.24510 0.81061 0.01865
v -0.23732 0.84674 0.01749
v -0.23951 0.84934 0.01742
v -0.23554 0.87134 0.00892
v -0.25497 1.00446 0.02413
v -0.26326 1.00466 0.01273
v -0.25724 0.95139 -0.14736
v -0.27114 0.81716 0.01957
v -0.26479 0.87685 0.01951
v -0.26326 1.00466 0.01273
v -0.26067 0.87680 0.01269
v -0.26546 0.88112 -0.15333
v -0.25724 0.95139 -0.14736
v -0.27453 1.00746 0.01243
v -0.23896 0.99857 -0.14768
v -0.30840 1.01376 -0.16227
v -0.23782 0.99975 -0.16509
v -0.26067 0.87680 0.01269
v -0.24358 0.80164 -0.16774
v -0.26930 0.82045 -0.16690
v -0.27724 0.88323 -0.16622
v -0.27453 1.00746 0.01243
v -0.28244 1.00652 -0.14732
v -0.27590 1.00816 0.02471
v -0.26479 0.87685 0.01951
v -0.28443 0.88351 0.01269
v -0.28825 0.88286 0.02043
v -0.28949 0.88699 -0.15584
v -0.29193 1.09383 0.02207
v -0.29348 1.01158 0.02372
v -0.27590 1.00816 0.02471
v -0.32701 0.96790 -0.14677
v -0.32701 0.96790 -0.14677
v -0.22926 0.87049 -0.16679
v -0.28825 0.88286 0.02043
v -0.29348 1.01158 0.02372
v -0.32152 0.89038 0.02207
v -0.30080 0.95880 0.00735
v -0.28244 1.00652 -0.14732
v -0.31138 0.82935 -0.16524
v -0.28949 0.88699 -0.15584
v -0.35118 0.87182 -0.16342
v -0.33389 0.89693 0.00719
v -0.32114 0.96203 0.00700
v -0.29635 0.88611 0.01343
v -0.31258 0.88980 0.02086
v -0.31258 0.88980 0.02086
v -0.31006 1.01376 0.00041
v -0.29635 0.88611 0.01343
v -0.32192 0.89334 0.00918
v -0.32345 0.83041 0.02115
v -0.31705 1.01362 -0.14651
v -0.32923 0.96669 -0.15590
v -0.31999 0.89375 -0.15746
v -0.31705 1.01362 -0.14651
v -0.30861 1.01620 0.02192
v -0.30969 1.01401 0.02033
v -0.34175 0.89839 -0.16461
v -0.31836 0.96324 0.00160
v -0.31006 1.01376 0.00041
v -0.32152 0.96409 -0.00020
v -0.28487 0.95455 0.01224
v -0.30080 0.95880 0.00735
v -0.32114 0.96203 0.00700
v -0.29348 1.01158 0.02372
v -0.30861 1.01620 0.02192
v -0.30969 1.01401 0.02033
v -0.32192 0.89334 0.00918
v -0.30927 0.82487 0.01629
v -0.27114 0.81716 0.01957
v -0.32345 0.83041 0.02115
v -0.31999 0.89375 -0.15746
v -0.32923 0.96669 -0.15590
v -0.30080 0.95880 0.00735
v -0.31922 0.96285 0.00632
v -0.32114 0.96203 0.00700
v -0.33150 1.01873 -0.02320
v -0.30861 1.01620 0.02192
v -0.29193 1.09383 0.02207
v -0.33150 1.01873 -0.02320
v -0.32115 0.89208 0.02090
v -0.32086 0.81156 0.01684
v -0.30927 0.82487 0.01629
v -0.33551 0.83155 0.01661
v -0.31581 1.01453 -0.01056
v -0.30969 1.01401 0.02033
v -0.31581 1.01453 -0.01056
v -0.32152 0.96409 -0.00020
v -0.31006 1.01376 0.00041
v -0.32115 0.89208 0.02090
v -0.31836 0.96324 0.00160
v -0.31922 0.96285 0.00632
v -0.30080 0.95880 0.00735
v -0.32736 0.83030 0.01815
v -0.33389 0.89693 0.00719
v -0.31985 1.01579 -0.01945
v -0.33671 0.96807 -0.03638
v -0.33257 0.89805 -0.15669
v -0.31985 1.01597 -0.13985
v -0.31705 1.01362 -0.14651
v -0.32064 1.01424 -0.12775
v -0.31705 1.01362 -0.14651
v -0.32750 0.97169 -0.14562
v -0.32064 1.01424 -0.12775
v -0.31985 1.01579 -0.01945
v -0.32701 0.96790 -0.14677
v -0.32750 0.97169 -0.14562
v -0.31705 1.01362 -0.14651
v -0.32152 0.96409 -0.00020
v -0.33941 1.01994 -0.09728
v -0.32152 0.96409 -0.00020
v -0.32114 0.96203 0.00700
v -0.31922 0.96285 0.00632
v -0.33229 0.96555 -0.12187
v -0.32533 1.01610 -0.11225
v -0.33770 0.96835 -0.10423
v -0.33296 1.01303 -0.09158
v -0.32533 1.01610 -0.11225
v -0.33519 0.83273 0.02043
v -0.32115 0.89208 0.02090
v -0.33772 0.89639 0.00858
v -0.32152 0.89038 0.02207
v -0.33671 0.96807 -0.03638
v -0.33389 0.89693 0.00719
v -0.32114 0.96203 0.00700
v -0.34107 0.96590 -0.02593
v -0.32978 1.01765 -0.04276
v -0.33862 1.01979 -0.04283
v -0.33519 0.83273 0.02043
v -0.33551 0.83155 0.01661
v -0.32701 0.96790 -0.14677
v -0.32910 0.96893 -0.13840
v -0.33257 0.89805 -0.15669
v -0.33210 1.01777 -0.09279
v -0.32910 0.96893 -0.13840
v -0.33772 0.89639 0.00858
v -0.33960 0.96749 -0.02689
v -0.32114 0.96203 0.00700
v -0.33671 0.96807 -0.03638
v -0.32978 1.01765 -0.04276
v -0.34173 0.96697 -0.04715
v -0.34174 0.89953 -0.00549
v -0.33688 0.83551 -0.16415
v -0.35723 0.84243 -0.16196
v -0.32402 0.83197 -0.16260
v -0.34597 0.83622 -0.16090
v -0.31138 0.82935 -0.16524
v -0.31138 0.82935 -0.16524
v -0.34597 0.83622 -0.16090
v -0.33688 0.83551 -0.16415
v -0.33671 0.96807 -0.03638
v -0.33511 0.96660 -0.03108
v -0.33960 0.96749 -0.02689
v -0.32923 0.96669 -0.15590
v -0.34449 0.89926 -0.15623
v -0.33770 0.96835 -0.10423
v -0.33229 0.96555 -0.12187
v -0.34231 0.96789 -0.12070
v -0.33425 0.95259 -0.12195
v -0.33945 1.02122 -0.04353
v -0.32653 1.08605 -0.04393
v -0.33150 1.01873 -0.02320
v -0.33945 1.02122 -0.04353
v -0.33862 1.01979 -0.04283
v -0.33210 1.01777 -0.09279
v -0.34175 0.89839 -0.16461
v -0.32114 0.96203 0.00700
v -0.33960 0.96749 -0.02689
v -0.34107 0.96590 -0.02593
v -0.34174 0.89953 -0.00549
v -0.34231 0.83318 0.01168
v -0.34205 0.96903 -0.09199
v -0.34449 0.89926 -0.15623
v -0.33425 0.95259 -0.12195
v -0.34231 0.96789 -0.12070
v -0.33229 0.96555 -0.12187
v -0.33551 0.83155 0.01661
v -0.34231 0.83318 0.01168
v -0.35251 0.82149 0.00720
v -0.35925 0.82585 -0.16069
v -0.34597 0.83622 -0.16090
v -0.32402 0.83197 -0.16260
v -0.33921 0.92807 -0.12233
v -0.33941 1.01994 -0.09728
v -0.34449 0.89926 -0.15623
v -0.36040 0.88121 -0.12183
v -0.35209 0.83821 0.00542
v -0.33722 0.81801 0.01670
v -0.35379 0.90123 -0.02339
v -0.34173 0.96697 -0.04715
v -0.33921 0.92807 -0.12233
v -0.35638 0.89926 -0.12205
v -0.34173 0.96697 -0.04715
v -0.34525 0.90046 -0.12195
v -0.34205 0.96903 -0.09199
v -0.35638 0.89926 -0.12205
v -0.34525 0.90046 -0.12195
v -0.34107 0.96590 -0.02593
v -0.34231 0.96789 -0.12070
v -0.33519 0.83273 0.02043
v -0.34507 0.89764 -0.16392
v -0.35118 0.87182 -0.16342
v -0.34864 0.88094 -0.12274
v -0.34507 0.89764 -0.16392
v -0.34507 0.89764 -0.16392
v -0.34864 0.88094 -0.12274
v -0.35209 0.83821 0.00542
v -0.35379 0.90123 -0.02339
v -0.35379 0.90123 -0.02339
v -0.35723 0.84243 -0.16196
v -0.35654 0.83742 -0.16107
v -0.35545 0.85154 -0.12279
v -0.35209 0.83821 0.00542
v -0.36040 0.88121 -0.12183
v -0.35545 0.85154 -0.12279
v -0.35723 0.84243 -0.16196
v -0.36863 0.83159 -0.02534
v -0.35659 0.82057 0.00643
v -0.35723 0.84243 -0.16196
v -0.36044 0.82424 -0.12275
v -0.35925 0.82585 -0.16069
v -0.37619 0.80063 -0.12260
v -0.37619 0.80063 -0.12260
v -0.35659 0.82057 0.00643
v -0.32750 0.97169 -0.14562
v -0.33229 0.96555 -0.12187
v -0.33150 1.01873 -0.02320
v -0.16407 1.18528 0.00601
v -0.16297 1.17503 0.02231
v -0.16130 1.18604 -0.02029
v -0.15208 1.16224 -0.02111
v -0.16356 1.17546 0.00730
v -0.16533 1.10857 0.02388
v -0.15194 1.16209 -0.03415
v -0.16581 1.17482 -0.03683
v -0.16130 1.18604 -0.02029
v -0.15003 1.17332 -0.04162
v -0.16581 1.17482 -0.03683
v -0.16654 1.16988 -0.05840
v -0.15347 1.17368 -0.05638
v -0.16243 1.11003 0.00499
v -0.15816 1.12802 0.00244
v -0.15539 1.09586 0.00316
v -0.16568 1.17245 -0.02037
v -0.15194 1.16209 -0.03415
v -0.16363 1.16311 -0.01988
v -0.16363 1.16311 -0.01988
v -0.16654 1.17410 -0.05576
v -0.16654 1.17410 -0.05576
v -0.16243 1.11003 0.00499
v -0.16356 1.17546 0.00730
v -0.16407 1.18528 0.00601
v -0.16622 1.17559 0.00466
v -0.16363 1.18554 -0.01908
v -0.16376 1.19468 -0.06562
v -0.16309 1.19382 -0.02702
v -0.16654 1.17410 -0.05576
v -0.16363 1.16311 -0.01988
v -0.16878 1.16461 -0.01589
v -0.16568 1.17245 -0.02037
v -0.16376 1.19468 -0.06562
v -0.17620 1.19726 -0.02659
v -0.16309 1.19382 -0.02702
v -0.16309 1.19382 -0.02702
v -0.16481 1.19375 -0.02539
v -0.16562 1.17815 -0.02616
v -0.16481 1.19375 -0.02539
v -0.16828 1.16397 -0.03309
v -0.16363 1.18554 -0.01908
v -0.16870 1.16953 -0.08503
v -0.16581 1.17482 -0.03683
v -0.16562 1.17815 -0.02616
v -0.16828 1.16397 -0.03309
v -0.17036 1.16453 -0.02836
v -0.16622 1.17559 0.00466
v -0.16702 1.17482 -0.01311
v -0.16407 1.18528 0.00601
v -0.16363 1.18554 -0.01908
v -0.16568 1.17245 -0.02037
v -0.16313 1.05897 0.00683
v -0.16622 1.17559 0.00466
v -0.16878 1.16461 -0.01589
v -0.16771 1.17271 -0.01560
v -0.16568 1.17245 -0.02037
v -0.16568 1.17245 -0.02037
v -0.16771 1.17271 -0.01560
v -0.16702 1.17482 -0.01311
v -0.18371 1.17743 -0.01389
v -0.16890 1.16972 -0.02529
v -0.17036 1.16453 -0.02836
v -0.16890 1.16972 -0.02529
v -0.16828 1.16397 -0.03309
v -0.16483 1.19451 -0.08554
v -0.14861 1.17136 0.02298
v -0.18503 1.17787 0.02408
v -0.16533 1.10857 0.02388
v -0.16702 1.17482 -0.01311
v -0.16533 1.10857 0.02388
v -0.17517 1.11060 0.02335
v -0.16243 1.11003 0.00499
v -0.21505 1.17244 -0.02458
v -0.16771 1.17271 -0.01560
v -0.18371 1.17743 -0.01389
v -0.16702 1.17482 -0.01311
v -0.17965 1.16526 -0.02813
v -0.16878 1.16461 -0.01589
v -0.17036 1.16453 -0.02836
v -0.16890 1.16972 -0.02529
v -0.18070 1.16938 -0.02455
v -0.16878 1.16461 -0.01589
v -0.18432 1.16653 -0.01767
v -0.16771 1.17271 -0.01560
v -0.18558 1.11531 0.02425
v -0.17517 1.11060 0.02335
v -0.16533 1.10857 0.02388
v -0.16297 1.17503 0.02231
v -0.18503 1.17787 0.02408
v -0.14861 1.17136 0.02298
v -0.18610 1.16650 -0.02718
v -0.18432 1.16653 -0.01767
v -0.17965 1.16526 -0.02813
v -0.18610 1.16650 -0.02718
v -0.18556 1.11352 0.02335
v -0.16481 1.19375 -0.02539
v -0.17620 1.19726 -0.02659
v -0.20922 1.20265 -0.02591
v -0.19999 1.05658 0.01261
v -0.20922 1.20265 -0.02591
v -0.18556 1.11352 0.02335
v -0.19536 1.07104 0.01178
v -0.18474 1.11397 0.00940
v -0.18693 1.10719 0.00931
v -0.18474 1.11397 0.00940
v -0.19151 1.17014 -0.01541
v -0.18862 1.10157 0.01011
v -0.19200 1.08624 0.01094
v -0.18558 1.11531 0.02425
v -0.18474 1.11397 0.00940
v -0.18556 1.11352 0.02335
v -0.18474 1.11397 0.00940
v -0.18558 1.11531 0.02425
v -0.18693 1.10719 0.00931
v -0.19656 1.16955 -0.02470
v -0.22919 1.18438 -0.01443
v -0.18070 1.16938 -0.02455
v -0.19656 1.16955 -0.02470
v -0.18862 1.10157 0.01011
v -0.19200 1.08624 0.01094
v -0.20608 1.18101 0.02464
v -0.19151 1.17014 -0.01541
v -0.20414 1.17314 -0.01560
v -0.16771 1.17271 -0.01560
v -0.18432 1.16653 -0.01767
v -0.19374 1.17073 -0.02050
v -0.19151 1.17014 -0.01541
v -0.19656 1.16955 -0.02470
v -0.19949 1.05886 0.02378
v -0.20608 1.18101 0.02464
v -0.18503 1.17787 0.02408
v -0.22919 1.18438 -0.01443
v -0.18558 1.11531 0.02425
v -0.27621 1.01029 0.02580
v -0.22919 1.18438 -0.01443
v -0.20922 1.20265 -0.02591
v -0.20414 1.17314 -0.01560
v -0.22921 1.20642 -0.02631
v -0.21087 1.17444 -0.02163
v -0.21505 1.17244 -0.02458
v -0.19656 1.16955 -0.02470
v -0.18070 1.16938 -0.02455
v -0.21505 1.17244 -0.02458
v -0.23068 1.17836 -0.01521
v -0.22197 1.17442 -0.02335
v -0.19946 1.05724 0.02218
v -0.19949 1.05886 0.02378
v -0.18558 1.11531 0.02425
v -0.19946 1.05724 0.02218
v -0.22423 1.06169 0.02348
v -0.23068 1.17836 -0.01521
v -0.22921 1.20642 -0.02631
v -0.24588 1.18738 -0.01471
v -0.26945 1.19327 0.02162
v -0.25504 1.18135 -0.02483
v -0.24220 1.18636 0.02595
v -0.24588 1.18738 -0.01471
v -0.24220 1.18636 0.02595
v -0.25504 1.18135 -0.02483
v -0.25098 1.18103 -0.01652
v -0.27704 1.19466 0.00968
v -0.26945 1.19327 0.02162
v -0.27292 1.18061 0.02231
v -0.27292 1.18061 0.02231
v -0.26945 1.19327 0.02162
v -0.27704 1.19466 0.00968
v -0.28341 1.13345 0.02203
v -0.18558 1.11531 0.02425
v -0.24220 1.18636 0.02595
v -0.21481 0.84465 -0.05687
v -0.21375 0.84076 -0.00710
v -0.22576 0.78523 -0.00768
v -0.22589 0.79812 -0.15172
v -0.21473 0.84253 -0.15088
v -0.23726 0.82390 -0.15109
v -0.21473 0.84253 -0.15088
v -0.22589 0.79812 -0.15172
v -0.24109 0.80591 -0.15076
v -0.23112 0.76117 -0.00807
v -0.23123 0.77341 -0.15139
v -0.24142 0.72981 -0.15177
v -0.22576 0.78523 -0.00768
v -0.25131 0.76171 0.01266
v -0.23819 0.75933 -0.00297
v -0.23732 0.84674 0.01749
v -0.24510 0.81061 0.01865
v -0.23112 0.76117 -0.00807
v -0.23921 0.72736 -0.00806
v -0.23921 0.72736 -0.00806
v -0.24109 0.80591 -0.15076
v -0.25030 0.76315 -0.16629
v -0.24358 0.80164 -0.16774
v -0.22926 0.87049 -0.16679
v -0.24142 0.72981 -0.15177
v -0.24281 0.72608 -0.11939
v -0.24370 0.72640 -0.15043
v -0.23123 0.77341 -0.15139
v -0.24445 0.78957 -0.15162
v -0.24142 0.72981 -0.15177
v -0.24370 0.72640 -0.15043
v -0.25318 0.68409 -0.15038
v -0.24445 0.78957 -0.15162
v -0.24896 0.69036 -0.00902
v -0.24142 0.72981 -0.15177
v -0.25630 0.65639 -0.00874
v -0.24281 0.72608 -0.11939
v -0.25630 0.65639 -0.00874
v -0.25081 0.76133 -0.15180
v -0.25318 0.68409 -0.15038
v -0.25981 0.71755 -0.15158
v -0.24142 0.72981 -0.15177
v -0.25689 0.76234 0.01783
v -0.25081 0.76133 -0.15180
v -0.26616 0.72834 0.01084
v -0.24896 0.69036 -0.00902
v -0.25030 0.76315 -0.16629
v -0.25131 0.76340 -0.16770
v -0.24358 0.80164 -0.16774
v -0.23819 0.75933 -0.00297
v -0.25131 0.76171 0.01266
v -0.25929 0.76109 0.01308
v -0.25318 0.68409 -0.15038
v -0.25030 0.76315 -0.16629
v -0.25166 0.76188 -0.16562
v -0.25131 0.76340 -0.16770
v -0.25689 0.76234 0.01783
v -0.25081 0.76133 -0.15180
v -0.25630 0.65639 -0.00874
v -0.28166 0.66244 0.01108
v -0.26354 0.65672 -0.00337
v -0.25131 0.76340 -0.16770
v -0.25166 0.76188 -0.16562
v -0.27955 0.76753 -0.16602
v -0.25630 0.65639 -0.00874
v -0.27955 0.76753 -0.16602
v -0.25166 0.76188 -0.16562
v -0.25081 0.76133 -0.15180
v -0.25969 0.65657 -0.14994
v -0.28008 0.76759 -0.15077
v -0.25929 0.76109 0.01308
v -0.26053 0.71671 -0.15337
v -0.25981 0.71755 -0.15158
v -0.25318 0.68409 -0.15038
v -0.25318 0.68409 -0.15038
v -0.25969 0.65657 -0.14994
v -0.26769 0.65964 -0.15254
v -0.26053 0.71671 -0.15337
v -0.25981 0.71755 -0.15158
v -0.26053 0.71671 -0.15337
v -0.27826 0.71949 -0.16178
v -0.26354 0.65672 -0.00337
v -0.28343 0.66165 0.01028
v -0.25630 0.65639 -0.00874
v -0.27709 0.75532 0.01305
v -0.28156 0.73603 0.01298
v -0.26616 0.72834 0.01084
v -0.25929 0.76109 0.01308
v -0.27543 0.76634 0.01938
v -0.25131 0.76340 -0.16770
v -0.27955 0.76753 -0.16602
v -0.27228 0.80289 -0.16674
v -0.26930 0.82045 -0.16690
v -0.24358 0.80164 -0.16774
v -0.26354 0.65672 -0.00337
v -0.28166 0.66244 0.01108
v -0.28343 0.66165 0.01028
v -0.27538 0.76375 0.01330
v -0.24510 0.81061 0.01865
v -0.27114 0.81716 0.01957
v -0.27457 0.80020 0.01891
v -0.27538 0.76375 0.01330
v -0.25689 0.76234 0.01783
v -0.26930 0.82045 -0.16690
v -0.27584 0.80478 -0.16261
v -0.27233 0.81927 -0.16253
v -0.27457 0.80020 0.01891
v -0.27114 0.81716 0.01957
v -0.27313 0.81604 0.01677
v -0.26930 0.82045 -0.16690
v -0.27233 0.81927 -0.16253
v -0.28454 0.82254 -0.16522
v -0.27228 0.80289 -0.16674
v -0.29315 0.72522 -0.15075
v -0.26616 0.72834 0.01084
v -0.28938 0.73618 0.01189
v -0.28166 0.66244 0.01108
v -0.27589 0.80066 0.01618
v -0.26616 0.72834 0.01084
v -0.28156 0.73603 0.01298
v -0.28938 0.73618 0.01189
v -0.27538 0.76375 0.01330
v -0.27543 0.76634 0.01938
v -0.27709 0.75532 0.01305
v -0.28301 0.73637 0.01842
v -0.27313 0.81604 0.01677
v -0.27114 0.81716 0.01957
v -0.29511 0.82186 0.01602
v -0.28972 0.82313 -0.16243
v -0.28344 0.75649 -0.15074
v -0.28008 0.76759 -0.15077
v -0.27955 0.76753 -0.16602
v -0.28008 0.76759 -0.15077
v -0.28203 0.76635 -0.16554
v -0.27228 0.80289 -0.16674
v -0.29517 0.80845 -0.16541
v -0.27584 0.80478 -0.16261
v -0.28978 0.66322 -0.16117
v -0.27543 0.76634 0.01938
v -0.27457 0.80020 0.01891
v -0.27589 0.80066 0.01618
v -0.28768 0.80229 0.01949
v -0.28156 0.73603 0.01298
v -0.31740 0.74468 0.02036
v -0.30171 0.74097 0.01973
v -0.28375 0.76604 -0.16673
v -0.29517 0.80845 -0.16541
v -0.28203 0.76635 -0.16554
v -0.28008 0.76759 -0.15077
v -0.28344 0.75649 -0.15074
v -0.29315 0.72522 -0.15075
v -0.28894 0.73885 -0.15073
v -0.28607 0.80649 -0.16258
v -0.28375 0.76604 -0.16673
v -0.28768 0.80229 0.01949
v -0.28826 0.80107 0.02013
v -0.27826 0.71949 -0.16178
v -0.29511 0.82186 0.01602
v -0.27589 0.80066 0.01618
v -0.27313 0.81604 0.01677
v -0.28301 0.73637 0.01842
v -0.28938 0.73618 0.01189
v -0.28156 0.73603 0.01298
v -0.31138 0.82935 -0.16524
v -0.27233 0.81927 -0.16253
v -0.27584 0.80478 -0.16261
v -0.28607 0.80649 -0.16258
v -0.28842 0.74032 -0.16612
v -0.28343 0.66165 0.01028
v -0.25969 0.65657 -0.14994
v -0.25630 0.65639 -0.00874
v -0.28894 0.73885 -0.15073
v -0.28203 0.76635 -0.16554
v -0.28842 0.74032 -0.16612
v -0.28375 0.76604 -0.16673
v -0.28301 0.73637 0.01842
v -0.27589 0.80066 0.01618
v -0.28826 0.80107 0.02013
v -0.28768 0.80229 0.01949
v -0.27589 0.80066 0.01618
v -0.32086 0.81156 0.01684
v -0.28826 0.80107 0.02013
v -0.34518 0.75309 -0.16522
v -0.28842 0.74032 -0.16612
v -0.30334 0.81134 -0.16228
v -0.31138 0.82935 -0.16524
v -0.30171 0.74097 0.01973
v -0.30334 0.81134 -0.16228
v -0.28972 0.82313 -0.16243
v -0.30836 0.72901 -0.15056
v -0.30246 0.74155 -0.15029
v -0.30852 0.66821 0.01069
v -0.28842 0.74032 -0.16612
v -0.28894 0.73885 -0.15073
v -0.30246 0.74155 -0.15029
v -0.30836 0.72901 -0.15056
v -0.30852 0.66821 0.01069
v -0.33037 0.67384 -0.16047
v -0.32086 0.81156 0.01684
v -0.30080 0.82618 -0.16247
v -0.30080 0.82618 -0.16247
v -0.30927 0.82487 0.01629
v -0.30927 0.82487 0.01629
v -0.32921 0.74635 0.01107
v -0.32988 0.73370 -0.16015
v -0.31888 0.67098 0.01093
v -0.34371 0.73379 -0.16087
v -0.32988 0.73370 -0.16015
v -0.31740 0.74468 0.02036
v -0.32580 0.74722 -0.14994
v -0.32113 0.81423 -0.16522
v -0.28978 0.66322 -0.16117
v -0.33037 0.67384 -0.16047
v -0.33699 0.81452 0.02146
v -0.30852 0.66821 0.01069
v -0.32402 0.83197 -0.16260
v -0.33699 0.81452 0.02146
v -0.32794 0.73374 -0.15032
v -0.31888 0.67098 0.01093
v -0.35578 0.68092 0.00893
v -0.32794 0.73374 -0.15032
v -0.32921 0.74635 0.01107
v -0.32580 0.74722 -0.14994
v -0.33491 0.81923 -0.16174
v -0.33722 0.81801 0.01670
v -0.32402 0.83197 -0.16260
v -0.35925 0.82585 -0.16069
v -0.33491 0.81923 -0.16174
v -0.34031 0.74991 -0.14896
v -0.34275 0.73856 -0.14906
v -0.35034 0.75147 0.02033
v -0.33551 0.83155 0.01661
v -0.33722 0.81801 0.01670
v -0.35197 0.75359 0.02109
v -0.35034 0.75147 0.02033
v -0.37149 0.72930 0.00593
v -0.35578 0.68092 0.00893
v -0.32113 0.81423 -0.16522
v -0.34305 0.73746 -0.15962
v -0.34330 0.74908 0.00923
v -0.34305 0.73746 -0.15962
v -0.34275 0.73856 -0.14906
v -0.39353 0.69047 -0.12138
v -0.34031 0.74991 -0.14896
v -0.34228 0.75078 -0.16303
v -0.28842 0.74032 -0.16612
v -0.34228 0.75078 -0.16303
v -0.34518 0.75309 -0.16522
v -0.38141 0.68834 0.00377
v -0.34228 0.75078 -0.16303
v -0.34031 0.74991 -0.14896
v -0.34305 0.73746 -0.15962
v -0.34275 0.73856 -0.14906
v -0.34330 0.74908 0.00923
v -0.34371 0.73379 -0.16087
v -0.36180 0.82391 -0.16307
v -0.35251 0.82149 0.00720
v -0.36376 0.68284 -0.15928
v -0.35925 0.82585 -0.16069
v -0.35659 0.82057 0.00643
v -0.37365 0.75842 -0.16244
v -0.34228 0.75078 -0.16303
v -0.37682 0.75489 -0.16122
v -0.36908 0.75724 0.00778
v -0.33699 0.81452 0.02146
v -0.35659 0.82057 0.00643
v -0.36755 0.79478 -0.16364
v -0.37573 0.76000 -0.16341
v -0.36518 0.75420 0.00667
v -0.36518 0.75420 0.00667
v -0.35034 0.75147 0.02033
v -0.35197 0.75359 0.02109
v -0.36518 0.75420 0.00667
v -0.39147 0.69184 -0.15880
v -0.35578 0.68092 0.00893
v -0.37025 0.68440 0.00638
v -0.38141 0.68834 0.00377
v -0.39168 0.69094 -0.12577
v -0.35197 0.75359 0.02109
v -0.36180 0.82391 -0.16307
v -0.36044 0.82424 -0.12275
v -0.35925 0.82585 -0.16069
v -0.35578 0.68092 0.00893
v -0.37896 0.68718 0.00588
v -0.37025 0.68440 0.00638
v -0.36908 0.75724 0.00778
v -0.37573 0.76000 -0.16341
v -0.36707 0.75447 0.00549
v -0.36376 0.68284 -0.15928
v -0.36707 0.75447 0.00549
v -0.36180 0.82391 -0.16307
v -0.36044 0.82424 -0.12275
v -0.37619 0.80063 -0.12260
v -0.35545 0.85154 -0.12279
v -0.36646 0.80087 -0.12282
v -0.36180 0.82391 -0.16307
v -0.36755 0.79478 -0.16364
v -0.36863 0.83159 -0.02534
v -0.36646 0.80087 -0.12282
v -0.36044 0.82424 -0.12275
v -0.37318 0.76832 -0.12359
v -0.37149 0.72930 0.00593
v -0.37590 0.75776 -0.01471
v -0.38136 0.75867 -0.02751
v -0.36707 0.75447 0.00549
v -0.37573 0.76000 -0.16341
v -0.37244 0.75731 -0.00564
v -0.37590 0.75776 -0.01471
v -0.37910 0.69279 0.00593
v -0.38141 0.68834 0.00377
v -0.37590 0.75776 -0.01471
v -0.37896 0.68718 0.00588
v -0.37910 0.69279 0.00593
v -0.37682 0.75489 -0.16122
v -0.37318 0.76832 -0.12359
v -0.38041 0.76121 -0.01735
v -0.37727 0.75358 -0.12342
v -0.36376 0.68284 -0.15928
v -0.39004 0.69061 -0.16006
v -0.39147 0.69184 -0.15880
v -0.39430 0.69055 -0.02774
v -0.37619 0.80063 -0.12260
v -0.38520 0.76206 -0.12208
v -0.38358 0.72553 -0.12411
v -0.38520 0.76206 -0.12208
v -0.37727 0.75358 -0.12342
v -0.39430 0.69055 -0.02774
v -0.37896 0.68718 0.00588
v -0.38141 0.68834 0.00377
v -0.37025 0.68440 0.00638
v -0.37896 0.68718 0.00588
v -0.38136 0.75867 -0.02751
v -0.38358 0.72553 -0.12411
v -0.38183 0.76838 -0.02371
v -0.38041 0.76121 -0.01735
v -0.38252 0.75918 -0.06629
v -0.39268 0.71449 -0.12270
v -0.38341 0.76143 -0.02614
v -0.38341 0.76143 -0.02614
v -0.38520 0.76206 -0.12208
v -0.38252 0.75918 -0.06629
v -0.38520 0.76206 -0.12208
v -0.39004 0.69061 -0.16006
v -0.39147 0.69184 -0.15880
v -0.39168 0.69094 -0.12577
v -0.39087 0.69468 -0.12353
v -0.39268 0.71449 -0.12270
v -0.39147 0.69184 -0.15880
v -0.39087 0.69468 -0.12353
v -0.39087 0.69468 -0.12353
v -0.39168 0.69094 -0.12577
v -0.39313 0.69104 -0.12309
v -0.39697 0.69290 -0.12285
v -0.39313 0.69104 -0.12309
v -0.39313 0.69104 -0.12309
v -0.39697 0.69290 -0.12285
v -0.39697 0.69290 -0.12285
v -0.32086 0.81156 0.01684
v -0.16006 1.14286 -0.06368
v -0.16568 1.17245 -0.02037
v -0.15208 1.16224 -0.02111
v -0.16363 1.16311 -0.01988
v -0.15194 1.16209 -0.03415
v -0.16581 1.17482 -0.03683
v -0.15003 1.17332 -0.04162
v -0.16654 1.17410 -0.05576
v -0.15347 1.17368 -0.05638
v -0.16654 1.16988 -0.05840
v -0.15424 1.16193 -0.07580
v -0.16017 1.16620 -0.08342
v -0.16068 1.16480 -0.08625
v -0.15927 1.16191 -0.09020
v -0.16024 1.16439 -0.09955
v -0.15623 1.16168 -0.10545
v -0.16592 1.16475 -0.11035
v -0.15634 1.16235 -0.16435
v -0.15631 1.15997 -0.16522
v -0.16063 1.13854 -0.13031
v -0.16748 1.11193 -0.13118
v -0.15403 1.10255 -0.13084
v -0.17036 1.10348 -0.13687
v -0.15531 1.09583 -0.13666
v -0.15872 1.08003 -0.13914
v -0.16652 1.04456 -0.14401
v -0.15895 1.07780 -0.09783
v -0.16313 1.05897 0.00683
v -0.15539 1.09586 0.00316
v -0.16243 1.11003 0.00499
v -0.15816 1.12802 0.00244
v -0.16533 1.10857 0.02388
v -0.14861 1.17136 0.02298
v -0.16297 1.17503 0.02231
v -0.16356 1.17546 0.00730
v -0.16407 1.18528 0.00601
v -0.16130 1.18604 -0.02029
v -0.19210 0.93834 -0.14644
v -0.19403 0.93576 -0.14781
v -0.19027 0.94423 -0.14655
v -0.19201 0.93504 -0.14497
v -0.33714 0.96739 -0.03145
v -0.33671 0.96807 -0.03638
v -0.33511 0.96660 -0.03108
v -0.33960 0.96749 -0.02689
vt 0.31912 0.99314
vt 0.32735 0.99386
vt 0.31215 0.99360
vt 0.99531 0.51557
vt 0.99531 0.52393
vt 0.99470 0.51697
vt 0.91115 0.74111
vt 0.92548 0.76599
vt 0.90902 0.76544
vt 0.90963 0.74101
vt 0.38892 0.34873
vt 0.38686 0.35441
vt 0.00449 0.30889
vt 0.00101 0.30503
vt 0.00284 0.30897
vt 0.41081 0.37143
vt 0.39935 0.36665
vt 0.96685 0.89265
vt 0.96205 0.87954
vt 0.97048 0.88832
vt 0.96704 0.89435
vt 0.96510 0.89496
vt 0.99465 0.18653
vt 0.99885 0.18653
vt 0.99585 0.18897
vt 0.38488 0.34818
vt 0.39101 0.91535
vt 0.39176 0.91107
vt 0.39518 0.91586
vt 0.06521 0.38596
vt 0.08223 0.38446
vt 0.08082 0.38596
vt 0.96202 0.89384
vt 0.72772 0.18607
vt 0.72970 0.18663
vt 0.72823 0.18978
vt 0.50842 0.91410
vt 0.50829 0.91575
vt 0.50301 0.91529
vt 0.99893 0.12507
vt 0.99658 0.12643
vt 0.99507 0.12507
vt 0.40001 0.38226
vt 0.94966 0.41449
vt 0.95929 0.41264
vt 0.95578 0.41396
vt 0.45192 0.65296
vt 0.45079 0.65370
vt 0.44658 0.63863
vt 0.95849 0.39706
vt 0.96916 0.04423
vt 0.97984 0.04423
vt 0.96921 0.05777
vt 0.72835 0.19593
vt 0.94920 0.39701
vt 0.84581 0.98781
vt 0.84744 0.98569
vt 0.42265 0.66338
vt 0.07228 0.65178
vt 0.06302 0.65243
vt 0.06302 0.64274
vt 0.38107 0.35187
vt 0.38140 0.35897
vt 0.22217 0.87862
vt 0.23055 0.87668
vt 0.22514 0.88001
vt 0.22329 0.87615
vt 0.73542 0.19522
vt 0.49764 0.91353
vt 0.07183 0.62665
vt 0.06424 0.36084
vt 0.46622 0.00713
vt 0.47179 0.00994
vt 0.47328 0.01345
vt 0.41846 0.65623
vt 0.40256 0.91137
vt 0.40233 0.91720
vt 0.22645 0.89347
vt 0.26123 0.89104
vt 0.47112 0.00555
vt 0.92457 0.08432
vt 0.93738 0.06668
vt 0.94443 0.08182
vt 0.06330 0.62350
vt 0.06327 0.63502
vt 0.39278 0.37377
vt 0.48702 0.91355
vt 0.40619 0.65980
vt 0.39731 0.64516
vt 0.48650 0.91594
vt 0.80883 0.05094
vt 0.80866 0.03606
vt 0.81380 0.03606
vt 0.38719 0.37910
vt 0.74871 0.19414
vt 0.08236 0.35498
vt 0.36926 0.36343
vt 0.83234 0.03883
vt 0.94971 0.02589
vt 0.95543 0.02618
vt 0.95579 0.03307
vt 0.95578 0.04141
vt 0.37138 0.36777
vt 0.75918 0.18669
vt 0.41317 0.91161
vt 0.24489 0.87679
vt 0.99526 0.58682
vt 0.99466 0.57995
vt 0.99534 0.57868
vt 0.95063 0.02508
vt 0.41667 0.91768
vt 0.99368 0.46744
vt 0.99405 0.46606
vt 0.99882 0.46731
vt 0.37453 0.40590
vt 0.36399 0.36665
vt 0.94282 0.93994
vt 0.93823 0.92240
vt 0.94257 0.91806
vt 0.48043 0.91562
vt 0.76719 0.19463
vt 0.85701 0.99015
vt 0.86993 0.99547
vt 0.85701 0.99529
vt 0.96661 0.36803
vt 0.97839 0.36040
vt 0.97889 0.37375
vt 0.38470 0.65608
vt 0.38190 0.65356
vt 0.07497 0.33786
vt 0.37901 0.38722
vt 0.47045 0.91309
vt 0.29182 0.99705
vt 0.30193 0.99883
vt 0.28857 0.99895
vt 0.47275 0.91535
vt 0.07057 0.61316
vt 0.35785 0.38016
vt 0.35881 0.37233
vt 0.87049 0.99003
vt 0.25983 0.87603
vt 0.93269 0.92787
vt 0.06264 0.34256
vt 0.43163 0.91770
vt 0.08204 0.33768
vt 0.42974 0.91203
vt 0.06290 0.61519
vt 0.96675 0.36024
vt 0.77649 0.18647
vt 0.17682 0.37076
vt 0.14588 0.35470
vt 0.16024 0.32652
vt 0.37366 0.39358
vt 0.00116 0.85907
vt 0.00234 0.87257
vt 0.00116 0.87743
vt 0.42994 0.00989
vt 0.42556 0.00659
vt 0.42786 0.00311
vt 0.43472 0.60596
vt 0.76609 0.52737
vt 0.76917 0.49213
vt 0.76941 0.56637
vt 0.94496 0.72411
vt 0.94428 0.72796
vt 0.94404 0.70604
vt 0.26992 0.08618
vt 0.26992 0.09782
vt 0.25416 0.09782
vt 0.46505 0.91485
vt 0.68947 0.03555
vt 0.66553 0.03695
vt 0.24058 0.09693
vt 0.42912 0.59412
vt 0.35331 0.37775
vt 0.93450 0.65980
vt 0.92252 0.64470
vt 0.93319 0.64479
vt 0.24112 0.08758
vt 0.07142 0.60823
vt 0.28233 0.88828
vt 0.35141 0.38794
vt 0.07086 0.60307
vt 0.45773 0.91205
vt 0.06397 0.33754
vt 0.44249 0.91279
vt 0.06272 0.60331
vt 0.94998 0.37606
vt 0.94548 0.37399
vt 0.94452 0.36305
vt 0.44905 0.91287
vt 0.77729 0.19433
vt 0.34556 0.38531
vt 0.93686 0.33511
vt 0.95463 0.32721
vt 0.95485 0.33511
vt 0.94783 0.33594
vt 0.41236 0.60013
vt 0.45116 0.91214
vt 0.41930 0.99827
vt 0.40620 0.99827
vt 0.40634 0.99722
vt 0.93565 0.32706
vt 0.45423 0.91431
vt 0.14268 0.31774
vt 0.36476 0.40144
vt 0.44949 0.91793
vt 0.34108 0.62714
vt 0.36866 0.61657
vt 0.83555 0.01765
vt 0.84542 0.01432
vt 0.84745 0.01783
vt 0.83758 0.01367
vt 0.35472 0.66319
vt 0.94500 0.38185
vt 0.94992 0.38295
vt 0.63420 0.45451
vt 0.64987 0.46068
vt 0.34260 0.38822
vt 0.36462 0.41432
vt 0.27769 0.87613
vt 0.28181 0.87828
vt 0.45008 0.91415
vt 0.34316 0.38601
vt 0.33904 0.38305
vt 0.94295 0.65487
vt 0.94130 0.65874
vt 0.33536 0.38588
vt 0.94398 0.64486
vt 0.44971 0.00534
vt 0.45436 0.00130
vt 0.45475 0.00534
vt 0.44925 0.00116
vt 0.88850 0.84589
vt 0.87872 0.84452
vt 0.88885 0.81460
vt 0.89827 0.81799
vt 0.15054 0.99735
vt 0.14712 0.99624
vt 0.15238 0.98765
vt 0.31362 0.36181
vt 0.30156 0.36481
vt 0.31085 0.35752
vt 0.35068 0.40928
vt 0.31905 0.34890
vt 0.83431 0.97312
vt 0.83370 0.97225
vt 0.84913 0.97325
vt 0.29769 0.35162
vt 0.31405 0.36538
vt 0.65056 0.48653
vt 0.65097 0.50821
vt 0.32973 0.40272
vt 0.85580 0.97273
vt 0.37138 0.56672
vt 0.35241 0.56993
vt 0.36819 0.54655
vt 0.33733 0.45467
vt 0.36597 0.47118
vt 0.36202 0.48480
vt 0.56027 0.99476
vt 0.55361 0.99534
vt 0.54573 0.99466
vt 0.35951 0.49121
vt 0.77803 0.01174
vt 0.77951 0.01401
vt 0.78047 0.01926
vt 0.32684 0.55666
vt 0.33663 0.40553
vt 0.31001 0.58470
vt 0.31286 0.44951
vt 0.30714 0.38003
vt 0.30342 0.37166
vt 0.36888 0.54353
vt 0.36490 0.53201
vt 0.36779 0.53861
vt 0.36580 0.53292
vt 0.28025 0.48702
vt 0.39342 0.53786
vt 0.31575 0.54738
vt 0.30467 0.50792
vt 0.36165 0.49990
vt 0.28285 0.59499
vt 0.27909 0.58680
vt 0.27922 0.58292
vt 0.27638 0.56074
vt 0.26958 0.53032
vt 0.83156 0.98656
vt 0.37073 0.36689
vt 0.36852 0.36260
vt 0.67137 0.03555
vt 0.63403 0.55049
vt 0.99459 0.99326
vt 0.99791 0.99894
vt 0.97683 0.78794
vt 0.97117 0.78542
vt 0.33420 0.86056
vt 0.34540 0.84201
vt 0.99568 0.99871
vt 0.97127 0.78753
vt 0.29491 0.86891
vt 0.94497 0.34151
vt 0.94497 0.35189
vt 0.81529 0.53483
vt 0.82787 0.53122
vt 0.82362 0.54587
vt 0.76193 0.99292
vt 0.76107 0.99220
vt 0.76178 0.98708
vt 0.94292 0.35531
vt 0.98891 0.22704
vt 0.98981 0.23731
vt 0.98869 0.23746
vt 0.28510 0.84297
vt 0.94473 0.35399
vt 0.93252 0.35465
vt 0.98529 0.23437
vt 0.98720 0.22385
vt 0.98797 0.23413
vt 0.98217 0.23413
vt 0.83322 0.54834
vt 0.82734 0.55079
vt 0.82474 0.51093
vt 0.82439 0.52636
vt 0.83545 0.54204
vt 0.98203 0.22363
vt 0.79005 0.50071
vt 0.92710 0.17970
vt 0.92788 0.17072
vt 0.93636 0.18734
vt 0.93569 0.19328
vt 0.92664 0.19288
vt 0.96686 0.08159
vt 0.96762 0.08155
vt 0.95757 0.09095
vt 0.33536 0.00686
vt 0.32614 0.00686
vt 0.32633 0.00614
vt 0.42434 0.00764
vt 0.42785 0.01019
vt 0.42015 0.01586
vt 0.97243 0.08696
vt 0.93153 0.33369
vt 0.63563 0.33697
vt 0.63501 0.36430
vt 0.63426 0.35272
vt 0.63418 0.34187
vt 0.63414 0.33643
vt 0.26396 0.77138
vt 0.26020 0.77143
vt 0.28787 0.75319
vt 0.69120 0.31666
vt 0.69105 0.35851
vt 0.27431 0.76867
vt 0.63441 0.32441
vt 0.63491 0.31669
vt 0.24403 0.75504
vt 0.24846 0.77026
vt 0.20940 0.00101
vt 0.20940 0.00449
vt 0.20810 0.00429
vt 0.31519 0.96293
vt 0.31603 0.96191
vt 0.34433 0.96690
vt 0.63425 0.31565
vt 0.31578 0.95980
vt 0.63479 0.31338
vt 0.10201 0.87082
vt 0.12083 0.86397
vt 0.10118 0.88493
vt 0.65824 0.28214
vt 0.69299 0.30344
vt 0.69436 0.31631
vt 0.32950 0.95963
vt 0.89738 0.98562
vt 0.89680 0.98888
vt 0.88112 0.98649
vt 0.11746 0.97070
vt 0.10374 0.97028
vt 0.10374 0.95734
vt 0.27970 0.76692
vt 0.63945 0.28205
vt 0.28261 0.76695
vt 0.29372 0.76700
vt 0.31165 0.75936
vt 0.32297 0.77053
vt 0.33017 0.96222
vt 0.96144 0.89890
vt 0.96006 0.89865
vt 0.96115 0.88011
vt 0.69322 0.28120
vt 0.63112 0.04716
vt 0.63252 0.04713
vt 0.63469 0.05088
vt 0.80263 0.99396
vt 0.80287 0.98726
vt 0.80397 0.98984
vt 0.63830 0.05787
vt 0.61320 0.05836
vt 0.32195 0.76500
vt 0.10391 0.93510
vt 0.11092 0.93580
vt 0.26996 0.73885
vt 0.24615 0.74164
vt 0.88925 0.45081
vt 0.88414 0.42185
vt 0.89086 0.41519
vt 0.11137 0.94443
vt 0.85913 0.04664
vt 0.84668 0.05045
vt 0.84651 0.04664
vt 0.29026 0.72083
vt 0.31538 0.73803
vt 0.27141 0.73859
vt 0.04840 0.41155
vt 0.04840 0.43002
vt 0.04260 0.41153
vt 0.11058 0.92651
vt 0.31456 0.75908
vt 0.32128 0.76250
vt 0.86886 0.05086
vt 0.72329 0.09747
vt 0.70807 0.07491
vt 0.72329 0.08485
vt 0.11835 0.94489
vt 0.40231 0.04189
vt 0.40211 0.03611
vt 0.41075 0.03611
vt 0.80687 0.98254
vt 0.80281 0.98345
vt 0.86904 0.04709
vt 0.34258 0.95918
vt 0.42004 0.03649
vt 0.31752 0.75384
vt 0.86999 0.05085
vt 0.99576 0.44754
vt 0.99631 0.45064
vt 0.99569 0.45096
vt 0.58069 0.00496
vt 0.57723 0.01241
vt 0.57727 0.00466
vt 0.12551 0.94503
vt 0.13055 0.97081
vt 0.58126 0.01261
vt 0.32171 0.76248
vt 0.42689 0.03656
vt 0.64434 0.00490
vt 0.64315 0.00533
vt 0.64318 0.00117
vt 0.55964 0.10720
vt 0.55998 0.10659
vt 0.56312 0.10715
vt 0.79141 0.58326
vt 0.79497 0.58482
vt 0.79196 0.59127
vt 0.04270 0.41853
vt 0.57736 0.01284
vt 0.72337 0.07493
vt 0.06492 0.96740
vt 0.06767 0.96757
vt 0.06632 0.97045
vt 0.55703 0.12929
vt 0.55784 0.11555
vt 0.55888 0.11484
vt 0.06320 0.97006
vt 0.71627 0.07433
vt 0.78676 0.59192
vt 0.10228 0.86073
vt 0.56703 0.12954
vt 0.06969 0.96021
vt 0.27213 0.72499
vt 0.06684 0.96105
vt 0.04353 0.42564
vt 0.34026 0.96223
vt 0.78464 0.59569
vt 0.00899 0.53274
vt 0.00258 0.55897
vt 0.00251 0.53217
vt 0.31733 0.74709
vt 0.72707 0.15873
vt 0.73796 0.16344
vt 0.74601 0.18557
vt 0.27238 0.71990
vt 0.12056 0.84752
vt 0.78841 0.59834
vt 0.57074 0.10752
vt 0.06897 0.95212
vt 0.57976 0.10772
vt 0.04459 0.43483
vt 0.69413 0.10333
vt 0.70170 0.07367
vt 0.70837 0.07406
vt 0.10322 0.83407
vt 0.36694 0.96255
vt 0.72755 0.18490
vt 0.07213 0.95153
vt 0.78493 0.60404
vt 0.59245 0.10837
vt 0.28972 0.71445
vt 0.00856 0.54918
vt 0.75397 0.16321
vt 0.13476 0.94523
vt 0.77192 0.17534
vt 0.31736 0.72235
vt 0.29512 0.71078
vt 0.07033 0.94778
vt 0.07447 0.94241
vt 0.58917 0.10760
vt 0.77434 0.60540
vt 0.31502 0.73416
vt 0.31631 0.72658
vt 0.58711 0.13005
vt 0.00836 0.56233
vt 0.36765 0.95910
vt 0.04536 0.44645
vt 0.12063 0.83437
vt 0.69578 0.07383
vt 0.78093 0.60880
vt 0.04814 0.45468
vt 0.28845 0.70811
vt 0.27128 0.70608
vt 0.28837 0.70676
vt 0.33646 0.99469
vt 0.33016 0.99581
vt 0.32254 0.99492
vt 0.99976 0.88786
vt 0.99874 0.88203
vt 0.99975 0.88164
vt 0.07109 0.93779
vt 0.87939 0.96589
vt 0.89392 0.96589
vt 0.87398 0.96836
vt 0.14640 0.94523
vt 0.15562 0.97099
vt 0.99727 0.71118
vt 0.99727 0.71820
vt 0.99673 0.71882
vt 0.63261 0.11743
vt 0.64280 0.10157
vt 0.66839 0.11635
vt 0.76273 0.60846
vt 0.07525 0.93920
vt 0.67945 0.00813
vt 0.68148 0.01437
vt 0.67152 0.01284
vt 0.76972 0.60535
vt 0.64172 0.10167
vt 0.46435 0.34400
vt 0.47504 0.34628
vt 0.46313 0.34829
vt 0.59247 0.10759
vt 0.99474 0.24376
vt 0.99296 0.24404
vt 0.99260 0.23702
vt 0.87247 0.96732
vt 0.07145 0.93310
vt 0.46398 0.33950
vt 0.48823 0.33138
vt 0.15133 0.94578
vt 0.72643 0.58416
vt 0.72503 0.58170
vt 0.73044 0.58631
vt 0.45912 0.28865
vt 0.47331 0.28507
vt 0.46389 0.29475
vt 0.76606 0.60517
vt 0.27196 0.01925
vt 0.27061 0.01987
vt 0.25455 0.01912
vt 0.99540 0.24498
vt 0.73702 0.59808
vt 0.22879 0.02576
vt 0.23137 0.02472
vt 0.23139 0.02553
vt 0.48022 0.29316
vt 0.46644 0.30156
vt 0.48437 0.29977
vt 0.47196 0.30977
vt 0.73466 0.59067
vt 0.59155 0.13041
vt 0.54801 0.34703
vt 0.54167 0.34170
vt 0.54874 0.34669
vt 0.21411 0.02578
vt 0.91303 0.79884
vt 0.91307 0.77416
vt 0.92747 0.77416
vt 0.75664 0.60439
vt 0.75503 0.60737
vt 0.86952 0.96846
vt 0.86938 0.96697
vt 0.13504 0.57162
vt 0.13527 0.57475
vt 0.04506 0.45139
vt 0.46987 0.30937
vt 0.36781 0.96567
vt 0.07239 0.93190
vt 0.54740 0.97305
vt 0.56185 0.97431
vt 0.54459 0.97545
vt 0.46893 0.33018
vt 0.49212 0.32756
vt 0.91865 0.79845
vt 0.76374 0.16334
vt 0.77174 0.16417
vt 0.37301 0.99719
vt 0.38135 0.99719
vt 0.36815 0.99781
vt 0.46310 0.02083
vt 0.47626 0.01964
vt 0.47287 0.02083
vt 0.66114 0.00115
vt 0.66237 0.00290
vt 0.66113 0.00485
vt 0.14353 0.57507
vt 0.15576 0.94527
vt 0.90449 0.01606
vt 0.91096 0.01354
vt 0.91071 0.01738
vt 0.13110 0.58461
vt 0.01084 0.96659
vt 0.00350 0.94311
vt 0.27904 0.05948
vt 0.28697 0.05752
vt 0.28670 0.05813
vt 0.73983 0.59637
vt 0.77068 0.18577
vt 0.93927 0.70650
vt 0.93888 0.72100
vt 0.93802 0.72084
vt 0.06770 0.92889
vt 0.86656 0.96547
vt 0.49033 0.30537
vt 0.14340 0.60296
vt 0.52286 0.87470
vt 0.51803 0.87897
vt 0.51801 0.87512
vt 0.83996 0.00480
vt 0.84015 0.00798
vt 0.83522 0.01143
vt 0.97041 0.41655
vt 0.96477 0.41930
vt 0.95709 0.41604
vt 0.12995 0.59325
vt 0.30696 0.05841
vt 0.04506 0.45585
vt 0.52249 0.28869
vt 0.86208 0.96404
vt 0.83488 0.00461
vt 0.06274 0.92255
vt 0.54015 0.97528
vt 0.53217 0.87434
vt 0.54409 0.87802
vt 0.93998 0.72850
vt 0.12902 0.60279
vt 0.90004 0.01796
vt 0.51770 0.28840
vt 0.54268 0.87410
vt 0.49882 0.33347
vt 0.48810 0.29580
vt 0.56438 0.34482
vt 0.04799 0.45597
vt 0.14547 0.61296
vt 0.13030 0.60966
vt 0.77184 0.18522
vt 0.14542 0.60449
vt 0.55004 0.87362
vt 0.55798 0.33880
vt 0.53345 0.33104
vt 0.92671 0.79869
vt 0.48090 0.02086
vt 0.96853 0.42055
vt 0.13047 0.62031
vt 0.84139 0.01252
vt 0.55097 0.87791
vt 0.56127 0.87353
vt 0.96844 0.42246
vt 0.55363 0.32906
vt 0.83461 0.01289
vt 0.14624 0.62348
vt 0.12983 0.62988
vt 0.14698 0.62908
vt 0.58149 0.87659
vt 0.55627 0.28370
vt 0.56190 0.33786
vt 0.13468 0.57205
vt 0.13098 0.58024
vt 0.00316 0.96939
vt 0.98190 0.97738
vt 0.72466 0.30574
vt 0.97975 0.96505
vt 0.41867 0.01179
vt 0.71755 0.30569
vt 0.92053 0.90306
vt 0.51942 0.00704
vt 0.51177 0.01178
vt 0.40811 0.01759
vt 0.04543 0.00917
vt 0.04341 0.01674
vt 0.68878 0.99743
vt 0.68265 0.99964
vt 0.31712 0.15175
vt 0.93027 0.91327
vt 0.31334 0.14523
vt 0.41459 0.01873
vt 0.93947 0.87405
vt 0.93430 0.88110
vt 0.41888 0.01730
vt 0.68885 0.99979
vt 0.05237 0.01677
vt 0.92949 0.90447
vt 0.99462 0.19685
vt 0.99462 0.19215
vt 0.99638 0.19656
vt 0.98091 0.96554
vt 0.69218 0.07669
vt 0.67394 0.07779
vt 0.68674 0.06726
vt 0.71825 0.99524
vt 0.72125 0.99621
vt 0.71846 0.99976
vt 0.58053 0.15759
vt 0.56383 0.14767
vt 0.56879 0.14359
vt 0.02933 0.83482
vt 0.02910 0.83591
vt 0.02181 0.83463
vt 0.56767 0.14350
vt 0.51167 0.00622
vt 0.40847 0.01880
vt 0.70038 0.06387
vt 0.67784 0.06837
vt 0.67293 0.07034
vt 0.94093 0.88171
vt 0.93900 0.88324
vt 0.71626 0.30448
vt 0.97892 0.34126
vt 0.97372 0.35028
vt 0.97362 0.33840
vt 0.97988 0.33772
vt 0.29648 0.13917
vt 0.97842 0.34967
vt 0.00448 0.30957
vt 0.00448 0.31343
vt 0.00202 0.31335
vt 0.58458 0.00117
vt 0.58542 0.00348
vt 0.58462 0.00483
vt 0.70718 0.29647
vt 0.01758 0.83538
vt 0.67334 0.06345
vt 0.67212 0.06612
vt 0.67579 0.06321
vt 0.58639 0.16500
vt 0.40383 0.68473
vt 0.40383 0.70224
vt 0.37319 0.68730
vt 0.70783 0.30445
vt 0.97407 0.01816
vt 0.96931 0.01816
vt 0.97480 0.00912
vt 0.01417 0.85699
vt 0.89672 0.61420
vt 0.89810 0.60638
vt 0.89828 0.61439
vt 0.93997 0.88754
vt 0.93308 0.88401
vt 0.18313 0.99507
vt 0.18380 0.99793
vt 0.17821 0.99793
vt 0.97074 0.35557
vt 0.97820 0.35557
vt 0.97070 0.35943
vt 0.99046 0.18929
vt 0.98954 0.18395
vt 0.98995 0.17921
vt 0.30127 0.01996
vt 0.29074 0.01904
vt 0.30825 0.01935
vt 0.94030 0.89067
vt 0.93573 0.89098
vt 0.17873 0.99535
vt 0.17567 0.99606
vt 0.96421 0.01838
vt 0.48096 0.98001
vt 0.47537 0.98099
vt 0.45954 0.98088
vt 0.28605 0.15345
vt 0.02874 0.85734
vt 0.98954 0.18905
vt 0.29301 0.15526
vt 0.96420 0.01177
vt 0.30967 0.16096
vt 0.31293 0.16183
vt 0.98180 0.35720
vt 0.30696 0.16025
vt 0.29996 0.15774
vt 0.88014 0.00329
vt 0.88686 0.00110
vt 0.88087 0.00390
vt 0.91637 0.32664
vt 0.90933 0.32726
vt 0.91635 0.32327
vt 0.94041 0.89595
vt 0.89806 0.58461
vt 0.01616 0.84079
vt 0.17070 0.99786
vt 0.91592 0.32050
vt 0.91542 0.31308
vt 0.40353 0.71231
vt 0.86941 0.64818
vt 0.86888 0.65430
vt 0.86656 0.63721
vt 0.88727 0.63811
vt 0.88781 0.64315
vt 0.88560 0.64170
vt 0.88991 0.64441
vt 0.90913 0.29974
vt 0.72503 0.28511
vt 0.72512 0.29519
vt 0.70616 0.27473
vt 0.37464 0.69730
vt 0.31817 0.73077
vt 0.86532 0.66680
vt 0.55172 0.15788
vt 0.88474 0.64778
vt 0.54461 0.16437
vt 0.88799 0.65145
vt 0.90409 0.98739
vt 0.91291 0.98661
vt 0.92041 0.98704
vt 0.88985 0.65326
vt 0.88459 0.66058
vt 0.88913 0.65665
vt 0.91338 0.82788
vt 0.91262 0.82712
vt 0.91308 0.79962
vt 0.01098 0.10931
vt 0.00002 0.10462
vt 0.86826 0.66708
vt 0.02847 0.86697
vt 0.70574 0.26671
vt 0.72253 0.25464
vt 0.88861 0.67239
vt 0.72523 0.26782
vt 0.86509 0.67482
vt 0.40302 0.72959
vt 0.01425 0.87637
vt 0.86852 0.67679
vt 0.71676 0.25119
vt 0.96781 0.31368
vt 0.97044 0.31932
vt 0.43766 0.09493
vt 0.43764 0.08872
vt 0.44436 0.08872
vt 0.43829 0.11778
vt 0.00131 0.13588
vt 0.95556 0.31924
vt 0.74511 0.32444
vt 0.72622 0.32328
vt 0.72622 0.30175
vt 0.78087 0.30595
vt 0.78073 0.32331
vt 0.17975 0.35573
vt 0.17651 0.36633
vt 0.17077 0.34995
vt 0.17722 0.34923
vt 0.72628 0.29241
vt 0.78065 0.29637
vt 0.78062 0.27940
vt 0.23222 0.61475
vt 0.22236 0.61048
vt 0.22520 0.60338
vt 0.23542 0.64246
vt 0.22825 0.62968
vt 0.22788 0.60431
vt 0.72614 0.27923
vt 0.23079 0.58972
vt 0.03449 0.77356
vt 0.02852 0.79011
vt 0.02801 0.77530
vt 0.02853 0.74865
vt 0.10818 0.37046
vt 0.10923 0.35814
vt 0.10971 0.36990
vt 0.16732 0.34101
vt 0.17488 0.34336
vt 0.51195 0.02517
vt 0.51047 0.02586
vt 0.49405 0.02514
vt 0.03413 0.77988
vt 0.72637 0.26473
vt 0.64834 0.90944
vt 0.58716 0.90944
vt 0.63678 0.90506
vt 0.13421 0.31504
vt 0.17099 0.33310
vt 0.15559 0.30818
vt 0.16468 0.31737
vt 0.16143 0.32509
vt 0.22153 0.61321
vt 0.03400 0.79085
vt 0.21791 0.58623
vt 0.23144 0.57303
vt 0.41709 0.99071
vt 0.41715 0.99005
vt 0.43191 0.99095
vt 0.93662 0.29709
vt 0.94377 0.29402
vt 0.94653 0.29530
vt 0.12612 0.36914
vt 0.99934 0.91578
vt 0.99866 0.91610
vt 0.99904 0.91519
vt 0.94656 0.29323
vt 0.99923 0.92131
vt 0.72613 0.25156
vt 0.22150 0.55603
vt 0.23256 0.55691
vt 0.34558 0.00999
vt 0.34567 0.00901
vt 0.35642 0.00991
vt 0.23550 0.55815
vt 0.51083 0.01936
vt 0.50004 0.01942
vt 0.49958 0.01419
vt 0.13682 0.36850
vt 0.51092 0.01358
vt 0.21000 0.59862
vt 0.47524 0.99839
vt 0.47504 0.99761
vt 0.48796 0.99804
vt 0.84808 0.47809
vt 0.85879 0.47854
vt 0.85820 0.48188
vt 0.83644 0.48324
vt 0.13248 0.08281
vt 0.13230 0.08359
vt 0.12549 0.08677
vt 0.98129 0.22602
vt 0.98129 0.23535
vt 0.98071 0.22265
vt 0.80777 0.99035
vt 0.80757 0.98285
vt 0.81391 0.98115
vt 0.81393 0.99385
vt 0.95338 0.29556
vt 0.04956 0.21176
vt 0.04892 0.20094
vt 0.06261 0.20094
vt 0.06935 0.20070
vt 0.06435 0.21169
vt 0.95927 0.89890
vt 0.95673 0.89021
vt 0.95738 0.88976
vt 0.80776 0.99361
vt 0.88949 0.12847
vt 0.87932 0.12896
vt 0.87932 0.12240
vt 0.95220 0.29777
vt 0.88872 0.10965
vt 0.00210 0.00663
vt 0.00019 0.01298
vt 0.00016 0.00733
vt 0.04128 0.00224
vt 0.03472 0.00243
vt 0.03529 0.00118
vt 0.35738 0.97455
vt 0.35627 0.97628
vt 0.35153 0.97502
vt 0.00234 0.01337
vt 0.11951 0.08249
vt 0.46873 0.11902
vt 0.47799 0.11821
vt 0.46854 0.14468
vt 0.04121 0.00107
vt 0.30540 0.00618
vt 0.29893 0.00732
vt 0.29610 0.00632
vt 0.89285 0.01501
vt 0.89391 0.01728
vt 0.88959 0.01505
vt 0.88219 0.01749
vt 0.00066 0.87879
vt 0.00184 0.87811
vt 0.00087 0.88741
vt 0.34952 0.97600
vt 0.18029 0.32474
vt 0.18155 0.32895
vt 0.72220 0.00929
vt 0.72336 0.00363
vt 0.72325 0.00929
vt 0.88725 0.54906
vt 0.88713 0.55801
vt 0.88570 0.55061
vt 0.85850 0.49097
vt 0.88151 0.10975
vt 0.99374 0.32880
vt 0.99414 0.32770
vt 0.99876 0.32843
vt 0.88209 0.01536
vt 0.86753 0.09857
vt 0.87364 0.09836
vt 0.04805 0.19947
vt 0.06294 0.19200
vt 0.44480 0.01528
vt 0.44545 0.02091
vt 0.44105 0.02091
vt 0.17683 0.31283
vt 0.17834 0.31802
vt 0.88588 0.55454
vt 0.72381 0.00987
vt 0.87428 0.12224
vt 0.87414 0.12169
vt 0.83673 0.49094
vt 0.31783 0.01911
vt 0.30873 0.02502
vt 0.30921 0.01911
vt 0.09872 0.07775
vt 0.09631 0.07527
vt 0.09927 0.07568
vt 0.34107 0.97421
vt 0.07300 0.10378
vt 0.07865 0.10369
vt 0.07900 0.10761
vt 0.43464 0.01508
vt 0.41556 0.83364
vt 0.35476 0.82494
vt 0.40826 0.82323
vt 0.43405 0.02092
vt 0.98937 0.78967
vt 0.98937 0.79983
vt 0.98862 0.78995
vt 0.88095 0.09804
vt 1.00000 0.21754
vt 1.00000 0.22246
vt 0.99950 0.22219
vt 0.16039 0.08657
vt 0.14291 0.08517
vt 0.15593 0.08448
vt 0.03859 0.17763
vt 0.03815 0.19968
vt 0.88608 0.56134
vt 0.34106 0.97444
vt 0.09144 0.07847
vt 0.07886 0.11441
vt 0.07324 0.11053
vt 0.18243 0.31085
vt 0.18319 0.31604
vt 0.95922 0.88010
vt 0.13609 0.97743
vt 0.13636 0.97157
vt 0.14159 0.97157
vt 0.11357 0.08240
vt 0.47894 0.14496
vt 0.85762 0.50684
vt 0.32627 0.02539
vt 0.34517 0.97573
vt 0.07317 0.11488
vt 0.00120 0.89289
vt 0.32331 0.01938
vt 0.08073 0.07550
vt 0.10521 0.08600
vt 0.48301 0.14487
vt 0.83637 0.51633
vt 0.83530 0.51119
vt 0.08534 0.07890
vt 0.15069 0.97177
vt 0.88766 0.56807
vt 0.35059 0.83665
vt 0.35099 0.85254
vt 0.85503 0.12305
vt 0.41579 0.84347
vt 0.33612 0.97519
vt 0.13682 0.08302
vt 0.18960 0.30825
vt 0.41591 0.84753
vt 0.41527 0.86202
vt 0.10594 0.08227
vt 0.49357 0.11804
vt 0.19175 0.31296
vt 0.88650 0.57366
vt 0.13624 0.08518
vt 0.07322 0.12395
vt 0.07884 0.13631
vt 0.07896 0.12674
vt 0.15629 0.97158
vt 0.19531 0.30667
vt 0.07260 0.07925
vt 0.98930 0.29268
vt 0.98417 0.29335
vt 0.85401 0.09930
vt 0.85478 0.09857
vt 0.50772 0.12814
vt 0.49751 0.14452
vt 0.06312 0.18193
vt 0.83487 0.51636
vt 0.07527 0.07495
vt 0.10002 0.08576
vt 0.10004 0.08173
vt 0.36600 0.87717
vt 0.19691 0.31078
vt 0.15691 0.97694
vt 0.82771 0.49628
vt 0.82923 0.51705
vt 0.82821 0.51833
vt 0.41339 0.87214
vt 0.73074 0.00640
vt 0.73168 0.00109
vt 0.73592 0.00574
vt 0.73604 0.00172
vt 0.49904 0.11831
vt 0.73726 0.00641
vt 0.88780 0.58393
vt 0.12969 0.08748
vt 0.85681 0.51993
vt 0.88646 0.58323
vt 0.12811 0.08714
vt 0.82941 0.52929
vt 0.82989 0.51706
vt 0.83102 0.53021
vt 0.46318 0.87939
vt 0.47277 0.90292
vt 0.46318 0.90386
vt 0.05238 0.16615
vt 0.03885 0.16574
vt 0.50761 0.11840
vt 0.06673 0.07425
vt 0.72129 0.92405
vt 0.72142 0.92509
vt 0.71446 0.92763
vt 0.85556 0.53091
vt 0.96090 0.59050
vt 0.95520 0.59100
vt 0.95060 0.59088
vt 0.36428 0.87658
vt 0.47150 0.87918
vt 0.29761 0.99266
vt 0.31289 0.99266
vt 0.29855 0.99384
vt 0.36283 0.00740
vt 0.35367 0.00740
vt 0.35712 0.00710
vt 0.71438 0.92955
vt 0.82888 0.53020
vt 0.71376 0.92812
vt 0.35152 0.86564
vt 0.50846 0.11848
vt 0.06364 0.16607
vt 0.59451 0.88361
vt 0.60461 0.88729
vt 0.58401 0.88423
vt 0.84588 0.58519
vt 0.86134 0.57665
vt 0.86128 0.58790
vt 0.45009 0.90732
vt 0.60365 0.88373
vt 0.84606 0.57605
vt 0.61624 0.88327
vt 0.31167 0.20274
vt 0.32020 0.19237
vt 0.32548 0.19237
vt 0.31178 0.19305
vt 0.86087 0.60144
vt 0.70914 0.92945
vt 0.70547 0.92975
vt 0.50723 0.14226
vt 0.31289 0.21868
vt 0.70548 0.92984
vt 0.50668 0.14432
vt 0.31190 0.21687
vt 0.85999 0.60340
vt 0.84586 0.59779
vt 0.70406 0.93174
vt 0.84566 0.60358
vt 0.25974 0.00921
vt 0.27013 0.00921
vt 0.27076 0.00979
vt 0.32582 0.21864
vt 0.41293 0.89621
vt 0.41273 0.88120
vt 0.63293 0.88324
vt 0.61963 0.88718
vt 0.62203 0.88346
vt 0.40148 0.87718
vt 0.28682 0.00461
vt 0.28626 0.00580
vt 0.28618 0.00120
vt 0.31163 0.21898
vt 0.70025 0.93058
vt 0.84566 0.61448
vt 0.45008 0.88284
vt 0.45266 0.88023
vt 0.34018 0.19212
vt 0.36174 0.20927
vt 0.44908 0.88016
vt 0.70055 0.93195
vt 0.36135 0.19102
vt 0.68568 0.92859
vt 0.66458 0.92659
vt 0.35129 0.87603
vt 0.85850 0.62790
vt 0.84597 0.62795
vt 0.84516 0.62648
vt 0.63781 0.88566
vt 0.35176 0.87674
vt 0.64495 0.88321
vt 0.99728 0.54116
vt 0.99728 0.54284
vt 0.99622 0.54239
vt 0.64615 0.88532
vt 0.36530 0.87716
vt 0.64649 0.88374
vt 0.36545 0.87877
vt 0.36187 0.21761
vt 0.98170 0.28715
vt 0.75935 0.99752
vt 0.75935 0.99752
vt 0.75935 0.99752
vt 0.75935 0.99752
vt 0.75935 0.99752
vt 0.75935 0.99752
vt 0.75935 0.99752
vt 0.75935 0.99752
vt 0.75935 0.99752
vt 0.75935 0.99752
vt 0.75935 0.99752
vt 0.75935 0.99752
vt 0.75935 0.99752
vt 0.75935 0.99752
vt 0.75935 0.99752
vt 0.75935 0.99752
vt 0.75935 0.99752
vt 0.75935 0.99752
vt 0.75935 0.99752
vt 0.75935 0.99752
vt 0.75935 0.99752
vt 0.75935 0.99752
vt 0.75935 0.99752
vt 0.75935 0.99752
vt 0.75935 0.99752
vt 0.75935 0.99752
vt 0.75935 0.99752
vt 0.75935 0.99752
vt 0.75935 0.99752
vt 0.75935 0.99752
vt 0.75935 0.99752
vt 0.75935 0.99752
vt 0.75935 0.99752
vt 0.75935 0.99752
vt 0.75935 0.99752
vt 0.75935 0.99752
vt 0.75935 0.99752
vt 0.75935 0.99752
vt 0.75935 0.99752
vt 0.75935 0.99752
vt 0.75935 0.99752
vt 0.75935 0.99752
vt 0.75935 0.99752
vt 0.75935 0.99752
vt 0.75935 0.99752
vn 0.1259 0.8196 0.5589
vn 0.1259 0.8196 0.5589
vn 0.1259 0.8196 0.5589
vn -0.0327 0.2314 0.9723
vn -0.0327 0.2314 0.9723
vn -0.0327 0.2314 0.9723
vn -0.1662 0.9860 -0.0128
vn 0.1207 0.9923 -0.0273
vn 0.1054 0.9941 -0.0266
vn -0.2754 0.9613 -0.0067
vn 0.3406 0.9362 -0.0864
vn 0.3170 0.9453 -0.0768
vn -0.9240 0.3348 0.1849
vn -0.8995 0.3899 0.1970
vn -0.9590 0.2330 0.1615
vn 0.2463 0.9691 -0.0124
vn 0.2699 0.9629 -0.0043
vn 0.4692 0.8697 -0.1529
vn 0.4786 0.8780 -0.0073
vn 0.5649 0.8248 0.0225
vn 0.5337 0.7156 -0.4507
vn 0.4327 0.8331 -0.3446
vn 0.0472 0.8140 -0.5789
vn 0.0472 0.8140 -0.5789
vn 0.0472 0.8140 -0.5789
vn 0.3115 0.9469 -0.0793
vn 0.1334 0.9896 -0.0544
vn 0.1816 0.9827 -0.0358
vn 0.2215 0.9751 0.0104
vn 0.2016 0.9795 0.0042
vn 0.1365 0.9906 -0.0034
vn -0.0559 0.9983 -0.0136
vn 0.3814 0.9160 -0.1245
vn 0.6968 0.0850 0.7122
vn 0.3707 0.0548 0.9271
vn 0.3587 0.0023 0.9334
vn 0.0774 0.4578 0.8857
vn 0.0662 0.4366 0.8972
vn 0.1243 0.5299 0.8389
vn 0.3915 0.1629 -0.9057
vn 0.3915 0.1629 -0.9057
vn 0.3915 0.1629 -0.9057
vn 0.2361 0.9711 -0.0365
vn 0.9766 -0.2148 -0.0051
vn 0.9710 -0.2383 -0.0192
vn 0.9681 -0.2438 -0.0573
vn 0.0925 0.3408 -0.9356
vn 0.0297 0.1455 -0.9889
vn -0.0048 0.0178 -0.9998
vn 0.9819 -0.1891 0.0119
vn 0.9867 -0.1540 -0.0517
vn 0.9867 -0.1540 -0.0517
vn 0.9867 -0.1540 -0.0517
vn 0.1063 -0.0001 0.9943
vn 0.9858 -0.1660 0.0247
vn 0.9953 0.0516 -0.0815
vn 0.9953 0.0516 -0.0815
vn 0.0158 -0.0028 -0.9999
vn 0.0488 0.0483 -0.9976
vn 0.0611 0.0287 -0.9977
vn 0.0362 0.0526 -0.9980
vn 0.1873 0.9694 0.1585
vn 0.2871 0.9569 0.0433
vn -0.0309 0.5364 -0.8434
vn 0.0432 0.3727 -0.9269
vn -0.0080 0.3419 -0.9397
vn -0.0310 0.5075 -0.8611
vn 0.0797 0.0072 0.9968
vn 0.1378 0.4873 0.8623
vn 0.0538 0.0209 -0.9983
vn 0.2312 0.9728 -0.0123
vn 0.0493 0.0569 -0.9972
vn -0.0196 0.1507 -0.9884
vn -0.0608 0.2059 -0.9767
vn 0.0256 0.0187 -0.9995
vn 0.2264 0.9718 -0.0655
vn 0.2321 0.9713 -0.0512
vn -0.0056 -0.0195 -0.9998
vn 0.0129 0.0301 -0.9995
vn 0.0861 0.0061 -0.9963
vn 0.1536 0.0204 0.9879
vn 0.1536 0.0204 0.9879
vn 0.1536 0.0204 0.9879
vn 0.0720 -0.0025 -0.9974
vn 0.0023 0.0300 -0.9995
vn 0.2493 0.9679 -0.0317
vn 0.1237 0.3256 0.9374
vn -0.0211 0.1030 -0.9945
vn -0.0435 0.0382 -0.9983
vn 0.1347 0.3324 0.9335
vn 0.9753 -0.2192 -0.0266
vn 0.9867 -0.1626 -0.0061
vn 0.9774 -0.2099 -0.0233
vn 0.2391 0.9696 -0.0513
vn 0.0529 0.1192 0.9915
vn 0.2424 0.9701 0.0096
vn 0.3101 0.9469 0.0849
vn 0.9693 -0.2434 -0.0355
vn 0.9790 -0.1654 0.1194
vn 0.9724 -0.2008 0.1190
vn 0.9704 -0.2086 0.1219
vn 0.9704 -0.2078 0.1226
vn 0.3134 0.9451 0.0929
vn 0.0299 0.1181 0.9926
vn 0.2349 0.9708 -0.0489
vn 0.0328 0.0618 -0.9975
vn 0.4954 -0.2070 -0.8436
vn 0.4954 -0.2070 -0.8436
vn 0.4954 -0.2070 -0.8436
vn 0.9882 -0.0980 0.1180
vn 0.2137 0.9747 -0.0656
vn 0.7502 -0.6612 0.0038
vn 0.7502 -0.6612 0.0038
vn 0.7502 -0.6612 0.0038
vn 0.2150 0.9751 -0.0548
vn 0.2052 0.9742 0.0941
vn -0.0161 0.0137 -0.9998
vn 0.0156 -0.0101 -0.9998
vn 0.0495 -0.0356 -0.9981
vn 0.0775 0.2414 0.9673
vn 0.0038 0.0941 0.9956
vn -0.1791 -0.9812 0.0719
vn -0.1754 -0.9826 0.0611
vn -0.1809 -0.9805 0.0771
vn -0.1310 -0.9910 -0.0281
vn -0.1332 -0.9907 -0.0263
vn -0.1396 -0.9900 -0.0215
vn -0.2869 0.0507 -0.9566
vn -0.1605 0.0082 -0.9870
vn 0.2253 0.9743 -0.0040
vn 0.2283 0.9711 -0.0699
vn 0.0972 0.3985 0.9120
vn -0.1718 -0.5782 -0.7976
vn -0.1718 -0.5782 -0.7976
vn -0.1718 -0.5782 -0.7976
vn 0.0750 0.4356 0.8970
vn -0.0120 -0.0398 -0.9991
vn 0.2175 0.9734 0.0725
vn 0.2046 0.9769 0.0615
vn -0.1738 -0.9832 0.0565
vn 0.0110 0.0333 -0.9994
vn -0.0523 0.0409 -0.9978
vn 0.1893 0.9779 -0.0885
vn 0.2169 0.9762 -0.0015
vn 0.2338 0.9696 0.0715
vn 0.2194 0.9752 0.0292
vn 0.0049 -0.0228 -0.9997
vn -0.1220 -0.9919 -0.0349
vn -0.0282 0.0690 0.9972
vn 0.1801 0.9836 -0.0019
vn 0.1750 0.9846 -0.0019
vn 0.1673 0.9859 -0.0020
vn 0.2031 0.9790 -0.0173
vn 0.1728 0.5264 -0.8325
vn 0.1728 0.5264 -0.8325
vn 0.1728 0.5264 -0.8325
vn -0.9724 0.2240 -0.0647
vn -0.9724 0.2240 -0.0647
vn -0.9724 0.2240 -0.0647
vn -0.0166 0.0290 -0.9994
vn 0.1982 -0.1568 0.9675
vn 0.1982 -0.1568 0.9675
vn 0.1982 -0.1568 0.9675
vn 0.2079 0.9246 -0.3192
vn 0.2079 0.9246 -0.3192
vn 0.2079 0.9246 -0.3192
vn 0.9729 -0.2205 -0.0692
vn 0.9779 -0.1992 -0.0644
vn 0.9445 -0.2747 -0.1799
vn 0.1306 0.4418 0.8876
vn 0.1356 0.4601 -0.8774
vn 0.1356 0.4601 -0.8774
vn 0.9715 -0.2361 -0.0191
vn -0.0277 0.0235 -0.9993
vn 0.2209 0.9722 0.0780
vn 0.0201 0.0428 0.9989
vn 0.0470 0.0107 0.9988
vn -0.0026 0.0217 0.9998
vn 0.9758 -0.2132 0.0494
vn -0.2533 -0.1218 -0.9597
vn -0.0236 0.0278 -0.9993
vn -0.0271 0.9996 0.0074
vn -0.1433 0.0053 -0.9897
vn 0.1318 0.4674 0.8741
vn 0.1290 0.9855 -0.1098
vn 0.2600 0.9580 -0.1209
vn -0.0223 0.1141 -0.9932
vn 0.2271 0.9721 -0.0585
vn 0.1751 0.9834 -0.0472
vn 0.1317 0.9910 -0.0257
vn 0.2559 0.9627 -0.0879
vn -0.0682 0.0398 0.9969
vn 0.1831 0.9827 0.0274
vn -0.9643 0.2649 -0.0032
vn -0.9553 0.2952 0.0128
vn -0.9437 0.3301 0.0211
vn -0.8691 0.4945 0.0128
vn -0.0500 0.0120 -0.9987
vn 0.1177 0.4977 0.8594
vn 0.0759 0.6561 -0.7508
vn 0.0759 0.6561 -0.7508
vn 0.0759 0.6561 -0.7508
vn -0.9722 0.2340 -0.0122
vn 0.1278 0.4751 0.8706
vn 0.1604 0.9870 -0.0020
vn 0.1948 0.9796 -0.0488
vn 0.2528 0.9645 -0.0760
vn -0.0528 0.0007 -0.9986
vn -0.0602 0.0111 -0.9981
vn 0.0082 0.1973 -0.9803
vn 0.0268 0.0627 -0.9977
vn 0.0336 0.0130 -0.9994
vn -0.0031 0.2762 -0.9611
vn -0.0433 -0.0171 -0.9989
vn 0.2713 0.9606 -0.0599
vn 0.2841 0.9577 -0.0451
vn -0.1218 0.0227 0.9923
vn -0.1225 0.0227 0.9922
vn 0.4452 0.8953 -0.0157
vn 0.1857 0.9806 -0.0627
vn -0.0390 0.0245 -0.9989
vn -0.1606 0.0102 -0.9870
vn 0.1117 0.5104 0.8527
vn 0.9472 0.3180 0.0404
vn 0.7408 0.6595 0.1275
vn 0.0727 0.0853 0.9937
vn 0.0333 0.0346 0.9988
vn 0.3510 0.9364 0.0003
vn -0.0139 0.0548 0.9984
vn 0.9401 0.2837 -0.1893
vn 0.9362 0.2919 -0.1956
vn 0.9233 0.3179 -0.2156
vn 0.9512 0.2580 -0.1695
vn -0.9715 0.2368 -0.0138
vn -0.9690 0.2467 -0.0105
vn -0.9787 0.2038 -0.0247
vn -0.9808 0.1928 -0.0283
vn -0.7926 0.0836 0.6040
vn -0.7926 0.0836 0.6040
vn -0.7926 0.0836 0.6040
vn 0.2415 0.9701 0.0224
vn 0.2101 0.9777 -0.0004
vn 0.2194 0.9654 -0.1409
vn 0.2089 0.9768 -0.0472
vn 0.2203 0.9750 -0.0306
vn -0.6894 0.6001 -0.4058
vn -0.6847 0.6060 -0.4049
vn -0.5806 0.7185 -0.3828
vn 0.2212 0.9752 -0.0085
vn 0.2247 0.9744 0.0056
vn -0.1273 0.0229 0.9916
vn -0.1076 0.0242 0.9939
vn 0.2327 0.9714 -0.0478
vn -0.5785 0.7206 -0.3823
vn -0.8752 0.2103 -0.4357
vn -0.8728 0.2060 -0.4424
vn -0.7790 0.1843 -0.5994
vn -0.8597 0.1856 0.4759
vn -0.8614 0.1851 0.4731
vn -0.8573 0.1887 0.4790
vn -0.8768 -0.0627 -0.4768
vn -0.8768 -0.0627 -0.4768
vn -0.8768 -0.0627 -0.4768
vn -0.8884 0.1900 0.4179
vn 0.4234 0.9055 -0.0282
vn 0.4234 0.9055 -0.0282
vn 0.4234 0.9055 -0.0282
vn -0.8688 0.1911 -0.4568
vn -0.0304 0.9769 -0.2113
vn -0.8764 0.1722 -0.4497
vn -0.8669 0.1802 0.4648
vn 0.1946 0.9809 -0.0001
vn -0.1937 0.9661 0.1706
vn -0.7969 0.1883 -0.5740
vn -0.8577 0.4783 -0.1889
vn -0.7558 0.5022 -0.4202
vn -0.6901 0.6759 -0.2585
vn -0.8818 0.1814 0.4354
vn -0.6471 0.7624 -0.0082
vn -0.9511 0.1975 -0.2376
vn -0.9634 0.1986 0.1799
vn -0.9594 0.2088 0.1896
vn -0.8696 0.1753 -0.4616
vn -0.8703 0.1768 -0.4597
vn -0.8891 0.1610 -0.4286
vn -0.9592 0.1838 -0.2150
vn -0.9803 0.1975 -0.0073
vn 0.9953 0.0516 -0.0815
vn 0.2151 0.9707 0.1073
vn 0.2309 0.9653 0.1221
vn 0.1356 0.4601 -0.8774
vn -0.1185 0.0232 0.9927
vn 0.3019 0.6251 -0.7198
vn 0.2835 0.6967 -0.6590
vn 0.0231 -0.0037 -0.9997
vn 0.0170 0.0405 -0.9990
vn 0.9752 -0.2210 -0.0103
vn 0.9761 -0.2173 -0.0021
vn 0.2662 0.7514 -0.6038
vn 0.1405 0.1657 -0.9761
vn 0.9743 -0.2253 -0.0004
vn 0.9682 -0.2481 -0.0326
vn 0.9642 -0.2398 -0.1130
vn 0.0374 0.0658 -0.9971
vn 0.0417 0.1342 -0.9901
vn 0.0390 0.1333 -0.9903
vn 0.0224 -0.1270 -0.9917
vn 0.0224 -0.1270 -0.9917
vn 0.0224 -0.1270 -0.9917
vn 0.9683 -0.2280 -0.1017
vn 0.7084 -0.7036 -0.0558
vn 0.7084 -0.7036 -0.0558
vn 0.7084 -0.7036 -0.0558
vn 0.9741 -0.2262 -0.0003
vn 0.9157 -0.0428 -0.3995
vn 0.9694 -0.2454 -0.0086
vn -0.2059 -0.9777 -0.0424
vn -0.2047 -0.9787 -0.0184
vn -0.0600 -0.9981 -0.0139
vn -0.2865 -0.9568 -0.0484
vn 0.0127 0.1026 -0.9946
vn 0.0837 0.1371 -0.9870
vn 0.0256 0.0003 -0.9997
vn 0.0352 0.0393 -0.9986
vn 0.0116 0.1323 -0.9911
vn -0.2090 -0.9779 -0.0085
vn 0.0247 0.0030 -0.9997
vn 0.9604 -0.2611 -0.0971
vn 0.9537 -0.2789 -0.1130
vn 0.9703 -0.2329 -0.0651
vn 0.9715 -0.2312 -0.0518
vn 0.9732 -0.2229 -0.0565
vn 0.2261 0.0001 -0.9741
vn 0.0805 0.0402 -0.9959
vn 0.0287 0.0540 -0.9981
vn 0.5890 -0.8043 -0.0785
vn 0.5890 -0.8043 -0.0785
vn 0.5890 -0.8043 -0.0785
vn -0.1131 -0.9935 -0.0114
vn -0.1131 -0.9935 -0.0114
vn -0.1131 -0.9935 -0.0114
vn 0.0139 0.0580 -0.9982
vn 0.9675 -0.2512 -0.0286
vn 0.9653 -0.2230 0.1360
vn 0.9633 -0.2280 0.1415
vn 0.9627 -0.2282 0.1450
vn 0.9394 -0.2326 0.2518
vn 0.9505 -0.2146 0.2245
vn 0.0955 -0.0281 0.9950
vn 0.1003 -0.0298 0.9945
vn 0.0694 -0.0352 0.9970
vn 0.9696 -0.2392 -0.0521
vn 0.9740 -0.2266 -0.0005
vn 0.1111 -0.0418 0.9929
vn 0.9601 -0.2165 0.1768
vn 0.9338 -0.2465 0.2595
vn 0.0597 -0.0189 0.9980
vn 0.1075 -0.0293 0.9938
vn -0.7590 0.2468 0.6024
vn -0.7590 0.2468 0.6024
vn -0.7590 0.2468 0.6024
vn 0.6855 0.6528 -0.3223
vn 0.5409 0.8010 -0.2566
vn 0.7466 0.5349 -0.3957
vn 0.8664 -0.3467 0.3593
vn 0.2963 0.9363 -0.1885
vn 0.8715 -0.3756 0.3153
vn -0.0100 -0.0087 -0.9999
vn -0.0083 -0.0054 -1.0000
vn -0.0166 -0.0097 -0.9998
vn 0.9698 -0.2440 -0.0001
vn 0.9689 -0.2468 -0.0202
vn 0.9574 -0.2347 -0.1679
vn 0.2393 0.9540 -0.1804
vn -0.1259 0.0986 -0.9871
vn -0.1259 0.0986 -0.9871
vn -0.1259 0.0986 -0.9871
vn 0.0294 -0.0630 -0.9976
vn -0.0040 -0.0993 -0.9951
vn 0.0348 -0.0500 -0.9981
vn 0.0734 -0.1697 0.9827
vn 0.9687 -0.2483 0.0023
vn 0.0365 -0.3169 0.9477
vn 0.1807 -0.1114 0.9772
vn 0.3501 -0.1226 0.9287
vn 0.4085 -0.1656 0.8976
vn 0.2358 0.9556 -0.1768
vn 0.9367 0.3502 0.0074
vn 0.9367 0.3502 0.0074
vn 0.9367 0.3502 0.0074
vn 0.9743 -0.2251 0.0059
vn 0.6707 -0.0618 0.7392
vn 0.7157 0.1226 0.6875
vn 0.6986 -0.1211 0.7052
vn 0.3187 0.9343 0.1599
vn 0.3160 0.9251 0.2105
vn 0.3190 0.9315 0.1746
vn 0.7294 -0.1371 0.6702
vn 0.6939 -0.1413 0.7060
vn 0.4388 -0.1177 0.8908
vn -0.0053 0.0174 -0.9998
vn 0.0061 0.0106 -0.9999
vn -0.0260 -0.0043 0.9997
vn 0.0226 -0.0093 0.9997
vn 0.1167 0.0440 -0.9922
vn 0.1167 0.0440 -0.9922
vn 0.1167 0.0440 -0.9922
vn 0.0569 -0.0089 -0.9983
vn 0.9788 -0.1982 0.0513
vn 0.9786 -0.1964 0.0610
vn 0.9786 -0.1957 0.0632
vn -0.1098 0.0233 0.9937
vn 0.0335 0.0055 0.9994
vn 0.0008 -0.0042 1.0000
vn 0.2554 0.9649 -0.0608
vn 0.2414 0.9678 -0.0715
vn 0.2599 0.9625 -0.0772
vn -0.0052 0.0178 -0.9998
vn 0.4994 -0.1239 0.8575
vn 0.4351 0.0088 0.9003
vn 0.9260 -0.3763 0.0305
vn 0.0455 -0.0009 0.9990
vn -0.0787 -0.2636 0.9614
vn 0.0516 -0.0164 0.9985
vn 0.0577 -0.0262 -0.9980
vn 0.9843 -0.1740 -0.0293
vn 0.9855 -0.1689 -0.0192
vn 0.9833 -0.1788 -0.0332
vn 0.3088 0.9264 0.2155
vn 0.3033 0.9287 0.2132
vn 0.9669 -0.2527 0.0343
vn 0.2252 0.9633 -0.1458
vn 0.9717 -0.2059 -0.1157
vn 0.2092 -0.0177 0.9777
vn 0.8332 -0.5526 0.0189
vn 0.9309 0.3512 0.1000
vn 0.9309 0.3512 0.1000
vn 0.9309 0.3512 0.1000
vn 0.9827 -0.1853 -0.0062
vn 0.9986 -0.0521 0.0005
vn 0.9819 -0.1892 0.0006
vn 0.0970 -0.0330 -0.9947
vn 0.0387 -0.0181 -0.9991
vn 0.9876 -0.1556 -0.0194
vn 0.4697 0.2142 0.8564
vn 0.9699 -0.2087 -0.1250
vn 0.7643 0.6434 0.0425
vn 0.7643 0.6434 0.0425
vn 0.7643 0.6434 0.0425
vn 0.1361 0.1312 0.9820
vn 0.2080 0.4033 0.8911
vn 0.0757 0.0012 0.9971
vn -0.1219 -0.9752 0.1849
vn -0.0952 -0.9699 0.2241
vn -0.1700 -0.9780 0.1208
vn 0.2743 0.9516 -0.1384
vn 0.9930 0.1160 0.0227
vn 0.0649 -0.0495 0.9967
vn 0.2340 0.9538 0.1887
vn 0.1969 0.9421 0.2716
vn 0.2596 0.9549 0.1439
vn 0.0402 0.0260 0.9989
vn 0.0036 0.0313 0.9995
vn 0.0723 -0.0135 0.9973
vn 0.3403 0.9395 0.0384
vn 0.0616 -0.0607 0.9963
vn -0.2212 -0.9647 0.1431
vn -0.0046 -0.0051 -1.0000
vn 0.0445 0.0002 0.9990
vn 0.2390 0.9578 0.1596
vn -0.0107 -0.0051 0.9999
vn 0.1982 0.9736 0.1132
vn 0.2407 0.9687 -0.0613
vn 0.2219 0.9651 -0.1389
vn -0.1926 -0.9797 0.0555
vn -0.1948 -0.9767 -0.0898
vn -0.1981 -0.9727 -0.1211
vn -0.1971 -0.9772 -0.0792
vn 0.1042 0.3686 0.9237
vn -0.0171 0.0115 -0.9998
vn -0.0310 0.0068 -0.9995
vn -0.0278 0.0042 -0.9996
vn -0.1663 0.0345 0.9855
vn -0.0126 0.0006 -0.9999
vn -0.1837 -0.9824 0.0352
vn 0.0357 -0.0027 0.9994
vn 0.2417 0.9509 0.1934
vn 0.0477 0.0083 0.9988
vn 0.2258 0.9704 -0.0853
vn -0.1149 0.0222 0.9931
vn -0.1168 0.0008 0.9932
vn -0.0909 -0.4623 0.8821
vn -0.0141 0.0022 -0.9999
vn 0.0777 0.9859 -0.1483
vn -0.0078 0.0154 -0.9999
vn 0.2433 0.9531 0.1799
vn -0.1799 -0.9831 0.0338
vn 0.0899 0.2711 0.9584
vn -0.2902 0.0568 0.9553
vn -0.1827 -0.9712 -0.1531
vn -0.0392 0.0056 -0.9992
vn 0.0707 -0.0229 -0.9972
vn -0.0576 -0.0127 -0.9983
vn -0.1468 0.0382 0.9884
vn -0.1370 0.0297 0.9901
vn 0.2597 0.9565 0.1325
vn 0.2597 0.9614 0.0910
vn 0.1485 0.4720 0.8690
vn -0.2271 -0.9735 0.0270
vn -0.0394 0.0239 0.9989
vn -0.1515 0.0423 0.9875
vn -0.0135 -0.0149 0.9998
vn -0.2021 -0.9720 -0.1199
vn 0.1867 0.9670 -0.1734
vn 0.2350 0.9678 -0.0907
vn -0.0212 0.0104 -0.9997
vn -0.1119 0.0221 0.9935
vn -0.1699 -0.9853 0.0153
vn 0.0142 0.9893 -0.1450
vn -0.3829 0.0811 0.9202
vn -0.3156 0.0740 0.9460
vn -0.4715 0.0979 0.8764
vn 0.1416 0.9276 0.3457
vn 0.1416 0.9276 0.3457
vn 0.1416 0.9276 0.3457
vn -0.2483 -0.4856 0.8382
vn -0.2483 -0.4856 0.8382
vn -0.2483 -0.4856 0.8382
vn 0.2662 0.9601 0.0859
vn -0.2165 -0.8946 0.3908
vn -0.2147 -0.8941 0.3930
vn -0.2278 -0.9124 0.3400
vn -0.0007 0.0071 -1.0000
vn -0.0015 0.0208 -0.9998
vn 0.0704 0.5342 0.8424
vn 0.0704 0.5342 0.8424
vn 0.0704 0.5342 0.8424
vn -0.8727 0.1827 0.4529
vn -0.8772 0.1569 0.4537
vn -0.8719 0.1865 0.4527
vn -0.2583 -0.9655 0.0345
vn 0.2422 0.9644 0.1059
vn 0.0187 0.0253 0.9995
vn 0.0187 0.0253 0.9995
vn 0.0187 0.0253 0.9995
vn -0.3264 -0.9407 0.0923
vn -0.8847 0.1037 0.4545
vn -0.8753 0.1903 0.4446
vn -0.8932 0.1808 0.4116
vn -0.8633 0.1934 0.4662
vn 0.1474 0.5407 0.8282
vn 0.2021 0.9725 0.1161
vn 0.2049 0.9718 0.1166
vn 0.2072 0.9713 0.1170
vn -0.2138 -0.9049 0.3682
vn 0.0209 0.9642 0.2644
vn -0.8943 0.1812 0.4091
vn -0.8995 0.1758 0.4000
vn -0.0479 0.0138 -0.9988
vn -0.7712 -0.6211 -0.1394
vn -0.8060 -0.5763 -0.1352
vn -0.5097 -0.8494 -0.1371
vn -0.9535 0.2336 -0.1902
vn -0.9640 0.2188 -0.1511
vn -0.9483 0.2102 -0.2378
vn -0.2400 -0.9707 -0.0123
vn -0.6429 0.1444 -0.7523
vn -0.6429 0.1444 -0.7523
vn -0.6429 0.1444 -0.7523
vn 0.1982 0.9733 0.1155
vn -0.2879 -0.9576 -0.0104
vn -0.4043 0.8736 0.2710
vn -0.3184 0.9069 0.2761
vn -0.2918 0.9155 0.2771
vn -0.9499 0.1981 -0.2419
vn -0.9327 0.1820 -0.3114
vn -0.9272 0.1892 -0.3232
vn -0.9747 0.1805 -0.1317
vn -0.2180 -0.9749 0.0449
vn -0.0635 -0.0133 0.9979
vn -0.3831 0.5803 0.7187
vn -0.7504 0.1713 0.6384
vn -0.5344 0.3175 0.7834
vn -0.4160 0.8683 0.2701
vn -0.8257 0.1721 0.5372
vn -0.8352 0.1651 0.5247
vn -0.8280 0.1697 0.5345
vn -0.2354 -0.9718 0.0166
vn -0.2408 -0.9704 0.0166
vn -0.3056 -0.8953 0.3240
vn -0.3313 -0.8908 0.3109
vn -0.9704 -0.0548 -0.2354
vn -0.9443 0.3052 -0.1231
vn 0.2470 0.9373 -0.2460
vn -0.9757 0.1326 -0.1746
vn -0.0180 0.9918 -0.1269
vn -0.0547 0.9587 0.2792
vn 0.0688 0.9943 0.0817
vn 0.1162 0.9886 0.0959
vn -0.1397 0.9900 0.0179
vn -0.9507 0.2026 0.2346
vn -0.9747 0.1933 0.1127
vn -0.8156 0.1779 0.5505
vn -0.0631 -0.0050 -0.9980
vn -0.1155 -0.0258 -0.9930
vn -0.1820 -0.9784 0.0979
vn -0.1820 -0.9784 0.0979
vn -0.1820 -0.9784 0.0979
vn -0.2279 -0.8634 -0.4502
vn -0.2931 -0.6788 -0.6733
vn -0.2367 -0.8453 -0.4789
vn -0.3315 -0.9302 -0.1579
vn -0.3315 -0.9302 -0.1579
vn -0.3315 -0.9302 -0.1579
vn -0.9690 0.2394 -0.0601
vn -0.0372 0.0132 -0.9992
vn 0.0766 0.9959 -0.0490
vn 0.2176 0.9721 -0.0878
vn 0.1909 0.9783 -0.0805
vn -0.9800 0.1903 -0.0578
vn -0.9078 0.1831 0.3774
vn -0.9078 0.1831 0.3774
vn -0.8818 -0.3634 0.3005
vn -0.8819 -0.4599 0.1040
vn -0.8872 -0.4148 0.2021
vn -0.2796 -0.9601 -0.0041
vn -0.0994 -0.0091 -0.9950
vn -0.5352 0.7383 0.4104
vn -0.6524 0.7274 0.2128
vn -0.6214 0.7347 0.2723
vn -0.2799 0.9168 0.2847
vn -0.6067 -0.6479 0.4605
vn -0.9765 0.2014 -0.0771
vn -0.9757 0.2190 -0.0067
vn -0.0948 0.0315 -0.9950
vn -0.0991 0.0280 -0.9947
vn -0.1110 0.0229 -0.9936
vn -0.5305 0.1109 0.8404
vn -0.5323 0.1449 0.8341
vn -0.3664 0.1079 0.9242
vn 0.0142 -0.0052 -0.9999
vn -0.0410 0.0134 -0.9991
vn -0.0650 0.0626 -0.9959
vn -0.9790 0.2027 -0.0199
vn -0.8676 -0.4971 0.0114
vn 0.0109 0.9950 -0.0993
vn -0.9799 0.1988 0.0142
vn -0.6237 -0.6202 0.4758
vn -0.5148 0.0712 0.8544
vn -0.3012 0.9087 0.2890
vn -0.2066 0.9784 -0.0032
vn -0.0677 0.0296 -0.9973
vn -0.0181 0.0161 -0.9997
vn -0.7174 0.6942 0.0577
vn -0.9807 0.1932 -0.0287
vn 0.0439 0.9982 -0.0399
vn -0.9760 0.2149 -0.0336
vn 0.0085 0.0065 -0.9999
vn -0.9818 0.1870 0.0328
vn -0.9796 0.2008 0.0009
vn -0.6315 0.1175 0.7664
vn -0.2514 0.9509 -0.1804
vn -0.9752 0.2213 0.0066
vn -0.9778 0.2094 -0.0034
vn -0.2091 0.0307 -0.9774
vn -0.9727 0.2307 0.0257
vn -0.0623 0.0178 -0.9979
vn -0.8139 0.1807 0.5522
vn -0.9645 0.1992 0.1733
vn -0.8079 0.1810 0.5609
vn -0.2980 -0.6577 -0.6918
vn 0.1640 -0.1131 -0.9800
vn -0.9796 0.2007 0.0043
vn -0.4517 0.1058 0.8859
vn -0.0759 0.0133 -0.9970
vn -0.0644 0.0215 -0.9977
vn 0.0798 -0.1637 -0.9833
vn -0.9533 0.2037 0.2231
vn -0.2078 0.1088 0.9721
vn -0.9856 0.1689 -0.0093
vn -0.9864 0.1641 -0.0047
vn -0.9925 0.1190 -0.0261
vn -0.0625 0.0219 -0.9978
vn -0.9813 0.1921 0.0150
vn -0.8746 0.2471 0.4172
vn -0.9722 -0.0410 -0.2305
vn -0.9784 0.1888 -0.0838
vn -0.9078 0.1831 0.3774
vn 0.0223 0.9995 0.0223
vn 0.1953 0.9807 0.0011
vn -0.0430 0.9988 0.0243
vn -0.1160 -0.0506 -0.9920
vn 0.1266 0.9917 0.0237
vn 0.9635 -0.2499 0.0963
vn 0.0166 0.2236 0.9745
vn 0.0520 0.2600 0.9642
vn -0.2527 0.0606 -0.9656
vn 0.1136 0.9874 0.1105
vn 0.1019 0.9945 0.0236
vn 0.0015 0.4643 -0.8857
vn 0.0273 0.3933 -0.9190
vn 0.2189 0.0222 0.9755
vn 0.9515 -0.3047 0.0419
vn 0.2944 0.0228 0.9554
vn -0.1128 -0.0015 -0.9936
vn 0.1082 0.9941 0.0035
vn 0.1379 0.9904 -0.0081
vn -0.1114 -0.0764 -0.9908
vn -0.0236 0.5302 -0.8475
vn 0.0587 0.9982 -0.0134
vn 0.9684 -0.2111 0.1325
vn -0.7020 0.0572 0.7099
vn -0.7020 0.0572 0.7099
vn -0.7020 0.0572 0.7099
vn -0.2068 0.9784 0.0064
vn 0.9881 -0.1500 -0.0343
vn 0.9898 -0.1424 -0.0076
vn 0.9888 -0.1454 -0.0338
vn -0.6344 -0.1785 -0.7521
vn -0.6344 -0.1785 -0.7521
vn -0.6344 -0.1785 -0.7521
vn 0.1632 0.9865 -0.0131
vn 0.2001 0.9797 0.0104
vn 0.2558 0.9603 0.1112
vn 0.6883 -0.0719 0.7218
vn 0.3767 -0.0309 0.9258
vn 0.4276 -0.0672 0.9015
vn 0.2515 0.9202 0.3000
vn 0.0961 0.3045 0.9476
vn -0.4811 0.1601 -0.8619
vn 0.9865 -0.1565 -0.0484
vn 0.9812 -0.1866 0.0482
vn 0.9693 -0.2381 0.0616
vn 0.1097 0.9916 -0.0690
vn 0.1048 0.9930 0.0536
vn 0.0902 0.9959 0.0055
vn -0.9670 0.2362 -0.0955
vn -0.9700 0.2426 0.0167
vn -0.9631 0.2523 -0.0934
vn -0.9571 0.1729 -0.2325
vn 0.1699 0.0332 0.9849
vn -0.9766 0.2123 0.0343
vn -0.9091 0.1343 -0.3943
vn -0.9091 0.1343 -0.3943
vn -0.9091 0.1343 -0.3943
vn -0.7042 0.6264 -0.3341
vn -0.7042 0.6264 -0.3341
vn -0.7042 0.6264 -0.3341
vn 0.1478 0.9887 -0.0255
vn 0.0616 0.0175 0.9979
vn 0.9430 -0.2251 0.2452
vn 0.9274 -0.3457 0.1429
vn 0.9105 -0.0672 0.4079
vn 0.1635 0.9865 -0.0116
vn 0.0312 0.0060 0.9995
vn 0.0285 0.0052 0.9996
vn 0.0242 0.0028 0.9997
vn 0.1564 0.9864 -0.0499
vn -0.1948 -0.9752 -0.1051
vn -0.2443 -0.9595 -0.1400
vn -0.2081 -0.9736 -0.0940
vn 0.0015 0.0460 0.9989
vn 0.1428 0.7267 -0.6719
vn 0.1088 0.6427 -0.7583
vn 0.1458 0.7338 -0.6635
vn 0.1607 0.9845 -0.0702
vn 0.1767 0.9793 -0.0985
vn 0.0436 -0.5610 0.8267
vn 0.0687 -0.5217 0.8503
vn -0.0066 -0.6313 0.7755
vn 0.1159 0.0213 -0.9930
vn -0.0258 0.3795 -0.9248
vn 0.0825 0.1104 -0.9905
vn -0.1280 -0.4516 0.8830
vn -0.1461 -0.4875 0.8608
vn -0.1473 -0.4898 0.8593
vn 0.1463 0.7003 0.6987
vn 0.1463 0.7003 0.6987
vn 0.1463 0.7003 0.6987
vn 0.2085 0.9763 -0.0581
vn 0.1721 0.9844 -0.0357
vn -0.0400 -0.7296 0.6827
vn -0.0176 -0.6593 0.7517
vn -0.2202 -0.9710 -0.0929
vn 0.1218 0.6520 0.7484
vn 0.1218 0.6520 0.7484
vn 0.1218 0.6520 0.7484
vn 0.1694 0.0214 0.9853
vn -0.0071 0.0454 0.9989
vn -0.1259 -0.4476 0.8853
vn 0.2125 -0.0093 0.9771
vn -0.1818 -0.9824 -0.0423
vn 0.1698 0.0312 0.9850
vn 0.1811 -0.0722 0.9808
vn -0.0554 0.4482 -0.8922
vn 0.1800 0.0367 0.9830
vn 0.1873 0.0128 0.9822
vn -0.9982 0.0143 -0.0582
vn -0.9982 0.0143 -0.0582
vn -0.9982 0.0143 -0.0582
vn 0.9480 -0.3075 0.0819
vn 0.9640 -0.2608 0.0512
vn 0.9546 -0.2892 0.0713
vn 0.2681 0.9619 -0.0536
vn 0.1063 0.6362 -0.7641
vn 0.0415 0.4738 0.8797
vn -0.0143 -0.6596 0.7515
vn 0.9721 -0.2338 0.0186
vn 0.9709 -0.2352 0.0457
vn 0.0278 -0.0019 0.9996
vn -0.0007 -0.0668 -0.9978
vn 0.0018 0.0957 -0.9954
vn 0.0005 0.0366 -0.9993
vn 0.4538 0.8581 -0.2403
vn 0.3572 0.8933 -0.2730
vn 0.3504 0.9355 -0.0461
vn 0.2714 0.8481 -0.4550
vn 0.9694 -0.2392 0.0551
vn 0.1615 0.9869 0.0040
vn 0.1336 0.9909 0.0142
vn 0.1732 0.9846 -0.0251
vn 0.0179 -0.0003 0.9998
vn 0.0243 -0.0031 0.9997
vn 0.0228 0.1205 -0.9924
vn 0.1779 0.9840 -0.0019
vn 0.2113 0.9773 -0.0169
vn 0.1848 0.9828 0.0034
vn 0.1676 0.9269 -0.3357
vn -0.0104 -0.1071 0.9942
vn -0.0104 -0.1071 0.9942
vn -0.0104 -0.1071 0.9942
vn 0.1031 0.7501 -0.6532
vn 0.1645 0.9821 -0.0922
vn 0.0998 0.7529 -0.6505
vn -0.9385 0.2333 -0.2547
vn -0.9385 0.2333 -0.2547
vn -0.9385 0.2333 -0.2547
vn 0.0439 -0.0460 0.9980
vn 0.0439 -0.0460 0.9980
vn 0.0315 0.1329 -0.9906
vn -0.0020 0.0500 0.9987
vn 0.1820 0.9824 -0.0412
vn 0.1990 0.9800 -0.0005
vn 0.1610 0.9816 -0.1027
vn 0.1460 0.8700 0.4710
vn 0.0811 0.1902 -0.9784
vn 0.0351 -0.0076 0.9994
vn 0.0057 0.0533 0.9986
vn 0.0901 0.2052 -0.9746
vn 0.2119 0.9771 -0.0210
vn -0.1338 0.0901 0.9869
vn -0.1338 0.0901 0.9869
vn -0.8412 0.2037 0.5008
vn -0.8041 0.2495 0.5397
vn -0.8274 0.2214 0.5161
vn -0.8536 0.1869 0.4862
vn 0.0439 -0.0460 0.9980
vn -0.1338 0.0901 0.9869
vn 0.9763 -0.2154 -0.0218
vn 0.9768 -0.2108 -0.0373
vn 0.9756 -0.2153 -0.0430
vn 0.9748 -0.2228 -0.0045
vn 0.9698 -0.2437 0.0063
vn -0.0223 0.0145 -0.9996
vn -0.0077 0.0209 -0.9998
vn -0.0517 0.0036 -0.9987
vn -0.0438 0.0037 -0.9990
vn 0.9753 -0.2192 -0.0258
vn 0.9748 -0.2229 -0.0013
vn 0.9748 -0.2229 -0.0128
vn 0.7010 -0.1761 0.6910
vn 0.6864 -0.1263 0.7161
vn 0.6362 -0.1770 0.7510
vn 0.7314 -0.1360 0.6682
vn 0.7212 -0.1518 0.6759
vn 0.6030 -0.1460 0.7843
vn 0.9697 -0.2435 -0.0191
vn 0.5664 -0.1567 0.8091
vn 0.9773 -0.1924 -0.0888
vn 0.9778 -0.2084 -0.0197
vn 0.9778 -0.1860 -0.0970
vn 0.9751 -0.2016 -0.0926
vn 0.8258 -0.5632 -0.0295
vn 0.9672 -0.2522 -0.0304
vn 0.9089 -0.4160 -0.0275
vn 0.0103 0.0050 -0.9999
vn 0.0519 0.0284 -0.9982
vn 0.6540 -0.1455 0.7423
vn 0.6540 -0.1455 0.7423
vn 0.6540 -0.1455 0.7423
vn 0.9788 -0.2032 -0.0241
vn 0.9733 -0.2292 -0.0120
vn -0.9881 0.1519 -0.0248
vn -0.9881 0.1519 -0.0248
vn -0.9881 0.1519 -0.0248
vn 0.9739 -0.2259 -0.0238
vn 0.0059 -0.0040 -1.0000
vn 0.0118 -0.0335 -0.9994
vn -0.0052 -0.0127 -0.9999
vn -0.0120 0.0023 -0.9999
vn 0.6892 -0.1466 0.7096
vn 0.9755 -0.2198 0.0070
vn 0.5773 -0.1578 0.8012
vn 0.5897 -0.1424 0.7950
vn 0.7893 -0.1601 -0.5927
vn 0.7893 -0.1601 -0.5927
vn 0.7893 -0.1601 -0.5927
vn 0.0875 -0.9713 0.2214
vn 0.0874 -0.9717 0.2192
vn -0.0475 -0.9573 0.2853
vn 0.9744 -0.2238 -0.0223
vn 0.5653 -0.7650 -0.3086
vn 0.6223 -0.7606 -0.1849
vn 0.4702 -0.7480 -0.4683
vn -0.0420 -0.9607 0.2743
vn 0.6641 -0.7444 -0.0698
vn 0.9774 -0.2112 -0.0068
vn 0.5977 -0.1309 0.7910
vn 0.5916 -0.1227 0.7969
vn -0.1506 -0.7856 -0.6001
vn -0.1506 -0.7856 -0.6001
vn -0.1506 -0.7856 -0.6001
vn 0.5876 -0.1205 0.8001
vn -0.2062 -0.9785 -0.0099
vn -0.1983 -0.9798 -0.0263
vn -0.2018 -0.9792 -0.0192
vn 0.9727 -0.2307 -0.0237
vn -0.2091 -0.9779 -0.0037
vn 0.5867 -0.1773 0.7902
vn 0.8884 0.1608 -0.4300
vn 0.8884 0.1608 -0.4300
vn 0.8884 0.1608 -0.4300
vn 0.2224 -0.0459 -0.9739
vn 0.2916 -0.0489 -0.9553
vn 0.3527 0.0842 -0.9319
vn 0.3835 -0.0615 -0.9215
vn 0.3099 0.8646 -0.3955
vn 0.3628 0.7819 -0.5069
vn 0.2271 0.9527 -0.2020
vn -0.5882 -0.2112 -0.7807
vn -0.5882 -0.2112 -0.7807
vn -0.5882 -0.2112 -0.7807
vn 0.0370 -0.0511 0.9980
vn 0.1222 -0.0320 0.9920
vn 0.0773 -0.0505 0.9957
vn 0.0178 -0.0599 0.9980
vn -0.1510 -0.9142 0.3760
vn -0.0494 -0.0021 -0.9988
vn 0.0834 -0.0375 -0.9958
vn -0.0399 0.0032 -0.9992
vn -0.0348 -0.0030 -0.9994
vn -0.0345 0.0033 -0.9994
vn 0.1427 -0.8459 0.5140
vn 0.0698 -0.7848 0.6158
vn -0.0412 -0.6659 0.7449
vn 0.0085 -0.0310 0.9995
vn 0.0193 -0.0295 0.9994
vn 0.0244 -0.0440 0.9987
vn 0.0521 -0.0019 0.9986
vn -0.1453 -0.9104 0.3875
vn 0.0564 -0.0022 0.9984
vn -0.8058 0.1823 -0.5634
vn -0.7450 0.1322 -0.6538
vn -0.8297 0.2042 -0.5195
vn -0.8758 0.1418 0.4613
vn -0.8333 0.1476 0.5327
vn -0.8383 0.1470 0.5250
vn -0.1677 -0.9009 -0.4004
vn -0.1710 -0.9226 -0.3457
vn -0.2013 -0.8567 -0.4749
vn -0.7250 0.1170 -0.6787
vn 0.2318 0.9553 -0.1834
vn 0.0430 -0.0065 0.9991
vn 0.0048 -0.0073 1.0000
vn -0.0044 -0.0115 0.9999
vn -0.8818 0.1408 0.4502
vn -0.1296 -0.4984 0.8572
vn -0.1296 -0.4984 0.8572
vn -0.1296 -0.4984 0.8572
vn 0.9756 -0.1997 0.0917
vn 0.9668 -0.2201 0.1296
vn 0.9559 -0.2370 0.1734
vn 0.9425 -0.2241 0.2480
vn -0.2375 -0.8320 0.5014
vn -0.2368 -0.8450 0.4795
vn -0.2074 -0.9716 0.1141
vn -0.2355 -0.9439 -0.2315
vn -0.0307 0.0050 -0.9995
vn -0.0335 0.0073 -0.9994
vn 0.4225 -0.9052 -0.0451
vn 0.4329 -0.9012 0.0184
vn 0.3969 -0.9020 -0.1698
vn 0.2149 0.9447 -0.2479
vn 0.2488 0.9490 -0.1938
vn 0.2126 0.9511 -0.2241
vn 0.1746 -0.0399 -0.9838
vn 0.0591 -0.0056 0.9982
vn 0.1601 0.9832 0.0881
vn 0.1601 0.9832 0.0881
vn 0.1601 0.9832 0.0881
vn 0.9395 -0.2188 0.2637
vn 0.0240 -0.0191 0.9995
vn 0.0423 -0.0298 0.9987
vn 0.0178 -0.0080 -0.9998
vn -0.0303 0.0140 -0.9994
vn 0.9628 -0.2581 -0.0803
vn 0.9520 -0.2888 -0.1017
vn 0.9617 -0.2674 -0.0605
vn -0.0169 0.0067 -0.9998
vn -0.0219 0.0107 -0.9997
vn 0.1746 0.9781 0.1133
vn 0.3639 -0.8836 -0.2947
vn 0.1065 0.4195 0.9015
vn 0.0645 0.1101 0.9918
vn 0.1965 -0.0347 -0.9799
vn 0.0098 0.0149 0.9998
vn -0.0174 -0.0083 0.9998
vn -0.0427 -0.0312 0.9986
vn -0.1162 -0.9832 0.1411
vn -0.1815 -0.9649 0.1900
vn -0.0271 -0.9981 0.0546
vn -0.1719 -0.6798 -0.7129
vn -0.0030 0.0076 -1.0000
vn -0.0020 0.0065 -1.0000
vn -0.0075 0.0068 -0.9999
vn 0.9622 -0.2711 -0.0262
vn -0.2323 -0.9726 -0.0036
vn -0.2428 -0.9700 0.0139
vn -0.1883 -0.9821 0.0033
vn 0.9548 -0.2973 0.0037
vn 0.5795 -0.1242 -0.8054
vn 0.5795 -0.1242 -0.8054
vn 0.5795 -0.1242 -0.8054
vn 0.0585 -0.0467 0.9972
vn -0.2972 -0.3259 -0.8975
vn -0.2972 -0.3259 -0.8975
vn -0.2972 -0.3259 -0.8975
vn 0.2036 0.8066 0.5549
vn 0.2631 0.8949 0.3604
vn 0.2065 0.8126 0.5451
vn -0.0392 0.0140 -0.9991
vn -0.0203 -0.0199 -0.9996
vn 0.2106 0.9251 -0.3161
vn -0.2379 -0.9530 -0.1874
vn -0.2395 -0.9520 0.1907
vn -0.0141 -0.0054 -0.9999
vn -0.0066 0.0009 -1.0000
vn -0.0115 0.0217 -0.9997
vn -0.0176 0.0302 -0.9994
vn -0.1297 -0.5487 0.8259
vn -0.2077 -0.9738 -0.0929
vn -0.1980 -0.9751 -0.0995
vn -0.2261 -0.9660 -0.1251
vn 0.2542 0.9605 -0.1133
vn 0.0004 -0.0177 0.9998
vn -0.0253 -0.0111 -0.9996
vn 0.0223 0.0243 0.9995
vn -0.2619 -0.9599 -0.1004
vn -0.0118 -0.0181 -0.9998
vn -0.2053 -0.9739 0.0969
vn 0.0236 0.0210 0.9995
vn -0.2077 -0.9737 0.0940
vn 0.2588 0.9638 -0.0638
vn -0.0175 -0.0145 0.9997
vn -0.0096 0.0482 -0.9988
vn 0.0515 0.2981 -0.9531
vn -0.2195 -0.9700 0.1044
vn -0.1891 -0.9818 -0.0177
vn 0.2096 0.8810 -0.4242
vn -0.2502 -0.9630 0.1000
vn -0.2462 -0.9689 0.0230
vn 0.0228 -0.0094 0.9997
vn -0.2565 -0.9665 -0.0079
vn -0.2366 -0.9531 -0.1889
vn 0.1359 0.8151 0.5631
vn -0.0372 0.0331 -0.9988
vn -0.2593 -0.9658 -0.0089
vn -0.2694 -0.9629 -0.0154
vn 0.2569 0.9644 -0.0633
vn -0.0751 0.0044 0.9972
vn -0.0392 0.0308 -0.9988
vn 0.1741 0.8342 -0.5233
vn -0.0028 0.8060 0.5919
vn -0.0294 -0.1405 -0.9896
vn -0.0303 -0.0256 -0.9992
vn -0.0291 0.0378 -0.9989
vn -0.1910 -0.9812 -0.0290
vn -0.0674 0.0301 -0.9973
vn -0.2202 -0.9730 0.0691
vn -0.0055 0.0076 1.0000
vn -0.0055 0.0076 1.0000
vn -0.0124 -0.1293 0.9915
vn -0.0810 -0.3896 0.9174
vn -0.1345 0.0180 0.9908
vn -0.0927 0.0053 0.9957
vn -0.0242 0.0102 -0.9997
vn 0.0514 0.3147 -0.9478
vn -0.2119 -0.9744 0.0751
vn 0.2897 0.9530 -0.0890
vn 0.2992 0.9483 -0.1064
vn -0.4305 -0.8940 -0.1244
vn -0.0632 0.0217 -0.9978
vn -0.1926 -0.9807 -0.0339
vn -0.1872 -0.7909 -0.5826
vn -0.1911 -0.7926 -0.5791
vn -0.2007 -0.7948 -0.5728
vn -0.2497 -0.9683 0.0025
vn 0.9843 -0.0947 -0.1492
vn 0.9859 -0.1442 -0.0847
vn 0.9803 -0.1234 -0.1544
vn 0.9776 -0.2103 -0.0053
vn -0.1238 0.0109 0.9922
vn 0.9734 -0.1077 -0.2023
vn 0.1563 0.6983 -0.6986
vn -0.2734 0.7127 0.6460
vn -0.0317 -0.0189 -0.9993
vn 0.1539 0.6791 -0.7178
vn -0.2814 0.7051 0.6509
vn -0.0838 -0.4950 -0.8648
vn -0.0673 -0.1303 -0.9892
vn -0.0214 -0.1796 -0.9835
vn -0.7538 0.1699 0.6347
vn -0.5798 0.1329 0.8038
vn -0.7798 0.1667 0.6034
vn -0.0382 0.0100 -0.9992
vn -0.0473 0.0144 -0.9988
vn -0.3152 0.0515 0.9476
vn -0.2339 -0.9704 0.0603
vn -0.5849 -0.6313 0.5093
vn -0.5752 -0.6476 0.4997
vn -0.4736 -0.7570 0.4501
vn -0.0197 -0.0269 -0.9994
vn 0.0479 -0.4531 -0.8901
vn 0.0479 -0.4531 -0.8901
vn 0.0479 -0.4531 -0.8901
vn -0.3846 -0.9033 -0.1903
vn -0.5890 0.1400 0.7959
vn -0.6146 0.7887 0.0142
vn -0.6146 0.7887 0.0142
vn -0.6146 0.7887 0.0142
vn -0.2852 -0.7982 0.5306
vn -0.2852 -0.7982 0.5306
vn -0.2852 -0.7982 0.5306
vn -0.5931 -0.7392 0.3189
vn -0.0012 -0.5247 -0.8513
vn -0.5959 -0.7176 0.3606
vn -0.2662 -0.9639 0.0113
vn -0.5158 0.1053 0.8502
vn -0.0458 0.0283 -0.9985
vn -0.0124 0.0018 -0.9999
vn -0.0346 0.0192 -0.9992
vn -0.0111 0.0009 -0.9999
vn -0.9750 0.2217 0.0129
vn -0.9771 0.2128 0.0085
vn -0.9770 0.2132 -0.0058
vn -0.9537 0.2041 0.2210
vn -0.0233 0.0172 -0.9996
vn -0.9679 0.2494 0.0306
vn -0.1241 0.0213 -0.9920
vn -0.8864 0.1817 0.4258
vn -0.9028 0.1520 0.4024
vn -0.9585 0.1799 0.2213
vn -0.8938 0.1642 0.4174
vn -0.9763 0.2161 0.0111
vn -0.6419 -0.7390 0.2045
vn -0.8546 -0.4205 0.3049
vn -0.1221 0.0110 0.9925
vn -0.8187 0.1021 0.5651
vn -0.6594 -0.7258 0.1959
vn -0.1332 -0.0111 0.9910
vn -0.8045 0.1366 0.5780
vn -0.9744 0.2245 0.0077
vn -0.9736 0.2278 0.0118
vn -0.6778 -0.7001 0.2246
vn -0.9700 0.2431 -0.0031
vn 0.2587 0.8231 -0.5055
vn 0.2587 0.8231 -0.5055
vn 0.2587 0.8231 -0.5055
vn -0.9604 0.1823 0.2107
vn -0.9737 0.2277 0.0031
vn -0.9757 0.2189 0.0098
vn -0.1941 0.0424 -0.9801
vn -0.1355 0.0308 -0.9903
vn -0.1212 0.0424 -0.9917
vn -0.2367 -0.9715 0.0158
vn -0.2896 -0.9394 -0.1834
vn -0.2896 -0.9394 -0.1834
vn -0.2896 -0.9394 -0.1834
vn -0.6592 -0.0230 0.7517
vn -0.7657 -0.6334 0.1118
vn -0.9743 0.2253 -0.0008
vn -0.9515 0.1870 0.2443
vn -0.8972 0.1795 0.4034
vn -0.9835 0.1769 0.0371
vn -0.9828 0.1807 0.0383
vn -0.9756 0.1668 0.1429
vn -0.7608 -0.6330 0.1433
vn -0.9864 0.1544 0.0554
vn -0.8362 -0.5483 0.0122
vn -0.8372 -0.5468 0.0121
vn -0.4338 -0.9009 -0.0122
vn -0.9739 0.2270 -0.0000
vn -0.9773 0.2119 -0.0006
vn -0.9747 0.2234 -0.0015
vn -0.1801 0.0286 -0.9832
vn -0.6625 -0.7486 -0.0246
vn -0.1202 0.0058 -0.9927
vn -0.7845 0.4348 -0.4421
vn -0.7845 0.4348 -0.4421
vn -0.7845 0.4348 -0.4421
vn -0.1091 -0.0069 -0.9940
vn -0.6234 -0.6862 -0.3748
vn -0.0927 -0.0628 -0.9937
vn -0.5433 -0.8332 -0.1024
vn -0.9804 0.1945 0.0323
vn -0.0055 0.0076 1.0000
vn 0.0000 1.0000 0.0000
vn 0.0000 1.0000 0.0000
vn 0.0000 1.0000 0.0000
vn 0.0000 1.0000 0.0000
vn 0.0000 1.0000 0.0000
vn 0.0000 1.0000 0.0000
vn 0.0000 1.0000 0.0000
vn 0.0000 1.0000 0.0000
vn 0.0000 1.0000 0.0000
vn 0.0000 1.0000 0.0000
vn 0.0000 1.0000 0.0000
vn 0.0000 1.0000 0.0000
vn 0.0000 1.0000 0.0000
vn 0.0000 1.0000 0.0000
vn 0.0000 1.0000 0.0000
vn 0.0000 1.0000 0.0000
vn 0.0000 1.0000 0.0000
vn 0.0000 1.0000 0.0000
vn 0.0000 1.0000 0.0000
vn 0.0000 1.0000 0.0000
vn 0.0000 1.0000 0.0000
vn 0.0000 1.0000 0.0000
vn 0.0000 1.0000 0.0000
vn 0.0000 1.0000 0.0000
vn 0.0000 1.0000 0.0000
vn 0.0000 1.0000 0.0000
vn 0.0000 1.0000 0.0000
vn 0.0000 1.0000 0.0000
vn 0.0000 1.0000 0.0000
vn 0.0000 1.0000 0.0000
vn 0.0000 1.0000 0.0000
vn 0.0000 1.0000 0.0000
vn 0.0000 1.0000 0.0000
vn 0.0000 1.0000 0.0000
vn 0.0000 1.0000 0.0000
vn 0.0000 1.0000 0.0000
vn 0.0000 1.0000 0.0000
vn 0.0000 1.0000 0.0000
vn 0.0000 1.0000 0.0000
vn 0.0000 1.0000 0.0000
vn 0.0000 1.0000 0.0000
vn 0.0000 1.0000 0.0000
vn 0.0000 1.0000 0.0000
vn 0.0000 1.0000 0.0000
vn 0.0000 1.0000 0.0000
f 705/705/705 692/692/692 708/708/708
f 14/14/14 13/13/13 15/15/15
f 12/12/12 16/16/16 17/17/17
f 18/18/18 19/19/19 20/20/20
f 21/21/21 22/22/22 18/18/18
f 23/23/23 24/24/24 25/25/25
f 26/26/26 11/11/11 12/12/12
f 299/299/299 293/293/293 294/294/294
f 295/295/295 300/300/300 296/296/296
f 701/701/701 700/700/700 709/709/709
f 711/711/711 703/703/703 694/694/694
f 27/27/27 28/28/28 29/29/29
f 30/30/30 31/31/31 32/32/32
f 33/33/33 18/18/18 22/22/22
f 34/34/34 35/35/35 36/36/36
f 19/19/19 18/18/18 33/33/33
f 37/37/37 38/38/38 39/39/39
f 40/40/40 41/41/41 42/42/42
f 712/712/712 713/713/713 714/714/714
f 715/715/715 689/689/689 691/691/691
f 301/301/301 298/298/298 297/297/297
f 716/716/716 717/717/717 718/718/718
f 719/719/719 720/720/720 721/721/721
f 16/16/16 43/43/43 17/17/17
f 698/698/698 710/710/710 699/699/699
f 722/722/722 723/723/723 724/724/724
f 44/44/44 45/45/45 46/46/46
f 725/725/725 726/726/726 727/727/727
f 724/724/724 723/723/723 728/728/728
f 47/47/47 48/48/48 49/49/49
f 695/695/695 696/696/696 729/729/729
f 50/50/50 45/45/45 44/44/44
f 51/51/51 52/52/52 53/53/53
f 36/36/36 35/35/35 54/54/54
f 343/343/343 302/302/302 303/303/303
f 730/730/730 697/697/697 705/705/705
f 718/718/718 731/731/731 716/716/716
f 732/732/732 718/718/718 717/717/717
f 304/304/304 305/305/305 306/306/306
f 307/307/307 308/308/308 309/309/309
f 44/44/44 55/55/55 50/50/50
f 732/732/732 717/717/717 733/733/733
f 706/706/706 734/734/734 735/735/735
f 690/690/690 693/693/693 736/736/736
f 737/737/737 738/738/738 739/739/739
f 739/739/739 740/740/740 737/737/737
f 704/704/704 702/702/702 741/741/741
f 737/737/737 742/742/742 738/738/738
f 743/743/743 744/744/744 745/745/745
f 56/56/56 288/288/288 57/57/57
f 310/310/310 343/343/343 303/303/303
f 746/746/746 747/747/747 748/748/748
f 58/58/58 49/49/49 48/48/48
f 59/59/59 60/60/60 61/61/61
f 690/690/690 736/736/736 749/749/749
f 727/727/727 726/726/726 750/750/750
f 733/733/733 751/751/751 732/732/732
f 733/733/733 752/752/752 751/751/751
f 311/311/311 312/312/312 313/313/313
f 344/344/344 345/345/345 346/346/346
f 314/314/314 298/298/298 301/301/301
f 732/732/732 751/751/751 753/753/753
f 315/315/315 310/310/310 303/303/303
f 316/316/316 343/343/343 310/310/310
f 62/62/62 26/26/26 63/63/63
f 12/12/12 63/63/63 26/26/26
f 64/64/64 65/65/65 66/66/66
f 64/64/64 67/67/67 65/65/65
f 754/754/754 723/723/723 722/722/722
f 54/54/54 35/35/35 68/68/68
f 707/707/707 706/706/706 735/735/735
f 755/755/755 756/756/756 757/757/757
f 749/749/749 736/736/736 758/758/758
f 759/759/759 760/760/760 761/761/761
f 317/317/317 318/318/318 319/319/319
f 37/37/37 39/39/39 69/69/69
f 762/762/762 750/750/750 726/726/726
f 317/317/317 320/320/320 318/318/318
f 321/321/321 322/322/322 306/306/306
f 763/763/763 764/764/764 765/765/765
f 59/59/59 61/61/61 70/70/70
f 31/31/31 30/30/30 71/71/71
f 72/72/72 73/73/73 74/74/74
f 347/347/347 344/344/344 346/346/346
f 707/707/707 735/735/735 766/766/766
f 766/766/766 767/767/767 707/707/707
f 768/768/768 769/769/769 770/770/770
f 323/323/323 324/324/324 304/304/304
f 58/58/58 75/75/75 49/49/49
f 771/771/771 772/772/772 773/773/773
f 325/325/325 321/321/321 306/306/306
f 774/774/774 775/775/775 776/776/776
f 28/28/28 76/76/76 77/77/77
f 777/777/777 778/778/778 779/779/779
f 78/78/78 66/66/66 79/79/79
f 348/348/348 344/344/344 347/347/347
f 767/767/767 780/780/780 781/781/781
f 28/28/28 77/77/77 29/29/29
f 782/782/782 768/768/768 783/783/783
f 761/761/761 760/760/760 784/784/784
f 767/767/767 766/766/766 780/780/780
f 73/73/73 72/72/72 80/80/80
f 785/785/785 786/786/786 787/787/787
f 349/349/349 350/350/350 351/351/351
f 81/81/81 82/82/82 83/83/83
f 352/352/352 353/353/353 344/344/344
f 770/770/770 783/783/783 768/768/768
f 741/741/741 702/702/702 788/788/788
f 762/762/762 726/726/726 789/789/789
f 775/775/775 774/774/774 790/790/790
f 702/702/702 791/791/791 788/788/788
f 84/84/84 70/70/70 85/85/85
f 761/761/761 784/784/784 792/792/792
f 320/320/320 326/326/326 318/318/318
f 793/793/793 702/702/702 794/794/794
f 86/86/86 17/17/17 43/43/43
f 772/772/772 795/795/795 773/773/773
f 351/351/351 354/354/354 349/349/349
f 702/702/702 796/796/796 797/797/797
f 702/702/702 797/797/797 791/791/791
f 344/344/344 355/355/355 356/356/356
f 798/798/798 799/799/799 800/800/800
f 357/357/357 350/350/350 358/358/358
f 344/344/344 348/348/348 355/355/355
f 702/702/702 793/793/793 796/796/796
f 69/69/69 39/39/39 87/87/87
f 85/85/85 70/70/70 61/61/61
f 801/801/801 802/802/802 803/803/803
f 75/75/75 88/88/88 89/89/89
f 804/804/804 781/781/781 780/780/780
f 805/805/805 764/764/764 763/763/763
f 359/359/359 360/360/360 361/361/361
f 305/305/305 325/325/325 306/306/306
f 87/87/87 39/39/39 90/90/90
f 762/762/762 806/806/806 750/750/750
f 323/323/323 304/304/304 327/327/327
f 783/783/783 770/770/770 807/807/807
f 808/808/808 803/803/803 802/802/802
f 91/91/91 92/92/92 93/93/93
f 94/94/94 86/86/86 43/43/43
f 362/362/362 363/363/363 364/364/364
f 802/802/802 809/809/809 808/808/808
f 757/757/757 756/756/756 810/810/810
f 811/811/811 812/812/812 813/813/813
f 68/68/68 35/35/35 95/95/95
f 71/71/71 96/96/96 31/31/31
f 328/328/328 329/329/329 330/330/330
f 352/352/352 344/344/344 356/356/356
f 355/355/355 365/365/365 356/356/356
f 814/814/814 815/815/815 816/816/816
f 814/814/814 817/817/817 815/815/815
f 62/62/62 63/63/63 97/97/97
f 91/91/91 93/93/93 98/98/98
f 802/802/802 818/818/818 809/809/809
f 362/362/362 366/366/366 363/363/363
f 819/819/819 820/820/820 821/821/821
f 99/99/99 100/100/100 101/101/101
f 356/356/356 365/365/365 367/367/367
f 101/101/101 102/102/102 99/99/99
f 368/368/368 369/369/369 370/370/370
f 305/305/305 304/304/304 324/324/324
f 822/822/822 810/810/810 823/823/823
f 63/63/63 103/103/103 97/97/97
f 330/330/330 331/331/331 332/332/332
f 330/330/330 332/332/332 328/328/328
f 813/813/813 812/812/812 824/824/824
f 95/95/95 35/35/35 104/104/104
f 371/371/371 352/352/352 356/356/356
f 822/822/822 757/757/757 810/810/810
f 754/754/754 825/825/825 723/723/723
f 76/76/76 105/105/105 77/77/77
f 352/352/352 372/372/372 373/373/373
f 363/363/363 366/366/366 374/374/374
f 816/816/816 815/815/815 826/826/826
f 66/66/66 65/65/65 106/106/106
f 107/107/107 108/108/108 109/109/109
f 372/372/372 352/352/352 371/371/371
f 100/100/100 99/99/99 110/110/110
f 111/111/111 77/77/77 105/105/105
f 112/112/112 113/113/113 114/114/114
f 333/333/333 334/334/334 335/335/335
f 66/66/66 106/106/106 79/79/79
f 351/351/351 350/350/350 357/357/357
f 115/115/115 94/94/94 43/43/43
f 336/336/336 337/337/337 338/338/338
f 289/289/289 116/116/116 290/290/290
f 375/375/375 376/376/376 377/377/377
f 825/825/825 754/754/754 827/827/827
f 821/821/821 820/820/820 690/690/690
f 378/378/378 379/379/379 380/380/380
f 381/381/381 354/354/354 351/351/351
f 75/75/75 89/89/89 49/49/49
f 117/117/117 118/118/118 119/119/119
f 371/371/371 356/356/356 382/382/382
f 381/381/381 351/351/351 383/383/383
f 817/817/817 828/828/828 815/815/815
f 339/339/339 340/340/340 341/341/341
f 335/335/335 334/334/334 342/342/342
f 826/826/826 815/815/815 828/828/828
f 87/87/87 90/90/90 120/120/120
f 384/384/384 351/351/351 385/385/385
f 95/95/95 104/104/104 121/121/121
f 829/829/829 830/830/830 831/831/831
f 384/384/384 385/385/385 386/386/386
f 817/817/817 832/832/832 828/828/828
f 833/833/833 826/826/826 828/828/828
f 832/832/832 834/834/834 828/828/828
f 122/122/122 123/123/123 124/124/124
f 821/821/821 690/690/690 749/749/749
f 374/374/374 387/387/387 363/363/363
f 125/125/125 126/126/126 127/127/127
f 89/89/89 128/128/128 129/129/129
f 835/835/835 836/836/836 837/837/837
f 71/71/71 130/130/130 96/96/96
f 94/94/94 115/115/115 131/131/131
f 388/388/388 389/389/389 390/390/390
f 87/87/87 120/120/120 132/132/132
f 371/371/371 391/391/391 372/372/372
f 133/133/133 134/134/134 135/135/135
f 88/88/88 128/128/128 89/89/89
f 136/136/136 132/132/132 120/120/120
f 838/838/838 857/857/857 839/839/839
f 840/840/840 824/824/824 812/812/812
f 70/70/70 84/84/84 137/137/137
f 289/289/289 138/138/138 116/116/116
f 116/116/116 138/138/138 139/139/139
f 392/392/392 393/393/393 394/394/394
f 859/859/859 860/860/860 861/861/861
f 123/123/123 122/122/122 140/140/140
f 862/862/862 863/863/863 859/859/859
f 106/106/106 141/141/141 79/79/79
f 395/395/395 396/396/396 397/397/397
f 118/118/118 117/117/117 142/142/142
f 143/143/143 130/130/130 71/71/71
f 762/762/762 789/789/789 841/841/841
f 105/105/105 144/144/144 111/111/111
f 394/394/394 398/398/398 399/399/399
f 130/130/130 145/145/145 96/96/96
f 385/385/385 400/400/400 386/386/386
f 146/146/146 144/144/144 105/105/105
f 380/380/380 401/401/401 402/402/402
f 137/137/137 84/84/84 147/147/147
f 403/403/403 351/351/351 404/404/404
f 351/351/351 357/357/357 404/404/404
f 394/394/394 399/399/399 392/392/392
f 864/864/864 865/865/865 866/866/866
f 842/842/842 843/843/843 821/821/821
f 125/125/125 148/148/148 126/126/126
f 405/405/405 406/406/406 407/407/407
f 149/149/149 121/121/121 104/104/104
f 150/150/150 151/151/151 152/152/152
f 380/380/380 402/402/402 408/408/408
f 131/131/131 115/115/115 153/153/153
f 154/154/154 155/155/155 156/156/156
f 157/157/157 158/158/158 159/159/159
f 409/409/409 410/410/410 411/411/411
f 89/89/89 160/160/160 49/49/49
f 866/866/866 867/867/867 864/864/864
f 161/161/161 162/162/162 163/163/163
f 164/164/164 165/165/165 166/166/166
f 859/859/859 861/861/861 868/868/868
f 412/412/412 413/413/413 414/414/414
f 167/167/167 168/168/168 169/169/169
f 415/415/415 416/416/416 417/417/417
f 401/401/401 418/418/418 402/402/402
f 385/385/385 419/419/419 420/420/420
f 132/132/132 136/136/136 170/170/170
f 869/869/869 862/862/862 859/859/859
f 859/859/859 868/868/868 870/870/870
f 409/409/409 421/421/421 410/410/410
f 422/422/422 423/423/423 424/424/424
f 425/425/425 380/380/380 408/408/408
f 291/291/291 171/171/171 172/172/172
f 871/871/871 872/872/872 873/873/873
f 874/874/874 875/875/875 871/871/871
f 869/869/869 859/859/859 870/870/870
f 426/426/426 427/427/427 428/428/428
f 871/871/871 873/873/873 876/876/876
f 414/414/414 351/351/351 403/403/403
f 833/833/833 828/828/828 844/844/844
f 420/420/420 400/400/400 385/385/385
f 167/167/167 169/169/169 173/173/173
f 429/429/429 397/397/397 396/396/396
f 429/429/429 396/396/396 430/430/430
f 351/351/351 414/414/414 413/413/413
f 843/843/843 845/845/845 819/819/819
f 431/431/431 421/421/421 409/409/409
f 89/89/89 174/174/174 160/160/160
f 175/175/175 139/139/139 138/138/138
f 374/374/374 432/432/432 387/387/387
f 176/176/176 177/177/177 178/178/178
f 167/167/167 173/173/173 179/179/179
f 426/426/426 428/428/428 433/433/433
f 419/419/419 385/385/385 434/434/434
f 431/431/431 435/435/435 421/421/421
f 436/436/436 437/437/437 438/438/438
f 439/439/439 440/440/440 441/441/441
f 425/425/425 442/442/442 443/443/443
f 137/137/137 147/147/147 180/180/180
f 439/439/439 444/444/444 440/440/440
f 877/877/877 870/870/870 868/868/868
f 445/445/445 400/400/400 420/420/420
f 434/434/434 385/385/385 351/351/351
f 426/426/426 433/433/433 446/446/446
f 447/447/447 448/448/448 449/449/449
f 450/450/450 451/451/451 452/452/452
f 378/378/378 380/380/380 425/425/425
f 453/453/453 454/454/454 455/455/455
f 417/417/417 416/416/416 456/456/456
f 876/876/876 873/873/873 878/878/878
f 444/444/444 457/457/457 440/440/440
f 840/840/840 846/846/846 824/824/824
f 424/424/424 423/423/423 458/458/458
f 181/181/181 79/79/79 141/141/141
f 1/1/1 2/2/2 3/3/3
f 879/879/879 880/880/880 881/881/881
f 882/882/882 879/879/879 881/881/881
f 883/883/883 884/884/884 885/885/885
f 434/434/434 351/351/351 413/413/413
f 843/843/843 819/819/819 821/821/821
f 459/459/459 460/460/460 461/461/461
f 462/462/462 463/463/463 464/464/464
f 175/175/175 138/138/138 182/182/182
f 183/183/183 180/180/180 147/147/147
f 866/866/866 886/886/886 867/867/867
f 459/459/459 461/461/461 465/465/465
f 458/458/458 423/423/423 466/466/466
f 132/132/132 170/170/170 184/184/184
f 130/130/130 143/143/143 185/185/185
f 467/467/467 453/453/453 455/455/455
f 847/847/847 823/823/823 810/810/810
f 867/867/867 886/886/886 887/887/887
f 369/369/369 368/368/368 468/468/468
f 848/848/848 762/762/762 841/841/841
f 888/888/888 889/889/889 890/890/890
f 146/146/146 186/186/186 144/144/144
f 840/840/840 849/849/849 846/846/846
f 880/880/880 879/879/879 891/891/891
f 877/877/877 892/892/892 870/870/870
f 462/462/462 464/464/464 469/469/469
f 459/459/459 470/470/470 460/460/460
f 893/893/893 894/894/894 895/895/895
f 896/896/896 885/885/885 884/884/884
f 886/886/886 897/897/897 887/887/887
f 147/147/147 187/187/187 183/183/183
f 898/898/898 899/899/899 900/900/900
f 188/188/188 189/189/189 190/190/190
f 871/871/871 875/875/875 901/901/901
f 452/452/452 469/469/469 464/464/464
f 414/414/414 471/471/471 412/412/412
f 880/880/880 891/891/891 902/902/902
f 903/903/903 904/904/904 878/878/878
f 144/144/144 186/186/186 191/191/191
f 905/905/905 906/906/906 907/907/907
f 908/908/908 909/909/909 910/910/910
f 149/149/149 192/192/192 121/121/121
f 425/425/425 443/443/443 378/378/378
f 901/901/901 872/872/872 871/871/871
f 885/885/885 896/896/896 911/911/911
f 175/175/175 182/182/182 193/193/193
f 194/194/194 195/195/195 196/196/196
f 912/912/912 913/913/913 914/914/914
f 459/459/459 472/472/472 470/470/470
f 909/909/909 915/915/915 910/910/910
f 452/452/452 464/464/464 450/450/450
f 912/912/912 916/916/916 913/913/913
f 194/194/194 196/196/196 197/197/197
f 899/899/899 886/886/886 900/900/900
f 198/198/198 174/174/174 89/89/89
f 184/184/184 170/170/170 199/199/199
f 917/917/917 870/870/870 892/892/892
f 903/903/903 918/918/918 904/904/904
f 904/904/904 918/918/918 919/919/919
f 920/920/920 921/921/921 922/922/922
f 200/200/200 201/201/201 202/202/202
f 195/195/195 194/194/194 203/203/203
f 204/204/204 199/199/199 170/170/170
f 205/205/205 152/152/152 151/151/151
f 886/886/886 899/899/899 897/897/897
f 416/416/416 473/473/473 456/456/456
f 923/923/923 904/904/904 919/919/919
f 432/432/432 474/474/474 387/387/387
f 182/182/182 206/206/206 193/193/193
f 206/206/206 153/153/153 115/115/115
f 144/144/144 191/191/191 207/207/207
f 467/467/467 455/455/455 475/475/475
f 208/208/208 209/209/209 89/89/89
f 924/924/924 925/925/925 926/926/926
f 210/210/210 211/211/211 212/212/212
f 927/927/927 911/911/911 896/896/896
f 210/210/210 213/213/213 211/211/211
f 476/476/476 477/477/477 478/478/478
f 924/924/924 926/926/926 928/928/928
f 208/208/208 129/129/129 214/214/214
f 842/842/842 850/850/850 843/843/843
f 929/929/929 903/903/903 873/873/873
f 930/930/930 931/931/931 932/932/932
f 434/434/434 413/413/413 479/479/479
f 188/188/188 215/215/215 189/189/189
f 933/933/933 934/934/934 935/935/935
f 216/216/216 215/215/215 188/188/188
f 217/217/217 218/218/218 292/292/292
f 873/873/873 903/903/903 878/878/878
f 480/480/480 481/481/481 482/482/482
f 935/935/935 936/936/936 933/933/933
f 206/206/206 219/219/219 193/193/193
f 937/937/937 938/938/938 939/939/939
f 412/412/412 471/471/471 483/483/483
f 468/468/468 484/484/484 369/369/369
f 485/485/485 475/475/475 455/455/455
f 940/940/940 941/941/941 942/942/942
f 943/943/943 944/944/944 945/945/945
f 486/486/486 469/469/469 452/452/452
f 220/220/220 206/206/206 115/115/115
f 181/181/181 221/221/221 222/222/222
f 4/4/4 5/5/5 6/6/6
f 943/943/943 945/945/945 946/946/946
f 181/181/181 141/141/141 221/221/221
f 470/470/470 472/472/472 487/487/487
f 910/910/910 915/915/915 947/947/947
f 204/204/204 223/223/223 199/199/199
f 224/224/224 219/219/219 225/225/225
f 948/948/948 949/949/949 950/950/950
f 950/950/950 951/951/951 952/952/952
f 176/176/176 226/226/226 227/227/227
f 225/225/225 219/219/219 228/228/228
f 229/229/229 226/226/226 176/176/176
f 7/7/7 8/8/8 9/9/9
f 230/230/230 231/231/231 232/232/232
f 230/230/230 233/233/233 231/231/231
f 7/7/7 9/9/9 10/10/10
f 953/953/953 954/954/954 955/955/955
f 956/956/956 943/943/943 946/946/946
f 486/486/486 488/488/488 469/469/469
f 229/229/229 176/176/176 178/178/178
f 957/957/957 958/958/958 959/959/959
f 416/416/416 489/489/489 473/473/473
f 234/234/234 235/235/235 236/236/236
f 947/947/947 960/960/960 910/910/910
f 236/236/236 237/237/237 234/234/234
f 961/961/961 957/957/957 959/959/959
f 238/238/238 239/239/239 240/240/240
f 423/423/423 490/490/490 491/491/491
f 851/851/851 852/852/852 858/858/858
f 241/241/241 242/242/242 243/243/243
f 220/220/220 244/244/244 206/206/206
f 466/466/466 423/423/423 492/492/492
f 208/208/208 89/89/89 129/129/129
f 962/962/962 963/963/963 964/964/964
f 965/965/965 966/966/966 967/967/967
f 968/968/968 969/969/969 970/970/970
f 963/963/963 962/962/962 971/971/971
f 939/939/939 972/972/972 937/937/937
f 468/468/468 493/493/493 484/484/484
f 973/973/973 974/974/974 975/975/975
f 965/965/965 967/967/967 976/976/976
f 244/244/244 228/228/228 219/219/219
f 243/243/243 242/242/242 245/245/245
f 977/977/977 978/978/978 979/979/979
f 950/950/950 952/952/952 948/948/948
f 246/246/246 247/247/247 248/248/248
f 244/244/244 219/219/219 206/206/206
f 853/853/853 854/854/854 855/855/855
f 474/474/474 432/432/432 494/494/494
f 245/245/245 242/242/242 249/249/249
f 242/242/242 241/241/241 250/250/250
f 980/980/980 981/981/981 982/982/982
f 982/982/982 981/981/981 983/983/983
f 984/984/984 985/985/985 986/986/986
f 970/970/970 969/969/969 987/987/987
f 988/988/988 989/989/989 897/897/897
f 480/480/480 482/482/482 495/495/495
f 251/251/251 252/252/252 292/292/292
f 250/250/250 253/253/253 242/242/242
f 254/254/254 248/248/248 247/247/247
f 990/990/990 991/991/991 992/992/992
f 251/251/251 292/292/292 218/218/218
f 993/993/993 994/994/994 995/995/995
f 934/934/934 996/996/996 935/935/935
f 961/961/961 959/959/959 997/997/997
f 998/998/998 999/999/999 1000/1000/1000
f 244/244/244 253/253/253 228/228/228
f 491/491/491 492/492/492 423/423/423
f 982/982/982 983/983/983 1001/1001/1001
f 1002/1002/1002 1003/1003/1003 997/997/997
f 949/949/949 1004/1004/1004 950/950/950
f 950/950/950 1004/1004/1004 1005/1005/1005
f 856/856/856 853/853/853 855/855/855
f 1006/1006/1006 1007/1007/1007 1008/1008/1008
f 470/470/470 487/487/487 496/496/496
f 899/899/899 1009/1009/1009 1010/1010/1010
f 988/988/988 899/899/899 1010/1010/1010
f 1011/1011/1011 995/995/995 994/994/994
f 89/89/89 209/209/209 198/198/198
f 990/990/990 992/992/992 1012/1012/1012
f 1013/1013/1013 1014/1014/1014 959/959/959
f 1015/1015/1015 935/935/935 996/996/996
f 1016/1016/1016 1017/1017/1017 1018/1018/1018
f 485/485/485 497/497/497 475/475/475
f 255/255/255 256/256/256 257/257/257
f 1019/1019/1019 1020/1020/1020 1021/1021/1021
f 988/988/988 897/897/897 899/899/899
f 959/959/959 1014/1014/1014 997/997/997
f 936/936/936 935/935/935 1015/1015/1015
f 1022/1022/1022 968/968/968 970/970/970
f 488/488/488 498/498/498 469/469/469
f 258/258/258 259/259/259 260/260/260
f 1023/1023/1023 1024/1024/1024 1025/1025/1025
f 412/412/412 483/483/483 499/499/499
f 1006/1006/1006 1008/1008/1008 1026/1026/1026
f 1027/1027/1027 1028/1028/1028 1029/1029/1029
f 500/500/500 477/477/477 476/476/476
f 261/261/261 262/262/262 263/263/263
f 1008/1008/1008 1030/1030/1030 1026/1026/1026
f 1031/1031/1031 1032/1032/1032 1033/1033/1033
f 1034/1034/1034 997/997/997 1003/1003/1003
f 501/501/501 482/482/482 481/481/481
f 442/442/442 502/502/502 443/443/443
f 260/260/260 264/264/264 258/258/258
f 1035/1035/1035 1036/1036/1036 1037/1037/1037
f 1038/1038/1038 1039/1039/1039 1040/1040/1040
f 1041/1041/1041 1004/1004/1004 1042/1042/1042
f 1011/1011/1011 994/994/994 1043/1043/1043
f 501/501/501 503/503/503 482/482/482
f 504/504/504 412/412/412 505/505/505
f 265/265/265 266/266/266 267/267/267
f 970/970/970 987/987/987 1044/1044/1044
f 1045/1045/1045 1020/1020/1020 1019/1019/1019
f 1025/1025/1025 1046/1046/1046 1047/1047/1047
f 496/496/496 506/506/506 507/507/507
f 257/257/257 256/256/256 268/268/268
f 1025/1025/1025 1047/1047/1047 1023/1023/1023
f 496/496/496 487/487/487 506/506/506
f 244/244/244 269/269/269 253/253/253
f 1010/1010/1010 1009/1009/1009 1048/1048/1048
f 508/508/508 498/498/498 488/488/488
f 256/256/256 270/270/270 268/268/268
f 509/509/509 475/475/475 497/497/497
f 253/253/253 250/250/250 228/228/228
f 412/412/412 510/510/510 413/413/413
f 264/264/264 271/271/271 258/258/258
f 1010/1010/1010 1048/1048/1048 1049/1049/1049
f 511/511/511 510/510/510 412/412/412
f 955/955/955 954/954/954 1050/1050/1050
f 1051/1051/1051 1052/1052/1052 1053/1053/1053
f 498/498/498 512/512/512 469/469/469
f 513/513/513 477/477/477 500/500/500
f 1054/1054/1054 972/972/972 939/939/939
f 1002/1002/1002 997/997/997 1014/1014/1014
f 242/242/242 272/272/272 273/273/273
f 494/494/494 432/432/432 514/514/514
f 489/489/489 416/416/416 515/515/515
f 975/975/975 974/974/974 1055/1055/1055
f 1056/1056/1056 1015/1015/1015 996/996/996
f 493/493/493 516/516/516 484/484/484
f 517/517/517 491/491/491 490/490/490
f 272/272/272 242/242/242 253/253/253
f 257/257/257 268/268/268 274/274/274
f 274/274/274 275/275/275 276/276/276
f 412/412/412 504/504/504 511/511/511
f 497/497/497 518/518/518 509/509/509
f 1017/1017/1017 1016/1016/1016 1057/1057/1057
f 416/416/416 519/519/519 515/515/515
f 520/520/520 521/521/521 522/522/522
f 1058/1058/1058 1044/1044/1044 987/987/987
f 276/276/276 275/275/275 277/277/277
f 271/271/271 264/264/264 278/278/278
f 1046/1046/1046 1059/1059/1059 1047/1047/1047
f 523/523/523 524/524/524 525/525/525
f 279/279/279 277/277/277 275/275/275
f 274/274/274 268/268/268 280/280/280
f 986/986/986 985/985/985 1060/1060/1060
f 526/526/526 527/527/527 528/528/528
f 270/270/270 280/280/280 268/268/268
f 1057/1057/1057 1016/1016/1016 1061/1061/1061
f 506/506/506 529/529/529 507/507/507
f 1045/1045/1045 1062/1062/1062 1020/1020/1020
f 275/275/275 281/281/281 282/282/282
f 283/283/283 280/280/280 270/270/270
f 530/530/530 531/531/531 532/532/532
f 533/533/533 443/443/443 502/502/502
f 443/443/443 533/533/533 534/534/534
f 939/939/939 1063/1063/1063 1054/1054/1054
f 499/499/499 483/483/483 520/520/520
f 1055/1055/1055 974/974/974 1064/1064/1064
f 535/535/535 536/536/536 537/537/537
f 1015/1015/1015 1065/1065/1065 1066/1066/1066
f 1067/1067/1067 1062/1062/1062 1045/1045/1045
f 1068/1068/1068 1051/1051/1051 1053/1053/1053
f 275/275/275 274/274/274 280/280/280
f 538/538/538 539/539/539 540/540/540
f 1043/1043/1043 994/994/994 1069/1069/1069
f 509/509/509 518/518/518 541/541/541
f 1070/1070/1070 1028/1028/1028 1071/1071/1071
f 507/507/507 529/529/529 542/542/542
f 1014/1014/1014 1072/1072/1072 1002/1002/1002
f 543/543/543 544/544/544 545/545/545
f 546/546/546 509/509/509 541/541/541
f 547/547/547 539/539/539 538/538/538
f 1028/1028/1028 1027/1027/1027 1073/1073/1073
f 1044/1044/1044 1058/1058/1058 1074/1074/1074
f 284/284/284 280/280/280 283/283/283
f 520/520/520 483/483/483 521/521/521
f 548/548/548 549/549/549 550/550/550
f 508/508/508 551/551/551 498/498/498
f 1040/1040/1040 1039/1039/1039 1075/1075/1075
f 264/264/264 282/282/282 281/281/281
f 552/552/552 553/553/553 554/554/554
f 530/530/530 532/532/532 555/555/555
f 1048/1048/1048 1076/1076/1076 1049/1049/1049
f 1028/1028/1028 1077/1077/1077 1078/1078/1078
f 1054/1054/1054 1063/1063/1063 1079/1079/1079
f 1028/1028/1028 1073/1073/1073 1077/1077/1077
f 1041/1041/1041 1005/1005/1005 1004/1004/1004
f 542/542/542 529/529/529 556/556/556
f 557/557/557 558/558/558 549/549/549
f 264/264/264 281/281/281 278/278/278
f 557/557/557 549/549/549 548/548/548
f 533/533/533 559/559/559 534/534/534
f 560/560/560 561/561/561 562/562/562
f 275/275/275 280/280/280 281/281/281
f 563/563/563 564/564/564 565/565/565
f 541/541/541 566/566/566 546/546/546
f 280/280/280 284/284/284 285/285/285
f 567/567/567 568/568/568 569/569/569
f 553/553/553 552/552/552 570/570/570
f 562/562/562 571/571/571 560/560/560
f 1064/1064/1064 974/974/974 1080/1080/1080
f 572/572/572 573/573/573 574/574/574
f 565/565/565 564/564/564 575/575/575
f 576/576/576 577/577/577 578/578/578
f 1081/1081/1081 1049/1049/1049 1076/1076/1076
f 577/577/577 576/576/576 565/565/565
f 579/579/579 571/571/571 562/562/562
f 498/498/498 580/580/580 512/512/512
f 1069/1069/1069 1082/1082/1082 1043/1043/1043
f 581/581/581 582/582/582 583/583/583
f 584/584/584 573/573/573 572/572/572
f 1056/1056/1056 1065/1065/1065 1015/1015/1015
f 1075/1075/1075 1039/1039/1039 1083/1083/1083
f 1084/1084/1084 1059/1059/1059 1085/1085/1085
f 585/585/585 586/586/586 587/587/587
f 1059/1059/1059 1086/1086/1086 1085/1085/1085
f 588/588/588 566/566/566 589/589/589
f 555/555/555 532/532/532 590/590/590
f 1087/1087/1087 1051/1051/1051 1068/1068/1068
f 530/530/530 555/555/555 591/591/591
f 686/686/686 592/592/592 593/593/593
f 1081/1081/1081 1076/1076/1076 1088/1088/1088
f 1089/1089/1089 1062/1062/1062 1067/1067/1067
f 515/515/515 519/519/519 594/594/594
f 1216/1216/1216 1090/1090/1090 1091/1091/1091
f 578/578/578 595/595/595 576/576/576
f 593/593/593 687/687/687 686/686/686
f 1002/1002/1002 1092/1092/1092 1093/1093/1093
f 1059/1059/1059 1046/1046/1046 1086/1086/1086
f 591/591/591 555/555/555 590/590/590
f 514/514/514 596/596/596 494/494/494
f 542/542/542 556/556/556 597/597/597
f 598/598/598 599/599/599 600/600/600
f 601/601/601 595/595/595 578/578/578
f 578/578/578 602/602/602 601/601/601
f 585/585/585 587/587/587 603/603/603
f 558/558/558 557/557/557 602/602/602
f 503/503/503 604/604/604 605/605/605
f 1094/1094/1094 1095/1095/1095 1080/1080/1080
f 606/606/606 607/607/607 608/608/608
f 609/609/609 610/610/610 611/611/611
f 566/566/566 541/541/541 589/589/589
f 612/612/612 613/613/613 614/614/614
f 604/604/604 503/503/503 501/501/501
f 687/687/687 593/593/593 615/615/615
f 602/602/602 557/557/557 601/601/601
f 577/577/577 565/565/565 575/575/575
f 534/534/534 559/559/559 616/616/616
f 617/617/617 618/618/618 619/619/619
f 620/620/620 687/687/687 615/615/615
f 621/621/621 688/688/688 622/622/622
f 623/623/623 624/624/624 625/625/625
f 626/626/626 571/571/571 579/579/579
f 1041/1041/1041 1096/1096/1096 1005/1005/1005
f 286/286/286 287/287/287 280/280/280
f 1066/1066/1066 1065/1065/1065 1097/1097/1097
f 1062/1062/1062 1089/1089/1089 1098/1098/1098
f 627/627/627 482/482/482 503/503/503
f 1099/1099/1099 1079/1079/1079 1063/1063/1063
f 286/286/286 280/280/280 285/285/285
f 628/628/628 629/629/629 630/630/630
f 1100/1100/1100 1079/1079/1079 1099/1099/1099
f 556/556/556 631/631/631 597/597/597
f 589/589/589 571/571/571 626/626/626
f 1028/1028/1028 1101/1101/1101 1071/1071/1071
f 1064/1064/1064 1080/1080/1080 1095/1095/1095
f 590/590/590 632/632/632 591/591/591
f 633/633/633 578/578/578 577/577/577
f 620/620/620 615/615/615 634/634/634
f 1088/1088/1088 1102/1102/1102 1081/1081/1081
f 635/635/635 636/636/636 637/637/637
f 589/589/589 626/626/626 588/588/588
f 1087/1087/1087 1103/1103/1103 1051/1051/1051
f 1104/1104/1104 1105/1105/1105 1106/1106/1106
f 638/638/638 639/639/639 640/640/640
f 641/641/641 642/642/642 643/643/643
f 634/634/634 644/644/644 620/620/620
f 645/645/645 625/625/625 624/624/624
f 594/594/594 519/519/519 646/646/646
f 602/602/602 633/633/633 647/647/647
f 287/287/287 281/281/281 280/280/280
f 590/590/590 648/648/648 632/632/632
f 649/649/649 638/638/638 640/640/640
f 631/631/631 650/650/650 597/597/597
f 1107/1107/1107 1028/1028/1028 1078/1078/1078
f 598/598/598 600/600/600 651/651/651
f 652/652/652 636/636/636 635/635/635
f 652/652/652 653/653/653 636/636/636
f 630/630/630 629/629/629 654/654/654
f 1108/1108/1108 1109/1109/1109 1110/1110/1110
f 1110/1110/1110 1109/1109/1109 1111/1111/1111
f 633/633/633 602/602/602 578/578/578
f 1094/1094/1094 1080/1080/1080 1112/1112/1112
f 655/655/655 644/644/644 634/634/634
f 619/619/619 656/656/656 617/617/617
f 1108/1108/1108 1110/1110/1110 1113/1113/1113
f 633/633/633 657/657/657 647/647/647
f 652/652/652 658/658/658 653/653/653
f 1069/1069/1069 1114/1114/1114 1082/1082/1082
f 659/659/659 602/602/602 647/647/647
f 633/633/633 660/660/660 657/657/657
f 661/661/661 583/583/583 582/582/582
f 1083/1083/1083 1115/1115/1115 1075/1075/1075
f 519/519/519 662/662/662 646/646/646
f 634/634/634 663/663/663 664/664/664
f 627/627/627 503/503/503 665/665/665
f 634/634/634 666/666/666 663/663/663
f 1116/1116/1116 1065/1065/1065 1056/1056/1056
f 1082/1082/1082 1114/1114/1114 1117/1117/1117
f 653/653/653 658/658/658 667/667/667
f 668/668/668 582/582/582 669/669/669
f 587/587/587 670/670/670 603/603/603
f 611/611/611 610/610/610 671/671/671
f 1075/1075/1075 1115/1115/1115 1118/1118/1118
f 634/634/634 664/664/664 655/655/655
f 641/641/641 672/672/672 642/642/642
f 664/664/664 663/663/663 673/673/673
f 582/582/582 668/668/668 661/661/661
f 1119/1119/1119 1120/1120/1120 1121/1121/1121
f 659/659/659 647/647/647 669/669/669
f 639/639/639 674/674/674 640/640/640
f 675/675/675 653/653/653 667/667/667
f 676/676/676 675/675/675 667/667/667
f 1122/1122/1122 1123/1123/1123 1124/1124/1124
f 1125/1125/1125 1096/1096/1096 1126/1126/1126
f 642/642/642 672/672/672 677/677/677
f 669/669/669 647/647/647 678/678/678
f 640/640/640 674/674/674 679/679/679
f 669/669/669 678/678/678 668/668/668
f 1094/1094/1094 1112/1112/1112 1127/1127/1127
f 1098/1098/1098 1089/1089/1089 1128/1128/1128
f 1129/1129/1129 1130/1130/1130 1131/1131/1131
f 680/680/680 681/681/681 673/673/673
f 673/673/673 663/663/663 680/680/680
f 680/680/680 682/682/682 681/681/681
f 677/677/677 672/672/672 641/641/641
f 1065/1065/1065 1116/1116/1116 1132/1132/1132
f 1133/1133/1133 1134/1134/1134 1135/1135/1135
f 1136/1136/1136 1071/1071/1071 1101/1101/1101
f 1122/1122/1122 1137/1137/1137 1123/1123/1123
f 1126/1126/1126 1096/1096/1096 1041/1041/1041
f 1138/1138/1138 1139/1139/1139 1140/1140/1140
f 1141/1141/1141 1142/1142/1142 1143/1143/1143
f 676/676/676 683/683/683 675/675/675
f 684/684/684 678/678/678 647/647/647
f 685/685/685 668/668/668 678/678/678
f 1092/1092/1092 1002/1002/1002 1072/1072/1072
f 1065/1065/1065 1121/1121/1121 1120/1120/1120
f 1106/1106/1106 1105/1105/1105 1119/1119/1119
f 1131/1131/1131 1130/1130/1130 1144/1144/1144
f 1119/1119/1119 1145/1145/1145 1106/1106/1106
f 1146/1146/1146 1131/1131/1131 1144/1144/1144
f 1071/1071/1071 1136/1136/1136 1147/1147/1147
f 1127/1127/1127 1148/1148/1148 1094/1094/1094
f 1125/1125/1125 1149/1149/1149 1096/1096/1096
f 1150/1150/1150 1151/1151/1151 1152/1152/1152
f 1153/1153/1153 1154/1154/1154 1155/1155/1155
f 1156/1156/1156 1122/1122/1122 1124/1124/1124
f 1157/1157/1157 1151/1151/1151 1150/1150/1150
f 1153/1153/1153 1158/1158/1158 1154/1154/1154
f 1157/1157/1157 1159/1159/1159 1151/1151/1151
f 1160/1160/1160 1161/1161/1161 1162/1162/1162
f 1161/1161/1161 1160/1160/1160 1163/1163/1163
f 1164/1164/1164 1153/1153/1153 1155/1155/1155
f 1146/1146/1146 1165/1165/1165 1166/1166/1166
f 1165/1165/1165 1146/1146/1146 1144/1144/1144
f 1094/1094/1094 1167/1167/1167 1095/1095/1095
f 1162/1162/1162 1168/1168/1168 1160/1160/1160
f 1165/1165/1165 1144/1144/1144 1169/1169/1169
f 1065/1065/1065 1132/1132/1132 1121/1121/1121
f 1167/1167/1167 1170/1170/1170 1095/1095/1095
f 1160/1160/1160 1168/1168/1168 1171/1171/1171
f 1119/1119/1119 1121/1121/1121 1145/1145/1145
f 1172/1172/1172 1173/1173/1173 1164/1164/1164
f 1173/1173/1173 1153/1153/1153 1164/1164/1164
f 1169/1169/1169 1144/1144/1144 1174/1174/1174
f 1172/1172/1172 1175/1175/1175 1173/1173/1173
f 1176/1176/1176 1177/1177/1177 1178/1178/1178
f 1162/1162/1162 1179/1179/1179 1168/1168/1168
f 1156/1156/1156 1180/1180/1180 1181/1181/1181
f 1182/1182/1182 1183/1183/1183 1184/1184/1184
f 1107/1107/1107 1185/1185/1185 1028/1028/1028
f 1186/1186/1186 1187/1187/1187 1188/1188/1188
f 1159/1159/1159 1184/1184/1184 1183/1183/1183
f 1189/1189/1189 1171/1171/1171 1168/1168/1168
f 1151/1151/1151 1159/1159/1159 1183/1183/1183
f 1190/1190/1190 1169/1169/1169 1174/1174/1174
f 1175/1175/1175 1172/1172/1172 1191/1191/1191
f 1185/1185/1185 1101/1101/1101 1028/1028/1028
f 1192/1192/1192 1122/1122/1122 1156/1156/1156
f 1192/1192/1192 1193/1193/1193 1122/1122/1122
f 1162/1162/1162 1194/1194/1194 1195/1195/1195
f 1192/1192/1192 1196/1196/1196 1193/1193/1193
f 1174/1174/1174 1197/1197/1197 1190/1190/1190
f 1196/1196/1196 1192/1192/1192 1156/1156/1156
f 1196/1196/1196 1156/1156/1156 1181/1181/1181
f 1198/1198/1198 1195/1195/1195 1194/1194/1194
f 1197/1197/1197 1199/1199/1199 1190/1190/1190
f 1200/1200/1200 1199/1199/1199 1197/1197/1197
f 1147/1147/1147 1136/1136/1136 1201/1201/1201
f 1172/1172/1172 1202/1202/1202 1191/1191/1191
f 1202/1202/1202 1203/1203/1203 1204/1204/1204
f 1204/1204/1204 1191/1191/1191 1202/1202/1202
f 1182/1182/1182 1205/1205/1205 1183/1183/1183
f 1201/1201/1201 1136/1136/1136 1206/1206/1206
f 1182/1182/1182 1207/1207/1207 1205/1205/1205
f 1208/1208/1208 1209/1209/1209 1210/1210/1210
f 1207/1207/1207 1211/1211/1211 1205/1205/1205
f 1136/1136/1136 1101/1101/1101 1212/1212/1212
f 1211/1211/1211 1207/1207/1207 1213/1213/1213
f 1101/1101/1101 1214/1214/1214 1212/1212/1212
f 1185/1185/1185 1214/1214/1214 1101/1101/1101
f 1162/1162/1162 1195/1195/1195 1179/1179/1179
f 1215/1215/1215 1179/1179/1179 1195/1195/1195
f 1217/1217/1217 1218/1218/1218 1219/1219/1219
f 1217/1217/1217 1219/1219/1219 1218/1218/1218
f 1217/1217/1217 1219/1219/1219 1220/1220/1220
f 1217/1217/1217 1220/1220/1220 1219/1219/1219
f 1217/1217/1217 1220/1220/1220 1221/1221/1221
f 1217/1217/1217 1221/1221/1221 1220/1220/1220
f 1217/1217/1217 1221/1221/1221 1222/1222/1222
f 1217/1217/1217 1222/1222/1222 1221/1221/1221
f 1217/1217/1217 1222/1222/1222 1223/1223/1223
f 1217/1217/1217 1223/1223/1223 1222/1222/1222
f 1217/1217/1217 1223/1223/1223 1224/1224/1224
f 1217/1217/1217 1224/1224/1224 1223/1223/1223
f 1217/1217/1217 1224/1224/1224 1225/1225/1225
f 1217/1217/1217 1225/1225/1225 1224/1224/1224
f 1217/1217/1217 1225/1225/1225 1226/1226/1226
f 1217/1217/1217 1226/1226/1226 1225/1225/1225
f 1217/1217/1217 1226/1226/1226 1227/1227/1227
f 1217/1217/1217 1227/1227/1227 1226/1226/1226
f 1217/1217/1217 1227/1227/1227 1228/1228/1228
f 1217/1217/1217 1228/1228/1228 1227/1227/1227
f 1217/1217/1217 1228/1228/1228 1229/1229/1229
f 1217/1217/1217 1229/1229/1229 1228/1228/1228
f 1217/1217/1217 1229/1229/1229 1230/1230/1230
f 1217/1217/1217 1230/1230/1230 1229/1229/1229
f 1217/1217/1217 1230/1230/1230 1231/1231/1231
f 1217/1217/1217 1231/1231/1231 1230/1230/1230
f 1217/1217/1217 1231/1231/1231 1232/1232/1232
f 1217/1217/1217 1232/1232/1232 1231/1231/1231
f 1217/1217/1217 1232/1232/1232 1233/1233/1233
f 1217/1217/1217 1233/1233/1233 1232/1232/1232
f 1217/1217/1217 1233/1233/1233 1234/1234/1234
f 1217/1217/1217 1234/1234/1234 1233/1233/1233
f 1217/1217/1217 1234/1234/1234 1235/1235/1235
f 1217/1217/1217 1235/1235/1235 1234/1234/1234
f 1217/1217/1217 1235/1235/1235 1236/1236/1236
f 1217/1217/1217 1236/1236/1236 1235/1235/1235
f 1217/1217/1217 1236/1236/1236 1237/1237/1237
f 1217/1217/1217 1237/1237/1237 1236/1236/1236
f 1217/1217/1217 1237/1237/1237 1238/1238/1238
f 1217/1217/1217 1238/1238/1238 1237/1237/1237
f 1217/1217/1217 1238/1238/1238 1239/1239/1239
f 1217/1217/1217 1239/1239/1239 1238/1238/1238
f 1217/1217/1217 1239/1239/1239 1240/1240/1240
f 1217/1217/1217 1240/1240/1240 1239/1239/1239
f 1217/1217/1217 1240/1240/1240 1241/1241/1241
f 1217/1217/1217 1241/1241/1241 1240/1240/1240
f 1217/1217/1217 1241/1241/1241 1242/1242/1242
f 1217/1217/1217 1242/1242/1242 1241/1241/1241
f 1217/1217/1217 1242/1242/1242 1243/1243/1243
f 1217/1217/1217 1243/1243/1243 1242/1242/1242
f 1217/1217/1217 1243/1243/1243 1244/1244/1244
f 1217/1217/1217 1244/1244/1244 1243/1243/1243
f 1217/1217/1217 1244/1244/1244 1245/1245/1245
f 1217/1217/1217 1245/1245/1245 1244/1244/1244
f 1217/1217/1217 1245/1245/1245 1246/1246/1246
f 1217/1217/1217 1246/1246/1246 1245/1245/1245
f 1217/1217/1217 1246/1246/1246 1247/1247/1247
f 1217/1217/1217 1247/1247/1247 1246/1246/1246
f 1217/1217/1217 1247/1247/1247 1248/1248/1248
f 1217/1217/1217 1248/1248/1248 1247/1247/1247
f 1217/1217/1217 1248/1248/1248 1249/1249/1249
f 1217/1217/1217 1249/1249/1249 1248/1248/1248
f 1217/1217/1217 1249/1249/1249 1250/1250/1250
f 1217/1217/1217 1250/1250/1250 1249/1249/1249
f 1217/1217/1217 1250/1250/1250 1251/1251/1251
f 1217/1217/1217 1251/1251/1251 1250/1250/1250
f 1217/1217/1217 1251/1251/1251 1252/1252/1252
f 1217/1217/1217 1252/1252/1252 1251/1251/1251
f 1217/1217/1217 1252/1252/1252 1253/1253/1253
f 1217/1217/1217 1253/1253/1253 1252/1252/1252
f 1217/1217/1217 1253/1253/1253 1218/1218/1218
f 1217/1217/1217 1218/1218/1218 1253/1253/1253
f 1254/1254/1254 1255/1255/1255 1256/1256/1256
f 1254/1254/1254 1256/1256/1256 1255/1255/1255
f 1254/1254/1254 1256/1256/1256 1257/1257/1257
f 1254/1254/1254 1257/1257/1257 1256/1256/1256
f 1254/1254/1254 1257/1257/1257 1255/1255/1255
f 1254/1254/1254 1255/1255/1255 1257/1257/1257
f 1258/1258/1258 1259/1259/1259 1260/1260/1260
f 1258/1258/1258 1260/1260/1260 1259/1259/1259
f 1258/1258/1258 1260/1260/1260 1261/1261/1261
f 1258/1258/1258 1261/1261/1261 1260/1260/1260
f 1258/1258/1258 1261/1261/1261 1259/1259/1259
f 1258/1258/1258 1259/1259/1259 1261/1261/1261
