mtllib mk1.mtl
o mk1
usemtl main
v -0.01444 1.33580 -0.07810
v 0.01425 1.32000 -0.07740
v -0.01458 1.32048 -0.07787
v -0.09485 1.20325 0.15809
v 0.09389 1.27769 0.16991
v -0.00980 1.32627 0.17379
v -0.00703 1.32023 -0.11252
v -0.00535 1.31890 -0.10110
v -0.00541 1.22103 -0.10864
v -0.00703 1.32023 -0.11252
v -0.01553 1.32072 -0.10558
v -0.00535 1.31890 -0.10110
v -0.01458 1.32048 -0.07787
v 0.00755 1.32002 -0.10025
v -0.04331 1.36593 -0.07552
v 0.04434 1.36091 -0.07669
v -0.01444 1.33580 -0.07810
v -0.01458 1.32048 -0.07787
v -0.01588 1.33704 -0.09211
v -0.04328 1.36052 -0.07719
v -0.01553 1.32072 -0.10558
v -0.04248 1.32069 -0.11126
v -0.03981 1.33775 -0.07813
v -0.01588 1.33704 -0.09211
v -0.03988 1.33667 -0.09098
v -0.01444 1.33580 -0.07810
v 0.07073 1.41132 -0.05241
v -0.07081 1.40770 -0.07132
v -0.07025 1.41119 -0.05316
v -0.03981 1.33775 -0.07813
v -0.06795 1.38687 -0.04849
v -0.02856 1.39872 -0.04166
v 0.01781 1.39167 -0.04969
v 0.08078 1.39914 0.09785
v -0.08225 1.39938 0.09676
v -0.07775 1.49593 0.10579
v -0.04331 1.36593 -0.07552
v -0.06824 1.36712 -0.07044
v 0.04328 1.36769 -0.07124
v -0.04085 1.32208 -0.10324
v -0.04085 1.32208 -0.10324
v -0.01588 1.33704 -0.09211
v -0.01553 1.32072 -0.10558
v -0.03942 1.22026 -0.11955
v -0.04248 1.32069 -0.11126
v -0.00703 1.32023 -0.11252
v -0.03988 1.33667 -0.09098
v -0.03981 1.33775 -0.07813
v -0.03988 1.33667 -0.09098
v -0.04131 1.34249 -0.10907
v -0.04085 1.32208 -0.10324
v -0.04248 1.32069 -0.11126
v -0.04328 1.36052 -0.07719
v -0.04346 1.36043 -0.09168
v -0.06824 1.36712 -0.07044
v -0.06824 1.36712 -0.07044
v -0.04328 1.36052 -0.07719
v -0.04405 1.36590 -0.06003
v 0.07073 1.41132 -0.05241
v -0.07025 1.41119 -0.05316
v -0.07260 1.40410 -0.05050
v -0.04405 1.36590 -0.06003
v -0.02856 1.39872 -0.04166
v -0.08225 1.39938 0.09676
v 0.08078 1.39914 0.09785
v -0.09065 1.39871 -0.03487
v -0.08602 1.40179 0.01760
v -0.06795 1.38687 -0.04849
v -0.09065 1.39871 -0.03487
v -0.07081 1.40770 -0.07132
v 0.04328 1.36769 -0.07124
v -0.06824 1.36712 -0.07044
v -0.06824 1.36712 -0.07044
v -0.04405 1.36590 -0.06003
v -0.06846 1.36169 -0.05972
v -0.10533 1.37937 -0.04814
v -0.07022 1.37573 -0.06784
v -0.07081 1.40770 -0.07132
v -0.06824 1.36712 -0.07044
v -0.06846 1.36169 -0.05972
v -0.07066 1.37632 -0.05429
v -0.07081 1.40770 -0.07132
v -0.07210 1.42738 -0.07285
v -0.07025 1.41119 -0.05316
v -0.07025 1.41119 -0.05316
v -0.07270 1.43048 -0.04877
v -0.07260 1.40410 -0.05050
v -0.07270 1.43048 -0.04877
v -0.09849 1.42934 -0.04824
v -0.07260 1.40410 -0.05050
v -0.07270 1.43048 -0.04877
v -0.11725 1.36013 -0.07744
v -0.06846 1.36169 -0.05972
v -0.04405 1.36590 -0.06003
v -0.10533 1.37937 -0.04814
v -0.04346 1.36043 -0.09168
v -0.11725 1.36013 -0.07744
v -0.04405 1.36590 -0.06003
v -0.07066 1.37632 -0.05429
v -0.06846 1.36169 -0.05972
v -0.11656 1.36123 -0.05158
v -0.10697 1.40289 -0.05393
v -0.11656 1.36123 -0.05158
v -0.10669 1.37746 -0.06799
v -0.07022 1.37573 -0.06784
v -0.07066 1.37632 -0.05429
v -0.08602 1.40179 0.01760
v -0.08443 1.41302 0.04037
v -0.08533 1.42507 0.07809
v -0.09855 1.40591 -0.04619
v -0.09855 1.40591 -0.04619
v -0.10697 1.40289 -0.05393
v -0.07260 1.40410 -0.05050
v -0.09596 1.40252 -0.02436
v -0.11725 1.36013 -0.07744
v -0.04346 1.36043 -0.09168
v -0.11928 1.34551 -0.08740
v -0.09849 1.42934 -0.04824
v -0.07270 1.43048 -0.04877
v -0.07210 1.42738 -0.07285
v -0.07022 1.37573 -0.06784
v -0.10669 1.37746 -0.06799
v -0.10594 1.42677 -0.07275
v -0.10594 1.42677 -0.07275
v -0.11246 1.41056 0.02465
v -0.08443 1.41302 0.04037
v -0.04131 1.34249 -0.10907
v -0.11648 1.38759 -0.03466
v -0.09849 1.42934 -0.04824
v -0.10011 1.40728 -0.02908
v -0.09855 1.40591 -0.04619
v -0.09994 1.46021 -0.03274
v -0.09999 1.45871 -0.05808
v -0.09902 1.24464 -0.11124
v -0.11494 1.26187 -0.10852
v -0.11494 1.40463 -0.00929
v -0.07210 1.42738 -0.07285
v -0.07081 1.40770 -0.07132
v -0.09849 1.42934 -0.04824
v -0.10624 1.42964 -0.05778
v -0.09999 1.45871 -0.05808
v -0.10011 1.40728 -0.02908
v -0.08533 1.42507 0.07809
v -0.12082 1.40709 -0.02885
v -0.12033 1.40466 -0.05443
v -0.14422 1.34278 -0.09491
v -0.04131 1.34249 -0.10907
v -0.10624 1.42964 -0.05778
v -0.10533 1.37937 -0.04814
v -0.09596 1.40252 -0.02436
v -0.10011 1.40728 -0.02908
v -0.09994 1.46021 -0.03274
v -0.12154 1.46035 -0.03271
v -0.10594 1.42677 -0.07275
v -0.10697 1.40289 -0.05393
v -0.10624 1.42964 -0.05778
v -0.10669 1.37746 -0.06799
v -0.10533 1.37937 -0.04814
v -0.10697 1.40289 -0.05393
v -0.12033 1.40466 -0.05443
v -0.10624 1.42964 -0.05778
v -0.09999 1.45871 -0.05808
v -0.12063 1.45789 -0.05890
v -0.13502 1.38930 -0.02272
v -0.11494 1.40463 -0.00929
v -0.11928 1.34551 -0.08740
v -0.04131 1.34249 -0.10907
v -0.14422 1.34278 -0.09491
v -0.11246 1.41056 0.02465
v -0.11536 1.40716 -0.02034
v -0.11569 1.45994 -0.02180
v -0.11494 1.40463 -0.00929
v -0.12154 1.46035 -0.03271
v -0.09999 1.45871 -0.05808
v -0.12063 1.45789 -0.05890
v -0.09994 1.46021 -0.03274
v -0.11725 1.36013 -0.07744
v -0.11928 1.34551 -0.08740
v -0.11925 1.36521 -0.09430
v -0.12038 1.38737 -0.07440
v -0.11648 1.38759 -0.03466
v -0.11656 1.36123 -0.05158
v -0.11983 1.34764 -0.09446
v -0.11494 1.40463 -0.00929
v -0.13649 1.40752 -0.02152
v -0.11536 1.40716 -0.02034
v -0.13646 1.40597 -0.00925
v -0.12082 1.40709 -0.02885
v -0.12063 1.45789 -0.05890
v -0.12033 1.40466 -0.05443
v -0.12082 1.40709 -0.02885
v -0.11983 1.34764 -0.09446
v -0.11928 1.34551 -0.08740
v -0.14042 1.34633 -0.08248
v -0.12154 1.46035 -0.03271
v -0.14541 1.38864 -0.06743
v -0.13642 1.38926 -0.03081
v -0.11648 1.38759 -0.03466
v -0.14461 1.26234 -0.10367
v -0.13502 1.38930 -0.02272
v -0.11925 1.36521 -0.09430
v -0.14541 1.38864 -0.06743
v -0.12038 1.38737 -0.07440
v -0.12038 1.38737 -0.07440
v -0.14042 1.34633 -0.08248
v -0.13855 1.46043 -0.02056
v -0.11569 1.45994 -0.02180
v -0.11536 1.40716 -0.02034
v -0.13646 1.40597 -0.00925
v -0.13371 1.42902 0.02318
v -0.13855 1.46043 -0.02056
v -0.13649 1.40752 -0.02152
v -0.13646 1.40597 -0.00925
v -0.13502 1.38930 -0.02272
v -0.13649 1.40752 -0.02152
v -0.13642 1.38926 -0.03081
v -0.14682 1.34708 -0.09343
v -0.13649 1.40752 -0.02152
v -0.11925 1.36521 -0.09430
v -0.14682 1.34708 -0.09343
v -0.14631 1.36794 -0.09443
v -0.14631 1.36794 -0.09443
v -0.14111 1.34507 -0.05390
v -0.13649 1.40752 -0.02152
v -0.13642 1.38926 -0.03081
v -0.14470 1.38808 -0.03313
v -0.11983 1.34764 -0.09446
v -0.14461 1.26234 -0.10367
v -0.14299 1.26155 -0.08892
v -0.14422 1.34278 -0.09491
v -0.14042 1.34633 -0.08248
v -0.14470 1.38808 -0.03313
v -0.14470 1.38808 -0.03313
v -0.14541 1.38864 -0.06743
v -0.14111 1.34507 -0.05390
v -0.14682 1.34708 -0.09343
v -0.14631 1.36794 -0.09443
v -0.16080 1.40792 -0.02116
v -0.14299 1.26155 -0.08892
v -0.16768 1.32073 -0.07274
v -0.14042 1.34633 -0.08248
v -0.19545 1.40640 -0.01734
v -0.14111 1.34507 -0.05390
v -0.16695 1.32143 -0.05463
v -0.13371 1.42902 0.02318
v -0.13649 1.40752 -0.02152
v -0.16080 1.40792 -0.02116
v -0.16768 1.32073 -0.07274
v -0.16695 1.32143 -0.05463
v -0.14042 1.34633 -0.08248
v -0.14111 1.34507 -0.05390
v -0.16630 1.24132 -0.08215
v -0.16681 1.27033 -0.06707
v -0.16695 1.32143 -0.05463
v -0.16768 1.32073 -0.07274
v -0.19539 1.35618 -0.03502
v -0.19475 1.27067 -0.05822
v -0.16681 1.27033 -0.06707
v -0.19434 1.26956 0.00603
v -0.19539 1.35618 -0.03502
v -0.19475 1.27067 -0.05822
v -0.01444 1.33580 -0.07810
v -0.04248 1.32069 -0.11126
v -0.01204 1.20251 0.15524
v -0.01259 1.15781 0.15493
v 0.01529 1.15678 0.15371
v -0.03788 1.15473 -0.08013
v 0.05332 1.08666 -0.08074
v -0.06527 0.99395 -0.07733
v -0.02106 1.01683 0.15395
v 0.01683 1.15378 -0.08006
v -0.03788 1.15473 -0.08013
v -0.03780 1.15521 -0.10673
v -0.00535 1.31890 -0.10110
v 0.00532 1.21947 -0.10748
v -0.00541 1.22103 -0.10864
v -0.00703 1.32023 -0.11252
v -0.00541 1.22103 -0.10864
v -0.00627 1.21979 -0.11937
v 0.00031 1.20531 0.17766
v 0.09389 1.27769 0.16991
v -0.09485 1.20325 0.15809
v -0.00627 1.21979 -0.11937
v -0.00541 1.22103 -0.10864
v -0.03634 1.21872 -0.10686
v -0.03780 1.15521 -0.10673
v -0.00627 1.21979 -0.11937
v -0.03942 1.22026 -0.11955
v -0.00703 1.32023 -0.11252
v -0.04553 1.15556 0.15360
v -0.03942 1.22026 -0.11955
v -0.04373 1.20301 0.15520
v -0.03788 1.20666 -0.10673
v -0.03634 1.21872 -0.10686
v -0.03634 1.21872 -0.10686
v -0.03788 1.20666 -0.10673
v -0.03942 1.22026 -0.11955
v -0.04373 1.20301 0.15520
v -0.01204 1.20251 0.15524
v 0.00031 1.20531 0.17766
v -0.03871 1.20799 -0.11936
v -0.03780 1.15521 -0.10673
v -0.03788 1.15473 -0.08013
v -0.03992 1.18249 -0.07821
v -0.03788 1.20666 -0.10673
v -0.03788 1.20666 -0.10673
v -0.03992 1.18249 -0.07821
v -0.09766 1.18371 -0.07182
v -0.03871 1.20799 -0.11936
v -0.09680 1.20913 -0.11441
v -0.08937 1.15612 0.15659
v -0.09680 1.20913 -0.11441
v -0.03871 1.20799 -0.11936
v -0.09651 1.20870 -0.10247
v -0.04248 1.32069 -0.11126
v -0.03788 1.20666 -0.10673
v -0.09798 1.15548 -0.07269
v -0.09766 1.18371 -0.07182
v -0.09867 1.18406 -0.10090
v -0.09651 1.20870 -0.10247
v -0.03788 1.20666 -0.10673
v -0.03992 1.18249 -0.07821
v -0.09496 1.03527 -0.07408
v -0.08937 1.15612 0.15659
v -0.01259 1.15781 0.15493
v -0.04553 1.15556 0.15360
v -0.09867 1.18406 -0.10090
v -0.03788 1.20666 -0.10673
v -0.09766 1.18371 -0.07182
v -0.10633 1.15075 0.15617
v -0.10603 1.03569 0.15286
v -0.09902 1.24464 -0.11124
v -0.09683 1.22372 -0.10133
v -0.09902 1.24464 -0.11124
v -0.09680 1.20913 -0.11441
v -0.09715 1.24393 -0.10017
v -0.09651 1.20870 -0.10247
v -0.09651 1.20870 -0.10247
v -0.09867 1.18406 -0.10090
v -0.09683 1.22372 -0.10133
v -0.09766 1.18371 -0.07182
v -0.09798 1.15548 -0.07269
v -0.09969 1.15500 -0.09245
v -0.09867 1.18406 -0.10090
v -0.10184 1.24239 -0.11070
v -0.09715 1.24393 -0.10017
v -0.09683 1.22372 -0.10133
v -0.09867 1.18406 -0.10090
v -0.10115 1.21417 -0.10652
v -0.10137 1.21757 -0.11216
v -0.09944 1.18249 -0.10614
v -0.09798 1.15548 -0.07269
v -0.12223 1.15362 -0.06575
v -0.09969 1.15500 -0.09245
v -0.10570 1.14923 0.13178
v -0.09056 1.14643 0.13059
v -0.10642 1.03697 0.13332
v -0.10137 1.21757 -0.11216
v -0.10115 1.21417 -0.10652
v -0.11899 1.21669 -0.11299
v -0.10184 1.24239 -0.11070
v -0.10137 1.21757 -0.11216
v -0.11899 1.21669 -0.11299
v -0.10115 1.21417 -0.10652
v -0.09944 1.18249 -0.10614
v -0.11490 1.20104 -0.10503
v -0.11828 1.24194 -0.10944
v -0.09715 1.24393 -0.10017
v -0.10184 1.24239 -0.11070
v -0.11538 1.24305 -0.10831
v -0.09715 1.24393 -0.10017
v -0.11538 1.24305 -0.10831
v -0.09902 1.24464 -0.11124
v -0.11326 1.21468 -0.10429
v -0.09969 1.15500 -0.09245
v -0.13987 1.19460 -0.07627
v -0.09867 1.18406 -0.10090
v -0.11828 1.24194 -0.10944
v -0.14114 1.15416 -0.07546
v -0.11494 1.26187 -0.10852
v -0.11538 1.24305 -0.10831
v -0.11326 1.21468 -0.10429
v -0.14114 1.15416 -0.07546
v -0.12223 1.15362 -0.06575
v -0.12182 1.03626 -0.06627
v -0.11490 1.20104 -0.10503
v -0.11899 1.21669 -0.11299
v -0.11326 1.21468 -0.10429
v -0.11494 1.26187 -0.10852
v -0.11538 1.24305 -0.10831
v -0.11492 1.25957 -0.09424
v -0.11492 1.25957 -0.09424
v -0.11492 1.25957 -0.09424
v -0.11828 1.24194 -0.10944
v -0.11847 1.25843 -0.10596
v -0.13987 1.19460 -0.07627
v -0.09944 1.18249 -0.10614
v -0.09867 1.18406 -0.10090
v -0.11847 1.25843 -0.10596
v -0.14093 1.25909 -0.10091
v -0.11492 1.25957 -0.09424
v -0.11494 1.26187 -0.10852
v -0.11492 1.25957 -0.09424
v -0.14461 1.26234 -0.10367
v -0.12109 1.15457 -0.05397
v -0.12223 1.15362 -0.06575
v -0.12182 1.03626 -0.06627
v -0.14039 1.18040 -0.09861
v -0.14117 1.20008 -0.09857
v -0.14299 1.26155 -0.08892
v -0.13396 1.03672 -0.06052
v -0.13337 1.15340 -0.06093
v -0.12109 1.15457 -0.05397
v -0.14295 1.20155 -0.10354
v -0.11899 1.21669 -0.11299
v -0.11490 1.20104 -0.10503
v -0.14295 1.20155 -0.10354
v -0.14418 1.21488 -0.10151
v -0.14249 1.24319 -0.10710
v -0.11847 1.25843 -0.10596
v -0.12109 1.15457 -0.05397
v -0.13337 1.15340 -0.06093
v -0.11490 1.20104 -0.10503
v -0.14117 1.20008 -0.09857
v -0.14295 1.20155 -0.10354
v -0.14299 1.26155 -0.08892
v -0.14093 1.25909 -0.10091
v -0.14039 1.18040 -0.09861
v -0.14117 1.20008 -0.09857
v -0.13987 1.19460 -0.07627
v -0.14081 1.19502 -0.08449
v -0.13987 1.19460 -0.07627
v -0.14117 1.20008 -0.09857
v -0.14039 1.18040 -0.09861
v -0.14081 1.19502 -0.08449
v -0.14093 1.25909 -0.10091
v -0.14222 1.24442 -0.09091
v -0.14299 1.26155 -0.08892
v -0.14418 1.21488 -0.10151
v -0.14081 1.19502 -0.08449
v -0.14217 1.21381 -0.08244
v -0.14295 1.20155 -0.10354
v -0.14249 1.24319 -0.10710
v -0.18078 1.15379 -0.05084
v -0.14249 1.24319 -0.10710
v -0.15700 1.24240 -0.09832
v -0.14222 1.24442 -0.09091
v -0.15700 1.24240 -0.09832
v -0.14299 1.26155 -0.08892
v -0.15614 1.24184 -0.08586
v -0.16630 1.24132 -0.08215
v -0.16768 1.32073 -0.07274
v -0.13337 1.15340 -0.06093
v -0.13396 1.03672 -0.06052
v -0.16890 1.15262 -0.03868
v -0.14081 1.19502 -0.08449
v -0.15396 1.21409 -0.07591
v -0.14217 1.21381 -0.08244
v -0.14222 1.24442 -0.09091
v -0.14217 1.21381 -0.08244
v -0.15705 1.21642 -0.09845
v -0.14418 1.21488 -0.10151
v -0.15396 1.21409 -0.07591
v -0.15705 1.21642 -0.09845
v -0.15614 1.24184 -0.08586
v -0.15614 1.24184 -0.08586
v -0.15396 1.21409 -0.07591
v -0.15450 1.24073 -0.07219
v -0.15705 1.21642 -0.09845
v -0.15700 1.24240 -0.09832
v -0.13987 1.19460 -0.07627
v -0.18124 1.19300 -0.05092
v -0.14081 1.19502 -0.08449
v -0.16890 1.15262 -0.03868
v -0.18124 1.19300 -0.05092
v -0.15844 1.15062 0.05334
v -0.16629 1.15046 0.13388
v -0.16429 1.24098 -0.06624
v -0.15450 1.24073 -0.07219
v -0.15614 1.24184 -0.08586
v -0.15450 1.24073 -0.07219
v -0.16630 1.24132 -0.08215
v -0.16429 1.24098 -0.06624
v -0.18078 1.15379 -0.05084
v -0.16630 1.24132 -0.08215
v -0.16429 1.24098 -0.06624
v -0.16562 1.26881 -0.06086
v -0.16681 1.27033 -0.06707
v -0.18078 1.15379 -0.05084
v -0.16629 1.15046 0.13388
v -0.17003 1.19138 0.06350
v -0.16562 1.26881 -0.06086
v -0.19475 1.27067 -0.05822
v -0.16681 1.27033 -0.06707
v -0.19324 1.19436 -0.05276
v -0.18124 1.19300 -0.05092
v -0.19259 1.26882 -0.04599
v -0.16562 1.26881 -0.06086
v -0.19259 1.26882 -0.04599
v -0.19324 1.19436 -0.05276
v -0.18110 1.19251 0.07859
v -0.17003 1.19138 0.06350
v -0.19434 1.26956 0.00603
v -0.19475 1.27067 -0.05822
v -0.19259 1.26882 -0.04599
v -0.19324 1.19436 -0.05276
v -0.18110 1.19251 0.07859
v -0.19259 1.26882 -0.04599
v -0.03942 1.22026 -0.11955
v -0.03788 1.15473 -0.08013
v -0.01259 1.15781 0.15493
v -0.09902 1.24464 -0.11124
v -0.09798 1.15548 -0.07269
v -0.15652 1.03764 0.12713
v -0.10570 1.14923 0.13178
v -0.15578 1.14929 0.12734
v -0.10633 1.15075 0.15617
v -0.16732 1.18937 0.13487
v -0.16629 1.15046 0.13388
v -0.15578 1.14929 0.12734
v -0.10633 1.15075 0.15617
v -0.16629 1.15046 0.13388
v -0.15844 1.15062 0.05334
v -0.16629 1.15046 0.13388
v -0.16732 1.18937 0.13487
v -0.17003 1.19138 0.06350
v -0.17003 1.19138 0.06350
v -0.16732 1.18937 0.13487
v -0.17626 1.19052 0.14145
v -0.18110 1.19251 0.07859
v -0.17634 1.26502 0.14251
v -0.18276 1.26587 0.10862
v -0.17626 1.19052 0.14145
v -0.18276 1.26587 0.10862
v -0.18900 1.26566 0.05391
v -0.18466 1.26612 0.05196
v -0.18466 1.26612 0.05196
v -0.18110 1.19251 0.07859
v -0.18900 1.26566 0.05391
v -0.18276 1.26587 0.10862
v -0.19391 1.20753 0.10635
v -0.19277 1.42690 0.02620
v -0.16080 1.40792 -0.02116
v -0.19545 1.40640 -0.01734
v -0.18003 1.45261 0.06364
v -0.18561 1.45150 0.03262
v -0.29518 1.46559 0.06780
v -0.19259 1.26882 -0.04599
v -0.19434 1.26956 0.00603
v -0.19259 1.26882 -0.04599
v -0.19504 1.37817 0.01985
v -0.20339 1.39173 0.02973
v -0.19003 1.39207 0.09016
v -0.19354 1.41261 0.03529
v -0.19504 1.37817 0.01985
v -0.19019 1.40278 0.07171
v -0.19277 1.42690 0.02620
v -0.19887 1.22174 0.01179
v -0.19545 1.40640 -0.01734
v -0.19526 1.34049 0.00540
v -0.19434 1.26956 0.00603
v -0.19539 1.35618 -0.03502
v -0.19434 1.26956 0.00603
v -0.19526 1.34049 0.00540
v -0.19434 1.26956 0.00603
v -0.22872 1.33247 0.00052
v -0.19019 1.40278 0.07171
v -0.20339 1.39173 0.02973
v -0.19354 1.41261 0.03529
v -0.19277 1.42690 0.02620
v -0.21632 1.39025 0.02431
v -0.19391 1.20753 0.10635
v -0.18276 1.26587 0.10862
v -0.21832 1.21175 0.12467
v -0.19349 1.31196 0.12793
v -0.22516 1.31276 0.14559
v -0.18543 1.28791 0.11669
v -0.19504 1.37817 0.01985
v -0.22621 1.16202 0.00213
v -0.21553 1.12898 0.09900
v -0.21203 1.43140 -0.02934
v -0.21443 1.40282 -0.02780
v -0.18561 1.45150 0.03262
v -0.21203 1.43140 -0.02934
v -0.21223 1.38591 -0.00775
v -0.20339 1.39173 0.02973
v -0.23170 1.05648 0.09048
v -0.21223 1.38591 -0.00775
v -0.20339 1.39173 0.02973
v -0.21632 1.39025 0.02431
v -0.22363 1.29369 -0.00219
v -0.21553 1.12898 0.09900
v -0.22283 1.31215 -0.01075
v -0.21203 1.43140 -0.02934
v -0.21443 1.40282 -0.02780
v -0.24905 1.38906 -0.01740
v -0.22249 1.38714 -0.00272
v -0.22283 1.31215 -0.01075
v -0.21223 1.38591 -0.00775
v -0.22249 1.38714 -0.00272
v -0.24511 1.06159 0.03482
v -0.24051 1.10531 0.01297
v -0.22249 1.38714 -0.00272
v -0.21632 1.39025 0.02431
v -0.22872 1.33247 0.00052
v -0.23391 1.31533 -0.00384
v -0.22590 1.31273 -0.03025
v -0.23391 1.31533 -0.00384
v -0.22590 1.31273 -0.03025
v -0.22898 1.29963 0.14335
v -0.22516 1.31276 0.14559
v -0.22234 1.29914 0.16877
v -0.22898 1.29963 0.14335
v -0.22234 1.29914 0.16877
v -0.24376 1.30040 0.17317
v -0.23742 1.30041 0.14287
v -0.22516 1.31276 0.14559
v -0.22898 1.29963 0.14335
v -0.22590 1.31273 -0.03025
v -0.22283 1.31215 -0.01075
v -0.25889 1.31588 -0.01919
v -0.23391 1.31533 -0.00384
v -0.23391 1.31533 -0.00384
v -0.22516 1.31276 0.14559
v -0.23742 1.30041 0.14287
v -0.25579 1.27035 0.14750
v -0.28290 1.18474 -0.00357
v -0.32114 1.44430 0.00721
v -0.26042 1.06327 0.11269
v -0.28979 1.39897 0.15600
v -0.25169 1.39326 0.14913
v -0.28334 1.44336 0.15453
v -0.25701 1.38789 0.17075
v -0.24730 1.34127 0.17209
v -0.22234 1.29914 0.16877
v -0.24376 1.30040 0.17317
v -0.24376 1.30040 0.17317
v -0.25133 1.31330 0.17897
v -0.23742 1.30041 0.14287
v -0.24882 1.30084 0.14666
v -0.25748 1.11506 0.00138
v -0.24861 1.26991 0.17611
v -0.25940 1.31456 -0.01268
v -0.24882 1.30084 0.14666
v -0.24376 1.30040 0.17317
v -0.24861 1.26991 0.17611
v -0.25579 1.27035 0.14750
v -0.25889 1.31588 -0.01919
v -0.24882 1.30084 0.14666
v -0.28334 1.44336 0.15453
v -0.26674 1.30145 -0.04055
v -0.25395 1.38408 -0.03894
v -0.24905 1.38906 -0.01740
v -0.27371 1.34248 0.18227
v -0.25889 1.31588 -0.01919
v -0.25940 1.31456 -0.01268
v -0.26152 1.30134 -0.01256
v -0.27951 1.31401 0.00199
v -0.25579 1.27035 0.14750
v -0.24861 1.26991 0.17611
v -0.27523 1.27116 0.15359
v -0.27523 1.27116 0.15359
v -0.30527 1.22405 0.15970
v -0.27977 1.31665 0.17963
v -0.24861 1.26991 0.17611
v -0.25395 1.38408 -0.03894
v -0.26674 1.30145 -0.04055
v -0.28601 1.34586 -0.03153
v -0.26152 1.30134 -0.01256
v -0.28445 1.30194 -0.03450
v -0.26674 1.30145 -0.04055
v -0.26152 1.30134 -0.01256
v -0.25940 1.31456 -0.01268
v -0.27838 1.30203 -0.00850
v -0.27838 1.30203 -0.00850
v -0.27523 1.27116 0.15359
v -0.28330 1.22140 0.16221
v -0.30527 1.22405 0.15970
v -0.28145 1.31556 -0.00536
v -0.28145 1.31556 -0.00536
v -0.27951 1.31401 0.00199
v -0.28399 1.29387 0.00275
v -0.32524 1.27648 0.16727
v -0.28330 1.22140 0.16221
v -0.27523 1.27116 0.15359
v -0.28412 1.27129 -0.00853
v -0.28712 1.29466 -0.00576
v -0.25701 1.38789 0.17075
v -0.25169 1.39326 0.14913
v -0.30522 1.39370 0.17861
v -0.28145 1.31556 -0.00536
v -0.27951 1.31401 0.00199
v -0.28399 1.29387 0.00275
v -0.28445 1.30194 -0.03450
v -0.30446 1.31947 -0.03010
v -0.31510 1.35739 0.18188
v -0.28712 1.29466 -0.00576
v -0.28445 1.30194 -0.03450
v -0.27838 1.30203 -0.00850
v -0.28412 1.27129 -0.00853
v -0.29146 1.31737 -0.03233
v -0.28334 1.44336 0.15453
v -0.29344 1.41206 0.12643
v -0.28979 1.39897 0.15600
v -0.29021 1.27145 -0.03584
v -0.32524 1.27648 0.16727
v -0.28979 1.39897 0.15600
v -0.32839 1.39991 0.00851
v -0.30522 1.39370 0.17861
v -0.29021 1.27145 -0.03584
v -0.28412 1.27129 -0.00853
v -0.31336 1.27458 -0.00113
v -0.24905 1.38906 -0.01740
v -0.25395 1.38408 -0.03894
v -0.32839 1.39991 0.00851
v -0.30527 1.22405 0.15970
v -0.28330 1.22140 0.16221
v -0.33440 1.22969 0.17239
v -0.32114 1.44430 0.00721
v -0.29518 1.46559 0.06780
v -0.29638 1.36086 -0.02656
v -0.32453 1.39305 -0.01253
v -0.30373 1.34664 -0.03377
v -0.28399 1.29387 0.00275
v -0.30758 1.29723 -0.00143
v -0.28712 1.29466 -0.00576
v -0.30516 1.40827 0.14022
v -0.29344 1.41206 0.12643
v -0.30601 1.41742 0.12214
v -0.33193 1.27890 0.18874
v -0.32219 1.22333 0.00757
v -0.33440 1.22969 0.17239
v -0.30758 1.29723 -0.00143
v -0.30604 1.29698 0.00982
v -0.31336 1.27458 -0.00113
v -0.30604 1.29698 0.00982
v -0.30220 1.41290 0.07861
v -0.30601 1.41742 0.12214
v -0.29344 1.41206 0.12643
v -0.30220 1.41290 0.07861
v -0.29021 1.27145 -0.03584
v -0.30758 1.30657 -0.03079
v -0.32114 1.44430 0.00721
v -0.31700 1.41241 0.03763
v -0.32497 1.35093 -0.02542
v -0.31012 1.40471 0.12776
v -0.31759 1.40354 0.13644
v -0.30516 1.40827 0.14022
v -0.30604 1.29698 0.00982
v -0.31336 1.27458 -0.00113
v -0.30758 1.29723 -0.00143
v -0.30522 1.39370 0.17861
v -0.30601 1.41742 0.12214
v -0.32888 1.41717 0.03982
v -0.30516 1.40827 0.14022
v -0.32219 1.22333 0.00757
v -0.32888 1.41717 0.03982
v -0.31700 1.41241 0.03763
v -0.31660 1.27302 -0.00769
v -0.31660 1.27302 -0.00769
v -0.30522 1.39370 0.17861
v -0.36004 1.28815 0.08327
v -0.35334 1.28084 0.11868
v -0.33378 1.40508 0.04705
v -0.31012 1.40471 0.12776
v -0.32399 1.36391 -0.02030
v -0.33601 1.14940 0.00857
v -0.33378 1.40508 0.04705
v -0.33532 1.40669 0.07245
v -0.31271 1.14492 0.00120
v -0.32453 1.39305 -0.01253
v -0.32497 1.35093 -0.02542
v -0.32547 1.22429 -0.00816
v -0.31759 1.40354 0.13644
v -0.33193 1.27890 0.18874
v -0.33043 1.31051 -0.01932
v -0.31510 1.35739 0.18188
v -0.32834 1.32354 -0.02324
v -0.36481 1.27727 0.00926
v -0.32399 1.36391 -0.02030
v -0.32497 1.35093 -0.02542
v -0.32613 1.35158 -0.01700
v -0.33670 1.35177 -0.01694
v -0.35191 1.39719 -0.00119
v -0.32613 1.35158 -0.01700
v -0.32839 1.39991 0.00851
v -0.32613 1.35158 -0.01700
v -0.35191 1.39719 -0.00119
v -0.33532 1.40669 0.07245
v -0.34847 1.23033 0.11945
v -0.32613 1.35158 -0.01700
v -0.32497 1.35093 -0.02542
v -0.33670 1.35177 -0.01694
v -0.33814 1.40337 0.01619
v -0.33814 1.40337 0.01619
v -0.34104 1.22847 0.09506
v -0.34112 1.32606 -0.01746
v -0.34847 1.23033 0.11945
v -0.33440 1.22969 0.17239
v -0.32524 1.27648 0.16727
v -0.35191 1.39719 -0.00119
v -0.33670 1.35177 -0.01694
v -0.38045 1.28225 -0.00432
v -0.34337 1.28537 0.09998
v -0.35334 1.28084 0.11868
v -0.32219 1.22333 0.00757
v -0.35727 1.22759 0.02432
v -0.32547 1.22429 -0.00816
v -0.35191 1.39719 -0.00119
v -0.35191 1.39719 -0.00119
v -0.35191 1.39719 -0.00119
v -0.33814 1.40337 0.01619
v -0.31660 1.27302 -0.00769
v -0.37430 1.23059 0.00875
v -0.36481 1.27727 0.00926
v -0.35299 1.26379 0.09835
v -0.34337 1.28537 0.09998
v -0.33193 1.27890 0.18874
v -0.38045 1.28225 -0.00432
v -0.32547 1.22429 -0.00816
v -0.36004 1.28815 0.08327
v -0.34938 1.28498 0.07324
v -0.35420 1.22797 0.05348
v -0.34938 1.28498 0.07324
v -0.35727 1.22759 0.02432
v -0.35517 1.27811 0.05554
v -0.36729 1.23060 0.04352
v -0.34855 1.10314 0.14269
v -0.30527 1.22405 0.15970
v -0.34104 1.22847 0.09506
v -0.36729 1.23060 0.04352
v -0.36481 1.27727 0.00926
v -0.37430 1.23059 0.00875
v -0.36769 1.28093 0.06169
v -0.35517 1.27811 0.05554
v -0.37430 1.23059 0.00875
v -0.36769 1.28093 0.06169
v -0.37456 1.11906 0.08561
v -0.35420 1.22797 0.05348
v -0.37362 1.15854 0.02394
v -0.35727 1.22759 0.02432
v -0.38465 1.12706 0.04856
v -0.38045 1.28225 -0.00432
v -0.19887 1.22174 0.01179
v -0.34104 1.22847 0.09506
v -0.35420 1.22797 0.05348
v -0.04038 1.42767 0.14839
v 0.12548 1.49998 0.14882
v -0.10849 1.49807 0.14913
v -0.01134 1.36400 0.17461
v -0.01170 1.34431 0.17403
v 0.01220 1.36578 0.17394
v 0.10980 1.49715 0.10643
v -0.07775 1.49593 0.10579
v -0.10849 1.49807 0.14913
v -0.04256 1.32809 0.17047
v 0.01560 1.32727 0.17160
v -0.04256 1.32809 0.17047
v -0.00980 1.32627 0.17379
v 0.01560 1.32727 0.17160
v -0.04307 1.36589 0.17107
v -0.09485 1.20325 0.15809
v -0.04373 1.20301 0.15520
v 0.00031 1.20531 0.17766
v -0.09485 1.20325 0.15809
v -0.00980 1.32627 0.17379
v -0.09609 1.38239 0.16990
v -0.08937 1.15612 0.15659
v -0.04373 1.20301 0.15520
v -0.09485 1.20325 0.15809
v -0.09646 1.42346 0.15101
v -0.08426 1.42365 0.09940
v -0.07775 1.49593 0.10579
v -0.08225 1.39938 0.09676
v -0.08426 1.42365 0.09940
v -0.08225 1.39938 0.09676
v -0.08533 1.42507 0.07809
v -0.08602 1.40179 0.01760
v -0.10938 1.49921 0.10558
v -0.10633 1.15075 0.15617
v -0.01259 1.15781 0.15493
v -0.12879 1.18958 0.15649
v -0.10949 1.42461 0.09787
v -0.08426 1.42365 0.09940
v -0.08533 1.42507 0.07809
v -0.09417 1.37047 0.18649
v -0.09609 1.38239 0.16990
v -0.09722 1.42291 0.17142
v -0.12384 1.20280 0.18847
v -0.12422 1.20175 0.15747
v -0.09444 1.20349 0.18850
v -0.09646 1.42346 0.15101
v -0.09485 1.20325 0.15809
v -0.09444 1.20349 0.18850
v -0.12422 1.20175 0.15747
v -0.10570 1.14923 0.13178
v -0.13731 1.03609 0.12866
v -0.09056 1.14643 0.13059
v -0.12554 1.42142 0.14804
v -0.09485 1.20325 0.15809
v -0.09722 1.42291 0.17142
v -0.12418 1.39513 0.18336
v -0.09417 1.37047 0.18649
v -0.09444 1.20349 0.18850
v -0.12384 1.20280 0.18847
v -0.12393 1.42199 0.17239
v -0.10949 1.42461 0.09787
v -0.10938 1.49921 0.10558
v -0.10570 1.14923 0.13178
v -0.10642 1.03697 0.13332
v -0.10633 1.15075 0.15617
v -0.11246 1.41056 0.02465
v -0.12554 1.42142 0.14804
v -0.12393 1.42199 0.17239
v -0.09646 1.42346 0.15101
v -0.10949 1.42461 0.09787
v -0.11246 1.41056 0.02465
v -0.11569 1.45994 -0.02180
v -0.10938 1.49921 0.10558
v -0.12497 1.50000 0.14857
v -0.11569 1.45994 -0.02180
v -0.13855 1.46043 -0.02056
v -0.09722 1.42291 0.17142
v -0.12763 1.49960 0.10053
v -0.13073 1.48418 0.05357
v -0.12384 1.20280 0.18847
v -0.12604 1.26468 0.15517
v -0.12422 1.20175 0.15747
v -0.12418 1.39513 0.18336
v -0.12569 1.38676 0.16357
v -0.12611 1.30232 0.16607
v -0.12650 1.40649 0.16106
v -0.12393 1.42199 0.17239
v -0.12554 1.42142 0.14804
v -0.12497 1.50000 0.14857
v -0.10633 1.15075 0.15617
v -0.12879 1.18958 0.15649
v -0.16732 1.18937 0.13487
v -0.12760 1.41627 0.11119
v -0.12497 1.50000 0.14857
v -0.12763 1.49960 0.10053
v -0.12987 1.43465 0.07815
v -0.12760 1.41627 0.11119
v -0.12987 1.43465 0.07815
v -0.17756 1.41830 0.13305
v -0.13371 1.42902 0.02318
v -0.13073 1.48418 0.05357
v -0.12604 1.26468 0.15517
v -0.12611 1.30232 0.16607
v -0.17874 1.26596 0.16551
v -0.13855 1.46043 -0.02056
v -0.14380 1.26464 0.14755
v -0.12604 1.26468 0.15517
v -0.17808 1.43305 0.09479
v -0.10633 1.15075 0.15617
v -0.15578 1.14929 0.12734
v -0.10570 1.14923 0.13178
v -0.16732 1.18937 0.13487
v -0.12879 1.18958 0.15649
v -0.17626 1.19052 0.14145
v -0.12604 1.26468 0.15517
v -0.17634 1.26502 0.14251
v -0.14380 1.26464 0.14755
v -0.17968 1.40596 0.16260
v -0.12569 1.38676 0.16357
v -0.12650 1.40649 0.16106
v -0.18006 1.34638 0.16916
v -0.17968 1.40596 0.16260
v -0.12650 1.40649 0.16106
v -0.17634 1.26502 0.14251
v -0.19277 1.42690 0.02620
v -0.13371 1.42902 0.02318
v -0.16080 1.40792 -0.02116
v -0.17874 1.26596 0.16551
v -0.17626 1.19052 0.14145
v -0.18276 1.26587 0.10862
v -0.18095 1.43708 0.06362
v -0.18352 1.41522 0.13475
v -0.17542 1.43263 0.13218
v -0.17756 1.41830 0.13305
v -0.17808 1.43305 0.09479
v -0.18003 1.45261 0.06364
v -0.18095 1.43708 0.06362
v -0.17874 1.26596 0.16551
v -0.18006 1.34638 0.16916
v -0.18276 1.26587 0.10862
v -0.17968 1.40596 0.16260
v -0.18453 1.36258 0.13441
v -0.18561 1.45150 0.03262
v -0.18352 1.41522 0.13475
v -0.17756 1.41830 0.13305
v -0.17542 1.43263 0.13218
v -0.18352 1.41522 0.13475
v -0.18466 1.32601 0.12366
v -0.18543 1.28791 0.11669
v -0.18940 1.35993 0.11902
v -0.18891 1.38228 0.10584
v -0.18453 1.36258 0.13441
v -0.18891 1.38228 0.10584
v -0.18636 1.39443 0.10320
v -0.18636 1.39443 0.10320
v -0.19003 1.39207 0.09016
v -0.18891 1.38228 0.10584
v -0.18940 1.35993 0.11902
v -0.19349 1.31196 0.12793
v -0.18466 1.32601 0.12366
v -0.19349 1.31196 0.12793
v -0.18940 1.35993 0.11902
v -0.18453 1.36258 0.13441
v -0.19277 1.42690 0.02620
v -0.19003 1.39207 0.09016
v -0.19019 1.40278 0.07171
v -0.19504 1.37817 0.01985
v -0.19164 1.31006 0.13986
v -0.18543 1.28791 0.11669
v -0.18466 1.32601 0.12366
v -0.19349 1.31196 0.12793
v -0.19003 1.39207 0.09016
v -0.20339 1.39173 0.02973
v -0.19019 1.40278 0.07171
v -0.19164 1.31006 0.13986
v -0.22516 1.31276 0.14559
v -0.19349 1.31196 0.12793
v -0.17542 1.43263 0.13218
v -0.18003 1.45261 0.06364
v -0.28334 1.44336 0.15453
v -0.28334 1.44336 0.15453
v -0.19164 1.31006 0.13986
v -0.21433 1.38750 0.14119
v -0.22516 1.31276 0.14559
v -0.18453 1.36258 0.13441
v -0.21433 1.38750 0.14119
v -0.21008 1.38250 0.16150
v -0.22516 1.31276 0.14559
v -0.25169 1.39326 0.14913
v -0.21008 1.38250 0.16150
v -0.21433 1.38750 0.14119
v -0.22234 1.29914 0.16877
v -0.25169 1.39326 0.14913
v -0.22234 1.29914 0.16877
v -0.21008 1.38250 0.16150
v -0.25701 1.38789 0.17075
v -0.25701 1.38789 0.17075
v -0.16251 1.01457 0.00446
v -0.15844 1.15062 0.05334
v -0.16890 1.15262 -0.03868
v -0.18814 1.00870 -0.07433
v -0.21261 1.00963 -0.05761
v -0.16394 1.00856 -0.08199
v -0.19080 1.01486 0.01952
v -0.16765 1.01539 -0.03619
v -0.18814 1.00870 -0.07433
v -0.18776 0.97183 -0.07123
v -0.21307 0.97322 -0.05624
v -0.20163 1.00869 0.02193
v -0.19479 0.97026 0.08443
v -0.19400 1.00876 0.08627
v -0.21261 1.00963 -0.05761
v -0.20046 0.97594 0.02548
v -0.21261 1.00963 -0.05761
v -0.20163 1.00869 0.02193
v -0.20984 0.97214 -0.02465
v -0.20308 0.95316 0.02567
v -0.21392 0.95640 -0.05656
v -0.21307 0.97322 -0.05624
v -0.19085 0.95480 -0.07050
v -0.21392 0.95640 -0.05656
v -0.23170 1.05648 0.09048
v -0.24511 1.06159 0.03482
v -0.19887 1.22174 0.01179
v -0.21898 1.05382 0.06705
v -0.23662 1.02994 0.02204
v -0.22859 1.05961 0.02663
v -0.24146 0.97387 0.05858
v -0.24974 0.98056 0.01920
v -0.21553 1.12898 0.09900
v -0.26042 1.06327 0.11269
v -0.23170 1.05648 0.09048
v -0.24511 1.06159 0.03482
v -0.21898 1.05382 0.06705
v -0.22859 1.05961 0.02663
v -0.23170 1.05648 0.09048
v -0.21898 1.05382 0.06705
v -0.23170 1.05648 0.09048
v -0.24146 0.97387 0.05858
v -0.25748 1.11506 0.00138
v -0.22621 1.16202 0.00213
v -0.24051 1.10531 0.01297
v -0.25406 1.04305 -0.01642
v -0.23662 1.02994 0.02204
v -0.24511 1.06159 0.03482
v -0.22859 1.05961 0.02663
v -0.25406 1.04305 -0.01642
v -0.26509 1.04406 -0.00076
v -0.23662 1.02994 0.02204
v -0.25210 0.97441 0.08404
v -0.25406 1.03644 0.03200
v -0.25406 1.03644 0.03200
v -0.26509 1.04406 -0.00076
v -0.24051 1.10531 0.01297
v -0.25406 1.03644 0.03200
v -0.25441 0.97521 0.06397
v -0.24974 0.98056 0.01920
v -0.24146 0.97387 0.05858
v -0.25210 0.97441 0.08404
v -0.26509 1.04406 -0.00076
v -0.27291 0.98646 0.00909
v -0.23170 1.05648 0.09048
v -0.26042 1.06327 0.11269
v -0.25366 1.05844 0.12507
v -0.27722 0.97553 0.11530
v -0.25366 1.05844 0.12507
v -0.27722 0.97553 0.11530
v -0.25366 1.05844 0.12507
v -0.25930 1.06017 0.11896
v -0.25366 1.05844 0.12507
v -0.26042 1.06327 0.11269
v -0.25930 1.06017 0.11896
v -0.27160 1.01760 0.11280
v -0.27522 1.05661 -0.04206
v -0.26703 0.99166 -0.01826
v -0.27522 1.05661 -0.04206
v -0.26703 0.99166 -0.01826
v -0.25930 1.06017 0.11896
v -0.30380 1.06923 0.14026
v -0.27160 1.01760 0.11280
v -0.25441 0.97521 0.06397
v -0.27278 0.97830 0.07984
v -0.27908 0.89662 0.05472
v -0.28605 0.98208 0.08732
v -0.28990 1.00221 -0.04119
v -0.25441 0.97521 0.06397
v -0.28605 0.98208 0.08732
v -0.27278 0.97830 0.07984
v -0.27722 0.97553 0.11530
v -0.25441 0.97521 0.06397
v -0.31072 0.93207 -0.04231
v -0.27291 0.98646 0.00909
v -0.25930 1.06017 0.11896
v -0.26042 1.06327 0.11269
v -0.30380 1.06923 0.14026
v -0.27866 1.00032 0.10359
v -0.29217 0.99966 -0.03572
v -0.29680 1.08125 0.00081
v -0.28290 1.18474 -0.00357
v -0.30223 1.06308 -0.03315
v -0.30492 1.05646 -0.00106
v -0.28605 0.98208 0.08732
v -0.28231 0.97445 0.08384
v -0.28239 1.00266 0.09031
v -0.29217 0.99966 -0.03572
v -0.28605 0.98208 0.08732
v -0.26509 1.04406 -0.00076
v -0.30492 1.05646 -0.00106
v -0.28990 1.00221 -0.04119
v -0.32299 1.01425 0.12745
v -0.27866 1.00032 0.10359
v -0.29003 0.94208 0.07860
v -0.30527 0.98086 0.09426
v -0.28020 0.97255 0.08903
v -0.28231 0.97445 0.08384
v -0.28020 0.97255 0.08903
v -0.29003 0.94208 0.07860
v -0.28231 0.97445 0.08384
v -0.30527 0.98086 0.09426
v -0.31889 0.97806 0.10998
v -0.29820 1.00446 0.09864
v -0.28239 1.00266 0.09031
v -0.27866 1.00032 0.10359
v -0.31574 1.00584 -0.03652
v -0.27522 1.05661 -0.04206
v -0.28990 1.00221 -0.04119
v -0.28239 1.00266 0.09031
v -0.30223 1.06308 -0.03315
v -0.29570 1.00338 0.11092
v -0.28020 0.97255 0.08903
v -0.31889 0.97806 0.10998
v -0.30275 0.89077 0.08054
v -0.29820 1.00446 0.09864
v -0.29570 1.00338 0.11092
v -0.31271 1.14492 0.00120
v -0.30544 1.07779 0.13722
v -0.30380 1.06923 0.14026
v -0.33535 1.11704 0.15554
v -0.29939 1.07434 0.14796
v -0.30380 1.06923 0.14026
v -0.30544 1.07779 0.13722
v -0.29939 1.07434 0.14796
v -0.32839 1.08023 0.15826
v -0.31850 1.01019 0.14007
v -0.29939 1.07434 0.14796
v -0.30544 1.07779 0.13722
v -0.32839 1.08023 0.15826
v -0.30223 1.06308 -0.03315
v -0.30758 1.10129 -0.04129
v -0.30075 1.09844 -0.03466
v -0.29570 1.00338 0.11092
v -0.30527 0.98086 0.09426
v -0.29820 1.00446 0.09864
v -0.31020 1.06664 -0.02696
v -0.30075 1.09844 -0.03466
v -0.29680 1.08125 0.00081
v -0.31020 1.06664 -0.02696
v -0.31020 1.06664 -0.02696
v -0.30223 1.06308 -0.03315
v -0.30075 1.09844 -0.03466
v -0.30492 1.05646 -0.00106
v -0.31574 1.00584 -0.03652
v -0.31850 1.01019 0.14007
v -0.30527 0.98086 0.09426
v -0.29570 1.00338 0.11092
v -0.31889 0.97806 0.10998
v -0.31574 1.00584 -0.03652
v -0.32299 1.01425 0.12745
v -0.30527 1.22405 0.15970
v -0.29680 1.08125 0.00081
v -0.30075 1.09844 -0.03466
v -0.34669 1.09571 0.01465
v -0.34338 1.08582 0.15530
v -0.34669 1.09571 0.01465
v -0.33038 0.98104 0.13219
v -0.34338 1.08582 0.15530
v -0.30758 1.10129 -0.04129
v -0.33909 1.10875 -0.02156
v -0.33221 0.93281 -0.04190
v -0.31574 1.00584 -0.03652
v -0.29217 0.99966 -0.03572
v -0.33601 1.14940 0.00857
v -0.33038 0.98104 0.13219
v -0.29570 1.00338 0.11092
v -0.32299 1.01425 0.12745
v -0.33909 1.10875 -0.02156
v -0.30758 1.10129 -0.04129
v -0.35806 1.03713 -0.03040
v -0.34593 1.10618 -0.00692
v -0.32299 1.01425 0.12745
v -0.34765 0.98755 0.12389
v -0.33038 0.98104 0.13219
v -0.34646 1.01873 0.14917
v -0.33555 1.15018 -0.00611
v -0.32981 1.15091 -0.01925
v -0.33563 1.15449 -0.03125
v -0.35227 0.89922 0.12246
v -0.33909 1.10875 -0.02156
v -0.33563 1.15449 -0.03125
v -0.32981 1.15091 -0.01925
v -0.34765 0.98755 0.12389
v -0.32299 1.01425 0.12745
v -0.37289 1.02842 0.13248
v -0.33221 0.93281 -0.04190
v -0.31850 1.01019 0.14007
v -0.37289 1.02842 0.13248
v -0.32299 1.01425 0.12745
v -0.35227 0.89922 0.12246
v -0.33909 1.10875 -0.02156
v -0.32981 1.15091 -0.01925
v -0.33555 1.15018 -0.00611
v -0.39353 1.16521 0.01190
v -0.36182 0.88387 -0.06282
v -0.34941 1.09530 -0.03675
v -0.33601 1.14940 0.00857
v -0.34593 1.10618 -0.00692
v -0.34646 1.01873 0.14917
v -0.36504 1.08964 0.15533
v -0.33601 1.14940 0.00857
v -0.34669 1.09571 0.01465
v -0.37362 1.15854 0.02394
v -0.34338 1.08582 0.15530
v -0.36504 1.08964 0.15533
v -0.32839 1.08023 0.15826
v -0.34855 1.10314 0.14269
v -0.34338 1.08582 0.15530
v -0.33535 1.11704 0.15554
v -0.34941 1.09530 -0.03675
v -0.36467 1.11444 -0.02617
v -0.33563 1.15449 -0.03125
v -0.36182 0.88387 -0.06282
v -0.35255 1.09029 0.14134
v -0.35806 1.03713 -0.03040
v -0.39353 1.16521 0.01190
v -0.34338 1.08582 0.15530
v -0.35255 1.09029 0.14134
v -0.36382 1.09234 0.14400
v -0.36382 1.09234 0.14400
v -0.34855 1.10314 0.14269
v -0.36053 1.10545 0.14543
v -0.35255 1.09029 0.14134
v -0.30527 1.22405 0.15970
v -0.36504 1.08964 0.15533
v -0.37616 1.07463 -0.03022
v -0.38209 0.97652 -0.04730
v -0.34104 1.22847 0.09506
v -0.37456 1.11906 0.08561
v -0.34855 1.10314 0.14269
v -0.37456 1.11906 0.08561
v -0.36053 1.10545 0.14543
v -0.39858 0.92902 0.11782
v -0.38056 1.02939 0.14719
v -0.39935 1.04695 -0.02058
v -0.34941 1.09530 -0.03675
v -0.38169 1.10229 0.10165
v -0.38056 1.02939 0.14719
v -0.36504 1.08964 0.15533
v -0.38169 1.10229 0.10165
v -0.37613 0.97364 -0.03648
v -0.36382 1.09234 0.14400
v -0.36053 1.10545 0.14543
v -0.34941 1.09530 -0.03675
v -0.38209 0.97652 -0.04730
v -0.39935 1.04695 -0.02058
v -0.38056 1.02939 0.14719
v -0.37328 1.11747 -0.02215
v -0.38445 1.10776 -0.02283
v -0.38926 1.06633 -0.02596
v -0.38131 1.03224 0.12313
v -0.37362 1.15854 0.02394
v -0.38005 1.10937 0.02178
v -0.38849 1.10963 0.02840
v -0.39868 1.12854 0.05082
v -0.35727 1.22759 0.02432
v -0.35420 1.22797 0.05348
v -0.38465 1.12706 0.04856
v -0.38131 1.03224 0.12313
v -0.38939 0.97753 0.11805
v -0.37289 1.02842 0.13248
v -0.38849 1.10963 0.02840
v -0.35727 1.22759 0.02432
v -0.38465 1.12706 0.04856
v -0.40449 1.12149 0.00772
v -0.39750 1.04244 0.09864
v -0.39253 1.11118 -0.01264
v -0.38881 1.10812 0.04296
v -0.40005 1.11393 0.01774
v -0.37362 1.15854 0.02394
v -0.39353 1.16521 0.01190
v -0.37613 0.97364 -0.03648
v -0.39058 0.97522 -0.02821
v -0.38209 0.97652 -0.04730
v -0.36467 1.11444 -0.02617
v -0.37328 1.11747 -0.02215
v -0.40050 1.12128 -0.00290
v -0.39858 0.92902 0.11782
v -0.39750 1.04244 0.09864
v -0.38465 1.12706 0.04856
v -0.38881 1.10812 0.04296
v -0.39868 1.12854 0.05082
v -0.39868 1.12854 0.05082
v -0.38005 1.10937 0.02178
v -0.36467 1.11444 -0.02617
v -0.40050 1.12128 -0.00290
v -0.40449 1.12149 0.00772
v -0.38939 0.97753 0.11805
v -0.38131 1.03224 0.12313
v -0.39990 0.95994 0.11619
v -0.40050 1.12128 -0.00290
v -0.38926 1.06633 -0.02596
v -0.39935 1.04695 -0.02058
v -0.39025 1.06384 -0.01796
v -0.39949 1.04586 0.07707
v -0.38131 1.03224 0.12313
v -0.39949 1.04586 0.07707
v -0.39990 0.95994 0.11619
v -0.38005 1.10937 0.02178
v -0.40005 1.11393 0.01774
v -0.38849 1.10963 0.02840
v -0.40230 1.11004 0.04708
v -0.40230 1.11004 0.04708
v -0.39947 1.08387 -0.02016
v -0.41608 1.05613 0.04471
v -0.38881 1.10812 0.04296
v -0.40230 1.11004 0.04708
v -0.39500 0.95539 0.11285
v -0.40448 1.06853 -0.01155
v -0.40448 1.06853 -0.01155
v -0.38926 1.06633 -0.02596
v -0.39025 1.06384 -0.01796
v -0.39353 1.16521 0.01190
v -0.40449 1.12149 0.00772
v -0.40005 1.11393 0.01774
v -0.39025 1.06384 -0.01796
v -0.41128 1.11515 0.02113
v -0.43665 0.98741 -0.00607
v -0.40935 1.08618 -0.00615
v -0.40449 1.12149 0.00772
v -0.41608 1.05613 0.04471
v -0.40821 1.05269 0.04815
v -0.41128 1.11515 0.02113
v -0.39962 1.05117 0.04280
v -0.41963 0.97177 0.03553
v -0.42854 0.97368 0.04239
v -0.39962 1.05117 0.04280
v -0.42854 0.97368 0.04239
v -0.40821 1.05269 0.04815
v -0.40821 1.05269 0.04815
v -0.41128 1.11515 0.02113
v -0.40005 1.11393 0.01774
v -0.41607 1.05999 0.01234
v -0.41607 1.05999 0.01234
v -0.43665 0.98741 -0.00607
v -0.41607 1.05999 0.01234
v -0.43665 0.98741 -0.00607
v -0.42517 1.06180 0.01574
v -0.42517 1.06180 0.01574
v -0.44029 0.93357 0.00688
v -0.39962 1.05117 0.04280
v -0.42517 1.06180 0.01574
v -0.42854 0.97368 0.04239
v -0.41963 0.97177 0.03553
v -0.41043 0.96406 0.06053
v -0.41963 0.97177 0.03553
v -0.21261 1.00963 -0.05761
v -0.24511 1.06159 0.03482
v -0.25748 1.11506 0.00138
v -0.27278 0.97830 0.07984
v -0.26042 1.06327 0.11269
v -0.34855 1.10314 0.14269
v -0.37456 1.11906 0.08561
v -0.38465 1.12706 0.04856
v -0.40448 1.06853 -0.01155
v -0.40935 1.08618 -0.00615
v -0.20308 0.95316 0.02567
v -0.21392 0.95640 -0.05656
v -0.21543 0.90202 -0.05418
v -0.21543 0.90202 -0.05418
v -0.21392 0.95640 -0.05656
v -0.19085 0.95480 -0.07050
v -0.28171 0.90403 0.02684
v -0.25441 0.97521 0.06397
v -0.27908 0.89662 0.05472
v -0.29258 0.91083 0.00818
v -0.27908 0.89662 0.05472
v -0.29221 0.89883 0.03392
v -0.28171 0.90403 0.02684
v -0.29258 0.91083 0.00818
v -0.28171 0.90403 0.02684
v -0.29800 0.92157 -0.02619
v -0.30345 0.89327 0.07090
v -0.27908 0.89662 0.05472
v -0.27278 0.97830 0.07984
v -0.29003 0.94208 0.07860
v -0.29221 0.89883 0.03392
v -0.29327 0.86229 0.05439
v -0.30387 0.86860 0.03031
v -0.30363 0.86259 0.05626
v -0.29714 0.85733 0.02508
v -0.28171 0.90403 0.02684
v -0.30387 0.86860 0.03031
v -0.27908 0.89662 0.05472
v -0.30363 0.86259 0.05626
v -0.29327 0.86229 0.05439
v -0.27908 0.89662 0.05472
v -0.29221 0.89883 0.03392
v -0.29098 0.85424 0.02366
v -0.30272 0.84962 0.02592
v -0.29098 0.85424 0.02366
v -0.30272 0.84962 0.02592
v -0.30031 0.84766 0.03136
v -0.31181 0.86235 -0.01887
v -0.29714 0.85733 0.02508
v -0.29098 0.85424 0.02366
v -0.31186 0.88013 -0.02851
v -0.29800 0.92157 -0.02619
v -0.29714 0.85733 0.02508
v -0.28171 0.90403 0.02684
v -0.29807 0.84446 0.04264
v -0.30031 0.84766 0.03136
v -0.30450 0.84710 0.03931
v -0.31072 0.93207 -0.04231
v -0.31681 0.86381 -0.01542
v -0.31072 0.93207 -0.04231
v -0.30031 0.84766 0.03136
v -0.30272 0.84962 0.02592
v -0.31411 0.80287 0.02039
v -0.30387 0.86860 0.03031
v -0.29327 0.86229 0.05439
v -0.30912 0.87013 0.03191
v -0.33221 0.93281 -0.04190
v -0.29217 0.99966 -0.03572
v -0.31072 0.93207 -0.04231
v -0.31186 0.88013 -0.02851
v -0.31693 0.85986 -0.03307
v -0.29800 0.92157 -0.02619
v -0.29807 0.84446 0.04264
v -0.31336 0.78295 0.03277
v -0.30031 0.84766 0.03136
v -0.29098 0.85424 0.02366
v -0.31348 0.79085 0.02404
v -0.30499 0.78926 0.02097
v -0.29800 0.92157 -0.02619
v -0.31693 0.85986 -0.03307
v -0.31847 0.89461 -0.04984
v -0.31766 0.85329 0.02230
v -0.32467 0.86220 -0.02387
v -0.30272 0.84962 0.02592
v -0.30031 0.84766 0.03136
v -0.29098 0.85424 0.02366
v -0.32640 0.79445 -0.02123
v -0.31181 0.86235 -0.01887
v -0.31072 0.93207 -0.04231
v -0.30912 0.87013 0.03191
v -0.30272 0.84962 0.02592
v -0.30912 0.87013 0.03191
v -0.31766 0.85329 0.02230
v -0.31681 0.86381 -0.01542
v -0.30499 0.78926 0.02097
v -0.32564 0.86231 -0.04817
v -0.32467 0.86220 -0.02387
v -0.32800 0.85925 -0.00423
v -0.32467 0.86220 -0.02387
v -0.32467 0.86220 -0.02387
v -0.32467 0.86220 -0.02387
v -0.32978 0.81720 -0.01697
v -0.31181 0.86235 -0.01887
v -0.32978 0.81720 -0.01697
v -0.32467 0.86220 -0.02387
v -0.32335 0.79989 0.00465
v -0.31181 0.86235 -0.01887
v -0.32640 0.79445 -0.02123
v -0.32978 0.81720 -0.01697
v -0.32640 0.79445 -0.02123
v -0.30499 0.78926 0.02097
v -0.32210 0.79106 0.00002
v -0.32564 0.86231 -0.04817
v -0.31693 0.85986 -0.03307
v -0.31847 0.89461 -0.04984
v -0.34687 0.88356 -0.04338
v -0.32564 0.86231 -0.04817
v -0.34660 0.86304 -0.04342
v -0.34660 0.86304 -0.04342
v -0.33221 0.93281 -0.04190
v -0.34687 0.88356 -0.04338
v -0.34699 0.87827 -0.04776
v -0.34699 0.87827 -0.04776
v -0.36182 0.88387 -0.06282
v -0.33221 0.93281 -0.04190
v -0.29003 0.94208 0.07860
v -0.28020 0.97255 0.08903
v -0.30275 0.89077 0.08054
v -0.30345 0.89327 0.07090
v -0.30345 0.89327 0.07090
v -0.31109 0.85998 0.06397
v -0.30363 0.86259 0.05626
v -0.30363 0.86259 0.05626
v -0.30912 0.87013 0.03191
v -0.29327 0.86229 0.05439
v -0.29807 0.84446 0.04264
v -0.30450 0.84710 0.03931
v -0.31249 0.85042 0.04621
v -0.31297 0.84962 0.04167
v -0.31678 0.84198 0.06055
v -0.30450 0.84710 0.03931
v -0.30031 0.84766 0.03136
v -0.32340 0.79965 0.01311
v -0.30912 0.87013 0.03191
v -0.30363 0.86259 0.05626
v -0.31249 0.85042 0.04621
v -0.31411 0.80287 0.02039
v -0.32340 0.79965 0.01311
v -0.30031 0.84766 0.03136
v -0.31678 0.84198 0.06055
v -0.31297 0.84962 0.04167
v -0.31336 0.78295 0.03277
v -0.31348 0.79085 0.02404
v -0.30031 0.84766 0.03136
v -0.32866 0.78679 0.02743
v -0.30790 0.85706 0.07290
v -0.31678 0.84198 0.06055
v -0.31109 0.85998 0.06397
v -0.31109 0.85998 0.06397
v -0.30345 0.89327 0.07090
v -0.35657 0.86918 0.08048
v -0.30275 0.89077 0.08054
v -0.31889 0.97806 0.10998
v -0.33833 0.89864 0.09781
v -0.31297 0.84962 0.04167
v -0.30450 0.84710 0.03931
v -0.32866 0.78679 0.02743
v -0.31249 0.85042 0.04621
v -0.31336 0.78295 0.03277
v -0.29807 0.84446 0.04264
v -0.31766 0.85329 0.02230
v -0.30345 0.89327 0.07090
v -0.30275 0.89077 0.08054
v -0.33833 0.89864 0.09781
v -0.31297 0.84962 0.04167
v -0.32144 0.85197 0.04550
v -0.31766 0.85329 0.02230
v -0.31348 0.79085 0.02404
v -0.32210 0.79106 0.00002
v -0.30499 0.78926 0.02097
v -0.32566 0.79756 0.06453
v -0.30790 0.85706 0.07290
v -0.31109 0.85998 0.06397
v -0.35657 0.86918 0.08048
v -0.32210 0.79106 0.00002
v -0.32878 0.79835 0.05587
v -0.31411 0.80287 0.02039
v -0.32335 0.79989 0.00465
v -0.32340 0.79965 0.01311
v -0.34610 0.90278 0.08478
v -0.32469 0.74281 0.02755
v -0.33088 0.75273 -0.00311
v -0.39666 0.83421 0.08351
v -0.32469 0.74281 0.02755
v -0.32335 0.79989 0.00465
v -0.32640 0.79445 -0.02123
v -0.33437 0.79255 -0.01778
v -0.30790 0.85706 0.07290
v -0.37049 0.80599 0.08755
v -0.32566 0.79756 0.06453
v -0.32866 0.78679 0.02743
v -0.32335 0.79989 0.00465
v -0.33426 0.79524 0.00731
v -0.31249 0.85042 0.04621
v -0.31678 0.84198 0.06055
v -0.36392 0.86094 0.07281
v -0.32640 0.79445 -0.02123
v -0.33437 0.79255 -0.01778
v -0.32978 0.81720 -0.01697
v -0.32800 0.85925 -0.00423
v -0.31766 0.85329 0.02230
v -0.33300 0.80332 0.01330
v -0.32144 0.85197 0.04550
v -0.33437 0.79255 -0.01778
v -0.35227 0.89922 0.12246
v -0.33833 0.89864 0.09781
v -0.31889 0.97806 0.10998
v -0.35750 0.86485 0.02187
v -0.32978 0.81720 -0.01697
v -0.34610 0.90278 0.08478
v -0.35099 0.86550 0.09444
v -0.31766 0.85329 0.02230
v -0.35750 0.86485 0.02187
v -0.33300 0.80332 0.01330
v -0.35099 0.86550 0.09444
v -0.33426 0.79524 0.00731
v -0.37077 0.80416 0.01073
v -0.34864 0.85249 -0.05161
v -0.35201 0.85063 -0.04346
v -0.35201 0.85063 -0.04346
v -0.34842 0.76581 -0.02854
v -0.37498 0.80611 0.07905
v -0.32878 0.79835 0.05587
v -0.32566 0.79756 0.06453
v -0.33426 0.79524 0.00731
v -0.36207 0.85347 0.08419
v -0.34660 0.86304 -0.04342
v -0.33426 0.79524 0.00731
v -0.37077 0.80416 0.01073
v -0.32866 0.78679 0.02743
v -0.32878 0.79835 0.05587
v -0.37498 0.80611 0.07905
v -0.31678 0.84198 0.06055
v -0.32679 0.74224 0.02171
v -0.34842 0.76581 -0.02854
v -0.33088 0.75273 -0.00311
v -0.34864 0.85249 -0.05161
v -0.32978 0.81720 -0.01697
v -0.34610 0.90278 0.08478
v -0.33833 0.89864 0.09781
v -0.35099 0.86550 0.09444
v -0.36377 0.90271 0.10942
v -0.33833 0.89864 0.09781
v -0.35227 0.89922 0.12246
v -0.33833 0.89864 0.09781
v -0.36377 0.90271 0.10942
v -0.38306 0.86757 0.04994
v -0.37401 0.86017 0.07139
v -0.34687 0.88356 -0.04338
v -0.34660 0.86304 -0.04342
v -0.35201 0.85063 -0.04346
v -0.37807 0.90884 0.11178
v -0.36710 0.78135 -0.05750
v -0.38315 0.82029 -0.04830
v -0.34864 0.85249 -0.05161
v -0.35657 0.86918 0.08048
v -0.37291 0.85730 -0.04237
v -0.34687 0.88356 -0.04338
v -0.35492 0.88249 -0.03655
v -0.34699 0.87827 -0.04776
v -0.36710 0.78135 -0.05750
v -0.38465 0.79591 0.05626
v -0.35798 0.85938 0.09362
v -0.34687 0.88356 -0.04338
v -0.35201 0.85063 -0.04346
v -0.35492 0.88249 -0.03655
v -0.37049 0.80599 0.08755
v -0.36614 0.87890 -0.03223
v -0.36182 0.88387 -0.06282
v -0.34699 0.87827 -0.04776
v -0.38905 0.86939 0.04162
v -0.36710 0.78135 -0.05750
v -0.36614 0.87890 -0.03223
v -0.36392 0.86094 0.07281
v -0.37231 0.85450 -0.03338
v -0.40420 0.86167 0.08831
v -0.37401 0.86017 0.07139
v -0.32144 0.85197 0.04550
v -0.36207 0.85347 0.08419
v -0.35798 0.85938 0.09362
v -0.36392 0.86094 0.07281
v -0.35806 1.03713 -0.03040
v -0.36182 0.88387 -0.06282
v -0.37613 0.97364 -0.03648
v -0.36207 0.85347 0.08419
v -0.36614 0.87890 -0.03223
v -0.37291 0.85730 -0.04237
v -0.37049 0.80599 0.08755
v -0.37807 0.90884 0.11178
v -0.35227 0.89922 0.12246
v -0.34765 0.98755 0.12389
v -0.37231 0.85450 -0.03338
v -0.36392 0.86094 0.07281
v -0.35798 0.85938 0.09362
v -0.37856 0.85693 0.10290
v -0.38905 0.86939 0.04162
v -0.37077 0.80416 0.01073
v -0.35750 0.86485 0.02187
v -0.37856 0.85693 0.10290
v -0.36182 0.88387 -0.06282
v -0.36614 0.87890 -0.03223
v -0.37557 0.85972 -0.06137
v -0.37498 0.80611 0.07905
v -0.40313 0.78290 -0.01559
v -0.47060 0.80216 -0.02051
v -0.38465 0.79591 0.05626
v -0.37231 0.85450 -0.03338
v -0.37291 0.85730 -0.04237
v -0.37807 0.90884 0.11178
v -0.34765 0.98755 0.12389
v -0.39858 0.92902 0.11782
v -0.41050 0.80202 0.06978
v -0.40420 0.86167 0.08831
v -0.40420 0.86167 0.08831
v -0.39058 0.97522 -0.02821
v -0.38512 0.86085 0.08456
v -0.38618 0.82003 -0.05261
v -0.38315 0.82029 -0.04830
v -0.43746 0.83070 -0.03118
v -0.37557 0.85972 -0.06137
v -0.38618 0.82003 -0.05261
v -0.38536 0.81958 -0.04761
v -0.40467 0.86041 0.09715
v -0.41659 0.86540 -0.03961
v -0.38512 0.86085 0.08456
v -0.41547 0.86212 0.11029
v -0.38618 0.82003 -0.05261
v -0.38315 0.82029 -0.04830
v -0.38536 0.81958 -0.04761
v -0.40527 0.80750 0.03334
v -0.38512 0.86085 0.08456
v -0.39646 0.81130 0.08679
v -0.39666 0.83421 0.08351
v -0.39500 0.95539 0.11285
v -0.39858 0.92902 0.11782
v -0.38939 0.97753 0.11805
v -0.39354 0.82147 -0.04435
v -0.40467 0.86041 0.09715
v -0.39646 0.81130 0.08679
v -0.38512 0.86085 0.08456
v -0.40202 0.80528 0.04059
v -0.38905 0.86939 0.04162
v -0.38306 0.86757 0.04994
v -0.40527 0.80750 0.03334
v -0.40005 0.86858 0.06112
v -0.40527 0.80750 0.03334
v -0.40775 0.90356 0.11004
v -0.41276 0.75691 0.07112
v -0.39646 0.81130 0.08679
v -0.40467 0.86041 0.09715
v -0.41583 0.80684 0.05278
v -0.41050 0.80202 0.06978
v -0.41547 0.86212 0.11029
v -0.39500 0.95539 0.11285
v -0.39990 0.95994 0.11619
v -0.40775 0.90356 0.11004
v -0.40202 0.80528 0.04059
v -0.42217 0.86215 0.10844
v -0.39058 0.97522 -0.02821
v -0.42856 0.86811 -0.04568
v -0.38209 0.97652 -0.04730
v -0.40005 0.86858 0.06112
v -0.42556 0.86632 0.07630
v -0.38306 0.86757 0.04994
v -0.41276 0.75691 0.07112
v -0.41547 0.86212 0.11029
v -0.38209 0.97652 -0.04730
v -0.42856 0.86811 -0.04568
v -0.46424 0.87591 -0.01429
v -0.40202 0.80528 0.04059
v -0.41318 0.86272 0.08322
v -0.41862 0.81887 0.08912
v -0.40467 0.86041 0.09715
v -0.41318 0.86272 0.08322
v -0.42217 0.86215 0.10844
v -0.39990 0.95994 0.11619
v -0.42854 0.97368 0.04239
v -0.39666 0.83421 0.08351
v -0.39646 0.81130 0.08679
v -0.41276 0.75691 0.07112
v -0.42856 0.86811 -0.04568
v -0.39058 0.97522 -0.02821
v -0.41659 0.86540 -0.03961
v -0.42556 0.86632 0.07630
v -0.41280 0.83439 0.08291
v -0.41547 0.86212 0.11029
v -0.40775 0.90356 0.11004
v -0.42217 0.86215 0.10844
v -0.42322 0.83214 0.06859
v -0.41862 0.81887 0.08912
v -0.42217 0.86215 0.10844
v -0.41280 0.83439 0.08291
v -0.41050 0.80202 0.06978
v -0.42322 0.83214 0.06859
v -0.41043 0.96406 0.06053
v -0.43486 0.87046 0.05395
v -0.42854 0.97368 0.04239
v -0.40420 0.86167 0.08831
v -0.42322 0.83214 0.06859
v -0.41318 0.86272 0.08322
v -0.42322 0.83214 0.06859
v -0.40420 0.86167 0.08831
v -0.41583 0.80684 0.05278
v -0.39354 0.82147 -0.04435
v -0.47060 0.80216 -0.02051
v -0.41583 0.80684 0.05278
v -0.43746 0.83070 -0.03118
v -0.41963 0.97177 0.03553
v -0.44029 0.93357 0.00688
v -0.41043 0.96406 0.06053
v -0.43665 0.98741 -0.00607
v -0.43486 0.87046 0.05395
v -0.43526 0.76125 0.08142
v -0.43163 0.81262 0.06763
v -0.44244 0.87274 0.05858
v -0.43163 0.81262 0.06763
v -0.44244 0.87274 0.05858
v -0.43526 0.76125 0.08142
v -0.43486 0.87046 0.05395
v -0.44244 0.87274 0.05858
v -0.42854 0.97368 0.04239
v -0.44936 0.86918 0.01413
v -0.43846 0.90421 0.01300
v -0.42900 0.90277 0.01235
v -0.45047 0.86968 -0.01156
v -0.43846 0.90421 0.01300
v -0.43549 0.90125 0.00060
v -0.42900 0.90277 0.01235
v -0.44225 0.86903 -0.00124
v -0.44131 0.85853 0.01388
v -0.42900 0.90277 0.01235
v -0.46055 0.83692 -0.01736
v -0.43549 0.90125 0.00060
v -0.43163 0.81262 0.06763
v -0.45149 0.82568 0.02538
v -0.44732 0.82348 0.02473
v -0.46055 0.83692 -0.01736
v -0.45149 0.82568 0.02538
v -0.42556 0.86632 0.07630
v -0.44936 0.86918 0.01413
v -0.43486 0.87046 0.05395
v -0.41276 0.75691 0.07112
v -0.45847 0.78489 0.01774
v -0.45847 0.78489 0.01774
v -0.41659 0.86540 -0.03961
v -0.45047 0.86968 -0.01156
v -0.42856 0.86811 -0.04568
v -0.44371 0.90406 0.00310
v -0.43163 0.81262 0.06763
v -0.43526 0.76125 0.08142
v -0.44732 0.82348 0.02473
v -0.45403 0.87302 -0.00155
v -0.43549 0.90125 0.00060
v -0.44371 0.90406 0.00310
v -0.44131 0.85853 0.01388
v -0.43665 0.98741 -0.00607
v -0.46424 0.87591 -0.01429
v -0.44732 0.82348 0.02473
v -0.44225 0.86903 -0.00124
v -0.44371 0.90406 0.00310
v -0.43846 0.90421 0.01300
v -0.44936 0.86918 0.01413
v -0.45149 0.82568 0.02538
v -0.45403 0.87302 -0.00155
v -0.44225 0.86903 -0.00124
v -0.45047 0.86968 -0.01156
v -0.44131 0.85853 0.01388
v -0.44225 0.86903 -0.00124
v -0.45403 0.87302 -0.00155
v -0.44131 0.85853 0.01388
v -0.46055 0.83692 -0.01736
v -0.46424 0.87591 -0.01429
v -0.44936 0.86918 0.01413
v -0.45975 0.87395 -0.00193
v -0.45975 0.87395 -0.00193
v -0.46055 0.83692 -0.01736
v -0.45047 0.86968 -0.01156
v -0.47060 0.80216 -0.02051
v -0.32210 0.79106 0.00002
v 0.02427 0.97209 0.15028
v -0.02106 1.01683 0.15395
v -0.02292 0.95348 0.14753
v -0.06601 0.92091 -0.07665
v -0.06597 0.92176 -0.11053
v 0.01479 0.92016 -0.08127
v -0.06601 0.92091 -0.07665
v 0.01479 0.92016 -0.08127
v -0.02072 0.84316 -0.07675
v 0.06658 0.99180 -0.11062
v -0.06597 0.92176 -0.11053
v -0.06485 0.99268 -0.11066
v -0.06527 0.99395 -0.07733
v 0.06502 0.99435 -0.07662
v -0.06485 0.99268 -0.11066
v -0.05737 0.86560 -0.07339
v -0.04837 1.02008 0.15433
v -0.01672 0.92547 0.15447
v -0.06750 1.00645 -0.07746
v -0.03788 1.15473 -0.08013
v -0.06527 0.99395 -0.07733
v -0.04945 1.03411 0.15366
v -0.01259 1.15781 0.15493
v -0.04902 1.03263 0.17307
v -0.04837 1.02008 0.15433
v -0.04945 1.03411 0.15366
v -0.09496 1.03527 -0.07408
v -0.10603 1.03569 0.15286
v -0.04902 1.03263 0.17307
v -0.04945 1.03411 0.15366
v -0.06641 0.99372 -0.10126
v -0.06527 0.99395 -0.07733
v -0.06641 0.99372 -0.10126
v -0.06750 1.00645 -0.07746
v -0.06595 1.00571 -0.10059
v -0.10603 1.03569 0.15286
v -0.06641 0.99372 -0.10126
v -0.06485 0.99268 -0.11066
v -0.06597 0.92176 -0.11053
v -0.06741 0.94413 -0.10037
v -0.06749 0.94346 -0.07586
v -0.06601 0.92091 -0.07665
v -0.06750 1.00645 -0.07746
v -0.06595 1.00571 -0.10059
v -0.09277 1.00637 -0.09511
v -0.13801 1.03552 0.17261
v -0.09842 0.94480 -0.09973
v -0.06741 0.94413 -0.10037
v -0.06749 0.94346 -0.07586
v -0.09842 0.94480 -0.09973
v -0.09760 1.00566 -0.09978
v -0.06641 0.99372 -0.10126
v -0.06829 0.85559 -0.06590
v -0.06595 1.00571 -0.10059
v -0.06749 0.94346 -0.07586
v -0.09799 0.94439 -0.07107
v -0.09799 0.94439 -0.07107
v -0.09481 1.00679 -0.07237
v -0.09413 1.03559 -0.09323
v -0.09496 1.03527 -0.07408
v -0.09277 1.00637 -0.09511
v -0.09481 1.00679 -0.07237
v -0.09760 1.00566 -0.09978
v -0.13731 1.03609 0.12866
v -0.10642 1.03697 0.13332
v -0.09077 1.03813 0.13078
v -0.09481 1.00679 -0.07237
v -0.06741 0.94413 -0.10037
v -0.13731 1.03609 0.12866
v -0.09077 1.03813 0.13078
v -0.09056 1.14643 0.13059
v -0.09077 1.03813 0.13078
v -0.10642 1.03697 0.13332
v -0.09056 1.14643 0.13059
v -0.09842 0.96940 -0.07165
v -0.09877 0.96986 -0.09243
v -0.09799 0.94439 -0.07107
v -0.09842 0.94480 -0.09973
v -0.09760 1.00566 -0.09978
v -0.09760 1.00566 -0.09978
v -0.09877 0.96986 -0.09243
v -0.09277 1.00637 -0.09511
v -0.12182 1.03626 -0.06627
v -0.09798 1.15548 -0.07269
v -0.11322 0.80028 -0.06153
v -0.10642 1.03697 0.13332
v -0.10603 1.03569 0.15286
v -0.10633 1.15075 0.15617
v -0.10642 1.03697 0.13332
v -0.11235 1.03535 0.14095
v -0.09277 1.00637 -0.09511
v -0.14776 1.03456 -0.07840
v -0.09413 1.03559 -0.09323
v -0.12182 1.03626 -0.06627
v -0.09496 1.03527 -0.07408
v -0.14776 1.03456 -0.07840
v -0.09413 1.03559 -0.09323
v -0.14196 0.96979 -0.05796
v -0.09842 0.96940 -0.07165
v -0.13748 1.03601 0.14103
v -0.11525 1.01870 0.12979
v -0.11493 1.01853 0.13872
v -0.11235 1.03535 0.14095
v -0.11235 1.03535 0.14095
v -0.10642 1.03697 0.13332
v -0.11525 1.01870 0.12979
v -0.09877 0.96986 -0.09243
v -0.14771 0.97169 -0.07825
v -0.13731 1.03609 0.12866
v -0.11525 1.01870 0.12979
v -0.10642 1.03697 0.13332
v -0.12182 1.03626 -0.06627
v -0.12415 1.03619 -0.05158
v -0.12109 1.15457 -0.05397
v -0.14196 0.96979 -0.05796
v -0.14771 0.97169 -0.07825
v -0.09842 0.96940 -0.07165
v -0.12415 1.03619 -0.05158
v -0.13396 1.03672 -0.06052
v -0.13801 1.03552 0.17261
v -0.13841 0.93145 0.17376
v -0.04902 1.03263 0.17307
v -0.11235 1.03535 0.14095
v -0.11493 1.01853 0.13872
v -0.13693 1.01944 0.13990
v -0.09877 0.96986 -0.09243
v -0.13748 1.03601 0.14103
v -0.12109 1.15457 -0.05397
v -0.12415 1.03619 -0.05158
v -0.13396 1.03672 -0.06052
v -0.13801 1.03552 0.17261
v -0.13748 1.03601 0.14103
v -0.13960 1.03713 0.15490
v -0.15652 1.03764 0.12713
v -0.10570 1.14923 0.13178
v -0.13686 1.01962 0.12834
v -0.13693 1.01944 0.13990
v -0.11493 1.01853 0.13872
v -0.11525 1.01870 0.12979
v -0.13686 1.01962 0.12834
v -0.14202 1.03466 -0.05477
v -0.13686 1.01962 0.12834
v -0.13731 1.03609 0.12866
v -0.13748 1.03601 0.14103
v -0.13693 1.01944 0.13990
v -0.13731 1.03609 0.12866
v -0.13960 1.03713 0.15490
v -0.13836 0.94747 0.15716
v -0.13801 1.03552 0.17261
v -0.13836 0.94747 0.15716
v -0.13960 1.03713 0.15490
v -0.17156 1.03579 0.15529
v -0.15887 0.84729 -0.04754
v -0.15310 0.98327 -0.05272
v -0.14202 1.03466 -0.05477
v -0.14771 0.97169 -0.07825
v -0.14211 0.98293 -0.05097
v -0.14776 1.03456 -0.07840
v -0.14196 0.96979 -0.05796
v -0.15310 0.98327 -0.05272
v -0.14211 0.98293 -0.05097
v -0.14196 0.96979 -0.05796
v -0.15080 0.98253 -0.04661
v -0.14211 0.98293 -0.05097
v -0.15310 0.98327 -0.05272
v -0.15012 1.01221 -0.04885
v -0.14202 1.03466 -0.05477
v -0.14211 0.98293 -0.05097
v -0.15080 0.98253 -0.04661
v -0.15080 0.98253 -0.04661
v -0.15310 0.98327 -0.05272
v -0.15012 1.01221 -0.04885
v -0.16890 1.15262 -0.03868
v -0.13396 1.03672 -0.06052
v -0.16394 1.00856 -0.08199
v -0.16765 1.01539 -0.03619
v -0.15844 1.15062 0.05334
v -0.15742 1.03538 0.10716
v -0.15652 1.03764 0.12713
v -0.16251 1.01457 0.00446
v -0.15578 1.14929 0.12734
v -0.15690 1.01478 0.10686
v -0.17156 1.03579 0.15529
v -0.15652 1.03764 0.12713
v -0.15742 1.03538 0.10716
v -0.13731 1.03609 0.12866
v -0.17191 1.01455 0.10870
v -0.15742 1.03538 0.10716
v -0.15690 1.01478 0.10686
v -0.16890 1.15262 -0.03868
v -0.16765 1.01539 -0.03619
v -0.15887 0.84729 -0.04754
v -0.16394 1.00856 -0.08199
v -0.16765 1.01539 -0.03619
v -0.15012 1.01221 -0.04885
v -0.16920 0.84838 -0.07593
v -0.16251 1.01457 0.00446
v -0.17191 1.01455 0.10870
v -0.15690 1.01478 0.10686
v -0.21261 1.00963 -0.05761
v -0.17109 1.03676 0.10949
v -0.19080 1.01486 0.01952
v -0.17109 1.03676 0.10949
v -0.13960 1.03713 0.15490
v -0.17109 1.03676 0.10949
v -0.17273 1.00990 0.11637
v -0.17156 1.03579 0.15529
v -0.17222 0.96889 0.11275
v -0.17191 1.01455 0.10870
v -0.16394 1.00856 -0.08199
v -0.16920 0.84838 -0.07593
v -0.18814 1.00870 -0.07433
v -0.17273 1.00990 0.11637
v -0.17862 0.97098 0.11602
v -0.17222 0.96889 0.11275
v -0.18776 0.97183 -0.07123
v -0.19085 0.95480 -0.07050
v -0.19400 1.00876 0.08627
v -0.19479 0.97026 0.08443
v -0.17862 0.97098 0.11602
v -0.19378 0.88121 -0.06499
v -0.17273 1.00990 0.11637
v -0.17273 1.00990 0.11637
v -0.19400 1.00876 0.08627
v -0.20163 1.00869 0.02193
v -0.19526 0.96775 0.02574
v -0.20046 0.97594 0.02548
v -0.20308 0.95316 0.02567
v -0.20046 0.97594 0.02548
v -0.20174 0.90283 0.02926
v -0.20174 0.90283 0.02926
v -0.21559 0.88105 -0.05367
v -0.21645 0.85205 -0.05161
v -0.21597 0.88430 -0.05316
v -0.20308 0.95316 0.02567
v -0.21543 0.90202 -0.05418
v -0.21104 0.89888 -0.02540
v -0.21543 0.90202 -0.05418
v -0.21559 0.88105 -0.05367
v -0.21597 0.88430 -0.05316
v -0.02106 1.01683 0.15395
v -0.09496 1.03527 -0.07408
v -0.13731 1.03609 0.12866
v -0.16251 1.01457 0.00446
v -0.16765 1.01539 -0.03619
v -0.19479 0.97026 0.08443
v -0.20046 0.97594 0.02548
v -0.20308 0.95316 0.02567
v -0.20174 0.90283 0.02926
v 0.03389 0.80408 -0.04575
v -0.00966 0.80823 0.00513
v -0.03305 0.80348 -0.04394
v -0.01672 0.92547 0.15447
v -0.04771 0.82924 0.15552
v 0.01876 0.92481 0.15689
v 0.01527 0.81249 0.11094
v -0.01550 0.81187 0.11074
v 0.00397 0.80503 0.07634
v 0.05285 0.83016 0.15735
v -0.04771 0.82924 0.15552
v -0.06483 0.83087 0.14952
v -0.01129 0.80682 0.02689
v 0.01495 0.80619 0.01800
v 0.06663 0.81878 0.13539
v -0.10681 0.82083 0.12521
v 0.00397 0.80503 0.07634
v -0.00839 0.79769 0.08031
v -0.01129 0.80682 0.02689
v -0.01550 0.81187 0.11074
v -0.00839 0.79769 0.08031
v 0.00397 0.80503 0.07634
v -0.04323 0.81909 -0.05983
v -0.02072 0.84316 -0.07675
v 0.04829 0.81708 -0.05974
v 0.03389 0.80408 -0.04575
v -0.03305 0.80348 -0.04394
v -0.01129 0.80682 0.02689
v -0.00839 0.79769 0.08031
v -0.01510 0.78137 0.01798
v -0.01672 0.92547 0.15447
v 0.01876 0.92481 0.15689
v -0.02630 0.92758 0.14098
v -0.00966 0.80823 0.00513
v -0.02630 0.92758 0.14098
v -0.02292 0.95348 0.14753
v -0.01672 0.92547 0.15447
v -0.02292 0.95348 0.14753
v -0.02630 0.92758 0.14098
v 0.02182 0.92780 0.14294
v -0.02106 1.01683 0.15395
v -0.03305 0.80348 -0.04394
v -0.04190 0.76385 0.11435
v -0.02590 0.72342 0.11296
v -0.01550 0.81187 0.11074
v -0.06483 0.83087 0.14952
v -0.10646 0.82882 0.14642
v -0.03058 0.92628 0.12744
v -0.04842 0.74629 -0.05247
v -0.04849 0.72633 -0.04695
v -0.04098 0.78561 0.11459
v -0.04251 0.78412 0.10546
v -0.04359 0.76360 0.10581
v -0.04098 0.78561 0.11459
v -0.04190 0.76385 0.11435
v -0.04323 0.81909 -0.05983
v -0.06829 0.85559 -0.06590
v -0.04837 1.02008 0.15433
v -0.04837 1.02008 0.15433
v -0.04902 1.03263 0.17307
v -0.04771 0.82924 0.15552
v -0.04977 0.83072 0.17383
v -0.05737 0.86560 -0.07339
v -0.11730 0.77022 0.12689
v -0.04190 0.76385 0.11435
v -0.04359 0.76360 0.10581
v -0.06405 0.72795 -0.05927
v -0.04842 0.74629 -0.05247
v -0.10681 0.82083 0.12521
v -0.04251 0.78412 0.10546
v -0.11922 0.79378 0.11889
v -0.07759 0.76756 0.11135
v -0.07759 0.76756 0.11135
v -0.04405 0.74457 0.11517
v -0.11730 0.77022 0.12689
v -0.11322 0.80028 -0.06153
v -0.04977 0.83072 0.17383
v -0.04902 1.03263 0.17307
v -0.10526 0.82842 0.17305
v -0.04359 0.76360 0.10581
v -0.04251 0.78412 0.10546
v -0.04098 0.78561 0.11459
v -0.11922 0.79378 0.11889
v -0.11998 0.75140 0.11672
v -0.04405 0.74457 0.11517
v -0.11847 0.75355 0.12906
v -0.11949 0.79484 0.12694
v -0.10646 0.82882 0.14642
v -0.10526 0.82842 0.17305
v -0.04977 0.83072 0.17383
v -0.12007 0.77358 0.11818
v -0.11268 0.73410 -0.05454
v -0.11949 0.79484 0.12694
v -0.04771 0.82924 0.15552
v -0.12007 0.77358 0.11818
v -0.11847 0.75355 0.12906
v -0.13841 0.93145 0.17376
v -0.13556 0.82805 0.12999
v -0.13556 0.82805 0.12999
v -0.11730 0.77022 0.12689
v -0.12007 0.77358 0.11818
v -0.11949 0.79484 0.12694
v -0.11922 0.79378 0.11889
v -0.13895 0.82959 0.17262
v -0.17164 0.74093 -0.03616
v -0.13886 0.82894 0.15650
v -0.13895 0.82959 0.17262
v -0.13872 0.76484 0.12867
v -0.15887 0.84729 -0.04754
v -0.14153 0.82844 0.11059
v -0.13895 0.82959 0.17262
v -0.13841 0.93145 0.17376
v -0.13836 0.94747 0.15716
v -0.13886 0.82894 0.15650
v -0.13886 0.82894 0.15650
v -0.13836 0.94747 0.15716
v -0.16811 0.82913 0.15615
v -0.13801 1.03552 0.17261
v -0.13556 0.82805 0.12999
v -0.14153 0.82844 0.11059
v -0.14769 0.76523 0.11288
v -0.13872 0.76484 0.12867
v -0.17380 0.76835 0.14144
v -0.13161 0.72126 0.13143
v -0.16811 0.82913 0.15615
v -0.16938 0.82911 0.11705
v -0.18275 0.76074 -0.03206
v -0.14153 0.82844 0.11059
v -0.17195 0.78410 0.11688
v -0.14769 0.76523 0.11288
v -0.16938 0.82911 0.11705
v -0.17628 0.77044 0.11897
v -0.17156 1.03579 0.15529
v -0.13872 0.76484 0.12867
v -0.14769 0.76523 0.11288
v -0.17628 0.77044 0.11897
v -0.16912 0.84783 -0.04160
v -0.17195 0.78410 0.11688
v -0.16938 0.82911 0.11705
v -0.16763 0.83929 0.10988
v -0.16848 0.85003 0.09356
v -0.16811 0.82913 0.15615
v -0.17225 0.85187 0.11411
v -0.17222 0.96889 0.11275
v -0.17156 1.03579 0.15529
v -0.18275 0.76074 -0.03206
v -0.16610 0.84849 -0.02346
v -0.16912 0.84783 -0.04160
v -0.17766 0.77006 0.13543
v -0.17380 0.76835 0.14144
v -0.17389 0.76214 -0.01342
v -0.17615 0.78290 0.08737
v -0.18154 0.85008 0.03872
v -0.16848 0.85003 0.09356
v -0.19546 0.85154 0.08514
v -0.17222 0.96889 0.11275
v -0.17862 0.97098 0.11602
v -0.18079 0.90046 0.11502
v -0.16912 0.84783 -0.04160
v -0.16920 0.84838 -0.07593
v -0.15887 0.84729 -0.04754
v -0.17225 0.85187 0.11411
v -0.17967 0.85148 0.11606
v -0.17628 0.77044 0.11897
v -0.17195 0.78410 0.11688
v -0.17704 0.78104 0.13434
v -0.17766 0.77006 0.13543
v -0.17225 0.85187 0.11411
v -0.16610 0.84849 -0.02346
v -0.17389 0.76214 -0.01342
v -0.19662 0.85048 -0.00692
v -0.17967 0.85148 0.11606
v -0.17615 0.78290 0.08737
v -0.22197 0.78006 -0.01875
v -0.17195 0.78410 0.11688
v -0.18154 0.85008 0.03872
v -0.18079 0.90046 0.11502
v -0.17862 0.97098 0.11602
v -0.19479 0.97026 0.08443
v -0.17704 0.78104 0.13434
v -0.18835 0.78533 0.13291
v -0.17766 0.77006 0.13543
v -0.17704 0.78104 0.13434
v -0.20090 0.78365 0.13448
v -0.18835 0.78533 0.13291
v -0.17389 0.76214 -0.01342
v -0.18275 0.76074 -0.03206
v -0.18381 0.77687 -0.03347
v -0.20074 0.77983 0.00080
v -0.18381 0.77687 -0.03347
v -0.16610 0.84849 -0.02346
v -0.21645 0.85205 -0.05161
v -0.19230 0.77064 -0.04275
v -0.20074 0.77983 0.00080
v -0.17389 0.76214 -0.01342
v -0.18381 0.77687 -0.03347
v -0.19544 0.88084 0.08419
v -0.17967 0.85148 0.11606
v -0.20074 0.77983 0.00080
v -0.19662 0.85048 -0.00692
v -0.19553 0.89996 0.08441
v -0.20074 0.77983 0.00080
v -0.19662 0.85048 -0.00692
v -0.20550 0.85226 0.02661
v -0.19230 0.77064 -0.04275
v -0.19546 0.85154 0.08514
v -0.21645 0.85205 -0.05161
v -0.19378 0.88121 -0.06499
v -0.16920 0.84838 -0.07593
v -0.20090 0.78365 0.13448
v -0.20174 0.90283 0.02926
v -0.20423 0.88276 0.02606
v -0.20550 0.85226 0.02661
v -0.21559 0.88105 -0.05367
v -0.19230 0.77064 -0.04275
v -0.22128 0.70938 -0.02682
v -0.23399 0.77290 -0.02272
v -0.21104 0.89888 -0.02540
v -0.21645 0.85205 -0.05161
v -0.23399 0.77290 -0.02272
v -0.20090 0.78365 0.13448
v -0.22197 0.78006 -0.01875
v -0.21854 0.77599 0.05368
v -0.21854 0.77599 0.05368
v -0.22602 0.71242 0.06318
v -0.20090 0.78365 0.13448
v -0.23399 0.77290 -0.02272
v -0.23399 0.77290 -0.02272
v -0.23951 0.71015 -0.01897
v -0.00966 0.80823 0.00513
v -0.01550 0.81187 0.11074
v -0.04323 0.81909 -0.05983
v -0.04190 0.76385 0.11435
v -0.13872 0.76484 0.12867
v -0.21854 0.77599 0.05368
v 0.19442 1.29690 0.00658
v 0.19539 1.27064 -0.05753
v 0.19593 1.33150 -0.04271
v 0.14670 1.35180 -0.04836
v 0.19593 1.33150 -0.04271
v 0.16668 1.32234 -0.05275
v 0.16724 1.27036 -0.06703
v 0.19539 1.27064 -0.05753
v 0.19674 1.40555 -0.01806
v 0.16668 1.32234 -0.05275
v 0.16724 1.27036 -0.06703
v 0.16875 1.31967 -0.07242
v 0.16724 1.27036 -0.06703
v 0.16593 1.26920 -0.05893
v 0.16875 1.31967 -0.07242
v 0.16668 1.32234 -0.05275
v 0.14502 1.34047 -0.08261
v 0.14107 1.34571 -0.05474
v 0.14107 1.34571 -0.05474
v 0.16875 1.31967 -0.07242
v 0.14436 1.38981 -0.03188
v 0.14670 1.35180 -0.04836
v 0.14751 1.34696 -0.09323
v 0.14749 1.36706 -0.09442
v 0.14146 1.25954 -0.08900
v 0.14502 1.34047 -0.08261
v 0.16875 1.31967 -0.07242
v 0.14670 1.35180 -0.04836
v 0.14107 1.34571 -0.05474
v 0.14751 1.34696 -0.09323
v 0.14628 1.38825 -0.06934
v 0.14147 1.34516 -0.08092
v 0.14436 1.38981 -0.03188
v 0.14502 1.34047 -0.08261
v 0.14146 1.25954 -0.08900
v 0.14514 1.26219 -0.10284
v 0.14461 1.34329 -0.09448
v 0.14147 1.34516 -0.08092
v 0.12041 1.36777 -0.09442
v 0.14628 1.38825 -0.06934
v 0.14749 1.36706 -0.09442
v 0.14436 1.38981 -0.03188
v 0.13673 1.38929 -0.02337
v 0.13896 1.40867 -0.02580
v 0.13673 1.38929 -0.02337
v 0.13542 1.40445 -0.00899
v 0.13896 1.40867 -0.02580
v 0.12079 1.34425 -0.08872
v 0.12002 1.38811 -0.07247
v 0.14436 1.38981 -0.03188
v 0.14628 1.38825 -0.06934
v 0.11646 1.38849 -0.03376
v 0.13673 1.38929 -0.02337
v 0.13542 1.40445 -0.00899
v 0.11546 1.40688 -0.02080
v 0.13896 1.40867 -0.02580
v 0.11646 1.38849 -0.03376
v 0.11859 1.40501 -0.01149
v 0.13673 1.38929 -0.02337
v 0.13542 1.40445 -0.00899
v 0.14502 1.34047 -0.08261
v 0.14461 1.34329 -0.09448
v 0.04223 1.34340 -0.10867
v 0.14502 1.34047 -0.08261
v 0.12079 1.34425 -0.08872
v 0.14147 1.34516 -0.08092
v 0.12002 1.38811 -0.07247
v 0.14514 1.26219 -0.10284
v 0.11550 1.26111 -0.10787
v 0.04408 1.31889 -0.11170
v 0.12239 1.40830 -0.02927
v 0.12140 1.40520 -0.05442
v 0.12125 1.46185 -0.03347
v 0.12079 1.34425 -0.08872
v 0.14502 1.34047 -0.08261
v 0.04223 1.34340 -0.10867
v 0.11546 1.40688 -0.02080
v 0.13782 1.45989 -0.02064
v 0.13896 1.40867 -0.02580
v 0.12135 1.45813 -0.05831
v 0.12079 1.34425 -0.08872
v 0.12041 1.36777 -0.09442
v 0.14749 1.36706 -0.09442
v 0.12239 1.40830 -0.02927
v 0.10078 1.46173 -0.03388
v 0.10000 1.40747 -0.02922
v 0.14751 1.34696 -0.09323
v 0.12125 1.46185 -0.03347
v 0.12135 1.45813 -0.05831
v 0.09987 1.45761 -0.05854
v 0.14461 1.34329 -0.09448
v 0.12239 1.40830 -0.02927
v 0.10742 1.40314 -0.05340
v 0.12140 1.40520 -0.05442
v 0.12041 1.36777 -0.09442
v 0.12079 1.34425 -0.08872
v 0.11835 1.35979 -0.07864
v 0.12002 1.38811 -0.07247
v 0.11859 1.40501 -0.01149
v 0.12125 1.46185 -0.03347
v 0.11705 1.36131 -0.05225
v 0.11646 1.38849 -0.03376
v 0.11622 1.46052 -0.02161
v 0.09314 1.40298 -0.02500
v 0.10742 1.40314 -0.05340
v 0.10626 1.42992 -0.05731
v 0.12140 1.40520 -0.05442
v 0.10000 1.40747 -0.02922
v 0.11705 1.36131 -0.05225
v 0.10664 1.37898 -0.04940
v 0.11546 1.40688 -0.02080
v 0.11279 1.40943 0.02280
v 0.11622 1.46052 -0.02161
v 0.11859 1.40501 -0.01149
v 0.11279 1.40943 0.02280
v 0.11546 1.40688 -0.02080
v 0.10078 1.46173 -0.03388
v 0.12135 1.45813 -0.05831
v 0.10666 1.37702 -0.06822
v 0.10742 1.40314 -0.05340
v 0.10664 1.37898 -0.04940
v 0.10664 1.42791 -0.07282
v 0.10626 1.42992 -0.05731
v 0.08269 1.39940 0.01898
v 0.11279 1.40943 0.02280
v 0.11859 1.40501 -0.01149
v 0.09773 1.40553 -0.04658
v 0.09987 1.45761 -0.05854
v 0.09891 1.42896 -0.04822
v 0.10626 1.42992 -0.05731
v 0.07192 1.42794 -0.07281
v 0.09314 1.40298 -0.02500
v 0.10664 1.42791 -0.07282
v 0.10742 1.40314 -0.05340
v 0.07119 1.40608 -0.04753
v 0.10664 1.37898 -0.04940
v 0.09891 1.42896 -0.04822
v 0.09987 1.45761 -0.05854
v 0.10626 1.42992 -0.05731
v 0.09773 1.40553 -0.04658
v 0.10000 1.40747 -0.02922
v 0.10078 1.46173 -0.03388
v 0.09987 1.45761 -0.05854
v 0.09891 1.42896 -0.04822
v 0.07119 1.40608 -0.04753
v 0.07182 1.43038 -0.04955
v 0.08451 1.41408 0.03915
v 0.09891 1.42896 -0.04822
v 0.07182 1.43038 -0.04955
v 0.07119 1.40608 -0.04753
v 0.11835 1.35979 -0.07864
v 0.12079 1.34425 -0.08872
v 0.04223 1.34340 -0.10867
v 0.09773 1.40553 -0.04658
v 0.04451 1.35973 -0.09339
v 0.11705 1.36131 -0.05225
v 0.11835 1.35979 -0.07864
v 0.10666 1.37702 -0.06822
v 0.10664 1.37898 -0.04940
v 0.07091 1.37670 -0.06930
v 0.04451 1.35973 -0.09339
v 0.07112 1.37592 -0.05351
v 0.10664 1.42791 -0.07282
v 0.10666 1.37702 -0.06822
v 0.07091 1.37670 -0.06930
v 0.01781 1.39167 -0.04969
v 0.11705 1.36131 -0.05225
v 0.06985 1.36747 -0.05774
v 0.07112 1.37592 -0.05351
v 0.06917 1.40745 -0.07394
v 0.07192 1.42794 -0.07281
v 0.04434 1.36091 -0.07669
v 0.04223 1.34340 -0.10867
v 0.10664 1.37898 -0.04940
v -0.02856 1.39872 -0.04166
v 0.01781 1.39167 -0.04969
v 0.04346 1.36182 -0.06318
v 0.10080 1.24402 -0.11015
v 0.04346 1.36182 -0.06318
v 0.07192 1.42794 -0.07281
v 0.06917 1.40745 -0.07394
v 0.07182 1.43038 -0.04955
v 0.07119 1.40608 -0.04753
v 0.07073 1.41132 -0.05241
v 0.06985 1.36747 -0.05774
v 0.07091 1.37670 -0.06930
v 0.07112 1.37592 -0.05351
v 0.06957 1.36700 -0.06969
v 0.06917 1.40745 -0.07394
v 0.07091 1.37670 -0.06930
v 0.06957 1.36700 -0.06969
v 0.06917 1.40745 -0.07394
v 0.06957 1.36700 -0.06969
v 0.04328 1.36769 -0.07124
v -0.02856 1.39872 -0.04166
v 0.08078 1.39914 0.09785
v 0.07119 1.40608 -0.04753
v 0.07073 1.41132 -0.05241
v 0.01781 1.39167 -0.04969
v 0.06985 1.36747 -0.05774
v 0.04346 1.36182 -0.06318
v 0.06957 1.36700 -0.06969
v 0.06957 1.36700 -0.06969
v 0.04346 1.36182 -0.06318
v 0.04328 1.36769 -0.07124
v 0.04328 1.36769 -0.07124
v 0.04346 1.36182 -0.06318
v 0.04434 1.36091 -0.07669
v 0.04451 1.35973 -0.09339
v 0.03976 1.33759 -0.07781
v 0.04434 1.36091 -0.07669
v 0.04041 1.33735 -0.09022
v 0.04408 1.31889 -0.11170
v 0.04024 1.32160 -0.10288
v 0.04223 1.34340 -0.10867
v 0.00671 1.31966 -0.11171
v 0.04024 1.32160 -0.10288
v 0.04408 1.31889 -0.11170
v 0.03976 1.33759 -0.07781
v -0.01444 1.33580 -0.07810
v 0.04434 1.36091 -0.07669
v -0.04331 1.36593 -0.07552
v 0.04328 1.36769 -0.07124
v 0.04434 1.36091 -0.07669
v 0.01495 1.32079 -0.10307
v 0.01495 1.32079 -0.10307
v 0.04041 1.33735 -0.09022
v 0.04024 1.32160 -0.10288
v 0.00671 1.31966 -0.11171
v 0.00635 1.22056 -0.12066
v 0.03976 1.33759 -0.07781
v 0.04041 1.33735 -0.09022
v 0.01563 1.33704 -0.09211
v 0.01563 1.33704 -0.09211
v 0.03976 1.33759 -0.07781
v 0.01563 1.33704 -0.09211
v 0.01495 1.32079 -0.10307
v 0.01425 1.32000 -0.07740
v 0.03976 1.33759 -0.07781
v 0.01425 1.32000 -0.07740
v 0.00755 1.32002 -0.10025
v 0.00755 1.32002 -0.10025
v 0.00671 1.31966 -0.11171
v 0.00635 1.22056 -0.12066
v 0.00532 1.21947 -0.10748
v -0.00535 1.31890 -0.10110
v 0.00755 1.32002 -0.10025
v 0.07073 1.41132 -0.05241
v -0.06795 1.38687 -0.04849
v 0.01781 1.39167 -0.04969
v 0.07073 1.41132 -0.05241
v 0.06917 1.40745 -0.07394
v -0.07081 1.40770 -0.07132
v -0.01458 1.32048 -0.07787
v -0.07081 1.40770 -0.07132
v 0.04408 1.31889 -0.11170
v 0.18907 1.26842 0.00734
v 0.19539 1.27064 -0.05753
v 0.19442 1.29690 0.00658
v 0.19539 1.27064 -0.05753
v 0.18907 1.26842 0.00734
v 0.19269 1.26939 -0.04468
v 0.19365 1.19487 -0.05229
v 0.19269 1.26939 -0.04468
v 0.18907 1.26842 0.00734
v 0.19365 1.19487 -0.05229
v 0.15426 1.21492 -0.07573
v 0.19269 1.26939 -0.04468
v 0.19365 1.19487 -0.05229
v 0.17434 1.19219 0.01041
v 0.18036 1.19298 -0.05102
v 0.16593 1.26920 -0.05893
v 0.17434 1.19219 0.01041
v 0.17903 1.15279 -0.05047
v 0.18036 1.19298 -0.05102
v 0.17540 1.19178 0.14398
v 0.16478 1.24107 -0.06548
v 0.16593 1.26920 -0.05893
v 0.16724 1.27036 -0.06703
v 0.14126 1.19446 -0.08351
v 0.16698 1.18957 0.13563
v 0.16609 1.24062 -0.08167
v 0.16875 1.31967 -0.07242
v 0.16478 1.24107 -0.06548
v 0.16593 1.26920 -0.05893
v 0.17903 1.15279 -0.05047
v 0.15813 1.15076 0.04747
v 0.16726 1.15216 -0.03844
v 0.14126 1.19446 -0.08351
v 0.15655 1.24274 -0.08653
v 0.16478 1.24107 -0.06548
v 0.15436 1.23991 -0.07049
v 0.15436 1.23991 -0.07049
v 0.15448 1.14937 0.12689
v 0.16609 1.24062 -0.08167
v 0.15590 1.21524 -0.09900
v 0.15672 1.24300 -0.09832
v 0.15655 1.24274 -0.08653
v 0.15426 1.21492 -0.07573
v 0.14141 1.15422 -0.07596
v 0.15672 1.24300 -0.09832
v 0.15590 1.21524 -0.09900
v 0.14173 1.24418 -0.10326
v 0.15436 1.23991 -0.07049
v 0.14203 1.21296 -0.08282
v 0.15590 1.21524 -0.09900
v 0.15426 1.21492 -0.07573
v 0.15655 1.24274 -0.08653
v 0.16875 1.31967 -0.07242
v 0.16609 1.24062 -0.08167
v 0.14203 1.21296 -0.08282
v 0.14146 1.25954 -0.08900
v 0.13321 1.15245 -0.06059
v 0.14141 1.15422 -0.07596
v 0.18036 1.19298 -0.05102
v 0.17903 1.15279 -0.05047
v 0.14159 1.21565 -0.10401
v 0.14034 1.19389 -0.07627
v 0.14034 1.19389 -0.07627
v 0.13910 1.18097 -0.07776
v 0.14159 1.21565 -0.10401
v 0.15655 1.24274 -0.08653
v 0.15672 1.24300 -0.09832
v 0.14173 1.24418 -0.10326
v 0.14159 1.21565 -0.10401
v 0.14203 1.21296 -0.08282
v 0.14321 1.20118 -0.10327
v 0.14207 1.24557 -0.09170
v 0.14126 1.19446 -0.08351
v 0.14321 1.20118 -0.10327
v 0.14126 1.19446 -0.08351
v 0.14246 1.20029 -0.09789
v 0.14207 1.24557 -0.09170
v 0.14207 1.24557 -0.09170
v 0.14173 1.24418 -0.10326
v 0.14285 1.25694 -0.10138
v 0.14146 1.25954 -0.08900
v 0.14159 1.21565 -0.10401
v 0.14139 1.24237 -0.10910
v 0.14173 1.24418 -0.10326
v 0.14246 1.20029 -0.09789
v 0.14126 1.19446 -0.08351
v 0.13910 1.18097 -0.07776
v 0.14108 1.18096 -0.09882
v 0.14034 1.19389 -0.07627
v 0.13318 1.03687 -0.06081
v 0.13321 1.15245 -0.06059
v 0.16726 1.15216 -0.03844
v 0.12104 1.15364 -0.06738
v 0.11853 1.25899 -0.10556
v 0.14285 1.25694 -0.10138
v 0.14173 1.24418 -0.10326
v 0.11853 1.25899 -0.10556
v 0.14146 1.25954 -0.08900
v 0.14285 1.25694 -0.10138
v 0.10034 1.18096 -0.09292
v 0.14108 1.18096 -0.09882
v 0.13910 1.18097 -0.07776
v 0.09944 1.15631 -0.09304
v 0.14159 1.21565 -0.10401
v 0.12007 1.21821 -0.11326
v 0.14139 1.24237 -0.10910
v 0.14159 1.21565 -0.10401
v 0.14321 1.20118 -0.10327
v 0.11469 1.20152 -0.10502
v 0.09944 1.15631 -0.09304
v 0.11550 1.26111 -0.10787
v 0.14514 1.26219 -0.10284
v 0.14146 1.25954 -0.08900
v 0.13321 1.15245 -0.06059
v 0.13318 1.03687 -0.06081
v 0.12394 1.15322 -0.05139
v 0.14246 1.20029 -0.09789
v 0.11469 1.20152 -0.10502
v 0.14321 1.20118 -0.10327
v 0.11468 1.25958 -0.09423
v 0.11468 1.25958 -0.09423
v 0.14139 1.24237 -0.10910
v 0.11828 1.24290 -0.10812
v 0.14173 1.24418 -0.10326
v 0.11828 1.24290 -0.10812
v 0.12394 1.15322 -0.05139
v 0.11469 1.20152 -0.10502
v 0.11828 1.24290 -0.10812
v 0.14139 1.24237 -0.10910
v 0.12007 1.21821 -0.11326
v 0.12394 1.15322 -0.05139
v 0.12242 1.03590 -0.06611
v 0.12104 1.15364 -0.06738
v 0.14246 1.20029 -0.09789
v 0.10082 1.18192 -0.10766
v 0.11469 1.20152 -0.10502
v 0.11422 1.24443 -0.09737
v 0.11853 1.25899 -0.10556
v 0.11828 1.24290 -0.10812
v 0.09783 1.15390 -0.07286
v 0.10034 1.18096 -0.09292
v 0.11417 1.24372 -0.10692
v 0.11422 1.24443 -0.09737
v 0.11828 1.24290 -0.10812
v 0.11468 1.25958 -0.09423
v 0.11550 1.26111 -0.10787
v 0.11468 1.25958 -0.09423
v 0.11422 1.24443 -0.09737
v 0.11417 1.24372 -0.10692
v 0.12007 1.21821 -0.11326
v 0.11469 1.20152 -0.10502
v 0.11357 1.21451 -0.10434
v 0.10082 1.18192 -0.10766
v 0.10839 1.14967 0.13031
v 0.08881 1.03892 0.13096
v 0.15448 1.14937 0.12689
v 0.14108 1.18096 -0.09882
v 0.10110 1.21669 -0.11221
v 0.10116 1.24142 -0.11138
v 0.10110 1.21669 -0.11221
v 0.10116 1.24142 -0.11138
v 0.12007 1.21821 -0.11326
v 0.11357 1.21451 -0.10434
v 0.10110 1.21669 -0.11221
v 0.10839 1.14967 0.13031
v 0.10720 1.14862 0.15178
v 0.10739 1.03730 0.13212
v 0.11357 1.21451 -0.10434
v 0.10080 1.24402 -0.11015
v 0.11550 1.26111 -0.10787
v 0.11417 1.24372 -0.10692
v 0.11417 1.24372 -0.10692
v 0.10116 1.24142 -0.11138
v 0.10080 1.24402 -0.11015
v 0.09783 1.15390 -0.07286
v 0.12104 1.15364 -0.06738
v 0.09571 1.03644 -0.07356
v 0.08719 1.14904 0.13054
v 0.10110 1.21669 -0.11221
v 0.09735 1.24377 -0.09979
v 0.10116 1.24142 -0.11138
v 0.10080 1.24402 -0.11015
v 0.10034 1.18096 -0.09292
v 0.09844 1.18329 -0.10016
v 0.10082 1.18192 -0.10766
v 0.09783 1.15390 -0.07286
v 0.10034 1.18096 -0.09292
v 0.09944 1.15631 -0.09304
v 0.09844 1.18329 -0.10016
v 0.10082 1.18192 -0.10766
v 0.09753 1.18330 -0.07149
v 0.10839 1.14967 0.13031
v 0.10739 1.03730 0.13212
v 0.08719 1.14904 0.13054
v 0.10080 1.24402 -0.11015
v 0.09735 1.24377 -0.09979
v 0.09791 1.20867 -0.11400
v 0.09735 1.24377 -0.09979
v 0.09844 1.18329 -0.10016
v 0.09472 1.20637 -0.10124
v 0.09472 1.20637 -0.10124
v 0.09753 1.18330 -0.07149
v 0.03999 1.20953 -0.12057
v 0.09791 1.20867 -0.11400
v 0.09472 1.20637 -0.10124
v 0.05332 1.08666 -0.08074
v 0.03881 1.20757 -0.10745
v 0.03881 1.20757 -0.10745
v 0.09359 1.20305 0.15821
v 0.04342 1.20227 0.15450
v 0.04490 1.15785 0.15766
v 0.09844 1.18329 -0.10016
v 0.09753 1.18330 -0.07149
v 0.03997 1.18251 -0.10620
v 0.04490 1.15785 0.15766
v 0.08906 1.15517 0.15373
v 0.10720 1.14862 0.15178
v 0.09753 1.18330 -0.07149
v 0.04019 1.18301 -0.07809
v 0.03997 1.18251 -0.10620
v 0.09791 1.20867 -0.11400
v 0.03999 1.20953 -0.12057
v 0.04408 1.31889 -0.11170
v 0.05304 1.03382 0.15360
v 0.08906 1.15517 0.15373
v 0.04019 1.18301 -0.07809
v 0.04014 1.15649 -0.07948
v 0.03895 1.15600 -0.10677
v 0.03997 1.18251 -0.10620
v 0.04014 1.15649 -0.07948
v 0.04019 1.18301 -0.07809
v 0.03680 1.21792 -0.10677
v 0.03999 1.20953 -0.12057
v 0.03881 1.20757 -0.10745
v 0.01683 1.15378 -0.08006
v 0.03997 1.18251 -0.10620
v 0.03680 1.21792 -0.10677
v 0.03881 1.20757 -0.10745
v 0.03680 1.21792 -0.10677
v 0.00635 1.22056 -0.12066
v 0.03999 1.20953 -0.12057
v 0.01560 1.20147 0.15448
v 0.04342 1.20227 0.15450
v 0.09299 1.20405 0.17267
v 0.01529 1.15678 0.15371
v 0.01560 1.20147 0.15448
v 0.00532 1.21947 -0.10748
v 0.03680 1.21792 -0.10677
v 0.03997 1.18251 -0.10620
v 0.00031 1.20531 0.17766
v -0.01204 1.20251 0.15524
v 0.00635 1.22056 -0.12066
v 0.03680 1.21792 -0.10677
v 0.00532 1.21947 -0.10748
v 0.00635 1.22056 -0.12066
v 0.03895 1.15600 -0.10677
v 0.00635 1.22056 -0.12066
v 0.00532 1.21947 -0.10748
v 0.00755 1.32002 -0.10025
v 0.03895 1.15600 -0.10677
v 0.04014 1.15649 -0.07948
v -0.03780 1.15521 -0.10673
v -0.01204 1.20251 0.15524
v 0.01683 1.15378 -0.08006
v -0.03788 1.15473 -0.08013
v -0.03780 1.15521 -0.10673
v 0.10080 1.24402 -0.11015
v 0.38095 1.28072 -0.00277
v 0.35778 1.27847 0.04266
v 0.36533 1.27806 0.01008
v 0.36816 1.28052 0.06072
v 0.36162 1.36080 -0.00262
v 0.38095 1.28072 -0.00277
v 0.34128 1.27647 -0.01752
v 0.37474 1.23182 0.00812
v 0.36533 1.27806 0.01008
v 0.35230 1.26488 0.10145
v 0.33965 1.32434 -0.01398
v 0.37334 1.15633 0.02384
v 0.33773 1.14968 0.00967
v 0.32167 1.22380 0.00736
v 0.33775 1.35159 -0.01192
v 0.35778 1.27847 0.04266
v 0.34128 1.27647 -0.01752
v 0.35097 1.22867 0.06699
v 0.38844 1.10959 0.02852
v 0.35776 1.22762 0.02551
v 0.36816 1.28052 0.06072
v 0.38095 1.28072 -0.00277
v 0.36162 1.36080 -0.00262
v 0.37474 1.23182 0.00812
v 0.35932 1.23149 0.08033
v 0.35776 1.22762 0.02551
v 0.34929 1.28462 0.07352
v 0.35932 1.23149 0.08033
v 0.35097 1.22867 0.06699
v 0.35255 1.39642 -0.00203
v 0.34929 1.28462 0.07352
v 0.32167 1.22380 0.00736
v 0.34006 1.27846 0.11746
v 0.33165 1.27913 0.19075
v 0.34006 1.27846 0.11746
v 0.35477 1.28300 0.11423
v 0.37477 1.11969 0.08439
v 0.33063 1.22770 0.12099
v 0.33582 1.40675 0.07226
v 0.34006 1.27846 0.11746
v 0.33063 1.22770 0.12099
v 0.36816 1.28052 0.06072
v 0.35776 1.22762 0.02551
v 0.31938 1.40412 0.13242
v 0.35477 1.28300 0.11423
v 0.32986 1.40824 0.04553
v 0.33582 1.40675 0.07226
v 0.35255 1.39642 -0.00203
v 0.32360 1.36439 -0.01620
v 0.35255 1.39642 -0.00203
v 0.29115 1.27045 -0.03466
v 0.37474 1.23182 0.00812
v 0.31816 1.27282 -0.00701
v 0.36533 1.27806 0.01008
v 0.32526 1.27693 0.16870
v 0.33733 1.40569 0.02006
v 0.32526 1.27693 0.16870
v 0.35255 1.39642 -0.00203
v 0.32808 1.39992 0.00779
v 0.33733 1.40569 0.02006
v 0.31816 1.27282 -0.00701
v 0.32526 1.27693 0.16870
v 0.33398 1.23043 0.17303
v 0.25416 1.38414 -0.03899
v 0.32716 1.41719 0.04035
v 0.33134 1.32352 -0.02084
v 0.30733 1.39287 0.17897
v 0.33115 1.40549 0.05553
v 0.33582 1.40675 0.07226
v 0.32986 1.40824 0.04553
v 0.32582 1.22380 -0.00718
v 0.33165 1.27913 0.19075
v 0.32612 1.34991 -0.02647
v 0.30582 1.30578 -0.02748
v 0.33398 1.23043 0.17303
v 0.32582 1.22380 -0.00718
v 0.32619 1.35308 -0.01574
v 0.33134 1.32352 -0.02084
v 0.30582 1.30578 -0.02748
v 0.33087 1.31002 -0.02350
v 0.33775 1.35159 -0.01192
v 0.32612 1.34991 -0.02647
v 0.32619 1.35308 -0.01574
v 0.32101 1.40886 0.07630
v 0.33582 1.40675 0.07226
v 0.33115 1.40549 0.05553
v 0.30908 1.40702 0.12947
v 0.33115 1.40549 0.05553
v 0.32716 1.41719 0.04035
v 0.31769 1.41171 0.03522
v 0.30748 1.31942 -0.03108
v 0.32619 1.35308 -0.01574
v 0.32612 1.34991 -0.02647
v 0.32360 1.36439 -0.01620
v 0.32360 1.36439 -0.01620
v 0.32612 1.34991 -0.02647
v 0.29846 1.36018 -0.02967
v 0.29115 1.27045 -0.03466
v 0.30737 1.41727 0.12256
v 0.31938 1.40412 0.13242
v 0.30330 1.34849 -0.03033
v 0.29846 1.36018 -0.02967
v 0.32167 1.22380 0.00736
v 0.31816 1.27282 -0.00701
v 0.32582 1.22380 -0.00718
v 0.32138 1.44437 0.00771
v 0.31769 1.41171 0.03522
v 0.32808 1.39992 0.00779
v 0.32526 1.27693 0.16870
v 0.27574 1.27125 0.15952
v 0.33398 1.23043 0.17303
v 0.33087 1.31002 -0.02350
v 0.30908 1.40702 0.12947
v 0.24853 1.26964 0.17491
v 0.30579 1.22457 0.15983
v 0.33552 1.11664 0.15604
v 0.31109 1.13535 0.00120
v 0.30579 1.22457 0.15983
v 0.29693 1.46497 0.06672
v 0.31405 1.27350 0.00002
v 0.30695 1.29692 0.01042
v 0.30733 1.39287 0.17897
v 0.27962 1.31577 0.17976
v 0.33165 1.27913 0.19075
v 0.30579 1.41205 0.07013
v 0.30908 1.40702 0.12947
v 0.30485 1.40075 0.15443
v 0.30733 1.39287 0.17897
v 0.27574 1.27125 0.15952
v 0.30737 1.41727 0.12256
v 0.30579 1.41205 0.07013
v 0.30810 1.29705 -0.00068
v 0.25416 1.38414 -0.03899
v 0.29693 1.46497 0.06672
v 0.32138 1.44437 0.00771
v 0.21255 1.43278 -0.02915
v 0.30485 1.40075 0.15443
v 0.30737 1.41727 0.12256
v 0.29301 1.40850 0.13486
v 0.28306 1.22237 0.16184
v 0.28498 1.30271 -0.03481
v 0.24853 1.26964 0.17491
v 0.28926 1.46556 0.08827
v 0.32138 1.44437 0.00771
v 0.32808 1.39992 0.00779
v 0.24954 1.38825 -0.01758
v 0.28590 1.22097 0.15307
v 0.29311 1.31847 -0.03426
v 0.30330 1.34849 -0.03033
v 0.29846 1.36018 -0.02967
v 0.30330 1.34849 -0.03033
v 0.32360 1.36439 -0.01620
v 0.29301 1.40850 0.13486
v 0.31405 1.27350 0.00002
v 0.30810 1.29705 -0.00068
v 0.28621 1.29629 -0.00582
v 0.26986 1.17857 -0.00476
v 0.28306 1.22237 0.16184
v 0.28461 1.27078 -0.00802
v 0.30695 1.29692 0.01042
v 0.28621 1.29629 -0.00582
v 0.30810 1.29705 -0.00068
v 0.30579 1.22457 0.15983
v 0.28590 1.22097 0.15307
v 0.30593 1.07858 0.13689
v 0.28350 1.29655 0.00217
v 0.30695 1.29692 0.01042
v 0.29301 1.40850 0.13486
v 0.25416 1.38414 -0.03899
v 0.28649 1.34592 -0.03127
v 0.29038 1.39849 0.15599
v 0.31405 1.27350 0.00002
v 0.28467 1.44423 0.15389
v 0.28350 1.29655 0.00217
v 0.29038 1.39849 0.15599
v 0.28461 1.27078 -0.00802
v 0.24954 1.38825 -0.01758
v 0.25187 1.31271 0.17506
v 0.28461 1.27078 -0.00802
v 0.28498 1.30271 -0.03481
v 0.29115 1.27045 -0.03466
v 0.26803 1.30141 -0.04061
v 0.27647 1.34431 0.17737
v 0.27862 1.31482 0.00361
v 0.28238 1.31468 -0.00586
v 0.28621 1.29629 -0.00582
v 0.28350 1.29655 0.00217
v 0.28306 1.22237 0.16184
v 0.27497 1.27178 0.15359
v 0.28590 1.22097 0.15307
v 0.27883 1.30266 -0.00840
v 0.27883 1.30266 -0.00840
v 0.28238 1.31468 -0.00586
v 0.24993 1.11442 0.00359
v 0.21936 1.21011 0.12478
v 0.27497 1.27178 0.15359
v 0.27574 1.27125 0.15952
v 0.25982 1.31343 -0.01327
v 0.21255 1.43278 -0.02915
v 0.27862 1.31482 0.00361
v 0.23253 1.31425 -0.00172
v 0.26149 1.30157 -0.01273
v 0.27497 1.27178 0.15359
v 0.25582 1.27119 0.14801
v 0.28498 1.30271 -0.03481
v 0.27883 1.30266 -0.00840
v 0.26803 1.30141 -0.04061
v 0.26149 1.30157 -0.01273
v 0.24768 1.34063 0.17296
v 0.21411 1.38676 0.14115
v 0.28238 1.31468 -0.00586
v 0.27862 1.31482 0.00361
v 0.25982 1.31343 -0.01327
v 0.25582 1.27119 0.14801
v 0.21057 1.38112 0.16303
v 0.26803 1.30141 -0.04061
v 0.26149 1.30157 -0.01273
v 0.25944 1.31509 -0.01843
v 0.22595 1.31153 -0.02896
v 0.25982 1.31343 -0.01327
v 0.25416 1.38414 -0.03899
v 0.24451 1.29990 0.17302
v 0.24954 1.38825 -0.01758
v 0.25944 1.31509 -0.01843
v 0.23253 1.31425 -0.00172
v 0.25011 1.30040 0.14698
v 0.25582 1.27119 0.14801
v 0.24853 1.26964 0.17491
v 0.23731 1.16657 -0.00248
v 0.22595 1.31153 -0.02896
v 0.21526 1.40026 -0.02809
v 0.25944 1.31509 -0.01843
v 0.24451 1.29990 0.17302
v 0.24451 1.29990 0.17302
v 0.22334 1.29900 0.16943
v 0.25011 1.30040 0.14698
v 0.21120 1.14824 0.09942
v 0.23092 1.13609 0.00632
v 0.22334 1.29900 0.16943
v 0.25011 1.30040 0.14698
v 0.23027 1.29994 0.14285
v 0.22217 1.31156 -0.01120
v 0.25011 1.30040 0.14698
v 0.23027 1.29994 0.14285
v 0.22499 1.31318 0.14550
v 0.22499 1.31318 0.14550
v 0.22376 1.38715 -0.00194
v 0.23253 1.31425 -0.00172
v 0.22763 1.33561 0.00120
v 0.22334 1.29900 0.16943
v 0.22499 1.31318 0.14550
v 0.23027 1.29994 0.14285
v 0.21792 1.39038 0.02306
v 0.22376 1.38715 -0.00194
v 0.21252 1.38670 -0.00846
v 0.23253 1.31425 -0.00172
v 0.22217 1.31156 -0.01120
v 0.22217 1.31156 -0.01120
v 0.21526 1.40026 -0.02809
v 0.22595 1.31153 -0.02896
v 0.19442 1.29690 0.00658
v 0.19293 1.31083 0.12860
v 0.19681 1.23089 0.01180
v 0.24494 1.06222 0.03466
v 0.21120 1.14824 0.09942
v 0.22763 1.33561 0.00120
v 0.21252 1.38670 -0.00846
v 0.23092 1.13609 0.00632
v 0.22376 1.38715 -0.00194
v 0.20206 1.39210 0.03262
v 0.21252 1.38670 -0.00846
v 0.21792 1.39038 0.02306
v 0.19681 1.23089 0.01180
v 0.21792 1.39038 0.02306
v 0.19449 1.34944 0.00798
v 0.18907 1.26842 0.00734
v 0.19055 1.22014 0.10671
v 0.18439 1.28863 0.11750
v 0.20206 1.39210 0.03262
v 0.18664 1.45121 0.03182
v 0.18907 1.26842 0.00734
v 0.19296 1.42618 0.02748
v 0.21255 1.43278 -0.02915
v 0.18664 1.45121 0.03182
v 0.19401 1.37664 0.01981
v 0.20206 1.39210 0.03262
v 0.19281 1.38621 0.03171
v 0.18863 1.39510 0.08812
v 0.19055 1.22014 0.10671
v 0.19674 1.40555 -0.01806
v 0.19449 1.34944 0.00798
v 0.19593 1.33150 -0.04271
v 0.18907 1.26842 0.00734
v 0.19168 1.41375 0.04307
v 0.19464 1.41603 0.00310
v 0.19442 1.29690 0.00658
v 0.19168 1.41375 0.04307
v 0.19401 1.37664 0.01981
v 0.19281 1.38621 0.03171
v 0.19296 1.42618 0.02748
v 0.21936 1.21011 0.12478
v 0.18439 1.28863 0.11750
v 0.17590 1.26535 0.14290
v 0.17590 1.26535 0.14290
v 0.18907 1.26842 0.00734
v 0.17540 1.19178 0.14398
v 0.19365 1.19487 -0.05229
v 0.28926 1.46556 0.08827
v 0.17590 1.26535 0.14290
v 0.17590 1.26535 0.14290
v 0.17540 1.19178 0.14398
v 0.16698 1.18957 0.13563
v 0.17434 1.19219 0.01041
v 0.17903 1.15279 -0.05047
v 0.16698 1.18957 0.13563
v 0.16551 1.15080 0.13560
v 0.16551 1.15080 0.13560
v 0.15448 1.14937 0.12689
v 0.17903 1.15279 -0.05047
v 0.14436 1.38981 -0.03188
v 0.13896 1.40867 -0.02580
v 0.19674 1.40555 -0.01806
v 0.19674 1.40555 -0.01806
v 0.13431 1.42791 0.02115
v 0.19464 1.41603 0.00310
v 0.35097 1.22867 0.06699
v 0.33134 1.32352 -0.02084
v 0.32612 1.34991 -0.02647
v 0.33115 1.40549 0.05553
v 0.32101 1.40886 0.07630
v 0.33063 1.22770 0.12099
v 0.32101 1.40886 0.07630
v 0.30737 1.41727 0.12256
v 0.30582 1.30578 -0.02748
v 0.28498 1.30271 -0.03481
v 0.21057 1.38112 0.16303
v 0.24768 1.34063 0.17296
v 0.27647 1.34431 0.17737
v 0.21057 1.38112 0.16303
v 0.30733 1.39287 0.17897
v 0.21411 1.38676 0.14115
v 0.29038 1.39849 0.15599
v 0.28467 1.44423 0.15389
v 0.17589 1.43258 0.13215
v 0.21411 1.38676 0.14115
v 0.22334 1.29900 0.16943
v 0.22499 1.31318 0.14550
v 0.22334 1.29900 0.16943
v 0.21057 1.38112 0.16303
v 0.21411 1.38676 0.14115
v 0.18364 1.37029 0.13360
v 0.18145 1.41644 0.13563
v 0.22499 1.31318 0.14550
v 0.19202 1.30998 0.13989
v 0.19293 1.31083 0.12860
v 0.22499 1.31318 0.14550
v 0.19168 1.41375 0.04307
v 0.20206 1.39210 0.03262
v 0.18863 1.39510 0.08812
v 0.19202 1.30998 0.13989
v 0.28926 1.46556 0.08827
v 0.17589 1.43258 0.13215
v 0.28467 1.44423 0.15389
v 0.19293 1.31083 0.12860
v 0.19202 1.30998 0.13989
v 0.18835 1.36763 0.11741
v 0.18439 1.28863 0.11750
v 0.19293 1.31083 0.12860
v 0.18438 1.33146 0.12366
v 0.18438 1.33146 0.12366
v 0.19293 1.31083 0.12860
v 0.18835 1.36763 0.11741
v 0.19281 1.38621 0.03171
v 0.19168 1.41375 0.04307
v 0.18863 1.39510 0.08812
v 0.18535 1.39289 0.11023
v 0.18863 1.39510 0.08812
v 0.18859 1.38125 0.10860
v 0.18664 1.45121 0.03182
v 0.17963 1.45147 0.06324
v 0.18364 1.37029 0.13360
v 0.18664 1.45121 0.03182
v 0.19296 1.42618 0.02748
v 0.17963 1.45147 0.06324
v 0.18859 1.38125 0.10860
v 0.18364 1.37029 0.13360
v 0.18835 1.36763 0.11741
v 0.18535 1.39289 0.11023
v 0.18067 1.26686 0.16464
v 0.17590 1.26535 0.14290
v 0.18439 1.28863 0.11750
v 0.18439 1.28863 0.11750
v 0.18438 1.33146 0.12366
v 0.18067 1.26686 0.16464
v 0.18327 1.43448 0.06012
v 0.17975 1.40394 0.16528
v 0.18145 1.41644 0.13563
v 0.18327 1.43448 0.06012
v 0.17564 1.43465 0.06327
v 0.17712 1.42996 0.10408
v 0.18067 1.26686 0.16464
v 0.17975 1.40394 0.16528
v 0.12542 1.35517 0.16892
v 0.19296 1.42618 0.02748
v 0.13431 1.42791 0.02115
v 0.17712 1.42996 0.10408
v 0.19464 1.41603 0.00310
v 0.17589 1.43258 0.13215
v 0.18145 1.41644 0.13563
v 0.18145 1.41644 0.13563
v 0.12625 1.40666 0.16106
v 0.12965 1.43249 0.08803
v 0.17975 1.40394 0.16528
v 0.17590 1.26535 0.14290
v 0.18067 1.26686 0.16464
v 0.12535 1.26612 0.16184
v 0.12535 1.26612 0.16184
v 0.17540 1.19178 0.14398
v 0.17590 1.26535 0.14290
v 0.14198 1.26543 0.14755
v 0.12813 1.41325 0.11977
v 0.14198 1.26543 0.14755
v 0.16698 1.18957 0.13563
v 0.17540 1.19178 0.14398
v 0.13001 1.18933 0.15559
v 0.12510 1.20223 0.15755
v 0.12584 1.26461 0.15527
v 0.15448 1.14937 0.12689
v 0.16551 1.15080 0.13560
v 0.10839 1.14967 0.13031
v 0.13001 1.18933 0.15559
v 0.12625 1.40666 0.16106
v 0.13896 1.40867 -0.02580
v 0.19674 1.40555 -0.01806
v 0.13431 1.42791 0.02115
v 0.13896 1.40867 -0.02580
v 0.13782 1.45989 -0.02064
v 0.12584 1.26461 0.15527
v 0.12831 1.49580 0.08819
v 0.12965 1.43249 0.08803
v 0.12548 1.49998 0.14882
v 0.12643 1.42523 0.14892
v 0.12813 1.41325 0.11977
v 0.12625 1.40666 0.16106
v 0.12357 1.39101 0.18535
v 0.12542 1.35517 0.16892
v 0.12429 1.42329 0.17139
v 0.12402 1.20244 0.18889
v 0.12584 1.26461 0.15527
v 0.12535 1.26612 0.16184
v 0.12510 1.20223 0.15755
v 0.12357 1.39101 0.18535
v 0.09419 1.42341 0.17013
v 0.09417 1.37397 0.18602
v 0.12402 1.20244 0.18889
v 0.09343 1.20281 0.18781
v 0.09359 1.20305 0.15821
v 0.12548 1.49998 0.14882
v 0.12831 1.49580 0.08819
v 0.10980 1.49715 0.10643
v 0.12510 1.20223 0.15755
v 0.09343 1.20281 0.18781
v 0.09359 1.20305 0.15821
v 0.13782 1.45989 -0.02064
v 0.11622 1.46052 -0.02161
v 0.11279 1.48188 0.04818
v 0.16551 1.15080 0.13560
v 0.16698 1.18957 0.13563
v 0.11622 1.46052 -0.02161
v 0.11078 1.42531 0.08026
v 0.11279 1.48188 0.04818
v 0.11279 1.40943 0.02280
v 0.10980 1.49715 0.10643
v 0.10963 1.42410 0.09864
v 0.11279 1.40943 0.02280
v 0.08451 1.41408 0.03915
v 0.11078 1.42531 0.08026
v 0.12429 1.42329 0.17139
v 0.12643 1.42523 0.14892
v 0.09419 1.42341 0.17013
v 0.10720 1.14862 0.15178
v 0.10720 1.14862 0.15178
v 0.12402 1.20244 0.18889
v 0.08523 1.42501 0.08378
v 0.10963 1.42410 0.09864
v 0.12429 1.42329 0.17139
v 0.10658 1.05905 0.15296
v 0.10720 1.14862 0.15178
v 0.08906 1.15517 0.15373
v 0.09359 1.20305 0.15821
v 0.09343 1.20281 0.18781
v 0.09299 1.20405 0.17267
v 0.09430 1.37337 0.16991
v 0.09381 1.34587 0.17007
v 0.09417 1.37397 0.18602
v 0.09389 1.27769 0.16991
v 0.12643 1.42523 0.14892
v 0.09430 1.37337 0.16991
v 0.09419 1.42341 0.17013
v 0.09419 1.42341 0.17013
v 0.10963 1.42410 0.09864
v 0.08523 1.42501 0.08378
v 0.08078 1.39914 0.09785
v 0.09381 1.34587 0.17007
v 0.09430 1.37337 0.16991
v 0.04795 1.37930 0.16989
v 0.04342 1.20227 0.15450
v 0.09359 1.20305 0.15821
v 0.09299 1.20405 0.17267
v 0.12643 1.42523 0.14892
v 0.08078 1.39914 0.09785
v 0.08523 1.42501 0.08378
v 0.08451 1.41408 0.03915
v 0.04490 1.15785 0.15766
v 0.08269 1.39940 0.01898
v 0.08078 1.39914 0.09785
v 0.10980 1.49715 0.10643
v 0.10963 1.42410 0.09864
v 0.09389 1.27769 0.16991
v -0.04038 1.42767 0.14839
v 0.12548 1.49998 0.14882
v 0.01560 1.32727 0.17160
v 0.01402 1.34305 0.17153
v -0.00980 1.32627 0.17379
v 0.09299 1.20405 0.17267
v 0.00031 1.20531 0.17766
v 0.01220 1.36578 0.17394
v -0.01170 1.34431 0.17403
v -0.10849 1.49807 0.14913
v -0.07775 1.49593 0.10579
v 0.13431 1.42791 0.02115
v 0.09389 1.27769 0.16991
v 0.21684 0.88200 -0.05240
v 0.21268 0.90050 -0.02414
v 0.21221 0.88345 -0.02611
v 0.21530 0.95693 -0.05595
v 0.21684 0.88200 -0.05240
v 0.19020 0.95383 -0.07059
v 0.20287 0.96791 0.03190
v 0.20695 0.88457 0.02623
v 0.19628 1.00956 0.08614
v 0.19700 0.96553 0.08873
v 0.19444 0.87997 -0.06510
v 0.17215 1.01418 0.10819
v 0.19628 1.00956 0.08614
v 0.20371 1.00957 0.02344
v 0.19579 1.01436 0.01932
v 0.18913 1.00722 -0.07435
v 0.16670 0.95784 -0.08051
v 0.17807 1.00836 0.11745
v 0.17908 0.98716 0.11755
v 0.15862 1.01405 0.04859
v 0.17919 0.96829 0.11377
v 0.17807 1.00836 0.11745
v 0.17908 0.98716 0.11755
v 0.17807 1.00836 0.11745
v 0.17215 1.01418 0.10819
v 0.17017 0.84813 -0.07543
v 0.17919 0.96829 0.11377
v 0.17249 0.85039 0.10943
v 0.17215 1.01418 0.10819
v 0.17130 1.03646 0.15602
v 0.17197 1.03533 0.10844
v 0.18913 1.00722 -0.07435
v 0.16555 1.00836 -0.08230
v 0.20314 1.01416 -0.05566
v 0.16666 1.01411 -0.03790
v 0.17215 1.01418 0.10819
v 0.15574 1.01467 0.10691
v 0.15584 1.03554 0.10756
v 0.17130 1.03646 0.15602
v 0.17197 1.03533 0.10844
v 0.15508 1.03790 0.12664
v 0.17197 1.03533 0.10844
v 0.16555 1.00836 -0.08230
v 0.16015 0.84780 -0.04804
v 0.16670 0.95784 -0.08051
v 0.17017 0.84813 -0.07543
v 0.15402 0.98211 -0.05294
v 0.16555 1.00836 -0.08230
v 0.16666 1.01411 -0.03790
v 0.15094 1.01370 -0.04756
v 0.16726 1.15216 -0.03844
v 0.15094 1.01370 -0.04756
v 0.16666 1.01411 -0.03790
v 0.16726 1.15216 -0.03844
v 0.15813 1.15076 0.04747
v 0.15574 1.01467 0.10691
v 0.15862 1.01405 0.04859
v 0.14163 1.03539 -0.05545
v 0.15574 1.01467 0.10691
v 0.15584 1.03554 0.10756
v 0.15584 1.03554 0.10756
v 0.15448 1.14937 0.12689
v 0.15013 0.98298 -0.04449
v 0.15508 1.03790 0.12664
v 0.13983 1.03656 0.15617
v 0.15094 1.01370 -0.04756
v 0.13969 1.03728 0.12842
v 0.15508 1.03790 0.12664
v 0.15448 1.14937 0.12689
v 0.13969 1.03728 0.12842
v 0.15402 0.98211 -0.05294
v 0.16015 0.84780 -0.04804
v 0.14401 0.97057 -0.05722
v 0.15402 0.98211 -0.05294
v 0.14401 0.97057 -0.05722
v 0.14188 0.98297 -0.04951
v 0.15402 0.98211 -0.05294
v 0.14188 0.98297 -0.04951
v 0.15013 0.98298 -0.04449
v 0.14689 1.03443 -0.07968
v 0.14188 0.98297 -0.04951
v 0.14760 0.97011 -0.07844
v 0.14401 0.97057 -0.05722
v 0.14188 0.98297 -0.04951
v 0.15013 0.98298 -0.04449
v 0.14163 1.03539 -0.05545
v 0.09719 0.86941 -0.06500
v 0.09926 0.94514 -0.07099
v 0.13318 1.03687 -0.06081
v 0.13690 1.03539 0.14180
v 0.13751 1.01869 0.12823
v 0.13690 1.01866 0.13999
v 0.13969 1.03728 0.12842
v 0.13690 1.03539 0.14180
v 0.11044 1.01876 0.13988
v 0.13690 1.01866 0.13999
v 0.13751 1.01869 0.12823
v 0.13662 1.03377 0.17375
v 0.14163 1.03539 -0.05545
v 0.14689 1.03443 -0.07968
v 0.13318 1.03687 -0.06081
v 0.12242 1.03590 -0.06611
v 0.11100 1.01866 0.12975
v 0.11090 1.03557 0.14132
v 0.13690 1.01866 0.13999
v 0.11044 1.01876 0.13988
v 0.12394 1.15322 -0.05139
v 0.13318 1.03687 -0.06081
v 0.11966 1.03632 -0.05342
v 0.14689 1.03443 -0.07968
v 0.14760 0.97011 -0.07844
v 0.09268 1.03424 -0.09443
v 0.13690 1.03539 0.14180
v 0.11966 1.03632 -0.05342
v 0.11090 1.03557 0.14132
v 0.10621 1.03488 0.17450
v 0.13662 1.03377 0.17375
v 0.09268 1.03424 -0.09443
v 0.09934 0.96986 -0.09320
v 0.14760 0.97011 -0.07844
v 0.14401 0.97057 -0.05722
v 0.11100 1.01866 0.12975
v 0.13751 1.01869 0.12823
v 0.13969 1.03728 0.12842
v 0.12242 1.03590 -0.06611
v 0.12394 1.15322 -0.05139
v 0.11966 1.03632 -0.05342
v 0.13969 1.03728 0.12842
v 0.08881 1.03892 0.13096
v 0.10739 1.03730 0.13212
v 0.13690 1.03539 0.14180
v 0.08881 1.03892 0.13096
v 0.11044 1.01876 0.13988
v 0.11100 1.01866 0.12975
v 0.10739 1.03730 0.13212
v 0.11090 1.03557 0.14132
v 0.09937 0.96901 -0.07169
v 0.10739 1.03730 0.13212
v 0.10720 1.14862 0.15178
v 0.10379 1.03530 0.15362
v 0.11090 1.03557 0.14132
v 0.10658 1.05905 0.15296
v 0.09937 0.96901 -0.07169
v 0.10720 1.14862 0.15178
v 0.10379 1.03530 0.15362
v 0.12242 1.03590 -0.06611
v 0.09571 1.03644 -0.07356
v 0.12104 1.15364 -0.06738
v 0.09898 0.94522 -0.10011
v 0.09934 0.96986 -0.09320
v 0.09937 0.96901 -0.07169
v 0.09465 1.00700 -0.09498
v 0.09926 0.94514 -0.07099
v 0.09934 0.96986 -0.09320
v 0.09774 1.00597 -0.10016
v 0.09465 1.00700 -0.09498
v 0.09934 0.96986 -0.09320
v 0.09774 1.00597 -0.10016
v 0.09571 1.03644 -0.07356
v 0.08719 1.14904 0.13054
v 0.10739 1.03730 0.13212
v 0.08881 1.03892 0.13096
v 0.09465 1.00700 -0.09498
v 0.09439 1.00630 -0.07260
v 0.09571 1.03644 -0.07356
v 0.09268 1.03424 -0.09443
v 0.09774 1.00597 -0.10016
v 0.06608 1.00596 -0.10022
v 0.09465 1.00700 -0.09498
v 0.10379 1.03530 0.15362
v 0.10658 1.05905 0.15296
v 0.05304 1.03382 0.15360
v 0.09439 1.00630 -0.07260
v 0.09926 0.94514 -0.07099
v 0.06792 0.94416 -0.10031
v 0.09898 0.94522 -0.10011
v 0.05342 1.03342 0.17302
v 0.05304 1.03382 0.15360
v 0.06658 0.92084 -0.07678
v 0.06798 0.94333 -0.07584
v 0.06798 0.94333 -0.07584
v 0.09439 1.00630 -0.07260
v 0.06614 1.00690 -0.07733
v 0.05332 1.08666 -0.08074
v 0.06792 0.94416 -0.10031
v 0.06696 0.99378 -0.10146
v 0.09898 0.94522 -0.10011
v 0.06608 1.00596 -0.10022
v 0.06792 0.94416 -0.10031
v 0.06798 0.94333 -0.07584
v 0.06621 0.92123 -0.11024
v 0.06658 0.92084 -0.07678
v 0.06696 0.99378 -0.10146
v 0.06658 0.99180 -0.11062
v 0.09774 1.00597 -0.10016
v 0.06614 1.00690 -0.07733
v 0.06608 1.00596 -0.10022
v 0.06502 0.99435 -0.07662
v 0.06614 1.00690 -0.07733
v 0.06696 0.99378 -0.10146
v 0.08906 1.15517 0.15373
v 0.05257 1.01975 0.15469
v 0.05342 1.03342 0.17302
v 0.05304 1.03382 0.15360
v 0.02963 0.85280 -0.07716
v 0.06502 0.99435 -0.07662
v -0.06527 0.99395 -0.07733
v -0.06597 0.92176 -0.11053
v 0.06621 0.92123 -0.11024
v 0.06658 0.92084 -0.07678
v -0.06485 0.99268 -0.11066
v 0.06696 0.99378 -0.10146
v 0.06658 0.99180 -0.11062
v 0.02360 1.01677 0.15560
v 0.05257 1.01975 0.15469
v 0.02337 0.95794 0.15606
v 0.01529 1.15678 0.15371
v 0.02360 1.01677 0.15560
v 0.02427 0.97209 0.15028
v 0.02337 0.95794 0.15606
v 0.01479 0.92016 -0.08127
v 0.06621 0.92123 -0.11024
v -0.06597 0.92176 -0.11053
v 0.06658 0.99180 -0.11062
v -0.02072 0.84316 -0.07675
v 0.06502 0.99435 -0.07662
v -0.02106 1.01683 0.15395
v 0.02427 0.97209 0.15028
v 0.01479 0.92016 -0.08127
v 0.21268 0.90050 -0.02414
v 0.09571 1.03644 -0.07356
v 0.05304 1.03382 0.15360
v 0.23710 0.78721 -0.02215
v 0.21908 0.78981 0.05584
v 0.22380 0.72710 0.05978
v 0.21908 0.78981 0.05584
v 0.23710 0.78721 -0.02215
v 0.22615 0.79534 -0.01831
v 0.20862 0.79726 0.05385
v 0.21684 0.88200 -0.05240
v 0.21221 0.88345 -0.02611
v 0.21759 0.85235 -0.05199
v 0.20695 0.88457 0.02623
v 0.19601 0.79610 0.13604
v 0.21268 0.90050 -0.02414
v 0.23710 0.78721 -0.02215
v 0.18217 0.78972 -0.03494
v 0.22615 0.79534 -0.01831
v 0.20862 0.79726 0.05385
v 0.22615 0.79534 -0.01831
v 0.19958 0.79487 -0.00126
v 0.20629 0.85157 0.02726
v 0.21759 0.85235 -0.05199
v 0.20629 0.85157 0.02726
v 0.19583 0.85010 -0.00615
v 0.21759 0.85235 -0.05199
v 0.19444 0.87997 -0.06510
v 0.21684 0.88200 -0.05240
v 0.19601 0.79610 0.13604
v 0.21421 0.72329 0.09555
v 0.21908 0.78981 0.05584
v 0.23710 0.78721 -0.02215
v 0.21290 0.75545 -0.03273
v 0.19298 0.78388 -0.04276
v 0.18217 0.78972 -0.03494
v 0.19298 0.78388 -0.04276
v 0.19761 0.88040 0.08780
v 0.18217 0.78972 -0.03494
v 0.17454 0.76429 -0.01418
v 0.19958 0.79487 -0.00126
v 0.19714 0.85128 0.08739
v 0.19714 0.85128 0.08739
v 0.19816 0.90278 0.08681
v 0.19700 0.96553 0.08873
v 0.18068 0.89971 0.11375
v 0.17942 0.85082 0.11280
v 0.18558 0.79368 0.04859
v 0.17017 0.84813 -0.07543
v 0.18558 0.79368 0.04859
v 0.19958 0.79487 -0.00126
v 0.19583 0.85010 -0.00615
v 0.17079 0.79586 0.11730
v 0.16874 0.79677 0.13334
v 0.19601 0.79610 0.13604
v 0.17942 0.85082 0.11280
v 0.17249 0.85039 0.10943
v 0.17919 0.96829 0.11377
v 0.17745 0.85079 0.05601
v 0.19958 0.79487 -0.00126
v 0.16581 0.84782 -0.02264
v 0.19583 0.85010 -0.00615
v 0.18217 0.78972 -0.03494
v 0.19298 0.78388 -0.04276
v 0.18178 0.76326 -0.03230
v 0.17745 0.85079 0.05601
v 0.18217 0.78972 -0.03494
v 0.18178 0.76326 -0.03230
v 0.17454 0.76429 -0.01418
v 0.16971 0.77217 0.13601
v 0.19601 0.79610 0.13604
v 0.16874 0.79677 0.13334
v 0.16581 0.84782 -0.02264
v 0.17454 0.76429 -0.01418
v 0.18178 0.76326 -0.03230
v 0.17848 0.76308 -0.03004
v 0.17454 0.76429 -0.01418
v 0.18068 0.89971 0.11375
v 0.17249 0.85039 0.10943
v 0.17942 0.85082 0.11280
v 0.17919 0.96829 0.11377
v 0.16971 0.77217 0.13601
v 0.14239 0.76646 0.12838
v 0.17798 0.73419 0.14303
v 0.16904 0.84990 0.09667
v 0.17110 0.74370 -0.03746
v 0.17848 0.76308 -0.03004
v 0.18178 0.76326 -0.03230
v 0.16953 0.84731 -0.04237
v 0.17215 1.01418 0.10819
v 0.16776 0.82848 0.11563
v 0.17214 0.82989 0.10208
v 0.17199 0.83036 0.15587
v 0.17249 0.85039 0.10943
v 0.17199 0.83036 0.15587
v 0.17214 0.82989 0.10208
v 0.17130 1.03646 0.15602
v 0.16904 0.84990 0.09667
v 0.17212 0.77369 0.11825
v 0.16971 0.77217 0.13601
v 0.16874 0.79677 0.13334
v 0.16776 0.82848 0.11563
v 0.17079 0.79586 0.11730
v 0.16953 0.84731 -0.04237
v 0.17454 0.76429 -0.01418
v 0.17848 0.76308 -0.03004
v 0.16581 0.84782 -0.02264
v 0.17079 0.79586 0.11730
v 0.16015 0.84780 -0.04804
v 0.17017 0.84813 -0.07543
v 0.17212 0.77369 0.11825
v 0.17079 0.79586 0.11730
v 0.14936 0.77047 0.11330
v 0.17110 0.74370 -0.03746
v 0.16953 0.84731 -0.04237
v 0.17848 0.76308 -0.03004
v 0.13684 0.82886 0.15636
v 0.13783 0.82800 0.12946
v 0.12242 0.82841 0.13947
v 0.17212 0.77369 0.11825
v 0.14936 0.77047 0.11330
v 0.16971 0.77217 0.13601
v 0.14474 0.82779 0.10977
v 0.16776 0.82848 0.11563
v 0.14474 0.82779 0.10977
v 0.17199 0.83036 0.15587
v 0.17130 1.03646 0.15602
v 0.13983 1.03656 0.15617
v 0.14239 0.76646 0.12838
v 0.14936 0.77047 0.11330
v 0.14474 0.82779 0.10977
v 0.14239 0.76646 0.12838
v 0.16015 0.84780 -0.04804
v 0.13684 0.82886 0.15636
v 0.13783 0.82800 0.12946
v 0.12446 0.82993 0.12757
v 0.13661 0.83006 0.17066
v 0.13684 0.82886 0.15636
v 0.13662 1.03377 0.17375
v 0.13983 1.03656 0.15617
v 0.13783 0.82800 0.12946
v 0.11861 0.79416 0.12615
v 0.11947 0.77191 0.12938
v 0.13166 0.71442 0.13156
v 0.12446 0.82993 0.12757
v 0.13661 0.83006 0.17066
v 0.11187 0.82974 0.17085
v 0.12122 0.75055 0.11678
v 0.12134 0.73273 0.11658
v 0.11947 0.77191 0.12938
v 0.11980 0.77289 0.11821
v 0.11947 0.77191 0.12938
v 0.11987 0.79382 0.11822
v 0.11861 0.79416 0.12615
v 0.10629 0.82160 0.12554
v 0.12446 0.82993 0.12757
v 0.09719 0.86941 -0.06500
v 0.10893 0.79519 -0.06183
v 0.13662 1.03377 0.17375
v 0.10621 1.03488 0.17450
v 0.13661 0.83006 0.17066
v 0.06382 0.73197 -0.06008
v 0.10629 0.82160 0.12554
v 0.10143 0.83129 0.15027
v 0.06663 0.81878 0.13539
v 0.05285 0.83016 0.15735
v 0.04358 0.76211 0.11443
v 0.11947 0.77191 0.12938
v 0.11980 0.77289 0.11821
v 0.04404 0.76356 0.10587
v 0.04055 0.78797 0.11468
v 0.11987 0.79382 0.11822
v 0.04404 0.76356 0.10587
v 0.11980 0.77289 0.11821
v 0.04829 0.81708 -0.05974
v 0.06905 0.81925 0.11903
v 0.11187 0.82974 0.17085
v 0.05342 1.03342 0.17302
v 0.06905 0.81925 0.11903
v 0.04055 0.78797 0.11468
v 0.11987 0.79382 0.11822
v 0.11861 0.79416 0.12615
v 0.04269 0.78605 0.10597
v 0.11947 0.77191 0.12938
v 0.04358 0.76211 0.11443
v 0.12122 0.75055 0.11678
v 0.04269 0.78605 0.10597
v 0.05401 0.83054 0.17393
v 0.04680 0.74336 0.10504
v 0.05401 0.83054 0.17393
v 0.05401 0.83054 0.17393
v 0.05342 1.03342 0.17302
v 0.05285 0.83016 0.15735
v 0.05257 1.01975 0.15469
v 0.04404 0.76356 0.10587
v 0.04269 0.78605 0.10597
v 0.04358 0.76211 0.11443
v 0.04055 0.78797 0.11468
v 0.01527 0.81249 0.11094
v 0.04358 0.76211 0.11443
v 0.06382 0.73197 -0.06008
v 0.03372 0.75430 -0.03033
v 0.03389 0.80408 -0.04575
v 0.04829 0.81708 -0.05974
v 0.01876 0.92481 0.15689
v 0.05285 0.83016 0.15735
v 0.02337 0.95794 0.15606
v 0.05257 1.01975 0.15469
v 0.03455 0.67529 0.11427
v 0.02963 0.85280 -0.07716
v 0.01527 0.81249 0.11094
v 0.01834 0.79776 0.00670
v 0.02182 0.92780 0.14294
v 0.02628 0.95213 0.13792
v 0.02427 0.97209 0.15028
v 0.02182 0.92780 0.14294
v 0.02337 0.95794 0.15606
v 0.02427 0.97209 0.15028
v 0.01876 0.92481 0.15689
v -0.06483 0.83087 0.14952
v 0.00875 0.79731 0.07818
v 0.01495 0.80619 0.01800
v 0.02427 0.97209 0.15028
v -0.02292 0.95348 0.14753
v 0.02182 0.92780 0.14294
v -0.02072 0.84316 -0.07675
v -0.01550 0.81187 0.11074
v 0.01527 0.81249 0.11094
v 0.00397 0.80503 0.07634
v 0.00397 0.80503 0.07634
v 0.00397 0.80503 0.07634
v -0.01129 0.80682 0.02689
v 0.01495 0.80619 0.01800
v 0.03389 0.80408 -0.04575
v -0.00966 0.80823 0.00513
v -0.04771 0.82924 0.15552
v -0.04323 0.81909 -0.05983
v 0.03389 0.80408 -0.04575
v -0.06483 0.83087 0.14952
v -0.02630 0.92758 0.14098
v 0.01876 0.92481 0.15689
v 0.02182 0.92780 0.14294
v 0.14239 0.76646 0.12838
v 0.10629 0.82160 0.12554
v 0.06663 0.81878 0.13539
v 0.00875 0.79731 0.07818
v 0.01495 0.80619 0.01800
v 0.04829 0.81708 -0.05974
v 0.05285 0.83016 0.15735
v 0.10143 0.83129 0.15027
v 0.40213 0.97821 -0.03435
v 0.41864 1.06411 -0.00186
v 0.46487 0.87473 -0.01309
v 0.41995 0.97137 0.03546
v 0.40786 1.05193 0.04897
v 0.42865 0.97257 0.04215
v 0.41555 1.05999 0.01364
v 0.46182 0.87461 -0.00420
v 0.41864 1.06411 -0.00186
v 0.42865 0.97257 0.04215
v 0.41087 0.96444 0.06066
v 0.41995 0.97137 0.03546
v 0.42865 0.97257 0.04215
v 0.39786 1.04420 0.08127
v 0.41892 0.96598 0.06886
v 0.40786 1.05193 0.04897
v 0.41176 1.11584 0.02120
v 0.42498 1.06099 0.01697
v 0.41555 1.05999 0.01364
v 0.40779 1.01917 0.04087
v 0.41555 1.05999 0.01364
v 0.42498 1.06099 0.01697
v 0.41614 1.05615 0.04470
v 0.41176 1.11584 0.02120
v 0.41614 1.05615 0.04470
v 0.42498 1.06099 0.01697
v 0.41892 0.96598 0.06886
v 0.40314 1.08247 -0.01309
v 0.40873 1.08535 -0.00542
v 0.40631 1.12127 0.00347
v 0.40413 1.12164 0.00855
v 0.40786 1.05193 0.04897
v 0.39960 1.11448 0.01600
v 0.40016 1.05120 0.04279
v 0.39960 1.11448 0.01600
v 0.40631 1.12127 0.00347
v 0.39258 1.04918 -0.02398
v 0.40779 1.01917 0.04087
v 0.40474 1.06978 -0.01648
v 0.40016 1.05120 0.04279
v 0.40256 1.11302 0.04886
v 0.40016 1.05120 0.04279
v 0.40098 1.12128 -0.00426
v 0.37743 1.10002 0.11326
v 0.39786 1.04420 0.08127
v 0.41176 1.11584 0.02120
v 0.39960 1.11448 0.01600
v 0.40256 1.11302 0.04886
v 0.37785 1.03185 0.12449
v 0.40631 1.12127 0.00347
v 0.40098 1.12128 -0.00426
v 0.40413 1.12164 0.00855
v 0.39935 0.95788 0.11588
v 0.38362 0.97641 -0.04658
v 0.40474 1.06978 -0.01648
v 0.39258 1.04918 -0.02398
v 0.39089 1.06503 -0.01805
v 0.39410 1.10896 -0.01653
v 0.39089 1.06503 -0.01805
v 0.38749 1.06538 -0.02390
v 0.40474 1.06978 -0.01648
v 0.38096 1.02951 0.14762
v 0.39749 1.12911 0.05021
v 0.38854 1.10882 0.04360
v 0.40256 1.11302 0.04886
v 0.38854 1.10882 0.04360
v 0.39749 1.12911 0.05021
v 0.33738 1.15322 -0.03146
v 0.39412 1.16530 0.01234
v 0.40413 1.12164 0.00855
v 0.38824 1.08156 -0.02630
v 0.37858 1.11736 0.10056
v 0.38465 1.12696 0.04628
v 0.38749 1.06538 -0.02390
v 0.39412 1.16530 0.01234
v 0.37334 1.15633 0.02384
v 0.38749 1.06538 -0.02390
v 0.39089 1.06503 -0.01805
v 0.37822 1.10853 -0.02307
v 0.39410 1.10896 -0.01653
v 0.37785 1.03185 0.12449
v 0.38844 1.10959 0.02852
v 0.36569 1.11427 -0.02655
v 0.36482 1.08977 0.15611
v 0.38096 1.02951 0.14762
v 0.37858 1.11736 0.10056
v 0.39749 1.12911 0.05021
v 0.38465 1.12696 0.04628
v 0.37382 1.02887 0.13332
v 0.36569 1.11427 -0.02655
v 0.38362 0.97641 -0.04658
v 0.40213 0.97821 -0.03435
v 0.39188 0.97537 -0.02819
v 0.39559 0.94392 0.11989
v 0.36435 1.04997 -0.04115
v 0.38010 1.11187 0.02185
v 0.40098 1.12128 -0.00426
v 0.38010 1.11187 0.02185
v 0.38749 1.06538 -0.02390
v 0.37822 1.10853 -0.02307
v 0.38824 1.08156 -0.02630
v 0.38854 1.10882 0.04360
v 0.38844 1.10959 0.02852
v 0.38465 1.12696 0.04628
v 0.37477 1.11969 0.08439
v 0.37668 0.97368 -0.03606
v 0.38010 1.11187 0.02185
v 0.37334 1.15633 0.02384
v 0.38844 1.10959 0.02852
v 0.37477 1.11969 0.08439
v 0.35097 1.22867 0.06699
v 0.37437 1.07393 -0.02891
v 0.34697 1.01870 0.14927
v 0.37785 1.03185 0.12449
v 0.34697 1.01870 0.14927
v 0.37382 1.02887 0.13332
v 0.36077 1.10576 0.14522
v 0.37334 1.15633 0.02384
v 0.39412 1.16530 0.01234
v 0.33738 1.15322 -0.03146
v 0.38362 0.97641 -0.04658
v 0.37668 0.97368 -0.03606
v 0.35202 1.06461 -0.02765
v 0.36482 1.08977 0.15611
v 0.37743 1.10002 0.11326
v 0.36281 1.09262 0.14439
v 0.36077 1.10576 0.14522
v 0.36435 1.04997 -0.04115
v 0.35776 1.22762 0.02551
v 0.36281 1.09262 0.14439
v 0.33849 1.00033 0.12525
v 0.39559 0.94392 0.11989
v 0.37382 1.02887 0.13332
v 0.32859 0.98016 0.13135
v 0.37502 0.90988 0.11283
v 0.36482 1.08977 0.15611
v 0.34697 1.01870 0.14927
v 0.38096 1.02951 0.14762
v 0.34996 1.10338 0.14117
v 0.35317 1.09040 0.14062
v 0.34278 1.08696 0.15558
v 0.32582 1.01322 0.12766
v 0.35202 1.06461 -0.02765
v 0.37668 0.97368 -0.03606
v 0.33199 1.00645 -0.05107
v 0.36077 1.10576 0.14522
v 0.34996 1.10338 0.14117
v 0.36281 1.09262 0.14439
v 0.33773 1.14968 0.00967
v 0.35317 1.09040 0.14062
v 0.32813 1.08049 0.15843
v 0.36482 1.08977 0.15611
v 0.34278 1.08696 0.15558
v 0.34278 1.08696 0.15558
v 0.35317 1.09040 0.14062
v 0.34996 1.10338 0.14117
v 0.32813 1.08049 0.15843
v 0.33552 1.11664 0.15604
v 0.37382 1.02887 0.13332
v 0.34697 1.01870 0.14927
v 0.32582 1.01322 0.12766
v 0.34054 1.10846 -0.02318
v 0.33738 1.15322 -0.03146
v 0.33773 1.14968 0.00967
v 0.34670 1.10853 -0.00923
v 0.34780 1.09818 0.01506
v 0.33045 1.15009 -0.02000
v 0.34054 1.10846 -0.02318
v 0.31687 1.01170 0.14069
v 0.32859 0.98016 0.13135
v 0.31770 0.97847 0.10832
v 0.35162 0.90006 0.12371
v 0.30061 1.07440 0.14873
v 0.31687 1.01170 0.14069
v 0.33063 1.22770 0.12099
v 0.33045 1.15009 -0.02000
v 0.33199 1.00645 -0.05107
v 0.33166 0.93883 -0.04193
v 0.31627 1.00513 -0.03651
v 0.33045 1.15009 -0.02000
v 0.31109 1.13535 0.00120
v 0.33773 1.14968 0.00967
v 0.34780 1.09818 0.01506
v 0.29860 1.08084 0.00081
v 0.34670 1.10853 -0.00923
v 0.30070 1.09744 -0.03254
v 0.34780 1.09818 0.01506
v 0.29579 1.00271 0.11105
v 0.32859 0.98016 0.13135
v 0.32582 1.01322 0.12766
v 0.33552 1.11664 0.15604
v 0.30579 1.22457 0.15983
v 0.30593 1.07858 0.13689
v 0.30657 1.10083 -0.04081
v 0.34054 1.10846 -0.02318
v 0.30552 1.06627 -0.03466
v 0.29860 1.08084 0.00081
v 0.34278 1.08696 0.15558
v 0.30061 1.07440 0.14873
v 0.32813 1.08049 0.15843
v 0.34054 1.10846 -0.02318
v 0.30657 1.10083 -0.04081
v 0.30593 1.07858 0.13689
v 0.29579 1.00271 0.11105
v 0.28072 0.97257 0.08902
v 0.34131 0.89877 0.10090
v 0.31770 0.97847 0.10832
v 0.30657 1.10083 -0.04081
v 0.32582 1.01322 0.12766
v 0.31687 1.01170 0.14069
v 0.31528 1.02608 0.13479
v 0.30061 1.07440 0.14873
v 0.30552 1.06627 -0.03466
v 0.30552 1.05636 -0.00180
v 0.31097 1.06767 -0.02845
v 0.30446 1.07157 0.13944
v 0.31097 1.06767 -0.02845
v 0.30552 1.05636 -0.00180
v 0.29860 1.08084 0.00081
v 0.34278 1.08696 0.15558
v 0.30070 1.09744 -0.03254
v 0.30464 0.98020 0.09282
v 0.31770 0.97847 0.10832
v 0.29790 1.00574 0.09806
v 0.28961 1.00105 -0.04043
v 0.30552 1.06627 -0.03466
v 0.31627 1.00513 -0.03651
v 0.30070 1.09744 -0.03254
v 0.30552 1.06627 -0.03466
v 0.31097 1.06767 -0.02845
v 0.30070 1.09744 -0.03254
v 0.30593 1.07858 0.13689
v 0.29579 1.00271 0.11105
v 0.29790 1.00574 0.09806
v 0.31770 0.97847 0.10832
v 0.31528 1.02608 0.13479
v 0.27200 1.01683 0.11271
v 0.30964 0.93125 -0.04160
v 0.28302 1.00339 0.09048
v 0.30593 1.07858 0.13689
v 0.23052 1.05367 0.09408
v 0.30446 1.07157 0.13944
v 0.27577 1.05673 -0.04157
v 0.28695 0.98377 0.08800
v 0.28325 0.97442 0.08394
v 0.29790 1.00574 0.09806
v 0.29579 1.00271 0.11105
v 0.27899 1.00139 0.10403
v 0.31770 0.97847 0.10832
v 0.30464 0.98020 0.09282
v 0.28325 0.97442 0.08394
v 0.28302 1.00339 0.09048
v 0.27899 1.00139 0.10403
v 0.30190 0.91982 -0.01848
v 0.25556 0.97507 0.06397
v 0.28961 1.00105 -0.04043
v 0.28072 0.97257 0.08902
v 0.27577 1.05673 -0.04157
v 0.27634 0.98035 0.08201
v 0.27574 0.97545 0.11545
v 0.28695 0.98377 0.08800
v 0.28302 1.00339 0.09048
v 0.27899 1.00139 0.10403
v 0.24993 1.11442 0.00359
v 0.30552 1.05636 -0.00180
v 0.26317 1.04309 0.00143
v 0.27200 1.01683 0.11271
v 0.30446 1.07157 0.13944
v 0.30585 0.89270 0.07161
v 0.25512 1.05767 0.12515
v 0.27577 1.05673 -0.04157
v 0.28961 1.00105 -0.04043
v 0.26872 0.99098 -0.01929
v 0.26317 1.04309 0.00143
v 0.25526 0.97404 0.08710
v 0.28695 0.98377 0.08800
v 0.27574 0.97545 0.11545
v 0.25972 1.06054 0.11835
v 0.27634 0.98035 0.08201
v 0.25556 0.97507 0.06397
v 0.26872 0.99098 -0.01929
v 0.28961 1.00105 -0.04043
v 0.30446 1.07157 0.13944
v 0.23052 1.05367 0.09408
v 0.25972 1.06054 0.11835
v 0.25375 1.04344 -0.01386
v 0.27574 0.97545 0.11545
v 0.25512 1.05767 0.12515
v 0.25526 0.97404 0.08710
v 0.25972 1.06054 0.11835
v 0.25556 0.97507 0.06397
v 0.27768 0.89626 0.05353
v 0.23052 1.05367 0.09408
v 0.21120 1.14824 0.09942
v 0.25470 1.03473 0.03068
v 0.25375 1.04344 -0.01386
v 0.24267 0.97348 0.05941
v 0.23052 1.05367 0.09408
v 0.25512 1.05767 0.12515
v 0.23793 1.03149 0.02135
v 0.25470 1.03473 0.03068
v 0.24494 1.06222 0.03466
v 0.26317 1.04309 0.00143
v 0.24267 0.97348 0.05941
v 0.23092 1.13609 0.00632
v 0.23793 1.03149 0.02135
v 0.24267 0.97348 0.05941
v 0.24494 1.06222 0.03466
v 0.25470 1.03473 0.03068
v 0.22900 1.06044 0.02698
v 0.23092 1.13609 0.00632
v 0.21963 1.05294 0.06792
v 0.23793 1.03149 0.02135
v 0.22900 1.06044 0.02698
v 0.21963 1.05294 0.06792
v 0.24494 1.06222 0.03466
v 0.22900 1.06044 0.02698
v 0.23052 1.05367 0.09408
v 0.21120 1.14824 0.09942
v 0.23052 1.05367 0.09408
v 0.21963 1.05294 0.06792
v 0.21051 0.97363 -0.02457
v 0.21530 0.95693 -0.05595
v 0.21373 1.00950 -0.05657
v 0.21102 0.95753 -0.02535
v 0.21373 1.00950 -0.05657
v 0.21530 0.95693 -0.05595
v 0.18913 1.00722 -0.07435
v 0.20287 0.96791 0.03190
v 0.20371 1.00957 0.02344
v 0.19020 0.95383 -0.07059
v 0.21373 1.00950 -0.05657
v 0.19579 1.01436 0.01932
v 0.20371 1.00957 0.02344
v 0.19628 1.00956 0.08614
v 0.20314 1.01416 -0.05566
v 0.18913 1.00722 -0.07435
v 0.21373 1.00950 -0.05657
v 0.40314 1.08247 -0.01309
v 0.40474 1.06978 -0.01648
v 0.36569 1.11427 -0.02655
v 0.38749 1.06538 -0.02390
v 0.36435 1.04997 -0.04115
v 0.33738 1.15322 -0.03146
v 0.37477 1.11969 0.08439
v 0.27634 0.98035 0.08201
v 0.30593 1.07858 0.13689
v 0.24494 1.06222 0.03466
v 0.20314 1.01416 -0.05566
v 0.36321 0.88390 -0.06279
v 0.34239 0.89471 -0.04429
v 0.33166 0.93883 -0.04193
v 0.33199 1.00645 -0.05107
v 0.32576 0.85998 -0.02788
v 0.34866 0.86091 -0.04271
v 0.31779 0.85233 0.02273
v 0.31779 0.85233 0.02273
v 0.32187 0.86125 -0.01782
v 0.32576 0.85998 -0.02788
v 0.32505 0.86183 -0.04699
v 0.34866 0.86091 -0.04271
v 0.31737 0.89483 -0.04950
v 0.34239 0.89471 -0.04429
v 0.30964 0.93125 -0.04160
v 0.33166 0.93883 -0.04193
v 0.32505 0.86183 -0.04699
v 0.31807 0.85975 -0.03232
v 0.33507 0.79501 -0.01974
v 0.30656 0.78897 0.02137
v 0.32738 0.79418 -0.02182
v 0.32505 0.86183 -0.04699
v 0.31807 0.85975 -0.03232
v 0.31737 0.89483 -0.04950
v 0.31401 0.82092 0.02342
v 0.32999 0.81690 -0.01748
v 0.30069 0.84706 0.03033
v 0.31457 0.79030 0.02473
v 0.31627 1.00513 -0.03651
v 0.31162 0.86306 -0.01724
v 0.32187 0.86125 -0.01782
v 0.32999 0.81690 -0.01748
v 0.32738 0.79418 -0.02182
v 0.32124 0.79994 0.01083
v 0.32187 0.86125 -0.01782
v 0.31779 0.85233 0.02273
v 0.30069 0.84706 0.03033
v 0.32187 0.86125 -0.01782
v 0.34131 0.89877 0.10090
v 0.28072 0.97257 0.08902
v 0.30194 0.89051 0.07938
v 0.31779 0.85233 0.02273
v 0.31115 0.84732 0.04521
v 0.31505 0.85285 0.03005
v 0.31014 0.87010 0.03193
v 0.32187 0.86125 -0.01782
v 0.29233 0.86569 0.02429
v 0.31162 0.86306 -0.01724
v 0.32738 0.79418 -0.02182
v 0.29149 0.85402 0.02353
v 0.31115 0.84732 0.04521
v 0.31361 0.84695 0.05906
v 0.30351 0.86334 0.05707
v 0.31505 0.85285 0.03005
v 0.30351 0.86334 0.05707
v 0.31505 0.85285 0.03005
v 0.31014 0.87010 0.03193
v 0.29721 0.85678 0.02390
v 0.29965 0.92216 -0.02692
v 0.30656 0.78897 0.02137
v 0.32553 0.78926 0.02621
v 0.30645 0.84737 0.03159
v 0.32187 0.86125 -0.01782
v 0.31162 0.86306 -0.01724
v 0.29149 0.85402 0.02353
v 0.31457 0.79030 0.02473
v 0.32533 0.74199 0.02544
v 0.29800 0.84269 0.04085
v 0.29721 0.85678 0.02390
v 0.29233 0.86569 0.02429
v 0.32187 0.86125 -0.01782
v 0.30645 0.84737 0.03159
v 0.31401 0.82092 0.02342
v 0.30069 0.84706 0.03033
v 0.29721 0.85678 0.02390
v 0.32187 0.86125 -0.01782
v 0.29149 0.85402 0.02353
v 0.31115 0.84732 0.04521
v 0.31227 0.83935 0.04913
v 0.29800 0.84269 0.04085
v 0.32533 0.74199 0.02544
v 0.31361 0.84695 0.05906
v 0.31024 0.85991 0.06168
v 0.30351 0.86334 0.05707
v 0.30964 0.93125 -0.04160
v 0.30645 0.84737 0.03159
v 0.30069 0.84706 0.03033
v 0.31115 0.84732 0.04521
v 0.30964 0.93125 -0.04160
v 0.29965 0.92216 -0.02692
v 0.30190 0.91982 -0.01848
v 0.31457 0.79030 0.02473
v 0.29149 0.85402 0.02353
v 0.30656 0.78897 0.02137
v 0.29800 0.84269 0.04085
v 0.31227 0.83935 0.04913
v 0.31115 0.84732 0.04521
v 0.31014 0.87010 0.03193
v 0.30351 0.86334 0.05707
v 0.29346 0.86298 0.05448
v 0.29233 0.86569 0.02429
v 0.30190 0.91982 -0.01848
v 0.31807 0.85975 -0.03232
v 0.30069 0.84706 0.03033
v 0.31505 0.85285 0.03005
v 0.29721 0.85678 0.02390
v 0.30069 0.84706 0.03033
v 0.30585 0.89270 0.07161
v 0.30190 0.91982 -0.01848
v 0.29965 0.92216 -0.02692
v 0.31807 0.85975 -0.03232
v 0.30100 0.87043 0.02864
v 0.30100 0.87043 0.02864
v 0.29149 0.85402 0.02353
v 0.29800 0.84269 0.04085
v 0.30069 0.84706 0.03033
v 0.30194 0.89051 0.07938
v 0.28072 0.97257 0.08902
v 0.30585 0.89270 0.07161
v 0.29233 0.86569 0.02429
v 0.30964 0.93125 -0.04160
v 0.28961 1.00105 -0.04043
v 0.28385 0.89429 0.05781
v 0.30100 0.87043 0.02864
v 0.28385 0.89429 0.05781
v 0.29317 0.89822 0.03239
v 0.29346 0.86298 0.05448
v 0.28217 0.90406 0.02685
v 0.29317 0.89822 0.03239
v 0.28325 0.97442 0.08394
v 0.28217 0.90406 0.02685
v 0.29346 0.86298 0.05448
v 0.28385 0.89429 0.05781
v 0.28217 0.90406 0.02685
v 0.29317 0.89822 0.03239
v 0.25556 0.97507 0.06397
v 0.27768 0.89626 0.05353
v 0.27768 0.89626 0.05353
v 0.27768 0.89626 0.05353
v 0.28385 0.89429 0.05781
v 0.30585 0.89270 0.07161
v 0.27634 0.98035 0.08201
v 0.21268 0.90050 -0.02414
v 0.21684 0.88200 -0.05240
v 0.21530 0.95693 -0.05595
v 0.21102 0.95753 -0.02535
v 0.20287 0.96791 0.03190
v 0.31401 0.82092 0.02342
v 0.30190 0.91982 -0.01848
v 0.45092 0.86958 -0.01160
v 0.44727 0.87043 -0.00184
v 0.47060 0.80262 -0.02145
v 0.45092 0.86958 -0.01160
v 0.47060 0.80262 -0.02145
v 0.44889 0.83420 -0.02433
v 0.46182 0.87461 -0.00420
v 0.45374 0.87274 -0.00076
v 0.46487 0.87473 -0.01309
v 0.45092 0.86958 -0.01160
v 0.45065 0.86831 0.01326
v 0.44727 0.87043 -0.00184
v 0.45230 0.82566 0.02624
v 0.44143 0.85882 0.01392
v 0.45065 0.86831 0.01326
v 0.46182 0.87461 -0.00420
v 0.43482 0.87124 0.05319
v 0.45065 0.86831 0.01326
v 0.45230 0.82566 0.02624
v 0.42572 0.86502 0.07694
v 0.43579 0.81291 0.06915
v 0.44761 0.82500 0.02393
v 0.44143 0.85882 0.01392
v 0.44761 0.82500 0.02393
v 0.43646 0.76131 0.08138
v 0.45374 0.87274 -0.00076
v 0.45065 0.86831 0.01326
v 0.44416 0.90324 0.00189
v 0.43910 0.90356 0.01326
v 0.46487 0.87473 -0.01309
v 0.41864 1.06411 -0.00186
v 0.46182 0.87461 -0.00420
v 0.45374 0.87274 -0.00076
v 0.44416 0.90324 0.00189
v 0.43573 0.90276 0.00140
v 0.45065 0.86831 0.01326
v 0.44143 0.85882 0.01392
v 0.43798 0.85381 0.01328
v 0.44727 0.87043 -0.00184
v 0.45065 0.86831 0.01326
v 0.43798 0.85381 0.01328
v 0.43910 0.90356 0.01326
v 0.44143 0.85882 0.01392
v 0.44727 0.87043 -0.00184
v 0.43798 0.85381 0.01328
v 0.43579 0.81291 0.06915
v 0.44761 0.82500 0.02393
v 0.45230 0.82566 0.02624
v 0.32533 0.74199 0.02544
v 0.47060 0.80262 -0.02145
v 0.43646 0.76131 0.08138
v 0.43573 0.90276 0.00140
v 0.43798 0.85381 0.01328
v 0.44727 0.87043 -0.00184
v 0.44416 0.90324 0.00189
v 0.42932 0.90330 0.01173
v 0.43573 0.90276 0.00140
v 0.43910 0.90356 0.01326
v 0.42932 0.90330 0.01173
v 0.42932 0.90330 0.01173
v 0.42946 0.86773 -0.04506
v 0.40945 0.78835 -0.04276
v 0.43579 0.81291 0.06915
v 0.41892 0.96598 0.06886
v 0.44184 0.87300 0.05739
v 0.42320 0.91761 0.05549
v 0.39804 0.78114 -0.01496
v 0.40945 0.78835 -0.04276
v 0.41955 0.82674 -0.03359
v 0.43482 0.87124 0.05319
v 0.40595 0.86116 0.09632
v 0.43482 0.87124 0.05319
v 0.42320 0.91761 0.05549
v 0.43579 0.81291 0.06915
v 0.42375 0.83500 0.07001
v 0.40595 0.86116 0.09632
v 0.42572 0.86502 0.07694
v 0.44184 0.87300 0.05739
v 0.42188 0.86288 0.10684
v 0.43482 0.87124 0.05319
v 0.43579 0.81291 0.06915
v 0.42572 0.86502 0.07694
v 0.42375 0.83500 0.07001
v 0.41991 0.86195 -0.03864
v 0.41991 0.86195 -0.03864
v 0.41087 0.96444 0.06066
v 0.42946 0.86773 -0.04506
v 0.40213 0.97821 -0.03435
v 0.46487 0.87473 -0.01309
v 0.41955 0.82674 -0.03359
v 0.39964 0.82292 -0.04755
v 0.44889 0.83420 -0.02433
v 0.41995 0.97137 0.03546
v 0.40779 1.01917 0.04087
v 0.41892 0.96598 0.06886
v 0.39935 0.95788 0.11588
v 0.44184 0.87300 0.05739
v 0.40595 0.86116 0.09632
v 0.40922 0.81919 0.08516
v 0.43646 0.76131 0.08138
v 0.40595 0.86116 0.09632
v 0.40795 0.79310 0.07897
v 0.40442 0.86118 0.08715
v 0.42572 0.86502 0.07694
v 0.41287 0.86188 0.08329
v 0.41803 0.81032 0.05571
v 0.40103 0.80444 0.04234
v 0.41079 0.79983 0.06979
v 0.40103 0.80444 0.04234
v 0.41803 0.81032 0.05571
v 0.38443 0.86688 0.05074
v 0.41087 0.96444 0.06066
v 0.42375 0.83500 0.07001
v 0.41803 0.81032 0.05571
v 0.41079 0.79983 0.06979
v 0.39964 0.82292 -0.04755
v 0.37620 0.85905 -0.06132
v 0.41287 0.86188 0.08329
v 0.42188 0.86288 0.10684
v 0.40475 0.91637 0.11054
v 0.41617 0.86272 0.10740
v 0.42188 0.86288 0.10684
v 0.42375 0.83500 0.07001
v 0.41250 0.83382 0.08285
v 0.41287 0.86188 0.08329
v 0.41617 0.86272 0.10740
v 0.38516 0.82014 -0.04794
v 0.40442 0.86118 0.08715
v 0.41991 0.86195 -0.03864
v 0.40213 0.97821 -0.03435
v 0.42946 0.86773 -0.04506
v 0.39629 0.81295 0.08675
v 0.40795 0.79310 0.07897
v 0.40922 0.81919 0.08516
v 0.40442 0.86118 0.08715
v 0.38443 0.86688 0.05074
v 0.42572 0.86502 0.07694
v 0.40442 0.86118 0.08715
v 0.41250 0.83382 0.08285
v 0.37610 0.85810 0.07137
v 0.38516 0.82014 -0.04794
v 0.36321 0.88390 -0.06279
v 0.40595 0.86116 0.09632
v 0.40475 0.91637 0.11054
v 0.39559 0.94392 0.11989
v 0.41617 0.86272 0.10740
v 0.39188 0.97537 -0.02819
v 0.39935 0.95788 0.11588
v 0.32533 0.74199 0.02544
v 0.37476 0.80377 0.01272
v 0.40616 0.80808 0.03397
v 0.40616 0.80808 0.03397
v 0.38443 0.86688 0.05074
v 0.38872 0.86786 0.04193
v 0.40103 0.80444 0.04234
v 0.36359 0.86142 0.07244
v 0.38521 0.86101 0.08630
v 0.36880 0.78209 -0.05823
v 0.40595 0.86116 0.09632
v 0.38521 0.86101 0.08630
v 0.39629 0.81295 0.08675
v 0.38521 0.86101 0.08630
v 0.40795 0.79310 0.07897
v 0.39629 0.81295 0.08675
v 0.36880 0.78209 -0.05823
v 0.38521 0.86101 0.08630
v 0.37668 0.97368 -0.03606
v 0.39188 0.97537 -0.02819
v 0.37502 0.90988 0.11283
v 0.41617 0.86272 0.10740
v 0.39559 0.94392 0.11989
v 0.37800 0.85760 0.10365
v 0.38872 0.86786 0.04193
v 0.35665 0.86473 0.02192
v 0.37476 0.80377 0.01272
v 0.40616 0.80808 0.03397
v 0.38872 0.86786 0.04193
v 0.38443 0.86688 0.05074
v 0.35665 0.86473 0.02192
v 0.38516 0.82014 -0.04794
v 0.35891 0.85733 0.09394
v 0.36359 0.86142 0.07244
v 0.37800 0.85760 0.10365
v 0.37620 0.85905 -0.06132
v 0.38516 0.82014 -0.04794
v 0.37358 0.85733 -0.04237
v 0.37610 0.85810 0.07137
v 0.41079 0.79983 0.06979
v 0.37610 0.85810 0.07137
v 0.37514 0.86153 0.07128
v 0.38443 0.86688 0.05074
v 0.37358 0.85733 -0.04237
v 0.33156 0.75302 -0.00201
v 0.32553 0.78926 0.02621
v 0.32732 0.77269 0.03699
v 0.32553 0.78926 0.02621
v 0.34823 0.85504 0.06400
v 0.36358 0.90329 0.10961
v 0.35356 0.86426 0.09651
v 0.37347 0.85370 -0.03389
v 0.36706 0.88158 -0.03117
v 0.37514 0.86153 0.07128
v 0.36321 0.88390 -0.06279
v 0.37002 0.80530 0.08745
v 0.37508 0.80723 0.08100
v 0.35356 0.86426 0.09651
v 0.31779 0.85233 0.02273
v 0.36204 0.85242 -0.03929
v 0.37347 0.85370 -0.03389
v 0.37358 0.85733 -0.04237
v 0.34131 0.85498 0.05468
v 0.35891 0.85733 0.09394
v 0.35048 0.85238 -0.05283
v 0.35504 0.88116 -0.03780
v 0.36706 0.88158 -0.03117
v 0.37347 0.85370 -0.03389
v 0.36204 0.85242 -0.03929
v 0.35207 0.84964 -0.04389
v 0.36321 0.88390 -0.06279
v 0.36706 0.88158 -0.03117
v 0.35504 0.88116 -0.03780
v 0.36358 0.90329 0.10961
v 0.37502 0.90988 0.11283
v 0.35162 0.90006 0.12371
v 0.35356 0.86426 0.09651
v 0.37508 0.80723 0.08100
v 0.35891 0.85733 0.09394
v 0.36359 0.86142 0.07244
v 0.35891 0.85733 0.09394
v 0.36184 0.85427 0.08401
v 0.37508 0.80723 0.08100
v 0.35048 0.85238 -0.05283
v 0.34767 0.87767 -0.04721
v 0.37002 0.80530 0.08745
v 0.35356 0.86426 0.09651
v 0.30826 0.85738 0.07245
v 0.37502 0.90988 0.11283
v 0.32859 0.98016 0.13135
v 0.35162 0.90006 0.12371
v 0.33849 1.00033 0.12525
v 0.32343 0.80573 0.04156
v 0.36359 0.86142 0.07244
v 0.36184 0.85427 0.08401
v 0.34823 0.85504 0.06400
v 0.33199 1.00645 -0.05107
v 0.33246 0.79365 0.01083
v 0.34866 0.86091 -0.04271
v 0.35207 0.84964 -0.04389
v 0.34239 0.89471 -0.04429
v 0.36321 0.88390 -0.06279
v 0.34767 0.87767 -0.04721
v 0.35356 0.86426 0.09651
v 0.35759 0.86966 0.08092
v 0.30826 0.85738 0.07245
v 0.34131 0.89877 0.10090
v 0.34131 0.89877 0.10090
v 0.37610 0.85810 0.07137
v 0.34131 0.85498 0.05468
v 0.37514 0.86153 0.07128
v 0.34400 0.82451 -0.01970
v 0.34131 0.89877 0.10090
v 0.34698 0.90238 0.08586
v 0.35759 0.86966 0.08092
v 0.35504 0.88116 -0.03780
v 0.34239 0.89471 -0.04429
v 0.34767 0.87767 -0.04721
v 0.35356 0.86426 0.09651
v 0.34866 0.86091 -0.04271
v 0.35207 0.84964 -0.04389
v 0.34400 0.82451 -0.01970
v 0.33507 0.79501 -0.01974
v 0.36880 0.78209 -0.05823
v 0.33156 0.75302 -0.00201
v 0.35048 0.85238 -0.05283
v 0.33246 0.79365 0.01083
v 0.37476 0.80377 0.01272
v 0.35665 0.86473 0.02192
v 0.34239 0.89471 -0.04429
v 0.31779 0.85233 0.02273
v 0.37508 0.80723 0.08100
v 0.37002 0.80530 0.08745
v 0.32545 0.79839 0.06514
v 0.33246 0.79365 0.01083
v 0.32999 0.81690 -0.01748
v 0.34400 0.82451 -0.01970
v 0.35048 0.85238 -0.05283
v 0.32999 0.81690 -0.01748
v 0.32891 0.79953 0.05480
v 0.36184 0.85427 0.08401
v 0.37508 0.80723 0.08100
v 0.32891 0.79953 0.05480
v 0.33246 0.79365 0.01083
v 0.31770 0.97847 0.10832
v 0.34131 0.89877 0.10090
v 0.35162 0.90006 0.12371
v 0.30194 0.89051 0.07938
v 0.30585 0.89270 0.07161
v 0.34698 0.90238 0.08586
v 0.34131 0.89877 0.10090
v 0.31115 0.84732 0.04521
v 0.34131 0.85498 0.05468
v 0.37610 0.85810 0.07137
v 0.34698 0.90238 0.08586
v 0.31024 0.85991 0.06168
v 0.35759 0.86966 0.08092
v 0.32114 0.82582 0.05709
v 0.30585 0.89270 0.07161
v 0.32553 0.78926 0.02621
v 0.33246 0.79365 0.01083
v 0.32124 0.79994 0.01083
v 0.32999 0.81690 -0.01748
v 0.32732 0.77269 0.03699
v 0.32343 0.80573 0.04156
v 0.32114 0.82582 0.05709
v 0.33507 0.79501 -0.01974
v 0.32738 0.79418 -0.02182
v 0.32999 0.81690 -0.01748
v 0.31024 0.85991 0.06168
v 0.31115 0.84732 0.04521
v 0.32114 0.82582 0.05709
v 0.31361 0.84695 0.05906
v 0.32732 0.77269 0.03699
v 0.31779 0.85233 0.02273
v 0.31227 0.83935 0.04913
v 0.31227 0.83935 0.04913
v 0.31361 0.84695 0.05906
v 0.31361 0.84695 0.05906
v 0.31115 0.84732 0.04521
v 0.32124 0.79994 0.01083
v 0.31401 0.82092 0.02342
v 0.32553 0.78926 0.02621
v 0.31115 0.84732 0.04521
v 0.31457 0.79030 0.02473
v 0.32533 0.74199 0.02544
v 0.32545 0.79839 0.06514
v 0.32114 0.82582 0.05709
v 0.32891 0.79953 0.05480
v 0.31361 0.84695 0.05906
v 0.31361 0.84695 0.05906
v 0.31227 0.83935 0.04913
v 0.32545 0.79839 0.06514
v 0.31115 0.84732 0.04521
v 0.30826 0.85738 0.07245
v 0.31227 0.83935 0.04913
v 0.32343 0.80573 0.04156
v 0.31115 0.84732 0.04521
v 0.31024 0.85991 0.06168
v 0.46182 0.87461 -0.00420
v 0.41991 0.86195 -0.03864
v 0.44889 0.83420 -0.02433
v 0.39935 0.95788 0.11588
v -0.04359 0.61097 -0.04646
v -0.04595 0.64894 -0.04193
v -0.06446 0.51637 -0.02273
v -0.03747 0.57874 0.10754
v -0.09008 0.58570 0.11608
v -0.04057 0.55495 0.10366
v -0.04136 0.53331 0.10676
v -0.06738 0.55956 0.11142
v -0.06446 0.51637 -0.02273
v -0.06566 0.61012 -0.06702
v -0.04359 0.61097 -0.04646
v -0.04898 0.68036 0.10096
v -0.10059 0.68671 0.10908
v -0.04775 0.68010 0.11329
v -0.06357 0.64817 -0.07130
v -0.04045 0.64752 -0.05143
v -0.06357 0.64817 -0.07130
v -0.06446 0.51637 -0.02273
v -0.04045 0.64752 -0.05143
v -0.06446 0.51637 -0.02273
v -0.07471 0.61196 -0.04657
v -0.06566 0.61012 -0.06702
v -0.04849 0.72633 -0.04695
v -0.06446 0.51637 -0.02273
v -0.06960 0.65236 -0.05144
v -0.06446 0.51637 -0.02273
v -0.06357 0.64817 -0.07130
v -0.06960 0.65236 -0.05144
v -0.06798 0.68910 -0.05617
v -0.11112 0.62799 0.12105
v -0.09765 0.60726 0.11750
v -0.07471 0.61196 -0.04657
v -0.06446 0.51637 -0.02273
v -0.08206 0.51784 -0.03578
v -0.04898 0.68036 0.10096
v -0.04892 0.70150 0.10115
v -0.10059 0.68671 0.10908
v -0.11998 0.75140 0.11672
v -0.04578 0.74235 0.10511
v -0.04405 0.74457 0.11517
v -0.10155 0.52165 -0.03342
v -0.07471 0.61196 -0.04657
v -0.08206 0.51784 -0.03578
v -0.05139 0.65750 0.11368
v -0.10185 0.65212 0.12146
v -0.11112 0.62799 0.12105
v -0.03328 0.62018 0.10710
v -0.11112 0.62799 0.12105
v -0.03347 0.61941 0.10384
v -0.03328 0.62018 0.10710
v -0.13565 0.66985 0.12484
v -0.06798 0.68910 -0.05617
v -0.15391 0.70070 -0.06050
v -0.06277 0.68735 -0.07674
v -0.05946 0.72495 -0.07942
v -0.06277 0.68735 -0.07674
v -0.15391 0.70070 -0.06050
v -0.04405 0.74457 0.11517
v -0.04771 0.72361 0.10515
v -0.11780 0.73170 0.12564
v -0.04771 0.72361 0.10515
v -0.04578 0.74235 0.10511
v -0.11998 0.75140 0.11672
v -0.03347 0.61941 0.10384
v -0.11780 0.73170 0.12564
v -0.04775 0.68010 0.11329
v -0.04405 0.74457 0.11517
v -0.11780 0.73170 0.12564
v -0.04771 0.72361 0.10515
v -0.12009 0.73267 0.11589
v -0.09989 0.57034 -0.03969
v -0.05946 0.72495 -0.07942
v -0.11268 0.73410 -0.05454
v -0.06405 0.72795 -0.05927
v -0.15531 0.62196 -0.03271
v -0.06566 0.61012 -0.06702
v -0.07471 0.61196 -0.04657
v -0.11225 0.66585 0.11752
v -0.10185 0.65212 0.12146
v -0.13565 0.66985 0.12484
v -0.06566 0.61012 -0.06702
v -0.15853 0.62113 -0.04895
v -0.06357 0.64817 -0.07130
v -0.14968 0.70022 -0.04241
v -0.15008 0.73683 -0.06364
v -0.15853 0.62113 -0.04895
v -0.09989 0.57034 -0.03969
v -0.10155 0.52165 -0.03342
v -0.10212 0.57040 -0.05191
v -0.10368 0.56296 -0.05850
v -0.06357 0.64817 -0.07130
v -0.15653 0.65915 -0.05002
v -0.06960 0.65236 -0.05144
v -0.04775 0.68010 0.11329
v -0.13465 0.71077 0.11514
v -0.04892 0.70150 0.10115
v -0.12009 0.73267 0.11589
v -0.15531 0.62196 -0.03271
v -0.06960 0.65236 -0.05144
v -0.14807 0.66036 -0.03946
v -0.06798 0.68910 -0.05617
v -0.13465 0.71077 0.11514
v -0.04775 0.68010 0.11329
v -0.13465 0.71077 0.11514
v -0.04775 0.68010 0.11329
v -0.13171 0.71150 0.12859
v -0.13565 0.66985 0.12484
v -0.04775 0.68010 0.11329
v -0.15008 0.73683 -0.06364
v -0.12851 0.57027 0.11520
v -0.13171 0.71150 0.12859
v -0.14968 0.70022 -0.04241
v -0.10185 0.65212 0.12146
v -0.14653 0.65802 0.11199
v -0.13650 0.65700 0.12488
v -0.14807 0.66036 -0.03946
v -0.10368 0.56296 -0.05850
v -0.18810 0.58110 -0.02922
v -0.10212 0.57040 -0.05191
v -0.13560 0.69184 0.11560
v -0.12851 0.57027 0.11520
v -0.16393 0.57499 0.12530
v -0.06738 0.55956 0.11142
v -0.10212 0.57040 -0.05191
v -0.18810 0.58110 -0.02922
v -0.09989 0.57034 -0.03969
v -0.13701 0.63291 0.12587
v -0.13650 0.65700 0.12488
v -0.11998 0.75140 0.11672
v -0.11847 0.75355 0.12906
v -0.11780 0.73170 0.12564
v -0.19156 0.57408 -0.03580
v -0.12009 0.73267 0.11589
v -0.14479 0.67013 0.11251
v -0.11225 0.66585 0.11752
v -0.13565 0.66985 0.12484
v -0.11847 0.75355 0.12906
v -0.13161 0.72126 0.13143
v -0.10185 0.65212 0.12146
v -0.11225 0.66585 0.11752
v -0.14653 0.65802 0.11199
v -0.16623 0.55324 0.12606
v -0.16393 0.57499 0.12530
v -0.14479 0.67013 0.11251
v -0.14624 0.59127 0.12461
v -0.14170 0.61229 0.12493
v -0.13872 0.76484 0.12867
v -0.17164 0.74093 -0.03616
v -0.15270 0.57720 -0.02960
v -0.15270 0.59125 0.11661
v -0.15653 0.65915 -0.05002
v -0.13161 0.72126 0.13143
v -0.13565 0.66985 0.12484
v -0.13171 0.71150 0.12859
v -0.13171 0.71150 0.12859
v -0.13565 0.66985 0.12484
v -0.13465 0.71077 0.11514
v -0.15270 0.57720 -0.02960
v -0.14704 0.63132 0.11573
v -0.11112 0.62799 0.12105
v -0.13701 0.63291 0.12587
v -0.18008 0.70357 -0.04820
v -0.13560 0.69184 0.11560
v -0.13650 0.65700 0.12488
v -0.14197 0.64232 0.13061
v -0.13701 0.63291 0.12587
v -0.16580 0.57684 0.11785
v -0.13901 0.65159 0.13408
v -0.13650 0.65700 0.12488
v -0.14197 0.64232 0.13061
v -0.16580 0.57684 0.11785
v -0.09008 0.58570 0.11608
v -0.14624 0.59127 0.12461
v -0.15270 0.59125 0.11661
v -0.14704 0.63132 0.11573
v -0.14295 0.58412 0.13300
v -0.13650 0.65700 0.12488
v -0.14479 0.67013 0.11251
v -0.13565 0.66985 0.12484
v -0.14295 0.58412 0.13300
v -0.14170 0.61229 0.12493
v -0.13701 0.63291 0.12587
v -0.14704 0.63132 0.11573
v -0.09765 0.60726 0.11750
v -0.15001 0.61652 0.11521
v -0.14170 0.61229 0.12493
v -0.14653 0.65802 0.11199
v -0.14624 0.59127 0.12461
v -0.15001 0.61652 0.11521
v -0.18785 0.64877 0.14840
v -0.13901 0.65159 0.13408
v -0.15001 0.61652 0.11521
v -0.15270 0.59125 0.11661
v -0.17889 0.66300 -0.02854
v -0.18662 0.57992 -0.01848
v -0.17521 0.74035 -0.04930
v -0.17518 0.70476 -0.03235
v -0.14197 0.64232 0.13061
v -0.17521 0.74035 -0.04930
v -0.15270 0.59125 0.11661
v -0.14295 0.58412 0.13300
v -0.18336 0.58535 0.12015
v -0.16393 0.57499 0.12530
v -0.16580 0.57684 0.11785
v -0.16706 0.55246 0.11945
v -0.18336 0.58535 0.12015
v -0.16706 0.55246 0.11945
v -0.18662 0.57992 -0.01848
v -0.16623 0.55324 0.12606
v -0.18238 0.66202 -0.03894
v -0.18969 0.67323 -0.02277
v -0.18336 0.58535 0.12015
v -0.14295 0.58412 0.13300
v -0.21565 0.59172 0.14776
v -0.18642 0.62556 -0.03774
v -0.18196 0.62540 -0.02396
v -0.17518 0.70476 -0.03235
v -0.18238 0.66202 -0.03894
v -0.17380 0.76835 0.14144
v -0.17889 0.66300 -0.02854
v -0.14197 0.64232 0.13061
v -0.18968 0.64672 0.14290
v -0.14295 0.58412 0.13300
v -0.14197 0.64232 0.13061
v -0.18785 0.64877 0.14840
v -0.18968 0.64672 0.14290
v -0.18008 0.70357 -0.04820
v -0.17518 0.70476 -0.03235
v -0.17164 0.74093 -0.03616
v -0.18008 0.70357 -0.04820
v -0.18642 0.62556 -0.03774
v -0.17521 0.74035 -0.04930
v -0.17164 0.74093 -0.03616
v -0.18275 0.76074 -0.03206
v -0.18746 0.53916 0.12260
v -0.18196 0.62540 -0.02396
v -0.18196 0.62540 -0.02396
v -0.17889 0.66300 -0.02854
v -0.18238 0.66202 -0.03894
v -0.18642 0.62556 -0.03774
v -0.19662 0.58146 -0.01392
v -0.18785 0.64877 0.14840
v -0.17380 0.76835 0.14144
v -0.17766 0.77006 0.13543
v -0.18968 0.64672 0.14290
v -0.21565 0.59172 0.14776
v -0.19173 0.55456 -0.02308
v -0.19732 0.55598 -0.01165
v -0.18662 0.57992 -0.01848
v -0.19732 0.55598 -0.01165
v -0.18336 0.58535 0.12015
v -0.19816 0.53888 0.07013
v -0.18746 0.53916 0.12260
v -0.19156 0.57408 -0.03580
v -0.19173 0.55456 -0.02308
v -0.18662 0.57992 -0.01848
v -0.17766 0.77006 0.13543
v -0.21241 0.63422 0.14526
v -0.19678 0.58196 0.05651
v -0.18810 0.58110 -0.02922
v -0.19173 0.55456 -0.02308
v -0.19923 0.55372 -0.02033
v -0.19732 0.55598 -0.01165
v -0.20923 0.58180 -0.02586
v -0.19230 0.77064 -0.04275
v -0.18969 0.67323 -0.02277
v -0.19662 0.58146 -0.01392
v -0.19892 0.56690 0.05535
v -0.18275 0.76074 -0.03206
v -0.20090 0.78365 0.13448
v -0.21510 0.58144 -0.00310
v -0.19230 0.77064 -0.04275
v -0.20923 0.58180 -0.02586
v -0.22128 0.70938 -0.02682
v -0.21791 0.58483 0.06089
v -0.19892 0.56690 0.05535
v -0.19678 0.58196 0.05651
v -0.21791 0.58483 0.06089
v -0.19678 0.58196 0.05651
v -0.20472 0.56754 0.03427
v -0.21807 0.57097 0.06137
v -0.21807 0.57097 0.06137
v -0.22478 0.57098 0.04042
v -0.19892 0.56690 0.05535
v -0.21510 0.58144 -0.00310
v -0.20306 0.58274 0.03367
v -0.21847 0.53410 0.00294
v -0.22508 0.62483 -0.02142
v -0.22968 0.65004 -0.02052
v -0.20472 0.56754 0.03427
v -0.22478 0.57098 0.04042
v -0.20306 0.58274 0.03367
v -0.19662 0.58146 -0.01392
v -0.21510 0.58144 -0.00310
v -0.20923 0.58180 -0.02586
v -0.20090 0.78365 0.13448
v -0.22025 0.68703 0.09301
v -0.21241 0.63422 0.14526
v -0.21847 0.53410 0.00294
v -0.24870 0.58631 -0.00743
v -0.21840 0.71433 0.09198
v -0.22602 0.71242 0.06318
v -0.22474 0.64347 0.09594
v -0.20306 0.58274 0.03367
v -0.22332 0.58532 0.04223
v -0.21565 0.59172 0.14776
v -0.20472 0.56754 0.03427
v -0.23291 0.58694 0.06865
v -0.22478 0.57098 0.04042
v -0.21807 0.57097 0.06137
v -0.21791 0.58483 0.06089
v -0.22332 0.58532 0.04223
v -0.23951 0.71015 -0.01897
v -0.21854 0.77599 0.05368
v -0.22332 0.58532 0.04223
v -0.22893 0.64228 0.06549
v -0.24870 0.58631 -0.00743
v -0.23291 0.58694 0.06865
v -0.22394 0.68740 0.06360
v -0.24251 0.68444 -0.01586
v -0.22893 0.64228 0.06549
v -0.22474 0.64347 0.09594
v -0.23239 0.64282 0.06782
v -0.23951 0.71015 -0.01897
v -0.23399 0.77290 -0.02272
v -0.22893 0.64228 0.06549
v -0.22602 0.71242 0.06318
v -0.22394 0.68740 0.06360
v -0.24251 0.68444 -0.01586
v -0.24648 0.63001 -0.01214
v -0.23239 0.64282 0.06782
v -0.23239 0.64282 0.06782
v -0.24870 0.58631 -0.00743
v -0.24648 0.63001 -0.01214
v -0.32469 0.74281 0.02755
v -0.32679 0.74224 0.02171
v -0.33088 0.75273 -0.00311
v -0.32679 0.74224 0.02171
v -0.32469 0.74281 0.02755
v -0.41276 0.75691 0.07112
v -0.06566 0.61012 -0.06702
v -0.06738 0.55956 0.11142
v -0.13161 0.72126 0.13143
v -0.18196 0.62540 -0.02396
v -0.19662 0.58146 -0.01392
v -0.20472 0.56754 0.03427
v -0.22602 0.71242 0.06318
v -0.04591 0.47322 0.03410
v -0.03915 0.47069 0.07500
v -0.05131 0.46708 -0.04044
v -0.05995 0.42427 -0.04112
v -0.05131 0.46708 -0.04044
v -0.03753 0.35629 0.08737
v -0.03750 0.51943 0.04930
v -0.04591 0.47322 0.03410
v -0.06446 0.51637 -0.02273
v -0.06274 0.34132 -0.02619
v -0.05131 0.46708 -0.04044
v -0.08335 0.47030 -0.03975
v -0.04591 0.47322 0.03410
v -0.08335 0.47030 -0.03975
v -0.06594 0.42395 -0.04892
v -0.05995 0.42427 -0.04112
v -0.09105 0.43799 -0.03626
v -0.08335 0.47030 -0.03975
v -0.05995 0.42427 -0.04112
v -0.06594 0.42395 -0.04892
v -0.09026 0.42986 -0.03692
v -0.05131 0.46708 -0.04044
v -0.08029 0.51268 -0.04372
v -0.10337 0.51964 -0.04283
v -0.08029 0.51268 -0.04372
v -0.09026 0.42986 -0.03692
v -0.08029 0.51268 -0.04372
v -0.08206 0.51784 -0.03578
v -0.06446 0.51637 -0.02273
v -0.10155 0.52165 -0.03342
v -0.11085 0.43088 -0.04203
v -0.08915 0.43084 -0.02438
v -0.08908 0.43934 -0.02496
v -0.09105 0.43799 -0.03626
v -0.09026 0.42986 -0.03692
v -0.08915 0.43084 -0.02438
v -0.10463 0.43231 -0.02256
v -0.08908 0.43934 -0.02496
v -0.08915 0.43084 -0.02438
v -0.10457 0.44008 -0.02194
v -0.10337 0.51964 -0.04283
v -0.10463 0.43231 -0.02256
v -0.09105 0.43799 -0.03626
v -0.08908 0.43934 -0.02496
v -0.11281 0.43893 -0.03928
v -0.10457 0.44008 -0.02194
v -0.11281 0.43893 -0.03928
v -0.10368 0.56296 -0.05850
v -0.10155 0.52165 -0.03342
v -0.10337 0.51964 -0.04283
v -0.11446 0.43922 -0.04747
v -0.10463 0.43231 -0.02256
v -0.11085 0.43088 -0.04203
v -0.11281 0.43893 -0.03928
v -0.11281 0.43893 -0.03928
v -0.10457 0.44008 -0.02194
v -0.06594 0.42395 -0.04892
v -0.14877 0.35027 -0.03361
v -0.11954 0.39803 -0.03984
v -0.11281 0.43893 -0.03928
v -0.11085 0.43088 -0.04203
v -0.11674 0.42784 -0.03726
v -0.11954 0.39803 -0.03984
v -0.11674 0.42784 -0.03726
v -0.11954 0.39803 -0.03984
v -0.11360 0.42581 -0.02631
v -0.11945 0.34508 -0.03885
v -0.11760 0.39840 -0.02729
v -0.11085 0.43088 -0.04203
v -0.11760 0.39840 -0.02729
v -0.13690 0.42932 -0.02347
v -0.11360 0.42581 -0.02631
v -0.13763 0.39998 -0.02423
v -0.11281 0.43893 -0.03928
v -0.14191 0.44198 -0.04575
v -0.11446 0.43922 -0.04747
v -0.11446 0.43922 -0.04747
v -0.14191 0.44198 -0.04575
v -0.14234 0.48939 -0.04815
v -0.13729 0.44170 -0.03477
v -0.14234 0.48939 -0.04815
v -0.19156 0.57408 -0.03580
v -0.11446 0.43922 -0.04747
v -0.11446 0.43922 -0.04747
v -0.19156 0.57408 -0.03580
v -0.10368 0.56296 -0.05850
v -0.11360 0.42581 -0.02631
v -0.13690 0.42932 -0.02347
v -0.11674 0.42784 -0.03726
v -0.13690 0.42932 -0.02347
v -0.11281 0.43893 -0.03928
v -0.13690 0.42932 -0.02347
v -0.13729 0.44170 -0.03477
v -0.13763 0.39998 -0.02423
v -0.11760 0.39840 -0.02729
v -0.11954 0.39803 -0.03984
v -0.14457 0.39919 -0.04125
v -0.14457 0.39919 -0.04125
v -0.14457 0.39919 -0.04125
v -0.13729 0.44170 -0.03477
v -0.13690 0.42932 -0.02347
v -0.13763 0.39998 -0.02423
v -0.14191 0.44198 -0.04575
v -0.14877 0.35027 -0.03361
v -0.14287 0.39861 -0.02465
v -0.14457 0.39919 -0.04125
v -0.14691 0.35140 -0.02039
v -0.18101 0.40272 -0.01851
v -0.14287 0.39861 -0.02465
v -0.19711 0.40578 -0.02982
v -0.18275 0.35504 -0.01408
v -0.14457 0.39919 -0.04125
v -0.19156 0.57408 -0.03580
v -0.14234 0.48939 -0.04815
v -0.18788 0.49579 -0.03136
v -0.14234 0.48939 -0.04815
v -0.19087 0.49484 -0.03613
v -0.18788 0.49579 -0.03136
v -0.19087 0.49484 -0.03613
v -0.19711 0.40578 -0.02982
v -0.14457 0.39919 -0.04125
v -0.14287 0.39861 -0.02465
v -0.18101 0.40272 -0.01851
v -0.18355 0.40255 -0.02536
v -0.18355 0.40255 -0.02536
v -0.18101 0.40272 -0.01851
v -0.18584 0.35500 -0.02617
v -0.18275 0.35504 -0.01408
v -0.20204 0.45278 -0.02233
v -0.18697 0.43779 -0.00036
v -0.19581 0.44198 0.00217
v -0.19200 0.44023 -0.01411
v -0.18788 0.49579 -0.03136
v -0.19087 0.49484 -0.03613
v -0.19711 0.40578 -0.02982
v -0.18684 0.40372 0.00016
v -0.18697 0.43779 -0.00036
v -0.19200 0.44023 -0.01411
v -0.18788 0.49579 -0.03136
v -0.19711 0.40578 -0.02982
v -0.19314 0.45088 -0.02501
v -0.19086 0.44913 -0.01587
v -0.18684 0.40372 0.00016
v -0.20016 0.39829 0.00202
v -0.19892 0.40734 0.00432
v -0.18697 0.43779 -0.00036
v -0.19889 0.45127 -0.01378
v -0.20278 0.52919 -0.01862
v -0.19173 0.55456 -0.02308
v -0.19156 0.57408 -0.03580
v -0.20204 0.45278 -0.02233
v -0.19173 0.55456 -0.02308
v -0.19889 0.45127 -0.01378
v -0.20204 0.45278 -0.02233
v -0.19314 0.45088 -0.02501
v -0.19889 0.45127 -0.01378
v -0.21105 0.40996 0.00736
v -0.19581 0.44198 0.00217
v -0.19923 0.55372 -0.02033
v -0.20207 0.40422 -0.02287
v -0.19200 0.44023 -0.01411
v -0.19889 0.45127 -0.01378
v -0.19086 0.44913 -0.01587
v -0.19892 0.40734 0.00432
v -0.18684 0.40372 0.00016
v -0.19711 0.40578 -0.02982
v -0.19889 0.45127 -0.01378
v -0.19581 0.44198 0.00217
v -0.19545 0.45163 0.00116
v -0.19314 0.45088 -0.02501
v -0.18584 0.35500 -0.02617
v -0.22307 0.35562 -0.01575
v -0.18355 0.40255 -0.02536
v -0.19086 0.44913 -0.01587
v -0.19581 0.44198 0.00217
v -0.19889 0.45127 -0.01378
v -0.19200 0.44023 -0.01411
v -0.19545 0.45163 0.00116
v -0.21513 0.45376 0.00155
v -0.19889 0.45127 -0.01378
v -0.20207 0.40422 -0.02287
v -0.19892 0.40734 0.00432
v -0.19711 0.40578 -0.02982
v -0.19200 0.44023 -0.01411
v -0.19892 0.40734 0.00432
v -0.20207 0.40422 -0.02287
v -0.21401 0.52882 -0.01588
v -0.19892 0.40734 0.00432
v -0.19200 0.44023 -0.01411
v -0.21105 0.40996 0.00736
v -0.19200 0.44023 -0.01411
v -0.20207 0.40422 -0.02287
v -0.20005 0.43927 -0.02506
v -0.21847 0.53410 0.00294
v -0.19732 0.55598 -0.01165
v -0.20044 0.53292 -0.00846
v -0.19923 0.55372 -0.02033
v -0.20278 0.52919 -0.01862
v -0.19732 0.55598 -0.01165
v -0.20044 0.53292 -0.00846
v -0.20956 0.44198 0.00080
v -0.21847 0.53410 0.00294
v -0.19816 0.53888 0.07013
v -0.20472 0.56754 0.03427
v -0.20207 0.40422 -0.02287
v -0.19816 0.53888 0.07013
v -0.21847 0.53410 0.00294
v -0.21851 0.53522 0.01921
v -0.21513 0.45376 0.00155
v -0.20956 0.44198 0.00080
v -0.20005 0.43927 -0.02506
v -0.21715 0.44122 -0.02062
v -0.19200 0.44023 -0.01411
v -0.21401 0.52882 -0.01588
v -0.20044 0.53292 -0.00846
v -0.20278 0.52919 -0.01862
v -0.19545 0.45163 0.00116
v -0.21568 0.49743 0.04780
v -0.20008 0.50016 0.10905
v -0.21851 0.53522 0.01921
v -0.21734 0.45295 -0.00615
v -0.20005 0.43927 -0.02506
v -0.21467 0.49263 -0.00817
v -0.21276 0.53118 -0.00928
v -0.21947 0.53192 -0.00589
v -0.21715 0.44122 -0.02062
v -0.21734 0.45295 -0.00615
v -0.21513 0.45376 0.00155
v -0.21245 0.49052 0.00342
v -0.21734 0.45295 -0.00615
v -0.21847 0.53410 0.00294
v -0.20985 0.47898 0.07530
v -0.22278 0.49517 0.01082
v -0.23592 0.44935 0.02146
v -0.21245 0.49052 0.00342
v -0.22278 0.49517 0.01082
v -0.22468 0.49523 -0.00230
v -0.21276 0.53118 -0.00928
v -0.21401 0.52882 -0.01588
v -0.21467 0.49263 -0.00817
v -0.21162 0.49325 0.02733
v -0.21568 0.49743 0.04780
v -0.22278 0.49517 0.01082
v -0.21467 0.49263 -0.00817
v -0.22468 0.49523 -0.00230
v -0.21276 0.53118 -0.00928
v -0.21467 0.49263 -0.00817
v -0.21245 0.49052 0.00342
v -0.21513 0.45376 0.00155
v -0.23213 0.44905 0.01155
v -0.20956 0.44198 0.00080
v -0.22278 0.49517 0.01082
v -0.20956 0.44198 0.00080
v -0.21467 0.49263 -0.00817
v -0.22200 0.44402 -0.00610
v -0.22278 0.49517 0.01082
v -0.21947 0.53192 -0.00589
v -0.21847 0.53410 0.00294
v -0.22468 0.49523 -0.00230
v -0.23213 0.44905 0.01155
v -0.21947 0.53192 -0.00589
v -0.21162 0.49325 0.02733
v -0.22278 0.49517 0.01082
v -0.20985 0.47898 0.07530
v -0.21715 0.44122 -0.02062
v -0.23127 0.35860 0.00226
v -0.22200 0.44402 -0.00610
v -0.23127 0.35860 0.00226
v -0.24103 0.44869 0.01003
v -0.22200 0.44402 -0.00610
v -0.24103 0.44869 0.01003
v -0.22307 0.35562 -0.01575
v -0.23213 0.44905 0.01155
v -0.23592 0.44935 0.02146
v -0.22278 0.49517 0.01082
v -0.23907 0.36254 0.02236
v -0.22783 0.36301 0.06128
v -0.24487 0.36341 0.01001
v -0.23592 0.44935 0.02146
v -0.23236 0.36185 0.01902
v -0.22687 0.45081 0.07987
v -0.24487 0.36341 0.01001
v -0.24487 0.36341 0.01001
v -0.22687 0.45081 0.07987
v -0.24103 0.44869 0.01003
v -0.03915 0.47069 0.07500
v -0.04480 0.44520 0.10474
v -0.04302 0.44568 0.08048
v -0.03742 0.51597 0.10149
v -0.05596 0.44389 0.11601
v -0.04480 0.44520 0.10474
v -0.04302 0.44568 0.08048
v -0.05487 0.35977 0.09099
v -0.03753 0.35629 0.08737
v -0.04254 0.52291 0.10338
v -0.05442 0.52075 0.10341
v -0.04978 0.51950 0.11140
v -0.05035 0.53333 0.10362
v -0.05442 0.52075 0.10341
v -0.04254 0.52291 0.10338
v -0.06370 0.27493 0.11835
v -0.04978 0.51950 0.11140
v -0.05596 0.44389 0.11601
v -0.04978 0.51950 0.11140
v -0.05705 0.49333 0.11368
v -0.07996 0.44474 0.11211
v -0.04480 0.44520 0.10474
v -0.05596 0.44389 0.11601
v -0.05946 0.46509 0.11473
v -0.05705 0.49333 0.11368
v -0.05941 0.48977 0.10567
v -0.06214 0.46547 0.10747
v -0.11475 0.52624 0.12360
v -0.05946 0.46509 0.11473
v -0.04480 0.44520 0.10474
v -0.07996 0.44474 0.11211
v -0.07964 0.43939 0.11251
v -0.08410 0.38722 0.11717
v -0.06370 0.27493 0.11835
v -0.18245 0.46082 0.13916
v -0.09086 0.52475 0.10976
v -0.07597 0.44022 0.11450
v -0.07964 0.43939 0.11251
v -0.07996 0.44474 0.11211
v -0.04136 0.53331 0.10676
v -0.16623 0.55324 0.12606
v -0.05035 0.53333 0.10362
v -0.15193 0.50390 0.13152
v -0.18245 0.46082 0.13916
v -0.09086 0.52475 0.10976
v -0.08144 0.43777 0.10463
v -0.07964 0.43939 0.11251
v -0.10488 0.44193 0.12024
v -0.08410 0.38722 0.11717
v -0.07964 0.43939 0.11251
v -0.08448 0.41699 0.10132
v -0.08458 0.38606 0.12357
v -0.08692 0.34704 0.12208
v -0.08410 0.38722 0.11717
v -0.08526 0.34888 0.12792
v -0.10488 0.44193 0.12024
v -0.07597 0.44022 0.11450
v -0.07996 0.44474 0.11211
v -0.07597 0.44022 0.11450
v -0.08671 0.38675 0.10327
v -0.16623 0.55324 0.12606
v -0.04136 0.53331 0.10676
v -0.06738 0.55956 0.11142
v -0.08458 0.38606 0.12357
v -0.14075 0.35687 0.13986
v -0.08526 0.34888 0.12792
v -0.08458 0.38606 0.12357
v -0.08671 0.38675 0.10327
v -0.12727 0.39521 0.11202
v -0.08144 0.43777 0.10463
v -0.10522 0.43238 0.11759
v -0.07964 0.43939 0.11251
v -0.08144 0.43777 0.10463
v -0.10488 0.44193 0.12024
v -0.10522 0.43238 0.11759
v -0.06214 0.46547 0.10747
v -0.15621 0.47760 0.13377
v -0.05946 0.46509 0.11473
v -0.08458 0.38606 0.12357
v -0.08410 0.38722 0.11717
v -0.08671 0.38675 0.10327
v -0.16623 0.55324 0.12606
v -0.11475 0.52624 0.12360
v -0.10738 0.42453 0.11492
v -0.07964 0.43939 0.11251
v -0.05941 0.48977 0.10567
v -0.05705 0.49333 0.11368
v -0.15193 0.50390 0.13152
v -0.08671 0.38675 0.10327
v -0.08448 0.41699 0.10132
v -0.12190 0.42417 0.11164
v -0.08448 0.41699 0.10132
v -0.15621 0.47760 0.13377
v -0.12190 0.42417 0.11164
v -0.08448 0.41699 0.10132
v -0.10738 0.42453 0.11492
v -0.15628 0.47838 0.12583
v -0.12727 0.39521 0.11202
v -0.13570 0.39468 0.13371
v -0.11957 0.43595 0.12361
v -0.15628 0.47838 0.12583
v -0.06214 0.46547 0.10747
v -0.05941 0.48977 0.10567
v -0.13570 0.39468 0.13371
v -0.14268 0.52828 0.11714
v -0.14268 0.52828 0.11714
v -0.07996 0.44474 0.11211
v -0.11957 0.43595 0.12361
v -0.10488 0.44193 0.12024
v -0.15580 0.42930 0.12747
v -0.13822 0.39466 0.12817
v -0.15416 0.50271 0.12484
v -0.15580 0.42930 0.12747
v -0.11475 0.52624 0.12360
v -0.14268 0.52828 0.11714
v -0.14539 0.53334 0.12060
v -0.16013 0.44470 0.13299
v -0.17630 0.52884 0.13535
v -0.16706 0.55246 0.11945
v -0.14268 0.52828 0.11714
v -0.16623 0.55324 0.12606
v -0.13570 0.39468 0.13371
v -0.13822 0.39466 0.12817
v -0.14529 0.37695 0.12746
v -0.15416 0.50271 0.12484
v -0.14075 0.35687 0.13986
v -0.14075 0.35687 0.13986
v -0.14529 0.37695 0.12746
v -0.13960 0.35471 0.13425
v -0.15613 0.40235 0.12603
v -0.14529 0.37695 0.12746
v -0.13822 0.39466 0.12817
v -0.18313 0.38074 0.14218
v -0.15613 0.40235 0.12603
v -0.14529 0.37695 0.12746
v -0.14502 0.36647 0.13180
v -0.13960 0.35471 0.13425
v -0.16706 0.55246 0.11945
v -0.18746 0.53916 0.12260
v -0.14268 0.52828 0.11714
v -0.14529 0.37695 0.12746
v -0.14530 0.36680 0.12663
v -0.14502 0.36647 0.13180
v -0.07996 0.44474 0.11211
v -0.18313 0.38074 0.14218
v -0.18746 0.53916 0.12260
v -0.15783 0.36980 0.13130
v -0.14502 0.36647 0.13180
v -0.14530 0.36680 0.12663
v -0.14530 0.36680 0.12663
v -0.14529 0.37695 0.12746
v -0.15578 0.37853 0.12962
v -0.14529 0.37695 0.12746
v -0.18313 0.38074 0.14218
v -0.15578 0.37853 0.12962
v -0.15783 0.36980 0.13130
v -0.18245 0.46082 0.13916
v -0.15416 0.50271 0.12484
v -0.15193 0.50390 0.13152
v -0.15628 0.47838 0.12583
v -0.15621 0.47760 0.13377
v -0.18313 0.38074 0.14218
v -0.15826 0.34290 0.13766
v -0.11475 0.52624 0.12360
v -0.14539 0.53334 0.12060
v -0.17630 0.52884 0.13535
v -0.17818 0.40934 0.13925
v -0.18313 0.38074 0.14218
v -0.17326 0.43043 0.13442
v -0.14539 0.53334 0.12060
v -0.18583 0.53771 0.12808
v -0.17659 0.53156 0.12893
v -0.18583 0.53771 0.12808
v -0.14539 0.53334 0.12060
v -0.18746 0.53916 0.12260
v -0.17785 0.45929 0.13454
v -0.17326 0.43043 0.13442
v -0.18245 0.46082 0.13916
v -0.17818 0.40934 0.13925
v -0.17659 0.53156 0.12893
v -0.17818 0.40934 0.13925
v -0.17785 0.45929 0.13454
v -0.17630 0.52884 0.13535
v -0.18085 0.50185 0.12990
v -0.18245 0.46082 0.13916
v -0.17659 0.53156 0.12893
v -0.18391 0.45393 0.12900
v -0.17785 0.45929 0.13454
v -0.18245 0.46082 0.13916
v -0.18345 0.49754 0.12338
v -0.18085 0.50185 0.12990
v -0.19014 0.50162 0.13066
v -0.17818 0.40934 0.13925
v -0.18622 0.37378 0.13679
v -0.18313 0.38074 0.14218
v -0.18391 0.45393 0.12900
v -0.18345 0.49754 0.12338
v -0.19014 0.50162 0.13066
v -0.19309 0.48938 0.12447
v -0.17785 0.45929 0.13454
v -0.18391 0.45393 0.12900
v -0.17818 0.40934 0.13925
v -0.19160 0.32370 0.13446
v -0.18622 0.37378 0.13679
v -0.18085 0.50185 0.12990
v -0.19014 0.50162 0.13066
v -0.18345 0.49754 0.12338
v -0.18391 0.45393 0.12900
v -0.19309 0.48938 0.12447
v -0.22403 0.45751 0.13453
v -0.18345 0.49754 0.12338
v -0.22077 0.45706 0.13917
v -0.22960 0.37881 0.14471
v -0.18391 0.45393 0.12900
v -0.19014 0.50162 0.13066
v -0.19228 0.49728 0.10404
v -0.19309 0.48938 0.12447
v -0.19392 0.48859 0.10132
v -0.20355 0.48702 0.07449
v -0.19309 0.48938 0.12447
v -0.19392 0.48859 0.10132
v -0.19228 0.49728 0.10404
v -0.19014 0.50162 0.13066
v -0.20008 0.50016 0.10905
v -0.19014 0.50162 0.13066
v -0.18583 0.53771 0.12808
v -0.18746 0.53916 0.12260
v -0.20008 0.50016 0.10905
v -0.20134 0.37416 0.13491
v -0.19160 0.32370 0.13446
v -0.18622 0.37378 0.13679
v -0.20355 0.48702 0.07449
v -0.22021 0.49249 0.13224
v -0.18622 0.37378 0.13679
v -0.22960 0.37881 0.14471
v -0.20134 0.37416 0.13491
v -0.21162 0.49325 0.02733
v -0.21851 0.53522 0.01921
v -0.21568 0.49743 0.04780
v -0.19816 0.53888 0.07013
v -0.21851 0.53522 0.01921
v -0.18746 0.53916 0.12260
v -0.21049 0.37418 0.10777
v -0.20985 0.47898 0.07530
v -0.20355 0.48702 0.07449
v -0.20985 0.47898 0.07530
v -0.23129 0.49055 0.08040
v -0.21188 0.34758 0.10532
v -0.20134 0.37416 0.13491
v -0.21049 0.37418 0.10777
v -0.18622 0.37378 0.13679
v -0.18391 0.45393 0.12900
v -0.22403 0.45751 0.13453
v -0.22077 0.45706 0.13917
v -0.21188 0.34758 0.10532
v -0.21049 0.37418 0.10777
v -0.21594 0.37412 0.10933
v -0.21162 0.49325 0.02733
v -0.23129 0.49055 0.08040
v -0.22021 0.49249 0.13224
v -0.22185 0.36523 0.09290
v -0.21594 0.37412 0.10933
v -0.22783 0.36301 0.06128
v -0.21794 0.45091 0.07809
v -0.22687 0.45081 0.07987
v -0.22236 0.37386 0.09354
v -0.23129 0.49055 0.08040
v -0.22403 0.45751 0.13453
v -0.22021 0.49249 0.13224
v -0.22236 0.37386 0.09354
v -0.23053 0.37478 0.09327
v -0.22185 0.36523 0.09290
v -0.21594 0.37412 0.10933
v -0.24037 0.37675 0.09558
v -0.22236 0.37386 0.09354
v -0.22783 0.36301 0.06128
v -0.22185 0.36523 0.09290
v -0.23051 0.36442 0.09246
v -0.22960 0.37881 0.14471
v -0.22077 0.45706 0.13917
v -0.22311 0.37897 0.14781
v -0.24487 0.36341 0.01001
v -0.23053 0.37478 0.09327
v -0.23051 0.36442 0.09246
v -0.23166 0.37540 0.08685
v -0.24192 0.37837 0.08813
v -0.23592 0.44935 0.02146
v -0.21794 0.45091 0.07809
v -0.20985 0.47898 0.07530
v -0.24487 0.36341 0.01001
v -0.23166 0.37540 0.08685
v -0.22687 0.45081 0.07987
v -0.24192 0.37837 0.08813
v -0.23166 0.37540 0.08685
v -0.23051 0.36442 0.09246
v -0.23053 0.37478 0.09327
v -0.22687 0.45081 0.07987
v -0.21794 0.45091 0.07809
v -0.23592 0.44935 0.02146
v -0.24037 0.37675 0.09558
v -0.24192 0.37837 0.08813
v -0.05596 0.44389 0.11601
v -0.05946 0.46509 0.11473
v -0.15580 0.42930 0.12747
v -0.17326 0.43043 0.13442
v -0.21188 0.34758 0.10532
v 0.10500 0.69671 -0.07202
v 0.10345 0.73333 -0.07484
v 0.15146 0.73765 -0.06482
v 0.06382 0.73197 -0.06008
v 0.17110 0.74370 -0.03746
v 0.10345 0.73333 -0.07484
v 0.05944 0.69086 -0.07399
v 0.11040 0.61875 -0.06129
v 0.13524 0.62181 -0.03822
v 0.06597 0.61263 -0.06486
v 0.11068 0.65810 -0.04808
v 0.07076 0.65410 -0.05160
v 0.10771 0.69712 -0.05173
v 0.05423 0.72827 -0.07667
v 0.11040 0.61875 -0.06129
v 0.06308 0.65135 -0.06865
v 0.15675 0.66130 -0.05514
v 0.06768 0.69294 -0.05565
v 0.10500 0.69671 -0.07202
v 0.06768 0.69294 -0.05565
v 0.05944 0.69086 -0.07399
v 0.10771 0.69712 -0.05173
v 0.07076 0.65410 -0.05160
v 0.15675 0.66130 -0.05514
v 0.06308 0.65135 -0.06865
v 0.08300 0.51751 -0.03474
v 0.07381 0.61509 -0.04622
v 0.10074 0.56998 -0.04006
v 0.06597 0.61263 -0.06486
v 0.07381 0.61509 -0.04622
v 0.05423 0.72827 -0.07667
v 0.04884 0.73131 -0.04880
v 0.06768 0.69294 -0.05565
v 0.07076 0.65410 -0.05160
v 0.05856 0.65313 -0.03852
v 0.05856 0.65313 -0.03852
v 0.04534 0.65132 -0.04028
v 0.06271 0.61671 -0.03428
v 0.07381 0.61509 -0.04622
v 0.08300 0.51751 -0.03474
v 0.06341 0.51950 -0.00890
v 0.06271 0.61671 -0.03428
v 0.05035 0.61499 -0.03659
v 0.06271 0.61671 -0.03428
v 0.05856 0.65313 -0.03852
v 0.04534 0.65132 -0.04028
v 0.05035 0.61499 -0.03659
v 0.03980 0.64927 -0.05007
v 0.03412 0.72701 -0.05831
v 0.04670 0.51901 0.02008
v 0.03372 0.75430 -0.03033
v 0.04884 0.73131 -0.04880
v 0.05944 0.69086 -0.07399
v 0.06768 0.69294 -0.05565
v 0.06308 0.65135 -0.06865
v 0.06597 0.61263 -0.06486
v 0.04418 0.61472 -0.04555
v 0.04418 0.61472 -0.04555
v 0.05944 0.69086 -0.07399
v 0.03412 0.72701 -0.05831
v 0.05423 0.72827 -0.07667
v 0.05944 0.69086 -0.07399
v 0.04884 0.73131 -0.04880
v 0.04332 0.69279 -0.04504
v 0.04951 0.68197 0.10046
v 0.04951 0.70209 0.10053
v 0.04808 0.70288 0.11439
v 0.04766 0.68156 0.11238
v 0.03715 0.69197 -0.05522
v 0.05944 0.69086 -0.07399
v 0.04332 0.69279 -0.04504
v 0.04358 0.76211 0.11443
v 0.04795 0.72431 0.10512
v 0.04680 0.74336 0.10504
v 0.04534 0.65132 -0.04028
v 0.03980 0.64927 -0.05007
v 0.05035 0.61499 -0.03659
v 0.03715 0.69197 -0.05522
v 0.03271 0.62230 0.10659
v 0.04954 0.65817 0.11293
v 0.04766 0.68156 0.11238
v 0.04884 0.73131 -0.04880
v 0.03945 0.72907 -0.04883
v 0.04332 0.69279 -0.04504
v 0.04808 0.70288 0.11439
v 0.03980 0.64927 -0.05007
v 0.04418 0.61472 -0.04555
v 0.04884 0.73131 -0.04880
v 0.06382 0.73197 -0.06008
v 0.03455 0.67529 0.11427
v 0.03271 0.62230 0.10659
v 0.04766 0.68156 0.11238
v 0.04884 0.73131 -0.04880
v 0.03945 0.72907 -0.04883
v 0.04808 0.70288 0.11439
v 0.04332 0.69279 -0.04504
v 0.03412 0.72701 -0.05831
v 0.03715 0.69197 -0.05522
v 0.03945 0.72907 -0.04883
v 0.03535 0.51660 0.07920
v 0.04034 0.55330 0.10595
v 0.03871 0.57947 0.10755
v 0.03271 0.62230 0.10659
v 0.03763 0.59846 0.10327
v 0.03271 0.62230 0.10659
v 0.03871 0.57947 0.10755
v 0.04358 0.76211 0.11443
v 0.01527 0.81249 0.11094
v 0.03271 0.62230 0.10659
v 0.03455 0.67529 0.11427
v 0.01527 0.81249 0.11094
v 0.00875 0.79731 0.07818
v -0.00839 0.79769 0.08031
v -0.01550 0.81187 0.11074
v -0.03347 0.61941 0.10384
v -0.02590 0.72342 0.11296
v -0.03347 0.61941 0.10384
v -0.02590 0.72342 0.11296
v -0.03287 0.67122 0.10752
v -0.04190 0.76385 0.11435
v -0.04405 0.74457 0.11517
v -0.02590 0.72342 0.11296
v -0.03742 0.51597 0.10149
v -0.03747 0.57874 0.10754
v -0.03403 0.67114 0.11458
v -0.03287 0.67122 0.10752
v -0.02590 0.72342 0.11296
v -0.04136 0.53331 0.10676
v -0.00839 0.79769 0.08031
v -0.03750 0.51943 0.04930
v -0.01510 0.78137 0.01798
v -0.03742 0.51597 0.10149
v -0.03347 0.61941 0.10384
v -0.03287 0.67122 0.10752
v -0.03328 0.62018 0.10710
v -0.03747 0.57874 0.10754
v -0.04057 0.55495 0.10366
v -0.04136 0.53331 0.10676
v -0.03967 0.68660 -0.05486
v -0.03514 0.72382 -0.05831
v -0.04406 0.68930 -0.04609
v -0.03403 0.67114 0.11458
v -0.03287 0.67122 0.10752
v -0.03403 0.67114 0.11458
v -0.04775 0.68010 0.11329
v -0.04849 0.72633 -0.04695
v -0.04136 0.53331 0.10676
v -0.04254 0.52291 0.10338
v -0.03742 0.51597 0.10149
v -0.05035 0.53333 0.10362
v -0.04359 0.61097 -0.04646
v -0.04045 0.64752 -0.05143
v -0.04595 0.64894 -0.04193
v -0.03967 0.68660 -0.05486
v -0.06277 0.68735 -0.07674
v -0.03514 0.72382 -0.05831
v -0.04405 0.74457 0.11517
v -0.04578 0.74235 0.10511
v -0.04771 0.72361 0.10515
v -0.04775 0.68010 0.11329
v -0.04775 0.68010 0.11329
v -0.05139 0.65750 0.11368
v -0.03328 0.62018 0.10710
v -0.03967 0.68660 -0.05486
v -0.04406 0.68930 -0.04609
v -0.04849 0.72633 -0.04695
v -0.03287 0.67122 0.10752
v -0.04898 0.68036 0.10096
v -0.04775 0.68010 0.11329
v -0.04892 0.70150 0.10115
v -0.06446 0.51637 -0.02273
v -0.04849 0.72633 -0.04695
v -0.04045 0.64752 -0.05143
v -0.04359 0.61097 -0.04646
v -0.06566 0.61012 -0.06702
v -0.04045 0.64752 -0.05143
v -0.06446 0.51637 -0.02273
v -0.04595 0.64894 -0.04193
v -0.04849 0.72633 -0.04695
v -0.03514 0.72382 -0.05831
v -0.05946 0.72495 -0.07942
v -0.05946 0.72495 -0.07942
v -0.04849 0.72633 -0.04695
v -0.06405 0.72795 -0.05927
v -0.04842 0.74629 -0.05247
v -0.06798 0.68910 -0.05617
v -0.03967 0.68660 -0.05486
v -0.04849 0.72633 -0.04695
v -0.06405 0.72795 -0.05927
v -0.06798 0.68910 -0.05617
v -0.06277 0.68735 -0.07674
v -0.03967 0.68660 -0.05486
v 0.03372 0.75430 -0.03033
v 0.23710 0.78721 -0.02215
v 0.22380 0.72710 0.05978
v 0.24407 0.72160 -0.01781
v 0.23381 0.59783 0.06888
v 0.25228 0.59878 -0.00587
v 0.22844 0.65243 0.06855
v 0.24885 0.65351 -0.01153
v 0.24532 0.70277 -0.01588
v 0.25228 0.59878 -0.00587
v 0.23381 0.59783 0.06888
v 0.22815 0.59822 0.03754
v 0.24407 0.72160 -0.01781
v 0.24532 0.70277 -0.01588
v 0.22337 0.69774 -0.02675
v 0.24885 0.65351 -0.01153
v 0.25228 0.59878 -0.00587
v 0.20983 0.59489 -0.02812
v 0.23710 0.78721 -0.02215
v 0.23146 0.65419 0.06971
v 0.22844 0.65243 0.06855
v 0.22809 0.69859 0.06782
v 0.22645 0.64932 -0.02242
v 0.22282 0.70180 0.06343
v 0.21443 0.59420 -0.00494
v 0.22174 0.65315 0.09768
v 0.23146 0.65419 0.06971
v 0.22809 0.69859 0.06782
v 0.22282 0.70180 0.06343
v 0.22526 0.72205 0.06515
v 0.22174 0.65315 0.09768
v 0.22844 0.65243 0.06855
v 0.23146 0.65419 0.06971
v 0.22526 0.72205 0.06515
v 0.21421 0.72329 0.09555
v 0.22243 0.59547 0.05935
v 0.21301 0.60023 0.14839
v 0.21301 0.60023 0.14839
v 0.18363 0.59419 0.12059
v 0.20983 0.59489 -0.02812
v 0.22526 0.72205 0.06515
v 0.22282 0.70180 0.06343
v 0.19298 0.78388 -0.04276
v 0.21908 0.78981 0.05584
v 0.21290 0.75545 -0.03273
v 0.20360 0.59513 0.02993
v 0.18981 0.59723 0.14608
v 0.21908 0.78981 0.05584
v 0.19601 0.79610 0.13604
v 0.19560 0.59244 -0.01514
v 0.18981 0.59723 0.14608
v 0.21301 0.60023 0.14839
v 0.18667 0.65047 0.14757
v 0.19751 0.59188 0.05354
v 0.18694 0.58143 -0.01843
v 0.19560 0.59244 -0.01514
v 0.21443 0.59420 -0.00494
v 0.18178 0.76326 -0.03230
v 0.20983 0.59489 -0.02812
v 0.19560 0.59244 -0.01514
v 0.16971 0.77217 0.13601
v 0.19298 0.78388 -0.04276
v 0.19601 0.79610 0.13604
v 0.18667 0.65047 0.14757
v 0.16971 0.77217 0.13601
v 0.17798 0.73419 0.14303
v 0.18178 0.76326 -0.03230
v 0.17952 0.66554 -0.02776
v 0.17484 0.70549 -0.03238
v 0.18715 0.62784 -0.03853
v 0.18364 0.66427 -0.04083
v 0.18344 0.62924 -0.02465
v 0.18344 0.62924 -0.02465
v 0.17952 0.66554 -0.02776
v 0.15275 0.59402 0.13305
v 0.14863 0.64924 0.13312
v 0.17668 0.74207 -0.04951
v 0.17110 0.74370 -0.03746
v 0.17484 0.70549 -0.03238
v 0.17110 0.74370 -0.03746
v 0.18063 0.70707 -0.04899
v 0.18344 0.62924 -0.02465
v 0.16074 0.62415 -0.04820
v 0.18715 0.62784 -0.03853
v 0.16074 0.62415 -0.04820
v 0.18364 0.66427 -0.04083
v 0.18715 0.62784 -0.03853
v 0.15146 0.73765 -0.06482
v 0.17668 0.74207 -0.04951
v 0.18063 0.70707 -0.04899
v 0.19063 0.57960 -0.03051
v 0.10074 0.56998 -0.04006
v 0.18694 0.58143 -0.01843
v 0.15675 0.66130 -0.05514
v 0.18364 0.66427 -0.04083
v 0.15675 0.66130 -0.05514
v 0.17952 0.66554 -0.02776
v 0.18063 0.70707 -0.04899
v 0.17484 0.70549 -0.03238
v 0.15536 0.70268 -0.05984
v 0.10074 0.56998 -0.04006
v 0.10360 0.57038 -0.05274
v 0.13359 0.68134 0.13209
v 0.18667 0.65047 0.14757
v 0.17798 0.73419 0.14303
v 0.15536 0.70268 -0.05984
v 0.17668 0.74207 -0.04951
v 0.15146 0.73765 -0.06482
v 0.17110 0.74370 -0.03746
v 0.14127 0.64967 0.13370
v 0.15392 0.59327 0.12569
v 0.14127 0.64967 0.13370
v 0.14863 0.64924 0.13312
v 0.18667 0.65047 0.14757
v 0.15275 0.59402 0.13305
v 0.13524 0.62181 -0.03822
v 0.13166 0.71442 0.13156
v 0.18363 0.59419 0.12059
v 0.13647 0.59030 0.11449
v 0.16826 0.57853 0.11833
v 0.10500 0.69671 -0.07202
v 0.15380 0.61872 0.11284
v 0.15069 0.61532 0.12632
v 0.15283 0.63347 0.11214
v 0.15392 0.59327 0.12569
v 0.15275 0.59402 0.13305
v 0.10500 0.69671 -0.07202
v 0.13647 0.59030 0.11449
v 0.11040 0.61875 -0.06129
v 0.14883 0.63303 0.12633
v 0.11068 0.65810 -0.04808
v 0.11623 0.62855 0.11637
v 0.15283 0.63347 0.11214
v 0.14883 0.63303 0.12633
v 0.14863 0.64924 0.13312
v 0.14239 0.76646 0.12838
v 0.14883 0.63303 0.12633
v 0.14863 0.64924 0.13312
v 0.14088 0.64541 0.12636
v 0.14682 0.65874 0.11202
v 0.13861 0.65704 0.12486
v 0.14602 0.67058 0.11131
v 0.13524 0.62181 -0.03822
v 0.14088 0.64541 0.12636
v 0.11623 0.62855 0.11637
v 0.13573 0.61570 0.11437
v 0.15380 0.61872 0.11284
v 0.15069 0.61532 0.12632
v 0.15380 0.61872 0.11284
v 0.13573 0.61570 0.11437
v 0.13684 0.67082 0.12716
v 0.15283 0.63347 0.11214
v 0.14088 0.64541 0.12636
v 0.14127 0.64967 0.13370
v 0.13861 0.65704 0.12486
v 0.13861 0.65704 0.12486
v 0.14682 0.65874 0.11202
v 0.10890 0.65346 0.11828
v 0.10360 0.57038 -0.05274
v 0.19063 0.57960 -0.03051
v 0.19264 0.57376 -0.03466
v 0.10771 0.69712 -0.05173
v 0.13359 0.68134 0.13209
v 0.16673 0.57570 0.12602
v 0.16826 0.57853 0.11833
v 0.13647 0.59030 0.11449
v 0.13359 0.68134 0.13209
v 0.11068 0.65810 -0.04808
v 0.10345 0.73333 -0.07484
v 0.16673 0.57570 0.12602
v 0.13647 0.59030 0.11449
v 0.10097 0.58643 0.11373
v 0.13291 0.68857 0.12662
v 0.13419 0.71100 0.11462
v 0.13598 0.69185 0.11436
v 0.13166 0.71442 0.13156
v 0.10771 0.69712 -0.05173
v 0.11913 0.61186 0.11593
v 0.14682 0.65874 0.11202
v 0.14602 0.67058 0.11131
v 0.10890 0.65346 0.11828
v 0.11190 0.62808 0.12138
v 0.11190 0.62808 0.12138
v 0.11913 0.61186 0.11593
v 0.11040 0.61875 -0.06129
v 0.09619 0.66418 0.12071
v 0.13684 0.67082 0.12716
v 0.13291 0.68857 0.12662
v 0.13861 0.65704 0.12486
v 0.10890 0.65346 0.11828
v 0.13419 0.71100 0.11462
v 0.08888 0.70668 0.10673
v 0.13598 0.69185 0.11436
v 0.13166 0.71442 0.13156
v 0.11947 0.77191 0.12938
v 0.11961 0.73250 0.12627
v 0.14602 0.67058 0.11131
v 0.13684 0.67082 0.12716
v 0.09619 0.66418 0.12071
v 0.13291 0.68857 0.12662
v 0.13598 0.69185 0.11436
v 0.04951 0.68197 0.10046
v 0.11947 0.77191 0.12938
v 0.12134 0.73273 0.11658
v 0.11961 0.73250 0.12627
v 0.10097 0.58643 0.11373
v 0.03763 0.59846 0.10327
v 0.04808 0.70288 0.11439
v 0.10622 0.56291 -0.05958
v 0.09619 0.66418 0.12071
v 0.07381 0.61509 -0.04622
v 0.13166 0.71442 0.13156
v 0.08888 0.70668 0.10673
v 0.13419 0.71100 0.11462
v 0.08178 0.62574 0.11139
v 0.04951 0.68197 0.10046
v 0.03763 0.59846 0.10327
v 0.15392 0.59327 0.12569
v 0.15069 0.61532 0.12632
v 0.08178 0.62574 0.11139
v 0.07076 0.65410 -0.05160
v 0.04808 0.70288 0.11439
v 0.10360 0.57038 -0.05274
v 0.10622 0.56291 -0.05958
v 0.10074 0.56998 -0.04006
v 0.11190 0.62808 0.12138
v 0.04034 0.55330 0.10595
v 0.03871 0.57947 0.10755
v 0.04795 0.72431 0.10512
v 0.11961 0.73250 0.12627
v 0.12134 0.73273 0.11658
v 0.04795 0.72431 0.10512
v 0.12134 0.73273 0.11658
v 0.12122 0.75055 0.11678
v 0.04795 0.72431 0.10512
v 0.04680 0.74336 0.10504
v 0.04951 0.70209 0.10053
v 0.04766 0.68156 0.11238
v 0.03871 0.57947 0.10755
v 0.11190 0.62808 0.12138
v 0.03271 0.62230 0.10659
v 0.04954 0.65817 0.11293
v 0.04951 0.70209 0.10053
v 0.03271 0.62230 0.10659
v 0.03763 0.59846 0.10327
v 0.03871 0.57947 0.10755
v 0.04766 0.68156 0.11238
v 0.03271 0.62230 0.10659
v 0.22380 0.72710 0.05978
v 0.19560 0.59244 -0.01514
v 0.17952 0.66554 -0.02776
v 0.23223 0.36451 0.09214
v 0.24603 0.36346 0.01006
v 0.24234 0.44793 0.00946
v 0.22745 0.37907 0.14839
v 0.24296 0.37613 0.08903
v 0.23447 0.48991 0.08071
v 0.24234 0.44793 0.00946
v 0.22287 0.44463 0.00815
v 0.23682 0.44930 0.02034
v 0.22978 0.36025 -0.00198
v 0.22533 0.44395 -0.00344
v 0.24234 0.44793 0.00946
v 0.21202 0.37465 0.10818
v 0.22227 0.37217 0.09214
v 0.23313 0.37495 0.08632
v 0.23682 0.44930 0.02034
v 0.21817 0.45001 0.07832
v 0.24234 0.44793 0.00946
v 0.23682 0.44930 0.02034
v 0.22276 0.49490 0.00593
v 0.21817 0.45001 0.07832
v 0.23313 0.37495 0.08632
v 0.22957 0.44893 0.08078
v 0.23447 0.48991 0.08071
v 0.22957 0.44893 0.08078
v 0.24603 0.36346 0.01006
v 0.23313 0.37495 0.08632
v 0.24296 0.37613 0.08903
v 0.23682 0.44930 0.02034
v 0.22287 0.44463 0.00815
v 0.22276 0.49490 0.00593
v 0.21817 0.45001 0.07832
v 0.22957 0.44893 0.08078
v 0.23447 0.48991 0.08071
v 0.19437 0.48910 0.10759
v 0.22148 0.49252 0.13222
v 0.24296 0.37613 0.08903
v 0.22533 0.44395 -0.00344
v 0.22880 0.57465 0.03848
v 0.22815 0.59822 0.03754
v 0.22243 0.59547 0.05935
v 0.22101 0.36431 0.09088
v 0.23313 0.37495 0.08632
v 0.22227 0.37217 0.09214
v 0.21659 0.45513 0.00282
v 0.21446 0.49100 0.00350
v 0.22382 0.57635 0.05903
v 0.22533 0.44395 -0.00344
v 0.21606 0.43849 0.00658
v 0.22287 0.44463 0.00815
v 0.22397 0.35737 -0.01600
v 0.21757 0.44009 -0.02119
v 0.22276 0.49490 0.00593
v 0.22449 0.49478 -0.00346
v 0.21908 0.53406 0.00120
v 0.21591 0.49285 -0.00693
v 0.22449 0.49478 -0.00346
v 0.22276 0.49490 0.00593
v 0.21985 0.53476 0.01791
v 0.20559 0.48589 0.07331
v 0.22276 0.49490 0.00593
v 0.21294 0.49395 0.02739
v 0.21446 0.49100 0.00350
v 0.20559 0.48589 0.07331
v 0.22880 0.57465 0.03848
v 0.22382 0.57635 0.05903
v 0.20063 0.57340 0.05278
v 0.21908 0.53406 0.00120
v 0.22449 0.49478 -0.00346
v 0.21212 0.53111 -0.00925
v 0.20136 0.50078 0.11060
v 0.21606 0.43849 0.00658
v 0.21212 0.53111 -0.00925
v 0.22449 0.49478 -0.00346
v 0.21591 0.49285 -0.00693
v 0.20973 0.45063 0.00499
v 0.21659 0.45513 0.00282
v 0.21606 0.43849 0.00658
v 0.21843 0.45374 -0.00744
v 0.21468 0.52811 -0.01680
v 0.21591 0.49285 -0.00693
v 0.21659 0.45513 0.00282
v 0.20973 0.45063 0.00499
v 0.21843 0.45374 -0.00744
v 0.20559 0.48589 0.07331
v 0.20559 0.48589 0.07331
v 0.21443 0.59420 -0.00494
v 0.21908 0.53406 0.00120
v 0.19720 0.55649 -0.01383
v 0.21446 0.49100 0.00350
v 0.21659 0.45513 0.00282
v 0.21212 0.53111 -0.00925
v 0.22276 0.49490 0.00593
v 0.20136 0.50078 0.11060
v 0.19358 0.49796 0.10277
v 0.21606 0.43849 0.00658
v 0.20137 0.40617 -0.00153
v 0.21148 0.40998 0.00660
v 0.22880 0.57465 0.03848
v 0.20360 0.59513 0.02993
v 0.22815 0.59822 0.03754
v 0.21757 0.44009 -0.02119
v 0.22397 0.35737 -0.01600
v 0.20332 0.40419 -0.02287
v 0.19989 0.44920 -0.01202
v 0.21468 0.52811 -0.01680
v 0.20344 0.52995 -0.01771
v 0.21212 0.53111 -0.00925
v 0.20132 0.53171 -0.00803
v 0.21294 0.49395 0.02739
v 0.22243 0.59547 0.05935
v 0.20063 0.57340 0.05278
v 0.22382 0.57635 0.05903
v 0.19765 0.39847 0.00223
v 0.19135 0.40537 0.00272
v 0.22533 0.44395 -0.00344
v 0.19921 0.43889 -0.02387
v 0.19866 0.44040 -0.00969
v 0.21908 0.53406 0.00120
v 0.19520 0.53944 0.08734
v 0.21985 0.53476 0.01791
v 0.21908 0.53406 0.00120
v 0.20607 0.57250 0.03262
v 0.21606 0.43849 0.00658
v 0.21148 0.40998 0.00660
v 0.19989 0.44920 -0.01202
v 0.21468 0.52811 -0.01680
v 0.21843 0.45374 -0.00744
v 0.19751 0.59188 0.05354
v 0.20559 0.48589 0.07331
v 0.21294 0.49395 0.02739
v 0.19358 0.49796 0.10277
v 0.21757 0.44009 -0.02119
v 0.20132 0.53171 -0.00803
v 0.19671 0.45089 0.00197
v 0.20607 0.57250 0.03262
v 0.19921 0.43889 -0.02387
v 0.19765 0.39847 0.00223
v 0.20360 0.59513 0.02993
v 0.20607 0.57250 0.03262
v 0.21908 0.53406 0.00120
v 0.21443 0.59420 -0.00494
v 0.19866 0.44040 -0.00969
v 0.18922 0.53985 0.12234
v 0.19519 0.52242 -0.02120
v 0.19520 0.53944 0.08734
v 0.20063 0.57340 0.05278
v 0.19720 0.55649 -0.01383
v 0.20344 0.52995 -0.01771
v 0.19986 0.55491 -0.01967
v 0.20132 0.53171 -0.00803
v 0.20344 0.52995 -0.01771
v 0.19986 0.55491 -0.01967
v 0.20148 0.45078 -0.02283
v 0.19989 0.44920 -0.01202
v 0.19186 0.44945 -0.01617
v 0.19671 0.45089 0.00197
v 0.19652 0.44276 0.00218
v 0.20332 0.40419 -0.02287
v 0.20137 0.40617 -0.00153
v 0.19921 0.43889 -0.02387
v 0.19437 0.48910 0.10759
v 0.19866 0.44040 -0.00969
v 0.18922 0.53985 0.12234
v 0.19356 0.44949 -0.02479
v 0.19519 0.52242 -0.02120
v 0.19989 0.44920 -0.01202
v 0.20148 0.45078 -0.02283
v 0.20332 0.40419 -0.02287
v 0.19482 0.40347 -0.02237
v 0.19135 0.40537 0.00272
v 0.19751 0.59188 0.05354
v 0.19264 0.57376 -0.03466
v 0.19652 0.44276 0.00218
v 0.19866 0.44040 -0.00969
v 0.19989 0.44920 -0.01202
v 0.18363 0.59419 0.12059
v 0.19671 0.45089 0.00197
v 0.19253 0.55457 -0.02161
v 0.20137 0.40617 -0.00153
v 0.18940 0.49593 -0.03058
v 0.19264 0.57376 -0.03466
v 0.20148 0.45078 -0.02283
v 0.19986 0.55491 -0.01967
v 0.19253 0.55457 -0.02161
v 0.19720 0.55649 -0.01383
v 0.19866 0.44040 -0.00969
v 0.19136 0.43938 -0.01427
v 0.19989 0.44920 -0.01202
v 0.19673 0.40529 -0.02960
v 0.18826 0.43771 0.00042
v 0.19135 0.40537 0.00272
v 0.19482 0.40347 -0.02237
v 0.19135 0.40537 0.00272
v 0.19765 0.39847 0.00223
v 0.20137 0.40617 -0.00153
v 0.19356 0.44949 -0.02479
v 0.19133 0.49389 -0.03733
v 0.19356 0.44949 -0.02479
v 0.19253 0.55457 -0.02161
v 0.19136 0.43938 -0.01427
v 0.19866 0.44040 -0.00969
v 0.19652 0.44276 0.00218
v 0.18826 0.43771 0.00042
v 0.18940 0.49593 -0.03058
v 0.18331 0.40302 -0.02622
v 0.19136 0.43938 -0.01427
v 0.19186 0.44945 -0.01617
v 0.18694 0.58143 -0.01843
v 0.19186 0.44945 -0.01617
v 0.19063 0.57960 -0.03051
v 0.18826 0.43771 0.00042
v 0.19253 0.55457 -0.02161
v 0.18694 0.58143 -0.01843
v 0.19720 0.55649 -0.01383
v 0.14664 0.39918 -0.04127
v 0.19673 0.40529 -0.02960
v 0.18331 0.40302 -0.02622
v 0.18694 0.58143 -0.01843
v 0.19482 0.40347 -0.02237
v 0.18366 0.35605 -0.01426
v 0.17942 0.40301 -0.01821
v 0.18331 0.40302 -0.02622
v 0.19133 0.49389 -0.03733
v 0.14050 0.49010 -0.04503
v 0.18940 0.49593 -0.03058
v 0.17942 0.40301 -0.01821
v 0.14050 0.49010 -0.04503
v 0.14050 0.49010 -0.04503
v 0.19133 0.49389 -0.03733
v 0.19673 0.40529 -0.02960
v 0.14664 0.39918 -0.04127
v 0.14388 0.39730 -0.02542
v 0.17942 0.40301 -0.01821
v 0.18366 0.35605 -0.01426
v 0.14050 0.49010 -0.04503
v 0.14664 0.39918 -0.04127
v 0.14381 0.44183 -0.04580
v 0.14388 0.39730 -0.02542
v 0.14491 0.39788 -0.03543
v 0.14937 0.35041 -0.03314
v 0.14491 0.39788 -0.03543
v 0.14388 0.39730 -0.02542
v 0.14664 0.39918 -0.04127
v 0.14491 0.39788 -0.03543
v 0.13895 0.40072 -0.02346
v 0.14381 0.44183 -0.04580
v 0.13899 0.43242 -0.03269
v 0.14491 0.39788 -0.03543
v 0.14937 0.35041 -0.03314
v 0.11885 0.39829 -0.03929
v 0.13898 0.41717 -0.02579
v 0.13829 0.44170 -0.03417
v 0.13899 0.43242 -0.03269
v 0.11469 0.43880 -0.03943
v 0.13829 0.44170 -0.03417
v 0.13576 0.43086 -0.02192
v 0.13895 0.40072 -0.02346
v 0.11812 0.39842 -0.02656
v 0.13898 0.41717 -0.02579
v 0.11885 0.39829 -0.03929
v 0.13895 0.40072 -0.02346
v 0.14491 0.39788 -0.03543
v 0.14381 0.44183 -0.04580
v 0.11546 0.43944 -0.04804
v 0.14381 0.44183 -0.04580
v 0.13829 0.44170 -0.03417
v 0.11469 0.43880 -0.03943
v 0.11812 0.39842 -0.02656
v 0.11499 0.42787 -0.02497
v 0.13576 0.43086 -0.02192
v 0.13576 0.43086 -0.02192
v 0.11499 0.42787 -0.02497
v 0.13899 0.43242 -0.03269
v 0.11445 0.43090 -0.04135
v 0.11445 0.43090 -0.04135
v 0.11546 0.43944 -0.04804
v 0.10622 0.56291 -0.05958
v 0.11047 0.48790 -0.05121
v 0.11885 0.39829 -0.03929
v 0.11499 0.42787 -0.02497
v 0.11812 0.39842 -0.02656
v 0.11445 0.43090 -0.04135
v 0.11546 0.43944 -0.04804
v 0.11469 0.43880 -0.03943
v 0.11047 0.48790 -0.05121
v 0.10447 0.51905 -0.04262
v 0.11445 0.43090 -0.04135
v 0.10852 0.43404 -0.02199
v 0.11469 0.43880 -0.03943
v 0.10749 0.44007 -0.02193
v 0.11469 0.43880 -0.03943
v 0.10749 0.44007 -0.02193
v 0.09306 0.43820 -0.03618
v 0.11445 0.43090 -0.04135
v 0.09314 0.43007 -0.03598
v 0.10852 0.43404 -0.02199
v 0.10852 0.43404 -0.02199
v 0.08880 0.43070 -0.02411
v 0.10749 0.44007 -0.02193
v 0.09306 0.43820 -0.03618
v 0.08384 0.47063 -0.03931
v 0.10447 0.51905 -0.04262
v 0.08880 0.43070 -0.02411
v 0.10074 0.56998 -0.04006
v 0.10622 0.56291 -0.05958
v 0.08881 0.43944 -0.02484
v 0.11469 0.43880 -0.03943
v 0.10040 0.52097 -0.03348
v 0.06790 0.42554 -0.04830
v 0.09697 0.34084 -0.04190
v 0.11445 0.43090 -0.04135
v 0.08881 0.43944 -0.02484
v 0.08300 0.51751 -0.03474
v 0.10040 0.52097 -0.03348
v 0.08155 0.51288 -0.04330
v 0.06790 0.42554 -0.04830
v 0.08155 0.51288 -0.04330
v 0.10447 0.51905 -0.04262
v 0.10074 0.56998 -0.04006
v 0.10040 0.52097 -0.03348
v 0.08300 0.51751 -0.03474
v 0.09314 0.43007 -0.03598
v 0.09306 0.43820 -0.03618
v 0.08880 0.43070 -0.02411
v 0.08881 0.43944 -0.02484
v 0.05644 0.46637 -0.04357
v 0.06570 0.51597 -0.02205
v 0.08155 0.51288 -0.04330
v 0.08384 0.47063 -0.03931
v 0.09314 0.43007 -0.03598
v 0.06570 0.51597 -0.02205
v 0.06154 0.42407 -0.04160
v 0.06341 0.51950 -0.00890
v 0.06154 0.42407 -0.04160
v 0.05644 0.46637 -0.04357
v 0.04964 0.47389 0.02836
v 0.08384 0.47063 -0.03931
v 0.06330 0.34277 -0.02729
v 0.04647 0.34680 0.05037
v 0.05644 0.46637 -0.04357
v 0.04964 0.47389 0.02836
v 0.06790 0.42554 -0.04830
v 0.06154 0.42407 -0.04160
v 0.04670 0.51901 0.02008
v 0.04670 0.51901 0.02008
v 0.11885 0.39829 -0.03929
v 0.22745 0.37907 0.14839
v 0.21202 0.37465 0.10818
v 0.24296 0.37613 0.08903
v 0.22379 0.45637 0.13916
v 0.22745 0.37907 0.14839
v 0.23447 0.48991 0.08071
v 0.22148 0.49252 0.13222
v 0.22745 0.37907 0.14839
v 0.22379 0.45637 0.13916
v 0.22003 0.45509 0.13736
v 0.22148 0.49252 0.13222
v 0.21202 0.37465 0.10818
v 0.22101 0.36431 0.09088
v 0.22227 0.37217 0.09214
v 0.18800 0.37572 0.13806
v 0.20338 0.37462 0.13492
v 0.22148 0.49252 0.13222
v 0.19437 0.48910 0.10759
v 0.19560 0.48957 0.12407
v 0.18713 0.45240 0.12999
v 0.18800 0.37572 0.13806
v 0.20136 0.50078 0.11060
v 0.18922 0.53985 0.12234
v 0.19214 0.50242 0.13073
v 0.18901 0.37308 0.13291
v 0.18667 0.48855 0.12362
v 0.18667 0.48855 0.12362
v 0.20136 0.50078 0.11060
v 0.19214 0.50242 0.13073
v 0.19358 0.49796 0.10277
v 0.19560 0.48957 0.12407
v 0.19437 0.48910 0.10759
v 0.19358 0.49796 0.10277
v 0.19214 0.50242 0.13073
v 0.19214 0.50242 0.13073
v 0.18587 0.49798 0.12361
v 0.19560 0.48957 0.12407
v 0.18587 0.49798 0.12361
v 0.18667 0.48855 0.12362
v 0.19560 0.48957 0.12407
v 0.18922 0.53985 0.12234
v 0.19520 0.53944 0.08734
v 0.18363 0.59419 0.12059
v 0.18800 0.37572 0.13806
v 0.18713 0.45240 0.12999
v 0.18032 0.45790 0.13440
v 0.18743 0.53788 0.12906
v 0.18667 0.48855 0.12362
v 0.18597 0.46164 0.13987
v 0.18713 0.45240 0.12999
v 0.18713 0.45240 0.12999
v 0.18597 0.46164 0.13987
v 0.18032 0.45790 0.13440
v 0.18361 0.50056 0.13052
v 0.17750 0.41011 0.13920
v 0.19214 0.50242 0.13073
v 0.18361 0.50056 0.13052
v 0.18587 0.49798 0.12361
v 0.19214 0.50242 0.13073
v 0.17833 0.53031 0.13532
v 0.18361 0.50056 0.13052
v 0.18743 0.53788 0.12906
v 0.17833 0.53031 0.13532
v 0.19214 0.50242 0.13073
v 0.18587 0.49798 0.12361
v 0.18363 0.59419 0.12059
v 0.17086 0.55288 0.11837
v 0.18922 0.53985 0.12234
v 0.18469 0.38291 0.14244
v 0.18800 0.37572 0.13806
v 0.17750 0.41011 0.13920
v 0.16316 0.37040 0.13560
v 0.18800 0.37572 0.13806
v 0.18469 0.38291 0.14244
v 0.17833 0.53031 0.13532
v 0.17378 0.42735 0.13693
v 0.17130 0.44935 0.13294
v 0.16183 0.40419 0.13018
v 0.16826 0.57853 0.11833
v 0.14021 0.39341 0.12489
v 0.18469 0.38291 0.14244
v 0.17750 0.41011 0.13920
v 0.17833 0.53031 0.13532
v 0.15552 0.50362 0.13235
v 0.18597 0.46164 0.13987
v 0.16841 0.55245 0.12612
v 0.17086 0.55288 0.11837
v 0.16826 0.57853 0.11833
v 0.16673 0.57570 0.12602
v 0.16141 0.44191 0.13284
v 0.16316 0.37040 0.13560
v 0.17833 0.53031 0.13532
v 0.18743 0.53788 0.12906
v 0.14280 0.53254 0.12062
v 0.14291 0.52923 0.11662
v 0.18743 0.53788 0.12906
v 0.18922 0.53985 0.12234
v 0.14291 0.52923 0.11662
v 0.14280 0.53254 0.12062
v 0.18743 0.53788 0.12906
v 0.14291 0.52923 0.11662
v 0.16104 0.43030 0.12986
v 0.17750 0.41011 0.13920
v 0.16183 0.40419 0.13018
v 0.14021 0.39341 0.12489
v 0.15818 0.47798 0.13374
v 0.14320 0.37804 0.12786
v 0.05036 0.51865 0.11143
v 0.05036 0.51865 0.11143
v 0.15818 0.47798 0.13374
v 0.15552 0.50362 0.13235
v 0.15830 0.47777 0.12592
v 0.15608 0.50188 0.12435
v 0.12239 0.43660 0.12236
v 0.10806 0.44153 0.11989
v 0.11968 0.45321 0.12676
v 0.10806 0.44153 0.11989
v 0.12394 0.42350 0.10864
v 0.14590 0.36684 0.12753
v 0.12893 0.39612 0.11135
v 0.14171 0.35491 0.13424
v 0.16316 0.37040 0.13560
v 0.14590 0.36684 0.12753
v 0.12893 0.39612 0.11135
v 0.13744 0.39384 0.13449
v 0.14590 0.36684 0.12753
v 0.14320 0.37804 0.12786
v 0.14021 0.39341 0.12489
v 0.05036 0.51865 0.11143
v 0.14131 0.35601 0.13993
v 0.11006 0.42454 0.11461
v 0.12394 0.42350 0.10864
v 0.16104 0.43030 0.12986
v 0.14021 0.39341 0.12489
v 0.12893 0.39612 0.11135
v 0.13744 0.39384 0.13449
v 0.08789 0.38671 0.10350
v 0.05997 0.49208 0.11322
v 0.15608 0.50188 0.12435
v 0.15552 0.50362 0.13235
v 0.05997 0.49208 0.11322
v 0.11006 0.42454 0.11461
v 0.13744 0.39384 0.13449
v 0.08655 0.34834 0.12833
v 0.14131 0.35601 0.13993
v 0.08789 0.38671 0.10350
v 0.10779 0.43043 0.11735
v 0.06147 0.53453 0.10497
v 0.16841 0.55245 0.12612
v 0.16673 0.57570 0.12602
v 0.04034 0.55330 0.10595
v 0.10779 0.43043 0.11735
v 0.10806 0.44153 0.11989
v 0.10895 0.44322 0.11683
v 0.08422 0.38536 0.12294
v 0.06152 0.46491 0.11454
v 0.15830 0.47777 0.12592
v 0.06306 0.46614 0.10661
v 0.15818 0.47798 0.13374
v 0.10779 0.43043 0.11735
v 0.10895 0.44322 0.11683
v 0.08148 0.43657 0.10695
v 0.08496 0.41777 0.10128
v 0.16841 0.55245 0.12612
v 0.06147 0.53453 0.10497
v 0.17086 0.55288 0.11837
v 0.06172 0.49031 0.10587
v 0.15830 0.47777 0.12592
v 0.15608 0.50188 0.12435
v 0.06172 0.49031 0.10587
v 0.05808 0.44394 0.11519
v 0.08422 0.38536 0.12294
v 0.10806 0.44153 0.11989
v 0.08121 0.44392 0.11211
v 0.10895 0.44322 0.11683
v 0.05808 0.44394 0.11519
v 0.08496 0.41777 0.10128
v 0.04184 0.53327 0.10676
v 0.06306 0.46614 0.10661
v 0.14291 0.52923 0.11662
v 0.03875 0.51639 0.10141
v 0.05036 0.51865 0.11143
v 0.10779 0.43043 0.11735
v 0.08148 0.43657 0.10695
v 0.08120 0.43000 0.11293
v 0.10895 0.44322 0.11683
v 0.08121 0.44392 0.11211
v 0.08148 0.43657 0.10695
v 0.08496 0.41777 0.10128
v 0.08120 0.43000 0.11293
v 0.08772 0.33460 0.12198
v 0.08901 0.34687 0.12278
v 0.04686 0.44454 0.10476
v 0.08789 0.38671 0.10350
v 0.08496 0.41777 0.10128
v 0.08422 0.38536 0.12294
v 0.03875 0.51639 0.10141
v 0.04184 0.53327 0.10676
v 0.06152 0.46491 0.11454
v 0.08120 0.43000 0.11293
v 0.08121 0.44392 0.11211
v 0.08120 0.43000 0.11293
v 0.08148 0.43657 0.10695
v 0.08422 0.38536 0.12294
v 0.08120 0.43000 0.11293
v 0.08121 0.44392 0.11211
v 0.04686 0.44454 0.10476
v 0.05997 0.49208 0.11322
v 0.06152 0.46491 0.11454
v 0.06306 0.46614 0.10661
v 0.06172 0.49031 0.10587
v 0.05588 0.36185 0.09272
v 0.04686 0.44454 0.10476
v 0.04378 0.44583 0.08029
v 0.05808 0.44394 0.11519
v 0.03875 0.51639 0.10141
v 0.04686 0.44454 0.10476
v 0.04184 0.53327 0.10676
v 0.04647 0.34680 0.05037
v 0.02820 0.46896 0.07090
v 0.05644 0.46637 -0.04357
v 0.05588 0.36185 0.09272
v 0.04378 0.44583 0.08029
v 0.03954 0.35452 0.08597
v 0.04184 0.53327 0.10676
v 0.03535 0.51660 0.07920
v 0.03875 0.51639 0.10141
v 0.05036 0.51865 0.11143
v 0.05644 0.46637 -0.04357
v 0.02820 0.46896 0.07090
v 0.04964 0.47389 0.02836
v 0.04034 0.55330 0.10595
v 0.04046 0.47053 0.07478
v 0.02820 0.46896 0.07090
v 0.04046 0.47053 0.07478
v 0.03954 0.35452 0.08597
v 0.04964 0.47389 0.02836
v 0.04670 0.51901 0.02008
v 0.04046 0.47053 0.07478
v -0.03753 0.35629 0.08737
v -0.05131 0.46708 -0.04044
v -0.02754 0.46807 0.07197
v -0.05131 0.46708 -0.04044
v -0.03915 0.47069 0.07500
v -0.02754 0.46807 0.07197
v -0.03750 0.51943 0.04930
v -0.03742 0.51597 0.10149
v -0.03915 0.47069 0.07500
v -0.02754 0.46807 0.07197
v -0.03915 0.47069 0.07500
v -0.04302 0.44568 0.08048
v -0.04480 0.44520 0.10474
v -0.04591 0.47322 0.03410
v -0.03742 0.51597 0.10149
v -0.04254 0.52291 0.10338
v -0.04978 0.51950 0.11140
v -0.03753 0.35629 0.08737
v 0.11968 0.45321 0.12676
v 0.10806 0.44153 0.11989
v 0.11968 0.45321 0.12676
v 0.15818 0.47798 0.13374
v 0.05808 0.44394 0.11519
v 0.06152 0.46491 0.11454
v -0.06801 0.02774 0.06931
v -0.05751 0.00155 0.14609
v -0.06423 0.00064 0.10244
v -0.10415 0.00002 0.00333
v -0.10533 0.06787 0.00195
v -0.05808 0.06884 0.14565
v -0.10922 0.11954 0.00726
v -0.08745 0.12759 0.06860
v -0.09381 0.12895 -0.00399
v -0.09751 0.16862 -0.00146
v -0.10337 0.12837 -0.00076
v -0.10922 0.11954 0.00726
v -0.11389 0.11705 0.00980
v -0.09685 0.12725 0.05672
v -0.10844 0.06941 0.00736
v -0.10922 0.11954 0.00726
v -0.10533 0.06787 0.00195
v -0.09381 0.12895 -0.00399
v -0.11814 0.11986 -0.01539
v -0.11289 0.11631 -0.02744
v -0.10337 0.12837 -0.00076
v -0.09685 0.12725 0.05672
v -0.11389 0.11705 0.00980
v -0.10337 0.12837 -0.00076
v -0.10533 0.06787 0.00195
v -0.10415 0.00002 0.00333
v -0.11408 0.03668 0.00382
v -0.11814 0.11986 -0.01539
v -0.11408 0.03668 0.00382
v -0.11389 0.11705 0.00980
v -0.10922 0.11954 0.00726
v -0.10844 0.06941 0.00736
v -0.05751 0.00155 0.14609
v -0.19627 0.00080 0.18768
v -0.06423 0.00064 0.10244
v -0.11389 0.11705 0.00980
v -0.10844 0.06941 0.00736
v -0.12746 0.11044 -0.02079
v -0.11389 0.11705 0.00980
v -0.12286 0.11990 -0.00518
v -0.12309 0.03385 -0.01968
v -0.11408 0.03668 0.00382
v -0.12265 0.02516 0.00683
v -0.12286 0.11990 -0.00518
v -0.12265 0.02516 0.00683
v -0.12309 0.03385 -0.01968
v -0.11408 0.03668 0.00382
v -0.11514 0.03282 -0.02411
v -0.11907 0.11035 -0.02418
v -0.12746 0.11044 -0.02079
v -0.12309 0.03385 -0.01968
v -0.12188 0.03224 -0.03979
v -0.11514 0.03282 -0.02411
v -0.12309 0.03385 -0.01968
v -0.13035 0.03144 -0.03610
v -0.11907 0.11035 -0.02418
v -0.11514 0.03282 -0.02411
v -0.15690 0.10873 -0.13067
v -0.13689 0.12413 -0.01116
v -0.23794 0.00121 0.06934
v -0.13612 0.12027 -0.02298
v -0.12188 0.03224 -0.03979
v -0.13004 0.04250 -0.03806
v -0.11514 0.03282 -0.02411
v -0.13343 0.13985 -0.05393
v -0.14674 0.11558 -0.02616
v -0.11907 0.11035 -0.02418
v -0.13343 0.13985 -0.05393
v -0.13035 0.03144 -0.03610
v -0.12687 0.00082 -0.05353
v -0.12675 0.03806 -0.05543
v -0.14012 0.02511 -0.04898
v -0.12188 0.03224 -0.03979
v -0.13035 0.03144 -0.03610
v -0.13004 0.04250 -0.03806
v -0.14012 0.02511 -0.04898
v -0.13689 0.12413 -0.01116
v -0.12286 0.11990 -0.00518
v -0.12746 0.11044 -0.02079
v -0.12746 0.11044 -0.02079
v -0.13486 0.03819 -0.05165
v -0.13004 0.04250 -0.03806
v -0.14840 0.04778 -0.11523
v -0.13486 0.03819 -0.05165
v -0.11514 0.03282 -0.02411
v -0.13004 0.04250 -0.03806
v -0.14305 0.04322 -0.07436
v -0.14840 0.04778 -0.11523
v -0.11514 0.03282 -0.02411
v -0.14305 0.04322 -0.07436
v -0.14305 0.04322 -0.07436
v -0.13689 0.12413 -0.01116
v -0.13305 0.18652 -0.01733
v -0.13538 0.17831 -0.02742
v -0.13612 0.12027 -0.02298
v -0.13538 0.17831 -0.02742
v -0.11289 0.11631 -0.02744
v -0.10415 0.00002 0.00333
v -0.13612 0.12027 -0.02298
v -0.14807 0.12630 -0.02989
v -0.14408 0.19038 -0.03868
v -0.13305 0.18652 -0.01733
v -0.13689 0.12413 -0.01116
v -0.14674 0.11558 -0.02616
v -0.15690 0.10873 -0.13067
v -0.16777 0.10954 -0.12756
v -0.13343 0.13985 -0.05393
v -0.17860 0.01169 -0.03662
v -0.15688 0.03556 -0.13300
v -0.12675 0.03806 -0.05543
v -0.12687 0.00082 -0.05353
v -0.15173 0.12807 -0.00955
v -0.13486 0.03819 -0.05165
v -0.12675 0.03806 -0.05543
v -0.16527 0.03727 -0.12790
v -0.15828 0.12686 -0.02923
v -0.15173 0.12807 -0.00955
v -0.14807 0.12630 -0.02989
v -0.13689 0.12413 -0.01116
v -0.16527 0.03727 -0.12790
v -0.16210 0.10520 -0.11089
v -0.13343 0.13985 -0.05393
v -0.16777 0.10954 -0.12756
v -0.15886 0.04588 -0.11099
v -0.16210 0.10520 -0.11089
v -0.21709 0.10797 -0.09441
v -0.13343 0.13985 -0.05393
v -0.15688 0.03556 -0.13300
v -0.16196 0.07445 -0.11248
v -0.15690 0.10873 -0.13067
v -0.14840 0.04778 -0.11523
v -0.12265 0.02516 0.00683
v -0.17860 0.01169 -0.03662
v -0.14012 0.02511 -0.04898
v -0.15828 0.12686 -0.02923
v -0.15886 0.04588 -0.11099
v -0.14807 0.12630 -0.02989
v -0.19997 0.14173 -0.02270
v -0.14408 0.19038 -0.03868
v -0.15828 0.12686 -0.02923
v -0.15173 0.12807 -0.00955
v -0.14674 0.11558 -0.02616
v -0.15886 0.04588 -0.11099
v -0.15828 0.12686 -0.02923
v -0.19997 0.14173 -0.02270
v -0.16196 0.07445 -0.11248
v -0.16196 0.07445 -0.11248
v -0.15997 0.09453 -0.10703
v -0.16196 0.07445 -0.11248
v -0.17467 0.08633 -0.10281
v -0.15997 0.09453 -0.10703
v -0.16777 0.10954 -0.12756
v -0.17054 0.07524 -0.12788
v -0.17054 0.07524 -0.12788
v -0.15688 0.03556 -0.13300
v -0.16385 0.08023 -0.13352
v -0.16527 0.03727 -0.12790
v -0.18381 0.00073 -0.19004
v -0.18602 0.01556 0.02595
v -0.18602 0.01556 0.02595
v -0.21352 0.20108 -0.02593
v -0.17054 0.07524 -0.12788
v -0.17467 0.08633 -0.10281
v -0.16196 0.07445 -0.11248
v -0.17742 0.09756 -0.10118
v -0.16210 0.10520 -0.11089
v -0.15688 0.03556 -0.13300
v -0.18506 0.07115 -0.18160
v -0.16385 0.08023 -0.13352
v -0.18121 0.08134 -0.12564
v -0.16385 0.08023 -0.13352
v -0.18506 0.07115 -0.18160
v -0.18121 0.08134 -0.12564
v -0.18121 0.08134 -0.12564
v -0.18373 0.03414 -0.19010
v -0.17467 0.08633 -0.10281
v -0.18121 0.08134 -0.12564
v -0.17742 0.09756 -0.10118
v -0.21977 0.14718 -0.02003
v -0.18373 0.03414 -0.19010
v -0.18429 0.03560 -0.18238
v -0.15688 0.03556 -0.13300
v -0.18429 0.03560 -0.18238
v -0.19399 0.07398 -0.16840
v -0.19673 0.07963 -0.16720
v -0.18506 0.07115 -0.18160
v -0.18429 0.03560 -0.18238
v -0.19425 0.06975 -0.18023
v -0.19425 0.06975 -0.18023
v -0.19661 0.03517 -0.18705
v -0.21977 0.14718 -0.02003
v -0.19399 0.07398 -0.16840
v -0.19425 0.06975 -0.18023
v -0.19678 0.07752 -0.18573
v -0.21203 0.01195 -0.02598
v -0.21709 0.10797 -0.09441
v -0.21203 0.01195 -0.02598
v -0.19661 0.03517 -0.18705
v -0.18373 0.03414 -0.19010
v -0.18381 0.00073 -0.19004
v -0.19472 0.03623 -0.18064
v -0.17742 0.09756 -0.10118
v -0.19673 0.07963 -0.16720
v -0.25560 0.08326 -0.15219
v -0.19472 0.03623 -0.18064
v -0.19472 0.03623 -0.18064
v -0.19661 0.03517 -0.18705
v -0.25283 0.10092 -0.07415
v -0.23997 0.00104 0.04285
v -0.21977 0.14718 -0.02003
v -0.23702 0.08018 -0.17604
v -0.19678 0.07752 -0.18573
v -0.23997 0.00104 0.04285
v -0.24054 0.01969 -0.01624
v -0.21681 0.02254 0.03520
v -0.19678 0.07752 -0.18573
v -0.22711 0.03695 0.12596
v -0.22938 0.01524 0.11989
v -0.19627 0.00080 0.18768
v -0.21681 0.02254 0.03520
v -0.21352 0.20108 -0.02593
v -0.21977 0.14718 -0.02003
v -0.21631 0.20354 -0.02036
v -0.25799 0.00077 -0.01188
v -0.21996 0.13701 0.00049
v -0.24054 0.13615 0.00166
v -0.21199 0.20703 -0.00413
v -0.21996 0.13701 0.00049
v -0.23975 0.06748 0.04263
v -0.21640 0.12827 0.10519
v -0.23515 0.12067 0.04548
v -0.23702 0.08018 -0.17604
v -0.23515 0.12067 0.04548
v -0.21554 0.12568 0.08759
v -0.22553 0.12563 0.04592
v -0.19627 0.00080 0.18768
v -0.22938 0.01524 0.11989
v -0.23794 0.00121 0.06934
v -0.29108 0.00004 -0.15991
v -0.23868 0.13003 0.03936
v -0.22553 0.12563 0.04592
v -0.21554 0.12568 0.08759
v -0.27313 0.11065 -0.07346
v -0.23859 0.10634 0.01348
v -0.22553 0.12563 0.04592
v -0.23088 0.12182 0.00804
v -0.23171 0.03545 0.03959
v -0.23171 0.03545 0.03959
v -0.23240 0.06861 0.04209
v -0.21977 0.14718 -0.02003
v -0.24494 0.14887 -0.01173
v -0.21996 0.13701 0.00049
v -0.24054 0.12657 0.01404
v -0.23088 0.12182 0.00804
v -0.23975 0.06748 0.04263
v -0.23240 0.06861 0.04209
v -0.23975 0.06748 0.04263
v -0.23515 0.12067 0.04548
v -0.22553 0.12563 0.04592
v -0.24494 0.14887 -0.01173
v -0.24054 0.01969 -0.01624
v -0.19637 0.06804 0.18726
v -0.23868 0.13003 0.03936
v -0.24005 0.14388 0.03195
v -0.24054 0.12657 0.01404
v -0.23794 0.00121 0.06934
v -0.24054 0.13615 0.00166
v -0.24131 0.03672 0.01609
v -0.23171 0.03545 0.03959
v -0.24131 0.03672 0.01609
v -0.23859 0.10634 0.01348
v -0.23088 0.12182 0.00804
v -0.24054 0.12657 0.01404
v -0.23997 0.00104 0.04285
v -0.24629 0.14343 0.03202
v -0.24054 0.12657 0.01404
v -0.24005 0.14388 0.03195
v -0.24777 0.03333 -0.00464
v -0.24829 0.07986 0.01830
v -0.24005 0.14388 0.03195
v -0.24071 0.17384 0.03027
v -0.24629 0.14343 0.03202
v -0.24131 0.03672 0.01609
v -0.24054 0.12657 0.01404
v -0.24054 0.13615 0.00166
v -0.24629 0.14343 0.03202
v -0.24071 0.17384 0.03027
v -0.24054 0.12657 0.01404
v -0.27449 0.07912 -0.14558
v -0.25177 0.03774 0.02048
v -0.25793 0.03863 -0.01190
v -0.18381 0.00073 -0.19004
v -0.12687 0.00082 -0.05353
v -0.28486 0.00004 -0.09901
v -0.29108 0.00004 -0.15991
v -0.25755 0.03554 -0.00189
v -0.24777 0.03333 -0.00464
v -0.25177 0.03774 0.02048
v -0.27313 0.11065 -0.07346
v -0.24131 0.03672 0.01609
v -0.24777 0.03333 -0.00464
v -0.25017 0.04478 -0.00575
v -0.25793 0.03863 -0.01190
v -0.25793 0.03863 -0.01190
v -0.25893 0.04592 -0.00076
v -0.24777 0.03333 -0.00464
v -0.25755 0.03554 -0.00189
v -0.24494 0.14887 -0.01173
v -0.27313 0.11065 -0.07346
v -0.24054 0.12657 0.01404
v -0.25017 0.04478 -0.00575
v -0.25799 0.00077 -0.01188
v -0.28647 0.08485 -0.14510
v -0.25177 0.03774 0.02048
v -0.24829 0.07986 0.01830
v -0.25893 0.04592 -0.00076
v -0.25755 0.03554 -0.00189
v -0.25017 0.04478 -0.00575
v -0.27387 0.04724 -0.07261
v -0.25793 0.03863 -0.01190
v -0.25283 0.10092 -0.07415
v -0.25283 0.10092 -0.07415
v -0.25865 0.08404 -0.08050
v -0.26935 0.07757 -0.07551
v -0.28195 0.03745 -0.08724
v -0.27313 0.11065 -0.07346
v -0.27949 0.08256 -0.07053
v -0.26258 0.08495 -0.09730
v -0.25865 0.08404 -0.08050
v -0.25283 0.10092 -0.07415
v -0.25893 0.04592 -0.00076
v -0.27387 0.04724 -0.07261
v -0.25017 0.04478 -0.00575
v -0.27949 0.08256 -0.07053
v -0.25799 0.00077 -0.01188
v -0.28486 0.00004 -0.09901
v -0.26258 0.08495 -0.09730
v -0.26935 0.07757 -0.07551
v -0.25865 0.08404 -0.08050
v -0.27449 0.07912 -0.14558
v -0.27830 0.06907 -0.08858
v -0.26258 0.08495 -0.09730
v -0.27449 0.07912 -0.14558
v -0.29196 0.07587 -0.14540
v -0.27830 0.06907 -0.08858
v -0.26935 0.07757 -0.07551
v -0.28259 0.04863 -0.06893
v -0.28405 0.08404 -0.08823
v -0.29068 0.08063 -0.16085
v -0.27449 0.07912 -0.14558
v -0.25560 0.08326 -0.15219
v -0.28647 0.08485 -0.14510
v -0.27830 0.06907 -0.08858
v -0.26258 0.08495 -0.09730
v -0.28405 0.08404 -0.08823
v -0.27387 0.04724 -0.07261
v -0.28259 0.04863 -0.06893
v -0.28195 0.03745 -0.08724
v -0.29196 0.07587 -0.14540
v -0.28259 0.04863 -0.06893
v -0.29265 0.03470 -0.15930
v -0.29068 0.08063 -0.16085
v -0.29108 0.00004 -0.15991
v -0.29265 0.03470 -0.15930
v -0.28647 0.08485 -0.14510
v -0.29068 0.08063 -0.16085
v -0.29196 0.07587 -0.14540
v -0.28405 0.08404 -0.08823
v -0.29196 0.07587 -0.14540
v -0.29068 0.08063 -0.16085
v -0.10533 0.06787 0.00195
v -0.14305 0.04322 -0.07436
v -0.13486 0.03819 -0.05165
v -0.03753 0.35629 0.08737
v -0.06133 0.34834 0.05201
v -0.06274 0.34132 -0.02619
v -0.06370 0.27493 0.11835
v -0.05487 0.35977 0.09099
v -0.04302 0.44568 0.08048
v -0.05487 0.35977 0.09099
v -0.06003 0.30181 0.08483
v -0.06133 0.34834 0.05201
v -0.06495 0.25617 0.09014
v -0.07771 0.34464 -0.01135
v -0.08243 0.30178 -0.00964
v -0.07563 0.34266 -0.01757
v -0.07538 0.33916 -0.04503
v -0.07538 0.33916 -0.04503
v -0.06594 0.42395 -0.04892
v -0.06274 0.34132 -0.02619
v -0.09691 0.22725 0.13332
v -0.06370 0.27493 0.11835
v -0.08767 0.29424 0.12530
v -0.07771 0.34464 -0.01135
v -0.08737 0.25706 -0.00227
v -0.08489 0.33488 0.12226
v -0.08410 0.38722 0.11717
v -0.08692 0.34704 0.12208
v -0.07771 0.34464 -0.01135
v -0.08243 0.30178 -0.00964
v -0.07563 0.34266 -0.01757
v -0.08799 0.31580 0.12336
v -0.09381 0.12895 -0.00399
v -0.08737 0.25706 -0.00227
v -0.09381 0.12895 -0.00399
v -0.09491 0.34025 -0.04157
v -0.07563 0.34266 -0.01757
v -0.08836 0.25858 0.12877
v -0.08767 0.29424 0.12530
v -0.08947 0.27626 0.12737
v -0.08799 0.31580 0.12336
v -0.08905 0.33307 0.11440
v -0.09111 0.31580 0.11556
v -0.06992 0.21374 0.09226
v -0.09491 0.34025 -0.04157
v -0.08489 0.33488 0.12226
v -0.09691 0.22725 0.13332
v -0.08767 0.29424 0.12530
v -0.08836 0.25858 0.12877
v -0.09220 0.27671 0.11905
v -0.08767 0.29424 0.12530
v -0.08969 0.29390 0.11729
v -0.09381 0.12895 -0.00399
v -0.08947 0.27626 0.12737
v -0.09691 0.22725 0.13332
v -0.08836 0.25858 0.12877
v -0.09385 0.25475 0.12844
v -0.07538 0.33916 -0.04503
v -0.09491 0.34025 -0.04157
v -0.11945 0.34508 -0.03885
v -0.09530 0.25361 0.12136
v -0.09691 0.22725 0.13332
v -0.09385 0.25475 0.12844
v -0.09722 0.23975 0.12296
v -0.06594 0.42395 -0.04892
v -0.08526 0.34888 0.12792
v -0.14075 0.35687 0.13986
v -0.13960 0.35471 0.13425
v -0.12539 0.28374 -0.03733
v -0.09385 0.25475 0.12844
v -0.16668 0.26547 0.14592
v -0.09530 0.25361 0.12136
v -0.08692 0.34704 0.12208
v -0.16668 0.26547 0.14592
v -0.09385 0.25475 0.12844
v -0.08969 0.29390 0.11729
v -0.08767 0.29424 0.12530
v -0.16352 0.30331 0.14232
v -0.11289 0.11631 -0.02744
v -0.15826 0.34290 0.13766
v -0.09220 0.27671 0.11905
v -0.08969 0.29390 0.11729
v -0.16327 0.30221 0.13356
v -0.16327 0.30221 0.13356
v -0.08799 0.31580 0.12336
v -0.09111 0.31580 0.11556
v -0.15826 0.34290 0.13766
v -0.11289 0.11631 -0.02744
v -0.13538 0.17831 -0.02742
v -0.16496 0.28332 0.14406
v -0.13219 0.24205 0.13988
v -0.09722 0.23975 0.12296
v -0.12864 0.24193 0.12978
v -0.13960 0.35471 0.13425
v -0.09722 0.23975 0.12296
v -0.09530 0.25361 0.12136
v -0.12864 0.24193 0.12978
v -0.16542 0.28443 0.13447
v -0.08905 0.33307 0.11440
v -0.15945 0.34232 0.13044
v -0.09111 0.31580 0.11556
v -0.15945 0.34232 0.13044
v -0.08905 0.33307 0.11440
v -0.08489 0.33488 0.12226
v -0.08947 0.27626 0.12737
v -0.09220 0.27671 0.11905
v -0.16542 0.28443 0.13447
v -0.12613 0.28198 -0.02430
v -0.13569 0.21154 -0.01878
v -0.13075 0.27361 -0.02348
v -0.15826 0.34290 0.13766
v -0.16352 0.30331 0.14232
v -0.14877 0.35027 -0.03361
v -0.16496 0.28332 0.14406
v -0.12539 0.28374 -0.03733
v -0.13538 0.17831 -0.02742
v -0.12613 0.28198 -0.02430
v -0.13569 0.21154 -0.01878
v -0.13538 0.17831 -0.02742
v -0.13305 0.18652 -0.01733
v -0.13569 0.21154 -0.01878
v -0.13464 0.27006 -0.04348
v -0.13075 0.27361 -0.02348
v -0.13569 0.21154 -0.01878
v -0.13569 0.21154 -0.01878
v -0.13305 0.18652 -0.01733
v -0.14152 0.20039 -0.01733
v -0.16623 0.26213 0.13742
v -0.14001 0.21116 -0.03892
v -0.16090 0.32288 0.13132
v -0.13305 0.18652 -0.01733
v -0.14408 0.19038 -0.03868
v -0.14435 0.19893 -0.03365
v -0.14152 0.20039 -0.01733
v -0.15826 0.34290 0.13766
v -0.09111 0.31580 0.11556
v -0.16090 0.32288 0.13132
v -0.16690 0.24598 0.13837
v -0.16623 0.26213 0.13742
v -0.16690 0.24598 0.13837
v -0.14287 0.39861 -0.02465
v -0.14877 0.35027 -0.03361
v -0.14691 0.35140 -0.02039
v -0.12613 0.28198 -0.02430
v -0.21780 0.29521 -0.02194
v -0.12539 0.28374 -0.03733
v -0.14435 0.19893 -0.03365
v -0.14408 0.19038 -0.03868
v -0.21352 0.20108 -0.02593
v -0.15826 0.34290 0.13766
v -0.16090 0.32288 0.13132
v -0.15945 0.34232 0.13044
v -0.16352 0.30331 0.14232
v -0.16496 0.28332 0.14406
v -0.16327 0.30221 0.13356
v -0.19161 0.27762 0.14837
v -0.18313 0.38074 0.14218
v -0.16542 0.28443 0.13447
v -0.14877 0.35027 -0.03361
v -0.18275 0.35504 -0.01408
v -0.14691 0.35140 -0.02039
v -0.16690 0.24598 0.13837
v -0.16623 0.26213 0.13742
v -0.16668 0.26547 0.14592
v -0.16690 0.24598 0.13837
v -0.16668 0.26547 0.14592
v -0.13219 0.24205 0.13988
v -0.13075 0.27361 -0.02348
v -0.13464 0.27006 -0.04348
v -0.21333 0.28068 -0.03131
v -0.13219 0.24205 0.13988
v -0.16272 0.23412 0.14753
v -0.19539 0.23737 0.15220
v -0.18584 0.35500 -0.02617
v -0.21780 0.29521 -0.02194
v -0.18584 0.35500 -0.02617
v -0.21855 0.29615 -0.01114
v -0.21013 0.28379 -0.00964
v -0.21199 0.20703 -0.00413
v -0.19161 0.27762 0.14837
v -0.18313 0.38074 0.14218
v -0.19160 0.32370 0.13446
v -0.21855 0.29615 -0.01114
v -0.21199 0.20703 -0.00413
v -0.14152 0.20039 -0.01733
v -0.14435 0.19893 -0.03365
v -0.21013 0.28379 -0.00964
v -0.14001 0.21116 -0.03892
v -0.21862 0.21968 -0.02354
v -0.13464 0.27006 -0.04348
v -0.19692 0.27603 0.13752
v -0.13569 0.21154 -0.01878
v -0.21546 0.22137 -0.00498
v -0.14001 0.21116 -0.03892
v -0.19539 0.23737 0.15220
v -0.21546 0.22137 -0.00498
v -0.21352 0.20108 -0.02593
v -0.20098 0.23009 0.14152
v -0.19692 0.27603 0.13752
v -0.19160 0.32370 0.13446
v -0.20891 0.27708 0.13745
v -0.20626 0.32749 0.13759
v -0.20134 0.37416 0.13491
v -0.20098 0.23009 0.14152
v -0.21862 0.21968 -0.02354
v -0.20134 0.37416 0.13491
v -0.21326 0.32438 0.10544
v -0.20626 0.32749 0.13759
v -0.20606 0.32238 0.10635
v -0.21497 0.31988 0.09280
v -0.20626 0.32749 0.13759
v -0.20626 0.32749 0.13759
v -0.21326 0.32438 0.10544
v -0.20606 0.32238 0.10635
v -0.21403 0.23086 0.14147
v -0.21188 0.34758 0.10532
v -0.22307 0.35562 -0.01575
v -0.21631 0.20354 -0.02036
v -0.23151 0.33652 0.02236
v -0.23091 0.25335 -0.00654
v -0.21333 0.28068 -0.03131
v -0.21470 0.31753 0.06914
v -0.20626 0.32749 0.13759
v -0.21497 0.31988 0.09280
v -0.22110 0.27550 0.08634
v -0.23209 0.31105 0.02158
v -0.20891 0.27708 0.13745
v -0.21780 0.29521 -0.02194
v -0.21855 0.29615 -0.01114
v -0.22307 0.35562 -0.01575
v -0.21403 0.23086 0.14147
v -0.21508 0.22643 0.12808
v -0.23516 0.22116 0.03084
v -0.24054 0.13615 0.00166
v -0.23209 0.31105 0.02158
v -0.21333 0.28068 -0.03131
v -0.21546 0.22137 -0.00498
v -0.21013 0.28379 -0.00964
v -0.21862 0.21968 -0.02354
v -0.20891 0.27708 0.13745
v -0.23526 0.27170 0.02414
v -0.21403 0.23086 0.14147
v -0.21199 0.20703 -0.00413
v -0.21631 0.20354 -0.02036
v -0.21996 0.13701 0.00049
v -0.21470 0.31753 0.06914
v -0.20891 0.27708 0.13745
v -0.20819 0.27524 0.11708
v -0.22318 0.27054 0.04890
v -0.21703 0.22509 0.09668
v -0.21403 0.23086 0.14147
v -0.22394 0.22672 0.09428
v -0.20891 0.27708 0.13745
v -0.22110 0.27550 0.08634
v -0.20819 0.27524 0.11708
v -0.21508 0.22643 0.12808
v -0.21703 0.22509 0.09668
v -0.23516 0.22116 0.03084
v -0.22318 0.27054 0.04890
v -0.22307 0.35562 -0.01575
v -0.23526 0.27170 0.02414
v -0.23209 0.31105 0.02158
v -0.22473 0.31677 0.02038
v -0.21470 0.31753 0.06914
v -0.23526 0.27170 0.02414
v -0.22396 0.22353 0.06045
v -0.22396 0.22353 0.06045
v -0.23209 0.31105 0.02158
v -0.22783 0.36301 0.06128
v -0.23526 0.27170 0.02414
v -0.23516 0.22116 0.03084
v -0.22937 0.26900 0.02426
v -0.22394 0.22672 0.09428
v -0.23516 0.22116 0.03084
v -0.23127 0.35860 0.00226
v -0.22307 0.35562 -0.01575
v -0.23236 0.36185 0.01902
v -0.23907 0.36254 0.02236
v -0.23091 0.25335 -0.00654
v -0.23236 0.36185 0.01902
v -0.23151 0.33652 0.02236
v -0.23907 0.36254 0.02236
v -0.23526 0.27170 0.02414
v -0.24035 0.23167 0.02551
v -0.23516 0.22116 0.03084
v -0.24035 0.23167 0.02551
v -0.24487 0.36341 0.01001
v -0.23127 0.35860 0.00226
v -0.23236 0.36185 0.01902
v -0.24071 0.17384 0.03027
v -0.24054 0.13615 0.00166
v -0.24071 0.17384 0.03027
v -0.24071 0.17384 0.03027
v -0.23711 0.17726 0.05443
v -0.23516 0.22116 0.03084
v -0.08767 0.29424 0.12530
v -0.08799 0.31580 0.12336
v -0.15826 0.34290 0.13766
v -0.23209 0.31105 0.02158
v -0.23127 0.35860 0.00226
v -0.05808 0.06884 0.14565
v -0.05751 0.00155 0.14609
v -0.06801 0.02774 0.06931
v -0.05808 0.06884 0.14565
v -0.06279 0.13531 0.14236
v -0.07310 0.13275 0.14537
v -0.07668 0.13405 0.13000
v -0.06495 0.25617 0.09014
v -0.06370 0.27493 0.11835
v -0.08745 0.12759 0.06860
v -0.06279 0.13531 0.14236
v -0.10533 0.06787 0.00195
v -0.09691 0.22725 0.13332
v -0.07668 0.13405 0.13000
v -0.06370 0.27493 0.11835
v -0.06279 0.13531 0.14236
v -0.08745 0.12759 0.06860
v -0.08113 0.12914 0.11961
v -0.06992 0.21374 0.09226
v -0.07310 0.13275 0.14537
v -0.09329 0.06988 0.15729
v -0.07478 0.16619 0.10013
v -0.08113 0.12914 0.11961
v -0.08745 0.12759 0.06860
v -0.07310 0.13275 0.14537
v -0.08141 0.07019 0.13986
v -0.09329 0.06988 0.15729
v -0.09751 0.16862 -0.00146
v -0.07310 0.13275 0.14537
v -0.08113 0.12914 0.11961
v -0.08141 0.07019 0.13986
v -0.08141 0.07019 0.13986
v -0.08113 0.12914 0.11961
v -0.10128 0.12452 0.13178
v -0.10008 0.14525 0.13556
v -0.09381 0.12895 -0.00399
v -0.06992 0.21374 0.09226
v -0.09751 0.16862 -0.00146
v -0.07668 0.13405 0.13000
v -0.10008 0.14525 0.13556
v -0.08113 0.12914 0.11961
v -0.08145 0.16809 0.10139
v -0.07478 0.16619 0.10013
v -0.09751 0.16862 -0.00146
v -0.10337 0.12837 -0.00076
v -0.09998 0.16887 0.02222
v -0.09685 0.12725 0.05672
v -0.08745 0.12759 0.06860
v -0.10922 0.11954 0.00726
v -0.08141 0.07019 0.13986
v -0.09772 0.07005 0.14283
v -0.09329 0.06988 0.15729
v -0.09329 0.06988 0.15729
v -0.09848 0.12965 0.14753
v -0.09431 0.09600 0.15721
v -0.05751 0.00155 0.14609
v -0.09772 0.07005 0.14283
v -0.09772 0.07005 0.14283
v -0.10128 0.12452 0.13178
v -0.09691 0.22725 0.13332
v -0.09611 0.22701 0.13882
v -0.09956 0.16863 0.14215
v -0.10394 0.13608 0.12269
v -0.10394 0.13608 0.12269
v -0.09956 0.16863 0.14215
v -0.10128 0.12452 0.13178
v -0.10008 0.14525 0.13556
v -0.09691 0.22725 0.13332
v -0.09722 0.23975 0.12296
v -0.13219 0.24205 0.13988
v -0.09685 0.12725 0.05672
v -0.10337 0.12837 -0.00076
v -0.08745 0.12759 0.06860
v -0.10394 0.13608 0.12269
v -0.10008 0.14525 0.13556
v -0.10128 0.12452 0.13178
v -0.15921 0.13180 0.16529
v -0.09848 0.12965 0.14753
v -0.09956 0.16863 0.14215
v -0.09611 0.22701 0.13882
v -0.16081 0.23282 0.15453
v -0.09431 0.09600 0.15721
v -0.09691 0.22725 0.13332
v -0.16081 0.23282 0.15453
v -0.09611 0.22701 0.13882
v -0.16038 0.18267 0.16033
v -0.19627 0.00080 0.18768
v -0.09691 0.22725 0.13332
v -0.13219 0.24205 0.13988
v -0.16272 0.23412 0.14753
v -0.16272 0.23412 0.14753
v -0.19123 0.06862 0.18685
v -0.15921 0.13180 0.16529
v -0.16419 0.11518 0.15176
v -0.19123 0.06862 0.18685
v -0.19123 0.06862 0.18685
v -0.16419 0.11518 0.15176
v -0.16272 0.07027 0.16385
v -0.16081 0.23282 0.15453
v -0.16272 0.23412 0.14753
v -0.16038 0.18267 0.16033
v -0.16632 0.18627 0.14742
v -0.16691 0.14091 0.14063
v -0.16419 0.11518 0.15176
v -0.15921 0.13180 0.16529
v -0.16419 0.11518 0.15176
v -0.18086 0.09705 0.16374
v -0.16272 0.07027 0.16385
v -0.16804 0.18436 0.14060
v -0.19123 0.06862 0.18685
v -0.16272 0.07027 0.16385
v -0.17610 0.07058 0.18232
v -0.16691 0.14091 0.14063
v -0.16804 0.18436 0.14060
v -0.17676 0.15380 0.14238
v -0.17944 0.07000 0.16877
v -0.17610 0.07058 0.18232
v -0.16272 0.07027 0.16385
v -0.16804 0.18436 0.14060
v -0.16632 0.18627 0.14742
v -0.17383 0.15886 0.15221
v -0.17676 0.15380 0.14238
v -0.19539 0.23737 0.15220
v -0.17383 0.15886 0.15221
v -0.16632 0.18627 0.14742
v -0.16272 0.23412 0.14753
v -0.17383 0.15886 0.15221
v -0.17944 0.07000 0.16877
v -0.17610 0.07058 0.18232
v -0.17944 0.07000 0.16877
v -0.18153 0.13577 0.17647
v -0.18086 0.09705 0.16374
v -0.19123 0.06862 0.18685
v -0.17610 0.07058 0.18232
v -0.18153 0.13577 0.17647
v -0.19150 0.13119 0.15104
v -0.19150 0.13119 0.15104
v -0.20550 0.15358 0.15992
v -0.20550 0.15358 0.15992
v -0.17676 0.15380 0.14238
v -0.17383 0.15886 0.15221
v -0.19398 0.13656 0.18078
v -0.19150 0.13119 0.15104
v -0.19398 0.13656 0.18078
v -0.18153 0.13577 0.17647
v -0.19150 0.13119 0.15104
v -0.17676 0.15380 0.14238
v -0.19842 0.13174 0.13965
v -0.19637 0.06804 0.18726
v -0.19842 0.13174 0.13965
v -0.21406 0.14012 0.14382
v -0.17676 0.15380 0.14238
v -0.21406 0.14012 0.14382
v -0.19842 0.13174 0.13965
v -0.22711 0.03695 0.12596
v -0.19627 0.00080 0.18768
v -0.19637 0.06804 0.18726
v -0.20687 0.18018 0.14369
v -0.19539 0.23737 0.15220
v -0.20098 0.23009 0.14152
v -0.21640 0.12827 0.10519
v -0.19123 0.06862 0.18685
v -0.19398 0.13656 0.18078
v -0.21554 0.12568 0.08759
v -0.20550 0.15358 0.15992
v -0.21640 0.12827 0.10519
v -0.21406 0.14012 0.14382
v -0.20687 0.18018 0.14369
v -0.21821 0.18308 0.14334
v -0.21406 0.14012 0.14382
v -0.20098 0.23009 0.14152
v -0.21403 0.23086 0.14147
v -0.23975 0.06748 0.04263
v -0.19842 0.13174 0.13965
v -0.21406 0.14012 0.14382
v -0.21554 0.12568 0.08759
v -0.19637 0.06804 0.18726
v -0.19123 0.06862 0.18685
v -0.23975 0.06748 0.04263
v -0.21821 0.18308 0.14334
v -0.22270 0.17853 0.11567
v -0.21406 0.14012 0.14382
v -0.23515 0.12067 0.04548
v -0.21508 0.22643 0.12808
v -0.21403 0.23086 0.14147
v -0.21703 0.22509 0.09668
v -0.22121 0.17824 0.09394
v -0.23038 0.17584 0.05643
v -0.23166 0.17555 0.07583
v -0.23868 0.13003 0.03936
v -0.22270 0.17853 0.11567
v -0.23711 0.17726 0.05443
v -0.22121 0.17824 0.09394
v -0.22270 0.17853 0.11567
v -0.23166 0.17555 0.07583
v -0.21403 0.23086 0.14147
v -0.23038 0.17584 0.05643
v -0.23516 0.22116 0.03084
v -0.23711 0.17726 0.05443
v -0.23711 0.17726 0.05443
v -0.24005 0.14388 0.03195
v -0.24071 0.17384 0.03027
v -0.23868 0.13003 0.03936
v -0.05808 0.06884 0.14565
v -0.16272 0.23412 0.14753
v -0.23711 0.17726 0.05443
v 0.29050 0.07599 -0.14949
v 0.28400 0.08492 -0.08879
v 0.29239 0.00138 -0.15920
v 0.29149 0.08091 -0.15895
v 0.28537 0.00003 -0.09981
v 0.28696 0.08410 -0.14365
v 0.28400 0.08492 -0.08879
v 0.29050 0.07599 -0.14949
v 0.28753 0.07791 -0.14178
v 0.28753 0.07791 -0.14178
v 0.28537 0.00003 -0.09981
v 0.28400 0.08492 -0.08879
v 0.27883 0.03900 -0.08822
v 0.27883 0.03900 -0.08822
v 0.28400 0.08492 -0.08879
v 0.27803 0.07211 -0.08875
v 0.26334 0.08523 -0.09790
v 0.27266 0.08103 -0.14570
v 0.26952 0.08157 -0.07464
v 0.27919 0.08329 -0.07047
v 0.28240 0.04853 -0.06763
v 0.28240 0.04853 -0.06763
v 0.27919 0.08329 -0.07047
v 0.25874 0.04579 -0.00307
v 0.29149 0.08091 -0.15895
v 0.29239 0.00138 -0.15920
v 0.24988 0.00097 -0.17229
v 0.27344 0.04677 -0.07088
v 0.27883 0.03900 -0.08822
v 0.27803 0.07211 -0.08875
v 0.27266 0.08103 -0.14570
v 0.28753 0.07791 -0.14178
v 0.28696 0.08410 -0.14365
v 0.27344 0.04677 -0.07088
v 0.26952 0.08157 -0.07464
v 0.27803 0.07211 -0.08875
v 0.26334 0.08523 -0.09790
v 0.26952 0.08157 -0.07464
v 0.27919 0.08329 -0.07047
v 0.26952 0.08157 -0.07464
v 0.27219 0.09414 -0.05534
v 0.26334 0.08523 -0.09790
v 0.25915 0.03856 -0.01427
v 0.25874 0.04579 -0.00307
v 0.27344 0.04677 -0.07088
v 0.28240 0.04853 -0.06763
v 0.27219 0.09414 -0.05534
v 0.25515 0.09846 -0.07106
v 0.27307 0.11108 -0.07361
v 0.25915 0.03856 -0.01427
v 0.27883 0.03900 -0.08822
v 0.26375 0.03934 -0.04292
v 0.25779 0.00004 -0.01338
v 0.26375 0.03934 -0.04292
v 0.25080 0.04460 -0.00508
v 0.25515 0.09846 -0.07106
v 0.27219 0.09414 -0.05534
v 0.26952 0.08157 -0.07464
v 0.26334 0.08523 -0.09790
v 0.25825 0.08467 -0.08167
v 0.26952 0.08157 -0.07464
v 0.24374 0.12571 0.01194
v 0.27219 0.09414 -0.05534
v 0.25492 0.10062 -0.07967
v 0.26334 0.08523 -0.09790
v 0.27266 0.08103 -0.14570
v 0.27307 0.11108 -0.07361
v 0.29239 0.00138 -0.15920
v 0.28537 0.00003 -0.09981
v 0.24988 0.00097 -0.17229
v 0.25080 0.04460 -0.00508
v 0.24613 0.14884 -0.01184
v 0.25825 0.08467 -0.08167
v 0.25153 0.03707 0.01964
v 0.25825 0.08467 -0.08167
v 0.25837 0.03637 -0.00189
v 0.25515 0.09846 -0.07106
v 0.21279 0.00069 -0.02572
v 0.25779 0.00004 -0.01338
v 0.26375 0.03934 -0.04292
v 0.25080 0.04460 -0.00508
v 0.25915 0.03856 -0.01427
v 0.25874 0.04579 -0.00307
v 0.25837 0.03637 -0.00189
v 0.25080 0.04460 -0.00508
v 0.24955 0.03584 -0.00486
v 0.22121 0.14641 -0.01824
v 0.24613 0.14884 -0.01184
v 0.27307 0.11108 -0.07361
v 0.25915 0.03856 -0.01427
v 0.23875 0.01794 -0.01739
v 0.25779 0.00004 -0.01338
v 0.25915 0.03856 -0.01427
v 0.25080 0.04460 -0.00508
v 0.24955 0.03584 -0.00486
v 0.25915 0.03856 -0.01427
v 0.24955 0.03584 -0.00486
v 0.23875 0.01794 -0.01739
v 0.25837 0.03637 -0.00189
v 0.24095 0.03678 0.01685
v 0.24955 0.03584 -0.00486
v 0.25515 0.09846 -0.07106
v 0.25492 0.10062 -0.07967
v 0.21440 0.09945 -0.08742
v 0.19791 0.03513 -0.18735
v 0.24613 0.14884 -0.01184
v 0.24070 0.13843 0.00115
v 0.24374 0.12571 0.01194
v 0.29149 0.08091 -0.15895
v 0.19743 0.07951 -0.16797
v 0.28696 0.08410 -0.14365
v 0.25153 0.03707 0.01964
v 0.21279 0.00069 -0.02572
v 0.21440 0.09945 -0.08742
v 0.24095 0.03678 0.01685
v 0.19796 0.07759 -0.18577
v 0.24070 0.13843 0.00115
v 0.24613 0.14884 -0.01184
v 0.22121 0.14641 -0.01824
v 0.22678 0.10723 -0.09052
v 0.19743 0.07951 -0.16797
v 0.19796 0.07759 -0.18577
v 0.20980 0.01241 -0.02581
v 0.22678 0.10723 -0.09052
v 0.22062 0.13645 0.00041
v 0.22062 0.13645 0.00041
v 0.22121 0.14641 -0.01824
v 0.21527 0.19958 -0.02583
v 0.21365 0.20573 -0.00419
v 0.24070 0.13843 0.00115
v 0.22062 0.13645 0.00041
v 0.21365 0.20573 -0.00419
v 0.21527 0.19958 -0.02583
v 0.22121 0.14641 -0.01824
v 0.20075 0.14182 -0.02350
v 0.18437 0.00078 -0.19075
v 0.18058 0.01390 0.02428
v 0.20980 0.01241 -0.02581
v 0.23875 0.01794 -0.01739
v 0.17861 0.09837 -0.10140
v 0.17861 0.09837 -0.10140
v 0.27266 0.08103 -0.14570
v 0.19743 0.07951 -0.16797
v 0.17747 0.01237 -0.03733
v 0.19796 0.07759 -0.18577
v 0.19462 0.07026 -0.17967
v 0.19743 0.07951 -0.16797
v 0.19791 0.03513 -0.18735
v 0.19366 0.03629 -0.17991
v 0.15126 0.00083 -0.11899
v 0.17747 0.01237 -0.03733
v 0.18093 0.08053 -0.12489
v 0.19743 0.07951 -0.16797
v 0.19224 0.07389 -0.17028
v 0.19462 0.07026 -0.17967
v 0.19366 0.03629 -0.17991
v 0.18555 0.03586 -0.18203
v 0.19462 0.07026 -0.17967
v 0.18531 0.03476 -0.19004
v 0.17861 0.09837 -0.10140
v 0.19366 0.03629 -0.17991
v 0.19791 0.03513 -0.18735
v 0.18531 0.03476 -0.19004
v 0.18404 0.06984 -0.18107
v 0.18404 0.06984 -0.18107
v 0.19462 0.07026 -0.17967
v 0.18555 0.03586 -0.18203
v 0.16206 0.10452 -0.11133
v 0.16261 0.03843 -0.14375
v 0.18531 0.03476 -0.19004
v 0.18437 0.00078 -0.19075
v 0.16261 0.03843 -0.14375
v 0.16663 0.00076 -0.04118
v 0.18437 0.00078 -0.19075
v 0.18555 0.03586 -0.18203
v 0.16261 0.03843 -0.14375
v 0.18404 0.06984 -0.18107
v 0.17485 0.08675 -0.10380
v 0.16663 0.00076 -0.04118
v 0.17485 0.08675 -0.10380
v 0.18093 0.08053 -0.12489
v 0.16987 0.07392 -0.12840
v 0.18093 0.08053 -0.12489
v 0.16446 0.08008 -0.13226
v 0.16987 0.07392 -0.12840
v 0.16446 0.08008 -0.13226
v 0.14737 0.12638 -0.03052
v 0.22121 0.14641 -0.01824
v 0.13272 0.13960 -0.05345
v 0.20075 0.14182 -0.02350
v 0.15126 0.00083 -0.11899
v 0.16206 0.10452 -0.11133
v 0.16058 0.09370 -0.10675
v 0.17861 0.09837 -0.10140
v 0.17485 0.08675 -0.10380
v 0.12807 0.00003 -0.05495
v 0.14469 0.19511 -0.03738
v 0.16058 0.09370 -0.10675
v 0.16596 0.03780 -0.12905
v 0.15708 0.12691 -0.02995
v 0.16875 0.10911 -0.12713
v 0.16206 0.10452 -0.11133
v 0.16058 0.09370 -0.10675
v 0.16161 0.07374 -0.11176
v 0.16446 0.08008 -0.13226
v 0.16161 0.07374 -0.11176
v 0.15708 0.12691 -0.02995
v 0.16596 0.03780 -0.12905
v 0.15829 0.04638 -0.11127
v 0.16987 0.07392 -0.12840
v 0.16161 0.07374 -0.11176
v 0.16446 0.08008 -0.13226
v 0.16261 0.03843 -0.14375
v 0.16596 0.03780 -0.12905
v 0.13890 0.13560 -0.06317
v 0.16875 0.10911 -0.12713
v 0.15744 0.10951 -0.13060
v 0.16161 0.07374 -0.11176
v 0.16161 0.07374 -0.11176
v 0.15829 0.04638 -0.11127
v 0.14825 0.07360 -0.11538
v 0.14859 0.04605 -0.11403
v 0.13890 0.13560 -0.06317
v 0.16875 0.10911 -0.12713
v 0.15744 0.10951 -0.13060
v 0.14533 0.12557 -0.09272
v 0.13890 0.13560 -0.06317
v 0.15744 0.10951 -0.13060
v 0.12807 0.00003 -0.05495
v 0.12738 0.02243 0.00811
v 0.14533 0.02178 -0.04758
v 0.14654 0.03864 -0.08296
v 0.13921 0.11099 -0.02645
v 0.15290 0.12878 -0.00958
v 0.15708 0.12691 -0.02995
v 0.16261 0.03843 -0.14375
v 0.14654 0.03864 -0.08296
v 0.16596 0.03780 -0.12905
v 0.14533 0.02178 -0.04758
v 0.14166 0.12882 -0.01111
v 0.15708 0.12691 -0.02995
v 0.15290 0.12878 -0.00958
v 0.14825 0.07360 -0.11538
v 0.14533 0.12557 -0.09272
v 0.15744 0.10951 -0.13060
v 0.13890 0.13560 -0.06317
v 0.12170 0.04213 -0.04245
v 0.14859 0.04605 -0.11403
v 0.15829 0.04638 -0.11127
v 0.14737 0.12638 -0.03052
v 0.13541 0.03815 -0.05245
v 0.12889 0.03861 -0.05433
v 0.14284 0.19817 -0.03254
v 0.14469 0.19511 -0.03738
v 0.14737 0.12638 -0.03052
v 0.14533 0.12557 -0.09272
v 0.13272 0.13960 -0.05345
v 0.14859 0.04605 -0.11403
v 0.12170 0.04213 -0.04245
v 0.13541 0.03815 -0.05245
v 0.13394 0.19431 -0.01765
v 0.13587 0.15264 -0.01501
v 0.12288 0.11157 -0.03543
v 0.13921 0.11099 -0.02645
v 0.12288 0.11157 -0.03543
v 0.11576 0.07056 -0.02536
v 0.13587 0.15264 -0.01501
v 0.14055 0.12466 -0.02372
v 0.13668 0.17121 -0.02736
v 0.13272 0.13960 -0.05345
v 0.13057 0.04179 -0.03799
v 0.12889 0.03861 -0.05433
v 0.13132 0.03178 -0.03650
v 0.13541 0.03815 -0.05245
v 0.13057 0.04179 -0.03799
v 0.12807 0.00003 -0.05495
v 0.13668 0.17121 -0.02736
v 0.14055 0.12466 -0.02372
v 0.11427 0.11637 -0.02814
v 0.13057 0.04179 -0.03799
v 0.13132 0.03178 -0.03650
v 0.12112 0.03232 -0.03975
v 0.12889 0.03861 -0.05433
v 0.12170 0.04213 -0.04245
v 0.11576 0.03239 -0.02419
v 0.12372 0.03359 -0.01976
v 0.13921 0.11099 -0.02645
v 0.12288 0.11157 -0.03543
v 0.12743 0.10942 -0.02125
v 0.11736 0.03166 0.00500
v 0.13132 0.03178 -0.03650
v 0.12372 0.03359 -0.01976
v 0.11576 0.03239 -0.02419
v 0.12112 0.03232 -0.03975
v 0.12112 0.03232 -0.03975
v 0.12743 0.10942 -0.02125
v 0.12288 0.11157 -0.03543
v 0.11576 0.07056 -0.02536
v 0.17747 0.01237 -0.03733
v 0.14533 0.02178 -0.04758
v 0.24374 0.12571 0.01194
v 0.24095 0.03678 0.01685
v 0.25153 0.03707 0.01964
v 0.24120 0.09736 0.01564
v 0.24095 0.03678 0.01685
v 0.24374 0.12571 0.01194
v 0.24070 0.13843 0.00115
v 0.24757 0.14386 0.03120
v 0.24374 0.12571 0.01194
v 0.24219 0.17341 0.02966
v 0.24113 0.14385 0.03140
v 0.24757 0.14386 0.03120
v 0.24113 0.14385 0.03140
v 0.24374 0.12571 0.01194
v 0.24757 0.14386 0.03120
v 0.23371 0.04237 0.03971
v 0.24120 0.09736 0.01564
v 0.24374 0.12571 0.01194
v 0.22985 0.12261 0.00886
v 0.24150 0.06792 0.04360
v 0.23105 0.01704 0.11847
v 0.24223 0.00081 0.04352
v 0.23920 0.12947 0.04033
v 0.24374 0.12571 0.01194
v 0.24113 0.14385 0.03140
v 0.23371 0.04237 0.03971
v 0.23493 0.06929 0.04387
v 0.24223 0.00081 0.04352
v 0.23493 0.06929 0.04387
v 0.24374 0.12571 0.01194
v 0.23920 0.12947 0.04033
v 0.22985 0.12261 0.00886
v 0.23465 0.12046 0.04346
v 0.23493 0.06929 0.04387
v 0.22719 0.11991 0.04165
v 0.23875 0.01794 -0.01739
v 0.24095 0.03678 0.01685
v 0.23371 0.04237 0.03971
v 0.23257 0.03702 0.10981
v 0.22373 0.06940 0.08352
v 0.24150 0.06792 0.04360
v 0.23493 0.06929 0.04387
v 0.23469 0.17620 0.06393
v 0.23493 0.06929 0.04387
v 0.24150 0.06792 0.04360
v 0.24223 0.00081 0.04352
v 0.22517 0.02714 0.03743
v 0.22517 0.02714 0.03743
v 0.21138 0.00098 0.15741
v 0.22719 0.11991 0.04165
v 0.20825 0.12862 0.10960
v 0.20985 0.06865 0.14374
v 0.19606 0.06729 0.18769
v 0.22985 0.12261 0.00886
v 0.20985 0.06865 0.14374
v 0.20825 0.12862 0.10960
v 0.23465 0.12046 0.04346
v 0.22373 0.06940 0.08352
v 0.23493 0.06929 0.04387
v 0.20285 0.06933 0.15122
v 0.23465 0.12046 0.04346
v 0.22719 0.11991 0.04165
v 0.20825 0.12862 0.10960
v 0.20280 0.13335 0.14873
v 0.21138 0.00098 0.15741
v 0.19076 0.00000 0.02807
v 0.22517 0.02714 0.03743
v 0.18058 0.01390 0.02428
v 0.23875 0.01794 -0.01739
v 0.21138 0.00098 0.15741
v 0.19076 0.00000 0.02807
v 0.24223 0.00081 0.04352
v 0.19608 0.00004 0.18695
v 0.18058 0.01390 0.02428
v 0.12738 0.02243 0.00811
v 0.17747 0.01237 -0.03733
v 0.19608 0.00004 0.18695
v 0.12738 0.02243 0.00811
v 0.15290 0.12878 -0.00958
v 0.13921 0.11099 -0.02645
v 0.13651 0.12399 -0.01108
v 0.15290 0.12878 -0.00958
v 0.13651 0.12399 -0.01108
v 0.14166 0.12882 -0.01111
v 0.14737 0.12638 -0.03052
v 0.14166 0.12882 -0.01111
v 0.13587 0.15264 -0.01501
v 0.13587 0.15264 -0.01501
v 0.14055 0.12466 -0.02372
v 0.13587 0.15264 -0.01501
v 0.13651 0.12399 -0.01108
v 0.13668 0.17121 -0.02736
v 0.13394 0.19431 -0.01765
v 0.10544 0.00060 0.00182
v 0.10544 0.00060 0.00182
v 0.12743 0.10942 -0.02125
v 0.05955 0.00005 0.14602
v 0.12364 0.12110 -0.00488
v 0.13651 0.12399 -0.01108
v 0.11836 0.11946 -0.01672
v 0.14055 0.12466 -0.02372
v 0.12364 0.12110 -0.00488
v 0.11427 0.11637 -0.02814
v 0.11736 0.03166 0.00500
v 0.14533 0.02178 -0.04758
v 0.12743 0.10942 -0.02125
v 0.11576 0.03239 -0.02419
v 0.12372 0.03359 -0.01976
v 0.11474 0.11742 0.00995
v 0.12364 0.12110 -0.00488
v 0.12743 0.10942 -0.02125
v 0.11576 0.07056 -0.02536
v 0.11127 0.07003 0.00736
v 0.10663 0.12177 0.03286
v 0.12372 0.03359 -0.01976
v 0.11736 0.03166 0.00500
v 0.10663 0.12177 0.03286
v 0.05955 0.00005 0.14602
v 0.19608 0.00004 0.18695
v 0.09465 0.06982 0.15710
v 0.10509 0.06784 0.00197
v 0.11736 0.03166 0.00500
v 0.11127 0.07003 0.00736
v 0.10877 0.11964 0.00794
v 0.11474 0.11742 0.00995
v 0.11474 0.11742 0.00995
v 0.10877 0.11964 0.00794
v 0.10663 0.12177 0.03286
v 0.11127 0.07003 0.00736
v 0.09579 0.12797 -0.00267
v 0.10663 0.12177 0.03286
v 0.09304 0.12776 0.06236
v 0.11836 0.11946 -0.01672
v 0.10501 0.12718 -0.00136
v 0.09978 0.16745 -0.00200
v 0.09579 0.12797 -0.00267
v 0.10501 0.12718 -0.00136
v 0.10501 0.12718 -0.00136
v 0.09203 0.06938 0.05534
v 0.10877 0.11964 0.00794
v 0.11127 0.07003 0.00736
v 0.09203 0.06938 0.05534
v 0.11127 0.07003 0.00736
v 0.10509 0.06784 0.00197
v 0.10509 0.06784 0.00197
v 0.06873 0.02979 0.06894
v 0.10544 0.00060 0.00182
v 0.07432 0.06858 0.09617
v 0.10544 0.00060 0.00182
v 0.05955 0.00005 0.14602
v 0.06865 0.00924 0.06880
v 0.06865 0.00924 0.06880
v 0.05876 0.06871 0.14608
v 0.05955 0.00005 0.14602
v 0.18058 0.01390 0.02428
v 0.13587 0.15264 -0.01501
v 0.12738 0.02243 0.00811
v 0.24603 0.36346 0.01006
v 0.23223 0.36451 0.09214
v 0.24047 0.36234 0.02159
v 0.23437 0.36161 0.01774
v 0.24757 0.14386 0.03120
v 0.23197 0.31305 0.02244
v 0.23733 0.22151 0.03111
v 0.23437 0.36161 0.01774
v 0.24047 0.36234 0.02159
v 0.23365 0.33902 0.01987
v 0.23606 0.17806 0.06518
v 0.24219 0.17341 0.02966
v 0.22978 0.36025 -0.00198
v 0.24757 0.14386 0.03120
v 0.24070 0.13843 0.00115
v 0.23609 0.31716 0.01710
v 0.23609 0.31716 0.01710
v 0.22381 0.27176 0.06249
v 0.22460 0.22469 0.08683
v 0.23365 0.33902 0.01987
v 0.23609 0.31716 0.01710
v 0.23437 0.36161 0.01774
v 0.23437 0.36161 0.01774
v 0.22978 0.36025 -0.00198
v 0.22460 0.22469 0.08683
v 0.23733 0.22151 0.03111
v 0.22366 0.22353 0.06963
v 0.22101 0.36431 0.09088
v 0.22397 0.35737 -0.01600
v 0.21310 0.35486 0.10692
v 0.24047 0.36234 0.02159
v 0.22101 0.36431 0.09088
v 0.23197 0.31305 0.02244
v 0.23609 0.31716 0.01710
v 0.22642 0.31334 0.02313
v 0.21528 0.23112 0.14144
v 0.22101 0.36431 0.09088
v 0.23223 0.36451 0.09214
v 0.23313 0.37495 0.08632
v 0.22397 0.35737 -0.01600
v 0.24070 0.13843 0.00115
v 0.21827 0.29616 -0.01114
v 0.22642 0.31334 0.02313
v 0.23609 0.31716 0.01710
v 0.21056 0.32071 0.08725
v 0.21074 0.27709 0.13762
v 0.20694 0.32487 0.13539
v 0.21093 0.28397 -0.00964
v 0.21633 0.22091 -0.00547
v 0.23197 0.31305 0.02244
v 0.22642 0.31334 0.02313
v 0.20694 0.32487 0.13539
v 0.21056 0.32071 0.08725
v 0.21633 0.22091 -0.00547
v 0.21837 0.21964 -0.02358
v 0.21458 0.28065 -0.02947
v 0.21202 0.37465 0.10818
v 0.21365 0.20573 -0.00419
v 0.21827 0.29616 -0.01114
v 0.21838 0.29438 -0.02126
v 0.22397 0.35737 -0.01600
v 0.20694 0.32487 0.13539
v 0.20522 0.32212 0.11206
v 0.20694 0.32487 0.13539
v 0.21093 0.28397 -0.00964
v 0.20904 0.27439 0.11595
v 0.21074 0.27709 0.13762
v 0.22381 0.27176 0.06249
v 0.21838 0.29438 -0.02126
v 0.20332 0.40419 -0.02287
v 0.22397 0.35737 -0.01600
v 0.21528 0.23112 0.14144
v 0.21074 0.27709 0.13762
v 0.20199 0.23009 0.14131
v 0.20694 0.32487 0.13539
v 0.16979 0.21506 -0.01273
v 0.21837 0.21964 -0.02358
v 0.21633 0.22091 -0.00547
v 0.20338 0.37462 0.13492
v 0.14284 0.19817 -0.03254
v 0.21365 0.20573 -0.00419
v 0.21527 0.19958 -0.02583
v 0.18331 0.40302 -0.02622
v 0.13873 0.27292 -0.04515
v 0.21458 0.28065 -0.02947
v 0.21837 0.21964 -0.02358
v 0.18901 0.37308 0.13291
v 0.20338 0.37462 0.13492
v 0.21458 0.28065 -0.02947
v 0.13010 0.27401 -0.02308
v 0.21093 0.28397 -0.00964
v 0.18800 0.37572 0.13806
v 0.20673 0.15266 0.15990
v 0.20199 0.23009 0.14131
v 0.14138 0.19960 -0.01728
v 0.16979 0.21506 -0.01273
v 0.13010 0.27401 -0.02308
v 0.19342 0.32333 0.13437
v 0.21827 0.29616 -0.01114
v 0.13010 0.27401 -0.02308
v 0.17349 0.28908 -0.01574
v 0.19342 0.32333 0.13437
v 0.14138 0.19960 -0.01728
v 0.20673 0.15266 0.15990
v 0.18800 0.37572 0.13806
v 0.16809 0.26413 0.14589
v 0.18901 0.37308 0.13291
v 0.16407 0.30329 0.14241
v 0.18630 0.35489 -0.02624
v 0.12901 0.28285 -0.03662
v 0.18366 0.35605 -0.01426
v 0.18331 0.40302 -0.02622
v 0.18630 0.35489 -0.02624
v 0.21827 0.29616 -0.01114
v 0.17349 0.28908 -0.01574
v 0.21838 0.29438 -0.02126
v 0.18630 0.35489 -0.02624
v 0.14731 0.35129 -0.02102
v 0.18366 0.35605 -0.01426
v 0.14469 0.19511 -0.03738
v 0.15939 0.34335 0.13777
v 0.16172 0.32331 0.14014
v 0.16825 0.24589 0.13832
v 0.16809 0.26413 0.14589
v 0.16755 0.26213 0.13677
v 0.16807 0.24610 0.14565
v 0.16807 0.24610 0.14565
v 0.16825 0.24589 0.13832
v 0.09617 0.23929 0.13025
v 0.13977 0.21128 -0.03806
v 0.16473 0.28348 0.14337
v 0.13977 0.21128 -0.03806
v 0.16522 0.30295 0.13365
v 0.16483 0.28289 0.13453
v 0.16407 0.30329 0.14241
v 0.16473 0.28348 0.14337
v 0.16316 0.37040 0.13560
v 0.16298 0.32346 0.13194
v 0.16172 0.32331 0.14014
v 0.15939 0.34335 0.13777
v 0.16132 0.34225 0.13058
v 0.12637 0.28249 -0.02465
v 0.14937 0.35041 -0.03314
v 0.12637 0.28249 -0.02465
v 0.18366 0.35605 -0.01426
v 0.14731 0.35129 -0.02102
v 0.14388 0.39730 -0.02542
v 0.14171 0.35491 0.13424
v 0.12901 0.28285 -0.03662
v 0.14937 0.35041 -0.03314
v 0.13557 0.21075 -0.01832
v 0.14937 0.35041 -0.03314
v 0.14388 0.39730 -0.02542
v 0.14731 0.35129 -0.02102
v 0.13557 0.21075 -0.01832
v 0.14284 0.19817 -0.03254
v 0.13394 0.19431 -0.01765
v 0.14138 0.19960 -0.01728
v 0.14171 0.35491 0.13424
v 0.14590 0.36684 0.12753
v 0.14131 0.35601 0.13993
v 0.13873 0.27292 -0.04515
v 0.09465 0.27597 0.11917
v 0.16483 0.28289 0.13453
v 0.16522 0.30295 0.13365
v 0.09463 0.25548 0.12942
v 0.13394 0.19431 -0.01765
v 0.11885 0.39829 -0.03929
v 0.09191 0.31597 0.11520
v 0.16172 0.32331 0.14014
v 0.16298 0.32346 0.13194
v 0.16132 0.34225 0.13058
v 0.15939 0.34335 0.13777
v 0.08772 0.33460 0.12198
v 0.13557 0.21075 -0.01832
v 0.13873 0.27292 -0.04515
v 0.13977 0.21128 -0.03806
v 0.13668 0.17121 -0.02736
v 0.13557 0.21075 -0.01832
v 0.13394 0.19431 -0.01765
v 0.13010 0.27401 -0.02308
v 0.09191 0.31597 0.11520
v 0.16298 0.32346 0.13194
v 0.08963 0.33298 0.11442
v 0.13668 0.17121 -0.02736
v 0.10195 0.27042 -0.03661
v 0.16132 0.34225 0.13058
v 0.13668 0.17121 -0.02736
v 0.12637 0.28249 -0.02465
v 0.13557 0.21075 -0.01832
v 0.13557 0.21075 -0.01832
v 0.12901 0.28285 -0.03662
v 0.12637 0.28249 -0.02465
v 0.13668 0.17121 -0.02736
v 0.08963 0.33298 0.11442
v 0.16473 0.28348 0.14337
v 0.16483 0.28289 0.13453
v 0.09465 0.27597 0.11917
v 0.16755 0.26213 0.13677
v 0.09721 0.24027 0.12286
v 0.16825 0.24589 0.13832
v 0.09721 0.24027 0.12286
v 0.08772 0.33460 0.12198
v 0.11427 0.11637 -0.02814
v 0.09577 0.25441 0.12208
v 0.08928 0.27527 0.12747
v 0.09311 0.29327 0.11702
v 0.16172 0.32331 0.14014
v 0.09191 0.31597 0.11520
v 0.08772 0.33460 0.12198
v 0.14131 0.35601 0.13993
v 0.08655 0.34834 0.12833
v 0.14171 0.35491 0.13424
v 0.08901 0.34687 0.12278
v 0.16809 0.26413 0.14589
v 0.09463 0.25548 0.12942
v 0.16755 0.26213 0.13677
v 0.08928 0.27527 0.12747
v 0.09311 0.29327 0.11702
v 0.16522 0.30295 0.13365
v 0.08901 0.34687 0.12278
v 0.09577 0.25441 0.12208
v 0.08928 0.27527 0.12747
v 0.16522 0.30295 0.13365
v 0.16407 0.30329 0.14241
v 0.08928 0.27527 0.12747
v 0.08928 0.27527 0.12747
v 0.09697 0.34084 -0.04190
v 0.09697 0.34084 -0.04190
v 0.10195 0.27042 -0.03661
v 0.07509 0.34378 -0.01516
v 0.09579 0.12797 -0.00267
v 0.09978 0.16745 -0.00200
v 0.09720 0.16961 -0.00022
v 0.08834 0.25760 -0.00663
v 0.09617 0.23929 0.13025
v 0.09721 0.24027 0.12286
v 0.09577 0.25441 0.12208
v 0.09463 0.25548 0.12942
v 0.11427 0.11637 -0.02814
v 0.09617 0.23929 0.13025
v 0.09978 0.16745 -0.00200
v 0.08834 0.25760 -0.00663
v 0.09579 0.12797 -0.00267
v 0.09465 0.27597 0.11917
v 0.09311 0.29327 0.11702
v 0.08928 0.27527 0.12747
v 0.09697 0.34084 -0.04190
v 0.07509 0.34378 -0.01516
v 0.07657 0.33912 -0.04510
v 0.09720 0.16961 -0.00022
v 0.07511 0.16602 0.10075
v 0.08834 0.25760 -0.00663
v 0.08772 0.33460 0.12198
v 0.09191 0.31597 0.11520
v 0.08963 0.33298 0.11442
v 0.09617 0.23929 0.13025
v 0.08928 0.27527 0.12747
v 0.09782 0.22702 0.13334
v 0.07509 0.34378 -0.01516
v 0.08422 0.38536 0.12294
v 0.08901 0.34687 0.12278
v 0.08655 0.34834 0.12833
v 0.07509 0.34378 -0.01516
v 0.08359 0.30283 -0.00214
v 0.04686 0.44454 0.10476
v 0.08359 0.30283 -0.00214
v 0.07886 0.34452 -0.01117
v 0.07509 0.34378 -0.01516
v 0.07657 0.33912 -0.04510
v 0.06790 0.42554 -0.04830
v 0.07886 0.34452 -0.01117
v 0.06137 0.30175 0.08555
v 0.06935 0.23107 0.12315
v 0.06588 0.25948 0.08940
v 0.07657 0.33912 -0.04510
v 0.06330 0.34277 -0.02729
v 0.06790 0.42554 -0.04830
v 0.07886 0.34452 -0.01117
v 0.04647 0.34680 0.05037
v 0.09782 0.22702 0.13334
v 0.06195 0.34917 0.05373
v 0.06195 0.34917 0.05373
v 0.07657 0.33912 -0.04510
v 0.04647 0.34680 0.05037
v 0.06330 0.34277 -0.02729
v 0.06935 0.23107 0.12315
v 0.05588 0.36185 0.09272
v 0.05432 0.35540 0.08339
v 0.04686 0.44454 0.10476
v 0.05432 0.35540 0.08339
v 0.05588 0.36185 0.09272
v 0.03954 0.35452 0.08597
v 0.18800 0.37572 0.13806
v 0.16407 0.30329 0.14241
v 0.08772 0.33460 0.12198
v 0.08772 0.33460 0.12198
v 0.16407 0.30329 0.14241
v 0.09697 0.34084 -0.04190
v 0.24757 0.14386 0.03120
v 0.23733 0.22151 0.03111
v 0.24219 0.17341 0.02966
v 0.23469 0.17620 0.06393
v 0.24113 0.14385 0.03140
v 0.24219 0.17341 0.02966
v 0.23469 0.17620 0.06393
v 0.24219 0.17341 0.02966
v 0.23606 0.17806 0.06518
v 0.21770 0.18077 0.14307
v 0.22837 0.17734 0.09603
v 0.23920 0.12947 0.04033
v 0.22602 0.17732 0.08127
v 0.22837 0.17734 0.09603
v 0.23469 0.17620 0.06393
v 0.23469 0.17620 0.06393
v 0.21770 0.18077 0.14307
v 0.22602 0.17732 0.08127
v 0.21534 0.13945 0.14383
v 0.21770 0.18077 0.14307
v 0.21770 0.18077 0.14307
v 0.23606 0.17806 0.06518
v 0.21528 0.23112 0.14144
v 0.21770 0.18077 0.14307
v 0.22460 0.22469 0.08683
v 0.23920 0.12947 0.04033
v 0.21534 0.13945 0.14383
v 0.20825 0.12862 0.10960
v 0.20285 0.06933 0.15122
v 0.22373 0.06940 0.08352
v 0.20280 0.13335 0.14873
v 0.20825 0.12862 0.10960
v 0.20280 0.13335 0.14873
v 0.23465 0.12046 0.04346
v 0.21534 0.13945 0.14383
v 0.21770 0.18077 0.14307
v 0.20740 0.17992 0.14434
v 0.19736 0.13090 0.13971
v 0.20740 0.17992 0.14434
v 0.20673 0.15266 0.15990
v 0.21534 0.13945 0.14383
v 0.20199 0.23009 0.14131
v 0.21528 0.23112 0.14144
v 0.19736 0.13090 0.13971
v 0.21534 0.13945 0.14383
v 0.19236 0.14810 0.14365
v 0.20199 0.23009 0.14131
v 0.19736 0.13090 0.13971
v 0.19279 0.13723 0.17993
v 0.20985 0.06865 0.14374
v 0.20285 0.06933 0.15122
v 0.19606 0.06729 0.18769
v 0.20673 0.15266 0.15990
v 0.19236 0.14810 0.14365
v 0.21534 0.13945 0.14383
v 0.16323 0.23398 0.14785
v 0.16523 0.19149 0.14920
v 0.20673 0.15266 0.15990
v 0.19606 0.06729 0.18769
v 0.17361 0.15956 0.15148
v 0.18944 0.13122 0.15102
v 0.19279 0.13723 0.17993
v 0.17361 0.15956 0.15148
v 0.19236 0.14810 0.14365
v 0.18944 0.13122 0.15102
v 0.19736 0.13090 0.13971
v 0.18205 0.13574 0.17692
v 0.19606 0.06729 0.18769
v 0.19279 0.13723 0.17993
v 0.17672 0.10258 0.17995
v 0.16809 0.26413 0.14589
v 0.16807 0.24610 0.14565
v 0.16629 0.12835 0.14542
v 0.18282 0.10808 0.16004
v 0.18944 0.13122 0.15102
v 0.18205 0.13574 0.17692
v 0.18205 0.13574 0.17692
v 0.18282 0.10808 0.16004
v 0.17672 0.10258 0.17995
v 0.18944 0.13122 0.15102
v 0.19236 0.14810 0.14365
v 0.17464 0.15792 0.14118
v 0.17906 0.07017 0.16836
v 0.17561 0.06981 0.18169
v 0.16246 0.07029 0.16391
v 0.17906 0.07017 0.16836
v 0.17561 0.06981 0.18169
v 0.17464 0.15792 0.14118
v 0.16905 0.18370 0.13981
v 0.17464 0.15792 0.14118
v 0.17361 0.15956 0.15148
v 0.16523 0.19149 0.14920
v 0.16905 0.18370 0.13981
v 0.19608 0.00004 0.18695
v 0.17561 0.06981 0.18169
v 0.17906 0.07017 0.16836
v 0.15777 0.07052 0.17542
v 0.15777 0.07052 0.17542
v 0.16629 0.12835 0.14542
v 0.16905 0.18370 0.13981
v 0.16523 0.19149 0.14920
v 0.16108 0.17179 0.15839
v 0.15626 0.09206 0.17582
v 0.16246 0.07029 0.16391
v 0.16323 0.23398 0.14785
v 0.16063 0.23360 0.15454
v 0.09617 0.23929 0.13025
v 0.16246 0.07029 0.16391
v 0.15777 0.07052 0.17542
v 0.16108 0.17179 0.15839
v 0.09960 0.16804 0.14082
v 0.09836 0.13090 0.14564
v 0.09465 0.06982 0.15710
v 0.16063 0.23360 0.15454
v 0.09811 0.22814 0.13998
v 0.15626 0.09206 0.17582
v 0.16323 0.23398 0.14785
v 0.09811 0.22814 0.13998
v 0.16063 0.23360 0.15454
v 0.09782 0.22702 0.13334
v 0.09782 0.22702 0.13334
v 0.10663 0.12177 0.03286
v 0.10877 0.11964 0.00794
v 0.07649 0.13113 0.10276
v 0.10663 0.12177 0.03286
v 0.07649 0.13113 0.10276
v 0.09304 0.12776 0.06236
v 0.07649 0.13113 0.10276
v 0.10501 0.12718 -0.00136
v 0.09304 0.12776 0.06236
v 0.09816 0.07020 0.14292
v 0.09836 0.13090 0.14564
v 0.10438 0.13556 0.12207
v 0.10438 0.13556 0.12207
v 0.10120 0.14493 0.13526
v 0.08191 0.12954 0.12136
v 0.10120 0.14493 0.13526
v 0.09960 0.16804 0.14082
v 0.09782 0.22702 0.13334
v 0.08738 0.16722 0.07993
v 0.09968 0.16890 0.02739
v 0.09978 0.16745 -0.00200
v 0.07799 0.13634 0.13221
v 0.09811 0.22814 0.13998
v 0.08809 0.16499 0.04409
v 0.08191 0.12954 0.12136
v 0.09816 0.07020 0.14292
v 0.10438 0.13556 0.12207
v 0.09465 0.06982 0.15710
v 0.08254 0.07071 0.13890
v 0.09968 0.16890 0.02739
v 0.09720 0.16961 -0.00022
v 0.09978 0.16745 -0.00200
v 0.09720 0.16961 -0.00022
v 0.09968 0.16890 0.02739
v 0.08738 0.16722 0.07993
v 0.08809 0.16499 0.04409
v 0.09978 0.16745 -0.00200
v 0.10501 0.12718 -0.00136
v 0.07649 0.13113 0.10276
v 0.09816 0.07020 0.14292
v 0.07764 0.06976 0.15211
v 0.09465 0.06982 0.15710
v 0.07511 0.16602 0.10075
v 0.08254 0.07071 0.13890
v 0.07511 0.16602 0.10075
v 0.08191 0.12954 0.12136
v 0.07435 0.13346 0.14461
v 0.08254 0.07071 0.13890
v 0.07764 0.06976 0.15211
v 0.07649 0.13113 0.10276
v 0.06400 0.13580 0.14230
v 0.08191 0.12954 0.12136
v 0.07649 0.13113 0.10276
v 0.10877 0.11964 0.00794
v 0.05876 0.06871 0.14608
v 0.07511 0.16602 0.10075
v 0.07799 0.13634 0.13221
v 0.06935 0.23107 0.12315
v 0.10120 0.14493 0.13526
v 0.09782 0.22702 0.13334
v 0.07649 0.13113 0.10276
v 0.08191 0.12954 0.12136
v 0.07799 0.13634 0.13221
v 0.07435 0.13346 0.14461
v 0.06400 0.13580 0.14230
v 0.07764 0.06976 0.15211
v 0.05955 0.00005 0.14602
v 0.06588 0.25948 0.08940
v 0.07799 0.13634 0.13221
v 0.06935 0.23107 0.12315
v 0.07435 0.13346 0.14461
v 0.06400 0.13580 0.14230
v 0.05876 0.06871 0.14608
v 0.23469 0.17620 0.06393
v 0.09465 0.06982 0.15710
vt 0.00766 0.04342
vt 0.00766 0.02962
vt 0.01335 0.04035
vt 0.43192 0.09818
vt 0.51755 0.09818
vt 0.48457 0.13343
vt 0.92990 0.59865
vt 0.92503 0.59823
vt 0.92702 0.55692
vt 0.53785 0.96320
vt 0.53981 0.96740
vt 0.53506 0.96723
vt 0.53443 0.97777
vt 0.52996 0.96528
vt 0.08988 0.38683
vt 0.09117 0.34986
vt 0.00783 0.53493
vt 0.01429 0.53493
vt 0.00723 0.54086
vt 0.09227 0.38682
vt 0.01404 0.54661
vt 0.55108 0.97015
vt 0.10182 0.38508
vt 0.01048 0.30262
vt 0.01048 0.31275
vt 0.00453 0.30230
vt 0.87278 0.17026
vt 0.87278 0.23044
vt 0.86509 0.22916
vt 0.00505 0.31301
vt 0.24561 0.06656
vt 0.26056 0.05733
vt 0.28061 0.05733
vt 0.78131 0.47141
vt 0.78131 0.54010
vt 0.74045 0.53824
vt 0.89478 0.36376
vt 0.89200 0.37413
vt 0.89489 0.32722
vt 0.54899 0.97295
vt 0.01005 0.61215
vt 0.00207 0.60172
vt 0.01099 0.60146
vt 0.89899 0.67681
vt 0.89899 0.63434
vt 0.91392 0.63503
vt 0.00202 0.61185
vt 0.35113 0.91401
vt 0.34749 0.91805
vt 0.34022 0.92145
vt 0.34787 0.92608
vt 0.34574 0.92886
vt 0.34477 0.90668
vt 0.34034 0.91088
vt 0.08876 0.39751
vt 0.00521 0.47544
vt 0.01431 0.46883
vt 0.01630 0.47615
vt 0.69825 0.32092
vt 0.63939 0.32894
vt 0.63798 0.32591
vt 0.34846 0.90005
vt 0.26022 0.21791
vt 0.30924 0.24885
vt 0.26112 0.29761
vt 0.27858 0.19904
vt 0.29930 0.21633
vt 0.63895 0.31841
vt 0.23456 0.06137
vt 0.13018 0.58875
vt 0.13018 0.53781
vt 0.14596 0.58207
vt 0.01479 0.25891
vt 0.00422 0.25547
vt 0.01453 0.25385
vt 0.62291 0.31738
vt 0.67026 0.95514
vt 0.67144 0.94164
vt 0.67162 0.95877
vt 0.66724 0.96131
vt 0.66455 0.95525
vt 0.36362 0.99785
vt 0.35529 0.99785
vt 0.36277 0.99010
vt 0.92101 0.99514
vt 0.92928 0.99660
vt 0.91814 0.99686
vt 0.35474 0.98764
vt 0.01387 0.56922
vt 0.00369 0.55785
vt 0.01482 0.55838
vt 0.02707 0.71508
vt 0.03634 0.73490
vt 0.03689 0.74532
vt 0.23062 0.07234
vt 0.03749 0.75306
vt 0.02771 0.78318
vt 0.02404 0.75159
vt 0.24546 0.07360
vt 0.24676 0.08011
vt 0.22620 0.08030
vt 0.62352 0.32759
vt 0.03796 0.71441
vt 0.89402 0.97953
vt 0.90938 0.98041
vt 0.90888 0.98610
vt 0.96396 0.85983
vt 0.96303 0.84915
vt 0.96443 0.83252
vt 0.00396 0.56895
vt 0.39383 0.95942
vt 0.39001 0.95622
vt 0.40457 0.95658
vt 0.28475 0.20031
vt 0.05060 0.41930
vt 0.08226 0.41930
vt 0.05053 0.42681
vt 0.08901 0.99032
vt 0.07814 0.98989
vt 0.07814 0.97966
vt 0.82077 0.96355
vt 0.80599 0.96784
vt 0.79954 0.94798
vt 0.09240 0.98002
vt 0.30599 0.20649
vt 0.30981 0.21258
vt 0.08453 0.42962
vt 0.22427 0.06725
vt 0.99482 0.86706
vt 0.98755 0.85710
vt 0.99482 0.85715
vt 0.98715 0.87945
vt 0.99784 0.87977
vt 0.79619 0.84576
vt 0.79794 0.83597
vt 0.29416 0.19864
vt 0.81295 0.94312
vt 0.81615 0.95081
vt 0.01565 0.23039
vt 0.01073 0.22879
vt 0.01579 0.21733
vt 0.39348 0.96668
vt 0.32407 0.20432
vt 0.38477 0.96724
vt 0.38433 0.95642
vt 0.81774 0.80506
vt 0.84374 0.84026
vt 0.09244 0.98644
vt 0.89411 0.98795
vt 0.23080 0.05774
vt 0.99633 0.73452
vt 0.99626 0.75687
vt 0.98716 0.75687
vt 0.99752 0.34088
vt 0.99161 0.35226
vt 0.99109 0.34088
vt 0.99944 0.36167
vt 0.99106 0.36247
vt 0.98258 0.79527
vt 0.97691 0.79478
vt 0.98233 0.78388
vt 0.98433 0.77151
vt 0.97565 0.77230
vt 0.21515 0.06531
vt 0.22100 0.05476
vt 0.78652 0.84232
vt 0.75253 0.83934
vt 0.79624 0.83710
vt 0.49070 0.91297
vt 0.48441 0.93095
vt 0.46378 0.92262
vt 0.48725 0.92711
vt 0.00221 0.67655
vt 0.01091 0.68756
vt 0.00221 0.68764
vt 0.01130 0.67688
vt 0.36105 0.91242
vt 0.36663 0.91745
vt 0.35802 0.91924
vt 0.34973 0.90982
vt 0.35178 0.89312
vt 0.36193 0.90155
vt 0.36535 0.92029
vt 0.29756 0.99548
vt 0.28823 0.99064
vt 0.29715 0.99072
vt 0.28849 0.99585
vt 0.98761 0.73437
vt 0.98733 0.77989
vt 0.98708 0.75738
vt 0.99791 0.75738
vt 0.01509 0.93586
vt 0.01523 0.93275
vt 0.02435 0.93195
vt 0.99841 0.77988
vt 0.66076 0.96601
vt 0.64502 0.96386
vt 0.64576 0.95531
vt 0.79057 0.82566
vt 0.64157 0.96363
vt 0.01746 0.86584
vt 0.00556 0.85151
vt 0.01636 0.85334
vt 0.66259 0.95520
vt 0.79566 0.84274
vt 0.99682 0.71085
vt 0.98717 0.71060
vt 0.98717 0.68835
vt 0.21214 0.05677
vt 0.81502 0.94505
vt 0.83780 0.94505
vt 0.82511 0.96340
vt 0.01831 0.99625
vt 0.00927 0.99599
vt 0.01571 0.99174
vt 0.00720 0.99322
vt 0.02643 0.93689
vt 0.99609 0.68855
vt 0.23037 0.98809
vt 0.21885 0.99590
vt 0.21896 0.98709
vt 0.00600 0.86585
vt 0.02621 0.92004
vt 0.85687 0.12778
vt 0.85779 0.13637
vt 0.85435 0.13762
vt 0.23023 0.99550
vt 0.05864 0.20170
vt 0.06490 0.20170
vt 0.06053 0.23574
vt 0.06593 0.23752
vt 0.64636 0.96726
vt 0.97243 0.62713
vt 0.96357 0.63856
vt 0.95278 0.62255
vt 0.94303 0.63630
vt 0.94967 0.64208
vt 0.84665 0.12856
vt 0.06920 0.04311
vt 0.08097 0.06836
vt 0.06860 0.07895
vt 0.83200 0.12978
vt 0.85784 0.15749
vt 0.84723 0.16774
vt 0.97980 0.20807
vt 0.96083 0.21692
vt 0.95617 0.20779
vt 0.97479 0.97973
vt 0.97413 0.98734
vt 0.95917 0.97514
vt 0.95937 0.98719
vt 0.06217 0.16532
vt 0.06546 0.17870
vt 0.06546 0.20086
vt 0.05810 0.19877
vt 0.83369 0.15215
vt 0.83595 0.18941
vt 0.84829 0.18988
vt 0.92209 0.13500
vt 0.92209 0.09461
vt 0.94635 0.12299
vt 0.10233 0.37438
vt 0.83611 0.84548
vt 0.78661 0.59355
vt 0.78882 0.57666
vt 0.79940 0.57777
vt 0.17967 0.05045
vt 0.17967 0.00708
vt 0.23504 0.02217
vt 0.79323 0.52301
vt 0.90213 0.96641
vt 0.90213 0.94555
vt 0.91228 0.94557
vt 0.78408 0.12900
vt 0.81969 0.11519
vt 0.82022 0.11931
vt 0.66941 0.00551
vt 0.70711 0.00221
vt 0.70778 0.00629
vt 0.41541 0.61070
vt 0.37177 0.59901
vt 0.44914 0.59540
vt 0.03918 0.99023
vt 0.03505 0.99036
vt 0.03505 0.97852
vt 0.84773 0.12433
vt 0.09787 0.33807
vt 0.08585 0.34198
vt 0.08523 0.30184
vt 0.77650 0.57403
vt 0.03998 0.97762
vt 0.77463 0.59204
vt 0.82888 0.12974
vt 0.82430 0.13043
vt 0.00506 0.06475
vt 0.00546 0.06937
vt 0.00004 0.06470
vt 0.02220 0.21152
vt 0.01710 0.20058
vt 0.02292 0.19268
vt 0.00061 0.06935
vt 0.62192 0.95620
vt 0.62229 0.96633
vt 0.61170 0.96726
vt 0.60232 0.95651
vt 0.79928 0.92062
vt 0.79109 0.93231
vt 0.77151 0.92196
vt 0.22303 0.81546
vt 0.22803 0.83712
vt 0.75988 0.57191
vt 0.99192 0.71163
vt 0.99192 0.73386
vt 0.98737 0.71136
vt 0.18168 0.82765
vt 0.98707 0.73378
vt 0.39471 0.00722
vt 0.40547 0.00722
vt 0.95523 0.54334
vt 0.95408 0.55271
vt 0.93171 0.55125
vt 0.40519 0.02937
vt 0.34890 0.00876
vt 0.95499 0.72575
vt 0.95499 0.69647
vt 0.95596 0.70902
vt 0.20974 0.92219
vt 0.23455 0.92306
vt 0.20868 0.93323
vt 0.89034 0.56662
vt 0.86517 0.60256
vt 0.21509 0.84136
vt 0.00775 0.00989
vt 0.01218 0.00222
vt 0.01228 0.01583
vt 0.00790 0.00218
vt 0.00773 0.01563
vt 0.31256 0.98858
vt 0.32197 0.98941
vt 0.30684 0.98909
vt 0.00321 0.43563
vt 0.00381 0.42488
vt 0.01138 0.42488
vt 0.01430 0.43605
vt 0.97554 0.21657
vt 0.97595 0.22098
vt 0.96826 0.22031
vt 0.95313 0.22010
vt 0.96461 0.21776
vt 0.96610 0.21574
vt 0.95252 0.21808
vt 0.61056 0.33688
vt 0.60134 0.33970
vt 0.60975 0.32936
vt 0.70503 0.01013
vt 0.70585 0.01596
vt 0.66434 0.02339
vt 0.00316 0.53357
vt 0.00113 0.53210
vt 0.00738 0.52833
vt 0.84750 0.94089
vt 0.85506 0.93518
vt 0.85929 0.94041
vt 0.13856 0.97119
vt 0.13846 0.98328
vt 0.13299 0.97586
vt 0.85128 0.94591
vt 0.11166 0.99848
vt 0.10735 0.99745
vt 0.10735 0.99220
vt 0.00663 0.22880
vt 0.01388 0.23115
vt 0.00777 0.23293
vt 0.00335 0.52796
vt 0.33875 0.86658
vt 0.35506 0.88189
vt 0.33674 0.87794
vt 0.10657 0.99121
vt 0.35583 0.86648
vt 0.12520 0.00061
vt 0.12413 0.00771
vt 0.13389 0.97070
vt 0.59407 0.33612
vt 0.56238 0.75243
vt 0.57095 0.79634
vt 0.16431 0.00122
vt 0.16835 0.00678
vt 0.16432 0.00647
vt 0.57132 0.99634
vt 0.57132 0.98916
vt 0.57675 0.99540
vt 0.11554 0.99101
vt 0.00119 0.15984
vt 0.00396 0.15131
vt 0.00531 0.15760
vt 0.54440 0.96514
vt 0.56365 0.96938
vt 0.56222 0.97093
vt 0.56562 0.98587
vt 0.56562 0.99465
vt 0.56094 0.98554
vt 0.54476 0.98793
vt 0.54217 0.99280
vt 0.53392 0.98419
vt 0.89742 0.19200
vt 0.89297 0.19121
vt 0.89703 0.14667
vt 0.12257 0.98318
vt 0.12268 0.97567
vt 0.56125 0.99645
vt 0.09758 0.03516
vt 0.10146 0.07947
vt 0.09614 0.08039
vt 0.00559 0.23522
vt 0.01642 0.23170
vt 0.01577 0.23854
vt 0.86971 0.94502
vt 0.86598 0.94860
vt 0.85625 0.95375
vt 0.84615 0.94978
vt 0.60183 0.34420
vt 0.59708 0.34164
vt 0.01011 0.64517
vt 0.00834 0.63501
vt 0.01036 0.63447
vt 0.53178 0.98943
vt 0.85075 0.95727
vt 0.55204 0.95854
vt 0.00131 0.13919
vt 0.00131 0.14795
vt 0.00069 0.14486
vt 0.50181 0.99371
vt 0.51014 0.99100
vt 0.51070 0.99849
vt 0.00265 0.63472
vt 0.00446 0.50229
vt 0.00775 0.50822
vt 0.00155 0.50602
vt 0.11326 0.99772
vt 0.12086 0.99114
vt 0.12055 0.99836
vt 0.11327 0.99256
vt 0.01096 0.50293
vt 0.57904 0.34562
vt 0.00646 0.05621
vt 0.00513 0.06254
vt 0.00057 0.05812
vt 0.86034 0.95877
vt 0.15721 0.00407
vt 0.16246 0.01152
vt 0.16119 0.01544
vt 0.13211 0.00629
vt 0.22450 0.80106
vt 0.18220 0.81481
vt 0.21919 0.78599
vt 0.67380 0.90664
vt 0.66636 0.91240
vt 0.66661 0.90727
vt 0.16354 0.00589
vt 0.94070 0.00260
vt 0.94574 0.00930
vt 0.94070 0.00991
vt 0.94543 0.00059
vt 0.86842 0.95305
vt 0.00055 0.06385
vt 0.00600 0.72650
vt 0.00131 0.73674
vt 0.00074 0.72650
vt 0.01002 0.73655
vt 0.01077 0.72667
vt 0.81610 0.35318
vt 0.80770 0.33669
vt 0.81925 0.35307
vt 0.58360 0.35024
vt 0.37356 0.88151
vt 0.58780 0.38530
vt 0.58496 0.41601
vt 0.65590 0.91737
vt 0.65612 0.91301
vt 0.81615 0.99928
vt 0.81615 0.99402
vt 0.82017 0.99833
vt 0.82013 0.99221
vt 0.37361 0.86656
vt 0.01407 0.51605
vt 0.00864 0.51325
vt 0.01198 0.50296
vt 0.01438 0.50359
vt 0.61259 0.07841
vt 0.54196 0.07740
vt 0.56931 0.06266
vt 0.01404 0.34356
vt 0.01115 0.35435
vt 0.01159 0.34319
vt 0.67335 0.93000
vt 0.61312 0.06348
vt 0.64486 0.93028
vt 0.64514 0.91854
vt 0.01587 0.35516
vt 0.80882 0.33217
vt 0.75854 0.33226
vt 0.76388 0.33701
vt 0.98575 0.49976
vt 0.98575 0.52425
vt 0.98474 0.51957
vt 0.35231 0.73110
vt 0.39298 0.76065
vt 0.33738 0.75537
vt 0.21856 0.81686
vt 0.39459 0.03030
vt 0.86254 0.54401
vt 0.13049 0.00789
vt 0.57169 0.74994
vt 0.06797 0.05025
vt 0.06797 0.08482
vt 0.05509 0.07894
vt 0.98959 0.15042
vt 0.98959 0.12922
vt 0.99891 0.13500
vt 0.34556 0.89339
vt 0.33631 0.88018
vt 0.34903 0.89294
vt 0.33770 0.91271
vt 0.19898 0.95699
vt 0.19253 0.96586
vt 0.17621 0.95410
vt 0.98810 0.55623
vt 0.98767 0.53611
vt 0.99024 0.53431
vt 0.99132 0.55205
vt 0.17858 0.65227
vt 0.17858 0.66199
vt 0.15759 0.65204
vt 0.75156 0.84415
vt 0.76706 0.84346
vt 0.76752 0.84473
vt 0.17816 0.67795
vt 0.15765 0.66981
vt 0.87525 0.11718
vt 0.89073 0.11620
vt 0.89073 0.13295
vt 0.60173 0.96501
vt 0.60173 0.98197
vt 0.59387 0.97607
vt 0.75498 0.82067
vt 0.74618 0.82187
vt 0.74618 0.78921
vt 0.17814 0.70564
vt 0.78066 0.84300
vt 0.79521 0.84484
vt 0.78348 0.94963
vt 0.78781 0.95266
vt 0.78478 0.96983
vt 0.88904 0.83070
vt 0.87893 0.83398
vt 0.88741 0.82016
vt 0.89278 0.83367
vt 0.86389 0.13031
vt 0.88570 0.84526
vt 0.86794 0.83688
vt 0.84809 0.83455
vt 0.87110 0.84868
vt 0.86164 0.11687
vt 0.22026 0.37983
vt 0.21679 0.36015
vt 0.22930 0.37608
vt 0.11528 0.80942
vt 0.11976 0.82139
vt 0.11325 0.81989
vt 0.10947 0.82281
vt 0.22800 0.39397
vt 0.34297 0.49788
vt 0.34649 0.47501
vt 0.34991 0.50276
vt 0.35427 0.45736
vt 0.35984 0.45983
vt 0.35189 0.46755
vt 0.22160 0.39111
vt 0.22059 0.32877
vt 0.88940 0.15595
vt 0.72641 0.82082
vt 0.11841 0.83813
vt 0.10216 0.82141
vt 0.11042 0.83940
vt 0.12257 0.83199
vt 0.22438 0.39560
vt 0.88774 0.17694
vt 0.49596 0.99248
vt 0.49589 0.98151
vt 0.49910 0.98385
vt 0.22637 0.36543
vt 0.31450 0.51074
vt 0.14356 0.83118
vt 0.05013 0.83123
vt 0.05820 0.83071
vt 0.06365 0.84015
vt 0.49911 0.99171
vt 0.98716 0.08504
vt 0.98708 0.06403
vt 0.99032 0.06403
vt 0.21413 0.29924
vt 0.21932 0.31206
vt 0.97603 0.79690
vt 0.98383 0.79594
vt 0.97671 0.81241
vt 0.97515 0.81736
vt 0.14396 0.83673
vt 0.99090 0.08451
vt 0.08376 0.82951
vt 0.39525 0.98963
vt 0.39915 0.98963
vt 0.39679 0.99686
vt 0.00287 0.66640
vt 0.01026 0.66600
vt 0.01026 0.67217
vt 0.68076 0.95400
vt 0.68076 0.95896
vt 0.67892 0.95552
vt 0.01565 0.62039
vt 0.02113 0.62136
vt 0.01554 0.63023
vt 0.02197 0.62505
vt 0.23025 0.37097
vt 0.38547 0.52751
vt 0.37986 0.52591
vt 0.36975 0.52351
vt 0.23781 0.33242
vt 0.72670 0.78821
vt 0.29037 0.52886
vt 0.61807 0.99231
vt 0.60704 0.99231
vt 0.61805 0.97967
vt 0.08706 0.26842
vt 0.08261 0.26022
vt 0.08880 0.25002
vt 0.08414 0.24876
vt 0.06719 0.25703
vt 0.06836 0.26045
vt 0.00225 0.66871
vt 0.00265 0.67207
vt 0.22733 0.31430
vt 0.06100 0.25280
vt 0.01725 0.63101
vt 0.37975 0.52892
vt 0.55258 0.98969
vt 0.55318 0.99840
vt 0.54487 0.99840
vt 0.08444 0.83932
vt 0.54498 0.98959
vt 0.77134 0.78543
vt 0.45088 0.94722
vt 0.47443 0.94746
vt 0.47608 0.95362
vt 0.07609 0.26800
vt 0.45528 0.95340
vt 0.45488 0.95523
vt 0.45111 0.95523
vt 0.24297 0.36851
vt 0.22364 0.09213
vt 0.22364 0.10044
vt 0.21790 0.09246
vt 0.37218 0.52931
vt 0.35709 0.52963
vt 0.07001 0.26987
vt 0.05675 0.26252
vt 0.43261 0.80924
vt 0.41110 0.80729
vt 0.42510 0.79982
vt 0.01036 0.66496
vt 0.00514 0.65770
vt 0.01036 0.65694
vt 0.72373 0.96950
vt 0.72412 0.97325
vt 0.71884 0.96944
vt 0.00548 0.66522
vt 0.01589 0.20184
vt 0.01589 0.21624
vt 0.00962 0.21637
vt 0.71758 0.97324
vt 0.01717 0.63756
vt 0.01935 0.63774
vt 0.24335 0.36271
vt 0.02362 0.92959
vt 0.01049 0.91510
vt 0.02490 0.91497
vt 0.71762 0.96072
vt 0.71632 0.96727
vt 0.22898 0.97754
vt 0.22731 0.97131
vt 0.24277 0.97887
vt 0.99737 0.18844
vt 0.99522 0.18806
vt 0.99522 0.18224
vt 0.41035 0.80157
vt 0.41722 0.79476
vt 0.08002 0.28208
vt 0.99778 0.18235
vt 0.33622 0.99807
vt 0.33588 0.99056
vt 0.34468 0.99056
vt 0.41672 0.79878
vt 0.49408 0.83808
vt 0.48562 0.82931
vt 0.49393 0.82544
vt 0.34496 0.99844
vt 0.20323 0.09277
vt 0.23827 0.97243
vt 0.06438 0.86384
vt 0.09032 0.28601
vt 0.22701 0.03863
vt 0.22704 0.04651
vt 0.21849 0.04677
vt 0.90967 0.75822
vt 0.90856 0.75194
vt 0.93334 0.75687
vt 0.77074 0.77180
vt 0.77289 0.76591
vt 0.77230 0.78076
vt 0.05171 0.86381
vt 0.46957 0.84490
vt 0.43172 0.79922
vt 0.44394 0.80351
vt 0.42683 0.79311
vt 0.99528 0.99911
vt 0.98914 0.99616
vt 0.99506 0.99656
vt 0.24264 0.96731
vt 0.23928 0.96332
vt 0.24293 0.96160
vt 0.05692 0.28546
vt 0.25087 0.34136
vt 0.01012 0.92996
vt 0.71040 0.96771
vt 0.24993 0.36259
vt 0.70909 0.96125
vt 0.98871 0.99933
vt 0.93283 0.77857
vt 0.93717 0.79016
vt 0.93371 0.79224
vt 0.47193 0.82980
vt 0.40160 0.80221
vt 0.41219 0.79469
vt 0.45111 0.83860
vt 0.45966 0.82953
vt 0.43342 0.79509
vt 0.80326 0.75309
vt 0.80515 0.75046
vt 0.80709 0.75383
vt 0.98910 0.20396
vt 0.99230 0.19738
vt 0.99230 0.20396
vt 0.81779 0.74942
vt 0.79050 0.00055
vt 0.81456 0.00055
vt 0.78553 0.00338
vt 0.98985 0.18273
vt 0.93749 0.76610
vt 0.93384 0.76634
vt 0.99432 0.19676
vt 0.21800 0.04473
vt 0.31427 0.68979
vt 0.34366 0.72109
vt 0.33350 0.72310
vt 0.81298 0.00444
vt 0.78929 0.00445
vt 0.43958 0.79768
vt 0.25141 0.32018
vt 0.77959 0.75205
vt 0.78643 0.74987
vt 0.24441 0.31999
vt 0.92993 0.75153
vt 0.42417 0.78517
vt 0.99439 0.18281
vt 0.32672 0.68738
vt 0.19987 0.09818
vt 0.41135 0.78760
vt 0.31391 0.70043
vt 0.41577 0.78694
vt 0.20365 0.04638
vt 0.82243 0.01438
vt 0.82364 0.01063
vt 0.82540 0.01227
vt 0.78509 0.97501
vt 0.78755 0.96103
vt 0.78770 0.97644
vt 0.45089 0.82593
vt 0.43970 0.79570
vt 0.45111 0.80471
vt 0.34544 0.68689
vt 0.75688 0.78116
vt 0.67840 0.98344
vt 0.68077 0.98307
vt 0.67845 0.98642
vt 0.93679 0.75799
vt 0.82177 0.00432
vt 0.75068 0.77749
vt 0.41529 0.78219
vt 0.11505 0.60984
vt 0.11471 0.62526
vt 0.10126 0.62409
vt 0.93836 0.75170
vt 0.42295 0.78045
vt 0.39932 0.77486
vt 0.20270 0.07298
vt 0.19868 0.07758
vt 0.72790 0.76652
vt 0.73024 0.77728
vt 0.72336 0.76644
vt 0.36668 0.68971
vt 0.42628 0.76604
vt 0.76500 0.75031
vt 0.77086 0.75310
vt 0.82596 0.98901
vt 0.84438 0.97957
vt 0.84003 0.99226
vt 0.10589 0.60337
vt 0.09930 0.60439
vt 0.31286 0.72309
vt 0.20008 0.04156
vt 0.83022 0.97572
vt 0.19927 0.06724
vt 0.20300 0.06527
vt 0.73843 0.77834
vt 0.09941 0.59667
vt 0.26188 0.34094
vt 0.10141 0.59145
vt 0.73485 0.78136
vt 0.08801 0.24349
vt 0.06656 0.21397
vt 0.08572 0.20573
vt 0.11591 0.58782
vt 0.10289 0.57795
vt 0.72486 0.78102
vt 0.19906 0.06048
vt 0.20299 0.05968
vt 0.11631 0.57784
vt 0.35004 0.72331
vt 0.05232 0.45982
vt 0.04023 0.48998
vt 0.26311 0.32099
vt 0.02571 0.15389
vt 0.02571 0.12375
vt 0.36898 0.72300
vt 0.21507 0.34663
vt 0.05232 0.49216
vt 0.03382 0.15235
vt 0.55388 0.44555
vt 0.59424 0.42887
vt 0.55577 0.47558
vt 0.52974 0.43899
vt 0.52335 0.43804
vt 0.53101 0.43414
vt 0.79790 0.69261
vt 0.84748 0.68836
vt 0.85655 0.69916
vt 0.51704 0.44444
vt 0.51726 0.43202
vt 0.01115 0.63485
vt 0.01192 0.64357
vt 0.01109 0.65029
vt 0.52899 0.44566
vt 0.76764 0.94536
vt 0.76412 0.93223
vt 0.76761 0.91957
vt 0.48180 0.45342
vt 0.51149 0.43794
vt 0.53051 0.45764
vt 0.77641 0.39823
vt 0.80036 0.40674
vt 0.78340 0.41251
vt 0.54065 0.46451
vt 0.35241 0.92065
vt 0.35073 0.93991
vt 0.35186 0.91417
vt 0.99859 0.38499
vt 0.99212 0.38442
vt 0.99888 0.37932
vt 0.99240 0.36339
vt 0.85589 0.68762
vt 0.77376 0.40194
vt 0.77621 0.37687
vt 0.77443 0.41682
vt 0.91272 0.96700
vt 0.90605 0.96776
vt 0.90605 0.96208
vt 0.86851 0.53563
vt 0.87277 0.53903
vt 0.87183 0.54975
vt 0.74306 0.99160
vt 0.75129 0.99160
vt 0.74295 0.99940
vt 0.87724 0.55016
vt 0.87836 0.49172
vt 0.87030 0.49136
vt 0.77610 0.41806
vt 0.02675 0.63899
vt 0.02946 0.60793
vt 0.03078 0.63970
vt 0.54134 0.47379
vt 0.75103 0.99940
vt 0.87782 0.43114
vt 0.87047 0.42330
vt 0.87839 0.41666
vt 0.87779 0.37235
vt 0.86999 0.37226
vt 0.87072 0.43100
vt 0.35912 0.92085
vt 0.35912 0.94075
vt 0.02510 0.32261
vt 0.03027 0.29327
vt 0.03143 0.32404
vt 0.91286 0.94720
vt 0.37756 0.99252
vt 0.37700 0.99897
vt 0.36981 0.99316
vt 0.65969 0.88884
vt 0.63991 0.88799
vt 0.63091 0.87239
vt 0.66624 0.87004
vt 0.86093 0.69866
vt 0.85403 0.65227
vt 0.86010 0.65201
vt 0.36991 0.99857
vt 0.86061 0.68590
vt 0.86010 0.67277
vt 0.61515 0.44741
vt 0.61053 0.46548
vt 0.60710 0.44912
vt 0.62618 0.49726
vt 0.62053 0.49638
vt 0.61574 0.47448
vt 0.62114 0.50162
vt 0.62511 0.50488
vt 0.61880 0.50634
vt 0.55633 0.48108
vt 0.89792 0.96186
vt 0.88762 0.96781
vt 0.87797 0.96115
vt 0.60898 0.50746
vt 0.62415 0.52649
vt 0.61176 0.52957
vt 0.60169 0.51437
vt 0.48123 0.74906
vt 0.47118 0.74906
vt 0.48523 0.73514
vt 0.58716 0.51657
vt 0.59865 0.52873
vt 0.09262 0.85000
vt 0.10302 0.85000
vt 0.09374 0.86421
vt 0.57792 0.52755
vt 0.76847 0.43842
vt 0.77292 0.43770
vt 0.47438 0.73591
vt 0.02849 0.84886
vt 0.01404 0.84416
vt 0.02727 0.84249
vt 0.00898 0.92427
vt 0.00694 0.93582
vt 0.00653 0.92261
vt 0.01828 0.86328
vt 0.02319 0.85043
vt 0.02085 0.85884
vt 0.13099 0.86330
vt 0.12542 0.84915
vt 0.13070 0.84919
vt 0.11510 0.86401
vt 0.49362 0.73371
vt 0.49465 0.74778
vt 0.75742 0.44104
vt 0.45544 0.73368
vt 0.45648 0.74935
vt 0.44282 0.74347
vt 0.01720 0.84907
vt 0.76194 0.42293
vt 0.03232 0.84974
vt 0.46600 0.73570
vt 0.48577 0.73339
vt 0.96706 0.02778
vt 0.97086 0.02711
vt 0.96820 0.03766
vt 0.96409 0.04652
vt 0.96818 0.04603
vt 0.93084 0.59258
vt 0.92898 0.57130
vt 0.94596 0.59195
vt 0.92969 0.55541
vt 0.93798 0.56643
vt 0.96547 0.05477
vt 0.05180 0.37070
vt 0.05087 0.37228
vt 0.04703 0.37261
vt 0.93698 0.55249
vt 0.94137 0.57609
vt 0.94373 0.58609
vt 0.94229 0.56696
vt 0.94537 0.56081
vt 0.85666 0.98580
vt 0.85795 0.97661
vt 0.86070 0.97468
vt 0.69737 0.99073
vt 0.70032 0.98858
vt 0.69941 0.99341
vt 0.42744 0.96748
vt 0.42744 0.95448
vt 0.42949 0.95854
vt 0.01145 0.16307
vt 0.01242 0.17602
vt 0.00809 0.17640
vt 0.97238 0.05593
vt 0.01876 0.15632
vt 0.02276 0.16032
vt 0.01995 0.17535
vt 0.00831 0.16227
vt 0.00362 0.37524
vt 0.01389 0.37524
vt 0.01039 0.37813
vt 0.01123 0.71932
vt 0.01123 0.70289
vt 0.01428 0.71454
vt 0.00213 0.17486
vt 0.00213 0.16580
vt 0.00537 0.17487
vt 0.08775 0.19492
vt 0.06878 0.19459
vt 0.09130 0.16576
vt 0.04623 0.34325
vt 0.07983 0.37022
vt 0.05972 0.36288
vt 0.07972 0.36117
vt 0.06575 0.37143
vt 0.97717 0.24226
vt 0.98267 0.24359
vt 0.97765 0.26232
vt 0.66729 0.99032
vt 0.67772 0.98466
vt 0.67754 0.99032
vt 0.98381 0.26600
vt 0.05890 0.35266
vt 0.99247 0.64147
vt 0.99941 0.66281
vt 0.98709 0.66618
vt 0.66495 0.98472
vt 0.20946 0.55172
vt 0.15773 0.55172
vt 0.16828 0.52031
vt 0.67242 0.94143
vt 0.67426 0.93099
vt 0.67349 0.95045
vt 0.25404 0.89864
vt 0.26389 0.91784
vt 0.76282 0.97320
vt 0.74958 0.97337
vt 0.74958 0.96284
vt 0.17860 0.03024
vt 0.16482 0.00777
vt 0.17860 0.00707
vt 0.76262 0.96259
vt 0.16688 0.02895
vt 0.17899 0.05896
vt 0.24953 0.89811
vt 0.16553 0.04719
vt 0.15868 0.02906
vt 0.15994 0.05872
vt 0.16596 0.05855
vt 0.74344 0.97258
vt 0.74356 0.96292
vt 0.52774 0.62950
vt 0.51905 0.64814
vt 0.46125 0.63134
vt 0.48807 0.79748
vt 0.47229 0.80857
vt 0.47307 0.79748
vt 0.48726 0.82733
vt 0.47268 0.82687
vt 0.95539 0.02854
vt 0.96431 0.05601
vt 0.95114 0.05494
vt 0.99660 0.42952
vt 0.99057 0.44337
vt 0.99007 0.42837
vt 0.99743 0.45007
vt 0.04934 0.88100
vt 0.03979 0.88184
vt 0.04841 0.85116
vt 0.87803 0.79607
vt 0.89820 0.79678
vt 0.87827 0.80421
vt 0.45658 0.80674
vt 0.01631 0.35570
vt 0.00562 0.36232
vt 0.00520 0.35570
vt 0.39945 0.90348
vt 0.40428 0.90835
vt 0.39474 0.91858
vt 0.03854 0.85153
vt 0.40196 0.92079
vt 0.01518 0.36316
vt 0.12328 0.93965
vt 0.14735 0.94104
vt 0.12390 0.95230
vt 0.88109 0.02726
vt 0.87145 0.01423
vt 0.88331 0.02273
vt 0.88649 0.03207
vt 0.85417 0.80523
vt 0.86261 0.01708
vt 0.02399 0.91423
vt 0.01303 0.90684
vt 0.01562 0.90218
vt 0.02420 0.85120
vt 0.02513 0.88221
vt 0.04903 0.88269
vt 0.04936 0.91371
vt 0.04633 0.91354
vt 0.67894 0.95389
vt 0.67894 0.94856
vt 0.67974 0.95096
vt 0.04580 0.89755
vt 0.40630 0.89262
vt 0.85733 0.00838
vt 0.44389 0.80478
vt 0.45744 0.82569
vt 0.95669 0.96478
vt 0.95669 0.94685
vt 0.97268 0.96457
vt 0.94360 0.12575
vt 0.95235 0.12575
vt 0.94452 0.15539
vt 0.87792 0.04118
vt 0.44529 0.82489
vt 0.00889 0.83703
vt 0.00889 0.85131
vt 0.00812 0.84575
vt 0.88733 0.04640
vt 0.94982 0.37925
vt 0.93275 0.42165
vt 0.93275 0.39166
vt 0.01954 0.37785
vt 0.02198 0.37720
vt 0.02141 0.39569
vt 0.04318 0.89058
vt 0.84610 0.00974
vt 0.32967 0.76769
vt 0.29377 0.75723
vt 0.41663 0.89405
vt 0.41895 0.90558
vt 0.97947 0.19319
vt 0.97785 0.19033
vt 0.03818 0.89043
vt 0.91761 0.40152
vt 0.03827 0.88288
vt 0.34455 0.75846
vt 0.33803 0.77189
vt 0.84517 0.00763
vt 0.97800 0.94617
vt 0.98013 0.96473
vt 0.96656 0.18610
vt 0.99603 0.96419
vt 0.99896 0.97336
vt 0.99685 0.97346
vt 0.01374 0.81160
vt 0.02578 0.81160
vt 0.01392 0.81371
vt 0.97547 0.19932
vt 0.99946 0.95751
vt 0.18866 0.99763
vt 0.18226 0.99829
vt 0.18270 0.99331
vt 0.99823 0.08526
vt 0.98803 0.10623
vt 0.98879 0.08609
vt 0.98641 0.19614
vt 0.99846 0.10633
vt 0.18942 0.99320
vt 0.46377 0.92125
vt 0.45887 0.90617
vt 0.49210 0.90997
vt 0.98398 0.20209
vt 0.98028 0.95801
vt 0.30630 0.76998
vt 0.84659 0.61689
vt 0.84774 0.61998
vt 0.85382 0.59950
vt 0.97818 0.59899
vt 0.98087 0.59650
vt 0.98276 0.59920
vt 0.98628 0.47235
vt 0.98628 0.48355
vt 0.96219 0.47344
vt 0.51602 0.97147
vt 0.51149 0.97079
vt 0.51531 0.96029
vt 0.30150 0.61486
vt 0.28916 0.62169
vt 0.28926 0.61814
vt 0.98177 0.99792
vt 0.97170 0.99465
vt 0.98059 0.99358
vt 0.42017 0.89552
vt 0.25762 0.96670
vt 0.25750 0.98087
vt 0.24764 0.97369
vt 0.63590 0.97915
vt 0.63973 0.97915
vt 0.63623 0.99133
vt 0.24861 0.98377
vt 0.83903 0.01486
vt 0.97831 0.57489
vt 0.83725 0.03733
vt 0.83560 0.04779
vt 0.82975 0.03698
vt 0.32254 0.61377
vt 0.98330 0.57531
vt 0.83267 0.56580
vt 0.03198 0.07505
vt 0.01850 0.07943
vt 0.02643 0.05664
vt 0.85988 0.60930
vt 0.32197 0.78531
vt 0.82114 0.03962
vt 0.51202 0.95549
vt 0.01508 0.07844
vt 0.01505 0.06488
vt 0.42595 0.92747
vt 0.45149 0.93577
vt 0.44853 0.94397
vt 0.30352 0.77842
vt 0.27784 0.97204
vt 0.29444 0.97204
vt 0.28631 0.98094
vt 0.28936 0.61191
vt 0.29054 0.59840
vt 0.31602 0.61320
vt 0.01865 0.06026
vt 0.90602 0.66098
vt 0.90940 0.67359
vt 0.90222 0.67266
vt 0.96314 0.48435
vt 0.77151 0.93408
vt 0.76841 0.92999
vt 0.76952 0.92518
vt 0.81507 0.00974
vt 0.80344 0.38814
vt 0.80972 0.40368
vt 0.80478 0.40354
vt 0.07474 0.09145
vt 0.06922 0.07962
vt 0.08786 0.07994
vt 0.34936 0.61243
vt 0.20279 0.11209
vt 0.21644 0.12764
vt 0.20124 0.11685
vt 0.89700 0.70271
vt 0.11708 0.97082
vt 0.10161 0.97081
vt 0.10206 0.96569
vt 0.79387 0.93459
vt 0.37097 0.60220
vt 0.80865 0.38188
vt 0.77299 0.93913
vt 0.11822 0.96508
vt 0.21280 0.11652
vt 0.98614 0.49713
vt 0.10208 0.96043
vt 0.12150 0.95715
vt 0.78780 0.94076
vt 0.00801 0.87449
vt 0.00869 0.86665
vt 0.00900 0.88022
vt 0.13577 0.63562
vt 0.12973 0.64069
vt 0.13059 0.62919
vt 0.26419 0.46558
vt 0.26772 0.47871
vt 0.25133 0.47075
vt 0.36967 0.62029
vt 0.13591 0.64045
vt 0.80317 0.36145
vt 0.23570 0.48607
vt 0.97655 0.37310
vt 0.97620 0.36693
vt 0.98001 0.36515
vt 0.00499 0.95848
vt 0.00052 0.95348
vt 0.00499 0.95362
vt 0.00078 0.95831
vt 0.13207 0.58943
vt 0.98278 0.36829
vt 0.27920 0.45623
vt 0.80712 0.33769
vt 0.12498 0.69918
vt 0.11730 0.65883
vt 0.08521 0.00268
vt 0.10831 0.00418
vt 0.08599 0.00709
vt 0.08584 0.11698
vt 0.96369 0.49714
vt 0.28502 0.45912
vt 0.27620 0.44833
vt 0.83851 0.72236
vt 0.81882 0.75433
vt 0.81852 0.73159
vt 0.97623 0.34876
vt 0.80259 0.33775
vt 0.82742 0.70887
vt 0.83123 0.70640
vt 0.42404 0.86265
vt 0.38080 0.86730
vt 0.40022 0.84767
vt 0.22197 0.12546
vt 0.26958 0.48197
vt 0.27662 0.47680
vt 0.28118 0.45836
vt 0.21670 0.13234
vt 0.77643 0.83470
vt 0.79405 0.83253
vt 0.79471 0.83631
vt 0.12339 0.00782
vt 0.75106 0.83532
vt 0.33730 0.86583
vt 0.37281 0.85303
vt 0.58925 0.89529
vt 0.56941 0.89447
vt 0.58884 0.89060
vt 0.84827 0.81468
vt 0.89193 0.81377
vt 0.12228 0.00283
vt 0.24983 0.49214
vt 0.83711 0.74760
vt 0.27988 0.48085
vt 0.84744 0.80951
vt 0.37846 0.96251
vt 0.36179 0.97095
vt 0.35985 0.96251
vt 0.99934 0.55543
vt 0.99583 0.56027
vt 0.99566 0.55279
vt 0.01347 0.65480
vt 0.01254 0.65135
vt 0.01254 0.63935
vt 0.55182 0.89285
vt 0.21588 0.14343
vt 0.99980 0.49089
vt 0.99980 0.49811
vt 0.99470 0.49120
vt 0.85753 0.72225
vt 0.37952 0.96992
vt 0.02003 0.19452
vt 0.01868 0.17910
vt 0.02084 0.17567
vt 0.97169 0.04347
vt 0.97343 0.02368
vt 0.97389 0.05050
vt 0.28203 0.48524
vt 0.00072 0.91923
vt 0.00072 0.91118
vt 0.00328 0.91762
vt 0.21157 0.14998
vt 0.94735 0.77531
vt 0.94575 0.75701
vt 0.97417 0.77525
vt 0.00354 0.51649
vt 0.01098 0.51723
vt 0.00568 0.51967
vt 0.99471 0.49807
vt 0.00839 0.52753
vt 0.28689 0.47316
vt 0.86023 0.74365
vt 0.00416 0.52469
vt 0.85919 0.72671
vt 0.97158 0.05185
vt 0.29139 0.46907
vt 0.03725 0.99717
vt 0.04479 0.99717
vt 0.04267 0.99932
vt 0.26430 0.55261
vt 0.27956 0.54720
vt 0.28281 0.55068
vt 0.40163 0.83975
vt 0.01447 0.51960
vt 0.37336 0.85104
vt 0.29256 0.48188
vt 0.28363 0.48739
vt 0.20900 0.16325
vt 0.20752 0.16029
vt 0.87232 0.72666
vt 0.92940 0.00621
vt 0.90001 0.00695
vt 0.90001 0.00287
vt 0.20390 0.15975
vt 0.97435 0.74651
vt 0.94511 0.74595
vt 0.92926 0.00256
vt 0.70621 0.96645
vt 0.70201 0.96682
vt 0.70316 0.94664
vt 0.20169 0.17233
vt 0.33259 0.49026
vt 0.30169 0.54346
vt 0.32616 0.53031
vt 0.70670 0.94665
vt 0.87229 0.74683
vt 0.34600 0.53080
vt 0.30665 0.55523
vt 0.20501 0.17355
vt 0.00071 0.83910
vt 0.00479 0.83910
vt 0.00245 0.84874
vt 0.33431 0.54528
vt 0.24836 0.92681
vt 0.13349 0.95182
vt 0.31984 0.75196
vt 0.98083 0.18774
vt 0.83096 0.62780
vt 0.13983 0.65350
vt 0.37856 0.86583
vt 0.85425 0.80713
vt 0.39817 0.83718
vt 0.40078 0.82854
vt 0.17941 0.16080
vt 0.13404 0.17555
vt 0.12674 0.14511
vt 0.78650 0.89669
vt 0.81780 0.89669
vt 0.81760 0.91221
vt 0.85828 0.50892
vt 0.81210 0.49333
vt 0.85973 0.49234
vt 0.85751 0.52191
vt 0.38606 0.98325
vt 0.38433 0.96916
vt 0.39206 0.96772
vt 0.89257 0.25096
vt 0.89483 0.23814
vt 0.89630 0.27155
vt 0.20747 0.39539
vt 0.22352 0.40075
vt 0.20830 0.44759
vt 0.20519 0.42473
vt 0.42496 0.95525
vt 0.40528 0.96913
vt 0.40629 0.95362
vt 0.21601 0.37782
vt 0.26277 0.90173
vt 0.28848 0.88996
vt 0.27000 0.90542
vt 0.42663 0.96934
vt 0.97662 0.63754
vt 0.98186 0.64056
vt 0.97829 0.66161
vt 0.28708 0.89769
vt 0.26054 0.89836
vt 0.25879 0.90552
vt 0.00271 0.99343
vt 0.00271 0.98606
vt 0.00630 0.98637
vt 0.84117 0.00578
vt 0.86774 0.00237
vt 0.86878 0.00628
vt 0.90852 0.85185
vt 0.91629 0.87577
vt 0.87410 0.85452
vt 0.88331 0.88127
vt 0.00843 0.58721
vt 0.00157 0.58721
vt 0.00553 0.58387
vt 0.85246 0.55468
vt 0.84160 0.00222
vt 0.89209 0.28412
vt 0.05334 0.57662
vt 0.05303 0.57304
vt 0.08085 0.57375
vt 0.01122 0.73271
vt 0.01392 0.71739
vt 0.01430 0.73383
vt 0.25124 0.54425
vt 0.20761 0.53357
vt 0.24805 0.53231
vt 0.43499 0.89208
vt 0.44709 0.89421
vt 0.40984 0.89221
vt 0.87726 0.87777
vt 0.84096 0.87137
vt 0.87890 0.87111
vt 0.74648 0.00649
vt 0.78478 0.00122
vt 0.78472 0.00649
vt 0.31178 0.84962
vt 0.34908 0.85007
vt 0.33122 0.86323
vt 0.08509 0.58304
vt 0.09217 0.55664
vt 0.09216 0.58874
vt 0.75103 0.00001
vt 0.94681 0.70641
vt 0.92093 0.74631
vt 0.91919 0.70641
vt 0.30882 0.86254
vt 0.27127 0.90844
vt 0.19219 0.98263
vt 0.20501 0.98263
vt 0.19603 0.99086
vt 0.89837 0.84481
vt 0.94824 0.74462
vt 0.35001 0.86014
vt 0.83507 0.00072
vt 0.08584 0.56634
vt 0.90313 0.84009
vt 0.44696 0.88718
vt 0.05308 0.54094
vt 0.07808 0.54919
vt 0.04600 0.00304
vt 0.04600 0.03098
vt 0.03854 0.00573
vt 0.08504 0.56397
vt 0.41825 0.00072
vt 0.45819 0.00072
vt 0.44573 0.00579
vt 0.49268 0.91153
vt 0.49268 0.93889
vt 0.48931 0.92368
vt 0.09720 0.54361
vt 0.09853 0.55364
vt 0.27034 0.53009
vt 0.28078 0.54463
vt 0.28937 0.52940
vt 0.08506 0.54132
vt 0.29214 0.54144
vt 0.03574 0.22438
vt 0.03574 0.19484
vt 0.03830 0.19183
vt 0.05228 0.57310
vt 0.03972 0.57310
vt 0.05233 0.54045
vt 0.05724 0.59924
vt 0.05479 0.61311
vt 0.05320 0.57749
vt 0.05736 0.57782
vt 0.99593 0.78661
vt 0.99552 0.80118
vt 0.99107 0.79997
vt 0.98522 0.98872
vt 0.99547 0.99245
vt 0.98351 0.99278
vt 0.00866 0.57205
vt 0.01116 0.57002
vt 0.01535 0.57197
vt 0.01499 0.57007
vt 0.99582 0.80919
vt 0.75708 0.92249
vt 0.75725 0.92625
vt 0.73379 0.92831
vt 0.20421 0.98153
vt 0.19331 0.98186
vt 0.19634 0.97492
vt 0.95033 0.15439
vt 0.94671 0.15077
vt 0.97025 0.15150
vt 0.18971 0.97212
vt 0.19809 0.97409
vt 0.57186 0.80180
vt 0.56726 0.80007
vt 0.56173 0.77612
vt 0.72949 0.92115
vt 0.68467 0.91706
vt 0.68001 0.92471
vt 0.68054 0.91670
vt 0.34746 0.95543
vt 0.34619 0.96995
vt 0.32688 0.95451
vt 0.94692 0.50245
vt 0.94692 0.54157
vt 0.93202 0.51037
vt 0.08797 0.62784
vt 0.08814 0.62402
vt 0.11566 0.62642
vt 0.67744 0.81501
vt 0.70543 0.82168
vt 0.67861 0.82160
vt 0.20649 0.97296
vt 0.02210 0.15590
vt 0.01802 0.15499
vt 0.01655 0.13819
vt 0.65542 0.66906
vt 0.65542 0.67307
vt 0.64703 0.66793
vt 0.95264 0.99408
vt 0.96332 0.99408
vt 0.95265 0.99792
vt 0.68417 0.94326
vt 0.29879 0.95653
vt 0.29895 0.96067
vt 0.27842 0.96247
vt 0.55753 0.80447
vt 0.68034 0.94373
vt 0.07040 0.99895
vt 0.06267 0.99895
vt 0.06565 0.99705
vt 0.02297 0.13674
vt 0.57574 0.81895
vt 0.56209 0.82033
vt 0.69039 0.77812
vt 0.72300 0.82115
vt 0.73308 0.93177
vt 0.00165 0.18906
vt 0.00535 0.18935
vt 0.50511 0.22386
vt 0.52258 0.21506
vt 0.52753 0.23906
vt 0.09726 0.23175
vt 0.10317 0.24128
vt 0.09809 0.24113
vt 0.38613 0.94857
vt 0.38264 0.95485
vt 0.36153 0.94919
vt 0.01223 0.46274
vt 0.01350 0.46623
vt 0.00301 0.46601
vt 0.05299 0.91131
vt 0.06236 0.90354
vt 0.07539 0.92149
vt 0.08773 0.63184
vt 0.54920 0.80804
vt 0.05884 0.79083
vt 0.05518 0.77956
vt 0.08839 0.76995
vt 0.63994 0.68376
vt 0.10516 0.25301
vt 0.32702 0.96934
vt 0.27834 0.95599
vt 0.32372 0.94583
vt 0.32372 0.92848
vt 0.34590 0.94545
vt 0.49849 0.19949
vt 0.35011 0.94596
vt 0.35006 0.93017
vt 0.10631 0.27511
vt 0.10317 0.27302
vt 0.04435 0.92887
vt 0.54810 0.82140
vt 0.99373 0.49082
vt 0.99379 0.51268
vt 0.98994 0.51229
vt 0.07647 0.92559
vt 0.36074 0.95489
vt 0.04058 0.92464
vt 0.93432 0.00852
vt 0.93972 0.02336
vt 0.92495 0.00945
vt 0.68153 0.96648
vt 0.68153 0.94462
vt 0.70054 0.96734
vt 0.20158 0.31924
vt 0.17670 0.32047
vt 0.19035 0.31726
vt 0.52430 0.79240
vt 0.54568 0.79816
vt 0.01172 0.31827
vt 0.01830 0.31821
vt 0.01830 0.33311
vt 0.87920 0.97241
vt 0.87458 0.96153
vt 0.88480 0.96754
vt 0.47941 0.20058
vt 0.47686 0.19075
vt 0.64664 0.69822
vt 0.65684 0.69777
vt 0.00700 0.88041
vt 0.00551 0.87195
vt 0.00691 0.86647
vt 0.88004 0.97894
vt 0.11641 0.53028
vt 0.10180 0.54084
vt 0.08558 0.52949
vt 0.01182 0.33310
vt 0.08555 0.54054
vt 0.01126 0.72318
vt 0.00684 0.72279
vt 0.01241 0.72054
vt 0.53231 0.82218
vt 0.92400 0.03605
vt 0.50085 0.19809
vt 0.06651 0.97512
vt 0.07141 0.98817
vt 0.06279 0.97753
vt 0.98971 0.49092
vt 0.20877 0.98628
vt 0.20877 0.97320
vt 0.21594 0.97887
vt 0.64240 0.69925
vt 0.16121 0.32366
vt 0.00210 0.72055
vt 0.67691 0.79040
vt 0.06234 0.99137
vt 0.62949 0.00638
vt 0.64392 0.00512
vt 0.66866 0.00567
vt 0.97826 0.84683
vt 0.97420 0.84399
vt 0.98328 0.84402
vt 0.60060 0.42328
vt 0.58899 0.48777
vt 0.58845 0.44819
vt 0.70216 0.94550
vt 0.05916 0.98132
vt 0.09580 0.27850
vt 0.97637 0.86696
vt 0.06923 0.03535
vt 0.08098 0.03154
vt 0.08235 0.06851
vt 0.09379 0.27511
vt 0.65908 0.69422
vt 0.66812 0.69504
vt 0.66871 0.70452
vt 0.57477 0.94311
vt 0.54839 0.92657
vt 0.57477 0.92743
vt 0.50030 0.18558
vt 0.95467 0.80542
vt 0.96731 0.80881
vt 0.95465 0.81706
vt 0.98037 0.86737
vt 0.17131 0.34446
vt 0.15720 0.37027
vt 0.11637 0.65303
vt 0.96643 0.81931
vt 0.96267 0.81809
vt 0.47388 0.18175
vt 0.43195 0.16506
vt 0.46730 0.16906
vt 0.11593 0.66549
vt 0.09025 0.67094
vt 0.65882 0.71212
vt 0.58189 0.44578
vt 0.66041 0.70427
vt 0.95754 0.83439
vt 0.95973 0.83407
vt 0.55029 0.50105
vt 0.58121 0.49642
vt 0.57168 0.51119
vt 0.10227 0.54173
vt 0.66233 0.71381
vt 0.56299 0.48929
vt 0.67846 0.78038
vt 0.50404 0.16314
vt 0.05597 0.53945
vt 0.05387 0.54009
vt 0.05388 0.53908
vt 0.54779 0.94387
vt 0.98703 0.30304
vt 0.98703 0.28176
vt 0.98945 0.29113
vt 0.78327 0.77092
vt 0.79421 0.77385
vt 0.77360 0.77250
vt 0.05381 0.53532
vt 0.98965 0.21506
vt 0.99622 0.19483
vt 0.99934 0.21588
vt 0.45317 0.93120
vt 0.42627 0.92623
vt 0.42725 0.92199
vt 0.93705 0.04045
vt 0.64834 0.70657
vt 0.45197 0.93444
vt 0.80562 0.77096
vt 0.76378 0.83036
vt 0.76348 0.80572
vt 0.77247 0.78645
vt 0.93140 0.04781
vt 0.92371 0.04851
vt 0.66569 0.72012
vt 0.92896 0.46889
vt 0.92613 0.47022
vt 0.92980 0.44656
vt 0.93360 0.04040
vt 0.92879 0.42823
vt 0.11680 0.29108
vt 0.12515 0.24372
vt 0.12532 0.29305
vt 0.29604 0.93534
vt 0.29820 0.92308
vt 0.29568 0.94385
vt 0.72379 0.77964
vt 0.82320 0.77236
vt 0.17672 0.75741
vt 0.22548 0.76491
vt 0.22548 0.78505
vt 0.32312 0.94180
vt 0.65552 0.71494
vt 0.18584 0.73123
vt 0.18985 0.71304
vt 0.19620 0.71573
vt 0.90828 0.52155
vt 0.89595 0.48133
vt 0.92791 0.47095
vt 0.62945 0.87248
vt 0.63276 0.88158
vt 0.62887 0.90591
vt 0.17637 0.77721
vt 0.12828 0.77721
vt 0.17539 0.77157
vt 0.65076 0.71878
vt 0.10242 0.67113
vt 0.02242 0.43206
vt 0.02088 0.44962
vt 0.01960 0.43132
vt 0.19622 0.73052
vt 0.77346 0.80505
vt 0.66390 0.72241
vt 0.95388 0.91563
vt 0.95318 0.90100
vt 0.96064 0.91247
vt 0.67389 0.84307
vt 0.63340 0.84519
vt 0.67476 0.83165
vt 0.01929 0.93705
vt 0.01929 0.95389
vt 0.01573 0.93954
vt 0.31243 0.92672
vt 0.95365 0.92780
vt 0.96078 0.89962
vt 0.10218 0.54550
vt 0.11655 0.57707
vt 0.32297 0.93407
vt 0.05512 0.51580
vt 0.67610 0.28194
vt 0.69894 0.28827
vt 0.66691 0.29179
vt 0.17734 0.78636
vt 0.70069 0.32142
vt 0.77429 0.83033
vt 0.19343 0.73897
vt 0.92996 0.51405
vt 0.32105 0.92450
vt 0.64096 0.72277
vt 0.17834 0.75538
vt 0.71276 0.06150
vt 0.70895 0.06116
vt 0.71046 0.01804
vt 0.06503 0.14878
vt 0.06404 0.16410
vt 0.06004 0.16445
vt 0.54578 0.48255
vt 0.99876 0.52640
vt 0.99524 0.53059
vt 0.99501 0.52495
vt 0.01622 0.08361
vt 0.02253 0.07919
vt 0.02280 0.09840
vt 0.10138 0.57639
vt 0.01725 0.09736
vt 0.67591 0.94836
vt 0.67591 0.92808
vt 0.67776 0.92881
vt 0.05308 0.50443
vt 0.72279 0.32991
vt 0.69694 0.33079
vt 0.71021 0.31003
vt 0.64049 0.71896
vt 0.20548 0.36107
vt 0.17546 0.37105
vt 0.20782 0.76107
vt 0.94987 0.31750
vt 0.94648 0.30068
vt 0.95424 0.31419
vt 0.99898 0.53108
vt 0.71202 0.34850
vt 0.20548 0.37159
vt 0.21223 0.74460
vt 0.01186 0.08991
vt 0.00808 0.07627
vt 0.01186 0.07610
vt 0.06070 0.14525
vt 0.70744 0.26681
vt 0.71993 0.30206
vt 0.06038 0.12970
vt 0.00665 0.08999
vt 0.33033 0.98467
vt 0.32974 0.98002
vt 0.34510 0.98002
vt 0.06231 0.13016
vt 0.34395 0.98696
vt 0.82256 0.01915
vt 0.82490 0.01415
vt 0.82526 0.02637
vt 0.94257 0.29607
vt 0.94556 0.29594
vt 0.22276 0.73315
vt 0.53997 0.49588
vt 0.95293 0.29415
vt 0.94121 0.28931
vt 0.94662 0.29345
vt 0.71722 0.30618
vt 0.23109 0.74890
vt 0.23487 0.73486
vt 0.22596 0.76320
vt 0.00448 0.18033
vt 0.83053 0.96106
vt 0.84359 0.94308
vt 0.84781 0.96487
vt 0.20692 0.00160
vt 0.20692 0.01341
vt 0.17877 0.00323
vt 0.84913 0.32797
vt 0.86075 0.35366
vt 0.83117 0.35366
vt 0.20697 0.29751
vt 0.16472 0.26681
vt 0.18707 0.25627
vt 0.57586 0.79109
vt 0.62124 0.79109
vt 0.57594 0.80271
vt 0.83282 0.33874
vt 0.66096 0.26728
vt 0.62836 0.25525
vt 0.41548 0.68719
vt 0.36280 0.68719
vt 0.41960 0.68558
vt 0.66584 0.26781
vt 0.70931 0.25627
vt 0.76384 0.98450
vt 0.76627 0.99198
vt 0.76149 0.99087
vt 0.40753 0.69862
vt 0.92574 0.90807
vt 0.94572 0.90129
vt 0.94546 0.90807
vt 0.57536 0.79942
vt 0.00496 0.88102
vt 0.00496 0.88937
vt 0.00054 0.88106
vt 0.00078 0.88914
vt 0.66580 0.28752
vt 0.93850 0.55828
vt 0.93885 0.55496
vt 0.96356 0.55496
vt 0.95578 0.55857
vt 0.95608 0.56710
vt 0.96395 0.56676
vt 0.52276 0.98771
vt 0.52352 0.99576
vt 0.51413 0.99410
vt 0.91471 0.90102
vt 0.77199 0.98838
vt 0.78279 0.98813
vt 0.78279 0.99667
vt 0.98805 0.49015
vt 0.98714 0.46897
vt 0.99824 0.47251
vt 0.82760 0.33627
vt 0.99816 0.46833
vt 0.85601 0.32414
vt 0.85174 0.31426
vt 0.77217 0.99836
vt 0.51320 0.98620
vt 0.29830 0.99746
vt 0.29830 0.99079
vt 0.30850 0.99797
vt 0.41728 0.69670
vt 0.51249 0.99579
vt 0.01358 0.70772
vt 0.01263 0.69687
vt 0.01388 0.69148
vt 0.30821 0.99002
vt 0.99885 0.48978
vt 0.44694 0.02432
vt 0.44892 0.00820
vt 0.48653 0.01108
vt 0.33520 0.00052
vt 0.33616 0.00598
vt 0.29766 0.00426
vt 0.98839 0.15114
vt 0.99563 0.15114
vt 0.98799 0.15984
vt 0.99798 0.15992
vt 0.99850 0.13873
vt 0.91338 0.96812
vt 0.91338 0.98086
vt 0.91103 0.96815
vt 0.15597 0.84680
vt 0.11416 0.83967
vt 0.80359 0.32978
vt 0.63304 0.86734
vt 0.63304 0.86052
vt 0.67311 0.86198
vt 0.92556 0.91489
vt 0.92348 0.91218
vt 0.99728 0.93640
vt 0.97513 0.93379
vt 0.99329 0.92700
vt 0.57968 0.96171
vt 0.58896 0.96472
vt 0.57052 0.96571
vt 0.58906 0.97140
vt 0.85309 0.29604
vt 0.85962 0.31054
vt 0.91472 0.91203
vt 0.00623 0.23997
vt 0.00779 0.23727
vt 0.01328 0.23964
vt 0.19636 0.99378
vt 0.19311 0.99483
vt 0.19284 0.98766
vt 0.99936 0.94915
vt 0.98240 0.95444
vt 0.32509 0.99062
vt 0.31726 0.99650
vt 0.31422 0.99000
vt 0.46687 0.86427
vt 0.46687 0.85909
vt 0.50811 0.86028
vt 0.01504 0.52289
vt 0.02242 0.52289
vt 0.01548 0.53878
vt 0.57903 0.95657
vt 0.57551 0.95958
vt 0.06012 0.79227
vt 0.08945 0.77096
vt 0.07906 0.81683
vt 0.13094 0.99152
vt 0.13033 0.99747
vt 0.12265 0.99747
vt 0.02248 0.54065
vt 0.12219 0.99170
vt 0.46610 0.86374
vt 0.42484 0.86374
vt 0.42500 0.85912
vt 0.01122 0.61470
vt 0.01171 0.60371
vt 0.01230 0.60858
vt 0.12793 0.01760
vt 0.08518 0.01759
vt 0.32481 0.99635
vt 0.31342 0.99016
vt 0.31328 0.99784
vt 0.31017 0.99784
vt 0.30939 0.99032
vt 0.57266 0.95751
vt 0.23118 0.99585
vt 0.23125 0.99011
vt 0.23556 0.99011
vt 0.23520 0.99589
vt 0.01189 0.59940
vt 0.02417 0.47360
vt 0.02417 0.44236
vt 0.03035 0.47288
vt 0.03784 0.75852
vt 0.03784 0.78976
vt 0.02670 0.78945
vt 0.81147 0.30781
vt 0.85551 0.29016
vt 0.98880 0.83360
vt 0.99686 0.85566
vt 0.98722 0.85160
vt 0.99727 0.83377
vt 0.98951 0.85625
vt 0.07733 0.99292
vt 0.07419 0.99064
vt 0.07739 0.98656
vt 0.89732 0.98912
vt 0.89627 0.99234
vt 0.89508 0.98865
vt 0.87872 0.34258
vt 0.87510 0.35035
vt 0.87612 0.33231
vt 0.87951 0.33224
vt 0.87768 0.50489
vt 0.87995 0.50518
vt 0.87818 0.51525
vt 0.88531 0.39162
vt 0.87164 0.35101
vt 0.89070 0.51414
vt 0.88624 0.34381
vt 0.11413 0.23702
vt 0.14631 0.20656
vt 0.15250 0.20985
vt 0.11566 0.18666
vt 0.13829 0.24606
vt 0.14886 0.19985
vt 0.31860 0.97098
vt 0.30869 0.97607
vt 0.30171 0.97545
vt 0.30916 0.98278
vt 0.13695 0.99163
vt 0.13177 0.99881
vt 0.13168 0.99163
vt 0.13128 0.45870
vt 0.13259 0.41090
vt 0.87968 0.45774
vt 0.17280 0.96066
vt 0.17172 0.97681
vt 0.16632 0.97144
vt 0.89019 0.45827
vt 0.70222 0.74837
vt 0.73830 0.74311
vt 0.73795 0.74837
vt 0.18836 0.97150
vt 0.13659 0.99937
vt 0.70692 0.73824
vt 0.30265 0.97069
vt 0.31832 0.98213
vt 0.78362 0.94800
vt 0.79114 0.94191
vt 0.79663 0.95724
vt 0.79867 0.92970
vt 0.78802 0.94162
vt 0.25621 0.70449
vt 0.31208 0.70449
vt 0.25653 0.71333
vt 0.24621 0.99039
vt 0.25971 0.98801
vt 0.26055 0.99048
vt 0.26942 0.71313
vt 0.27540 0.71396
vt 0.68327 0.97955
vt 0.69666 0.97859
vt 0.69666 0.99095
vt 0.30112 0.71442
vt 0.68303 0.99240
vt 0.74124 0.74199
vt 0.73015 0.73549
vt 0.70764 0.73387
vt 0.31205 0.95144
vt 0.30966 0.94904
vt 0.31760 0.94988
vt 0.95488 0.61718
vt 0.94700 0.59292
vt 0.33516 0.94902
vt 0.30163 0.72297
vt 0.31176 0.72303
vt 0.30051 0.72323
vt 0.93649 0.42160
vt 0.94682 0.38994
vt 0.95038 0.39949
vt 0.29432 0.72321
vt 0.95396 0.38830
vt 0.95288 0.38872
vt 0.66013 0.25774
vt 0.15597 0.83704
vt 0.12562 0.02393
vt 0.14686 0.41073
vt 0.68798 0.74735
vt 0.97346 0.60799
vt 0.31760 0.94988
vt 0.30966 0.94904
vt 0.95380 0.41855
vt 0.95462 0.13793
vt 0.95462 0.11269
vt 0.97334 0.12109
vt 0.73773 0.43473
vt 0.73641 0.39673
vt 0.75067 0.43812
vt 0.18292 0.99242
vt 0.17612 0.98306
vt 0.19107 0.98107
vt 0.88080 0.26690
vt 0.87808 0.22917
vt 0.87986 0.22255
vt 0.26921 0.99791
vt 0.27710 0.99109
vt 0.49398 0.12528
vt 0.56333 0.15663
vt 0.86898 0.94748
vt 0.87440 0.94603
vt 0.87351 0.96642
vt 0.03088 0.98602
vt 0.01798 0.98646
vt 0.01664 0.98102
vt 0.47323 0.53851
vt 0.46238 0.54725
vt 0.43994 0.52972
vt 0.02771 0.08129
vt 0.03482 0.10545
vt 0.20540 0.52139
vt 0.19229 0.53702
vt 0.19881 0.51355
vt 0.01985 0.48232
vt 0.01639 0.49524
vt 0.01617 0.47724
vt 0.21014 0.51466
vt 0.06068 0.81654
vt 0.06015 0.80643
vt 0.06682 0.81529
vt 0.78384 0.96667
vt 0.78071 0.97630
vt 0.76443 0.96835
vt 0.05474 0.78309
vt 0.21674 0.49523
vt 0.10823 0.72755
vt 0.09406 0.71936
vt 0.12755 0.72025
vt 0.55360 0.14401
vt 0.56762 0.15255
vt 0.05577 0.81871
vt 0.19898 0.48141
vt 0.19133 0.47999
vt 0.11637 0.72841
vt 0.00399 0.08619
vt 0.00399 0.09392
vt 0.00051 0.08567
vt 0.00072 0.09385
vt 0.22488 0.49092
vt 0.48014 0.55384
vt 0.71656 0.46570
vt 0.60072 0.57435
vt 0.60559 0.58130
vt 0.52898 0.57631
vt 0.52968 0.58323
vt 0.47502 0.55741
vt 0.92507 0.70219
vt 0.95390 0.70139
vt 0.95390 0.70466
vt 0.48763 0.50633
vt 0.47993 0.51175
vt 0.12584 0.75514
vt 0.94214 0.49986
vt 0.94108 0.47037
vt 0.94951 0.48708
vt 0.94087 0.70511
vt 0.10037 0.72738
vt 0.10644 0.75627
vt 0.50067 0.53654
vt 0.63079 0.63008
vt 0.55486 0.63008
vt 0.63174 0.60921
vt 0.94986 0.50012
vt 0.03061 0.11027
vt 0.03414 0.11027
vt 0.03142 0.13977
vt 0.97035 0.85760
vt 0.97035 0.88627
vt 0.96562 0.85800
vt 0.11547 0.75848
vt 0.87931 0.20684
vt 0.58307 0.15211
vt 0.60107 0.13201
vt 0.94868 0.47076
vt 0.50528 0.51194
vt 0.03442 0.14036
vt 0.59653 0.12973
vt 0.92454 0.70582
vt 0.10011 0.75605
vt 0.59303 0.59660
vt 0.57147 0.17312
vt 0.12694 0.76638
vt 0.00124 0.85754
vt 0.00471 0.85869
vt 0.00175 0.86682
vt 0.00477 0.86630
vt 0.63134 0.59654
vt 0.52780 0.51820
vt 0.57756 0.16349
vt 0.58302 0.16838
vt 0.10323 0.76419
vt 0.51560 0.55684
vt 0.57255 0.18062
vt 0.49438 0.59139
vt 0.45608 0.59250
vt 0.44995 0.58636
vt 0.49451 0.58533
vt 0.43107 0.62514
vt 0.38649 0.62514
vt 0.43104 0.61413
vt 0.41694 0.59276
vt 0.97617 0.69806
vt 0.98381 0.69786
vt 0.98381 0.72176
vt 0.97697 0.72185
vt 0.93922 0.95576
vt 0.93922 0.93168
vt 0.58495 0.17995
vt 0.58021 0.19388
vt 0.53104 0.52625
vt 0.17653 0.93923
vt 0.15846 0.94862
vt 0.15264 0.93853
vt 0.17537 0.94992
vt 0.15313 0.94968
vt 0.35333 0.61248
vt 0.99918 0.55221
vt 0.99251 0.55073
vt 0.99153 0.53961
vt 0.51998 0.55770
vt 0.33540 0.42118
vt 0.33792 0.40442
vt 0.34120 0.40101
vt 0.34792 0.39802
vt 0.32326 0.40314
vt 0.33979 0.39592
vt 0.34390 0.35210
vt 0.33003 0.32571
vt 0.91454 0.90034
vt 0.94757 0.89342
vt 0.94789 0.90034
vt 0.99732 0.53733
vt 0.99996 0.53813
vt 0.91476 0.89256
vt 0.34638 0.42349
vt 0.74654 0.16002
vt 0.74464 0.13890
vt 0.75425 0.14349
vt 0.88068 0.81651
vt 0.88140 0.81923
vt 0.85487 0.81923
vt 0.73754 0.18925
vt 0.73575 0.20204
vt 0.73340 0.19091
vt 0.74717 0.13143
vt 0.75005 0.13113
vt 0.99216 0.88785
vt 0.99687 0.88513
vt 0.99784 0.89200
vt 0.99407 0.89376
vt 0.83667 0.81558
vt 0.05929 0.12916
vt 0.05929 0.16198
vt 0.04626 0.13016
vt 0.83645 0.81846
vt 0.77404 0.09487
vt 0.76279 0.13687
vt 0.77399 0.08365
vt 0.36880 0.40170
vt 0.77813 0.43554
vt 0.79884 0.41895
vt 0.80669 0.42975
vt 0.77138 0.07722
vt 0.76700 0.07857
vt 0.00074 0.77257
vt 0.00441 0.77452
vt 0.00059 0.78270
vt 0.00370 0.77905
vt 0.16770 0.97464
vt 0.17247 0.98079
vt 0.16779 0.98471
vt 0.76963 0.12845
vt 0.77783 0.14031
vt 0.73741 0.18233
vt 0.75469 0.19552
vt 0.17237 0.98734
vt 0.24303 0.98017
vt 0.23233 0.98794
vt 0.22871 0.97854
vt 0.78001 0.45022
vt 0.76313 0.44625
vt 0.37948 0.43067
vt 0.38660 0.40487
vt 0.78570 0.44583
vt 0.04708 0.15692
vt 0.74968 0.17782
vt 0.75485 0.16582
vt 0.77521 0.14489
vt 0.77104 0.45664
vt 0.76047 0.98426
vt 0.76504 0.97021
vt 0.77930 0.97740
vt 0.76221 0.07869
vt 0.79923 0.46176
vt 0.79396 0.46739
vt 0.78474 0.47423
vt 0.81166 0.49198
vt 0.42496 0.92866
vt 0.44614 0.94404
vt 0.42179 0.94578
vt 0.81055 0.47934
vt 0.80256 0.49801
vt 0.75844 0.14019
vt 0.86343 0.19955
vt 0.86244 0.14137
vt 0.86616 0.16843
vt 0.71238 0.92130
vt 0.69808 0.90161
vt 0.73714 0.90225
vt 0.86743 0.13912
vt 0.97433 0.73124
vt 0.95513 0.74519
vt 0.26667 0.99009
vt 0.51637 0.14696
vt 0.02771 0.11131
vt 0.10768 0.72745
vt 0.94872 0.94534
vt 0.95705 0.70753
vt 0.82504 0.89565
vt 0.85730 0.89565
vt 0.84018 0.91926
vt 0.79856 0.10236
vt 0.77501 0.09418
vt 0.78898 0.08868
vt 0.78847 0.06359
vt 0.77471 0.06502
vt 0.77458 0.13051
vt 0.95877 0.21688
vt 0.93367 0.21688
vt 0.95513 0.20833
vt 0.97768 0.60122
vt 0.98130 0.59990
vt 0.97990 0.62421
vt 0.91022 0.97018
vt 0.89293 0.97838
vt 0.89485 0.96519
vt 0.80171 0.09864
vt 0.90835 0.97928
vt 0.79930 0.12166
vt 0.93085 0.90971
vt 0.95183 0.90869
vt 0.95183 0.91807
vt 0.75748 0.86859
vt 0.79530 0.86859
vt 0.78651 0.88128
vt 0.23010 0.95689
vt 0.22668 0.96036
vt 0.20912 0.95566
vt 0.93958 0.92723
vt 0.21455 0.95912
vt 0.92211 0.92694
vt 0.83088 0.86610
vt 0.79306 0.86630
vt 0.79382 0.85956
vt 0.83176 0.86048
vt 0.89068 0.97664
vt 0.30604 0.98932
vt 0.29076 0.97754
vt 0.30604 0.97671
vt 0.16780 0.98722
vt 0.17287 0.98887
vt 0.16826 0.99677
vt 0.07382 0.98861
vt 0.07081 0.99788
vt 0.06525 0.99181
vt 0.20991 0.96831
vt 0.48713 0.96797
vt 0.46970 0.95449
vt 0.48713 0.95566
vt 0.46904 0.96750
vt 0.46534 0.95756
vt 0.01331 0.55561
vt 0.00364 0.55068
vt 0.01437 0.54744
vt 0.61744 0.33649
vt 0.61475 0.34915
vt 0.60719 0.33924
vt 0.60682 0.34898
vt 0.11506 0.23919
vt 0.12055 0.24067
vt 0.11605 0.28857
vt 0.07642 0.97061
vt 0.07642 0.98237
vt 0.07415 0.97233
vt 0.29211 0.98977
vt 0.48652 0.77293
vt 0.47858 0.78446
vt 0.43705 0.79481
vt 0.97083 0.39342
vt 0.95961 0.39707
vt 0.96415 0.36932
vt 0.89369 0.53645
vt 0.89573 0.52487
vt 0.89316 0.57418
vt 0.97397 0.32938
vt 0.94906 0.31954
vt 0.97299 0.31821
vt 0.95313 0.37322
vt 0.93694 0.99137
vt 0.93647 0.98011
vt 0.94908 0.98011
vt 0.93406 0.27762
vt 0.95938 0.28675
vt 0.93406 0.28806
vt 0.94947 0.98948
vt 0.85809 0.98468
vt 0.86978 0.98480
vt 0.86978 0.99481
vt 0.45631 0.74996
vt 0.98130 0.13223
vt 0.96908 0.12664
vt 0.97436 0.12268
vt 0.31284 0.89117
vt 0.32400 0.89274
vt 0.31723 0.89820
vt 0.30432 0.90220
vt 0.00541 0.55498
vt 0.95907 0.27723
vt 0.31762 0.91051
vt 0.30579 0.92023
vt 0.94899 0.32961
vt 0.62761 0.34523
vt 0.84129 0.94429
vt 0.82872 0.94319
vt 0.84112 0.93770
vt 0.97264 0.13804
vt 0.61712 0.32119
vt 0.62316 0.32869
vt 0.95418 0.18458
vt 0.94221 0.16810
vt 0.97375 0.16905
vt 0.73272 0.93364
vt 0.73130 0.94990
vt 0.73051 0.92954
vt 0.85814 0.99421
vt 0.81662 0.93450
vt 0.98440 0.72237
vt 0.97628 0.73376
vt 0.97558 0.72237
vt 0.98409 0.74616
vt 0.97681 0.74636
vt 0.64279 0.23449
vt 0.63605 0.24775
vt 0.62151 0.24034
vt 0.96717 0.13193
vt 0.81554 0.94444
vt 0.10388 0.98332
vt 0.10037 0.97913
vt 0.11627 0.97166
vt 0.62306 0.22699
vt 0.10011 0.97186
vt 0.90839 0.84869
vt 0.90310 0.83239
vt 0.91931 0.84540
vt 0.15305 0.97600
vt 0.14867 0.98949
vt 0.14760 0.97629
vt 0.95801 0.35855
vt 0.95007 0.35649
vt 0.95578 0.33179
vt 0.96688 0.33530
vt 0.96028 0.34785
vt 0.95667 0.13845
vt 0.11650 0.98255
vt 0.65068 0.24306
vt 0.58948 0.98295
vt 0.60212 0.98257
vt 0.60212 0.99392
vt 0.79497 0.87935
vt 0.79510 0.87065
vt 0.83284 0.87065
vt 0.58975 0.99389
vt 0.78697 0.89591
vt 0.82384 0.88372
vt 0.82203 0.89591
vt 0.33049 0.97938
vt 0.32972 0.97060
vt 0.34711 0.97842
vt 0.83000 0.88072
vt 0.34642 0.97109
vt 0.11258 0.95776
vt 0.08879 0.95762
vt 0.08879 0.94097
vt 0.66404 0.33731
vt 0.08881 0.76326
vt 0.06692 0.75896
vt 0.06807 0.75467
vt 0.10327 0.94019
vt 0.11281 0.94160
vt 0.78842 0.88824
vt 0.42744 0.78844
vt 0.08478 0.75450
vt 0.64862 0.17580
vt 0.90374 0.80664
vt 0.05426 0.76091
vt 0.48078 0.79478
vt 0.78925 0.88198
vt 0.57783 0.99439
vt 0.57151 0.98712
vt 0.58707 0.98862
vt 0.58090 0.97910
vt 0.58057 0.98242
vt 0.99822 0.73111
vt 0.99257 0.72715
vt 0.99993 0.72702
vt 0.99269 0.73172
vt 0.02165 0.18654
vt 0.02165 0.17204
vt 0.02287 0.16764
vt 0.48109 0.68630
vt 0.48028 0.66738
vt 0.49255 0.66738
vt 0.68482 0.34496
vt 0.67364 0.25442
vt 0.84832 0.93827
vt 0.84503 0.93885
vt 0.84645 0.91258
vt 0.22284 0.98635
vt 0.22680 0.97416
vt 0.22839 0.98682
vt 0.88442 0.97161
vt 0.88442 0.98437
vt 0.87997 0.98304
vt 0.99785 0.64402
vt 0.99611 0.64832
vt 0.99414 0.64232
vt 0.96014 0.47313
vt 0.96029 0.46034
vt 0.96689 0.46923
vt 0.95546 0.46352
vt 0.94206 0.46233
vt 0.94645 0.46080
vt 0.94996 0.47074
vt 0.95204 0.01801
vt 0.96820 0.01816
vt 0.96877 0.02277
vt 0.02771 0.03036
vt 0.03634 0.00663
vt 0.03700 0.03639
vt 0.59122 0.85917
vt 0.55101 0.86269
vt 0.55035 0.85867
vt 0.95681 0.01513
vt 0.63163 0.98554
vt 0.61949 0.99494
vt 0.61985 0.98554
vt 0.39159 0.79095
vt 0.34528 0.79173
vt 0.00663 0.97313
vt 0.01237 0.97383
vt 0.01124 0.98535
vt 0.63106 0.99466
vt 0.01626 0.44237
vt 0.02177 0.45421
vt 0.01524 0.46058
vt 0.95957 0.00349
vt 0.97341 0.00756
vt 0.02453 0.01629
vt 0.95381 0.01296
vt 0.11294 0.43405
vt 0.10767 0.43312
vt 0.11010 0.38686
vt 0.09532 0.22680
vt 0.09532 0.27345
vt 0.08928 0.27335
vt 0.38742 0.05515
vt 0.45300 0.05515
vt 0.41330 0.05991
vt 0.80013 0.49879
vt 0.81018 0.50056
vt 0.80226 0.56525
vt 0.94655 0.00024
vt 0.54623 0.68431
vt 0.39159 0.80835
vt 0.07367 0.93828
vt 0.04809 0.92997
vt 0.07647 0.92666
vt 0.76771 0.89502
vt 0.76547 0.92182
vt 0.76658 0.90034
vt 0.94933 0.37805
vt 0.91861 0.37482
vt 0.91905 0.35332
vt 0.56073 0.89680
vt 0.55307 0.91596
vt 0.52984 0.89647
vt 0.29401 0.52467
vt 0.26903 0.51424
vt 0.29401 0.51911
vt 0.75555 0.89446
vt 0.56090 0.59101
vt 0.53593 0.60759
vt 0.53544 0.59101
vt 0.21415 0.50950
vt 0.54203 0.91040
vt 0.53019 0.90897
vt 0.75611 0.89109
vt 0.56170 0.92194
vt 0.61264 0.59143
vt 0.18320 0.91314
vt 0.21599 0.91490
vt 0.18379 0.91981
vt 0.19555 0.92177
vt 0.58338 0.51917
vt 0.54266 0.51223
vt 0.57822 0.51452
vt 0.30911 0.50455
vt 0.00268 0.29444
vt 0.01082 0.28985
vt 0.00946 0.29444
vt 0.54258 0.91515
vt 0.50987 0.51208
vt 0.00413 0.29018
vt 0.88842 0.99579
vt 0.87696 0.99576
vt 0.87696 0.99090
vt 0.88836 0.98616
vt 0.59327 0.50324
vt 0.15445 0.98823
vt 0.16591 0.98823
vt 0.15420 0.99476
vt 0.87802 0.98420
vt 0.10577 0.98551
vt 0.10009 0.99228
vt 0.10062 0.98267
vt 0.95209 0.26563
vt 0.91957 0.26278
vt 0.95237 0.26114
vt 0.55406 0.92176
vt 0.94586 0.27263
vt 0.58676 0.50011
vt 0.08683 0.13733
vt 0.07025 0.11878
vt 0.08683 0.11858
vt 0.16597 0.99449
vt 0.07049 0.13829
vt 0.30618 0.50384
vt 0.07585 0.13891
vt 0.10601 0.99432
vt 0.00068 0.07004
vt 0.00532 0.07150
vt 0.00532 0.07803
vt 0.27787 0.99069
vt 0.28668 0.99069
vt 0.27893 0.99661
vt 0.00077 0.07649
vt 0.28741 0.99830
vt 0.00544 0.13225
vt 0.00544 0.14089
vt 0.00506 0.13449
vt 0.95171 0.27207
vt 0.88978 0.99244
vt 0.89441 0.99118
vt 0.89441 0.99652
vt 0.88948 0.99831
vt 0.00763 0.43871
vt 0.01867 0.43676
vt 0.01939 0.43918
vt 0.33487 0.99850
vt 0.32885 0.99627
vt 0.32627 0.99073
vt 0.33499 0.99050
vt 0.32584 0.99611
vt 0.10192 0.38637
vt 0.10192 0.43404
vt 0.08517 0.43394
vt 0.58940 0.49498
vt 0.01086 0.62053
vt 0.01026 0.63073
vt 0.00494 0.63026
vt 0.00496 0.37456
vt 0.01538 0.36931
vt 0.01517 0.37456
vt 0.02307 0.96979
vt 0.03996 0.96812
vt 0.03875 0.97676
vt 0.59969 0.48567
vt 0.27395 0.96708
vt 0.26476 0.96392
vt 0.27556 0.95598
vt 0.76024 0.99325
vt 0.75452 0.99139
vt 0.75955 0.98073
vt 0.08667 0.15603
vt 0.01488 0.24067
vt 0.01500 0.25308
vt 0.00902 0.25255
vt 0.89737 0.41613
vt 0.89321 0.46361
vt 0.89203 0.41533
vt 0.01843 0.33605
vt 0.00659 0.33605
vt 0.01816 0.33379
vt 0.00413 0.36969
vt 0.00924 0.24130
vt 0.00274 0.22037
vt 0.00274 0.21083
vt 0.00526 0.22039
vt 0.00415 0.62040
vt 0.58285 0.49640
vt 0.26221 0.97149
vt 0.43807 0.96823
vt 0.44758 0.96906
vt 0.43822 0.97866
vt 0.11422 0.35505
vt 0.11422 0.30628
vt 0.12089 0.35438
vt 0.80884 0.97746
vt 0.82272 0.96419
vt 0.82010 0.97380
vt 0.00193 0.50961
vt 0.00741 0.51415
vt 0.00070 0.51423
vt 0.59129 0.48533
vt 0.07649 0.15605
vt 0.00422 0.22539
vt 0.00116 0.22787
vt 0.00353 0.22373
vt 0.00831 0.50929
vt 0.00053 0.53575
vt 0.00614 0.53494
vt 0.00648 0.54131
vt 0.00274 0.54260
vt 0.00065 0.08502
vt 0.00535 0.07856
vt 0.00533 0.08394
vt 0.02354 0.96371
vt 0.82909 0.79975
vt 0.87476 0.79169
vt 0.82920 0.81880
vt 0.80665 0.96976
vt 0.43036 0.97874
vt 0.43086 0.96855
vt 0.82816 0.97758
vt 0.00935 0.22800
vt 0.00107 0.33695
vt 0.00255 0.33239
vt 0.00843 0.33419
vt 0.08711 0.21174
vt 0.09599 0.21174
vt 0.09013 0.25799
vt 0.82213 0.97879
vt 0.00494 0.84850
vt 0.00494 0.85785
vt 0.00057 0.85212
vt 0.00763 0.00016
vt 0.01338 0.00016
vt 0.01318 0.00134
vt 0.72795 0.38040
vt 0.72557 0.38995
vt 0.68103 0.36831
vt 0.82935 0.79100
vt 0.21413 0.94972
vt 0.20280 0.95472
vt 0.20393 0.94972
vt 0.20284 0.95021
vt 0.32873 0.98851
vt 0.32585 0.98998
vt 0.32267 0.98912
vt 0.01423 0.25982
vt 0.00557 0.27072
vt 0.00586 0.26055
vt 0.22774 0.95523
vt 0.22841 0.95201
vt 0.01444 0.27195
vt 0.10742 0.14116
vt 0.10742 0.18751
vt 0.09868 0.14150
vt 0.24245 0.00002
vt 0.24696 0.00002
vt 0.24165 0.01471
vt 0.95453 0.38711
vt 0.94666 0.36343
vt 0.95105 0.37203
vt 0.24710 0.01549
vt 0.33766 0.98932
vt 0.97664 0.69709
vt 0.97741 0.67306
vt 0.98284 0.67393
vt 0.70528 0.35586
vt 0.97330 0.36546
vt 0.98213 0.69713
vt 0.65421 0.26771
vt 0.65662 0.28852
vt 0.63635 0.29407
vt 0.97334 0.18966
vt 0.97437 0.20144
vt 0.94910 0.19004
vt 0.76468 0.92675
vt 0.76308 0.90850
vt 0.76465 0.90066
vt 0.73976 0.38317
vt 0.74518 0.35999
vt 0.96966 0.35577
vt 0.91094 0.70702
vt 0.91917 0.72961
vt 0.87616 0.74376
vt 0.58790 0.32658
vt 0.62249 0.29020
vt 0.95056 0.20154
vt 0.73455 0.35736
vt 0.00371 0.50170
vt 0.00371 0.49076
vt 0.01497 0.50124
vt 0.01530 0.49029
vt 0.00411 0.70009
vt 0.01090 0.70009
vt 0.00668 0.70361
vt 0.73573 0.34775
vt 0.83575 0.99228
vt 0.82108 0.99228
vt 0.82540 0.99171
vt 0.00614 0.07546
vt 0.00614 0.06161
vt 0.01287 0.07457
vt 0.37399 0.83659
vt 0.36307 0.83305
vt 0.34590 0.81964
vt 0.64409 0.30948
vt 0.66274 0.29986
vt 0.50721 0.92143
vt 0.49423 0.92076
vt 0.49295 0.90616
vt 0.38295 0.82926
vt 0.38497 0.83969
vt 0.01332 0.05861
vt 0.01332 0.07245
vt 0.00819 0.06051
vt 0.91974 0.74420
vt 0.49341 0.89522
vt 0.92448 0.59952
vt 0.92995 0.59952
vt 0.92943 0.64110
vt 0.05330 0.60561
vt 0.04208 0.60660
vt 0.05191 0.57399
vt 0.67073 0.31200
vt 0.04175 0.59692
vt 0.74142 0.32591
vt 0.52506 0.89498
vt 0.89677 0.71096
vt 0.93028 0.76079
vt 0.92729 0.77612
vt 0.92670 0.76590
vt 0.93192 0.78054
vt 0.35040 0.02024
vt 0.37605 0.02554
vt 0.36629 0.03943
vt 0.17647 0.65131
vt 0.16209 0.64980
vt 0.16704 0.62169
vt 0.35355 0.03347
vt 0.46606 0.42273
vt 0.46727 0.43457
vt 0.44427 0.43781
vt 0.34521 0.02842
vt 0.16207 0.63956
vt 0.91730 0.75978
vt 0.93071 0.55026
vt 0.93071 0.51027
vt 0.94272 0.54563
vt 0.27816 0.01697
vt 0.29796 0.01780
vt 0.29577 0.04293
vt 0.21026 0.31461
vt 0.18769 0.31598
vt 0.20372 0.31084
vt 0.16028 0.62974
vt 0.17712 0.62871
vt 0.19093 0.31231
vt 0.29460 0.05412
vt 0.92751 0.78610
vt 0.20625 0.29867
vt 0.92966 0.79981
vt 0.89873 0.25413
vt 0.90151 0.27654
vt 0.89715 0.27858
vt 0.05906 0.40513
vt 0.08601 0.37915
vt 0.27119 0.05641
vt 0.16224 0.61601
vt 0.17333 0.31077
vt 0.89733 0.29549
vt 0.44387 0.42539
vt 0.25212 0.05516
vt 0.26125 0.01722
vt 0.43188 0.81680
vt 0.43871 0.80883
vt 0.43903 0.83226
vt 0.34015 0.02543
vt 0.34301 0.01358
vt 0.90099 0.75897
vt 0.78992 0.97414
vt 0.80938 0.98417
vt 0.79439 0.98789
vt 0.16384 0.59943
vt 0.43423 0.82551
vt 0.16243 0.59967
vt 0.27707 0.77571
vt 0.27119 0.77009
vt 0.27530 0.76721
vt 0.91129 0.76485
vt 0.90229 0.26023
vt 0.15827 0.31613
vt 0.31730 0.01668
vt 0.43031 0.81871
vt 0.35199 0.03760
vt 0.23747 0.05141
vt 0.00144 0.87507
vt 0.00098 0.88038
vt 0.00056 0.87200
vt 0.80514 0.96959
vt 0.23680 0.01563
vt 0.34378 0.03593
vt 0.35712 0.04647
vt 0.17839 0.59932
vt 0.21088 0.29874
vt 0.34090 0.02949
vt 0.00448 0.82904
vt 0.00148 0.83829
vt 0.00052 0.83048
vt 0.07471 0.98786
vt 0.07471 0.98213
vt 0.07687 0.98479
vt 0.42046 0.81183
vt 0.94318 0.32699
vt 0.94805 0.32482
vt 0.93495 0.34448
vt 0.42794 0.81374
vt 0.27500 0.75942
vt 0.27143 0.76041
vt 0.69392 0.92132
vt 0.70020 0.98586
vt 0.69800 0.98849
vt 0.69809 0.98300
vt 0.21347 0.99459
vt 0.20825 0.99629
vt 0.20863 0.98721
vt 0.36661 0.05496
vt 0.40490 0.80606
vt 0.93213 0.34258
vt 0.69930 0.92921
vt 0.69818 0.93195
vt 0.97473 0.04949
vt 0.97998 0.03472
vt 0.97935 0.04990
vt 0.09569 0.32562
vt 0.10536 0.31675
vt 0.10945 0.32552
vt 0.01119 0.79303
vt 0.01119 0.77751
vt 0.02568 0.79428
vt 0.68544 0.92057
vt 0.09585 0.96296
vt 0.92476 0.25279
vt 0.06481 0.86454
vt 0.06481 0.89884
vt 0.47101 0.44343
vt 0.15982 0.30656
vt 0.08822 0.30648
vt 0.97754 0.03419
vt 0.97450 0.02664
vt 0.25552 0.72124
vt 0.25599 0.74393
vt 0.23386 0.74667
vt 0.10465 0.30548
vt 0.97836 0.53417
vt 0.92944 0.35026
vt 0.92265 0.35436
vt 0.91778 0.25935
vt 0.27406 0.73355
vt 0.27011 0.74920
vt 0.97791 0.02676
vt 0.24468 0.77627
vt 0.06527 0.48200
vt 0.08581 0.48134
vt 0.08581 0.51670
vt 0.97699 0.54204
vt 0.93767 0.34294
vt 0.93676 0.34926
vt 0.15730 0.30002
vt 0.35915 0.05380
vt 0.25637 0.76123
vt 0.08765 0.29949
vt 0.07106 0.84063
vt 0.08483 0.84060
vt 0.08483 0.86612
vt 0.16015 0.30005
vt 0.69787 0.91915
vt 0.33017 0.02751
vt 0.00106 0.86759
vt 0.00494 0.86759
vt 0.00260 0.87628
vt 0.26961 0.72898
vt 0.13736 0.96994
vt 0.13012 0.96824
vt 0.13024 0.96135
vt 0.45682 0.45511
vt 0.02633 0.77814
vt 0.13805 0.96058
vt 0.00880 0.64425
vt 0.00133 0.64122
vt 0.00821 0.64089
vt 0.36486 0.05566
vt 0.36923 0.06046
vt 0.32820 0.07068
vt 0.42114 0.44782
vt 0.42154 0.44022
vt 0.10517 0.28526
vt 0.71776 0.93148
vt 0.70332 0.92586
vt 0.93156 0.35424
vt 0.91068 0.76727
vt 0.09401 0.27930
vt 0.00120 0.64380
vt 0.10812 0.27868
vt 0.90130 0.76736
vt 0.24567 0.76952
vt 0.26279 0.74971
vt 0.40997 0.99698
vt 0.39993 0.98911
vt 0.40997 0.98858
vt 0.70300 0.91097
vt 0.26267 0.73573
vt 0.00170 0.26087
vt 0.00481 0.26114
vt 0.00481 0.26689
vt 0.00223 0.26665
vt 0.99661 0.03736
vt 0.99930 0.02206
vt 0.99939 0.03797
vt 0.12826 0.95897
vt 0.40006 0.99741
vt 0.12458 0.96030
vt 0.47616 0.46255
vt 0.38039 0.08454
vt 0.38633 0.05574
vt 0.99747 0.02223
vt 0.12486 0.95302
vt 0.06966 0.87596
vt 0.41541 0.44880
vt 0.41446 0.46298
vt 0.12850 0.95350
vt 0.91844 0.26107
vt 0.92454 0.26133
vt 0.25400 0.99649
vt 0.24570 0.99649
vt 0.25455 0.99102
vt 0.24578 0.99101
vt 0.26811 0.74467
vt 0.94828 0.37153
vt 0.02063 0.35697
vt 0.01752 0.35670
vt 0.02084 0.34970
vt 0.39064 0.06210
vt 0.27789 0.71650
vt 0.76072 0.92756
vt 0.76080 0.93632
vt 0.75652 0.93483
vt 0.02248 0.33837
vt 0.75713 0.93638
vt 0.73509 0.92934
vt 0.26298 0.75433
vt 0.73395 0.93606
vt 0.02241 0.34918
vt 0.01503 0.34271
vt 0.71366 0.98955
vt 0.72278 0.98989
vt 0.72278 0.99844
vt 0.45986 0.46531
vt 0.10700 0.87726
vt 0.07965 0.87647
vt 0.10742 0.86647
vt 0.71344 0.99770
vt 0.25584 0.99778
vt 0.25527 0.99122
vt 0.26399 0.99743
vt 0.36315 0.09519
vt 0.46934 0.46821
vt 0.26731 0.75959
vt 0.40129 0.05888
vt 0.26368 0.99123
vt 0.01694 0.33877
vt 0.00480 0.12738
vt 0.00170 0.12201
vt 0.00471 0.11874
vt 0.40953 0.06262
vt 0.62046 0.95532
vt 0.59884 0.94920
vt 0.60557 0.94990
vt 0.00062 0.12132
vt 0.00062 0.11279
vt 0.00488 0.11406
vt 0.62378 0.94813
vt 0.97935 0.92846
vt 0.97539 0.92881
vt 0.97899 0.90598
vt 0.97462 0.90561
vt 0.90208 0.37743
vt 0.89750 0.40477
vt 0.89652 0.37743
vt 0.41875 0.47532
vt 0.41367 0.07191
vt 0.76906 0.65198
vt 0.71588 0.64181
vt 0.74519 0.62353
vt 0.40778 0.46408
vt 0.90355 0.40059
vt 0.73817 0.65219
vt 0.00791 0.97226
vt 0.00835 0.95969
vt 0.01189 0.97228
vt 0.00562 0.96468
vt 0.44022 0.47853
vt 0.38963 0.46639
vt 0.40271 0.47405
vt 0.42850 0.48000
vt 0.37753 0.09611
vt 0.40762 0.07982
vt 0.91653 0.40227
vt 0.06478 0.51766
vt 0.42729 0.47771
vt 0.91564 0.41315
vt 0.89726 0.41477
vt 0.91737 0.42097
vt 0.39362 0.47389
vt 0.38740 0.47163
vt 0.38899 0.47460
vt 0.37276 0.48123
vt 0.76819 0.62269
vt 0.94728 0.31180
vt 0.93033 0.30333
vt 0.93906 0.28936
vt 0.78068 0.65413
vt 0.93414 0.32545
vt 0.94419 0.31836
vt 0.92065 0.29047
vt 0.92039 0.40929
vt 0.93268 0.31210
vt 0.93163 0.31667
vt 0.94026 0.32545
vt 0.38955 0.92821
vt 0.36819 0.94373
vt 0.36783 0.93287
vt 0.38550 0.10592
vt 0.87672 0.03424
vt 0.85265 0.07594
vt 0.85447 0.01561
vt 0.05827 0.48213
vt 0.78338 0.61251
vt 0.87517 0.07592
vt 0.49587 0.86693
vt 0.49824 0.86409
vt 0.53665 0.86394
vt 0.62815 0.03484
vt 0.56995 0.03484
vt 0.57223 0.02319
vt 0.19702 0.48022
vt 0.19327 0.47806
vt 0.19318 0.42323
vt 0.02240 0.66318
vt 0.01612 0.66318
vt 0.02095 0.64597
vt 0.96677 0.18909
vt 0.94319 0.18909
vt 0.96202 0.18360
vt 0.06974 0.37226
vt 0.68642 0.92490
vt 0.69068 0.93072
vt 0.07223 0.96296
vt 0.07923 0.96150
vt 0.05075 0.86604
vt 0.97764 0.51749
vt 0.98149 0.53198
vt 0.69231 0.91715
vt 0.69791 0.91357
vt 0.74270 0.96924
vt 0.73029 0.95989
vt 0.73043 0.95172
vt 0.40487 0.93178
vt 0.42104 0.90953
vt 0.41012 0.93539
vt 0.10850 0.86950
vt 0.12134 0.86983
vt 0.12134 0.90089
vt 0.10751 0.89135
vt 0.71953 0.96798
vt 0.49664 0.94758
vt 0.50109 0.95394
vt 0.47788 0.95437
vt 0.47590 0.94832
vt 0.10378 0.90049
vt 0.11663 0.89973
vt 0.08680 0.89009
vt 0.00152 0.78317
vt 0.00449 0.78209
vt 0.00400 0.79219
vt 0.85637 0.97896
vt 0.85149 0.98438
vt 0.84698 0.96910
vt 0.08676 0.89945
vt 0.04013 0.74778
vt 0.06742 0.72576
vt 0.05785 0.75530
vt 0.01754 0.69713
vt 0.02065 0.69658
vt 0.01614 0.71324
vt 0.74988 0.98023
vt 0.75487 0.98557
vt 0.75337 0.99176
vt 0.01385 0.68818
vt 0.01167 0.69417
vt 0.01235 0.67801
vt 0.76748 0.99180
vt 0.76492 0.98390
vt 0.77785 0.97969
vt 0.00343 0.25673
vt 0.00938 0.25866
vt 0.00263 0.26003
vt 0.04069 0.71493
vt 0.04926 0.71758
vt 0.02088 0.71362
vt 0.33344 0.91714
vt 0.32617 0.91777
vt 0.33466 0.90825
vt 0.18900 0.83262
vt 0.18568 0.83959
vt 0.18509 0.83488
vt 0.19230 0.83340
vt 0.84143 0.99228
vt 0.84652 0.98871
vt 0.85592 0.99176
vt 0.16306 0.83452
vt 0.17494 0.83654
vt 0.15666 0.84752
vt 0.32976 0.90870
vt 0.19481 0.84872
vt 0.19852 0.84055
vt 0.10171 0.49828
vt 0.10379 0.49926
vt 0.10279 0.51066
vt 0.94711 0.04922
vt 0.94825 0.08737
vt 0.93260 0.07436
vt 0.09943 0.48880
vt 0.11585 0.48794
vt 0.32995 0.89627
vt 0.09923 0.48143
vt 0.33154 0.88858
vt 0.32691 0.88713
vt 0.10089 0.52011
vt 0.11566 0.52880
vt 0.11623 0.50682
vt 0.10070 0.52908
vt 0.86894 0.97413
vt 0.87494 0.97253
vt 0.87486 0.98795
vt 0.93169 0.04950
vt 0.75401 0.55885
vt 0.76699 0.54033
vt 0.76931 0.55049
vt 0.11638 0.51717
vt 0.87067 0.98351
vt 0.94093 0.97709
vt 0.93801 0.97877
vt 0.93823 0.96570
vt 0.75818 0.57289
vt 0.77164 0.55413
vt 0.99287 0.97518
vt 0.99540 0.97819
vt 0.98010 0.97359
vt 0.75478 0.57511
vt 0.93336 0.08885
vt 0.72599 0.98333
vt 0.74225 0.98314
vt 0.63517 0.11421
vt 0.62146 0.11054
vt 0.63124 0.10006
vt 0.87298 0.98793
vt 0.66152 0.11046
vt 0.65081 0.12447
vt 0.67569 0.11975
vt 0.66312 0.13634
vt 0.65462 0.13409
vt 0.66268 0.14250
vt 0.66549 0.15008
vt 0.65581 0.15528
vt 0.66781 0.14056
vt 0.63465 0.19259
vt 0.63759 0.17312
vt 0.63931 0.17389
vt 0.62765 0.18738
vt 0.52321 0.05170
vt 0.51333 0.04341
vt 0.52779 0.04342
vt 0.57572 0.05077
vt 0.57544 0.04225
vt 0.76619 0.58465
vt 0.78063 0.28067
vt 0.78149 0.29758
vt 0.77631 0.29252
vt 0.24498 0.99849
vt 0.23674 0.98950
vt 0.24498 0.98971
vt 0.78328 0.32956
vt 0.77725 0.32964
vt 0.77672 0.30930
vt 0.73511 0.58379
vt 0.73602 0.57629
vt 0.78835 0.88345
vt 0.75907 0.89023
vt 0.76963 0.87550
vt 0.77454 0.89631
vt 0.75392 0.86957
vt 0.75394 0.89003
vt 0.98991 0.44636
vt 0.99749 0.45154
vt 0.98950 0.46296
vt 0.00618 0.47301
vt 0.00213 0.46817
vt 0.01288 0.46796
vt 0.75586 0.59169
vt 0.97859 0.97939
vt 0.23626 0.99801
vt 0.99655 0.46430
vt 0.98956 0.46810
vt 0.51341 0.05180
vt 0.29062 0.94032
vt 0.28629 0.91575
vt 0.29100 0.91311
vt 0.63236 0.04389
vt 0.63238 0.03565
vt 0.63272 0.03987
vt 0.67987 0.04074
vt 0.67221 0.04068
vt 0.68004 0.03626
vt 0.65322 0.04068
vt 0.60167 0.96272
vt 0.59111 0.97725
vt 0.59093 0.96332
vt 0.69380 0.04071
vt 0.01036 0.70237
vt 0.01036 0.71033
vt 0.00215 0.70913
vt 0.60737 0.65310
vt 0.61489 0.65460
vt 0.61375 0.66756
vt 0.01320 0.94532
vt 0.00957 0.93179
vt 0.01344 0.93062
vt 0.63197 0.64903
vt 0.99477 0.53522
vt 0.98722 0.53178
vt 0.98944 0.51918
vt 0.77143 0.60924
vt 0.99319 0.51331
vt 0.16527 0.11946
vt 0.19255 0.12791
vt 0.17210 0.12760
vt 0.58883 0.64904
vt 0.62317 0.69464
vt 0.65229 0.65353
vt 0.59767 0.67328
vt 0.60187 0.67465
vt 0.59587 0.68015
vt 0.46731 0.94572
vt 0.49316 0.94574
vt 0.60789 0.67652
vt 0.60067 0.68175
vt 0.71547 0.28091
vt 0.19291 0.07569
vt 0.72599 0.96914
vt 0.46731 0.92520
vt 0.48938 0.98343
vt 0.48938 0.97004
vt 0.49461 0.97431
vt 0.57440 0.69269
vt 0.55051 0.67533
vt 0.58054 0.68296
vt 0.71892 0.59522
vt 0.74777 0.61105
vt 0.71296 0.56885
vt 0.72913 0.57517
vt 0.55617 0.66689
vt 0.44601 0.57735
vt 0.43792 0.58752
vt 0.41345 0.59183
vt 0.41153 0.58834
vt 0.59770 0.69518
vt 0.58797 0.67603
vt 0.71914 0.55600
vt 0.72671 0.55952
vt 0.42233 0.57317
vt 0.73304 0.56368
vt 0.45008 0.58007
vt 0.01704 0.41339
vt 0.01626 0.40508
vt 0.02026 0.40227
vt 0.55272 0.65099
vt 0.01923 0.42064
vt 0.71547 0.46508
vt 0.71495 0.40063
vt 0.73377 0.39185
vt 0.71505 0.39231
vt 0.37405 0.58761
vt 0.37083 0.57835
vt 0.38220 0.59266
vt 0.38849 0.57798
vt 0.64039 0.99849
vt 0.64054 0.99201
vt 0.64875 0.99201
vt 0.70666 0.94588
vt 0.68885 0.94007
vt 0.69782 0.93605
vt 0.64871 0.99836
vt 0.60407 0.68773
vt 0.36326 0.66258
vt 0.40645 0.67594
vt 0.36326 0.67405
vt 0.41617 0.66414
vt 0.42634 0.67668
vt 0.63147 0.64808
vt 0.63083 0.64085
vt 0.68568 0.64467
vt 0.38439 0.57199
vt 0.83281 0.19441
vt 0.77850 0.19552
vt 0.77850 0.16152
vt 0.44519 0.57092
vt 0.83228 0.16023
vt 0.63905 0.63552
vt 0.83167 0.13726
vt 0.69055 0.93394
vt 0.82345 0.13714
vt 0.77854 0.13023
vt 0.41657 0.66048
vt 0.82240 0.12964
vt 0.71078 0.93419
vt 0.42864 0.66189
vt 0.70048 0.93056
vt 0.60998 0.80414
vt 0.65170 0.81770
vt 0.60790 0.80988
vt 0.75586 0.28013
vt 0.70508 0.26515
vt 0.75302 0.27456
vt 0.00647 0.23356
vt 0.00053 0.23163
vt 0.00553 0.22867
vt 0.00152 0.23722
vt 0.00649 0.23722
vt 0.00391 0.24002
vt 0.97330 0.50296
vt 0.95234 0.51370
vt 0.94801 0.50181
vt 0.94766 0.51027
vt 0.61847 0.63826
vt 0.61874 0.64205
vt 0.97308 0.51272
vt 0.72163 0.24378
vt 0.74978 0.25385
vt 0.63938 0.63156
vt 0.70588 0.93111
vt 0.00845 0.25256
vt 0.00381 0.25256
vt 0.00843 0.24519
vt 0.00306 0.24598
vt 0.44129 0.99492
vt 0.43127 0.99209
vt 0.43231 0.98757
vt 0.71785 0.93501
vt 0.52633 0.96273
vt 0.52711 0.95300
vt 0.53017 0.96170
vt 0.53483 0.96086
vt 0.44217 0.99102
vt 0.00380 0.65628
vt 0.01019 0.64587
vt 0.01044 0.65628
vt 0.09282 0.16480
vt 0.09282 0.21088
vt 0.08677 0.21044
vt 0.97428 0.43370
vt 0.97428 0.45902
vt 0.95218 0.43343
vt 0.00357 0.64605
vt 0.53449 0.96596
vt 0.48184 0.90771
vt 0.47968 0.89469
vt 0.49166 0.89469
vt 0.54921 0.95345
vt 0.99854 0.23722
vt 0.99944 0.25706
vt 0.99110 0.25853
vt 0.73656 0.99182
vt 0.72611 0.99151
vt 0.72547 0.98417
vt 0.09727 0.18385
vt 0.09727 0.13732
vt 0.10233 0.18307
vt 0.67838 0.92073
vt 0.67838 0.90068
vt 0.67930 0.90797
vt 0.49206 0.90728
vt 0.60243 0.82917
vt 0.76375 0.74940
vt 0.76432 0.75335
vt 0.75679 0.75335
vt 0.75711 0.74943
vt 0.75865 0.25697
vt 0.73826 0.98449
vt 0.71242 0.75030
vt 0.51546 0.76410
vt 0.52105 0.76410
vt 0.51642 0.77347
vt 0.99056 0.24006
vt 0.51788 0.80869
vt 0.47892 0.90294
vt 0.10751 0.13646
vt 0.09659 0.13646
vt 0.10596 0.09015
vt 0.93377 0.93107
vt 0.93059 0.94062
vt 0.92216 0.93989
vt 0.95268 0.44416
vt 0.92233 0.93049
vt 0.95443 0.45881
vt 0.93270 0.95495
vt 0.01108 0.31753
vt 0.01108 0.30278
vt 0.01344 0.31707
vt 0.54575 0.96104
vt 0.08571 0.00871
vt 0.13040 0.00871
vt 0.12846 0.01580
vt 0.70148 0.99389
vt 0.70091 0.98510
vt 0.71279 0.98510
vt 0.71221 0.99342
vt 0.01645 0.79642
vt 0.01642 0.80888
vt 0.01437 0.79763
vt 0.52259 0.76196
vt 0.51326 0.76327
vt 0.52271 0.74198
vt 0.00556 0.79773
vt 0.01683 0.38979
vt 0.00518 0.40202
vt 0.00537 0.38979
vt 0.45892 0.89576
vt 0.45895 0.90340
vt 0.74502 0.23838
vt 0.75319 0.24185
vt 0.01481 0.40210
vt 0.30667 0.02004
vt 0.31531 0.02728
vt 0.29970 0.05501
vt 0.64490 0.94218
vt 0.66443 0.94218
vt 0.64508 0.95441
vt 0.66926 0.94200
vt 0.96809 0.65615
vt 0.95849 0.65531
vt 0.97248 0.64733
vt 0.95934 0.64648
vt 0.96767 0.67568
vt 0.97132 0.67507
vt 0.66899 0.95445
vt 0.00740 0.80885
vt 0.38317 0.99669
vt 0.37821 0.98760
vt 0.38317 0.98767
vt 0.37839 0.99740
vt 0.47529 0.75723
vt 0.00535 0.15908
vt 0.00535 0.16808
vt 0.00065 0.16205
vt 0.72423 0.21611
vt 0.31874 0.02369
vt 0.35894 0.05550
vt 0.63432 0.73941
vt 0.68619 0.73556
vt 0.68734 0.74868
vt 0.54719 0.73439
vt 0.49533 0.73808
vt 0.49547 0.73439
vt 0.38164 0.12328
vt 0.38203 0.11346
vt 0.35536 0.10411
vt 0.44804 0.11051
vt 0.98080 0.11350
vt 0.96316 0.11505
vt 0.95767 0.11257
vt 0.66689 0.74849
vt 0.19148 0.48452
vt 0.19148 0.53653
vt 0.16370 0.48448
vt 0.72691 0.19611
vt 0.49610 0.74785
vt 0.38831 0.14000
vt 0.36993 0.14651
vt 0.75133 0.21892
vt 0.73378 0.62659
vt 0.29889 0.02900
vt 0.38865 0.11291
vt 0.21928 0.93099
vt 0.24511 0.92259
vt 0.25196 0.94284
vt 0.48491 0.72131
vt 0.45774 0.72118
vt 0.45995 0.71691
vt 0.48516 0.71691
vt 0.70351 0.69156
vt 0.71254 0.69077
vt 0.70393 0.70161
vt 0.73037 0.68988
vt 0.51324 0.71954
vt 0.71303 0.68497
vt 0.01745 0.24002
vt 0.02102 0.22121
vt 0.02139 0.23727
vt 0.21410 0.34942
vt 0.21760 0.37437
vt 0.20920 0.36773
vt 0.73109 0.70106
vt 0.30067 0.67492
vt 0.32780 0.67617
vt 0.31686 0.68082
vt 0.05197 0.96806
vt 0.05985 0.97841
vt 0.05110 0.97808
vt 0.82371 0.89901
vt 0.84071 0.92241
vt 0.81462 0.92590
vt 0.93135 0.98061
vt 0.92002 0.98885
vt 0.91507 0.97764
vt 0.20211 0.37861
vt 0.01663 0.22349
vt 0.75153 0.69066
vt 0.01594 0.38868
vt 0.00507 0.38514
vt 0.01555 0.37570
vt 0.75171 0.70055
vt 0.34840 0.67729
vt 0.75094 0.68309
vt 0.75101 0.66179
vt 0.76186 0.68384
vt 0.76222 0.70048
vt 0.20606 0.35045
vt 0.06996 0.96869
vt 0.26865 0.12745
vt 0.28601 0.12475
vt 0.29057 0.14304
vt 0.20343 0.32674
vt 0.20331 0.32124
vt 0.21261 0.32125
vt 0.35757 0.68243
vt 0.35666 0.68489
vt 0.76142 0.66057
vt 0.26898 0.14718
vt 0.88449 0.92978
vt 0.90375 0.91814
vt 0.90334 0.92978
vt 0.00535 0.11281
vt 0.00065 0.11129
vt 0.00510 0.10379
vt 0.33846 0.68497
vt 0.17479 0.98353
vt 0.17997 0.99092
vt 0.17471 0.99496
vt 0.52228 0.98586
vt 0.53375 0.98214
vt 0.52938 0.99035
vt 0.31227 0.69152
vt 0.86174 0.99988
vt 0.85511 0.99988
vt 0.85624 0.99912
vt 0.87514 0.91922
vt 0.44041 0.72073
vt 0.45723 0.71812
vt 0.45700 0.72073
vt 0.41717 0.71954
vt 0.98976 0.96661
vt 0.98172 0.97224
vt 0.98269 0.95523
vt 0.35246 0.68648
vt 0.00190 0.93534
vt 0.00060 0.92799
vt 0.00190 0.92759
vt 0.30549 0.69093
vt 0.40170 0.71599
vt 0.34245 0.19534
vt 0.33975 0.19060
vt 0.35264 0.19756
vt 0.25060 0.14993
vt 0.23419 0.14494
vt 0.25230 0.14274
vt 0.24196 0.21442
vt 0.25505 0.14930
vt 0.17678 0.00050
vt 0.17791 0.00650
vt 0.16951 0.00650
vt 0.24746 0.14307
vt 0.24527 0.13216
vt 0.96587 0.68622
vt 0.96032 0.65695
vt 0.96587 0.65718
vt 0.95909 0.68556
vt 0.16926 0.00101
vt 0.30382 0.69426
vt 0.29426 0.69174
vt 0.29685 0.97145
vt 0.28931 0.97145
vt 0.29741 0.96349
vt 0.83081 0.58941
vt 0.79606 0.58386
vt 0.82509 0.58461
vt 0.36126 0.21666
vt 0.35472 0.21513
vt 0.35959 0.22289
vt 0.80440 0.99629
vt 0.79642 0.99629
vt 0.80480 0.99020
vt 0.27787 0.96302
vt 0.27819 0.97107
vt 0.34596 0.20657
vt 0.48566 0.07400
vt 0.41574 0.07352
vt 0.41574 0.06284
vt 0.79500 0.99067
vt 0.99879 0.06475
vt 0.99879 0.08430
vt 0.99318 0.06327
vt 0.79517 0.58748
vt 0.48621 0.06207
vt 0.99171 0.08416
vt 0.35385 0.21901
vt 0.48720 0.06752
vt 0.48678 0.06267
vt 0.55631 0.06832
vt 0.55724 0.06225
vt 0.52306 0.78932
vt 0.53382 0.78159
vt 0.54144 0.78113
vt 0.56125 0.78344
vt 0.52195 0.78483
vt 0.36424 0.21439
vt 0.36907 0.22469
vt 0.01029 0.13288
vt 0.00822 0.13856
vt 0.00881 0.12457
vt 0.00795 0.24073
vt 0.00828 0.24452
vt 0.00085 0.24073
vt 0.00072 0.24345
vt 0.35367 0.23114
vt 0.35536 0.22179
vt 0.78400 0.60792
vt 0.80950 0.60849
vt 0.74654 0.34672
vt 0.75687 0.34672
vt 0.74401 0.41579
vt 0.82851 0.62675
vt 0.52414 0.77837
vt 0.36843 0.23175
vt 0.35804 0.25222
vt 0.39892 0.22770
vt 0.39173 0.94058
vt 0.39022 0.91417
vt 0.39401 0.91453
vt 0.39467 0.94076
vt 0.53326 0.75475
vt 0.12365 0.93170
vt 0.15048 0.93974
vt 0.12427 0.93877
vt 0.79857 0.62744
vt 0.52366 0.76553
vt 0.75239 0.41621
vt 0.77475 0.34789
vt 0.40140 0.81591
vt 0.81010 0.91103
vt 0.81283 0.93790
vt 0.81010 0.93787
vt 0.15029 0.93210
vt 0.08665 0.93154
vt 0.11310 0.93154
vt 0.08780 0.93990
vt 0.81321 0.91126
vt 0.40112 0.22296
vt 0.11345 0.93873
vt 0.77204 0.41666
vt 0.28130 0.05616
vt 0.35012 0.05616
vt 0.28120 0.06180
vt 0.34551 0.06240
vt 0.00224 0.15002
vt 0.00224 0.14238
vt 0.00515 0.15049
vt 0.00526 0.14166
vt 0.52412 0.74695
vt 0.54209 0.75489
vt 0.39705 0.75279
vt 0.38376 0.74347
vt 0.38981 0.72686
vt 0.39717 0.72344
vt 0.82378 0.45611
vt 0.81211 0.48818
vt 0.82224 0.44486
vt 0.81240 0.42386
vt 0.57110 0.74893
vt 0.78435 0.63188
vt 0.40187 0.83449
vt 0.37116 0.72787
vt 0.03338 0.83898
vt 0.02534 0.84191
vt 0.01814 0.83843
vt 0.88498 0.96908
vt 0.88799 0.97983
vt 0.88539 0.98433
vt 0.88991 0.96865
vt 0.34046 0.32166
vt 0.34670 0.72716
vt 0.36734 0.72477
vt 0.11724 0.97543
vt 0.12257 0.95904
vt 0.13238 0.97361
vt 0.78501 0.64926
vt 0.40372 0.84477
vt 0.94500 0.99181
vt 0.95721 0.98868
vt 0.34721 0.72405
vt 0.40480 0.97004
vt 0.42237 0.97004
vt 0.42261 0.97944
vt 0.98711 0.80318
vt 0.99638 0.78239
vt 0.84623 0.48860
vt 0.02474 0.44149
vt 0.03129 0.41522
vt 0.19809 0.39227
vt 0.32592 0.97140
vt 0.32090 0.95596
vt 0.32577 0.95506
vt 0.54399 0.78871
vt 0.40140 0.80306
vt 0.40701 0.81577
vt 0.95745 0.99181
vt 0.98711 0.78061
vt 0.02474 0.41044
vt 0.19460 0.43213
vt 0.19670 0.44865
vt 0.24273 0.43850
vt 0.23000 0.46825
vt 0.22488 0.39792
vt 0.69684 0.88354
vt 0.69425 0.91224
vt 0.69299 0.88354
vt 0.45739 0.14954
vt 0.52409 0.15538
vt 0.45627 0.15513
vt 0.01578 0.30063
vt 0.00726 0.29666
vt 0.01691 0.29695
vt 0.18068 0.89323
vt 0.17026 0.92183
vt 0.17050 0.89323
vt 0.18235 0.92191
vt 0.17585 0.95564
vt 0.19186 0.96719
vt 0.18954 0.96982
vt 0.69725 0.90085
vt 0.59273 0.70509
vt 0.59329 0.70856
vt 0.58315 0.71034
vt 0.34294 0.74317
vt 0.33095 0.72421
vt 0.34122 0.72350
vt 0.00560 0.30035
vt 0.23301 0.47628
vt 0.22953 0.47641
vt 0.43584 0.15357
vt 0.43554 0.15166
vt 0.58021 0.70832
vt 0.17282 0.95916
vt 0.45914 0.13777
vt 0.43760 0.14830
vt 0.22214 0.48851
vt 0.24361 0.46469
vt 0.47063 0.13836
vt 0.23581 0.47204
vt 0.58083 0.70492
vt 0.33282 0.74457
vt 0.69770 0.91235
vt 0.22482 0.48902
vt 0.30832 0.74604
vt 0.56829 0.71039
vt 0.00368 0.33726
vt 0.00830 0.33686
vt 0.00383 0.34748
vt 0.15309 0.92164
vt 0.02001 0.43006
vt 0.01916 0.42690
vt 0.02186 0.43063
vt 0.15256 0.89460
vt 0.25173 0.44062
vt 0.00394 0.13219
vt 0.00394 0.14094
vt 0.00056 0.13606
vt 0.22928 0.48823
vt 0.02875 0.99996
vt 0.02656 0.99908
vt 0.03297 0.99703
vt 0.54446 0.71579
vt 0.33315 0.75047
vt 0.00926 0.34738
vt 0.00055 0.96919
vt 0.00595 0.96872
vt 0.00099 0.97508
vt 0.95554 0.31808
vt 0.95456 0.29273
vt 0.97025 0.29273
vt 0.08971 0.75606
vt 0.31395 0.75102
vt 0.00573 0.97525
vt 0.08926 0.74804
vt 0.41988 0.15073
vt 0.42133 0.14199
vt 0.25078 0.46933
vt 0.24967 0.47008
vt 0.09727 0.77088
vt 0.09116 0.76522
vt 0.55114 0.71106
vt 0.01090 0.34237
vt 0.02136 0.41229
vt 0.29233 0.74607
vt 0.29188 0.72411
vt 0.23422 0.88622
vt 0.25343 0.88608
vt 0.25302 0.89081
vt 0.14955 0.92145
vt 0.97090 0.31106
vt 0.00500 0.92019
vt 0.00475 0.92795
vt 0.00096 0.92595
vt 0.14931 0.89050
vt 0.25710 0.46562
vt 0.01433 0.34072
vt 0.08604 0.76465
vt 0.43701 0.14116
vt 0.01287 0.62336
vt 0.01287 0.63877
vt 0.01115 0.62881
vt 0.57992 0.80824
vt 0.57745 0.80359
vt 0.58595 0.80572
vt 0.23912 0.88942
vt 0.00051 0.91997
vt 0.33584 0.84266
vt 0.35149 0.84403
vt 0.33441 0.84619
vt 0.59194 0.81833
vt 0.62165 0.79247
vt 0.11608 0.77359
vt 0.53777 0.70529
vt 0.80963 0.99073
vt 0.82419 0.99073
vt 0.81283 0.99226
vt 0.29669 0.75124
vt 0.95868 0.49693
vt 0.95065 0.50068
vt 0.95071 0.47531
vt 0.71688 0.05321
vt 0.71693 0.04871
vt 0.74993 0.04871
vt 0.07350 0.96355
vt 0.08948 0.96398
vt 0.07730 0.96548
vt 0.21697 0.88669
vt 0.74348 0.05373
vt 0.37695 0.84471
vt 0.29606 0.74663
vt 0.90878 0.26843
vt 0.93308 0.28247
vt 0.90214 0.28310
vt 0.91451 0.26268
vt 0.94279 0.27297
vt 0.04771 0.94485
vt 0.06016 0.96731
vt 0.04771 0.96681
vt 0.21680 0.89080
vt 0.07733 0.96917
vt 0.07110 0.97092
vt 0.90319 0.26540
vt 0.14453 0.75593
vt 0.17752 0.75495
vt 0.16334 0.76910
vt 0.09363 0.99315
vt 0.09754 0.99442
vt 0.09255 0.99767
vt 0.96231 0.48385
vt 0.09606 0.99885
vt 0.00832 0.90909
vt 0.00832 0.92232
vt 0.00718 0.91465
vt 0.92012 0.81875
vt 0.91411 0.81635
vt 0.91579 0.81200
vt 0.06094 0.94455
vt 0.92372 0.80871
vt 0.93037 0.94567
vt 0.92996 0.95712
vt 0.91956 0.95972
vt 0.76582 0.04867
vt 0.78087 0.05388
vt 0.91574 0.97661
vt 0.93077 0.97081
vt 0.93392 0.97947
vt 0.91550 0.96595
vt 0.93049 0.96550
vt 0.92180 0.96478
vt 0.09385 0.83456
vt 0.08524 0.83687
vt 0.08549 0.80658
vt 0.07134 0.94463
vt 0.07135 0.96740
vt 0.92301 0.76805
vt 0.95549 0.47565
vt 0.24694 0.51679
vt 0.26993 0.52295
vt 0.24615 0.52424
vt 0.78080 0.04908
vt 0.61578 0.86989
vt 0.62658 0.86802
vt 0.62498 0.88635
vt 0.67826 0.97702
vt 0.66045 0.96865
vt 0.67826 0.96400
vt 0.65941 0.97781
vt 0.72319 0.88885
vt 0.73370 0.90036
vt 0.72210 0.90133
vt 0.13124 0.68982
vt 0.14136 0.65207
vt 0.14297 0.70361
vt 0.12906 0.76982
vt 0.12864 0.75621
vt 0.22448 0.52382
vt 0.60612 0.88683
vt 0.02309 0.86417
vt 0.01914 0.87920
vt 0.01984 0.86882
vt 0.66347 0.96427
vt 0.67660 0.96066
vt 0.02388 0.87886
vt 0.08639 0.84825
vt 0.05017 0.90473
vt 0.05017 0.87116
vt 0.06289 0.89735
vt 0.21281 0.52010
vt 0.98379 0.33855
vt 0.97833 0.33758
vt 0.98106 0.33286
vt 0.97819 0.31481
vt 0.68053 0.88402
vt 0.67343 0.89366
vt 0.67762 0.88427
vt 0.98144 0.31647
vt 0.35212 0.98605
vt 0.34929 0.97617
vt 0.35820 0.97570
vt 0.12867 0.70017
vt 0.21345 0.52377
vt 0.94042 0.17935
vt 0.94067 0.17225
vt 0.94974 0.18054
vt 0.48909 0.78288
vt 0.50007 0.76209
vt 0.49856 0.78370
vt 0.36307 0.98778
vt 0.00204 0.68837
vt 0.00496 0.68837
vt 0.00332 0.69932
vt 0.98292 0.31427
vt 0.79439 0.99192
vt 0.78991 0.99338
vt 0.79065 0.98111
vt 0.71589 0.90019
vt 0.71553 0.88293
vt 0.49002 0.80820
vt 0.94900 0.18638
vt 0.02423 0.59178
vt 0.02423 0.56030
vt 0.02679 0.59110
vt 0.48893 0.76285
vt 0.94200 0.18567
vt 0.93869 0.18749
vt 0.82197 0.99762
vt 0.82098 0.99302
vt 0.82735 0.99302
vt 0.01009 0.94213
vt 0.01342 0.94839
vt 0.01270 0.95669
vt 0.82784 0.99798
vt 0.72216 0.88257
vt 0.95387 0.08669
vt 0.95387 0.12491
vt 0.92607 0.09704
vt 0.01062 0.95682
vt 0.69025 0.88951
vt 0.94083 0.18993
vt 0.04045 0.84881
vt 0.02970 0.84886
vt 0.02909 0.84186
vt 0.03402 0.84120
vt 0.59323 0.87070
vt 0.60596 0.89576
vt 0.59043 0.89587
vt 0.03618 0.83492
vt 0.69951 0.90091
vt 0.90918 0.18267
vt 0.03866 0.81909
vt 0.91820 0.37758
vt 0.89824 0.37603
vt 0.89729 0.36512
vt 0.68432 0.90473
vt 0.20325 0.13148
vt 0.21400 0.12719
vt 0.21362 0.13793
vt 0.69957 0.88323
vt 0.20960 0.12681
vt 0.20024 0.12398
vt 0.19371 0.09478
vt 0.19794 0.08468
vt 0.02682 0.35462
vt 0.02616 0.32372
vt 0.02836 0.33700
vt 0.69024 0.90270
vt 0.08716 0.93075
vt 0.08716 0.90098
vt 0.09938 0.93063
vt 0.03563 0.81897
vt 0.08553 0.89098
vt 0.08632 0.91976
vt 0.04654 0.00004
vt 0.05090 0.03348
vt 0.68022 0.91496
vt 0.91641 0.36451
vt 0.19545 0.12429
vt 0.10106 0.90148
vt 0.03137 0.33661
vt 0.68686 0.91638
vt 0.82456 0.88392
vt 0.83480 0.88303
vt 0.82589 0.89486
vt 0.10999 0.93093
vt 0.58903 0.86151
vt 0.91470 0.35052
vt 0.89555 0.33561
vt 0.00457 0.59191
vt 0.01484 0.59191
vt 0.00367 0.59804
vt 0.86028 0.89473
vt 0.11093 0.90193
vt 0.01440 0.59869
vt 0.92536 0.34914
vt 0.98821 0.91196
vt 0.99428 0.92561
vt 0.98821 0.92685
vt 0.99417 0.90407
vt 0.91704 0.18584
vt 0.92905 0.21736
vt 0.92454 0.33427
vt 0.13534 0.52068
vt 0.13005 0.50934
vt 0.14839 0.51009
vt 0.12975 0.52012
vt 0.34837 0.97480
vt 0.34837 0.95645
vt 0.35898 0.97434
vt 0.13239 0.54045
vt 0.14705 0.53819
vt 0.35854 0.95566
vt 0.75793 0.89865
vt 0.76233 0.92555
vt 0.75901 0.92676
vt 0.14599 0.56019
vt 0.76193 0.89927
vt 0.97776 0.99807
vt 0.96771 0.99463
vt 0.08586 0.75329
vt 0.08578 0.74744
vt 0.09695 0.77545
vt 0.12002 0.76963
vt 0.12789 0.77779
vt 0.08522 0.79433
vt 0.89619 0.80123
vt 0.07576 0.89064
vt 0.07802 0.00004
vt 0.94889 0.20898
vt 0.96927 0.99837
vt 0.86455 0.23024
vt 0.87632 0.23795
vt 0.87632 0.25936
vt 0.86668 0.29002
vt 0.93359 0.48047
vt 0.94002 0.46933
vt 0.94125 0.50363
vt 0.97513 0.52732
vt 0.97684 0.54690
vt 0.97514 0.55172
vt 0.92918 0.47256
vt 0.32853 0.06563
vt 0.31001 0.07744
vt 0.31233 0.06563
vt 0.29210 0.07687
vt 0.29091 0.06596
vt 0.32599 0.07665
vt 0.92941 0.48028
vt 0.97415 0.07947
vt 0.97833 0.05610
vt 0.97786 0.07881
vt 0.08435 0.43231
vt 0.08368 0.43999
vt 0.06861 0.42944
vt 0.19752 0.93458
vt 0.19825 0.95533
vt 0.18464 0.92861
vt 0.97420 0.05630
vt 0.25876 0.06615
vt 0.63072 0.90665
vt 0.62902 0.91126
vt 0.60778 0.91126
vt 0.59739 0.90776
vt 0.20706 0.94188
vt 0.17713 0.95315
vt 0.26181 0.95508
vt 0.25534 0.94861
vt 0.28093 0.95053
vt 0.66558 0.81322
vt 0.62892 0.78658
vt 0.66873 0.79197
vt 0.02295 0.97166
vt 0.03345 0.97582
vt 0.02586 0.97394
vt 0.02252 0.98175
vt 0.93416 0.48555
vt 0.93097 0.50965
vt 0.66475 0.91179
vt 0.63140 0.91179
vt 0.66396 0.88997
vt 0.69480 0.99210
vt 0.69275 0.99840
vt 0.68489 0.99379
vt 0.25813 0.95534
vt 0.03450 0.98581
vt 0.60973 0.91214
vt 0.60973 0.92063
vt 0.60147 0.91589
vt 0.05293 0.43957
vt 0.63250 0.88911
vt 0.02475 0.07957
vt 0.05306 0.07370
vt 0.97873 0.54983
vt 0.98275 0.55265
vt 0.97943 0.57423
vt 0.14042 0.44591
vt 0.14447 0.42295
vt 0.14412 0.47262
vt 0.97899 0.34092
vt 0.98349 0.33928
vt 0.98247 0.36357
vt 0.00569 0.82837
vt 0.00803 0.81506
vt 0.00832 0.82926
vt 0.98271 0.41959
vt 0.98471 0.39676
vt 0.98527 0.42115
vt 0.05429 0.08038
vt 0.72180 0.77106
vt 0.72385 0.77872
vt 0.67435 0.77465
vt 0.96002 0.01477
vt 0.96633 0.01355
vt 0.96890 0.01684
vt 0.05071 0.43044
vt 0.99607 0.00313
vt 0.99884 0.00337
vt 0.99206 0.00860
vt 0.87547 0.96665
vt 0.87790 0.97572
vt 0.87564 0.97933
vt 0.02574 0.56824
vt 0.03129 0.53681
vt 0.02987 0.56824
vt 0.00117 0.03909
vt 0.00583 0.04550
vt 0.00164 0.04595
vt 0.78461 0.98982
vt 0.78479 0.97717
vt 0.78968 0.97717
vt 0.70334 0.47339
vt 0.68070 0.49713
vt 0.67446 0.46778
vt 0.02268 0.99634
vt 0.01709 0.99165
vt 0.02617 0.99180
vt 0.13868 0.47350
vt 0.98165 0.00808
vt 0.03136 0.29224
vt 0.02717 0.29298
vt 0.02928 0.26230
vt 0.60530 0.92179
vt 0.78916 0.99031
vt 0.02843 0.99376
vt 0.99893 0.00888
vt 0.02625 0.54060
vt 0.57925 0.86680
vt 0.53908 0.86680
vt 0.57913 0.86257
vt 0.60037 0.92055
vt 0.94541 0.64832
vt 0.93562 0.61554
vt 0.98595 0.01955
vt 0.55223 0.97524
vt 0.53431 0.98292
vt 0.53919 0.97100
vt 0.97056 0.02144
vt 0.60039 0.93928
vt 0.60557 0.93550
vt 0.53881 0.86400
vt 0.70461 0.49208
vt 0.54897 0.98798
vt 0.00709 0.09058
vt 0.01342 0.10452
vt 0.00709 0.10346
vt 0.72224 0.52772
vt 0.01061 0.09156
vt 0.71754 0.48914
vt 0.16393 0.81498
vt 0.16447 0.81860
vt 0.16383 0.83084
vt 0.12217 0.81721
vt 0.18066 0.81447
vt 0.16613 0.82124
vt 0.16946 0.78606
vt 0.18391 0.78779
vt 0.21156 0.78670
vt 0.03955 0.07370
vt 0.93503 0.65559
vt 0.29538 0.77980
vt 0.29917 0.77842
vt 0.29646 0.80694
vt 0.72567 0.12517
vt 0.72128 0.14631
vt 0.71577 0.12533
vt 0.63148 0.95702
vt 0.62807 0.95642
vt 0.63430 0.95475
vt 0.62920 0.95208
vt 0.62383 0.96036
vt 0.62608 0.95463
vt 0.01876 0.68117
vt 0.01555 0.66728
vt 0.01946 0.66400
vt 0.37524 0.86766
vt 0.39951 0.87079
vt 0.38292 0.87092
vt 0.38633 0.88777
vt 0.40915 0.87377
vt 0.40373 0.89372
vt 0.01674 0.68103
vt 0.30664 0.78091
vt 0.31289 0.79320
vt 0.34093 0.81121
vt 0.45238 0.97510
vt 0.45808 0.97410
vt 0.45277 0.98746
vt 0.45748 0.98838
vt 0.49540 0.58499
vt 0.57064 0.58499
vt 0.49583 0.58859
vt 0.00858 0.89565
vt 0.00883 0.90800
vt 0.00568 0.90885
vt 0.75934 0.99903
vt 0.75425 0.99947
vt 0.75192 0.99914
vt 0.00590 0.89556
vt 0.45244 0.95833
vt 0.45852 0.95407
vt 0.45351 0.97258
vt 0.00364 0.20292
vt 0.00501 0.19517
vt 0.00536 0.20453
vt 0.01926 0.33746
vt 0.01926 0.31886
vt 0.02126 0.31919
vt 0.17843 0.06743
vt 0.12976 0.10788
vt 0.13011 0.06320
vt 0.79358 0.97178
vt 0.78841 0.95305
vt 0.79589 0.95869
vt 0.81088 0.99745
vt 0.80842 0.99104
vt 0.81178 0.99432
vt 0.80703 0.99459
vt 0.78893 0.97241
vt 0.45724 0.97339
vt 0.62967 0.93675
vt 0.70299 0.15727
vt 0.33149 0.79309
vt 0.06482 0.28581
vt 0.06297 0.32293
vt 0.05980 0.30456
vt 0.15593 0.09479
vt 0.15528 0.10668
vt 0.70111 0.13895
vt 0.05974 0.32300
vt 0.34047 0.77058
vt 0.83342 0.41412
vt 0.83805 0.43196
vt 0.97838 0.28978
vt 0.98219 0.29870
vt 0.97809 0.31402
vt 0.13077 0.87062
vt 0.12260 0.86446
vt 0.14240 0.87118
vt 0.12122 0.86738
vt 0.97205 0.56888
vt 0.97338 0.58950
vt 0.96954 0.57824
vt 0.72074 0.11260
vt 0.62471 0.93659
vt 0.84171 0.45037
vt 0.29739 0.81212
vt 0.34143 0.81212
vt 0.29789 0.83070
vt 0.08175 0.92470
vt 0.08340 0.91537
vt 0.08341 0.93679
vt 0.85227 0.44895
vt 0.85605 0.46769
vt 0.21398 0.86238
vt 0.21398 0.88225
vt 0.17686 0.86062
vt 0.13890 0.87769
vt 0.39911 0.51760
vt 0.40972 0.52719
vt 0.38631 0.52287
vt 0.40630 0.51197
vt 0.80874 0.98561
vt 0.80590 0.99438
vt 0.80734 0.98891
vt 0.95143 0.86549
vt 0.94283 0.86624
vt 0.95085 0.85819
vt 0.95458 0.56799
vt 0.96315 0.56903
vt 0.95487 0.59309
vt 0.06035 0.28580
vt 0.51342 0.95486
vt 0.50221 0.95480
vt 0.50094 0.94759
vt 0.22594 0.08890
vt 0.24117 0.08131
vt 0.13365 0.87549
vt 0.06857 0.71673
vt 0.07100 0.69518
vt 0.07075 0.71635
vt 0.17621 0.88153
vt 0.79506 0.98928
vt 0.51496 0.94845
vt 0.98289 0.31097
vt 0.14282 0.87336
vt 0.08117 0.91013
vt 0.52608 0.94849
vt 0.34608 0.80163
vt 0.38675 0.82169
vt 0.34539 0.80654
vt 0.28084 0.92429
vt 0.28552 0.91619
vt 0.28594 0.92652
vt 0.39592 0.97305
vt 0.40400 0.95906
vt 0.40375 0.97791
vt 0.92204 0.81599
vt 0.93312 0.81502
vt 0.92211 0.82853
vt 0.68762 0.14888
vt 0.25134 0.08112
vt 0.28452 0.94324
vt 0.54657 0.89571
vt 0.53522 0.89267
vt 0.56774 0.89540
vt 0.38848 0.81728
vt 0.06973 0.67897
vt 0.45104 0.52591
vt 0.92859 0.87171
vt 0.94322 0.87025
vt 0.55119 0.94822
vt 0.52647 0.95197
vt 0.52700 0.94822
vt 0.55157 0.95223
vt 0.42171 0.48193
vt 0.41171 0.48248
vt 0.17234 0.10644
vt 0.02395 0.04033
vt 0.01507 0.04033
vt 0.01886 0.02170
vt 0.76978 0.89559
vt 0.76978 0.92332
vt 0.76699 0.91439
vt 0.69076 0.16254
vt 0.13588 0.88603
vt 0.28157 0.09802
vt 0.28143 0.10666
vt 0.87927 0.65896
vt 0.89138 0.63800
vt 0.88963 0.67058
vt 0.87648 0.63867
vt 0.96920 0.11078
vt 0.95464 0.11201
vt 0.95464 0.08725
vt 0.96933 0.08659
vt 0.57092 0.92559
vt 0.57125 0.92182
vt 0.58529 0.92825
vt 0.22606 0.08248
vt 0.13982 0.89592
vt 0.13127 0.89479
vt 0.14291 0.88827
vt 0.95252 0.40388
vt 0.95493 0.38784
vt 0.95973 0.40222
vt 0.39490 0.96054
vt 0.94653 0.81920
vt 0.00192 0.45708
vt 0.00059 0.45673
vt 0.00169 0.44787
vt 0.66942 0.14944
vt 0.17940 0.07904
vt 0.94689 0.85632
vt 0.45645 0.51922
vt 0.91374 0.85765
vt 0.42934 0.48400
vt 0.87436 0.65715
vt 0.86711 0.64253
vt 0.96267 0.40022
vt 0.96594 0.41080
vt 0.57192 0.91291
vt 0.95423 0.41457
vt 0.98034 0.63612
vt 0.97714 0.63668
vt 0.97747 0.61244
vt 0.59967 0.92189
vt 0.14800 0.97208
vt 0.15290 0.97209
vt 0.15168 0.97543
vt 0.58662 0.91386
vt 0.86825 0.63920
vt 0.14175 0.97489
vt 0.69522 0.97265
vt 0.69459 0.97790
vt 0.68351 0.97790
vt 0.68382 0.97301
vt 0.14365 0.97177
vt 0.93424 0.98009
vt 0.93424 0.99240
vt 0.92993 0.98932
vt 0.99311 0.71678
vt 0.99265 0.71156
vt 0.99985 0.71940
vt 0.98649 0.52490
vt 0.98649 0.54914
vt 0.98549 0.52827
vt 0.11409 0.93019
vt 0.12253 0.93197
vt 0.11852 0.93307
vt 0.11581 0.95175
vt 0.66153 0.15773
vt 0.92719 0.98538
vt 0.89936 0.96090
vt 0.87553 0.95999
vt 0.87553 0.94005
vt 0.05417 0.76749
vt 0.08740 0.76749
vt 0.05684 0.77779
vt 0.87214 0.69617
vt 0.44714 0.50148
vt 0.98184 0.39521
vt 0.97664 0.39613
vt 0.98130 0.38804
vt 0.29741 0.08189
vt 0.91350 0.86437
vt 0.68800 0.96837
vt 0.68344 0.96866
vt 0.18462 0.99240
vt 0.19139 0.98309
vt 0.19157 0.99190
vt 0.48888 0.96148
vt 0.48959 0.95498
vt 0.50877 0.96012
vt 0.86500 0.65658
vt 0.99295 0.72615
vt 0.33821 0.98857
vt 0.35313 0.98857
vt 0.33846 0.98992
vt 0.14239 0.95804
vt 0.13642 0.98440
vt 0.13624 0.99075
vt 0.12285 0.99075
vt 0.00109 0.01529
vt 0.00109 0.00772
vt 0.00541 0.01319
vt 0.12221 0.98424
vt 0.53662 0.93071
vt 0.53378 0.93429
vt 0.52006 0.93285
vt 0.11550 0.79890
vt 0.09664 0.79128
vt 0.12381 0.78337
vt 0.09899 0.81924
vt 0.73429 0.95385
vt 0.73349 0.93709
vt 0.75825 0.93709
vt 0.70125 0.96807
vt 0.51650 0.91113
vt 0.99268 0.01619
vt 0.99584 0.01692
vt 0.99584 0.03631
vt 0.50290 0.93061
vt 0.11626 0.80757
vt 0.66980 0.88243
vt 0.66833 0.89924
vt 0.66487 0.87868
vt 0.78273 0.96573
vt 0.76391 0.94629
vt 0.78273 0.94506
vt 0.99165 0.03684
vt 0.66900 0.86515
vt 0.88126 0.91829
vt 0.84910 0.91829
vt 0.84924 0.90863
vt 0.02003 0.59355
vt 0.01658 0.59323
vt 0.01508 0.57612
vt 0.02143 0.57603
vt 0.96331 0.86955
vt 0.96440 0.88203
vt 0.96256 0.89684
vt 0.31992 0.96938
vt 0.29989 0.95697
vt 0.31992 0.95599
vt 0.77216 0.96643
vt 0.30275 0.96997
vt 0.80172 0.96887
vt 0.79807 0.96323
vt 0.80273 0.96153
vt 0.79847 0.94909
vt 0.02921 0.21569
vt 0.03027 0.22858
vt 0.02612 0.23749
vt 0.00446 0.13109
vt 0.00153 0.13204
vt 0.00104 0.12308
vt 0.50962 0.95587
vt 0.44623 0.48081
vt 0.03094 0.20642
vt 0.02944 0.21496
vt 0.02711 0.18474
vt 0.75802 0.95281
vt 0.47662 0.52049
vt 0.02609 0.21146
vt 0.76354 0.96740
vt 0.97666 0.37502
vt 0.59910 0.91268
vt 0.74919 0.97970
vt 0.74355 0.98775
vt 0.74371 0.97473
vt 0.98099 0.37176
vt 0.13445 0.79912
vt 0.13498 0.78005
vt 0.97748 0.42084
vt 0.98190 0.41061
vt 0.98169 0.42121
vt 0.98185 0.40194
vt 0.02757 0.24604
vt 0.03091 0.24253
vt 0.89933 0.94151
vt 0.92272 0.85583
vt 0.97708 0.39700
vt 0.01103 0.77391
vt 0.01225 0.76001
vt 0.01298 0.77676
vt 0.98140 0.39670
vt 0.85642 0.40575
vt 0.23784 0.10173
vt 0.22385 0.10848
vt 0.53031 0.89573
vt 0.92569 0.52649
vt 0.92974 0.51535
vt 0.92890 0.55719
vt 0.55588 0.53334
vt 0.54791 0.55482
vt 0.55371 0.52181
vt 0.55130 0.51689
vt 0.54852 0.53700
vt 0.85014 0.90747
vt 0.88223 0.90747
vt 0.87967 0.91645
vt 0.01459 0.95637
vt 0.01459 0.94008
vt 0.01842 0.95616
vt 0.01447 0.53420
vt 0.00504 0.53370
vt 0.09538 0.79292
vt 0.09538 0.83639
vt 0.08622 0.79519
vt 0.03750 0.31343
vt 0.03218 0.28324
vt 0.03886 0.28137
vt 0.54974 0.68410
vt 0.48728 0.66407
vt 0.52974 0.67112
vt 0.12165 0.81850
vt 0.16299 0.83194
vt 0.16011 0.83782
vt 0.54078 0.67426
vt 0.56741 0.56008
vt 0.55914 0.55767
vt 0.02501 0.27696
vt 0.02501 0.24630
vt 0.03151 0.24828
vt 0.36120 0.92966
vt 0.35972 0.92328
vt 0.37652 0.92413
vt 0.98644 0.22848
vt 0.96303 0.22848
vt 0.96307 0.22525
vt 0.20911 0.65760
vt 0.20020 0.68233
vt 0.20359 0.65485
vt 0.23416 0.01221
vt 0.21860 0.00901
vt 0.21653 0.00128
vt 0.24112 0.00123
vt 0.97625 0.44735
vt 0.97625 0.47211
vt 0.97523 0.47192
vt 0.20761 0.01347
vt 0.07517 0.64246
vt 0.06821 0.66841
vt 0.06929 0.63948
vt 0.09591 0.06687
vt 0.08421 0.06739
vt 0.08421 0.03844
vt 0.99489 0.90329
vt 0.98761 0.90329
vt 0.98916 0.88060
vt 0.95523 0.16750
vt 0.95533 0.16167
vt 0.97874 0.16167
vt 0.57148 0.52293
vt 0.06398 0.03698
vt 0.07111 0.01074
vt 0.08444 0.02564
vt 0.99930 0.91910
vt 0.99930 0.94183
vt 0.99619 0.91923
vt 0.21145 0.66961
vt 0.48512 0.89364
vt 0.46722 0.88935
vt 0.48239 0.88778
vt 0.84189 0.86543
vt 0.87126 0.85966
vt 0.86739 0.86543
vt 0.23856 0.98872
vt 0.23312 0.98929
vt 0.24262 0.98219
vt 0.09848 0.48128
vt 0.09848 0.51076
vt 0.08662 0.48176
vt 0.07397 0.66830
vt 0.45643 0.89445
vt 0.84179 0.86030
vt 0.07337 0.97213
vt 0.07337 0.98733
vt 0.06955 0.97165
vt 0.06720 0.97369
vt 0.70746 0.00067
vt 0.73716 0.00088
vt 0.71074 0.00634
vt 0.95357 0.89876
vt 0.96239 0.87163
vt 0.96119 0.89864
vt 0.97804 0.16743
vt 0.22158 0.69272
vt 0.72386 0.72929
vt 0.70017 0.71626
vt 0.72667 0.71895
vt 0.38528 0.91447
vt 0.23461 0.01928
vt 0.96513 0.89020
vt 0.96513 0.86168
vt 0.96934 0.88950
vt 0.38915 0.92715
vt 0.36195 0.93195
vt 0.09550 0.03817
vt 0.53141 0.55560
vt 0.05663 0.03487
vt 0.70194 0.70517
vt 0.00562 0.84380
vt 0.00562 0.82954
vt 0.00889 0.83341
vt 0.73537 0.00468
vt 0.97068 0.91035
vt 0.97429 0.88236
vt 0.97378 0.91007
vt 0.38690 0.92011
vt 0.03106 0.35692
vt 0.02906 0.36824
vt 0.03022 0.33770
vt 0.42573 0.89415
vt 0.42603 0.92186
vt 0.42190 0.89448
vt 0.20827 0.00201
vt 0.20772 0.00946
vt 0.99838 0.67074
vt 0.99461 0.67175
vt 0.99502 0.66492
vt 0.97114 0.88205
vt 0.99813 0.66495
vt 0.01339 0.59122
vt 0.00312 0.59122
vt 0.01003 0.58786
vt 0.06789 0.04260
vt 0.05835 0.03750
vt 0.00908 0.19222
vt 0.01291 0.19612
vt 0.00914 0.20648
vt 0.02418 0.38118
vt 0.03085 0.38001
vt 0.01293 0.20640
vt 0.56369 0.56542
vt 0.57005 0.56518
vt 0.06531 0.04929
vt 0.44809 0.88744
vt 0.42323 0.91120
vt 0.52308 0.56326
vt 0.08671 0.51147
vt 0.97520 0.52260
vt 0.97806 0.50677
vt 0.97627 0.51964
vt 0.12142 0.97599
vt 0.12142 0.98899
vt 0.11720 0.97667
vt 0.22921 0.68087
vt 0.91057 0.99361
vt 0.92185 0.99361
vt 0.91404 0.99638
vt 0.07023 0.67718
vt 0.11790 0.98250
vt 0.99773 0.91831
vt 0.99559 0.91361
vt 0.99791 0.91085
vt 0.03147 0.36866
vt 0.97546 0.50090
vt 0.97828 0.50279
vt 0.97658 0.49791
vt 0.51405 0.56000
vt 0.76062 0.95644
vt 0.75908 0.93884
vt 0.76168 0.93701
vt 0.57956 0.56902
vt 0.99608 0.89559
vt 0.00528 0.93996
vt 0.00053 0.93607
vt 0.00528 0.93598
vt 0.40526 0.97256
vt 0.40701 0.98147
vt 0.40588 0.98792
vt 0.41028 0.98737
vt 0.01426 0.74389
vt 0.01426 0.76036
vt 0.01125 0.75747
vt 0.00022 0.93984
vt 0.40796 0.97488
vt 0.57731 0.57016
vt 0.93107 0.59829
vt 0.94667 0.59599
vt 0.41098 0.98275
vt 0.41115 0.97482
vt 0.69006 0.71296
vt 0.23743 0.68790
vt 0.44785 0.89166
vt 0.07536 0.67678
vt 0.94549 0.59302
vt 0.09516 0.02916
vt 0.00998 0.95584
vt 0.00553 0.96029
vt 0.00558 0.94716
vt 0.04637 0.99943
vt 0.04574 0.99707
vt 0.05331 0.99726
vt 0.50878 0.56720
vt 0.50569 0.56052
vt 0.42268 0.92226
vt 0.05314 0.99933
vt 0.74577 0.00248
vt 0.68828 0.70751
vt 0.18067 0.43580
vt 0.16930 0.42924
vt 0.19238 0.42950
vt 0.09822 0.52016
vt 0.83324 0.86670
vt 0.69600 0.69886
vt 0.08686 0.52022
vt 0.94317 0.63360
vt 0.74545 0.00587
vt 0.38503 0.02729
vt 0.39402 0.03967
vt 0.36981 0.03695
vt 0.01345 0.60738
vt 0.01345 0.62274
vt 0.01156 0.62257
vt 0.08368 0.02947
vt 0.04584 0.98452
vt 0.04584 0.99583
vt 0.04070 0.98452
vt 0.83259 0.86226
vt 0.04163 0.99597
vt 0.69569 0.68525
vt 0.69252 0.67991
vt 0.49597 0.56853
vt 0.22687 0.69932
vt 0.01739 0.36866
vt 0.00563 0.36866
vt 0.00563 0.36526
vt 0.01693 0.36420
vt 0.23966 0.69096
vt 0.68876 0.00285
vt 0.65148 0.00448
vt 0.65089 0.00228
vt 0.68928 0.00103
vt 0.38363 0.05543
vt 0.01101 0.32969
vt 0.01101 0.33365
vt 0.00300 0.33113
vt 0.24587 0.68743
vt 0.27641 0.93540
vt 0.25985 0.92151
vt 0.27641 0.92103
vt 0.00758 0.41775
vt 0.01086 0.42417
vt 0.00315 0.42158
vt 0.42475 0.01660
vt 0.39436 0.04772
vt 0.25626 0.93503
vt 0.00451 0.41849
vt 0.02649 0.01337
vt 0.02404 0.01298
vt 0.02418 0.01015
vt 0.86937 0.35079
vt 0.86921 0.40969
vt 0.86434 0.37930
vt 0.86400 0.35069
vt 0.25561 0.93035
vt 0.86479 0.40661
vt 0.43209 0.02055
vt 0.24465 0.69379
vt 0.87159 0.34214
vt 0.87004 0.28325
vt 0.87896 0.32189
vt 0.99464 0.67995
vt 0.99936 0.68673
vt 0.99464 0.68669
vt 0.18725 0.45598
vt 0.18051 0.45595
vt 0.24885 0.93073
vt 0.99891 0.68041
vt 0.82853 0.99321
vt 0.83534 0.99321
vt 0.82850 0.99955
vt 0.60292 0.97700
vt 0.60292 0.98898
vt 0.61769 0.97796
vt 0.87694 0.29573
vt 0.87946 0.30325
vt 0.61359 0.99786
vt 0.60701 0.99786
vt 0.61337 0.99313
vt 0.17592 0.47732
vt 0.18219 0.47518
vt 0.17900 0.48172
vt 0.47876 0.42233
vt 0.51160 0.41960
vt 0.52804 0.43087
vt 0.25403 0.69069
vt 0.19220 0.47864
vt 0.50095 0.41809
vt 0.50193 0.41343
vt 0.52944 0.41023
vt 0.18097 0.46327
vt 0.18770 0.46198
vt 0.53519 0.43108
vt 0.83526 0.99979
vt 0.19233 0.45460
vt 0.99489 0.67924
vt 0.99468 0.67244
vt 0.99897 0.67244
vt 0.99931 0.67844
vt 0.58078 0.37851
vt 0.56897 0.35181
vt 0.60652 0.99339
vt 0.54162 0.40433
vt 0.88358 0.28268
vt 0.56064 0.42707
vt 0.55203 0.38582
vt 0.57584 0.39024
vt 0.00067 0.46749
vt 0.00067 0.45797
vt 0.00183 0.46692
vt 0.88507 0.32125
vt 0.88584 0.34077
vt 0.98724 0.42738
vt 0.98875 0.44906
vt 0.98724 0.44144
vt 0.88516 0.31319
vt 0.57624 0.41251
vt 0.52575 0.40443
vt 0.98854 0.42739
vt 0.58778 0.43040
vt 0.88432 0.29628
vt 0.00141 0.72569
vt 0.00059 0.72394
vt 0.00129 0.71553
vt 0.03046 0.41221
vt 0.02857 0.41187
vt 0.03006 0.38119
vt 0.01447 0.52233
vt 0.02418 0.35019
vt 0.95338 0.61662
vt 0.67805 0.71841
vt 0.66303 0.72480
vt 0.60765 0.98884
vt 0.55566 0.37558
vt 0.81308 0.69595
vt 0.83521 0.69788
vt 0.77309 0.69925
vt 0.60012 0.18927
vt 0.61803 0.17424
vt 0.62162 0.26498
vt 0.17949 0.60142
vt 0.20353 0.61237
vt 0.17817 0.64259
vt 0.57298 0.22531
vt 0.90565 0.10242
vt 0.92127 0.09514
vt 0.92105 0.13948
vt 0.20253 0.65669
vt 0.59621 0.18574
vt 0.08951 0.67207
vt 0.10731 0.67663
vt 0.10575 0.69444
vt 0.18118 0.92800
vt 0.18345 0.92325
vt 0.19780 0.92710
vt 0.08855 0.69542
vt 0.17970 0.65671
vt 0.12006 0.71913
vt 0.10729 0.71722
vt 0.10615 0.67240
vt 0.97421 0.83688
vt 0.97904 0.83511
vt 0.98628 0.84437
vt 0.97944 0.82441
vt 0.20802 0.92213
vt 0.85015 0.99274
vt 0.85470 0.99250
vt 0.85470 0.99869
vt 0.85039 0.99949
vt 0.19865 0.93380
vt 0.20699 0.93304
vt 0.00517 0.10302
vt 0.00061 0.10302
vt 0.00539 0.09457
vt 0.97421 0.82397
vt 0.00122 0.09467
vt 0.01096 0.28901
vt 0.00477 0.28901
vt 0.01446 0.27778
vt 0.00455 0.28056
vt 0.11903 0.67562
vt 0.72772 0.63269
vt 0.70457 0.64427
vt 0.70391 0.63907
vt 0.66100 0.63187
vt 0.42920 0.98237
vt 0.42919 0.99333
vt 0.42473 0.99195
vt 0.66048 0.63630
vt 0.42508 0.98166
vt 0.60380 0.00718
vt 0.66183 0.02197
vt 0.63171 0.02329
vt 0.93849 0.96176
vt 0.93969 0.95725
vt 0.94392 0.95838
vt 0.95376 0.94567
vt 0.04115 0.98378
vt 0.04115 0.96770
vt 0.04732 0.98336
vt 0.65509 0.00726
vt 0.04790 0.96855
vt 0.61451 0.02932
vt 0.15423 0.97235
vt 0.16693 0.98729
vt 0.15423 0.98718
vt 0.16509 0.97169
vt 0.01809 0.81073
vt 0.02332 0.79557
vt 0.02255 0.81034
vt 0.60193 0.74643
vt 0.60166 0.76122
vt 0.57635 0.76343
vt 0.01720 0.79736
vt 0.47219 0.56565
vt 0.41936 0.56565
vt 0.50261 0.56141
vt 0.65428 0.26565
vt 0.58684 0.31464
vt 0.58755 0.26572
vt 0.77591 0.98479
vt 0.78337 0.97451
vt 0.78148 0.98747
vt 0.95395 0.96679
vt 0.21655 0.96061
vt 0.21655 0.97686
vt 0.20916 0.97178
vt 0.51223 0.98897
vt 0.50188 0.99233
vt 0.49978 0.98586
vt 0.63857 0.03484
vt 0.51142 0.97916
vt 0.98500 0.13830
vt 0.97961 0.16101
vt 0.97400 0.15400
vt 0.97515 0.13833
vt 0.98598 0.16135
vt 0.87795 0.93056
vt 0.90444 0.93056
vt 0.90303 0.93938
vt 0.94759 0.51446
vt 0.96837 0.54007
vt 0.94759 0.53991
vt 0.62377 0.79006
vt 0.96716 0.51446
vt 0.62472 0.76109
vt 0.78241 0.26425
vt 0.81589 0.30511
vt 0.78970 0.30562
vt 0.96444 0.89050
vt 0.96444 0.91741
vt 0.96152 0.91653
vt 0.57587 0.79034
vt 0.04114 0.81502
vt 0.04057 0.78604
vt 0.04947 0.78682
vt 0.04892 0.80760
vt 0.04507 0.80824
vt 0.25492 0.95006
vt 0.25492 0.95397
vt 0.22949 0.94864
vt 0.22932 0.95531
vt 0.78447 0.32976
vt 0.00975 0.61299
vt 0.01142 0.61813
vt 0.00259 0.61642
vt 0.12281 0.34323
vt 0.12582 0.34376
vt 0.12434 0.39163
vt 0.81408 0.77342
vt 0.83231 0.77353
vt 0.83369 0.78135
vt 0.86376 0.78999
vt 0.81534 0.79036
vt 0.83949 0.78717
vt 0.83852 0.78214
vt 0.27661 0.92024
vt 0.27022 0.91583
vt 0.27465 0.91340
vt 0.29211 0.91064
vt 0.42606 0.71445
vt 0.46759 0.70948
vt 0.48169 0.71461
vt 0.54637 0.64088
vt 0.61187 0.63849
vt 0.55766 0.64615
vt 0.61321 0.64325
vt 0.84364 0.99318
vt 0.84871 0.99318
vt 0.84408 0.99810
vt 0.27232 0.90698
vt 0.29142 0.90528
vt 0.48086 0.71040
vt 0.04446 0.81826
vt 0.00252 0.37883
vt 0.00949 0.37883
vt 0.00621 0.38205
vt 0.01520 0.71437
vt 0.02231 0.71437
vt 0.02205 0.73136
vt 0.00063 0.80166
vt 0.00063 0.79164
vt 0.00488 0.79464
vt 0.78954 0.33005
vt 0.78245 0.80967
vt 0.78245 0.78898
vt 0.80792 0.81032
vt 0.84866 0.99831
vt 0.46193 0.98709
vt 0.47003 0.99297
vt 0.46371 0.99590
vt 0.00266 0.74975
vt 0.00540 0.73951
vt 0.01085 0.75023
vt 0.01835 0.42160
vt 0.01578 0.43612
vt 0.01567 0.41781
vt 0.55128 0.95609
vt 0.57178 0.95609
vt 0.56653 0.96987
vt 0.46687 0.70334
vt 0.21871 0.96339
vt 0.23852 0.95808
vt 0.21974 0.97015
vt 0.11568 0.95675
vt 0.12203 0.93720
vt 0.12294 0.95600
vt 0.48997 0.96804
vt 0.50803 0.96804
vt 0.49824 0.97593
vt 0.14125 0.98888
vt 0.14125 0.97558
vt 0.14604 0.98990
vt 0.14690 0.97736
vt 0.23724 0.97038
vt 0.13425 0.86256
vt 0.17190 0.86256
vt 0.15360 0.87932
vt 0.80869 0.80032
vt 0.07881 0.67452
vt 0.07881 0.71217
vt 0.07627 0.70382
vt 0.29192 0.89317
vt 0.28782 0.89882
vt 0.71454 0.03635
vt 0.71732 0.02725
vt 0.72028 0.04085
vt 0.43659 0.97972
vt 0.43062 0.98585
vt 0.43041 0.97994
vt 0.29606 0.90292
vt 0.21523 0.20985
vt 0.20477 0.24204
vt 0.19969 0.18975
vt 0.00971 0.73957
vt 0.82749 0.80130
vt 0.44707 0.70310
vt 0.43687 0.98352
vt 0.44081 0.98442
vt 0.82835 0.79182
vt 0.99138 0.25923
vt 0.99567 0.25959
vt 0.99739 0.27926
vt 0.42577 0.70373
vt 0.44153 0.98927
vt 0.08437 0.38283
vt 0.08437 0.41907
vt 0.06020 0.40913
vt 0.45813 0.99068
vt 0.45819 0.99792
vt 0.45176 0.99492
vt 0.99033 0.04233
vt 0.98665 0.04134
vt 0.98915 0.02170
vt 0.07964 0.01349
vt 0.08445 0.00317
vt 0.08384 0.02334
vt 0.99110 0.28054
vt 0.60088 0.96189
vt 0.58098 0.95655
vt 0.60162 0.95557
vt 0.81867 0.92667
vt 0.83836 0.92512
vt 0.84207 0.93532
vt 0.84440 0.92161
vt 0.22168 0.19072
vt 0.72863 0.03174
vt 0.45207 0.98857
vt 0.72528 0.02481
vt 0.81694 0.93370
vt 0.58100 0.96060
vt 0.20241 0.18146
vt 0.22352 0.18387
vt 0.73513 0.01944
vt 0.20476 0.17717
vt 0.06129 0.24928
vt 0.05677 0.25899
vt 0.05747 0.22275
vt 0.10604 0.18548
vt 0.09621 0.23092
vt 0.09775 0.18475
vt 0.51454 0.81026
vt 0.50097 0.76353
vt 0.51454 0.76407
vt 0.73432 0.01468
vt 0.10690 0.23146
vt 0.87868 0.93817
vt 0.87898 0.93250
vt 0.90371 0.94094
vt 0.96807 0.82014
vt 0.96807 0.79847
vt 0.96934 0.82735
vt 0.74044 0.01743
vt 0.96412 0.82091
vt 0.77170 0.02229
vt 0.50588 0.80894
vt 0.77719 0.04787
vt 0.71655 0.04787
vt 0.74167 0.01916
vt 0.21170 0.22321
vt 0.22202 0.23710
vt 0.21170 0.23454
vt 0.08361 0.81964
vt 0.05117 0.82648
vt 0.05246 0.81964
vt 0.75275 0.86016
vt 0.71513 0.86679
vt 0.71348 0.85907
vt 0.48898 0.82074
vt 0.49000 0.81555
vt 0.49318 0.81811
vt 0.53515 0.69789
vt 0.53417 0.69219
vt 0.53918 0.69387
vt 0.21179 0.31156
vt 0.08440 0.82669
vt 0.39883 0.15764
vt 0.42517 0.16271
vt 0.41638 0.16579
vt 0.57104 0.03598
vt 0.58675 0.03563
vt 0.58103 0.03961
vt 0.40678 0.16289
vt 0.98344 0.98864
vt 0.98203 0.99235
vt 0.97131 0.99235
vt 0.50252 0.79059
vt 0.97104 0.98898
vt 0.22385 0.47705
vt 0.20830 0.47478
vt 0.20870 0.47247
vt 0.20940 0.44949
vt 0.22442 0.40189
vt 0.52431 0.03990
vt 0.49502 0.80007
vt 0.20567 0.97907
vt 0.20753 0.97907
vt 0.20728 0.98141
vt 0.36873 0.71059
vt 0.42467 0.71059
vt 0.37236 0.71262
vt 0.45331 0.19619
vt 0.47688 0.20103
vt 0.51790 0.69174
vt 0.01579 0.29456
vt 0.01231 0.29362
vt 0.01432 0.28219
vt 0.98013 0.92845
vt 0.98071 0.90547
vt 0.98636 0.91508
vt 0.01799 0.54080
vt 0.01502 0.55765
vt 0.01529 0.53990
vt 0.01776 0.55717
vt 0.42963 0.96303
vt 0.42963 0.97594
vt 0.42730 0.97432
vt 0.01072 0.29460
vt 0.98631 0.92837
vt 0.42567 0.72263
vt 0.36973 0.72263
vt 0.38293 0.71309
vt 0.96947 0.24727
vt 0.95341 0.27091
vt 0.95317 0.24585
vt 0.29209 0.82493
vt 0.28320 0.82582
vt 0.28320 0.80730
vt 0.14971 0.99057
vt 0.15344 0.97909
vt 0.15330 0.99090
vt 0.16284 0.79397
vt 0.15366 0.80045
vt 0.15250 0.79792
vt 0.58991 0.84205
vt 0.63279 0.84580
vt 0.58932 0.84538
vt 0.00063 0.14861
vt 0.00137 0.15137
vt 0.00091 0.15754
vt 0.48283 0.69964
vt 0.45138 0.17897
vt 0.15062 0.79658
vt 0.16307 0.79016
vt 0.12787 0.02590
vt 0.12787 0.02987
vt 0.08545 0.02777
vt 0.21042 0.13743
vt 0.20888 0.15266
vt 0.19253 0.14902
vt 0.15887 0.78457
vt 0.46174 0.20662
vt 0.04621 0.39066
vt 0.04608 0.37340
vt 0.04947 0.38503
vt 0.63223 0.84235
vt 0.19231 0.13513
vt 0.97030 0.27036
vt 0.14599 0.80537
vt 0.90933 0.43123
vt 0.90975 0.47355
vt 0.89903 0.47355
vt 0.29179 0.80184
vt 0.49503 0.69006
vt 0.50149 0.77806
vt 0.02238 0.39323
vt 0.02238 0.41167
vt 0.02114 0.40469
vt 0.13044 0.80096
vt 0.28920 0.80123
vt 0.08523 0.02465
vt 0.04874 0.40699
vt 0.20166 0.92097
vt 0.21401 0.91864
vt 0.21547 0.92118
vt 0.12868 0.80827
vt 0.47028 0.18161
vt 0.38027 0.97030
vt 0.38288 0.95548
vt 0.38312 0.97098
vt 0.01565 0.68225
vt 0.01830 0.68206
vt 0.02046 0.69012
vt 0.89865 0.43090
vt 0.01505 0.69913
vt 0.98224 0.99417
vt 0.99275 0.99417
vt 0.98262 0.99682
vt 0.28611 0.79322
vt 0.82612 0.96973
vt 0.82800 0.96160
vt 0.84198 0.97787
vt 0.17897 0.13824
vt 0.24824 0.96996
vt 0.25203 0.96676
vt 0.25759 0.96527
vt 0.51547 0.95538
vt 0.52504 0.95051
vt 0.51924 0.96995
vt 0.45885 0.98647
vt 0.45885 0.98202
vt 0.46111 0.98206
vt 0.16162 0.81426
vt 0.23715 0.95598
vt 0.23406 0.92178
vt 0.01775 0.17963
vt 0.01566 0.17422
vt 0.01785 0.17363
vt 0.01706 0.29935
vt 0.02146 0.30007
vt 0.02146 0.30480
vt 0.02242 0.47433
vt 0.02242 0.49216
vt 0.02160 0.47899
vt 0.01750 0.30533
vt 0.11857 0.81523
vt 0.89328 0.99029
vt 0.89020 0.99083
vt 0.89308 0.97960
vt 0.88961 0.97915
vt 0.01682 0.19255
vt 0.25705 0.95551
vt 0.91668 0.94042
vt 0.91262 0.92721
vt 0.91779 0.91301
vt 0.84672 0.96602
vt 0.02040 0.31796
vt 0.11900 0.80373
vt 0.47865 0.97035
vt 0.46056 0.97042
vt 0.46472 0.96789
vt 0.01877 0.37046
vt 0.01719 0.38848
vt 0.01625 0.36990
vt 0.00823 0.14839
vt 0.01045 0.13580
vt 0.01078 0.14984
vt 0.17068 0.13948
vt 0.91474 0.91323
vt 0.28920 0.78199
vt 0.15777 0.15302
vt 0.32311 0.88706
vt 0.31133 0.89024
vt 0.29320 0.88704
vt 0.32446 0.88981
vt 0.45903 0.97604
vt 0.46118 0.97975
vt 0.45878 0.98144
vt 0.30951 0.89335
vt 0.46339 0.95483
vt 0.45932 0.95454
vt 0.88243 0.88129
vt 0.86645 0.88130
vt 0.86986 0.87907
vt 0.29035 0.89164
vt 0.83808 0.99309
vt 0.84276 0.99309
vt 0.83968 0.99840
vt 0.52337 0.89077
vt 0.52545 0.88702
vt 0.54531 0.89052
vt 0.84443 0.87998
vt 0.56067 0.88612
vt 0.67891 0.98800
vt 0.68130 0.98471
vt 0.68227 0.98928
vt 0.63968 0.97836
vt 0.62409 0.97418
vt 0.63867 0.96061
vt 0.62045 0.97836
vt 0.91733 0.87249
vt 0.95186 0.87249
vt 0.91658 0.88925
vt 0.23159 0.76144
vt 0.23031 0.77320
vt 0.22627 0.76451
vt 0.03664 0.96180
vt 0.02420 0.96071
vt 0.04653 0.95957
vt 0.22653 0.77464
vt 0.89204 0.29392
vt 0.89399 0.28225
vt 0.89603 0.29247
vt 0.15117 0.26811
vt 0.13611 0.26290
vt 0.13625 0.26033
vt 0.15503 0.25843
vt 0.98702 0.68694
vt 0.99397 0.66556
vt 0.99365 0.68761
vt 0.22609 0.78712
vt 0.62329 0.96180
vt 0.04685 0.94624
vt 0.02746 0.94561
vt 0.04059 0.94396
vt 0.23006 0.80784
vt 0.15155 0.21563
vt 0.89685 0.32013
vt 0.08748 0.40663
vt 0.08539 0.43057
vt 0.08510 0.38333
vt 0.03913 0.93152
vt 0.22164 0.78762
vt 0.13207 0.41007
vt 0.13434 0.40620
vt 0.14457 0.40993
vt 0.84793 0.96819
vt 0.86593 0.96819
vt 0.85637 0.97629
vt 0.95171 0.89189
vt 0.01515 0.52115
vt 0.01515 0.50336
vt 0.01736 0.50451
vt 0.00566 0.57280
vt 0.01736 0.57280
vt 0.01726 0.57528
vt 0.89290 0.32855
vt 0.02368 0.94822
vt 0.04685 0.94716
vt 0.99208 0.12102
vt 0.98756 0.12830
vt 0.99511 0.10724
vt 0.13639 0.39354
vt 0.14032 0.39296
vt 0.98829 0.12088
vt 0.15656 0.30881
vt 0.13329 0.32423
vt 0.13336 0.30881
vt 0.67842 0.97835
vt 0.68197 0.97772
vt 0.67845 0.98214
vt 0.03666 0.93166
vt 0.02735 0.92360
vt 0.03535 0.92432
vt 0.57516 0.88625
vt 0.58927 0.88609
vt 0.58840 0.88980
vt 0.13071 0.35893
vt 0.13081 0.32440
vt 0.12758 0.35862
vt 0.55180 0.88974
vt 0.03185 0.92346
vt 0.68226 0.98226
vt 0.13872 0.35982
vt 0.14337 0.36055
vt 0.18095 0.93788
vt 0.15495 0.93788
vt 0.15472 0.92505
vt 0.12980 0.13616
vt 0.15589 0.11359
vt 0.17935 0.13705
vt 0.15603 0.35820
vt 0.03188 0.92059
vt 0.15385 0.10857
vt 0.15753 0.11124
vt 0.79991 0.92055
vt 0.80389 0.92055
vt 0.80102 0.94638
vt 0.15273 0.35903
vt 0.02719 0.92019
vt 0.48111 0.25607
vt 0.47023 0.24810
vt 0.17686 0.15056
vt 0.16711 0.14944
vt 0.99943 0.12838
vt 0.89898 0.20744
vt 0.91441 0.20791
vt 0.91441 0.22859
vt 0.88466 0.59138
vt 0.89073 0.63730
vt 0.87715 0.60749
vt 0.89799 0.18815
vt 0.94187 0.80141
vt 0.92913 0.80790
vt 0.94981 0.78426
vt 0.64175 0.96799
vt 0.65866 0.96799
vt 0.64149 0.98449
vt 0.91386 0.18712
vt 0.93850 0.16155
vt 0.92286 0.18019
vt 0.92269 0.14022
vt 0.65847 0.98444
vt 0.99694 0.18001
vt 0.98861 0.16497
vt 0.99597 0.16072
vt 0.98856 0.18195
vt 0.12222 0.30640
vt 0.12538 0.34254
vt 0.11464 0.30404
vt 0.91496 0.23008
vt 0.91496 0.18863
vt 0.92446 0.20872
vt 0.93924 0.18044
vt 0.94127 0.78471
vt 0.87792 0.58671
vt 0.54800 0.27637
vt 0.54905 0.29452
vt 0.54262 0.30967
vt 0.12698 0.30058
vt 0.53548 0.30730
vt 0.12550 0.29512
vt 0.52973 0.32169
vt 0.53586 0.32481
vt 0.51997 0.36309
vt 0.50749 0.35756
vt 0.93805 0.77863
vt 0.94080 0.77407
vt 0.61982 0.97928
vt 0.63531 0.97916
vt 0.63531 0.98482
vt 0.61984 0.98461
vt 0.12107 0.29328
vt 0.88621 0.57881
vt 0.49416 0.35312
vt 0.54189 0.26386
vt 0.27704 0.95320
vt 0.26045 0.96526
vt 0.25923 0.95685
vt 0.70154 0.98443
vt 0.70196 0.96805
vt 0.71417 0.96912
vt 0.94522 0.77289
vt 0.27588 0.96857
vt 0.26420 0.98440
vt 0.26075 0.97349
vt 0.99933 0.95048
vt 0.99300 0.96998
vt 0.98616 0.95505
vt 0.08007 0.99131
vt 0.08852 0.99108
vt 0.08903 0.99692
vt 0.08005 0.99638
vt 0.01195 0.10702
vt 0.00776 0.11853
vt 0.00756 0.10458
vt 0.60827 0.95448
vt 0.59218 0.95102
vt 0.60019 0.95071
vt 0.37875 0.97150
vt 0.38355 0.97150
vt 0.37912 0.98698
vt 0.27852 0.98053
vt 0.27901 0.92008
vt 0.28194 0.93667
vt 0.27834 0.94586
vt 0.01460 0.01705
vt 0.01841 0.01844
vt 0.01502 0.03347
vt 0.58333 0.95524
vt 0.71407 0.98387
vt 0.38364 0.98626
vt 0.93965 0.00756
vt 0.93356 0.00255
vt 0.86454 0.31328
vt 0.86650 0.29087
vt 0.86983 0.31644
vt 0.88985 0.58546
vt 0.89007 0.58140
vt 0.86901 0.32540
vt 0.99495 0.98464
vt 0.97969 0.98019
vt 0.99451 0.97965
vt 0.97954 0.98484
vt 0.46967 0.34675
vt 0.46246 0.32896
vt 0.46474 0.31817
vt 0.47032 0.30087
vt 0.02062 0.46556
vt 0.02241 0.45540
vt 0.02233 0.47357
vt 0.86457 0.34995
vt 0.37104 0.59775
vt 0.29080 0.59775
vt 0.31295 0.59385
vt 0.49047 0.22321
vt 0.50243 0.23293
vt 0.33340 0.21421
vt 0.34694 0.20928
vt 0.33978 0.29021
vt 0.34608 0.24669
vt 0.23305 0.75190
vt 0.23305 0.79587
vt 0.23168 0.77368
vt 0.17038 0.86148
vt 0.16223 0.86183
vt 0.15393 0.85353
vt 0.33547 0.33349
vt 0.34027 0.30744
vt 0.99725 0.61915
vt 0.99425 0.61915
vt 0.99578 0.59696
vt 0.33902 0.32655
vt 0.50961 0.40965
vt 0.39373 0.38618
vt 0.50489 0.38286
vt 0.39034 0.40789
vt 0.98707 0.46814
vt 0.98707 0.44632
vt 0.98842 0.46772
vt 0.01740 0.17291
vt 0.01562 0.16285
vt 0.01692 0.15376
vt 0.17263 0.97801
vt 0.18767 0.97312
vt 0.17447 0.98186
vt 0.13177 0.85540
vt 0.63233 0.98562
vt 0.63531 0.98599
vt 0.63483 0.99287
vt 0.19005 0.98017
vt 0.00105 0.17663
vt 0.00290 0.18086
vt 0.00175 0.18439
vt 0.00496 0.17579
vt 0.86903 0.95669
vt 0.87384 0.97148
vt 0.86938 0.97278
vt 0.52947 0.96811
vt 0.53360 0.98082
vt 0.51442 0.97298
vt 0.00407 0.80784
vt 0.00071 0.80502
vt 0.00429 0.79796
vt 0.13510 0.86145
vt 0.36013 0.95355
vt 0.35070 0.95544
vt 0.33472 0.94799
vt 0.01566 0.59385
vt 0.01936 0.59598
vt 0.01587 0.61126
vt 0.35613 0.94701
vt 0.00669 0.58054
vt 0.00408 0.57604
vt 0.01443 0.57620
vt 0.39412 0.35385
vt 0.48311 0.35123
vt 0.45056 0.96721
vt 0.45056 0.98276
vt 0.43788 0.98274
vt 0.60368 0.01180
vt 0.54639 0.01180
vt 0.60301 0.00721
vt 0.40315 0.98761
vt 0.39581 0.98876
vt 0.39581 0.97522
vt 0.51853 0.98587
vt 0.14904 0.99007
vt 0.14904 0.99843
vt 0.14060 0.99216
vt 0.46347 0.98287
vt 0.45978 0.97150
vt 0.47719 0.97111
vt 0.40359 0.97927
vt 0.00657 0.58317
vt 0.01381 0.57791
vt 0.01544 0.59118
vt 0.94037 0.02146
vt 0.38735 0.36355
vt 0.38849 0.29525
vt 0.40614 0.32966
vt 0.46822 0.26176
vt 0.46818 0.29378
vt 0.42735 0.25192
vt 0.43171 0.30259
vt 0.41154 0.31930
vt 0.53949 0.10211
vt 0.57804 0.10199
vt 0.56351 0.10855
vt 0.50986 0.50116
vt 0.50037 0.50107
vt 0.49927 0.48860
vt 0.47554 0.50077
vt 0.44795 0.50041
vt 0.44879 0.47635
vt 0.54296 0.50084
vt 0.05792 0.71912
vt 0.05619 0.71975
vt 0.05937 0.69686
vt 0.47489 0.48814
vt 0.40554 0.28613
vt 0.54453 0.12053
vt 0.42492 0.23437
vt 0.40980 0.23565
vt 0.39889 0.21415
vt 0.05622 0.69474
vt 0.05924 0.68495
vt 0.26065 0.98808
vt 0.27562 0.98808
vt 0.27537 0.98991
vt 0.39180 0.20057
vt 0.40081 0.19710
vt 0.57488 0.10881
vt 0.45926 0.22385
vt 0.61920 0.10171
vt 0.60950 0.11974
vt 0.53379 0.12550
vt 0.29032 0.76490
vt 0.29297 0.75500
vt 0.54405 0.47633
vt 0.29058 0.79928
vt 0.52867 0.48590
vt 0.56280 0.12149
vt 0.62106 0.11334
vt 0.38221 0.16414
vt 0.39696 0.15771
vt 0.54185 0.13095
vt 0.26435 0.44198
vt 0.25263 0.44096
vt 0.26476 0.41527
vt 0.57526 0.12175
vt 0.82863 0.21565
vt 0.82399 0.21090
vt 0.83218 0.20422
vt 0.22429 0.22779
vt 0.22998 0.31308
vt 0.22029 0.31393
vt 0.27022 0.35373
vt 0.23243 0.21784
vt 0.25648 0.34241
vt 0.49487 0.03565
vt 0.55666 0.03565
vt 0.53701 0.03789
vt 0.75254 0.44273
vt 0.74246 0.48617
vt 0.74262 0.46566
vt 0.01565 0.25952
vt 0.01565 0.24116
vt 0.02287 0.25908
vt 0.80442 0.21072
vt 0.02252 0.24073
vt 0.61959 0.13301
vt 0.28514 0.41528
vt 0.86759 0.96064
vt 0.86787 0.96733
vt 0.84848 0.96733
vt 0.74369 0.44662
vt 0.85007 0.95863
vt 0.59190 0.85853
vt 0.60603 0.86719
vt 0.59190 0.86576
vt 0.91865 0.37944
vt 0.90410 0.39779
vt 0.90444 0.37944
vt 0.50291 0.01835
vt 0.48798 0.01773
vt 0.48952 0.00015
vt 0.38948 0.81580
vt 0.34925 0.79451
vt 0.39146 0.80971
vt 0.91941 0.39845
vt 0.78739 0.01747
vt 0.77259 0.02143
vt 0.78691 0.01060
vt 0.93256 0.42877
vt 0.94136 0.42954
vt 0.93057 0.44257
vt 0.82385 0.25781
vt 0.34691 0.80058
vt 0.79964 0.01953
vt 0.81783 0.04550
vt 0.77563 0.04497
vt 0.50345 0.00057
vt 0.75366 0.85974
vt 0.76854 0.85843
vt 0.75338 0.86643
vt 0.81582 0.02182
vt 0.61586 0.13344
vt 0.31667 0.95536
vt 0.31984 0.95346
vt 0.34015 0.95168
vt 0.28406 0.44298
vt 0.61723 0.85920
vt 0.78307 0.02021
vt 0.98333 0.74694
vt 0.98333 0.77082
vt 0.97615 0.75532
vt 0.93114 0.46868
vt 0.53692 0.92543
vt 0.53947 0.91878
vt 0.54287 0.92985
vt 0.52996 0.91293
vt 0.53238 0.91007
vt 0.52952 0.00206
vt 0.61265 0.14342
vt 0.94482 0.37959
vt 0.54692 0.92368
vt 0.70699 0.48293
vt 0.88535 0.25733
vt 0.88105 0.23922
vt 0.88834 0.24038
vt 0.55558 0.92524
vt 0.75746 0.02759
vt 0.44968 0.95460
vt 0.45173 0.96316
vt 0.44657 0.96128
vt 0.02468 0.04531
vt 0.03215 0.04358
vt 0.02528 0.05123
vt 0.79830 0.24251
vt 0.31468 0.95160
vt 0.88121 0.21984
vt 0.88916 0.22846
vt 0.88916 0.23766
vt 0.87918 0.39351
vt 0.88621 0.39234
vt 0.88461 0.40141
vt 0.03440 0.05026
vt 0.88179 0.23844
vt 0.01536 0.46142
vt 0.01922 0.46321
vt 0.01503 0.46739
vt 0.96097 0.97142
vt 0.95603 0.96554
vt 0.97544 0.96632
vt 0.08721 0.11779
vt 0.08915 0.07262
vt 0.09288 0.07262
vt 0.94061 0.46476
vt 0.01948 0.47955
vt 0.02028 0.52214
vt 0.01624 0.52106
vt 0.01985 0.50437
vt 0.03796 0.05515
vt 0.75085 0.01282
vt 0.79239 0.86466
vt 0.29765 0.67381
vt 0.31204 0.66337
vt 0.32992 0.66337
vt 0.03596 0.05923
vt 0.03211 0.07139
vt 0.03003 0.06199
vt 0.04086 0.07148
vt 0.70348 0.46905
vt 0.88293 0.40981
vt 0.97275 0.14248
vt 0.97327 0.14841
vt 0.95333 0.14263
vt 0.88810 0.25920
vt 0.43086 0.95454
vt 0.88969 0.21991
vt 0.63221 0.86733
vt 0.62790 0.72196
vt 0.64864 0.72435
vt 0.64706 0.73332
vt 0.44606 0.96724
vt 0.43072 0.96743
vt 0.18424 0.81556
vt 0.20624 0.80841
vt 0.18726 0.82471
vt 0.34269 0.81512
vt 0.35150 0.84321
vt 0.34133 0.82623
vt 0.27885 0.95524
vt 0.28475 0.94821
vt 0.30444 0.95514
vt 0.34538 0.81537
vt 0.34685 0.80900
vt 0.38849 0.82361
vt 0.99214 0.05835
vt 0.99214 0.03769
vt 0.99685 0.03913
vt 0.61682 0.16081
vt 0.88520 0.45158
vt 0.30233 0.83024
vt 0.09245 0.11797
vt 0.94769 0.14887
vt 0.80325 0.26952
vt 0.83797 0.82052
vt 0.86184 0.82818
vt 0.83873 0.82923
vt 0.88493 0.27481
vt 0.22947 0.81185
vt 0.87877 0.49017
vt 0.86761 0.43189
vt 0.87877 0.43179
vt 0.87985 0.20241
vt 0.73087 0.01008
vt 0.88108 0.82010
vt 0.94710 0.99473
vt 0.95184 0.99695
vt 0.94110 0.99726
vt 0.95255 0.12977
vt 0.36268 0.67513
vt 0.86902 0.49067
vt 0.08249 0.63651
vt 0.08249 0.67414
vt 0.07759 0.67362
vt 0.94065 0.04836
vt 0.94141 0.01094
vt 0.95030 0.01017
vt 0.30675 0.84106
vt 0.95020 0.04805
vt 0.88189 0.82703
vt 0.60367 0.73177
vt 0.62179 0.19193
vt 0.63490 0.70353
vt 0.59448 0.70240
vt 0.60411 0.72003
vt 0.22546 0.80260
vt 0.88548 0.29954
vt 0.88984 0.17808
vt 0.36141 0.66204
vt 0.38650 0.82932
vt 0.87754 0.17777
vt 0.29271 0.76780
vt 0.75425 0.51375
vt 0.79064 0.20434
vt 0.90658 0.65789
vt 0.94685 0.65737
vt 0.94685 0.69829
vt 0.18113 0.24270
vt 0.21085 0.24270
vt 0.21107 0.29807
vt 0.55915 0.98377
vt 0.55346 0.99148
vt 0.55341 0.98223
vt 0.91267 0.62137
vt 0.91447 0.58085
vt 0.92494 0.57993
vt 0.01986 0.57509
vt 0.01516 0.56707
vt 0.01569 0.56098
vt 0.05576 0.64339
vt 0.05319 0.61402
vt 0.05737 0.64911
vt 0.07732 0.11368
vt 0.05602 0.12500
vt 0.06834 0.08560
vt 0.20135 0.61012
vt 0.20421 0.57429
vt 0.20938 0.55500
vt 0.05886 0.61407
vt 0.92256 0.62078
vt 0.90942 0.66295
vt 0.20631 0.61028
vt 0.63147 0.93676
vt 0.64063 0.93548
vt 0.63877 0.95976
vt 0.19870 0.57295
vt 0.91179 0.69881
vt 0.57645 0.94384
vt 0.59462 0.92915
vt 0.60214 0.94529
vt 0.01921 0.55748
vt 0.55849 0.99426
vt 0.66578 0.99672
vt 0.65438 0.99747
vt 0.65534 0.98652
vt 0.00308 0.91331
vt 0.00057 0.90560
vt 0.00493 0.90988
vt 0.64405 0.94095
vt 0.64313 0.95832
vt 0.66462 0.98652
vt 0.77120 0.98969
vt 0.77120 0.99680
vt 0.76757 0.99414
vt 0.90524 0.62217
vt 0.90497 0.58194
vt 0.81926 0.57816
vt 0.81783 0.58255
vt 0.80058 0.57385
vt 0.76168 0.99223
vt 0.76617 0.99314
vt 0.76617 0.99776
vt 0.80304 0.56613
vt 0.05241 0.38473
vt 0.05241 0.41867
vt 0.05014 0.40746
vt 0.76159 0.99741
vt 0.19482 0.55481
vt 0.00513 0.40368
vt 0.01539 0.40332
vt 0.01539 0.41503
vt 0.19067 0.97114
vt 0.20203 0.95551
vt 0.19647 0.97345
vt 0.83373 0.52844
vt 0.64417 0.93269
vt 0.01525 0.27903
vt 0.01525 0.26024
vt 0.01977 0.26094
vt 0.64136 0.92889
vt 0.64464 0.93136
vt 0.63672 0.93367
vt 0.52256 0.89429
vt 0.48626 0.89299
vt 0.50388 0.89100
vt 0.42255 0.99557
vt 0.41883 0.99731
vt 0.42199 0.99051
vt 0.05074 0.09148
vt 0.57710 0.92929
vt 0.97374 0.68493
vt 0.97319 0.71427
vt 0.96198 0.70174
vt 0.50554 0.88610
vt 0.52265 0.88920
vt 0.48535 0.88897
vt 0.39882 0.73391
vt 0.45060 0.73356
vt 0.44760 0.73818
vt 0.99938 0.31807
vt 0.98929 0.30362
vt 0.99576 0.30457
vt 0.48451 0.99497
vt 0.47298 0.98352
vt 0.48550 0.98359
vt 0.26585 0.86186
vt 0.22569 0.85958
vt 0.24965 0.85250
vt 0.41250 0.99019
vt 0.20436 0.99490
vt 0.19894 0.99596
vt 0.20247 0.99124
vt 0.19721 0.99140
vt 0.40992 0.73664
vt 0.01528 0.47698
vt 0.00640 0.48950
vt 0.00604 0.47779
vt 0.61549 0.93080
vt 0.61778 0.92690
vt 0.48722 0.97448
vt 0.47326 0.98274
vt 0.47393 0.97587
vt 0.20499 0.98553
vt 0.86894 0.19099
vt 0.86759 0.15529
vt 0.87036 0.14768
vt 0.47311 0.99461
vt 0.48303 0.96873
vt 0.62291 0.93582
vt 0.14468 0.70379
vt 0.15327 0.66584
vt 0.15403 0.70214
vt 0.01547 0.48949
vt 0.41343 0.00055
vt 0.43549 0.00646
vt 0.39779 0.00569
vt 0.48225 0.98264
vt 0.96344 0.71413
vt 0.41237 0.99717
vt 0.00527 0.41509
vt 0.26656 0.85289
vt 0.98863 0.29915
vt 0.61412 0.06468
vt 0.61393 0.05359
vt 0.63149 0.03603
vt 0.63178 0.06537
vt 0.98811 0.32066
vt 0.81771 0.51550
vt 0.14346 0.66803
vt 0.58816 0.03568
vt 0.60382 0.05333
vt 0.02203 0.98706
vt 0.03443 0.99193
vt 0.02231 0.99024
vt 0.03450 0.98706
vt 0.14790 0.66452
vt 0.14628 0.65238
vt 0.38835 0.99459
vt 0.39331 0.99259
vt 0.39354 0.99696
vt 0.63956 0.92268
vt 0.63578 0.92378
vt 0.37765 0.97103
vt 0.37765 0.98145
vt 0.36077 0.97228
vt 0.39592 0.00117
vt 0.36072 0.97918
vt 0.86651 0.20800
vt 0.38954 0.99841
vt 0.40397 0.68383
vt 0.36825 0.68604
vt 0.36929 0.68080
vt 0.00967 0.44112
vt 0.01376 0.44175
vt 0.01419 0.45404
vt 0.60245 0.06230
vt 0.42919 0.67887
vt 0.99456 0.52362
vt 0.99453 0.51766
vt 0.99896 0.51727
vt 0.56932 0.06093
vt 0.99844 0.52425
vt 0.14261 0.65244
vt 0.00954 0.45153
vt 0.85103 0.07693
vt 0.84448 0.11410
vt 0.84768 0.05425
vt 0.38753 0.99233
vt 0.38386 0.99233
vt 0.38705 0.98917
vt 0.99961 0.18918
vt 0.99998 0.19336
vt 0.99517 0.18916
vt 0.62822 0.78792
vt 0.63023 0.80960
vt 0.61782 0.79989
vt 0.62514 0.79002
vt 0.42482 0.99776
vt 0.42482 0.99323
vt 0.42911 0.99467
vt 0.85168 0.05420
vt 0.66282 0.81365
vt 0.64271 0.80391
vt 0.41956 0.68464
vt 0.63560 0.80464
vt 0.78526 0.99700
vt 0.78451 0.99109
vt 0.78927 0.99109
vt 0.66138 0.81688
vt 0.01948 0.44041
vt 0.78922 0.99840
vt 0.99502 0.19353
vt 0.95822 0.68904
vt 0.63991 0.80711
vt 0.43197 0.68117
vt 0.63223 0.92061
vt 0.95446 0.96815
vt 0.95033 0.98085
vt 0.95000 0.96762
vt 0.38707 0.94755
vt 0.41213 0.94789
vt 0.40605 0.95090
vt 0.43265 0.68731
vt 0.41188 0.95161
vt 0.97446 0.20298
vt 0.95191 0.20696
vt 0.95100 0.20274
vt 0.58253 0.95533
vt 0.55880 0.94762
vt 0.58327 0.95187
vt 0.40504 0.95509
vt 0.87585 0.07782
vt 0.27994 0.80573
vt 0.27995 0.83068
vt 0.23684 0.83068
vt 0.23581 0.80564
vt 0.15200 0.94009
vt 0.15200 0.95786
vt 0.12914 0.95669
vt 0.28756 0.74056
vt 0.28756 0.78470
vt 0.28623 0.76394
vt 0.38728 0.95540
vt 0.38677 0.95055
vt 0.02372 0.96255
vt 0.04682 0.96255
vt 0.04635 0.96741
vt 0.99843 0.40668
vt 0.99553 0.40751
vt 0.98901 0.40636
vt 0.99897 0.38589
vt 0.99243 0.39075
vt 0.17571 0.93340
vt 0.15478 0.92363
vt 0.18239 0.92253
vt 0.98960 0.39834
vt 0.99274 0.38620
vt 0.09783 0.98019
vt 0.09339 0.99197
vt 0.09327 0.98019
vt 0.98703 0.39177
vt 0.01346 0.88368
vt 0.02371 0.88368
vt 0.01275 0.89169
vt 0.10668 0.99034
vt 0.11716 0.98364
vt 0.11943 0.98987
vt 0.87760 0.05447
vt 0.89139 0.05526
vt 0.01297 0.03041
vt 0.00704 0.02850
vt 0.00807 0.01676
vt 0.10693 0.98418
vt 0.02377 0.89804
vt 0.01353 0.89871
vt 0.28284 0.00351
vt 0.29300 0.00493
vt 0.28120 0.00875
vt 0.09725 0.99279
vt 0.29308 0.01300
vt 0.01226 0.01661
vt 0.88830 0.11538
vt 0.89069 0.07888
vt 0.49685 0.97897
vt 0.51265 0.97636
vt 0.50048 0.98396
vt 0.50932 0.96902
vt 0.23658 0.67482
vt 0.23585 0.67068
vt 0.26018 0.67372
vt 0.27492 0.66774
vt 0.00375 0.27379
vt 0.01366 0.27402
vt 0.00510 0.27749
vt 0.01426 0.27693
vt 0.01096 0.32911
vt 0.00305 0.32446
vt 0.01092 0.31853
vt 0.94352 0.15628
vt 0.95314 0.16084
vt 0.94438 0.16616
vt 0.00066 0.82828
vt 0.00066 0.81854
vt 0.00362 0.82828
vt 0.41243 0.83527
vt 0.42862 0.83274
vt 0.45072 0.84550
vt 0.95409 0.16688
vt 0.29941 0.66424
vt 0.29676 0.67429
vt 0.00575 0.31571
vt 0.41154 0.84582
vt 0.27553 0.66285
vt 0.92385 0.24380
vt 0.89813 0.20879
vt 0.90283 0.25294
vt 0.00485 0.81921
vt 0.10141 0.83758
vt 0.10939 0.84080
vt 0.09839 0.84127
vt 0.96642 0.15723
vt 0.44914 0.83412
vt 0.10898 0.84571
vt 0.24241 0.94136
vt 0.21851 0.94011
vt 0.21732 0.93158
vt 0.00147 0.47737
vt 0.00539 0.47772
vt 0.00111 0.48348
vt 0.00535 0.48361
vt 0.42835 0.81917
vt 0.30518 0.88639
vt 0.29230 0.88547
vt 0.29230 0.86489
vt 0.40852 0.83479
vt 0.09627 0.82852
vt 0.96894 0.16099
vt 0.09832 0.82216
vt 0.40771 0.81902
vt 0.86111 0.88218
vt 0.89627 0.88218
vt 0.86213 0.89571
vt 0.70913 0.59954
vt 0.73122 0.63108
vt 0.65748 0.63087
vt 0.32901 0.86398
vt 0.67078 0.61507
vt 0.67389 0.61836
vt 0.09621 0.80611
vt 0.32759 0.88618
vt 0.89606 0.23849
vt 0.95110 0.22132
vt 0.96133 0.23618
vt 0.95060 0.24691
vt 0.17178 0.39612
vt 0.15805 0.42555
vt 0.15781 0.37135
vt 0.17736 0.38179
vt 0.34637 0.77303
vt 0.37884 0.77406
vt 0.37842 0.77583
vt 0.39416 0.77526
vt 0.00206 0.19945
vt 0.00206 0.19025
vt 0.00494 0.19198
vt 0.34571 0.79007
vt 0.96230 0.22451
vt 0.56922 0.97209
vt 0.56833 0.98739
vt 0.56388 0.98213
vt 0.37784 0.78991
vt 0.96816 0.22155
vt 0.19826 0.97238
vt 0.20400 0.95559
vt 0.20744 0.97125
vt 0.96836 0.22399
vt 0.56135 0.98490
vt 0.39299 0.79026
vt 0.21076 0.98735
vt 0.21646 0.98006
vt 0.21320 0.99142
vt 0.39349 0.98462
vt 0.39264 0.99146
vt 0.38868 0.99290
vt 0.38840 0.98109
vt 0.18065 0.99784
vt 0.17711 0.99528
vt 0.18107 0.99165
vt 0.67849 0.98910
vt 0.68169 0.99142
vt 0.67939 0.99439
vt 0.91506 0.94159
vt 0.92986 0.94159
vt 0.91512 0.96436
vt 0.70840 0.54451
vt 0.71523 0.56043
vt 0.70829 0.56515
vt 0.20692 0.95633
vt 0.03264 0.23293
vt 0.03884 0.24448
vt 0.03450 0.24812
vt 0.83574 0.03641
vt 0.83059 0.03550
vt 0.83393 0.03259
vt 0.03593 0.22802
vt 0.70248 0.55734
vt 0.56631 0.98758
vt 0.56926 0.98972
vt 0.56690 0.99191
vt 0.01277 0.95768
vt 0.01277 0.97079
vt 0.00924 0.95853
vt 0.39355 0.98245
vt 0.38872 0.97966
vt 0.39367 0.96753
vt 0.03287 0.22899
vt 0.73950 0.20636
vt 0.75649 0.20029
vt 0.76222 0.20790
vt 0.28787 0.98805
vt 0.29113 0.98994
vt 0.27615 0.98945
vt 0.95660 0.99793
vt 0.96672 0.99464
vt 0.96736 0.99835
vt 0.03890 0.21562
vt 0.69926 0.56806
vt 0.70706 0.57180
vt 0.68957 0.56549
vt 0.74576 0.19964
vt 0.16164 0.95851
vt 0.14495 0.97024
vt 0.14360 0.95851
vt 0.38896 0.52450
vt 0.39487 0.54494
vt 0.37576 0.54398
vt 0.73892 0.98408
vt 0.74232 0.98416
vt 0.74232 0.99491
vt 0.73902 0.99380
vt 0.70572 0.57721
vt 0.15564 0.97145
vt 0.53495 0.68646
vt 0.53853 0.69073
vt 0.51947 0.69073
vt 0.93471 0.95133
vt 0.93471 0.93173
vt 0.93772 0.93161
vt 0.63376 0.68199
vt 0.63536 0.68345
vt 0.62554 0.69978
vt 0.76597 0.18831
vt 0.69689 0.57541
vt 0.98247 0.64855
vt 0.98203 0.65646
vt 0.97851 0.66615
vt 0.38452 0.55039
vt 0.16265 0.96508
vt 0.48048 0.68729
vt 0.43659 0.54168
vt 0.93009 0.99406
vt 0.94085 0.99406
vt 0.93017 0.99732
vt 0.94028 0.99743
vt 0.71270 0.59412
vt 0.71794 0.59895
vt 0.83129 0.00809
vt 0.83497 0.00211
vt 0.66947 0.57297
vt 0.16355 0.96980
vt 0.98217 0.67261
vt 0.74288 0.99096
vt 0.74937 0.98203
vt 0.74878 0.99008
vt 0.66585 0.56441
vt 0.01863 0.95729
vt 0.01409 0.96856
vt 0.01486 0.96382
vt 0.01446 0.95718
vt 0.65710 0.65089
vt 0.01942 0.97328
vt 0.67038 0.87507
vt 0.67479 0.87957
vt 0.67166 0.89733
vt 0.98626 0.23330
vt 0.98056 0.23807
vt 0.98576 0.22916
vt 0.96272 0.23760
vt 0.54968 0.85898
vt 0.50939 0.86338
vt 0.50880 0.86001
vt 0.43799 0.55093
vt 0.71399 0.60295
vt 0.98633 0.08677
vt 0.97015 0.11032
vt 0.97031 0.08677
vt 0.64101 0.56607
vt 0.71566 0.60276
vt 0.76254 0.15412
vt 0.17925 0.65829
vt 0.18893 0.65744
vt 0.18818 0.71158
vt 0.68067 0.94990
vt 0.67945 0.94532
vt 0.68073 0.94455
vt 0.98576 0.10974
vt 0.93056 0.65678
vt 0.93438 0.61600
vt 0.93396 0.65678
vt 0.93118 0.61535
vt 0.49402 0.98794
vt 0.48893 0.98628
vt 0.49606 0.97605
vt 0.64417 0.57673
vt 0.89369 0.62091
vt 0.89770 0.57504
vt 0.89701 0.62160
vt 0.26776 0.86323
vt 0.30795 0.85312
vt 0.30812 0.86323
vt 0.54973 0.86221
vt 0.67556 0.83555
vt 0.96279 0.22934
vt 0.95182 0.94483
vt 0.95284 0.93318
vt 0.95332 0.94490
vt 0.94964 0.92399
vt 0.67234 0.86305
vt 0.89596 0.56699
vt 0.26716 0.85316
vt 0.28167 0.81124
vt 0.28167 0.76705
vt 0.28511 0.77251
vt 0.51339 0.97400
vt 0.51712 0.98548
vt 0.51342 0.98524
vt 0.00903 0.99025
vt 0.02036 0.98721
vt 0.02149 0.99078
vt 0.72415 0.61757
vt 0.72667 0.61462
vt 0.28497 0.76981
vt 0.28261 0.76523
vt 0.28653 0.72043
vt 0.02330 0.04294
vt 0.02217 0.05593
vt 0.01522 0.04124
vt 0.76976 0.14427
vt 0.17983 0.71225
vt 0.67773 0.84414
vt 0.01644 0.06031
vt 0.01091 0.63373
vt 0.00510 0.63373
vt 0.00798 0.63140
vt 0.27872 0.74954
vt 0.27454 0.73089
vt 0.27275 0.72536
vt 0.95296 0.91853
vt 0.02909 0.99316
vt 0.04044 0.99270
vt 0.03994 0.99606
vt 0.02985 0.99630
vt 0.63585 0.09658
vt 0.67048 0.10180
vt 0.66817 0.11183
vt 0.03050 0.47383
vt 0.02486 0.50510
vt 0.02420 0.47494
vt 0.76244 0.14589
vt 0.74341 0.74332
vt 0.77449 0.70140
vt 0.80674 0.73850
vt 0.12196 0.35742
vt 0.12196 0.39316
vt 0.11415 0.35579
vt 0.70642 0.11145
vt 0.69647 0.12086
vt 0.69894 0.11182
vt 0.03132 0.50516
vt 0.76460 0.78355
vt 0.81376 0.78385
vt 0.79442 0.78881
vt 0.71433 0.11423
vt 0.67744 0.11704
vt 0.11639 0.40409
vt 0.12178 0.40380
vt 0.73553 0.73003
vt 0.67270 0.13623
vt 0.68972 0.14504
vt 0.81419 0.78923
vt 0.75556 0.33902
vt 0.71399 0.28179
vt 0.76075 0.29209
vt 0.89773 0.43128
vt 0.89773 0.47968
vt 0.89267 0.47890
vt 0.05322 0.16081
vt 0.05942 0.18171
vt 0.03788 0.17791
vt 0.17593 0.77812
vt 0.17644 0.78322
vt 0.16568 0.78416
vt 0.03212 0.19337
vt 0.03266 0.16141
vt 0.03214 0.99980
vt 0.03474 0.99720
vt 0.03889 0.99945
vt 0.12871 0.77828
vt 0.36689 0.56055
vt 0.69623 0.83216
vt 0.70193 0.83694
vt 0.71914 0.84568
vt 0.45152 0.55818
vt 0.44540 0.55694
vt 0.14585 0.28284
vt 0.15703 0.25836
vt 0.15585 0.27284
vt 0.15394 0.30794
vt 0.13161 0.30761
vt 0.13173 0.25784
vt 0.51695 0.90960
vt 0.52899 0.89169
vt 0.00941 0.93665
vt 0.00941 0.94979
vt 0.00609 0.93682
vt 0.67729 0.98203
vt 0.67712 0.98395
vt 0.66038 0.98329
vt 0.08030 0.91846
vt 0.08030 0.93495
vt 0.07825 0.91794
vt 0.98830 0.02149
vt 0.98628 0.00848
vt 0.98996 0.00919
vt 0.98652 0.01867
vt 0.98478 0.52591
vt 0.98473 0.54267
vt 0.97871 0.54395
vt 0.28026 0.76866
vt 0.28095 0.79098
vt 0.27750 0.77897
vt 0.98187 0.55063
vt 0.08033 0.90747
vt 0.01110 0.73506
vt 0.01291 0.73440
vt 0.01167 0.75085
vt 0.17738 0.75425
vt 0.12972 0.75425
vt 0.17939 0.73986
vt 0.87535 0.93022
vt 0.85955 0.93022
vt 0.87319 0.91921
vt 0.97605 0.00115
vt 0.98343 0.00457
vt 0.84795 0.91998
vt 0.84874 0.92828
vt 0.27460 0.78283
vt 0.87641 0.92450
vt 0.92401 0.81077
vt 0.93300 0.81271
vt 0.92404 0.81409
vt 0.39612 0.94636
vt 0.39532 0.92083
vt 0.39829 0.92057
vt 0.00170 0.95295
vt 0.00480 0.94708
vt 0.00470 0.95269
vt 0.39908 0.94580
vt 0.00175 0.94700
vt 0.25429 0.88748
vt 0.25429 0.86194
vt 0.29148 0.88761
vt 0.98963 0.00102
vt 0.12777 0.71302
vt 0.99443 0.00230
vt 0.00258 0.00684
vt 0.00592 0.00404
vt 0.00576 0.01147
vt 0.05892 0.30303
vt 0.04772 0.30942
vt 0.04454 0.30069
vt 0.26492 0.89744
vt 0.93937 0.81167
vt 0.27913 0.79246
vt 0.27939 0.80472
vt 0.27452 0.80045
vt 0.73359 0.99268
vt 0.73664 0.99268
vt 0.73598 0.99632
vt 0.94375 0.80607
vt 0.48947 0.99285
vt 0.48872 0.98769
vt 0.49470 0.98930
vt 0.04413 0.30364
vt 0.94550 0.81184
vt 0.94236 0.81375
vt 0.28611 0.86743
vt 0.27645 0.80476
vt 0.01619 0.09770
vt 0.01933 0.10444
vt 0.01697 0.11691
vt 0.03740 0.24875
vt 0.03612 0.28102
vt 0.03387 0.26193
vt 0.95393 0.81474
vt 0.99554 0.28197
vt 0.99598 0.30263
vt 0.99230 0.30030
vt 0.98961 0.42685
vt 0.99028 0.40771
vt 0.99738 0.42821
vt 0.17617 0.70485
vt 0.99152 0.28117
vt 0.99722 0.62045
vt 0.99791 0.64176
vt 0.99009 0.64003
vt 0.99009 0.61937
vt 0.49516 0.99608
vt 0.95449 0.02167
vt 0.95803 0.02051
vt 0.96347 0.04852
vt 0.26123 0.79603
vt 0.37276 0.77227
vt 0.34538 0.77183
vt 0.34538 0.75956
vt 0.48834 0.99780
vt 0.67282 0.93105
vt 0.67271 0.93399
vt 0.64582 0.93164
vt 0.05175 0.31301
vt 0.00629 0.04936
vt 0.00122 0.05392
vt 0.00193 0.04675
vt 0.08001 0.90587
vt 0.03469 0.91475
vt 0.03677 0.89096
vt 0.03837 0.91944
vt 0.03364 0.24878
vt 0.92592 0.25687
vt 0.92427 0.23804
vt 0.94977 0.25790
vt 0.64534 0.93488
vt 0.99377 0.60593
vt 0.98937 0.61802
vt 0.98922 0.59715
vt 0.92088 0.14017
vt 0.90174 0.15418
vt 0.90164 0.14017
vt 0.00401 0.05580
vt 0.07385 0.90270
vt 0.70766 0.95994
vt 0.71078 0.94224
vt 0.72898 0.95930
vt 0.00742 0.94624
vt 0.00058 0.94624
vt 0.00548 0.94120
vt 0.99293 0.59649
vt 0.70743 0.95657
vt 0.05615 0.32706
vt 0.06957 0.91098
vt 0.02566 0.91933
vt 0.03090 0.91488
vt 0.22538 0.86238
vt 0.21959 0.85932
vt 0.22397 0.85565
vt 0.99305 0.61861
vt 0.07330 0.91479
vt 0.03139 0.83467
vt 0.01753 0.83346
vt 0.03227 0.83148
vt 0.01890 0.83644
vt 0.39399 0.76173
vt 0.92091 0.16218
vt 0.25290 0.78650
vt 0.72979 0.93582
vt 0.00308 0.97942
vt 0.00993 0.98544
vt 0.00338 0.98522
vt 0.21783 0.85590
vt 0.22299 0.85198
vt 0.09730 0.97942
vt 0.07984 0.96624
vt 0.09730 0.96455
vt 0.01512 0.27984
vt 0.02140 0.27997
vt 0.02140 0.29751
vt 0.03450 0.83735
vt 0.00695 0.97804
vt 0.39353 0.77271
vt 0.11692 0.91441
vt 0.12487 0.91511
vt 0.11558 0.91802
vt 0.05798 0.33362
vt 0.98813 0.55705
vt 0.98960 0.55919
vt 0.98960 0.57777
vt 0.07878 0.97789
vt 0.01694 0.29461
vt 0.13894 0.91903
vt 0.99999 0.00966
vt 0.99999 0.02136
vt 0.99692 0.01004
vt 0.01846 0.29845
vt 0.99231 0.55580
vt 0.94977 0.22729
vt 0.13963 0.91703
vt 0.14370 0.91634
vt 0.14508 0.91928
vt 0.24969 0.79611
vt 0.20424 0.85443
vt 0.90209 0.16572
vt 0.08344 0.62332
vt 0.08311 0.62768
vt 0.07212 0.62768
vt 0.99651 0.02106
vt 0.05352 0.71375
vt 0.03013 0.71331
vt 0.03013 0.69329
vt 0.99286 0.55796
vt 0.14633 0.90563
vt 0.14855 0.90578
vt 0.19182 0.86024
vt 0.23442 0.79172
vt 0.71183 0.93551
vt 0.09821 0.60950
vt 0.09738 0.62312
vt 0.12963 0.70448
vt 0.90282 0.17593
vt 0.92125 0.17299
vt 0.02419 0.71484
vt 0.14124 0.48076
vt 0.13407 0.48278
vt 0.12968 0.45789
vt 0.24227 0.78446
vt 0.98137 0.05567
vt 0.98448 0.07335
vt 0.97917 0.05555
vt 0.23387 0.79242
vt 0.97900 0.07852
vt 0.45008 0.95381
vt 0.42486 0.95381
vt 0.44726 0.94764
vt 0.95074 0.20858
vt 0.92670 0.19112
vt 0.94744 0.19130
vt 0.02402 0.70120
vt 0.02385 0.02058
vt 0.02385 0.03595
vt 0.02068 0.02221
vt 0.56864 0.00197
vt 0.54376 0.00635
vt 0.52741 0.00015
vt 0.07178 0.59102
vt 0.95621 0.92611
vt 0.95939 0.93003
vt 0.95622 0.94377
vt 0.18482 0.85779
vt 0.93899 0.35160
vt 0.94812 0.36104
vt 0.93619 0.35686
vt 0.92177 0.17962
vt 0.23707 0.78033
vt 0.95177 0.34246
vt 0.00556 0.45445
vt 0.01426 0.45521
vt 0.00688 0.46187
vt 0.95970 0.91844
vt 0.96375 0.91816
vt 0.23380 0.76987
vt 0.23621 0.76942
vt 0.15100 0.50859
vt 0.23468 0.75230
vt 0.23778 0.75055
vt 0.94928 0.21856
vt 0.23977 0.79866
vt 0.15299 0.45895
vt 0.99225 0.88632
vt 0.99065 0.88139
vt 0.99884 0.88106
vt 0.12928 0.49960
vt 0.01365 0.46143
vt 0.94614 0.32980
vt 0.95426 0.33180
vt 0.91358 0.18130
vt 0.92421 0.28564
vt 0.92967 0.28325
vt 0.93072 0.28716
vt 0.12915 0.50834
vt 0.00329 0.89037
vt 0.00071 0.89829
vt 0.00125 0.89011
vt 0.90635 0.18121
vt 0.91511 0.28804
vt 0.00275 0.76200
vt 0.00104 0.77172
vt 0.00075 0.76154
vt 0.90135 0.28382
vt 0.01445 0.46651
vt 0.86843 0.98359
vt 0.86144 0.97583
vt 0.86798 0.96803
vt 0.86329 0.98395
vt 0.03046 0.68658
vt 0.90119 0.28756
vt 0.90332 0.18449
vt 0.85182 0.74924
vt 0.90030 0.74500
vt 0.87029 0.79001
vt 0.85057 0.78588
vt 0.00882 0.44067
vt 0.00882 0.44409
vt 0.00119 0.44035
vt 0.92366 0.21834
vt 0.00159 0.44408
vt 0.64939 0.99269
vt 0.65326 0.99269
vt 0.65200 0.99631
vt 0.23386 0.80488
vt 0.67897 0.96714
vt 0.68216 0.97184
vt 0.67897 0.97060
vt 0.07715 0.71247
vt 0.09934 0.72528
vt 0.06865 0.71991
vt 0.68221 0.96797
vt 0.90028 0.79026
vt 0.02987 0.68286
vt 0.06774 0.74946
vt 0.06810 0.73554
vt 0.07513 0.74681
vt 0.07533 0.75027
vt 0.82605 0.35792
vt 0.83295 0.38034
vt 0.82484 0.36116
vt 0.05602 0.68749
vt 0.75549 0.96157
vt 0.74926 0.96176
vt 0.74672 0.95814
vt 0.83066 0.38807
vt 0.75723 0.95437
vt 0.74771 0.95420
vt 0.30305 0.94981
vt 0.30873 0.94965
vt 0.31106 0.95543
vt 0.98088 0.26517
vt 0.97765 0.28910
vt 0.97759 0.26575
vt 0.09908 0.73480
vt 0.80886 0.35941
vt 0.81653 0.38977
vt 0.00637 0.02307
vt 0.00063 0.02849
vt 0.00077 0.02406
vt 0.28673 0.94752
vt 0.00601 0.03096
vt 0.02300 0.11945
vt 0.02180 0.13588
vt 0.01604 0.13690
vt 0.84015 0.38295
vt 0.84382 0.37954
vt 0.98079 0.28893
vt 0.01552 0.11773
vt 0.09830 0.59115
vt 0.70011 0.97657
vt 0.69952 0.98326
vt 0.69755 0.97302
vt 0.01819 0.64520
vt 0.01511 0.63793
vt 0.02192 0.64147
vt 0.73658 0.95807
vt 0.09887 0.74602
vt 0.01510 0.65521
vt 0.70015 0.97072
vt 0.73651 0.95493
vt 0.08319 0.59043
vt 0.02434 0.68286
vt 0.80800 0.41026
vt 0.82018 0.41159
vt 0.15305 0.99161
vt 0.15134 0.99688
vt 0.14960 0.99184
vt 0.83974 0.40009
vt 0.82923 0.41761
vt 0.82763 0.42297
vt 0.52907 0.92172
vt 0.07169 0.89121
vt 0.07077 0.88411
vt 0.13879 0.58849
vt 0.14366 0.60343
vt 0.13629 0.63092
vt 0.53999 0.31283
vt 0.54895 0.34403
vt 0.55171 0.37558
vt 0.14533 0.58862
vt 0.55183 0.32302
vt 0.56335 0.34016
vt 0.55042 0.30633
vt 0.14306 0.62718
vt 0.58702 0.32336
vt 0.14167 0.62924
vt 0.13869 0.63883
vt 0.03767 0.03799
vt 0.03767 0.00704
vt 0.04587 0.03702
vt 0.64797 0.03082
vt 0.66799 0.02387
vt 0.67112 0.03009
vt 0.58708 0.33900
vt 0.58488 0.30672
vt 0.68892 0.02949
vt 0.70821 0.01751
vt 0.69383 0.02885
vt 0.28928 0.62242
vt 0.30490 0.62313
vt 0.28971 0.62486
vt 0.68126 0.03101
vt 0.36755 0.62759
vt 0.32139 0.62204
vt 0.57569 0.56458
vt 0.65261 0.55297
vt 0.65359 0.56412
vt 0.32857 0.13596
vt 0.32472 0.12638
vt 0.32739 0.13069
vt 0.99470 0.50601
vt 0.99785 0.49969
vt 0.99775 0.50601
vt 0.55013 0.29083
vt 0.14585 0.63963
vt 0.99464 0.49899
vt 0.98026 0.49891
vt 0.98026 0.52360
vt 0.97872 0.51070
vt 0.99783 0.51326
vt 0.99483 0.50699
vt 0.99783 0.50693
vt 0.58619 0.26024
vt 0.99467 0.51358
vt 0.42488 0.97009
vt 0.42855 0.98139
vt 0.42647 0.98014
vt 0.34732 0.18762
vt 0.34034 0.18585
vt 0.33195 0.18228
vt 0.00340 0.75054
vt 0.00080 0.76072
vt 0.00075 0.75054
vt 0.00375 0.75563
vt 0.35700 0.15821
vt 0.98699 0.06341
vt 0.98670 0.04264
vt 0.98873 0.04355
vt 0.32520 0.20358
vt 0.29547 0.90582
vt 0.29547 0.93325
vt 0.29282 0.90567
vt 0.98929 0.06333
vt 0.36703 0.16006
vt 0.32928 0.13839
vt 0.97129 0.85307
vt 0.97428 0.85300
vt 0.97428 0.88137
vt 0.57103 0.55366
vt 0.40836 0.14579
vt 0.27709 0.00018
vt 0.27743 0.00650
vt 0.24995 0.00650
vt 0.97119 0.88054
vt 0.67457 0.89961
vt 0.67760 0.89987
vt 0.67679 0.92730
vt 0.31691 0.26400
vt 0.31355 0.24033
vt 0.37605 0.14985
vt 0.96114 0.93211
vt 0.96482 0.91849
vt 0.96450 0.93016
vt 0.70713 0.05330
vt 0.64552 0.94134
vt 0.64507 0.93625
vt 0.65720 0.94138
vt 0.24983 0.00000
vt 0.91174 0.91852
vt 0.91174 0.94491
vt 0.90542 0.91854
vt 0.97159 0.93827
vt 0.97073 0.91190
vt 0.97391 0.91105
vt 0.96966 0.91877
vt 0.96650 0.91841
vt 0.96650 0.89114
vt 0.69021 0.56376
vt 0.66443 0.56200
vt 0.68706 0.56229
vt 0.97424 0.93837
vt 0.39075 0.14134
vt 0.32177 0.17821
vt 0.96996 0.89063
vt 0.33641 0.00127
vt 0.37495 0.00012
vt 0.33764 0.00588
vt 0.36347 0.00494
vt 0.95801 0.99178
vt 0.96168 0.98870
vt 0.97045 0.99127
vt 0.98803 0.81094
vt 0.99548 0.81009
vt 0.99548 0.83273
vt 0.66389 0.56147
vt 0.65486 0.56288
vt 0.65972 0.55955
vt 0.29232 0.93221
vt 0.98801 0.83244
vt 0.90467 0.94459
vt 0.53135 0.99055
vt 0.53969 0.99344
vt 0.53756 0.99634
vt 0.53153 0.99644
vt 0.45834 0.93593
vt 0.45834 0.90849
vt 0.46562 0.93351
vt 0.67148 0.94093
vt 0.67159 0.93506
vt 0.96402 0.94445
vt 0.02034 0.48577
vt 0.02034 0.50372
vt 0.01568 0.50237
vt 0.05792 0.65008
vt 0.05499 0.68354
vt 0.05320 0.64938
vt 0.92123 0.93824
vt 0.91769 0.93887
vt 0.91960 0.91306
vt 0.06186 0.99947
vt 0.05419 0.99947
vt 0.06083 0.99703
vt 0.87540 0.98860
vt 0.87540 0.99589
vt 0.87221 0.98872
vt 0.37609 0.15973
vt 0.42166 0.15365
vt 0.87197 0.99521
vt 0.00847 0.05793
vt 0.01272 0.04426
vt 0.01331 0.05751
vt 0.00451 0.01472
vt 0.00699 0.02004
vt 0.00457 0.02230
vt 0.02064 0.81433
vt 0.02788 0.81212
vt 0.02338 0.82670
vt 0.94624 0.55932
vt 0.95373 0.55943
vt 0.95373 0.58855
vt 0.36145 0.18735
vt 0.36514 0.18244
vt 0.37090 0.18560
vt 0.00820 0.04412
vt 0.29283 0.19251
vt 0.30872 0.17370
vt 0.05886 0.68429
vt 0.94572 0.58875
vt 0.66055 0.53347
vt 0.89376 0.65944
vt 0.89432 0.62187
vt 0.89827 0.64259
vt 0.69282 0.52964
vt 0.04317 0.92955
vt 0.06780 0.93815
vt 0.06594 0.94389
vt 0.68845 0.53288
vt 0.97342 0.05669
vt 0.97342 0.08588
vt 0.95192 0.05673
vt 0.89814 0.66001
vt 0.02421 0.82819
vt 0.03334 0.80008
vt 0.03139 0.83023
vt 0.89312 0.67414
vt 0.66570 0.53197
vt 0.04150 0.93759
vt 0.89750 0.67677
vt 0.62648 0.74328
vt 0.64390 0.74328
vt 0.62638 0.74764
vt 0.64464 0.74883
vt 0.66167 0.74885
vt 0.60971 0.74289
vt 0.03982 0.80228
vt 0.51514 0.03453
vt 0.49613 0.02344
vt 0.51178 0.01790
vt 0.52306 0.79457
vt 0.52103 0.80016
vt 0.52043 0.78341
vt 0.58877 0.84536
vt 0.57679 0.84497
vt 0.57768 0.84239
vt 0.60946 0.74762
vt 0.50068 0.03251
vt 0.29507 0.17053
vt 0.04075 0.93528
vt 0.46736 0.02359
vt 0.67703 0.52585
vt 0.95105 0.08584
vt 0.52309 0.80853
vt 0.20773 0.17680
vt 0.21264 0.15674
vt 0.22735 0.15523
vt 0.22622 0.12481
vt 0.22005 0.17790
vt 0.99493 0.57458
vt 0.99106 0.57389
vt 0.99453 0.55249
vt 0.39572 0.86735
vt 0.40067 0.86602
vt 0.43670 0.86713
vt 0.63433 0.52429
vt 0.52090 0.82690
vt 0.98332 0.86887
vt 0.97516 0.89095
vt 0.97533 0.86818
vt 0.98200 0.89120
vt 0.91641 0.29041
vt 0.91641 0.33262
vt 0.89950 0.29019
vt 0.41285 0.95333
vt 0.41285 0.94712
vt 0.43808 0.94902
vt 0.56374 0.84198
vt 0.24978 0.84399
vt 0.25697 0.84214
vt 0.28232 0.84214
vt 0.47211 0.86729
vt 0.45577 0.86586
vt 0.47328 0.86484
vt 0.29280 0.84241
vt 0.31185 0.84215
vt 0.29996 0.84433
vt 0.22487 0.89191
vt 0.21354 0.89328
vt 0.18884 0.89112
vt 0.32532 0.84470
vt 0.71434 0.52701
vt 0.29199 0.84470
vt 0.01994 0.40169
vt 0.01658 0.40109
vt 0.01899 0.38321
vt 0.24073 0.13059
vt 0.20016 0.89319
vt 0.48547 0.86658
vt 0.54530 0.84359
vt 0.48321 0.03928
vt 0.33501 0.84225
vt 0.49671 0.86408
vt 0.29155 0.84239
vt 0.89885 0.30772
vt 0.89799 0.33114
vt 0.20520 0.10742
vt 0.20704 0.10174
vt 0.46169 0.02773
vt 0.46922 0.03930
vt 0.24693 0.12008
vt 0.00429 0.80887
vt 0.00189 0.81782
vt 0.00171 0.80800
vt 0.05474 0.47294
vt 0.05587 0.48754
vt 0.05319 0.49136
vt 0.25785 0.12521
vt 0.00632 0.58192
vt 0.00068 0.58376
vt 0.00249 0.57783
vt 0.28243 0.11811
vt 0.29455 0.10326
vt 0.05488 0.50854
vt 0.03000 0.00850
vt 0.02723 0.00000
vt 0.04530 0.00051
vt 0.42306 0.12480
vt 0.42916 0.13775
vt 0.70555 0.06153
vt 0.47095 0.01773
vt 0.45584 0.02299
vt 0.91385 0.87698
vt 0.91385 0.90641
vt 0.88005 0.89470
vt 0.31578 0.41234
vt 0.30503 0.39538
vt 0.31350 0.39554
vt 0.69292 0.63937
vt 0.67210 0.69179
vt 0.65736 0.69024
vt 0.24427 0.65815
vt 0.21012 0.65916
vt 0.27613 0.63412
vt 0.83051 0.46345
vt 0.83196 0.42176
vt 0.84983 0.48119
vt 0.33450 0.86411
vt 0.33515 0.89827
vt 0.33003 0.87638
vt 0.68332 0.67683
vt 0.32969 0.86449
vt 0.32988 0.42063
vt 0.69401 0.65855
vt 0.69819 0.64052
vt 0.71606 0.65415
vt 0.42680 0.92060
vt 0.45449 0.92060
vt 0.45465 0.92982
vt 0.72914 0.68751
vt 0.87625 0.93214
vt 0.87258 0.94345
vt 0.84861 0.93048
vt 0.39330 0.91320
vt 0.36608 0.91444
vt 0.36930 0.90447
vt 0.82250 0.42847
vt 0.20024 0.53246
vt 0.25449 0.55008
vt 0.20747 0.54834
vt 0.44345 0.99527
vt 0.44244 0.98372
vt 0.44883 0.99494
vt 0.89519 0.23760
vt 0.89211 0.23760
vt 0.89381 0.19211
vt 0.74034 0.67369
vt 0.89679 0.20209
vt 0.97110 0.82981
vt 0.97337 0.82358
vt 0.97318 0.85226
vt 0.72549 0.99272
vt 0.73274 0.99272
vt 0.73197 0.99928
vt 0.24925 0.01428
vt 0.27583 0.01453
vt 0.26051 0.01627
vt 0.29272 0.42586
vt 0.39361 0.90596
vt 0.25057 0.00780
vt 0.27491 0.00724
vt 0.28731 0.72539
vt 0.28975 0.72540
vt 0.29198 0.75091
vt 0.44951 0.98445
vt 0.36277 0.90447
vt 0.29302 0.01531
vt 0.28810 0.77035
vt 0.28941 0.76122
vt 0.57874 0.98126
vt 0.57199 0.98346
vt 0.57033 0.96652
vt 0.02826 0.45762
vt 0.03047 0.43242
vt 0.03127 0.46353
vt 0.99793 0.40981
vt 0.99573 0.41657
vt 0.99157 0.40834
vt 0.35449 0.45604
vt 0.35779 0.42713
vt 0.37695 0.43159
vt 0.40563 0.43116
vt 0.40551 0.46348
vt 0.34024 0.42498
vt 0.89923 0.00560
vt 0.86980 0.00314
vt 0.89902 0.00317
vt 0.37950 0.46122
vt 0.29344 0.48106
vt 0.89417 0.70437
vt 0.91056 0.69998
vt 0.92374 0.70523
vt 0.86965 0.00636
vt 0.32427 0.47423
vt 0.24805 0.91396
vt 0.24253 0.92184
vt 0.21568 0.91357
vt 0.42096 0.90710
vt 0.40445 0.92982
vt 0.40511 0.90949
vt 0.62876 0.73673
vt 0.62959 0.73984
vt 0.60669 0.73610
vt 0.60874 0.74218
vt 0.58908 0.74637
vt 0.57751 0.74213
vt 0.58435 0.73537
vt 0.55577 0.74670
vt 0.56452 0.73854
vt 0.57611 0.74665
vt 0.60805 0.74529
vt 0.01384 0.66307
vt 0.01384 0.67910
vt 0.01117 0.66949
vt 0.54346 0.74647
vt 0.52449 0.74528
vt 0.53799 0.74189
vt 0.34738 0.99015
vt 0.35347 0.98972
vt 0.34758 0.99777
vt 0.01960 0.00696
vt 0.02268 0.00614
vt 0.02400 0.01867
vt 0.01952 0.02088
vt 0.67608 0.86883
vt 0.70935 0.88148
vt 0.58381 0.90965
vt 0.60470 0.91148
vt 0.57138 0.91176
vt 0.57656 0.73905
vt 0.64417 0.91280
vt 0.64364 0.91889
vt 0.61546 0.91216
vt 0.63161 0.91969
vt 0.11115 0.92943
vt 0.11163 0.92249
vt 0.14034 0.92249
vt 0.61567 0.92426
vt 0.54831 0.73504
vt 0.71311 0.86755
vt 0.02434 0.79641
vt 0.02857 0.81051
vt 0.02358 0.81083
vt 0.14097 0.92823
vt 0.50052 0.04841
vt 0.51245 0.04264
vt 0.51262 0.04841
vt 0.01492 0.41727
vt 0.01492 0.42966
vt 0.00909 0.41741
vt 0.32297 0.47651
vt 0.49482 0.04717
vt 0.03395 0.79397
vt 0.02127 0.60286
vt 0.02127 0.62025
vt 0.01525 0.61502
vt 0.39747 0.90392
vt 0.36341 0.90392
vt 0.37722 0.87797
vt 0.89353 0.81767
vt 0.89877 0.84291
vt 0.89353 0.83967
vt 0.40308 0.62746
vt 0.36619 0.65420
vt 0.36855 0.62444
vt 0.47073 0.04819
vt 0.90040 0.80589
vt 0.47788 0.04510
vt 0.89250 0.79991
vt 0.63245 0.00508
vt 0.63156 0.00004
vt 0.65015 0.00328
vt 0.61048 0.00596
vt 0.61058 0.00025
vt 0.43271 0.65356
vt 0.09857 0.32641
vt 0.10654 0.32641
vt 0.09857 0.35051
vt 0.81030 0.47014
vt 0.80811 0.47073
vt 0.80700 0.40421
vt 0.29226 0.14332
vt 0.30046 0.15674
vt 0.28338 0.15248
vt 0.45036 0.04668
vt 0.99945 0.05733
vt 0.99838 0.06342
vt 0.99805 0.04363
vt 0.82657 0.02531
vt 0.82610 0.00840
vt 0.82895 0.01641
vt 0.10356 0.37344
vt 0.82973 0.03429
vt 0.80541 0.90746
vt 0.80890 0.92576
vt 0.80644 0.93496
vt 0.28229 0.18008
vt 0.30122 0.13158
vt 0.80821 0.90886
vt 0.34758 0.15035
vt 0.33830 0.16924
vt 0.82874 0.00673
vt 0.25385 0.20658
vt 0.26481 0.20536
vt 0.24772 0.20303
vt 0.21012 0.62999
vt 0.67608 0.88333
vt 0.27481 0.19145
vt 0.66862 0.75511
vt 0.67481 0.79024
vt 0.62534 0.75068
vt 0.67131 0.74953
vt 0.62557 0.78526
vt 0.67363 0.75865
vt 0.07123 0.87712
vt 0.10686 0.87873
vt 0.10208 0.87982
vt 0.67005 0.75980
vt 0.16072 0.16818
vt 0.20846 0.15514
vt 0.18449 0.16694
vt 0.92163 0.92900
vt 0.94831 0.92769
vt 0.94070 0.93067
vt 0.94819 0.94074
vt 0.10273 0.88886
vt 0.36065 0.96181
vt 0.36037 0.95565
vt 0.38062 0.95565
vt 0.49169 0.64593
vt 0.48543 0.66519
vt 0.45502 0.63050
vt 0.84665 0.64184
vt 0.84669 0.68783
vt 0.82097 0.68783
vt 0.14954 0.64013
vt 0.15437 0.65048
vt 0.13523 0.65125
vt 0.89681 0.55722
vt 0.89829 0.56617
vt 0.89460 0.56547
vt 0.38100 0.96123
vt 0.12927 0.64202
vt 0.46241 0.98537
vt 0.47256 0.97799
vt 0.47117 0.99199
vt 0.58337 0.97763
vt 0.58872 0.97454
vt 0.58846 0.98794
vt 0.07449 0.88976
vt 0.20028 0.20827
vt 0.60918 0.00070
vt 0.56946 0.00630
vt 0.56940 0.00070
vt 0.68527 0.07700
vt 0.67254 0.07209
vt 0.68157 0.06307
vt 0.39533 0.79726
vt 0.39533 0.75302
vt 0.39706 0.78057
vt 0.17978 0.21704
vt 0.15330 0.62289
vt 0.60970 0.00546
vt 0.41303 0.98907
vt 0.41175 0.97549
vt 0.42367 0.98162
vt 0.01262 0.16285
vt 0.00770 0.15434
vt 0.01331 0.14880
vt 0.42827 0.67013
vt 0.47422 0.66774
vt 0.09620 0.08547
vt 0.10235 0.09873
vt 0.09744 0.12656
vt 0.48013 0.68088
vt 0.58856 0.35589
vt 0.62262 0.34989
vt 0.58840 0.38161
vt 0.14954 0.59988
vt 0.43600 0.68774
vt 0.42324 0.98949
vt 0.44391 0.62092
vt 0.10490 0.08923
vt 0.45627 0.62516
vt 0.09880 0.08104
vt 0.67573 0.37773
vt 0.67506 0.35076
vt 0.95107 0.00007
vt 0.97439 0.00007
vt 0.96740 0.00393
vt 0.00006 0.49014
vt 0.00006 0.48465
vt 0.00479 0.48942
vt 0.00544 0.48435
vt 0.74232 0.06227
vt 0.75719 0.06366
vt 0.75719 0.10831
vt 0.37108 0.59319
vt 0.35868 0.58176
vt 0.36948 0.57096
vt 0.01249 0.54719
vt 0.00452 0.54719
vt 0.00620 0.54236
vt 0.16770 0.96574
vt 0.16385 0.95881
vt 0.17540 0.95072
vt 0.05088 0.99249
vt 0.05693 0.97900
vt 0.05626 0.99249
vt 0.13152 0.48257
vt 0.12660 0.48111
vt 0.12868 0.45734
vt 0.78987 0.66779
vt 0.62267 0.97418
vt 0.61289 0.97680
vt 0.60344 0.97420
vt 0.41833 0.68855
vt 0.47203 0.69864
vt 0.41833 0.69796
vt 0.05062 0.97943
vt 0.34255 0.57240
vt 0.64715 0.07176
vt 0.15277 0.95108
vt 0.47462 0.68862
vt 0.00972 0.82174
vt 0.01868 0.81701
vt 0.02329 0.83122
vt 0.65309 0.06548
vt 0.89786 0.51187
vt 0.79039 0.64324
vt 0.34113 0.57925
vt 0.72862 0.10790
vt 0.01125 0.83331
vt 0.92150 0.05167
vt 0.93142 0.05881
vt 0.93142 0.09005
vt 0.91851 0.09190
vt 0.66456 0.02198
vt 0.66395 0.01033
vt 0.70423 0.00803
vt 0.92157 0.05094
vt 0.89033 0.05146
vt 0.88924 0.03901
vt 0.78163 0.68758
vt 0.75273 0.86351
vt 0.72647 0.88438
vt 0.71251 0.87347
vt 0.12654 0.43522
vt 0.62495 0.07250
vt 0.08549 0.48025
vt 0.08509 0.43489
vt 0.74147 0.89737
vt 0.31732 0.92130
vt 0.32197 0.91777
vt 0.32700 0.92496
vt 0.32051 0.89695
vt 0.32529 0.89841
vt 0.63433 0.42733
vt 0.32130 0.57991
vt 0.12020 0.06326
vt 0.11565 0.03748
vt 0.12044 0.03609
vt 0.11802 0.03091
vt 0.49039 0.96738
vt 0.48996 0.96254
vt 0.51004 0.96724
vt 0.78243 0.66794
vt 0.11588 0.07883
vt 0.02437 0.64442
vt 0.02417 0.63943
vt 0.03136 0.64135
vt 0.50958 0.96109
vt 0.12966 0.03143
vt 0.12257 0.03073
vt 0.02911 0.64545
vt 0.61388 0.06866
vt 0.67352 0.48574
vt 0.67119 0.51552
vt 0.65154 0.51552
vt 0.03089 0.67123
vt 0.31442 0.57344
vt 0.58909 0.42095
vt 0.05502 0.03426
vt 0.06300 0.05884
vt 0.03705 0.04226
vt 0.11972 0.07603
vt 0.67486 0.40586
vt 0.36479 0.98070
vt 0.37758 0.98390
vt 0.37691 0.99159
vt 0.51100 0.94393
vt 0.51157 0.93351
vt 0.51510 0.93738
vt 0.13748 0.06183
vt 0.88396 0.00706
vt 0.51096 0.01500
vt 0.56615 0.01415
vt 0.52327 0.01717
vt 0.65190 0.46983
vt 0.68937 0.10527
vt 0.94926 0.96850
vt 0.94688 0.97945
vt 0.94191 0.97425
vt 0.67365 0.42950
vt 0.92385 0.00958
vt 0.61415 0.07550
vt 0.53602 0.93550
vt 0.88356 0.01268
vt 0.22929 0.83942
vt 0.23573 0.83142
vt 0.24257 0.83142
vt 0.36619 0.99229
vt 0.04226 0.07279
vt 0.93868 0.96302
vt 0.54879 0.02578
vt 0.28553 0.32160
vt 0.27194 0.33192
vt 0.26680 0.30979
vt 0.26024 0.31495
vt 0.57678 0.95547
vt 0.55178 0.95547
vt 0.55377 0.94698
vt 0.70757 0.83853
vt 0.75116 0.83853
vt 0.75019 0.84531
vt 0.25195 0.83876
vt 0.69654 0.85946
vt 0.71248 0.85946
vt 0.69752 0.86740
vt 0.71331 0.86524
vt 0.23175 0.79590
vt 0.67388 0.86035
vt 0.67435 0.86718
vt 0.29284 0.78042
vt 0.29445 0.76207
vt 0.29340 0.80521
vt 0.29075 0.57385
vt 0.94288 0.16584
vt 0.92555 0.13678
vt 0.27408 0.35295
vt 0.74601 0.97418
vt 0.76224 0.97418
vt 0.75566 0.98430
vt 0.51040 0.71648
vt 0.54646 0.72106
vt 0.51755 0.72149
vt 0.30201 0.58606
vt 0.65364 0.99176
vt 0.64100 0.98548
vt 0.65307 0.98523
vt 0.81978 0.09891
vt 0.84532 0.07829
vt 0.84260 0.10293
vt 0.68823 0.06955
vt 0.09331 0.11923
vt 0.09348 0.16350
vt 0.08767 0.16401
vt 0.64188 0.99104
vt 0.27374 0.37421
vt 0.56564 0.71782
vt 0.92010 0.33115
vt 0.91697 0.32963
vt 0.91697 0.28966
vt 0.68503 0.08769
vt 0.68712 0.06259
vt 0.80428 0.10261
vt 0.79007 0.06068
vt 0.56523 0.72174
vt 0.92995 0.32825
vt 0.92907 0.30411
vt 0.56908 0.03402
vt 0.55846 0.03588
vt 0.82780 0.04629
vt 0.80304 0.04614
vt 0.41530 0.92880
vt 0.42116 0.91268
vt 0.42212 0.93975
vt 0.84668 0.05314
vt 0.27028 0.38323
vt 0.29207 0.59613
vt 0.27304 0.38586
vt 0.29598 0.59576
vt 0.08760 0.11863
vt 0.65181 0.43045
vt 0.33726 0.87954
vt 0.36385 0.88471
vt 0.36409 0.90084
vt 0.00638 0.99414
vt 0.00736 0.99993
vt 0.00115 0.99993
vt 0.67412 0.43049
vt 0.00065 0.99406
vt 0.78163 0.05153
vt 0.26891 0.39789
vt 0.00363 0.22211
vt 0.01388 0.21878
vt 0.00975 0.22644
vt 0.26619 0.41457
vt 0.01085 0.76356
vt 0.00998 0.77421
vt 0.00475 0.77328
vt 0.00465 0.76377
vt 0.78418 0.06070
vt 0.97714 0.16823
vt 0.98225 0.17527
vt 0.95872 0.18295
vt 0.94288 0.12631
vt 0.27957 0.38474
vt 0.10895 0.33885
vt 0.10895 0.38602
vt 0.10316 0.38577
vt 0.89041 0.70831
vt 0.90032 0.67781
vt 0.88775 0.72327
vt 0.74195 0.97936
vt 0.72855 0.96962
vt 0.74269 0.97041
vt 0.32074 0.95956
vt 0.32559 0.97448
vt 0.32230 0.97541
vt 0.00856 0.19142
vt 0.00856 0.17727
vt 0.01195 0.19101
vt 0.88736 0.67643
vt 0.02598 0.91395
vt 0.01705 0.90166
vt 0.02427 0.89896
vt 0.71204 0.38474
vt 0.68521 0.42483
vt 0.67651 0.38474
vt 0.17234 0.86127
vt 0.15976 0.85248
vt 0.17391 0.85239
vt 0.53184 0.60530
vt 0.53310 0.59092
vt 0.53761 0.62709
vt 0.88077 0.68928
vt 0.76069 0.70929
vt 0.74540 0.71063
vt 0.76067 0.70158
vt 0.61459 0.91217
vt 0.61459 0.93926
vt 0.61052 0.91243
vt 0.02454 0.71947
vt 0.03337 0.73822
vt 0.03337 0.75126
vt 0.69578 0.42015
vt 0.87442 0.18964
vt 0.87780 0.21254
vt 0.87442 0.21145
vt 0.19842 0.85159
vt 0.05906 0.32371
vt 0.06250 0.32463
vt 0.06088 0.36013
vt 0.52749 0.61354
vt 0.02416 0.74976
vt 0.67492 0.44718
vt 0.87187 0.71491
vt 0.70605 0.70256
vt 0.87609 0.15697
vt 0.71251 0.46543
vt 0.88732 0.72308
vt 0.71428 0.44029
vt 0.83505 0.70718
vt 0.44883 0.05306
vt 0.42947 0.02410
vt 0.45119 0.02608
vt 0.87357 0.15215
vt 0.83247 0.87922
vt 0.83283 0.87516
vt 0.87038 0.87753
vt 0.39023 0.05444
vt 0.67711 0.44807
vt 0.50919 0.62865
vt 0.74179 0.90010
vt 0.75683 0.92081
vt 0.71890 0.91994
vt 0.22556 0.63013
vt 0.28880 0.60168
vt 0.28803 0.63013
vt 0.67691 0.46569
vt 0.50317 0.62151
vt 0.78127 0.89204
vt 0.80472 0.91961
vt 0.20835 0.62638
vt 0.47358 0.61817
vt 0.56872 0.97055
vt 0.56039 0.98286
vt 0.55979 0.97213
vt 0.02379 0.88166
vt 0.01472 0.88191
vt 0.01799 0.88011
vt 0.58877 0.97273
vt 0.57962 0.97845
vt 0.57231 0.96752
vt 0.01804 0.86696
vt 0.22638 0.97138
vt 0.22152 0.98632
vt 0.21935 0.97116
vt 0.98862 0.58758
vt 0.99426 0.57549
vt 0.29040 0.55446
vt 0.46197 0.63020
vt 0.55382 0.98084
vt 0.21037 0.55096
vt 0.55234 0.97011
vt 0.14963 0.88021
vt 0.15767 0.88672
vt 0.14510 0.88559
vt 0.15734 0.87981
vt 0.15767 0.89335
vt 0.02412 0.68227
vt 0.02650 0.65040
vt 0.44724 0.00639
vt 0.48823 0.00160
vt 0.48744 0.00639
vt 0.24834 0.71486
vt 0.25041 0.72399
vt 0.24389 0.73264
vt 0.46804 0.00061
vt 0.22314 0.71512
vt 0.25108 0.70208
vt 0.20374 0.73077
vt 0.20265 0.71724
vt 0.17306 0.86453
vt 0.62986 0.59083
vt 0.70531 0.59083
vt 0.64934 0.62777
vt 0.46039 0.59464
vt 0.46784 0.61351
vt 0.96710 0.94587
vt 0.96710 0.91957
vt 0.97037 0.92089
vt 0.99623 0.97422
vt 0.99977 0.97422
vt 0.99717 0.98726
vt 0.46463 0.59316
vt 0.17190 0.88272
vt 0.39482 0.80335
vt 0.39934 0.78646
vt 0.39425 0.83034
vt 0.16743 0.88059
vt 0.99747 0.04152
vt 0.99747 0.06253
vt 0.99252 0.06244
vt 0.40065 0.82076
vt 0.67564 0.20061
vt 0.64934 0.17370
vt 0.67564 0.17325
vt 0.96656 0.80517
vt 0.96417 0.77791
vt 0.96829 0.77612
vt 0.67875 0.17168
vt 0.69809 0.21241
vt 0.71434 0.17223
vt 0.67573 0.22418
vt 0.41449 0.61162
vt 0.33438 0.61162
vt 0.37482 0.60249
vt 0.70917 0.21264
vt 0.67519 0.25185
vt 0.71147 0.25403
vt 0.77206 0.92036
vt 0.99487 0.59760
vt 0.03140 0.68098
vt 0.20904 0.88989
vt 0.17673 0.88830
vt 0.20435 0.88819
vt 0.20558 0.88565
vt 0.77960 0.27953
vt 0.75324 0.23130
vt 0.76920 0.25494
vt 0.00268 0.20609
vt 0.00533 0.20512
vt 0.00505 0.21459
vt 0.79923 0.25297
vt 0.79030 0.26214
vt 0.21300 0.88299
vt 0.64855 0.51402
vt 0.63643 0.51508
vt 0.64810 0.44629
vt 0.74842 0.23023
vt 0.77300 0.23072
vt 0.79133 0.23705
vt 0.44437 0.75465
vt 0.44660 0.74633
vt 0.44437 0.76347
vt 0.64975 0.42908
vt 0.64187 0.42889
vt 0.98707 0.65920
vt 0.98707 0.63695
vt 0.98892 0.65275
vt 0.17669 0.88391
vt 0.63589 0.42947
vt 0.40913 0.75678
vt 0.44331 0.76406
vt 0.41545 0.76145
vt 0.68095 0.97286
vt 0.68179 0.97582
vt 0.67889 0.97216
vt 0.80185 0.21562
vt 0.99984 0.36548
vt 0.99593 0.36747
vt 0.99366 0.36339
vt 0.28986 0.09627
vt 0.37547 0.09678
vt 0.31347 0.10044
vt 0.10684 0.43117
vt 0.10326 0.43418
vt 0.10677 0.40534
vt 0.78609 0.20500
vt 0.77122 0.19071
vt 0.31799 0.10368
vt 0.34264 0.10360
vt 0.89587 0.10723
vt 0.89789 0.10805
vt 0.89401 0.15240
vt 0.89747 0.13388
vt 0.97785 0.42190
vt 0.98495 0.42203
vt 0.98495 0.44590
vt 0.40767 0.76436
vt 0.34846 0.10512
vt 0.98102 0.49866
vt 0.98496 0.49796
vt 0.98299 0.52255
vt 0.39921 0.74390
vt 0.89702 0.14375
vt 0.10387 0.38673
vt 0.97703 0.44654
vt 0.14570 0.92861
vt 0.15393 0.93082
vt 0.12421 0.93062
vt 0.33412 0.31729
vt 0.31796 0.27735
vt 0.33069 0.29286
vt 0.42497 0.70874
vt 0.40695 0.70874
vt 0.42486 0.70356
vt 0.38831 0.70905
vt 0.13025 0.90549
vt 0.11215 0.91258
vt 0.11180 0.90549
vt 0.39682 0.76314
vt 0.95709 0.77608
vt 0.96334 0.80521
vt 0.95462 0.80425
vt 0.31043 0.27972
vt 0.45711 0.91922
vt 0.42686 0.91979
vt 0.42686 0.89592
vt 0.36894 0.70398
vt 0.36893 0.70965
vt 0.04139 0.85021
vt 0.04924 0.81813
vt 0.04933 0.85021
vt 0.20517 0.52478
vt 0.29258 0.52577
vt 0.26183 0.52974
vt 0.34798 0.13376
vt 0.34310 0.12204
vt 0.31820 0.13576
vt 0.38836 0.70375
vt 0.66417 0.86825
vt 0.62869 0.87158
vt 0.64646 0.86825
vt 0.22536 0.52846
vt 0.96305 0.77657
vt 0.75221 0.57368
vt 0.69352 0.53256
vt 0.73546 0.53767
vt 0.20600 0.52691
vt 0.72458 0.53111
vt 0.31612 0.29757
vt 0.30105 0.33027
vt 0.01664 0.22103
vt 0.01664 0.20219
vt 0.02138 0.22032
vt 0.22162 0.89316
vt 0.23931 0.89211
vt 0.22232 0.89709
vt 0.72215 0.97414
vt 0.71706 0.98863
vt 0.71736 0.97414
vt 0.95477 0.77640
vt 0.62295 0.53230
vt 0.62694 0.52230
vt 0.00778 0.63709
vt 0.00072 0.64010
vt 0.00146 0.63654
vt 0.00773 0.63994
vt 0.96987 0.85684
vt 0.96706 0.85634
vt 0.96952 0.82814
vt 0.14338 0.91342
vt 0.73077 0.53387
vt 0.45809 0.89512
vt 0.01041 0.71433
vt 0.00260 0.71433
vt 0.01038 0.71089
vt 0.00267 0.71088
vt 0.62960 0.54671
vt 0.00057 0.03249
vt 0.00350 0.03115
vt 0.00594 0.03865
vt 0.00311 0.03939
vt 0.62764 0.86808
vt 0.72185 0.98884
vt 0.25812 0.89253
vt 0.98143 0.96560
vt 0.97695 0.97938
vt 0.96004 0.97317
vt 0.61596 0.53996
vt 0.25785 0.89729
vt 0.30239 0.30284
vt 0.34344 0.13562
vt 0.02133 0.35789
vt 0.02133 0.37648
vt 0.01669 0.35908
vt 0.14383 0.90558
vt 0.38440 0.99045
vt 0.38440 0.98354
vt 0.38748 0.98532
vt 0.98721 0.99869
vt 0.98166 0.99898
vt 0.98783 0.99652
vt 0.04021 0.81998
vt 0.95458 0.86367
vt 0.95510 0.83562
vt 0.96288 0.83494
vt 0.74627 0.50965
vt 0.34975 0.13684
vt 0.28610 0.28777
vt 0.96915 0.80487
vt 0.96915 0.77592
vt 0.97232 0.77652
vt 0.97136 0.79400
vt 0.97428 0.79408
vt 0.97428 0.82281
vt 0.98609 0.44684
vt 0.97713 0.47162
vt 0.97827 0.44752
vt 0.01108 0.66671
vt 0.01108 0.65095
vt 0.01294 0.65710
vt 0.98635 0.47159
vt 0.30357 0.89381
vt 0.30357 0.92234
vt 0.29690 0.89356
vt 0.31478 0.37170
vt 0.29205 0.33756
vt 0.29623 0.92235
vt 0.50286 0.83588
vt 0.50286 0.79243
vt 0.50615 0.82046
vt 0.62748 0.89630
vt 0.54473 0.84104
vt 0.54473 0.84580
vt 0.50129 0.84519
vt 0.97119 0.82279
vt 0.02958 0.18440
vt 0.02621 0.18369
vt 0.02621 0.15563
vt 0.56916 0.89665
vt 0.56240 0.92499
vt 0.56282 0.89665
vt 0.96660 0.82800
vt 0.63493 0.48175
vt 0.31149 0.39449
vt 0.56793 0.92526
vt 0.02981 0.15426
vt 0.96138 0.86391
vt 0.95404 0.89342
vt 0.95404 0.86446
vt 0.96192 0.86453
vt 0.99797 0.57431
vt 0.99826 0.59627
vt 0.99574 0.57470
vt 0.58857 0.55277
vt 0.89767 0.42224
vt 0.92711 0.42327
vt 0.89861 0.42575
vt 0.02404 0.59230
vt 0.03150 0.59578
vt 0.02403 0.62381
vt 0.99586 0.59590
vt 0.92724 0.42618
vt 0.03148 0.56178
vt 0.03148 0.59329
vt 0.02805 0.59318
vt 0.72182 0.17266
vt 0.74188 0.50836
vt 0.28319 0.31151
vt 0.21928 0.49519
vt 0.24680 0.49519
vt 0.21832 0.50863
vt 0.30269 0.50619
vt 0.05389 0.44530
vt 0.05503 0.44625
vt 0.05303 0.48066
vt 0.00459 0.67577
vt 0.00508 0.67289
vt 0.01062 0.67289
vt 0.01092 0.67579
vt 0.30694 0.49387
vt 0.74981 0.50845
vt 0.55184 0.09774
vt 0.58721 0.09774
vt 0.53685 0.10136
vt 0.00437 0.90005
vt 0.00354 0.90680
vt 0.00063 0.89910
vt 0.48189 0.70490
vt 0.49414 0.71052
vt 0.48259 0.71292
vt 0.58558 0.25276
vt 0.53868 0.25861
vt 0.56800 0.21806
vt 0.00101 0.02301
vt 0.00344 0.01551
vt 0.00399 0.02217
vt 0.01595 0.14162
vt 0.01595 0.15590
vt 0.01507 0.13674
vt 0.62123 0.09926
vt 0.99028 0.98791
vt 0.97520 0.98791
vt 0.97590 0.98558
vt 0.58876 0.19523
vt 0.57341 0.20131
vt 0.73814 0.10866
vt 0.67659 0.98084
vt 0.65997 0.98230
vt 0.65958 0.98018
vt 0.74240 0.89918
vt 0.75284 0.86705
vt 0.57265 0.18308
vt 0.53615 0.20294
vt 0.73540 0.18605
vt 0.53680 0.22054
vt 0.04015 0.75255
vt 0.04890 0.75255
vt 0.04660 0.78572
vt 0.49531 0.70872
vt 0.52154 0.71531
vt 0.73181 0.19149
vt 0.54181 0.18415
vt 0.52144 0.70908
vt 0.39695 0.00648
vt 0.35793 0.00648
vt 0.38871 0.00353
vt 0.52703 0.22432
vt 0.52648 0.18211
vt 0.53003 0.18360
vt 0.50429 0.15759
vt 0.53359 0.70897
vt 0.53762 0.70709
vt 0.53592 0.71433
vt 0.63569 0.54566
vt 0.63323 0.51925
vt 0.58642 0.55063
vt 0.72144 0.14971
vt 0.69307 0.16638
vt 0.75001 0.90183
vt 0.06602 0.28516
vt 0.06602 0.32164
vt 0.06504 0.29914
vt 0.99949 0.31938
vt 0.99949 0.34095
vt 0.98901 0.33197
vt 0.89267 0.59387
vt 0.89267 0.57748
vt 0.89378 0.59437
vt 0.89211 0.63162
vt 0.14883 0.19573
vt 0.17755 0.21499
vt 0.08007 0.70552
vt 0.08245 0.69898
vt 0.08252 0.71422
vt 0.07166 0.71573
vt 0.07166 0.67797
vt 0.07391 0.70697
vt 0.15948 0.16870
vt 0.08161 0.67647
vt 0.25060 0.88543
vt 0.21331 0.88543
vt 0.25092 0.86194
vt 0.14111 0.17457
vt 0.22502 0.86387
vt 0.80056 0.76716
vt 0.85019 0.76490
vt 0.83536 0.77329
vt 0.15567 0.03302
vt 0.14278 0.06339
vt 0.12778 0.02240
vt 0.59632 0.64542
vt 0.61457 0.64863
vt 0.56300 0.64759
vt 0.89969 0.57896
vt 0.90286 0.59798
vt 0.89801 0.59810
vt 0.85027 0.77437
vt 0.89972 0.53599
vt 0.90625 0.54907
vt 0.89766 0.55509
vt 0.89818 0.62164
vt 0.90439 0.62142
vt 0.58730 0.99849
vt 0.57829 0.99556
vt 0.58829 0.99001
vt 0.90001 0.51245
vt 0.61126 0.64484
vt 0.13207 0.00765
vt 0.99945 0.30961
vt 0.99705 0.30547
vt 0.99805 0.28819
vt 0.99896 0.22173
vt 0.99050 0.22765
vt 0.99003 0.21622
vt 0.20502 0.70588
vt 0.22418 0.70082
vt 0.24751 0.71429
vt 0.16336 0.01751
vt 0.99510 0.23750
vt 0.61739 0.64290
vt 0.62993 0.64875
vt 0.23957 0.70012
vt 0.52481 0.99834
vt 0.52481 0.98965
vt 0.53072 0.99218
vt 0.63009 0.64351
vt 0.39829 0.25843
vt 0.42509 0.24538
vt 0.41032 0.25865
vt 0.19221 0.71237
vt 0.20017 0.70969
vt 0.79843 0.69979
vt 0.80921 0.70865
vt 0.79746 0.71092
vt 0.42597 0.24988
vt 0.02466 0.88334
vt 0.03449 0.89479
vt 0.02540 0.89903
vt 0.03737 0.88318
vt 0.78880 0.71162
vt 0.78440 0.70319
vt 0.03347 0.91293
vt 0.02719 0.91422
vt 0.82686 0.69909
vt 0.82731 0.70708
vt 0.39630 0.26924
vt 0.99022 0.23715
vt 0.77249 0.70008
vt 0.01894 0.01647
vt 0.01408 0.01594
vt 0.01408 0.00054
vt 0.01879 0.00417
vt 0.37714 0.23975
vt 0.67524 0.99106
vt 0.67468 0.99745
vt 0.66643 0.99104
vt 0.39072 0.27708
vt 0.47952 0.57101
vt 0.50546 0.57152
vt 0.50843 0.57667
vt 0.49872 0.58012
vt 0.46080 0.58356
vt 0.66671 0.99683
vt 0.52810 0.57916
vt 0.52747 0.58244
vt 0.19171 0.67636
vt 0.45154 0.57607
vt 0.45089 0.58183
vt 0.38473 0.32967
vt 0.35624 0.33026
vt 0.36094 0.31132
vt 0.35492 0.27898
vt 0.38583 0.36075
vt 0.35652 0.36155
vt 0.38821 0.28785
vt 0.02667 0.53719
vt 0.02910 0.50662
vt 0.02997 0.53661
vt 0.19758 0.67540
vt 0.02606 0.50583
vt 0.08578 0.36501
vt 0.08881 0.35371
vt 0.08792 0.40066
vt 0.29380 0.00000
vt 0.32952 0.00000
vt 0.30914 0.00100
vt 0.15638 0.59690
vt 0.15638 0.64722
vt 0.15378 0.61713
vt 0.70799 0.51882
vt 0.67988 0.52207
vt 0.67689 0.51093
vt 0.90972 0.98816
vt 0.90972 0.99584
vt 0.89888 0.98831
vt 0.67300 0.51755
vt 0.66246 0.52101
vt 0.63478 0.51974
vt 0.89728 0.49124
vt 0.89674 0.51638
vt 0.89319 0.52962
vt 0.89819 0.99451
vt 0.63451 0.52288
vt 0.89311 0.50744
vt 0.88471 0.90701
vt 0.91324 0.91740
vt 0.88116 0.91725
vt 0.70866 0.52559
vt 0.91316 0.90989
vt 0.00685 0.89479
vt 0.00572 0.88192
vt 0.00729 0.88110
vt 0.89623 0.41503
vt 0.89217 0.40276
vt 0.89217 0.37762
vt 0.83205 0.24495
vt 0.82935 0.22294
vt 0.84819 0.22129
vt 0.84981 0.27158
vt 0.01038 0.35504
vt 0.00213 0.34859
vt 0.01038 0.34823
vt 0.89553 0.36686
vt 0.00286 0.35512
vt 0.89425 0.48039
vt 0.95324 0.45865
vt 0.94171 0.45865
vt 0.95000 0.43024
vt 0.94358 0.42880
vt 0.93673 0.95101
vt 0.93690 0.97045
vt 0.93154 0.95843
vt 0.30889 0.63197
vt 0.35354 0.64648
vt 0.28177 0.65616
vt 0.83353 0.27198
vt 0.84856 0.28546
vt 0.92030 0.05159
vt 0.90611 0.09233
vt 0.90631 0.05406
vt 0.01130 0.12853
vt 0.00821 0.12003
vt 0.01126 0.11459
vt 0.93186 0.96996
vt 0.29040 0.62598
vt 0.26653 0.68408
vt 0.29905 0.67536
vt 0.78951 0.27025
vt 0.91714 0.09598
vt 0.80406 0.28484
vt 0.23674 0.68142
vt 0.23572 0.67647
vt 0.26707 0.67485
vt 0.15354 0.21023
vt 0.26646 0.69233
vn 0.0161 -0.0150 -0.9998
vn 0.0161 -0.0150 -0.9998
vn 0.0161 -0.0150 -0.9998
vn -0.0168 -0.1151 0.9932
vn -0.0168 -0.1151 0.9932
vn -0.0168 -0.1151 0.9932
vn 0.9895 0.0105 -0.1444
vn 0.9895 0.0105 -0.1444
vn 0.9895 0.0105 -0.1444
vn 0.0873 0.9955 0.0374
vn 0.0799 0.9967 -0.0155
vn 0.0594 0.9980 -0.0196
vn 0.0500 0.9976 -0.0480
vn -0.0802 0.9918 -0.0993
vn -0.0424 0.2445 -0.9687
vn -0.0089 0.0768 -0.9970
vn 0.9946 -0.0104 -0.1033
vn 0.9976 0.0225 -0.0653
vn 0.9979 0.0282 -0.0587
vn 0.0666 0.2531 -0.9651
vn 0.9982 0.0495 -0.0340
vn 0.0321 0.9870 -0.1572
vn 0.0046 0.0419 -0.9991
vn -0.0112 0.9960 0.0888
vn 0.0486 0.9984 -0.0291
vn 0.0169 0.9993 0.0336
vn 0.0001 0.9821 -0.1884
vn 0.0001 0.9821 -0.1884
vn 0.0001 0.9821 -0.1884
vn 0.0764 0.9935 -0.0844
vn -0.0898 0.6632 -0.7430
vn -0.0497 0.6180 -0.7846
vn -0.0451 0.6074 -0.7931
vn 0.0068 0.0928 -0.9957
vn 0.0068 0.0928 -0.9957
vn 0.0068 0.0928 -0.9957
vn -0.0068 0.9658 -0.2592
vn -0.0068 0.9658 -0.2592
vn -0.0068 0.9658 -0.2592
vn 0.0365 0.9834 -0.1780
vn -0.0419 0.6405 -0.7668
vn -0.0407 0.6393 -0.7678
vn -0.0370 0.6357 -0.7711
vn -0.0342 0.0812 -0.9961
vn -0.0342 0.0812 -0.9961
vn -0.0342 0.0812 -0.9961
vn -0.0459 0.6446 -0.7631
vn 0.9875 0.1555 -0.0243
vn 0.9915 0.1243 -0.0384
vn 0.9955 0.0631 -0.0710
vn 0.9888 -0.0196 -0.1479
vn 0.9805 -0.0329 -0.1938
vn 0.9856 0.1685 -0.0157
vn 0.9909 0.1343 -0.0128
vn -0.1775 0.2902 -0.9404
vn -0.1715 -0.9422 0.2879
vn -0.1715 -0.9422 0.2879
vn -0.1715 -0.9422 0.2879
vn 0.0036 0.1884 0.9821
vn -0.0052 0.3524 0.9358
vn -0.0179 0.1987 0.9799
vn 0.9834 0.1811 -0.0130
vn 0.0138 0.9998 -0.0160
vn 0.0219 0.9998 0.0037
vn 0.0015 1.0000 -0.0042
vn 0.1223 0.9901 -0.0689
vn 0.1325 0.9832 -0.1252
vn -0.0024 0.1150 0.9934
vn -0.2275 0.7152 -0.6609
vn -0.0070 -0.0221 -0.9997
vn -0.0070 -0.0221 -0.9997
vn -0.0070 -0.0221 -0.9997
vn 0.1468 -0.8836 -0.4447
vn 0.1468 -0.8836 -0.4447
vn 0.1468 -0.8836 -0.4447
vn -0.0763 0.1943 0.9780
vn -0.9480 -0.1075 -0.2997
vn -0.8877 -0.0661 -0.4556
vn -0.9700 -0.1702 -0.1736
vn -0.9852 -0.1596 -0.0621
vn -0.9899 -0.1393 -0.0260
vn 0.9972 0.0617 -0.0430
vn 0.9955 0.0933 -0.0168
vn 0.9952 0.0965 -0.0141
vn 0.7942 -0.0369 0.6065
vn 0.7942 -0.0369 0.6065
vn 0.7942 -0.0369 0.6065
vn 0.9922 0.1241 0.0088
vn 0.0965 0.0100 0.9953
vn 0.0924 0.0057 0.9957
vn 0.0233 -0.0653 0.9976
vn -0.0299 0.9995 -0.0056
vn -0.1350 0.9480 0.2883
vn -0.1552 0.9252 0.3461
vn -0.2999 0.4845 -0.8218
vn -0.0369 0.9846 -0.1708
vn -0.0369 0.9846 -0.1708
vn -0.0369 0.9846 -0.1708
vn -0.1575 0.3105 -0.9374
vn -0.1611 0.3221 -0.9329
vn -0.3017 0.3630 -0.8816
vn -0.1046 0.2308 0.9674
vn -0.0167 0.9990 -0.0419
vn -0.0642 -0.9942 0.0862
vn -0.0473 -0.9980 0.0413
vn -0.0541 -0.9968 0.0592
vn 0.8690 -0.4650 0.1690
vn 0.8690 -0.4650 0.1690
vn 0.8690 -0.4650 0.1690
vn 0.1690 0.0855 0.9819
vn 0.1280 -0.9631 0.2367
vn -0.0003 -0.9845 0.1756
vn -0.0037 -0.9302 0.3671
vn 0.3459 0.9360 -0.0658
vn -0.1578 0.5705 -0.8060
vn -0.1715 0.6619 -0.7297
vn -0.1610 0.5913 -0.7902
vn 0.0217 0.9921 -0.1234
vn -0.0465 0.9906 -0.1289
vn -0.0327 0.9929 -0.1143
vn -0.0075 -0.1011 -0.9949
vn -0.0005 -0.0962 -0.9954
vn -0.0060 -0.0937 -0.9956
vn 0.0371 0.9926 -0.1153
vn 0.2000 0.9352 -0.2922
vn 0.1150 0.9295 -0.3503
vn -0.1733 0.6747 -0.7174
vn -0.3427 0.7113 -0.6136
vn 0.9977 0.0141 0.0666
vn 0.9960 0.0041 0.0891
vn 0.9959 0.0050 0.0901
vn 0.9991 0.0337 0.0264
vn 0.9988 0.0495 -0.0050
vn -0.0942 0.0698 -0.9931
vn -0.1259 0.0964 -0.9873
vn 0.1630 0.9840 -0.0714
vn -0.0014 -0.0774 -0.9970
vn -0.0129 -0.0984 -0.9951
vn 0.7620 -0.1703 -0.6247
vn 0.7620 -0.1703 -0.6247
vn 0.7620 -0.1703 -0.6247
vn 0.0644 -0.9856 0.1565
vn 0.0857 0.9497 -0.3013
vn -0.0345 -0.9886 0.1465
vn -0.1343 -0.9867 0.0911
vn -0.1389 0.1138 -0.9837
vn -0.1353 0.1062 -0.9851
vn 0.2534 0.9511 -0.1767
vn -0.0695 -0.9925 0.1002
vn -0.3244 0.8069 -0.4936
vn 0.0080 0.0716 0.9974
vn 0.0020 0.0691 0.9976
vn 0.0039 0.0699 0.9975
vn -0.9994 0.0195 -0.0299
vn -0.9999 -0.0011 -0.0114
vn -0.9994 0.0237 -0.0246
vn -0.9992 -0.0274 0.0300
vn -0.9960 -0.0513 0.0734
vn 0.0184 -0.1430 -0.9895
vn -0.0135 -0.1253 -0.9920
vn -0.0458 -0.0793 -0.9958
vn 0.0404 -0.0191 -0.9990
vn 0.0032 -0.0380 -0.9993
vn -0.1647 0.7500 -0.6406
vn -0.1951 0.7784 -0.5967
vn -0.0302 0.9675 -0.2509
vn -0.0313 0.9684 -0.2473
vn -0.0267 0.9649 -0.2613
vn 0.9979 -0.0046 -0.0641
vn 0.9979 -0.0107 -0.0636
vn 0.9979 0.0044 -0.0648
vn 0.9946 -0.0868 -0.0576
vn -0.0118 0.9971 -0.0747
vn -0.0171 0.9967 -0.0792
vn -0.0354 0.9949 -0.0946
vn 0.0065 0.9982 -0.0593
vn 0.9940 0.0565 -0.0935
vn 0.9932 -0.0396 -0.1098
vn 0.9942 0.0346 -0.1018
vn 0.9879 0.1238 -0.0929
vn 0.9947 0.0771 -0.0674
vn 0.9995 0.0143 -0.0272
vn 0.9956 -0.0319 -0.0878
vn -0.0238 -0.9815 -0.1898
vn -0.0440 -0.9869 -0.1555
vn -0.0041 -0.9748 -0.2229
vn -0.0618 -0.9902 -0.1249
vn 0.0100 0.0724 0.9973
vn -0.9995 -0.0134 -0.0292
vn -0.9998 -0.0070 -0.0183
vn -0.9997 -0.0096 -0.0227
vn -0.0665 -0.9732 -0.2200
vn -0.1026 -0.9545 -0.2799
vn -0.0234 -0.9970 -0.0732
vn -0.9993 -0.0160 -0.0335
vn 0.0318 0.9994 -0.0134
vn 0.0223 0.9996 -0.0159
vn 0.0682 0.9974 -0.0248
vn -0.1586 0.1077 -0.9814
vn 0.0795 0.9967 -0.0191
vn -0.0217 0.7429 -0.6690
vn -0.0499 0.7281 -0.6836
vn -0.1721 0.6532 -0.7373
vn 0.0478 0.9988 -0.0103
vn -0.0247 0.9632 -0.2676
vn -0.0274 -0.0161 -0.9995
vn -0.0547 -0.0280 -0.9981
vn 0.0275 0.0077 -0.9996
vn 0.0378 0.6302 -0.7755
vn -0.9959 -0.0403 0.0812
vn -0.9959 -0.0403 0.0812
vn -0.9959 -0.0403 0.0812
vn 0.9968 0.0798 0.0075
vn 0.9886 0.0877 -0.1225
vn 0.9961 0.0823 -0.0308
vn 0.9811 0.0903 -0.1709
vn 0.0029 -0.9976 -0.0694
vn 0.0565 0.0204 -0.9982
vn -0.0223 -0.0136 -0.9997
vn -0.0140 -0.0263 -0.9996
vn 0.0002 -0.0479 -0.9989
vn 0.0826 0.7895 -0.6081
vn -0.0387 -0.9982 -0.0451
vn 0.0372 0.5006 -0.8649
vn 0.1821 0.4461 -0.8762
vn -0.0653 0.4257 -0.9025
vn -0.0384 0.0108 -0.9992
vn -0.9940 -0.0070 0.1088
vn -0.9919 -0.0057 0.1268
vn -0.9617 0.0057 0.2741
vn -0.9568 0.0070 0.2908
vn -0.1466 0.9890 0.0193
vn -0.9955 -0.0924 0.0189
vn -0.9962 -0.0621 0.0608
vn -0.9932 -0.0688 0.0940
vn -0.9952 -0.0252 0.0945
vn -0.9996 0.0255 0.0137
vn -0.0836 0.4643 -0.8817
vn -0.4021 0.0815 -0.9120
vn -0.4021 0.0815 -0.9120
vn -0.4021 0.0815 -0.9120
vn -0.1642 0.3703 -0.9143
vn -0.3303 0.3879 -0.8605
vn -0.2921 0.2867 -0.9124
vn 0.0083 0.9010 -0.4338
vn 0.0083 0.9010 -0.4338
vn 0.0083 0.9010 -0.4338
vn -0.6848 0.7287 -0.0009
vn -0.6809 0.7324 0.0061
vn -0.6782 0.7348 0.0109
vn -0.6751 0.7375 0.0163
vn -1.0000 -0.0089 0.0022
vn -0.9985 0.0103 -0.0536
vn -0.9992 -0.0199 0.0344
vn -0.9989 -0.0223 0.0411
vn -0.2574 0.3066 -0.9164
vn -0.3039 0.2318 -0.9241
vn -0.2915 0.2254 -0.9296
vn -0.9999 -0.0091 0.0062
vn -0.9999 -0.0091 0.0062
vn -0.9999 -0.0091 0.0062
vn 0.0033 0.0771 -0.9970
vn -0.1303 0.1067 -0.9857
vn -0.0010 -0.0191 0.9998
vn 0.0149 -0.0078 0.9999
vn 0.0434 -0.0087 0.9990
vn -0.0175 -0.0144 -0.9997
vn -0.0175 -0.0144 -0.9997
vn -0.0175 -0.0144 -0.9997
vn 0.0434 -0.0096 0.9990
vn -0.0172 -0.9997 -0.0184
vn -0.0172 -0.9997 -0.0184
vn -0.0172 -0.9997 -0.0184
vn 0.1181 0.0761 -0.9901
vn 0.1084 0.0063 -0.9941
vn 0.0700 -0.0031 -0.9975
vn 0.9966 0.0131 -0.0813
vn 0.9966 0.0131 -0.0813
vn 0.9966 0.0131 -0.0813
vn -0.1960 0.3515 0.9154
vn -0.1960 0.3515 0.9154
vn -0.1960 0.3515 0.9154
vn 0.0579 -0.9968 0.0544
vn 0.0803 -0.9908 0.1087
vn 0.0045 -0.9973 -0.0739
vn -0.0235 -0.0174 -0.9996
vn 0.0064 0.0681 -0.9977
vn 0.0064 0.0681 -0.9977
vn 0.0064 0.0681 -0.9977
vn 0.0233 -0.0272 0.9994
vn -0.0137 -0.9930 -0.1173
vn 0.0201 -0.0346 0.9992
vn -0.0579 -0.0013 -0.9983
vn -0.0570 -0.0035 -0.9984
vn 0.9605 -0.1254 -0.2486
vn 0.9865 -0.0383 -0.1592
vn 0.9878 -0.0319 -0.1526
vn -0.0159 -0.9910 0.1327
vn -0.0159 -0.9910 0.1327
vn -0.0159 -0.9910 0.1327
vn 0.9966 0.0574 -0.0589
vn -0.9986 -0.0367 -0.0392
vn -0.9973 -0.0727 -0.0047
vn -0.9984 -0.0255 -0.0499
vn -0.9974 -0.0017 -0.0726
vn -0.0876 -0.7570 -0.6475
vn -0.0876 -0.7570 -0.6475
vn -0.0876 -0.7570 -0.6475
vn -0.0853 -0.0203 -0.9961
vn -0.1036 0.0671 -0.9924
vn 0.0676 -0.0363 0.9971
vn -0.0225 -0.9991 -0.0349
vn -0.0396 -0.9948 -0.0936
vn -0.0253 -0.9987 -0.0443
vn -0.1058 0.0795 -0.9912
vn -0.0421 -0.9939 -0.1022
vn -0.1225 0.0204 -0.9923
vn -0.1185 0.0400 -0.9921
vn -0.0744 -0.0570 -0.9956
vn -0.0744 -0.0570 -0.9956
vn -0.0744 -0.0570 -0.9956
vn -0.1085 0.0606 -0.9922
vn -0.1227 0.0083 -0.9924
vn -0.0305 0.8019 -0.5967
vn -0.0305 0.8019 -0.5967
vn -0.0305 0.8019 -0.5967
vn 0.3465 -0.9378 -0.0231
vn 0.3465 -0.9378 -0.0231
vn 0.3465 -0.9378 -0.0231
vn 0.0153 -0.0287 0.9995
vn 0.0153 -0.0287 0.9995
vn -0.1101 0.0816 -0.9906
vn -0.9955 -0.0522 0.0786
vn -0.9901 -0.0397 0.1347
vn -0.9981 -0.0425 0.0455
vn -0.9860 -0.0252 0.1646
vn -0.9994 -0.0232 0.0239
vn -0.7876 0.0298 -0.6155
vn -0.7876 0.0298 -0.6155
vn -0.7876 0.0298 -0.6155
vn 0.9980 -0.0313 -0.0546
vn 0.9962 -0.0084 -0.0863
vn 0.9978 -0.0268 -0.0609
vn 0.9984 -0.0454 -0.0350
vn 0.9114 0.0391 -0.4097
vn 0.9107 0.0381 -0.4113
vn 0.9084 -0.0310 -0.4169
vn 0.9764 0.0408 -0.2122
vn 0.8853 -0.1419 -0.4428
vn 0.9388 -0.1358 -0.3166
vn 0.9857 0.0512 -0.1605
vn 0.0813 -0.9965 0.0172
vn -0.0243 -0.9995 0.0223
vn 0.0501 -0.9987 -0.0093
vn -0.0808 -0.0132 -0.9966
vn -0.0808 -0.0132 -0.9966
vn -0.0808 -0.0132 -0.9966
vn 0.0669 -0.8541 -0.5158
vn 0.0232 -0.9089 -0.4165
vn -0.0241 -0.9526 -0.3034
vn -0.0322 0.1100 -0.9934
vn 0.0440 0.0595 -0.9973
vn -0.1789 0.0414 -0.9830
vn -0.1331 0.0276 -0.9907
vn -0.1414 -0.0589 -0.9882
vn -0.1549 -0.0263 -0.9876
vn -0.0839 0.1614 -0.9833
vn 0.0212 0.9877 -0.1547
vn 0.0156 0.9826 -0.1851
vn -0.0117 0.7750 -0.6319
vn 0.0828 -0.9935 -0.0775
vn 0.0828 -0.9935 -0.0775
vn 0.0828 -0.9935 -0.0775
vn -0.0737 -0.9813 -0.1777
vn -0.4758 -0.1271 -0.8703
vn -0.4865 -0.0431 -0.8726
vn -0.5411 -0.2170 -0.8125
vn 0.0045 0.7049 -0.7093
vn -0.4558 -0.0052 -0.8901
vn -0.1756 -0.0068 -0.9844
vn -0.1756 -0.0068 -0.9844
vn -0.1775 0.0751 -0.9813
vn -0.0020 -0.9992 -0.0396
vn -0.2755 0.0033 -0.9613
vn -0.2755 0.0033 -0.9613
vn 0.8260 -0.0690 -0.5594
vn 0.8260 -0.0690 -0.5594
vn 0.8260 -0.0690 -0.5594
vn -0.9997 0.0233 0.0052
vn -0.9997 0.0233 0.0052
vn -0.9997 0.0233 0.0052
vn 0.0466 0.6472 -0.7609
vn 0.9526 0.0730 -0.2954
vn 0.9526 0.0730 -0.2954
vn 0.9526 0.0730 -0.2954
vn 0.1209 -0.8520 0.5093
vn 0.0030 -0.9252 0.3794
vn -0.0673 -0.9530 0.2955
vn 0.0072 0.9951 -0.0990
vn 0.0263 0.9847 -0.1725
vn 0.0148 0.9916 -0.1285
vn -0.0415 -0.9864 -0.1592
vn -0.0522 -0.9905 -0.1269
vn -0.0681 -0.9946 -0.0780
vn -0.9954 -0.0038 0.0959
vn -0.9954 -0.0038 0.0959
vn -0.9954 -0.0038 0.0959
vn -0.2140 -0.0393 -0.9760
vn -0.2387 -0.0073 -0.9711
vn 0.0323 0.9801 -0.1958
vn 0.4935 -0.0056 -0.8697
vn 0.4935 -0.0056 -0.8697
vn 0.4935 -0.0056 -0.8697
vn -0.0556 -0.4642 -0.8840
vn -0.0556 -0.4642 -0.8840
vn -0.0556 -0.4642 -0.8840
vn -0.4186 0.0987 -0.9028
vn -0.3862 -0.0316 -0.9219
vn -0.3050 0.0609 -0.9504
vn -0.1267 0.2709 -0.9542
vn 0.0066 -0.9999 0.0127
vn 0.0992 -0.9893 -0.1073
vn -0.0321 -0.9614 -0.2733
vn 0.1001 -0.9437 -0.3153
vn -0.0005 -0.9589 -0.2838
vn -0.0789 -0.9959 -0.0443
vn -0.1930 0.3720 -0.9080
vn 0.1399 -0.8370 0.5290
vn 0.9542 -0.2732 -0.1224
vn 0.9542 -0.2732 -0.1224
vn 0.9542 -0.2732 -0.1224
vn -0.9981 -0.0395 0.0481
vn -0.9981 -0.0395 0.0481
vn -0.9981 -0.0395 0.0481
vn 0.1767 -0.9247 -0.3372
vn -0.9959 0.0289 -0.0860
vn -0.9971 0.0457 -0.0615
vn -0.9861 -0.0252 -0.1641
vn -0.9918 -0.0932 0.0873
vn -0.9918 -0.0907 0.0902
vn -0.9916 -0.0827 0.0996
vn -0.9918 -0.1030 0.0759
vn -0.9955 0.0940 0.0096
vn -0.0439 -0.9979 -0.0469
vn -0.0989 0.9923 -0.0743
vn -0.1319 0.9912 -0.0082
vn -0.1265 0.9918 -0.0191
vn -0.4365 -0.0998 -0.8941
vn -0.3569 0.0991 -0.9289
vn -0.3483 0.0877 -0.9333
vn -0.3538 0.0964 -0.9303
vn -0.3593 0.1036 -0.9275
vn -0.5306 -0.0003 -0.8476
vn -0.5306 -0.0003 -0.8476
vn -0.5306 -0.0003 -0.8476
vn -0.5043 0.0407 -0.8626
vn -0.5152 0.0601 -0.8549
vn -0.4825 0.0607 -0.8738
vn -0.3549 0.0925 -0.9303
vn -0.0921 -0.9928 -0.0763
vn -0.1086 -0.9922 -0.0608
vn -0.1284 -0.9908 -0.0422
vn -0.0744 -0.9929 -0.0928
vn -0.2307 0.0053 -0.9730
vn -0.1629 0.9851 0.0553
vn -0.9953 -0.0481 0.0843
vn -0.9930 -0.0214 0.1160
vn -0.9926 -0.0365 0.1161
vn -0.9907 0.0015 0.1363
vn -0.9948 -0.0299 0.0971
vn 0.0075 -0.9987 -0.0510
vn -0.0942 -0.9914 -0.0912
vn -0.0049 -0.9978 -0.0659
vn -0.0597 -0.9975 -0.0373
vn -0.5253 -0.0046 -0.8509
vn -0.0901 -0.9959 -0.0109
vn -0.0902 -0.9959 -0.0109
vn -0.4993 0.1195 -0.8582
vn -0.5143 0.1083 -0.8507
vn 0.0202 -0.9963 -0.0831
vn -0.0146 -0.9990 -0.0421
vn -0.0028 -0.9984 -0.0560
vn -0.0354 -0.9992 -0.0174
vn -0.5275 -0.0078 -0.8495
vn -0.9887 -0.0760 0.1296
vn -0.9899 -0.0709 0.1230
vn -0.9841 -0.0929 0.1513
vn -0.9814 -0.1019 0.1628
vn -0.9956 0.0003 0.0935
vn -0.9959 0.0446 0.0789
vn -0.9960 0.0376 0.0812
vn -0.0808 -0.9758 -0.2032
vn -0.0764 -0.9861 -0.1475
vn -0.0822 -0.9715 -0.2222
vn -0.5316 0.0678 -0.8443
vn -0.9952 -0.0114 0.0973
vn -0.5065 0.1134 -0.8548
vn -0.4777 0.1446 -0.8666
vn -0.0755 -0.9878 -0.1362
vn -0.1032 -0.9929 -0.0591
vn -0.1069 -0.9943 -0.0036
vn -0.1062 -0.9943 -0.0036
vn -0.6196 -0.7848 -0.0096
vn -0.6196 -0.7848 -0.0096
vn -0.6196 -0.7848 -0.0096
vn -0.9958 0.0003 0.0920
vn -0.9958 0.0003 0.0920
vn -0.9958 0.0003 0.0920
vn -0.0957 0.0337 -0.9948
vn -0.1170 0.0332 -0.9926
vn 0.0153 -0.0287 0.9995
vn -0.1756 -0.0068 -0.9844
vn -0.2755 0.0033 -0.9613
vn -0.0884 -0.0013 0.9961
vn -0.0884 -0.0013 0.9961
vn -0.0884 -0.0013 0.9961
vn -0.3481 -0.0330 0.9369
vn -0.3481 -0.0330 0.9369
vn -0.3481 -0.0330 0.9369
vn -0.0793 -0.9956 0.0508
vn -0.0383 -0.9925 0.1161
vn -0.0790 -0.9956 0.0513
vn -0.1192 -0.9928 -0.0137
vn -0.9989 -0.0274 0.0372
vn -0.9989 -0.0274 0.0372
vn -0.9989 -0.0274 0.0372
vn -0.1324 -0.9910 -0.0216
vn -0.1432 -0.9894 -0.0224
vn -0.1412 -0.9897 -0.0223
vn -0.1301 -0.9913 -0.0214
vn -0.9825 -0.0037 0.1860
vn -0.9949 -0.0471 0.0888
vn -0.9951 -0.0309 0.0942
vn 0.1033 -0.9946 -0.0079
vn 0.0889 -0.9952 -0.0403
vn 0.0634 -0.9965 -0.0542
vn -0.9971 -0.0309 0.0692
vn -0.9968 -0.0202 0.0772
vn 0.9844 -0.1473 -0.0962
vn 0.9769 -0.1825 -0.1108
vn 0.9725 -0.2141 -0.0913
vn -0.0859 0.9034 -0.4201
vn -0.0859 0.9034 -0.4201
vn -0.0859 0.9034 -0.4201
vn 0.1134 0.9928 0.0399
vn 0.0645 0.9794 -0.1914
vn 0.0658 0.9957 -0.0652
vn -0.9966 -0.0191 0.0802
vn -0.3306 -0.9438 -0.0010
vn -0.3430 -0.9393 0.0019
vn 0.7762 0.6057 -0.1750
vn 0.7762 0.6057 -0.1750
vn 0.7762 0.6057 -0.1750
vn -0.9990 0.0274 0.0359
vn -0.9993 0.0156 0.0331
vn -0.9957 0.0020 0.0921
vn -0.9988 0.0437 0.0210
vn 0.9815 -0.1702 -0.0881
vn -0.9996 0.0187 0.0233
vn -1.0000 -0.0074 0.0019
vn -0.9999 -0.0129 -0.0019
vn -1.0000 -0.0056 0.0010
vn 0.9870 -0.1078 -0.1189
vn 0.0854 0.2142 -0.9730
vn 0.2728 -0.0221 -0.9618
vn 0.1748 0.1566 -0.9721
vn 0.9068 -0.3784 -0.1855
vn 0.9211 -0.3085 -0.2375
vn 0.8883 -0.3356 -0.3136
vn 0.9263 -0.2429 -0.2879
vn 0.1091 0.4958 -0.8615
vn 0.5691 -0.1850 0.8012
vn 0.6259 -0.1868 0.7572
vn 0.4694 -0.1727 0.8659
vn 0.4684 -0.2403 0.8502
vn 0.5068 -0.1724 0.8447
vn 0.5403 -0.1739 0.8233
vn 0.0563 0.4317 -0.9003
vn 0.5190 -0.1867 -0.8341
vn 0.9729 -0.2248 -0.0533
vn 0.0136 0.9468 -0.3216
vn 0.9513 -0.1569 -0.2652
vn 0.9350 -0.1621 -0.3155
vn 0.9265 -0.0975 -0.3635
vn 0.9689 -0.1264 -0.2129
vn 0.2245 0.6605 -0.7165
vn 0.9762 -0.2130 -0.0401
vn -0.0271 -0.9911 0.1305
vn 0.0546 -0.9886 0.1406
vn 0.0370 -0.9897 0.1385
vn 0.2274 0.0280 -0.9734
vn 0.5693 -0.2259 0.7905
vn 0.9785 -0.1219 -0.1665
vn -0.2979 -0.0051 -0.9546
vn -0.2892 0.0043 -0.9572
vn -0.3074 0.0271 -0.9512
vn -0.0566 -0.9903 0.1266
vn 0.4988 -0.0944 0.8616
vn 0.4282 -0.0980 0.8983
vn 0.4372 -0.0976 0.8941
vn 0.8460 -0.3070 -0.4359
vn 0.8446 -0.3065 -0.4391
vn 0.9670 -0.1234 -0.2231
vn 0.9705 -0.1229 -0.2073
vn 0.8721 -0.1274 -0.4724
vn 0.8497 -0.1272 -0.5117
vn 0.9801 -0.1205 -0.1581
vn 0.5070 -0.0940 0.8568
vn -0.3114 0.0651 -0.9480
vn 0.9402 -0.2311 -0.2501
vn 0.9402 -0.2311 -0.2501
vn 0.9402 -0.2311 -0.2501
vn -0.0633 -0.9978 -0.0202
vn -0.0595 -0.9982 -0.0036
vn -0.0603 -0.9982 -0.0041
vn 0.0699 0.1482 -0.9865
vn 0.0699 0.1482 -0.9865
vn 0.0699 0.1482 -0.9865
vn -0.0996 -0.9949 -0.0139
vn -0.1199 -0.9900 0.0749
vn 0.0008 -0.9971 -0.0764
vn -0.1052 -0.9844 0.1410
vn 0.1968 0.0703 -0.9779
vn -0.0124 -0.2037 0.9790
vn 0.1589 -0.1447 0.9766
vn 0.3598 -0.1018 0.9275
vn -0.0863 0.0095 -0.9962
vn 0.0004 0.9434 -0.3317
vn 0.4436 -0.1963 0.8745
vn 0.1785 0.0066 0.9839
vn 0.1785 0.0066 0.9839
vn 0.1785 0.0066 0.9839
vn 0.1988 0.1264 0.9719
vn 0.3274 0.1051 0.9390
vn 0.2135 0.0494 0.9757
vn 0.2037 0.0435 0.9781
vn 0.6114 0.0030 0.7913
vn 0.3792 0.0204 0.9251
vn -0.0831 -0.9868 -0.1389
vn -0.0635 -0.9978 -0.0170
vn 0.0840 -0.0400 -0.9957
vn 0.5907 -0.0162 0.8068
vn 0.0361 -0.9992 -0.0168
vn 0.3136 -0.0454 0.9485
vn 0.9562 -0.2005 -0.2131
vn 0.9543 -0.1750 -0.2421
vn 0.9561 -0.1974 -0.2167
vn -0.3117 0.0650 -0.9480
vn 0.9567 -0.2238 -0.1861
vn 0.1172 0.9657 0.2316
vn 0.9589 -0.1769 -0.2220
vn 0.9713 -0.1467 -0.1872
vn 0.9689 -0.1422 -0.2023
vn 0.1324 0.0623 0.9892
vn 0.9692 -0.1708 -0.1775
vn 0.9864 -0.1579 0.0456
vn 0.9656 -0.2301 -0.1212
vn -0.1573 0.0465 -0.9865
vn -0.0432 -0.9991 -0.0045
vn -0.0717 -0.9969 0.0339
vn -0.0762 -0.9965 0.0346
vn 0.2955 -0.0648 0.9531
vn 0.3440 -0.1453 0.9277
vn 0.0667 -0.0265 0.9974
vn 0.1016 -0.0072 0.9948
vn -0.3187 0.0898 -0.9436
vn -0.2824 0.0402 -0.9585
vn -0.1431 0.1121 -0.9833
vn -0.0335 -0.9994 0.0080
vn -0.0308 -0.9995 0.0051
vn -0.0272 -0.9996 0.0014
vn 0.2331 -0.0285 0.9720
vn 0.2646 -0.0798 0.9610
vn 0.4041 -0.0996 0.9093
vn -0.0375 -0.9992 0.0122
vn 0.0896 -0.1841 -0.9788
vn 0.0896 -0.1841 -0.9788
vn 0.0896 -0.1841 -0.9788
vn 0.3312 -0.1312 0.9344
vn -0.0002 -0.9903 -0.1387
vn 0.0020 -0.9786 -0.2058
vn -0.3397 0.0617 -0.9385
vn 0.2392 0.0932 0.9665
vn 0.2417 0.0952 0.9657
vn 0.2739 0.1209 0.9541
vn 0.2458 -0.0722 0.9666
vn 0.2229 -0.0866 0.9710
vn 0.1590 0.9483 0.2746
vn 0.1712 0.9394 0.2969
vn 0.1890 0.9245 0.3310
vn 0.9246 -0.2238 -0.3083
vn 0.9318 -0.2180 -0.2903
vn 0.9103 -0.2344 -0.3411
vn -0.2429 -0.0382 -0.9693
vn -0.2338 -0.0003 -0.9723
vn 0.0957 0.0745 0.9926
vn 0.9038 -0.2389 -0.3551
vn 0.9596 -0.1757 -0.2196
vn 0.9583 -0.1787 -0.2232
vn 0.9599 -0.1752 -0.2190
vn -0.1529 0.1434 -0.9778
vn -0.9719 0.1537 0.1782
vn -0.9714 0.1561 0.1789
vn -0.9716 0.1475 0.1851
vn 0.9612 -0.1722 -0.2155
vn -0.1442 -0.9885 0.0460
vn 0.1936 0.9151 0.3536
vn -0.3138 0.0185 -0.9493
vn 0.1658 0.0436 0.9852
vn -0.0896 -0.9960 -0.0008
vn -0.1072 -0.9941 0.0181
vn 0.0291 -0.9936 0.1090
vn 0.0552 0.9700 -0.2369
vn 0.0476 0.9676 -0.2480
vn 0.0217 0.9398 -0.3409
vn -0.1480 -0.9844 0.0952
vn -0.1335 -0.9825 0.1301
vn -0.1700 -0.9843 0.0472
vn -0.3150 0.0236 -0.9488
vn -0.9485 0.1786 0.2616
vn -0.2175 0.2519 -0.9430
vn -0.3084 0.2137 -0.9269
vn -0.1410 0.1912 -0.9714
vn -0.1360 -0.9903 -0.0298
vn -0.1391 -0.9902 -0.0119
vn -0.1337 -0.9901 -0.0424
vn 0.1822 0.9038 0.3872
vn 0.1994 0.8884 0.4135
vn 0.2253 0.8736 0.4315
vn 0.1416 0.0430 0.9890
vn -0.2981 0.0564 -0.9529
vn 0.2054 0.0666 0.9764
vn 0.2217 -0.0659 0.9729
vn -0.2919 0.0930 -0.9519
vn 0.2399 -0.0485 0.9696
vn -0.1408 -0.9900 -0.0027
vn 0.2870 0.9546 -0.0804
vn 0.3839 0.9213 -0.0620
vn 0.4083 0.9110 -0.0587
vn -0.9521 0.1783 0.2483
vn -0.2858 0.0314 -0.9578
vn -0.3057 0.0013 -0.9521
vn -0.9311 0.1804 0.3171
vn -0.9293 0.1846 0.3199
vn -0.1837 0.4267 -0.8855
vn -0.1478 0.9890 -0.0097
vn -0.2879 0.9539 0.0843
vn -0.3956 0.9025 0.1701
vn 0.9586 -0.2349 -0.1607
vn 0.9388 -0.2135 -0.2701
vn 0.9594 -0.2467 -0.1370
vn -0.4209 0.8483 0.3213
vn -0.8832 0.4005 0.2441
vn -0.8771 0.4509 0.1655
vn -0.8846 0.3929 0.2511
vn 0.9564 -0.1812 -0.2291
vn 0.2805 0.8927 -0.3528
vn 0.2687 0.9065 -0.3256
vn 0.9082 -0.2128 -0.3604
vn -0.0067 -0.9988 0.0494
vn -0.9318 0.2302 0.2807
vn -0.9385 0.2462 0.2421
vn -0.9328 0.2599 0.2499
vn -0.8659 0.4626 0.1906
vn -0.9070 0.3254 0.2674
vn -0.3720 0.1663 -0.9132
vn -0.3206 0.0733 -0.9444
vn -0.1951 0.9785 -0.0673
vn 0.1383 0.9893 -0.0473
vn -0.2830 0.0977 -0.9541
vn 0.0088 0.9512 -0.3085
vn -0.4343 -0.0049 -0.9008
vn 0.9620 -0.1730 -0.2112
vn -0.9318 0.2046 0.2998
vn -0.1400 -0.9878 0.0677
vn -0.3717 -0.0728 -0.9255
vn -0.9329 0.2628 0.2461
vn -0.3865 -0.0881 -0.9181
vn -0.2530 -0.9665 -0.0423
vn -0.9807 0.1311 -0.1450
vn -0.9807 0.1311 -0.1450
vn -0.9807 0.1311 -0.1450
vn 0.0007 0.3278 -0.9447
vn 0.0007 0.3278 -0.9447
vn 0.0007 0.3278 -0.9447
vn -0.9406 0.1624 0.2981
vn -0.6366 -0.0946 -0.7654
vn -0.4206 0.1599 -0.8930
vn -0.9484 0.2187 0.2294
vn -0.1636 -0.9861 0.0303
vn 0.0178 0.9970 -0.0748
vn 0.0178 0.9970 -0.0748
vn 0.0178 0.9970 -0.0748
vn 0.0507 0.9131 -0.4047
vn -0.8987 0.4262 0.1033
vn -0.1178 -0.9922 0.0395
vn -0.4186 0.0202 -0.9080
vn -0.9496 0.1015 0.2966
vn -0.9437 0.2126 0.2533
vn -0.9333 0.2072 0.2932
vn 0.0270 0.9437 -0.3297
vn -0.5530 0.1121 -0.8256
vn -0.3553 0.0654 -0.9325
vn 0.0190 -0.9881 -0.1525
vn 0.0886 -0.9831 -0.1604
vn -0.1352 -0.9903 -0.0317
vn -0.1752 -0.9845 0.0027
vn -0.1369 -0.9900 -0.0334
vn -0.9548 0.2255 0.1938
vn -0.4745 0.1273 -0.8710
vn -0.3614 0.9322 -0.0166
vn -0.4180 0.9084 0.0085
vn -0.3216 0.0715 -0.9442
vn -0.3219 0.0718 -0.9441
vn -0.3248 0.0763 -0.9427
vn -0.9438 0.2120 0.2535
vn -0.8920 0.3794 0.2456
vn -0.9301 0.2248 0.2904
vn -0.2411 -0.9674 -0.0773
vn -0.3188 0.0672 -0.9454
vn -0.0960 -0.9901 0.1027
vn -0.0783 -0.9662 0.2455
vn -0.2237 -0.9733 0.0512
vn -0.9157 0.3622 0.1738
vn -0.4027 0.0742 -0.9123
vn -0.9033 0.3909 0.1767
vn -0.2317 -0.9716 0.0485
vn -0.8438 0.2341 0.4830
vn -0.8438 0.2341 0.4830
vn -0.8438 0.2341 0.4830
vn -0.9754 0.0826 0.2043
vn -0.9625 0.2183 0.1607
vn -0.1682 -0.9857 -0.0085
vn -0.1041 -0.9685 0.2263
vn -0.1232 -0.9730 0.1950
vn -0.9708 0.1724 0.1669
vn -0.9426 0.2485 0.2230
vn -0.9221 0.2576 0.2887
vn -0.9221 0.2576 0.2887
vn -0.3581 0.0898 -0.9294
vn -0.9542 0.2832 0.0969
vn -0.9542 0.2832 0.0969
vn -0.9542 0.2317 0.1891
vn 0.6360 -0.1689 -0.7530
vn -0.9221 0.2576 0.2887
vn -0.9542 0.2832 0.0969
vn 0.0163 0.1658 0.9860
vn 0.0014 -0.0091 1.0000
vn -0.0188 0.0018 0.9998
vn -0.0370 0.1634 0.9859
vn -0.0496 -0.0877 0.9949
vn 0.0108 0.2205 0.9753
vn -0.0063 0.9985 -0.0538
vn 0.0271 0.9992 -0.0302
vn 0.0810 0.9967 0.0034
vn -0.0800 -0.0568 0.9952
vn -0.0216 -0.1750 0.9843
vn 0.0037 0.8925 0.4511
vn 0.0037 0.8925 0.4511
vn 0.0037 0.8925 0.4511
vn -0.0381 0.1531 0.9875
vn 0.0010 -0.9950 0.1001
vn 0.0010 -0.9950 0.1001
vn 0.0010 -0.9950 0.1001
vn -0.0865 -0.0624 0.9943
vn -0.1037 -0.0551 0.9931
vn 0.0074 0.2100 0.9777
vn 0.0140 -0.0930 0.9956
vn 0.0561 -0.0252 0.9981
vn 0.0107 -0.0349 0.9993
vn -0.0128 0.1613 0.9868
vn -0.0545 0.0927 -0.9942
vn 0.0228 0.0985 -0.9949
vn -0.1187 0.0980 -0.9881
vn 0.9952 0.0872 -0.0441
vn 0.9952 0.0869 -0.0444
vn 0.9952 0.0868 -0.0445
vn 0.9952 0.0867 -0.0447
vn 0.0769 0.9939 -0.0796
vn -0.0136 -0.0348 0.9993
vn 0.0247 -0.1550 0.9876
vn -0.1444 -0.0147 0.9894
vn -0.0782 0.9943 -0.0722
vn 0.0338 0.9973 0.0647
vn -0.0978 0.9905 -0.0963
vn 0.9952 0.0169 -0.0964
vn 0.9965 0.0258 -0.0793
vn 0.9995 0.0274 0.0157
vn 0.0235 -0.9992 0.0336
vn 0.0375 -0.9991 0.0202
vn 0.0367 -0.9991 0.0209
vn 0.9989 0.0265 0.0377
vn 0.9998 -0.0007 -0.0198
vn 0.9999 -0.0018 -0.0135
vn -0.2044 -0.0055 0.9789
vn 0.0696 -0.0469 0.9965
vn 0.0696 -0.0469 0.9965
vn 0.0696 -0.0469 0.9965
vn -0.0927 0.0065 0.9957
vn 0.0509 -0.9987 0.0073
vn 0.0763 0.3303 0.9408
vn 0.0473 0.2312 0.9717
vn -0.0337 0.0857 0.9958
vn -0.0107 0.0252 0.9996
vn -0.0016 0.0266 0.9996
vn 0.0210 0.3775 0.9258
vn 0.0514 0.0875 -0.9948
vn 0.0171 0.1027 -0.9946
vn -0.9996 0.0061 -0.0265
vn -0.9996 0.0061 -0.0265
vn -0.9996 0.0061 -0.0265
vn -0.1654 0.9698 -0.1793
vn -0.0680 0.9975 -0.0189
vn -0.0545 0.9985 -0.0015
vn -0.0495 0.9988 0.0049
vn 0.9988 0.0087 -0.0492
vn 0.9987 0.0231 -0.0449
vn 0.9988 0.0129 -0.0479
vn 0.9987 0.0037 -0.0506
vn 0.0934 0.9955 0.0155
vn 0.0043 0.9556 -0.2948
vn 0.0115 0.9550 -0.2963
vn -0.0333 0.9991 0.0257
vn 0.0756 0.9775 -0.1968
vn 0.0985 0.9445 -0.3134
vn -0.9993 -0.0223 0.0293
vn -0.9992 -0.0159 0.0365
vn -0.9995 -0.0285 0.0131
vn -0.9953 0.0100 0.0963
vn -0.9968 -0.0077 0.0789
vn -0.9956 -0.0007 0.0937
vn -0.9939 0.0655 0.0887
vn -0.9908 0.0899 0.1014
vn -0.9963 0.0696 0.0503
vn -0.0345 -0.0066 0.9994
vn -0.4689 -0.2781 0.8383
vn -0.4689 -0.2781 0.8383
vn -0.4689 -0.2781 0.8383
vn -0.9981 0.0184 0.0595
vn -0.9985 0.0069 0.0552
vn -0.9981 0.0101 0.0611
vn -0.9974 0.0100 0.0710
vn 0.1936 0.9136 0.3577
vn 0.0376 0.9914 0.1253
vn -0.0210 0.9384 0.3448
vn -0.9959 0.0028 0.0901
vn -0.9974 0.0151 0.0704
vn 0.1789 -0.2733 0.9451
vn 0.0829 -0.0861 0.9928
vn 0.0848 -0.1378 0.9868
vn -0.9943 -0.0049 0.1064
vn -0.2552 0.0605 0.9650
vn -0.3941 0.0222 0.9188
vn 0.0936 0.9726 0.2127
vn -0.0065 -0.9981 0.0620
vn -0.0065 -0.9981 0.0620
vn -0.0065 -0.9981 0.0620
vn -0.0520 -0.9934 0.1021
vn -0.0520 -0.9934 0.1021
vn -0.0520 -0.9934 0.1021
vn -0.0174 -0.9990 0.0418
vn -0.1485 -0.9886 0.0249
vn -0.0195 -0.9986 0.0500
vn 0.0469 0.0753 0.9961
vn 0.0060 0.0671 0.9977
vn 0.0274 0.1270 0.9915
vn 0.1099 0.0650 0.9918
vn -0.0427 0.9231 0.3822
vn 0.0797 0.9623 0.2602
vn -0.2085 0.0495 0.9768
vn -0.0500 0.9478 -0.3150
vn -0.0197 0.9706 -0.2397
vn -0.0533 0.9139 -0.4024
vn -0.0416 -0.9985 0.0363
vn -0.3022 -0.0139 0.9531
vn -0.2179 -0.9758 0.0169
vn 0.1508 0.9883 -0.0209
vn -0.3544 0.8717 0.3384
vn 0.9886 -0.1324 -0.0718
vn 0.9858 -0.1520 -0.0719
vn 0.9966 -0.0342 -0.0749
vn 0.9890 -0.0541 -0.1374
vn 0.9843 -0.0894 -0.1524
vn -0.9973 -0.0196 0.0704
vn -0.9905 -0.0141 0.1366
vn -0.9859 -0.0784 0.1481
vn -0.9899 0.0193 0.1407
vn -0.9634 0.1653 0.2111
vn 0.9584 -0.1753 -0.2254
vn 0.2167 0.0232 0.9760
vn 0.2659 0.0185 0.9638
vn 0.2187 0.0421 0.9749
vn -0.9896 0.0181 0.1424
vn -0.9919 -0.0426 0.1193
vn -0.9255 -0.2023 0.3201
vn -0.9686 0.0945 0.2301
vn -0.9466 0.1787 0.2684
vn 0.9108 -0.2611 -0.3197
vn 0.9108 -0.2611 -0.3197
vn 0.9108 -0.2611 -0.3197
vn -0.9436 0.2465 0.2209
vn -0.9436 0.2465 0.2209
vn -0.9436 0.2465 0.2209
vn 0.2097 0.1611 0.9644
vn 0.2097 0.1611 0.9644
vn 0.2097 0.1611 0.9644
vn 0.9702 -0.1471 -0.1928
vn 0.9514 -0.1329 -0.2778
vn 0.9555 -0.1356 -0.2618
vn 0.9469 -0.2127 -0.2411
vn -0.9953 0.0800 0.0551
vn -0.9953 0.0800 0.0551
vn -0.9953 0.0800 0.0551
vn 0.9731 -0.1498 -0.1753
vn 0.6172 -0.1537 0.7717
vn 0.6172 -0.1537 0.7717
vn 0.6172 -0.1537 0.7717
vn 0.9208 -0.3338 -0.2017
vn 0.9208 -0.3338 -0.2017
vn 0.9208 -0.3338 -0.2017
vn -0.1033 -0.9846 -0.1408
vn -0.1033 -0.9846 -0.1408
vn -0.1033 -0.9846 -0.1408
vn 0.1499 0.9519 0.2674
vn 0.1499 0.9519 0.2674
vn 0.1499 0.9519 0.2674
vn 0.2014 0.0258 0.9792
vn 0.1979 0.0411 0.9794
vn 0.2142 0.0066 0.9768
vn 0.1712 0.0332 0.9847
vn 0.2541 0.0409 0.9663
vn 0.9590 -0.1529 -0.2385
vn 0.9599 -0.1541 -0.2340
vn 0.9635 -0.1592 -0.2150
vn 0.1700 0.9517 0.2557
vn 0.1816 0.9579 0.2223
vn 0.1901 0.9618 0.1969
vn 0.9642 -0.1602 -0.2114
vn 0.2014 0.0160 0.9794
vn 0.1992 0.0560 0.9784
vn 0.1992 0.0560 0.9784
vn 0.1992 0.0560 0.9784
vn 0.1631 0.9474 0.2754
vn -0.9936 -0.0108 0.1127
vn -0.9936 -0.0108 0.1127
vn -0.9936 -0.0108 0.1127
vn -0.0213 0.9960 -0.0866
vn -0.0213 0.9960 -0.0866
vn -0.0213 0.9960 -0.0866
vn -0.3719 0.9273 0.0423
vn -0.1098 0.9933 -0.0363
vn -0.5420 -0.0470 -0.8391
vn -0.5103 -0.0138 -0.8599
vn -0.5240 -0.0043 -0.8517
vn -0.9926 -0.0158 0.1208
vn -0.9939 0.0028 0.1105
vn -0.9929 0.0147 0.1177
vn -0.5645 -0.0240 -0.8251
vn -0.9902 0.0293 0.1365
vn -0.9906 0.0280 0.1338
vn -0.4807 0.8735 0.0767
vn -0.9887 0.0404 0.1443
vn -0.9822 0.0890 0.1655
vn -0.9933 0.0307 0.1117
vn -0.9942 0.0318 0.1027
vn -0.5093 0.0505 -0.8591
vn -0.5144 0.0423 -0.8565
vn 0.9202 -0.3016 -0.2495
vn 0.9202 -0.3016 -0.2495
vn 0.9202 -0.3016 -0.2495
vn 0.9417 -0.2289 -0.2466
vn 0.9191 -0.2217 -0.3256
vn 0.9426 -0.2157 -0.2549
vn 0.9412 -0.2393 -0.2386
vn 0.9110 -0.2227 -0.3470
vn 0.5640 -0.2194 0.7961
vn 0.5640 -0.2194 0.7961
vn 0.5640 -0.2194 0.7961
vn 0.1893 0.9785 0.0823
vn 0.2375 0.9705 0.0414
vn 0.1674 0.9807 0.1006
vn 0.2533 0.9670 0.0277
vn 0.8288 -0.2841 0.4820
vn 0.8165 -0.2766 0.5067
vn 0.8801 -0.2579 0.3986
vn 0.4889 -0.1669 -0.8562
vn 0.4307 -0.2730 -0.8602
vn 0.5022 -0.1403 -0.8533
vn 0.7905 -0.1789 -0.5858
vn -0.4090 0.2451 -0.8790
vn -0.4081 0.2455 -0.8793
vn -0.4066 0.2461 -0.8798
vn 0.3441 0.9209 0.1829
vn 0.3304 0.9273 0.1758
vn 0.3714 0.9222 0.1073
vn 0.8287 -0.2455 0.5030
vn 0.3891 0.9175 0.0823
vn -0.4105 0.2445 -0.8785
vn 0.8898 -0.2756 -0.3637
vn 0.8898 -0.2755 -0.3638
vn 0.8898 -0.2757 -0.3636
vn -0.1577 -0.9856 -0.0603
vn -0.1762 -0.9721 -0.1550
vn -0.1433 -0.9846 -0.1002
vn -0.2057 -0.9771 -0.0550
vn 0.5503 -0.0338 -0.8343
vn -0.1619 -0.9672 -0.1959
vn 0.3489 0.9217 0.1694
vn 0.3489 0.9217 0.1694
vn 0.3489 0.9217 0.1694
vn 0.7682 -0.2515 0.5887
vn 0.8006 -0.2893 0.5248
vn -0.9129 0.1211 0.3898
vn -0.7121 0.1209 0.6915
vn -0.7180 0.1224 0.6852
vn -0.2415 0.8520 0.4646
vn -0.2415 0.8520 0.4646
vn -0.2415 0.8520 0.4646
vn -0.8085 0.1420 0.5711
vn 0.3066 0.9290 0.2072
vn -0.1451 -0.9622 -0.2303
vn 0.6943 -0.1687 -0.6996
vn 0.7879 -0.1927 -0.5849
vn 0.3793 -0.2389 0.8939
vn 0.3257 -0.2775 0.9038
vn 0.3029 -0.3879 0.8705
vn 0.6011 -0.2769 0.7496
vn 0.6011 -0.2769 0.7496
vn 0.6011 -0.2769 0.7496
vn -0.2293 -0.9668 -0.1124
vn 0.6509 -0.1874 -0.7356
vn 0.4246 0.8443 0.3268
vn 0.4246 0.8443 0.3268
vn 0.4246 0.8443 0.3268
vn -0.2318 -0.9608 -0.1519
vn 0.8905 -0.2811 -0.3577
vn 0.8839 -0.2296 -0.4074
vn 0.8878 -0.2557 -0.3825
vn 0.3502 0.8628 0.3645
vn 0.3502 0.8628 0.3645
vn 0.3502 0.8628 0.3645
vn -0.9301 0.1113 0.3500
vn -0.1075 -0.8987 -0.4251
vn -0.1033 0.0293 -0.9942
vn -0.0364 -0.0373 -0.9986
vn 0.3757 0.9013 0.2156
vn 0.3316 0.9181 0.2172
vn 0.3605 -0.2158 0.9074
vn 0.4336 -0.2228 0.8731
vn -0.9461 0.1028 0.3073
vn 0.8779 -0.1984 -0.4359
vn -0.9383 0.1200 0.3244
vn 0.0164 0.0283 -0.9995
vn -0.0038 0.0447 -0.9990
vn -0.1031 -0.8844 -0.4552
vn 0.2750 -0.3769 0.8845
vn 0.2598 -0.5421 0.7992
vn 0.4583 -0.2475 0.8537
vn 0.3639 0.8216 0.4389
vn 0.3515 0.9015 0.2524
vn 0.3452 0.9178 0.1962
vn 0.8967 -0.1460 -0.4178
vn 0.8967 -0.1460 -0.4178
vn 0.8967 -0.1460 -0.4178
vn 0.3729 -0.2385 0.8967
vn 0.3644 0.8096 0.4601
vn -0.1880 -0.9791 -0.0769
vn -0.1759 -0.9767 -0.1229
vn -0.1837 -0.9785 -0.0936
vn -0.2083 0.0598 -0.9762
vn -0.2548 0.0984 -0.9620
vn -0.1736 0.0312 -0.9843
vn 0.3887 -0.2470 0.8876
vn -0.2840 0.1229 -0.9509
vn -0.1958 -0.9795 -0.0466
vn 0.4418 -0.2123 0.8716
vn 0.4418 -0.2123 0.8716
vn 0.4418 -0.2123 0.8716
vn 0.4212 -0.2860 0.8607
vn 0.2176 -0.6112 0.7610
vn -0.2070 -0.0391 -0.9775
vn 0.4864 0.0586 0.8718
vn 0.5337 0.3723 0.7594
vn 0.4130 -0.1301 0.9014
vn 0.8936 -0.1182 -0.4330
vn 0.8966 -0.1447 -0.4186
vn 0.8702 -0.0080 -0.4927
vn 0.2911 -0.2017 0.9352
vn 0.0918 -0.1637 0.9822
vn 0.2572 -0.2087 0.9436
vn 0.2517 0.9538 0.1639
vn 0.2612 0.9493 0.1749
vn 0.2944 0.9316 0.2130
vn 0.5918 -0.0877 -0.8013
vn 0.6635 -0.0702 -0.7449
vn 0.6821 -0.0596 -0.7288
vn 0.9459 -0.2435 -0.2142
vn 0.9459 -0.2435 -0.2142
vn 0.9459 -0.2435 -0.2142
vn 0.5324 0.8191 0.2137
vn 0.9059 -0.3327 -0.2621
vn 0.9105 -0.3053 -0.2788
vn 0.9097 -0.3104 -0.2757
vn 0.6159 0.0078 0.7877
vn 0.6159 0.0078 0.7877
vn 0.6159 0.0078 0.7877
vn 0.9143 -0.2773 -0.2953
vn -0.2067 -0.8511 -0.4827
vn 0.8948 -0.2217 -0.3874
vn 0.6488 -0.6111 0.4534
vn 0.6539 -0.6153 0.4402
vn 0.7274 -0.5142 0.4544
vn 0.6550 -0.0935 -0.7498
vn 0.8941 -0.2216 -0.3891
vn 0.4076 -0.1496 0.9008
vn 0.3528 0.8568 0.3761
vn 0.3359 0.9034 0.2665
vn 0.3761 0.8373 0.3968
vn 0.4082 -0.1118 0.9060
vn -0.2907 -0.0604 -0.9549
vn 0.7875 -0.4077 0.4623
vn 0.3022 0.9270 0.2222
vn 0.2921 0.9503 0.1074
vn 0.3412 0.8917 0.2973
vn 0.0499 0.0622 -0.9968
vn 0.0499 0.0622 -0.9968
vn 0.0499 0.0622 -0.9968
vn -0.3093 -0.0462 -0.9499
vn 0.5199 0.0061 0.8542
vn 0.5199 0.0061 0.8542
vn 0.5199 0.0061 0.8542
vn -0.4766 0.2310 -0.8482
vn -0.4654 0.2208 -0.8571
vn -0.4449 0.2020 -0.8725
vn 0.3827 0.8378 0.3895
vn -0.3581 0.2095 0.9099
vn -0.3983 0.1045 0.9113
vn -0.3993 0.1016 0.9112
vn 0.0775 -0.1651 0.9832
vn 0.2798 0.9519 0.1247
vn 0.2507 0.9543 0.1629
vn 0.2806 0.9461 0.1614
vn 0.8368 -0.2798 0.4706
vn 0.8767 -0.1663 -0.4514
vn 0.8696 -0.1644 -0.4656
vn 0.8675 -0.1650 -0.4693
vn 0.0618 -0.1687 0.9837
vn 0.0491 -0.1764 0.9831
vn 0.0602 -0.1696 0.9837
vn 0.6747 -0.0960 -0.7319
vn -0.2937 -0.9426 -0.1586
vn -0.3048 -0.9473 -0.0987
vn -0.2862 -0.9372 -0.1994
vn -0.4305 0.0079 0.9025
vn 0.8983 -0.2187 0.3811
vn 0.8987 -0.2184 0.3802
vn 0.9503 -0.2278 0.2124
vn 0.2764 0.9555 0.1033
vn -0.4385 0.1962 -0.8770
vn 0.8759 -0.1752 -0.4497
vn 0.2680 0.9613 0.0640
vn 0.9682 -0.2163 0.1255
vn -0.3066 -0.9496 -0.0653
vn -0.1029 -0.1129 0.9883
vn 0.9749 -0.2227 -0.0027
vn 0.9774 -0.2016 -0.0632
vn 0.2688 0.9593 0.0867
vn 0.1251 0.7043 0.6988
vn 0.1251 0.7043 0.6988
vn 0.1251 0.7043 0.6988
vn -0.7855 0.1936 0.5879
vn -0.7871 0.1918 0.5862
vn -0.7825 0.1969 0.5907
vn -0.3860 0.1916 -0.9024
vn -0.4152 0.2241 -0.8817
vn -0.5016 0.2590 -0.8254
vn 0.6753 -0.0961 -0.7313
vn -0.7928 0.1859 0.5805
vn 0.8339 -0.1814 -0.5213
vn -0.5766 0.2543 -0.7765
vn 0.1907 0.9593 0.2082
vn 0.2141 0.9623 0.1675
vn 0.0740 0.9714 0.2255
vn 0.1955 -0.1586 0.9678
vn 0.1951 -0.1580 0.9680
vn 0.1923 -0.1539 0.9692
vn 0.1985 -0.1629 0.9665
vn -0.7825 0.1970 0.5907
vn 0.1326 0.9609 0.2431
vn -0.1923 -0.0884 -0.9773
vn 0.8369 -0.1885 -0.5139
vn -0.8616 0.2246 0.4553
vn -0.8616 0.2246 0.4553
vn 0.2236 0.9604 0.1661
vn 0.1068 0.9749 0.1951
vn 0.2129 0.9623 0.1690
vn 0.0705 -0.1634 0.9840
vn -0.0918 -0.1101 0.9897
vn -0.1228 -0.2329 -0.9647
vn 0.0649 -0.3761 -0.9243
vn -0.8989 0.2099 0.3845
vn -0.9122 0.2068 0.3537
vn -0.9234 0.1930 0.3318
vn -0.0053 0.9729 0.2310
vn 0.8380 -0.1896 -0.5116
vn -0.8909 0.1780 0.4179
vn -0.8897 0.1865 0.4167
vn -0.4771 0.2071 -0.8541
vn -0.5402 0.1795 -0.8221
vn -0.5194 0.2053 -0.8295
vn -0.3206 -0.9426 -0.0934
vn -0.3605 0.4331 -0.8261
vn -0.4377 0.3512 -0.8277
vn -0.3469 -0.0661 -0.9356
vn -0.4027 -0.9103 -0.0960
vn -0.7946 0.1890 -0.5769
vn -0.6104 0.1142 -0.7838
vn -0.6209 0.1182 -0.7749
vn 0.1256 0.9758 0.1789
vn -0.8050 0.1936 -0.5608
vn -0.9156 0.2613 0.3057
vn -0.9156 0.2613 0.3057
vn -0.7333 0.0454 0.6784
vn -0.8789 0.1574 0.4502
vn -0.7493 0.0558 0.6599
vn -0.9718 0.2351 -0.0179
vn -0.9664 0.2545 -0.0357
vn 0.1314 0.9758 0.1748
vn -0.6079 0.2252 -0.7614
vn -0.9024 0.2198 0.3706
vn -0.5473 0.3845 -0.7434
vn -0.9768 0.2143 0.0010
vn -0.2790 0.0318 0.9598
vn -0.4123 0.1186 0.9033
vn -0.4716 0.1587 0.8674
vn -0.1933 -0.9693 -0.1518
vn -0.1933 -0.9693 -0.1518
vn -0.1933 -0.9693 -0.1518
vn 0.4970 0.6508 0.5740
vn 0.4970 0.6508 0.5740
vn 0.4970 0.6508 0.5740
vn -0.8877 0.1661 0.4295
vn -0.4071 -0.9073 -0.1055
vn -0.1201 0.3055 -0.9446
vn -0.1990 0.2667 -0.9430
vn -0.1720 0.2803 -0.9444
vn -0.9198 0.1248 0.3719
vn -0.2020 -0.0165 0.9792
vn 0.2284 0.9713 0.0662
vn 0.2284 0.9713 0.0662
vn 0.2284 0.9713 0.0662
vn 0.0095 -0.1106 0.9938
vn -0.0281 -0.0883 0.9957
vn 0.2895 -0.2698 0.9184
vn -0.7687 0.3046 -0.5625
vn -0.8821 0.4695 0.0371
vn -0.8821 0.4695 0.0371
vn -0.8821 0.4695 0.0371
vn -0.3570 -0.9271 -0.1139
vn -0.8926 0.1904 0.4086
vn -0.9085 0.1966 0.3687
vn -0.9008 0.1835 0.3935
vn 0.1805 0.9644 0.1933
vn 0.1811 0.9715 0.1530
vn 0.1978 0.9671 0.1597
vn -0.2523 0.2389 -0.9377
vn 0.1851 0.9743 0.1284
vn -0.6334 0.0881 -0.7688
vn -0.9103 0.2138 0.3545
vn 0.1721 0.9794 0.1056
vn -0.9131 0.1820 0.3648
vn 0.3362 -0.2952 0.8943
vn -0.7547 -0.1156 -0.6458
vn -0.4225 -0.8493 -0.3165
vn -0.4225 -0.8493 -0.3165
vn -0.4225 -0.8493 -0.3165
vn -0.8494 0.1651 0.5013
vn -0.8512 0.1769 0.4942
vn -0.8385 0.1859 0.5122
vn -0.3060 0.3048 -0.9019
vn 0.1489 0.9787 0.1411
vn -0.5702 0.1644 -0.8049
vn -0.8698 0.1993 -0.4513
vn -0.9042 0.2581 -0.3404
vn -0.3087 -0.9420 -0.1317
vn -0.3325 -0.9280 -0.1679
vn -0.9128 0.2134 0.3482
vn -0.5020 0.1917 -0.8433
vn -0.5659 0.2154 -0.7958
vn -0.5606 0.2134 -0.8001
vn -0.3011 -0.9424 -0.1455
vn -0.9092 0.1875 0.3716
vn -0.9204 0.2130 0.3278
vn -0.4956 0.1894 -0.8477
vn -0.2726 0.1745 -0.9462
vn -0.2678 0.1743 -0.9476
vn -0.3072 0.1757 -0.9353
vn -0.2536 -0.9605 -0.1145
vn -0.9126 0.2520 -0.3219
vn -0.9145 0.1797 0.3626
vn -0.9072 0.1585 0.3896
vn -0.3129 0.1759 -0.9333
vn -0.9213 0.2066 0.3294
vn -0.8886 0.1647 0.4281
vn -0.8600 0.1482 0.4883
vn -0.2351 -0.9652 -0.1150
vn -0.3277 -0.9300 -0.1662
vn -0.3277 -0.9300 -0.1662
vn -0.3277 -0.9300 -0.1662
vn -0.8991 0.1905 0.3942
vn -0.1700 0.9853 -0.0187
vn 0.8898 -0.2756 -0.3637
vn 0.0401 -0.0232 -0.9989
vn 0.4519 -0.2205 0.8644
vn 0.4500 -0.0461 0.8918
vn -0.8616 0.2246 0.4553
vn -0.9156 0.2613 0.3057
vn -0.9689 0.2459 -0.0278
vn -0.4663 0.1826 -0.8656
vn -0.4813 0.1323 -0.8665
vn -0.9907 0.0333 0.1318
vn -0.9907 0.0333 0.1318
vn -0.9907 0.0333 0.1318
vn -0.5181 -0.0230 -0.8550
vn -0.5181 -0.0230 -0.8550
vn -0.5181 -0.0230 -0.8550
vn 0.9133 -0.1535 -0.3773
vn 0.9168 -0.1897 -0.3514
vn 0.9466 -0.2779 -0.1633
vn 0.8853 -0.1408 -0.4431
vn 0.2737 -0.9229 -0.2710
vn 0.2737 -0.9229 -0.2710
vn 0.2737 -0.9229 -0.2710
vn 0.1399 0.9511 0.2752
vn 0.1168 0.9530 0.2794
vn 0.4481 0.8709 0.2015
vn 0.5522 -0.3242 0.7681
vn 0.5550 -0.3128 0.7708
vn 0.5434 -0.2792 0.7917
vn 0.5037 -0.2680 0.8212
vn 0.8128 -0.3025 -0.4978
vn 0.8256 -0.2939 -0.4817
vn 0.8514 -0.2750 -0.4467
vn 0.5498 -0.3624 0.7526
vn 0.3263 -0.1276 0.9366
vn 0.5792 -0.2874 0.7629
vn 0.3490 -0.1977 0.9160
vn 0.7855 -0.3197 -0.5299
vn 0.1749 -0.0816 0.9812
vn 0.1749 -0.0816 0.9812
vn 0.1749 -0.0816 0.9812
vn 0.6344 -0.3280 0.7000
vn 0.2038 -0.0405 0.9782
vn 0.3003 -0.1364 0.9440
vn -0.2590 0.8662 0.4273
vn -0.2590 0.8662 0.4273
vn -0.2590 0.8662 0.4273
vn 0.2227 0.9691 -0.1063
vn 0.4283 0.9028 -0.0399
vn 0.4387 0.8976 -0.0440
vn 0.8193 -0.4032 -0.4076
vn 0.8890 -0.2783 -0.3637
vn 0.8622 -0.3345 -0.3803
vn 0.8879 -0.2796 -0.3652
vn 0.2756 0.9377 0.2115
vn 0.2756 0.9377 0.2115
vn 0.2756 0.9377 0.2115
vn 0.8975 -0.1852 -0.4003
vn 0.1948 0.9722 -0.1300
vn 0.4637 0.8639 0.1969
vn -0.8792 0.1613 0.4483
vn -0.8813 0.1668 0.4422
vn -0.8656 0.1547 0.4762
vn -0.3095 -0.9444 -0.1111
vn -0.3095 -0.9444 -0.1111
vn -0.3095 -0.9444 -0.1111
vn -0.0688 0.1434 -0.9873
vn -0.0153 0.1011 -0.9948
vn -0.0137 0.1444 -0.9894
vn 0.8289 -0.3118 0.4645
vn 0.6991 -0.3189 0.6399
vn 0.8511 -0.3084 0.4249
vn 0.9495 -0.1968 -0.2445
vn 0.9495 -0.1968 -0.2445
vn 0.9495 -0.1968 -0.2445
vn 0.6692 -0.2333 0.7055
vn 0.3680 -0.1251 0.9214
vn 0.3207 -0.1082 0.9410
vn 0.8019 -0.0906 -0.5906
vn 0.8359 -0.2079 -0.5079
vn 0.8310 -0.1715 -0.5293
vn -0.1926 -0.9685 -0.1578
vn -0.0381 -0.9953 -0.0896
vn -0.1994 -0.9673 -0.1566
vn 0.7148 -0.2498 0.6532
vn 0.8711 -0.1702 -0.4607
vn 0.8709 -0.1696 -0.4613
vn 0.8715 -0.1713 -0.4595
vn 0.7741 -0.0331 -0.6322
vn 0.2280 -0.2065 0.9515
vn -0.3012 -0.3526 0.8860
vn -0.3012 -0.3526 0.8860
vn -0.3012 -0.3526 0.8860
vn 0.6827 -0.5719 -0.4549
vn 0.8705 -0.1685 -0.4625
vn 0.8314 -0.2110 -0.5140
vn 0.0944 0.9584 -0.2695
vn -0.0903 -0.9825 -0.1630
vn 0.6453 -0.5874 -0.4884
vn 0.6835 -0.3188 0.6567
vn -0.8859 0.1671 0.4327
vn -0.8875 0.1796 0.4243
vn 0.3584 -0.1813 -0.9158
vn 0.3584 -0.1813 -0.9158
vn 0.3584 -0.1813 -0.9158
vn -0.8800 0.1765 0.4409
vn -0.3849 0.1146 -0.9158
vn -0.3849 0.1146 -0.9158
vn -0.3849 0.1146 -0.9158
vn 0.1175 -0.9767 -0.1797
vn 0.1175 -0.9767 -0.1797
vn 0.1175 -0.9767 -0.1797
vn -0.1013 -0.9949 -0.0003
vn -0.2821 -0.9594 0.0070
vn -0.2054 0.0887 -0.9747
vn -0.2342 0.0341 -0.9716
vn -0.2212 -0.0010 -0.9752
vn -0.0002 -0.9991 -0.0423
vn -0.2210 -0.0007 -0.9753
vn 0.9080 -0.2797 0.3120
vn 0.9080 -0.2797 0.3120
vn 0.9080 -0.2797 0.3120
vn 0.6876 -0.1093 -0.7178
vn 0.6876 -0.1093 -0.7178
vn 0.6876 -0.1093 -0.7178
vn 0.9526 -0.2431 -0.1829
vn 0.9520 -0.2431 -0.1863
vn 0.9601 -0.2433 -0.1382
vn 0.9608 -0.2432 -0.1331
vn 0.7345 -0.2958 0.6107
vn 0.7323 -0.3234 0.5992
vn 0.7333 -0.3127 0.6038
vn -0.0778 -0.9571 -0.2790
vn -0.0778 -0.9571 -0.2790
vn -0.0778 -0.9571 -0.2790
vn 0.3811 0.9245 -0.0033
vn 0.3566 0.9336 -0.0361
vn 0.2808 0.9506 -0.1322
vn 0.2306 0.9539 -0.1920
vn 0.7304 -0.3429 0.5907
vn -0.8114 0.4949 -0.3109
vn -0.7738 0.5133 -0.3713
vn -0.9228 0.3850 -0.0128
vn 0.9059 -0.3245 -0.2720
vn 0.8660 -0.4499 -0.2183
vn 0.9023 -0.4039 -0.1511
vn 0.6168 0.0025 -0.7871
vn 0.6168 0.0025 -0.7871
vn 0.6168 0.0025 -0.7871
vn 0.8339 -0.5471 -0.0726
vn 0.9581 -0.2481 -0.1433
vn 0.9365 -0.2297 -0.2650
vn 0.9259 -0.2733 -0.2608
vn 0.9610 -0.1980 -0.1930
vn -0.9271 0.3749 -0.0039
vn 0.8973 -0.2110 -0.3876
vn 0.8989 -0.2133 -0.3828
vn 0.8970 -0.2096 -0.3891
vn 0.2832 -0.2574 0.9239
vn 0.2749 -0.2358 0.9321
vn 0.2708 -0.2254 0.9359
vn 0.3830 -0.2308 0.8945
vn 0.3830 -0.2308 0.8945
vn 0.3830 -0.2308 0.8945
vn -0.2623 0.2751 -0.9249
vn -0.1856 0.2610 -0.9473
vn -0.3785 0.2844 -0.8808
vn 0.3260 -0.1867 0.9267
vn 0.3921 -0.2115 0.8953
vn 0.1591 -0.1948 0.9678
vn 0.9114 -0.3035 -0.2781
vn -0.2978 -0.9334 -0.2000
vn -0.3099 -0.9256 -0.2172
vn -0.2670 -0.9509 -0.1565
vn -0.3091 -0.9453 -0.1041
vn -0.2772 -0.9530 -0.1225
vn -0.2836 -0.9537 -0.1004
vn -0.1660 -0.9848 0.0511
vn -0.1660 -0.9848 0.0511
vn -0.1660 -0.9848 0.0511
vn 0.9106 -0.2138 -0.3538
vn 0.2660 0.9431 0.1998
vn 0.2671 0.9401 0.2119
vn 0.2615 0.9525 0.1558
vn 0.8852 -0.1803 -0.4288
vn 0.9125 -0.2137 -0.3488
vn -0.3451 0.9382 0.0244
vn -0.3451 0.9382 0.0244
vn -0.3451 0.9382 0.0244
vn -0.2607 -0.9541 -0.1477
vn 0.9368 -0.2302 -0.2635
vn 0.8853 -0.1887 -0.4251
vn 0.4256 -0.2083 0.8806
vn 0.4011 -0.2275 0.8873
vn -0.9234 0.3838 0.0055
vn 0.1515 -0.9709 -0.1857
vn 0.1515 -0.9709 -0.1857
vn 0.4014 -0.2383 0.8843
vn 0.3817 -0.2341 0.8941
vn 0.4060 -0.2450 0.8804
vn -0.2613 0.8619 0.4347
vn -0.1981 0.7940 0.5747
vn -0.1696 0.8211 0.5449
vn -0.4307 -0.7158 -0.5496
vn -0.4312 -0.7252 -0.5368
vn -0.4317 -0.7743 -0.4626
vn -0.4170 0.1073 -0.9026
vn -0.4170 0.1073 -0.9026
vn -0.4170 0.1073 -0.9026
vn 0.8679 -0.2304 -0.4402
vn 0.8958 -0.2039 -0.3949
vn 0.9350 -0.0605 -0.3493
vn -0.3705 0.2904 -0.8823
vn 0.7916 -0.1508 -0.5921
vn 0.8335 -0.2772 0.4780
vn 0.8335 -0.2772 0.4780
vn 0.8335 -0.2772 0.4780
vn -0.2461 -0.9581 -0.1467
vn 0.2138 0.7133 0.6674
vn 0.2618 -0.2025 0.9436
vn 0.2606 0.9541 0.1473
vn -0.0569 -0.1600 0.9855
vn -0.0623 -0.1620 0.9848
vn -0.0684 -0.3568 0.9317
vn 0.2589 -0.2569 0.9311
vn -0.0679 -0.5870 0.8068
vn -0.0712 -0.2379 0.9687
vn 0.4521 0.8108 0.3718
vn 0.4317 0.8173 0.3817
vn 0.8523 -0.2831 -0.4399
vn 0.7786 -0.1656 -0.6052
vn -0.1546 -0.9864 0.0559
vn -0.1782 -0.9837 -0.0259
vn -0.1753 -0.9844 -0.0157
vn 0.9597 0.0552 -0.2754
vn -0.4313 -0.7850 -0.4448
vn 0.8287 -0.3606 -0.4280
vn 0.2530 0.9151 0.3139
vn 0.2682 0.9270 0.2623
vn 0.2673 0.9208 0.2839
vn -0.4105 0.2083 -0.8878
vn -0.4105 0.2083 -0.8878
vn -0.4105 0.2083 -0.8878
vn -0.2863 -0.9102 -0.2994
vn -0.2782 -0.9101 -0.3072
vn -0.1607 -0.9183 -0.3617
vn 0.7907 -0.1472 -0.5943
vn 0.8084 -0.1314 -0.5738
vn 0.8207 -0.2416 -0.5178
vn 0.7955 -0.2475 -0.5532
vn 0.8625 -0.2298 -0.4509
vn -0.3149 -0.9488 0.0242
vn -0.1963 -0.9766 -0.0878
vn -0.2473 -0.9681 -0.0405
vn 0.3724 -0.2337 0.8982
vn 0.2290 -0.2122 0.9500
vn -0.2378 -0.9601 -0.1472
vn -0.2195 -0.9471 -0.2342
vn 0.0014 0.0023 -1.0000
vn 0.0014 0.0023 -1.0000
vn 0.0014 0.0023 -1.0000
vn -0.3799 -0.9207 0.0890
vn -0.2794 0.1103 -0.9538
vn -0.2760 0.1309 -0.9522
vn -0.2741 0.1969 -0.9413
vn 0.8835 -0.2225 -0.4122
vn -0.3056 0.2326 -0.9233
vn 0.5910 -0.5227 0.6144
vn 0.4679 -0.6658 0.5812
vn 0.5445 -0.5821 0.6038
vn 0.7835 -0.1599 -0.6005
vn 0.2848 0.9319 0.2247
vn 0.1482 -0.1987 0.9688
vn -0.6514 0.1036 -0.7516
vn -0.4674 0.1465 -0.8718
vn -0.5348 0.1276 -0.8353
vn -0.1514 -0.9862 0.0665
vn -0.1801 -0.9665 -0.1826
vn -0.1801 -0.9665 -0.1826
vn -0.1801 -0.9665 -0.1826
vn -0.2440 -0.9660 -0.0858
vn -0.3194 -0.9153 -0.2456
vn 0.4407 -0.6919 0.5718
vn 0.4369 -0.1824 0.8808
vn -0.4107 0.1533 -0.8988
vn -0.4469 -0.4792 -0.7554
vn -0.4469 -0.4792 -0.7554
vn -0.4469 -0.4792 -0.7554
vn -0.9361 0.1923 0.2944
vn -0.9386 0.1916 0.2868
vn -0.9385 0.1982 0.2826
vn -0.3987 0.1991 -0.8952
vn -0.4371 0.1947 -0.8781
vn -0.4308 0.1902 -0.8822
vn -0.4104 0.2082 -0.8878
vn -0.3944 0.1421 -0.9079
vn 0.3053 0.9113 0.2762
vn -0.8764 0.1867 0.4439
vn -0.3810 0.0050 0.9246
vn -0.3810 0.0050 0.9246
vn -0.3810 0.0050 0.9246
vn 0.3057 0.9147 0.2643
vn -0.0024 -0.9911 -0.1332
vn 0.0748 -0.9926 -0.0958
vn -0.0588 -0.9898 -0.1301
vn 0.4962 -0.2541 0.8302
vn 0.5049 -0.2498 0.8262
vn 0.4854 -0.2594 0.8349
vn 0.2714 -0.2090 0.9395
vn 0.8694 -0.4923 0.0429
vn 0.9306 -0.3610 -0.0596
vn 0.9333 -0.3456 -0.0978
vn -0.8674 0.1864 0.4614
vn -0.2564 -0.9028 -0.3454
vn -0.2662 -0.9123 -0.3112
vn -0.3959 0.2785 -0.8750
vn 0.9617 -0.2365 -0.1385
vn 0.9548 -0.2452 -0.1679
vn 0.1241 -0.1658 0.9783
vn 0.1014 -0.1895 0.9766
vn 0.1179 -0.1730 0.9778
vn -0.4067 0.2972 -0.8639
vn -0.4137 0.3096 -0.8561
vn -0.0778 -0.9647 -0.2515
vn -0.4613 0.1836 -0.8681
vn -0.0924 -0.9800 -0.1760
vn 0.8704 -0.1842 -0.4566
vn 0.8145 -0.1348 -0.5643
vn -0.5013 0.1373 -0.8543
vn -0.4356 0.1016 -0.8944
vn -0.4005 -0.0942 -0.9115
vn -0.3228 0.0994 -0.9412
vn -0.1393 -0.9892 -0.0460
vn -0.4927 0.1355 -0.8596
vn 0.4719 -0.2380 0.8489
vn 0.1630 -0.1615 0.9733
vn -0.1067 -0.9923 -0.0626
vn 0.2664 -0.9551 -0.1295
vn -0.0171 -0.9961 -0.0866
vn 0.5147 -0.2449 0.8217
vn 0.3789 -0.1279 -0.9166
vn 0.3789 -0.1279 -0.9166
vn 0.3789 -0.1279 -0.9166
vn -0.9441 0.1801 0.2762
vn -0.8948 0.1943 0.4019
vn -0.9481 0.1783 0.2635
vn -0.2136 -0.9768 -0.0157
vn 0.5407 -0.0862 0.8368
vn 0.5407 -0.0862 0.8368
vn 0.5407 -0.0862 0.8368
vn 0.8707 -0.1687 -0.4619
vn 0.7945 -0.1513 -0.5881
vn 0.7865 -0.1495 -0.5992
vn 0.2798 0.9344 0.2206
vn -0.1832 -0.9433 -0.2770
vn 0.8788 -0.1706 -0.4456
vn -0.8639 0.1661 0.4755
vn 0.2876 -0.2340 0.9287
vn -0.1587 -0.2292 0.9604
vn 0.0307 -0.2461 0.9688
vn 0.3054 0.9327 0.1916
vn 0.3092 0.9360 0.1685
vn -0.0597 -0.9950 0.0803
vn 0.4516 -0.1586 0.8780
vn 0.4405 -0.1577 0.8838
vn 0.3214 -0.1468 0.9355
vn 0.3634 0.9200 0.1468
vn 0.3161 -0.1463 0.9374
vn 0.8602 -0.3634 0.3577
vn 0.8602 -0.3634 0.3577
vn 0.8602 -0.3634 0.3577
vn 0.5034 -0.3367 0.7957
vn 0.5538 -0.2306 0.8001
vn 0.5117 -0.2812 0.8118
vn 0.4027 -0.2261 0.8870
vn -0.8611 0.1632 0.4815
vn -0.5768 0.2122 -0.7888
vn -0.6083 0.2494 -0.7535
vn -0.5941 0.2325 -0.7701
vn 0.6004 -0.2460 0.7609
vn -0.1561 -0.9771 -0.1446
vn -0.8806 0.2207 0.4193
vn -0.8271 0.1744 0.5342
vn -0.8656 0.1706 0.4708
vn -0.9001 0.1827 0.3954
vn -0.9062 0.1759 0.3845
vn -0.9028 0.1798 0.3907
vn 0.8112 -0.0759 -0.5798
vn 0.8112 -0.0759 -0.5798
vn 0.8112 -0.0759 -0.5798
vn 0.4497 -0.0139 -0.8931
vn 0.4497 -0.0139 -0.8931
vn 0.4497 -0.0139 -0.8931
vn -0.2210 -0.9656 -0.1369
vn -0.4499 0.3079 -0.8383
vn -0.2648 0.0551 0.9627
vn -0.2648 0.0551 0.9627
vn -0.2648 0.0551 0.9627
vn -0.9038 0.2374 0.3560
vn 0.2333 -0.2509 0.9395
vn -0.1308 -0.9910 -0.0288
vn 0.8072 0.0180 -0.5901
vn 0.8791 0.3589 -0.3136
vn 0.8315 0.2060 -0.5159
vn 0.6687 -0.1230 -0.7333
vn 0.6687 -0.1230 -0.7333
vn 0.6687 -0.1230 -0.7333
vn 0.4995 0.2350 -0.8338
vn 0.4995 0.2350 -0.8338
vn 0.4995 0.2350 -0.8338
vn 0.5510 -0.1573 0.8196
vn 0.8109 -0.1435 -0.5673
vn 0.9090 0.3769 -0.1781
vn -0.3304 0.1731 -0.9278
vn -0.3285 0.1577 -0.9312
vn 0.6177 -0.2792 0.7352
vn -0.1484 -0.9713 0.1858
vn -0.8999 0.1934 0.3909
vn -0.8788 0.1876 0.4387
vn -0.9001 0.2015 0.3864
vn -0.5653 0.1989 -0.8005
vn -0.9333 -0.0686 0.3526
vn 0.3690 -0.2270 0.9013
vn -0.8794 0.2197 0.4223
vn -0.8954 0.1880 0.4037
vn 0.3262 -0.1866 0.9267
vn -0.3018 -0.9517 -0.0570
vn -0.8926 0.1747 0.4157
vn -0.5336 -0.0618 -0.8435
vn -0.5336 -0.0618 -0.8435
vn -0.5336 -0.0618 -0.8435
vn -0.1254 -0.0719 -0.9895
vn -0.0702 -0.0104 -0.9975
vn -0.0675 -0.0120 -0.9976
vn -0.5443 0.2251 -0.8082
vn -0.1877 -0.9645 0.1855
vn -0.2161 -0.9601 0.1776
vn -0.1344 -0.9706 0.1997
vn -0.9263 0.2508 0.2812
vn -0.9320 0.2678 0.2443
vn -0.8961 0.1907 0.4008
vn -0.3315 0.1798 -0.9261
vn -0.8726 0.1565 0.4626
vn -0.4717 -0.8803 -0.0505
vn -0.4717 -0.8803 -0.0505
vn -0.4717 -0.8803 -0.0505
vn -0.1461 -0.9703 0.1928
vn -0.9152 0.0922 0.3924
vn -0.9164 0.0570 0.3961
vn -0.8952 0.1564 0.4173
vn -0.3126 -0.9488 -0.0457
vn -0.2912 -0.9269 -0.2367
vn -0.2866 -0.9134 -0.2890
vn -0.9045 0.2037 0.3747
vn -0.1843 -0.9801 -0.0733
vn -0.3443 -0.9387 -0.0188
vn -0.2138 -0.9725 -0.0926
vn -0.2753 -0.9479 0.1605
vn -0.9008 0.0320 0.4331
vn -0.2883 -0.9272 -0.2392
vn -0.9335 0.2181 0.2847
vn 0.0015 -0.0771 0.9970
vn 0.1611 -0.1799 0.9704
vn 0.2159 -0.2145 0.9526
vn -0.2533 -0.1696 -0.9524
vn -0.8544 0.1753 0.4892
vn -0.8927 0.2280 0.3888
vn -0.2763 -0.2289 -0.9334
vn -0.0425 -0.0483 0.9979
vn 0.8666 -0.2727 -0.4178
vn 0.8505 -0.2790 -0.4458
vn 0.8974 -0.2586 -0.3576
vn -0.2657 -0.2291 -0.9364
vn 0.9087 -0.2525 -0.3325
vn -0.5679 0.6591 0.4931
vn -0.5679 0.6591 0.4931
vn -0.5679 0.6591 0.4931
vn -0.3192 -0.9272 0.1961
vn -0.2010 -0.9772 0.0684
vn -0.8993 0.2165 0.3799
vn -0.4346 0.2849 -0.8544
vn -0.3957 -0.9139 -0.0904
vn -0.1446 -0.9701 -0.1948
vn -0.2669 -0.9636 0.0170
vn -0.8589 0.2114 0.4665
vn -0.8910 0.2169 0.3989
vn -0.8901 0.2018 0.4088
vn -0.8929 0.2268 0.3889
vn 0.1515 -0.9709 -0.1857
vn -0.0185 -0.1002 0.9948
vn -0.0185 -0.1002 0.9948
vn -0.0185 -0.1002 0.9948
vn -0.0107 -0.9996 -0.0251
vn -0.0107 -0.9996 -0.0251
vn -0.0107 -0.9996 -0.0251
vn -0.2033 -0.0832 -0.9756
vn -0.0573 -0.0321 -0.9978
vn -0.0855 -0.0485 -0.9952
vn 0.0003 -0.0018 -1.0000
vn 0.0003 -0.0018 -1.0000
vn 0.0003 -0.0018 -1.0000
vn 0.0149 0.9992 -0.0381
vn -0.0028 0.9993 -0.0383
vn 0.0461 0.9982 -0.0377
vn -0.3091 -0.1040 -0.9453
vn 0.0177 0.0322 0.9993
vn 0.0147 0.0064 0.9999
vn -0.0700 -0.0178 -0.9974
vn -0.1069 0.0035 -0.9943
vn -0.0208 -0.0138 -0.9997
vn -0.0071 0.0052 1.0000
vn -0.0142 -0.0061 0.9999
vn 0.9970 0.0762 -0.0166
vn 0.9970 0.0762 -0.0166
vn 0.9970 0.0762 -0.0166
vn -0.1359 -0.0131 -0.9906
vn -0.0072 0.9994 0.0347
vn 0.0279 0.9970 0.0725
vn 0.0268 0.9968 0.0757
vn 0.4296 0.9025 -0.0292
vn 0.9833 0.1752 -0.0488
vn 0.9991 0.0277 0.0308
vn 0.9937 0.1113 -0.0141
vn 0.9967 -0.0429 0.0684
vn -0.0144 -0.0060 0.9999
vn -0.9859 0.0154 -0.1666
vn -0.9861 0.0153 -0.1655
vn -0.9979 -0.0422 -0.0497
vn -0.9944 -0.0167 -0.1042
vn -0.9979 -0.0642 -0.0035
vn -0.9979 -0.0654 -0.0027
vn 0.0146 0.9996 -0.0249
vn 0.0158 0.9989 -0.0445
vn 0.0034 0.9960 -0.0893
vn 0.0188 0.9995 0.0244
vn -0.0282 -0.9994 -0.0194
vn -0.0222 -0.9994 -0.0272
vn -0.0271 -0.9994 -0.0208
vn -0.0305 -0.0113 -0.9995
vn -0.0425 0.0130 -0.9990
vn -0.0343 0.0192 -0.9992
vn -0.1629 -0.0905 -0.9825
vn -0.0258 0.0568 -0.9981
vn -0.1546 0.0242 -0.9877
vn -0.2543 -0.0424 -0.9662
vn -0.0327 -0.9994 -0.0135
vn 0.0093 0.9998 -0.0173
vn 0.9981 0.0440 0.0435
vn 0.9976 0.0299 0.0628
vn 0.9971 0.0231 0.0721
vn -0.1836 -0.0597 -0.9812
vn -0.0052 0.9893 -0.1459
vn -0.0499 0.9881 0.1453
vn -0.0499 0.9881 0.1453
vn -0.0499 0.9881 0.1453
vn 0.9959 0.0103 0.0895
vn -0.0210 -0.0176 -0.9996
vn -0.0456 0.0018 0.9990
vn -0.0456 0.0018 0.9990
vn -0.0456 0.0018 0.9990
vn -0.1605 -0.0014 -0.9870
vn -0.1605 -0.0014 -0.9870
vn -0.1605 -0.0014 -0.9870
vn -0.9997 -0.0170 0.0166
vn -0.9988 0.0006 -0.0491
vn -0.9997 -0.0178 0.0156
vn -0.9999 -0.0127 -0.0047
vn -0.9955 0.0133 -0.0936
vn -0.6970 0.1660 0.6976
vn -0.6970 0.1660 0.6976
vn -0.6970 0.1660 0.6976
vn -0.2790 0.0040 -0.9603
vn -0.2790 0.0040 -0.9603
vn -0.2062 -0.0424 -0.9776
vn -0.9998 -0.0032 0.0197
vn -0.9998 -0.0032 0.0197
vn -0.9998 -0.0032 0.0197
vn -0.1801 0.9813 0.0676
vn -0.0881 0.9956 0.0312
vn -0.2792 0.0099 -0.9602
vn -0.2846 0.0131 -0.9586
vn -0.2670 0.0497 -0.9624
vn 0.0054 0.9954 -0.0958
vn -0.0125 0.9998 -0.0131
vn -0.0655 0.9968 -0.0460
vn -0.0149 0.9998 0.0159
vn -0.4238 -0.0524 -0.9042
vn -0.3001 -0.0274 -0.9535
vn 0.0260 0.9995 0.0159
vn -0.9885 0.1468 0.0373
vn -0.9885 0.1468 0.0373
vn -0.9885 0.1468 0.0373
vn -0.7471 0.4547 -0.4848
vn -0.7471 0.4547 -0.4848
vn -0.7471 0.4547 -0.4848
vn -0.2789 -0.0247 -0.9600
vn -0.2873 -0.0105 -0.9578
vn -0.1025 -0.0653 0.9926
vn -0.1211 -0.0891 0.9886
vn -0.1449 -0.1198 0.9822
vn -0.9875 0.0223 -0.1562
vn -0.9875 0.0223 -0.1562
vn -0.9875 0.0223 -0.1562
vn -0.0352 -0.9959 -0.0830
vn -0.0374 -0.9971 -0.0668
vn -0.0416 -0.9985 -0.0359
vn 0.0429 0.9990 0.0117
vn -0.0676 0.9974 -0.0242
vn -0.0049 0.0111 0.9999
vn -0.0049 0.0111 0.9999
vn -0.0049 0.0111 0.9999
vn -0.0281 0.1092 -0.9936
vn -0.0472 0.1385 -0.9892
vn -0.0185 0.0945 -0.9954
vn -0.0436 -0.9988 -0.0213
vn -0.0011 0.0677 -0.9977
vn 0.6723 -0.0323 -0.7395
vn 0.6723 -0.0323 -0.7395
vn 0.6723 -0.0323 -0.7395
vn 0.5774 0.8161 0.0223
vn 0.5353 0.8446 0.0136
vn 0.5763 0.8169 0.0221
vn -0.0798 -0.0052 0.9968
vn -0.0798 -0.0052 0.9968
vn -0.0682 -0.0215 0.9974
vn 0.0419 0.9990 0.0165
vn 0.0423 0.9990 0.0175
vn 0.0421 0.9990 0.0171
vn 0.0417 0.9990 0.0162
vn -0.2148 0.9755 0.0480
vn 0.9995 0.0305 0.0096
vn 0.9995 0.0275 0.0135
vn 0.9995 0.0295 0.0109
vn 0.9994 0.0325 0.0070
vn 0.5329 0.8461 0.0131
vn -0.9960 -0.0115 0.0884
vn -0.9960 -0.0115 0.0884
vn -0.9960 -0.0115 0.0884
vn 0.0112 0.0254 0.9996
vn 0.0112 0.0254 0.9996
vn 0.0112 0.0254 0.9996
vn -0.3143 -0.0228 -0.9491
vn -0.4305 -0.0505 -0.9012
vn -0.9743 0.0041 0.2251
vn -0.9743 -0.0345 0.2225
vn -0.9767 -0.0290 0.2127
vn -0.9717 -0.0002 0.2360
vn -0.9552 -0.1470 0.2568
vn 0.1532 0.4654 -0.8717
vn 0.1532 0.4654 -0.8717
vn 0.1532 0.4654 -0.8717
vn 0.0127 0.9932 0.1160
vn 0.0127 0.9932 0.1160
vn 0.0127 0.9932 0.1160
vn -0.5145 -0.0392 -0.8566
vn -0.5693 -0.0215 -0.8219
vn -0.4498 -0.0585 -0.8912
vn -0.4457 -0.0573 -0.8933
vn 0.9325 -0.0484 -0.3578
vn 0.9250 -0.0501 -0.3765
vn 0.9251 -0.0450 -0.3771
vn -0.5769 -0.0201 -0.8165
vn -0.5770 -0.0201 -0.8165
vn 0.9241 -0.0482 -0.3791
vn -0.5805 -0.0130 -0.8142
vn -0.9991 0.0096 0.0411
vn -0.9989 0.0009 0.0478
vn -0.9991 0.0098 0.0409
vn -0.9988 0.0068 0.0482
vn -0.9993 0.0066 0.0360
vn -0.9982 -0.0259 0.0547
vn -0.0203 0.9998 0.0010
vn -0.1383 0.9904 -0.0089
vn 0.0104 0.9999 -0.0055
vn 0.0119 0.9996 0.0266
vn -0.1379 0.0225 -0.9902
vn -0.1482 0.0298 -0.9885
vn -0.1220 0.0113 -0.9925
vn -0.9921 -0.0068 0.1253
vn -0.9921 -0.0068 0.1253
vn 0.9362 -0.0450 -0.3486
vn -0.0127 0.9888 -0.1485
vn 0.0006 0.9891 -0.1474
vn 0.0770 0.9870 -0.1409
vn 0.9383 -0.0438 -0.3431
vn 0.0153 0.9998 0.0114
vn -0.3432 0.9181 0.1981
vn -0.0150 0.9999 -0.0012
vn -0.0541 0.9870 -0.1515
vn -0.1639 0.0409 -0.9856
vn -0.1781 0.9830 0.0443
vn 0.1043 0.9943 0.0221
vn -0.0421 0.9982 -0.0429
vn -0.9982 0.0553 -0.0223
vn -0.9999 0.0157 0.0039
vn -0.9995 0.0283 0.0112
vn -0.9990 -0.0162 0.0407
vn -0.9958 0.0398 -0.0823
vn -0.3021 -0.0261 -0.9529
vn -0.4234 -0.0413 -0.9050
vn -0.3360 -0.0302 -0.9414
vn 0.4339 -0.0739 0.8979
vn 0.4339 -0.0739 0.8979
vn 0.4339 -0.0739 0.8979
vn -0.6187 -0.0632 -0.7830
vn -0.2880 -0.0088 -0.9576
vn -0.8527 0.0613 0.5188
vn -0.8900 -0.0035 0.4559
vn -0.8565 0.0554 0.5132
vn -0.4655 -0.0429 -0.8840
vn -0.8131 0.1177 0.5700
vn -0.5749 0.7252 0.3788
vn -0.3112 0.9483 0.0617
vn -0.4509 0.8876 0.0944
vn -0.0309 0.0122 0.9994
vn -0.0309 0.0122 0.9994
vn -0.0309 0.0122 0.9994
vn -0.9949 0.0224 0.0979
vn -0.9949 0.0224 0.0979
vn -0.4035 0.0543 0.9134
vn -0.4609 0.0203 -0.8872
vn -0.4601 -0.0491 -0.8865
vn -0.4688 0.0170 -0.8831
vn -0.9867 -0.0148 0.1620
vn -0.9872 0.0278 0.1572
vn -0.9836 0.0805 0.1616
vn -0.4792 -0.0429 -0.8767
vn -0.9564 -0.1518 0.2497
vn -0.9721 -0.0865 0.2181
vn 0.0058 0.0078 1.0000
vn -0.2790 0.0040 -0.9603
vn -0.0798 -0.0052 0.9968
vn -0.9921 -0.0068 0.1253
vn 0.0198 0.9996 0.0176
vn -0.9949 0.0224 0.0979
vn -0.4035 0.0543 0.9134
vn -0.4035 0.0543 0.9134
vn -0.9867 -0.0105 0.1620
vn 0.0113 -0.9958 0.0909
vn 0.0113 -0.9958 0.0909
vn 0.0113 -0.9958 0.0909
vn -0.0205 0.0176 0.9996
vn -0.0254 0.0191 0.9995
vn -0.0676 0.0327 0.9972
vn 0.0184 -0.9786 0.2049
vn 0.0184 -0.9786 0.2049
vn 0.0184 -0.9786 0.2049
vn 0.0142 -0.9538 -0.3000
vn 0.0186 -0.9501 -0.3115
vn 0.0722 -0.8910 -0.4482
vn -0.0471 -0.9966 -0.0682
vn -0.0471 -0.9966 -0.0682
vn -0.0293 -0.9175 0.3967
vn -0.0939 -0.9306 0.3538
vn 0.4611 -0.8702 -0.1738
vn 0.4611 -0.8702 -0.1738
vn 0.4611 -0.8702 -0.1738
vn 0.5583 -0.6945 0.4539
vn 0.5583 -0.6945 0.4539
vn 0.5583 -0.6945 0.4539
vn -0.0412 -0.2746 -0.9607
vn -0.1352 -0.4817 -0.8659
vn -0.0116 -0.5677 -0.8231
vn -0.0124 -0.7175 -0.6964
vn -0.0124 -0.7175 -0.6964
vn 0.9897 -0.1426 -0.0156
vn 0.9897 -0.1220 -0.0746
vn 0.9578 -0.2085 -0.1981
vn 0.0082 0.9888 0.1490
vn 0.0082 0.9888 0.1490
vn 0.0082 0.9888 0.1490
vn 0.9306 -0.2933 -0.2191
vn 0.9075 -0.0125 -0.4198
vn 0.8322 0.0269 -0.5539
vn 0.8164 0.0378 -0.5763
vn -0.0384 -0.2403 0.9700
vn -0.0384 -0.2403 0.9700
vn -0.0384 -0.2403 0.9700
vn 0.8119 0.0352 -0.5827
vn 0.8533 -0.1770 -0.4904
vn 0.1239 0.0063 0.9923
vn 0.1150 0.0113 0.9933
vn 0.1476 -0.0041 0.9890
vn -0.0069 -0.7906 0.6123
vn -0.0320 -0.9853 0.1677
vn 0.9537 -0.0497 -0.2966
vn 0.9090 -0.1373 -0.3935
vn 0.9184 -0.1083 -0.3805
vn 0.1616 -0.0127 0.9868
vn -0.9863 0.0548 0.1556
vn -0.9821 0.0433 0.1832
vn -0.9849 0.0506 0.1656
vn -0.9805 0.0393 0.1927
vn 0.7797 -0.1179 -0.6150
vn -0.1470 -0.2366 -0.9604
vn 0.0145 0.0063 0.9999
vn 0.9995 0.0036 0.0320
vn 0.9992 0.0030 0.0394
vn 0.9942 -0.0029 0.1072
vn 0.9937 -0.0033 0.1121
vn -0.2938 -0.3465 -0.8909
vn 0.1733 0.9452 0.2765
vn 0.0767 0.9961 -0.0444
vn 0.0821 0.9963 -0.0256
vn 0.1085 -0.0680 -0.9918
vn 0.3976 -0.0404 -0.9167
vn 0.1572 -0.0104 0.9875
vn 0.1650 0.0013 0.9863
vn 0.1581 -0.0327 0.9869
vn 0.1670 -0.0122 0.9859
vn 0.1491 0.9650 0.2157
vn 0.1701 0.0360 0.9848
vn 0.4966 0.0726 0.8649
vn -0.1901 -0.0702 -0.9792
vn -0.0142 0.0038 0.9999
vn 0.0020 -0.0007 1.0000
vn -0.0089 -0.0035 1.0000
vn 0.1619 0.0081 0.9868
vn -0.0928 -0.9802 0.1748
vn -0.0930 -0.9808 0.1717
vn -0.0960 -0.9869 0.1299
vn -0.0845 -0.9798 0.1811
vn -0.0845 -0.9798 0.1811
vn -0.0845 -0.9798 0.1811
vn 0.2429 0.0272 0.9697
vn 0.0778 -0.8833 -0.4622
vn 0.0138 -0.9999 -0.0084
vn 0.0069 -0.9985 0.0548
vn 0.1528 -0.0413 0.9874
vn -0.2027 -0.1045 -0.9737
vn -0.0962 -0.9873 0.1267
vn -0.0055 -0.9968 0.0802
vn 0.1813 0.9355 0.3032
vn 0.1570 0.0672 0.9853
vn 0.0082 -0.0043 1.0000
vn -0.0993 -0.9922 0.0750
vn 0.1469 -0.0022 0.9892
vn 0.9584 0.0859 -0.2723
vn 0.9744 0.0622 -0.2158
vn 0.9988 -0.0076 -0.0481
vn 0.9983 -0.0435 0.0390
vn -0.0131 -0.0111 0.9999
vn -0.3539 -0.0721 -0.9325
vn -0.0167 -0.9997 0.0179
vn -0.0351 -0.9986 0.0396
vn -0.0297 -0.0192 0.9994
vn -0.4373 -0.0349 -0.8987
vn -0.0364 -0.9993 0.0131
vn -1.0000 0.0043 -0.0053
vn -1.0000 0.0049 0.0014
vn -1.0000 0.0042 0.0005
vn -1.0000 0.0043 -0.0059
vn -0.0119 -0.0055 0.9999
vn -0.0442 0.0026 0.9990
vn -0.0177 -0.0041 0.9998
vn -1.0000 0.0039 0.0004
vn -0.9390 0.0911 0.3316
vn -0.9499 0.1032 0.2949
vn -0.8882 0.0471 0.4570
vn -0.8686 0.0332 0.4944
vn 0.3499 0.1159 0.9296
vn 0.3499 0.1159 0.9296
vn -0.0064 -1.0000 0.0008
vn -0.0159 -0.9998 0.0082
vn -0.4226 -0.0453 -0.9052
vn 0.2088 -0.0046 0.9779
vn 0.2010 0.0347 0.9790
vn 0.1910 0.0378 0.9809
vn 0.2254 -0.0165 0.9741
vn 0.2214 0.0787 0.9720
vn -0.0472 0.0034 0.9989
vn 0.1570 0.9876 -0.0073
vn 0.1648 0.9839 -0.0694
vn 0.1453 0.9893 0.0092
vn -0.5021 -0.0161 -0.8647
vn -0.9894 0.0958 0.1096
vn -0.9912 -0.0330 -0.1281
vn -0.9826 -0.0862 -0.1645
vn -0.9933 0.0076 0.1153
vn -0.9969 -0.0408 0.0669
vn -0.9926 -0.1166 -0.0333
vn -0.9988 -0.0145 0.0478
vn -0.9990 -0.0165 0.0413
vn -0.9132 0.1355 0.3843
vn -0.9671 0.1645 0.1939
vn -0.9732 0.1693 0.1559
vn 0.1492 0.9838 0.0996
vn 0.1603 0.9718 0.1731
vn -0.8993 0.1296 0.4177
vn -0.9744 0.1030 0.2000
vn -0.0896 -0.9959 0.0109
vn -0.0485 -0.9983 0.0322
vn -0.0667 -0.9976 0.0169
vn 0.4297 -0.0238 0.9026
vn 0.4474 -0.0264 0.8939
vn 0.1839 0.0109 0.9829
vn -0.0861 -0.9962 0.0147
vn -0.0798 -0.9967 -0.0157
vn -0.0615 -0.9980 -0.0158
vn 0.0790 -0.9915 0.1032
vn 0.0037 -0.9978 0.0662
vn 0.9658 -0.1886 0.1778
vn 0.9377 -0.2627 0.2275
vn 0.9792 -0.1410 0.1457
vn 0.9955 -0.0478 0.0822
vn 0.2438 0.0247 0.9695
vn -0.4785 -0.0587 -0.8761
vn -0.4930 -0.0630 -0.8677
vn -0.4833 -0.0601 -0.8734
vn 0.2527 0.0263 0.9672
vn 0.0484 0.9977 -0.0475
vn -0.1114 0.9226 -0.3693
vn 0.0930 0.9955 0.0169
vn -0.9572 0.0996 0.2718
vn -0.8992 0.0011 0.4375
vn -0.8901 0.0210 0.4554
vn -0.9357 0.0157 0.3524
vn 0.3151 0.9150 0.2519
vn 0.0391 0.9977 0.0552
vn 0.0165 0.0974 0.9951
vn 0.0222 0.1495 0.9885
vn 0.0314 0.2347 0.9716
vn 0.0535 0.4411 0.8959
vn 0.9023 0.0216 -0.4305
vn 0.8545 0.0107 -0.5193
vn 0.8172 0.0033 -0.5763
vn 0.0598 0.9968 -0.0531
vn -0.0500 0.9414 -0.3336
vn -0.0829 -0.9963 0.0222
vn -0.0875 -0.9962 0.0039
vn 0.7409 -0.0101 -0.6715
vn 0.6198 0.7466 0.2418
vn 0.6198 0.7466 0.2418
vn 0.6198 0.7466 0.2418
vn -0.9560 0.0072 0.2933
vn -0.8960 0.0006 0.4440
vn -0.9526 0.1064 0.2850
vn -0.9455 0.0893 0.3131
vn -0.9608 0.0009 0.2771
vn -0.5001 -0.0652 -0.8635
vn -0.1028 -0.9946 0.0124
vn -0.1027 -0.9945 0.0182
vn -0.1360 0.8533 -0.5033
vn -0.9477 0.0112 0.3190
vn -0.4601 -0.0490 -0.8865
vn -0.4601 -0.0490 -0.8865
vn -0.4601 -0.0490 -0.8865
vn -0.1333 0.9911 -0.0049
vn -0.9875 0.0683 0.1422
vn -0.9864 0.0676 0.1501
vn -0.9883 0.0377 0.1480
vn -0.9896 0.0377 0.1391
vn -0.4342 -0.0288 -0.9004
vn -0.4342 -0.0288 -0.9004
vn -0.4342 -0.0288 -0.9004
vn -0.9889 0.0395 0.1431
vn -0.9896 0.0393 0.1384
vn -0.2500 0.7554 -0.6058
vn -0.6600 0.7477 0.0733
vn -0.5364 0.8408 0.0726
vn -0.6528 0.7540 0.0733
vn -0.9696 0.1437 0.1981
vn -0.9696 0.1437 0.1981
vn -0.9696 0.1437 0.1981
vn -0.5280 0.8461 0.0725
vn -0.9763 0.0973 0.1935
vn -0.9763 0.0973 0.1935
vn -0.0471 -0.9966 -0.0682
vn -0.0326 -0.9288 0.3692
vn -0.0124 -0.7175 -0.6964
vn 0.1659 0.0236 0.9859
vn 0.3499 0.1159 0.9296
vn -0.9763 0.0973 0.1935
vn 0.9997 -0.0139 0.0208
vn 0.9997 -0.0139 0.0208
vn 0.9997 -0.0139 0.0208
vn 0.2845 0.3641 -0.8868
vn 0.2435 0.2801 -0.9286
vn 0.2501 0.2870 -0.9247
vn 0.2896 0.2334 -0.9282
vn 0.3098 0.2224 -0.9244
vn 0.1840 0.3472 -0.9196
vn 0.9941 -0.0187 0.1072
vn 0.9941 -0.0187 0.1072
vn 0.9941 -0.0187 0.1072
vn -0.9873 0.0129 -0.1583
vn -0.9873 0.0129 -0.1583
vn -0.9873 0.0129 -0.1583
vn 0.6704 0.7411 -0.0364
vn 0.7275 0.6858 -0.0229
vn 0.6921 0.7208 -0.0374
vn 0.4440 0.4191 -0.7920
vn 0.6665 0.7449 -0.0312
vn 0.1191 0.4012 -0.9082
vn 0.9990 0.0275 0.0348
vn 0.9998 0.0019 0.0178
vn 0.9997 0.0132 0.0215
vn 0.4322 0.0521 -0.9003
vn 0.4322 0.0521 -0.9003
vn 0.4322 0.0521 -0.9003
vn 0.6822 -0.7255 0.0906
vn 0.6611 -0.7453 0.0864
vn 0.2259 -0.9728 -0.0511
vn 0.9988 0.0324 0.0363
vn 0.2380 -0.9709 -0.0250
vn 0.9980 0.0400 0.0496
vn 1.0000 0.0024 -0.0036
vn 0.9674 -0.0620 0.2456
vn 0.9736 -0.0557 0.2212
vn 0.9994 0.0099 -0.0325
vn 0.7973 0.6036 -0.0004
vn 0.0445 0.7509 -0.6590
vn 0.0502 0.7476 -0.6622
vn 0.0201 0.7642 -0.6447
vn -0.7444 0.0019 -0.6677
vn -0.7444 0.0019 -0.6677
vn -0.7444 0.0019 -0.6677
vn -0.9790 0.0896 -0.1832
vn -0.9790 0.0896 -0.1832
vn -0.9790 0.0896 -0.1832
vn 0.0830 -0.9911 -0.1040
vn -0.0192 0.9994 -0.0304
vn -0.0360 0.9993 -0.0091
vn -0.0004 0.9991 -0.0416
vn -0.0467 0.9989 -0.0076
vn -0.0484 0.9987 0.0174
vn 0.0169 -0.9735 -0.2282
vn 0.0105 -0.9759 -0.2180
vn 0.0234 -0.9708 -0.2386
vn 0.3079 0.7253 -0.6158
vn 0.2204 0.7423 -0.6327
vn 0.2206 0.7372 -0.6387
vn 0.1292 0.6884 -0.7137
vn -0.0310 0.9723 0.2318
vn -0.0310 0.9723 0.2318
vn -0.0310 0.9723 0.2318
vn 0.2843 0.5084 -0.8129
vn 0.2843 0.5084 -0.8129
vn 0.2843 0.5084 -0.8129
vn 0.0768 0.7321 -0.6769
vn 0.1497 0.1132 -0.9822
vn 0.1355 0.1020 -0.9855
vn 0.1362 0.1158 -0.9839
vn 0.9990 0.0181 -0.0416
vn 0.9995 0.0134 -0.0289
vn 0.9999 0.0062 -0.0093
vn 0.2460 0.0098 -0.9692
vn 0.2460 0.0098 -0.9692
vn 0.2460 0.0098 -0.9692
vn -0.1483 0.0656 -0.9868
vn -0.0238 0.0132 -0.9996
vn -0.2140 0.0933 -0.9724
vn 1.0000 0.0013 0.0038
vn -0.0696 -0.1643 -0.9840
vn -0.0061 -0.2355 -0.9719
vn -0.0894 -0.1416 -0.9859
vn -0.0051 0.0838 0.9965
vn -0.0153 0.0797 0.9967
vn -0.0007 0.0856 0.9963
vn -0.1603 -0.0585 -0.9853
vn -0.0117 0.9875 -0.1572
vn -0.0225 0.9887 -0.1482
vn -0.0139 0.9878 -0.1554
vn 0.1426 0.1069 -0.9840
vn 0.0758 -0.9837 0.1632
vn 0.0276 -0.9856 0.1665
vn 0.1529 -0.9815 0.1149
vn -0.9928 0.0231 -0.1176
vn -0.9863 -0.0539 -0.1557
vn -0.9944 0.0287 -0.1019
vn -0.9951 0.0610 -0.0776
vn -0.0033 -0.9807 -0.1955
vn -0.0201 0.0777 0.9968
vn -0.9957 0.0540 -0.0750
vn -0.9949 0.0410 -0.0920
vn 0.0448 -0.0158 -0.9989
vn 0.1700 0.7593 -0.6282
vn -0.0500 -0.1463 -0.9880
vn 0.0399 -0.0774 -0.9962
vn -0.0116 -0.1233 -0.9923
vn -0.0102 -0.9848 0.1731
vn 0.5995 0.4592 -0.6556
vn 0.3877 0.6311 -0.6719
vn -0.9980 0.0132 -0.0619
vn -0.9980 0.0132 -0.0619
vn -0.9980 0.0132 -0.0619
vn -0.5464 -0.8373 0.0156
vn -0.5464 -0.8373 0.0156
vn -0.5464 -0.8373 0.0156
vn -0.0027 0.9863 -0.1646
vn 0.0306 -0.0515 -0.9982
vn 0.9997 -0.0206 -0.0146
vn 0.9997 -0.0014 -0.0237
vn 0.9995 -0.0315 0.0046
vn 0.9996 0.0282 -0.0041
vn 0.9988 0.0458 0.0184
vn -0.1072 0.9870 -0.1197
vn -0.2649 0.9134 -0.3091
vn -0.1807 0.9830 -0.0320
vn -0.0858 -0.9719 0.2191
vn 0.0117 -0.0414 -0.9991
vn -0.0350 0.9994 -0.0030
vn -0.0406 0.9985 -0.0376
vn 0.0151 0.9966 -0.0813
vn -0.0748 0.9952 0.0631
vn 0.0006 0.9918 -0.1282
vn 0.1704 0.1557 0.9730
vn 0.0227 -0.0392 0.9990
vn 0.1070 0.0716 0.9917
vn -0.7515 -0.2012 -0.6283
vn -0.7515 -0.2012 -0.6283
vn -0.7515 -0.2012 -0.6283
vn -0.9940 0.0302 0.1051
vn -0.9916 0.0251 0.1267
vn -0.9980 0.0410 0.0478
vn -0.9986 0.0440 0.0297
vn -0.9986 0.0496 0.0168
vn -0.0303 -0.9559 0.2922
vn 0.0571 0.9930 -0.1038
vn -0.1952 0.8014 -0.5653
vn -0.0390 0.0772 0.9963
vn -0.0445 0.0838 0.9955
vn -0.0398 0.0781 0.9962
vn 0.1905 0.5743 -0.7962
vn 0.1990 0.5552 -0.8075
vn 0.1553 0.6469 -0.7466
vn -0.0341 0.0712 0.9969
vn 0.0165 0.9976 -0.0676
vn 0.0123 0.9981 -0.0599
vn 0.0106 0.9983 -0.0572
vn 0.0058 -0.9946 0.1036
vn 0.0291 -0.9976 0.0622
vn 0.0649 -0.9979 -0.0022
vn 0.1458 0.6651 -0.7324
vn 0.0915 -0.9945 -0.0503
vn 0.0438 -0.0597 -0.9973
vn 0.0308 -0.0899 -0.9955
vn 0.0623 -0.1116 -0.9918
vn 0.0502 0.8412 -0.5384
vn 0.1125 0.2569 -0.9599
vn 0.1497 0.3112 -0.9385
vn 0.1454 0.3788 -0.9140
vn 0.0733 -0.0798 -0.9941
vn -0.0003 0.0551 -0.9985
vn 0.0176 0.9975 -0.0686
vn 0.1362 0.1319 -0.9819
vn 0.0942 0.2125 -0.9726
vn -0.0252 0.9991 0.0349
vn -0.0161 -0.0897 0.9958
vn 0.1439 0.2493 -0.9577
vn 0.0948 0.0512 -0.9942
vn 0.0165 0.9977 -0.0655
vn -0.9908 0.1341 -0.0183
vn -0.9952 0.0968 0.0172
vn -0.9958 0.0824 0.0397
vn -0.9905 0.0366 0.1323
vn -0.9940 0.0415 0.1010
vn 0.9903 -0.1377 -0.0188
vn 0.9904 -0.1371 -0.0183
vn 0.9902 -0.1385 -0.0195
vn 0.9905 -0.1361 -0.0175
vn 0.6982 -0.0677 -0.7127
vn 0.6982 -0.0677 -0.7127
vn 0.6982 -0.0677 -0.7127
vn 0.0088 -0.0735 -0.9973
vn 0.0556 -0.1037 -0.9931
vn 0.0081 -0.0731 -0.9973
vn 0.0407 0.8557 -0.5159
vn -0.0079 1.0000 0.0032
vn -0.2069 0.6576 0.7244
vn -0.2069 0.6576 0.7244
vn -0.2069 0.6576 0.7244
vn 0.2026 -0.9787 0.0337
vn 0.2026 -0.9787 0.0337
vn 0.2026 -0.9787 0.0337
vn 0.0133 -0.8079 -0.5891
vn 0.0133 -0.8079 -0.5891
vn 0.0133 -0.8079 -0.5891
vn 0.9924 0.1095 0.0570
vn 0.9924 0.1095 0.0570
vn 0.9924 0.1095 0.0570
vn -0.9826 0.1823 -0.0356
vn -0.9826 0.1808 -0.0423
vn -0.9808 0.1936 -0.0236
vn -0.9882 0.1424 -0.0566
vn -0.9192 -0.0207 -0.3933
vn -0.9605 0.0137 -0.2780
vn -0.9883 0.1037 -0.1118
vn -0.0593 0.9933 -0.0990
vn 0.0132 0.9647 -0.2630
vn 0.0197 0.9579 -0.2863
vn 0.0043 0.0282 -0.9996
vn 0.0052 0.0001 -1.0000
vn 0.0036 0.0476 -0.9989
vn 0.0256 0.6289 -0.7771
vn 0.0256 0.6289 -0.7771
vn 0.0256 0.6289 -0.7771
vn -0.1513 0.9877 -0.0403
vn 0.0255 0.5882 -0.8083
vn 0.0154 0.5982 -0.8012
vn -0.0143 0.6267 -0.7791
vn 0.0019 0.0899 -0.9959
vn 0.0019 0.0899 -0.9959
vn -0.0112 0.9997 -0.0195
vn -0.0112 0.9997 -0.0195
vn -0.0112 0.9997 -0.0195
vn 0.0563 0.5567 -0.8288
vn -0.4358 -0.4907 0.7545
vn -0.4358 -0.4907 0.7545
vn -0.4358 -0.4907 0.7545
vn -0.2934 0.9560 0.0064
vn -0.5674 0.8234 0.0099
vn 0.0063 -0.0328 -0.9994
vn -0.0696 0.9976 0.0030
vn -0.9973 -0.0030 0.0731
vn -0.9973 -0.0030 0.0731
vn -0.9973 -0.0030 0.0731
vn 0.0599 0.0703 -0.9957
vn 0.0599 0.0703 -0.9957
vn 0.0599 0.0703 -0.9957
vn 0.0073 0.1178 0.9930
vn 0.0073 0.1178 0.9930
vn 0.0073 0.1178 0.9930
vn -0.0015 0.9843 -0.1766
vn -0.0015 0.9843 -0.1766
vn -0.0015 0.9843 -0.1766
vn 0.0166 0.9999 -0.0039
vn -0.0188 -0.0556 -0.9983
vn 0.0019 0.0899 -0.9959
vn 0.9793 -0.1818 0.0893
vn 0.9793 -0.1818 0.0893
vn 0.9793 -0.1818 0.0893
vn 0.0841 -0.9927 -0.0867
vn 0.4894 -0.8719 0.0179
vn 0.3660 -0.9305 -0.0138
vn 0.9976 0.0059 0.0695
vn 0.9976 0.0059 0.0695
vn 0.9976 0.0059 0.0695
vn 0.5357 0.0689 -0.8416
vn 0.5105 0.0517 -0.8583
vn 0.5031 0.1377 -0.8532
vn 0.1335 -0.9892 -0.0603
vn 0.1257 -0.9921 -0.0037
vn 0.1268 -0.9861 -0.1072
vn 0.0544 -0.9911 -0.1219
vn 0.9977 0.0162 0.0663
vn 0.9961 -0.0156 0.0868
vn 0.9948 -0.0316 0.0971
vn 0.1246 -0.9922 -0.0040
vn 0.4756 0.1526 -0.8663
vn 0.4611 0.1835 -0.8682
vn 0.0549 -0.9896 -0.1328
vn 0.5075 0.0053 -0.8616
vn 0.9979 0.0272 0.0592
vn 0.9957 -0.0431 0.0817
vn 0.9973 -0.0452 0.0582
vn 0.9964 -0.0439 0.0728
vn 0.9984 -0.0478 0.0303
vn 0.0113 -0.9991 -0.0409
vn 0.0203 -0.9997 -0.0164
vn 0.0284 -0.9991 -0.0326
vn 0.0378 -0.9951 -0.0910
vn -0.0571 -0.9967 -0.0570
vn 0.0291 -0.9955 -0.0906
vn 0.1793 -0.9727 -0.1476
vn 0.4085 0.1856 -0.8937
vn 0.0195 -0.9997 -0.0166
vn -0.2214 -0.9751 0.0090
vn 0.9973 -0.0486 0.0555
vn 0.9995 -0.0299 0.0141
vn 0.9970 -0.0371 0.0686
vn 0.9949 -0.0473 0.0895
vn 0.0091 -0.9954 -0.0949
vn 0.3136 0.0138 -0.9495
vn 0.3254 0.0202 -0.9454
vn 0.3192 0.0168 -0.9475
vn 0.9911 -0.0314 0.1296
vn 0.1100 -0.9929 -0.0451
vn 0.0658 -0.9944 -0.0832
vn 0.1591 -0.9873 -0.0022
vn 0.3962 0.1216 -0.9101
vn 0.3552 0.1138 -0.9278
vn 0.4676 0.0872 -0.8796
vn 0.5006 0.0112 -0.8656
vn 0.3150 0.1449 -0.9380
vn -0.0172 -0.9967 -0.0796
vn 0.4754 -0.0179 -0.8796
vn 0.5481 -0.0127 -0.8363
vn 0.5600 -0.0300 -0.8280
vn 0.3310 0.0232 -0.9433
vn 0.5524 0.0084 -0.8335
vn 0.0245 -0.9969 -0.0751
vn 0.5945 0.0001 -0.8041
vn 0.0155 -0.9919 -0.1260
vn 0.1375 0.9898 -0.0366
vn 0.0711 0.9972 0.0229
vn 0.1646 0.9845 -0.0611
vn 0.9938 0.1110 -0.0066
vn 0.9987 0.0164 0.0483
vn 0.9985 0.0433 0.0327
vn 0.2316 0.9651 -0.1220
vn 0.9955 -0.0445 0.0832
vn -0.9599 -0.2225 -0.1704
vn -0.9599 -0.2225 -0.1704
vn -0.9599 -0.2225 -0.1704
vn 0.3628 0.1917 -0.9119
vn 0.9986 -0.0334 0.0413
vn 0.9962 -0.0846 -0.0189
vn 0.9984 -0.0248 0.0515
vn 0.9940 0.0229 0.1071
vn 0.9984 -0.0034 -0.0567
vn 0.9984 -0.0034 -0.0567
vn 0.9984 -0.0034 -0.0567
vn 0.9926 -0.0983 0.0717
vn 0.9893 -0.1366 0.0521
vn 0.9911 -0.1033 0.0841
vn 0.9927 -0.0754 0.0937
vn 0.9871 -0.1084 0.1176
vn 0.5452 0.0015 -0.8383
vn 0.5452 0.0015 -0.8383
vn 0.5452 0.0015 -0.8383
vn -0.0269 -0.9958 -0.0874
vn 0.1880 0.1435 -0.9716
vn 0.1783 0.1276 -0.9757
vn 0.1834 0.1361 -0.9736
vn 0.0387 0.9955 -0.0870
vn 0.0851 0.9849 -0.1508
vn 0.1150 0.9746 -0.1919
vn -0.0069 -0.9989 -0.0473
vn -0.0020 -0.9999 -0.0137
vn 0.0000 -1.0000 0.0002
vn 0.0057 -0.9941 -0.1081
vn 0.3499 -0.2836 -0.8928
vn 0.3271 -0.3783 -0.8659
vn 0.3718 -0.1710 -0.9124
vn 0.0606 -0.0439 -0.9972
vn 0.0606 -0.0439 -0.9972
vn 0.0606 -0.0439 -0.9972
vn 0.3684 -0.0164 -0.9295
vn 0.0346 -0.9909 -0.1298
vn 0.0649 -0.9832 -0.1708
vn 0.0530 -0.9865 -0.1548
vn -0.7040 0.0016 -0.7102
vn -0.7040 0.0016 -0.7102
vn -0.7040 0.0016 -0.7102
vn -0.0020 -0.9866 -0.1630
vn -0.0020 -0.9866 -0.1630
vn -0.0020 -0.9866 -0.1630
vn 0.0106 0.9988 -0.0481
vn 0.0204 -0.9937 -0.1105
vn 0.0094 0.9546 -0.2978
vn 0.0094 0.9546 -0.2978
vn 0.0094 0.9546 -0.2978
vn 0.1926 0.1510 -0.9696
vn -0.0925 -0.9957 -0.0091
vn 0.2919 -0.4975 -0.8169
vn 0.0219 0.1519 -0.9882
vn -0.0369 0.2011 -0.9789
vn -0.0588 0.1994 -0.9782
vn 0.9840 0.0096 -0.1781
vn 0.9840 0.0096 -0.1781
vn 0.9840 0.0096 -0.1781
vn 0.2245 0.0097 -0.9744
vn 0.2819 -0.0564 -0.9578
vn 0.3370 -0.0530 -0.9400
vn -0.9344 0.0812 -0.3468
vn -0.9368 0.0862 -0.3391
vn -0.9297 0.0716 -0.3613
vn 0.0163 -0.9930 -0.1169
vn 0.3643 -0.0088 -0.9312
vn 0.0907 0.9395 -0.3304
vn 0.1739 0.9820 -0.0739
vn 0.1208 0.9625 -0.2429
vn -0.9411 0.0959 -0.3242
vn 0.9979 -0.0542 0.0357
vn 0.9976 -0.0417 0.0555
vn 0.9978 -0.0620 0.0233
vn 0.9971 -0.0763 0.0005
vn -0.8004 -0.0371 -0.5983
vn -0.8004 -0.0371 -0.5983
vn -0.8004 -0.0371 -0.5983
vn -0.0094 -0.9978 -0.0649
vn 0.0462 -0.0023 0.9989
vn 0.0522 -0.0033 0.9986
vn 0.0738 -0.0071 0.9972
vn 0.2150 0.0320 -0.9761
vn 0.0287 0.1359 -0.9903
vn 0.1844 0.0326 -0.9823
vn 0.4450 -0.0257 -0.8951
vn 0.0227 0.8601 -0.5096
vn 0.0556 -0.9362 -0.3471
vn 0.0556 -0.9362 -0.3471
vn 0.0556 -0.9362 -0.3471
vn 0.9984 -0.0080 0.0552
vn 0.9984 -0.0080 0.0552
vn 0.9984 -0.0080 0.0552
vn 0.5429 0.0906 -0.8349
vn 0.2328 -0.0708 -0.9700
vn 0.2328 -0.0708 -0.9700
vn 0.2328 -0.0708 -0.9700
vn 0.2201 0.4414 -0.8699
vn 0.2201 0.4414 -0.8699
vn 0.2201 0.4414 -0.8699
vn 0.1549 0.0266 -0.9876
vn 0.2300 0.0016 -0.9732
vn 0.1832 0.0025 -0.9831
vn 0.0109 0.0040 0.9999
vn -0.9632 -0.0130 -0.2684
vn -0.9542 0.0058 -0.2990
vn -0.9490 0.0151 -0.3149
vn -0.9487 0.0197 -0.3157
vn -0.7268 -0.6862 -0.0289
vn -0.6665 -0.7428 -0.0630
vn -0.6537 -0.7535 -0.0698
vn -0.9948 0.0180 -0.1004
vn -0.9940 0.0116 -0.1090
vn -0.9965 0.0367 -0.0754
vn -0.9569 -0.0279 -0.2890
vn -0.9543 -0.0311 -0.2973
vn -0.9915 -0.0040 -0.1297
vn -0.0106 -0.0161 -0.9998
vn -0.0106 -0.0161 -0.9998
vn -0.0106 -0.0161 -0.9998
vn 0.9436 -0.1111 0.3119
vn 0.9504 -0.1036 0.2934
vn 0.9663 -0.0832 0.2437
vn 0.3478 0.0120 -0.9375
vn 0.1313 -0.0291 -0.9909
vn 0.2598 -0.0035 -0.9656
vn 0.9704 -0.0771 0.2289
vn -0.7366 -0.6760 -0.0231
vn -0.0033 -0.9883 -0.1524
vn 0.0055 -0.9843 -0.1765
vn 0.0041 -0.9850 -0.1726
vn 0.1226 0.0152 -0.9923
vn 0.1048 -0.0410 -0.9936
vn -0.0048 -0.9890 -0.1482
vn -0.0745 0.0682 0.9949
vn -0.0384 0.0695 0.9968
vn -0.0517 -0.0041 0.9987
vn 0.0133 -0.9999 0.0006
vn 0.0103 -0.9999 0.0056
vn 0.0060 -0.9999 0.0127
vn -0.0847 0.0618 -0.9945
vn -0.0847 0.0618 -0.9945
vn -0.0847 0.0618 -0.9945
vn 0.1113 0.0441 -0.9928
vn 0.1197 0.0436 -0.9919
vn 0.1033 -0.0448 -0.9936
vn 0.1135 0.0985 -0.9886
vn 0.0796 0.0818 -0.9935
vn 0.0953 0.0769 -0.9925
vn 0.0006 -0.0326 0.9995
vn 0.0870 -0.0268 0.9958
vn 0.0029 -0.9998 0.0179
vn 0.1228 0.0410 -0.9916
vn 0.9984 -0.0373 -0.0429
vn 0.9995 -0.0196 -0.0257
vn 0.9995 -0.0186 -0.0247
vn 1.0000 -0.0012 -0.0077
vn -0.9765 -0.1822 -0.1149
vn -0.9765 -0.1822 -0.1149
vn -0.9765 -0.1822 -0.1149
vn 0.0089 0.0150 -0.9998
vn -0.6136 -0.0675 -0.7867
vn -0.6136 -0.0675 -0.7867
vn -0.6136 -0.0675 -0.7867
vn -0.2793 -0.8476 0.4511
vn -0.2793 -0.8476 0.4511
vn -0.2793 -0.8476 0.4511
vn -0.0247 -0.9698 0.2428
vn 0.0287 -0.9994 0.0195
vn 0.0000 -0.9929 0.1185
vn -0.1057 -0.0260 0.9941
vn -0.0122 0.0106 0.9999
vn 0.0149 -0.0085 -0.9999
vn 0.0217 -0.0141 -0.9997
vn 0.0495 0.0119 -0.9987
vn -0.0066 -0.9918 0.1277
vn -0.0106 -0.9884 0.1518
vn -0.0472 -0.9952 -0.0860
vn -0.0472 -0.9952 -0.0860
vn -0.0472 -0.9952 -0.0860
vn 0.0288 0.0797 -0.9964
vn 0.0183 -0.0014 -0.9998
vn -0.9967 0.0276 -0.0758
vn -0.9967 0.0276 -0.0758
vn -0.9967 0.0276 -0.0758
vn 0.0102 -0.9998 0.0174
vn 0.0336 -0.9982 -0.0494
vn 0.0395 -0.9970 -0.0664
vn 0.0269 -0.0173 0.9995
vn 0.1173 -0.9495 -0.2911
vn 0.0014 0.0110 -0.9999
vn -0.0004 -0.0113 -0.9999
vn 0.1214 0.0847 -0.9890
vn 0.1519 -0.9883 -0.0120
vn 0.0936 -0.9935 0.0652
vn 0.1766 -0.9842 0.0095
vn -0.0843 -0.9943 0.0656
vn 0.3402 0.0903 -0.9360
vn 0.3394 0.0836 -0.9369
vn 0.3401 0.0569 -0.9387
vn 0.9708 0.1638 0.1754
vn 0.9603 0.2220 0.1689
vn 0.9325 0.2156 0.2897
vn 0.4920 0.0883 -0.8661
vn 0.3852 0.0702 -0.9202
vn 0.3220 0.0402 -0.9459
vn 0.2815 0.0602 -0.9577
vn 0.4442 0.0661 -0.8935
vn 0.8614 0.4714 0.1893
vn 0.1387 -0.9883 -0.0639
vn 0.9559 0.2522 0.1502
vn 0.9559 0.2522 0.1502
vn 0.9559 0.2522 0.1502
vn 0.9494 0.2320 0.2119
vn 0.9539 0.2298 0.1929
vn 0.9504 0.2366 0.2019
vn 0.2020 -0.9793 -0.0160
vn 0.2252 -0.9724 0.0618
vn 0.2315 -0.9728 -0.0055
vn 0.8962 0.4021 0.1875
vn 0.9664 0.0723 0.2465
vn 0.2268 -0.9719 0.0632
vn 0.9542 0.2312 0.1897
vn -0.2860 -0.9511 -0.1167
vn 0.1494 -0.9887 0.0079
vn -0.3355 -0.9207 -0.1995
vn 0.1516 -0.9867 0.0587
vn 0.3027 -0.9507 0.0674
vn 0.3122 -0.9452 0.0952
vn 0.9040 0.2525 0.3451
vn 0.9040 0.2525 0.3451
vn 0.9475 0.2216 0.2304
vn 0.8483 0.4640 0.2552
vn 0.1884 -0.9812 0.0416
vn 0.3168 -0.9405 0.1228
vn 0.4363 0.1162 -0.8923
vn 0.9343 0.2251 0.2764
vn 0.9378 0.2362 0.2546
vn 0.7130 0.6892 0.1287
vn 0.3982 0.9165 -0.0378
vn 0.5047 0.8629 0.0264
vn 0.3442 0.1268 -0.9303
vn 0.3411 0.1051 -0.9341
vn 0.0870 -0.9961 0.0147
vn 0.3099 0.0781 -0.9476
vn 0.3086 0.0761 -0.9481
vn 0.3282 0.1067 -0.9386
vn 0.9460 0.1534 0.2857
vn 0.6679 0.7341 0.1225
vn 0.8491 0.4603 0.2590
vn -0.0115 0.9325 -0.3610
vn -0.0182 0.9332 -0.3590
vn -0.0534 0.9024 -0.4275
vn 0.0703 -0.9974 0.0171
vn 0.1666 -0.9847 0.0503
vn 0.1758 -0.9826 0.0606
vn 0.3575 0.2060 -0.9109
vn 0.8915 0.3902 0.2301
vn 0.5655 0.0525 -0.8231
vn 0.9283 0.2275 0.2941
vn -0.8967 0.3832 0.2215
vn -0.8967 0.3832 0.2215
vn -0.8967 0.3832 0.2215
vn 0.2908 0.0489 -0.9555
vn 0.9286 0.2288 0.2922
vn 0.7799 0.0207 -0.6256
vn 0.2991 0.0339 -0.9536
vn 0.9443 0.2012 0.2605
vn 0.1488 -0.9880 0.0419
vn 0.3182 0.0345 -0.9474
vn -0.1233 -0.1877 0.9745
vn -0.1233 -0.1877 0.9745
vn -0.1233 -0.1877 0.9745
vn 0.2131 0.9366 -0.2780
vn 0.2131 0.9366 -0.2780
vn 0.2131 0.9366 -0.2780
vn 0.9173 0.3292 0.2241
vn -0.0715 0.9967 -0.0382
vn -0.0938 0.9944 -0.0486
vn 0.2010 0.9633 0.1777
vn 0.5709 0.8076 0.1481
vn -0.3196 0.8905 -0.3237
vn -0.2699 0.8903 -0.3668
vn 0.2507 -0.1017 -0.9627
vn 0.9727 0.2205 -0.0719
vn 0.9727 0.2205 -0.0719
vn 0.9727 0.2205 -0.0719
vn 0.3042 0.5857 -0.7513
vn 0.3042 0.5857 -0.7513
vn 0.3042 0.5857 -0.7513
vn 0.3192 0.0596 -0.9458
vn 0.9337 0.2788 0.2245
vn 0.2167 0.9569 0.1932
vn 0.1307 0.0616 -0.9895
vn 0.1583 0.1214 -0.9799
vn -0.9443 -0.1571 -0.2891
vn -0.8740 -0.1931 -0.4459
vn -0.9510 -0.1476 -0.2718
vn 0.9357 0.1594 0.3149
vn 0.9360 0.1618 0.3127
vn 0.9444 0.1427 0.2962
vn -0.1881 0.0561 0.9805
vn -0.2035 0.0335 0.9785
vn -0.2023 0.0352 0.9787
vn 0.3218 0.0377 -0.9461
vn 0.5890 0.7923 0.1594
vn 0.0640 -0.9979 0.0081
vn 0.8167 0.2061 0.5390
vn 0.8167 0.2061 0.5390
vn 0.1525 -0.0262 -0.9880
vn 0.1358 -0.9801 0.1445
vn 0.9298 0.1748 0.3239
vn -0.9294 -0.1965 -0.3122
vn -0.9631 -0.2313 -0.1374
vn -0.1653 0.0720 0.9836
vn -0.1716 0.0478 0.9840
vn -0.1750 0.0467 0.9835
vn 0.9418 0.1963 0.2729
vn 0.9231 0.3086 0.2297
vn 0.0336 0.9415 0.3352
vn -0.0790 0.9383 0.3367
vn 0.0754 -0.9971 0.0092
vn -0.5359 0.8416 -0.0677
vn -0.3714 0.9241 -0.0895
vn -0.9636 -0.2466 -0.1031
vn -0.0666 0.9726 -0.2229
vn -0.0519 0.9793 -0.1954
vn 0.0097 0.9454 -0.3259
vn -0.0132 0.9514 -0.3078
vn 0.9209 0.3114 0.2344
vn -0.1574 0.8818 0.4446
vn -0.1420 0.8879 0.4376
vn 0.1117 -0.9750 0.1920
vn 0.3237 0.0575 -0.9444
vn -0.1979 0.0193 0.9800
vn 0.9521 0.1930 0.2372
vn 0.3071 0.0355 -0.9510
vn 0.3012 0.0437 -0.9525
vn 0.3100 0.0332 -0.9502
vn 0.1117 -0.9751 0.1915
vn 0.2205 -0.0129 -0.9753
vn 0.3737 0.3022 -0.8769
vn -0.4297 -0.2279 0.8737
vn -0.4297 -0.2279 0.8737
vn -0.4297 -0.2279 0.8737
vn -0.5600 0.8259 -0.0654
vn -0.2437 -0.0495 0.9686
vn -0.2276 -0.0286 0.9733
vn -0.3287 -0.0581 0.9427
vn 0.0542 -0.0212 -0.9983
vn -0.2168 0.0138 0.9761
vn -0.2756 -0.0655 0.9590
vn 0.0288 -0.9996 0.0023
vn 0.0123 -0.9997 0.0233
vn 0.0369 -0.9993 -0.0081
vn -0.2936 -0.1486 0.9443
vn -0.3443 -0.1320 0.9295
vn -0.4188 -0.2000 0.8858
vn 0.1706 0.0738 -0.9826
vn 0.3284 0.1054 -0.9386
vn 0.9721 0.1648 0.1671
vn 0.2424 0.0092 -0.9701
vn 0.1511 0.0192 -0.9883
vn -0.1576 0.9139 0.3742
vn 0.0287 -0.9972 0.0690
vn 0.9782 0.1543 0.1386
vn 0.0036 -0.9994 0.0344
vn 0.9745 0.1299 0.1828
vn 0.0833 -0.9960 0.0328
vn -0.0791 0.9757 -0.2043
vn -0.1900 0.0252 0.9815
vn -0.9567 -0.1805 -0.2284
vn -0.9571 -0.1797 -0.2274
vn -0.9552 -0.1836 -0.2321
vn 0.2643 0.0310 -0.9639
vn -0.1623 0.0663 0.9845
vn -0.9172 -0.1999 -0.3447
vn -0.9136 -0.1911 -0.3590
vn -0.9220 -0.2125 -0.3237
vn -0.9254 -0.2226 -0.3067
vn -0.9488 -0.1968 -0.2472
vn -0.9863 -0.1502 0.0686
vn -0.9413 -0.1998 -0.2723
vn -0.3440 -0.0745 0.9360
vn -0.9585 -0.1765 -0.2237
vn -0.3314 -0.1010 0.9381
vn -0.0967 -0.1461 -0.9845
vn -0.4833 -0.2626 0.8351
vn -0.3304 -0.1382 0.9337
vn -0.9832 -0.1419 0.1151
vn -0.2667 -0.0352 0.9631
vn 0.3079 0.0088 -0.9514
vn 0.1128 0.1078 -0.9878
vn -0.1276 0.0485 -0.9906
vn -0.2426 0.0105 0.9701
vn 0.0582 -0.9938 -0.0949
vn 0.0357 -0.9978 -0.0560
vn 0.0714 -0.9973 0.0148
vn 0.0629 -0.9979 0.0176
vn 0.0664 -0.9977 0.0164
vn 0.0582 -0.9981 0.0192
vn -0.1747 0.0478 0.9835
vn -0.2120 0.9016 0.3771
vn 0.0445 -0.9985 0.0328
vn 0.0333 -0.9982 0.0496
vn 0.0797 -0.9955 -0.0505
vn -0.3722 -0.1275 0.9194
vn -0.1711 0.0763 0.9823
vn -0.9494 -0.1834 -0.2548
vn -0.9620 -0.2165 -0.1664
vn -0.9652 -0.1767 -0.1929
vn 0.0873 -0.9953 0.0409
vn -0.9899 -0.1386 0.0283
vn -0.9703 -0.1340 -0.2012
vn -0.2372 -0.0185 0.9713
vn -0.9740 -0.1297 -0.1855
vn 0.1973 -0.9289 -0.3133
vn 0.0507 -0.9949 0.0873
vn -0.9571 -0.1663 -0.2373
vn -0.9441 -0.1937 -0.2667
vn -0.9556 -0.1697 -0.2409
vn -0.2699 -0.1044 -0.9572
vn 0.2954 0.0449 -0.9543
vn 0.2962 0.0141 -0.9550
vn 0.2987 0.0467 -0.9532
vn -0.9672 -0.1417 -0.2107
vn 0.0440 -0.9990 -0.0097
vn 0.0378 -0.9991 -0.0172
vn 0.0354 -0.9992 -0.0200
vn -0.5292 -0.2611 0.8074
vn -0.3888 -0.1794 -0.9037
vn -0.1936 -0.0001 0.9811
vn -0.2343 -0.1562 0.9595
vn 0.0290 -0.9992 -0.0276
vn 0.2113 -0.9763 0.0467
vn 0.1907 0.2652 -0.9451
vn 0.1907 0.2652 -0.9451
vn 0.1907 0.2652 -0.9451
vn -0.3175 -0.1702 0.9328
vn -0.9684 -0.0870 -0.2336
vn -0.7849 -0.0963 -0.6121
vn -0.8191 -0.0961 -0.5655
vn -0.9155 -0.3152 -0.2500
vn -0.9155 -0.3152 -0.2500
vn -0.9155 -0.3152 -0.2500
vn -0.9726 -0.0863 -0.2159
vn -0.4993 -0.0574 0.8645
vn -0.5199 -0.0642 0.8518
vn -0.6400 -0.1059 0.7610
vn -0.6549 -0.1112 0.7475
vn -0.9713 -0.1152 -0.2082
vn -0.9540 -0.1392 -0.2657
vn -0.9716 -0.1150 -0.2069
vn -0.2071 0.0161 -0.9782
vn -0.4935 -0.1619 0.8545
vn -0.9636 -0.2436 -0.1098
vn -0.9409 -0.2918 -0.1721
vn -0.9541 -0.2797 -0.1071
vn -0.1623 0.1471 -0.9757
vn -0.9667 -0.1263 -0.2224
vn -0.8901 -0.3004 -0.3428
vn -0.0322 -0.9920 0.1218
vn -0.0339 -0.9921 0.1207
vn -0.0315 -0.9920 0.1222
vn -0.0355 -0.9922 0.1197
vn -0.6044 -0.2099 -0.7685
vn -0.1772 0.5298 -0.8294
vn -0.1060 0.2492 -0.9626
vn -0.6122 -0.2167 -0.7604
vn -0.5798 -0.4821 0.6568
vn -0.5716 -0.1804 0.8005
vn -0.9287 -0.2679 -0.2562
vn -0.0336 0.9615 -0.2728
vn -0.1830 0.0081 -0.9831
vn -0.9271 -0.2177 -0.3050
vn -0.9357 -0.1071 -0.3361
vn -0.9241 -0.1743 -0.3400
vn -0.1978 0.5226 -0.8293
vn -0.4224 0.7793 -0.4629
vn -0.4559 0.7815 -0.4259
vn -0.5174 0.8386 -0.1705
vn -0.9647 -0.2455 -0.0957
vn 0.9980 0.0004 0.0633
vn 0.9991 -0.0128 0.0406
vn 0.9994 -0.0124 0.0327
vn -0.9716 -0.2182 -0.0915
vn 0.9969 0.0052 0.0783
vn 0.9964 0.0367 0.0761
vn 0.9996 -0.0021 0.0290
vn -0.9078 -0.2882 -0.3046
vn 0.9972 0.0038 0.0750
vn 0.9965 0.0116 0.0831
vn 0.9972 -0.0111 0.0734
vn 0.7200 0.3748 0.5840
vn 0.7200 0.3748 0.5840
vn 0.7200 0.3748 0.5840
vn -0.5602 -0.6207 0.5486
vn 0.9956 -0.0112 0.0933
vn 0.9954 -0.0077 0.0952
vn 0.9956 -0.0128 0.0924
vn -0.1035 0.9926 -0.0642
vn -0.9672 -0.2340 -0.0992
vn 0.9953 -0.0053 0.0965
vn 0.2582 -0.9661 -0.0050
vn 0.2582 -0.9661 -0.0050
vn 0.2582 -0.9661 -0.0050
vn 0.9967 -0.0379 0.0720
vn 0.9967 -0.0379 0.0720
vn 0.9967 -0.0379 0.0720
vn 0.1298 -0.9915 -0.0012
vn 0.1298 -0.9915 -0.0012
vn 0.1298 -0.9915 -0.0012
vn 0.1429 0.3404 -0.9293
vn 0.1429 0.3404 -0.9293
vn 0.1429 0.3404 -0.9293
vn 0.0452 0.8970 -0.4398
vn 0.0452 0.8970 -0.4398
vn 0.0452 0.8970 -0.4398
vn 0.9040 0.2525 0.3451
vn 0.3915 0.0198 -0.9200
vn 0.2569 0.0027 -0.9664
vn 0.5890 0.7923 0.1594
vn 0.5890 0.7923 0.1594
vn 0.8167 0.2061 0.5390
vn 0.9279 0.3019 0.2186
vn 0.9264 0.3040 0.2221
vn 0.2481 -0.2381 -0.9390
vn 0.3355 -0.1407 -0.9315
vn -0.1964 0.0599 0.9787
vn -0.1862 0.0696 0.9800
vn -0.1623 0.0922 0.9824
vn -0.1537 0.9625 0.2235
vn -0.1537 0.9625 0.2235
vn -0.1537 0.9625 0.2235
vn -0.1973 0.0229 0.9801
vn -0.1980 0.0204 0.9800
vn -0.1338 0.0804 0.9877
vn -0.2081 0.0116 0.9780
vn -0.2145 0.0427 0.9758
vn -0.9721 -0.1627 -0.1690
vn -0.9727 -0.1640 -0.1643
vn -0.9691 -0.1564 -0.1910
vn -0.9682 -0.1547 -0.1966
vn -0.2247 0.0023 0.9744
vn -0.0205 0.1610 0.9867
vn -0.1995 0.0593 0.9781
vn 0.1075 -0.9920 -0.0659
vn 0.1075 -0.9920 -0.0659
vn 0.1075 -0.9920 -0.0659
vn -0.9175 -0.3416 -0.2035
vn -0.9175 -0.3416 -0.2035
vn -0.9175 -0.3416 -0.2035
vn -0.1747 0.0780 0.9815
vn -0.1612 0.9582 0.2365
vn -0.1728 0.9483 0.2662
vn -0.1599 0.9420 0.2950
vn -0.9915 -0.0971 -0.0871
vn -0.9867 -0.1095 -0.1198
vn -0.9605 -0.1521 -0.2331
vn -0.6754 -0.1052 0.7299
vn -0.6754 -0.1052 0.7299
vn -0.6754 -0.1052 0.7299
vn -0.1236 0.1822 0.9755
vn -0.1236 0.1822 0.9755
vn -0.1236 0.1822 0.9755
vn 0.9973 0.0114 0.0722
vn 0.9973 0.0114 0.0722
vn 0.9973 0.0114 0.0722
vn -0.9558 -0.2428 -0.1658
vn -0.9558 -0.2428 -0.1658
vn -0.9558 -0.2428 -0.1658
vn -0.1196 0.9922 -0.0349
vn -0.1498 0.9834 0.1028
vn -0.9548 -0.1588 -0.2514
vn -0.9557 -0.2046 -0.2115
vn -0.9563 -0.1904 -0.2217
vn -0.9695 -0.1642 -0.1821
vn 0.9401 0.2021 0.2746
vn 0.9825 0.0163 0.1858
vn 0.9611 0.0589 0.2697
vn 0.9339 0.2205 0.2814
vn 0.8614 -0.4837 -0.1552
vn 0.8614 -0.4837 -0.1552
vn 0.8614 -0.4837 -0.1552
vn 0.9972 -0.0104 0.0740
vn 0.9925 -0.0068 0.1217
vn 0.9962 -0.0021 0.0870
vn -0.9639 -0.1682 -0.2064
vn 0.9956 0.0268 0.0898
vn 0.9962 0.0441 0.0756
vn 0.0309 0.9955 -0.0896
vn -0.0041 1.0000 -0.0007
vn -0.0567 0.9603 0.2732
vn -0.0074 -0.0530 0.9986
vn 0.0026 0.0715 0.9974
vn 0.0120 0.0236 0.9996
vn 0.0616 0.9487 -0.3102
vn -0.0084 0.9815 -0.1915
vn -0.9974 -0.0491 -0.0537
vn 0.0683 0.9227 -0.3794
vn -0.9636 -0.2669 -0.0173
vn -0.9448 -0.3275 -0.0108
vn 0.0170 0.9203 0.3908
vn -0.1071 0.9503 0.2923
vn -0.0798 0.9708 0.2264
vn 0.0162 0.9210 0.3893
vn 0.0093 -0.9978 0.0654
vn 0.0100 -0.9977 0.0672
vn 0.0868 -0.9848 0.1506
vn -0.0493 -0.0790 0.9957
vn 0.2154 0.0505 0.9752
vn 0.1358 0.0136 0.9906
vn 0.2878 0.0299 0.9572
vn -0.2289 0.9327 0.2786
vn 0.0203 -0.9972 0.0719
vn 0.0949 -0.9819 0.1639
vn 0.0949 -0.9819 0.1639
vn 0.0949 -0.9819 0.1639
vn 0.2653 -0.0456 0.9631
vn 0.4301 0.0279 0.9024
vn 0.0051 -0.9877 0.1562
vn 0.0125 -0.9969 0.0782
vn 0.0223 -0.9994 -0.0274
vn 0.2189 -0.0803 0.9724
vn -0.0700 0.1515 0.9860
vn 0.0994 0.9241 -0.3690
vn 0.0994 0.9241 -0.3690
vn 0.9964 0.0097 0.0845
vn 0.9956 0.0127 0.0933
vn 0.9959 0.0080 0.0898
vn 0.1606 -0.9590 0.2334
vn 0.9982 0.0182 0.0580
vn 0.9981 0.0177 0.0585
vn 0.9986 0.0171 0.0497
vn 0.9978 0.0244 0.0612
vn 0.9985 0.0124 0.0531
vn 0.9941 0.0312 0.1036
vn 0.9935 0.0088 0.1137
vn 0.9950 0.0032 0.1002
vn 0.9924 0.0456 0.1146
vn 0.9991 -0.0071 0.0426
vn 0.9980 0.0045 0.0623
vn 0.9986 0.0015 0.0525
vn 0.9993 -0.0105 0.0345
vn -0.0730 0.2325 0.9698
vn -0.0894 0.3558 0.9303
vn -0.0470 0.1152 0.9922
vn -0.0300 0.0115 0.9995
vn -0.0352 0.0106 0.9993
vn 0.0504 -0.1092 0.9927
vn -0.0049 0.9979 -0.0648
vn -0.1932 0.9444 -0.2661
vn -0.0289 0.9937 -0.1083
vn -0.0190 -0.9998 -0.0008
vn -0.0192 -0.9998 -0.0010
vn -0.0262 -0.9996 -0.0084
vn 0.0277 0.9565 -0.2905
vn 0.0414 0.9560 -0.2905
vn 0.1637 0.9554 -0.2458
vn 0.3773 -0.1281 0.9172
vn 0.4750 -0.0187 0.8798
vn -0.9987 0.0170 -0.0475
vn -0.9984 0.0064 -0.0569
vn -0.9986 0.0066 -0.0527
vn -0.9986 0.0296 -0.0431
vn -0.9985 0.0080 -0.0535
vn -0.9983 0.0040 -0.0580
vn 0.0046 0.9639 -0.2662
vn -0.0079 0.9659 -0.2588
vn -0.0169 0.9938 -0.1103
vn 0.0002 0.9963 0.0861
vn 0.0002 0.9963 0.0861
vn 0.0002 0.9963 0.0861
vn 0.1354 -0.1518 0.9791
vn 0.0242 -0.9986 -0.0474
vn -0.0121 -0.9999 0.0064
vn -0.0312 0.9894 -0.1416
vn -0.0028 0.9978 0.0655
vn -0.0369 0.3972 0.9170
vn 0.1114 0.0123 0.9937
vn 0.1114 0.0123 0.9937
vn 0.1114 0.0123 0.9937
vn -0.9076 -0.4198 -0.0085
vn -0.9997 -0.0110 0.0225
vn -0.9631 -0.2691 0.0055
vn -0.9999 0.0080 -0.0083
vn -0.9999 0.0064 0.0089
vn -1.0000 0.0062 -0.0040
vn -0.9996 -0.0002 -0.0265
vn -0.5497 0.0025 -0.8353
vn -0.5497 0.0025 -0.8353
vn -0.5497 0.0025 -0.8353
vn -1.0000 -0.0021 -0.0079
vn -0.4415 0.4863 0.7541
vn -0.4415 0.4863 0.7541
vn -0.4415 0.4863 0.7541
vn -0.0039 0.0001 1.0000
vn 0.0246 0.1953 0.9804
vn 0.0182 0.2240 0.9744
vn 0.0103 -0.9975 0.0696
vn 0.0103 -0.9975 0.0696
vn 0.0103 -0.9975 0.0696
vn 0.0071 0.1606 0.9870
vn -0.9873 0.1572 -0.0229
vn -0.9872 0.1578 -0.0227
vn -0.9876 0.1555 -0.0233
vn 0.0792 -0.0974 0.9921
vn -0.9876 0.1550 -0.0234
vn -0.0176 0.0923 -0.9956
vn -0.0094 0.0899 -0.9959
vn -0.0642 0.1058 -0.9923
vn 0.0227 0.0169 0.9996
vn -0.0083 0.2689 0.9631
vn -0.0031 0.0013 1.0000
vn 0.0652 0.0496 0.9966
vn 0.0817 -0.0280 0.9963
vn 0.0817 0.0953 0.9921
vn 0.0543 0.0367 0.9978
vn 0.0543 0.0367 0.9978
vn 0.0663 0.0908 0.9937
vn 0.0939 -0.0541 0.9941
vn -0.0082 0.9979 -0.0636
vn 0.0028 0.0863 -0.9963
vn 0.0994 0.9241 -0.3690
vn 0.0543 0.0367 0.9978
vn 0.9833 -0.0478 0.1758
vn 0.9833 -0.0478 0.1758
vn 0.9833 -0.0478 0.1758
vn 0.5066 -0.0304 -0.8617
vn 0.4980 -0.0348 -0.8665
vn 0.4229 -0.0448 -0.9051
vn 0.9934 0.0366 0.1088
vn 0.9921 0.0404 0.1191
vn 0.9348 0.0359 0.3532
vn 0.9612 0.0166 0.2755
vn 0.4492 -0.0331 -0.8928
vn 0.2266 0.9664 0.1216
vn 0.2379 0.9696 0.0572
vn 0.4342 0.8937 0.1131
vn 0.1459 0.9885 0.0403
vn 0.3363 -0.0352 -0.9411
vn 0.3760 -0.0461 -0.9255
vn 0.8628 0.0436 0.5037
vn 0.8492 0.0001 0.5280
vn -0.0051 1.0000 -0.0010
vn 0.8039 -0.1122 0.5841
vn 0.4184 0.8651 0.2766
vn -0.8998 -0.0822 0.4286
vn -0.8526 -0.0380 0.5212
vn -0.8672 -0.0507 0.4954
vn 0.4230 -0.0286 -0.9057
vn -0.9057 -0.0886 0.4145
vn 0.9999 0.0022 0.0168
vn 0.9999 0.0044 0.0158
vn 0.9999 0.0041 0.0159
vn 0.9999 0.0083 0.0140
vn 0.1998 0.8601 -0.4694
vn 0.0128 0.9731 -0.2301
vn 0.0148 0.9920 -0.1253
vn -0.0084 0.9999 -0.0126
vn 0.0686 0.0229 -0.9974
vn 0.0788 0.0307 -0.9964
vn 0.0648 0.0200 -0.9977
vn 0.0443 0.9987 0.0245
vn 0.0688 0.9947 -0.0765
vn 0.0489 0.9987 -0.0122
vn 0.0546 0.0122 -0.9984
vn 0.3182 -0.0262 -0.9477
vn -0.9358 -0.0474 -0.3494
vn -0.9245 -0.0489 -0.3781
vn -0.9380 -0.0456 -0.3436
vn -0.9154 -0.0526 -0.3991
vn -0.9199 -0.0285 -0.3912
vn 0.5238 -0.0056 -0.8518
vn 0.5282 -0.0583 -0.8471
vn 0.5620 -0.0087 -0.8271
vn -0.0256 0.9938 -0.1080
vn 0.9953 0.0014 0.0972
vn 0.9944 -0.0039 0.1056
vn 0.9973 0.0013 0.0740
vn 0.0309 0.9995 -0.0092
vn 0.9975 0.0042 0.0709
vn 0.5773 -0.0185 -0.8163
vn 0.9991 0.0013 0.0431
vn 0.0195 0.9923 -0.1219
vn 0.9995 -0.0013 0.0331
vn 0.9990 0.0043 0.0453
vn -0.9173 -0.0340 -0.3969
vn 0.9992 0.0053 0.0395
vn -0.3553 0.9339 0.0398
vn -0.9225 -0.0143 -0.3858
vn -0.0921 0.9954 0.0263
vn 0.1155 -0.0017 0.9933
vn 0.0666 0.0048 0.9978
vn 0.0799 0.0031 0.9968
vn 0.4069 -0.0148 -0.9134
vn 0.2598 -0.0380 -0.9649
vn 0.3609 -0.0315 -0.9321
vn -0.2043 0.4910 -0.8469
vn -0.2043 0.4910 -0.8469
vn -0.2043 0.4910 -0.8469
vn 0.0483 0.9956 -0.0798
vn 0.0483 0.9956 -0.0798
vn 0.0483 0.9956 -0.0798
vn 0.9788 0.0240 0.2034
vn 0.9820 0.0292 0.1864
vn 0.9829 0.0273 0.1821
vn 0.9841 0.0658 0.1652
vn 0.5154 -0.0978 -0.8513
vn 0.5179 -0.0986 -0.8497
vn 0.9771 0.0286 0.2109
vn 0.2401 -0.0732 -0.9680
vn 0.2874 -0.0567 -0.9561
vn 0.5367 0.0051 -0.8438
vn -0.4801 0.8768 0.0263
vn -0.9918 0.1170 -0.0514
vn -0.9906 0.0793 -0.1119
vn -0.9879 0.0596 -0.1430
vn -0.9792 0.0218 -0.2016
vn 0.0000 1.0000 -0.0059
vn 0.0037 1.0000 0.0027
vn 0.0025 1.0000 -0.0001
vn -0.5278 0.8485 0.0383
vn 0.1734 0.9849 -0.0015
vn 0.0479 0.9960 -0.0753
vn 0.0391 0.9967 -0.0707
vn -0.0104 0.9963 -0.0859
vn -0.0014 1.0000 -0.0091
vn 0.0097 0.0934 -0.9956
vn 0.0137 0.0994 -0.9950
vn 0.0046 0.0855 -0.9963
vn -0.4805 0.0328 -0.8764
vn -0.4805 0.0328 -0.8764
vn -0.4805 0.0328 -0.8764
vn 0.2625 -0.0158 -0.9648
vn 0.2843 -0.0035 -0.9587
vn 0.2903 0.0100 -0.9569
vn 0.0189 0.1074 -0.9940
vn -0.0662 0.9967 -0.0475
vn 0.0164 0.9992 0.0354
vn 0.0035 0.9997 0.0243
vn 0.0239 0.9991 0.0364
vn 0.0367 0.9946 -0.0970
vn 0.0330 -0.9992 -0.0213
vn -0.0012 -0.9998 0.0212
vn 0.0113 -0.9999 0.0057
vn 0.0951 -0.0759 0.9926
vn 0.0573 -0.0173 0.9982
vn 0.0796 -0.0518 0.9955
vn 0.9762 -0.0394 0.2133
vn 0.9762 -0.0394 0.2133
vn 0.9762 -0.0394 0.2133
vn 0.0507 0.8975 0.4380
vn 0.0507 0.8975 0.4380
vn 0.0507 0.8975 0.4380
vn 0.0060 0.9987 0.0506
vn 0.0501 0.0070 0.9987
vn 0.9886 0.1327 -0.0708
vn 0.9816 0.1833 0.0530
vn 0.9562 0.0654 -0.2854
vn 0.9359 0.0320 -0.3509
vn 0.3092 -0.0292 -0.9505
vn 0.1131 -0.1040 0.9881
vn 0.9364 0.0626 -0.3453
vn 0.8632 -0.0874 0.4972
vn 0.8850 -0.0654 0.4610
vn 0.9256 -0.0169 0.3781
vn 0.0475 -0.9981 -0.0394
vn 0.9361 -0.0018 0.3517
vn -0.0134 0.9997 0.0213
vn 0.2686 -0.0073 -0.9632
vn 0.2686 -0.0073 -0.9632
vn 0.2686 -0.0073 -0.9632
vn 0.9996 -0.0039 -0.0267
vn 0.9972 0.0064 -0.0749
vn 0.9999 -0.0089 -0.0060
vn 0.3162 0.0285 -0.9483
vn 0.9999 -0.0045 -0.0097
vn 0.2926 -0.0088 -0.9562
vn 0.9920 0.0203 -0.1242
vn 0.8632 0.1324 0.4872
vn 0.8632 0.1324 0.4872
vn 0.8632 0.1324 0.4872
vn 0.0511 0.9924 -0.1119
vn 0.0621 -0.0029 -0.9981
vn 0.0621 -0.0029 -0.9981
vn 0.0621 -0.0029 -0.9981
vn -0.9986 -0.0024 0.0525
vn -0.9990 0.0433 -0.0102
vn -0.9965 -0.0228 0.0804
vn -0.9857 -0.0744 0.1509
vn 0.0002 0.9806 -0.1959
vn -0.0016 0.9995 -0.0318
vn -0.0201 0.9959 -0.0884
vn -0.0011 0.0281 0.9996
vn 0.0090 0.0065 0.9999
vn 0.0094 0.0056 0.9999
vn -0.0120 0.9999 0.0003
vn 0.0464 -0.9988 -0.0162
vn 0.0492 -0.9986 -0.0192
vn 0.0343 -0.9994 -0.0032
vn -0.0289 0.9993 0.0218
vn -0.0291 0.9994 0.0213
vn 0.1703 -0.0616 -0.9835
vn 0.1513 0.0319 -0.9880
vn 0.0628 -0.9975 -0.0337
vn 0.1641 -0.0384 -0.9857
vn 0.0248 -0.0426 -0.9988
vn 0.0516 -0.0357 -0.9980
vn 0.0072 -0.0229 -0.9997
vn 0.1774 0.0899 -0.9800
vn 0.0172 -0.0086 -0.9998
vn 0.0632 0.0324 -0.9975
vn 0.9926 -0.0220 -0.1198
vn 0.9978 -0.0657 -0.0090
vn 0.9978 -0.0472 -0.0465
vn 0.9980 -0.0615 -0.0117
vn 0.9984 -0.0034 -0.0570
vn 0.9992 -0.0055 -0.0398
vn 0.0020 -0.0008 -1.0000
vn 0.0280 0.9988 -0.0408
vn -0.9983 -0.0198 -0.0545
vn -0.9989 0.0412 -0.0245
vn -0.9960 0.0892 -0.0007
vn -0.9950 -0.0645 -0.0763
vn 0.0146 -0.0054 0.9999
vn -0.9992 0.0347 0.0201
vn -0.9992 0.0347 0.0201
vn -0.9992 0.0347 0.0201
vn 0.0475 -0.0202 -0.9987
vn -0.0021 -0.0448 -0.9990
vn 0.0056 -0.0438 -0.9990
vn 0.0038 -0.9991 -0.0422
vn -0.0040 -0.9999 -0.0115
vn -0.0009 -0.9997 -0.0234
vn -0.0031 0.9971 -0.0754
vn -0.0003 0.9934 -0.1147
vn 0.0066 0.9774 -0.2113
vn 0.0017 -0.0170 0.9999
vn 0.0260 0.0506 0.9984
vn 0.0304 0.0077 0.9995
vn 0.0041 0.0137 0.9999
vn -0.9892 0.0027 -0.1463
vn -0.9892 0.0027 -0.1463
vn -0.9892 0.0027 -0.1463
vn 0.0234 -0.9927 -0.1186
vn 0.0022 -0.0054 -1.0000
vn 0.0022 -0.0054 -1.0000
vn 0.0022 -0.0054 -1.0000
vn 0.0323 -0.0366 -0.9988
vn -0.0068 0.9997 -0.0233
vn -0.0369 -0.0372 0.9986
vn -0.0368 -0.1186 0.9923
vn 0.0872 -0.0983 -0.9913
vn 0.9913 0.0400 0.1256
vn 0.1511 -0.0251 -0.9882
vn 0.0454 0.0382 0.9982
vn 0.9713 0.0871 0.2215
vn 0.9713 0.0871 0.2215
vn 0.9713 0.0871 0.2215
vn 0.5669 0.8168 0.1072
vn 0.6186 0.7770 0.1170
vn 0.6139 0.7807 0.1168
vn 0.5639 0.8190 0.1065
vn 0.9847 0.0274 0.1718
vn 0.9930 0.0380 0.1122
vn 0.9892 0.0358 0.1419
vn 0.9905 -0.0041 0.1375
vn 0.5654 0.8189 0.0984
vn 0.9941 -0.0394 0.1008
vn 0.1929 0.6964 -0.6912
vn 0.1589 0.8412 -0.5168
vn 0.2037 0.6280 -0.7511
vn -0.1161 0.9926 -0.0353
vn -0.0658 0.9950 -0.0754
vn -0.0705 0.9956 -0.0613
vn 0.9893 -0.0156 0.1452
vn 0.0912 -0.9958 -0.0028
vn 0.1061 -0.9943 0.0105
vn 0.0969 -0.9953 0.0018
vn 0.4677 -0.0270 -0.8835
vn 0.4641 -0.0309 -0.8853
vn 0.4931 0.0007 -0.8700
vn 0.9590 0.0903 0.2688
vn 0.9590 0.0903 0.2688
vn 0.9590 0.0903 0.2688
vn 0.4245 -0.0219 -0.9051
vn 0.4245 -0.0219 -0.9051
vn 0.4245 -0.0219 -0.9051
vn -0.0860 0.9905 -0.1070
vn 0.1462 0.8785 -0.4548
vn 0.9301 -0.0179 0.3668
vn -0.7938 0.5094 0.3323
vn -0.7938 0.5094 0.3323
vn -0.7938 0.5094 0.3323
vn 0.9284 -0.0200 0.3711
vn 0.0428 -0.9991 0.0021
vn 0.9380 0.0010 0.3466
vn 0.8866 0.0132 0.4624
vn 0.8317 -0.0076 0.5552
vn 0.8232 -0.0269 0.5671
vn -0.1446 0.9887 -0.0401
vn 0.4460 -0.0500 -0.8936
vn 0.9665 0.0952 0.2383
vn 0.9584 0.0890 0.2712
vn 0.9563 0.0946 0.2765
vn -0.1621 0.9839 -0.0750
vn -0.0188 0.9998 -0.0032
vn 0.0228 0.9996 0.0177
vn 0.0522 -0.9985 0.0183
vn 0.0544 -0.9983 0.0207
vn 0.8157 0.0175 0.5782
vn 0.9672 0.1212 0.2233
vn 0.4909 -0.0384 -0.8704
vn 0.4868 -0.0419 -0.8725
vn 0.4835 -0.0447 -0.8742
vn -0.6090 -0.0697 -0.7901
vn -0.6090 -0.0697 -0.7901
vn -0.6090 -0.0697 -0.7901
vn 0.0148 -0.9999 0.0063
vn -0.9288 -0.0232 -0.3699
vn -0.9288 -0.0232 -0.3699
vn -0.9288 -0.0232 -0.3699
vn -0.0955 0.1037 0.9900
vn -0.0955 0.1037 0.9900
vn -0.0955 0.1037 0.9900
vn 0.0963 -0.9952 0.0161
vn -0.1253 0.9864 -0.1061
vn -0.1253 0.9864 -0.1061
vn -0.1253 0.9864 -0.1061
vn 0.4932 -0.0365 -0.8692
vn -0.4227 -0.0092 0.9062
vn -0.4442 -0.0059 0.8959
vn -0.4370 -0.0062 0.8994
vn -0.5967 0.0044 0.8025
vn -0.2891 0.1128 0.9506
vn -0.2891 0.1128 0.9506
vn -0.2891 0.1128 0.9506
vn 0.0520 -0.9986 0.0092
vn -0.5156 0.4705 -0.7161
vn -0.5156 0.4705 -0.7161
vn -0.5156 0.4705 -0.7161
vn 0.0871 -0.9926 -0.0851
vn -0.6015 0.0048 0.7988
vn 0.2103 -0.9775 0.0188
vn 0.3322 -0.9432 0.0092
vn 0.0640 -0.9972 0.0399
vn 0.9977 0.0163 -0.0657
vn 0.9999 -0.0023 0.0098
vn 0.9883 0.0193 0.1516
vn 0.9999 0.0033 0.0123
vn 0.9879 0.1551 0.0072
vn -0.9894 -0.0579 -0.1330
vn -0.9889 -0.0542 -0.1386
vn -0.9897 -0.0600 -0.1298
vn 0.9705 0.0385 0.2380
vn 0.9733 0.1010 0.2063
vn 0.9747 0.1223 0.1872
vn 0.9659 0.1336 0.2220
vn 0.9639 0.1359 0.2289
vn 0.9761 0.1203 0.1811
vn -0.9903 -0.0644 -0.1233
vn 0.0749 -0.9956 -0.0564
vn 0.0801 -0.9966 0.0174
vn -0.2165 0.0291 0.9759
vn -0.2302 0.0354 0.9725
vn -0.2238 0.0355 0.9740
vn 0.4028 -0.0859 -0.9112
vn 0.5337 -0.0320 -0.8451
vn 0.7359 -0.0209 -0.6768
vn -0.0073 -0.9990 0.0442
vn -0.0021 -1.0000 0.0017
vn 0.0585 -0.9947 0.0850
vn -0.1536 0.9861 0.0636
vn -0.2111 0.9705 0.1163
vn -0.1887 0.9774 0.0957
vn -0.2405 0.0325 0.9701
vn -0.2475 0.0265 0.9685
vn 0.0249 -0.9995 0.0195
vn 0.0129 0.0006 0.9999
vn 0.0045 -0.0007 1.0000
vn 0.0055 -0.0006 1.0000
vn -0.2409 0.9598 0.1438
vn 0.8930 0.0990 0.4391
vn 0.9347 0.0699 0.3486
vn 0.9060 0.0907 0.4135
vn 0.3537 -0.0577 -0.9336
vn 0.0138 0.0007 0.9999
vn 0.9418 0.0640 0.3299
vn -0.1207 -0.9819 -0.1459
vn 0.9999 -0.0003 0.0161
vn 0.9997 -0.0011 0.0256
vn 0.9852 -0.0135 0.1710
vn 0.9840 -0.0140 0.1775
vn -0.1365 -0.0196 0.9904
vn -0.0991 -0.0049 0.9951
vn 0.0694 0.1096 0.9915
vn 0.0554 0.0496 0.9972
vn -0.1267 -0.0187 0.9918
vn 0.0133 -0.9964 0.0837
vn -0.0248 -0.9993 -0.0273
vn -0.9917 -0.0055 -0.1281
vn -0.9917 -0.0055 -0.1281
vn -0.9917 -0.0055 -0.1281
vn -0.9996 0.0032 -0.0289
vn -0.9981 -0.0126 -0.0599
vn -0.9921 -0.0422 -0.1178
vn -0.9862 -0.0608 -0.1540
vn 0.2024 -0.9518 0.2305
vn 0.4199 -0.9065 -0.0436
vn 0.1632 -0.1126 -0.9801
vn 0.1858 -0.0467 -0.9815
vn 0.0241 -0.0152 0.9996
vn -0.0042 -0.0194 0.9998
vn 0.0040 -0.0112 0.9999
vn 0.0998 -0.0986 -0.9901
vn -0.1271 -0.0261 0.9915
vn 0.0281 -0.9785 0.2045
vn 0.0273 -0.8037 0.5944
vn -0.0072 -1.0000 0.0002
vn -0.1457 0.9777 0.1512
vn -0.1435 0.9863 0.0819
vn -0.1437 0.9858 0.0869
vn -0.1459 0.9767 0.1576
vn -0.1631 -0.0179 0.9864
vn -0.1599 -0.0022 0.9871
vn -0.1563 -0.0113 0.9876
vn -0.1609 0.0005 0.9870
vn 0.0621 -0.1837 -0.9810
vn -0.1678 0.0158 0.9857
vn 0.0265 -0.0030 0.9996
vn -0.0110 -0.0171 0.9998
vn 0.0965 -0.9952 -0.0142
vn 0.0622 -0.9740 0.2177
vn 0.0706 -0.9953 0.0659
vn 0.0712 -0.9961 0.0529
vn -0.1554 -0.0137 0.9878
vn -0.1020 -0.5117 0.8531
vn -0.0964 -0.4694 0.8777
vn -0.1008 -0.5031 0.8583
vn 0.0615 -0.9714 0.2294
vn -0.0125 -0.9996 0.0237
vn -0.0950 -0.4588 0.8834
vn 0.0532 0.0046 0.9986
vn -0.9976 -0.0026 0.0696
vn -0.9988 -0.0010 0.0486
vn -0.9977 -0.0025 0.0683
vn -0.9989 -0.0008 0.0466
vn 0.9962 0.0597 0.0630
vn 0.9775 0.1021 0.1848
vn 0.9922 0.0730 0.1009
vn 0.9706 0.1118 0.2131
vn -0.1431 -0.0047 0.9897
vn -0.1155 0.0038 0.9933
vn -0.7264 -0.1691 -0.6662
vn -0.8698 -0.1687 -0.4636
vn -0.7985 -0.1178 -0.5903
vn -0.6379 -0.1134 -0.7617
vn 0.0252 0.0139 0.9996
vn -0.0087 0.0021 1.0000
vn 0.0201 0.0148 0.9997
vn 0.0170 0.0140 0.9998
vn -0.1062 0.0092 0.9943
vn 0.1423 -0.3728 -0.9169
vn 0.0290 -0.9810 0.1917
vn -0.9689 -0.1209 -0.2161
vn 0.9403 -0.1056 0.3237
vn 0.9403 -0.1056 0.3237
vn 0.9403 -0.1056 0.3237
vn -0.9797 0.1202 -0.1603
vn -0.9967 0.0693 -0.0412
vn -0.9983 0.0574 -0.0138
vn -0.9738 0.1310 -0.1858
vn -0.0010 -0.7644 0.6448
vn -0.8737 -0.4604 -0.1574
vn -0.9678 -0.1913 -0.1635
vn 0.0071 -0.1639 0.9864
vn 0.0071 -0.1639 0.9864
vn 0.0071 -0.1639 0.9864
vn 0.0706 -0.4072 -0.9106
vn 0.0183 -0.9769 0.2130
vn -0.8286 -0.4266 0.3626
vn -0.8286 -0.4266 0.3626
vn -0.8205 -0.5472 -0.1653
vn -0.0329 -0.9991 -0.0260
vn -0.0329 -0.9991 -0.0260
vn -0.0329 -0.9991 -0.0260
vn -0.0865 -0.9962 0.0072
vn -0.0865 -0.9962 0.0072
vn -0.0181 -0.0017 0.9998
vn -0.0152 -0.7247 -0.6889
vn -0.0152 -0.7247 -0.6889
vn 0.0031 -0.9907 -0.1358
vn -0.0129 0.9783 0.2070
vn -0.0129 0.9783 0.2070
vn -0.0129 0.9783 0.2070
vn 0.0205 0.0543 0.9983
vn 0.0664 -0.9976 -0.0187
vn 0.0930 -0.9957 -0.0006
vn -0.8286 -0.4266 0.3626
vn -0.0865 -0.9962 0.0072
vn -0.0152 -0.7247 -0.6889
vn 0.0031 -0.9907 -0.1358
vn 0.0031 -0.9907 -0.1358
vn 0.5590 0.1903 -0.8070
vn 0.6698 0.1398 -0.7293
vn 0.5796 0.1885 -0.7928
vn 0.5672 0.2183 -0.7941
vn 0.5870 0.1950 -0.7857
vn 0.5756 0.2186 -0.7880
vn 0.9187 0.1935 0.3442
vn 0.8856 0.1809 0.4277
vn 0.9475 0.2024 0.2476
vn 0.2705 -0.9497 -0.1577
vn 0.2962 -0.9460 -0.1314
vn 0.2605 -0.9508 -0.1679
vn 0.9106 0.1915 0.3663
vn 0.8979 0.1854 0.3992
vn 0.8970 0.1893 0.3994
vn 0.9181 0.2117 0.3351
vn 0.3683 0.1492 -0.9177
vn 0.3151 0.1483 -0.9374
vn 0.3233 0.1485 -0.9346
vn 0.4672 0.2113 -0.8585
vn 0.1972 -0.9716 -0.1309
vn 0.1484 -0.9811 -0.1240
vn 0.3784 -0.9187 -0.1136
vn 0.9240 0.1969 0.3278
vn 0.9147 0.2001 0.3513
vn 0.9237 0.1971 0.3286
vn 0.3054 -0.9444 -0.1219
vn 0.7520 0.2196 -0.6215
vn 0.7340 0.2121 -0.6452
vn 0.9111 0.1612 0.3794
vn 0.8320 0.1559 0.5324
vn 0.3652 -0.9237 -0.1158
vn 0.3746 0.1493 -0.9151
vn 0.8530 0.1662 0.4947
vn 0.6315 0.1281 0.7648
vn 0.7957 0.1955 -0.5732
vn 0.5801 0.1623 -0.7982
vn 0.8664 0.1785 0.4663
vn 0.7332 0.0479 -0.6783
vn 0.2264 -0.9592 -0.1694
vn 0.9043 0.2104 0.3714
vn 0.6039 0.1901 -0.7741
vn 0.7921 0.1887 -0.5805
vn 0.8934 0.2412 0.3791
vn 0.3881 -0.9158 -0.1035
vn -0.1351 0.9892 0.0562
vn -0.1771 0.9761 0.1256
vn -0.2645 0.9621 0.0667
vn 0.8736 0.1892 0.4483
vn 0.0653 0.9969 -0.0443
vn -0.1732 0.9848 0.0147
vn -0.0671 0.9977 -0.0118
vn 0.7689 0.1186 0.6282
vn 0.5240 0.1931 -0.8295
vn -0.0130 0.3488 -0.9371
vn -0.0130 0.3488 -0.9371
vn -0.0130 0.3488 -0.9371
vn 0.7683 0.1823 -0.6135
vn 0.3387 -0.9070 -0.2502
vn 0.3387 -0.9070 -0.2502
vn 0.3387 -0.9070 -0.2502
vn 0.2982 -0.9451 -0.1339
vn 0.8863 0.2432 0.3942
vn -0.3193 0.9454 0.0657
vn 0.3004 0.1729 -0.9380
vn 0.2815 0.1826 -0.9420
vn 0.2758 0.1854 -0.9431
vn 0.5867 0.2752 -0.7616
vn 0.5716 0.2001 -0.7957
vn 0.5822 0.2505 -0.7735
vn 0.5795 0.1738 -0.7962
vn 0.8900 0.2293 0.3940
vn 0.2565 0.1951 -0.9467
vn 0.4227 -0.1525 -0.8933
vn 0.4954 0.1153 0.8610
vn 0.4083 0.0858 0.9088
vn 0.7030 0.2242 -0.6749
vn 0.8400 0.2662 -0.4728
vn 0.3704 0.1681 -0.9135
vn 0.3882 0.2963 -0.8726
vn 0.2931 -0.9465 -0.1351
vn -0.2275 0.9585 0.1717
vn -0.2089 0.9776 0.0237
vn 0.9095 0.2206 0.3524
vn 0.9120 0.1932 0.3618
vn -0.1692 0.9696 0.1767
vn -0.2075 0.9670 0.1478
vn -0.1972 0.9689 0.1493
vn 0.8538 0.1877 0.4856
vn 0.5969 0.3422 -0.7257
vn 0.1810 -0.9740 -0.1364
vn 0.1861 -0.9727 -0.1386
vn 0.1835 -0.9734 -0.1375
vn 0.6459 0.0450 0.7621
vn 0.5143 0.1879 -0.8368
vn -0.0210 0.9374 0.3475
vn 0.3674 0.5456 -0.7532
vn 0.2874 0.0008 0.9578
vn -0.5379 -0.0995 -0.8371
vn -0.5379 -0.0995 -0.8371
vn -0.5379 -0.0995 -0.8371
vn 0.9779 0.2092 0.0040
vn 0.9654 0.2569 -0.0453
vn 0.9550 0.2957 0.0222
vn -0.1134 0.9796 0.1657
vn 0.1780 -0.9747 -0.1351
vn 0.6409 0.1312 -0.7563
vn 0.7448 0.1760 -0.6436
vn 0.6504 0.1351 -0.7475
vn 0.9253 0.2479 0.2871
vn 0.9424 0.2725 0.1939
vn 0.5001 0.1775 -0.8476
vn 0.2945 -0.9460 -0.1353
vn -0.2320 0.9488 0.2146
vn -0.2320 0.9488 0.2146
vn -0.2320 0.9488 0.2146
vn 0.8879 0.1427 0.4372
vn -0.2908 0.9471 0.1360
vn -0.3184 0.9353 0.1546
vn -0.2687 0.9578 0.1018
vn -0.8041 -0.1655 -0.5710
vn -0.8031 -0.1648 -0.5725
vn -0.8076 -0.1567 -0.5686
vn -0.0955 0.9632 0.2512
vn 0.0096 0.9719 0.2353
vn -0.0741 0.9753 0.2082
vn -0.2598 0.9526 0.1583
vn -0.8123 -0.1684 -0.5584
vn 0.7515 0.1791 -0.6349
vn 0.8893 0.1103 0.4438
vn 0.1401 -0.0584 0.9884
vn -0.0818 -0.1761 0.9810
vn -0.0721 -0.1877 0.9796
vn 0.4138 0.0715 0.9076
vn 0.4406 0.0549 0.8960
vn 0.0901 -0.1178 0.9889
vn -0.0780 -0.1575 0.9844
vn 0.0851 -0.1167 0.9895
vn -0.2682 0.9506 0.1560
vn -0.2443 0.9682 0.0530
vn -0.1822 0.9694 0.1647
vn 0.1002 -0.0866 0.9912
vn 0.4246 0.2054 -0.8817
vn 0.4409 0.2005 -0.8749
vn 0.4360 0.2029 -0.8768
vn -0.3270 -0.1096 0.9386
vn -0.3311 -0.1152 0.9365
vn -0.3322 -0.1167 0.9360
vn -0.2242 0.9708 0.0856
vn -0.3366 -0.1226 0.9336
vn -0.0921 0.5687 0.8174
vn -0.0921 0.5687 0.8174
vn -0.0921 0.5687 0.8174
vn 0.7850 0.1773 0.5935
vn 0.7902 0.1708 0.5886
vn 0.8024 0.2721 0.5311
vn -0.1004 -0.1758 0.9793
vn 0.8278 0.2299 0.5117
vn 0.3168 -0.9459 -0.0700
vn 0.2958 -0.9541 -0.0474
vn 0.2499 -0.9683 0.0011
vn -0.8152 -0.1598 -0.5567
vn -0.8229 -0.1589 -0.5456
vn -0.9506 -0.2740 0.1456
vn -0.9563 -0.2393 0.1679
vn -0.9799 -0.1956 -0.0389
vn -0.9203 -0.2923 0.2600
vn -0.8866 -0.2448 0.3924
vn 0.2169 -0.9756 0.0353
vn -0.8086 -0.4191 0.4130
vn -0.7665 -0.5031 0.3993
vn -0.8576 -0.2873 0.4265
vn -0.2651 -0.2117 0.9407
vn -0.2299 -0.1822 0.9560
vn 0.8579 0.1886 0.4779
vn -0.2909 0.9530 0.0847
vn -0.6730 -0.0968 -0.7332
vn -0.6719 -0.0960 -0.7344
vn -0.6719 -0.0960 -0.7344
vn -0.8250 -0.1585 -0.5424
vn 0.2028 -0.0279 -0.9788
vn 0.3205 -0.0362 -0.9466
vn 0.3056 -0.0525 -0.9507
vn -0.3990 0.8326 0.3843
vn -0.3730 0.8726 0.3153
vn -0.3556 0.8927 0.2768
vn -0.4027 0.8353 0.3742
vn -0.3686 -0.3238 0.8714
vn -0.4979 0.0550 0.8655
vn -0.3986 -0.2966 0.8678
vn -0.4099 -0.1352 0.9021
vn -0.4020 -0.1425 0.9045
vn -0.4145 -0.1308 0.9006
vn 0.4187 0.2039 -0.8849
vn 0.4157 0.1993 -0.8874
vn -0.6969 -0.1036 -0.7096
vn 0.0654 0.0501 -0.9966
vn -0.3154 0.9072 0.2783
vn -0.3105 0.9265 0.2126
vn -0.3193 0.8793 0.3535
vn -0.2750 0.9543 0.1166
vn -0.3056 0.9387 0.1594
vn -0.3085 0.9319 0.1907
vn -0.6701 -0.6468 0.3643
vn -0.4262 -0.2081 0.8804
vn -0.4262 -0.2081 0.8804
vn -0.4262 -0.2081 0.8804
vn -0.7691 -0.0892 -0.6329
vn -0.7648 -0.3153 -0.5618
vn -0.8302 -0.2879 -0.4773
vn -0.9056 -0.2411 -0.3489
vn -0.9316 -0.1076 -0.3473
vn -0.4012 0.8770 0.2644
vn -0.3287 0.9135 0.2399
vn -0.4991 0.8296 0.2502
vn -0.9292 -0.0803 -0.3606
vn -0.9196 -0.3000 -0.2536
vn -0.9291 -0.2317 -0.2883
vn -0.9219 -0.2869 -0.2604
vn -0.4277 -0.1183 0.8962
vn -0.7968 -0.0822 -0.5986
vn -0.5581 -0.2894 0.7777
vn -0.7423 -0.3170 0.5903
vn -0.5056 -0.2994 0.8092
vn 0.1495 0.0517 -0.9874
vn 0.1930 0.0396 -0.9804
vn 0.1370 0.0549 -0.9891
vn -0.9101 -0.3453 -0.2292
vn -0.7242 -0.1575 0.6714
vn -0.7242 -0.1575 0.6714
vn -0.7242 -0.1575 0.6714
vn -0.9174 0.0484 -0.3949
vn -0.7299 -0.6299 -0.2655
vn -0.7299 -0.6299 -0.2655
vn -0.7299 -0.6299 -0.2655
vn -0.3368 -0.4275 0.8389
vn -0.3295 -0.3988 0.8558
vn 0.1368 0.0558 -0.9890
vn -0.3610 -0.2458 0.8996
vn -0.5486 0.3845 0.7425
vn -0.5486 0.3845 0.7425
vn -0.5486 0.3845 0.7425
vn 0.2157 0.0337 -0.9759
vn -0.3217 -0.2233 0.9201
vn -0.4216 -0.2467 0.8725
vn 0.1754 -0.9727 -0.1522
vn 0.1591 -0.9669 -0.1996
vn 0.1815 -0.9742 -0.1339
vn -0.3570 0.8613 0.3615
vn -0.3958 0.8145 0.4242
vn -0.2835 0.9266 0.2469
vn 0.1975 -0.9766 -0.0852
vn -0.2632 -0.5464 0.7951
vn -0.9061 -0.2326 -0.3534
vn -0.9061 -0.2326 -0.3534
vn -0.9061 -0.2326 -0.3534
vn -0.2614 0.9414 0.2131
vn -0.3082 0.9220 0.2343
vn -0.4395 -0.2285 0.8687
vn 0.8885 0.0963 0.4486
vn 0.9037 0.1294 0.4082
vn 0.9305 0.0775 0.3580
vn 0.9175 0.0582 0.3935
vn -0.1023 0.0138 -0.9947
vn -0.0499 0.0447 -0.9977
vn -0.0861 0.0141 -0.9962
vn 0.7738 0.1130 0.6233
vn -0.3936 -0.2043 0.8963
vn -0.4576 -0.2552 0.8518
vn 0.7855 0.1411 0.6026
vn -0.7129 -0.1552 -0.6839
vn -0.6562 -0.1780 -0.7332
vn -0.7993 -0.2195 -0.5594
vn -0.2804 0.9387 0.2005
vn 0.2639 -0.9617 -0.0740
vn 0.2945 -0.9493 -0.1101
vn 0.2937 -0.9415 -0.1652
vn -0.3708 -0.2207 0.9021
vn 0.2886 -0.9574 0.0094
vn 0.1861 -0.9791 -0.0825
vn 0.3138 -0.9405 -0.1301
vn 0.3224 -0.9379 -0.1283
vn -0.2530 0.9670 0.0308
vn -0.3107 0.9445 0.1066
vn -0.2872 0.9549 0.0754
vn -0.2940 0.9344 0.2011
vn -0.7761 -0.2622 0.5735
vn -0.7451 -0.2772 0.6066
vn -0.8182 -0.2869 0.4983
vn 0.7905 0.1455 0.5949
vn -0.5922 -0.2669 0.7603
vn -0.5922 -0.2669 0.7603
vn -0.4528 -0.1423 0.8802
vn -0.4528 -0.1423 0.8802
vn -0.2840 0.9398 0.1899
vn -0.8055 -0.1711 -0.5674
vn 0.1630 -0.9795 -0.1187
vn -0.8137 -0.2925 0.5024
vn -0.3465 0.9251 0.1552
vn -0.2867 0.9390 0.1898
vn -0.9011 -0.2712 -0.3383
vn -0.8998 -0.2873 -0.3283
vn -0.9001 -0.2841 -0.3303
vn -0.8679 -0.3020 0.3943
vn -0.1371 0.0045 -0.9905
vn -0.9106 -0.2527 -0.3271
vn -0.9077 -0.2789 -0.3134
vn 0.3939 0.2671 -0.8795
vn 0.4114 0.2867 -0.8652
vn 0.4039 0.2783 -0.8715
vn -0.8991 -0.2948 -0.3236
vn -0.8791 -0.2951 0.3744
vn 0.4201 0.2965 -0.8577
vn -0.9358 -0.2425 -0.2558
vn -0.2389 0.9670 0.0880
vn -0.1935 0.9732 0.1242
vn -0.1756 0.9747 0.1383
vn -0.2515 0.9647 0.0778
vn -0.9498 -0.1796 -0.2563
vn -0.9498 -0.1796 -0.2563
vn -0.9348 -0.2434 -0.2587
vn 0.9908 0.0232 0.1330
vn 0.9903 0.0292 0.1359
vn 0.9913 0.0261 0.1292
vn 0.9902 0.0247 0.1375
vn 0.5852 0.0079 -0.8109
vn 0.5338 -0.0313 -0.8451
vn 0.5611 -0.0108 -0.8277
vn 0.9918 0.0077 0.1277
vn 0.9921 0.0088 0.1252
vn 0.5080 -0.0502 -0.8599
vn 0.4129 0.9099 0.0394
vn 0.4865 0.8717 0.0593
vn 0.4931 0.8678 0.0611
vn 0.9931 0.0039 0.1176
vn 0.4048 0.9136 0.0373
vn 0.3049 0.7951 -0.5242
vn 0.3049 0.7951 -0.5242
vn 0.5927 0.2475 -0.7664
vn 0.5588 0.0962 -0.8237
vn 0.4060 0.2086 -0.8897
vn 0.4444 0.1884 -0.8758
vn 0.4957 0.2030 -0.8444
vn 0.4192 0.1928 -0.8872
vn 0.8517 0.2194 0.4758
vn -0.5922 -0.2669 0.7603
vn -0.4528 -0.1423 0.8802
vn -0.9498 -0.1796 -0.2563
vn 0.3049 0.7951 -0.5242
vn -0.6835 -0.1190 -0.7202
vn -0.6958 -0.1314 -0.7061
vn -0.6661 -0.1019 -0.7388
vn -0.6613 -0.0973 -0.7438
vn -0.0169 -0.9977 -0.0649
vn -0.0390 -0.9917 -0.1225
vn -0.0629 -0.9853 -0.1589
vn -0.7525 -0.6232 -0.2128
vn -0.7525 -0.6232 -0.2128
vn -0.7525 -0.6232 -0.2128
vn 0.0070 -0.9953 -0.0965
vn 0.1883 -0.0228 -0.9818
vn 0.1980 0.1337 -0.9710
vn 0.1670 0.0724 -0.9833
vn 0.0087 0.0952 -0.9954
vn -0.0357 0.0599 -0.9976
vn 0.1770 -0.0336 -0.9836
vn 0.0348 -0.9994 -0.0082
vn 0.1297 -0.9900 -0.0555
vn 0.1691 -0.9852 -0.0275
vn 0.1233 -0.9906 -0.0601
vn -0.8643 -0.2351 -0.4446
vn -0.8700 -0.2308 -0.4357
vn -0.8693 -0.1944 -0.4545
vn 0.9005 0.2907 0.3233
vn 0.9020 0.1923 0.3865
vn 0.8877 0.2605 0.3797
vn 0.1744 -0.9844 -0.0237
vn -0.0399 0.0722 -0.9966
vn -0.0046 0.0034 -1.0000
vn -0.0599 -0.0186 -0.9980
vn 0.3109 0.1286 -0.9417
vn 0.3369 0.1389 -0.9312
vn 0.9295 0.1087 0.3524
vn 0.8839 0.1652 0.4374
vn 0.2617 -0.9620 -0.0782
vn 0.2734 -0.9606 -0.0509
vn 0.2111 -0.9589 -0.1897
vn -0.4333 -0.2148 0.8753
vn -0.4333 -0.2148 0.8753
vn -0.4333 -0.2148 0.8753
vn -0.9136 -0.2450 -0.3244
vn -0.9241 -0.2228 -0.3106
vn -0.9162 -0.2379 -0.3225
vn -0.9243 -0.2218 -0.3106
vn 0.0646 -0.9867 0.1493
vn -0.0039 -0.9943 0.1063
vn -0.8686 -0.1677 -0.4662
vn -0.8730 -0.1802 -0.4532
vn -0.8714 -0.1755 -0.4582
vn -0.8505 -0.5077 0.1376
vn -0.8505 -0.5077 0.1376
vn -0.8505 -0.5077 0.1376
vn 0.3698 -0.9066 0.2033
vn -0.9276 -0.2178 -0.3034
vn -0.3586 -0.2016 0.9115
vn -0.3497 -0.2110 0.9128
vn -0.3460 -0.2145 0.9134
vn -0.8397 -0.1039 -0.5331
vn -0.8756 -0.1881 -0.4449
vn 0.9115 0.3229 -0.2547
vn 0.8999 0.3227 -0.2935
vn 0.1825 0.9370 0.2980
vn 0.1825 0.9370 0.2980
vn 0.1825 0.9370 0.2980
vn -0.9377 -0.2118 -0.2754
vn -0.9384 -0.2130 -0.2723
vn -0.9285 -0.1968 -0.3148
vn -0.7696 -0.3999 -0.4977
vn -0.7696 -0.3999 -0.4977
vn -0.7696 -0.3999 -0.4977
vn 0.1828 0.3372 -0.9235
vn 0.1828 0.3372 -0.9235
vn 0.1828 0.3372 -0.9235
vn -0.4218 0.8936 -0.1536
vn -0.4218 0.8936 -0.1536
vn -0.4218 0.8936 -0.1536
vn 0.8951 0.3224 -0.3079
vn -0.5295 -0.2669 0.8052
vn -0.5295 -0.2669 0.8052
vn -0.5295 -0.2669 0.8052
vn -0.6398 -0.3093 0.7036
vn -0.6393 -0.3057 0.7056
vn -0.5250 -0.2840 0.8024
vn -0.8122 -0.0461 -0.5815
vn -0.0583 0.9980 0.0236
vn -0.2525 0.9541 0.1609
vn -0.3059 0.9311 0.1988
vn -0.3197 0.8875 0.3319
vn -0.3197 0.8875 0.3319
vn -0.3197 0.8875 0.3319
vn -0.4024 -0.1288 0.9064
vn -0.6465 -0.2205 0.7304
vn -0.3671 -0.1157 0.9230
vn -0.4047 0.3575 0.8417
vn -0.4047 0.3575 0.8417
vn -0.4047 0.3575 0.8417
vn 0.0678 -0.9646 -0.2548
vn 0.0954 -0.9672 -0.2352
vn 0.0875 -0.9666 -0.2409
vn -0.8905 -0.1745 -0.4201
vn -0.8945 -0.1504 -0.4209
vn -0.9056 -0.1526 -0.3958
vn -0.2064 0.4876 0.8483
vn -0.1834 0.4961 0.8487
vn -0.2414 0.4740 0.8468
vn -0.9275 -0.1953 -0.3186
vn -0.5369 -0.3394 0.7724
vn -0.9411 -0.2925 0.1698
vn -0.9411 -0.2925 0.1698
vn -0.9411 -0.2925 0.1698
vn -0.3632 -0.2045 0.9090
vn 0.0599 -0.9637 -0.2603
vn -0.2767 0.4595 0.8440
vn -0.3972 0.8789 0.2639
vn -0.6866 -0.2358 0.6877
vn -0.8609 -0.1660 -0.4809
vn -0.8585 -0.1642 -0.4859
vn -0.8608 -0.1659 -0.4811
vn -0.3525 -0.1949 0.9153
vn -0.8765 -0.2447 -0.4146
vn -0.8765 -0.2447 -0.4146
vn -0.4635 -0.3141 0.8286
vn -0.9093 -0.2273 -0.3486
vn -0.9092 -0.2247 -0.3507
vn -0.9079 -0.2067 -0.3647
vn -0.2401 -0.1752 0.9548
vn -0.4943 -0.2322 0.8377
vn -0.5411 -0.2604 0.7996
vn -0.8583 -0.1640 -0.4862
vn -0.9064 -0.1779 -0.3832
vn -0.9099 -0.2435 -0.3357
vn -0.1805 -0.9408 -0.2870
vn -0.3019 -0.9137 -0.2719
vn -0.3444 -0.9005 -0.2654
vn -0.9231 -0.1640 -0.3479
vn -0.0986 -0.9505 -0.2945
vn -0.9449 -0.2350 -0.2278
vn -0.5457 -0.2331 0.8049
vn -0.5060 0.2242 0.8329
vn -0.5444 -0.2605 0.7974
vn -0.5433 -0.2770 0.7925
vn 0.9909 0.0287 0.1318
vn 0.9914 0.0264 0.1284
vn 0.9904 0.0302 0.1352
vn 0.9901 0.0318 0.1366
vn 0.9903 0.0318 0.1352
vn 0.9290 0.3220 -0.1822
vn -0.8765 -0.2447 -0.4146
vn 0.9196 0.2227 0.3237
vn 0.8982 0.1951 0.3938
vn 0.9060 0.2056 0.3700
vn 0.5779 0.2467 -0.7779
vn 0.3518 0.1576 -0.9227
vn 0.4505 0.2161 -0.8662
vn 0.2260 -0.9741 0.0024
vn 0.2243 -0.9736 -0.0414
vn 0.3270 -0.9449 0.0146
vn 0.3433 -0.9392 -0.0067
vn 0.1014 -0.9547 -0.2797
vn 0.3023 -0.9334 0.1935
vn 0.4146 -0.1943 -0.8890
vn 0.2333 -0.2704 -0.9340
vn 0.2176 -0.2763 -0.9361
vn 0.8155 -0.4556 0.3569
vn 0.9298 0.0156 0.3677
vn 0.8872 -0.2676 0.3759
vn 0.9169 0.1353 0.3756
vn 0.9184 0.1208 0.3766
vn 0.9144 0.1188 0.3871
vn 0.4535 -0.1759 -0.8737
vn 0.8895 0.2045 0.4087
vn 0.9180 0.2006 0.3421
vn 0.9002 0.1352 0.4140
vn -0.9210 -0.2643 -0.2861
vn -0.9113 -0.2705 -0.3105
vn -0.8886 -0.2827 -0.3611
vn -0.8779 -0.2878 -0.3828
vn 0.9244 0.2067 0.3206
vn 0.9244 0.2067 0.3206
vn 0.9244 0.2067 0.3206
vn -0.1053 -0.1340 0.9854
vn -0.0519 -0.1025 0.9934
vn -0.0616 -0.1082 0.9922
vn 0.5114 -0.4461 0.7345
vn 0.5114 -0.4461 0.7345
vn 0.5114 -0.4461 0.7345
vn -0.1144 -0.1393 0.9836
vn -0.0011 -0.0003 -1.0000
vn 0.0335 -0.0011 -0.9994
vn 0.1265 -0.0032 -0.9920
vn -0.8252 0.5553 0.1031
vn -0.8252 0.5553 0.1031
vn -0.8252 0.5553 0.1031
vn 0.2293 -0.9536 -0.1951
vn 0.2293 -0.9536 -0.1951
vn 0.2293 -0.9536 -0.1951
vn 0.3004 -0.9060 -0.2982
vn 0.2779 -0.9241 -0.2622
vn 0.2952 -0.9164 -0.2701
vn 0.8175 0.1711 0.5499
vn 0.7604 0.1860 0.6222
vn 0.7265 0.1935 0.6594
vn 0.0372 -0.9974 0.0619
vn 0.0322 -0.9980 0.0544
vn 0.0514 -0.9952 0.0832
vn 0.0211 -0.9991 0.0375
vn 0.8422 0.1635 0.5138
vn 0.1547 -0.0038 -0.9880
vn 0.3896 -0.8990 -0.2002
vn 0.3277 0.1232 -0.9367
vn 0.8848 0.1183 0.4507
vn 0.6676 0.2526 -0.7003
vn 0.5049 0.1751 -0.8453
vn 0.6630 0.2473 -0.7066
vn 0.2553 -0.9162 -0.3088
vn 0.2420 -0.9587 -0.1496
vn 0.2946 0.1480 -0.9441
vn 0.4762 0.1623 -0.8643
vn 0.7883 0.1516 0.5964
vn 0.8820 0.1998 0.4267
vn 0.8808 0.1879 0.4345
vn 0.8735 0.4713 0.1220
vn 0.8845 0.4368 0.1639
vn 0.8946 0.2140 0.3922
vn 0.3645 -0.9310 -0.0172
vn 0.3366 -0.9358 -0.1046
vn 0.1485 -0.9889 0.0048
vn 0.3125 -0.9414 -0.1267
vn -0.2938 -0.1967 0.9354
vn -0.4992 -0.1637 0.8509
vn -0.4380 -0.2171 0.8724
vn 0.6040 0.2388 -0.7603
vn 0.4006 -0.8924 -0.2076
vn 0.8902 0.2148 0.4017
vn 0.6275 0.2274 -0.7447
vn 0.6275 0.2274 -0.7447
vn 0.6275 0.2274 -0.7447
vn 0.2813 -0.9492 -0.1410
vn 0.1950 -0.9808 -0.0093
vn 0.2880 -0.9456 -0.1515
vn 0.8672 0.1859 0.4620
vn 0.8463 0.1577 0.5087
vn 0.8987 0.1717 0.4035
vn 0.8991 0.1730 0.4020
vn 0.8996 0.1743 0.4004
vn 0.0002 -0.9906 0.1364
vn -0.4192 -0.2541 0.8716
vn -0.3798 -0.2662 0.8859
vn -0.4393 -0.2627 0.8591
vn -0.3720 -0.2328 0.8986
vn -0.4200 0.2210 -0.8802
vn -0.3915 -0.2095 -0.8960
vn -0.4136 -0.0219 -0.9102
vn -0.5242 0.7895 0.3191
vn -0.3448 0.9001 0.2665
vn -0.3999 0.8734 0.2779
vn -0.5600 -0.2873 0.7771
vn -0.5046 -0.3425 0.7925
vn -0.5651 -0.2154 0.7964
vn 0.6667 0.2528 -0.7012
vn -0.8013 0.1664 -0.5747
vn -0.9154 0.3385 -0.2179
vn -0.8724 0.3236 -0.3664
vn 0.3208 -0.1360 -0.9373
vn 0.4209 0.0665 -0.9047
vn 0.2811 -0.9548 0.0968
vn 0.0753 -0.0448 0.9962
vn -0.2812 -0.1556 0.9470
vn 0.0983 -0.0373 0.9945
vn 0.9000 0.1755 0.3990
vn -0.4186 0.2605 -0.8700
vn -0.7535 0.0560 -0.6551
vn 0.8739 0.1210 0.4707
vn 0.0420 -0.9964 0.0735
vn 0.1884 -0.9821 0.0004
vn -0.7419 -0.1153 -0.6606
vn -0.5334 -0.0504 -0.8443
vn -0.5068 -0.0457 -0.8608
vn -0.5358 -0.0508 -0.8428
vn 0.2297 -0.2346 0.9446
vn 0.2300 -0.2353 0.9443
vn 0.2295 -0.2342 0.9447
vn 0.1310 -0.9659 -0.2232
vn 0.1959 -0.9467 -0.2558
vn 0.0814 -0.9769 -0.1977
vn 0.4469 0.2663 -0.8540
vn 0.4577 0.2886 -0.8410
vn 0.4028 0.2950 -0.8664
vn 0.2506 0.1580 -0.9551
vn 0.4447 0.1899 -0.8753
vn 0.2292 -0.2335 0.9450
vn 0.8964 0.1575 0.4142
vn 0.7382 0.0166 0.6744
vn 0.9066 0.1704 0.3860
vn -0.5047 -0.0453 -0.8621
vn -0.2933 -0.1592 0.9427
vn -0.4067 -0.2944 0.8648
vn -0.2387 0.9483 0.2092
vn -0.2838 0.9307 0.2307
vn -0.8210 -0.1460 -0.5519
vn -0.8673 -0.1892 -0.4604
vn -0.8729 -0.1951 -0.4472
vn -0.8151 -0.1410 -0.5619
vn -0.4559 -0.2134 0.8641
vn -0.5245 -0.2631 0.8098
vn 0.2939 -0.9304 -0.2191
vn -0.4324 -0.0914 0.8970
vn -0.4324 -0.0914 0.8970
vn -0.4324 -0.0914 0.8970
vn -0.7359 -0.1758 -0.6538
vn -0.7359 -0.1758 -0.6538
vn -0.7359 -0.1758 -0.6538
vn 0.3112 0.1380 -0.9403
vn 0.0971 -0.9909 -0.0930
vn 0.4383 0.1927 -0.8779
vn 0.4350 0.1886 -0.8805
vn -0.0902 -0.1707 0.9812
vn -0.0693 -0.1735 0.9824
vn -0.0664 -0.1641 0.9842
vn -0.2025 -0.2370 0.9502
vn -0.4992 -0.2669 0.8243
vn -0.4903 -0.2707 0.8284
vn -0.5077 -0.2633 0.8203
vn -0.5166 -0.2593 0.8160
vn 0.1269 -0.9907 -0.0483
vn 0.1889 -0.9759 -0.1092
vn 0.2689 -0.9504 -0.1561
vn 0.0844 -0.3067 -0.9481
vn 0.1049 -0.9815 -0.1601
vn 0.0887 -0.9819 -0.1677
vn 0.1544 -0.9485 -0.2765
vn -0.9086 -0.3856 -0.1607
vn -0.9495 -0.2722 -0.1560
vn -0.9504 -0.2979 -0.0893
vn 0.2604 -0.9218 -0.2873
vn 0.4298 0.2792 -0.8587
vn -0.8553 -0.2521 -0.4526
vn -0.8553 -0.2521 -0.4526
vn -0.8553 -0.2521 -0.4526
vn 0.3281 0.1749 -0.9283
vn 0.3279 -0.9030 -0.2775
vn 0.3509 0.3196 -0.8802
vn -0.4609 -0.2589 0.8488
vn -0.2306 0.9551 0.1858
vn -0.4157 -0.1906 0.8893
vn -0.2409 -0.2028 0.9491
vn -0.3426 -0.3261 0.8811
vn -0.9715 -0.2132 -0.1033
vn -0.9580 -0.2819 0.0534
vn 0.2521 -0.9565 -0.1471
vn -0.9287 -0.3706 -0.0107
vn 0.7644 0.1160 0.6342
vn 0.7644 0.1160 0.6342
vn 0.7644 0.1160 0.6342
vn 0.2812 -0.9493 -0.1404
vn -0.3190 0.8982 0.3024
vn -0.2757 0.8850 0.3753
vn -0.2908 0.8958 0.3360
vn 0.2420 -0.9653 -0.0983
vn -0.3693 -0.5598 0.7417
vn -0.5114 0.7995 0.3151
vn 0.4589 0.1091 -0.8818
vn 0.4684 0.1918 -0.8625
vn 0.4257 0.1591 -0.8908
vn 0.3762 0.1563 -0.9133
vn -0.6254 0.7077 0.3287
vn 0.2519 -0.9675 -0.0237
vn 0.0801 -0.9933 -0.0827
vn 0.2015 -0.9786 -0.0414
vn 0.3677 -0.9245 0.0998
vn 0.4515 -0.8734 0.1826
vn 0.2856 -0.9581 0.0225
vn 0.2390 -0.1697 0.9561
vn 0.2390 -0.1697 0.9561
vn 0.2390 -0.1697 0.9561
vn 0.9600 0.1486 0.2371
vn 0.9521 0.2194 0.2130
vn 0.9551 0.1976 0.2206
vn 0.9463 0.2535 0.2007
vn 0.3765 0.1682 -0.9110
vn 0.3978 -0.9170 0.0295
vn -0.4146 -0.2387 0.8781
vn -0.4237 -0.2519 0.8701
vn -0.4166 -0.2416 0.8764
vn 0.4107 0.0312 0.9112
vn 0.4107 0.0312 0.9112
vn 0.4107 0.0312 0.9112
vn -0.0685 -0.1628 0.9843
vn -0.4180 -0.1854 0.8893
vn 0.5272 -0.7563 -0.3874
vn 0.4310 -0.8416 -0.3254
vn 0.3046 -0.9244 -0.2293
vn 0.4381 0.1955 -0.8774
vn -0.2364 0.9572 0.1669
vn 0.3649 0.1334 -0.9214
vn 0.3628 0.2050 -0.9090
vn -0.6872 -0.0895 -0.7209
vn -0.6872 -0.0895 -0.7209
vn -0.6872 -0.0895 -0.7209
vn -0.2740 0.9285 0.2506
vn -0.2730 0.9315 0.2404
vn -0.2673 0.9452 0.1875
vn -0.3139 -0.2288 0.9215
vn 0.2146 -0.9758 -0.0418
vn 0.4237 0.0944 -0.9009
vn 0.4237 0.0944 -0.9009
vn 0.4237 0.0944 -0.9009
vn -0.7801 0.5456 0.3063
vn -0.8949 -0.2441 -0.3737
vn -0.8911 -0.2299 -0.3913
vn -0.8998 -0.2659 -0.3459
vn -0.6831 -0.3237 0.6546
vn -0.6831 -0.3237 0.6546
vn -0.6831 -0.3237 0.6546
vn -0.9022 -0.2785 -0.3294
vn -0.8666 -0.1825 -0.4643
vn -0.8453 -0.2039 -0.4938
vn -0.8793 -0.1516 -0.4516
vn -0.8123 -0.1628 -0.5601
vn -0.7686 -0.1677 -0.6174
vn -0.9418 -0.0608 -0.3306
vn -0.7769 -0.1446 -0.6128
vn 0.0228 -0.1618 0.9866
vn -0.0081 -0.1516 0.9884
vn 0.0441 -0.1687 0.9847
vn 0.5001 0.0523 -0.8644
vn -0.8813 -0.1434 -0.4503
vn 0.2086 -0.9716 -0.1116
vn 0.2119 -0.9695 -0.1230
vn 0.1913 -0.9801 -0.0525
vn -0.8789 -0.1265 -0.4600
vn -0.7991 -0.1245 -0.5882
vn -0.3126 0.7467 0.5872
vn -0.3194 0.7550 0.5727
vn -0.3024 0.7340 0.6081
vn 0.4480 0.1960 -0.8723
vn 0.4454 0.2013 -0.8724
vn 0.4614 0.1855 -0.8676
vn 0.1891 -0.9809 -0.0453
vn -0.2956 0.7254 0.6216
vn -0.8645 -0.2940 0.4077
vn -0.8645 -0.2940 0.4077
vn -0.8645 -0.2940 0.4077
vn 0.2704 -0.9537 -0.1318
vn 0.2705 -0.9535 -0.1329
vn 0.2701 -0.9542 -0.1285
vn 0.2700 -0.9543 -0.1278
vn 0.3725 -0.6594 -0.6531
vn 0.3725 -0.6594 -0.6531
vn 0.3725 -0.6594 -0.6531
vn -0.2941 -0.2677 0.9175
vn -0.2785 -0.2816 0.9182
vn -0.3219 -0.2424 0.9152
vn 0.4293 0.2158 -0.8770
vn -0.2451 -0.3106 0.9184
vn 0.4427 0.7896 0.4249
vn 0.4266 0.7607 0.4893
vn 0.4219 0.7524 0.5059
vn 0.4057 0.7234 0.5587
vn 0.9931 0.1175 -0.0050
vn 0.9857 0.1578 -0.0583
vn 0.8859 0.3373 -0.3184
vn 0.2415 0.1550 -0.9579
vn 0.2415 0.1550 -0.9579
vn 0.2415 0.1550 -0.9579
vn -0.2657 0.9483 0.1735
vn -0.4097 -0.1991 0.8902
vn -0.7267 -0.3154 0.6103
vn -0.8694 -0.2812 0.4063
vn -0.8367 -0.2921 0.4633
vn 0.0776 -0.1795 0.9807
vn -0.5355 -0.2668 0.8013
vn -0.9080 -0.2642 0.3253
vn 0.4193 0.2309 -0.8780
vn 0.2386 -0.9670 -0.0894
vn 0.2817 -0.9508 -0.1287
vn 0.9402 0.3397 -0.0262
vn 0.9402 0.3397 -0.0262
vn 0.9402 0.3397 -0.0262
vn 0.2361 -0.9694 -0.0678
vn -0.8810 -0.2025 -0.4276
vn -0.9258 -0.1318 -0.3542
vn -0.9142 -0.2459 -0.3222
vn -0.8653 -0.2616 -0.4276
vn -0.9123 -0.2408 -0.3314
vn -0.9465 -0.2443 -0.2108
vn 0.8605 0.3415 -0.3780
vn 0.8622 0.3487 -0.3676
vn -0.4072 -0.2282 0.8844
vn 0.2959 0.3624 -0.8838
vn -0.9524 -0.2269 -0.2036
vn 0.9343 0.2540 0.2502
vn 0.9343 0.2540 0.2502
vn 0.9343 0.2540 0.2502
vn -0.9535 -0.2030 -0.2226
vn 0.8818 0.1983 0.4280
vn 0.4464 0.0562 -0.8931
vn 0.4295 -0.0169 -0.9029
vn 0.7212 0.0048 0.6927
vn 0.7944 -0.0230 0.6070
vn 0.7944 -0.0230 0.6070
vn 0.7944 -0.0230 0.6070
vn 0.1687 -0.0717 0.9831
vn 0.1135 -0.0623 0.9916
vn 0.2409 0.0128 0.9705
vn 0.2953 0.1248 0.9472
vn 0.2469 0.0479 0.9679
vn 0.6529 -0.3167 -0.6881
vn 0.6529 -0.3167 -0.6881
vn 0.6529 -0.3167 -0.6881
vn 0.1234 0.9923 0.0089
vn 0.1234 0.9923 0.0089
vn 0.1234 0.9923 0.0089
vn 0.6451 -0.1204 -0.7545
vn 0.6451 -0.1204 -0.7545
vn -0.6224 0.2743 0.7331
vn -0.6224 0.2743 0.7331
vn -0.6224 0.2743 0.7331
vn -0.9037 -0.1923 -0.3825
vn -0.9037 -0.1923 -0.3825
vn -0.9037 -0.1923 -0.3825
vn 0.6253 -0.1318 -0.7692
vn 0.6377 -0.1360 -0.7582
vn 0.6352 -0.1351 -0.7604
vn 0.9580 0.0935 0.2712
vn 0.9580 0.0935 0.2712
vn 0.9580 0.0935 0.2712
vn 0.6122 -0.1273 -0.7804
vn -0.0696 -0.1986 0.9776
vn 0.1027 -0.0716 0.9921
vn 0.5827 -0.1373 -0.8010
vn 0.5827 -0.1373 -0.8010
vn 0.5827 -0.1373 -0.8010
vn 0.1544 -0.0096 0.9880
vn 0.1553 -0.0129 0.9878
vn 0.1204 0.3063 0.9443
vn -0.0826 -0.9701 0.2284
vn -0.0826 -0.9701 0.2284
vn -0.0826 -0.9701 0.2284
vn -0.1284 -0.1055 -0.9861
vn -0.1536 -0.0732 -0.9854
vn -0.1395 -0.1020 -0.9850
vn 0.1496 -0.0420 0.9878
vn 0.1480 0.0039 0.9890
vn 0.1654 -0.0821 0.9828
vn 0.1668 -0.0923 0.9817
vn -0.0552 -0.9703 0.2354
vn -0.0552 -0.9703 0.2354
vn -0.0552 -0.9703 0.2354
vn 0.1378 0.0460 0.9894
vn -0.1358 -0.9897 0.0451
vn -0.1226 -0.9924 0.0062
vn -0.1360 -0.9894 0.0499
vn -0.1820 -0.0567 -0.9817
vn -0.1828 -0.0538 -0.9817
vn -0.3217 -0.0283 -0.9464
vn -0.2021 0.4507 -0.8695
vn -0.2021 0.4507 -0.8695
vn -0.2021 0.4507 -0.8695
vn 0.1512 -0.0181 0.9883
vn 0.1530 -0.0133 0.9881
vn 0.1431 -0.0393 0.9889
vn 0.2229 0.0663 0.9726
vn 0.3303 -0.0744 0.9409
vn 0.1552 -0.0258 0.9876
vn 0.1468 -0.0373 0.9885
vn 0.1338 0.9887 0.0673
vn 0.1338 0.9887 0.0673
vn 0.1338 0.9887 0.0673
vn -0.1152 -0.0988 -0.9884
vn 0.1112 0.9859 -0.1249
vn 0.1038 0.9866 -0.1258
vn 0.1129 0.9862 -0.1212
vn -0.1048 -0.9920 0.0697
vn -0.1144 -0.9925 0.0438
vn -0.1167 -0.9925 0.0377
vn -0.3356 -0.4855 -0.8073
vn -0.3356 -0.4855 -0.8073
vn -0.3356 -0.4855 -0.8073
vn -0.2013 -0.0985 -0.9746
vn -0.2939 -0.0216 -0.9556
vn -0.2071 -0.0787 -0.9752
vn -0.1250 -0.9919 0.0216
vn 0.0943 0.9919 -0.0847
vn -0.1097 -0.9918 0.0663
vn 0.9821 -0.0565 -0.1795
vn 0.9828 -0.0553 -0.1763
vn 0.9828 -0.0552 -0.1761
vn 0.9836 -0.0537 -0.1722
vn 0.0736 0.9801 -0.1843
vn 0.0564 0.9857 -0.1590
vn 0.0736 0.9803 -0.1834
vn -0.1918 -0.4921 -0.8492
vn -0.1918 -0.4921 -0.8492
vn -0.1918 -0.4921 -0.8492
vn 0.1411 -0.0446 0.9890
vn -0.2606 -0.0765 -0.9624
vn -0.1617 -0.1189 -0.9797
vn -0.2509 -0.0870 -0.9641
vn -0.1659 -0.1076 -0.9803
vn 0.1763 0.0017 0.9843
vn 0.1308 -0.0037 0.9914
vn -0.3280 -0.9367 0.1228
vn -0.3280 -0.9367 0.1228
vn -0.3280 -0.9367 0.1228
vn 0.1680 0.4640 0.8697
vn 0.0223 0.6577 0.7529
vn -0.3436 -0.0451 -0.9380
vn 0.0209 -0.0643 0.9977
vn 0.3126 -0.0770 0.9468
vn -0.2889 -0.0762 -0.9543
vn 0.1367 0.9902 -0.0280
vn 0.1367 0.9902 -0.0280
vn 0.1367 0.9902 -0.0280
vn 0.0634 0.9852 -0.1595
vn -0.1083 0.6746 -0.7302
vn -0.0936 0.7028 -0.7052
vn -0.1096 0.6721 -0.7323
vn 0.2067 0.1909 0.9596
vn 0.1808 0.9665 0.1820
vn 0.1835 0.9640 0.1925
vn 0.1806 0.9667 0.1812
vn 0.1189 0.9927 -0.0175
vn 0.1108 0.9913 0.0710
vn 0.1184 0.9927 -0.0215
vn 0.1291 -0.0086 0.9916
vn 0.1037 0.0385 0.9939
vn 0.9869 0.0381 -0.1566
vn 0.9902 0.0506 -0.1299
vn 0.9809 0.0208 -0.1934
vn -0.0925 0.7049 -0.7032
vn 0.9735 0.0040 -0.2286
vn -0.1425 -0.9863 0.0831
vn -0.1425 -0.9863 0.0831
vn -0.1425 -0.9863 0.0831
vn 0.1171 0.0253 0.9928
vn 0.4386 -0.1726 0.8820
vn -0.1881 0.1363 0.9727
vn -0.1834 0.1132 0.9765
vn -0.1626 0.0151 0.9866
vn 0.1453 0.0190 0.9892
vn 0.1453 0.0190 0.9892
vn -0.1547 -0.0207 0.9877
vn 0.1572 -0.0391 0.9868
vn 0.1605 -0.0494 0.9858
vn 0.0179 0.0660 0.9977
vn 0.0959 0.9927 -0.0728
vn 0.1082 0.9902 -0.0885
vn 0.0686 -0.0086 0.9976
vn -0.3083 -0.0051 -0.9513
vn 0.9547 -0.1104 0.2763
vn 0.9799 -0.0931 0.1763
vn 0.9155 -0.1211 0.3836
vn 0.9751 -0.0734 -0.2091
vn 0.9816 -0.0664 -0.1789
vn 0.9778 -0.0707 -0.1974
vn -0.2520 -0.0817 -0.9643
vn -0.1291 -0.9521 0.2771
vn -0.1291 -0.9521 0.2771
vn -0.1291 -0.9521 0.2771
vn -0.1229 -0.9898 0.0724
vn 0.9916 -0.0523 -0.1185
vn 0.7048 0.0141 0.7092
vn 0.7056 0.0148 0.7085
vn 0.7071 0.0164 0.7069
vn 0.1837 0.9637 0.1935
vn 0.9640 -0.2403 0.1143
vn 0.9734 -0.1265 0.1910
vn 0.9431 -0.3260 0.0654
vn 0.1249 0.0182 0.9920
vn -0.0874 -0.9934 0.0738
vn -0.0874 -0.9934 0.0738
vn -0.0874 -0.9934 0.0738
vn -0.0748 -0.0801 0.9940
vn 0.7077 0.0170 0.7063
vn 0.7938 -0.0682 -0.6043
vn 0.7910 -0.0729 -0.6074
vn 0.8015 -0.0549 -0.5954
vn 0.8240 -0.2302 -0.5178
vn 0.8235 -0.1606 -0.5441
vn 0.7396 -0.1379 -0.6588
vn 0.7194 -0.1280 -0.6827
vn 0.1553 0.9475 0.2796
vn 0.1553 0.9475 0.2796
vn 0.1553 0.9475 0.2796
vn 0.7831 -0.0859 -0.6159
vn 0.7939 -0.2724 -0.5437
vn -0.0481 -0.0251 0.9985
vn 0.2756 -0.0409 0.9604
vn 0.2863 -0.1799 0.9411
vn 0.7272 -0.1223 -0.6755
vn 0.7290 -0.3526 -0.5867
vn -0.4606 -0.0371 -0.8868
vn -0.3862 -0.0727 -0.9195
vn 0.0990 0.9926 -0.0703
vn -0.1302 -0.9849 0.1137
vn 0.2782 -0.4126 0.8674
vn -0.4663 -0.0006 -0.8846
vn 0.1174 -0.8833 -0.4538
vn 0.1174 -0.8833 -0.4538
vn 0.1174 -0.8833 -0.4538
vn -0.9692 0.0735 0.2350
vn -0.9638 0.0668 0.2580
vn -0.9847 0.0996 0.1427
vn 0.1345 0.0250 0.9906
vn 0.1331 0.0450 0.9901
vn 0.1100 0.9896 0.0928
vn -0.9879 0.1084 0.1105
vn 0.0461 0.9918 -0.1188
vn -0.4575 -0.0338 -0.8885
vn -0.0965 -0.9890 0.1120
vn -0.0747 -0.9873 0.1402
vn -0.1064 -0.9889 0.1035
vn -0.3815 0.0017 -0.9244
vn -0.1310 -0.9903 0.0465
vn -0.4266 -0.0763 -0.9012
vn -0.3928 0.0135 -0.9195
vn 0.2580 0.0258 0.9658
vn 0.0463 0.9929 -0.1093
vn 0.2523 0.0354 0.9670
vn 0.1346 0.0361 0.9902
vn 0.2229 0.0122 0.9748
vn 0.0032 -0.9373 0.3484
vn 0.0032 -0.9373 0.3484
vn 0.0032 -0.9373 0.3484
vn -0.4228 0.0288 -0.9058
vn -0.9506 0.1229 0.2852
vn -0.9560 0.1315 0.2623
vn -0.9523 0.1256 0.2780
vn -0.1433 -0.9891 0.0348
vn -0.9578 0.1346 0.2540
vn -0.4275 -0.0532 -0.9025
vn -0.4395 -0.0548 -0.8966
vn 0.1259 0.0414 0.9912
vn -0.3339 -0.0789 -0.9393
vn -0.9447 0.1148 0.3072
vn -0.9449 0.1145 0.3066
vn -0.9449 0.1146 0.3067
vn -0.9446 0.1148 0.3074
vn -0.4513 -0.0658 -0.8900
vn -0.9517 0.1106 0.2865
vn -0.8179 0.1287 0.5608
vn -0.8241 0.1283 0.5517
vn -0.9545 0.1099 0.2772
vn 0.1700 0.0067 0.9854
vn -0.8561 0.2543 -0.4499
vn -0.8561 0.2543 -0.4499
vn -0.8561 0.2543 -0.4499
vn -0.4983 -0.0693 -0.8642
vn -0.9752 0.0961 0.1993
vn -0.9711 0.1005 0.2165
vn -0.9753 0.0971 0.1984
vn -0.9586 0.1949 0.2077
vn -0.9627 0.1537 0.2228
vn -0.9579 0.2006 0.2056
vn 0.0070 0.0704 0.9975
vn 0.0700 0.0540 0.9961
vn -0.9713 0.0995 0.2160
vn -0.9372 0.3080 0.1635
vn -0.1837 0.9606 -0.2088
vn -0.1837 0.9606 -0.2088
vn -0.1837 0.9606 -0.2088
vn 0.6826 -0.1216 -0.7206
vn 0.6800 -0.1298 -0.7217
vn 0.6970 -0.1256 -0.7060
vn 0.6806 -0.1211 -0.7226
vn -0.9568 0.1151 0.2671
vn 0.6761 -0.1306 -0.7252
vn 0.0015 0.0718 0.9974
vn -0.5091 -0.0672 -0.8581
vn -0.4061 -0.0453 -0.9127
vn -0.4162 -0.0579 -0.9074
vn -0.4034 -0.0411 -0.9141
vn 0.2581 -0.0251 0.9658
vn 0.2317 -0.0548 0.9713
vn 0.1885 -0.1022 0.9767
vn -0.1189 -0.9916 0.0500
vn -0.1181 -0.9900 0.0776
vn -0.9568 0.1150 0.2669
vn 0.3059 0.0299 0.9516
vn -0.1893 -0.9801 0.0601
vn -0.1764 -0.9836 0.0368
vn -0.1772 -0.9834 0.0382
vn -0.9467 0.1083 0.3033
vn -0.9452 0.1153 0.3054
vn -0.9472 0.1060 0.3025
vn -0.3811 -0.0461 -0.9234
vn -0.4007 -0.0385 -0.9154
vn -0.2942 -0.0056 -0.9557
vn -0.3412 0.0928 -0.9354
vn -0.3235 0.0549 -0.9446
vn -0.0095 -0.9998 -0.0182
vn -0.1148 -0.9934 0.0043
vn -0.0674 -0.9972 -0.0331
vn -0.9650 0.0886 0.2467
vn -0.9599 0.1005 0.2618
vn -0.9626 0.0948 0.2536
vn -0.5147 -0.0723 -0.8543
vn -0.1376 -0.9903 0.0191
vn -0.9626 0.0806 0.2588
vn -0.9617 0.0930 0.2579
vn -0.9746 0.0554 0.2170
vn -0.0980 -0.9929 0.0671
vn -0.1076 -0.9935 0.0382
vn -0.9728 0.0680 0.2213
vn -0.1644 -0.9863 0.0153
vn -0.1120 -0.9924 0.0515
vn -0.9560 0.0458 0.2897
vn -0.9521 0.0214 0.3049
vn -0.9546 0.0363 0.2956
vn -0.9582 0.0621 0.2794
vn -0.9749 0.1104 0.1933
vn -0.9779 0.1385 0.1567
vn -0.3680 0.1528 -0.9172
vn -0.9764 0.0757 0.2023
vn -0.4229 -0.0688 -0.9036
vn -0.9751 0.0802 0.2067
vn -0.9792 0.0392 0.1990
vn -0.9692 0.1180 0.2163
vn -0.1191 -0.9913 0.0554
vn -0.1191 -0.9913 0.0554
vn -0.1191 -0.9913 0.0554
vn -0.3967 -0.0435 -0.9169
vn -0.3962 -0.0200 -0.9180
vn -0.5427 -0.0052 -0.8399
vn -0.2738 -0.0203 -0.9616
vn -0.1281 -0.0274 -0.9914
vn -0.4181 -0.0409 -0.9075
vn -0.9754 0.0802 0.2055
vn -0.9602 0.1051 0.2586
vn -0.5593 -0.0041 -0.8289
vn -0.9767 0.0714 0.2022
vn -0.4108 -0.0558 -0.9100
vn 0.8968 -0.3348 -0.2893
vn 0.8968 -0.3348 -0.2893
vn 0.8968 -0.3348 -0.2893
vn -0.0932 -0.9870 0.1310
vn -0.0932 -0.9870 0.1310
vn -0.0932 -0.9870 0.1310
vn 0.6451 -0.1204 -0.7545
vn 0.1453 0.0190 0.9892
vn 0.2638 0.0210 0.9644
vn -0.4607 -0.0524 -0.8860
vn -0.4547 -0.0513 -0.8892
vn -0.9462 0.1108 0.3040
vn -0.9866 0.0262 0.1612
vn 0.8364 0.5380 -0.1049
vn 0.8364 0.5380 -0.1049
vn 0.8364 0.5380 -0.1049
vn 0.9124 -0.1472 -0.3819
vn 0.9463 -0.1867 -0.2639
vn 0.9692 -0.1030 -0.2236
vn 0.9359 -0.0559 -0.3479
vn 0.9191 -0.1049 -0.3797
vn 0.8730 -0.1409 -0.4669
vn 0.9691 -0.0750 -0.2350
vn 0.0977 0.9913 -0.0887
vn 0.0977 0.9913 -0.0887
vn 0.0977 0.9913 -0.0887
vn 0.8561 -0.1707 -0.4878
vn 0.7882 -0.1347 -0.6005
vn -0.1054 -0.0091 -0.9944
vn -0.0488 -0.0618 -0.9969
vn -0.0084 -0.0500 -0.9987
vn 0.1571 0.9743 -0.1613
vn 0.1503 0.9731 -0.1746
vn 0.1006 0.9786 -0.1797
vn -0.0194 0.0199 -0.9996
vn 0.8027 -0.1127 -0.5857
vn -0.0290 -0.0740 -0.9968
vn -0.0648 -0.0883 -0.9940
vn -0.1247 0.0681 -0.9899
vn 0.2609 0.8573 -0.4439
vn 0.2470 0.8366 -0.4891
vn 0.3927 0.8085 -0.4384
vn 0.2351 0.9193 -0.3155
vn 0.0841 0.9866 -0.1401
vn -0.9896 -0.0288 0.1410
vn -0.9854 0.0191 0.1691
vn -0.9906 -0.0582 0.1235
vn -0.9900 -0.1037 0.0960
vn 0.0836 0.9928 -0.0858
vn 0.0773 0.9927 -0.0921
vn -0.1939 -0.0648 -0.9789
vn -0.1693 -0.0220 -0.9853
vn -0.1366 0.0338 -0.9900
vn 0.2705 0.9294 -0.2511
vn -0.1089 0.0802 -0.9908
vn -0.0608 -0.9898 0.1285
vn -0.0476 -0.9931 0.1067
vn -0.0440 -0.9939 0.1007
vn -0.0322 -0.9962 0.0813
vn 0.0903 -0.0996 -0.9909
vn 0.9606 -0.0885 -0.2635
vn 0.9822 -0.0576 -0.1785
vn 0.9592 -0.0913 -0.2675
vn 0.9697 -0.1214 -0.2122
vn 0.9091 0.1021 -0.4039
vn 0.8944 0.3233 -0.3090
vn 0.9041 0.2607 -0.3386
vn 0.9720 -0.1224 -0.2006
vn 0.9023 0.0269 -0.4304
vn -0.1586 -0.0237 -0.9871
vn -0.1097 -0.0545 -0.9925
vn -0.1037 -0.0642 -0.9925
vn -0.6067 0.0704 -0.7918
vn -0.6593 0.1074 -0.7442
vn -0.6228 0.0897 -0.7773
vn -0.6635 0.1264 -0.7374
vn -0.9561 0.0652 0.2858
vn -0.9757 0.1191 0.1838
vn -0.9641 0.0833 0.2522
vn -0.1768 -0.0057 -0.9842
vn -0.9795 0.1377 0.1474
vn -0.1553 -0.0248 -0.9876
vn -0.1335 0.0390 -0.9903
vn -0.1277 0.0426 -0.9909
vn -0.1132 0.0519 -0.9922
vn -0.1488 0.0291 -0.9884
vn -0.1029 -0.9947 -0.0053
vn -0.1068 -0.9942 0.0124
vn -0.1010 -0.9948 -0.0141
vn -0.0674 -0.0510 -0.9964
vn -0.1787 -0.0586 -0.9822
vn -0.2053 -0.0514 -0.9773
vn -0.1085 -0.9939 0.0201
vn 0.8649 0.4825 0.1384
vn 0.8649 0.4825 0.1384
vn 0.8649 0.4825 0.1384
vn -0.2572 -0.0636 -0.9643
vn -0.2572 -0.0636 -0.9643
vn -0.2572 -0.0636 -0.9643
vn -0.1635 -0.9774 -0.1341
vn -0.1635 -0.9774 -0.1341
vn -0.1635 -0.9774 -0.1341
vn -0.5613 0.0480 -0.8262
vn -0.2074 -0.6631 -0.7192
vn -0.2074 -0.6631 -0.7192
vn -0.2074 -0.6631 -0.7192
vn 0.0569 0.9967 -0.0586
vn 0.0720 0.9966 -0.0411
vn 0.0625 0.9967 -0.0520
vn 0.0480 -0.1580 -0.9863
vn 0.0501 0.9965 -0.0664
vn 0.9402 -0.0574 -0.3357
vn 0.9439 -0.1147 -0.3097
vn 0.9671 -0.1110 -0.2291
vn 0.9260 -0.0132 -0.3772
vn 0.9163 -0.0979 -0.3883
vn -0.9893 0.1013 0.1049
vn -0.9893 0.1013 0.1049
vn -0.9893 0.1013 0.1049
vn -0.1746 -0.0800 -0.9814
vn -0.1724 -0.0786 -0.9819
vn -0.1663 -0.0744 -0.9833
vn -0.2357 -0.0671 -0.9695
vn -0.1810 -0.0843 -0.9799
vn -0.2223 -0.0884 -0.9710
vn -0.3586 -0.0696 -0.9309
vn -0.3536 -0.0694 -0.9328
vn -0.3650 -0.0710 -0.9283
vn 0.0531 0.9725 -0.2270
vn 0.0531 0.9725 -0.2270
vn 0.0531 0.9725 -0.2270
vn -0.2455 -0.0514 -0.9680
vn -0.1223 -0.9527 -0.2781
vn -0.1289 -0.9914 -0.0216
vn -0.1236 -0.9918 -0.0330
vn -0.0973 -0.9934 0.0606
vn -0.0918 -0.9556 -0.2799
vn 0.9369 -0.0391 -0.3473
vn 0.9425 -0.0421 -0.3316
vn 0.9648 -0.0564 -0.2569
vn 0.9673 -0.0583 -0.2469
vn -0.3167 -0.0939 -0.9439
vn -0.4290 -0.9033 -0.0035
vn -0.4290 -0.9033 -0.0035
vn -0.4290 -0.9033 -0.0035
vn -0.8518 0.0962 0.5149
vn -0.8518 0.0962 0.5149
vn -0.8518 0.0962 0.5149
vn -0.9444 -0.0048 0.3288
vn -0.9391 0.0017 0.3437
vn -0.9838 0.0768 0.1619
vn -0.9884 0.0994 -0.1151
vn -0.9645 0.0194 0.2633
vn -0.9962 0.0867 0.0110
vn -0.9776 0.0783 0.1953
vn -0.3023 0.0842 -0.9495
vn -0.2407 0.2696 -0.9324
vn -0.2767 0.0565 -0.9593
vn -0.2878 -0.0243 -0.9574
vn -0.4005 -0.0482 -0.9150
vn -0.2372 -0.0683 -0.9691
vn -0.3144 -0.0299 -0.9488
vn -0.9848 0.1008 0.1412
vn -0.9329 0.0970 0.3467
vn -0.9838 0.1007 0.1485
vn -0.9284 0.0966 0.3587
vn -0.2329 -0.9687 -0.0856
vn -0.2567 -0.9615 -0.0981
vn -0.2581 -0.9611 -0.0988
vn -0.1792 -0.0817 -0.9804
vn -0.0755 -0.0739 -0.9944
vn -0.3430 -0.0158 -0.9392
vn -0.1257 -0.9450 -0.3019
vn -0.2855 -0.1506 -0.9465
vn -0.2855 -0.1506 -0.9465
vn -0.2855 -0.1506 -0.9465
vn 0.2780 0.9601 -0.0294
vn 0.2780 0.9601 -0.0294
vn 0.2780 0.9601 -0.0294
vn -0.9732 0.0590 0.2224
vn -0.9732 0.0590 0.2224
vn -0.9732 0.0590 0.2224
vn -0.3062 -0.0980 -0.9469
vn -0.2690 0.0294 -0.9627
vn -0.2383 -0.0088 -0.9712
vn -0.1941 -0.0373 -0.9803
vn -0.2826 -0.9527 -0.1116
vn -0.8416 -0.5214 -0.1411
vn -0.8416 -0.5214 -0.1411
vn -0.8416 -0.5214 -0.1411
vn -0.1064 -0.9931 0.0488
vn -0.0678 -0.9936 0.0898
vn -0.0897 -0.9937 0.0666
vn -0.3784 0.9235 -0.0625
vn -0.3784 0.9235 -0.0625
vn -0.3784 0.9235 -0.0625
vn 0.9648 -0.2497 -0.0828
vn 0.9648 -0.2497 -0.0828
vn 0.9648 -0.2497 -0.0828
vn -0.3072 -0.0855 -0.9478
vn 0.3044 0.4161 0.8569
vn 0.5728 0.2027 0.7942
vn 0.4311 0.3255 0.8416
vn 0.8065 -0.0830 -0.5854
vn 0.8065 -0.0830 -0.5854
vn 0.8065 -0.0830 -0.5854
vn -0.5361 -0.0440 -0.8430
vn -0.5361 -0.0440 -0.8430
vn -0.5361 -0.0440 -0.8430
vn -0.9727 0.1532 0.1745
vn -0.9733 0.1547 0.1694
vn -0.9729 0.1537 0.1726
vn -0.9736 0.1552 0.1676
vn 0.6493 0.1235 0.7504
vn -0.9516 0.1305 0.2783
vn -0.9516 0.1305 0.2783
vn -0.9516 0.1305 0.2783
vn -0.1874 -0.0628 -0.9803
vn -0.0078 0.9976 -0.0685
vn -0.0078 0.9976 -0.0685
vn -0.0078 0.9976 -0.0685
vn 0.0432 0.0181 -0.9989
vn 0.0990 -0.0300 -0.9946
vn 0.0757 0.9870 -0.1419
vn 0.1113 0.9894 -0.0934
vn 0.0628 0.9939 -0.0911
vn -0.1106 0.9415 -0.3184
vn -0.1028 0.9458 -0.3082
vn -0.1092 0.9409 -0.3205
vn -0.0310 -0.1032 -0.9942
vn -0.9700 0.0962 0.2233
vn -0.9643 0.1099 0.2408
vn -0.9900 0.0956 0.1039
vn -0.0417 -0.9922 0.1173
vn -0.2505 -0.0388 -0.9673
vn -0.6150 -0.1290 -0.7779
vn -0.1061 0.9248 -0.3655
vn -0.0858 0.9610 -0.2628
vn -0.2552 -0.0373 -0.9662
vn -0.9649 0.0605 0.2556
vn -0.9614 0.0566 0.2693
vn -0.9750 0.0736 0.2096
vn -0.3838 -0.0211 -0.9232
vn -0.0819 0.9697 -0.2302
vn -0.9094 0.3219 0.2632
vn -0.9094 0.3219 0.2632
vn -0.9094 0.3219 0.2632
vn -0.3478 -0.9372 -0.0282
vn -0.3795 -0.9238 0.0506
vn -0.3481 -0.9371 -0.0274
vn -0.9844 0.0536 0.1678
vn -0.9844 0.0536 0.1678
vn -0.9844 0.0536 0.1678
vn -0.3407 -0.9322 0.1222
vn -0.3407 -0.9322 0.1222
vn -0.3407 -0.9322 0.1222
vn -0.9766 0.0759 0.2013
vn -0.4995 -0.0026 -0.8663
vn -0.4629 -0.0186 -0.8862
vn -0.5059 0.0002 -0.8626
vn -0.5431 0.0945 -0.8343
vn -0.4985 -0.0389 -0.8660
vn -0.5130 0.0082 -0.8584
vn -0.4655 -0.1652 -0.8695
vn -0.9847 0.1039 0.1401
vn 0.1562 0.9829 -0.0973
vn -0.3108 -0.9438 -0.1127
vn 0.2079 0.9682 -0.1395
vn -0.5493 0.0983 -0.8298
vn -0.4526 -0.0230 -0.8914
vn -0.9910 0.1273 0.0415
vn -0.9813 0.1388 0.1330
vn 0.0273 0.9848 -0.1713
vn -0.9862 0.1473 0.0760
vn -0.2620 0.9223 0.2841
vn -0.2620 0.9223 0.2841
vn -0.2620 0.9223 0.2841
vn -0.9378 0.0658 -0.3410
vn -0.9115 0.0425 -0.4090
vn -0.9420 0.0700 -0.3282
vn -0.5222 0.0169 -0.8526
vn -0.6291 -0.0012 -0.7773
vn -0.6473 -0.0044 -0.7623
vn -0.0248 0.9902 -0.1375
vn -0.9071 0.0389 -0.4191
vn -0.9171 0.1804 -0.3555
vn -0.9171 0.1804 -0.3555
vn -0.9171 0.1804 -0.3555
vn -0.3119 -0.9467 0.0799
vn -0.4107 -0.9026 0.1294
vn -0.1743 -0.9846 0.0125
vn -0.0956 0.9953 -0.0150
vn -0.1111 -0.9937 -0.0179
vn -0.1125 0.9936 -0.0073
vn -0.4892 0.0222 -0.8719
vn -0.9794 0.0440 0.1972
vn -0.9794 0.0440 0.1972
vn -0.9794 0.0440 0.1972
vn 0.9881 -0.1373 0.0698
vn 0.9910 -0.1140 0.0705
vn 0.9899 -0.1235 0.0702
vn 0.6362 -0.0083 0.7715
vn 0.6995 -0.0362 0.7137
vn 0.7122 -0.0421 0.7007
vn 0.2204 0.0885 0.9714
vn 0.2204 0.0885 0.9714
vn 0.2204 0.0885 0.9714
vn -0.1727 0.9528 0.2499
vn 0.0146 0.9888 0.1484
vn -0.0283 0.9849 0.1709
vn 0.1022 -0.0550 0.9932
vn 0.1044 -0.0501 0.9933
vn 0.0061 -0.0183 0.9998
vn 0.9920 -0.1045 0.0708
vn 0.6249 -0.0035 0.7807
vn 0.0023 0.0471 0.9989
vn 0.1815 0.0355 0.9828
vn 0.1481 0.0434 0.9880
vn -0.0712 -0.9713 0.2268
vn -0.0141 -0.9915 -0.1291
vn -0.0233 -0.9970 -0.0737
vn -0.0933 0.0448 0.9946
vn -0.9592 0.1181 0.2569
vn -0.9653 0.1254 0.2290
vn -0.9395 0.0986 0.3280
vn 0.0766 0.9968 0.0242
vn -0.9324 0.0926 0.3493
vn 0.2142 0.0653 0.9746
vn 0.2033 0.0854 0.9754
vn 0.2049 0.0766 0.9758
vn 0.2262 0.0552 0.9725
vn 0.2305 0.0521 0.9717
vn -0.0783 -0.9587 0.2733
vn 0.1212 0.9873 0.1027
vn 0.4837 -0.0368 -0.8745
vn 0.4837 -0.0368 -0.8745
vn 0.4837 -0.0368 -0.8745
vn -0.1060 -0.9497 0.2948
vn -0.1060 -0.9497 0.2948
vn -0.1060 -0.9497 0.2948
vn 0.1966 0.0416 0.9796
vn 0.1842 0.0351 0.9823
vn 0.1660 -0.1150 0.9794
vn -0.0343 -0.9774 0.2088
vn -0.0048 -0.9547 0.2976
vn -0.0207 -0.9680 0.2502
vn -0.9777 0.0889 0.1904
vn -0.9712 0.1022 0.2153
vn -0.9727 0.0992 0.2096
vn 0.9974 -0.0612 0.0368
vn 0.9734 -0.0498 -0.2235
vn 0.9960 -0.0622 0.0643
vn 0.9645 -0.0479 -0.2597
vn 0.1908 0.5866 0.7870
vn 0.1908 0.5866 0.7870
vn 0.1908 0.5866 0.7870
vn 0.0165 -0.9328 0.3600
vn -0.9798 0.0840 0.1812
vn 0.1482 -0.0284 0.9886
vn 0.1482 -0.0284 0.9886
vn 0.1482 -0.0284 0.9886
vn 0.2203 0.1167 0.9684
vn 0.2179 0.1213 0.9684
vn 0.2242 0.1093 0.9684
vn 0.2007 0.9790 0.0347
vn 0.2067 0.9783 0.0117
vn 0.2057 0.9723 0.1109
vn -0.2861 0.9494 -0.1297
vn -0.2861 0.9494 -0.1297
vn -0.2861 0.9494 -0.1297
vn 0.5065 -0.2470 0.8261
vn 0.4164 -0.2566 0.8722
vn 0.3403 -0.3269 0.8817
vn 0.1303 0.9914 0.0086
vn 0.1522 0.9842 0.0904
vn 0.1291 0.9916 0.0044
vn -0.6318 0.7696 0.0924
vn -0.6318 0.7696 0.0924
vn -0.6318 0.7696 0.0924
vn 0.1368 -0.1938 0.9715
vn 0.1881 0.0345 0.9815
vn 0.2722 -0.4215 0.8650
vn 0.3178 -0.4584 0.8300
vn -0.0270 -0.9145 0.4036
vn -0.0238 -0.9106 0.4127
vn -0.0882 -0.9724 0.2161
vn 0.2456 0.0141 0.9693
vn 0.2730 0.0418 0.9611
vn 0.3268 -0.0297 0.9446
vn 0.3269 -0.4779 0.8153
vn 0.1893 0.0258 0.9816
vn -0.0378 -0.9611 0.2736
vn -0.0665 -0.9160 0.3955
vn -0.0606 -0.9269 0.3704
vn 0.1536 0.9835 0.0954
vn 0.3138 -0.0457 0.9484
vn 0.2139 0.1290 0.9683
vn 0.2372 -0.1838 0.9539
vn 0.2007 0.0265 0.9793
vn 0.1978 0.0502 0.9789
vn 0.1984 0.0458 0.9791
vn 0.0893 0.9942 0.0592
vn 0.1219 -0.2299 0.9656
vn 0.0697 0.9975 0.0128
vn -0.3264 0.2972 -0.8973
vn -0.3264 0.2972 -0.8973
vn -0.3264 0.2972 -0.8973
vn 0.2286 -0.2895 0.9295
vn 0.1771 0.9740 0.1412
vn -0.0918 -0.9746 0.2043
vn -0.0315 -0.9686 0.2467
vn 0.2187 0.6279 -0.7469
vn 0.1629 0.6149 -0.7716
vn 0.0998 0.5975 -0.7957
vn 0.2433 -0.1138 0.9632
vn 0.1896 0.0393 0.9811
vn -0.6859 -0.7077 0.1694
vn -0.6859 -0.7077 0.1694
vn -0.6859 -0.7077 0.1694
vn -0.8350 0.2865 0.4697
vn -0.8603 0.3282 0.3901
vn -0.7825 0.2180 0.5833
vn 0.2012 0.0222 0.9793
vn -0.7681 0.2016 0.6077
vn -0.9576 -0.2733 -0.0916
vn -0.9576 -0.2733 -0.0916
vn -0.9576 -0.2733 -0.0916
vn 0.3720 0.9133 0.1661
vn 0.3419 -0.1734 0.9236
vn 0.3206 -0.0846 0.9434
vn 0.3004 -0.0092 0.9538
vn 0.4355 -0.0286 0.8997
vn 0.3983 0.3596 0.8438
vn 0.3835 0.3546 0.8527
vn 0.2726 0.1617 0.9484
vn 0.1295 0.0358 0.9909
vn 0.1295 0.0358 0.9909
vn 0.1295 0.0358 0.9909
vn -0.9985 -0.0039 0.0541
vn -0.9985 -0.0039 0.0541
vn -0.9985 -0.0039 0.0541
vn 0.2515 0.0665 0.9656
vn 0.2413 0.1097 0.9642
vn 0.0414 0.5789 -0.8143
vn 0.2516 0.9240 -0.2881
vn 0.2524 0.9675 -0.0174
vn 0.2498 0.9671 0.0486
vn 0.2719 -0.0022 0.9623
vn 0.1894 -0.0800 0.9786
vn 0.3539 0.0465 0.9341
vn -0.1967 -0.9447 -0.2625
vn -0.1967 -0.9447 -0.2625
vn -0.1967 -0.9447 -0.2625
vn 0.3937 0.0834 0.9154
vn 0.2243 -0.0618 0.9726
vn 0.9491 -0.0950 -0.3004
vn 0.9633 -0.1098 -0.2449
vn 0.9859 -0.1529 -0.0686
vn 0.9864 -0.1627 -0.0251
vn 0.2495 0.9092 -0.3334
vn 0.1795 0.0004 0.9838
vn 0.1386 0.8284 0.5427
vn 0.1323 0.8363 0.5320
vn 0.0700 0.9039 0.4220
vn 0.2835 0.0491 0.9577
vn 0.4211 0.0748 0.9039
vn 0.2720 -0.1553 0.9497
vn 0.2090 0.4360 0.8754
vn 0.0498 0.1796 0.9825
vn 0.0876 0.2650 0.9602
vn 0.1438 0.9664 0.2132
vn 0.1438 0.9664 0.2132
vn 0.1438 0.9664 0.2132
vn -0.7228 -0.1122 -0.6819
vn -0.7228 -0.1122 -0.6819
vn -0.7228 -0.1122 -0.6819
vn 0.5264 0.0711 0.8473
vn 0.0513 0.9203 0.3879
vn 0.3759 0.9157 0.1422
vn 0.5089 0.0775 0.8573
vn -0.9819 0.1394 0.1285
vn -0.9530 0.1059 0.2838
vn -0.9871 0.0399 0.1548
vn -0.9840 0.1447 0.1043
vn 0.2497 -0.8176 0.5189
vn 0.2497 -0.8176 0.5189
vn 0.2497 -0.8176 0.5189
vn -0.9545 0.0954 0.2826
vn 0.0569 0.0585 0.9967
vn 0.0801 0.0617 0.9949
vn -0.9375 0.1921 0.2902
vn -0.9130 0.0994 0.3957
vn -0.9336 0.1713 0.3148
vn -0.9919 0.0263 0.1242
vn 0.4925 -0.4843 0.7232
vn 0.4925 -0.4843 0.7232
vn 0.4925 -0.4843 0.7232
vn -0.7065 0.0710 0.7041
vn -0.7006 0.0731 0.7098
vn -0.6457 0.0912 0.7581
vn -0.9047 0.0777 0.4190
vn -0.6413 0.0926 0.7616
vn 0.0647 -0.8444 0.5318
vn 0.0647 -0.8444 0.5318
vn 0.0647 -0.8444 0.5318
vn 0.1240 0.1574 0.9797
vn 0.1042 0.1163 0.9877
vn 0.2061 0.1069 0.9727
vn 0.0040 0.1279 0.9918
vn 0.2687 0.0378 0.9625
vn 0.2117 0.0750 0.9744
vn 0.2431 0.0546 0.9685
vn -0.9761 0.2128 0.0437
vn -0.9753 0.1751 0.1347
vn -0.9778 0.2057 0.0409
vn -0.0757 0.9966 -0.0312
vn 0.0926 0.9939 -0.0605
vn 0.0790 0.9949 -0.0635
vn -0.9690 0.1144 0.2191
vn -0.2672 -0.9539 0.1365
vn -0.2401 -0.9549 0.1749
vn -0.2566 -0.9549 0.1492
vn -0.9057 0.1498 0.3965
vn -0.9394 0.1348 0.3153
vn -0.9333 0.1678 0.3176
vn -0.9262 0.1857 0.3280
vn -0.1245 -0.0327 0.9917
vn -0.1245 -0.0327 0.9917
vn -0.1245 -0.0327 0.9917
vn -0.8602 0.4613 0.2174
vn 0.2788 0.0323 0.9598
vn -0.0589 -0.9570 0.2842
vn -0.1250 -0.9883 0.0880
vn -0.0920 -0.9759 0.1979
vn -0.8333 0.5114 0.2100
vn -0.9388 0.2085 0.2740
vn -0.3134 -0.9410 0.1280
vn -0.3212 0.9451 0.0605
vn -0.3212 0.9451 0.0605
vn -0.3212 0.9451 0.0605
vn -0.0445 -0.9939 0.1013
vn -0.7593 0.6155 0.2111
vn -0.2010 0.0585 -0.9778
vn -0.2166 0.0204 -0.9760
vn -0.2489 0.0010 -0.9685
vn -0.9474 0.0200 0.3195
vn -0.9474 0.0200 0.3195
vn -0.9474 0.0200 0.3195
vn 0.1889 0.0896 0.9779
vn 0.0932 0.9952 0.0313
vn 0.0932 0.9952 0.0313
vn 0.0932 0.9952 0.0313
vn 0.2744 -0.1024 0.9561
vn 0.2744 -0.1024 0.9561
vn 0.2744 -0.1024 0.9561
vn -0.3155 -0.9401 0.1289
vn 0.1130 0.9917 -0.0614
vn 0.1009 0.9928 -0.0650
vn -0.9151 -0.2574 0.3105
vn -0.8969 -0.1634 0.4110
vn -0.9065 -0.3731 0.1976
vn -0.1948 -0.0412 -0.9800
vn -0.3074 -0.0311 -0.9511
vn -0.9229 -0.0819 0.3762
vn -0.9738 0.1110 0.1984
vn -0.9391 0.1175 0.3228
vn -0.9718 0.1195 0.2033
vn -0.0404 -0.0754 0.9963
vn -0.0423 -0.0771 0.9961
vn -0.0426 -0.0774 0.9961
vn -0.0505 -0.9923 0.1127
vn -0.2063 -0.9784 -0.0106
vn -0.1474 -0.9845 0.0950
vn -0.1068 -0.9936 0.0359
vn 0.0902 -0.9945 0.0529
vn 0.0591 -0.9970 0.0503
vn -0.7828 0.1153 0.6114
vn -0.7907 0.1315 0.5979
vn -0.4301 0.1119 0.8958
vn -0.1263 -0.9914 0.0341
vn -0.1523 -0.9714 0.1823
vn -0.0442 -0.0789 0.9959
vn -0.1461 -0.0820 -0.9859
vn -0.1615 -0.0786 -0.9837
vn -0.9140 0.2917 0.2820
vn -0.9140 0.2917 0.2820
vn -0.9140 0.2917 0.2820
vn -0.9852 0.0622 0.1597
vn -0.9859 0.0183 0.1664
vn -0.9845 0.0770 0.1573
vn -0.9741 0.0928 0.2062
vn -0.2434 -0.9654 -0.0937
vn -0.9851 -0.0151 0.1713
vn -0.9852 -0.0155 0.1706
vn -0.0164 0.9996 -0.0224
vn -0.0164 0.9996 -0.0224
vn -0.0164 0.9996 -0.0224
vn -0.9764 0.0403 0.2124
vn -0.2913 -0.9456 -0.1446
vn 0.1911 0.0907 0.9774
vn 0.1914 0.0838 0.9779
vn 0.3894 -0.0541 0.9195
vn 0.4858 0.0494 0.8727
vn -0.9021 -0.2766 0.3312
vn 0.1087 -0.0718 -0.9915
vn 0.1319 -0.0685 -0.9889
vn 0.2096 -0.0663 -0.9755
vn -0.1252 0.9810 -0.1484
vn -0.0812 0.9885 -0.1275
vn -0.0832 0.9876 -0.1330
vn 0.0473 -0.0691 -0.9965
vn 0.1378 -0.9903 -0.0171
vn 0.1223 -0.9922 0.0240
vn 0.0632 -0.9947 0.0805
vn 0.0959 -0.0855 -0.9917
vn 0.1014 -0.0903 -0.9907
vn 0.1012 -0.0901 -0.9908
vn 0.0437 -0.0653 -0.9969
vn 0.1292 -0.0361 -0.9910
vn 0.1152 -0.0566 -0.9917
vn 0.1442 -0.0140 -0.9894
vn 0.1067 -0.0948 -0.9898
vn 0.1089 -0.9939 0.0191
vn 0.1196 -0.9919 0.0440
vn 0.1247 -0.9906 0.0561
vn 0.1032 -0.9946 0.0061
vn -0.1274 0.9866 -0.1016
vn -0.0878 0.9889 -0.1199
vn -0.1266 0.9868 -0.1014
vn 0.0372 -0.1133 -0.9929
vn 0.0372 -0.1133 -0.9929
vn 0.0372 -0.1133 -0.9929
vn 0.0920 -0.0903 -0.9917
vn 0.0785 -0.9906 0.1118
vn -0.1386 0.9805 -0.1390
vn -0.8182 -0.1556 -0.5535
vn -0.5611 -0.1297 -0.8175
vn -0.6927 -0.1713 -0.7006
vn -0.1370 0.9874 -0.0789
vn -0.7095 -0.1774 -0.6820
vn -0.1482 0.9847 -0.0916
vn -0.7776 -0.1556 -0.6092
vn -0.7344 -0.1471 -0.6626
vn -0.7868 -0.1581 -0.5966
vn -0.8257 -0.1567 -0.5420
vn 0.0941 -0.9710 0.2196
vn 0.0178 -0.9933 0.1143
vn -0.1821 0.0785 0.9801
vn -0.1445 0.0981 0.9846
vn -0.1547 0.0928 0.9836
vn -0.1928 0.0728 0.9785
vn -0.1723 0.9793 -0.1067
vn -0.1876 0.9739 -0.1276
vn -0.9365 -0.1221 -0.3287
vn -0.9458 -0.1162 -0.3032
vn -0.7892 -0.4601 0.4067
vn -0.7892 -0.4601 0.4067
vn -0.7892 -0.4601 0.4067
vn -0.6317 -0.1534 -0.7599
vn -0.6649 -0.1218 -0.7370
vn -0.6404 -0.1453 -0.7542
vn -0.0422 -0.9973 0.0601
vn -0.6511 -0.1318 -0.7475
vn -0.6542 -0.1355 -0.7441
vn -0.6622 -0.1449 -0.7352
vn 0.8689 -0.0767 0.4889
vn 0.8689 -0.0767 0.4889
vn 0.8689 -0.0767 0.4889
vn 0.9907 -0.0218 0.1342
vn 0.9947 -0.0003 0.1023
vn 0.9927 -0.0122 0.1200
vn 0.9877 -0.0342 0.1525
vn 0.0121 -0.9973 0.0730
vn 0.0121 -0.9973 0.0730
vn 0.0121 -0.9973 0.0730
vn 0.9803 0.0674 0.1858
vn 0.9838 0.0733 0.1637
vn 0.9748 0.0596 0.2150
vn -0.8624 -0.0680 0.5017
vn -0.8557 -0.0612 0.5139
vn -0.8315 -0.0379 0.5542
vn -0.6428 -0.1221 -0.7563
vn -0.3427 -0.0054 0.9394
vn -0.3427 -0.0054 0.9394
vn -0.3427 -0.0054 0.9394
vn -0.0269 0.1011 0.9945
vn -0.0269 0.1011 0.9945
vn -0.0269 0.1011 0.9945
vn 0.9845 0.0746 0.1585
vn -0.6041 -0.1783 -0.7767
vn -0.8226 -0.0298 0.5678
vn -0.5916 0.2313 -0.7723
vn -0.5916 0.2313 -0.7723
vn 0.1805 -0.1195 0.9763
vn 0.2100 -0.1474 0.9665
vn 0.1940 -0.1117 0.9746
vn -0.1857 0.9709 -0.1515
vn -0.2315 0.9695 -0.0801
vn 0.0222 -0.0150 0.9996
vn -0.8567 -0.0305 0.5149
vn -0.8649 -0.0383 0.5005
vn -0.8540 -0.0280 0.5196
vn -0.8675 -0.0408 0.4958
vn -0.9943 -0.0973 -0.0446
vn -0.9558 -0.0770 0.2839
vn -0.9242 -0.1149 0.3641
vn -0.9550 -0.0965 0.2805
vn 0.9163 0.1367 0.3766
vn 0.9163 0.1367 0.3766
vn 0.9163 0.1367 0.3766
vn -0.0060 -0.0013 1.0000
vn -0.6925 -0.0799 0.7169
vn -0.6925 -0.0799 0.7169
vn -0.6925 -0.0799 0.7169
vn -0.9671 -0.0911 0.2375
vn -0.9926 -0.0938 0.0777
vn 0.9550 -0.0974 0.2801
vn 0.9563 -0.0992 0.2752
vn 0.8451 -0.0482 0.5324
vn 0.9243 -0.0995 0.3684
vn -0.2618 -0.0653 0.9629
vn -0.2618 -0.0653 0.9629
vn -0.2618 -0.0653 0.9629
vn 0.1502 0.0254 0.9883
vn 0.1309 0.0196 0.9912
vn 0.1349 0.0121 0.9908
vn 0.7548 -0.0603 0.6531
vn 0.8763 -0.0454 0.4796
vn 0.9762 -0.1468 0.1595
vn 0.9762 -0.1468 0.1595
vn 0.9762 -0.1468 0.1595
vn 0.6741 -0.0702 0.7353
vn 0.9928 -0.0958 -0.0722
vn 0.9787 -0.1123 -0.1719
vn 0.9766 -0.1034 -0.1888
vn 0.9946 -0.1031 -0.0084
vn 0.9984 -0.0077 -0.0565
vn 0.9984 -0.0077 -0.0565
vn 0.9984 -0.0077 -0.0565
vn -0.9536 0.0767 0.2913
vn -0.9536 0.0767 0.2913
vn -0.9536 0.0767 0.2913
vn 0.8842 -0.0648 0.4626
vn 0.7024 0.0691 0.7084
vn 0.8397 -0.0251 0.5424
vn -0.0477 -0.0145 0.9988
vn -0.5375 -0.8375 -0.0981
vn -0.5375 -0.8375 -0.0981
vn -0.5375 -0.8375 -0.0981
vn 0.6551 0.0958 0.7494
vn -0.2718 -0.2699 0.9238
vn -0.1253 -0.2941 0.9475
vn -0.0599 -0.3027 0.9512
vn -0.3197 -0.2603 0.9111
vn 0.8650 -0.0060 0.5018
vn 0.8650 -0.0060 0.5018
vn 0.8650 -0.0060 0.5018
vn 0.6777 -0.1492 -0.7201
vn 0.6649 -0.1319 -0.7352
vn 0.6619 -0.1279 -0.7386
vn -0.9839 0.1019 0.1468
vn -0.9839 0.1019 0.1468
vn -0.9839 0.1019 0.1468
vn -0.1086 -0.0228 0.9938
vn 0.3326 -0.0171 0.9429
vn 0.2873 -0.0296 0.9574
vn 0.3245 -0.0194 0.9457
vn -0.9020 -0.1176 -0.4154
vn -0.9020 -0.1176 -0.4154
vn -0.9020 -0.1176 -0.4154
vn 0.3555 -0.0107 0.9346
vn -0.9950 0.0020 0.0998
vn -0.9950 0.0020 0.0998
vn -0.9950 0.0020 0.0998
vn 0.9293 -0.1194 -0.3494
vn 0.9194 -0.1134 -0.3767
vn 0.6764 -0.1559 -0.7199
vn 0.6764 -0.1559 -0.7199
vn 0.6764 -0.1559 -0.7199
vn -0.8614 0.0470 -0.5058
vn -0.8614 0.0470 -0.5058
vn -0.8614 0.0470 -0.5058
vn 0.1391 0.9863 -0.0889
vn 0.1167 0.9898 -0.0815
vn 0.1512 0.9841 -0.0929
vn 0.6487 -0.1107 -0.7530
vn 0.5920 -0.2165 -0.7763
vn 0.5920 -0.2165 -0.7763
vn 0.5920 -0.2165 -0.7763
vn -0.0635 -0.2083 0.9760
vn -0.0635 -0.2083 0.9760
vn -0.0635 -0.2083 0.9760
vn 0.1841 0.9774 -0.1037
vn -0.0908 -0.9940 0.0618
vn -0.0908 -0.9940 0.0618
vn -0.0908 -0.9940 0.0618
vn -0.5916 0.2313 -0.7723
vn 0.9628 0.1184 0.2431
vn 0.9641 0.0456 0.2618
vn 0.9641 0.1039 0.2445
vn 0.9649 0.0964 0.2445
vn 0.9655 0.0899 0.2444
vn 0.9638 0.0972 0.2482
vn 0.9649 0.0886 0.2471
vn 0.9633 0.0892 0.2533
vn 0.1031 -0.9946 0.0147
vn 0.1429 -0.9893 0.0299
vn 0.0674 -0.9977 0.0097
vn 0.4240 -0.0287 -0.9052
vn 0.4532 -0.0542 -0.8898
vn 0.3843 -0.0513 -0.9218
vn 0.4507 -0.0507 -0.8912
vn 0.4679 -0.0619 -0.8816
vn 0.4503 -0.0503 -0.8915
vn 0.4173 -0.0172 -0.9086
vn 0.3648 -0.0119 -0.9310
vn 0.3974 -0.0115 -0.9176
vn 0.6316 -0.0086 -0.7753
vn 0.4300 -0.0412 -0.9019
vn 0.9591 0.0749 0.2730
vn 0.1185 -0.9929 -0.0075
vn 0.9577 0.0854 0.2747
vn 0.9402 0.0853 0.3297
vn 0.9298 0.1179 0.3487
vn 0.6369 -0.0098 -0.7709
vn 0.6364 -0.0110 -0.7713
vn 0.4635 -0.8767 0.1284
vn 0.4635 -0.8767 0.1284
vn 0.4635 -0.8767 0.1284
vn 0.9324 0.1405 0.3329
vn 0.9466 0.1152 0.3011
vn 0.1743 -0.9840 0.0356
vn 0.9627 0.0941 0.2538
vn 0.1322 -0.9884 0.0753
vn 0.0994 -0.9910 0.0901
vn 0.1203 -0.9913 -0.0534
vn 0.9510 -0.0503 -0.3052
vn 0.9388 -0.0844 -0.3340
vn 0.4083 -0.0292 -0.9124
vn 0.9763 0.0605 -0.2078
vn 0.4270 -0.0161 -0.9041
vn 0.1064 -0.9925 0.0595
vn 0.0949 -0.9909 0.0955
vn 0.9335 0.1310 0.3337
vn 0.9621 0.0995 0.2537
vn 0.1218 -0.9911 -0.0537
vn -0.2230 -0.0342 0.9742
vn -0.0471 -0.0014 0.9989
vn -0.0100 0.0532 0.9985
vn 0.1338 -0.9888 0.0667
vn 0.3486 -0.1026 -0.9317
vn 0.4688 -0.0998 -0.8777
vn 0.4813 -0.1191 -0.8684
vn -0.5629 -0.1141 -0.8186
vn -0.6514 -0.1271 -0.7481
vn -0.6565 -0.1278 -0.7434
vn -0.0412 0.0614 0.9973
vn -0.5583 -0.1134 -0.8219
vn -0.0540 0.0582 0.9968
vn 0.7528 0.0425 -0.6569
vn 0.7528 0.0425 -0.6569
vn 0.7528 0.0425 -0.6569
vn 0.4993 -0.0585 -0.8645
vn 0.4041 -0.0603 -0.9127
vn 0.3953 -0.0599 -0.9166
vn 0.9629 0.1085 0.2469
vn 0.9529 0.1226 0.2774
vn 0.9601 0.1127 0.2559
vn 0.4984 -0.0469 -0.8657
vn 0.9496 0.1269 0.2867
vn 0.0489 -0.9929 0.1084
vn -0.3438 -0.0384 0.9383
vn 0.9138 0.1338 0.3836
vn 0.9054 0.1419 0.4002
vn 0.9286 0.1181 0.3517
vn 0.5232 -0.0618 -0.8500
vn 0.9354 0.1104 0.3360
vn 0.1040 -0.9881 0.1135
vn 0.1161 -0.9898 0.0828
vn 0.0925 -0.9879 0.1246
vn 0.3376 -0.1059 -0.9353
vn 0.4249 -0.0767 -0.9020
vn 0.3466 -0.0255 -0.9377
vn 0.3851 -0.0492 -0.9216
vn 0.5127 0.0452 -0.8574
vn 0.4548 -0.0270 -0.8902
vn -0.0884 0.9835 -0.1580
vn -0.1054 0.9944 -0.0090
vn -0.0864 0.9808 -0.1747
vn 0.3949 -0.1274 -0.9098
vn -0.0497 0.9924 -0.1125
vn -0.0775 0.9928 -0.0913
vn -0.0617 0.9928 -0.1025
vn 0.1833 -0.9826 -0.0293
vn 0.1559 -0.9877 -0.0109
vn 0.1255 -0.9920 0.0127
vn 0.1944 -0.0874 -0.9770
vn -0.1071 0.9942 0.0071
vn -0.2670 0.0056 0.9637
vn -0.2757 0.0079 0.9612
vn -0.2707 0.0627 0.9606
vn 0.3276 -0.0972 -0.9398
vn -0.0717 0.9835 -0.1663
vn -0.0535 0.9824 -0.1791
vn -0.0654 0.9831 -0.1707
vn -0.2917 -0.0222 0.9562
vn 0.0592 -0.9885 0.1395
vn -0.0174 -0.8958 0.4441
vn -0.0348 -0.9612 0.2735
vn -0.0422 -0.9800 0.1946
vn -0.3296 -0.0258 0.9438
vn 0.1067 -0.9935 0.0404
vn -0.2567 0.0413 0.9656
vn -0.1268 -0.0193 0.9917
vn -0.1268 -0.0193 0.9917
vn -0.1268 -0.0193 0.9917
vn 0.1205 -0.9927 0.0077
vn -0.9672 -0.0753 -0.2424
vn -0.9892 -0.1028 -0.1045
vn -0.9614 -0.0899 -0.2602
vn -0.9802 -0.1395 -0.1408
vn -0.9861 -0.1305 -0.1026
vn 0.2459 -0.1096 -0.9631
vn 0.0990 -0.9891 0.1087
vn 0.2638 -0.1496 -0.9529
vn -0.9962 -0.0865 -0.0131
vn 0.2861 -0.0707 -0.9556
vn 0.1173 -0.9931 0.0058
vn 0.1342 -0.9909 0.0066
vn 0.1338 -0.9910 0.0078
vn -0.9863 -0.0739 0.1472
vn -0.2855 0.1170 0.9512
vn -0.2780 -0.1809 0.9434
vn -0.5197 -0.3356 0.7857
vn -0.2886 -0.0966 0.9526
vn -0.8340 -0.0892 -0.5445
vn -0.8549 -0.0484 -0.5166
vn -0.8494 -0.0606 -0.5242
vn 0.2481 -0.1310 -0.9598
vn -0.0109 -0.8647 0.5021
vn -0.0258 -0.0241 0.9994
vn 0.0898 -0.0186 0.9958
vn 0.1026 0.0354 0.9941
vn -0.1592 0.9598 0.2312
vn -0.1436 0.9670 0.2106
vn -0.1805 0.9496 0.2563
vn -0.8770 -0.0451 -0.4784
vn 0.1075 0.0545 0.9927
vn -0.9737 -0.1703 0.1512
vn -0.9722 -0.1940 0.1310
vn -0.9702 -0.2140 0.1137
vn -0.1300 0.9904 0.0478
vn -0.1300 0.9904 0.0478
vn -0.1300 0.9904 0.0478
vn 0.1192 0.6882 -0.7156
vn 0.1364 0.6044 -0.7849
vn 0.1351 0.6112 -0.7798
vn 0.1229 -0.9924 0.0034
vn -0.9681 -0.2297 0.1000
vn 0.2802 0.8815 0.3801
vn 0.2802 0.8815 0.3801
vn 0.2802 0.8815 0.3801
vn -0.9746 -0.1734 -0.1415
vn -0.0872 0.9888 -0.1211
vn -0.0505 0.9822 -0.1812
vn -0.1273 0.3019 0.9448
vn -0.0746 0.5185 0.8518
vn -0.1531 0.1075 0.9823
vn -0.9943 -0.0804 -0.0704
vn -0.9831 -0.0394 -0.1789
vn -0.9609 -0.0858 -0.2631
vn -0.9930 -0.0258 -0.1155
vn 0.2842 -0.0679 -0.9564
vn -0.1986 0.9355 0.2922
vn 0.1529 0.0696 0.9858
vn 0.1596 0.0551 0.9856
vn 0.2465 0.0796 0.9659
vn 0.0983 -0.9951 -0.0059
vn -0.1972 0.0486 0.9792
vn -0.0242 -0.0322 0.9992
vn 0.1003 -0.9947 0.0239
vn -0.1674 -0.0211 0.9857
vn -0.1560 -0.0044 0.9877
vn -0.1588 -0.0001 0.9873
vn -0.2251 0.0809 0.9710
vn -0.2228 0.0899 0.9707
vn -0.1687 -0.0291 0.9852
vn -0.1597 -0.0022 0.9872
vn -0.1662 -0.0209 0.9859
vn -0.2973 0.0804 0.9514
vn -0.4877 -0.0704 0.8702
vn -0.3765 0.0417 0.9255
vn 0.1451 -0.9845 0.0986
vn 0.1451 -0.9845 0.0986
vn 0.1451 -0.9845 0.0986
vn -0.1409 0.9686 0.2048
vn -0.1457 0.9643 0.2211
vn -0.0912 0.9950 0.0396
vn -0.9843 0.0106 -0.1764
vn -0.9843 0.0106 -0.1764
vn -0.9843 0.0106 -0.1764
vn 0.0973 -0.9862 0.1337
vn -0.1995 0.9344 0.2951
vn -0.2890 0.3388 0.8953
vn 0.1182 0.6926 -0.7116
vn 0.2325 0.0548 0.9711
vn 0.1349 -0.0545 -0.9894
vn 0.0694 -0.9801 0.1861
vn 0.1059 -0.9873 0.1187
vn 0.0574 -0.9769 0.2058
vn 0.0677 -0.9973 0.0290
vn -0.1564 -0.0016 0.9877
vn -0.1787 0.1769 0.9679
vn -0.1905 -0.0280 0.9813
vn -0.1914 -0.0558 0.9799
vn -0.1339 -0.0746 0.9882
vn -0.0880 0.9881 -0.1265
vn 0.1069 -0.9912 0.0780
vn -0.9655 -0.1365 -0.2216
vn -0.9655 -0.1365 -0.2216
vn -0.9655 -0.1365 -0.2216
vn 0.3079 0.1513 0.9393
vn -0.1092 -0.0335 0.9935
vn -0.1763 0.2069 0.9623
vn -0.1144 0.9934 0.0033
vn -0.1144 0.9934 0.0033
vn -0.1144 0.9934 0.0033
vn -0.1550 -0.0061 0.9879
vn -0.1530 -0.0117 0.9882
vn -0.1534 -0.0106 0.9881
vn -0.3015 0.3768 0.8758
vn -0.1553 -0.0051 0.9879
vn 0.1050 -0.9922 0.0674
vn -0.1657 0.0100 0.9861
vn 0.0967 -0.9860 0.1360
vn -0.1791 -0.0597 0.9820
vn -0.1644 -0.0823 0.9830
vn -0.1571 -0.0564 0.9860
vn -0.1552 -0.0035 0.9879
vn 0.0667 -0.9973 0.0320
vn -0.0995 -0.1323 0.9862
vn -0.0913 -0.0663 0.9936
vn -0.0853 0.9961 0.0206
vn -0.0854 -0.1546 0.9843
vn 0.9710 0.0274 -0.2375
vn 0.4605 -0.0518 -0.8862
vn 0.6123 -0.0019 -0.7906
vn 0.9893 0.0227 0.1439
vn 0.9853 0.0442 0.1651
vn 0.9844 0.0504 0.1684
vn 0.9647 0.0901 0.2476
vn 0.9647 0.0901 0.2476
vn 0.9647 0.0901 0.2476
vn -0.1543 0.9743 -0.1638
vn -0.1578 0.9796 -0.1247
vn -0.1510 0.9685 -0.1980
vn 0.7969 0.0351 -0.6031
vn 0.7663 0.0295 -0.6418
vn 0.6000 0.0184 -0.7998
vn 0.2643 -0.9335 0.2423
vn 0.4214 -0.8161 0.3955
vn 0.1486 -0.9803 0.1300
vn 0.5140 0.8437 0.1550
vn 0.1029 0.9947 0.0062
vn 0.3089 0.9477 0.0799
vn 0.8884 0.3629 0.2814
vn 0.8907 0.3589 0.2790
vn 0.8922 0.3563 0.2775
vn 0.2768 -0.0500 -0.9596
vn 0.3337 -0.0416 -0.9417
vn 0.2582 -0.0431 -0.9651
vn 0.0938 0.9956 0.0029
vn 0.5926 0.0201 -0.8052
vn 0.9947 -0.0198 0.1005
vn 0.2713 -0.0500 -0.9612
vn 0.6636 -0.0317 -0.7474
vn 0.5417 -0.1171 -0.8324
vn 0.4167 0.0095 -0.9090
vn 0.2252 -0.0338 -0.9737
vn 0.9827 0.0604 0.1751
vn -0.0863 0.9913 -0.0990
vn -0.0783 0.9931 -0.0870
vn -0.0648 0.9957 -0.0668
vn 0.0964 -0.9922 0.0795
vn -0.1605 0.9827 -0.0919
vn 0.9682 0.0502 0.2452
vn 0.9655 0.0367 0.2578
vn 0.9683 0.0507 0.2446
vn 0.5037 -0.2149 0.8367
vn 0.5037 -0.2149 0.8367
vn 0.5037 -0.2149 0.8367
vn 0.5553 -0.0628 -0.8293
vn 0.2650 0.0340 -0.9636
vn 0.9710 0.0667 0.2295
vn -0.6357 0.7508 -0.1795
vn -0.6357 0.7508 -0.1795
vn -0.6357 0.7508 -0.1795
vn 0.9194 0.0467 -0.3906
vn 0.9128 0.0419 -0.4062
vn 0.9850 0.0705 0.1577
vn 0.9773 0.1134 0.1792
vn 0.9957 0.0915 -0.0176
vn 0.3275 -0.9446 -0.0236
vn 0.1997 -0.9786 0.0500
vn 0.3373 -0.9409 -0.0294
vn 0.9914 0.0675 0.1117
vn 0.3936 0.8926 0.2197
vn 0.3936 0.8926 0.2197
vn 0.3936 0.8926 0.2197
vn 0.4460 -0.8899 -0.0955
vn 0.2540 -0.0460 -0.9661
vn 0.0886 -0.9922 0.0873
vn 0.0977 -0.9896 0.1056
vn 0.0869 -0.9927 0.0841
vn 0.7951 0.1784 -0.5796
vn 0.7951 0.1784 -0.5796
vn 0.7951 0.1784 -0.5796
vn 0.9520 0.1721 0.2530
vn 0.3992 -0.2140 -0.8916
vn 0.3786 -0.0186 -0.9254
vn 0.3786 -0.0186 -0.9254
vn 0.3786 -0.0186 -0.9254
vn 0.0453 -0.1085 -0.9931
vn -0.1645 -0.2121 -0.9633
vn 0.1816 -0.0450 -0.9823
vn 0.9856 0.0571 0.1592
vn 0.9584 0.1074 0.2643
vn 0.9901 0.0649 0.1244
vn 0.5810 -0.7863 0.2103
vn 0.2567 -0.9644 0.0627
vn 0.3655 -0.9305 0.0233
vn 0.8947 0.3520 0.2750
vn -0.1048 0.9864 -0.1268
vn 0.4815 -0.0134 -0.8763
vn 0.5015 -0.0876 -0.8607
vn 0.4967 -0.0443 -0.8668
vn 0.9866 0.0608 0.1514
vn 0.9841 0.0553 0.1690
vn 0.9540 0.1112 0.2784
vn 0.3627 -0.9216 0.1384
vn 0.2449 -0.9639 0.1042
vn 0.2491 -0.9627 0.1054
vn -0.6655 0.1177 0.7370
vn -0.6668 0.3747 0.6442
vn -0.6587 0.2021 0.7247
vn 0.2795 -0.0561 -0.9585
vn 0.2778 -0.0583 -0.9589
vn 0.2990 -0.0301 -0.9538
vn 0.1687 -0.0207 -0.9855
vn 0.2250 -0.0436 -0.9734
vn 0.2110 -0.0379 -0.9768
vn 0.1116 -0.9936 0.0191
vn 0.1786 0.9337 -0.3104
vn 0.0966 0.9682 -0.2309
vn 0.0685 0.9611 -0.2675
vn 0.0310 0.9775 -0.2089
vn 0.4320 -0.8879 0.1582
vn -0.2393 -0.0523 0.9695
vn -0.2322 -0.0596 0.9708
vn -0.2563 -0.0344 0.9660
vn 0.1187 0.0176 -0.9928
vn 0.0329 0.0366 -0.9988
vn -0.1422 0.9847 0.1007
vn -0.0808 0.9867 -0.1409
vn -0.1308 0.9914 -0.0057
vn 0.0214 0.9584 -0.2846
vn 0.2830 0.9585 0.0359
vn 0.0677 0.9968 -0.0431
vn 0.0630 0.9970 -0.0448
vn 0.2563 -0.0864 -0.9627
vn -0.1987 0.9261 0.3208
vn 0.3432 -0.0558 -0.9376
vn 0.2604 -0.1069 -0.9596
vn 0.2233 -0.0033 -0.9747
vn 0.2630 -0.1073 -0.9588
vn -0.2157 -0.0767 0.9734
vn 0.9043 0.3669 0.2183
vn 0.9003 0.3808 0.2109
vn 0.9265 0.2613 0.2706
vn -0.0349 0.9796 -0.1979
vn 0.4707 -0.1261 -0.8733
vn -0.0447 -0.9930 0.1095
vn 0.0774 -0.9949 0.0652
vn 0.1451 -0.0112 -0.9893
vn -0.6359 0.5639 0.5269
vn 0.9552 0.1136 0.2732
vn 0.9613 0.1221 0.2470
vn 0.9570 0.1128 0.2672
vn 0.9507 0.1034 0.2925
vn -0.6709 0.1215 0.7315
vn 0.9405 0.2123 0.2654
vn 0.2698 -0.0184 -0.9627
vn 0.9675 0.1018 0.2315
vn 0.9535 0.1262 0.2737
vn 0.9307 0.1713 0.3231
vn 0.9588 0.1949 0.2068
vn 0.9144 0.1604 0.3716
vn 0.9640 0.2010 0.1740
vn 0.2655 0.1506 -0.9523
vn 0.2825 0.0047 -0.9593
vn 0.0994 -0.9935 -0.0556
vn 0.0412 -0.9895 -0.1388
vn 0.0888 -0.9935 -0.0709
vn 0.2250 -0.0309 -0.9739
vn 0.2320 -0.0426 -0.9718
vn -0.9897 -0.1194 -0.0796
vn -0.9916 -0.1109 -0.0669
vn -0.9941 -0.0974 -0.0469
vn 0.9298 0.2361 0.2823
vn -0.9959 -0.0857 -0.0296
vn 0.2880 0.9569 0.0378
vn 0.1546 -0.9877 0.0253
vn 0.9876 0.0836 0.1332
vn 0.9842 0.0828 0.1568
vn 0.9844 0.0829 0.1552
vn -0.0948 0.9935 -0.0632
vn -0.0821 0.9960 0.0366
vn -0.1129 0.9887 -0.0985
vn 0.9657 0.1093 0.2355
vn 0.9654 0.1428 0.2184
vn 0.9762 -0.0413 0.2131
vn 0.9774 -0.0849 0.1936
vn 0.9769 -0.0595 0.2050
vn 0.9762 0.0854 0.1991
vn 0.9746 -0.0175 0.2235
vn 0.2551 0.0089 -0.9669
vn -0.1225 0.9871 -0.1030
vn 0.3299 -0.0645 -0.9418
vn 0.2915 -0.0599 -0.9547
vn 0.2667 -0.0932 -0.9593
vn 0.0217 0.9676 -0.2516
vn 0.0217 0.9676 -0.2516
vn 0.0217 0.9676 -0.2516
vn 0.5377 -0.2845 -0.7937
vn 0.4940 -0.2367 -0.8367
vn 0.4886 -0.2309 -0.8414
vn 0.9843 0.0204 0.1751
vn 0.9786 0.0803 0.1896
vn 0.9830 0.0833 0.1635
vn 0.9217 -0.3558 0.1544
vn 0.3590 0.2634 0.8954
vn 0.3590 0.2634 0.8954
vn 0.3590 0.2634 0.8954
vn 0.2537 -0.0972 -0.9624
vn 0.9688 0.1112 0.2216
vn 0.9911 0.0504 0.1229
vn 0.9819 0.1017 0.1599
vn 0.9739 0.0418 0.2233
vn 0.2896 -0.9562 0.0439
vn 0.4651 -0.8483 0.2532
vn 0.3674 -0.9204 0.1336
vn 0.9636 0.1163 0.2407
vn -0.0769 0.9903 0.1156
vn 0.1825 -0.9805 -0.0727
vn 0.4463 -0.1865 -0.8752
vn 0.4354 0.0132 -0.9001
vn 0.9810 -0.0115 0.1935
vn 0.9530 0.1630 0.2554
vn 0.2359 -0.0466 -0.9707
vn 0.8073 0.2323 -0.5425
vn 0.8073 0.2323 -0.5425
vn 0.8073 0.2323 -0.5425
vn 0.1938 -0.9738 -0.1191
vn 0.1202 -0.9765 -0.1786
vn 0.1208 -0.9905 -0.0662
vn 0.9497 0.1663 0.2653
vn 0.1098 -0.9702 -0.2158
vn -0.8930 -0.1172 -0.4344
vn -0.8930 -0.1172 -0.4344
vn -0.8930 -0.1172 -0.4344
vn -0.0263 0.9548 -0.2961
vn -0.0263 0.9548 -0.2961
vn -0.0263 0.9548 -0.2961
vn 0.1101 -0.9938 0.0134
vn 0.2251 -0.0565 -0.9727
vn 0.1801 -0.0592 -0.9819
vn 0.1549 -0.0765 -0.9850
vn 0.2055 -0.0416 -0.9778
vn 0.2297 -0.0247 -0.9729
vn 0.2081 -0.0632 -0.9761
vn 0.2081 -0.0632 -0.9761
vn 0.2081 -0.0632 -0.9761
vn 0.9975 0.0681 0.0185
vn 0.9975 0.0681 0.0185
vn 0.9975 0.0681 0.0185
vn 0.1665 -0.9852 -0.0400
vn 0.1969 -0.9749 -0.1042
vn 0.9893 0.0982 0.1078
vn 0.9893 0.0982 0.1078
vn 0.9893 0.0982 0.1078
vn -0.9100 -0.1551 -0.3846
vn -0.8609 -0.3794 -0.3389
vn -0.9276 -0.1251 -0.3520
vn -0.9024 -0.1163 -0.4150
vn -0.9208 -0.1154 -0.3726
vn 0.1456 -0.0340 -0.9888
vn 0.1456 -0.0340 -0.9888
vn 0.1456 -0.0340 -0.9888
vn -0.9980 -0.0256 -0.0581
vn -0.8943 -0.1360 -0.4262
vn 0.2508 -0.0640 -0.9659
vn 0.2993 0.1449 -0.9431
vn 0.2313 -0.1357 -0.9634
vn -0.9432 -0.1364 -0.3028
vn 0.1609 -0.1389 -0.9771
vn 0.0586 -0.0242 -0.9980
vn 0.0749 0.0748 -0.9944
vn -0.0531 0.9949 -0.0858
vn 0.0037 0.9876 -0.1567
vn 0.0460 0.9769 -0.2088
vn 0.0771 0.0211 -0.9968
vn 0.1231 -0.0019 -0.9924
vn 0.1069 -0.9941 0.0165
vn 0.1125 -0.9927 0.0427
vn 0.0952 -0.9948 -0.0376
vn -0.1071 0.9941 -0.0170
vn 0.0287 0.1401 -0.9897
vn 0.0978 0.2920 -0.9514
vn 0.1555 -0.9832 -0.0959
vn 0.1335 -0.9779 -0.1610
vn 0.1434 -0.9808 -0.1319
vn 0.3130 0.2162 -0.9248
vn 0.1255 -0.9749 -0.1840
vn 0.0891 -0.9939 -0.0651
vn 0.2653 -0.0673 -0.9618
vn 0.2061 -0.0703 -0.9760
vn 0.9931 0.1121 0.0355
vn 0.9920 0.1260 0.0065
vn 0.9932 0.1024 0.0557
vn 0.9911 0.1331 -0.0084
vn -0.9894 -0.1082 -0.0964
vn -0.9876 -0.1115 -0.1107
vn -0.9697 -0.1226 -0.2114
vn -0.9011 -0.0491 -0.4307
vn -0.9463 0.1034 -0.3064
vn -0.9299 -0.0958 -0.3550
vn -0.9461 0.0590 -0.3184
vn -0.9177 -0.1537 -0.3664
vn 0.0409 -0.9952 0.0892
vn 0.0324 -0.9947 0.0978
vn 0.0273 -0.9943 0.1029
vn -0.0849 0.9791 -0.1850
vn -0.1082 0.9820 -0.1548
vn -0.1101 0.9813 -0.1579
vn 0.1024 0.0276 -0.9944
vn 0.1450 -0.0589 -0.9877
vn 0.1161 0.0000 -0.9932
vn 0.0687 -0.0430 -0.9967
vn 0.0857 -0.0725 -0.9937
vn 0.0138 -0.0841 -0.9964
vn -0.1548 0.9819 -0.1089
vn -0.9568 -0.0740 -0.2812
vn -0.9669 -0.0817 -0.2419
vn 0.0162 -0.9933 0.1140
vn -0.1466 -0.0580 -0.9875
vn -0.9164 -0.0470 -0.3974
vn 0.1592 -0.0287 -0.9868
vn 0.1649 -0.0179 -0.9862
vn 0.1521 -0.0421 -0.9875
vn 0.1560 -0.0817 -0.9844
vn -0.2607 0.8714 -0.4156
vn -0.2181 0.9162 -0.3361
vn -0.2527 0.8808 -0.4004
vn -0.1776 0.9841 0.0024
vn 0.0539 -0.0911 -0.9944
vn -0.2395 0.9232 -0.3007
vn 0.0974 -0.1330 -0.9863
vn 0.0974 -0.1330 -0.9863
vn 0.0974 -0.1330 -0.9863
vn 0.9393 0.0173 0.3426
vn 0.9385 0.0213 0.3448
vn 0.9379 0.0238 0.3461
vn 0.9370 0.0277 0.3483
vn 0.1705 -0.0366 -0.9847
vn -0.8671 -0.1465 -0.4762
vn -0.8044 -0.0989 -0.5857
vn -0.8582 -0.1574 -0.4886
vn 0.1801 -0.0237 -0.9834
vn -0.3341 0.8902 -0.3098
vn -0.1918 0.9809 0.0327
vn -0.5141 0.8016 -0.3051
vn 0.1796 -0.0242 -0.9834
vn -0.1350 0.9841 -0.1157
vn -0.1350 0.9841 -0.1157
vn -0.1350 0.9841 -0.1157
vn -0.9641 -0.0869 -0.2508
vn -0.9749 -0.0814 -0.2070
vn -0.9573 -0.0893 -0.2750
vn -0.8945 -0.1591 -0.4177
vn -0.7031 -0.1379 -0.6976
vn -0.7570 -0.1291 -0.6405
vn -0.5515 0.7765 -0.3048
vn -0.9071 -0.1324 -0.3995
vn 0.1603 -0.0266 -0.9867
vn 0.1048 -0.9890 0.1045
vn 0.1104 -0.9917 0.0666
vn 0.0928 -0.9930 0.0735
vn 0.9709 0.0824 0.2247
vn 0.9730 0.0723 0.2193
vn 0.9691 0.0908 0.2292
vn 0.9653 0.1074 0.2380
vn -0.2676 0.1128 0.9569
vn -0.4602 0.1144 0.8804
vn -0.3465 0.1197 0.9304
vn -0.2686 0.1412 0.9528
vn 0.8070 -0.2174 0.5491
vn 0.8070 -0.2174 0.5491
vn 0.8070 -0.2174 0.5491
vn -0.2513 0.1100 0.9616
vn 0.0622 -0.9714 0.2291
vn -0.1077 0.9940 -0.0172
vn -0.1066 0.9941 -0.0205
vn -0.1115 0.9938 -0.0050
vn -0.2270 0.1321 0.9649
vn 0.0210 -0.9066 0.4214
vn 0.9024 0.1599 0.4002
vn 0.9327 0.1465 0.3297
vn 0.9077 0.1578 0.3889
vn 0.0307 -0.8865 0.4617
vn -0.1147 0.9934 0.0055
vn -0.2415 0.1528 0.9583
vn 0.1860 -0.9687 0.1643
vn 0.1860 -0.9687 0.1643
vn 0.1860 -0.9687 0.1643
vn 0.9764 0.2157 -0.0074
vn 0.9960 0.0470 -0.0756
vn 0.9894 0.1402 -0.0384
vn 0.9667 0.2557 0.0092
vn -0.4689 -0.5028 0.7262
vn -0.4689 -0.5028 0.7262
vn -0.4689 -0.5028 0.7262
vn -0.0508 -0.0040 0.9987
vn -0.0508 -0.0040 0.9987
vn -0.0508 -0.0040 0.9987
vn 0.9803 0.1063 0.1662
vn 0.9803 0.1063 0.1662
vn 0.9803 0.1063 0.1662
vn 0.4259 0.0800 0.9012
vn 0.5916 0.0910 0.8011
vn 0.1336 0.1043 0.9855
vn 0.9455 0.1395 0.2941
vn 0.9700 0.0974 0.2226
vn 0.9910 0.0483 0.1251
vn 0.9955 0.0288 0.0907
vn -0.1602 -0.7304 0.6640
vn -0.0936 -0.7746 0.6255
vn -0.0705 -0.7786 0.6235
vn 0.9561 0.1154 0.2694
vn 0.0224 0.0566 0.9981
vn 0.1868 -0.8988 0.3965
vn 0.1868 -0.8988 0.3965
vn 0.1868 -0.8988 0.3965
vn 0.0093 -0.1576 0.9875
vn 0.0093 -0.1576 0.9875
vn 0.0093 -0.1576 0.9875
vn 0.5016 0.1072 0.8584
vn 0.5016 0.1072 0.8584
vn 0.5016 0.1072 0.8584
vn 0.9558 0.0808 0.2828
vn -0.1667 -0.0016 0.9860
vn -0.1668 0.0517 0.9846
vn -0.1749 0.0534 0.9831
vn 0.9284 0.2753 0.2495
vn 0.9284 0.2753 0.2495
vn 0.9284 0.2753 0.2495
vn 0.0246 -0.5117 0.8588
vn 0.0246 -0.5117 0.8588
vn 0.0246 -0.5117 0.8588
vn 0.9528 0.1243 0.2770
vn -0.2929 0.0483 0.9549
vn -0.2248 0.1227 0.9666
vn -0.4950 -0.0018 0.8689
vn -0.1341 -0.0120 0.9909
vn -0.3439 0.0728 0.9362
vn -0.3575 0.0443 0.9329
vn -0.3639 0.0147 0.9313
vn -0.1839 0.0483 0.9818
vn -0.1865 0.0440 0.9815
vn -0.1919 0.0362 0.9807
vn 0.9529 0.0918 0.2891
vn 0.9474 0.0966 0.3050
vn 0.9673 0.0777 0.2414
vn 0.9727 0.0715 0.2207
vn -0.2508 0.0735 0.9652
vn -0.3546 0.0529 0.9335
vn -0.2041 0.7657 0.6100
vn -0.2074 0.7592 0.6170
vn -0.1801 0.8097 0.5585
vn -0.2434 0.9462 0.2131
vn -0.2434 0.9462 0.2131
vn -0.2434 0.9462 0.2131
vn -0.0174 0.7697 -0.6382
vn -0.0074 0.7699 -0.6381
vn 0.0284 0.7701 -0.6373
vn -0.1373 0.0826 0.9871
vn -0.4255 -0.1287 0.8958
vn -0.4836 0.8220 0.3007
vn -0.4847 0.8107 0.3284
vn -0.4792 0.7025 0.5261
vn -0.1975 0.0319 0.9798
vn -0.3471 0.0420 0.9369
vn -0.1774 0.8143 0.5526
vn -0.1744 0.0112 0.9846
vn -0.9945 -0.1039 -0.0118
vn -0.9945 -0.0967 -0.0409
vn -0.9946 -0.1022 -0.0188
vn -0.9943 -0.0947 -0.0486
vn -0.2256 -0.2667 0.9370
vn -0.2353 -0.1632 0.9581
vn -0.0757 -0.4614 0.8840
vn -0.0777 -0.4468 0.8913
vn -0.3467 0.0275 0.9376
vn -0.3993 -0.1231 0.9085
vn -0.4780 0.6945 0.5377
vn -0.4437 0.5523 0.7057
vn -0.4437 0.5523 0.7057
vn -0.4437 0.5523 0.7057
vn -0.3515 0.0286 0.9357
vn 0.9245 0.2118 0.3170
vn 0.8816 0.1622 0.4432
vn 0.9323 0.2192 0.2876
vn 0.9371 0.2324 0.2603
vn -0.0521 0.7683 -0.6379
vn 0.8743 0.1557 0.4598
vn 0.0648 -0.9468 0.3153
vn 0.0437 -0.9622 0.2689
vn 0.0348 -0.9678 0.2492
vn 0.2139 0.9767 0.0175
vn -0.1897 0.9679 0.1651
vn -0.0571 0.9940 0.0936
vn -0.1867 0.9797 0.0728
vn 0.0698 -0.9663 0.2477
vn 0.0738 -0.9730 0.2188
vn 0.0740 -0.9733 0.2173
vn -0.1164 0.0248 0.9929
vn -0.2294 -0.4564 0.8597
vn -0.2244 0.1202 0.9671
vn -0.2264 0.1225 0.9663
vn -0.2213 0.1166 0.9682
vn -0.1959 0.0551 0.9791
vn -0.1942 -0.4470 0.8732
vn -0.0945 -0.0688 0.9931
vn -0.1555 -0.0040 0.9878
vn -0.1556 -0.0073 0.9878
vn -0.1553 0.0244 0.9876
vn -0.9679 0.0783 -0.2386
vn -0.9679 0.0783 -0.2386
vn -0.9679 0.0783 -0.2386
vn -0.2296 0.1263 0.9651
vn -0.1443 0.9826 0.1170
vn -0.1292 0.9914 -0.0220
vn -0.1451 0.9815 0.1247
vn -0.1283 0.9913 -0.0293
vn -0.3526 0.0701 0.9331
vn -0.3526 0.0701 0.9331
vn -0.3526 0.0701 0.9331
vn -0.1927 0.0518 0.9799
vn 0.1639 -0.9864 0.0069
vn 0.0928 -0.9402 0.3276
vn 0.1656 -0.9862 -0.0019
vn -0.2003 0.0229 0.9795
vn -0.1979 0.0414 0.9794
vn -0.1973 0.0455 0.9793
vn 0.0695 -0.9659 0.2494
vn -0.1833 -0.0083 0.9830
vn -0.1651 0.9856 0.0370
vn 0.0483 -0.8954 -0.4426
vn -0.0224 -0.9797 -0.1993
vn 0.0576 -0.8807 -0.4702
vn -0.0092 -0.9979 -0.0638
vn 0.0745 -0.9388 0.3364
vn 0.0908 -0.9377 0.3355
vn -0.2008 0.0189 0.9794
vn -0.1076 0.9893 -0.0982
vn -0.1076 0.9893 -0.0982
vn -0.1076 0.9893 -0.0982
vn -0.1326 0.6697 0.7307
vn -0.1326 0.6697 0.7307
vn -0.1326 0.6697 0.7307
vn -0.1517 -0.5718 0.8062
vn -0.1517 -0.5718 0.8062
vn -0.1517 -0.5718 0.8062
vn -0.1403 -0.6709 0.7282
vn -0.1055 -0.7026 0.7037
vn -0.4219 -0.0148 0.9065
vn -0.4336 -0.0209 0.9008
vn -0.2351 0.1115 0.9655
vn 0.9758 0.1058 0.1915
vn 0.9743 0.1094 0.1968
vn 0.9752 0.1072 0.1935
vn -0.0011 -0.1914 0.9815
vn -0.1553 0.0282 0.9875
vn -0.1943 0.0574 0.9793
vn 0.9739 0.1104 0.1984
vn 0.9988 0.0026 0.0498
vn 0.9988 0.0026 0.0498
vn 0.9988 0.0026 0.0498
vn -0.4705 -0.0261 0.8820
vn -0.1666 0.1538 0.9740
vn -0.2080 0.0574 0.9764
vn -0.0073 -0.9988 -0.0494
vn 0.9749 0.0616 0.2141
vn 0.9775 0.0654 0.2003
vn 0.9770 0.0646 0.2032
vn 0.9741 0.0605 0.2180
vn -0.9852 -0.1246 0.1175
vn -0.9855 -0.1190 0.1209
vn -0.9862 -0.1195 0.1150
vn -0.6772 -0.0409 0.7347
vn -0.6538 -0.0305 0.7561
vn -0.6817 -0.0429 0.7304
vn 0.1062 -0.3180 0.9421
vn -0.9743 -0.1129 -0.1950
vn -0.9689 -0.1074 -0.2232
vn -0.9661 -0.1048 -0.2359
vn -0.4096 0.0755 0.9091
vn -0.4123 0.0891 0.9067
vn -0.4120 0.0756 0.9080
vn -0.9717 -0.0119 0.2359
vn -0.9973 -0.0671 0.0305
vn -0.9882 0.0220 0.1514
vn -0.6497 -0.0288 0.7596
vn -0.4697 0.8724 -0.1356
vn -0.1932 0.9810 0.0163
vn -0.4425 0.8887 -0.1200
vn -0.9626 -0.0614 0.2637
vn -0.9938 -0.1077 -0.0267
vn -0.3547 0.1365 0.9250
vn -0.3164 0.1660 0.9340
vn -0.9792 -0.1187 -0.1648
vn -0.9762 -0.0947 -0.1949
vn -0.9765 -0.0987 -0.1916
vn -0.1401 0.9892 0.0440
vn 0.9721 -0.1150 -0.2045
vn 0.9721 -0.1150 -0.2045
vn 0.9721 -0.1150 -0.2045
vn 0.2072 0.9769 -0.0524
vn 0.2072 0.9769 -0.0524
vn 0.2072 0.9769 -0.0524
vn 0.9942 -0.0745 -0.0774
vn 0.9978 -0.0575 0.0330
vn 0.9960 -0.0889 0.0005
vn 0.3119 0.1415 0.9395
vn 0.2835 0.1632 0.9450
vn 0.3584 0.1048 0.9277
vn 0.9897 -0.0984 0.1035
vn 0.9780 -0.1223 -0.1692
vn 0.6478 0.2853 0.7064
vn 0.6478 0.2853 0.7064
vn 0.6478 0.2853 0.7064
vn 0.3717 0.0941 0.9236
vn -0.1978 0.0314 0.9797
vn -0.1049 -0.4245 0.8993
vn -0.1837 -0.0523 0.9816
vn -0.1991 0.0335 0.9794
vn -0.0708 0.0437 0.9965
vn -0.0771 0.0439 0.9961
vn 0.9354 0.0116 -0.3535
vn 0.9874 -0.0474 -0.1512
vn 0.9737 -0.1091 -0.2000
vn 0.8866 -0.0668 -0.4577
vn 0.8964 0.1152 -0.4281
vn 0.8946 0.3345 -0.2964
vn 0.9327 0.1055 -0.3448
vn 0.9327 0.1055 -0.3448
vn 0.3220 -0.0303 0.9463
vn 0.3220 -0.0303 0.9463
vn 0.3220 -0.0303 0.9463
vn -0.4771 0.8787 -0.0176
vn -0.4771 0.8787 -0.0176
vn -0.4771 0.8787 -0.0176
vn -0.8549 0.0762 -0.5131
vn -0.8686 -0.0144 -0.4952
vn -0.8481 0.1089 -0.5184
vn 0.1771 -0.9184 0.3539
vn -0.0469 -0.9789 0.1990
vn 0.0368 -0.9540 0.2974
vn 0.1757 -0.9177 0.3562
vn 0.6850 -0.7227 -0.0918
vn 0.6641 -0.7366 -0.1276
vn 0.6521 -0.7437 -0.1472
vn -0.1317 -0.0225 -0.9910
vn -0.2510 -0.0609 -0.9661
vn -0.1660 -0.0318 -0.9856
vn 0.6245 -0.7577 -0.1897
vn -0.8241 0.1993 -0.5303
vn -0.4737 -0.0091 -0.8806
vn -0.4737 -0.0091 -0.8806
vn -0.4737 -0.0091 -0.8806
vn 0.0111 -0.9998 0.0190
vn -0.0004 -1.0000 0.0012
vn 0.0020 -1.0000 0.0097
vn 0.8875 0.1670 -0.4296
vn 0.8840 0.0302 -0.4665
vn 0.8787 0.1324 -0.4586
vn -0.1785 -0.9807 -0.0793
vn -0.2065 -0.9741 -0.0923
vn 0.9004 -0.0414 -0.4330
vn 0.9316 -0.1235 -0.3420
vn -0.2701 -0.0650 -0.9606
vn 0.8384 0.3204 -0.4410
vn 0.7470 -0.6281 -0.2179
vn 0.7300 -0.6458 -0.2235
vn 0.7558 -0.6186 -0.2150
vn 0.4810 0.0389 0.8758
vn 0.3747 0.0199 0.9269
vn 0.3837 0.0215 0.9232
vn -0.0164 -0.9968 0.0786
vn 0.0666 -0.9943 0.0834
vn -0.0865 -0.9935 0.0741
vn 0.4901 0.0406 0.8707
vn 0.1305 -0.9877 0.0867
vn 0.9396 0.0704 -0.3349
vn 0.9409 0.0470 -0.3353
vn 0.9401 0.0622 -0.3353
vn -0.1827 -0.9689 0.1669
vn -0.0044 -1.0000 0.0038
vn -0.1385 -0.9508 0.2771
vn 0.7115 0.6210 -0.3287
vn 0.7115 0.6210 -0.3287
vn 0.7115 0.6210 -0.3287
vn 0.2524 0.6798 0.6885
vn 0.2298 0.6966 0.6797
vn 0.1101 0.8036 0.5849
vn 0.9351 0.1185 -0.3340
vn 0.8150 -0.5030 -0.2877
vn 0.3390 0.0054 0.9408
vn 0.4098 0.0310 0.9117
vn 0.3614 0.0177 0.9322
vn -0.3824 -0.1509 -0.9116
vn -0.3824 -0.1509 -0.9116
vn -0.3824 -0.1509 -0.9116
vn 0.7935 -0.4902 -0.3607
vn 0.3160 0.7448 -0.5877
vn 0.4481 0.7000 -0.5560
vn 0.3999 0.6956 -0.5969
vn 0.1500 0.9254 0.3481
vn 0.9264 -0.1129 -0.3592
vn 0.9468 -0.0655 -0.3151
vn 0.9408 0.0463 -0.3357
vn 0.4231 0.0144 0.9060
vn -0.6711 -0.7058 0.2268
vn -0.6711 -0.7058 0.2268
vn -0.6711 -0.7058 0.2268
vn 0.0775 -0.9897 -0.1207
vn -0.2178 -0.9727 -0.0802
vn -0.1870 -0.9787 -0.0849
vn 0.9413 0.0105 -0.3373
vn -0.9990 0.0150 -0.0428
vn -0.9834 0.0768 0.1645
vn -0.9874 0.0701 0.1418
vn -0.1999 -0.0722 -0.9771
vn -0.1999 -0.0722 -0.9771
vn -0.1999 -0.0722 -0.9771
vn -0.0049 -1.0000 0.0081
vn -0.9977 0.0074 -0.0681
vn 0.8543 -0.1070 -0.5087
vn 0.8732 -0.1192 -0.4725
vn 0.8686 -0.1162 -0.4816
vn 0.8487 -0.1035 -0.5186
vn 0.2717 0.7485 -0.6049
vn -0.0355 0.9298 -0.3662
vn -0.0355 0.9298 -0.3662
vn -0.0355 0.9298 -0.3662
vn 0.3037 -0.0359 0.9521
vn 0.9198 -0.0624 -0.3873
vn 0.9322 -0.0213 -0.3614
vn 0.9294 -0.0370 -0.3672
vn 0.1543 0.8114 -0.5637
vn 0.0093 0.9998 -0.0158
vn 0.0194 0.9996 -0.0211
vn 0.1391 0.9867 -0.0846
vn 0.3595 0.6268 0.6913
vn -0.1964 -0.9792 0.0502
vn -0.1230 -0.9903 0.0643
vn -0.2526 -0.9668 0.0390
vn 0.9071 0.0789 -0.4135
vn -0.9334 0.0799 0.3499
vn -0.9180 0.1728 0.3569
vn -0.9406 0.0577 0.3346
vn 0.1272 -0.9838 -0.1265
vn -0.0998 0.8716 -0.4800
vn -0.1136 0.8737 -0.4730
vn -0.1051 0.8753 -0.4720
vn 0.1477 0.9850 -0.0892
vn -0.6016 -0.2645 -0.7537
vn -0.3645 -0.3939 -0.8438
vn -0.4524 -0.1392 -0.8809
vn 0.2258 -0.9741 0.0112
vn 0.1544 -0.9878 0.0219
vn 0.3010 -0.9490 -0.0934
vn -0.0497 -0.9957 0.0780
vn 0.9176 0.0814 -0.3891
vn -0.1550 -0.0616 -0.9860
vn -0.1725 -0.0962 -0.9803
vn -0.1836 -0.1098 -0.9768
vn 0.7082 0.6499 -0.2758
vn 0.7082 0.6499 -0.2758
vn 0.7082 0.6499 -0.2758
vn -0.3604 -0.0875 -0.9287
vn -0.0460 0.2908 -0.9557
vn 0.2957 0.7556 0.5845
vn 0.8844 0.1095 -0.4537
vn -0.9352 -0.0226 0.3533
vn -0.9044 -0.0262 0.4259
vn -0.4046 0.2767 -0.8716
vn -0.3557 0.1641 -0.9201
vn -0.3788 -0.0588 -0.9236
vn -0.2782 -0.4178 -0.8649
vn 0.8697 0.1211 -0.4785
vn 0.5014 0.2529 0.8275
vn 0.5407 0.0781 0.8376
vn 0.5345 0.2088 0.8190
vn 0.5288 0.0730 0.8456
vn 0.9106 -0.0285 -0.4124
vn -0.0176 -0.9939 0.1090
vn -0.2809 -0.0695 -0.9572
vn -0.1860 -0.0957 -0.9779
vn 0.4760 0.8306 -0.2890
vn 0.4964 0.8212 -0.2815
vn 0.5444 0.7966 -0.2627
vn -0.3033 -0.3581 -0.8830
vn -0.3288 -0.4178 -0.8470
vn 0.8899 0.0952 -0.4462
vn 0.8854 0.0743 -0.4589
vn 0.8969 0.1349 -0.4212
vn -0.0087 0.9839 -0.1785
vn -0.0180 0.9839 -0.1778
vn -0.0788 0.9646 -0.2517
vn 0.4004 0.3967 0.8260
vn 0.4228 0.8525 -0.3074
vn 0.9050 -0.0028 -0.4254
vn 0.9088 0.2688 -0.3191
vn 0.8866 0.3133 -0.3401
vn 0.9028 0.2806 -0.3260
vn 0.2886 0.7703 0.5686
vn 0.1115 0.9777 -0.1779
vn 0.1835 0.9683 -0.1693
vn 0.2880 0.9444 -0.1589
vn 0.8740 0.0296 -0.4850
vn -0.0074 0.9768 -0.2142
vn 0.8651 0.4517 -0.2182
vn -0.1506 0.0185 -0.9884
vn -0.1617 0.0151 -0.9867
vn -0.1529 0.0178 -0.9881
vn -0.1901 0.9257 -0.3269
vn 0.0324 0.9837 -0.1766
vn -0.1002 0.8787 -0.4668
vn 0.8882 0.4259 -0.1725
vn 0.9553 0.1122 -0.2734
vn 0.9564 0.1982 -0.2145
vn 0.3031 -0.0458 0.9519
vn -0.2886 -0.6131 -0.7354
vn -0.1061 -0.9869 0.1217
vn -0.2561 -0.0039 -0.9666
vn -0.2310 -0.0014 -0.9729
vn -0.2612 -0.0133 -0.9652
vn -0.1641 0.0144 -0.9863
vn -0.0486 0.9690 -0.2424
vn 0.0142 0.9832 -0.1821
vn -0.0599 0.9952 -0.0772
vn 0.0305 0.9847 -0.1717
vn 0.9596 -0.0102 -0.2811
vn 0.9550 -0.0068 -0.2966
vn -0.3057 -0.5924 -0.7454
vn -0.3026 -0.0226 -0.9528
vn -0.1570 -0.0894 -0.9835
vn -0.2627 0.0001 -0.9649
vn -0.2323 0.0292 -0.9722
vn -0.0055 -1.0000 0.0070
vn -0.4632 -0.8460 0.2640
vn -0.3731 -0.9008 0.2219
vn 0.0346 0.9934 -0.1092
vn -0.9432 0.1690 0.2862
vn -0.9605 0.0171 0.2777
vn -0.9005 -0.0273 0.4340
vn -0.2947 -0.0225 -0.9553
vn -0.8834 0.0515 -0.4657
vn -0.9981 0.0612 -0.0050
vn -0.9241 0.0545 -0.3782
vn 0.2753 -0.0301 0.9609
vn -0.9979 0.0614 0.0212
vn -0.0542 -0.0596 -0.9968
vn -0.0542 -0.0596 -0.9968
vn -0.0542 -0.0596 -0.9968
vn -0.9543 0.0669 0.2912
vn -0.9543 0.0669 0.2912
vn -0.9543 0.0669 0.2912
vn 0.0313 0.9934 -0.1105
vn -0.4599 0.8812 0.1092
vn -0.4599 0.8812 0.1092
vn -0.4599 0.8812 0.1092
vn -0.8044 -0.5231 0.2814
vn -0.8044 -0.5231 0.2814
vn -0.8044 -0.5231 0.2814
vn -0.2761 -0.0002 -0.9611
vn -0.3749 -0.9170 0.1362
vn -0.3614 -0.9263 0.1063
vn -0.3546 -0.9311 0.0860
vn -0.3077 -0.5885 -0.7476
vn -0.9463 0.2311 0.2262
vn -0.9434 0.2185 0.2496
vn -0.8814 0.4660 0.0775
vn -0.6211 -0.7231 0.3023
vn -0.4789 0.0319 -0.8773
vn -0.9513 0.0389 0.3057
vn 0.2027 0.8767 0.4363
vn 0.1321 0.8142 0.5653
vn 0.1275 0.8293 0.5440
vn -0.3665 -0.9190 0.1456
vn -0.3629 -0.9207 0.1439
vn -0.0767 0.0246 -0.9968
vn -0.0961 0.0353 -0.9947
vn -0.9798 0.1088 0.1679
vn 0.0062 0.0652 -0.9978
vn 0.0124 0.0656 -0.9978
vn -0.1120 0.8752 -0.4706
vn 0.2788 -0.0361 0.9597
vn -0.8946 0.3583 0.2669
vn -0.9952 -0.0553 0.0808
vn -0.9952 -0.0553 0.0808
vn -0.9952 -0.0553 0.0808
vn -0.9920 0.0228 0.1238
vn 0.2507 0.7418 0.6220
vn -0.9441 -0.0049 0.3297
vn -0.9256 -0.0474 0.3756
vn -0.7586 -0.5838 0.2894
vn 0.4349 0.0174 0.9003
vn 0.5370 0.0284 0.8431
vn 0.5119 0.0256 0.8587
vn -0.9971 0.0036 0.0764
vn 0.0591 -0.7186 0.6929
vn 0.0591 -0.7186 0.6929
vn 0.0591 -0.7186 0.6929
vn -0.6668 -0.6553 0.3549
vn 0.4037 0.0180 0.9147
vn 0.0064 0.0563 0.9984
vn 0.0064 0.0563 0.9984
vn 0.0064 0.0563 0.9984
vn 0.3909 0.0160 0.9203
vn 0.3885 0.7286 0.5641
vn -0.9834 -0.0312 -0.1787
vn -0.9750 0.0854 -0.2051
vn -0.9614 0.1636 -0.2213
vn -0.9732 -0.1817 -0.1407
vn -0.1274 0.9833 -0.1299
vn 0.3886 0.0156 0.9213
vn -0.6304 -0.6690 0.3938
vn 0.0057 -1.0000 -0.0013
vn 0.0044 -1.0000 0.0020
vn 0.0048 -1.0000 0.0018
vn 0.0064 -1.0000 -0.0005
vn -0.1802 -0.9733 0.1420
vn -0.1356 -0.9793 0.1502
vn -0.0702 -0.9844 0.1615
vn -0.1364 0.8690 -0.4757
vn -0.0248 -0.9853 0.1689
vn -0.5969 -0.0470 0.8009
vn -0.5969 -0.0470 0.8009
vn -0.5969 -0.0470 0.8009
vn 0.2422 0.0001 0.9702
vn -0.3993 -0.0720 -0.9140
vn -0.3875 -0.0598 -0.9199
vn -0.2556 0.0708 -0.9642
vn -0.9321 0.1796 0.3145
vn -0.9249 0.2301 0.3026
vn -0.9281 0.1891 0.3208
vn -0.5049 -0.1877 -0.8425
vn 0.0028 -1.0000 0.0075
vn -0.0425 0.9756 -0.2153
vn -0.9440 0.0270 0.3287
vn -0.9314 0.1420 0.3353
vn -0.9467 0.0323 0.3205
vn -0.9527 -0.1549 0.2615
vn -0.7219 0.6331 0.2793
vn -0.9009 0.2508 0.3542
vn -0.8695 0.3899 0.3032
vn -0.0561 0.9596 -0.2758
vn -0.2522 0.1147 -0.9609
vn -0.5870 0.4544 -0.6700
vn -0.4220 0.1746 -0.8896
vn -0.9667 0.0376 0.2533
vn -0.0754 -0.0864 -0.9934
vn -0.3129 0.0689 -0.9473
vn -0.9388 0.2779 0.2037
vn -0.9430 0.2370 0.2337
vn -0.9415 0.2543 0.2211
vn -0.1279 -0.9918 0.0084
vn -0.1494 -0.9887 0.0129
vn -0.1254 -0.9921 0.0079
vn -0.9328 0.1655 0.3202
vn -0.9556 0.0015 0.2947
vn -0.9796 0.0002 0.2012
vn -0.6060 0.7914 0.0799
vn -0.6142 0.7855 0.0753
vn -0.4570 0.8759 0.1548
vn -0.9374 0.2876 0.1964
vn -0.7047 0.7092 0.0214
vn -0.1117 0.9867 -0.1181
vn -0.1830 0.9804 -0.0733
vn -0.1584 0.9834 -0.0889
vn -0.8745 0.1579 0.4585
vn -0.8615 0.1740 0.4769
vn -0.1518 -0.9883 0.0134
vn -0.0961 0.9872 -0.1276
vn -0.2761 -0.0176 -0.9610
vn 0.1862 0.3114 0.9319
vn 0.2248 0.3956 0.8905
vn 0.0626 0.0473 0.9969
vn 0.2098 0.0578 0.9760
vn 0.3814 0.1251 0.9159
vn 0.3323 0.1058 0.9372
vn -0.4029 -0.0101 -0.9152
vn -0.9386 0.1015 0.3299
vn 0.1306 0.0270 0.9911
vn 0.0189 -0.0442 0.9988
vn -0.3903 -0.0078 -0.9206
vn -0.2775 -0.0081 -0.9607
vn -0.0607 0.9681 -0.2431
vn -0.9937 -0.0468 0.1014
vn -0.9941 -0.0193 0.1064
vn -0.8511 0.5174 0.0886
vn -0.8511 0.5174 0.0886
vn -0.8511 0.5174 0.0886
vn -0.9885 -0.0382 0.1461
vn -0.9987 -0.0003 0.0503
vn -0.9967 0.0404 -0.0703
vn 0.9327 0.1055 -0.3448
vn 0.9203 -0.1368 -0.3666
vn 0.9190 -0.1497 -0.3647
vn -0.0518 -0.9663 0.2522
vn 0.1353 -0.9842 0.1142
vn -0.0237 -0.9913 0.1293
vn 0.9945 -0.1032 0.0188
vn 0.9816 -0.1281 -0.1414
vn 0.9740 -0.1547 -0.1654
vn -0.1274 -0.9459 0.2985
vn 0.9890 -0.1101 -0.0992
vn 0.9739 -0.1086 -0.1992
vn 0.9782 -0.1223 -0.1677
vn -0.0818 -0.9870 0.1384
vn 0.9634 -0.1331 -0.2328
vn 0.0693 -0.9639 0.2569
vn -0.0286 -0.9916 0.1260
vn 0.8311 -0.1174 -0.5436
vn 0.8311 -0.1174 -0.5436
vn 0.8311 -0.1174 -0.5436
vn 0.3277 0.0676 0.9424
vn 0.3302 0.0643 0.9417
vn 0.3073 0.0564 0.9499
vn 0.9633 -0.1158 -0.2423
vn 0.9696 -0.1052 -0.2210
vn 0.3264 0.0687 0.9427
vn 0.4040 0.0830 0.9110
vn 0.3294 0.0654 0.9419
vn 0.9355 -0.0894 0.3417
vn 0.8581 -0.0417 0.5119
vn 0.9298 -0.0853 0.3580
vn -0.1771 0.0855 0.9805
vn 0.9102 -0.0465 0.4115
vn 0.9461 -0.0518 0.3198
vn 0.7965 -0.1018 -0.5960
vn 0.7819 -0.1052 -0.6145
vn 0.7804 -0.1055 -0.6164
vn 0.2096 -0.0478 0.9766
vn 0.2186 0.0903 0.9716
vn 0.2194 0.0899 0.9715
vn -0.9109 0.1448 0.3864
vn -0.8957 0.1605 0.4148
vn -0.9204 0.1343 0.3672
vn 0.9720 -0.0855 -0.2187
vn -0.0329 -0.9915 0.1259
vn -0.8866 0.1692 0.4305
vn -0.1850 -0.0916 -0.9785
vn -0.1850 -0.0916 -0.9785
vn -0.1850 -0.0916 -0.9785
vn -0.9454 0.1394 0.2945
vn -0.9535 0.1542 0.2588
vn -0.9581 0.1638 0.2351
vn 0.9783 -0.0464 -0.2019
vn -0.9398 0.1303 0.3158
vn -0.1921 0.1922 0.9624
vn -0.1921 0.1922 0.9624
vn -0.1921 0.1922 0.9624
vn -0.1453 -0.0501 -0.9881
vn -0.1524 -0.2868 -0.9458
vn -0.1464 -0.0218 -0.9890
vn -0.9722 0.1435 0.1850
vn -0.9685 0.1497 0.1991
vn -0.9743 0.1398 0.1766
vn -0.9625 0.1587 0.2198
vn -0.1427 -0.0295 -0.9893
vn -0.0644 -0.9455 0.3191
vn -0.0601 -0.9359 0.3471
vn -0.0603 -0.9365 0.3453
vn -0.0405 -0.0599 -0.9974
vn -0.1017 -0.9789 0.1772
vn -0.0346 -0.9357 0.3511
vn -0.0964 -0.9767 0.1915
vn -0.0647 -0.9462 0.3171
vn 0.1752 0.0766 0.9815
vn 0.1742 -0.3292 0.9280
vn -0.1022 -0.9922 0.0717
vn -0.1035 -0.9923 0.0680
vn -0.0863 -0.9893 0.1176
vn 0.7977 -0.1015 -0.5944
vn 0.2230 0.0612 0.9729
vn 0.2207 0.0613 0.9734
vn 0.2227 0.0674 0.9725
vn 0.2106 0.0311 0.9771
vn -0.0848 -0.9889 0.1219
vn 0.3328 0.9335 -0.1336
vn 0.3328 0.9335 -0.1336
vn 0.3328 0.9335 -0.1336
vn -0.1414 -0.0510 -0.9886
vn -0.1313 -0.0537 -0.9899
vn 0.1695 0.0808 0.9822
vn 0.0998 0.9947 0.0232
vn 0.0722 0.9973 0.0135
vn 0.0849 0.9962 0.0179
vn 0.2162 -0.0604 0.9745
vn 0.2170 0.0824 0.9727
vn 0.2194 0.0742 0.9728
vn 0.2238 0.0630 0.9726
vn 0.2086 0.0250 0.9777
vn 0.2267 0.0381 0.9732
vn 0.2234 0.0291 0.9743
vn 0.2261 0.0363 0.9734
vn -0.0871 -0.9905 0.1064
vn -0.0677 -0.9636 0.2585
vn -0.0693 -0.9666 0.2467
vn 0.1092 0.9937 0.0252
vn 0.1085 0.9939 0.0175
vn 0.1157 0.9880 0.1020
vn -0.1210 -0.0302 -0.9922
vn -0.0464 -0.0718 -0.9963
vn -0.0888 -0.0555 -0.9945
vn -0.0885 -0.9916 0.0946
vn 0.1593 0.0911 0.9830
vn -0.1761 0.0050 -0.9844
vn 0.1162 0.9873 0.1080
vn -0.9949 0.0901 -0.0442
vn -0.9555 0.0937 -0.2797
vn -0.9936 0.0907 -0.0672
vn -0.9150 0.0935 -0.3925
vn -0.9538 -0.0840 0.2886
vn -0.9538 -0.0840 0.2886
vn -0.9538 -0.0840 0.2886
vn 0.9790 -0.0939 -0.1809
vn 0.9804 -0.0913 -0.1747
vn 0.9746 -0.1018 -0.1996
vn -0.1625 -0.0505 -0.9854
vn -0.1141 -0.0695 -0.9910
vn -0.1493 -0.0506 -0.9875
vn -0.0290 -0.9306 0.3649
vn 0.9729 -0.1046 -0.2064
vn 0.2228 0.0275 0.9745
vn 0.8613 0.4318 -0.2677
vn 0.8754 0.2652 -0.4041
vn 0.8731 0.3546 -0.3346
vn 0.8378 0.5116 -0.1908
vn -0.1780 0.3181 -0.9312
vn -0.1780 0.3181 -0.9312
vn -0.1780 0.3181 -0.9312
vn 0.2259 0.0498 0.9729
vn 0.2261 0.0483 0.9729
vn 0.1113 0.9934 0.0273
vn -0.9867 0.0962 0.1307
vn -0.9867 0.0962 0.1307
vn -0.9867 0.0962 0.1307
vn -0.1449 -0.9813 -0.1264
vn -0.1411 -0.9882 0.0590
vn -0.1450 -0.9794 -0.1404
vn -0.0804 0.5035 -0.8603
vn -0.0804 0.5035 -0.8603
vn -0.0804 0.5035 -0.8603
vn 0.9845 -0.0802 -0.1558
vn 0.9845 -0.0802 -0.1558
vn 0.9845 -0.0802 -0.1558
vn 0.9970 -0.0685 0.0368
vn 0.9938 -0.1062 -0.0315
vn 0.9965 -0.0836 0.0096
vn 0.1493 0.0788 0.9856
vn 0.2358 0.0389 0.9710
vn 0.9906 -0.1225 -0.0614
vn 0.0915 0.9923 -0.0833
vn 0.1123 0.9926 -0.0471
vn 0.0837 0.9918 -0.0967
vn 0.9970 -0.0373 0.0674
vn 0.9970 -0.0373 0.0674
vn 0.9970 -0.0373 0.0674
vn 0.0811 0.3590 -0.9298
vn 0.0811 0.3590 -0.9298
vn 0.0811 0.3590 -0.9298
vn 0.1013 0.9771 -0.1869
vn 0.1018 0.9758 -0.1933
vn 0.0993 0.9818 -0.1618
vn 0.2232 0.0783 0.9716
vn 0.1867 0.0740 0.9796
vn 0.1427 0.0747 0.9869
vn 0.1199 0.9922 -0.0339
vn -0.2057 0.0315 -0.9781
vn -0.2200 0.0486 -0.9743
vn -0.1405 -0.9872 0.0755
vn 0.0989 0.9828 -0.1559
vn -0.0978 -0.0802 -0.9920
vn -0.9023 0.1235 0.4130
vn -0.9425 0.0967 0.3199
vn -0.9392 0.0994 0.3287
vn -0.0843 -0.1155 -0.9897
vn 0.0433 0.9690 -0.2434
vn 0.0744 0.9920 -0.1017
vn 0.0606 0.9893 -0.1327
vn -0.0942 -0.1742 -0.9802
vn -0.1978 -0.0577 -0.9785
vn -0.1793 -0.0891 -0.9798
vn -0.1849 -0.0797 -0.9795
vn -0.8996 0.1248 0.4185
vn -0.1147 -0.9924 0.0436
vn -0.0914 -0.9913 0.0951
vn -0.1108 -0.9925 0.0524
vn -0.9085 0.1166 0.4013
vn -0.0760 -0.0767 -0.9942
vn 0.0669 0.9613 -0.2672
vn -0.9101 0.1153 0.3979
vn 0.0009 0.0752 0.9972
vn 0.1924 0.0119 0.9812
vn 0.0206 0.0679 0.9975
vn 0.2115 0.0124 0.9773
vn 0.2165 0.0332 0.9757
vn 0.0010 0.0865 0.9962
vn -0.0869 -0.9907 0.1049
vn -0.9684 0.0955 0.2305
vn -0.9713 0.0708 0.2272
vn -0.9729 0.1141 0.2009
vn -0.0413 0.9872 -0.1543
vn -0.1111 0.9880 -0.1071
vn -0.0298 0.9864 -0.1617
vn -0.2830 -0.9468 0.1532
vn -0.2771 -0.9449 0.1744
vn -0.2841 -0.9438 0.1687
vn 0.0009 0.0865 0.9963
vn -0.9644 0.0256 0.2630
vn -0.2677 0.0751 -0.9606
vn 0.2719 0.9233 -0.2713
vn -0.9573 -0.0520 0.2845
vn -0.0405 -0.0748 -0.9964
vn -0.1665 -0.1105 -0.9798
vn -0.0995 0.9901 -0.0995
vn -0.9758 0.0768 0.2047
vn -0.9757 0.1068 0.1914
vn -0.9730 0.0898 0.2124
vn -0.9972 0.0604 -0.0448
vn -0.9718 0.0505 0.2302
vn -0.9949 -0.0805 -0.0616
vn -0.9949 -0.0805 -0.0616
vn -0.9949 -0.0805 -0.0616
vn 0.8878 0.4118 -0.2057
vn 0.8878 0.4118 -0.2057
vn 0.8878 0.4118 -0.2057
vn -0.0365 -0.0670 -0.9971
vn -0.0973 0.9903 -0.0995
vn -0.9859 0.0961 0.1369
vn -0.9830 0.1027 0.1520
vn -0.9867 0.0941 0.1323
vn -0.9819 0.1051 0.1574
vn -0.9675 0.1263 0.2190
vn -0.9805 0.0547 0.1888
vn -0.9706 0.1103 0.2140
vn -0.9651 0.1251 0.2302
vn -0.9651 0.1251 0.2302
vn -0.9651 0.1251 0.2302
vn -0.1640 -0.9681 0.1892
vn 0.1559 0.9829 -0.0978
vn 0.0832 0.9927 -0.0868
vn 0.3451 0.9300 -0.1264
vn -0.2683 -0.9555 0.1230
vn -0.2735 -0.9515 0.1408
vn -0.2518 -0.9617 0.1083
vn -0.2112 -0.9741 0.0806
vn -0.3505 -0.9262 0.1390
vn -0.2212 -0.9715 0.0849
vn -0.0798 0.9961 -0.0375
vn -0.0829 0.9959 -0.0367
vn -0.1477 0.9889 -0.0184
vn -0.3782 -0.9148 0.1422
vn -0.0819 -0.0831 -0.9932
vn 0.4014 0.9030 -0.1534
vn 0.5987 -0.7933 -0.1107
vn 0.5987 -0.7933 -0.1107
vn 0.5987 -0.7933 -0.1107
vn -0.9945 0.0888 -0.0555
vn -0.1940 0.9810 -0.0052
vn -0.0520 -0.9942 0.0938
vn -0.1555 -0.9696 0.1891
vn -0.9338 -0.2486 0.2575
vn -0.3795 -0.9142 0.1422
vn -0.0375 -0.9949 0.0939
vn 0.4135 0.8964 -0.1596
vn -0.9794 0.0559 0.1940
vn -0.9848 0.0209 0.1724
vn -0.9096 -0.1428 -0.3902
vn -0.9483 -0.0678 -0.3099
vn -0.9991 -0.0075 -0.0418
vn -0.9246 -0.2685 0.2702
vn -0.9753 0.0822 -0.2052
vn -0.4534 -0.1318 -0.8815
vn -0.4534 -0.1318 -0.8815
vn -0.4534 -0.1318 -0.8815
vn -0.6027 0.1037 0.7912
vn -0.6110 0.0968 0.7857
vn -0.6385 0.0733 0.7661
vn -0.9752 0.0727 -0.2092
vn -0.2415 -0.9554 0.1699
vn -0.2415 -0.9554 0.1699
vn -0.2415 -0.9554 0.1699
vn -0.9999 0.0053 -0.0129
vn -0.9928 0.0310 -0.1159
vn -0.6460 0.0667 0.7604
vn -0.9848 0.1140 0.1307
vn -0.9848 0.1140 0.1307
vn -0.9848 0.1140 0.1307
vn 0.2305 0.0884 0.9690
vn 0.2319 0.0905 0.9685
vn 0.2150 -0.0335 0.9760
vn -0.9852 0.0110 0.1709
vn -0.9979 -0.0086 -0.0638
vn 0.9911 0.0076 -0.1329
vn 0.9911 0.0076 -0.1329
vn 0.9911 0.0076 -0.1329
vn 0.3119 0.0417 0.9492
vn 0.2642 0.0664 0.9622
vn 0.2776 0.0695 0.9582
vn 0.9554 -0.2317 -0.1832
vn 0.9955 -0.0942 0.0045
vn 0.9958 -0.0904 0.0160
vn 0.9472 0.0607 -0.3148
vn 0.9455 0.0511 -0.3215
vn 0.9479 0.0645 -0.3121
vn 0.3452 0.0416 0.9376
vn 0.2702 0.0244 0.9625
vn 0.3570 0.0443 0.9330
vn -0.2748 0.9607 -0.0389
vn -0.3325 0.9430 0.0125
vn -0.3228 0.9465 0.0037
vn 0.9854 -0.1240 -0.1170
vn -0.2558 0.9651 -0.0553
vn 0.2773 0.0402 0.9599
vn 0.9793 -0.1499 -0.1358
vn 0.9441 -0.2650 -0.1963
vn 0.9679 -0.1630 -0.1914
vn -0.8172 0.1573 -0.5544
vn -0.8172 0.1573 -0.5544
vn -0.8172 0.1573 -0.5544
vn 0.9650 -0.1406 -0.2212
vn -0.9537 0.1018 0.2830
vn -0.9537 0.1018 0.2830
vn -0.9537 0.1018 0.2830
vn 0.2403 0.2282 0.9435
vn 0.3990 0.4139 0.8182
vn 0.3647 0.4313 0.8252
vn 0.2387 0.0172 0.9710
vn -0.9383 -0.1084 0.3284
vn -0.9383 -0.1084 0.3284
vn -0.9383 -0.1084 0.3284
vn -0.2730 -0.8196 0.5036
vn -0.1930 -0.7955 0.5743
vn -0.2335 -0.8089 0.5396
vn 0.2573 0.9657 -0.0352
vn 0.2667 0.9631 -0.0366
vn 0.1025 0.9947 -0.0108
vn 0.9641 -0.1443 -0.2229
vn 0.0592 0.9982 -0.0041
vn 0.2232 0.9531 -0.2043
vn 0.2232 0.9531 -0.2043
vn 0.2232 0.9531 -0.2043
vn -0.0058 0.9999 0.0138
vn -0.0058 0.9999 0.0138
vn -0.0058 0.9999 0.0138
vn 0.9559 0.0353 -0.2916
vn 0.9813 0.0153 -0.1920
vn 0.9579 0.0366 -0.2847
vn 0.2956 -0.0017 0.9553
vn 0.1736 0.2067 0.9629
vn 0.9607 0.0339 -0.2755
vn 0.9833 0.0179 -0.1810
vn 0.9892 -0.0646 -0.1315
vn 0.9868 -0.0669 -0.1476
vn 0.9979 -0.0394 0.0520
vn -0.1560 -0.7815 0.6041
vn 0.2892 0.6317 0.7192
vn 0.9843 0.0031 -0.1764
vn 0.9333 -0.1162 0.3396
vn 0.9428 -0.1095 0.3150
vn 0.3813 0.5956 0.7070
vn 0.3813 0.5956 0.7070
vn 0.3813 0.5956 0.7070
vn 0.0715 -0.9971 -0.0277
vn 0.0715 -0.9971 -0.0277
vn 0.0715 -0.9971 -0.0277
vn 0.9585 -0.0039 -0.2850
vn 0.9585 -0.0039 -0.2850
vn 0.9585 -0.0039 -0.2850
vn 0.2789 0.1549 0.9477
vn 0.2810 0.2210 0.9339
vn 0.2816 0.0991 0.9544
vn 0.2391 0.0411 0.9701
vn 0.2760 0.0786 0.9580
vn 0.1786 0.1029 0.9785
vn 0.0994 0.9943 0.0383
vn 0.1319 0.9814 0.1394
vn 0.0967 0.9949 0.0299
vn 0.3074 0.1065 0.9456
vn 0.2785 -0.0079 0.9604
vn 0.2194 0.0924 0.9712
vn 0.2194 0.0924 0.9712
vn 0.2194 0.0924 0.9712
vn 0.1337 0.9803 0.1452
vn 0.2175 0.0439 0.9751
vn -0.9014 0.4016 -0.1617
vn -0.9014 0.4016 -0.1617
vn -0.9014 0.4016 -0.1617
vn -0.6038 -0.2257 -0.7645
vn -0.6038 -0.2257 -0.7645
vn -0.6038 -0.2257 -0.7645
vn -0.9637 0.0224 0.2662
vn -0.9538 0.0310 0.2990
vn -0.9290 -0.0026 0.3701
vn -0.9123 -0.1717 0.3718
vn -0.9495 0.0097 0.3135
vn -0.9504 0.0334 0.3091
vn -0.9521 0.0207 0.3050
vn 0.2503 0.3674 0.8958
vn 0.3073 0.2857 0.9077
vn 0.3097 0.2138 0.9265
vn -0.9312 -0.0853 0.3544
vn 0.1675 -0.9762 0.1377
vn 0.1675 -0.9762 0.1377
vn 0.1675 -0.9762 0.1377
vn 0.2644 0.2158 0.9399
vn 0.1822 0.0055 0.9833
vn 0.2420 0.0532 0.9688
vn -0.0270 0.9990 -0.0363
vn -0.0270 0.9990 -0.0363
vn -0.0270 0.9990 -0.0363
vn 0.9459 -0.2851 -0.1548
vn 0.9449 -0.2865 -0.1585
vn 0.9493 -0.2802 -0.1425
vn 0.9500 -0.2792 -0.1400
vn 0.1653 0.0456 0.9852
vn 0.2083 0.0574 0.9764
vn 0.6656 -0.0520 0.7445
vn 0.6656 -0.0520 0.7445
vn 0.6656 -0.0520 0.7445
vn 0.2740 0.1897 0.9429
vn 0.9686 0.0591 -0.2415
vn 0.9757 0.0559 -0.2117
vn 0.9385 0.1179 -0.3245
vn 0.9887 0.0621 -0.1365
vn 0.2801 0.1071 0.9540
vn 0.2723 0.1085 0.9561
vn 0.3231 0.0989 0.9412
vn 0.9127 0.1420 -0.3832
vn 0.2467 0.3386 0.9080
vn 0.2261 0.0623 0.9721
vn 0.3017 -0.8213 0.4842
vn 0.2655 -0.8657 0.4243
vn 0.2424 -0.8901 0.3860
vn 0.3312 0.0973 0.9385
vn 0.2652 0.9525 -0.1500
vn 0.0463 0.9847 -0.1680
vn 0.0013 0.9841 -0.1777
vn -0.6688 0.6026 0.4353
vn -0.6688 0.6026 0.4353
vn -0.6688 0.6026 0.4353
vn 0.0779 0.0063 0.9969
vn 0.0467 0.9915 -0.1214
vn 0.3144 -0.8038 0.5051
vn 0.1262 -0.2429 0.9618
vn 0.1262 -0.2429 0.9618
vn 0.1262 -0.2429 0.9618
vn -0.8942 0.0014 0.4477
vn -0.8942 0.0014 0.4477
vn -0.8942 0.0014 0.4477
vn -0.9347 0.1455 0.3243
vn -0.9186 0.1287 0.3737
vn -0.9114 0.1245 0.3923
vn -0.9507 0.0221 0.3092
vn -0.9541 0.0073 0.2994
vn -0.9582 -0.0134 0.2856
vn 0.0573 0.9882 -0.1417
vn -0.9257 0.1612 0.3422
vn 0.1008 0.9850 -0.1400
vn -0.9215 0.1667 0.3508
vn -0.0244 0.0259 0.9994
vn -0.0217 0.0298 0.9993
vn -0.0289 0.0085 0.9995
vn -0.0046 0.0403 0.9992
vn -0.0019 0.0393 0.9992
vn -0.9473 0.0362 0.3184
vn -0.4088 -0.8813 0.2370
vn -0.4416 -0.8661 0.2340
vn -0.5748 -0.7888 0.2177
vn -0.1106 0.9934 0.0293
vn -0.1106 0.9934 0.0293
vn -0.1106 0.9934 0.0293
vn -0.9873 0.0075 0.1589
vn -0.9812 0.0099 0.1929
vn -0.9764 -0.0630 0.2063
vn 0.0539 0.9883 -0.1428
vn -0.9967 0.0553 0.0596
vn -0.9967 0.0553 0.0596
vn -0.9967 0.0553 0.0596
vn -0.2088 0.9777 -0.0245
vn 0.1330 0.9908 0.0236
vn -0.1989 0.9800 -0.0012
vn -0.5937 -0.7755 0.2148
vn -0.2045 0.9785 -0.0271
vn -0.2020 -0.9737 0.1054
vn 0.0105 -0.9997 0.0205
vn 0.0241 -0.9996 0.0150
vn -0.9700 -0.0165 0.2425
vn -0.9824 0.0794 0.1690
vn -0.2380 -0.9639 0.1196
vn -0.9715 0.1212 0.2036
vn -0.9612 0.1624 0.2228
vn 0.1976 0.9799 0.0277
vn -0.9781 -0.0180 0.2072
vn -0.9887 -0.0135 0.1494
vn -0.9736 0.0250 0.2270
vn 0.9465 0.0567 -0.3176
vn 0.1451 0.0401 0.9886
vn -0.9777 -0.0445 0.2050
vn 0.9815 0.0964 0.1651
vn 0.9939 0.0068 0.1103
vn 0.9937 0.0054 0.1122
vn 0.9821 0.1033 0.1576
vn 0.9931 0.0007 0.1173
vn 0.9378 0.2090 0.2773
vn 0.0982 0.9914 -0.0863
vn 0.3424 0.9341 -0.1008
vn 0.3011 0.9477 -0.1054
vn 0.9321 0.1800 0.3142
vn 0.9416 0.0312 0.3353
vn 0.7393 -0.0750 0.6692
vn 0.8561 -0.0100 0.5166
vn -0.0260 0.0153 0.9995
vn -0.3197 0.1521 0.9352
vn -0.1494 0.0728 0.9861
vn -0.3938 0.1865 0.9001
vn 0.1866 0.9769 -0.1040
vn 0.3927 -0.0417 -0.9187
vn 0.4012 -0.0377 -0.9152
vn 0.3599 -0.0572 -0.9312
vn 0.9312 0.1142 0.3461
vn 0.9320 0.1149 0.3439
vn 0.9391 0.0848 0.3331
vn 0.2854 0.0160 -0.9583
vn 0.2942 0.0063 -0.9557
vn 0.2858 0.0055 -0.9583
vn 0.9463 -0.0001 0.3233
vn 0.9560 0.0086 0.2932
vn 0.9123 0.1125 0.3938
vn -0.2344 0.5613 0.7937
vn -0.1927 0.2667 0.9443
vn -0.1996 0.3085 0.9301
vn 0.3505 -0.0615 -0.9345
vn 0.8875 0.1473 0.4367
vn 0.6880 0.7224 -0.0693
vn 0.6880 0.7224 -0.0693
vn 0.6880 0.7224 -0.0693
vn 0.0911 0.8287 -0.5522
vn 0.0911 0.8287 -0.5522
vn 0.0911 0.8287 -0.5522
vn 0.0493 0.9957 -0.0779
vn 0.9564 0.0021 0.2922
vn 0.1474 -0.9889 0.0176
vn 0.1801 -0.9833 0.0247
vn 0.1831 -0.9828 0.0254
vn 0.3939 -0.6832 -0.6148
vn 0.3284 -0.6113 -0.7200
vn 0.3552 -0.6552 -0.6667
vn 0.1976 0.9785 0.0584
vn 0.1976 0.9785 0.0584
vn 0.1976 0.9785 0.0584
vn 0.9523 -0.0266 0.3039
vn 0.9459 -0.0141 0.3243
vn 0.1442 -0.9894 0.0169
vn 0.5840 0.6104 -0.5351
vn 0.6099 0.6229 -0.4899
vn 0.5789 0.6079 -0.5435
vn 0.2070 0.9734 0.0981
vn 0.2070 0.9734 0.0981
vn 0.2070 0.9734 0.0981
vn 0.9356 0.1608 0.3143
vn 0.9331 0.1902 0.3053
vn 0.9695 0.2117 0.1235
vn 0.9377 0.2938 0.1854
vn 0.9318 0.3292 0.1528
vn 0.9310 0.2352 0.2790
vn 0.0158 -0.9997 -0.0207
vn -0.0009 -1.0000 -0.0078
vn 0.0026 -0.9999 -0.0103
vn 0.9456 -0.0110 0.3250
vn 0.9370 0.1987 0.2873
vn 0.5386 0.5866 -0.6048
vn 0.9399 0.0841 0.3308
vn 0.9563 0.1704 0.2376
vn 0.9531 -0.0003 0.3026
vn 0.9791 0.2019 0.0244
vn -0.0068 -1.0000 0.0022
vn -0.0134 -0.9999 -0.0043
vn 0.6695 0.7318 0.1275
vn 0.6695 0.7318 0.1275
vn 0.6695 0.7318 0.1275
vn 0.2614 -0.1304 -0.9564
vn 0.2934 -0.0990 -0.9509
vn 0.2916 -0.1007 -0.9512
vn 0.3223 -0.0697 -0.9441
vn 0.0894 0.8722 -0.4809
vn 0.0459 0.8611 -0.5064
vn 0.0876 0.8749 -0.4763
vn -0.1797 0.0290 0.9833
vn -0.2308 -0.0268 0.9726
vn -0.2193 -0.0149 0.9756
vn 0.7097 -0.0842 0.6995
vn 0.7097 -0.0842 0.6995
vn 0.7097 -0.0842 0.6995
vn 0.6093 -0.6673 0.4284
vn 0.6623 -0.6546 0.3645
vn 0.6638 -0.6541 0.3626
vn 0.0335 -0.9980 0.0532
vn 0.0228 -0.9988 0.0433
vn 0.0398 -0.9975 0.0591
vn -0.0744 0.9669 0.2441
vn -0.0157 0.9999 0.0066
vn -0.0302 0.9995 0.0077
vn 0.2596 0.0112 -0.9657
vn 0.3521 0.6530 0.6705
vn 0.3521 0.6530 0.6705
vn 0.3521 0.6530 0.6705
vn 0.0037 0.9815 -0.1915
vn -0.0037 0.9932 -0.1165
vn 0.0048 0.9793 -0.2026
vn 0.0169 -0.9991 0.0379
vn -0.2940 -0.0632 0.9537
vn 0.2814 -0.6956 -0.6610
vn 0.7047 -0.6398 0.3068
vn -0.0046 0.9942 -0.1073
vn -0.1707 0.8389 0.5169
vn -0.2203 0.8039 0.5524
vn -0.1571 0.8476 0.5069
vn 0.2885 -0.7059 -0.6469
vn -0.2384 0.5993 0.7642
vn 0.2743 0.0355 -0.9610
vn -0.3045 -0.0700 0.9499
vn 0.1070 0.8775 -0.4675
vn -0.1039 0.8786 0.4661
vn 0.9898 0.1174 0.0807
vn 0.9875 0.1242 0.0974
vn 0.9929 0.1062 0.0530
vn 0.9936 0.1030 0.0453
vn 0.0431 -0.0618 -0.9972
vn 0.0431 -0.0618 -0.9972
vn 0.0431 -0.0618 -0.9972
vn 0.1855 -0.0908 -0.9784
vn 0.2699 -0.1065 -0.9570
vn 0.1918 -0.0826 -0.9780
vn 0.2569 -0.0054 -0.9664
vn 0.0609 -0.9960 0.0651
vn 0.0835 -0.9934 0.0782
vn 0.1528 -0.9812 0.1182
vn 0.0416 0.9683 -0.2465
vn 0.2933 -0.5252 -0.7988
vn 0.0602 0.9613 -0.2690
vn 0.0525 0.9630 -0.2644
vn -0.0077 -0.9997 0.0252
vn -0.9413 0.2253 -0.2513
vn -0.9350 0.1662 -0.3134
vn -0.9276 0.3675 -0.0674
vn -0.8670 0.0197 -0.4980
vn -0.8693 0.0205 -0.4938
vn -0.0027 -0.9999 -0.0100
vn -0.3227 -0.0270 0.9461
vn -0.6821 0.6474 -0.3400
vn -0.6612 0.6794 -0.3182
vn -0.4037 0.8602 -0.3116
vn -0.5753 0.7034 -0.4175
vn 0.2523 -0.0002 -0.9677
vn 0.2286 0.0064 -0.9735
vn 0.1488 0.0285 -0.9885
vn 0.2081 0.0149 -0.9780
vn -0.8695 0.3480 -0.3504
vn -0.0042 0.9893 -0.1462
vn 0.0028 0.9884 -0.1518
vn -0.0347 0.9894 -0.1407
vn 0.1293 0.0338 -0.9910
vn -0.0691 0.9608 -0.2684
vn 0.0096 0.9336 -0.3583
vn -0.0710 0.9885 -0.1335
vn 0.3362 -0.4400 -0.8327
vn -0.9160 0.0195 -0.4008
vn -0.8962 0.0342 -0.4423
vn -0.9012 0.0198 -0.4330
vn -0.1096 0.9852 -0.1319
vn -0.3316 -0.0031 0.9434
vn 0.0024 -1.0000 0.0018
vn -0.8582 -0.0237 -0.5127
vn -0.8934 0.0852 -0.4412
vn -0.8854 0.0557 -0.4614
vn -0.8661 0.3531 -0.3539
vn 0.0055 -0.9997 0.0235
vn -0.5074 0.8020 -0.3153
vn -0.3903 0.8464 -0.3622
vn -0.4818 0.8132 -0.3264
vn -0.4046 0.2030 0.8917
vn -0.4765 0.1264 0.8701
vn -0.4849 0.1169 0.8667
vn 0.0556 0.9814 -0.1837
vn 0.1442 -0.0296 -0.9891
vn -0.3226 0.6540 0.6843
vn -0.3607 0.6117 0.7041
vn -0.3227 0.6536 0.6846
vn -0.9307 0.0416 -0.3635
vn 0.1341 0.8690 -0.4763
vn 0.2900 0.1972 -0.9365
vn 0.2551 0.1155 -0.9600
vn 0.2804 0.1743 -0.9439
vn 0.0010 -1.0000 0.0033
vn 0.1664 -0.0915 -0.9818
vn 0.3550 -0.4051 -0.8425
vn -0.5463 0.0440 0.8364
vn 0.0405 0.2940 -0.9549
vn 0.9233 0.0206 0.3835
vn 0.9143 0.0503 0.4019
vn 0.9332 -0.0205 0.3587
vn -0.5816 0.7637 -0.2803
vn -0.9065 0.1491 -0.3950
vn 0.3100 0.2461 -0.9183
vn -0.3450 0.6270 0.6984
vn -0.9025 0.0734 -0.4245
vn -0.9123 0.0398 -0.4077
vn -0.8926 0.1019 -0.4392
vn -0.8917 0.1001 -0.4414
vn -0.9750 -0.0179 0.2214
vn -0.9750 -0.0179 0.2214
vn -0.9750 -0.0179 0.2214
vn 0.1328 0.9361 -0.3258
vn 0.1328 0.9361 -0.3258
vn 0.1328 0.9361 -0.3258
vn 0.9372 -0.0387 0.3465
vn 0.2556 -0.2556 -0.9324
vn 0.2713 -0.0451 -0.9614
vn 0.2593 -0.2351 -0.9368
vn 0.2750 -0.0436 -0.9605
vn 0.9134 0.0558 0.4032
vn 0.2484 -0.4306 -0.8677
vn 0.2505 -0.4314 -0.8667
vn 0.6335 0.7641 -0.1216
vn 0.6335 0.7641 -0.1216
vn 0.6335 0.7641 -0.1216
vn -0.3522 -0.0298 0.9354
vn -0.2590 -0.9632 -0.0722
vn -0.2590 -0.9632 -0.0722
vn -0.9259 0.1663 -0.3392
vn -0.6732 0.7110 -0.2034
vn -0.6732 0.7110 -0.2034
vn -0.6732 0.7110 -0.2034
vn 0.0749 0.9971 0.0163
vn -0.0034 1.0000 -0.0028
vn 0.0932 0.9954 0.0212
vn -0.3453 -0.0299 0.9380
vn 0.0018 -0.9948 0.1022
vn 0.0251 -0.9923 0.1211
vn -0.0153 -0.9960 0.0883
vn -0.9377 0.0450 -0.3446
vn -0.9348 0.0988 -0.3413
vn -0.9357 0.0954 -0.3396
vn 0.1344 0.9243 -0.3571
vn -0.0012 -0.9981 -0.0623
vn 0.0440 -0.9983 -0.0383
vn 0.0398 -0.9984 -0.0405
vn 0.0456 -0.9895 0.1375
vn -0.9257 -0.0763 -0.3704
vn 0.0505 0.9982 0.0321
vn -0.8963 -0.0689 -0.4381
vn -0.9455 -0.0686 -0.3184
vn -0.8650 -0.0706 -0.4968
vn 0.1627 0.9445 -0.2853
vn 0.0792 0.9386 -0.3359
vn -0.9352 -0.0288 -0.3529
vn -0.9442 -0.0087 -0.3292
vn 0.0598 0.9975 0.0378
vn -0.8496 -0.0689 -0.5229
vn -0.8560 -0.0722 -0.5119
vn -0.3782 0.5873 0.7156
vn -0.3763 0.5808 0.7219
vn -0.9365 0.0919 -0.3384
vn -0.9423 0.0356 -0.3330
vn 0.9730 0.0973 0.2095
vn 0.9730 0.0973 0.2095
vn 0.9730 0.0973 0.2095
vn -0.9342 0.1100 -0.3393
vn -0.9511 -0.0745 -0.2999
vn -0.3327 0.0525 0.9416
vn -0.7805 -0.5498 -0.2976
vn -0.2664 0.1231 0.9560
vn -0.0050 -0.9979 -0.0643
vn -0.9363 0.0337 -0.3496
vn 0.1843 -0.0612 -0.9810
vn 0.1843 -0.0612 -0.9810
vn 0.1843 -0.0612 -0.9810
vn 0.3610 -0.1903 -0.9129
vn 0.2961 -0.1191 -0.9477
vn 0.3623 -0.1917 -0.9121
vn -0.9353 0.0255 -0.3528
vn 0.4256 -0.2635 -0.8657
vn -0.9481 -0.0168 -0.3174
vn -0.6770 -0.6994 -0.2290
vn -0.0569 0.9843 0.1669
vn -0.0569 0.9843 0.1669
vn -0.0569 0.9843 0.1669
vn -0.6766 -0.7001 -0.2284
vn -0.0093 -0.9992 0.0381
vn 0.0716 -0.9876 0.1398
vn 0.0326 -0.9953 0.0908
vn -0.0489 -0.9987 -0.0120
vn -0.9452 -0.0327 -0.3249
vn -0.9134 0.2395 0.3291
vn -0.9134 0.2395 0.3291
vn -0.9134 0.2395 0.3291
vn -0.2590 -0.9632 -0.0722
vn -0.7105 -0.6127 -0.3460
vn -0.2560 0.0613 0.9647
vn -0.2560 0.0613 0.9647
vn -0.2560 0.0613 0.9647
vn 0.8915 0.1111 0.4392
vn 0.9502 0.0024 0.3117
vn 0.7906 0.0090 0.6123
vn 0.9726 0.0381 -0.2294
vn 0.9726 0.0381 -0.2294
vn 0.9726 0.0381 -0.2294
vn 0.0303 0.0575 0.9979
vn 0.0303 0.0575 0.9979
vn 0.0303 0.0575 0.9979
vn 0.0220 -0.7297 0.6834
vn 0.0220 -0.7297 0.6834
vn 0.0220 -0.7297 0.6834
vn 0.9660 -0.0185 0.2581
vn -0.2454 0.1469 0.9582
vn -0.2454 0.1469 0.9582
vn -0.2454 0.1469 0.9582
vn 0.9769 0.1060 0.1855
vn 0.9399 -0.1790 0.2907
vn 0.9849 -0.0639 0.1608
vn 0.9834 -0.0197 0.1804
vn 0.9863 -0.0317 0.1618
vn 0.9828 -0.0177 0.1836
vn 0.6267 0.0574 -0.7772
vn 0.6984 0.0781 -0.7114
vn 0.3311 -0.0225 -0.9433
vn 0.9779 -0.0081 0.2091
vn 0.1812 -0.9707 0.1576
vn 0.2760 -0.9529 0.1256
vn 0.2188 -0.9649 0.1452
vn 0.2369 -0.0064 -0.9715
vn 0.2369 -0.0064 -0.9715
vn 0.2369 -0.0064 -0.9715
vn 0.7393 -0.5931 0.3189
vn 0.5841 -0.7264 0.3623
vn 0.7786 -0.5491 0.3036
vn 0.9569 0.1448 0.2519
vn 0.2206 0.9734 0.0627
vn 0.2074 0.9766 0.0563
vn 0.2058 0.9770 0.0556
vn 0.9797 -0.0067 0.2005
vn -0.0405 0.0008 -0.9992
vn -0.0405 0.0008 -0.9992
vn -0.0405 0.0008 -0.9992
vn 0.2951 -0.0309 -0.9550
vn 0.8166 -0.5011 0.2864
vn 0.8469 -0.4794 0.2301
vn 0.8185 0.5498 0.1664
vn 0.2933 -0.9485 0.1195
vn 0.1473 0.9880 0.0462
vn 0.9067 0.0947 0.4110
vn 0.8779 0.4662 0.1095
vn 0.8971 0.3340 0.2893
vn 0.7243 0.6799 0.1147
vn 0.9595 0.0152 0.2811
vn 0.9594 0.0156 0.2816
vn 0.9623 0.0074 0.2720
vn 0.1450 0.9884 0.0456
vn -0.0390 0.9897 -0.1378
vn -0.0390 0.9897 -0.1378
vn -0.0390 0.9897 -0.1378
vn 0.9576 0.0204 0.2873
vn 0.8908 -0.0018 0.4545
vn 0.2908 -0.0415 -0.9559
vn 0.2194 -0.9518 0.2141
vn 0.2194 -0.9518 0.2141
vn 0.2194 -0.9518 0.2141
vn 0.0519 -0.9987 -0.0007
vn 0.0030 -1.0000 0.0021
vn 0.0142 -0.9999 0.0053
vn 0.8880 -0.0048 0.4597
vn 0.2865 -0.0506 -0.9568
vn -0.1680 -0.9852 0.0329
vn -0.1680 -0.9852 0.0329
vn 0.0157 -0.9999 -0.0020
vn 0.2904 -0.0183 -0.9567
vn -0.1562 0.7404 -0.6538
vn -0.2979 0.7024 -0.6465
vn -0.2949 0.7151 -0.6337
vn 0.1332 -0.1482 -0.9799
vn 0.1236 -0.1379 -0.9827
vn 0.1262 -0.1407 -0.9820
vn -0.9333 -0.2660 -0.2412
vn -0.9333 -0.2660 -0.2412
vn -0.9333 -0.2660 -0.2412
vn 0.1181 -0.1321 -0.9842
vn 0.9497 0.0632 0.3068
vn 0.9497 0.0632 0.3068
vn 0.9497 0.0632 0.3068
vn 0.9876 0.0552 0.1470
vn 0.9876 0.0552 0.1470
vn -0.0033 -1.0000 -0.0015
vn 0.2812 -0.0121 -0.9596
vn -0.3953 0.6786 -0.6191
vn 0.0010 -1.0000 -0.0035
vn -0.4361 0.6818 -0.5873
vn 0.2343 -0.9718 0.0257
vn 0.0947 -0.9791 0.1797
vn 0.2478 -0.9664 0.0678
vn 0.1738 -0.9830 0.0585
vn 0.0680 -0.9689 0.2380
vn -0.6311 -0.7508 -0.1947
vn -0.6311 -0.7508 -0.1947
vn -0.4467 0.0335 0.8941
vn -0.4816 0.0395 0.8755
vn -0.4901 0.0410 0.8707
vn -0.8560 0.3390 -0.3904
vn -0.8416 0.3376 -0.4215
vn -0.8994 0.1165 -0.4212
vn -0.4132 0.0278 0.9102
vn -0.9138 0.0150 -0.4058
vn -0.8087 0.4551 -0.3726
vn -0.9367 -0.0639 -0.3442
vn -0.9570 -0.1363 -0.2562
vn 0.1329 -0.9881 0.0774
vn -0.2871 -0.0076 0.9579
vn -0.2871 -0.0076 0.9579
vn -0.2871 -0.0076 0.9579
vn 0.5630 0.1224 -0.8174
vn 0.2838 0.0067 -0.9589
vn 0.3288 0.0275 -0.9440
vn 0.3288 0.0275 -0.9440
vn 0.3288 0.0275 -0.9440
vn 0.3626 0.9307 -0.0482
vn 0.3626 0.9307 -0.0482
vn 0.3626 0.9307 -0.0482
vn 0.6209 0.1460 -0.7702
vn -0.1400 -0.9304 0.3387
vn -0.5696 -0.8162 -0.0968
vn -0.5768 -0.8108 -0.0997
vn -0.5813 -0.8073 -0.1015
vn -0.1298 -0.9267 0.3528
vn -0.1410 -0.0026 0.9900
vn -0.1410 -0.0026 0.9900
vn -0.1410 -0.0026 0.9900
vn -0.5837 -0.8055 -0.1024
vn -0.9216 0.1767 -0.3455
vn -0.9289 -0.0270 -0.3693
vn -0.9271 -0.0423 -0.3724
vn -0.2605 0.9611 -0.0915
vn -0.2605 0.9611 -0.0915
vn -0.2605 0.9611 -0.0915
vn -0.9018 0.1459 -0.4068
vn -0.9396 0.1386 -0.3129
vn -0.8776 -0.0018 -0.4793
vn -0.9225 0.2252 -0.3134
vn -0.4918 -0.8559 -0.1598
vn -0.4918 -0.8559 -0.1598
vn -0.4918 -0.8559 -0.1598
vn -0.9510 0.0020 -0.3093
vn -0.9755 0.1022 -0.1948
vn -0.9929 -0.0113 -0.1183
vn -0.1680 -0.9852 0.0329
vn 0.9876 0.0552 0.1470
vn -0.6311 -0.7508 -0.1947
vn 0.1881 -0.9820 0.0179
vn 0.0244 -0.9991 0.0336
vn 0.2569 -0.9658 0.0340
vn 0.1567 -0.9876 -0.0006
vn 0.7696 0.1036 0.6301
vn 0.8690 0.0829 0.4878
vn 0.9020 0.1122 0.4170
vn 0.5395 -0.0960 -0.8365
vn 0.5395 -0.0960 -0.8365
vn 0.5395 -0.0960 -0.8365
vn 0.9754 0.1175 0.1863
vn 0.9830 0.0945 0.1572
vn 0.1744 -0.9843 0.0270
vn 0.9720 0.0456 -0.2306
vn 0.9703 0.0462 -0.2375
vn 0.9574 0.0418 -0.2856
vn 0.7481 0.1029 0.6556
vn 0.9766 0.0543 0.2083
vn 0.9754 0.1162 0.1871
vn 0.9202 -0.0296 0.3902
vn 0.9660 0.0647 0.2503
vn 0.8387 0.0247 0.5440
vn 0.9726 0.0410 -0.2289
vn 0.9477 -0.0026 -0.3192
vn -0.0370 0.9972 -0.0655
vn -0.0370 0.9972 -0.0655
vn -0.0370 0.9972 -0.0655
vn 0.0139 -0.9994 0.0324
vn 0.9387 -0.0008 -0.3447
vn 0.9582 -0.0057 0.2861
vn 0.9183 -0.2905 0.2691
vn 0.9199 -0.2259 0.3205
vn 0.1197 0.7404 0.6614
vn 0.1197 0.7404 0.6614
vn 0.1197 0.7404 0.6614
vn 0.9814 0.1056 0.1604
vn -0.1058 0.4909 0.8648
vn -0.1058 0.4909 0.8648
vn -0.1058 0.4909 0.8648
vn -0.0059 -0.0786 -0.9969
vn 0.0028 -0.0763 -0.9971
vn 0.0215 -0.1084 -0.9939
vn 0.4723 -0.8548 0.2151
vn 0.4319 -0.8791 0.2016
vn 0.1373 -0.9855 0.0998
vn 0.9797 0.0855 0.1814
vn 0.9745 0.0871 0.2068
vn 0.0587 -0.1544 -0.9863
vn 0.0918 -0.0737 -0.9930
vn 0.0394 0.9947 -0.0953
vn 0.0440 0.9945 -0.0945
vn -0.0454 0.9948 -0.0913
vn 0.1478 0.9862 -0.0740
vn 0.9900 0.0767 0.1185
vn 0.9917 0.0720 0.1067
vn 0.9838 0.0910 0.1546
vn 0.9356 0.0443 0.3502
vn 0.0718 -0.0967 -0.9927
vn 0.9955 -0.0906 0.0272
vn 0.9955 -0.0906 0.0272
vn 0.9955 -0.0906 0.0272
vn 0.9643 0.0419 0.2613
vn -0.2049 0.9737 -0.0995
vn 0.1224 -0.9880 0.0945
vn 0.9818 0.0950 0.1646
vn -0.2080 0.9725 -0.1051
vn -0.2080 0.9725 -0.1051
vn -0.2080 0.9725 -0.1051
vn 0.2004 0.0129 -0.9796
vn 0.2017 0.0133 -0.9794
vn 0.3983 0.0412 -0.9163
vn -0.0162 0.0813 0.9966
vn 0.1075 0.0580 0.9925
vn -0.0110 0.0779 0.9969
vn -0.0776 0.0414 0.9961
vn 0.1060 -0.9939 0.0306
vn 0.1090 -0.9916 0.0690
vn 0.1118 -0.9904 0.0817
vn 0.9491 0.0709 0.3070
vn -0.0139 0.9470 -0.3210
vn -0.0036 0.9684 -0.2494
vn 0.0077 0.9583 -0.2857
vn 0.1662 0.0086 -0.9861
vn 0.1989 -0.0974 -0.9752
vn 0.2097 -0.0811 -0.9744
vn 0.2019 -0.0930 -0.9750
vn -0.1281 0.0034 0.9918
vn -0.1383 -0.0004 0.9904
vn -0.0896 0.9824 -0.1636
vn -0.0854 0.9914 -0.0996
vn -0.0906 0.9794 -0.1806
vn 0.9855 0.0924 0.1426
vn 0.9827 0.0979 0.1571
vn 0.9829 0.0979 0.1557
vn 0.1269 -0.0313 -0.9914
vn 0.1538 0.0086 -0.9881
vn 0.1872 -0.2305 -0.9549
vn -0.0807 0.0446 0.9957
vn 0.0442 0.3321 -0.9422
vn 0.2542 -0.0560 -0.9655
vn 0.0539 0.3078 -0.9499
vn 0.9919 0.0969 0.0820
vn -0.0662 0.9928 -0.0996
vn -0.1049 0.0882 0.9906
vn -0.0913 0.0859 0.9921
vn -0.1508 0.0864 0.9848
vn 0.9849 0.0916 0.1472
vn -0.0790 0.0802 0.9936
vn 0.1743 0.0078 -0.9847
vn 0.0722 -0.0296 -0.9970
vn -0.9760 -0.0605 -0.2092
vn -0.9760 -0.0605 -0.2092
vn -0.9760 -0.0605 -0.2092
vn 0.1365 -0.9755 0.1723
vn 0.1263 -0.9890 0.0764
vn 0.1351 -0.9794 0.1500
vn -0.1064 0.9879 -0.1129
vn -0.1042 0.9899 -0.0956
vn -0.1071 0.9871 -0.1189
vn 0.0320 0.8505 -0.5250
vn -0.1395 0.0816 0.9869
vn -0.1589 0.0933 0.9829
vn -0.9999 -0.0098 0.0023
vn -0.9988 -0.0259 0.0411
vn -0.9971 -0.0367 0.0672
vn -0.9997 0.0017 -0.0253
vn -0.0879 0.9957 -0.0299
vn -0.0889 0.9958 -0.0213
vn -0.1027 0.9889 0.1078
vn 0.1170 -0.9931 0.0095
vn -0.4061 0.0451 0.9127
vn 0.1913 -0.1090 -0.9755
vn -0.9913 0.0137 -0.1306
vn -0.9989 -0.0211 -0.0412
vn -0.9951 0.0012 -0.0985
vn -0.9994 -0.0338 -0.0083
vn -0.1229 0.0962 0.9877
vn -0.9769 -0.1255 -0.1732
vn -0.9794 -0.1319 -0.1530
vn -0.9693 -0.1104 -0.2199
vn -0.9644 -0.1025 -0.2439
vn 0.2158 -0.0841 -0.9728
vn -0.1035 0.9906 -0.0898
vn 0.1280 -0.9918 0.0052
vn 0.1922 -0.0792 -0.9782
vn 0.1922 -0.0792 -0.9782
vn 0.1922 -0.0792 -0.9782
vn -0.1860 0.0142 0.9824
vn 0.1283 -0.9917 -0.0016
vn 0.1862 -0.0056 -0.9825
vn 0.1370 -0.0210 -0.9903
vn 0.9829 0.0886 0.1612
vn 0.9829 0.0886 0.1612
vn 0.9829 0.0886 0.1612
vn 0.1248 -0.9922 0.0001
vn -0.5705 0.8108 -0.1307
vn -0.5705 0.8108 -0.1307
vn -0.5705 0.8108 -0.1307
vn 0.9557 -0.2693 0.1186
vn 0.9557 -0.2693 0.1186
vn 0.9557 -0.2693 0.1186
vn -0.0842 0.9931 -0.0821
vn -0.2332 0.0905 0.9682
vn -0.2180 0.0473 0.9748
vn -0.2210 0.0556 0.9737
vn -0.2442 0.0324 0.9692
vn 0.0841 -0.0491 -0.9953
vn 0.1652 -0.0222 -0.9860
vn -0.1053 0.9944 0.0018
vn -0.1053 0.9944 0.0018
vn -0.1053 0.9944 0.0018
vn 0.0814 -0.9811 0.1758
vn 0.0819 -0.9817 0.1720
vn 0.0750 -0.9720 0.2227
vn -0.9678 -0.0565 -0.2454
vn -0.9395 -0.0942 -0.3292
vn -0.9770 -0.0405 -0.2092
vn 0.9023 -0.0718 0.4252
vn 0.9023 -0.0718 0.4252
vn 0.9023 -0.0718 0.4252
vn -0.9277 -0.1071 -0.3577
vn -0.2306 0.0135 0.9730
vn -0.2265 0.0449 0.9730
vn -0.2298 0.0194 0.9730
vn 0.1300 -0.0469 -0.9904
vn 0.0513 -0.0569 -0.9971
vn -0.2258 0.0502 0.9729
vn 0.9491 0.0952 -0.3003
vn 0.9491 0.0952 -0.3003
vn 0.9491 0.0952 -0.3003
vn 0.2937 -0.0465 -0.9548
vn 0.9724 0.0848 0.2173
vn 0.9724 0.0848 0.2173
vn 0.9724 0.0848 0.2173
vn 0.0745 -0.9712 0.2262
vn -0.0856 0.9945 -0.0609
vn -0.0831 0.9942 -0.0682
vn -0.1092 0.9940 0.0074
vn -0.2164 0.0770 0.9733
vn -0.2058 0.0399 0.9778
vn -0.2182 0.0833 0.9723
vn -0.1036 0.9878 0.1166
vn -0.2255 0.0835 0.9707
vn 0.1403 -0.0432 -0.9892
vn -0.2038 0.0330 0.9785
vn -0.1108 0.9938 0.0122
vn -0.2361 0.0990 0.9667
vn 0.2748 0.3829 -0.8820
vn 0.2748 0.3829 -0.8820
vn 0.2748 0.3829 -0.8820
vn 0.0953 -0.9761 0.1955
vn 0.0836 -0.9556 0.2825
vn 0.0946 -0.9749 0.2015
vn -0.2060 -0.0423 0.9776
vn 0.0679 -0.9755 0.2093
vn 0.0737 -0.9845 0.1593
vn 0.0682 -0.9761 0.2064
vn 0.2575 -0.5253 -0.8110
vn 0.2575 -0.5253 -0.8110
vn 0.2575 -0.5253 -0.8110
vn 0.0826 -0.9537 0.2893
vn 0.0742 -0.9851 0.1553
vn 0.3356 -0.9385 0.0809
vn 0.3356 -0.9385 0.0809
vn 0.3356 -0.9385 0.0809
vn -0.2853 0.0614 0.9565
vn -0.2129 0.0387 0.9763
vn 0.2577 -0.0542 -0.9647
vn -0.7755 -0.1018 -0.6231
vn -0.7881 -0.1084 -0.6059
vn -0.7787 -0.1042 -0.6187
vn -0.8216 -0.0982 -0.5615
vn -0.6283 -0.1191 -0.7688
vn -0.6283 -0.1191 -0.7688
vn -0.6283 -0.1191 -0.7688
vn 0.9833 0.1065 0.1479
vn 0.9823 0.1089 0.1525
vn 0.9845 0.1033 0.1420
vn 0.9852 0.1013 0.1382
vn -0.8260 -0.0966 -0.5554
vn -0.2623 0.0242 0.9647
vn -0.2871 0.0127 0.9578
vn -0.5736 -0.0080 0.8191
vn -0.3551 0.0081 0.9348
vn 0.8257 0.1413 0.5460
vn 0.8257 0.1413 0.5460
vn 0.8257 0.1413 0.5460
vn 0.0587 -0.9859 0.1564
vn 0.1974 -0.9698 0.1429
vn 0.0915 -0.9833 0.1576
vn -0.9698 -0.1133 -0.2161
vn -0.9682 -0.1183 -0.2202
vn -0.9756 -0.1017 -0.1947
vn 0.9668 0.1394 0.2144
vn 0.9668 0.1394 0.2144
vn 0.9668 0.1394 0.2144
vn 0.9305 0.2018 0.3056
vn 0.9305 0.2018 0.3056
vn 0.9305 0.2018 0.3056
vn -0.5797 -0.0084 0.8148
vn -0.9186 -0.1128 -0.3786
vn -0.9186 -0.1128 -0.3786
vn -0.9186 -0.1128 -0.3786
vn -0.9636 -0.1248 0.2362
vn -0.9911 -0.1297 -0.0288
vn -0.2576 0.0648 0.9641
vn -0.7313 0.0642 0.6790
vn -0.7313 0.0642 0.6790
vn -0.7313 0.0642 0.6790
vn 0.1566 -0.0208 -0.9874
vn 0.1566 -0.0208 -0.9874
vn -0.9573 -0.1572 -0.2426
vn -0.9877 -0.1181 -0.1024
vn -0.3246 0.0540 0.9443
vn -0.9854 -0.1127 -0.1274
vn -0.8075 -0.1025 -0.5809
vn -0.8075 -0.1025 -0.5809
vn -0.8075 -0.1025 -0.5809
vn 0.1036 -0.9904 0.0912
vn 0.1180 -0.9785 0.1692
vn -0.3293 0.0563 0.9425
vn -0.9619 -0.1442 -0.2323
vn 0.1139 -0.9795 0.1660
vn -0.2781 -0.9605 -0.0104
vn -0.2781 -0.9605 -0.0104
vn -0.2781 -0.9605 -0.0104
vn -0.9947 -0.1017 0.0149
vn -0.9931 -0.1081 0.0449
vn -0.9900 -0.1277 0.0605
vn -0.9942 -0.1061 -0.0160
vn 0.1208 -0.9184 0.3768
vn 0.1447 -0.8249 0.5465
vn 0.1155 -0.9323 0.3427
vn -0.1202 0.0976 0.9879
vn -0.1941 0.0879 0.9770
vn -0.2071 -0.0394 0.9775
vn -0.1944 0.0853 0.9772
vn -0.2253 0.0839 0.9707
vn 0.1566 -0.0208 -0.9874
vn -0.7071 -0.0924 0.7010
vn -0.7071 -0.0924 0.7010
vn -0.7071 -0.0924 0.7010
vn 0.9763 -0.0222 0.2153
vn 0.9763 -0.0222 0.2153
vn 0.9763 -0.0222 0.2153
vn 0.7175 -0.6659 0.2043
vn 0.7141 -0.6677 0.2106
vn 0.7200 -0.6647 0.1996
vn 0.7232 -0.6629 0.1936
vn 0.9747 -0.0382 0.2203
vn 0.9762 -0.0290 0.2148
vn 0.1038 0.9944 -0.0181
vn 0.1718 0.9847 -0.0289
vn 0.0946 0.9954 -0.0167
vn -0.0230 -0.9983 0.0527
vn -0.0230 -0.9983 0.0527
vn -0.0230 -0.9983 0.0527
vn 0.9728 -0.0489 0.2263
vn 0.1816 0.9829 -0.0305
vn 0.9723 0.0541 0.2273
vn 0.9757 0.1108 0.1888
vn 0.9751 0.0927 0.2012
vn 0.9731 -0.0514 0.2244
vn 0.9743 0.1717 0.1461
vn 0.4410 -0.8780 0.1863
vn 0.3996 -0.8946 0.2001
vn 0.4296 -0.8828 0.1902
vn 0.9663 0.0328 0.2555
vn 0.9555 0.0122 0.2947
vn 0.9536 0.0124 0.3010
vn -0.0039 0.9927 -0.1205
vn -0.1767 0.9712 -0.1596
vn 0.0103 0.9929 -0.1186
vn 0.1214 0.0113 0.9925
vn 0.1077 0.0402 0.9934
vn 0.1187 0.0431 0.9920
vn 0.3811 -0.9013 0.2061
vn 0.9550 0.1290 0.2672
vn 0.9273 0.1681 0.3343
vn 0.9206 0.1763 0.3485
vn 0.0045 0.0371 0.9993
vn -0.0124 0.0317 0.9994
vn -0.1017 -0.2499 0.9629
vn -0.1017 -0.2499 0.9629
vn -0.1017 -0.2499 0.9629
vn 0.9611 0.1187 0.2494
vn -0.1916 0.9703 -0.1479
vn 0.9637 0.0306 0.2654
vn 0.1917 0.9773 0.0904
vn 0.1917 0.9773 0.0904
vn 0.1917 0.9773 0.0904
vn -0.3036 -0.8132 0.4964
vn -0.3323 -0.8337 0.4411
vn -0.3086 -0.8093 0.4998
vn -0.1020 0.1917 0.9761
vn -0.2348 0.0170 0.9719
vn -0.2229 0.0243 0.9745
vn 0.9803 0.0665 0.1862
vn -0.4259 -0.8691 0.2517
vn -0.1696 0.9700 -0.1743
vn -0.1094 0.9756 -0.1902
vn -0.2453 0.0051 0.9694
vn 0.8161 0.1072 0.5679
vn 0.8161 0.1072 0.5679
vn 0.8161 0.1072 0.5679
vn -0.0814 0.9777 -0.1938
vn -0.2696 0.0270 0.9626
vn -0.2607 0.1214 0.9577
vn -0.2292 0.0947 0.9688
vn -0.3708 -0.0118 0.9287
vn -0.2729 0.0867 0.9581
vn -0.2221 0.3213 0.9206
vn -0.3429 0.3251 0.8813
vn -0.2623 0.4200 0.8688
vn -0.2846 0.1325 0.9494
vn -0.9493 0.1442 -0.2795
vn -0.9558 0.1030 -0.2755
vn -0.9589 0.0608 -0.2772
vn -0.9426 0.1545 -0.2960
vn -0.1398 0.2700 0.9527
vn 0.1020 0.1129 0.9883
vn -0.9676 0.0414 -0.2490
vn -0.9645 0.0336 -0.2619
vn -0.2942 0.2530 0.9217
vn -0.2502 0.2312 0.9402
vn -0.3001 0.0081 0.9539
vn -0.4919 -0.8660 0.0893
vn 0.1779 0.0903 0.9799
vn -0.9645 -0.2499 -0.0855
vn -0.9648 -0.2572 -0.0554
vn -0.9598 -0.2311 -0.1591
vn -0.9536 -0.2176 -0.2081
vn -0.2921 -0.0065 0.9564
vn 0.0277 0.9990 0.0343
vn 0.0217 0.9996 0.0164
vn 0.0185 0.9998 0.0066
vn -0.2906 -0.0156 0.9567
vn 0.9385 0.0177 0.3447
vn 0.9238 -0.0074 0.3827
vn 0.8827 0.0347 0.4687
vn 0.9185 0.0027 0.3955
vn 0.9286 0.0509 0.3675
vn 0.0115 0.9998 -0.0145
vn 0.9247 0.0323 0.3792
vn 0.9311 0.0294 0.3635
vn -0.2322 0.2143 0.9488
vn 0.9249 0.0583 0.3756
vn 0.9248 0.0581 0.3760
vn -0.2832 0.1106 0.9527
vn -0.2781 0.0715 0.9579
vn -0.3205 0.1841 0.9292
vn -0.3207 0.1078 0.9410
vn -0.2313 0.0588 0.9711
vn -0.2539 0.0321 0.9667
vn -0.3166 0.1088 0.9423
vn -0.0901 0.9959 0.0071
vn -0.0698 0.9857 -0.1532
vn -0.0916 0.9956 0.0199
vn -0.2330 0.2080 0.9500
vn -0.0683 0.9841 -0.1638
vn 0.1391 0.9876 -0.0723
vn 0.1391 0.9876 -0.0723
vn 0.1391 0.9876 -0.0723
vn -0.8691 -0.3731 -0.3247
vn -0.8691 -0.3731 -0.3247
vn -0.8691 -0.3731 -0.3247
vn -0.3182 -0.9466 -0.0513
vn -0.3182 -0.9466 -0.0513
vn -0.3182 -0.9466 -0.0513
vn -0.9705 0.0140 -0.2407
vn -0.9687 0.0117 -0.2479
vn -0.9695 0.0147 -0.2446
vn 0.1897 -0.7783 0.5985
vn 0.1990 -0.7824 0.5902
vn 0.2071 -0.7858 0.5828
vn -0.9687 0.0019 -0.2482
vn -0.9921 -0.0380 -0.1195
vn -0.9989 -0.0251 0.0388
vn -0.2218 0.9730 -0.0643
vn -0.3313 0.9423 -0.0475
vn -0.3777 0.9243 -0.0546
vn 0.2170 -0.7899 0.5735
vn -0.9986 -0.0240 0.0481
vn -0.4267 0.9021 -0.0645
vn -0.1298 0.3070 0.9428
vn -0.2054 0.2840 0.9365
vn -0.1135 0.3117 0.9434
vn -0.9707 0.0140 -0.2397
vn -0.2313 0.2757 0.9330
vn -0.6265 -0.7786 0.0361
vn -0.6265 -0.7786 0.0361
vn -0.6265 -0.7786 0.0361
vn 0.0311 -0.9992 -0.0260
vn 0.0184 -0.9994 -0.0276
vn 0.0581 -0.9981 -0.0227
vn -0.9619 -0.1099 -0.2505
vn -0.9596 -0.1287 -0.2503
vn -0.9593 -0.1246 -0.2535
vn -0.9938 -0.0571 -0.0951
vn -0.0008 0.9989 0.0465
vn 0.0016 0.9987 0.0518
vn -0.0108 0.9997 0.0241
vn 0.0596 -0.9980 -0.0225
vn 0.0127 0.9970 0.0764
vn -0.2056 0.9765 -0.0648
vn 0.9512 0.0975 0.2928
vn 0.9486 0.0964 0.3016
vn 0.9360 0.0912 0.3400
vn 0.9316 0.0895 0.3523
vn 0.3182 0.9480 -0.0115
vn 0.2609 0.9632 -0.0650
vn 0.3059 0.9518 -0.0231
vn -0.9463 0.0467 -0.3200
vn -0.9443 0.0416 -0.3265
vn -0.9472 0.0490 -0.3170
vn -0.9951 -0.0735 -0.0663
vn -0.9974 -0.0618 0.0359
vn -0.3016 0.0225 0.9532
vn -0.1906 0.0673 0.9794
vn -0.3359 0.0083 0.9419
vn -0.7286 -0.6671 0.1552
vn -0.7286 -0.6671 0.1552
vn -0.7286 -0.6671 0.1552
vn 0.2382 0.9674 -0.0857
vn -0.9500 0.0568 -0.3069
vn -0.2926 0.0213 0.9560
vn -0.2941 -0.0071 0.9558
vn -0.9956 -0.0911 0.0197
vn -0.1591 0.0796 0.9840
vn -0.9957 -0.0881 0.0283
vn -0.1940 0.1048 0.9754
vn -0.2176 0.0992 0.9710
vn -0.3055 0.0346 0.9516
vn 0.9811 -0.0030 0.1934
vn -0.2817 -0.0106 0.9594
f 4416/4416/4416 4417/4417/4417 4418/4418/4418
f 4419/4419/4419 4420/4420/4420 4421/4421/4421
f 4422/4422/4422 4423/4423/4423 4424/4424/4424
f 4424/4424/4424 4423/4423/4423 4425/4425/4425
f 4422/4422/4422 4426/4426/4426 4423/4423/4423
f 4425/4425/4425 4423/4423/4423 4427/4427/4427
f 4428/4428/4428 4429/4429/4429 4430/4430/4430
f 4431/4431/4431 4432/4432/4432 4433/4433/4433
f 4434/4434/4434 4435/4435/4435 4436/4436/4436
f 4429/4429/4429 4428/4428/4428 4437/4437/4437
f 4417/4417/4417 4438/4438/4438 4418/4418/4418
f 4418/4418/4418 4439/4439/4439 4440/4440/4440
f 4438/4438/4438 4439/4439/4439 4418/4418/4418
f 4441/4441/4441 4442/4442/4442 4443/4443/4443
f 4434/4434/4434 4433/4433/4433 4435/4435/4435
f 4442/4442/4442 4444/4444/4444 4443/4443/4443
f 4445/4445/4445 4446/4446/4446 4447/4447/4447
f 4448/4448/4448 4449/4449/4449 4450/4450/4450
f 4451/4451/4451 4452/4452/4452 4453/4453/4453
f 4448/4448/4448 4450/4450/4450 4454/4454/4454
f 4455/4455/4455 4456/4456/4456 4457/4457/4457
f 4458/4458/4458 4459/4459/4459 4460/4460/4460
f 4461/4461/4461 4462/4462/4462 4463/4463/4463
f 3918/3918/3918 3919/3919/3919 3920/3920/3920
f 4464/4464/4464 4465/4465/4465 4466/4466/4466
f 4467/4467/4467 4468/4468/4468 4469/4469/4469
f 4470/4470/4470 4471/4471/4471 4472/4472/4472
f 4471/4471/4471 4470/4470/4470 4473/4473/4473
f 4468/4468/4468 4467/4467/4467 4474/4474/4474
f 4457/4457/4457 4456/4456/4456 4475/4475/4475
f 4476/4476/4476 4424/4424/4424 4425/4425/4425
f 4421/4421/4421 4420/4420/4420 4477/4477/4477
f 4440/4440/4440 4439/4439/4439 4478/4478/4478
f 4479/4479/4479 4480/4480/4480 4481/4481/4481
f 4465/4465/4465 4482/4482/4482 4483/4483/4483
f 4432/4432/4432 4435/4435/4435 4433/4433/4433
f 4477/4477/4477 4484/4484/4484 4421/4421/4421
f 4485/4485/4485 4481/4481/4481 4480/4480/4480
f 4478/4478/4478 4486/4486/4486 4440/4440/4440
f 4487/4487/4487 4763/4763/4763 4488/4488/4488
f 4489/4489/4489 4490/4490/4490 4491/4491/4491
f 4492/4492/4492 4493/4493/4493 4494/4494/4494
f 4495/4495/4495 4493/4493/4493 4492/4492/4492
f 4496/4496/4496 4497/4497/4497 4498/4498/4498
f 4419/4419/4419 4421/4421/4421 4499/4499/4499
f 3921/3921/3921 3922/3922/3922 3923/3923/3923
f 4476/4476/4476 4425/4425/4425 4500/4500/4500
f 4763/4763/4763 4501/4501/4501 4488/4488/4488
f 4502/4502/4502 4503/4503/4503 4504/4504/4504
f 4505/4505/4505 4506/4506/4506 4507/4507/4507
f 3924/3924/3924 3925/3925/3925 3926/3926/3926
f 3927/3927/3927 3928/3928/3928 3929/3929/3929
f 4501/4501/4501 4763/4763/4763 4508/4508/4508
f 4509/4509/4509 4508/4508/4508 4763/4763/4763
f 4510/4510/4510 4511/4511/4511 4512/4512/4512
f 3930/3930/3930 3931/3931/3931 3932/3932/3932
f 3930/3930/3930 3933/3933/3933 3931/3931/3931
f 4492/4492/4492 4494/4494/4494 4513/4513/4513
f 4514/4514/4514 4515/4515/4515 4516/4516/4516
f 3934/3934/3934 3935/3935/3935 3936/3936/3936
f 4514/4514/4514 4517/4517/4517 4515/4515/4515
f 3921/3921/3921 3937/3937/3937 3922/3922/3922
f 3938/3938/3938 3939/3939/3939 3940/3940/3940
f 4518/4518/4518 4519/4519/4519 4520/4520/4520
f 3941/3941/3941 3942/3942/3942 3943/3943/3943
f 4521/4521/4521 4522/4522/4522 4523/4523/4523
f 4498/4498/4498 4524/4524/4524 4525/4525/4525
f 4498/4498/4498 4526/4526/4526 4524/4524/4524
f 4479/4479/4479 4481/4481/4481 4527/4527/4527
f 4528/4528/4528 4529/4529/4529 4530/4530/4530
f 4764/4764/4764 4531/4531/4531 4532/4532/4532
f 3944/3944/3944 3928/3928/3928 3927/3927/3927
f 3919/3919/3919 3945/3945/3945 3946/3946/3946
f 4492/4492/4492 4513/4513/4513 4533/4533/4533
f 4534/4534/4534 4535/4535/4535 4536/4536/4536
f 4537/4537/4537 4512/4512/4512 4511/4511/4511
f 4520/4520/4520 4538/4538/4538 4518/4518/4518
f 4539/4539/4539 4528/4528/4528 4530/4530/4530
f 4540/4540/4540 4491/4491/4491 4490/4490/4490
f 4494/4494/4494 4541/4541/4541 4513/4513/4513
f 3926/3926/3926 3947/3947/3947 3948/3948/3948
f 4506/4506/4506 4505/4505/4505 4542/4542/4542
f 4764/4764/4764 4765/4765/4765 4531/4531/4531
f 4539/4539/4539 4543/4543/4543 4528/4528/4528
f 3938/3938/3938 3940/3940/3940 3949/3949/3949
f 3936/3936/3936 3950/3950/3950 3934/3934/3934
f 4544/4544/4544 4545/4545/4545 4546/4546/4546
f 3948/3948/3948 3924/3924/3924 3926/3926/3926
f 4547/4547/4547 4548/4548/4548 4549/4549/4549
f 3951/3951/3951 3925/3925/3925 3924/3924/3924
f 4550/4550/4550 4551/4551/4551 4552/4552/4552
f 3948/3948/3948 3952/3952/3952 3924/3924/3924
f 3919/3919/3919 3946/3946/3946 3953/3953/3953
f 3954/3954/3954 3919/3919/3919 3918/3918/3918
f 3955/3955/3955 3925/3925/3925 3951/3951/3951
f 3919/3919/3919 3954/3954/3954 3956/3956/3956
f 3957/3957/3957 3938/3938/3938 3949/3949/3949
f 4553/4553/4553 4554/4554/4554 4555/4555/4555
f 4477/4477/4477 4556/4556/4556 4484/4484/4484
f 3945/3945/3945 3919/3919/3919 3956/3956/3956
f 4557/4557/4557 4764/4764/4764 4532/4532/4532
f 3941/3941/3941 3958/3958/3958 3942/3942/3942
f 3937/3937/3937 3959/3959/3959 3922/3922/3922
f 4498/4498/4498 4497/4497/4497 4526/4526/4526
f 4558/4558/4558 4547/4547/4547 4549/4549/4549
f 3945/3945/3945 3960/3960/3960 3946/3946/3946
f 4559/4559/4559 4560/4560/4560 4561/4561/4561
f 4465/4465/4465 4464/4464/4464 4482/4482/4482
f 4545/4545/4545 4544/4544/4544 4562/4562/4562
f 4563/4563/4563 4535/4535/4535 4534/4534/4534
f 3960/3960/3960 3953/3953/3953 3946/3946/3946
f 3958/3958/3958 3961/3961/3961 3942/3942/3942
f 3949/3949/3949 3940/3940/3940 3962/3962/3962
f 3963/3963/3963 3964/3964/3964 3965/3965/3965
f 3931/3931/3931 3966/3966/3966 3932/3932/3932
f 4515/4515/4515 4517/4517/4517 4564/4564/4564
f 4565/4565/4565 4522/4522/4522 4566/4566/4566
f 4766/4766/4766 4560/4560/4560 4559/4559/4559
f 3967/3967/3967 3968/3968/3968 3969/3969/3969
f 3970/3970/3970 3932/3932/3932 3966/3966/3966
f 4567/4567/4567 4568/4568/4568 4569/4569/4569
f 4570/4570/4570 4568/4568/4568 4567/4567/4567
f 3918/3918/3918 3971/3971/3971 3954/3954/3954
f 3972/3972/3972 3973/3973/3973 3974/3974/3974
f 3945/3945/3945 3975/3975/3975 3960/3960/3960
f 3976/3976/3976 3977/3977/3977 3978/3978/3978
f 4571/4571/4571 4517/4517/4517 4572/4572/4572
f 3962/3962/3962 3940/3940/3940 3979/3979/3979
f 3980/3980/3980 3961/3961/3961 3958/3958/3958
f 3981/3981/3981 3965/3965/3965 3964/3964/3964
f 4483/4483/4483 4482/4482/4482 4573/4573/4573
f 4574/4574/4574 4575/4575/4575 4576/4576/4576
f 3982/3982/3982 3983/3983/3983 3984/3984/3984
f 3985/3985/3985 3986/3986/3986 3987/3987/3987
f 3988/3988/3988 4256/4256/4256 4257/4257/4257
f 3980/3980/3980 3989/3989/3989 3961/3961/3961
f 3984/3984/3984 3983/3983/3983 3990/3990/3990
f 3988/3988/3988 4257/4257/4257 3991/3991/3991
f 4577/4577/4577 4578/4578/4578 4579/4579/4579
f 3952/3952/3952 3992/3992/3992 3993/3993/3993
f 4580/4580/4580 4556/4556/4556 4477/4477/4477
f 3952/3952/3952 3948/3948/3948 3992/3992/3992
f 4513/4513/4513 4541/4541/4541 4581/4581/4581
f 4582/4582/4582 4583/4583/4583 4764/4764/4764
f 3954/3954/3954 3994/3994/3994 3995/3995/3995
f 3988/3988/3988 3996/3996/3996 4256/4256/4256
f 4584/4584/4584 4585/4585/4585 4586/4586/4586
f 3997/3997/3997 4256/4256/4256 3996/3996/3996
f 3979/3979/3979 3998/3998/3998 3962/3962/3962
f 3999/3999/3999 3981/3981/3981 3964/3964/3964
f 3969/3969/3969 3968/3968/3968 4000/4000/4000
f 4001/4001/4001 4002/4002/4002 3942/3942/3942
f 4587/4587/4587 4585/4585/4585 4584/4584/4584
f 4588/4588/4588 4589/4589/4589 4590/4590/4590
f 4003/4003/4003 4004/4004/4004 4005/4005/4005
f 3970/3970/3970 3966/3966/3966 4006/4006/4006
f 3985/3985/3985 3987/3987/3987 4007/4007/4007
f 4008/4008/4008 4009/4009/4009 4010/4010/4010
f 3970/3970/3970 4006/4006/4006 4011/4011/4011
f 3954/3954/3954 3971/3971/3971 4012/4012/4012
f 4588/4588/4588 4590/4590/4590 4591/4591/4591
f 3999/3999/3999 3964/3964/3964 4013/4013/4013
f 3997/3997/3997 4258/4258/4258 4014/4014/4014
f 4592/4592/4592 4593/4593/4593 4594/4594/4594
f 4531/4531/4531 4595/4595/4595 4532/4532/4532
f 4015/4015/4015 3952/3952/3952 3993/3993/3993
f 4016/4016/4016 4017/4017/4017 4018/4018/4018
f 4019/4019/4019 4020/4020/4020 4021/4021/4021
f 4005/4005/4005 4022/4022/4022 4003/4003/4003
f 4581/4581/4581 4596/4596/4596 4597/4597/4597
f 4008/4008/4008 4010/4010/4010 4023/4023/4023
f 4001/4001/4001 3942/3942/3942 3961/3961/3961
f 4598/4598/4598 4596/4596/4596 4541/4541/4541
f 4541/4541/4541 4596/4596/4596 4581/4581/4581
f 4523/4523/4523 4522/4522/4522 4565/4565/4565
f 4599/4599/4599 4600/4600/4600 4601/4601/4601
f 4550/4550/4550 4602/4602/4602 4551/4551/4551
f 4555/4555/4555 4554/4554/4554 4603/4603/4603
f 4604/4604/4604 4605/4605/4605 4606/4606/4606
f 4024/4024/4024 4025/4025/4025 4026/4026/4026
f 3996/3996/3996 4258/4258/4258 3997/3997/3997
f 4580/4580/4580 4607/4607/4607 4556/4556/4556
f 4482/4482/4482 4608/4608/4608 4573/4573/4573
f 4555/4555/4555 4603/4603/4603 4609/4609/4609
f 4259/4259/4259 4258/4258/4258 3996/3996/3996
f 4027/4027/4027 4021/4021/4021 4028/4028/4028
f 4259/4259/4259 4260/4260/4260 4029/4029/4029
f 4564/4564/4564 4517/4517/4517 4610/4610/4610
f 4258/4258/4258 4259/4259/4259 4029/4029/4029
f 4030/4030/4030 3998/3998/3998 3979/3979/3979
f 4565/4565/4565 4611/4611/4611 4523/4523/4523
f 4031/4031/4031 4032/4032/4032 4033/4033/4033
f 4482/4482/4482 4464/4464/4464 4608/4608/4608
f 4571/4571/4571 4612/4612/4612 4517/4517/4517
f 4587/4587/4587 4613/4613/4613 4614/4614/4614
f 3961/3961/3961 3989/3989/3989 4034/4034/4034
f 4601/4601/4601 4615/4615/4615 4616/4616/4616
f 2907/2907/2907 2908/2908/2908 2909/2909/2909
f 4617/4617/4617 4594/4594/4594 4593/4593/4593
f 4035/4035/4035 4036/4036/4036 4037/4037/4037
f 4021/4021/4021 4020/4020/4020 4028/4028/4028
f 4618/4618/4618 4599/4599/4599 4601/4601/4601
f 2907/2907/2907 2910/2910/2910 2908/2908/2908
f 2911/2911/2911 2912/2912/2912 2913/2913/2913
f 4601/4601/4601 4616/4616/4616 4618/4618/4618
f 3954/3954/3954 4012/4012/4012 3994/3994/3994
f 4619/4619/4619 4620/4620/4620 4621/4621/4621
f 4617/4617/4617 4622/4622/4622 4594/4594/4594
f 4038/4038/4038 4039/4039/4039 4040/4040/4040
f 4623/4623/4623 4624/4624/4624 4625/4625/4625
f 2914/2914/2914 2915/2915/2915 2916/2916/2916
f 4041/4041/4041 4042/4042/4042 4043/4043/4043
f 4617/4617/4617 4626/4626/4626 4622/4622/4622
f 2913/2913/2913 2917/2917/2917 2911/2911/2911
f 4587/4587/4587 4614/4614/4614 4627/4627/4627
f 4022/4022/4022 4044/4044/4044 4003/4003/4003
f 4038/4038/4038 4040/4040/4040 4045/4045/4045
f 4623/4623/4623 4625/4625/4625 4628/4628/4628
f 4629/4629/4629 4630/4630/4630 4631/4631/4631
f 2918/2918/2918 2919/2919/2919 2920/2920/2920
f 2921/2921/2921 2911/2911/2911 2917/2917/2917
f 4632/4632/4632 4629/4629/4629 4631/4631/4631
f 2915/2915/2915 2922/2922/2922 2916/2916/2916
f 2907/2907/2907 2909/2909/2909 2923/2923/2923
f 4026/4026/4026 4025/4025/4025 4046/4046/4046
f 4628/4628/4628 4633/4633/4633 4623/4623/4623
f 4634/4634/4634 4635/4635/4635 4636/4636/4636
f 4637/4637/4637 4638/4638/4638 4639/4639/4639
f 4047/4047/4047 3961/3961/3961 4034/4034/4034
f 2924/2924/2924 2925/2925/2925 2926/2926/2926
f 4613/4613/4613 4587/4587/4587 4584/4584/4584
f 4640/4640/4640 4641/4641/4641 4642/4642/4642
f 2927/2927/2927 2928/2928/2928 2929/2929/2929
f 4643/4643/4643 4644/4644/4644 4645/4645/4645
f 2930/2930/2930 2931/2931/2931 2932/2932/2932
f 4646/4646/4646 4645/4645/4645 4644/4644/4644
f 4580/4580/4580 4647/4647/4647 4607/4607/4607
f 4048/4048/4048 4049/4049/4049 4050/4050/4050
f 4634/4634/4634 4636/4636/4636 4648/4648/4648
f 2916/2916/2916 2922/2922/2922 2933/2933/2933
f 4649/4649/4649 4650/4650/4650 4651/4651/4651
f 4051/4051/4051 4052/4052/4052 4048/4048/4048
f 4652/4652/4652 4653/4653/4653 4654/4654/4654
f 4584/4584/4584 4586/4586/4586 4655/4655/4655
f 4053/4053/4053 4054/4054/4054 4055/4055/4055
f 2916/2916/2916 2934/2934/2934 2914/2914/2914
f 4056/4056/4056 4044/4044/4044 4022/4022/4022
f 2931/2931/2931 2935/2935/2935 2932/2932/2932
f 4258/4258/4258 4029/4029/4029 4260/4260/4260
f 4656/4656/4656 4610/4610/4610 4517/4517/4517
f 4657/4657/4657 4658/4658/4658 4659/4659/4659
f 2929/2929/2929 2936/2936/2936 2927/2927/2927
f 4043/4043/4043 4057/4057/4057 4058/4058/4058
f 4050/4050/4050 4059/4059/4059 4048/4048/4048
f 4582/4582/4582 4557/4557/4557 4660/4660/4660
f 2908/2908/2908 2910/2910/2910 2937/2937/2937
f 4060/4060/4060 4061/4061/4061 4062/4062/4062
f 4611/4611/4611 4565/4565/4565 4661/4661/4661
f 4063/4063/4063 4064/4064/4064 4065/4065/4065
f 4662/4662/4662 4632/4632/4632 4663/4663/4663
f 4662/4662/4662 4629/4629/4629 4632/4632/4632
f 4261/4261/4261 4258/4258/4258 4260/4260/4260
f 4517/4517/4517 4612/4612/4612 4656/4656/4656
f 4037/4037/4037 4066/4066/4066 4035/4035/4035
f 4664/4664/4664 4665/4665/4665 4666/4666/4666
f 4058/4058/4058 4041/4041/4041 4043/4043/4043
f 4067/4067/4067 4065/4065/4065 4064/4064/4064
f 4068/4068/4068 4069/4069/4069 4070/4070/4070
f 2938/2938/2938 2930/2930/2930 2932/2932/2932
f 2910/2910/2910 2939/2939/2939 2937/2937/2937
f 2940/2940/2940 2941/2941/2941 2942/2942/2942
f 2943/2943/2943 3232/3232/3232 2944/2944/2944
f 4667/4667/4667 4668/4668/4668 4669/4669/4669
f 4613/4613/4613 4670/4670/4670 4614/4614/4614
f 4671/4671/4671 4637/4637/4637 4639/4639/4639
f 2927/2927/2927 2936/2936/2936 2945/2945/2945
f 2933/2933/2933 2946/2946/2946 2916/2916/2916
f 4582/4582/4582 4764/4764/4764 4557/4557/4557
f 4672/4672/4672 4673/4673/4673 4674/4674/4674
f 4071/4071/4071 4072/4072/4072 4073/4073/4073
f 2931/2931/2931 2947/2947/2947 2935/2935/2935
f 2948/2948/2948 2942/2942/2942 2941/2941/2941
f 4074/4074/4074 4054/4054/4054 4053/4053/4053
f 4633/4633/4633 4628/4628/4628 4675/4675/4675
f 4267/4267/4267 4268/4268/4268 4269/4269/4269
f 2920/2920/2920 2949/2949/2949 2918/2918/2918
f 4676/4676/4676 4677/4677/4677 4678/4678/4678
f 4679/4679/4679 4680/4680/4680 4681/4681/4681
f 4682/4682/4682 4676/4676/4676 4678/4678/4678
f 4683/4683/4683 4684/4684/4684 4685/4685/4685
f 4270/4270/4270 4267/4267/4267 4269/4269/4269
f 4075/4075/4075 4071/4071/4071 4073/4073/4073
f 4686/4686/4686 4687/4687/4687 4688/4688/4688
f 2950/2950/2950 2951/2951/2951 2927/2927/2927
f 4076/4076/4076 4077/4077/4077 4078/4078/4078
f 4045/4045/4045 4079/4079/4079 4080/4080/4080
f 4075/4075/4075 4073/4073/4073 4262/4262/4262
f 4045/4045/4045 4040/4040/4040 4079/4079/4079
f 4686/4686/4686 4689/4689/4689 4687/4687/4687
f 4081/4081/4081 4082/4082/4082 4083/4083/4083
f 2952/2952/2952 2953/2953/2953 2954/2954/2954
f 4690/4690/4690 4691/4691/4691 4692/4692/4692
f 4693/4693/4693 4629/4629/4629 4662/4662/4662
f 4084/4084/4084 4085/4085/4085 4082/4082/4082
f 2945/2945/2945 2950/2950/2950 2927/2927/2927
f 2955/2955/2955 2956/2956/2956 2911/2911/2911
f 4084/4084/4084 4082/4082/4082 4081/4081/4081
f 4685/4685/4685 4694/4694/4694 4683/4683/4683
f 4078/4078/4078 4077/4077/4077 4086/4086/4086
f 4087/4087/4087 4088/4088/4088 4089/4089/4089
f 2911/2911/2911 2921/2921/2921 2955/2955/2955
f 4054/4054/4054 4090/4090/4090 4091/4091/4091
f 2923/2923/2923 2909/2909/2909 2957/2957/2957
f 2958/2958/2958 2959/2959/2959 2960/2960/2960
f 4695/4695/4695 4696/4696/4696 4697/4697/4697
f 2916/2916/2916 2961/2961/2961 2934/2934/2934
f 4262/4262/4262 4092/4092/4092 4075/4075/4075
f 4037/4037/4037 4093/4093/4093 4066/4066/4066
f 2954/2954/2954 2962/2962/2962 2952/2952/2952
f 2946/2946/2946 2963/2963/2963 2916/2916/2916
f 4094/4094/4094 4095/4095/4095 4096/4096/4096
f 4694/4694/4694 4685/4685/4685 4698/4698/4698
f 4689/4689/4689 4686/4686/4686 4699/4699/4699
f 2964/2964/2964 2965/2965/2965 2966/2966/2966
f 4700/4700/4700 4701/4701/4701 4702/4702/4702
f 4703/4703/4703 4704/4704/4704 4705/4705/4705
f 2957/2957/2957 2909/2909/2909 2967/2967/2967
f 2940/2940/2940 2968/2968/2968 2941/2941/2941
f 4080/4080/4080 4079/4079/4079 4097/4097/4097
f 2931/2931/2931 2969/2969/2969 2947/2947/2947
f 2955/2955/2955 2970/2970/2970 2956/2956/2956
f 2971/2971/2971 2952/2952/2952 2962/2962/2962
f 4695/4695/4695 4697/4697/4697 4706/4706/4706
f 4702/4702/4702 4707/4707/4707 4700/4700/4700
f 2917/2917/2917 2913/2913/2913 2972/2972/2972
f 2921/2921/2921 2917/2917/2917 2972/2972/2972
f 4708/4708/4708 4709/4709/4709 4710/4710/4710
f 2950/2950/2950 2973/2973/2973 2951/2951/2951
f 2974/2974/2974 2975/2975/2975 2976/2976/2976
f 4271/4271/4271 4272/4272/4272 4273/4273/4273
f 2958/2958/2958 2977/2977/2977 2959/2959/2959
f 4274/4274/4274 4275/4275/4275 4276/4276/4276
f 4711/4711/4711 4712/4712/4712 4713/4713/4713
f 4711/4711/4711 4713/4713/4713 4714/4714/4714
f 2978/2978/2978 2951/2951/2951 2973/2973/2973
f 2972/2972/2972 2979/2979/2979 2921/2921/2921
f 4272/4272/4272 4271/4271/4271 4277/4277/4277
f 2980/2980/2980 2972/2972/2972 2913/2913/2913
f 4715/4715/4715 4716/4716/4716 4717/4717/4717
f 4059/4059/4059 4051/4051/4051 4048/4048/4048
f 4718/4718/4718 4719/4719/4719 4720/4720/4720
f 2981/2981/2981 2934/2934/2934 2961/2961/2961
f 4721/4721/4721 4704/4704/4704 4703/4703/4703
f 4278/4278/4278 4279/4279/4279 4280/4280/4280
f 4098/4098/4098 4099/4099/4099 4100/4100/4100
f 2982/2982/2982 2930/2930/2930 2938/2938/2938
f 2921/2921/2921 2983/2983/2983 2955/2955/2955
f 2984/2984/2984 2985/2985/2985 2986/2986/2986
f 4718/4718/4718 4722/4722/4722 4719/4719/4719
f 4281/4281/4281 4282/4282/4282 4280/4280/4280
f 2987/2987/2987 2988/2988/2988 2989/2989/2989
f 4723/4723/4723 4724/4724/4724 4725/4725/4725
f 4725/4725/4725 4724/4724/4724 4726/4726/4726
f 2971/2971/2971 2990/2990/2990 2952/2952/2952
f 4727/4727/4727 4728/4728/4728 4729/4729/4729
f 4730/4730/4730 4731/4731/4731 4732/4732/4732
f 4668/4668/4668 4733/4733/4733 4669/4669/4669
f 2991/2991/2991 2992/2992/2992 2993/2993/2993
f 2952/2952/2952 2990/2990/2990 2994/2994/2994
f 2995/2995/2995 2966/2966/2966 2996/2996/2996
f 4101/4101/4101 4102/4102/4102 4103/4103/4103
f 4279/4279/4279 4278/4278/4278 4283/4283/4283
f 2966/2966/2966 2965/2965/2965 2996/2996/2996
f 4734/4734/4734 4656/4656/4656 4612/4612/4612
f 3233/3233/3233 2997/2997/2997 3234/3234/3234
f 2998/2998/2998 2999/2999/2999 3000/3000/3000
f 3001/3001/3001 3002/3002/3002 3003/3003/3003
f 2913/2913/2913 3004/3004/3004 2980/2980/2980
f 4277/4277/4277 4271/4271/4271 4284/4284/4284
f 4735/4735/4735 4736/4736/4736 4737/4737/4737
f 4285/4285/4285 4286/4286/4286 4287/4287/4287
f 4690/4690/4690 4692/4692/4692 4738/4738/4738
f 2990/2990/2990 2971/2971/2971 3005/3005/3005
f 4564/4564/4564 4610/4610/4610 4739/4739/4739
f 4102/4102/4102 4101/4101/4101 4104/4104/4104
f 3006/3006/3006 2991/2991/2991 2993/2993/2993
f 4105/4105/4105 4106/4106/4106 4107/4107/4107
f 3007/3007/3007 3008/3008/3008 3234/3234/3234
f 3009/3009/3009 3010/3010/3010 3011/3011/3011
f 4288/4288/4288 4289/4289/4289 4290/4290/4290
f 4740/4740/4740 4737/4737/4737 4736/4736/4736
f 4704/4704/4704 4721/4721/4721 4741/4741/4741
f 4658/4658/4658 4742/4742/4742 4659/4659/4659
f 4622/4622/4622 4626/4626/4626 4743/4743/4743
f 3012/3012/3012 3013/3013/3013 3014/3014/3014
f 3015/3015/3015 3016/3016/3016 3017/3017/3017
f 4744/4744/4744 4745/4745/4745 4746/4746/4746
f 4291/4291/4291 4292/4292/4292 4293/4293/4293
f 4108/4108/4108 4109/4109/4109 4110/4110/4110
f 4747/4747/4747 4659/4659/4659 4742/4742/4742
f 4280/4280/4280 4279/4279/4279 4281/4281/4281
f 2997/2997/2997 3233/3233/3233 3018/3018/3018
f 3019/3019/3019 3235/3235/3235 3236/3236/3236
f 4060/4060/4060 4111/4111/4111 4112/4112/4112
f 4748/4748/4748 4686/4686/4686 4749/4749/4749
f 4750/4750/4750 4751/4751/4751 4752/4752/4752
f 4751/4751/4751 4750/4750/4750 4753/4753/4753
f 4285/4285/4285 4294/4294/4294 4286/4286/4286
f 4281/4281/4281 4295/4295/4295 4282/4282/4282
f 4749/4749/4749 4686/4686/4686 4688/4688/4688
f 4113/4113/4113 4094/4094/4094 4096/4096/4096
f 4100/4100/4100 4114/4114/4114 4098/4098/4098
f 4754/4754/4754 4729/4729/4729 4755/4755/4755
f 4115/4115/4115 4116/4116/4116 4117/4117/4117
f 4118/4118/4118 4119/4119/4119 4102/4102/4102
f 3020/3020/3020 2968/2968/2968 2940/2940/2940
f 4116/4116/4116 4115/4115/4115 4120/4120/4120
f 4296/4296/4296 4297/4297/4297 4298/4298/4298
f 3021/3021/3021 3022/3022/3022 3237/3237/3237
f 2919/2919/2919 3023/3023/3023 2920/2920/2920
f 4649/4649/4649 4651/4651/4651 4756/4756/4756
f 4298/4298/4298 4299/4299/4299 4296/4296/4296
f 4103/4103/4103 4102/4102/4102 4119/4119/4119
f 3024/3024/3024 2947/2947/2947 2969/2969/2969
f 3013/3013/3013 3012/3012/3012 3025/3025/3025
f 4609/4609/4609 4757/4757/4757 4555/4555/4555
f 4291/4291/4291 4300/4300/4300 4292/4292/4292
f 4088/4088/4088 4087/4087/4087 4121/4121/4121
f 4122/4122/4122 4123/4123/4123 4124/4124/4124
f 4094/4094/4094 4113/4113/4113 4125/4125/4125
f 4054/4054/4054 4074/4074/4074 4090/4090/4090
f 4292/4292/4292 4301/4301/4301 4293/4293/4293
f 4755/4755/4755 4729/4729/4729 4728/4728/4728
f 3026/3026/3026 3010/3010/3010 3009/3009/3009
f 4126/4126/4126 4127/4127/4127 4128/4128/4128
f 3026/3026/3026 3009/3009/3009 3027/3027/3027
f 4753/4753/4753 4750/4750/4750 4758/4758/4758
f 4302/4302/4302 4303/4303/4303 4304/4304/4304
f 4305/4305/4305 4306/4306/4306 4307/4307/4307
f 4308/4308/4308 4309/4309/4309 4310/4310/4310
f 4759/4759/4759 4760/4760/4760 4761/4761/4761
f 4111/4111/4111 4060/4060/4060 4062/4062/4062
f 3028/3028/3028 3029/3029/3029 3030/3030/3030
f 4310/4310/4310 4309/4309/4309 4311/4311/4311
f 3031/3031/3031 3013/3013/3013 3025/3025/3025
f 4312/4312/4312 4313/4313/4313 4271/4271/4271
f 3238/3238/3238 3239/3239/3239 3032/3032/3032
f 4271/4271/4271 4313/4313/4313 4284/4284/4284
f 3006/3006/3006 3033/3033/3033 3034/3034/3034
f 4314/4314/4314 4315/4315/4315 4316/4316/4316
f 4129/4129/4129 4128/4128/4128 4127/4127/4127
f 4317/4317/4317 4318/4318/4318 4319/4319/4319
f 4320/4320/4320 4303/4303/4303 4302/4302/4302
f 2968/2968/2968 3020/3020/3020 3035/3035/3035
f 3018/3018/3018 3240/3240/3240 2997/2997/2997
f 4321/4321/4321 4311/4311/4311 4309/4309/4309
f 4753/4753/4753 4758/4758/4758 4762/4762/4762
f 4322/4322/4322 4323/4323/4323 4324/4324/4324
f 3036/3036/3036 2995/2995/2995 3037/3037/3037
f 4290/4290/4290 4289/4289/4289 4325/4325/4325
f 4316/4316/4316 4315/4315/4315 4326/4326/4326
f 3006/3006/3006 2993/2993/2993 3033/3033/3033
f 4327/4327/4327 4414/4414/4414 4328/4328/4328
f 4130/4130/4130 4131/4131/4131 4132/4132/4132
f 4133/4133/4133 4128/4128/4128 4129/4129/4129
f 3038/3038/3038 3026/3026/3026 3027/3027/3027
f 4329/4329/4329 4330/4330/4330 4331/4331/4331
f 2964/2964/2964 3039/3039/3039 2965/2965/2965
f 4332/4332/4332 4333/4333/4333 4334/4334/4334
f 4335/4335/4335 4336/4336/4336 4337/4337/4337
f 4134/4134/4134 4135/4135/4135 4136/4136/4136
f 2995/2995/2995 2996/2996/2996 3037/3037/3037
f 4338/4338/4338 4339/4339/4339 4340/4340/4340
f 4341/4341/4341 4342/4342/4342 4343/4343/4343
f 4110/4110/4110 4137/4137/4137 4108/4108/4108
f 3007/3007/3007 3234/3234/3234 2997/2997/2997
f 3040/3040/3040 3041/3041/3041 3042/3042/3042
f 4327/4327/4327 4328/4328/4328 4344/4344/4344
f 4345/4345/4345 4346/4346/4346 4347/4347/4347
f 4348/4348/4348 4349/4349/4349 4350/4350/4350
f 4125/4125/4125 4113/4113/4113 4138/4138/4138
f 4325/4325/4325 4351/4351/4351 4290/4290/4290
f 4139/4139/4139 4140/4140/4140 4141/4141/4141
f 3043/3043/3043 3032/3032/3032 3239/3239/3239
f 4142/4142/4142 4143/4143/4143 4144/4144/4144
f 4134/4134/4134 4136/4136/4136 4145/4145/4145
f 4352/4352/4352 4353/4353/4353 4354/4354/4354
f 4355/4355/4355 4356/4356/4356 4357/4357/4357
f 4146/4146/4146 4147/4147/4147 4148/4148/4148
f 4358/4358/4358 4359/4359/4359 4360/4360/4360
f 4361/4361/4361 4362/4362/4362 4363/4363/4363
f 4364/4364/4364 4365/4365/4365 4366/4366/4366
f 3044/3044/3044 3045/3045/3045 3033/3033/3033
f 4367/4367/4367 4368/4368/4368 4369/4369/4369
f 4370/4370/4370 4371/4371/4371 4372/4372/4372
f 4332/4332/4332 4334/4334/4334 4373/4373/4373
f 4350/4350/4350 4349/4349/4349 4374/4374/4374
f 4133/4133/4133 4129/4129/4129 4149/4149/4149
f 2969/2969/2969 3046/3046/3046 3024/3024/3024
f 4375/4375/4375 4376/4376/4376 4377/4377/4377
f 3047/3047/3047 2980/2980/2980 3004/3004/3004
f 4323/4323/4323 4378/4378/4378 4324/4324/4324
f 4379/4379/4379 4364/4364/4364 4366/4366/4366
f 4370/4370/4370 4372/4372/4372 4380/4380/4380
f 4150/4150/4150 4151/4151/4151 4152/4152/4152
f 4354/4354/4354 4353/4353/4353 4381/4381/4381
f 4107/4107/4107 4153/4153/4153 4154/4154/4154
f 3029/3029/3029 3048/3048/3048 3030/3030/3030
f 3049/3049/3049 3031/3031/3031 3025/3025/3025
f 3050/3050/3050 3051/3051/3051 3052/3052/3052
f 4359/4359/4359 4358/4358/4358 4382/4382/4382
f 3053/3053/3053 3024/3024/3024 3046/3046/3046
f 2997/2997/2997 3240/3240/3240 3054/3054/3054
f 3054/3054/3054 3007/3007/3007 2997/2997/2997
f 2970/2970/2970 2955/2955/2955 3055/3055/3055
f 3056/3056/3056 3057/3057/3057 3058/3058/3058
f 3036/3036/3036 3037/3037/3037 3059/3059/3059
f 4383/4383/4383 4384/4384/4384 4385/4385/4385
f 4144/4144/4144 4155/4155/4155 4142/4142/4142
f 3060/3060/3060 3061/3061/3061 3062/3062/3062
f 3063/3063/3063 2920/2920/2920 3023/3023/3023
f 3064/3064/3064 3017/3017/3017 3016/3016/3016
f 3062/3062/3062 3065/3065/3065 3060/3060/3060
f 3066/3066/3066 3067/3067/3067 3068/3068/3068
f 3069/3069/3069 3070/3070/3070 3071/3071/3071
f 4386/4386/4386 4324/4324/4324 4378/4378/4378
f 4387/4387/4387 4415/4415/4415 4388/4388/4388
f 4389/4389/4389 4350/4350/4350 4374/4374/4374
f 3072/3072/3072 3073/3073/3073 2920/2920/2920
f 4156/4156/4156 4139/4139/4139 4141/4141/4141
f 3031/3031/3031 3049/3049/3049 3074/3074/3074
f 4157/4157/4157 4158/4158/4158 4159/4159/4159
f 3075/3075/3075 3007/3007/3007 3076/3076/3076
f 3033/3033/3033 3045/3045/3045 3077/3077/3077
f 2957/2957/2957 2967/2967/2967 3078/3078/3078
f 4390/4390/4390 4391/4391/4391 4392/4392/4392
f 4142/4142/4142 4160/4160/4160 4143/4143/4143
f 4350/4350/4350 4389/4389/4389 4393/4393/4393
f 3076/3076/3076 3007/3007/3007 3054/3054/3054
f 7634/7634/7634 7635/7635/7635 7636/7636/7636
f 7637/7637/7637 7634/7634/7634 7636/7636/7636
f 7636/7636/7636 7635/7635/7635 7638/7638/7638
f 4394/4394/4394 4378/4378/4378 4395/4395/4395
f 4161/4161/4161 4162/4162/4162 4139/4139/4139
f 4163/4163/4163 4164/4164/4164 4165/4165/4165
f 4394/4394/4394 4386/4386/4386 4378/4378/4378
f 4384/4384/4384 4396/4396/4396 4385/4385/4385
f 7637/7637/7637 7639/7639/7639 7634/7634/7634
f 7640/7640/7640 7641/7641/7641 7642/7642/7642
f 4166/4166/4166 4167/4167/4167 4168/4168/4168
f 4161/4161/4161 4139/4139/4139 4156/4156/4156
f 3241/3241/3241 3054/3054/3054 3240/3240/3240
f 3074/3074/3074 3049/3049/3049 3079/3079/3079
f 4367/4367/4367 4397/4397/4397 4368/4368/4368
f 4391/4391/4391 4390/4390/4390 4398/4398/4398
f 3067/3067/3067 3066/3066/3066 3080/3080/3080
f 4399/4399/4399 4400/4400/4400 4401/4401/4401
f 7639/7639/7639 7643/7643/7643 7634/7634/7634
f 3074/3074/3074 3079/3079/3079 3081/3081/3081
f 3077/3077/3077 3034/3034/3034 3033/3033/3033
f 4165/4165/4165 4169/4169/4169 4163/4163/4163
f 3078/3078/3078 3082/3082/3082 2957/2957/2957
f 3039/3039/3039 3083/3083/3083 2965/2965/2965
f 4107/4107/4107 4170/4170/4170 4105/4105/4105
f 3029/3029/3029 3084/3084/3084 3048/3048/3048
f 3085/3085/3085 3086/3086/3086 3087/3087/3087
f 4171/4171/4171 4172/4172/4172 4173/4173/4173
f 7644/7644/7644 7645/7645/7645 7646/7646/7646
f 4174/4174/4174 4166/4166/4166 4168/4168/4168
f 4130/4130/4130 4175/4175/4175 4131/4131/4131
f 7647/7647/7647 7648/7648/7648 7649/7649/7649
f 4402/4402/4402 4368/4368/4368 4397/4397/4397
f 4161/4161/4161 4176/4176/4176 4162/4162/4162
f 3088/3088/3088 3054/3054/3054 3241/3241/3241
f 3089/3089/3089 3029/3029/3029 3028/3028/3028
f 7648/7648/7648 7650/7650/7650 7649/7649/7649
f 3088/3088/3088 3076/3076/3076 3054/3054/3054
f 3090/3090/3090 3091/3091/3091 3092/3092/3092
f 4399/4399/4399 4403/4403/4403 4400/4400/4400
f 4177/4177/4177 4178/4178/4178 4179/4179/4179
f 4179/4179/4179 4180/4180/4180 4177/4177/4177
f 3093/3093/3093 3090/3090/3090 3092/3092/3092
f 3063/3063/3063 3072/3072/3072 2920/2920/2920
f 3094/3094/3094 3095/3095/3095 3096/3096/3096
f 3065/3065/3065 3062/3062/3062 3097/3097/3097
f 3098/3098/3098 3086/3086/3086 3085/3085/3085
f 4170/4170/4170 4107/4107/4107 4154/4154/4154
f 3062/3062/3062 3099/3099/3099 3097/3097/3097
f 4181/4181/4181 4098/4098/4098 4114/4114/4114
f 7651/7651/7651 7640/7640/7640 7642/7642/7642
f 7652/7652/7652 7653/7653/7653 7654/7654/7654
f 4181/4181/4181 4182/4182/4182 4183/4183/4183
f 7655/7655/7655 7656/7656/7656 7657/7657/7657
f 4177/4177/4177 4180/4180/4180 4184/4184/4184
f 4154/4154/4154 4153/4153/4153 4185/4185/4185
f 3242/3242/3242 3243/3243/3243 3244/3244/3244
f 4186/4186/4186 4162/4162/4162 4176/4176/4176
f 3023/3023/3023 3100/3100/3100 3063/3063/3063
f 3101/3101/3101 3070/3070/3070 3102/3102/3102
f 7658/7658/7658 7659/7659/7659 7660/7660/7660
f 7661/7661/7661 7662/7662/7662 7663/7663/7663
f 3103/3103/3103 3095/3095/3095 3094/3094/3094
f 4404/4404/4404 4402/4402/4402 4397/4397/4397
f 3099/3099/3099 3104/3104/3104 3097/3097/3097
f 3050/3050/3050 3052/3052/3052 3105/3105/3105
f 7664/7664/7664 7665/7665/7665 7666/7666/7666
f 7654/7654/7654 7667/7667/7667 7652/7652/7652
f 4114/4114/4114 4182/4182/4182 4181/4181/4181
f 7668/7668/7668 7661/7661/7661 7663/7663/7663
f 7669/7669/7669 7670/7670/7670 7671/7671/7671
f 4177/4177/4177 4184/4184/4184 4187/4187/4187
f 7672/7672/7672 7673/7673/7673 7674/7674/7674
f 7640/7640/7640 7651/7651/7651 7675/7675/7675
f 4188/4188/4188 4189/4189/4189 4190/4190/4190
f 7644/7644/7644 7646/7646/7646 7676/7676/7676
f 7677/7677/7677 7678/7678/7678 7679/7679/7679
f 3106/3106/3106 3072/3072/3072 3107/3107/3107
f 3104/3104/3104 3108/3108/3108 3097/3097/3097
f 3089/3089/3089 3084/3084/3084 3029/3029/3029
f 4175/4175/4175 4191/4191/4191 4131/4131/4131
f 7680/7680/7680 7681/7681/7681 7682/7682/7682
f 4405/4405/4405 4406/4406/4406 4407/4407/4407
f 7683/7683/7683 7684/7684/7684 7685/7685/7685
f 3107/3107/3107 3072/3072/3072 3063/3063/3063
f 7676/7676/7676 7686/7686/7686 7644/7644/7644
f 4192/4192/4192 4193/4193/4193 4194/4194/4194
f 7661/7661/7661 7687/7687/7687 7662/7662/7662
f 4185/4185/4185 4195/4195/4195 4154/4154/4154
f 7688/7688/7688 7678/7678/7678 7677/7677/7677
f 3109/3109/3109 3035/3035/3035 3110/3110/3110
f 7689/7689/7689 7690/7690/7690 7691/7691/7691
f 7692/7692/7692 7693/7693/7693 7694/7694/7694
f 4193/4193/4193 4192/4192/4192 4196/4196/4196
f 3111/3111/3111 3112/3112/3112 3113/3113/3113
f 7695/7695/7695 7656/7656/7656 7696/7696/7696
f 4197/4197/4197 4198/4198/4198 4199/4199/4199
f 3110/3110/3110 3035/3035/3035 3020/3020/3020
f 3113/3113/3113 3112/3112/3112 3114/3114/3114
f 3089/3089/3089 3115/3115/3115 3084/3084/3084
f 4200/4200/4200 4201/4201/4201 4202/4202/4202
f 3077/3077/3077 3116/3116/3116 3034/3034/3034
f 7697/7697/7697 7698/7698/7698 7699/7699/7699
f 7700/7700/7700 7695/7695/7695 7696/7696/7696
f 7701/7701/7701 7702/7702/7702 7703/7703/7703
f 4175/4175/4175 4203/4203/4203 4191/4191/4191
f 7687/7687/7687 7661/7661/7661 7704/7704/7704
f 4405/4405/4405 4407/4407/4407 4408/4408/4408
f 4204/4204/4204 4205/4205/4205 4206/4206/4206
f 3117/3117/3117 3118/3118/3118 3119/3119/3119
f 4187/4187/4187 4184/4184/4184 4207/4207/4207
f 3245/3245/3245 3246/3246/3246 3247/3247/3247
f 7700/7700/7700 7705/7705/7705 7695/7695/7695
f 3076/3076/3076 3088/3088/3088 3075/3075/3075
f 3102/3102/3102 3120/3120/3120 3101/3101/3101
f 4263/4263/4263 4208/4208/4208 4209/4209/4209
f 3121/3121/3121 3089/3089/3089 3028/3028/3028
f 7689/7689/7689 7691/7691/7691 7706/7706/7706
f 3122/3122/3122 3123/3123/3123 3124/3124/3124
f 3119/3119/3119 3118/3118/3118 3125/3125/3125
f 3123/3123/3123 3126/3126/3126 3124/3124/3124
f 4197/4197/4197 4196/4196/4196 4192/4192/4192
f 4210/4210/4210 4264/4264/4264 4211/4211/4211
f 7695/7695/7695 7707/7707/7707 7657/7657/7657
f 7708/7708/7708 7698/7698/7698 7697/7697/7697
f 7709/7709/7709 7657/7657/7657 7707/7707/7707
f 4212/4212/4212 4191/4191/4191 4203/4203/4203
f 4190/4190/4190 4213/4213/4213 4188/4188/4188
f 4197/4197/4197 4214/4214/4214 4198/4198/4198
f 3122/3122/3122 3124/3124/3124 3127/3127/3127
f 3128/3128/3128 3048/3048/3048 3084/3084/3084
f 7697/7697/7697 7710/7710/7710 7708/7708/7708
f 7711/7711/7711 7702/7702/7702 7712/7712/7712
f 7713/7713/7713 7714/7714/7714 7715/7715/7715
f 7716/7716/7716 7717/7717/7717 7718/7718/7718
f 4206/4206/4206 4205/4205/4205 4215/4215/4215
f 3124/3124/3124 3129/3129/3129 3127/3127/3127
f 7717/7717/7717 7719/7719/7719 7718/7718/7718
f 4201/4201/4201 4216/4216/4216 4202/4202/4202
f 3125/3125/3125 3130/3130/3130 3119/3119/3119
f 4192/4192/4192 4214/4214/4214 4197/4197/4197
f 7720/7720/7720 7721/7721/7721 7722/7722/7722
f 7695/7695/7695 7657/7657/7657 7656/7656/7656
f 7723/7723/7723 7724/7724/7724 7725/7725/7725
f 7726/7726/7726 7727/7727/7727 7728/7728/7728
f 3248/3248/3248 3249/3249/3249 3250/3250/3250
f 7729/7729/7729 7730/7730/7730 7731/7731/7731
f 7934/7934/7934 7935/7935/7935 7936/7936/7936
f 4212/4212/4212 4203/4203/4203 4217/4217/4217
f 3131/3131/3131 3125/3125/3125 3118/3118/3118
f 4218/4218/4218 4219/4219/4219 4220/4220/4220
f 3132/3132/3132 3133/3133/3133 3134/3134/3134
f 4215/4215/4215 4221/4221/4221 4206/4206/4206
f 4181/4181/4181 4183/4183/4183 4222/4222/4222
f 3063/3063/3063 3100/3100/3100 3135/3135/3135
f 7732/7732/7732 7733/7733/7733 7734/7734/7734
f 7735/7735/7735 7736/7736/7736 7737/7737/7737
f 4190/4190/4190 4223/4223/4223 4213/4213/4213
f 4223/4223/4223 4190/4190/4190 4224/4224/4224
f 3136/3136/3136 3137/3137/3137 3138/3138/3138
f 3251/3251/3251 3248/3248/3248 3250/3250/3250
f 7658/7658/7658 7660/7660/7660 7738/7738/7738
f 7937/7937/7937 7938/7938/7938 7939/7939/7939
f 4225/4225/4225 4226/4226/4226 4227/4227/4227
f 3139/3139/3139 3132/3132/3132 3134/3134/3134
f 7940/7940/7940 7941/7941/7941 7942/7942/7942
f 7739/7739/7739 7740/7740/7740 7741/7741/7741
f 7742/7742/7742 7743/7743/7743 7744/7744/7744
f 7943/7943/7943 7944/7944/7944 7945/7945/7945
f 7745/7745/7745 7733/7733/7733 7732/7732/7732
f 7746/7746/7746 7725/7725/7725 7724/7724/7724
f 7747/7747/7747 7682/7682/7682 7681/7681/7681
f 4228/4228/4228 4220/4220/4220 4219/4219/4219
f 8390/8390/8390 8391/8391/8391 8392/8392/8392
f 8091/8091/8091 8092/8092/8092 8093/8093/8093
f 3140/3140/3140 3141/3141/3141 3142/3142/3142
f 3070/3070/3070 3101/3101/3101 3071/3071/3071
f 4221/4221/4221 4215/4215/4215 4229/4229/4229
f 3137/3137/3137 3105/3105/3105 3052/3052/3052
f 3071/3071/3071 3101/3101/3101 3143/3143/3143
f 7946/7946/7946 7947/7947/7947 7948/7948/7948
f 7748/7748/7748 7731/7731/7731 7730/7730/7730
f 7937/7937/7937 7949/7949/7949 7938/7938/7938
f 8091/8091/8091 8093/8093/8093 8094/8094/8094
f 8095/8095/8095 8096/8096/8096 8097/8097/8097
f 4226/4226/4226 4230/4230/4230 4227/4227/4227
f 7950/7950/7950 7951/7951/7951 7952/7952/7952
f 3144/3144/3144 3135/3135/3135 3100/3100/3100
f 6148/6148/6148 6149/6149/6149 6150/6150/6150
f 8393/8393/8393 8394/8394/8394 8395/8395/8395
f 7743/7743/7743 7742/7742/7742 7749/7749/7749
f 6151/6151/6151 6152/6152/6152 6153/6153/6153
f 5898/5898/5898 5899/5899/5899 5900/5900/5900
f 6154/6154/6154 6155/6155/6155 6156/6156/6156
f 3084/3084/3084 3115/3115/3115 3145/3145/3145
f 7953/7953/7953 7954/7954/7954 7955/7955/7955
f 7956/7956/7956 7957/7957/7957 7958/7958/7958
f 8396/8396/8396 8397/8397/8397 8398/8398/8398
f 5901/5901/5901 5902/5902/5902 5903/5903/5903
f 5904/5904/5904 5903/5903/5903 5902/5902/5902
f 6157/6157/6157 6158/6158/6158 6159/6159/6159
f 4223/4223/4223 4224/4224/4224 4231/4231/4231
f 5899/5899/5899 5905/5905/5905 5900/5900/5900
f 8098/8098/8098 8099/8099/8099 8100/8100/8100
f 8101/8101/8101 8102/8102/8102 8097/8097/8097
f 3120/3120/3120 3146/3146/3146 3101/3101/3101
f 6495/6495/6495 6496/6496/6496 6497/6497/6497
f 8094/8094/8094 8103/8103/8103 8091/8091/8091
f 6160/6160/6160 6161/6161/6161 6162/6162/6162
f 6163/6163/6163 6164/6164/6164 6165/6165/6165
f 4232/4232/4232 4233/4233/4233 4234/4234/4234
f 8104/8104/8104 8105/8105/8105 8106/8106/8106
f 7959/7959/7959 7960/7960/7960 7961/7961/7961
f 7937/7937/7937 7962/7962/7962 7949/7949/7949
f 7963/7963/7963 7964/7964/7964 7965/7965/7965
f 7750/7750/7750 7751/7751/7751 7752/7752/7752
f 5906/5906/5906 5907/5907/5907 5908/5908/5908
f 6166/6166/6166 6167/6167/6167 6168/6168/6168
f 7966/7966/7966 7967/7967/7967 7968/7968/7968
f 7969/7969/7969 7970/7970/7970 7971/7971/7971
f 8095/8095/8095 8107/8107/8107 8096/8096/8096
f 7972/7972/7972 7954/7954/7954 7953/7953/7953
f 3128/3128/3128 3084/3084/3084 3145/3145/3145
f 7973/7973/7973 7974/7974/7974 7975/7975/7975
f 6169/6169/6169 6170/6170/6170 6171/6171/6171
f 6165/6165/6165 6164/6164/6164 6172/6172/6172
f 3142/3142/3142 3141/3141/3141 3147/3147/3147
f 3148/3148/3148 3125/3125/3125 3131/3131/3131
f 7976/7976/7976 7956/7956/7956 7958/7958/7958
f 8108/8108/8108 8109/8109/8109 8097/8097/8097
f 7977/7977/7977 7978/7978/7978 7979/7979/7979
f 7747/7747/7747 7753/7753/7753 7682/7682/7682
f 8110/8110/8110 8111/8111/8111 8112/8112/8112
f 7961/7961/7961 7980/7980/7980 7959/7959/7959
f 8109/8109/8109 8101/8101/8101 8097/8097/8097
f 7969/7969/7969 7971/7971/7971 7981/7981/7981
f 8113/8113/8113 8106/8106/8106 8114/8114/8114
f 7955/7955/7955 7954/7954/7954 7982/7982/7982
f 6159/6159/6159 6173/6173/6173 6157/6157/6157
f 8396/8396/8396 8398/8398/8398 8399/8399/8399
f 6498/6498/6498 6499/6499/6499 6500/6500/6500
f 6150/6150/6150 6174/6174/6174 6148/6148/6148
f 5904/5904/5904 5905/5905/5905 5903/5903/5903
f 7962/7962/7962 7937/7937/7937 7983/7983/7983
f 5909/5909/5909 5910/5910/5910 5911/5911/5911
f 6169/6169/6169 6171/6171/6171 6175/6175/6175
f 7964/7964/7964 7984/7984/7984 7965/7965/7965
f 8115/8115/8115 8116/8116/8116 8117/8117/8117
f 8093/8093/8093 8092/8092/8092 8118/8118/8118
f 6176/6176/6176 6177/6177/6177 6178/6178/6178
f 5912/5912/5912 5913/5913/5913 5914/5914/5914
f 8106/8106/8106 8119/8119/8119 8114/8114/8114
f 6170/6170/6170 6179/6179/6179 6171/6171/6171
f 6150/6150/6150 6180/6180/6180 6174/6174/6174
f 8400/8400/8400 8401/8401/8401 8584/8584/8584
f 8096/8096/8096 8108/8108/8108 8097/8097/8097
f 7974/7974/7974 7973/7973/7973 7985/7985/7985
f 4235/4235/4235 4233/4233/4233 4232/4232/4232
f 3149/3149/3149 3150/3150/3150 3151/3151/3151
f 5911/5911/5911 5915/5915/5915 5909/5909/5909
f 8402/8402/8402 8403/8403/8403 8404/8404/8404
f 3052/3052/3052 3138/3138/3138 3137/3137/3137
f 7972/7972/7972 7986/7986/7986 7954/7954/7954
f 8120/8120/8120 8121/8121/8121 8122/8122/8122
f 7666/7666/7666 7754/7754/7754 7664/7664/7664
f 6181/6181/6181 6182/6182/6182 6183/6183/6183
f 5916/5916/5916 5917/5917/5917 5918/5918/5918
f 7983/7983/7983 7937/7937/7937 7987/7987/7987
f 3146/3146/3146 3152/3152/3152 3101/3101/3101
f 8123/8123/8123 8124/8124/8124 8125/8125/8125
f 8109/8109/8109 8108/8108/8108 8126/8126/8126
f 5914/5914/5914 5919/5919/5919 5912/5912/5912
f 8105/8105/8105 8119/8119/8119 8106/8106/8106
f 8121/8121/8121 8120/8120/8120 8110/8110/8110
f 5920/5920/5920 5903/5903/5903 5905/5905/5905
f 3671/3671/3671 3672/3672/3672 3673/3673/3673
f 5920/5920/5920 5905/5905/5905 5899/5899/5899
f 6160/6160/6160 6162/6162/6162 6184/6184/6184
f 6498/6498/6498 6500/6500/6500 6501/6501/6501
f 7738/7738/7738 7755/7755/7755 7658/7658/7658
f 8405/8405/8405 8406/8406/8406 8407/8407/8407
f 5906/5906/5906 5908/5908/5908 5921/5921/5921
f 7746/7746/7746 7724/7724/7724 7756/7756/7756
f 5922/5922/5922 5923/5923/5923 5924/5924/5924
f 6185/6185/6185 6155/6155/6155 6154/6154/6154
f 7720/7720/7720 7722/7722/7722 7757/7757/7757
f 5911/5911/5911 5912/5912/5912 5919/5919/5919
f 4236/4236/4236 4265/4265/4265 4237/4237/4237
f 5918/5918/5918 5925/5925/5925 5926/5926/5926
f 8127/8127/8127 8128/8128/8128 8129/8129/8129
f 3153/3153/3153 3154/3154/3154 3155/3155/3155
f 6186/6186/6186 6187/6187/6187 6188/6188/6188
f 8130/8130/8130 8131/8131/8131 8132/8132/8132
f 5927/5927/5927 5928/5928/5928 5929/5929/5929
f 6189/6189/6189 6190/6190/6190 6191/6191/6191
f 5924/5924/5924 5930/5930/5930 5931/5931/5931
f 5910/5910/5910 5912/5912/5912 5911/5911/5911
f 7988/7988/7988 7972/7972/7972 7953/7953/7953
f 5918/5918/5918 5917/5917/5917 5925/5925/5925
f 6178/6178/6178 6192/6192/6192 6193/6193/6193
f 8133/8133/8133 8134/8134/8134 8135/8135/8135
f 8408/8408/8408 8401/8401/8401 8400/8400/8400
f 3674/3674/3674 3675/3675/3675 3676/3676/3676
f 6188/6188/6188 6194/6194/6194 6186/6186/6186
f 4238/4238/4238 4231/4231/4231 4224/4224/4224
f 3156/3156/3156 3157/3157/3157 3158/3158/3158
f 8096/8096/8096 8136/8136/8136 8108/8108/8108
f 6195/6195/6195 6196/6196/6196 6197/6197/6197
f 5908/5908/5908 5907/5907/5907 5932/5932/5932
f 3107/3107/3107 3063/3063/3063 3135/3135/3135
f 8137/8137/8137 8136/8136/8136 8096/8096/8096
f 7983/7983/7983 7987/7987/7987 7989/7989/7989
f 8402/8402/8402 8409/8409/8409 8403/8403/8403
f 6177/6177/6177 6192/6192/6192 6178/6178/6178
f 5933/5933/5933 5901/5901/5901 5903/5903/5903
f 5934/5934/5934 5935/5935/5935 5907/5907/5907
f 8131/8131/8131 8138/8138/8138 8132/8132/8132
f 3159/3159/3159 3153/3153/3153 3155/3155/3155
f 7990/7990/7990 7991/7991/7991 7992/7992/7992
f 8410/8410/8410 8411/8411/8411 8412/8412/8412
f 8413/8413/8413 8408/8408/8408 8400/8400/8400
f 8139/8139/8139 8138/8138/8138 8131/8131/8131
f 6157/6157/6157 6198/6198/6198 6199/6199/6199
f 6502/6502/6502 6503/6503/6503 6504/6504/6504
f 7750/7750/7750 7752/7752/7752 7758/7758/7758
f 8140/8140/8140 8141/8141/8141 8142/8142/8142
f 6200/6200/6200 6201/6201/6201 6202/6202/6202
f 3160/3160/3160 3161/3161/3161 3162/3162/3162
f 5903/5903/5903 5922/5922/5922 5933/5933/5933
f 6203/6203/6203 6204/6204/6204 6205/6205/6205
f 5906/5906/5906 5921/5921/5921 5936/5936/5936
f 3163/3163/3163 3162/3162/3162 3161/3161/3161
f 5924/5924/5924 5931/5931/5931 5922/5922/5922
f 7759/7759/7759 7760/7760/7760 7761/7761/7761
f 8412/8412/8412 8411/8411/8411 8414/8414/8414
f 5937/5937/5937 5938/5938/5938 6145/6145/6145
f 5911/5911/5911 5919/5919/5919 5939/5939/5939
f 3164/3164/3164 3165/3165/3165 3166/3166/3166
f 3107/3107/3107 3135/3135/3135 3167/3167/3167
f 6202/6202/6202 6206/6206/6206 6200/6200/6200
f 5940/5940/5940 5937/5937/5937 6145/6145/6145
f 6505/6505/6505 6504/6504/6504 6503/6503/6503
f 7761/7761/7761 7762/7762/7762 7759/7759/7759
f 6506/6506/6506 6507/6507/6507 6508/6508/6508
f 6207/6207/6207 6208/6208/6208 6209/6209/6209
f 8110/8110/8110 8120/8120/8120 8111/8111/8111
f 8142/8142/8142 8141/8141/8141 8143/8143/8143
f 6203/6203/6203 6205/6205/6205 6210/6210/6210
f 3101/3101/3101 3152/3152/3152 3168/3168/3168
f 3674/3674/3674 3676/3676/3676 3677/3677/3677
f 6199/6199/6199 6158/6158/6158 6157/6157/6157
f 8415/8415/8415 8416/8416/8416 8417/8417/8417
f 5931/5931/5931 5933/5933/5933 5922/5922/5922
f 3169/3169/3169 3170/3170/3170 3171/3171/3171
f 7985/7985/7985 7973/7973/7973 7993/7993/7993
f 7763/7763/7763 7764/7764/7764 7765/7765/7765
f 6179/6179/6179 6211/6211/6211 6171/6171/6171
f 6212/6212/6212 6213/6213/6213 6214/6214/6214
f 3167/3167/3167 3172/3172/3172 3107/3107/3107
f 6215/6215/6215 6216/6216/6216 6217/6217/6217
f 8144/8144/8144 8145/8145/8145 8146/8146/8146
f 3252/3252/3252 3243/3243/3243 3242/3242/3242
f 6206/6206/6206 6218/6218/6218 6200/6200/6200
f 7986/7986/7986 7972/7972/7972 7988/7988/7988
f 6219/6219/6219 6192/6192/6192 6177/6177/6177
f 8122/8122/8122 8147/8147/8147 8120/8120/8120
f 8148/8148/8148 8139/8139/8139 8131/8131/8131
f 6220/6220/6220 6221/6221/6221 6222/6222/6222
f 7994/7994/7994 7995/7995/7995 7996/7996/7996
f 3164/3164/3164 3173/3173/3173 3165/3165/3165
f 5915/5915/5915 5911/5911/5911 5941/5941/5941
f 7766/7766/7766 7767/7767/7767 7768/7768/7768
f 6223/6223/6223 6224/6224/6224 6225/6225/6225
f 5921/5921/5921 5908/5908/5908 5942/5942/5942
f 8149/8149/8149 8150/8150/8150 8151/8151/8151
f 7990/7990/7990 7997/7997/7997 7991/7991/7991
f 6226/6226/6226 6227/6227/6227 6228/6228/6228
f 3169/3169/3169 3174/3174/3174 3170/3170/3170
f 6229/6229/6229 6230/6230/6230 6231/6231/6231
f 6232/6232/6232 6168/6168/6168 6167/6167/6167
f 6233/6233/6233 6182/6182/6182 6181/6181/6181
f 5943/5943/5943 5935/5935/5935 5934/5934/5934
f 5930/5930/5930 5944/5944/5944 5931/5931/5931
f 8120/8120/8120 8152/8152/8152 8111/8111/8111
f 6234/6234/6234 6235/6235/6235 6236/6236/6236
f 6226/6226/6226 6228/6228/6228 6237/6237/6237
f 3175/3175/3175 3176/3176/3176 3177/3177/3177
f 3178/3178/3178 3176/3176/3176 3175/3175/3175
f 6226/6226/6226 6237/6237/6237 6238/6238/6238
f 6227/6227/6227 6239/6239/6239 6228/6228/6228
f 8108/8108/8108 8136/8136/8136 8126/8126/8126
f 3439/3439/3439 3440/3440/3440 3441/3441/3441
f 3678/3678/3678 3679/3679/3679 3680/3680/3680
f 8153/8153/8153 8142/8142/8142 8143/8143/8143
f 8154/8154/8154 8135/8135/8135 8134/8134/8134
f 6504/6504/6504 6509/6509/6509 6502/6502/6502
f 6240/6240/6240 6241/6241/6241 6242/6242/6242
f 6243/6243/6243 6244/6244/6244 6245/6245/6245
f 3442/3442/3442 3443/3443/3443 3444/3444/3444
f 3253/3253/3253 3254/3254/3254 3255/3255/3255
f 6246/6246/6246 6247/6247/6247 6248/6248/6248
f 7660/7660/7660 7769/7769/7769 7738/7738/7738
f 8146/8146/8146 8155/8155/8155 8144/8144/8144
f 4239/4239/4239 4240/4240/4240 4241/4241/4241
f 8418/8418/8418 8419/8419/8419 8420/8420/8420
f 4239/4239/4239 4242/4242/4242 4240/4240/4240
f 3253/3253/3253 3255/3255/3255 3256/3256/3256
f 8156/8156/8156 8157/8157/8157 8158/8158/8158
f 3257/3257/3257 3251/3251/3251 3258/3258/3258
f 6249/6249/6249 6250/6250/6250 6251/6251/6251
f 4409/4409/4409 4410/4410/4410 4411/4411/4411
f 7998/7998/7998 7954/7954/7954 7986/7986/7986
f 7770/7770/7770 7771/7771/7771 7772/7772/7772
f 8421/8421/8421 8422/8422/8422 8423/8423/8423
f 4243/4243/4243 4244/4244/4244 4245/4245/4245
f 7980/7980/7980 7961/7961/7961 7999/7999/7999
f 3135/3135/3135 3144/3144/3144 3179/3179/3179
f 3180/3180/3180 3172/3172/3172 3181/3181/3181
f 8424/8424/8424 8425/8425/8425 8426/8426/8426
f 8000/8000/8000 8001/8001/8001 8002/8002/8002
f 5914/5914/5914 5939/5939/5939 5919/5919/5919
f 7737/7737/7737 7736/7736/7736 7773/7773/7773
f 5933/5933/5933 5931/5931/5931 5945/5945/5945
f 4412/4412/4412 4409/4409/4409 4411/4411/4411
f 4412/4412/4412 4413/4413/4413 4409/4409/4409
f 3680/3680/3680 3679/3679/3679 3681/3681/3681
f 6252/6252/6252 6231/6231/6231 6230/6230/6230
f 6253/6253/6253 6254/6254/6254 6255/6255/6255
f 6255/6255/6255 6254/6254/6254 6256/6256/6256
f 3677/3677/3677 3682/3682/3682 3674/3674/3674
f 3135/3135/3135 3179/3179/3179 3182/3182/3182
f 7753/7753/7753 7747/7747/7747 7774/7774/7774
f 8159/8159/8159 8160/8160/8160 8161/8161/8161
f 3681/3681/3681 3679/3679/3679 3683/3683/3683
f 3143/3143/3143 3101/3101/3101 3183/3183/3183
f 8162/8162/8162 8163/8163/8163 8164/8164/8164
f 8163/8163/8163 8165/8165/8165 8164/8164/8164
f 6240/6240/6240 6242/6242/6242 6257/6257/6257
f 6258/6258/6258 6259/6259/6259 6260/6260/6260
f 4242/4242/4242 4239/4239/4239 4246/4246/4246
f 4247/4247/4247 4239/4239/4239 4241/4241/4241
f 3168/3168/3168 3184/3184/3184 3101/3101/3101
f 3684/3684/3684 3685/3685/3685 3686/3686/3686
f 8416/8416/8416 8427/8427/8427 8417/8417/8417
f 6496/6496/6496 6495/6495/6495 6510/6510/6510
f 6261/6261/6261 6262/6262/6262 6223/6223/6223
f 6263/6263/6263 6264/6264/6264 6265/6265/6265
f 6255/6255/6255 6256/6256/6256 6266/6266/6266
f 6267/6267/6267 6268/6268/6268 6269/6269/6269
f 6246/6246/6246 6270/6270/6270 6247/6247/6247
f 3687/3687/3687 3688/3688/3688 3689/3689/3689
f 7736/7736/7736 7775/7775/7775 7776/7776/7776
f 6271/6271/6271 6263/6263/6263 6265/6265/6265
f 6261/6261/6261 6225/6225/6225 6272/6272/6272
f 6273/6273/6273 6274/6274/6274 6275/6275/6275
f 3681/3681/3681 3690/3690/3690 3680/3680/3680
f 8166/8166/8166 8167/8167/8167 8168/8168/8168
f 6258/6258/6258 6276/6276/6276 6259/6259/6259
f 6277/6277/6277 6278/6278/6278 6279/6279/6279
f 8003/8003/8003 8004/8004/8004 8005/8005/8005
f 6261/6261/6261 6223/6223/6223 6225/6225/6225
f 6263/6263/6263 6280/6280/6280 6264/6264/6264
f 3691/3691/3691 3692/3692/3692 3693/3693/3693
f 8428/8428/8428 8429/8429/8429 8430/8430/8430
f 8147/8147/8147 8152/8152/8152 8120/8120/8120
f 3173/3173/3173 3185/3185/3185 3165/3165/3165
f 6235/6235/6235 6281/6281/6281 6236/6236/6236
f 3694/3694/3694 3695/3695/3695 3696/3696/3696
f 6230/6230/6230 6282/6282/6282 6252/6252/6252
f 5921/5921/5921 5946/5946/5946 5936/5936/5936
f 3257/3257/3257 3259/3259/3259 3251/3251/3251
f 3697/3697/3697 3698/3698/3698 3699/3699/3699
f 8147/8147/8147 8169/8169/8169 8152/8152/8152
f 3668/3668/3668 3445/3445/3445 3446/3446/3446
f 6212/6212/6212 6214/6214/6214 6283/6283/6283
f 3042/3042/3042 3186/3186/3186 3040/3040/3040
f 6249/6249/6249 6251/6251/6251 6284/6284/6284
f 3135/3135/3135 3187/3187/3187 3167/3167/3167
f 3700/3700/3700 3701/3701/3701 3702/3702/3702
f 3703/3703/3703 3689/3689/3689 3688/3688/3688
f 4247/4247/4247 4246/4246/4246 4239/4239/4239
f 8431/8431/8431 8426/8426/8426 8425/8425/8425
f 8431/8431/8431 8425/8425/8425 8432/8432/8432
f 6244/6244/6244 6285/6285/6285 6245/6245/6245
f 5947/5947/5947 5948/5948/5948 5949/5949/5949
f 3685/3685/3685 3684/3684/3684 3704/3704/3704
f 4244/4244/4244 4248/4248/4248 4245/4245/4245
f 6286/6286/6286 6287/6287/6287 6288/6288/6288
f 3165/3165/3165 3185/3185/3185 3188/3188/3188
f 6286/6286/6286 6288/6288/6288 6289/6289/6289
f 3681/3681/3681 3705/3705/3705 3690/3690/3690
f 8433/8433/8433 8434/8434/8434 8435/8435/8435
f 8170/8170/8170 8171/8171/8171 8172/8172/8172
f 5932/5932/5932 5907/5907/5907 5950/5950/5950
f 6290/6290/6290 6244/6244/6244 6243/6243/6243
f 3188/3188/3188 3189/3189/3189 3165/3165/3165
f 5951/5951/5951 5952/5952/5952 5953/5953/5953
f 6206/6206/6206 6291/6291/6291 6218/6218/6218
f 8006/8006/8006 7998/7998/7998 7986/7986/7986
f 6511/6511/6511 6512/6512/6512 6513/6513/6513
f 8173/8173/8173 8160/8160/8160 8159/8159/8159
f 8428/8428/8428 8436/8436/8436 8429/8429/8429
f 7777/7777/7777 7771/7771/7771 7770/7770/7770
f 8174/8174/8174 8175/8175/8175 8176/8176/8176
f 6274/6274/6274 6273/6273/6273 6292/6292/6292
f 4249/4249/4249 4250/4250/4250 4251/4251/4251
f 3190/3190/3190 3189/3189/3189 3188/3188/3188
f 4246/4246/4246 4247/4247/4247 4252/4252/4252
f 6287/6287/6287 6293/6293/6293 6288/6288/6288
f 6514/6514/6514 6509/6509/6509 6504/6504/6504
f 3706/3706/3706 3707/3707/3707 3708/3708/3708
f 8177/8177/8177 8165/8165/8165 8178/8178/8178
f 4249/4249/4249 4253/4253/4253 4250/4250/4250
f 8422/8422/8422 8421/8421/8421 8437/8437/8437
f 6495/6495/6495 6515/6515/6515 6510/6510/6510
f 3445/3445/3445 3447/3447/3447 3448/3448/3448
f 6293/6293/6293 6287/6287/6287 6294/6294/6294
f 3448/3448/3448 3446/3446/3446 3445/3445/3445
f 8438/8438/8438 8418/8418/8418 8420/8420/8420
f 6295/6295/6295 6296/6296/6296 6297/6297/6297
f 6295/6295/6295 6298/6298/6298 6296/6296/6296
f 6299/6299/6299 6274/6274/6274 6292/6292/6292
f 4254/4254/4254 4266/4266/4266 4255/4255/4255
f 3705/3705/3705 3709/3709/3709 3690/3690/3690
f 6299/6299/6299 6292/6292/6292 6300/6300/6300
f 8439/8439/8439 8440/8440/8440 8441/8441/8441
f 8442/8442/8442 8443/8443/8443 8444/8444/8444
f 6301/6301/6301 6302/6302/6302 6303/6303/6303
f 3710/3710/3710 3693/3693/3693 3692/3692/3692
f 3260/3260/3260 3261/3261/3261 3262/3262/3262
f 8179/8179/8179 8180/8180/8180 8181/8181/8181
f 3180/3180/3180 3191/3191/3191 3192/3192/3192
f 6304/6304/6304 6223/6223/6223 6305/6305/6305
f 3681/3681/3681 3711/3711/3711 3705/3705/3705
f 8182/8182/8182 8183/8183/8183 8184/8184/8184
f 6516/6516/6516 6517/6517/6517 6518/6518/6518
f 6306/6306/6306 6307/6307/6307 6308/6308/6308
f 6277/6277/6277 6279/6279/6279 6309/6309/6309
f 6308/6308/6308 6307/6307/6307 6310/6310/6310
f 8139/8139/8139 8185/8185/8185 8186/8186/8186
f 6268/6268/6268 6267/6267/6267 6311/6311/6311
f 3191/3191/3191 3180/3180/3180 3181/3181/3181
f 3712/3712/3712 3711/3711/3711 3681/3681/3681
f 6303/6303/6303 6312/6312/6312 6301/6301/6301
f 6313/6313/6313 6314/6314/6314 6315/6315/6315
f 5954/5954/5954 5955/5955/5955 5956/5956/5956
f 7999/7999/7999 8007/8007/8007 7980/7980/7980
f 8139/8139/8139 8148/8148/8148 8185/8185/8185
f 6510/6510/6510 6515/6515/6515 6519/6519/6519
f 6316/6316/6316 6317/6317/6317 6318/6318/6318
f 3172/3172/3172 3167/3167/3167 3181/3181/3181
f 6293/6293/6293 6294/6294/6294 6319/6319/6319
f 6313/6313/6313 6315/6315/6315 6320/6320/6320
f 3193/3193/3193 3194/3194/3194 3192/3192/3192
f 8445/8445/8445 8446/8446/8446 8447/8447/8447
f 6321/6321/6321 6322/6322/6322 6323/6323/6323
f 6324/6324/6324 6293/6293/6293 6319/6319/6319
f 5939/5939/5939 5941/5941/5941 5911/5911/5911
f 6323/6323/6323 6325/6325/6325 6321/6321/6321
f 6262/6262/6262 6305/6305/6305 6223/6223/6223
f 6511/6511/6511 6513/6513/6513 6520/6520/6520
f 6504/6504/6504 6505/6505/6505 6521/6521/6521
f 6300/6300/6300 6292/6292/6292 6326/6326/6326
f 8438/8438/8438 8448/8448/8448 8418/8418/8418
f 3449/3449/3449 3444/3444/3444 3443/3443/3443
f 7778/7778/7778 7779/7779/7779 7780/7780/7780
f 7778/7778/7778 7781/7781/7781 7782/7782/7782
f 3192/3192/3192 3191/3191/3191 3193/3193/3193
f 7702/7702/7702 7783/7783/7783 7703/7703/7703
f 6318/6318/6318 6327/6327/6327 6316/6316/6316
f 6522/6522/6522 6523/6523/6523 6524/6524/6524
f 6328/6328/6328 6329/6329/6329 6330/6330/6330
f 6331/6331/6331 6332/6332/6332 6333/6333/6333
f 3450/3450/3450 3451/3451/3451 3452/3452/3452
f 3171/3171/3171 3195/3195/3195 3169/3169/3169
f 7778/7778/7778 7782/7782/7782 7779/7779/7779
f 8449/8449/8449 8443/8443/8443 8442/8442/8442
f 3263/3263/3263 3264/3264/3264 3265/3265/3265
f 8422/8422/8422 8450/8450/8450 8451/8451/8451
f 6334/6334/6334 6335/6335/6335 6336/6336/6336
f 8138/8138/8138 8187/8187/8187 8132/8132/8132
f 8188/8188/8188 8165/8165/8165 8177/8177/8177
f 7746/7746/7746 7756/7756/7756 7784/7784/7784
f 8422/8422/8422 8437/8437/8437 8450/8450/8450
f 6525/6525/6525 6526/6526/6526 6527/6527/6527
f 6337/6337/6337 6338/6338/6338 6339/6339/6339
f 2640/2640/2640 2641/2641/2641 2642/2642/2642
f 3196/3196/3196 3197/3197/3197 3198/3198/3198
f 6528/6528/6528 6525/6525/6525 6527/6527/6527
f 3169/3169/3169 3195/3195/3195 3199/3199/3199
f 3200/3200/3200 3196/3196/3196 3201/3201/3201
f 2643/2643/2643 2644/2644/2644 2645/2645/2645
f 2384/2384/2384 2385/2385/2385 2386/2386/2386
f 6337/6337/6337 6339/6339/6339 6340/6340/6340
f 8188/8188/8188 8164/8164/8164 8165/8165/8165
f 6341/6341/6341 6342/6342/6342 6343/6343/6343
f 6330/6330/6330 6344/6344/6344 6328/6328/6328
f 2387/2387/2387 2388/2388/2388 2389/2389/2389
f 6345/6345/6345 6346/6346/6346 6337/6337/6337
f 3197/3197/3197 3202/3202/3202 3198/3198/3198
f 6320/6320/6320 6347/6347/6347 6313/6313/6313
f 6337/6337/6337 6346/6346/6346 6348/6348/6348
f 6349/6349/6349 6350/6350/6350 6351/6351/6351
f 3185/3185/3185 3203/3203/3203 3188/3188/3188
f 3197/3197/3197 3196/3196/3196 3204/3204/3204
f 8189/8189/8189 8190/8190/8190 8191/8191/8191
f 5907/5907/5907 5935/5935/5935 5950/5950/5950
f 3259/3259/3259 3257/3257/3257 3266/3266/3266
f 3196/3196/3196 3205/3205/3205 3204/3204/3204
f 3705/3705/3705 3713/3713/3713 3714/3714/3714
f 3201/3201/3201 3206/3206/3206 3200/3200/3200
f 7785/7785/7785 7786/7786/7786 7787/7787/7787
f 7788/7788/7788 7787/7787/7787 7786/7786/7786
f 3711/3711/3711 3713/3713/3713 3705/3705/3705
f 3200/3200/3200 3205/3205/3205 3196/3196/3196
f 3687/3687/3687 3689/3689/3689 3715/3715/3715
f 3207/3207/3207 3208/3208/3208 3209/3209/3209
f 6337/6337/6337 6348/6348/6348 6338/6338/6338
f 7789/7789/7789 7790/7790/7790 7791/7791/7791
f 6352/6352/6352 6346/6346/6346 6345/6345/6345
f 8182/8182/8182 8184/8184/8184 8192/8192/8192
f 2390/2390/2390 2388/2388/2388 2391/2391/2391
f 7738/7738/7738 7769/7769/7769 7792/7792/7792
f 6316/6316/6316 6353/6353/6353 6317/6317/6317
f 6349/6349/6349 6351/6351/6351 6354/6354/6354
f 6335/6335/6335 6355/6355/6355 6336/6336/6336
f 6529/6529/6529 6530/6530/6530 6531/6531/6531
f 6236/6236/6236 6356/6356/6356 6234/6234/6234
f 5948/5948/5948 5957/5957/5957 5949/5949/5949
f 8452/8452/8452 8447/8447/8447 8446/8446/8446
f 5958/5958/5958 5955/5955/5955 5954/5954/5954
f 6346/6346/6346 6357/6357/6357 6348/6348/6348
f 3258/3258/3258 3251/3251/3251 3250/3250/3250
f 6358/6358/6358 6347/6347/6347 6320/6320/6320
f 3452/3452/3452 3453/3453/3453 3450/3450/3450
f 6514/6514/6514 6504/6504/6504 6521/6521/6521
f 3267/3267/3267 3268/3268/3268 3269/3269/3269
f 6532/6532/6532 6533/6533/6533 6534/6534/6534
f 6359/6359/6359 6305/6305/6305 6262/6262/6262
f 8453/8453/8453 8454/8454/8454 8455/8455/8455
f 8170/8170/8170 8193/8193/8193 8171/8171/8171
f 6360/6360/6360 6361/6361/6361 6362/6362/6362
f 6363/6363/6363 6364/6364/6364 6365/6365/6365
f 3270/3270/3270 3271/3271/3271 3272/3272/3272
f 6366/6366/6366 6347/6347/6347 6358/6358/6358
f 3695/3695/3695 3694/3694/3694 3716/3716/3716
f 6535/6535/6535 6536/6536/6536 6537/6537/6537
f 8451/8451/8451 8450/8450/8450 8456/8456/8456
f 8194/8194/8194 8195/8195/8195 8196/8196/8196
f 6538/6538/6538 6539/6539/6539 6540/6540/6540
f 6365/6365/6365 6364/6364/6364 6367/6367/6367
f 3273/3273/3273 3274/3274/3274 3275/3275/3275
f 3276/3276/3276 3277/3277/3277 3278/3278/3278
f 2646/2646/2646 2647/2647/2647 2648/2648/2648
f 3705/3705/3705 3714/3714/3714 3709/3709/3709
f 3279/3279/3279 3280/3280/3280 3281/3281/3281
f 3183/3183/3183 3101/3101/3101 3210/3210/3210
f 7773/7773/7773 7736/7736/7736 7776/7776/7776
f 6517/6517/6517 6541/6541/6541 6518/6518/6518
f 8192/8192/8192 8197/8197/8197 8182/8182/8182
f 5957/5957/5957 5948/5948/5948 5959/5959/5959
f 7793/7793/7793 7786/7786/7786 7785/7785/7785
f 3717/3717/3717 3718/3718/3718 3719/3719/3719
f 6542/6542/6542 6543/6543/6543 6544/6544/6544
f 3282/3282/3282 3283/3283/3283 3284/3284/3284
f 7794/7794/7794 7795/7795/7795 7796/7796/7796
f 8198/8198/8198 8196/8196/8196 8195/8195/8195
f 7791/7791/7791 7790/7790/7790 7797/7797/7797
f 7798/7798/7798 7785/7785/7785 7787/7787/7787
f 8173/8173/8173 8159/8159/8159 8199/8199/8199
f 5960/5960/5960 5961/5961/5961 5962/5962/5962
f 3720/3720/3720 3687/3687/3687 3715/3715/3715
f 3285/3285/3285 3286/3286/3286 3267/3267/3267
f 6545/6545/6545 6546/6546/6546 6547/6547/6547
f 6543/6543/6543 6542/6542/6542 6548/6548/6548
f 3211/3211/3211 3212/3212/3212 3213/3213/3213
f 3272/3272/3272 3271/3271/3271 3287/3287/3287
f 5963/5963/5963 5964/5964/5964 5965/5965/5965
f 5964/5964/5964 5963/5963/5963 6146/6146/6146
f 3454/3454/3454 3444/3444/3444 3455/3455/3455
f 7798/7798/7798 7787/7787/7787 7799/7799/7799
f 6538/6538/6538 6540/6540/6540 6549/6549/6549
f 6550/6550/6550 6551/6551/6551 6552/6552/6552
f 3721/3721/3721 3687/3687/3687 3720/3720/3720
f 5966/5966/5966 5967/5967/5967 5968/5968/5968
f 3448/3448/3448 3447/3447/3447 3456/3456/3456
f 5952/5952/5952 5951/5951/5951 5969/5969/5969
f 3288/3288/3288 3289/3289/3289 3290/3290/3290
f 8457/8457/8457 8458/8458/8458 8459/8459/8459
f 6553/6553/6553 6554/6554/6554 6555/6555/6555
f 8447/8447/8447 8460/8460/8460 8461/8461/8461
f 6556/6556/6556 6557/6557/6557 6558/6558/6558
f 3267/3267/3267 3286/3286/3286 3268/3268/3268
f 3186/3186/3186 3214/3214/3214 3040/3040/3040
f 3199/3199/3199 3195/3195/3195 3215/3215/3215
f 3448/3448/3448 3456/3456/3456 3457/3457/3457
f 3687/3687/3687 3721/3721/3721 3722/3722/3722
f 6542/6542/6542 6559/6559/6559 6548/6548/6548
f 5967/5967/5967 5970/5970/5970 5968/5968/5968
f 3291/3291/3291 3292/3292/3292 3293/3293/3293
f 7800/7800/7800 7794/7794/7794 7796/7796/7796
f 8159/8159/8159 8200/8200/8200 8199/8199/8199
f 6560/6560/6560 6561/6561/6561 6562/6562/6562
f 3710/3710/3710 3723/3723/3723 3724/3724/3724
f 3450/3450/3450 3453/3453/3453 3458/3458/3458
f 2392/2392/2392 2388/2388/2388 2387/2387/2387
f 6563/6563/6563 6564/6564/6564 6565/6565/6565
f 3291/3291/3291 3294/3294/3294 3292/3292/3292
f 3295/3295/3295 3296/3296/3296 3297/3297/3297
f 7774/7774/7774 7801/7801/7801 7753/7753/7753
f 6566/6566/6566 6567/6567/6567 6568/6568/6568
f 6147/6147/6147 5952/5952/5952 5969/5969/5969
f 3457/3457/3457 3459/3459/3459 3448/3448/3448
f 3298/3298/3298 3299/3299/3299 3300/3300/3300
f 3301/3301/3301 3290/3290/3290 3289/3289/3289
f 8201/8201/8201 8202/8202/8202 8203/8203/8203
f 3712/3712/3712 3725/3725/3725 3713/3713/3713
f 3726/3726/3726 3717/3717/3717 3719/3719/3719
f 3727/3727/3727 3728/3728/3728 3729/3729/3729
f 3293/3293/3293 3292/3292/3292 3299/3299/3299
f 6548/6548/6548 6569/6569/6569 6543/6543/6543
f 3730/3730/3730 3731/3731/3731 3732/3732/3732
f 3299/3299/3299 3292/3292/3292 3302/3302/3302
f 7802/7802/7802 7803/7803/7803 7804/7804/7804
f 8462/8462/8462 8463/8463/8463 8464/8464/8464
f 7796/7796/7796 7805/7805/7805 7800/7800/7800
f 5935/5935/5935 5943/5943/5943 5971/5971/5971
f 3693/3693/3693 3710/3710/3710 3733/3733/3733
f 3734/3734/3734 3735/3735/3735 3736/3736/3736
f 8465/8465/8465 8459/8459/8459 8458/8458/8458
f 3303/3303/3303 3302/3302/3302 3292/3292/3292
f 7806/7806/7806 7746/7746/7746 7784/7784/7784
f 3302/3302/3302 3300/3300/3300 3299/3299/3299
f 3212/3212/3212 3211/3211/3211 3216/3216/3216
f 6368/6368/6368 6369/6369/6369 6370/6370/6370
f 8204/8204/8204 8205/8205/8205 8206/8206/8206
f 6371/6371/6371 6372/6372/6372 6373/6373/6373
f 3712/3712/3712 3713/3713/3713 3711/3711/3711
f 3451/3451/3451 3450/3450/3450 3460/3460/3460
f 7783/7783/7783 7807/7807/7807 7703/7703/7703
f 3737/3737/3737 3738/3738/3738 3739/3739/3739
f 3693/3693/3693 3740/3740/3740 3691/3691/3691
f 2649/2649/2649 2650/2650/2650 2651/2651/2651
f 7808/7808/7808 7809/7809/7809 7810/7810/7810
f 3304/3304/3304 3305/3305/3305 3306/3306/3306
f 2652/2652/2652 2653/2653/2653 2654/2654/2654
f 7793/7793/7793 7785/7785/7785 7811/7811/7811
f 3217/3217/3217 3218/3218/3218 3219/3219/3219
f 3307/3307/3307 3308/3308/3308 3309/3309/3309
f 3310/3310/3310 3311/3311/3311 3304/3304/3304
f 8466/8466/8466 8467/8467/8467 8468/8468/8468
f 8466/8466/8466 8469/8469/8469 8467/8467/8467
f 8462/8462/8462 8470/8470/8470 8471/8471/8471
f 3741/3741/3741 3742/3742/3742 3743/3743/3743
f 3728/3728/3728 3727/3727/3727 3744/3744/3744
f 2655/2655/2655 2643/2643/2643 2645/2645/2645
f 8462/8462/8462 8464/8464/8464 8470/8470/8470
f 3290/3290/3290 3301/3301/3301 3312/3312/3312
f 3449/3449/3449 3455/3455/3455 3444/3444/3444
f 6549/6549/6549 6540/6540/6540 6570/6570/6570
f 8467/8467/8467 8472/8472/8472 8473/8473/8473
f 7702/7702/7702 7711/7711/7711 7812/7812/7812
f 8463/8463/8463 8474/8474/8474 8475/8475/8475
f 6365/6365/6365 6374/6374/6374 6363/6363/6363
f 6328/6328/6328 6375/6375/6375 6329/6329/6329
f 8476/8476/8476 8457/8457/8457 8459/8459/8459
f 6570/6570/6570 6540/6540/6540 6571/6571/6571
f 3745/3745/3745 3746/3746/3746 3747/3747/3747
f 2656/2656/2656 2657/2657/2657 2658/2658/2658
f 3461/3461/3461 3462/3462/3462 3463/3463/3463
f 8443/8443/8443 8449/8449/8449 8477/8477/8477
f 8207/8207/8207 8208/8208/8208 8209/8209/8209
f 3311/3311/3311 3310/3310/3310 3313/3313/3313
f 3449/3449/3449 3464/3464/3464 3455/3455/3455
f 5949/5949/5949 5972/5972/5972 5947/5947/5947
f 8468/8468/8468 8467/8467/8467 8473/8473/8473
f 3746/3746/3746 3745/3745/3745 3748/3748/3748
f 2659/2659/2659 2653/2653/2653 2652/2652/2652
f 3312/3312/3312 3314/3314/3314 3290/3290/3290
f 3315/3315/3315 3314/3314/3314 3312/3312/3312
f 3316/3316/3316 3306/3306/3306 3317/3317/3317
f 5973/5973/5973 5974/5974/5974 5975/5975/5975
f 2660/2660/2660 2661/2661/2661 2651/2651/2651
f 5963/5963/5963 5965/5965/5965 5976/5976/5976
f 3318/3318/3318 3306/3306/3306 3305/3305/3305
f 3749/3749/3749 3750/3750/3750 3751/3751/3751
f 3710/3710/3710 3724/3724/3724 3752/3752/3752
f 3461/3461/3461 3463/3463/3463 3465/3465/3465
f 7813/7813/7813 7814/7814/7814 7815/7815/7815
f 5975/5975/5975 5977/5977/5977 5973/5973/5973
f 5978/5978/5978 5979/5979/5979 5980/5980/5980
f 7816/7816/7816 7817/7817/7817 7818/7818/7818
f 7785/7785/7785 7798/7798/7798 7819/7819/7819
f 7766/7766/7766 7768/7768/7768 7820/7820/7820
f 3304/3304/3304 3311/3311/3311 3305/3305/3305
f 6549/6549/6549 6570/6570/6570 6572/6572/6572
f 3753/3753/3753 3754/3754/3754 3755/3755/3755
f 3691/3691/3691 3740/3740/3740 3756/3756/3756
f 3710/3710/3710 3752/3752/3752 3733/3733/3733
f 3319/3319/3319 3316/3316/3316 3317/3317/3317
f 7821/7821/7821 7822/7822/7822 7823/7823/7823
f 3757/3757/3757 3746/3746/3746 3748/3748/3748
f 8462/8462/8462 8474/8474/8474 8463/8463/8463
f 3758/3758/3758 3759/3759/3759 3760/3760/3760
f 3466/3466/3466 3467/3467/3467 3468/3468/3468
f 8471/8471/8471 8478/8478/8478 8462/8462/8462
f 3761/3761/3761 3762/3762/3762 3763/3763/3763
f 3761/3761/3761 3764/3764/3764 3762/3762/3762
f 8479/8479/8479 8480/8480/8480 8481/8481/8481
f 3467/3467/3467 3469/3469/3469 3468/3468/3468
f 3761/3761/3761 3763/3763/3763 3765/3765/3765
f 8481/8481/8481 8482/8482/8482 8479/8479/8479
f 8210/8210/8210 8170/8170/8170 8172/8172/8172
f 8461/8461/8461 8445/8445/8445 8447/8447/8447
f 7824/7824/7824 7802/7802/7802 7804/7804/7804
f 3766/3766/3766 3767/3767/3767 3768/3768/3768
f 6560/6560/6560 6573/6573/6573 6561/6561/6561
f 3717/3717/3717 3726/3726/3726 3763/3763/3763
f 2662/2662/2662 2643/2643/2643 2655/2655/2655
f 2650/2650/2650 2649/2649/2649 2663/2663/2663
f 7757/7757/7757 7825/7825/7825 7720/7720/7720
f 3320/3320/3320 3321/3321/3321 3322/3322/3322
f 3765/3765/3765 3763/3763/3763 3726/3726/3726
f 6574/6574/6574 6575/6575/6575 6576/6576/6576
f 3769/3769/3769 3717/3717/3717 3763/3763/3763
f 7826/7826/7826 7827/7827/7827 7828/7828/7828
f 3769/3769/3769 3770/3770/3770 3717/3717/3717
f 5981/5981/5981 5982/5982/5982 5983/5983/5983
f 3771/3771/3771 3772/3772/3772 3773/3773/3773
f 3470/3470/3470 3471/3471/3471 3472/3472/3472
f 7812/7812/7812 7829/7829/7829 7702/7702/7702
f 8211/8211/8211 8212/8212/8212 8384/8384/8384
f 3453/3453/3453 3472/3472/3472 3473/3473/3473
f 3474/3474/3474 3475/3475/3475 3476/3476/3476
f 6577/6577/6577 6578/6578/6578 6579/6579/6579
f 6580/6580/6580 6581/6581/6581 6582/6582/6582
f 6580/6580/6580 6582/6582/6582 6583/6583/6583
f 2656/2656/2656 2664/2664/2664 2657/2657/2657
f 5984/5984/5984 5985/5985/5985 5986/5986/5986
f 6570/6570/6570 6571/6571/6571 6584/6584/6584
f 5987/5987/5987 5988/5988/5988 5989/5989/5989
f 3477/3477/3477 3478/3478/3478 3479/3479/3479
f 2389/2389/2389 2388/2388/2388 2390/2390/2390
f 3771/3771/3771 3774/3774/3774 3772/3772/3772
f 3768/3768/3768 3775/3775/3775 3766/3766/3766
f 8213/8213/8213 8214/8214/8214 8215/8215/8215
f 8216/8216/8216 8214/8214/8214 8213/8213/8213
f 8483/8483/8483 8457/8457/8457 8476/8476/8476
f 8088/8088/8088 8008/8008/8008 8009/8009/8009
f 6585/6585/6585 6575/6575/6575 6574/6574/6574
f 8003/8003/8003 8010/8010/8010 8004/8004/8004
f 8484/8484/8484 8485/8485/8485 8486/8486/8486
f 8217/8217/8217 8218/8218/8218 8219/8219/8219
f 6586/6586/6586 6587/6587/6587 6588/6588/6588
f 3776/3776/3776 3777/3777/3777 3691/3691/3691
f 3474/3474/3474 3476/3476/3476 3480/3480/3480
f 2393/2393/2393 2394/2394/2394 2395/2395/2395
f 6589/6589/6589 6590/6590/6590 6591/6591/6591
f 2651/2651/2651 2650/2650/2650 2660/2660/2660
f 8476/8476/8476 8487/8487/8487 8483/8483/8483
f 8166/8166/8166 8220/8220/8220 8167/8167/8167
f 6592/6592/6592 6593/6593/6593 6594/6594/6594
f 5981/5981/5981 5990/5990/5990 5982/5982/5982
f 5991/5991/5991 5992/5992/5992 5993/5993/5993
f 3481/3481/3481 3454/3454/3454 3455/3455/3455
f 7830/7830/7830 7766/7766/7766 7820/7820/7820
f 8488/8488/8488 8489/8489/8489 8490/8490/8490
f 3220/3220/3220 3221/3221/3221 3222/3222/3222
f 3482/3482/3482 3483/3483/3483 3484/3484/3484
f 2396/2396/2396 2397/2397/2397 2398/2398/2398
f 5994/5994/5994 5995/5995/5995 5996/5996/5996
f 2665/2665/2665 2666/2666/2666 2667/2667/2667
f 7801/7801/7801 7774/7774/7774 7831/7831/7831
f 8385/8385/8385 8384/8384/8384 8212/8212/8212
f 6376/6376/6376 6377/6377/6377 6378/6378/6378
f 6561/6561/6561 6595/6595/6595 6562/6562/6562
f 3778/3778/3778 3779/3779/3779 3780/3780/3780
f 3781/3781/3781 3782/3782/3782 3783/3783/3783
f 3784/3784/3784 3785/3785/3785 3758/3758/3758
f 3784/3784/3784 3758/3758/3758 3760/3760/3760
f 3776/3776/3776 3691/3691/3691 3756/3756/3756
f 8198/8198/8198 8221/8221/8221 8196/8196/8196
f 7818/7818/7818 7817/7817/7817 7832/7832/7832
f 2668/2668/2668 2667/2667/2667 2666/2666/2666
f 5951/5951/5951 5997/5997/5997 5969/5969/5969
f 8488/8488/8488 8491/8491/8491 8492/8492/8492
f 7768/7768/7768 7833/7833/7833 7820/7820/7820
f 3483/3483/3483 3485/3485/3485 3486/3486/3486
f 8176/8176/8176 8222/8222/8222 8174/8174/8174
f 7834/7834/7834 7835/7835/7835 7836/7836/7836
f 7813/7813/7813 7815/7815/7815 7837/7837/7837
f 8491/8491/8491 8488/8488/8488 8490/8490/8490
f 8485/8485/8485 8493/8493/8493 8486/8486/8486
f 6596/6596/6596 6570/6570/6570 6584/6584/6584
f 3784/3784/3784 3786/3786/3786 3785/3785/3785
f 8223/8223/8223 8224/8224/8224 8225/8225/8225
f 3487/3487/3487 3488/3488/3488 3489/3489/3489
f 8490/8490/8490 8494/8494/8494 8491/8491/8491
f 8224/8224/8224 8226/8226/8226 8225/8225/8225
f 8211/8211/8211 8384/8384/8384 8227/8227/8227
f 7809/7809/7809 7838/7838/7838 7810/7810/7810
f 7839/7839/7839 7826/7826/7826 7828/7828/7828
f 7840/7840/7840 7823/7823/7823 7822/7822/7822
f 3473/3473/3473 3458/3458/3458 3453/3453/3453
f 2399/2399/2399 2400/2400/2400 2401/2401/2401
f 7841/7841/7841 7842/7842/7842 7843/7843/7843
f 8494/8494/8494 8495/8495/8495 8491/8491/8491
f 6597/6597/6597 6598/6598/6598 6599/6599/6599
f 7844/7844/7844 7843/7843/7843 7842/7842/7842
f 2669/2669/2669 2670/2670/2670 2671/2671/2671
f 3307/3307/3307 3309/3309/3309 3323/3323/3323
f 8228/8228/8228 8229/8229/8229 8230/8230/8230
f 7845/7845/7845 7846/7846/7846 7847/7847/7847
f 5987/5987/5987 5998/5998/5998 5988/5988/5988
f 8228/8228/8228 8230/8230/8230 8231/8231/8231
f 7848/7848/7848 7849/7849/7849 7850/7850/7850
f 6579/6579/6579 6578/6578/6578 6600/6600/6600
f 3787/3787/3787 3788/3788/3788 3789/3789/3789
f 3473/3473/3473 3472/3472/3472 3490/3490/3490
f 2672/2672/2672 2652/2652/2652 2654/2654/2654
f 3324/3324/3324 3325/3325/3325 3326/3326/3326
f 6585/6585/6585 6574/6574/6574 6601/6601/6601
f 3491/3491/3491 3492/3492/3492 3493/3493/3493
f 7834/7834/7834 7836/7836/7836 7851/7851/7851
f 6588/6588/6588 6602/6602/6602 6586/6586/6586
f 7829/7829/7829 7783/7783/7783 7702/7702/7702
f 8496/8496/8496 8445/8445/8445 8461/8461/8461
f 6578/6578/6578 6577/6577/6577 6603/6603/6603
f 5999/5999/5999 6000/6000/6000 6001/6001/6001
f 5984/5984/5984 5986/5986/5986 6002/6002/6002
f 6003/6003/6003 6004/6004/6004 6005/6005/6005
f 3790/3790/3790 3779/3779/3779 3791/3791/3791
f 3306/3306/3306 3318/3318/3318 3327/3327/3327
f 8492/8492/8492 8497/8497/8497 8488/8488/8488
f 6572/6572/6572 6570/6570/6570 6596/6596/6596
f 6006/6006/6006 6000/6000/6000 5999/5999/5999
f 3458/3458/3458 3494/3494/3494 3450/3450/3450
f 2673/2673/2673 2674/2674/2674 2675/2675/2675
f 8190/8190/8190 8232/8232/8232 8191/8191/8191
f 3758/3758/3758 3785/3785/3785 3792/3792/3792
f 2660/2660/2660 2650/2650/2650 2676/2676/2676
f 3493/3493/3493 3495/3495/3495 3491/3491/3491
f 3496/3496/3496 3489/3489/3489 3488/3488/3488
f 3482/3482/3482 3485/3485/3485 3483/3483/3483
f 8233/8233/8233 8208/8208/8208 8207/8207/8207
f 2669/2669/2669 2677/2677/2677 2670/2670/2670
f 8492/8492/8492 8498/8498/8498 8497/8497/8497
f 2402/2402/2402 2387/2387/2387 2389/2389/2389
f 6604/6604/6604 6605/6605/6605 6606/6606/6606
f 3497/3497/3497 3495/3495/3495 3493/3493/3493
f 5935/5935/5935 5971/5971/5971 6007/6007/6007
f 2673/2673/2673 2678/2678/2678 2674/2674/2674
f 3322/3322/3322 3328/3328/3328 3320/3320/3320
f 7852/7852/7852 7853/7853/7853 7854/7854/7854
f 6606/6606/6606 6605/6605/6605 6607/6607/6607
f 2679/2679/2679 2680/2680/2680 2681/2681/2681
f 7854/7854/7854 7853/7853/7853 7855/7855/7855
f 8206/8206/8206 8205/8205/8205 8234/8234/8234
f 6008/6008/6008 6009/6009/6009 6010/6010/6010
f 3498/3498/3498 3479/3479/3479 3478/3478/3478
f 3223/3223/3223 3224/3224/3224 3225/3225/3225
f 2679/2679/2679 2681/2681/2681 2682/2682/2682
f 3329/3329/3329 3330/3330/3330 3331/3331/3331
f 2683/2683/2683 2669/2669/2669 2671/2671/2671
f 7834/7834/7834 7856/7856/7856 7835/7835/7835
f 2684/2684/2684 2685/2685/2685 2686/2686/2686
f 3493/3493/3493 3499/3499/3499 3497/3497/3497
f 6376/6376/6376 6378/6378/6378 6379/6379/6379
f 6011/6011/6011 5947/5947/5947 5972/5972/5972
f 3493/3493/3493 3500/3500/3500 3499/3499/3499
f 2399/2399/2399 2403/2403/2403 2400/2400/2400
f 7852/7852/7852 7854/7854/7854 7857/7857/7857
f 3486/3486/3486 3485/3485/3485 3501/3501/3501
f 7857/7857/7857 7854/7854/7854 7858/7858/7858
f 7859/7859/7859 7860/7860/7860 7861/7861/7861
f 5979/5979/5979 5978/5978/5978 6012/6012/6012
f 6001/6001/6001 6013/6013/6013 5999/5999/5999
f 2687/2687/2687 2682/2682/2682 2681/2681/2681
f 3502/3502/3502 3499/3499/3499 3500/3500/3500
f 6380/6380/6380 6381/6381/6381 6382/6382/6382
f 3780/3780/3780 3779/3779/3779 3790/3790/3790
f 3472/3472/3472 3471/3471/3471 3490/3490/3490
f 6014/6014/6014 6015/6015/6015 6016/6016/6016
f 3477/3477/3477 3479/3479/3479 3503/3503/3503
f 6017/6017/6017 5996/5996/5996 5995/5995/5995
f 6018/6018/6018 6019/6019/6019 6020/6020/6020
f 8499/8499/8499 8500/8500/8500 8501/8501/8501
f 6608/6608/6608 6596/6596/6596 6584/6584/6584
f 7784/7784/7784 7862/7862/7862 7806/7806/7806
f 3793/3793/3793 3794/3794/3794 3795/3795/3795
f 2688/2688/2688 2689/2689/2689 2690/2690/2690
f 7932/7932/7932 7863/7863/7863 7864/7864/7864
f 6019/6019/6019 6021/6021/6021 6022/6022/6022
f 6002/6002/6002 6023/6023/6023 5984/5984/5984
f 3486/3486/3486 3501/3501/3501 3504/3504/3504
f 8235/8235/8235 8236/8236/8236 8237/8237/8237
f 3788/3788/3788 3796/3796/3796 3789/3789/3789
f 3317/3317/3317 3306/3306/3306 3327/3327/3327
f 2691/2691/2691 2692/2692/2692 2693/2693/2693
f 7841/7841/7841 7865/7865/7865 7842/7842/7842
f 6540/6540/6540 6609/6609/6609 6571/6571/6571
f 7999/7999/7999 8011/8011/8011 8007/8007/8007
f 6547/6547/6547 6610/6610/6610 6611/6611/6611
f 7866/7866/7866 7867/7867/7867 7868/7868/7868
f 6596/6596/6596 6612/6612/6612 6572/6572/6572
f 3332/3332/3332 3326/3326/3326 3333/3333/3333
f 6007/6007/6007 6024/6024/6024 5935/5935/5935
f 5981/5981/5981 6025/6025/6025 5990/5990/5990
f 3503/3503/3503 3479/3479/3479 3505/3505/3505
f 3334/3334/3334 3335/3335/3335 3336/3336/3336
f 3337/3337/3337 3324/3324/3324 3326/3326/3326
f 2694/2694/2694 2650/2650/2650 2663/2663/2663
f 6019/6019/6019 6022/6022/6022 6026/6026/6026
f 6383/6383/6383 6384/6384/6384 6385/6385/6385
f 6020/6020/6020 6019/6019/6019 6026/6026/6026
f 3506/3506/3506 3507/3507/3507 3508/3508/3508
f 2387/2387/2387 2404/2404/2404 2392/2392/2392
f 5964/5964/5964 6027/6027/6027 5965/5965/5965
f 2691/2691/2691 2695/2695/2695 2692/2692/2692
f 7869/7869/7869 7870/7870/7870 7871/7871/7871
f 6601/6601/6601 6613/6613/6613 6585/6585/6585
f 2683/2683/2683 2671/2671/2671 2696/2696/2696
f 8227/8227/8227 8238/8238/8238 8211/8211/8211
f 6028/6028/6028 6029/6029/6029 6030/6030/6030
f 8012/8012/8012 8013/8013/8013 8014/8014/8014
f 6599/6599/6599 6598/6598/6598 6614/6614/6614
f 6022/6022/6022 6031/6031/6031 6026/6026/6026
f 2697/2697/2697 2698/2698/2698 2699/2699/2699
f 7784/7784/7784 7872/7872/7872 7862/7862/7862
f 8206/8206/8206 8234/8234/8234 8239/8239/8239
f 3509/3509/3509 3510/3510/3510 3511/3511/3511
f 2686/2686/2686 2685/2685/2685 2700/2700/2700
f 3226/3226/3226 3227/3227/3227 3228/3228/3228
f 6013/6013/6013 6001/6001/6001 6032/6032/6032
f 8199/8199/8199 8200/8200/8200 8240/8240/8240
f 2701/2701/2701 2698/2698/2698 2697/2697/2697
f 2654/2654/2654 2702/2702/2702 2672/2672/2672
f 7873/7873/7873 7874/7874/7874 7875/7875/7875
f 6615/6615/6615 6616/6616/6616 6617/6617/6617
f 6386/6386/6386 6387/6387/6387 6374/6374/6374
f 3512/3512/3512 3513/3513/3513 3514/3514/3514
f 8487/8487/8487 8502/8502/8502 8483/8483/8483
f 8186/8186/8186 8185/8185/8185 8241/8241/8241
f 3797/3797/3797 3798/3798/3798 3799/3799/3799
f 2405/2405/2405 2406/2406/2406 2407/2407/2407
f 2408/2408/2408 2409/2409/2409 2410/2410/2410
f 2411/2411/2411 2412/2412/2412 2413/2413/2413
f 3782/3782/3782 3781/3781/3781 3800/3800/3800
f 7876/7876/7876 7877/7877/7877 7878/7878/7878
f 7879/7879/7879 7720/7720/7720 7825/7825/7825
f 6374/6374/6374 6387/6387/6387 6363/6363/6363
f 6033/6033/6033 6034/6034/6034 6035/6035/6035
f 3515/3515/3515 3516/3516/3516 3517/3517/3517
f 3795/3795/3795 3801/3801/3801 3793/3793/3793
f 2407/2407/2407 2414/2414/2414 2405/2405/2405
f 2413/2413/2413 2412/2412/2412 2415/2415/2415
f 3518/3518/3518 3519/3519/3519 3520/3520/3520
f 3520/3520/3520 3519/3519/3519 3521/3521/3521
f 8242/8242/8242 8243/8243/8243 8244/8244/8244
f 2697/2697/2697 2703/2703/2703 2701/2701/2701
f 6610/6610/6610 6547/6547/6547 6546/6546/6546
f 3332/3332/3332 3337/3337/3337 3326/3326/3326
f 3229/3229/3229 3230/3230/3230 3231/3231/3231
f 2405/2405/2405 2414/2414/2414 2416/2416/2416
f 2417/2417/2417 2418/2418/2418 2419/2419/2419
f 8503/8503/8503 8504/8504/8504 8499/8499/8499
f 6584/6584/6584 6571/6571/6571 6609/6609/6609
f 2689/2689/2689 2688/2688/2688 2704/2704/2704
f 2705/2705/2705 2706/2706/2706 2707/2707/2707
f 6388/6388/6388 6389/6389/6389 6390/6390/6390
f 6036/6036/6036 6037/6037/6037 6038/6038/6038
f 2417/2417/2417 2419/2419/2419 2420/2420/2420
f 3522/3522/3522 3488/3488/3488 3523/3523/3523
f 6612/6612/6612 6618/6618/6618 6572/6572/6572
f 8220/8220/8220 8166/8166/8166 8245/8245/8245
f 7880/7880/7880 7881/7881/7881 7882/7882/7882
f 7874/7874/7874 7873/7873/7873 7883/7883/7883
f 8015/8015/8015 8016/8016/8016 8017/8017/8017
f 5997/5997/5997 6039/6039/6039 5969/5969/5969
f 7865/7865/7865 7884/7884/7884 7842/7842/7842
f 6009/6009/6009 6008/6008/6008 6040/6040/6040
f 2708/2708/2708 2709/2709/2709 2710/2710/2710
f 7870/7870/7870 7869/7869/7869 7885/7885/7885
f 2705/2705/2705 2707/2707/2707 2711/2711/2711
f 2710/2710/2710 2709/2709/2709 2712/2712/2712
f 2713/2713/2713 2714/2714/2714 2715/2715/2715
f 2400/2400/2400 2421/2421/2421 2401/2401/2401
f 6041/6041/6041 6042/6042/6042 6043/6043/6043
f 2716/2716/2716 2695/2695/2695 2691/2691/2691
f 3308/3308/3308 3338/3338/3338 3309/3309/3309
f 3524/3524/3524 3519/3519/3519 3518/3518/3518
f 3522/3522/3522 3496/3496/3496 3488/3488/3488
f 6600/6600/6600 6752/6752/6752 6579/6579/6579
f 6391/6391/6391 6392/6392/6392 6393/6393/6393
f 7886/7886/7886 7887/7887/7887 7888/7888/7888
f 2717/2717/2717 2718/2718/2718 2719/2719/2719
f 6394/6394/6394 6391/6391/6391 6395/6395/6395
f 8246/8246/8246 8247/8247/8247 8248/8248/8248
f 6396/6396/6396 6397/6397/6397 6398/6398/6398
f 6044/6044/6044 6045/6045/6045 6046/6046/6046
f 3311/3311/3311 3318/3318/3318 3305/3305/3305
f 2719/2719/2719 2720/2720/2720 2717/2717/2717
f 3799/3799/3799 3798/3798/3798 3802/3802/3802
f 2721/2721/2721 2722/2722/2722 2723/2723/2723
f 8249/8249/8249 8250/8250/8250 8251/8251/8251
f 6038/6038/6038 6037/6037/6037 6047/6047/6047
f 3525/3525/3525 3526/3526/3526 3511/3511/3511
f 6619/6619/6619 6620/6620/6620 6621/6621/6621
f 7879/7879/7879 7889/7889/7889 7890/7890/7890
f 7876/7876/7876 7891/7891/7891 7892/7892/7892
f 2724/2724/2724 2725/2725/2725 2726/2726/2726
f 8018/8018/8018 8019/8019/8019 8020/8020/8020
f 6621/6621/6621 6622/6622/6622 6619/6619/6619
f 6393/6393/6393 6395/6395/6395 6391/6391/6391
f 6041/6041/6041 6043/6043/6043 6048/6048/6048
f 2726/2726/2726 2727/2727/2727 2724/2724/2724
f 3527/3527/3527 3489/3489/3489 3496/3496/3496
f 6049/6049/6049 6050/6050/6050 6051/6051/6051
f 2728/2728/2728 2726/2726/2726 2725/2725/2725
f 7893/7893/7893 7870/7870/7870 7885/7885/7885
f 6593/6593/6593 6592/6592/6592 6623/6623/6623
f 2422/2422/2422 2423/2423/2423 2424/2424/2424
f 6052/6052/6052 6053/6053/6053 6054/6054/6054
f 6395/6395/6395 6393/6393/6393 6399/6399/6399
f 6624/6624/6624 6620/6620/6620 6619/6619/6619
f 6394/6394/6394 6395/6395/6395 6400/6400/6400
f 8252/8252/8252 8180/8180/8180 8179/8179/8179
f 2729/2729/2729 2730/2730/2730 2731/2731/2731
f 6625/6625/6625 6626/6626/6626 6627/6627/6627
f 6628/6628/6628 6629/6629/6629 6630/6630/6630
f 6055/6055/6055 6056/6056/6056 6057/6057/6057
f 6017/6017/6017 5995/5995/5995 6058/6058/6058
f 2683/2683/2683 2696/2696/2696 2732/2732/2732
f 3339/3339/3339 3437/3437/3437 3340/3340/3340
f 6050/6050/6050 6059/6059/6059 6051/6051/6051
f 7888/7888/7888 7894/7894/7894 7886/7886/7886
f 8253/8253/8253 8254/8254/8254 8255/8255/8255
f 3503/3503/3503 3505/3505/3505 3528/3528/3528
f 7888/7888/7888 7895/7895/7895 7894/7894/7894
f 7840/7840/7840 7822/7822/7822 7896/7896/7896
f 7879/7879/7879 7890/7890/7890 7720/7720/7720
f 8017/8017/8017 8016/8016/8016 8021/8021/8021
f 6060/6060/6060 6061/6061/6061 6062/6062/6062
f 3785/3785/3785 3786/3786/3786 3803/3803/3803
f 2733/2733/2733 2734/2734/2734 2735/2735/2735
f 3529/3529/3529 3530/3530/3530 3531/3531/3531
f 3532/3532/3532 3531/3531/3531 3530/3530/3530
f 6047/6047/6047 6037/6037/6037 6063/6063/6063
f 6401/6401/6401 6402/6402/6402 6403/6403/6403
f 8022/8022/8022 8023/8023/8023 8024/8024/8024
f 3804/3804/3804 3805/3805/3805 3806/3806/3806
f 3806/3806/3806 3805/3805/3805 3807/3807/3807
f 2425/2425/2425 2426/2426/2426 2427/2427/2427
f 3341/3341/3341 3342/3342/3342 3343/3343/3343
f 6399/6399/6399 6404/6404/6404 6395/6395/6395
f 2428/2428/2428 2429/2429/2429 2430/2430/2430
f 7896/7896/7896 7897/7897/7897 7840/7840/7840
f 7876/7876/7876 7898/7898/7898 7877/7877/7877
f 8221/8221/8221 8256/8256/8256 8196/8196/8196
f 7892/7892/7892 7899/7899/7899 7876/7876/7876
f 7900/7900/7900 7901/7901/7901 7902/7902/7902
f 7877/7877/7877 7898/7898/7898 7903/7903/7903
f 6405/6405/6405 6406/6406/6406 6407/6407/6407
f 6064/6064/6064 5993/5993/5993 5992/5992/5992
f 6004/6004/6004 6065/6065/6065 6005/6005/6005
f 3533/3533/3533 3534/3534/3534 3535/3535/3535
f 3503/3503/3503 3528/3528/3528 3536/3536/3536
f 3537/3537/3537 3538/3538/3538 3539/3539/3539
f 2736/2736/2736 2737/2737/2737 2738/2738/2738
f 8025/8025/8025 8026/8026/8026 8089/8089/8089
f 7904/7904/7904 7842/7842/7842 7884/7884/7884
f 8010/8010/8010 8027/8027/8027 8004/8004/8004
f 6066/6066/6066 6067/6067/6067 6068/6068/6068
f 3910/3910/3910 3808/3808/3808 3809/3809/3809
f 2739/2739/2739 2740/2740/2740 2741/2741/2741
f 8241/8241/8241 8185/8185/8185 8257/8257/8257
f 8258/8258/8258 8240/8240/8240 8200/8200/8200
f 6408/6408/6408 6409/6409/6409 6410/6410/6410
f 6630/6630/6630 6629/6629/6629 6631/6631/6631
f 6411/6411/6411 6412/6412/6412 6375/6375/6375
f 8028/8028/8028 8011/8011/8011 7999/7999/7999
f 7872/7872/7872 7905/7905/7905 7862/7862/7862
f 2742/2742/2742 2683/2683/2683 2732/2732/2732
f 2743/2743/2743 2744/2744/2744 2745/2745/2745
f 2431/2431/2431 2413/2413/2413 2415/2415/2415
f 2432/2432/2432 2433/2433/2433 2434/2434/2434
f 7884/7884/7884 7933/7933/7933 7906/7906/7906
f 8013/8013/8013 8029/8029/8029 8014/8014/8014
f 8030/8030/8030 8027/8027/8027 8010/8010/8010
f 7905/7905/7905 7872/7872/7872 7907/7907/7907
f 7882/7882/7882 7908/7908/7908 7880/7880/7880
f 8031/8031/8031 8014/8014/8014 8029/8029/8029
f 8259/8259/8259 8260/8260/8260 8261/8261/8261
f 8262/8262/8262 8263/8263/8263 8264/8264/8264
f 6413/6413/6413 6414/6414/6414 6415/6415/6415
f 3328/3328/3328 3322/3322/3322 3344/3344/3344
f 8265/8265/8265 8266/8266/8266 8267/8267/8267
f 8268/8268/8268 8269/8269/8269 8270/8270/8270
f 7909/7909/7909 7802/7802/7802 7824/7824/7824
f 6047/6047/6047 6063/6063/6063 6069/6069/6069
f 6632/6632/6632 6633/6633/6633 6634/6634/6634
f 6070/6070/6070 6071/6071/6071 6069/6069/6069
f 2746/2746/2746 2747/2747/2747 2748/2748/2748
f 2435/2435/2435 2433/2433/2433 2432/2432/2432
f 6072/6072/6072 6069/6069/6069 6063/6063/6063
f 6027/6027/6027 6073/6073/6073 5965/5965/5965
f 7906/7906/7906 7904/7904/7904 7884/7884/7884
f 6046/6046/6046 6074/6074/6074 6044/6044/6044
f 8265/8265/8265 8271/8271/8271 8266/8266/8266
f 7876/7876/7876 7899/7899/7899 7898/7898/7898
f 8505/8505/8505 8499/8499/8499 8501/8501/8501
f 7910/7910/7910 7911/7911/7911 7912/7912/7912
f 8272/8272/8272 8273/8273/8273 8274/8274/8274
f 2697/2697/2697 2749/2749/2749 2703/2703/2703
f 8200/8200/8200 8275/8275/8275 8276/8276/8276
f 6072/6072/6072 6070/6070/6070 6069/6069/6069
f 6075/6075/6075 6076/6076/6076 6077/6077/6077
f 8273/8273/8273 8277/8277/8277 8274/8274/8274
f 6635/6635/6635 6578/6578/6578 6603/6603/6603
f 6030/6030/6030 6078/6078/6078 6028/6028/6028
f 3910/3910/3910 3810/3810/3810 3811/3811/3811
f 2750/2750/2750 2751/2751/2751 2752/2752/2752
f 2435/2435/2435 2436/2436/2436 2433/2433/2433
f 3538/3538/3538 3540/3540/3540 3539/3539/3539
f 2753/2753/2753 2754/2754/2754 2755/2755/2755
f 3343/3343/3343 3345/3345/3345 3341/3341/3341
f 8032/8032/8032 8033/8033/8033 8034/8034/8034
f 8032/8032/8032 8035/8035/8035 8033/8033/8033
f 6409/6409/6409 6408/6408/6408 6416/6416/6416
f 6079/6079/6079 6033/6033/6033 6035/6035/6035
f 3809/3809/3809 3808/3808/3808 3812/3812/3812
f 2756/2756/2756 2757/2757/2757 2758/2758/2758
f 2759/2759/2759 2737/2737/2737 2736/2736/2736
f 2437/2437/2437 2438/2438/2438 2439/2439/2439
f 3345/3345/3345 3346/3346/3346 3341/3341/3341
f 8278/8278/8278 8279/8279/8279 8280/8280/8280
f 2440/2440/2440 2441/2441/2441 2442/2442/2442
f 2442/2442/2442 2441/2441/2441 2443/2443/2443
f 7913/7913/7913 7914/7914/7914 7915/7915/7915
f 6608/6608/6608 6584/6584/6584 6609/6609/6609
f 2750/2750/2750 2752/2752/2752 2760/2760/2760
f 8281/8281/8281 8232/8232/8232 8190/8190/8190
f 8282/8282/8282 8283/8283/8283 8284/8284/8284
f 8285/8285/8285 8262/8262/8262 8264/8264/8264
f 3535/3535/3535 3541/3541/3541 3533/3533/3533
f 3542/3542/3542 3543/3543/3543 3544/3544/3544
f 8286/8286/8286 8287/8287/8287 8288/8288/8288
f 6608/6608/6608 6636/6636/6636 6596/6596/6596
f 8289/8289/8289 8290/8290/8290 8291/8291/8291
f 5705/5705/5705 5706/5706/5706 5707/5707/5707
f 2761/2761/2761 2762/2762/2762 2763/2763/2763
f 8499/8499/8499 8504/8504/8504 8500/8500/8500
f 3545/3545/3545 3546/3546/3546 3547/3547/3547
f 6637/6637/6637 6638/6638/6638 6639/6639/6639
f 3548/3548/3548 3549/3549/3549 3550/3550/3550
f 7909/7909/7909 7916/7916/7916 7802/7802/7802
f 3346/3346/3346 3345/3345/3345 3347/3347/3347
f 3347/3347/3347 3348/3348/3348 3346/3346/3346
f 3349/3349/3349 3348/3348/3348 3350/3350/3350
f 3348/3348/3348 3349/3349/3349 3346/3346/3346
f 7917/7917/7917 7913/7913/7913 7915/7915/7915
f 6042/6042/6042 6041/6041/6041 6080/6080/6080
f 3542/3542/3542 3551/3551/3551 3543/3543/3543
f 7899/7899/7899 7892/7892/7892 7918/7918/7918
f 5979/5979/5979 6012/6012/6012 6081/6081/6081
f 2733/2733/2733 2735/2735/2735 2764/2764/2764
f 3910/3910/3910 3809/3809/3809 3810/3810/3810
f 3540/3540/3540 3552/3552/3552 3539/3539/3539
f 3553/3553/3553 3554/3554/3554 3555/3555/3555
f 2444/2444/2444 2445/2445/2445 2446/2446/2446
f 3350/3350/3350 3351/3351/3351 3352/3352/3352
f 6417/6417/6417 6418/6418/6418 6407/6407/6407
f 6419/6419/6419 6420/6420/6420 6421/6421/6421
f 2447/2447/2447 2448/2448/2448 2449/2449/2449
f 8292/8292/8292 8219/8219/8219 8218/8218/8218
f 3350/3350/3350 3348/3348/3348 3353/3353/3353
f 3354/3354/3354 3355/3355/3355 3356/3356/3356
f 3351/3351/3351 3354/3354/3354 3352/3352/3352
f 3356/3356/3356 3352/3352/3352 3354/3354/3354
f 3357/3357/3357 3355/3355/3355 3354/3354/3354
f 3353/3353/3353 3351/3351/3351 3350/3350/3350
f 8034/8034/8034 8033/8033/8033 8036/8036/8036
f 6082/6082/6082 6083/6083/6083 6084/6084/6084
f 7919/7919/7919 7906/7906/7906 7933/7933/7933
f 6402/6402/6402 6401/6401/6401 6422/6422/6422
f 8090/8090/8090 8037/8037/8037 8038/8038/8038
f 7920/7920/7920 7921/7921/7921 7922/7922/7922
f 3358/3358/3358 3359/3359/3359 3360/3360/3360
f 6035/6035/6035 6085/6085/6085 6086/6086/6086
f 3538/3538/3538 3556/3556/3556 3540/3540/3540
f 7919/7919/7919 7933/7933/7933 7923/7923/7923
f 7924/7924/7924 7925/7925/7925 7926/7926/7926
f 8506/8506/8506 8507/8507/8507 8508/8508/8508
f 6087/6087/6087 6088/6088/6088 6089/6089/6089
f 3361/3361/3361 3360/3360/3360 3362/3362/3362
f 2423/2423/2423 2422/2422/2422 2450/2450/2450
f 2451/2451/2451 2452/2452/2452 2453/2453/2453
f 8212/8212/8212 8293/8293/8293 8385/8385/8385
f 2454/2454/2454 2455/2455/2455 2456/2456/2456
f 6420/6420/6420 6423/6423/6423 6421/6421/6421
f 7927/7927/7927 7924/7924/7924 7926/7926/7926
f 6090/6090/6090 6091/6091/6091 6092/6092/6092
f 3813/3813/3813 3814/3814/3814 3784/3784/3784
f 3557/3557/3557 3558/3558/3558 3559/3559/3559
f 2765/2765/2765 2732/2732/2732 2696/2696/2696
f 2744/2744/2744 2743/2743/2743 2766/2766/2766
f 2767/2767/2767 2768/2768/2768 2769/2769/2769
f 2457/2457/2457 2458/2458/2458 2459/2459/2459
f 2460/2460/2460 2461/2461/2461 2462/2462/2462
f 2456/2456/2456 2455/2455/2455 2463/2463/2463
f 8039/8039/8039 8040/8040/8040 8041/8041/8041
f 6424/6424/6424 6413/6413/6413 6415/6415/6415
f 3560/3560/3560 3561/3561/3561 3562/3562/3562
f 3337/3337/3337 3332/3332/3332 3363/3363/3363
f 2464/2464/2464 2465/2465/2465 2466/2466/2466
f 3815/3815/3815 3816/3816/3816 3817/3817/3817
f 3818/3818/3818 3819/3819/3819 3820/3820/3820
f 2467/2467/2467 2468/2468/2468 2469/2469/2469
f 8200/8200/8200 8276/8276/8276 8258/8258/8258
f 6618/6618/6618 6612/6612/6612 6640/6640/6640
f 6093/6093/6093 6094/6094/6094 6095/6095/6095
f 6425/6425/6425 6375/6375/6375 6426/6426/6426
f 2770/2770/2770 2771/2771/2771 2772/2772/2772
f 3819/3819/3819 3821/3821/3821 3820/3820/3820
f 6375/6375/6375 6425/6425/6425 6329/6329/6329
f 3563/3563/3563 3564/3564/3564 3565/3565/3565
f 2773/2773/2773 2774/2774/2774 2775/2775/2775
f 8276/8276/8276 8275/8275/8275 8294/8294/8294
f 6096/6096/6096 6097/6097/6097 6098/6098/6098
f 2464/2464/2464 2466/2466/2466 2470/2470/2470
f 2471/2471/2471 2472/2472/2472 2473/2473/2473
f 3364/3364/3364 3365/3365/3365 3366/3366/3366
f 3786/3786/3786 3822/3822/3822 3823/3823/3823
f 6099/6099/6099 6100/6100/6100 6101/6101/6101
f 2474/2474/2474 2451/2451/2451 2453/2453/2453
f 3824/3824/3824 3781/3781/3781 3825/3825/3825
f 2475/2475/2475 2476/2476/2476 2477/2477/2477
f 2478/2478/2478 2479/2479/2479 2480/2480/2480
f 6609/6609/6609 6641/6641/6641 6608/6608/6608
f 2480/2480/2480 2481/2481/2481 2478/2478/2478
f 7928/7928/7928 7918/7918/7918 7892/7892/7892
f 8042/8042/8042 8043/8043/8043 8044/8044/8044
f 3510/3510/3510 3525/3525/3525 3511/3511/3511
f 6407/6407/6407 6406/6406/6406 6417/6417/6417
f 6024/6024/6024 6007/6007/6007 6102/6102/6102
f 3826/3826/3826 3827/3827/3827 3828/3828/3828
f 2437/2437/2437 2482/2482/2482 2438/2438/2438
f 2467/2467/2467 2483/2483/2483 2468/2468/2468
f 7929/7929/7929 7930/7930/7930 7931/7931/7931
f 8445/8445/8445 8496/8496/8496 8509/8509/8509
f 2481/2481/2481 2480/2480/2480 2484/2484/2484
f 6427/6427/6427 6428/6428/6428 6429/6429/6429
f 3367/3367/3367 3368/3368/3368 3369/3369/3369
f 6427/6427/6427 6430/6430/6430 6428/6428/6428
f 6426/6426/6426 6375/6375/6375 6412/6412/6412
f 2776/2776/2776 2777/2777/2777 2778/2778/2778
f 2481/2481/2481 2484/2484/2484 2485/2485/2485
f 3781/3781/3781 3829/3829/3829 3825/3825/3825
f 6103/6103/6103 6044/6044/6044 6074/6074/6074
f 8040/8040/8040 8039/8039/8039 8045/8045/8045
f 6595/6595/6595 6561/6561/6561 6642/6642/6642
f 2732/2732/2732 2779/2779/2779 2742/2742/2742
f 2780/2780/2780 2703/2703/2703 2749/2749/2749
f 8044/8044/8044 8046/8046/8046 8042/8042/8042
f 3824/3824/3824 3800/3800/3800 3781/3781/3781
f 8289/8289/8289 8295/8295/8295 8290/8290/8290
f 6636/6636/6636 6608/6608/6608 6641/6641/6641
f 6643/6643/6643 6644/6644/6644 6645/6645/6645
f 3370/3370/3370 3371/3371/3371 3372/3372/3372
f 6092/6092/6092 6104/6104/6104 6090/6090/6090
f 2460/2460/2460 2486/2486/2486 2461/2461/2461
f 5708/5708/5708 5709/5709/5709 5710/5710/5710
f 2781/2781/2781 2782/2782/2782 2783/2783/2783
f 2440/2440/2440 2487/2487/2487 2441/2441/2441
f 2488/2488/2488 2489/2489/2489 2490/2490/2490
f 2476/2476/2476 2475/2475/2475 2491/2491/2491
f 8043/8043/8043 8042/8042/8042 8047/8047/8047
f 8288/8288/8288 8296/8296/8296 8286/8286/8286
f 2776/2776/2776 2784/2784/2784 2777/2777/2777
f 2785/2785/2785 2786/2786/2786 2787/2787/2787
f 2440/2440/2440 2492/2492/2492 2493/2493/2493
f 2785/2785/2785 2787/2787/2787 2788/2788/2788
f 3830/3830/3830 3809/3809/3809 3812/3812/3812
f 3373/3373/3373 3374/3374/3374 3337/3337/3337
f 3365/3365/3365 3370/3370/3370 3366/3366/3366
f 8048/8048/8048 8046/8046/8046 8044/8044/8044
f 8048/8048/8048 8049/8049/8049 8046/8046/8046
f 8253/8253/8253 8255/8255/8255 8297/8297/8297
f 2494/2494/2494 2495/2495/2495 2496/2496/2496
f 2789/2789/2789 2790/2790/2790 2791/2791/2791
f 8033/8033/8033 8035/8035/8035 8050/8050/8050
f 2497/2497/2497 2498/2498/2498 2499/2499/2499
f 8051/8051/8051 8052/8052/8052 8053/8053/8053
f 6057/6057/6057 6105/6105/6105 6055/6055/6055
f 2740/2740/2740 2739/2739/2739 2792/2792/2792
f 3361/3361/3361 3358/3358/3358 3360/3360/3360
f 3370/3370/3370 3372/3372/3372 3366/3366/3366
f 3375/3375/3375 3376/3376/3376 3377/3377/3377
f 6076/6076/6076 6106/6106/6106 6077/6077/6077
f 3566/3566/3566 3567/3567/3567 3568/3568/3568
f 8028/8028/8028 8054/8054/8054 8055/8055/8055
f 3376/3376/3376 3375/3375/3375 3378/3378/3378
f 6431/6431/6431 6432/6432/6432 6433/6433/6433
f 6432/6432/6432 6434/6434/6434 6433/6433/6433
f 8510/8510/8510 8507/8507/8507 8506/8506/8506
f 2793/2793/2793 2794/2794/2794 2795/2795/2795
f 6435/6435/6435 6436/6436/6436 6437/6437/6437
f 6436/6436/6436 6438/6438/6438 6437/6437/6437
f 8056/8056/8056 8057/8057/8057 8058/8058/8058
f 3555/3555/3555 3569/3569/3569 3553/3553/3553
f 2774/2774/2774 2773/2773/2773 2796/2796/2796
f 3379/3379/3379 3377/3377/3377 3380/3380/3380
f 3380/3380/3380 3377/3377/3377 3376/3376/3376
f 3508/3508/3508 3507/3507/3507 3570/3570/3570
f 8059/8059/8059 8060/8060/8060 8061/8061/8061
f 8062/8062/8062 8055/8055/8055 8054/8054/8054
f 8298/8298/8298 8299/8299/8299 8300/8300/8300
f 8386/8386/8386 8211/8211/8211 8238/8238/8238
f 8301/8301/8301 8302/8302/8302 8303/8303/8303
f 5705/5705/5705 5711/5711/5711 5706/5706/5706
f 8304/8304/8304 8386/8386/8386 8238/8238/8238
f 3571/3571/3571 3572/3572/3572 3573/3573/3573
f 3574/3574/3574 3571/3571/3571 3573/3573/3573
f 8305/8305/8305 8306/8306/8306 8307/8307/8307
f 8308/8308/8308 8309/8309/8309 8310/8310/8310
f 6439/6439/6439 6440/6440/6440 6441/6441/6441
f 5997/5997/5997 6107/6107/6107 6039/6039/6039
f 6108/6108/6108 6109/6109/6109 6110/6110/6110
f 3381/3381/3381 3382/3382/3382 3383/3383/3383
f 3384/3384/3384 3385/3385/3385 3386/3386/3386
f 6035/6035/6035 6086/6086/6086 6079/6079/6079
f 8505/8505/8505 8502/8502/8502 8487/8487/8487
f 8063/8063/8063 8036/8036/8036 8033/8033/8033
f 8303/8303/8303 8302/8302/8302 8311/8311/8311
f 6078/6078/6078 6111/6111/6111 6028/6028/6028
f 3511/3511/3511 3526/3526/3526 3575/3575/3575
f 2767/2767/2767 2797/2797/2797 2798/2798/2798
f 8307/8307/8307 8306/8306/8306 8312/8312/8312
f 2471/2471/2471 2473/2473/2473 2500/2500/2500
f 8313/8313/8313 8314/8314/8314 8315/8315/8315
f 6442/6442/6442 6443/6443/6443 6444/6444/6444
f 6445/6445/6445 6446/6446/6446 6447/6447/6447
f 3387/3387/3387 3373/3373/3373 3337/3337/3337
f 8028/8028/8028 8055/8055/8055 8011/8011/8011
f 3576/3576/3576 3560/3560/3560 3562/3562/3562
f 3388/3388/3388 3336/3336/3336 3335/3335/3335
f 2774/2774/2774 2799/2799/2799 2775/2775/2775
f 2797/2797/2797 2767/2767/2767 2769/2769/2769
f 2783/2783/2783 2800/2800/2800 2781/2781/2781
f 2489/2489/2489 2501/2501/2501 2490/2490/2490
f 6646/6646/6646 6647/6647/6647 6648/6648/6648
f 2502/2502/2502 2503/2503/2503 2504/2504/2504
f 2503/2503/2503 2502/2502/2502 2505/2505/2505
f 3577/3577/3577 3574/3574/3574 3573/3573/3573
f 3578/3578/3578 3579/3579/3579 3580/3580/3580
f 2801/2801/2801 2802/2802/2802 2803/2803/2803
f 3784/3784/3784 3831/3831/3831 3786/3786/3786
f 3557/3557/3557 3559/3559/3559 3581/3581/3581
f 2503/2503/2503 2505/2505/2505 2506/2506/2506
f 3580/3580/3580 3579/3579/3579 3582/3582/3582
f 2804/2804/2804 2805/2805/2805 2806/2806/2806
f 6448/6448/6448 6449/6449/6449 6450/6450/6450
f 6637/6637/6637 6649/6649/6649 6638/6638/6638
f 8387/8387/8387 8316/8316/8316 8388/8388/8388
f 6451/6451/6451 6444/6444/6444 6443/6443/6443
f 6088/6088/6088 6112/6112/6112 6089/6089/6089
f 3389/3389/3389 3368/3368/3368 3367/3367/3367
f 2799/2799/2799 2807/2807/2807 2775/2775/2775
f 2808/2808/2808 2809/2809/2809 2810/2810/2810
f 8064/8064/8064 8065/8065/8065 8066/8066/8066
f 2507/2507/2507 2508/2508/2508 2509/2509/2509
f 3553/3553/3553 3583/3583/3583 3554/3554/3554
f 8063/8063/8063 8033/8033/8033 8067/8067/8067
f 3822/3822/3822 3786/3786/3786 3832/3832/3832
f 2811/2811/2811 2812/2812/2812 2813/2813/2813
f 6433/6433/6433 6434/6434/6434 6452/6452/6452
f 6453/6453/6453 6433/6433/6433 6452/6452/6452
f 8511/8511/8511 8512/8512/8512 8513/8513/8513
f 8221/8221/8221 8317/8317/8317 8256/8256/8256
f 6441/6441/6441 6440/6440/6440 6454/6454/6454
f 6448/6448/6448 6450/6450/6450 6455/6455/6455
f 3831/3831/3831 3784/3784/3784 3814/3814/3814
f 3831/3831/3831 3814/3814/3814 3833/3833/3833
f 2476/2476/2476 2491/2491/2491 2510/2510/2510
f 6434/6434/6434 6456/6456/6456 6452/6452/6452
f 2511/2511/2511 2501/2501/2501 2489/2489/2489
f 3584/3584/3584 3585/3585/3585 3586/3586/3586
f 2512/2512/2512 2513/2513/2513 2514/2514/2514
f 2814/2814/2814 2815/2815/2815 2816/2816/2816
f 8318/8318/8318 8258/8258/8258 8276/8276/8276
f 6113/6113/6113 6114/6114/6114 6115/6115/6115
f 6041/6041/6041 6116/6116/6116 6080/6080/6080
f 6064/6064/6064 5992/5992/5992 6117/6117/6117
f 6109/6109/6109 6108/6108/6108 6118/6118/6118
f 2507/2507/2507 2509/2509/2509 2515/2515/2515
f 2516/2516/2516 2514/2514/2514 2513/2513/2513
f 8068/8068/8068 8069/8069/8069 8070/8070/8070
f 8071/8071/8071 8066/8066/8066 8065/8065/8065
f 8072/8072/8072 8073/8073/8073 8074/8074/8074
f 8514/8514/8514 8515/8515/8515 8516/8516/8516
f 6119/6119/6119 6120/6120/6120 6121/6121/6121
f 8075/8075/8075 8076/8076/8076 8077/8077/8077
f 8517/8517/8517 8518/8518/8518 8519/8519/8519
f 5712/5712/5712 5713/5713/5713 5714/5714/5714
f 3834/3834/3834 3835/3835/3835 3836/3836/3836
f 2517/2517/2517 2518/2518/2518 2519/2519/2519
f 3383/3383/3383 3390/3390/3390 3391/3391/3391
f 6650/6650/6650 6651/6651/6651 6652/6652/6652
f 6650/6650/6650 6653/6653/6653 6651/6651/6651
f 3834/3834/3834 3836/3836/3836 3837/3837/3837
f 2817/2817/2817 2794/2794/2794 2793/2793/2793
f 8520/8520/8520 8521/8521/8521 8522/8522/8522
f 8523/8523/8523 8524/8524/8524 8525/8525/8525
f 2520/2520/2520 2521/2521/2521 2522/2522/2522
f 2818/2818/2818 2819/2819/2819 2820/2820/2820
f 8526/8526/8526 8521/8521/8521 8527/8527/8527
f 6106/6106/6106 6122/6122/6122 6077/6077/6077
f 8527/8527/8527 8528/8528/8528 8526/8526/8526
f 2821/2821/2821 2820/2820/2820 2819/2819/2819
f 8526/8526/8526 8522/8522/8522 8521/8521/8521
f 2822/2822/2822 2823/2823/2823 2824/2824/2824
f 8319/8319/8319 8320/8320/8320 8321/8321/8321
f 6457/6457/6457 6494/6494/6494 6458/6458/6458
f 2523/2523/2523 2524/2524/2524 2525/2525/2525
f 2525/2525/2525 2526/2526/2526 2527/2527/2527
f 3809/3809/3809 3830/3830/3830 3838/3838/3838
f 3587/3587/3587 3588/3588/3588 3589/3589/3589
f 3590/3590/3590 3550/3550/3550 3549/3549/3549
f 3587/3587/3587 3589/3589/3589 3591/3591/3591
f 2825/2825/2825 2826/2826/2826 2827/2827/2827
f 3592/3592/3592 3590/3590/3590 3549/3549/3549
f 3588/3588/3588 3587/3587/3587 3593/3593/3593
f 3594/3594/3594 3595/3595/3595 3596/3596/3596
f 2818/2818/2818 2828/2828/2828 2819/2819/2819
f 2523/2523/2523 2525/2525/2525 2527/2527/2527
f 3839/3839/3839 3840/3840/3840 3841/3841/3841
f 6654/6654/6654 6655/6655/6655 6656/6656/6656
f 2828/2828/2828 2818/2818/2818 2829/2829/2829
f 8529/8529/8529 8530/8530/8530 8531/8531/8531
f 6459/6459/6459 6494/6494/6494 6457/6457/6457
f 2826/2826/2826 2825/2825/2825 2830/2830/2830
f 2831/2831/2831 2832/2832/2832 2833/2833/2833
f 8321/8321/8321 8320/8320/8320 8322/8322/8322
f 5715/5715/5715 5716/5716/5716 5717/5717/5717
f 8525/8525/8525 8524/8524/8524 8532/8532/8532
f 2834/2834/2834 2835/2835/2835 2836/2836/2836
f 6447/6447/6447 6446/6446/6446 6460/6460/6460
f 2837/2837/2837 2838/2838/2838 2839/2839/2839
f 2528/2528/2528 2476/2476/2476 2510/2510/2510
f 3359/3359/3359 3358/3358/3358 3392/3392/3392
f 6612/6612/6612 6657/6657/6657 6640/6640/6640
f 8527/8527/8527 8533/8533/8533 8528/8528/8528
f 6658/6658/6658 6659/6659/6659 6660/6660/6660
f 8502/8502/8502 8505/8505/8505 8501/8501/8501
f 8531/8531/8531 8534/8534/8534 8529/8529/8529
f 3556/3556/3556 3597/3597/3597 3540/3540/3540
f 3393/3393/3393 3394/3394/3394 3395/3395/3395
f 2529/2529/2529 2512/2512/2512 2514/2514/2514
f 2840/2840/2840 2836/2836/2836 2835/2835/2835
f 8078/8078/8078 8079/8079/8079 8072/8072/8072
f 3598/3598/3598 3599/3599/3599 3600/3600/3600
f 8323/8323/8323 8324/8324/8324 8325/8325/8325
f 6661/6661/6661 6662/6662/6662 6663/6663/6663
f 6632/6632/6632 6664/6664/6664 6633/6633/6633
f 3825/3825/3825 3842/3842/3842 3824/3824/3824
f 2823/2823/2823 2822/2822/2822 2841/2841/2841
f 8326/8326/8326 8327/8327/8327 8328/8328/8328
f 8326/8326/8326 8328/8328/8328 8329/8329/8329
f 2493/2493/2493 2487/2487/2487 2440/2440/2440
f 6461/6461/6461 6462/6462/6462 6463/6463/6463
f 5718/5718/5718 5706/5706/5706 5711/5711/5711
f 6753/6753/6753 6754/6754/6754 6665/6665/6665
f 8322/8322/8322 8320/8320/8320 8330/8330/8330
f 8317/8317/8317 8331/8331/8331 8256/8256/8256
f 8535/8535/8535 8536/8536/8536 8537/8537/8537
f 8538/8538/8538 8521/8521/8521 8520/8520/8520
f 8535/8535/8535 8539/8539/8539 8536/8536/8536
f 6631/6631/6631 6666/6666/6666 6630/6630/6630
f 6066/6066/6066 6068/6068/6068 6123/6123/6123
f 3396/3396/3396 3397/3397/3397 3398/3398/3398
f 2842/2842/2842 2843/2843/2843 2844/2844/2844
f 3601/3601/3601 3602/3602/3602 3603/3603/3603
f 3399/3399/3399 3400/3400/3400 3401/3401/3401
f 6443/6443/6443 6442/6442/6442 6464/6464/6464
f 6667/6667/6667 6668/6668/6668 6669/6669/6669
f 6667/6667/6667 6670/6670/6670 6668/6668/6668
f 6449/6449/6449 6465/6465/6465 6450/6450/6450
f 6466/6466/6466 6463/6463/6463 6462/6462/6462
f 6467/6467/6467 6468/6468/6468 6469/6469/6469
f 5719/5719/5719 5720/5720/5720 5721/5721/5721
f 2508/2508/2508 2507/2507/2507 2530/2530/2530
f 2531/2531/2531 2532/2532/2532 2533/2533/2533
f 3401/3401/3401 3400/3400/3400 3397/3397/3397
f 8540/8540/8540 8541/8541/8541 8542/8542/8542
f 3402/3402/3402 3397/3397/3397 3400/3400/3400
f 8332/8332/8332 8333/8333/8333 8334/8334/8334
f 3403/3403/3403 3404/3404/3404 3405/3405/3405
f 3406/3406/3406 3399/3399/3399 3401/3401/3401
f 3397/3397/3397 3402/3402/3402 3398/3398/3398
f 5716/5716/5716 5722/5722/5722 5717/5717/5717
f 3604/3604/3604 3601/3601/3601 3603/3603/3603
f 6626/6626/6626 6625/6625/6625 6671/6671/6671
f 3605/3605/3605 3606/3606/3606 3607/3607/3607
f 6470/6470/6470 6471/6471/6471 6472/6472/6472
f 6659/6659/6659 6658/6658/6658 6672/6672/6672
f 8335/8335/8335 8336/8336/8336 8337/8337/8337
f 5723/5723/5723 5724/5724/5724 5725/5725/5725
f 2534/2534/2534 2535/2535/2535 2536/2536/2536
f 3407/3407/3407 3408/3408/3408 3409/3409/3409
f 8543/8543/8543 8544/8544/8544 8545/8545/8545
f 8546/8546/8546 8547/8547/8547 8548/8548/8548
f 8549/8549/8549 8546/8546/8546 8548/8548/8548
f 2533/2533/2533 2537/2537/2537 2531/2531/2531
f 8550/8550/8550 8551/8551/8551 8552/8552/8552
f 8338/8338/8338 8339/8339/8339 8340/8340/8340
f 3608/3608/3608 3609/3609/3609 3610/3610/3610
f 6662/6662/6662 6661/6661/6661 6673/6673/6673
f 6473/6473/6473 6472/6472/6472 6471/6471/6471
f 8341/8341/8341 8342/8342/8342 8343/8343/8343
f 8344/8344/8344 8345/8345/8345 8346/8346/8346
f 3410/3410/3410 3411/3411/3411 3412/3412/3412
f 8347/8347/8347 8348/8348/8348 8349/8349/8349
f 5726/5726/5726 5724/5724/5724 5723/5723/5723
f 3838/3838/3838 3830/3830/3830 3843/3843/3843
f 3606/3606/3606 3611/3611/3611 3607/3607/3607
f 2845/2845/2845 2814/2814/2814 2816/2816/2816
f 6674/6674/6674 6675/6675/6675 6676/6676/6676
f 3842/3842/3842 3825/3825/3825 3829/3829/3829
f 3844/3844/3844 3828/3828/3828 3845/3845/3845
f 2538/2538/2538 2539/2539/2539 2540/2540/2540
f 8080/8080/8080 8079/8079/8079 8078/8078/8078
f 6677/6677/6677 6678/6678/6678 6679/6679/6679
f 3832/3832/3832 3786/3786/3786 3831/3831/3831
f 2541/2541/2541 2542/2542/2542 2543/2543/2543
f 2534/2534/2534 2536/2536/2536 2544/2544/2544
f 6680/6680/6680 6681/6681/6681 6682/6682/6682
f 2542/2542/2542 2545/2545/2545 2543/2543/2543
f 5727/5727/5727 5728/5728/5728 5729/5729/5729
f 6683/6683/6683 6636/6636/6636 6641/6641/6641
f 6113/6113/6113 6124/6124/6124 6114/6114/6114
f 3390/3390/3390 3383/3383/3383 3382/3382/3382
f 6683/6683/6683 6641/6641/6641 6684/6684/6684
f 6685/6685/6685 6686/6686/6686 6687/6687/6687
f 3413/3413/3413 3414/3414/3414 3415/3415/3415
f 2839/2839/2839 2838/2838/2838 2846/2846/2846
f 2546/2546/2546 2547/2547/2547 2548/2548/2548
f 8334/8334/8334 8333/8333/8333 8350/8350/8350
f 6688/6688/6688 6689/6689/6689 6690/6690/6690
f 8545/8545/8545 8553/8553/8553 8543/8543/8543
f 6595/6595/6595 6642/6642/6642 6691/6691/6691
f 6643/6643/6643 6645/6645/6645 6692/6692/6692
f 3416/3416/3416 3412/3412/3412 3411/3411/3411
f 3846/3846/3846 3911/3911/3911 3912/3912/3912
f 8351/8351/8351 8352/8352/8352 8353/8353/8353
f 8550/8550/8550 8554/8554/8554 8551/8551/8551
f 6125/6125/6125 6126/6126/6126 6127/6127/6127
f 3847/3847/3847 3848/3848/3848 3849/3849/3849
f 8529/8529/8529 8534/8534/8534 8555/8555/8555
f 6755/6755/6755 6693/6693/6693 6754/6754/6754
f 6448/6448/6448 6474/6474/6474 6449/6449/6449
f 8081/8081/8081 8073/8073/8073 8072/8072/8072
f 6128/6128/6128 6129/6129/6129 6130/6130/6130
f 3612/3612/3612 3613/3613/3613 3614/3614/3614
f 3615/3615/3615 3583/3583/3583 3616/3616/3616
f 3417/3417/3417 3418/3418/3418 3419/3419/3419
f 2493/2493/2493 2549/2549/2549 2487/2487/2487
f 6690/6690/6690 6689/6689/6689 6694/6694/6694
f 3839/3839/3839 3850/3850/3850 3840/3840/3840
f 8354/8354/8354 8343/8343/8343 8355/8355/8355
f 3420/3420/3420 3387/3387/3387 3363/3363/3363
f 5730/5730/5730 5731/5731/5731 5732/5732/5732
f 8556/8556/8556 8557/8557/8557 8558/8558/8558
f 8557/8557/8557 8559/8559/8559 8558/8558/8558
f 8387/8387/8387 8356/8356/8356 8316/8316/8316
f 3851/3851/3851 3852/3852/3852 3853/3853/3853
f 8082/8082/8082 8083/8083/8083 8084/8084/8084
f 3419/3419/3419 3421/3421/3421 3417/3417/3417
f 3583/3583/3583 3615/3615/3615 3554/3554/3554
f 3387/3387/3387 3337/3337/3337 3363/3363/3363
f 8357/8357/8357 8358/8358/8358 8359/8359/8359
f 5733/5733/5733 5720/5720/5720 5719/5719/5719
f 3422/3422/3422 3423/3423/3423 3424/3424/3424
f 6695/6695/6695 6696/6696/6696 6697/6697/6697
f 6686/6686/6686 6698/6698/6698 6687/6687/6687
f 6092/6092/6092 6131/6131/6131 6104/6104/6104
f 3847/3847/3847 3854/3854/3854 3848/3848/3848
f 8360/8360/8360 8361/8361/8361 8389/8389/8389
f 6132/6132/6132 6128/6128/6128 6130/6130/6130
f 8080/8080/8080 8085/8085/8085 8079/8079/8079
f 8081/8081/8081 8072/8072/8072 8079/8079/8079
f 3855/3855/3855 3833/3833/3833 3814/3814/3814
f 2550/2550/2550 2551/2551/2551 2552/2552/2552
f 2553/2553/2553 2554/2554/2554 2546/2546/2546
f 3526/3526/3526 3525/3525/3525 3617/3617/3617
f 8560/8560/8560 8561/8561/8561 8562/8562/8562
f 8563/8563/8563 8564/8564/8564 8565/8565/8565
f 6698/6698/6698 6699/6699/6699 6687/6687/6687
f 3617/3617/3617 3618/3618/3618 3526/3526/3526
f 2555/2555/2555 2539/2539/2539 2538/2538/2538
f 2553/2553/2553 2546/2546/2546 2548/2548/2548
f 8546/8546/8546 8549/8549/8549 8566/8566/8566
f 8549/8549/8549 8567/8567/8567 8566/8566/8566
f 8362/8362/8362 8355/8355/8355 8363/8363/8363
f 8086/8086/8086 8073/8073/8073 8081/8081/8081
f 6118/6118/6118 6133/6133/6133 6109/6109/6109
f 2844/2844/2844 2847/2847/2847 2842/2842/2842
f 2453/2453/2453 2556/2556/2556 2474/2474/2474
f 2557/2557/2557 2550/2550/2550 2552/2552/2552
f 8568/8568/8568 8569/8569/8569 8570/8570/8570
f 8571/8571/8571 8572/8572/8572 8573/8573/8573
f 5713/5713/5713 5734/5734/5734 5714/5714/5714
f 8356/8356/8356 8364/8364/8364 8316/8316/8316
f 2848/2848/2848 2849/2849/2849 2850/2850/2850
f 8365/8365/8365 8343/8343/8343 8342/8342/8342
f 8562/8562/8562 8561/8561/8561 8574/8574/8574
f 3853/3853/3853 3852/3852/3852 3856/3856/3856
f 2515/2515/2515 2558/2558/2558 2507/2507/2507
f 8365/8365/8365 8363/8363/8363 8355/8355/8355
f 8365/8365/8365 8355/8355/8355 8343/8343/8343
f 6687/6687/6687 6699/6699/6699 6700/6700/6700
f 3612/3612/3612 3619/3619/3619 3613/3613/3613
f 8366/8366/8366 8367/8367/8367 8368/8368/8368
f 6082/6082/6082 6084/6084/6084 6134/6134/6134
f 2851/2851/2851 2852/2852/2852 2853/2853/2853
f 2519/2519/2519 2518/2518/2518 2559/2559/2559
f 6475/6475/6475 6476/6476/6476 6477/6477/6477
f 8575/8575/8575 8563/8563/8563 8565/8565/8565
f 8339/8339/8339 8369/8369/8369 8370/8370/8370
f 6701/6701/6701 6668/6668/6668 6670/6670/6670
f 8576/8576/8576 8577/8577/8577 8585/8585/8585
f 3620/3620/3620 3621/3621/3621 3669/3669/3669
f 2550/2550/2550 2560/2560/2560 2551/2551/2551
f 2453/2453/2453 2452/2452/2452 2561/2561/2561
f 8567/8567/8567 8578/8578/8578 8566/8566/8566
f 2555/2555/2555 2562/2562/2562 2539/2539/2539
f 8579/8579/8579 8569/8569/8569 8568/8568/8568
f 6478/6478/6478 6474/6474/6474 6448/6448/6448
f 2854/2854/2854 2855/2855/2855 2856/2856/2856
f 6461/6461/6461 6463/6463/6463 6479/6479/6479
f 2563/2563/2563 2564/2564/2564 2565/2565/2565
f 2566/2566/2566 2565/2565/2565 2567/2567/2567
f 2565/2565/2565 2564/2564/2564 2567/2567/2567
f 6007/6007/6007 6135/6135/6135 6102/6102/6102
f 6136/6136/6136 6082/6082/6082 6137/6137/6137
f 5735/5735/5735 5708/5708/5708 5710/5710/5710
f 3669/3669/3669 3621/3621/3621 3622/3622/3622
f 2568/2568/2568 2569/2569/2569 2570/2570/2570
f 2569/2569/2569 2568/2568/2568 2571/2571/2571
f 2572/2572/2572 2573/2573/2573 2574/2574/2574
f 8364/8364/8364 8371/8371/8371 8316/8316/8316
f 8370/8370/8370 8340/8340/8340 8339/8339/8339
f 6464/6464/6464 6480/6480/6480 6443/6443/6443
f 6461/6461/6461 6479/6479/6479 6481/6481/6481
f 8580/8580/8580 8578/8578/8578 8567/8567/8567
f 6754/6754/6754 6693/6693/6693 6665/6665/6665
f 3623/3623/3623 3624/3624/3624 3625/3625/3625
f 6474/6474/6474 6478/6478/6478 6482/6482/6482
f 8362/8362/8362 8363/8363/8363 8372/8372/8372
f 3626/3626/3626 3625/3625/3625 3624/3624/3624
f 8370/8370/8370 8369/8369/8369 8373/8373/8373
f 6138/6138/6138 6137/6137/6137 6082/6082/6082
f 2575/2575/2575 2576/2576/2576 2577/2577/2577
f 8085/8085/8085 8086/8086/8086 8079/8079/8079
f 3627/3627/3627 3628/3628/3628 3629/3629/3629
f 6112/6112/6112 6088/6088/6088 6139/6139/6139
f 3628/3628/3628 3630/3630/3630 3629/3629/3629
f 3631/3631/3631 3627/3627/3627 3629/3629/3629
f 3631/3631/3631 3629/3629/3629 3632/3632/3632
f 2487/2487/2487 2549/2549/2549 2578/2578/2578
f 8581/8581/8581 8582/8582/8582 8576/8576/8576
f 2857/2857/2857 2845/2845/2845 2858/2858/2858
f 2579/2579/2579 2507/2507/2507 2558/2558/2558
f 5736/5736/5736 5737/5737/5737 5738/5738/5738
f 3626/3626/3626 3633/3633/3633 3625/3625/3625
f 3606/3606/3606 3634/3634/3634 3611/3611/3611
f 6138/6138/6138 6082/6082/6082 6134/6134/6134
f 5729/5729/5729 5739/5739/5739 5727/5727/5727
f 2845/2845/2845 2857/2857/2857 2814/2814/2814
f 5740/5740/5740 5736/5736/5736 5738/5738/5738
f 5729/5729/5729 5741/5741/5741 5739/5739/5739
f 2580/2580/2580 2581/2581/2581 2582/2582/2582
f 3635/3635/3635 3636/3636/3636 3637/3637/3637
f 3636/3636/3636 3635/3635/3635 3638/3638/3638
f 5742/5742/5742 5743/5743/5743 5744/5744/5744
f 5744/5744/5744 5745/5745/5745 5742/5742/5742
f 8374/8374/8374 8375/8375/8375 8376/8376/8376
f 6078/6078/6078 6140/6140/6140 6111/6111/6111
f 8081/8081/8081 8079/8079/8079 8086/8086/8086
f 8363/8363/8363 8365/8365/8365 8377/8377/8377
f 6141/6141/6141 6080/6080/6080 6116/6116/6116
f 8583/8583/8583 8577/8577/8577 8576/8576/8576
f 8583/8583/8583 8576/8576/8576 8582/8582/8582
f 2846/2846/2846 2838/2838/2838 2859/2859/2859
f 6483/6483/6483 6484/6484/6484 6485/6485/6485
f 6486/6486/6486 6487/6487/6487 6488/6488/6488
f 6702/6702/6702 6703/6703/6703 6704/6704/6704
f 6702/6702/6702 6704/6704/6704 6705/6705/6705
f 6477/6477/6477 6489/6489/6489 6475/6475/6475
f 6756/6756/6756 6635/6635/6635 6603/6603/6603
f 5734/5734/5734 5746/5746/5746 5747/5747/5747
f 8377/8377/8377 8378/8378/8378 8363/8363/8363
f 8086/8086/8086 8085/8085/8085 8087/8087/8087
f 6490/6490/6490 6486/6486/6486 6491/6491/6491
f 6757/6757/6757 6635/6635/6635 6756/6756/6756
f 3845/3845/3845 3828/3828/3828 3827/3827/3827
f 3639/3639/3639 3610/3610/3610 3609/3609/3609
f 2906/2906/2906 2860/2860/2860 2861/2861/2861
f 5734/5734/5734 5747/5747/5747 5714/5714/5714
f 2862/2862/2862 2906/2906/2906 2861/2861/2861
f 8363/8363/8363 8379/8379/8379 8372/8372/8372
f 6486/6486/6486 6488/6488/6488 6491/6491/6491
f 3857/3857/3857 3844/3844/3844 3845/3845/3845
f 8378/8378/8378 8379/8379/8379 8363/8363/8363
f 5748/5748/5748 5749/5749/5749 5750/5750/5750
f 8380/8380/8380 8378/8378/8378 8377/8377/8377
f 2850/2850/2850 2863/2863/2863 2864/2864/2864
f 6123/6123/6123 6068/6068/6068 6142/6142/6142
f 5740/5740/5740 5742/5742/5742 5745/5745/5745
f 6143/6143/6143 6096/6096/6096 6098/6098/6098
f 8381/8381/8381 8382/8382/8382 8383/8383/8383
f 6481/6481/6481 6479/6479/6479 6492/6492/6492
f 5750/5750/5750 5751/5751/5751 5748/5748/5748
f 5741/5741/5741 5729/5729/5729 5752/5752/5752
f 5708/5708/5708 5735/5735/5735 5753/5753/5753
f 5745/5745/5745 5754/5754/5754 5755/5755/5755
f 8370/8370/8370 8373/8373/8373 8381/8381/8381
f 5756/5756/5756 5757/5757/5757 5758/5758/5758
f 2583/2583/2583 2584/2584/2584 2585/2585/2585
f 3640/3640/3640 3641/3641/3641 3642/3642/3642
f 3858/3858/3858 3859/3859/3859 3860/3860/3860
f 3861/3861/3861 3860/3860/3860 3859/3859/3859
f 5759/5759/5759 5760/5760/5760 5761/5761/5761
f 6475/6475/6475 6489/6489/6489 6493/6493/6493
f 3412/3412/3412 3425/3425/3425 3410/3410/3410
f 6706/6706/6706 6707/6707/6707 6708/6708/6708
f 5714/5714/5714 5747/5747/5747 5762/5762/5762
f 3643/3643/3643 3617/3617/3617 3525/3525/3525
f 5763/5763/5763 5764/5764/5764 5765/5765/5765
f 5766/5766/5766 5767/5767/5767 5768/5768/5768
f 6144/6144/6144 6141/6141/6141 6116/6116/6116
f 2586/2586/2586 2587/2587/2587 2588/2588/2588
f 3426/3426/3426 3416/3416/3416 3427/3427/3427
f 6709/6709/6709 6710/6710/6710 6711/6711/6711
f 5769/5769/5769 5770/5770/5770 5771/5771/5771
f 8370/8370/8370 8381/8381/8381 8383/8383/8383
f 5771/5771/5771 5772/5772/5772 5769/5769/5769
f 5773/5773/5773 5774/5774/5774 5775/5775/5775
f 5736/5736/5736 5740/5740/5740 5745/5745/5745
f 2865/2865/2865 2853/2853/2853 2852/2852/2852
f 3416/3416/3416 3426/3426/3426 3412/3412/3412
f 847/847/847 848/848/848 849/849/849
f 6691/6691/6691 6642/6642/6642 6712/6712/6712
f 5776/5776/5776 5777/5777/5777 5778/5778/5778
f 5779/5779/5779 5780/5780/5780 5781/5781/5781
f 5764/5764/5764 5763/5763/5763 5782/5782/5782
f 5783/5783/5783 5784/5784/5784 5785/5785/5785
f 5786/5786/5786 5787/5787/5787 5788/5788/5788
f 5776/5776/5776 5789/5789/5789 5777/5777/5777
f 5761/5761/5761 5790/5790/5790 5759/5759/5759
f 6713/6713/6713 6714/6714/6714 6715/6715/6715
f 5781/5781/5781 5780/5780/5780 5791/5791/5791
f 3621/3621/3621 3644/3644/3644 3622/3622/3622
f 2589/2589/2589 2590/2590/2590 2591/2591/2591
f 3862/3862/3862 3863/3863/3863 3864/3864/3864
f 6716/6716/6716 6717/6717/6717 6718/6718/6718
f 6719/6719/6719 6720/6720/6720 6721/6721/6721
f 5792/5792/5792 5897/5897/5897 5793/5793/5793
f 5794/5794/5794 5795/5795/5795 5796/5796/5796
f 5753/5753/5753 5797/5797/5797 5708/5708/5708
f 5753/5753/5753 5798/5798/5798 5797/5797/5797
f 2592/2592/2592 2593/2593/2593 2594/2594/2594
f 3412/3412/3412 3428/3428/3428 3425/3425/3425
f 6709/6709/6709 6722/6722/6722 6710/6710/6710
f 3864/3864/3864 3863/3863/3863 3865/3865/3865
f 5755/5755/5755 5736/5736/5736 5745/5745/5745
f 2593/2593/2593 2592/2592/2592 2595/2595/2595
f 2596/2596/2596 2597/2597/2597 2598/2598/2598
f 2592/2592/2592 2598/2598/2598 2595/2595/2595
f 6723/6723/6723 6724/6724/6724 6725/6725/6725
f 2858/2858/2858 2845/2845/2845 2866/2866/2866
f 2595/2595/2595 2598/2598/2598 2597/2597/2597
f 3866/3866/3866 3867/3867/3867 3838/3838/3838
f 2867/2867/2867 2868/2868/2868 2869/2869/2869
f 3868/3868/3868 3869/3869/3869 3870/3870/3870
f 2869/2869/2869 2868/2868/2868 2870/2870/2870
f 2599/2599/2599 2600/2600/2600 2601/2601/2601
f 6726/6726/6726 6720/6720/6720 6719/6719/6719
f 6707/6707/6707 6720/6720/6720 6708/6708/6708
f 3870/3870/3870 3871/3871/3871 3868/3868/3868
f 2602/2602/2602 2603/2603/2603 2604/2604/2604
f 3622/3622/3622 3644/3644/3644 3645/3645/3645
f 2605/2605/2605 2606/2606/2606 2607/2607/2607
f 6727/6727/6727 6708/6708/6708 6720/6720/6720
f 6717/6717/6717 6728/6728/6728 6718/6718/6718
f 2871/2871/2871 2872/2872/2872 2873/2873/2873
f 5794/5794/5794 5796/5796/5796 5799/5799/5799
f 3872/3872/3872 3873/3873/3873 3874/3874/3874
f 3875/3875/3875 3874/3874/3874 3873/3873/3873
f 3646/3646/3646 3647/3647/3647 3648/3648/3648
f 2866/2866/2866 2845/2845/2845 2874/2874/2874
f 5800/5800/5800 5801/5801/5801 5802/5802/5802
f 5801/5801/5801 5800/5800/5800 5803/5803/5803
f 5804/5804/5804 5805/5805/5805 5806/5806/5806
f 6729/6729/6729 6728/6728/6728 6717/6717/6717
f 2875/2875/2875 2876/2876/2876 2877/2877/2877
f 6730/6730/6730 6714/6714/6714 6713/6713/6713
f 6720/6720/6720 6707/6707/6707 6721/6721/6721
f 6731/6731/6731 6727/6727/6727 6720/6720/6720
f 3649/3649/3649 3650/3650/3650 3651/3651/3651
f 6732/6732/6732 6731/6731/6731 6720/6720/6720
f 5806/5806/5806 5807/5807/5807 5804/5804/5804
f 5808/5808/5808 5809/5809/5809 5810/5810/5810
f 3866/3866/3866 3876/3876/3876 3867/3867/3867
f 3429/3429/3429 3428/3428/3428 3412/3412/3412
f 2600/2600/2600 2599/2599/2599 2608/2608/2608
f 3842/3842/3842 3877/3877/3877 3824/3824/3824
f 2878/2878/2878 2879/2879/2879 2880/2880/2880
f 6733/6733/6733 6725/6725/6725 6724/6724/6724
f 5794/5794/5794 5799/5799/5799 5811/5811/5811
f 3428/3428/3428 3430/3430/3430 3425/3425/3425
f 5754/5754/5754 5804/5804/5804 5755/5755/5755
f 5812/5812/5812 5813/5813/5813 5814/5814/5814
f 3838/3838/3838 3843/3843/3843 3866/3866/3866
f 3652/3652/3652 3653/3653/3653 3670/3670/3670
f 3912/3912/3912 3878/3878/3878 3846/3846/3846
f 5804/5804/5804 5807/5807/5807 5815/5815/5815
f 3870/3870/3870 3869/3869/3869 3879/3879/3879
f 3431/3431/3431 3438/3438/3438 3432/3432/3432
f 2609/2609/2609 2610/2610/2610 2611/2611/2611
f 5816/5816/5816 5804/5804/5804 5815/5815/5815
f 3653/3653/3653 3652/3652/3652 3654/3654/3654
f 2881/2881/2881 2882/2882/2882 2883/2883/2883
f 3880/3880/3880 3881/3881/3881 3882/3882/3882
f 3670/3670/3670 3655/3655/3655 3652/3652/3652
f 2612/2612/2612 2639/2639/2639 2613/2613/2613
f 3433/3433/3433 3429/3429/3429 3412/3412/3412
f 3656/3656/3656 3657/3657/3657 3658/3658/3658
f 3883/3883/3883 3884/3884/3884 3885/3885/3885
f 3883/3883/3883 3886/3886/3886 3884/3884/3884
f 5816/5816/5816 5755/5755/5755 5804/5804/5804
f 3832/3832/3832 3831/3831/3831 3887/3887/3887
f 2863/2863/2863 2850/2850/2850 2884/2884/2884
f 3648/3648/3648 3659/3659/3659 3646/3646/3646
f 2614/2614/2614 2615/2615/2615 2616/2616/2616
f 2885/2885/2885 2850/2850/2850 2849/2849/2849
f 3660/3660/3660 3661/3661/3661 3662/3662/3662
f 2610/2610/2610 2609/2609/2609 2617/2617/2617
f 3888/3888/3888 3879/3879/3879 3869/3869/3869
f 2884/2884/2884 2850/2850/2850 2885/2885/2885
f 1900/1900/1900 1901/1901/1901 1902/1902/1902
f 3889/3889/3889 3870/3870/3870 3879/3879/3879
f 2886/2886/2886 2887/2887/2887 2888/2888/2888
f 2618/2618/2618 2619/2619/2619 2620/2620/2620
f 2608/2608/2608 2621/2621/2621 2622/2622/2622
f 3890/3890/3890 3891/3891/3891 3892/3892/3892
f 2602/2602/2602 2623/2623/2623 2603/2603/2603
f 2883/2883/2883 2889/2889/2889 2890/2890/2890
f 3842/3842/3842 3893/3893/3893 3877/3877/3877
f 1903/1903/1903 1904/1904/1904 1905/1905/1905
f 3888/3888/3888 3889/3889/3889 3879/3879/3879
f 3412/3412/3412 3426/3426/3426 3433/3433/3433
f 1906/1906/1906 1907/1907/1907 1908/1908/1908
f 3894/3894/3894 3878/3878/3878 3912/3912/3912
f 3663/3663/3663 3617/3617/3617 3643/3643/3643
f 3649/3649/3649 3664/3664/3664 3650/3650/3650
f 1909/1909/1909 1910/1910/1910 1911/1911/1911
f 2891/2891/2891 2892/2892/2892 2893/2893/2893
f 2894/2894/2894 2862/2862/2862 2861/2861/2861
f 3913/3913/3913 3895/3895/3895 3896/3896/3896
f 3665/3665/3665 3666/3666/3666 3652/3652/3652
f 2888/2888/2888 2895/2895/2895 2886/2886/2886
f 2599/2599/2599 2624/2624/2624 2608/2608/2608
f 2149/2149/2149 2150/2150/2150 2151/2151/2151
f 3655/3655/3655 3665/3665/3665 3652/3652/3652
f 1/1/1 2/2/2 3/3/3
f 2890/2890/2890 2881/2881/2881 2883/2883/2883
f 2621/2621/2621 2608/2608/2608 2624/2624/2624
f 3897/3897/3897 3889/3889/3889 3888/3888/3888
f 3898/3898/3898 3899/3899/3899 3900/3900/3900
f 2625/2625/2625 2626/2626/2626 2627/2627/2627
f 2896/2896/2896 2897/2897/2897 2898/2898/2898
f 3901/3901/3901 3914/3914/3914 3902/3902/3902
f 2152/2152/2152 2153/2153/2153 2154/2154/2154
f 2155/2155/2155 2156/2156/2156 2157/2157/2157
f 3873/3873/3873 3872/3872/3872 3903/3903/3903
f 1912/1912/1912 1913/1913/1913 1914/1914/1914
f 2158/2158/2158 2159/2159/2159 2160/2160/2160
f 4/4/4 5/5/5 6/6/6
f 3904/3904/3904 3915/3915/3915 3905/3905/3905
f 264/264/264 265/265/265 266/266/266
f 3916/3916/3916 3906/3906/3906 3917/3917/3917
f 2628/2628/2628 2629/2629/2629 2630/2630/2630
f 267/267/267 268/268/268 269/269/269
f 2899/2899/2899 2900/2900/2900 2901/2901/2901
f 2902/2902/2902 2884/2884/2884 2885/2885/2885
f 3663/3663/3663 3667/3667/3667 3617/3617/3617
f 2631/2631/2631 2632/2632/2632 2633/2633/2633
f 2903/2903/2903 2901/2901/2901 2900/2900/2900
f 3428/3428/3428 3429/3429/3429 3434/3434/3434
f 265/265/265 270/270/270 266/266/266
f 271/271/271 272/272/272 273/273/273
f 274/274/274 275/275/275 276/276/276
f 3433/3433/3433 3434/3434/3434 3429/3429/3429
f 850/850/850 851/851/851 852/852/852
f 2161/2161/2161 2378/2378/2378 2162/2162/2162
f 2634/2634/2634 2635/2635/2635 2636/2636/2636
f 7/7/7 8/8/8 9/9/9
f 277/277/277 278/278/278 279/279/279
f 2379/2379/2379 2163/2163/2163 2164/2164/2164
f 280/280/280 281/281/281 282/282/282
f 850/850/850 852/852/852 847/847/847
f 2165/2165/2165 2166/2166/2166 2167/2167/2167
f 2168/2168/2168 2169/2169/2169 2170/2170/2170
f 2171/2171/2171 2172/2172/2172 2173/2173/2173
f 2845/2845/2845 2904/2904/2904 2874/2874/2874
f 853/853/853 854/854/854 855/855/855
f 10/10/10 11/11/11 12/12/12
f 11/11/11 13/13/13 12/12/12
f 2380/2380/2380 2174/2174/2174 2175/2175/2175
f 283/283/283 284/284/284 285/285/285
f 14/14/14 12/12/12 13/13/13
f 262/262/262 15/15/15 16/16/16
f 3435/3435/3435 3364/3364/3364 3366/3366/3366
f 2176/2176/2176 2177/2177/2177 2178/2178/2178
f 3907/3907/3907 3908/3908/3908 3909/3909/3909
f 2905/2905/2905 2886/2886/2886 2895/2895/2895
f 2624/2624/2624 2637/2637/2637 2621/2621/2621
f 2179/2179/2179 2180/2180/2180 2181/2181/2181
f 2638/2638/2638 2575/2575/2575 2577/2577/2577
f 5817/5817/5817 5818/5818/5818 5819/5819/5819
f 276/276/276 275/275/275 286/286/286
f 287/287/287 288/288/288 289/289/289
f 17/17/17 18/18/18 19/19/19
f 262/262/262 20/20/20 15/15/15
f 18/18/18 21/21/21 19/19/19
f 264/264/264 290/290/290 265/265/265
f 283/283/283 285/285/285 291/291/291
f 856/856/856 857/857/857 851/851/851
f 5819/5819/5819 5818/5818/5818 5820/5820/5820
f 11/11/11 10/10/10 22/22/22
f 23/23/23 20/20/20 262/262/262
f 858/858/858 859/859/859 860/860/860
f 861/861/861 856/856/856 851/851/851
f 5821/5821/5821 5822/5822/5822 5823/5823/5823
f 2182/2182/2182 2176/2176/2176 2178/2178/2178
f 24/24/24 25/25/25 26/26/26
f 861/861/861 851/851/851 850/850/850
f 2183/2183/2183 2184/2184/2184 2185/2185/2185
f 1906/1906/1906 1908/1908/1908 1915/1915/1915
f 2186/2186/2186 2187/2187/2187 2188/2188/2188
f 2189/2189/2189 2185/2185/2185 2184/2184/2184
f 2182/2182/2182 2178/2178/2178 2190/2190/2190
f 5824/5824/5824 5825/5825/5825 5826/5826/5826
f 27/27/27 28/28/28 29/29/29
f 3422/3422/3422 3436/3436/3436 3423/3423/3423
f 2140/2140/2140 1916/1916/1916 1917/1917/1917
f 5819/5819/5819 5827/5827/5827 5817/5817/5817
f 292/292/292 290/290/290 264/264/264
f 2191/2191/2191 2192/2192/2192 2193/2193/2193
f 2194/2194/2194 2195/2195/2195 2163/2163/2163
f 26/26/26 25/25/25 30/30/30
f 31/31/31 32/32/32 33/33/33
f 1918/1918/1918 1919/1919/1919 1920/1920/1920
f 293/293/293 294/294/294 276/276/276
f 293/293/293 276/276/276 286/286/286
f 34/34/34 35/35/35 36/36/36
f 5828/5828/5828 5827/5827/5827 5819/5819/5819
f 2183/2183/2183 2196/2196/2196 2184/2184/2184
f 862/862/862 863/863/863 864/864/864
f 37/37/37 38/38/38 39/39/39
f 5829/5829/5829 5830/5830/5830 5831/5831/5831
f 11/11/11 22/22/22 40/40/40
f 5828/5828/5828 5832/5832/5832 5827/5827/5827
f 41/41/41 42/42/42 43/43/43
f 44/44/44 45/45/45 46/46/46
f 6734/6734/6734 6735/6735/6735 6736/6736/6736
f 6737/6737/6737 6738/6738/6738 6739/6739/6739
f 41/41/41 47/47/47 42/42/42
f 865/865/865 866/866/866 856/856/856
f 2197/2197/2197 2190/2190/2190 2178/2178/2178
f 5833/5833/5833 5834/5834/5834 5835/5835/5835
f 6740/6740/6740 6741/6741/6741 6742/6742/6742
f 5836/5836/5836 5834/5834/5834 5833/5833/5833
f 2178/2178/2178 2198/2198/2198 2197/2197/2197
f 5837/5837/5837 5838/5838/5838 5839/5839/5839
f 5840/5840/5840 5841/5841/5841 5842/5842/5842
f 2191/2191/2191 2193/2193/2193 2199/2199/2199
f 5843/5843/5843 5844/5844/5844 5845/5845/5845
f 295/295/295 296/296/296 297/297/297
f 5825/5825/5825 5846/5846/5846 5826/5826/5826
f 298/298/298 299/299/299 300/300/300
f 850/850/850 847/847/847 861/861/861
f 301/301/301 297/297/297 296/296/296
f 6743/6743/6743 6744/6744/6744 6745/6745/6745
f 5399/5399/5399 5400/5400/5400 5401/5401/5401
f 6742/6742/6742 6741/6741/6741 6746/6746/6746
f 6747/6747/6747 6740/6740/6740 6742/6742/6742
f 5114/5114/5114 5115/5115/5115 5116/5116/5116
f 5847/5847/5847 5848/5848/5848 5849/5849/5849
f 302/302/302 303/303/303 304/304/304
f 302/302/302 304/304/304 305/305/305
f 5844/5844/5844 5850/5850/5850 5845/5845/5845
f 48/48/48 49/49/49 50/50/50
f 49/49/49 51/51/51 50/50/50
f 50/50/50 51/51/51 52/52/52
f 5851/5851/5851 5852/5852/5852 5853/5853/5853
f 50/50/50 53/53/53 48/48/48
f 5852/5852/5852 5851/5851/5851 5854/5854/5854
f 2200/2200/2200 2201/2201/2201 2202/2202/2202
f 2203/2203/2203 2202/2202/2202 2201/2201/2201
f 1921/1921/1921 2140/2140/2140 1922/1922/1922
f 6748/6748/6748 6749/6749/6749 6750/6750/6750
f 5855/5855/5855 5856/5856/5856 5857/5857/5857
f 2190/2190/2190 2197/2197/2197 2204/2204/2204
f 50/50/50 54/54/54 53/53/53
f 15/15/15 20/20/20 55/55/55
f 1921/1921/1921 1916/1916/1916 2140/2140/2140
f 56/56/56 57/57/57 58/58/58
f 5858/5858/5858 5859/5859/5859 5860/5860/5860
f 5402/5402/5402 5403/5403/5403 5404/5404/5404
f 5405/5405/5405 5406/5406/5406 5407/5407/5407
f 6743/6743/6743 6745/6745/6745 6751/6751/6751
f 59/59/59 60/60/60 61/61/61
f 5861/5861/5861 5862/5862/5862 5863/5863/5863
f 5864/5864/5864 5846/5846/5846 5825/5825/5825
f 306/306/306 307/307/307 308/308/308
f 5117/5117/5117 5118/5118/5118 5119/5119/5119
f 62/62/62 53/53/53 54/54/54
f 5865/5865/5865 5866/5866/5866 5867/5867/5867
f 5868/5868/5868 5869/5869/5869 5870/5870/5870
f 2171/2171/2171 2205/2205/2205 2172/2172/2172
f 2152/2152/2152 2206/2206/2206 2153/2153/2153
f 5865/5865/5865 5867/5867/5867 5871/5871/5871
f 5120/5120/5120 5121/5121/5121 5122/5122/5122
f 63/63/63 64/64/64 65/65/65
f 5117/5117/5117 5119/5119/5119 5123/5123/5123
f 5872/5872/5872 5873/5873/5873 5874/5874/5874
f 5408/5408/5408 5409/5409/5409 5410/5410/5410
f 5835/5835/5835 5875/5875/5875 5876/5876/5876
f 1923/1923/1923 1924/1924/1924 1925/1925/1925
f 2207/2207/2207 2208/2208/2208 2209/2209/2209
f 2209/2209/2209 2208/2208/2208 2210/2210/2210
f 4767/4767/4767 4768/4768/4768 4769/4769/4769
f 5875/5875/5875 5835/5835/5835 5834/5834/5834
f 309/309/309 310/310/310 509/509/509
f 861/861/861 867/867/867 856/856/856
f 5411/5411/5411 5412/5412/5412 5413/5413/5413
f 847/847/847 867/867/867 861/861/861
f 865/865/865 856/856/856 867/867/867
f 5400/5400/5400 5414/5414/5414 5401/5401/5401
f 5877/5877/5877 5878/5878/5878 5879/5879/5879
f 2211/2211/2211 2172/2172/2172 2205/2205/2205
f 5124/5124/5124 5125/5125/5125 5126/5126/5126
f 7131/7131/7131 7132/7132/7132 7133/7133/7133
f 5402/5402/5402 5415/5415/5415 5403/5403/5403
f 7134/7134/7134 7135/7135/7135 7136/7136/7136
f 4770/4770/4770 4771/4771/4771 4772/4772/4772
f 2212/2212/2212 2213/2213/2213 2214/2214/2214
f 4773/4773/4773 4772/4772/4772 4774/4774/4774
f 66/66/66 67/67/67 63/63/63
f 5416/5416/5416 5417/5417/5417 5418/5418/5418
f 59/59/59 61/61/61 68/68/68
f 5419/5419/5419 5420/5420/5420 5421/5421/5421
f 2164/2164/2164 2163/2163/2163 2195/2195/2195
f 1918/1918/1918 1926/1926/1926 1919/1919/1919
f 69/69/69 32/32/32 31/31/31
f 7131/7131/7131 7137/7137/7137 7132/7132/7132
f 5121/5121/5121 5127/5127/5127 5122/5122/5122
f 5880/5880/5880 5881/5881/5881 5882/5882/5882
f 4775/4775/4775 4776/4776/4776 4777/4777/4777
f 5416/5416/5416 5418/5418/5418 5422/5422/5422
f 5883/5883/5883 5884/5884/5884 5885/5885/5885
f 2215/2215/2215 2205/2205/2205 2216/2216/2216
f 7138/7138/7138 7139/7139/7139 7135/7135/7135
f 311/311/311 290/290/290 292/292/292
f 1927/1927/1927 1928/1928/1928 1929/1929/1929
f 4778/4778/4778 4779/4779/4779 4780/4780/4780
f 312/312/312 313/313/313 314/314/314
f 70/70/70 71/71/71 72/72/72
f 5886/5886/5886 5860/5860/5860 5859/5859/5859
f 5107/5107/5107 4781/4781/4781 4782/4782/4782
f 5887/5887/5887 5888/5888/5888 5889/5889/5889
f 7135/7135/7135 7134/7134/7134 7138/7138/7138
f 5890/5890/5890 5891/5891/5891 5892/5892/5892
f 73/73/73 74/74/74 75/75/75
f 5423/5423/5423 5424/5424/5424 5425/5425/5425
f 5410/5410/5410 5409/5409/5409 5426/5426/5426
f 310/310/310 315/315/315 509/509/509
f 5423/5423/5423 5425/5425/5425 5427/5427/5427
f 4783/4783/4783 4784/4784/4784 4785/4785/4785
f 868/868/868 869/869/869 870/870/870
f 5123/5123/5123 5128/5128/5128 5117/5117/5117
f 5893/5893/5893 5883/5883/5883 5885/5885/5885
f 5129/5129/5129 5130/5130/5130 5131/5131/5131
f 4771/4771/4771 4774/4774/4774 4772/4772/4772
f 4786/4786/4786 4787/4787/4787 4788/4788/4788
f 316/316/316 314/314/314 313/313/313
f 7428/7428/7428 7429/7429/7429 7430/7430/7430
f 5894/5894/5894 5895/5895/5895 5896/5896/5896
f 1930/1930/1930 1912/1912/1912 1914/1914/1914
f 317/317/317 318/318/318 510/510/510
f 319/319/319 320/320/320 321/321/321
f 7134/7134/7134 7140/7140/7140 7138/7138/7138
f 4789/4789/4789 4790/4790/4790 4791/4791/4791
f 7133/7133/7133 7132/7132/7132 7141/7141/7141
f 4792/4792/4792 4793/4793/4793 4794/4794/4794
f 2216/2216/2216 2205/2205/2205 2171/2171/2171
f 7431/7431/7431 7432/7432/7432 7433/7433/7433
f 2193/2193/2193 2217/2217/2217 2199/2199/2199
f 510/510/510 318/318/318 322/322/322
f 7139/7139/7139 7138/7138/7138 7142/7142/7142
f 1931/1931/1931 1932/1932/1932 1933/1933/1933
f 2218/2218/2218 2219/2219/2219 2220/2220/2220
f 1932/1932/1932 1934/1934/1934 1933/1933/1933
f 1922/1922/1922 1935/1935/1935 1921/1921/1921
f 2214/2214/2214 2221/2221/2221 2212/2212/2212
f 4791/4791/4791 4795/4795/4795 4789/4789/4789
f 5428/5428/5428 5429/5429/5429 5430/5430/5430
f 1936/1936/1936 1937/1937/1937 1938/1938/1938
f 1938/1938/1938 1939/1939/1939 1936/1936/1936
f 6758/6758/6758 6759/6759/6759 6760/6760/6760
f 1938/1938/1938 1940/1940/1940 1939/1939/1939
f 1938/1938/1938 1941/1941/1941 1940/1940/1940
f 7143/7143/7143 7144/7144/7144 7133/7133/7133
f 7143/7143/7143 7133/7133/7133 7141/7141/7141
f 1942/1942/1942 1943/1943/1943 1944/1944/1944
f 7434/7434/7434 7435/7435/7435 7436/7436/7436
f 7437/7437/7437 7438/7438/7438 7631/7631/7631
f 6761/6761/6761 6758/6758/6758 6760/6760/6760
f 2222/2222/2222 2381/2381/2381 2223/2223/2223
f 7145/7145/7145 7146/7146/7146 7147/7147/7147
f 7631/7631/7631 7439/7439/7439 7437/7437/7437
f 61/61/61 76/76/76 68/68/68
f 7148/7148/7148 7149/7149/7149 7150/7150/7150
f 7440/7440/7440 7441/7441/7441 7442/7442/7442
f 7443/7443/7443 7444/7444/7444 7445/7445/7445
f 4796/4796/4796 4797/4797/4797 4770/4770/4770
f 1928/1928/1928 1927/1927/1927 1945/1945/1945
f 77/77/77 78/78/78 79/79/79
f 5428/5428/5428 5431/5431/5431 5432/5432/5432
f 80/80/80 77/77/77 79/79/79
f 510/510/510 323/323/323 317/317/317
f 7139/7139/7139 7142/7142/7142 7151/7151/7151
f 7434/7434/7434 7446/7446/7446 7435/7435/7435
f 77/77/77 80/80/80 81/81/81
f 2205/2205/2205 2215/2215/2215 2224/2224/2224
f 1946/1946/1946 1947/1947/1947 1948/1948/1948
f 7447/7447/7447 7443/7443/7443 7445/7445/7445
f 5132/5132/5132 5133/5133/5133 5134/5134/5134
f 2225/2225/2225 2226/2226/2226 2227/2227/2227
f 324/324/324 325/325/325 326/326/326
f 82/82/82 83/83/83 84/84/84
f 85/85/85 86/86/86 87/87/87
f 83/83/83 88/88/88 84/84/84
f 7448/7448/7448 7431/7431/7431 7433/7433/7433
f 7446/7446/7446 7434/7434/7434 7449/7449/7449
f 1949/1949/1949 1950/1950/1950 1951/1951/1951
f 5131/5131/5131 5135/5135/5135 5129/5129/5129
f 7152/7152/7152 7138/7138/7138 7140/7140/7140
f 2218/2218/2218 2220/2220/2220 2228/2228/2228
f 89/89/89 90/90/90 91/91/91
f 1906/1906/1906 1915/1915/1915 1952/1952/1952
f 1951/1951/1951 1950/1950/1950 1953/1953/1953
f 64/64/64 63/63/63 67/67/67
f 5421/5421/5421 5433/5433/5433 5419/5419/5419
f 5409/5409/5409 5434/5434/5434 5426/5426/5426
f 7449/7449/7449 7434/7434/7434 7450/7450/7450
f 5435/5435/5435 5436/5436/5436 5437/5437/5437
f 4798/4798/4798 4799/4799/4799 4800/4800/4800
f 7451/7451/7451 7449/7449/7449 7450/7450/7450
f 5438/5438/5438 5439/5439/5439 5440/5440/5440
f 4801/4801/4801 4802/4802/4802 4803/4803/4803
f 92/92/92 93/93/93 94/94/94
f 6761/6761/6761 6762/6762/6762 6758/6758/6758
f 7150/7150/7150 7149/7149/7149 7153/7153/7153
f 5418/5418/5418 5417/5417/5417 5441/5441/5441
f 4804/4804/4804 4805/4805/4805 4806/4806/4806
f 2229/2229/2229 2230/2230/2230 2231/2231/2231
f 5430/5430/5430 5431/5431/5431 5428/5428/5428
f 7452/7452/7452 7453/7453/7453 7454/7454/7454
f 5136/5136/5136 5122/5122/5122 5127/5127/5127
f 6762/6762/6762 6763/6763/6763 6758/6758/6758
f 7154/7154/7154 7155/7155/7155 7149/7149/7149
f 69/69/69 31/31/31 95/95/95
f 7449/7449/7449 7451/7451/7451 7455/7455/7455
f 5442/5442/5442 5700/5700/5700 5701/5701/5701
f 5443/5443/5443 5412/5412/5412 5411/5411/5411
f 96/96/96 97/97/97 98/98/98
f 4807/4807/4807 4808/4808/4808 4809/4809/4809
f 849/849/849 871/871/871 847/847/847
f 7138/7138/7138 7152/7152/7152 7142/7142/7142
f 7156/7156/7156 7157/7157/7157 7158/7158/7158
f 1954/1954/1954 1906/1906/1906 1955/1955/1955
f 872/872/872 873/873/873 874/874/874
f 7456/7456/7456 7457/7457/7457 7458/7458/7458
f 1946/1946/1946 1948/1948/1948 1956/1956/1956
f 4810/4810/4810 4811/4811/4811 4812/4812/4812
f 99/99/99 100/100/100 101/101/101
f 76/76/76 61/61/61 102/102/102
f 875/875/875 876/876/876 877/877/877
f 7155/7155/7155 7153/7153/7153 7149/7149/7149
f 5444/5444/5444 5445/5445/5445 5446/5446/5446
f 5131/5131/5131 5137/5137/5137 5138/5138/5138
f 4770/4770/4770 4797/4797/4797 4771/4771/4771
f 93/93/93 92/92/92 103/103/103
f 104/104/104 105/105/105 106/106/106
f 5447/5447/5447 5448/5448/5448 5449/5449/5449
f 5450/5450/5450 5451/5451/5451 5452/5452/5452
f 107/107/107 108/108/108 109/109/109
f 5453/5453/5453 5451/5451/5451 5450/5450/5450
f 878/878/878 877/877/877 876/876/876
f 5454/5454/5454 5455/5455/5455 5456/5456/5456
f 7150/7150/7150 7153/7153/7153 7159/7159/7159
f 5129/5129/5129 5139/5139/5139 5130/5130/5130
f 5457/5457/5457 5446/5446/5446 5445/5445/5445
f 7160/7160/7160 7158/7158/7158 7157/7157/7157
f 5140/5140/5140 5141/5141/5141 5142/5142/5142
f 5458/5458/5458 5447/5447/5447 5449/5449/5449
f 4812/4812/4812 4813/4813/4813 4810/4810/4810
f 7459/7459/7459 7460/7460/7460 7461/7461/7461
f 4814/4814/4814 4815/4815/4815 4816/4816/4816
f 327/327/327 328/328/328 329/329/329
f 7160/7160/7160 7157/7157/7157 7161/7161/7161
f 7162/7162/7162 7163/7163/7163 7164/7164/7164
f 2232/2232/2232 2233/2233/2233 2234/2234/2234
f 7449/7449/7449 7455/7455/7455 7446/7446/7446
f 2217/2217/2217 2235/2235/2235 2199/2199/2199
f 5141/5141/5141 5140/5140/5140 5143/5143/5143
f 867/867/867 847/847/847 871/871/871
f 5459/5459/5459 5460/5460/5460 5461/5461/5461
f 4810/4810/4810 4817/4817/4817 4811/4811/4811
f 7441/7441/7441 7440/7440/7440 7462/7462/7462
f 5134/5134/5134 5133/5133/5133 5144/5144/5144
f 5462/5462/5462 5463/5463/5463 5464/5464/5464
f 5465/5465/5465 5466/5466/5466 5467/5467/5467
f 7165/7165/7165 7166/7166/7166 7167/7167/7167
f 7168/7168/7168 7169/7169/7169 7170/7170/7170
f 7152/7152/7152 7140/7140/7140 7171/7171/7171
f 7463/7463/7463 7464/7464/7464 7465/7465/7465
f 7172/7172/7172 7144/7144/7144 7143/7143/7143
f 854/854/854 879/879/879 855/855/855
f 7168/7168/7168 7173/7173/7173 7169/7169/7169
f 7466/7466/7466 7467/7467/7467 7468/7468/7468
f 7174/7174/7174 7175/7175/7175 7176/7176/7176
f 7469/7469/7469 7470/7470/7470 7471/7471/7471
f 4818/4818/4818 4819/4819/4819 4820/4820/4820
f 5145/5145/5145 5146/5146/5146 5147/5147/5147
f 7177/7177/7177 7178/7178/7178 7179/7179/7179
f 4821/4821/4821 4822/4822/4822 4823/4823/4823
f 880/880/880 881/881/881 868/868/868
f 89/89/89 110/110/110 90/90/90
f 7472/7472/7472 7455/7455/7455 7451/7451/7451
f 7471/7471/7471 7473/7473/7473 7469/7469/7469
f 7180/7180/7180 7152/7152/7152 7171/7171/7171
f 7178/7178/7178 7177/7177/7177 7181/7181/7181
f 5468/5468/5468 5469/5469/5469 5470/5470/5470
f 111/111/111 112/112/112 113/113/113
f 67/67/67 66/66/66 114/114/114
f 5147/5147/5147 5148/5148/5148 5145/5145/5145
f 5471/5471/5471 5472/5472/5472 5473/5473/5473
f 5474/5474/5474 5475/5475/5475 5476/5476/5476
f 2159/2159/2159 2236/2236/2236 2160/2160/2160
f 115/115/115 116/116/116 117/117/117
f 7182/7182/7182 7183/7183/7183 7184/7184/7184
f 4824/4824/4824 4825/4825/4825 4826/4826/4826
f 4827/4827/4827 4828/4828/4828 4829/4829/4829
f 1944/1944/1944 1957/1957/1957 1942/1942/1942
f 882/882/882 868/868/868 870/870/870
f 118/118/118 119/119/119 120/120/120
f 7474/7474/7474 7475/7475/7475 7476/7476/7476
f 1958/1958/1958 1959/1959/1959 1960/1960/1960
f 7128/7128/7128 6764/6764/6764 6765/6765/6765
f 7185/7185/7185 7186/7186/7186 7187/7187/7187
f 5477/5477/5477 5478/5478/5478 5479/5479/5479
f 5149/5149/5149 5134/5134/5134 5150/5150/5150
f 1926/1926/1926 1918/1918/1918 1961/1961/1961
f 121/121/121 122/122/122 123/123/123
f 7477/7477/7477 7478/7478/7478 7479/7479/7479
f 5151/5151/5151 5152/5152/5152 5153/5153/5153
f 5140/5140/5140 5154/5154/5154 5143/5143/5143
f 4796/4796/4796 4770/4770/4770 4830/4830/4830
f 2237/2237/2237 2195/2195/2195 2238/2238/2238
f 1943/1943/1943 1962/1962/1962 1944/1944/1944
f 1963/1963/1963 1964/1964/1964 1965/1965/1965
f 118/118/118 120/120/120 124/124/124
f 5411/5411/5411 5480/5480/5480 5443/5443/5443
f 7480/7480/7480 7481/7481/7481 7482/7482/7482
f 1966/1966/1966 1960/1960/1960 1959/1959/1959
f 7448/7448/7448 7483/7483/7483 7431/7431/7431
f 5441/5441/5441 5417/5417/5417 5481/5481/5481
f 4831/4831/4831 4832/4832/4832 4833/4833/4833
f 1951/1951/1951 1967/1967/1967 1949/1949/1949
f 1968/1968/1968 1969/1969/1969 1970/1970/1970
f 330/330/330 331/331/331 511/511/511
f 7188/7188/7188 7189/7189/7189 7190/7190/7190
f 67/67/67 125/125/125 126/126/126
f 310/310/310 332/332/332 315/315/315
f 7461/7461/7461 7484/7484/7484 7459/7459/7459
f 5473/5473/5473 5482/5482/5482 5483/5483/5483
f 5484/5484/5484 5485/5485/5485 5486/5486/5486
f 2219/2219/2219 2239/2239/2239 2220/2220/2220
f 883/883/883 884/884/884 885/885/885
f 886/886/886 887/887/887 888/888/888
f 117/117/117 116/116/116 127/127/127
f 6766/6766/6766 6767/6767/6767 6768/6768/6768
f 4834/4834/4834 4835/4835/4835 4836/4836/4836
f 2224/2224/2224 2215/2215/2215 2240/2240/2240
f 889/889/889 890/890/890 891/891/891
f 887/887/887 892/892/892 888/888/888
f 7189/7189/7189 7188/7188/7188 7191/7191/7191
f 7485/7485/7485 7481/7481/7481 7480/7480/7480
f 7481/7481/7481 7485/7485/7485 7486/7486/7486
f 893/893/893 887/887/887 886/886/886
f 5487/5487/5487 5488/5488/5488 5489/5489/5489
f 894/894/894 893/893/893 886/886/886
f 4808/4808/4808 4807/4807/4807 4837/4837/4837
f 870/870/870 895/895/895 882/882/882
f 7487/7487/7487 7488/7488/7488 7489/7489/7489
f 333/333/333 334/334/334 335/335/335
f 4838/4838/4838 4839/4839/4839 4840/4840/4840
f 7187/7187/7187 7192/7192/7192 7185/7185/7185
f 5483/5483/5483 5482/5482/5482 5490/5490/5490
f 5155/5155/5155 5153/5153/5153 5152/5152/5152
f 5156/5156/5156 5157/5157/5157 5158/5158/5158
f 1971/1971/1971 1972/1972/1972 1973/1973/1973
f 896/896/896 897/897/897 898/898/898
f 871/871/871 849/849/849 899/899/899
f 333/333/333 336/336/336 334/334/334
f 337/337/337 333/333/333 335/335/335
f 2231/2231/2231 2230/2230/2230 2241/2241/2241
f 7467/7467/7467 7490/7490/7490 7468/7468/7468
f 7461/7461/7461 7460/7460/7460 7491/7491/7491
f 5701/5701/5701 5491/5491/5491 5442/5442/5442
f 338/338/338 339/339/339 340/340/340
f 341/341/341 342/342/342 343/343/343
f 344/344/344 341/341/341 343/343/343
f 1974/1974/1974 1975/1975/1975 1976/1976/1976
f 1977/1977/1977 1975/1975/1975 1978/1978/1978
f 1979/1979/1979 1980/1980/1980 1981/1981/1981
f 1976/1976/1976 1975/1975/1975 1977/1977/1977
f 7486/7486/7486 7492/7492/7492 7481/7481/7481
f 7493/7493/7493 7494/7494/7494 7489/7489/7489
f 4841/4841/4841 4842/4842/4842 4843/4843/4843
f 4844/4844/4844 4845/4845/4845 4846/4846/4846
f 69/69/69 95/95/95 128/128/128
f 7489/7489/7489 7494/7494/7494 7487/7487/7487
f 129/129/129 130/130/130 131/131/131
f 132/132/132 130/130/130 129/129/129
f 345/345/345 346/346/346 347/347/347
f 133/133/133 132/132/132 129/129/129
f 348/348/348 349/349/349 347/347/347
f 345/345/345 347/347/347 350/350/350
f 7193/7193/7193 7194/7194/7194 7195/7195/7195
f 348/348/348 351/351/351 349/349/349
f 7186/7186/7186 7196/7196/7196 7187/7187/7187
f 6769/6769/6769 6770/6770/6770 6771/6771/6771
f 7495/7495/7495 7496/7496/7496 7497/7497/7497
f 7197/7197/7197 7198/7198/7198 7199/7199/7199
f 7195/7195/7195 7200/7200/7200 7193/7193/7193
f 4847/4847/4847 4848/4848/4848 4849/4849/4849
f 4819/4819/4819 4818/4818/4818 4850/4850/4850
f 900/900/900 891/891/891 890/890/890
f 263/263/263 134/134/134 135/135/135
f 67/67/67 114/114/114 136/136/136
f 6772/6772/6772 6773/6773/6773 6774/6774/6774
f 7201/7201/7201 7202/7202/7202 7165/7165/7165
f 5134/5134/5134 5144/5144/5144 5150/5150/5150
f 4838/4838/4838 4851/4851/4851 4839/4839/4839
f 123/123/123 137/137/137 138/138/138
f 139/139/139 140/140/140 141/141/141
f 352/352/352 353/353/353 354/354/354
f 350/350/350 347/347/347 349/349/349
f 4841/4841/4841 4852/4852/4852 4842/4842/4842
f 5158/5158/5158 5157/5157/5157 5159/5159/5159
f 355/355/355 356/356/356 357/357/357
f 2141/2141/2141 1982/1982/1982 1983/1983/1983
f 111/111/111 142/142/142 112/112/112
f 4853/4853/4853 4854/4854/4854 4855/4855/4855
f 4854/4854/4854 4856/4856/4856 4855/4855/4855
f 7498/7498/7498 7499/7499/7499 7500/7500/7500
f 2195/2195/2195 2242/2242/2242 2238/2238/2238
f 868/868/868 882/882/882 880/880/880
f 101/101/101 95/95/95 99/99/99
f 901/901/901 902/902/902 903/903/903
f 125/125/125 143/143/143 126/126/126
f 358/358/358 359/359/359 360/360/360
f 2212/2212/2212 2221/2221/2221 2243/2243/2243
f 5160/5160/5160 5131/5131/5131 5130/5130/5130
f 1955/1955/1955 1906/1906/1906 1952/1952/1952
f 112/112/112 144/144/144 145/145/145
f 7501/7501/7501 7502/7502/7502 7503/7503/7503
f 5161/5161/5161 5162/5162/5162 5163/5163/5163
f 7203/7203/7203 7204/7204/7204 7205/7205/7205
f 1984/1984/1984 1955/1955/1955 1952/1952/1952
f 4857/4857/4857 4858/4858/4858 4859/4859/4859
f 4860/4860/4860 4861/4861/4861 4862/4862/4862
f 904/904/904 902/902/902 905/905/905
f 903/903/903 902/902/902 904/904/904
f 7162/7162/7162 7206/7206/7206 7163/7163/7163
f 361/361/361 362/362/362 363/363/363
f 146/146/146 147/147/147 263/263/263
f 5160/5160/5160 5137/5137/5137 5131/5131/5131
f 4829/4829/4829 4863/4863/4863 4827/4827/4827
f 901/901/901 906/906/906 902/902/902
f 364/364/364 365/365/365 366/366/366
f 124/124/124 148/148/148 118/118/118
f 5492/5492/5492 5493/5493/5493 5494/5494/5494
f 5475/5475/5475 5474/5474/5474 5495/5495/5495
f 4837/4837/4837 4864/4864/4864 4808/4808/4808
f 361/361/361 363/363/363 367/367/367
f 368/368/368 369/369/369 370/370/370
f 371/371/371 372/372/372 373/373/373
f 106/106/106 149/149/149 104/104/104
f 907/907/907 873/873/873 872/872/872
f 5489/5489/5489 5496/5496/5496 5487/5487/5487
f 7423/7423/7423 7424/7424/7424 7207/7207/7207
f 7504/7504/7504 7505/7505/7505 7506/7506/7506
f 6775/6775/6775 6776/6776/6776 6777/6777/6777
f 6775/6775/6775 6778/6778/6778 6776/6776/6776
f 7208/7208/7208 7209/7209/7209 7210/7210/7210
f 121/121/121 123/123/123 138/138/138
f 908/908/908 873/873/873 907/907/907
f 69/69/69 128/128/128 150/150/150
f 1985/1985/1985 1986/1986/1986 1987/1987/1987
f 909/909/909 910/910/910 911/911/911
f 6779/6779/6779 6780/6780/6780 6781/6781/6781
f 7203/7203/7203 7205/7205/7205 7211/7211/7211
f 7212/7212/7212 7213/7213/7213 7214/7214/7214
f 5463/5463/5463 5462/5462/5462 5497/5497/5497
f 4865/4865/4865 4866/4866/4866 4867/4867/4867
f 151/151/151 152/152/152 153/153/153
f 5161/5161/5161 5163/5163/5163 5164/5164/5164
f 5165/5165/5165 5166/5166/5166 5167/5167/5167
f 154/154/154 155/155/155 156/156/156
f 157/157/157 155/155/155 154/154/154
f 157/157/157 158/158/158 155/155/155
f 6782/6782/6782 6783/6783/6783 6784/6784/6784
f 4868/4868/4868 4803/4803/4803 4802/4802/4802
f 1927/1927/1927 1988/1988/1988 1989/1989/1989
f 360/360/360 359/359/359 374/374/374
f 5163/5163/5163 5168/5168/5168 5164/5164/5164
f 5167/5167/5167 5169/5169/5169 5165/5165/5165
f 375/375/375 376/376/376 377/377/377
f 6781/6781/6781 6780/6780/6780 6785/6785/6785
f 4817/4817/4817 4810/4810/4810 4869/4869/4869
f 1990/1990/1990 1991/1991/1991 1992/1992/1992
f 1989/1989/1989 1945/1945/1945 1927/1927/1927
f 369/369/369 378/378/378 370/370/370
f 375/375/375 379/379/379 376/376/376
f 5472/5472/5472 5498/5498/5498 5473/5473/5473
f 2244/2244/2244 2222/2222/2222 2223/2223/2223
f 6786/6786/6786 6772/6772/6772 6774/6774/6774
f 4870/4870/4870 4871/4871/4871 4872/4872/4872
f 885/885/885 912/912/912 883/883/883
f 1993/1993/1993 1994/1994/1994 1995/1995/1995
f 380/380/380 512/512/512 381/381/381
f 1996/1996/1996 1995/1995/1995 1994/1994/1994
f 5170/5170/5170 5171/5171/5171 5172/5172/5172
f 5482/5482/5482 5473/5473/5473 5498/5498/5498
f 5499/5499/5499 5500/5500/5500 5501/5501/5501
f 4803/4803/4803 4873/4873/4873 4874/4874/4874
f 2245/2245/2245 2227/2227/2227 2226/2226/2226
f 1997/1997/1997 1998/1998/1998 1955/1955/1955
f 913/913/913 914/914/914 915/915/915
f 6787/6787/6787 6788/6788/6788 6789/6789/6789
f 7215/7215/7215 7216/7216/7216 7186/7186/7186
f 5467/5467/5467 5502/5502/5502 5465/5465/5465
f 5503/5503/5503 5443/5443/5443 5480/5480/5480
f 159/159/159 160/160/160 161/161/161
f 4823/4823/4823 4875/4875/4875 4821/4821/4821
f 366/366/366 382/382/382 364/364/364
f 67/67/67 136/136/136 125/125/125
f 354/354/354 353/353/353 383/383/383
f 6790/6790/6790 6791/6791/6791 6792/6792/6792
f 7167/7167/7167 7217/7217/7217 7201/7201/7201
f 162/162/162 161/161/161 163/163/163
f 2246/2246/2246 2164/2164/2164 2195/2195/2195
f 916/916/916 917/917/917 918/918/918
f 6793/6793/6793 6794/6794/6794 6795/6795/6795
f 128/128/128 164/164/164 150/150/150
f 918/918/918 919/919/919 916/916/916
f 384/384/384 513/513/513 385/385/385
f 6776/6776/6776 6796/6796/6796 6797/6797/6797
f 1999/1999/1999 1945/1945/1945 1989/1989/1989
f 112/112/112 142/142/142 144/144/144
f 920/920/920 855/855/855 879/879/879
f 6794/6794/6794 6798/6798/6798 6795/6795/6795
f 150/150/150 164/164/164 165/165/165
f 7201/7201/7201 7165/7165/7165 7167/7167/7167
f 5173/5173/5173 5174/5174/5174 5175/5175/5175
f 166/166/166 167/167/167 168/168/168
f 95/95/95 101/101/101 128/128/128
f 169/169/169 170/170/170 171/171/171
f 386/386/386 387/387/387 388/388/388
f 172/172/172 170/170/170 169/169/169
f 2000/2000/2000 2001/2001/2001 2002/2002/2002
f 6798/6798/6798 6794/6794/6794 6799/6799/6799
f 2003/2003/2003 2004/2004/2004 2005/2005/2005
f 7218/7218/7218 7219/7219/7219 7220/7220/7220
f 7221/7221/7221 7425/7425/7425 7155/7155/7155
f 4771/4771/4771 4876/4876/4876 4774/4774/4774
f 921/921/921 922/922/922 879/879/879
f 4832/4832/4832 4831/4831/4831 4877/4877/4877
f 5174/5174/5174 5176/5176/5176 5175/5175/5175
f 389/389/389 390/390/390 391/391/391
f 7155/7155/7155 7425/7425/7425 7153/7153/7153
f 4878/4878/4878 4867/4867/4867 4866/4866/4866
f 5177/5177/5177 5178/5178/5178 5179/5179/5179
f 5180/5180/5180 5171/5171/5171 5170/5170/5170
f 4879/4879/4879 4880/4880/4880 4881/4881/4881
f 4859/4859/4859 4858/4858/4858 4882/4882/4882
f 2006/2006/2006 2007/2007/2007 1990/1990/1990
f 173/173/173 174/174/174 175/175/175
f 7222/7222/7222 7223/7223/7223 7224/7224/7224
f 914/914/914 923/923/923 915/915/915
f 2235/2235/2235 2217/2217/2217 2247/2247/2247
f 7210/7210/7210 7225/7225/7225 7208/7208/7208
f 5434/5434/5434 5504/5504/5504 5426/5426/5426
f 4883/4883/4883 4884/4884/4884 4885/4885/4885
f 263/263/263 135/135/135 146/146/146
f 173/173/173 176/176/176 174/174/174
f 392/392/392 370/370/370 378/378/378
f 5178/5178/5178 5181/5181/5181 5179/5179/5179
f 6784/6784/6784 6783/6783/6783 6800/6800/6800
f 5505/5505/5505 5506/5506/5506 5507/5507/5507
f 393/393/393 394/394/394 395/395/395
f 177/177/177 178/178/178 179/179/179
f 5172/5172/5172 5182/5182/5182 5170/5170/5170
f 7226/7226/7226 7227/7227/7227 7228/7228/7228
f 5183/5183/5183 5184/5184/5184 5185/5185/5185
f 4868/4868/4868 4886/4886/4886 4803/4803/4803
f 160/160/160 163/163/163 161/161/161
f 177/177/177 179/179/179 180/180/180
f 177/177/177 180/180/180 181/181/181
f 2244/2244/2244 2223/2223/2223 2235/2235/2235
f 177/177/177 181/181/181 182/182/182
f 2248/2248/2248 2249/2249/2249 2250/2250/2250
f 4887/4887/4887 4888/4888/4888 4889/4889/4889
f 5186/5186/5186 5184/5184/5184 5183/5183/5183
f 5187/5187/5187 5188/5188/5188 5189/5189/5189
f 4890/4890/4890 4891/4891/4891 4892/4892/4892
f 4893/4893/4893 4812/4812/4812 4811/4811/4811
f 4893/4893/4893 4811/4811/4811 4894/4894/4894
f 2008/2008/2008 2009/2009/2009 2010/2010/2010
f 178/178/178 183/183/183 179/179/179
f 6795/6795/6795 6801/6801/6801 6793/6793/6793
f 4895/4895/4895 4896/4896/4896 4897/4897/4897
f 6802/6802/6802 6803/6803/6803 6804/6804/6804
f 2250/2250/2250 2249/2249/2249 2251/2251/2251
f 6805/6805/6805 6806/6806/6806 6807/6807/6807
f 5190/5190/5190 5191/5191/5191 5192/5192/5192
f 4898/4898/4898 4884/4884/4884 4883/4883/4883
f 184/184/184 185/185/185 186/186/186
f 396/396/396 397/397/397 398/398/398
f 4897/4897/4897 4899/4899/4899 4895/4895/4895
f 924/924/924 879/879/879 925/925/925
f 6808/6808/6808 6809/6809/6809 6810/6810/6810
f 7186/7186/7186 7216/7216/7216 7196/7196/7196
f 2252/2252/2252 2227/2227/2227 2245/2245/2245
f 184/184/184 187/187/187 185/185/185
f 153/153/153 188/188/188 151/151/151
f 2011/2011/2011 2012/2012/2012 2013/2013/2013
f 2240/2240/2240 2253/2253/2253 2224/2224/2224
f 7229/7229/7229 7230/7230/7230 7231/7231/7231
f 4900/4900/4900 4901/4901/4901 4902/4902/4902
f 4831/4831/4831 4903/4903/4903 4904/4904/4904
f 2244/2244/2244 2235/2235/2235 2247/2247/2247
f 399/399/399 400/400/400 401/401/401
f 402/402/402 403/403/403 404/404/404
f 6811/6811/6811 6805/6805/6805 6807/6807/6807
f 6809/6809/6809 6808/6808/6808 6812/6812/6812
f 922/922/922 925/925/925 879/879/879
f 4905/4905/4905 4906/4906/4906 4907/4907/4907
f 2014/2014/2014 2015/2015/2015 2016/2016/2016
f 189/189/189 190/190/190 191/191/191
f 405/405/405 406/406/406 407/407/407
f 4908/4908/4908 5108/5108/5108 4909/4909/4909
f 4906/4906/4906 4910/4910/4910 4907/4907/4907
f 2017/2017/2017 1993/1993/1993 2018/2018/2018
f 192/192/192 193/193/193 194/194/194
f 191/191/191 195/195/195 189/189/189
f 366/366/366 365/365/365 408/408/408
f 6813/6813/6813 6814/6814/6814 6815/6815/6815
f 196/196/196 197/197/197 198/198/198
f 6776/6776/6776 6797/6797/6797 6816/6816/6816
f 5188/5188/5188 5187/5187/5187 5193/5193/5193
f 4797/4797/4797 4911/4911/4911 4771/4771/4771
f 924/924/924 920/920/920 879/879/879
f 7507/7507/7507 7508/7508/7508 7506/7506/7506
f 408/408/408 409/409/409 366/366/366
f 5482/5482/5482 5498/5498/5498 5508/5508/5508
f 2019/2019/2019 2020/2020/2020 2021/2021/2021
f 2022/2022/2022 2023/2023/2023 2024/2024/2024
f 7505/7505/7505 7504/7504/7504 7509/7509/7509
f 5194/5194/5194 5195/5195/5195 5196/5196/5196
f 926/926/926 927/927/927 928/928/928
f 5197/5197/5197 5198/5198/5198 5199/5199/5199
f 929/929/929 930/930/930 931/931/931
f 146/146/146 135/135/135 199/199/199
f 932/932/932 933/933/933 934/934/934
f 6791/6791/6791 6817/6817/6817 6792/6792/6792
f 6818/6818/6818 6777/6777/6777 6776/6776/6776
f 2016/2016/2016 2015/2015/2015 2025/2025/2025
f 2026/2026/2026 2022/2022/2022 2024/2024/2024
f 932/932/932 929/929/929 933/933/933
f 929/929/929 932/932/932 930/930/930
f 931/931/931 927/927/927 926/926/926
f 929/929/929 931/931/931 926/926/926
f 2027/2027/2027 2028/2028/2028 2029/2029/2029
f 5200/5200/5200 5201/5201/5201 5202/5202/5202
f 4797/4797/4797 4912/4912/4912 4911/4911/4911
f 4831/4831/4831 4904/4904/4904 4877/4877/4877
f 2254/2254/2254 2237/2237/2237 2255/2255/2255
f 2030/2030/2030 2031/2031/2031 2032/2032/2032
f 2033/2033/2033 2142/2142/2142 2034/2034/2034
f 899/899/899 849/849/849 935/935/935
f 6819/6819/6819 6820/6820/6820 6821/6821/6821
f 6822/6822/6822 6823/6823/6823 6824/6824/6824
f 7232/7232/7232 7233/7233/7233 7234/7234/7234
f 401/401/401 400/400/400 410/410/410
f 200/200/200 198/198/198 197/197/197
f 936/936/936 937/937/937 938/938/938
f 2247/2247/2247 2256/2256/2256 2244/2244/2244
f 6825/6825/6825 6813/6813/6813 6815/6815/6815
f 939/939/939 932/932/932 934/934/934
f 6802/6802/6802 6826/6826/6826 6803/6803/6803
f 940/940/940 941/941/941 934/934/934
f 1995/1995/1995 2018/2018/2018 1993/1993/1993
f 6827/6827/6827 6828/6828/6828 6829/6829/6829
f 7510/7510/7510 7511/7511/7511 7512/7512/7512
f 4903/4903/4903 4913/4913/4913 4904/4904/4904
f 2008/2008/2008 2035/2035/2035 2009/2009/2009
f 411/411/411 412/412/412 413/413/413
f 941/941/941 939/939/939 934/934/934
f 414/414/414 415/415/415 416/416/416
f 4851/4851/4851 4914/4914/4914 4839/4839/4839
f 7235/7235/7235 7236/7236/7236 7237/7237/7237
f 7231/7231/7231 7238/7238/7238 7229/7229/7229
f 2224/2224/2224 2253/2253/2253 2257/2257/2257
f 2254/2254/2254 2195/2195/2195 2237/2237/2237
f 201/201/201 202/202/202 203/203/203
f 5175/5175/5175 5203/5203/5203 5173/5173/5173
f 6830/6830/6830 6831/6831/6831 6832/6832/6832
f 7239/7239/7239 7423/7423/7423 7207/7207/7207
f 7506/7506/7506 7508/7508/7508 7513/7513/7513
f 6802/6802/6802 6833/6833/6833 6826/6826/6826
f 939/939/939 941/941/941 942/942/942
f 6834/6834/6834 6835/6835/6835 6836/6836/6836
f 417/417/417 418/418/418 363/363/363
f 196/196/196 198/198/198 204/204/204
f 7196/7196/7196 7240/7240/7240 7187/7187/7187
f 4803/4803/4803 4886/4886/4886 4873/4873/4873
f 6816/6816/6816 6818/6818/6818 6776/6776/6776
f 6837/6837/6837 6824/6824/6824 6823/6823/6823
f 7232/7232/7232 7234/7234/7234 7241/7241/7241
f 5509/5509/5509 5502/5502/5502 5467/5467/5467
f 1984/1984/1984 1997/1997/1997 1955/1955/1955
f 419/419/419 420/420/420 367/367/367
f 943/943/943 944/944/944 945/945/945
f 7242/7242/7242 7243/7243/7243 7244/7244/7244
f 7245/7245/7245 7244/7244/7244 7243/7243/7243
f 946/946/946 941/941/941 947/947/947
f 5486/5486/5486 5510/5510/5510 5484/5484/5484
f 2036/2036/2036 2037/2037/2037 2038/2038/2038
f 5204/5204/5204 5205/5205/5205 5206/5206/5206
f 7246/7246/7246 7247/7247/7247 7248/7248/7248
f 941/941/941 946/946/946 942/942/942
f 7249/7249/7249 7250/7250/7250 7251/7251/7251
f 948/948/948 949/949/949 950/950/950
f 4891/4891/4891 4915/4915/4915 4892/4892/4892
f 4771/4771/4771 4916/4916/4916 4876/4876/4876
f 2036/2036/2036 2038/2038/2038 2039/2039/2039
f 951/951/951 946/946/946 947/947/947
f 6826/6826/6826 6838/6838/6838 6839/6839/6839
f 4917/4917/4917 4849/4849/4849 4848/4848/4848
f 514/514/514 515/515/515 516/516/516
f 421/421/421 422/422/422 383/383/383
f 423/423/423 424/424/424 425/425/425
f 404/404/404 403/403/403 426/426/426
f 166/166/166 168/168/168 205/205/205
f 5207/5207/5207 5208/5208/5208 5209/5209/5209
f 6840/6840/6840 6815/6815/6815 6814/6814/6814
f 4918/4918/4918 4919/4919/4919 4920/4920/4920
f 4921/4921/4921 4922/4922/4922 4923/4923/4923
f 952/952/952 895/895/895 953/953/953
f 6841/6841/6841 6829/6829/6829 6828/6828/6828
f 6842/6842/6842 6843/6843/6843 6844/6844/6844
f 206/206/206 207/207/207 208/208/208
f 4924/4924/4924 4864/4864/4864 4837/4837/4837
f 7483/7483/7483 7448/7448/7448 7514/7514/7514
f 7252/7252/7252 7253/7253/7253 7254/7254/7254
f 4925/4925/4925 4926/4926/4926 4927/4927/4927
f 944/944/944 954/954/954 945/945/945
f 164/164/164 209/209/209 165/165/165
f 210/210/210 211/211/211 212/212/212
f 6845/6845/6845 6846/6846/6846 6847/6847/6847
f 5172/5172/5172 5171/5171/5171 5210/5210/5210
f 5494/5494/5494 5511/5511/5511 5492/5492/5492
f 4850/4850/4850 4928/4928/4928 4819/4819/4819
f 2254/2254/2254 2246/2246/2246 2195/2195/2195
f 1995/1995/1995 2040/2040/2040 2018/2018/2018
f 955/955/955 956/956/956 957/957/957
f 6839/6839/6839 6838/6838/6838 6848/6848/6848
f 4922/4922/4922 4929/4929/4929 4923/4923/4923
f 6849/6849/6849 6850/6850/6850 6851/6851/6851
f 6833/6833/6833 6838/6838/6838 6826/6826/6826
f 4930/4930/4930 4931/4931/4931 4932/4932/4932
f 6852/6852/6852 6853/6853/6853 6854/6854/6854
f 6817/6817/6817 6855/6855/6855 6792/6792/6792
f 7515/7515/7515 7516/7516/7516 7517/7517/7517
f 4887/4887/4887 4933/4933/4933 4888/4888/4888
f 419/419/419 363/363/363 418/418/418
f 419/419/419 427/427/427 420/420/420
f 383/383/383 353/353/353 421/421/421
f 2246/2246/2246 2254/2254/2254 2258/2258/2258
f 7199/7199/7199 7198/7198/7198 7255/7255/7255
f 213/213/213 214/214/214 215/215/215
f 214/214/214 216/216/216 215/215/215
f 4919/4919/4919 4918/4918/4918 4934/4934/4934
f 4935/4935/4935 4919/4919/4919 4934/4934/4934
f 7251/7251/7251 7256/7256/7256 7249/7249/7249
f 2041/2041/2041 2042/2042/2042 2043/2043/2043
f 2044/2044/2044 2041/2041/2041 2043/2043/2043
f 6856/6856/6856 6849/6849/6849 6851/6851/6851
f 5512/5512/5512 5513/5513/5513 5514/5514/5514
f 194/194/194 217/217/217 192/192/192
f 7228/7228/7228 7227/7227/7227 7257/7257/7257
f 4935/4935/4935 4934/4934/4934 4936/4936/4936
f 2031/2031/2031 2045/2045/2045 2032/2032/2032
f 206/206/206 208/208/208 218/218/218
f 5209/5209/5209 5211/5211/5211 5207/5207/5207
f 5515/5515/5515 5508/5508/5508 5498/5498/5498
f 5441/5441/5441 5481/5481/5481 5516/5516/5516
f 4916/4916/4916 4937/4937/4937 4876/4876/4876
f 219/219/219 220/220/220 221/221/221
f 2259/2259/2259 2260/2260/2260 2261/2261/2261
f 2259/2259/2259 2261/2261/2261 2262/2262/2262
f 5517/5517/5517 5518/5518/5518 5519/5519/5519
f 4938/4938/4938 4939/4939/4939 4940/4940/4940
f 428/428/428 397/397/397 396/396/396
f 2046/2046/2046 2047/2047/2047 2048/2048/2048
f 2049/2049/2049 2050/2050/2050 2051/2051/2051
f 2263/2263/2263 2264/2264/2264 2265/2265/2265
f 2260/2260/2260 2266/2266/2266 2261/2261/2261
f 5212/5212/5212 5213/5213/5213 5214/5214/5214
f 5214/5214/5214 5215/5215/5215 5212/5212/5212
f 7258/7258/7258 7259/7259/7259 7260/7260/7260
f 7261/7261/7261 7258/7258/7258 7260/7260/7260
f 7511/7511/7511 7510/7510/7510 7518/7518/7518
f 7262/7262/7262 7263/7263/7263 7264/7264/7264
f 4796/4796/4796 4941/4941/4941 4797/4797/4797
f 1984/1984/1984 2052/2052/2052 2053/2053/2053
f 4932/4932/4932 4931/4931/4931 4942/4942/4942
f 4943/4943/4943 4944/4944/4944 4945/4945/4945
f 517/517/517 518/518/518 519/519/519
f 5212/5212/5212 5216/5216/5216 5213/5213/5213
f 6857/6857/6857 6858/6858/6858 6859/6859/6859
f 6860/6860/6860 6857/6857/6857 6859/6859/6859
f 6836/6836/6836 6861/6861/6861 6834/6834/6834
f 222/222/222 202/202/202 201/201/201
f 2267/2267/2267 2268/2268/2268 2269/2269/2269
f 429/429/429 430/430/430 431/431/431
f 5520/5520/5520 5521/5521/5521 5522/5522/5522
f 4946/4946/4946 4947/4947/4947 4948/4948/4948
f 4949/4949/4949 4948/4948/4948 4947/4947/4947
f 5523/5523/5523 5499/5499/5499 5501/5501/5501
f 432/432/432 433/433/433 434/434/434
f 419/419/419 367/367/367 363/363/363
f 217/217/217 194/194/194 223/223/223
f 4950/4950/4950 4951/4951/4951 4952/4952/4952
f 5520/5520/5520 5522/5522/5522 5524/5524/5524
f 7265/7265/7265 7223/7223/7223 7266/7266/7266
f 6862/6862/6862 6863/6863/6863 6864/6864/6864
f 7218/7218/7218 7220/7220/7220 7267/7267/7267
f 5525/5525/5525 5526/5526/5526 5527/5527/5527
f 2054/2054/2054 2055/2055/2055 2056/2056/2056
f 6827/6827/6827 6829/6829/6829 6865/6865/6865
f 424/424/424 435/435/435 425/425/425
f 436/436/436 437/437/437 438/438/438
f 5528/5528/5528 5509/5509/5509 5467/5467/5467
f 5217/5217/5217 5218/5218/5218 5219/5219/5219
f 5529/5529/5529 5530/5530/5530 5531/5531/5531
f 439/439/439 440/440/440 441/441/441
f 224/224/224 225/225/225 226/226/226
f 439/439/439 442/442/442 440/440/440
f 7224/7224/7224 7223/7223/7223 7265/7265/7265
f 2054/2054/2054 2057/2057/2057 2055/2055/2055
f 443/443/443 437/437/437 436/436/436
f 5496/5496/5496 5489/5489/5489 5532/5532/5532
f 5533/5533/5533 5534/5534/5534 5535/5535/5535
f 5536/5536/5536 5537/5537/5537 5538/5538/5538
f 6866/6866/6866 6867/6867/6867 6868/6868/6868
f 4944/4944/4944 4943/4943/4943 4953/4953/4953
f 4954/4954/4954 4947/4947/4947 4946/4946/4946
f 5539/5539/5539 5540/5540/5540 5541/5541/5541
f 6834/6834/6834 6861/6861/6861 6869/6869/6869
f 1991/1991/1991 1990/1990/1990 2007/2007/2007
f 520/520/520 521/521/521 522/522/522
f 383/383/383 422/422/422 444/444/444
f 220/220/220 219/219/219 227/227/227
f 2055/2055/2055 2058/2058/2058 2056/2056/2056
f 228/228/228 229/229/229 230/230/230
f 230/230/230 229/229/229 231/231/231
f 445/445/445 446/446/446 447/447/447
f 2059/2059/2059 2060/2060/2060 2061/2061/2061
f 2267/2267/2267 2269/2269/2269 2270/2270/2270
f 6870/6870/6870 6871/6871/6871 6872/6872/6872
f 448/448/448 419/419/419 418/418/418
f 449/449/449 450/450/450 451/451/451
f 7268/7268/7268 7269/7269/7269 7270/7270/7270
f 2271/2271/2271 2272/2272/2272 2382/2382/2382
f 449/449/449 451/451/451 452/452/452
f 197/197/197 196/196/196 232/232/232
f 453/453/453 454/454/454 455/455/455
f 6822/6822/6822 6873/6873/6873 6823/6823/6823
f 4955/4955/4955 4797/4797/4797 4941/4941/4941
f 5109/5109/5109 4956/4956/4956 4957/4957/4957
f 233/233/233 234/234/234 235/235/235
f 4947/4947/4947 4958/4958/4958 4949/4949/4949
f 6874/6874/6874 6875/6875/6875 6876/6876/6876
f 2254/2254/2254 2273/2273/2273 2274/2274/2274
f 235/235/235 234/234/234 236/236/236
f 2062/2062/2062 2063/2063/2063 2064/2064/2064
f 2065/2065/2065 2066/2066/2066 2067/2067/2067
f 5498/5498/5498 5542/5542/5542 5515/5515/5515
f 2053/2053/2053 1997/1997/1997 1984/1984/1984
f 236/236/236 234/234/234 237/237/237
f 5535/5535/5535 5534/5534/5534 5543/5543/5543
f 456/456/456 457/457/457 458/458/458
f 2068/2068/2068 2065/2065/2065 2067/2067/2067
f 5489/5489/5489 5702/5702/5702 5532/5532/5532
f 5544/5544/5544 5514/5514/5514 5513/5513/5513
f 449/449/449 459/459/459 450/450/450
f 238/238/238 224/224/224 226/226/226
f 7129/7129/7129 7130/7130/7130 6877/6877/6877
f 239/239/239 240/240/240 241/241/241
f 6878/6878/6878 6879/6879/6879 6880/6880/6880
f 6845/6845/6845 6847/6847/6847 6881/6881/6881
f 7271/7271/7271 7272/7272/7272 7273/7273/7273
f 958/958/958 959/959/959 960/960/960
f 460/460/460 461/461/461 462/462/462
f 461/461/461 460/460/460 463/463/463
f 238/238/238 226/226/226 242/242/242
f 448/448/448 418/418/418 464/464/464
f 6882/6882/6882 6883/6883/6883 6884/6884/6884
f 6872/6872/6872 6871/6871/6871 6885/6885/6885
f 5545/5545/5545 5546/5546/5546 5547/5547/5547
f 5548/5548/5548 5549/5549/5549 5550/5550/5550
f 446/446/446 465/465/465 447/447/447
f 961/961/961 962/962/962 963/963/963
f 964/964/964 965/965/965 966/966/966
f 6886/6886/6886 6887/6887/6887 6888/6888/6888
f 4954/4954/4954 4946/4946/4946 4959/4959/4959
f 6889/6889/6889 6890/6890/6890 6891/6891/6891
f 6874/6874/6874 6892/6892/6892 6875/6875/6875
f 2069/2069/2069 2070/2070/2070 2071/2071/2071
f 2066/2066/2066 2072/2072/2072 2073/2073/2073
f 6877/6877/6877 6893/6893/6893 7129/7129/7129
f 5551/5551/5551 5552/5552/5552 5553/5553/5553
f 5220/5220/5220 5221/5221/5221 5222/5222/5222
f 6894/6894/6894 6895/6895/6895 6896/6896/6896
f 4960/4960/4960 4878/4878/4878 4866/4866/4866
f 7504/7504/7504 7506/7506/7506 7513/7513/7513
f 2074/2074/2074 2071/2071/2071 2070/2070/2070
f 882/882/882 895/895/895 952/952/952
f 243/243/243 244/244/244 226/226/226
f 4864/4864/4864 4924/4924/4924 4961/4961/4961
f 7274/7274/7274 7275/7275/7275 7276/7276/7276
f 5550/5550/5550 5554/5554/5554 5548/5548/5548
f 5515/5515/5515 5542/5542/5542 5555/5555/5555
f 5556/5556/5556 5557/5557/5557 5558/5558/5558
f 6897/6897/6897 6898/6898/6898 6899/6899/6899
f 5557/5557/5557 5559/5559/5559 5558/5558/5558
f 5223/5223/5223 5192/5192/5192 5191/5191/5191
f 466/466/466 467/467/467 468/468/468
f 6886/6886/6886 6888/6888/6888 6900/6900/6900
f 949/949/949 964/964/964 967/967/967
f 226/226/226 244/244/244 242/242/242
f 2066/2066/2066 2065/2065/2065 2075/2075/2075
f 7504/7504/7504 7448/7448/7448 7509/7509/7509
f 469/469/469 467/467/467 470/470/470
f 471/471/471 472/472/472 473/473/473
f 2257/2257/2257 2253/2253/2253 2275/2275/2275
f 2076/2076/2076 2077/2077/2077 2078/2078/2078
f 2076/2076/2076 2079/2079/2079 2077/2077/2077
f 2080/2080/2080 2076/2076/2076 2078/2078/2078
f 2081/2081/2081 2077/2077/2077 2079/2079/2079
f 470/470/470 467/467/467 466/466/466
f 7504/7504/7504 7519/7519/7519 7448/7448/7448
f 6895/6895/6895 6894/6894/6894 6901/6901/6901
f 5560/5560/5560 5546/5546/5546 5545/5545/5545
f 422/422/422 474/474/474 444/444/444
f 945/945/945 968/968/968 969/969/969
f 882/882/882 952/952/952 970/970/970
f 376/376/376 379/379/379 475/475/475
f 476/476/476 477/477/477 444/444/444
f 971/971/971 972/972/972 973/973/973
f 5543/5543/5543 5561/5561/5561 5535/5535/5535
f 961/961/961 974/974/974 962/962/962
f 969/969/969 943/943/943 945/945/945
f 7520/7520/7520 7521/7521/7521 7522/7522/7522
f 2072/2072/2072 2066/2066/2066 2075/2075/2075
f 2082/2082/2082 2083/2083/2083 2084/2084/2084
f 4851/4851/4851 4962/4962/4962 4914/4914/4914
f 2276/2276/2276 2277/2277/2277 2278/2278/2278
f 478/478/478 479/479/479 457/457/457
f 5441/5441/5441 5516/5516/5516 5491/5491/5491
f 5562/5562/5562 5563/5563/5563 5564/5564/5564
f 2277/2277/2277 2276/2276/2276 2279/2279/2279
f 2085/2085/2085 2083/2083/2083 2082/2082/2082
f 6873/6873/6873 6822/6822/6822 6902/6902/6902
f 6903/6903/6903 6893/6893/6893 6877/6877/6877
f 4928/4928/4928 4850/4850/4850 4963/4963/4963
f 7277/7277/7277 7278/7278/7278 7279/7279/7279
f 5531/5531/5531 5530/5530/5530 5565/5565/5565
f 4964/4964/4964 4957/4957/4957 4956/4956/4956
f 245/245/245 246/246/246 247/247/247
f 6904/6904/6904 6905/6905/6905 6878/6878/6878
f 1044/1044/1044 1045/1045/1045 1046/1046/1046
f 5554/5554/5554 5550/5550/5550 5566/5566/5566
f 7523/7523/7523 7524/7524/7524 7525/7525/7525
f 7526/7526/7526 7527/7527/7527 7528/7528/7528
f 2278/2278/2278 2277/2277/2277 2280/2280/2280
f 2281/2281/2281 2265/2265/2265 2264/2264/2264
f 2086/2086/2086 2087/2087/2087 2088/2088/2088
f 480/480/480 481/481/481 482/482/482
f 5508/5508/5508 5515/5515/5515 5567/5567/5567
f 4965/4965/4965 4875/4875/4875 4823/4823/4823
f 6906/6906/6906 6907/6907/6907 6908/6908/6908
f 6909/6909/6909 6887/6887/6887 6886/6886/6886
f 5220/5220/5220 5224/5224/5224 5221/5221/5221
f 4966/4966/4966 4967/4967/4967 4968/4968/4968
f 2282/2282/2282 2283/2283/2283 2284/2284/2284
f 481/481/481 483/483/483 482/482/482
f 965/965/965 964/964/964 949/949/949
f 7280/7280/7280 7281/7281/7281 7282/7282/7282
f 6910/6910/6910 6903/6903/6903 6877/6877/6877
f 6911/6911/6911 6912/6912/6912 6913/6913/6913
f 972/972/972 954/954/954 944/944/944
f 444/444/444 474/474/474 476/476/476
f 7529/7529/7529 7528/7528/7528 7527/7527/7527
f 7530/7530/7530 7531/7531/7531 7532/7532/7532
f 2143/2143/2143 2089/2089/2089 2090/2090/2090
f 6911/6911/6911 6914/6914/6914 6912/6912/6912
f 5702/5702/5702 5703/5703/5703 5532/5532/5532
f 248/248/248 249/249/249 250/250/250
f 7283/7283/7283 7207/7207/7207 7284/7284/7284
f 7533/7533/7533 7534/7534/7534 7535/7535/7535
f 6878/6878/6878 6880/6880/6880 6904/6904/6904
f 7281/7281/7281 7285/7285/7285 7282/7282/7282
f 6915/6915/6915 6866/6866/6866 6868/6868/6868
f 6916/6916/6916 6890/6890/6890 6889/6889/6889
f 2091/2091/2091 2074/2074/2074 2070/2070/2070
f 2092/2092/2092 2093/2093/2093 2094/2094/2094
f 379/379/379 484/484/484 475/475/475
f 4969/4969/4969 4970/4970/4970 4971/4971/4971
f 7217/7217/7217 7239/7239/7239 7283/7283/7283
f 7286/7286/7286 7287/7287/7287 7288/7288/7288
f 2254/2254/2254 2274/2274/2274 2258/2258/2258
f 522/522/522 523/523/523 520/520/520
f 975/975/975 882/882/882 970/970/970
f 976/976/976 962/962/962 974/974/974
f 485/485/485 486/486/486 487/487/487
f 249/249/249 251/251/251 250/250/250
f 7529/7529/7529 7536/7536/7536 7528/7528/7528
f 6783/6783/6783 6917/6917/6917 6800/6800/6800
f 5515/5515/5515 5555/5555/5555 5567/5567/5567
f 7530/7530/7530 7528/7528/7528 7536/7536/7536
f 6895/6895/6895 6918/6918/6918 6896/6896/6896
f 7530/7530/7530 7532/7532/7532 7528/7528/7528
f 5568/5568/5568 5569/5569/5569 5570/5570/5570
f 7289/7289/7289 7290/7290/7290 7291/7291/7291
f 7537/7537/7537 7538/7538/7538 7539/7539/7539
f 5225/5225/5225 5223/5223/5223 5191/5191/5191
f 4937/4937/4937 4972/4972/4972 4973/4973/4973
f 4937/4937/4937 4916/4916/4916 4972/4972/4972
f 4915/4915/4915 4891/4891/4891 4974/4974/4974
f 488/488/488 485/485/485 487/487/487
f 4971/4971/4971 4975/4975/4975 4969/4969/4969
f 2257/2257/2257 2275/2275/2275 2285/2285/2285
f 2091/2091/2091 2095/2095/2095 2074/2074/2074
f 252/252/252 253/253/253 254/254/254
f 6919/6919/6919 6920/6920/6920 6921/6921/6921
f 5571/5571/5571 5572/5572/5572 5573/5573/5573
f 4882/4882/4882 4858/4858/4858 4976/4976/4976
f 2096/2096/2096 2097/2097/2097 2098/2098/2098
f 7292/7292/7292 7293/7293/7293 7294/7294/7294
f 2286/2286/2286 2287/2287/2287 2288/2288/2288
f 7540/7540/7540 7541/7541/7541 7542/7542/7542
f 7295/7295/7295 7296/7296/7296 7297/7297/7297
f 2092/2092/2092 2099/2099/2099 2093/2093/2093
f 2100/2100/2100 2087/2087/2087 2086/2086/2086
f 5491/5491/5491 5516/5516/5516 5442/5442/5442
f 255/255/255 252/252/252 254/254/254
f 524/524/524 525/525/525 526/526/526
f 7298/7298/7298 7201/7201/7201 7299/7299/7299
f 2286/2286/2286 2288/2288/2288 2289/2289/2289
f 4878/4878/4878 4960/4960/4960 4977/4977/4977
f 2097/2097/2097 2096/2096/2096 2101/2101/2101
f 2102/2102/2102 2082/2082/2082 2084/2084/2084
f 4978/4978/4978 4979/4979/4979 4980/4980/4980
f 6908/6908/6908 6907/6907/6907 6922/6922/6922
f 489/489/489 490/490/490 491/491/491
f 4981/4981/4981 4917/4917/4917 4848/4848/4848
f 6922/6922/6922 6923/6923/6923 6908/6908/6908
f 527/527/527 528/528/528 529/529/529
f 7543/7543/7543 7544/7544/7544 7545/7545/7545
f 7300/7300/7300 7299/7299/7299 7201/7201/7201
f 4982/4982/4982 4852/4852/4852 4841/4841/4841
f 4878/4878/4878 4977/4977/4977 4983/4983/4983
f 492/492/492 493/493/493 494/494/494
f 7546/7546/7546 7547/7547/7547 7548/7548/7548
f 2287/2287/2287 2290/2290/2290 2291/2291/2291
f 495/495/495 457/457/457 456/456/456
f 2085/2085/2085 2082/2082/2082 2103/2103/2103
f 4917/4917/4917 4981/4981/4981 4984/4984/4984
f 5109/5109/5109 4985/4985/4985 4956/4956/4956
f 7549/7549/7549 7546/7546/7546 7548/7548/7548
f 6924/6924/6924 6925/6925/6925 6926/6926/6926
f 7632/7632/7632 7550/7550/7550 7551/7551/7551
f 4976/4976/4976 4986/4986/4986 4882/4882/4882
f 2101/2101/2101 2096/2096/2096 2144/2144/2144
f 967/967/967 950/950/950 949/949/949
f 491/491/491 496/496/496 489/489/489
f 2287/2287/2287 2291/2291/2291 2288/2288/2288
f 5574/5574/5574 5575/5575/5575 5576/5576/5576
f 2288/2288/2288 2291/2291/2291 2289/2289/2289
f 2104/2104/2104 2105/2105/2105 2106/2106/2106
f 2105/2105/2105 2107/2107/2107 2106/2106/2106
f 2104/2104/2104 2108/2108/2108 2105/2105/2105
f 2292/2292/2292 2291/2291/2291 2290/2290/2290
f 497/497/497 498/498/498 478/478/478
f 2292/2292/2292 2290/2290/2290 2293/2293/2293
f 5703/5703/5703 5577/5577/5577 5532/5532/5532
f 5564/5564/5564 5563/5563/5563 5578/5578/5578
f 4987/4987/4987 4988/4988/4988 4989/4989/4989
f 5226/5226/5226 5227/5227/5227 5228/5228/5228
f 2294/2294/2294 2295/2295/2295 2296/2296/2296
f 5528/5528/5528 5579/5579/5579 5509/5509/5509
f 7552/7552/7552 7553/7553/7553 7554/7554/7554
f 4990/4990/4990 4991/4991/4991 4992/4992/4992
f 4965/4965/4965 4823/4823/4823 4993/4993/4993
f 2297/2297/2297 2298/2298/2298 2282/2282/2282
f 2109/2109/2109 2110/2110/2110 2111/2111/2111
f 6927/6927/6927 6928/6928/6928 6929/6929/6929
f 2295/2295/2295 2294/2294/2294 2299/2299/2299
f 6913/6913/6913 6930/6930/6930 6911/6911/6911
f 7535/7535/7535 7534/7534/7534 7555/7555/7555
f 2289/2289/2289 2300/2300/2300 2286/2286/2286
f 2112/2112/2112 2113/2113/2113 2114/2114/2114
f 6920/6920/6920 6919/6919/6919 6931/6931/6931
f 7287/7287/7287 7286/7286/7286 7301/7301/7301
f 492/492/492 499/499/499 493/493/493
f 972/972/972 977/977/977 954/954/954
f 7519/7519/7519 7514/7514/7514 7448/7448/7448
f 2297/2297/2297 2282/2282/2282 2284/2284/2284
f 2301/2301/2301 2302/2302/2302 2303/2303/2303
f 457/457/457 497/497/497 478/478/478
f 2304/2304/2304 2305/2305/2305 2306/2306/2306
f 2307/2307/2307 2308/2308/2308 2309/2309/2309
f 4994/4994/4994 4995/4995/4995 4996/4996/4996
f 2302/2302/2302 2310/2310/2310 2311/2311/2311
f 5229/5229/5229 5230/5230/5230 5231/5231/5231
f 4982/4982/4982 4997/4997/4997 4852/4852/4852
f 529/529/529 530/530/530 527/527/527
f 7556/7556/7556 7557/7557/7557 7558/7558/7558
f 4996/4996/4996 4995/4995/4995 4998/4998/4998
f 7557/7557/7557 7559/7559/7559 7558/7558/7558
f 2312/2312/2312 2313/2313/2313 2314/2314/2314
f 945/945/945 978/978/978 968/968/968
f 6932/6932/6932 6866/6866/6866 6915/6915/6915
f 2314/2314/2314 2315/2315/2315 2312/2312/2312
f 2306/2306/2306 2316/2316/2316 2304/2304/2304
f 7196/7196/7196 7302/7302/7302 7240/7240/7240
f 5577/5577/5577 5703/5703/5703 5580/5580/5580
f 4999/4999/4999 4983/4983/4983 5000/5000/5000
f 472/472/472 500/500/500 473/473/473
f 972/972/972 971/971/971 977/977/977
f 979/979/979 980/980/980 981/981/981
f 2317/2317/2317 2318/2318/2318 2319/2319/2319
f 495/495/495 497/497/497 457/457/457
f 982/982/982 979/979/979 981/981/981
f 6933/6933/6933 6934/6934/6934 6935/6935/6935
f 7560/7560/7560 7561/7561/7561 7562/7562/7562
f 4973/4973/4973 4972/4972/4972 5001/5001/5001
f 2306/2306/2306 2320/2320/2320 2316/2316/2316
f 501/501/501 472/472/472 502/502/502
f 5232/5232/5232 5192/5192/5192 5223/5223/5223
f 2111/2111/2111 2110/2110/2110 2115/2115/2115
f 5581/5581/5581 5582/5582/5582 5583/5583/5583
f 5582/5582/5582 5581/5581/5581 5584/5584/5584
f 5233/5233/5233 5234/5234/5234 5235/5235/5235
f 2116/2116/2116 2115/2115/2115 2110/2110/2110
f 982/982/982 981/981/981 983/983/983
f 2117/2117/2117 2118/2118/2118 2119/2119/2119
f 531/531/531 532/532/532 533/533/533
f 6902/6902/6902 6822/6822/6822 6936/6936/6936
f 5235/5235/5235 5236/5236/5236 5237/5237/5237
f 2321/2321/2321 2322/2322/2322 2323/2323/2323
f 2324/2324/2324 2300/2300/2300 2289/2289/2289
f 7239/7239/7239 7207/7207/7207 7283/7283/7283
f 7303/7303/7303 7240/7240/7240 7302/7302/7302
f 6937/6937/6937 6938/6938/6938 6939/6939/6939
f 4961/4961/4961 5002/5002/5002 4864/4864/4864
f 5235/5235/5235 5237/5237/5237 5233/5233/5233
f 2302/2302/2302 2311/2311/2311 2303/2303/2303
f 2110/2110/2110 2120/2120/2120 2116/2116/2116
f 2325/2325/2325 2326/2326/2326 2327/2327/2327
f 984/984/984 985/985/985 986/986/986
f 987/987/987 988/988/988 985/985/985
f 5585/5585/5585 5586/5586/5586 5587/5587/5587
f 4977/4977/4977 5000/5000/5000 4983/4983/4983
f 534/534/534 535/535/535 536/536/536
f 7559/7559/7559 7563/7563/7563 7558/7558/7558
f 6940/6940/6940 6925/6925/6925 6924/6924/6924
f 7534/7534/7534 7533/7533/7533 7564/7564/7564
f 532/532/532 537/537/537 533/533/533
f 2328/2328/2328 2323/2323/2323 2329/2329/2329
f 1047/1047/1047 1048/1048/1048 1049/1049/1049
f 6929/6929/6929 6941/6941/6941 6927/6927/6927
f 2330/2330/2330 2331/2331/2331 2332/2332/2332
f 2331/2331/2331 2333/2333/2333 2332/2332/2332
f 501/501/501 500/500/500 472/472/472
f 242/242/242 244/244/244 256/256/256
f 7533/7533/7533 7540/7540/7540 7564/7564/7564
f 5588/5588/5588 5583/5583/5583 5582/5582/5582
f 983/983/983 989/989/989 982/982/982
f 5003/5003/5003 5004/5004/5004 5005/5005/5005
f 538/538/538 533/533/533 537/537/537
f 2334/2334/2334 2335/2335/2335 2336/2336/2336
f 7271/7271/7271 7304/7304/7304 7272/7272/7272
f 7297/7297/7297 7305/7305/7305 7295/7295/7295
f 5570/5570/5570 5569/5569/5569 5589/5589/5589
f 990/990/990 991/991/991 992/992/992
f 988/988/988 987/987/987 993/993/993
f 5238/5238/5238 5239/5239/5239 5240/5240/5240
f 5003/5003/5003 5005/5005/5005 5006/5006/5006
f 6934/6934/6934 6942/6942/6942 6935/6935/6935
f 5569/5569/5569 5590/5590/5590 5589/5589/5589
f 2337/2337/2337 2338/2338/2338 2322/2322/2322
f 2339/2339/2339 2340/2340/2340 2307/2307/2307
f 5241/5241/5241 5240/5240/5240 5239/5239/5239
f 5591/5591/5591 5592/5592/5592 5593/5593/5593
f 985/985/985 994/994/994 995/995/995
f 985/985/985 996/996/996 994/994/994
f 7254/7254/7254 7306/7306/7306 7252/7252/7252
f 985/985/985 988/988/988 996/996/996
f 4961/4961/4961 5007/5007/5007 5002/5002/5002
f 7550/7550/7550 7565/7565/7565 7551/7551/7551
f 5594/5594/5594 5583/5583/5583 5588/5588/5588
f 2335/2335/2335 2341/2341/2341 2336/2336/2336
f 2117/2117/2117 2119/2119/2119 2121/2121/2121
f 5595/5595/5595 5596/5596/5596 5597/5597/5597
f 988/988/988 997/997/997 996/996/996
f 2342/2342/2342 2343/2343/2343 2344/2344/2344
f 986/986/986 985/985/985 995/995/995
f 998/998/998 999/999/999 1000/1000/1000
f 7307/7307/7307 7308/7308/7308 7309/7309/7309
f 7310/7310/7310 7235/7235/7235 7237/7237/7237
f 5598/5598/5598 5599/5599/5599 5600/5600/5600
f 7283/7283/7283 7201/7201/7201 7217/7217/7217
f 6943/6943/6943 6944/6944/6944 6945/6945/6945
f 4977/4977/4977 4960/4960/4960 5110/5110/5110
f 5008/5008/5008 5009/5009/5009 5010/5010/5010
f 2325/2325/2325 2345/2345/2345 2346/2346/2346
f 1001/1001/1001 1002/1002/1002 1003/1003/1003
f 5593/5593/5593 5592/5592/5592 5601/5601/5601
f 5011/5011/5011 5008/5008/5008 5010/5010/5010
f 7566/7566/7566 7567/7567/7567 7568/7568/7568
f 2347/2347/2347 2324/2324/2324 2348/2348/2348
f 539/539/539 540/540/540 541/541/541
f 2347/2347/2347 2300/2300/2300 2324/2324/2324
f 4988/4988/4988 5012/5012/5012 4989/4989/4989
f 7311/7311/7311 7312/7312/7312 7313/7313/7313
f 7237/7237/7237 7314/7314/7314 7310/7310/7310
f 5600/5600/5600 5599/5599/5599 5602/5602/5602
f 5603/5603/5603 5604/5604/5604 5605/5605/5605
f 2340/2340/2340 2308/2308/2308 2307/2307/2307
f 542/542/542 543/543/543 544/544/544
f 2325/2325/2325 2349/2349/2349 2345/2345/2345
f 6946/6946/6946 6941/6941/6941 6929/6929/6929
f 7542/7542/7542 7564/7564/7564 7540/7540/7540
f 5606/5606/5606 5607/5607/5607 5608/5608/5608
f 545/545/545 546/546/546 547/547/547
f 5607/5607/5607 5606/5606/5606 5609/5609/5609
f 5013/5013/5013 5014/5014/5014 5015/5015/5015
f 548/548/548 538/538/538 537/537/537
f 1004/1004/1004 1005/1005/1005 1006/1006/1006
f 2350/2350/2350 2319/2319/2319 2318/2318/2318
f 2351/2351/2351 2301/2301/2301 2352/2352/2352
f 549/549/549 536/536/536 535/535/535
f 5226/5226/5226 5228/5228/5228 5242/5242/5242
f 5016/5016/5016 5007/5007/5007 4961/4961/4961
f 5017/5017/5017 5018/5018/5018 5019/5019/5019
f 1007/1007/1007 1008/1008/1008 1009/1009/1009
f 536/536/536 549/549/549 550/550/550
f 5020/5020/5020 5021/5021/5021 5022/5022/5022
f 1010/1010/1010 989/989/989 983/983/983
f 2329/2329/2329 2323/2323/2323 2322/2322/2322
f 7560/7560/7560 7562/7562/7562 7569/7569/7569
f 7570/7570/7570 7571/7571/7571 7572/7572/7572
f 5243/5243/5243 5244/5244/5244 5245/5245/5245
f 2338/2338/2338 2353/2353/2353 2322/2322/2322
f 1011/1011/1011 1012/1012/1012 1013/1013/1013
f 1009/1009/1009 1014/1014/1014 1007/1007/1007
f 2122/2122/2122 2097/2097/2097 2123/2123/2123
f 1015/1015/1015 1016/1016/1016 1017/1017/1017
f 5610/5610/5610 5611/5611/5611 5612/5612/5612
f 2097/2097/2097 2124/2124/2124 2123/2123/2123
f 244/244/244 257/257/257 256/256/256
f 6938/6938/6938 6937/6937/6937 6947/6947/6947
f 5110/5110/5110 5111/5111/5111 4977/4977/4977
f 6884/6884/6884 6883/6883/6883 6948/6948/6948
f 7300/7300/7300 7201/7201/7201 7283/7283/7283
f 4988/4988/4988 5023/5023/5023 5024/5024/5024
f 7573/7573/7573 7574/7574/7574 7575/7575/7575
f 1411/1411/1411 1050/1050/1050 1051/1051/1051
f 7315/7315/7315 7316/7316/7316 7317/7317/7317
f 1052/1052/1052 1053/1053/1053 1054/1054/1054
f 5017/5017/5017 5025/5025/5025 5018/5018/5018
f 6949/6949/6949 6942/6942/6942 6934/6934/6934
f 7307/7307/7307 7309/7309/7309 7318/7318/7318
f 6949/6949/6949 6950/6950/6950 6951/6951/6951
f 5246/5246/5246 5247/5247/5247 5248/5248/5248
f 5026/5026/5026 5020/5020/5020 5022/5022/5022
f 6865/6865/6865 6952/6952/6952 6827/6827/6827
f 5249/5249/5249 5250/5250/5250 5251/5251/5251
f 6949/6949/6949 6951/6951/6951 6942/6942/6942
f 7319/7319/7319 7320/7320/7320 7321/7321/7321
f 6922/6922/6922 6953/6953/6953 6923/6923/6923
f 503/503/503 504/504/504 505/505/505
f 2346/2346/2346 2345/2345/2345 2354/2354/2354
f 5252/5252/5252 5253/5253/5253 5254/5254/5254
f 5251/5251/5251 5255/5255/5255 5253/5253/5253
f 551/551/551 552/552/552 553/553/553
f 554/554/554 555/555/555 556/556/556
f 6890/6890/6890 6916/6916/6916 6954/6954/6954
f 6955/6955/6955 6956/6956/6956 6957/6957/6957
f 6958/6958/6958 6945/6945/6945 6944/6944/6944
f 6959/6959/6959 6960/6960/6960 6961/6961/6961
f 5256/5256/5256 5257/5257/5257 5258/5258/5258
f 5256/5256/5256 5258/5258/5258 5259/5259/5259
f 5255/5255/5255 5254/5254/5254 5253/5253/5253
f 258/258/258 257/257/257 244/244/244
f 5260/5260/5260 5261/5261/5261 5262/5262/5262
f 506/506/506 507/507/507 508/508/508
f 5263/5263/5263 5264/5264/5264 5265/5265/5265
f 5251/5251/5251 5253/5253/5253 5249/5249/5249
f 6938/6938/6938 6947/6947/6947 6962/6962/6962
f 5266/5266/5266 5265/5265/5265 5264/5264/5264
f 7307/7307/7307 7318/7318/7318 7322/7322/7322
f 5613/5613/5613 5614/5614/5614 5615/5615/5615
f 2355/2355/2355 2356/2356/2356 2357/2357/2357
f 5616/5616/5616 5617/5617/5617 5618/5618/5618
f 555/555/555 554/554/554 557/557/557
f 2349/2349/2349 2325/2325/2325 2327/2327/2327
f 5615/5615/5615 5614/5614/5614 5619/5619/5619
f 558/558/558 539/539/539 541/541/541
f 559/559/559 560/560/560 555/555/555
f 559/559/559 555/555/555 557/557/557
f 1018/1018/1018 1019/1019/1019 1020/1020/1020
f 5620/5620/5620 5621/5621/5621 5622/5622/5622
f 5027/5027/5027 5028/5028/5028 5029/5029/5029
f 2329/2329/2329 2322/2322/2322 2358/2358/2358
f 561/561/561 560/560/560 562/562/562
f 5030/5030/5030 5031/5031/5031 5032/5032/5032
f 259/259/259 260/260/260 261/261/261
f 558/558/558 563/563/563 539/539/539
f 564/564/564 565/565/565 566/566/566
f 5623/5623/5623 5624/5624/5624 5625/5625/5625
f 6963/6963/6963 6964/6964/6964 6950/6950/6950
f 567/567/567 568/568/568 569/569/569
f 5267/5267/5267 5268/5268/5268 5269/5269/5269
f 7576/7576/7576 7514/7514/7514 7519/7519/7519
f 6922/6922/6922 6965/6965/6965 6953/6953/6953
f 5259/5259/5259 5270/5270/5270 5271/5271/5271
f 5272/5272/5272 5262/5262/5262 5261/5261/5261
f 2352/2352/2352 2301/2301/2301 2303/2303/2303
f 5233/5233/5233 5237/5237/5237 5273/5273/5273
f 5274/5274/5274 5275/5275/5275 5276/5276/5276
f 562/562/562 560/560/560 559/559/559
f 569/569/569 568/568/568 570/570/570
f 6951/6951/6951 6950/6950/6950 6964/6964/6964
f 5626/5626/5626 5623/5623/5623 5625/5625/5625
f 7252/7252/7252 7306/7306/7306 7323/7323/7323
f 5259/5259/5259 5258/5258/5258 5270/5270/5270
f 5277/5277/5277 5278/5278/5278 5279/5279/5279
f 5280/5280/5280 5281/5281/5281 5282/5282/5282
f 5627/5627/5627 5628/5628/5628 5629/5629/5629
f 5242/5242/5242 5228/5228/5228 5283/5283/5283
f 5619/5619/5619 5614/5614/5614 5630/5630/5630
f 5284/5284/5284 5285/5285/5285 5286/5286/5286
f 7311/7311/7311 7313/7313/7313 7324/7324/7324
f 5030/5030/5030 5032/5032/5032 5033/5033/5033
f 1021/1021/1021 1022/1022/1022 1023/1023/1023
f 5269/5269/5269 5268/5268/5268 5287/5287/5287
f 2125/2125/2125 2126/2126/2126 2127/2127/2127
f 2124/2124/2124 2097/2097/2097 2101/2101/2101
f 1055/1055/1055 1056/1056/1056 1057/1057/1057
f 5288/5288/5288 5289/5289/5289 5290/5290/5290
f 5034/5034/5034 5018/5018/5018 5025/5025/5025
f 2359/2359/2359 2345/2345/2345 2349/2349/2349
f 5032/5032/5032 5031/5031/5031 5035/5035/5035
f 7318/7318/7318 7325/7325/7325 7322/7322/7322
f 1052/1052/1052 1054/1054/1054 1058/1058/1058
f 5291/5291/5291 5292/5292/5292 5293/5293/5293
f 1055/1055/1055 1059/1059/1059 1056/1056/1056
f 2359/2359/2359 2349/2349/2349 2327/2327/2327
f 5294/5294/5294 5295/5295/5295 5296/5296/5296
f 5607/5607/5607 5631/5631/5631 5608/5608/5608
f 571/571/571 564/564/564 566/566/566
f 2359/2359/2359 2360/2360/2360 2345/2345/2345
f 572/572/572 573/573/573 574/574/574
f 7570/7570/7570 7577/7577/7577 7571/7571/7571
f 5297/5297/5297 5298/5298/5298 5299/5299/5299
f 5260/5260/5260 5300/5300/5300 5261/5261/5261
f 5024/5024/5024 5023/5023/5023 5036/5036/5036
f 575/575/575 576/576/576 577/577/577
f 571/571/571 578/578/578 564/564/564
f 5301/5301/5301 5302/5302/5302 5303/5303/5303
f 5304/5304/5304 5305/5305/5305 5306/5306/5306
f 7326/7326/7326 7327/7327/7327 7328/7328/7328
f 5632/5632/5632 5633/5633/5633 5634/5634/5634
f 5307/5307/5307 5308/5308/5308 5309/5309/5309
f 5310/5310/5310 5311/5311/5311 5312/5312/5312
f 5312/5312/5312 5311/5311/5311 5313/5313/5313
f 844/844/844 579/579/579 565/565/565
f 5630/5630/5630 5614/5614/5614 5635/5635/5635
f 558/558/558 541/541/541 580/580/580
f 2128/2128/2128 2129/2129/2129 2145/2145/2145
f 4988/4988/4988 5024/5024/5024 5012/5012/5012
f 581/581/581 547/547/547 546/546/546
f 5007/5007/5007 5016/5016/5016 5037/5037/5037
f 582/582/582 583/583/583 570/570/570
f 2345/2345/2345 2361/2361/2361 2354/2354/2354
f 5302/5302/5302 5314/5314/5314 5303/5303/5303
f 5315/5315/5315 5316/5316/5316 5317/5317/5317
f 7567/7567/7567 7566/7566/7566 7578/7578/7578
f 7579/7579/7579 7580/7580/7580 7581/7581/7581
f 7329/7329/7329 7327/7327/7327 7330/7330/7330
f 5038/5038/5038 5039/5039/5039 5040/5040/5040
f 2130/2130/2130 2146/2146/2146 2147/2147/2147
f 2361/2361/2361 2345/2345/2345 2360/2360/2360
f 7582/7582/7582 7583/7583/7583 7584/7584/7584
f 1024/1024/1024 1025/1025/1025 1026/1026/1026
f 7585/7585/7585 7586/7586/7586 7587/7587/7587
f 5626/5626/5626 5625/5625/5625 5636/5636/5636
f 5286/5286/5286 5285/5285/5285 5318/5318/5318
f 6917/6917/6917 6783/6783/6783 6966/6966/6966
f 7331/7331/7331 7326/7326/7326 7328/7328/7328
f 5637/5637/5637 5620/5620/5620 5622/5622/5622
f 5319/5319/5319 5320/5320/5320 5321/5321/5321
f 5041/5041/5041 5042/5042/5042 5043/5043/5043
f 7588/7588/7588 7589/7589/7589 7590/7590/7590
f 7571/7571/7571 7577/7577/7577 7591/7591/7591
f 5638/5638/5638 5639/5639/5639 5640/5640/5640
f 5044/5044/5044 5045/5045/5045 4978/4978/4978
f 990/990/990 992/992/992 1027/1027/1027
f 5046/5046/5046 5018/5018/5018 5034/5034/5034
f 582/582/582 584/584/584 583/583/583
f 7585/7585/7585 7592/7592/7592 7586/7586/7586
f 5633/5633/5633 5641/5641/5641 5634/5634/5634
f 2321/2321/2321 2337/2337/2337 2322/2322/2322
f 2360/2360/2360 2362/2362/2362 2361/2361/2361
f 5630/5630/5630 5635/5635/5635 5642/5642/5642
f 5322/5322/5322 5271/5271/5271 5323/5323/5323
f 5324/5324/5324 5325/5325/5325 5326/5326/5326
f 5271/5271/5271 5270/5270/5270 5323/5323/5323
f 5327/5327/5327 5328/5328/5328 5329/5329/5329
f 5042/5042/5042 5041/5041/5041 5047/5047/5047
f 570/570/570 568/568/568 582/582/582
f 568/568/568 585/585/585 582/582/582
f 7321/7321/7321 7320/7320/7320 7332/7332/7332
f 7333/7333/7333 7334/7334/7334 7335/7335/7335
f 5048/5048/5048 5049/5049/5049 5050/5050/5050
f 5330/5330/5330 5271/5271/5271 5322/5322/5322
f 7591/7591/7591 7593/7593/7593 7571/7571/7571
f 6918/6918/6918 6895/6895/6895 6967/6967/6967
f 6955/6955/6955 6968/6968/6968 6969/6969/6969
f 7328/7328/7328 7327/7327/7327 7329/7329/7329
f 7336/7336/7336 7337/7337/7337 7338/7338/7338
f 5643/5643/5643 5644/5644/5644 5645/5645/5645
f 7339/7339/7339 7340/7340/7340 7341/7341/7341
f 5051/5051/5051 5112/5112/5112 5052/5052/5052
f 5331/5331/5331 5332/5332/5332 5333/5333/5333
f 1055/1055/1055 1060/1060/1060 1059/1059/1059
f 5112/5112/5112 5051/5051/5051 5053/5053/5053
f 5646/5646/5646 5647/5647/5647 5648/5648/5648
f 6817/6817/6817 6970/6970/6970 6855/6855/6855
f 5611/5611/5611 5649/5649/5649 5612/5612/5612
f 5334/5334/5334 5293/5293/5293 5292/5292/5292
f 578/578/578 571/571/571 586/586/586
f 1061/1061/1061 1050/1050/1050 1411/1411/1411
f 2131/2131/2131 2120/2120/2120 2132/2132/2132
f 1062/1062/1062 1059/1059/1059 1060/1060/1060
f 2363/2363/2363 2364/2364/2364 2365/2365/2365
f 580/580/580 587/587/587 558/558/558
f 5054/5054/5054 5055/5055/5055 5039/5039/5039
f 2360/2360/2360 2359/2359/2359 2366/2366/2366
f 7592/7592/7592 7585/7585/7585 7594/7594/7594
f 5056/5056/5056 5057/5057/5057 5058/5058/5058
f 2120/2120/2120 2131/2131/2131 2133/2133/2133
f 1028/1028/1028 1029/1029/1029 1030/1030/1030
f 1063/1063/1063 1059/1059/1059 1062/1062/1062
f 2148/2148/2148 2134/2134/2134 2135/2135/2135
f 2136/2136/2136 2148/2148/2148 2135/2135/2135
f 6916/6916/6916 6971/6971/6971 6954/6954/6954
f 7328/7328/7328 7342/7342/7342 7331/7331/7331
f 5285/5285/5285 5335/5335/5335 5318/5318/5318
f 573/573/573 577/577/577 574/574/574
f 588/588/588 589/589/589 590/590/590
f 7595/7595/7595 7596/7596/7596 7597/7597/7597
f 2362/2362/2362 2367/2367/2367 2361/2361/2361
f 1062/1062/1062 1064/1064/1064 1063/1063/1063
f 2133/2133/2133 2137/2137/2137 2120/2120/2120
f 5650/5650/5650 5651/5651/5651 5652/5652/5652
f 5336/5336/5336 5300/5300/5300 5260/5260/5260
f 5059/5059/5059 5060/5060/5060 5061/5061/5061
f 2362/2362/2362 2360/2360/2360 2366/2366/2366
f 7343/7343/7343 7334/7334/7334 7333/7333/7333
f 2351/2351/2351 2340/2340/2340 2339/2339/2339
f 2340/2340/2340 2351/2351/2351 2352/2352/2352
f 1421/1421/1421 1422/1422/1422 1423/1423/1423
f 7344/7344/7344 7303/7303/7303 7302/7302/7302
f 7598/7598/7598 7599/7599/7599 7596/7596/7596
f 5653/5653/5653 5654/5654/5654 5655/5655/5655
f 5327/5327/5327 5337/5337/5337 5328/5328/5328
f 5062/5062/5062 5063/5063/5063 5064/5064/5064
f 7311/7311/7311 7324/7324/7324 7345/7345/7345
f 7589/7589/7589 7588/7588/7588 7600/7600/7600
f 7601/7601/7601 7602/7602/7602 7603/7603/7603
f 591/591/591 566/566/566 565/565/565
f 572/572/572 574/574/574 592/592/592
f 7334/7334/7334 7343/7343/7343 7346/7346/7346
f 6971/6971/6971 6916/6916/6916 6972/6972/6972
f 5620/5620/5620 5637/5637/5637 5656/5656/5656
f 5016/5016/5016 5065/5065/5065 5037/5037/5037
f 5061/5061/5061 5060/5060/5060 5066/5066/5066
f 2368/2368/2368 2322/2322/2322 2353/2353/2353
f 1031/1031/1031 1029/1029/1029 1028/1028/1028
f 5338/5338/5338 5328/5328/5328 5337/5337/5337
f 7596/7596/7596 7595/7595/7595 7598/7598/7598
f 1062/1062/1062 1065/1065/1065 1064/1064/1064
f 1065/1065/1065 1062/1062/1062 1060/1060/1060
f 7604/7604/7604 7605/7605/7605 7606/7606/7606
f 5285/5285/5285 5339/5339/5339 5335/5335/5335
f 2369/2369/2369 2370/2370/2370 2371/2371/2371
f 7323/7323/7323 7347/7347/7347 7314/7314/7314
f 2138/2138/2138 2136/2136/2136 2139/2139/2139
f 1054/1054/1054 1053/1053/1053 1066/1066/1066
f 1054/1054/1054 1066/1066/1066 1067/1067/1067
f 2116/2116/2116 2120/2120/2120 2137/2137/2137
f 585/585/585 593/593/593 582/582/582
f 7316/7316/7316 7348/7348/7348 7317/7317/7317
f 591/591/591 565/565/565 579/579/579
f 1424/1424/1424 1425/1425/1425 1426/1426/1426
f 2135/2135/2135 2139/2139/2139 2136/2136/2136
f 5340/5340/5340 5341/5341/5341 5342/5342/5342
f 7347/7347/7347 7310/7310/7310 7314/7314/7314
f 7337/7337/7337 7336/7336/7336 7349/7349/7349
f 5336/5336/5336 5260/5260/5260 5343/5343/5343
f 5338/5338/5338 5344/5344/5344 5328/5328/5328
f 594/594/594 595/595/595 596/596/596
f 7350/7350/7350 7351/7351/7351 7352/7352/7352
f 5067/5067/5067 5062/5062/5062 5068/5068/5068
f 1032/1032/1032 1033/1033/1033 1034/1034/1034
f 2372/2372/2372 2373/2373/2373 2374/2374/2374
f 5069/5069/5069 5064/5064/5064 5063/5063/5063
f 5345/5345/5345 5346/5346/5346 5347/5347/5347
f 5348/5348/5348 5349/5349/5349 5350/5350/5350
f 5070/5070/5070 5071/5071/5071 5060/5060/5060
f 5072/5072/5072 5064/5064/5064 5069/5069/5069
f 5351/5351/5351 5352/5352/5352 5353/5353/5353
f 7351/7351/7351 7353/7353/7353 7352/7352/7352
f 5354/5354/5354 5355/5355/5355 5356/5356/5356
f 5657/5657/5657 5658/5658/5658 5617/5617/5617
f 5340/5340/5340 5342/5342/5342 5357/5357/5357
f 6973/6973/6973 6961/6961/6961 6960/6960/6960
f 7354/7354/7354 7350/7350/7350 7352/7352/7352
f 5067/5067/5067 5063/5063/5063 5062/5062/5062
f 6974/6974/6974 6975/6975/6975 6976/6976/6976
f 7355/7355/7355 7356/7356/7356 7357/7357/7357
f 7607/7607/7607 7608/7608/7608 7609/7609/7609
f 7358/7358/7358 7359/7359/7359 7360/7360/7360
f 6977/6977/6977 6917/6917/6917 6966/6966/6966
f 7591/7591/7591 7610/7610/7610 7593/7593/7593
f 7361/7361/7361 7323/7323/7323 7306/7306/7306
f 5358/5358/5358 5359/5359/5359 5360/5360/5360
f 5050/5050/5050 5049/5049/5049 5073/5073/5073
f 588/588/588 590/590/590 597/597/597
f 5361/5361/5361 5362/5362/5362 5363/5363/5363
f 5364/5364/5364 5363/5363/5363 5362/5362/5362
f 7349/7349/7349 7362/7362/7362 7337/7337/7337
f 5066/5066/5066 5060/5060/5060 5071/5071/5071
f 1035/1035/1035 1036/1036/1036 1037/1037/1037
f 7363/7363/7363 7364/7364/7364 7365/7365/7365
f 7366/7366/7366 7364/7364/7364 7363/7363/7363
f 577/577/577 576/576/576 574/574/574
f 5365/5365/5365 5331/5331/5331 5333/5333/5333
f 5659/5659/5659 5704/5704/5704 5660/5660/5660
f 7367/7367/7367 7368/7368/7368 7369/7369/7369
f 7370/7370/7370 7371/7371/7371 7372/7372/7372
f 5704/5704/5704 5659/5659/5659 5661/5661/5661
f 7611/7611/7611 7612/7612/7612 7613/7613/7613
f 7340/7340/7340 7373/7373/7373 7341/7341/7341
f 2375/2375/2375 2371/2371/2371 2370/2370/2370
f 6978/6978/6978 6979/6979/6979 6980/6980/6980
f 598/598/598 599/599/599 600/600/600
f 1068/1068/1068 1069/1069/1069 1070/1070/1070
f 5325/5325/5325 5366/5366/5366 5326/5326/5326
f 7323/7323/7323 7361/7361/7361 7347/7347/7347
f 7374/7374/7374 7375/7375/7375 7376/7376/7376
f 4980/4980/4980 5074/5074/5074 4978/4978/4978
f 1033/1033/1033 1038/1038/1038 1034/1034/1034
f 5075/5075/5075 5076/5076/5076 5077/5077/5077
f 7377/7377/7377 7378/7378/7378 7379/7379/7379
f 7380/7380/7380 7381/7381/7381 7382/7382/7382
f 7383/7383/7383 7384/7384/7384 7385/7385/7385
f 5644/5644/5644 5662/5662/5662 5663/5663/5663
f 5618/5618/5618 5617/5617/5617 5658/5658/5658
f 5367/5367/5367 5348/5348/5348 5350/5350/5350
f 7381/7381/7381 7386/7386/7386 7382/7382/7382
f 5325/5325/5325 5368/5368/5368 5366/5366/5366
f 5363/5363/5363 5369/5369/5369 5361/5361/5361
f 5358/5358/5358 5370/5370/5370 5359/5359/5359
f 990/990/990 1029/1029/1029 1031/1031/1031
f 5333/5333/5333 5371/5371/5371 5365/5365/5365
f 5664/5664/5664 5659/5659/5659 5660/5660/5660
f 6981/6981/6981 6827/6827/6827 6952/6952/6952
f 5078/5078/5078 5075/5075/5075 5077/5077/5077
f 5644/5644/5644 5663/5663/5663 5645/5645/5645
f 5071/5071/5071 5044/5044/5044 5074/5074/5074
f 1029/1029/1029 990/990/990 1039/1039/1039
f 5079/5079/5079 5113/5113/5113 5080/5080/5080
f 601/601/601 602/602/602 844/844/844
f 6979/6979/6979 6982/6982/6982 6980/6980/6980
f 1027/1027/1027 1039/1039/1039 990/990/990
f 5365/5365/5365 5371/5371/5371 5372/5372/5372
f 603/603/603 604/604/604 605/605/605
f 5373/5373/5373 5366/5366/5366 5368/5368/5368
f 5058/5058/5058 5057/5057/5057 5081/5081/5081
f 606/606/606 603/603/603 605/605/605
f 7310/7310/7310 7347/7347/7347 7387/7387/7387
f 5372/5372/5372 5371/5371/5371 5374/5374/5374
f 5665/5665/5665 5666/5666/5666 5667/5667/5667
f 5375/5375/5375 5376/5376/5376 5377/5377/5377
f 7376/7376/7376 7388/7388/7388 7374/7374/7374
f 5668/5668/5668 5669/5669/5669 5670/5670/5670
f 7389/7389/7389 7390/7390/7390 7391/7391/7391
f 582/582/582 593/593/593 607/607/607
f 7614/7614/7614 7615/7615/7615 7616/7616/7616
f 7352/7352/7352 7353/7353/7353 7392/7392/7392
f 5671/5671/5671 5672/5672/5672 5673/5673/5673
f 7393/7393/7393 7385/7385/7385 7384/7384/7384
f 7394/7394/7394 7377/7377/7377 7379/7379/7379
f 608/608/608 598/598/598 600/600/600
f 7617/7617/7617 7603/7603/7603 7602/7602/7602
f 579/579/579 844/844/844 602/602/602
f 5378/5378/5378 5379/5379/5379 5380/5380/5380
f 5072/5072/5072 5069/5069/5069 5082/5082/5082
f 5068/5068/5068 5063/5063/5063 5067/5067/5067
f 5674/5674/5674 5675/5675/5675 5676/5676/5676
f 6983/6983/6983 6984/6984/6984 6985/6985/6985
f 7395/7395/7395 7373/7373/7373 7340/7340/7340
f 5671/5671/5671 5641/5641/5641 5633/5633/5633
f 609/609/609 596/596/596 595/595/595
f 7343/7343/7343 7396/7396/7396 7346/7346/7346
f 5381/5381/5381 5382/5382/5382 5383/5383/5383
f 6986/6986/6986 6987/6987/6987 6988/6988/6988
f 7614/7614/7614 7616/7616/7616 7618/7618/7618
f 7619/7619/7619 7620/7620/7620 7621/7621/7621
f 5083/5083/5083 5054/5054/5054 5039/5039/5039
f 5666/5666/5666 5677/5677/5677 5678/5678/5678
f 5679/5679/5679 5678/5678/5678 5677/5677/5677
f 7609/7609/7609 7608/7608/7608 7622/7622/7622
f 5039/5039/5039 5055/5055/5055 5040/5040/5040
f 2376/2376/2376 2377/2377/2377 2383/2383/2383
f 610/610/610 611/611/611 612/612/612
f 7426/7426/7426 7334/7334/7334 7346/7346/7346
f 7608/7608/7608 7607/7607/7607 7623/7623/7623
f 5082/5082/5082 5084/5084/5084 5072/5072/5072
f 6989/6989/6989 6961/6961/6961 6973/6973/6973
f 6990/6990/6990 6991/6991/6991 6992/6992/6992
f 7386/7386/7386 7381/7381/7381 7397/7397/7397
f 5368/5368/5368 5384/5384/5384 5373/5373/5373
f 5378/5378/5378 5385/5385/5385 5379/5379/5379
f 5085/5085/5085 5086/5086/5086 5082/5082/5082
f 7620/7620/7620 7619/7619/7619 7624/7624/7624
f 7608/7608/7608 7623/7623/7623 7625/7625/7625
f 6993/6993/6993 6994/6994/6994 6995/6995/6995
f 5674/5674/5674 5676/5676/5676 5680/5680/5680
f 5673/5673/5673 5672/5672/5672 5681/5681/5681
f 5087/5087/5087 5088/5088/5088 5089/5089/5089
f 1040/1040/1040 1041/1041/1041 1042/1042/1042
f 5669/5669/5669 5682/5682/5682 5670/5670/5670
f 5074/5074/5074 5044/5044/5044 4978/4978/4978
f 613/613/613 614/614/614 615/615/615
f 1071/1071/1071 1072/1072/1072 1073/1073/1073
f 5063/5063/5063 5068/5068/5068 5069/5069/5069
f 6996/6996/6996 6955/6955/6955 6957/6957/6957
f 5090/5090/5090 5091/5091/5091 5040/5040/5040
f 7398/7398/7398 7394/7394/7394 7379/7379/7379
f 7376/7376/7376 7399/7399/7399 7388/7388/7388
f 5092/5092/5092 5093/5093/5093 5094/5094/5094
f 6997/6997/6997 6998/6998/6998 6999/6999/6999
f 7400/7400/7400 7369/7369/7369 7368/7368/7368
f 7625/7625/7625 7626/7626/7626 7608/7608/7608
f 1074/1074/1074 1075/1075/1075 1071/1071/1071
f 6965/6965/6965 7000/7000/7000 6953/6953/6953
f 5040/5040/5040 5055/5055/5055 5095/5095/5095
f 5085/5085/5085 5113/5113/5113 5079/5079/5079
f 5663/5663/5663 5683/5683/5683 5684/5684/5684
f 5082/5082/5082 5096/5096/5096 5084/5084/5084
f 5685/5685/5685 5686/5686/5686 5687/5687/5687
f 5069/5069/5069 5068/5068/5068 5097/5097/5097
f 5688/5688/5688 5689/5689/5689 5690/5690/5690
f 7001/7001/7001 7002/7002/7002 7003/7003/7003
f 616/616/616 617/617/617 618/618/618
f 619/619/619 620/620/620 621/621/621
f 1076/1076/1076 1077/1077/1077 1078/1078/1078
f 1079/1079/1079 1080/1080/1080 1081/1081/1081
f 5666/5666/5666 5665/5665/5665 5691/5691/5691
f 5666/5666/5666 5691/5691/5691 5677/5677/5677
f 5093/5093/5093 5092/5092/5092 5098/5098/5098
f 622/622/622 621/621/621 620/620/620
f 6971/6971/6971 6972/6972/6972 7004/7004/7004
f 566/566/566 591/591/591 623/623/623
f 7005/7005/7005 6977/6977/6977 6966/6966/6966
f 5082/5082/5082 5086/5086/5086 5096/5096/5096
f 5386/5386/5386 5387/5387/5387 5388/5388/5388
f 7002/7002/7002 7001/7001/7001 7006/7006/7006
f 7007/7007/7007 7008/7008/7008 7009/7009/7009
f 7615/7615/7615 7627/7627/7627 7616/7616/7616
f 5672/5672/5672 5692/5692/5692 5681/5681/5681
f 5672/5672/5672 5671/5671/5671 5633/5633/5633
f 1079/1079/1079 1082/1082/1082 1080/1080/1080
f 574/574/574 624/624/624 625/625/625
f 1083/1083/1083 1084/1084/1084 1085/1085/1085
f 5693/5693/5693 5694/5694/5694 5689/5689/5689
f 5689/5689/5689 5688/5688/5688 5693/5693/5693
f 7368/7368/7368 7401/7401/7401 7400/7400/7400
f 5085/5085/5085 5079/5079/5079 5086/5086/5086
f 7402/7402/7402 7403/7403/7403 7353/7353/7353
f 7426/7426/7426 7346/7346/7346 7404/7404/7404
f 7010/7010/7010 7011/7011/7011 6998/6998/6998
f 5684/5684/5684 5645/5645/5645 5663/5663/5663
f 1071/1071/1071 1075/1075/1075 1072/1072/1072
f 1086/1086/1086 1087/1087/1087 1088/1088/1088
f 7405/7405/7405 7346/7346/7346 7396/7396/7396
f 7404/7404/7404 7427/7427/7427 7426/7426/7426
f 7622/7622/7622 7633/7633/7633 7609/7609/7609
f 7406/7406/7406 7392/7392/7392 7353/7353/7353
f 7609/7609/7609 7633/7633/7633 7628/7628/7628
f 6966/6966/6966 7012/7012/7012 7013/7013/7013
f 5389/5389/5389 5390/5390/5390 5391/5391/5391
f 625/625/625 626/626/626 574/574/574
f 7353/7353/7353 7403/7403/7403 7406/7406/7406
f 6975/6975/6975 6974/6974/6974 7014/7014/7014
f 7015/7015/7015 7016/7016/7016 7013/7013/7013
f 6948/6948/6948 6883/6883/6883 7017/7017/7017
f 7015/7015/7015 7013/7013/7013 7012/7012/7012
f 7407/7407/7407 7408/7408/7408 7409/7409/7409
f 6997/6997/6997 7010/7010/7010 6998/6998/6998
f 6952/6952/6952 7018/7018/7018 6981/6981/6981
f 5384/5384/5384 5392/5392/5392 5373/5373/5373
f 591/591/591 579/579/579 627/627/627
f 6966/6966/6966 7013/7013/7013 7005/7005/7005
f 6974/6974/6974 7019/7019/7019 7014/7014/7014
f 7629/7629/7629 7628/7628/7628 7633/7633/7633
f 7020/7020/7020 7021/7021/7021 7022/7022/7022
f 7023/7023/7023 6975/6975/6975 7014/7014/7014
f 5695/5695/5695 5696/5696/5696 5697/5697/5697
f 5084/5084/5084 5096/5096/5096 5099/5099/5099
f 5055/5055/5055 5054/5054/5054 5100/5100/5100
f 7410/7410/7410 7411/7411/7411 7412/7412/7412
f 1075/1075/1075 1089/1089/1089 1072/1072/1072
f 7008/7008/7008 7024/7024/7024 7009/7009/7009
f 547/547/547 581/581/581 628/628/628
f 7609/7609/7609 7628/7628/7628 7630/7630/7630
f 7025/7025/7025 7026/7026/7026 7006/7006/7006
f 6971/6971/6971 7004/7004/7004 7027/7027/7027
f 7406/7406/7406 7413/7413/7413 7392/7392/7392
f 7028/7028/7028 7029/7029/7029 7030/7030/7030
f 574/574/574 629/629/629 592/592/592
f 5393/5393/5393 5389/5389/5389 5391/5391/5391
f 630/630/630 631/631/631 632/632/632
f 7023/7023/7023 7014/7014/7014 7031/7031/7031
f 5691/5691/5691 5698/5698/5698 5677/5677/5677
f 5392/5392/5392 5384/5384/5384 5394/5394/5394
f 5381/5381/5381 5395/5395/5395 5382/5382/5382
f 1090/1090/1090 1091/1091/1091 1092/1092/1092
f 7414/7414/7414 7415/7415/7415 7416/7416/7416
f 7417/7417/7417 7413/7413/7413 7418/7418/7418
f 5074/5074/5074 5066/5066/5066 5071/5071/5071
f 7406/7406/7406 7418/7418/7418 7413/7413/7413
f 5090/5090/5090 5040/5040/5040 5095/5095/5095
f 7412/7412/7412 7411/7411/7411 7419/7419/7419
f 7032/7032/7032 7033/7033/7033 7034/7034/7034
f 7001/7001/7001 7025/7025/7025 7006/7006/7006
f 5396/5396/5396 5397/5397/5397 5398/5398/5398
f 6971/6971/6971 7027/7027/7027 7035/7035/7035
f 7420/7420/7420 7421/7421/7421 7422/7422/7422
f 5692/5692/5692 5672/5672/5672 5699/5699/5699
f 633/633/633 634/634/634 635/635/635
f 7030/7030/7030 7036/7036/7036 7028/7028/7028
f 7037/7037/7037 7038/7038/7038 7039/7039/7039
f 1093/1093/1093 1094/1094/1094 1095/1095/1095
f 7036/7036/7036 7040/7040/7040 7028/7028/7028
f 7024/7024/7024 7008/7008/7008 7041/7041/7041
f 636/636/636 635/635/635 634/634/634
f 5095/5095/5095 5055/5055/5055 5100/5100/5100
f 7042/7042/7042 7043/7043/7043 7044/7044/7044
f 1096/1096/1096 1085/1085/1085 1084/1084/1084
f 637/637/637 634/634/634 638/638/638
f 639/639/639 613/613/613 640/640/640
f 7045/7045/7045 7043/7043/7043 7042/7042/7042
f 1094/1094/1094 1097/1097/1097 1095/1095/1095
f 6961/6961/6961 7046/7046/7046 6959/6959/6959
f 591/591/591 627/627/627 623/623/623
f 1091/1091/1091 1090/1090/1090 1098/1098/1098
f 5083/5083/5083 5100/5100/5100 5054/5054/5054
f 641/641/641 627/627/627 579/579/579
f 613/613/613 615/615/615 640/640/640
f 1035/1035/1035 1043/1043/1043 1036/1036/1036
f 638/638/638 642/642/642 637/637/637
f 622/622/622 643/643/643 621/621/621
f 7047/7047/7047 7040/7040/7040 7036/7036/7036
f 6971/6971/6971 7035/7035/7035 7048/7048/7048
f 7049/7049/7049 7050/7050/7050 7051/7051/7051
f 7052/7052/7052 7049/7049/7049 7051/7051/7051
f 644/644/644 626/626/626 625/625/625
f 1412/1412/1412 1099/1099/1099 1100/1100/1100
f 7053/7053/7053 7054/7054/7054 7055/7055/7055
f 7017/7017/7017 6883/6883/6883 7056/7056/7056
f 7054/7054/7054 7057/7057/7057 7055/7055/7055
f 645/645/645 646/646/646 647/647/647
f 7058/7058/7058 7059/7059/7059 7060/7060/7060
f 1412/1412/1412 1101/1101/1101 1099/1099/1099
f 1102/1102/1102 1103/1103/1103 1104/1104/1104
f 596/596/596 609/609/609 648/648/648
f 645/645/645 647/647/647 649/649/649
f 1102/1102/1102 1104/1104/1104 1105/1105/1105
f 545/545/545 547/547/547 650/650/650
f 7018/7018/7018 7061/7061/7061 6981/6981/6981
f 7062/7062/7062 7063/7063/7063 7064/7064/7064
f 1088/1088/1088 1106/1106/1106 1086/1086/1086
f 7065/7065/7065 7066/7066/7066 7067/7067/7067
f 7068/7068/7068 7063/7063/7063 7062/7062/7062
f 651/651/651 652/652/652 653/653/653
f 1102/1102/1102 1107/1107/1107 1103/1103/1103
f 654/654/654 638/638/638 634/634/634
f 1108/1108/1108 1109/1109/1109 1110/1110/1110
f 1084/1084/1084 1111/1111/1111 1096/1096/1096
f 7050/7050/7050 7069/7069/7069 7051/7051/7051
f 6989/6989/6989 7070/7070/7070 6961/6961/6961
f 7071/7071/7071 7072/7072/7072 7073/7073/7073
f 653/653/653 655/655/655 651/651/651
f 1084/1084/1084 1112/1112/1112 1111/1111/1111
f 1113/1113/1113 1114/1114/1114 1115/1115/1115
f 1116/1116/1116 1117/1117/1117 1118/1118/1118
f 7074/7074/7074 7071/7071/7071 7073/7073/7073
f 656/656/656 657/657/657 655/655/655
f 7075/7075/7075 7076/7076/7076 7077/7077/7077
f 651/651/651 655/655/655 657/657/657
f 1115/1115/1115 1119/1119/1119 1113/1113/1113
f 7046/7046/7046 7078/7078/7078 6959/6959/6959
f 623/623/623 627/627/627 658/658/658
f 659/659/659 660/660/660 661/661/661
f 7079/7079/7079 7080/7080/7080 7081/7081/7081
f 1094/1094/1094 1093/1093/1093 1120/1120/1120
f 7076/7076/7076 7082/7082/7082 7077/7077/7077
f 7083/7083/7083 7079/7079/7079 7084/7084/7084
f 7085/7085/7085 7086/7086/7086 7087/7087/7087
f 1103/1103/1103 1107/1107/1107 1121/1121/1121
f 1122/1122/1122 1089/1089/1089 1123/1123/1123
f 1123/1123/1123 1089/1089/1089 1075/1075/1075
f 7088/7088/7088 7089/7089/7089 7090/7090/7090
f 7067/7067/7067 7091/7091/7091 7072/7072/7072
f 1124/1124/1124 1125/1125/1125 1126/1126/1126
f 626/626/626 662/662/662 663/663/663
f 638/638/638 664/664/664 665/665/665
f 7092/7092/7092 7077/7077/7077 7093/7093/7093
f 1127/1127/1127 1128/1128/1128 1129/1129/1129
f 1102/1102/1102 1105/1105/1105 1130/1130/1130
f 7082/7082/7082 7093/7093/7093 7077/7077/7077
f 7094/7094/7094 7095/7095/7095 7096/7096/7096
f 1123/1123/1123 1131/1131/1131 1122/1122/1122
f 1132/1132/1132 1133/1133/1133 1134/1134/1134
f 7079/7079/7079 7081/7081/7081 7084/7084/7084
f 1427/1427/1427 1428/1428/1428 1429/1429/1429
f 666/666/666 667/667/667 668/668/668
f 7072/7072/7072 7091/7091/7091 7073/7073/7073
f 1130/1130/1130 1105/1105/1105 1135/1135/1135
f 669/669/669 670/670/670 671/671/671
f 7087/7087/7087 7097/7097/7097 7085/7085/7085
f 7095/7095/7095 7094/7094/7094 7098/7098/7098
f 672/672/672 673/673/673 674/674/674
f 7067/7067/7067 7066/7066/7066 7091/7091/7091
f 654/654/654 664/664/664 638/638/638
f 7099/7099/7099 7100/7100/7100 7101/7101/7101
f 1136/1136/1136 1137/1137/1137 1138/1138/1138
f 7102/7102/7102 7076/7076/7076 7103/7103/7103
f 654/654/654 634/634/634 633/633/633
f 670/670/670 669/669/669 675/675/675
f 7089/7089/7089 7088/7088/7088 7104/7104/7104
f 7099/7099/7099 7101/7101/7101 7105/7105/7105
f 7106/7106/7106 6968/6968/6968 6955/6955/6955
f 7107/7107/7107 7108/7108/7108 7109/7109/7109
f 1139/1139/1139 1140/1140/1140 1141/1141/1141
f 7110/7110/7110 7111/7111/7111 7112/7112/7112
f 1119/1119/1119 1142/1142/1142 1113/1113/1113
f 7084/7084/7084 7081/7081/7081 7113/7113/7113
f 1107/1107/1107 1143/1143/1143 1121/1121/1121
f 676/676/676 677/677/677 678/678/678
f 663/663/663 574/574/574 626/626/626
f 7076/7076/7076 7102/7102/7102 7082/7082/7082
f 7114/7114/7114 7073/7073/7073 7091/7091/7091
f 1413/1413/1413 1144/1144/1144 1145/1145/1145
f 679/679/679 674/674/674 673/673/673
f 622/622/622 680/680/680 643/643/643
f 7112/7112/7112 7115/7115/7115 7110/7110/7110
f 1094/1094/1094 1146/1146/1146 1147/1147/1147
f 681/681/681 680/680/680 622/622/622
f 1414/1414/1414 1148/1148/1148 1149/1149/1149
f 1150/1150/1150 1113/1113/1113 1142/1142/1142
f 627/627/627 682/682/682 658/658/658
f 7107/7107/7107 7109/7109/7109 7116/7116/7116
f 1427/1427/1427 1430/1430/1430 1428/1428/1428
f 7084/7084/7084 7113/7113/7113 7117/7117/7117
f 683/683/683 684/684/684 685/685/685
f 674/674/674 679/679/679 686/686/686
f 1137/1137/1137 1151/1151/1151 1138/1138/1138
f 574/574/574 663/663/663 629/629/629
f 687/687/687 686/686/686 679/679/679
f 688/688/688 689/689/689 690/690/690
f 7118/7118/7118 6955/6955/6955 6996/6996/6996
f 1113/1113/1113 1150/1150/1150 1152/1152/1152
f 691/691/691 692/692/692 693/693/693
f 1413/1413/1413 1153/1153/1153 1154/1154/1154
f 667/667/667 694/694/694 695/695/695
f 1431/1431/1431 1432/1432/1432 1433/1433/1433
f 696/696/696 654/654/654 633/633/633
f 1413/1413/1413 1154/1154/1154 1144/1144/1144
f 693/693/693 697/697/697 691/691/691
f 1146/1146/1146 1094/1094/1094 1120/1120/1120
f 1121/1121/1121 1143/1143/1143 1155/1155/1155
f 1156/1156/1156 1157/1157/1157 1126/1126/1126
f 664/664/664 654/654/654 696/696/696
f 698/698/698 699/699/699 700/700/700
f 1158/1158/1158 1414/1414/1414 1149/1149/1149
f 1159/1159/1159 1160/1160/1160 1161/1161/1161
f 1434/1434/1434 1435/1435/1435 1436/1436/1436
f 701/701/701 668/668/668 667/667/667
f 702/702/702 703/703/703 704/704/704
f 7070/7070/7070 6989/6989/6989 7119/7119/7119
f 700/700/700 705/705/705 698/698/698
f 1162/1162/1162 1163/1163/1163 1164/1164/1164
f 1165/1165/1165 1149/1149/1149 1148/1148/1148
f 660/660/660 706/706/706 661/661/661
f 1160/1160/1160 1159/1159/1159 1166/1166/1166
f 707/707/707 690/690/690 689/689/689
f 1167/1167/1167 1168/1168/1168 1169/1169/1169
f 594/594/594 596/596/596 708/708/708
f 633/633/633 709/709/709 696/696/696
f 7120/7120/7120 7093/7093/7093 7121/7121/7121
f 7122/7122/7122 7123/7123/7123 7124/7124/7124
f 1170/1170/1170 1171/1171/1171 1172/1172/1172
f 7118/7118/7118 7106/7106/7106 6955/6955/6955
f 710/710/710 711/711/711 712/712/712
f 7082/7082/7082 7121/7121/7121 7093/7093/7093
f 1437/1437/1437 1438/1438/1438 1439/1439/1439
f 7082/7082/7082 7125/7125/7125 7121/7121/7121
f 1439/1439/1439 1440/1440/1440 1437/1437/1437
f 1148/1148/1148 1173/1173/1173 1165/1165/1165
f 695/695/695 701/701/701 667/667/667
f 1441/1441/1441 1442/1442/1442 1443/1443/1443
f 1438/1438/1438 1437/1437/1437 1444/1444/1444
f 1445/1445/1445 1446/1446/1446 1447/1447/1447
f 1156/1156/1156 1126/1126/1126 1125/1125/1125
f 7121/7121/7121 7125/7125/7125 7126/7126/7126
f 7121/7121/7121 7126/7126/7126 7127/7127/7127
f 713/713/713 714/714/714 715/715/715
f 1536/1536/1536 1537/1537/1537 1538/1538/1538
f 716/716/716 717/717/717 718/718/718
f 594/594/594 708/708/708 719/719/719
f 1442/1442/1442 1441/1441/1441 1448/1448/1448
f 1170/1170/1170 1174/1174/1174 1171/1171/1171
f 1169/1169/1169 1175/1175/1175 1167/1167/1167
f 703/703/703 702/702/702 720/720/720
f 1176/1176/1176 1177/1177/1177 1178/1178/1178
f 1165/1165/1165 1173/1173/1173 1179/1179/1179
f 666/666/666 721/721/721 722/722/722
f 723/723/723 668/668/668 701/701/701
f 724/724/724 725/725/725 726/726/726
f 666/666/666 668/668/668 721/721/721
f 707/707/707 727/727/727 690/690/690
f 727/727/727 728/728/728 729/729/729
f 1449/1449/1449 1450/1450/1450 1451/1451/1451
f 1156/1156/1156 1180/1180/1180 1157/1157/1157
f 1144/1144/1144 1181/1181/1181 1145/1145/1145
f 664/664/664 730/730/730 665/665/665
f 727/727/727 707/707/707 728/728/728
f 1536/1536/1536 1538/1538/1538 1539/1539/1539
f 682/682/682 627/627/627 731/731/731
f 1446/1446/1446 1452/1452/1452 1447/1447/1447
f 732/732/732 684/684/684 683/683/683
f 668/668/668 723/723/723 721/721/721
f 733/733/733 686/686/686 687/687/687
f 1453/1453/1453 1445/1445/1445 1454/1454/1454
f 1455/1455/1455 1456/1456/1456 1457/1457/1457
f 1540/1540/1540 1541/1541/1541 1542/1542/1542
f 1415/1415/1415 1182/1182/1182 1183/1183/1183
f 723/723/723 701/701/701 695/695/695
f 731/731/731 734/734/734 682/682/682
f 1543/1543/1543 1544/1544/1544 1545/1545/1545
f 686/686/686 733/733/733 735/735/735
f 1458/1458/1458 1459/1459/1459 1460/1460/1460
f 1461/1461/1461 1462/1462/1462 1463/1463/1463
f 725/725/725 724/724/724 736/736/736
f 1463/1463/1463 1462/1462/1462 1464/1464/1464
f 1182/1182/1182 1415/1415/1415 1184/1184/1184
f 737/737/737 738/738/738 739/739/739
f 1454/1454/1454 1445/1445/1445 1447/1447/1447
f 720/720/720 740/740/740 703/703/703
f 1465/1465/1465 1466/1466/1466 1467/1467/1467
f 1428/1428/1428 1430/1430/1430 1468/1468/1468
f 1458/1458/1458 1469/1469/1469 1459/1459/1459
f 1185/1185/1185 1186/1186/1186 1187/1187/1187
f 1188/1188/1188 1189/1189/1189 1190/1190/1190
f 694/694/694 741/741/741 742/742/742
f 1434/1434/1434 1436/1436/1436 1470/1470/1470
f 1191/1191/1191 1192/1192/1192 1193/1193/1193
f 1546/1546/1546 1547/1547/1547 1548/1548/1548
f 730/730/730 664/664/664 696/696/696
f 740/740/740 743/743/743 744/744/744
f 1194/1194/1194 1195/1195/1195 1196/1196/1196
f 1197/1197/1197 1198/1198/1198 1199/1199/1199
f 1147/1147/1147 1146/1146/1146 1200/1200/1200
f 1471/1471/1471 1472/1472/1472 1473/1473/1473
f 1474/1474/1474 1475/1475/1475 1476/1476/1476
f 1201/1201/1201 1202/1202/1202 1203/1203/1203
f 1204/1204/1204 1205/1205/1205 1206/1206/1206
f 1202/1202/1202 1207/1207/1207 1203/1203/1203
f 720/720/720 743/743/743 740/740/740
f 1547/1547/1547 1549/1549/1549 1548/1548/1548
f 1477/1477/1477 1478/1478/1478 1479/1479/1479
f 1155/1155/1155 1143/1143/1143 1208/1208/1208
f 1480/1480/1480 1481/1481/1481 1482/1482/1482
f 1483/1483/1483 1484/1484/1484 1485/1485/1485
f 723/723/723 745/745/745 721/721/721
f 746/746/746 747/747/747 748/748/748
f 1542/1542/1542 1541/1541/1541 1550/1550/1550
f 694/694/694 742/742/742 695/695/695
f 749/749/749 750/750/750 751/751/751
f 1486/1486/1486 1487/1487/1487 1488/1488/1488
f 1551/1551/1551 1552/1552/1552 1553/1553/1553
f 1186/1186/1186 1185/1185/1185 1209/1209/1209
f 1554/1554/1554 1555/1555/1555 1556/1556/1556
f 1557/1557/1557 1558/1558/1558 1559/1559/1559
f 1489/1489/1489 1490/1490/1490 1491/1491/1491
f 1492/1492/1492 1493/1493/1493 1494/1494/1494
f 1487/1487/1487 1486/1486/1486 1495/1495/1495
f 748/748/748 747/747/747 752/752/752
f 1555/1555/1555 1560/1560/1560 1556/1556/1556
f 1496/1496/1496 1497/1497/1497 1498/1498/1498
f 1556/1556/1556 1561/1561/1561 1554/1554/1554
f 753/753/753 754/754/754 755/755/755
f 1562/1562/1562 1563/1563/1563 1564/1564/1564
f 1553/1553/1553 1565/1565/1565 1551/1551/1551
f 750/750/750 749/749/749 756/756/756
f 1489/1489/1489 1491/1491/1491 1499/1499/1499
f 1566/1566/1566 1567/1567/1567 1568/1568/1568
f 1210/1210/1210 1211/1211/1211 1212/1212/1212
f 1500/1500/1500 1454/1454/1454 1447/1447/1447
f 757/757/757 737/737/737 758/758/758
f 1569/1569/1569 1570/1570/1570 1571/1571/1571
f 1572/1572/1572 1573/1573/1573 1574/1574/1574
f 738/738/738 737/737/737 757/757/757
f 1213/1213/1213 1195/1195/1195 1194/1194/1194
f 1501/1501/1501 1502/1502/1502 1503/1503/1503
f 756/756/756 759/759/759 750/750/750
f 1575/1575/1575 1576/1576/1576 1577/1577/1577
f 1214/1214/1214 1186/1186/1186 1209/1209/1209
f 1578/1578/1578 1579/1579/1579 1580/1580/1580
f 710/710/710 712/712/712 760/760/760
f 1461/1461/1461 1463/1463/1463 1504/1504/1504
f 1561/1561/1561 1581/1581/1581 1554/1554/1554
f 761/761/761 762/762/762 763/763/763
f 1215/1215/1215 1184/1184/1184 1415/1415/1415
f 755/755/755 764/764/764 765/765/765
f 722/722/722 721/721/721 766/766/766
f 1497/1497/1497 1496/1496/1496 1505/1505/1505
f 627/627/627 767/767/767 731/731/731
f 1216/1216/1216 1217/1217/1217 1218/1218/1218
f 1182/1182/1182 1184/1184/1184 1219/1219/1219
f 1582/1582/1582 1583/1583/1583 1584/1584/1584
f 1490/1490/1490 1506/1506/1506 1491/1491/1491
f 746/746/746 768/768/768 769/769/769
f 1585/1585/1585 1586/1586/1586 1587/1587/1587
f 746/746/746 769/769/769 747/747/747
f 1181/1181/1181 1144/1144/1144 1220/1220/1220
f 1211/1211/1211 1221/1221/1221 1212/1212/1212
f 1588/1588/1588 1589/1589/1589 1590/1590/1590
f 1567/1567/1567 1566/1566/1566 1591/1591/1591
f 1458/1458/1458 1507/1507/1507 1469/1469/1469
f 766/766/766 721/721/721 745/745/745
f 1493/1493/1493 1492/1492/1492 1508/1508/1508
f 1192/1192/1192 1222/1222/1222 1193/1193/1193
f 767/767/767 627/627/627 770/770/770
f 1461/1461/1461 1504/1504/1504 1509/1509/1509
f 715/715/715 714/714/714 771/771/771
f 1480/1480/1480 1510/1510/1510 1481/1481/1481
f 1511/1511/1511 1512/1512/1512 1472/1472/1472
f 695/695/695 772/772/772 723/723/723
f 1223/1223/1223 1224/1224/1224 1217/1217/1217
f 1225/1225/1225 1226/1226/1226 1227/1227/1227
f 1592/1592/1592 1593/1593/1593 1594/1594/1594
f 773/773/773 759/759/759 756/756/756
f 1513/1513/1513 1514/1514/1514 1515/1515/1515
f 1473/1473/1473 1472/1472/1472 1516/1516/1516
f 1563/1563/1563 1562/1562/1562 1595/1595/1595
f 1591/1591/1591 1596/1596/1596 1567/1567/1567
f 762/762/762 761/761/761 774/774/774
f 775/775/775 706/706/706 660/660/660
f 741/741/741 776/776/776 742/742/742
f 1517/1517/1517 1518/1518/1518 1519/1519/1519
f 1181/1181/1181 1220/1220/1220 1228/1228/1228
f 761/761/761 763/763/763 777/777/777
f 1229/1229/1229 1230/1230/1230 1231/1231/1231
f 1597/1597/1597 1598/1598/1598 1599/1599/1599
f 778/778/778 695/695/695 742/742/742
f 1584/1584/1584 1600/1600/1600 1582/1582/1582
f 1520/1520/1520 1521/1521/1521 1522/1522/1522
f 1601/1601/1601 1602/1602/1602 1562/1562/1562
f 710/710/710 760/760/760 779/779/779
f 755/755/755 754/754/754 764/764/764
f 695/695/695 778/778/778 772/772/772
f 1579/1579/1579 1603/1603/1603 1604/1604/1604
f 1565/1565/1565 1553/1553/1553 1605/1605/1605
f 1472/1472/1472 1512/1512/1512 1516/1516/1516
f 1602/1602/1602 1595/1595/1595 1562/1562/1562
f 1606/1606/1606 1899/1899/1899 1607/1607/1607
f 780/780/780 781/781/781 782/782/782
f 778/778/778 742/742/742 776/776/776
f 1603/1603/1603 1579/1579/1579 1578/1578/1578
f 1493/1493/1493 1523/1523/1523 1524/1524/1524
f 783/783/783 784/784/784 785/785/785
f 744/744/744 743/743/743 786/786/786
f 766/766/766 787/787/787 788/788/788
f 1608/1608/1608 1609/1609/1609 1610/1610/1610
f 1611/1611/1611 1612/1612/1612 1613/1613/1613
f 762/762/762 774/774/774 789/789/789
f 5101/5101/5101 5102/5102/5102 5103/5103/5103
f 790/790/790 716/716/716 718/718/718
f 1614/1614/1614 1615/1615/1615 1616/1616/1616
f 791/791/791 792/792/792 793/793/793
f 1617/1617/1617 1618/1618/1618 1619/1619/1619
f 1525/1525/1525 1526/1526/1526 1477/1477/1477
f 794/794/794 758/758/758 715/715/715
f 754/754/754 795/795/795 764/764/764
f 1620/1620/1620 1621/1621/1621 1622/1622/1622
f 1623/1623/1623 1575/1575/1575 1577/1577/1577
f 1232/1232/1232 1233/1233/1233 1234/1234/1234
f 1602/1602/1602 1624/1624/1624 1595/1595/1595
f 1625/1625/1625 1626/1626/1626 1627/1627/1627
f 1235/1235/1235 1218/1218/1218 1217/1217/1217
f 1236/1236/1236 1237/1237/1237 1238/1238/1238
f 1628/1628/1628 1587/1587/1587 1586/1586/1586
f 758/758/758 794/794/794 757/757/757
f 1612/1612/1612 1629/1629/1629 1613/1613/1613
f 1630/1630/1630 1571/1571/1571 1570/1570/1570
f 716/716/716 790/790/790 796/796/796
f 772/772/772 778/778/778 797/797/797
f 1189/1189/1189 1239/1239/1239 1190/1190/1190
f 1527/1527/1527 1526/1526/1526 1525/1525/1525
f 1240/1240/1240 1241/1241/1241 1242/1242/1242
f 1631/1631/1631 1592/1592/1592 1594/1594/1594
f 798/798/798 799/799/799 800/800/800
f 1632/1632/1632 1633/1633/1633 1634/1634/1634
f 801/801/801 794/794/794 715/715/715
f 1243/1243/1243 1212/1212/1212 1221/1221/1221
f 1608/1608/1608 1635/1635/1635 1609/1609/1609
f 1244/1244/1244 1245/1245/1245 1246/1246/1246
f 1636/1636/1636 1634/1634/1634 1637/1637/1637
f 1477/1477/1477 1479/1479/1479 1525/1525/1525
f 1247/1247/1247 1248/1248/1248 1249/1249/1249
f 1250/1250/1250 1195/1195/1195 1213/1213/1213
f 797/797/797 802/802/802 772/772/772
f 771/771/771 801/801/801 715/715/715
f 1251/1251/1251 1252/1252/1252 1253/1253/1253
f 1254/1254/1254 1238/1238/1238 1237/1237/1237
f 1235/1235/1235 1217/1217/1217 1224/1224/1224
f 1255/1255/1255 1256/1256/1256 1257/1257/1257
f 741/741/741 803/803/803 776/776/776
f 1638/1638/1638 1639/1639/1639 1629/1629/1629
f 1258/1258/1258 1240/1240/1240 1242/1242/1242
f 804/804/804 706/706/706 805/805/805
f 1493/1493/1493 1528/1528/1528 1523/1523/1523
f 1528/1528/1528 1493/1493/1493 1508/1508/1508
f 1259/1259/1259 1234/1234/1234 1233/1233/1233
f 806/806/806 807/807/807 808/808/808
f 762/762/762 789/789/789 809/809/809
f 722/722/722 766/766/766 788/788/788
f 1629/1629/1629 1639/1639/1639 1613/1613/1613
f 1244/1244/1244 1260/1260/1260 1245/1245/1245
f 1622/1622/1622 1640/1640/1640 1620/1620/1620
f 802/802/802 797/797/797 810/810/810
f 769/769/769 768/768/768 811/811/811
f 812/812/812 811/811/811 768/768/768
f 1526/1526/1526 1527/1527/1527 1529/1529/1529
f 706/706/706 775/775/775 805/805/805
f 1624/1624/1624 1602/1602/1602 1641/1641/1641
f 1642/1642/1642 1643/1643/1643 1644/1644/1644
f 1622/1622/1622 1645/1645/1645 1640/1640/1640
f 813/813/813 814/814/814 815/815/815
f 1258/1258/1258 1261/1261/1261 1240/1240/1240
f 778/778/778 776/776/776 797/797/797
f 1616/1616/1616 1615/1615/1615 1646/1646/1646
f 816/816/816 800/800/800 817/817/817
f 1257/1257/1257 1262/1262/1262 1255/1255/1255
f 1620/1620/1620 1640/1640/1640 1647/1647/1647
f 1648/1648/1648 1649/1649/1649 1650/1650/1650
f 1263/1263/1263 1252/1252/1252 1251/1251/1251
f 1264/1264/1264 1239/1239/1239 1189/1189/1189
f 1530/1530/1530 1531/1531/1531 1532/1532/1532
f 1265/1265/1265 1266/1266/1266 1262/1262/1262
f 1634/1634/1634 1633/1633/1633 1637/1637/1637
f 1533/1533/1533 1534/1534/1534 1535/1535/1535
f 763/763/763 818/818/818 777/777/777
f 1258/1258/1258 1267/1267/1267 1261/1261/1261
f 776/776/776 803/803/803 797/797/797
f 1651/1651/1651 1652/1652/1652 1653/1653/1653
f 1257/1257/1257 1265/1265/1265 1262/1262/1262
f 1268/1268/1268 1269/1269/1269 1270/1270/1270
f 1654/1654/1654 1655/1655/1655 1656/1656/1656
f 1271/1271/1271 1272/1272/1272 1273/1273/1273
f 779/779/779 819/819/819 710/710/710
f 1657/1657/1657 1658/1658/1658 1624/1624/1624
f 814/814/814 813/813/813 820/820/820
f 1659/1659/1659 1660/1660/1660 1661/1661/1661
f 1274/1274/1274 1275/1275/1275 1276/1276/1276
f 821/821/821 822/822/822 804/804/804
f 790/790/790 823/823/823 796/796/796
f 1250/1250/1250 1277/1277/1277 1195/1195/1195
f 1662/1662/1662 1663/1663/1663 1664/1664/1664
f 824/824/824 816/816/816 817/817/817
f 1271/1271/1271 1278/1278/1278 1272/1272/1272
f 1665/1665/1665 1666/1666/1666 1635/1635/1635
f 800/800/800 816/816/816 798/798/798
f 731/731/731 767/767/767 825/825/825
f 1260/1260/1260 1244/1244/1244 1279/1279/1279
f 1667/1667/1667 1586/1586/1586 1668/1668/1668
f 810/810/810 797/797/797 803/803/803
f 1669/1669/1669 1670/1670/1670 1671/1671/1671
f 1280/1280/1280 1276/1276/1276 1275/1275/1275
f 1664/1664/1664 1672/1672/1672 1662/1662/1662
f 1281/1281/1281 1282/1282/1282 1283/1283/1283
f 1673/1673/1673 1674/1674/1674 1675/1675/1675
f 824/824/824 826/826/826 816/816/816
f 804/804/804 805/805/805 821/821/821
f 1661/1661/1661 1676/1676/1676 1659/1659/1659
f 1675/1675/1675 1674/1674/1674 1677/1677/1677
f 1678/1678/1678 1679/1679/1679 1680/1680/1680
f 1284/1284/1284 1285/1285/1285 1286/1286/1286
f 1285/1285/1285 1284/1284/1284 1287/1287/1287
f 1641/1641/1641 1681/1681/1681 1624/1624/1624
f 1681/1681/1681 1657/1657/1657 1624/1624/1624
f 1649/1649/1649 1682/1682/1682 1650/1650/1650
f 1288/1288/1288 1271/1271/1271 1273/1273/1273
f 1683/1683/1683 1609/1609/1609 1635/1635/1635
f 1289/1289/1289 1281/1281/1281 1283/1283/1283
f 823/823/823 790/790/790 827/827/827
f 1684/1684/1684 1685/1685/1685 1686/1686/1686
f 1666/1666/1666 1683/1683/1683 1635/1635/1635
f 1644/1644/1644 1687/1687/1687 1642/1642/1642
f 1688/1688/1688 1689/1689/1689 1690/1690/1690
f 828/828/828 829/829/829 830/830/830
f 1586/1586/1586 1691/1691/1691 1628/1628/1628
f 1654/1654/1654 1692/1692/1692 1655/1655/1655
f 816/816/816 831/831/831 798/798/798
f 826/826/826 832/832/832 816/816/816
f 807/807/807 823/823/823 833/833/833
f 1679/1679/1679 1693/1693/1693 1680/1680/1680
f 822/822/822 834/834/834 835/835/835
f 822/822/822 821/821/821 834/834/834
f 1667/1667/1667 1691/1691/1691 1586/1586/1586
f 1603/1603/1603 1578/1578/1578 1694/1694/1694
f 1686/1686/1686 1685/1685/1685 1695/1695/1695
f 816/816/816 836/836/836 831/831/831
f 1696/1696/1696 1697/1697/1697 1698/1698/1698
f 1699/1699/1699 1700/1700/1700 1701/1701/1701
f 1702/1702/1702 1703/1703/1703 1704/1704/1704
f 809/809/809 837/837/837 762/762/762
f 1652/1652/1652 1705/1705/1705 1653/1653/1653
f 1686/1686/1686 1695/1695/1695 1706/1706/1706
f 1639/1639/1639 1638/1638/1638 1707/1707/1707
f 838/838/838 845/845/845 839/839/839
f 767/767/767 840/840/840 825/825/825
f 1708/1708/1708 1700/1700/1700 1699/1699/1699
f 1275/1275/1275 1274/1274/1274 1290/1290/1290
f 827/827/827 833/833/833 823/823/823
f 5104/5104/5104 5105/5105/5105 5106/5106/5106
f 1709/1709/1709 1710/1710/1710 1711/1711/1711
f 1279/1279/1279 1291/1291/1291 1260/1260/1260
f 1639/1639/1639 1707/1707/1707 1712/1712/1712
f 1416/1416/1416 1292/1292/1292 1293/1293/1293
f 1294/1294/1294 1295/1295/1295 1296/1296/1296
f 1713/1713/1713 1714/1714/1714 1715/1715/1715
f 1716/1716/1716 1717/1717/1717 1718/1718/1718
f 1249/1249/1249 1297/1297/1297 1247/1247/1247
f 832/832/832 836/836/836 816/816/816
f 1683/1683/1683 1666/1666/1666 1719/1719/1719
f 1298/1298/1298 1239/1239/1239 1264/1264/1264
f 808/808/808 807/807/807 833/833/833
f 1299/1299/1299 1290/1290/1290 1300/1300/1300
f 1301/1301/1301 1302/1302/1302 1303/1303/1303
f 1304/1304/1304 1289/1289/1289 1283/1283/1283
f 835/835/835 834/834/834 779/779/779
f 1279/1279/1279 1305/1305/1305 1291/1291/1291
f 1720/1720/1720 1721/1721/1721 1722/1722/1722
f 1301/1301/1301 1306/1306/1306 1307/1307/1307
f 1708/1708/1708 1699/1699/1699 1723/1723/1723
f 1308/1308/1308 1309/1309/1309 1310/1310/1310
f 1692/1692/1692 1724/1724/1724 1725/1725/1725
f 841/841/841 842/842/842 846/846/846
f 1263/1263/1263 1311/1311/1311 1252/1252/1252
f 1312/1312/1312 1275/1275/1275 1313/1313/1313
f 1623/1623/1623 1577/1577/1577 1726/1726/1726
f 1721/1721/1721 1727/1727/1727 1728/1728/1728
f 1314/1314/1314 1275/1275/1275 1290/1290/1290
f 1729/1729/1729 1730/1730/1730 1731/1731/1731
f 837/837/837 809/809/809 843/843/843
f 1311/1311/1311 1315/1315/1315 1252/1252/1252
f 1316/1316/1316 1317/1317/1317 1318/1318/1318
f 1313/1313/1313 1275/1275/1275 1314/1314/1314
f 1319/1319/1319 1296/1296/1296 1295/1295/1295
f 1724/1724/1724 1692/1692/1692 1654/1654/1654
f 779/779/779 834/834/834 819/819/819
f 1732/1732/1732 1623/1623/1623 1726/1726/1726
f 1732/1732/1732 1733/1733/1733 1623/1623/1623
f 1722/1722/1722 1721/1721/1721 1728/1728/1728
f 1316/1316/1316 1318/1318/1318 1320/1320/1320
f 1668/1668/1668 1734/1734/1734 1667/1667/1667
f 1735/1735/1735 1704/1704/1704 1703/1703/1703
f 1736/1736/1736 1713/1713/1713 1715/1715/1715
f 1728/1728/1728 1737/1737/1737 1722/1722/1722
f 1728/1728/1728 1738/1738/1738 1737/1737/1737
f 1417/1417/1417 1321/1321/1321 1322/1322/1322
f 1323/1323/1323 1324/1324/1324 1325/1325/1325
f 1326/1326/1326 1418/1418/1418 1327/1327/1327
f 1319/1319/1319 1295/1295/1295 1328/1328/1328
f 1739/1739/1739 1740/1740/1740 1741/1741/1741
f 1280/1280/1280 1275/1275/1275 1329/1329/1329
f 1302/1302/1302 1301/1301/1301 1330/1330/1330
f 1331/1331/1331 1312/1312/1312 1313/1313/1313
f 1418/1418/1418 1326/1326/1326 1332/1332/1332
f 1333/1333/1333 1334/1334/1334 1335/1335/1335
f 1673/1673/1673 1742/1742/1742 1674/1674/1674
f 1336/1336/1336 1337/1337/1337 1338/1338/1338
f 1339/1339/1339 1340/1340/1340 1341/1341/1341
f 1743/1743/1743 1736/1736/1736 1715/1715/1715
f 1325/1325/1325 1324/1324/1324 1342/1342/1342
f 1729/1729/1729 1719/1719/1719 1666/1666/1666
f 1703/1703/1703 1740/1740/1740 1744/1744/1744
f 1315/1315/1315 1311/1311/1311 1343/1343/1343
f 1745/1745/1745 1603/1603/1603 1694/1694/1694
f 1719/1719/1719 1729/1729/1729 1746/1746/1746
f 1344/1344/1344 1345/1345/1345 1346/1346/1346
f 1301/1301/1301 1307/1307/1307 1347/1347/1347
f 1333/1333/1333 1348/1348/1348 1334/1334/1334
f 1349/1349/1349 1350/1350/1350 1351/1351/1351
f 1314/1314/1314 1290/1290/1290 1299/1299/1299
f 1747/1747/1747 1748/1748/1748 1749/1749/1749
f 1352/1352/1352 1353/1353/1353 1354/1354/1354
f 1355/1355/1355 1312/1312/1312 1331/1331/1331
f 1716/1716/1716 1750/1750/1750 1717/1717/1717
f 1751/1751/1751 1752/1752/1752 1753/1753/1753
f 1356/1356/1356 1357/1357/1357 1358/1358/1358
f 1359/1359/1359 1315/1315/1315 1343/1343/1343
f 1360/1360/1360 1361/1361/1361 1362/1362/1362
f 1754/1754/1754 1755/1755/1755 1756/1756/1756
f 1363/1363/1363 1364/1364/1364 1365/1365/1365
f 1749/1749/1749 1757/1757/1757 1747/1747/1747
f 1366/1366/1366 1346/1346/1346 1345/1345/1345
f 1365/1365/1365 1364/1364/1364 1367/1367/1367
f 1758/1758/1758 1759/1759/1759 1760/1760/1760
f 1314/1314/1314 1368/1368/1368 1313/1313/1313
f 1330/1330/1330 1301/1301/1301 1369/1369/1369
f 1367/1367/1367 1370/1370/1370 1365/1365/1365
f 1761/1761/1761 1762/1762/1762 1763/1763/1763
f 1744/1744/1744 1740/1740/1740 1739/1739/1739
f 1371/1371/1371 1301/1301/1301 1347/1347/1347
f 1301/1301/1301 1371/1371/1371 1369/1369/1369
f 1313/1313/1313 1368/1368/1368 1331/1331/1331
f 1352/1352/1352 1354/1354/1354 1372/1372/1372
f 1314/1314/1314 1373/1373/1373 1368/1368/1368
f 1374/1374/1374 1375/1375/1375 1376/1376/1376
f 1377/1377/1377 1378/1378/1378 1379/1379/1379
f 1649/1649/1649 1764/1764/1764 1682/1682/1682
f 1331/1331/1331 1368/1368/1368 1355/1355/1355
f 1734/1734/1734 1765/1765/1765 1667/1667/1667
f 1380/1380/1380 1310/1310/1310 1419/1419/1419
f 1762/1762/1762 1761/1761/1761 1766/1766/1766
f 1755/1755/1755 1754/1754/1754 1767/1767/1767
f 1381/1381/1381 1367/1367/1367 1364/1364/1364
f 1768/1768/1768 1769/1769/1769 1770/1770/1770
f 1682/1682/1682 1771/1771/1771 1772/1772/1772
f 1735/1735/1735 1703/1703/1703 1744/1744/1744
f 1773/1773/1773 1743/1743/1743 1715/1715/1715
f 1774/1774/1774 1775/1775/1775 1776/1776/1776
f 1764/1764/1764 1777/1777/1777 1682/1682/1682
f 1776/1776/1776 1775/1775/1775 1778/1778/1778
f 1382/1382/1382 1310/1310/1310 1309/1309/1309
f 1779/1779/1779 1780/1780/1780 1781/1781/1781
f 1782/1782/1782 1783/1783/1783 1784/1784/1784
f 1604/1604/1604 1603/1603/1603 1785/1785/1785
f 1682/1682/1682 1777/1777/1777 1771/1771/1771
f 1729/1729/1729 1731/1731/1731 1746/1746/1746
f 1373/1373/1373 1383/1383/1383 1368/1368/1368
f 1384/1384/1384 1355/1355/1355 1383/1383/1383
f 1383/1383/1383 1355/1355/1355 1368/1368/1368
f 1359/1359/1359 1385/1385/1385 1386/1386/1386
f 1786/1786/1786 1755/1755/1755 1767/1767/1767
f 1787/1787/1787 1788/1788/1788 1789/1789/1789
f 1359/1359/1359 1343/1343/1343 1385/1385/1385
f 1369/1369/1369 1371/1371/1371 1387/1387/1387
f 1784/1784/1784 1783/1783/1783 1790/1790/1790
f 1791/1791/1791 1765/1765/1765 1734/1734/1734
f 1792/1792/1792 1793/1793/1793 1794/1794/1794
f 1795/1795/1795 1796/1796/1796 1797/1797/1797
f 1388/1388/1388 1389/1389/1389 1390/1390/1390
f 1391/1391/1391 1386/1386/1386 1385/1385/1385
f 1382/1382/1382 1420/1420/1420 1419/1419/1419
f 1798/1798/1798 1799/1799/1799 1800/1800/1800
f 1392/1392/1392 1361/1361/1361 1393/1393/1393
f 1419/1419/1419 1310/1310/1310 1382/1382/1382
f 1801/1801/1801 1802/1802/1802 1803/1803/1803
f 1394/1394/1394 1388/1388/1388 1390/1390/1390
f 1765/1765/1765 1791/1791/1791 1804/1804/1804
f 1362/1362/1362 1361/1361/1361 1392/1392/1392
f 1732/1732/1732 1805/1805/1805 1733/1733/1733
f 1806/1806/1806 1807/1807/1807 1808/1808/1808
f 1395/1395/1395 1396/1396/1396 1397/1397/1397
f 1809/1809/1809 1792/1792/1792 1794/1794/1794
f 1770/1770/1770 1810/1810/1810 1768/1768/1768
f 1398/1398/1398 1391/1391/1391 1385/1385/1385
f 1384/1384/1384 1383/1383/1383 1399/1399/1399
f 1743/1743/1743 1773/1773/1773 1811/1811/1811
f 1812/1812/1812 1813/1813/1813 1814/1814/1814
f 1815/1815/1815 1816/1816/1816 1817/1817/1817
f 1818/1818/1818 1819/1819/1819 1820/1820/1820
f 1378/1378/1378 1400/1400/1400 1379/1379/1379
f 1378/1378/1378 1401/1401/1401 1400/1400/1400
f 1790/1790/1790 1783/1783/1783 1821/1821/1821
f 1804/1804/1804 1743/1743/1743 1811/1811/1811
f 1822/1822/1822 1812/1812/1812 1814/1814/1814
f 1814/1814/1814 1813/1813/1813 1823/1823/1823
f 1824/1824/1824 1742/1742/1742 1825/1825/1825
f 1395/1395/1395 1397/1397/1397 1402/1402/1402
f 1826/1826/1826 1790/1790/1790 1821/1821/1821
f 1369/1369/1369 1387/1387/1387 1403/1403/1403
f 1827/1827/1827 1747/1747/1747 1757/1757/1757
f 1400/1400/1400 1404/1404/1404 1405/1405/1405
f 1742/1742/1742 1673/1673/1673 1825/1825/1825
f 1828/1828/1828 1829/1829/1829 1830/1830/1830
f 1385/1385/1385 1406/1406/1406 1398/1398/1398
f 1831/1831/1831 1787/1787/1787 1789/1789/1789
f 1804/1804/1804 1791/1791/1791 1743/1743/1743
f 1830/1830/1830 1829/1829/1829 1832/1832/1832
f 1407/1407/1407 1408/1408/1408 1409/1409/1409
f 1768/1768/1768 1810/1810/1810 1833/1833/1833
f 1724/1724/1724 1654/1654/1654 1725/1725/1725
f 1809/1809/1809 1834/1834/1834 1792/1792/1792
f 1404/1404/1404 1410/1410/1410 1405/1405/1405
f 1797/1797/1797 1835/1835/1835 1795/1795/1795
f 1783/1783/1783 1836/1836/1836 1821/1821/1821
f 1811/1811/1811 1837/1837/1837 1804/1804/1804
f 1838/1838/1838 1792/1792/1792 1834/1834/1834
f 1401/1401/1401 1404/1404/1404 1400/1400/1400
f 1839/1839/1839 1840/1840/1840 1841/1841/1841
f 1842/1842/1842 1843/1843/1843 1844/1844/1844
f 1744/1744/1744 1739/1739/1739 1845/1845/1845
f 1846/1846/1846 1847/1847/1847 1848/1848/1848
f 1849/1849/1849 1850/1850/1850 1851/1851/1851
f 1852/1852/1852 1824/1824/1824 1825/1825/1825
f 1853/1853/1853 1849/1849/1849 1851/1851/1851
f 1854/1854/1854 1855/1855/1855 1856/1856/1856
f 1827/1827/1827 1757/1757/1757 1857/1857/1857
f 1858/1858/1858 1859/1859/1859 1860/1860/1860
f 1804/1804/1804 1837/1837/1837 1861/1861/1861
f 1654/1654/1654 1862/1862/1862 1863/1863/1863
f 1834/1834/1834 1864/1864/1864 1838/1838/1838
f 1865/1865/1865 1866/1866/1866 1867/1867/1867
f 1847/1847/1847 1846/1846/1846 1868/1868/1868
f 1858/1858/1858 1869/1869/1869 1859/1859/1859
f 1863/1863/1863 1862/1862/1862 1870/1870/1870
f 1871/1871/1871 1864/1864/1864 1834/1834/1834
f 1872/1872/1872 1873/1873/1873 1874/1874/1874
f 1875/1875/1875 1842/1842/1842 1844/1844/1844
f 1829/1829/1829 1876/1876/1876 1877/1877/1877
f 1875/1875/1875 1878/1878/1878 1842/1842/1842
f 1832/1832/1832 1829/1829/1829 1860/1860/1860
f 1873/1873/1873 1872/1872/1872 1879/1879/1879
f 1880/1880/1880 1881/1881/1881 1882/1882/1882
f 1883/1883/1883 1842/1842/1842 1878/1878/1878
f 1880/1880/1880 1882/1882/1882 1884/1884/1884
f 1859/1859/1859 1832/1832/1832 1860/1860/1860
f 1885/1885/1885 1886/1886/1886 1887/1887/1887
f 1888/1888/1888 1889/1889/1889 1866/1866/1866
f 1890/1890/1890 1864/1864/1864 1871/1871/1871
f 1845/1845/1845 1739/1739/1739 1891/1891/1891
f 1867/1867/1867 1866/1866/1866 1892/1892/1892
f 1889/1889/1889 1893/1893/1893 1894/1894/1894
f 1829/1829/1829 1895/1895/1895 1860/1860/1860
f 1889/1889/1889 1894/1894/1894 1866/1866/1866
f 1877/1877/1877 1895/1895/1895 1829/1829/1829
f 1896/1896/1896 1890/1890/1890 1897/1897/1897
f 1894/1894/1894 1892/1892/1892 1866/1866/1866
f 1863/1863/1863 1725/1725/1725 1654/1654/1654
f 1898/1898/1898 1864/1864/1864 1890/1890/1890
f 1896/1896/1896 1898/1898/1898 1890/1890/1890
